{
  "elapsed_seconds": 298.853,
  "num_steps_completed": 5000,
  "final_population": 27,
  "final_gene_statistics": {
    "learning_rate": {
      "mean": 0.2046768411767732,
      "median": 0.14326111377799566,
      "std": 0.14542061027966216,
      "min": 0.05205765967313561,
      "max": 0.4716692293882968,
      "at_min_count": 0.0,
      "at_max_count": 0.0,
      "boundary_fraction": 0.0
    },
    "gamma": {
      "mean": 0.8265603659011346,
      "median": 0.8096277318674281,
      "std": 0.08939882984431356,
      "min": 0.7063569976748536,
      "max": 0.9624499676510705,
      "at_min_count": 0.0,
      "at_max_count": 0.0,
      "boundary_fraction": 0.0
    },
    "epsilon_decay": {
      "mean": 0.8184208391124539,
      "median": 0.8339609036135056,
      "std": 0.11636495930938115,
      "min": 0.6344039811128217,
      "max": 0.9727237334451895,
      "at_min_count": 0.0,
      "at_max_count": 0.0,
      "boundary_fraction": 0.0
    }
  },
  "output_dir": "experiments/intrinsic_evolution"
}