{
  "total_actions": {
    "mean": 46.205,
    "median": 36.0,
    "std": 24.291952885678008,
    "min": 23.0,
    "max": 117.0,
    "q25": 32.0,
    "q75": 46.0
  },
  "action_types": {
    "attack": {
      "frequency": {
        "mean": 6.723340040241449,
        "median": 6.0,
        "std": 4.185454177397353,
        "min": 1.0,
        "max": 25.0,
        "q25": 4.0,
        "q75": 8.0
      }
    },
    "defend": {
      "frequency": {
        "mean": 6.636730575176589,
        "median": 6.0,
        "std": 4.2430239543940385,
        "min": 1.0,
        "max": 25.0,
        "q25": 4.0,
        "q75": 8.0
      }
    },
    "gather": {
      "frequency": {
        "mean": 6.590130916414904,
        "median": 6.0,
        "std": 4.142986075080271,
        "min": 1.0,
        "max": 26.0,
        "q25": 4.0,
        "q75": 8.0
      }
    },
    "move": {
      "frequency": {
        "mean": 6.545090180360721,
        "median": 6.0,
        "std": 4.028390099714118,
        "min": 1.0,
        "max": 23.0,
        "q25": 4.0,
        "q75": 8.0
      }
    },
    "pass": {
      "frequency": {
        "mean": 6.751008064516129,
        "median": 6.0,
        "std": 4.3029785014343185,
        "min": 1.0,
        "max": 24.0,
        "q25": 4.0,
        "q75": 8.0
      }
    },
    "reproduce": {
      "frequency": {
        "mean": 6.548645937813441,
        "median": 5.0,
        "std": 4.118954726156191,
        "min": 1.0,
        "max": 27.0,
        "q25": 4.0,
        "q75": 8.0
      }
    },
    "share": {
      "frequency": {
        "mean": 6.676381909547739,
        "median": 6.0,
        "std": 4.2542080822297486,
        "min": 1.0,
        "max": 28.0,
        "q25": 4.0,
        "q75": 8.0
      }
    }
  },
  "most_common_action": "pass",
  "most_common_frequency": 6.751008064516129
}