{
  "config": {
    "temperature": 3.0,
    "temp_decay": 1.0,
    "alpha": 1.0,
    "learning_rate": 0.001,
    "epochs": 20,
    "batch_size": 64,
    "max_grad_norm": 1.0,
    "val_fraction": 0.1,
    "seed": 123,
    "loss_fn": "mse"
  },
  "metrics": {
    "train_losses": [
      1.045543339691664,
      0.38823297828958747,
      0.29814810135908293,
      0.2562982479208394,
      0.23376248254064927,
      0.21336783338011356,
      0.20350164514884614,
      0.19467335364274813,
      0.1790812073046701,
      0.17462764183680216,
      0.16082903585935893,
      0.15276961028575897,
      0.14480614191607424,
      0.1350419644201011,
      0.1272434520355442,
      0.11969095560019477,
      0.11439867892809082,
      0.1109592830925657,
      0.10511289942159988,
      0.10049460083246231
    ],
    "train_soft_losses": [
      1.045543339691664,
      0.38823297828958747,
      0.29814810135908293,
      0.2562982479208394,
      0.23376248254064927,
      0.21336783338011356,
      0.20350164514884614,
      0.19467335364274813,
      0.1790812073046701,
      0.17462764183680216,
      0.16082903585935893,
      0.15276961028575897,
      0.14480614191607424,
      0.1350419644201011,
      0.1272434520355442,
      0.11969095560019477,
      0.11439867892809082,
      0.1109592830925657,
      0.10511289942159988,
      0.10049460083246231
    ],
    "train_hard_losses": [],
    "val_losses": [
      0.41361524377550396,
      0.208111115864345,
      0.17847423894064768,
      0.15485784943614686,
      0.13184068032673427,
      0.12711795951638902,
      0.11606290617159434,
      0.11075401306152344,
      0.10300335500921522,
      0.09373873791524343,
      0.07967043082628932,
      0.0729939267039299,
      0.06443461350032262,
      0.06122304020183427,
      0.050816740308489115,
      0.053269797669989724,
      0.04173702108008521,
      0.03682907298207283,
      0.03363112120756081,
      0.03095355230782713
    ],
    "action_agreements": [
      0.73,
      0.83,
      0.8625,
      0.8675,
      0.89,
      0.9025,
      0.9,
      0.915,
      0.9175,
      0.9275,
      0.925,
      0.92,
      0.92,
      0.9325,
      0.9275,
      0.92,
      0.925,
      0.9475,
      0.925,
      0.93
    ],
    "mean_prob_similarities": [
      0.9644367098808289,
      0.9741699865886143,
      0.9764926518712725,
      0.9780755128179278,
      0.9800495505332947,
      0.9804982542991638,
      0.9814372147832598,
      0.9822242856025696,
      0.9826175740786961,
      0.9836581945419312,
      0.9850232430866787,
      0.9858264752796718,
      0.986579281943185,
      0.9869222044944763,
      0.9880123393876212,
      0.9880891782896859,
      0.9894227470670428,
      0.9901307140077863,
      0.9905675734792437,
      0.9907411422048297
    ],
    "best_val_loss": 0.03095355230782713,
    "best_epoch": 19
  }
}