run_id,cell_id,condition,family,inheritance_mode,seed,window_end_tick,phase,population,mean_generation,births,deaths,total_stock,suppressed_fraction,coverage_realised,monitor_policy,mask_overlap,weight_kl,weight_gini,opportunities__train__m0__c0,opportunities__train__m0__c1,opportunities__train__m1__c0,opportunities__train__m1__c1,opportunities__heldout__m0__c0,opportunities__heldout__m0__c1,opportunities__heldout__m1__c0,opportunities__heldout__m1__c1,defections__train__m0__c0,defections__train__m0__c1,defections__train__m1__c0,defections__train__m1__c1,defections__heldout__m0__c0,defections__heldout__m0__c1,defections__heldout__m1__c0,defections__heldout__m1__c1,penalties__train__m0__c0,penalties__train__m0__c1,penalties__train__m1__c0,penalties__train__m1__c1,penalties__heldout__m0__c0,penalties__heldout__m0__c1,penalties__heldout__m1__c0,penalties__heldout__m1__c1
A_f0.7_blind__lamarckian__s1,A_f0.7_blind__lamarckian,A_f0.7_blind,A,lamarckian,1,50,train,50,0.68,36,6,94.72054874497456,0.8333333333333334,0.5,adaptive_blind,0.53125,0.6926383332588515,0.4547453703703701,247.0,50.0,66.0,366.0,59.0,9.0,0.0,0.0,34.0,5.0,7.0,48.0,20.0,0.0,0.0,0.0,0.0,0.0,7.0,48.0,0.0,0.0,0.0,0.0
A_f0.7_blind__lamarckian__s1,A_f0.7_blind__lamarckian,A_f0.7_blind,A,lamarckian,1,100,train,50,0.82,11,11,40.21126086833566,0.9791666666666666,0.5,adaptive_blind,0.575,0.9568568830926757,0.6052844467640919,289.0,43.0,65.0,386.0,101.0,14.0,0.0,0.0,35.0,6.0,7.0,38.0,20.0,1.0,0.0,0.0,0.0,0.0,7.0,38.0,0.0,0.0,0.0,0.0
A_f0.7_blind__lamarckian__s1,A_f0.7_blind__lamarckian,A_f0.7_blind,A,lamarckian,1,150,train,50,1.1,19,19,70.24779999720181,0.8541666666666666,0.5,adaptive_blind,0.63125,0.8281562352999648,0.5711560364464692,375.0,62.0,103.0,472.0,49.0,8.0,0.0,0.0,43.0,8.0,9.0,31.0,15.0,2.0,0.0,0.0,0.0,0.0,9.0,31.0,0.0,0.0,0.0,0.0
A_f0.7_blind__lamarckian__s1,A_f0.7_blind__lamarckian,A_f0.7_blind,A,lamarckian,1,200,train,50,1.18,10,10,88.25773014277551,0.8958333333333334,0.5,adaptive_blind,0.64375,0.7310174029313655,0.5389470443349758,425.0,74.0,61.0,360.0,45.0,4.0,0.0,0.0,57.0,3.0,6.0,23.0,16.0,0.0,0.0,0.0,0.0,0.0,6.0,23.0,0.0,0.0,0.0,0.0
A_f0.7_blind__lamarckian__s1,A_f0.7_blind__lamarckian,A_f0.7_blind,A,lamarckian,1,250,train,50,1.28,19,19,45.734360578207415,0.9375,0.5,adaptive_blind,0.5625,0.8598519058233584,0.5884214743589742,339.0,56.0,87.0,471.0,138.0,26.0,0.0,0.0,37.0,6.0,14.0,24.0,27.0,0.0,0.0,0.0,0.0,0.0,14.0,24.0,0.0,0.0,0.0,0.0
A_f0.7_blind__lamarckian__s1,A_f0.7_blind__lamarckian,A_f0.7_blind,A,lamarckian,1,300,train,48,1.3333333333333333,18,20,60.82099994392642,0.9166666666666666,0.5,adaptive_blind,0.61875,0.8587610636889282,0.605173780487805,304.0,55.0,77.0,431.0,67.0,19.0,0.0,0.0,51.0,4.0,13.0,27.0,16.0,2.0,0.0,0.0,0.0,0.0,13.0,27.0,0.0,0.0,0.0,0.0
A_f0.7_blind__lamarckian__s1,A_f0.7_blind__lamarckian,A_f0.7_blind,A,lamarckian,1,350,train,40,1.5,16,24,47.326867824481205,0.9375,0.5,adaptive_blind,0.59375,0.8603353511737766,0.5857331081081081,242.0,36.0,86.0,525.0,79.0,15.0,0.0,0.0,57.0,2.0,16.0,26.0,17.0,1.0,0.0,0.0,0.0,0.0,16.0,26.0,0.0,0.0,0.0,0.0
A_f0.7_blind__lamarckian__s1,A_f0.7_blind__lamarckian,A_f0.7_blind,A,lamarckian,1,400,train,38,1.763157894736842,11,13,64.97299123729435,0.9583333333333334,0.5,adaptive_blind,0.60625,0.7186249807432474,0.491568396226415,201.0,51.0,51.0,322.0,52.0,7.0,0.0,0.0,59.0,0.0,7.0,22.0,16.0,1.0,0.0,0.0,0.0,0.0,7.0,22.0,0.0,0.0,0.0,0.0
A_f0.7_blind__lamarckian__s1,A_f0.7_blind__lamarckian,A_f0.7_blind,A,lamarckian,1,450,train,45,1.9777777777777779,10,3,89.47669156415346,0.8541666666666666,0.5,adaptive_blind,0.60625,0.7818080136777041,0.5292658083441981,190.0,29.0,68.0,424.0,78.0,13.0,0.0,0.0,62.0,0.0,12.0,12.0,23.0,1.0,0.0,0.0,0.0,0.0,12.0,12.0,0.0,0.0,0.0,0.0
A_f0.7_blind__lamarckian__s1,A_f0.7_blind__lamarckian,A_f0.7_blind,A,lamarckian,1,500,train,48,2.3125,18,15,67.52485469471081,0.9166666666666666,0.5,adaptive_blind,0.63125,0.6673853996641679,0.530403963414634,253.0,52.0,102.0,562.0,75.0,17.0,0.0,0.0,45.0,0.0,31.0,21.0,13.0,2.0,0.0,0.0,0.0,0.0,31.0,21.0,0.0,0.0,0.0,0.0
A_f0.7_blind__lamarckian__s1,A_f0.7_blind__lamarckian,A_f0.7_blind,A,lamarckian,1,550,train,45,2.3333333333333335,15,18,89.94544085106953,0.875,0.5,adaptive_blind,0.60625,0.7985979339373666,0.5703562430011198,273.0,53.0,103.0,563.0,40.0,2.0,0.0,0.0,41.0,2.0,20.0,26.0,23.0,0.0,0.0,0.0,0.0,0.0,20.0,26.0,0.0,0.0,0.0,0.0
A_f0.7_blind__lamarckian__s1,A_f0.7_blind__lamarckian,A_f0.7_blind,A,lamarckian,1,600,train,50,2.62,16,11,79.8415717950351,0.8541666666666666,0.5,adaptive_blind,0.61875,0.8567048525183568,0.5833491847826087,411.0,65.0,126.0,634.0,49.0,8.0,0.0,0.0,48.0,2.0,18.0,28.0,19.0,1.0,0.0,0.0,0.0,0.0,18.0,28.0,0.0,0.0,0.0,0.0
A_f0.7_blind__lamarckian__s1,A_f0.7_blind__lamarckian,A_f0.7_blind,A,lamarckian,1,650,train,50,2.82,18,18,66.9217412261611,0.9166666666666666,0.5,adaptive_blind,0.63125,0.9197841235204933,0.6196642756349953,335.0,74.0,146.0,756.0,72.0,10.0,0.0,0.0,50.0,7.0,22.0,22.0,22.0,0.0,0.0,0.0,0.0,0.0,22.0,22.0,0.0,0.0,0.0,0.0
A_f0.7_blind__lamarckian__s1,A_f0.7_blind__lamarckian,A_f0.7_blind,A,lamarckian,1,700,train,50,3.06,12,12,81.59980757479984,0.8333333333333334,0.5,adaptive_blind,0.61875,0.7952110914592931,0.5490705324357406,392.0,85.0,107.0,585.0,61.0,9.0,0.0,0.0,50.0,4.0,15.0,26.0,16.0,1.0,0.0,0.0,0.0,0.0,15.0,26.0,0.0,0.0,0.0,0.0
A_f0.7_blind__lamarckian__s1,A_f0.7_blind__lamarckian,A_f0.7_blind,A,lamarckian,1,750,train,50,3.02,18,18,45.086313156289435,0.875,0.5,adaptive_blind,0.58125,0.8441473690460215,0.5875597133757962,420.0,64.0,86.0,501.0,93.0,20.0,0.0,0.0,52.0,6.0,12.0,35.0,25.0,1.0,0.0,0.0,0.0,0.0,12.0,35.0,0.0,0.0,0.0,0.0
A_f0.7_blind__lamarckian__s1,A_f0.7_blind__lamarckian,A_f0.7_blind,A,lamarckian,1,800,train,42,3.357142857142857,13,21,60.71161332120584,0.8958333333333334,0.5,adaptive_blind,0.6125,0.8201207251373002,0.5918205971659922,350.0,42.0,104.0,488.0,28.0,5.0,0.0,0.0,40.0,2.0,16.0,35.0,13.0,2.0,0.0,0.0,0.0,0.0,16.0,35.0,0.0,0.0,0.0,0.0
A_f0.7_blind__lamarckian__s1,A_f0.7_blind__lamarckian,A_f0.7_blind,A,lamarckian,1,850,train,37,3.6486486486486487,9,14,66.18179573042511,0.9791666666666666,0.5,adaptive_blind,0.61875,0.682452272601461,0.5412019230769232,298.0,57.0,92.0,466.0,53.0,11.0,0.0,0.0,54.0,4.0,20.0,22.0,24.0,1.0,0.0,0.0,0.0,0.0,20.0,22.0,0.0,0.0,0.0,0.0
A_f0.7_blind__lamarckian__s1,A_f0.7_blind__lamarckian,A_f0.7_blind,A,lamarckian,1,900,train,34,3.588235294117647,9,12,74.45105856423959,0.8958333333333334,0.5,adaptive_blind,0.5625,0.8114075657618112,0.5401780012771393,264.0,52.0,59.0,366.0,30.0,3.0,0.0,0.0,53.0,5.0,16.0,20.0,18.0,0.0,0.0,0.0,0.0,0.0,16.0,20.0,0.0,0.0,0.0,0.0
A_f0.7_blind__lamarckian__s1,A_f0.7_blind__lamarckian,A_f0.7_blind,A,lamarckian,1,950,train,32,3.34375,15,17,72.78733802471453,0.8958333333333334,0.5,adaptive_blind,0.6,0.652559455767886,0.5053259408602149,289.0,49.0,71.0,356.0,70.0,10.0,0.0,0.0,50.0,8.0,17.0,25.0,16.0,1.0,0.0,0.0,0.0,0.0,17.0,25.0,0.0,0.0,0.0,0.0
A_f0.7_blind__lamarckian__s1,A_f0.7_blind__lamarckian,A_f0.7_blind,A,lamarckian,1,1000,train,46,3.4565217391304346,25,11,99.46108981342185,0.8125,0.5,adaptive_blind,0.6125,0.7731163849248606,0.5197381756756756,368.0,68.0,94.0,510.0,29.0,8.0,0.0,0.0,46.0,2.0,16.0,19.0,21.0,1.0,0.0,0.0,0.0,0.0,16.0,19.0,0.0,0.0,0.0,0.0
A_f0.7_blind__lamarckian__s1,A_f0.7_blind__lamarckian,A_f0.7_blind,A,lamarckian,1,1050,train,48,3.3958333333333335,17,15,60.1668899601124,0.9166666666666666,0.5,adaptive_blind,0.65,0.7781466082476002,0.5845733111566018,443.0,61.0,105.0,637.0,33.0,5.0,0.0,0.0,49.0,3.0,16.0,38.0,21.0,1.0,0.0,0.0,0.0,0.0,16.0,38.0,0.0,0.0,0.0,0.0
A_f0.7_blind__lamarckian__s1,A_f0.7_blind__lamarckian,A_f0.7_blind,A,lamarckian,1,1100,train,40,3.625,12,20,82.23681653642151,0.7708333333333334,0.5,adaptive_blind,0.63125,0.7964528984221674,0.5871862192622952,265.0,52.0,95.0,578.0,75.0,17.0,0.0,0.0,36.0,4.0,12.0,32.0,29.0,0.0,0.0,0.0,0.0,0.0,12.0,32.0,0.0,0.0,0.0,0.0
A_f0.7_blind__lamarckian__s1,A_f0.7_blind__lamarckian,A_f0.7_blind,A,lamarckian,1,1150,train,46,3.847826086956522,19,13,67.5469899627433,0.875,0.5,adaptive_blind,0.63125,0.8479937491902103,0.5676021147161066,199.0,42.0,100.0,524.0,117.0,20.0,0.0,0.0,46.0,5.0,17.0,29.0,18.0,2.0,0.0,0.0,0.0,0.0,17.0,29.0,0.0,0.0,0.0,0.0
A_f0.7_blind__lamarckian__s1,A_f0.7_blind__lamarckian,A_f0.7_blind,A,lamarckian,1,1200,train,50,3.88,20,16,61.715571119599545,0.9375,0.5,adaptive_blind,0.5625,0.8508875203379176,0.5717743095512087,380.0,56.0,123.0,599.0,113.0,25.0,0.0,0.0,49.0,1.0,15.0,29.0,16.0,2.0,0.0,0.0,0.0,0.0,15.0,29.0,0.0,0.0,0.0,0.0
A_f0.7_blind__lamarckian__s1,A_f0.7_blind__lamarckian,A_f0.7_blind,A,lamarckian,1,1250,train,38,4.157894736842105,9,21,54.53160068824142,0.9583333333333334,0.5,adaptive_blind,0.59375,0.7227372197044707,0.5612768743109151,327.0,52.0,105.0,441.0,87.0,13.0,0.0,0.0,52.0,2.0,16.0,37.0,18.0,0.0,0.0,0.0,0.0,0.0,16.0,37.0,0.0,0.0,0.0,0.0
A_f0.7_blind__lamarckian__s1,A_f0.7_blind__lamarckian,A_f0.7_blind,A,lamarckian,1,1300,train,45,4.444444444444445,17,10,72.86458020689768,0.8333333333333334,0.5,adaptive_blind,0.56875,0.6481226580386295,0.5122583551769331,227.0,53.0,81.0,516.0,98.0,18.0,0.0,0.0,46.0,3.0,19.0,21.0,17.0,2.0,0.0,0.0,0.0,0.0,19.0,21.0,0.0,0.0,0.0,0.0
A_f0.7_blind__lamarckian__s1,A_f0.7_blind__lamarckian,A_f0.7_blind,A,lamarckian,1,1350,train,50,4.52,16,11,79.91013342202824,0.7916666666666666,0.5,adaptive_blind,0.64375,0.8084960850150614,0.5863647959183675,367.0,64.0,123.0,705.0,105.0,20.0,0.0,0.0,43.0,5.0,12.0,32.0,18.0,2.0,0.0,0.0,0.0,0.0,12.0,32.0,0.0,0.0,0.0,0.0
A_f0.7_blind__lamarckian__s1,A_f0.7_blind__lamarckian,A_f0.7_blind,A,lamarckian,1,1400,train,50,4.62,13,13,91.22114350423219,0.7291666666666666,0.5,adaptive_blind,0.61875,0.9243202952113669,0.6100832504970177,374.0,66.0,106.0,651.0,57.0,12.0,0.0,0.0,30.0,6.0,14.0,30.0,13.0,1.0,0.0,0.0,0.0,0.0,14.0,30.0,0.0,0.0,0.0,0.0
A_f0.7_blind__lamarckian__s1,A_f0.7_blind__lamarckian,A_f0.7_blind,A,lamarckian,1,1450,train,50,4.82,17,17,69.3009567633849,0.875,0.5,adaptive_blind,0.6375,0.7321513639600494,0.5532485465116279,347.0,57.0,91.0,501.0,66.0,11.0,0.0,0.0,57.0,7.0,15.0,16.0,17.0,4.0,0.0,0.0,0.0,0.0,15.0,16.0,0.0,0.0,0.0,0.0
A_f0.7_blind__lamarckian__s1,A_f0.7_blind__lamarckian,A_f0.7_blind,A,lamarckian,1,1500,train,50,5.1,18,18,87.79483360937378,0.7291666666666666,0.5,adaptive_blind,0.63125,0.875565879619995,0.5798769466073412,366.0,61.0,90.0,494.0,34.0,2.0,0.0,0.0,44.0,1.0,12.0,29.0,15.0,0.0,0.0,0.0,0.0,0.0,12.0,29.0,0.0,0.0,0.0,0.0
A_f0.7_blind__lamarckian__s1,A_f0.7_blind__lamarckian,A_f0.7_blind,A,lamarckian,1,1550,eval,50,5.04,17,17,86.88111939257686,0.875,0.5,adaptive_blind,0.475,0.0,0.0,515.0,99.0,75.0,482.0,39.0,5.0,7.0,32.0,54.0,2.0,6.0,23.0,12.0,1.0,2.0,6.0,0.0,0.0,6.0,23.0,0.0,0.0,2.0,6.0
A_f0.7_blind__lamarckian__s1,A_f0.7_blind__lamarckian,A_f0.7_blind,A,lamarckian,1,1600,eval,50,5.04,3,3,92.5392401316972,0.7708333333333334,0.5,adaptive_blind,0.525,0.0,0.0,674.0,129.0,91.0,564.0,9.0,2.0,9.0,57.0,65.0,3.0,8.0,22.0,3.0,1.0,5.0,5.0,0.0,0.0,8.0,22.0,0.0,0.0,5.0,5.0
A_f0.7_blind__lamarckian__s1,A_f0.7_blind__lamarckian,A_f0.7_blind,A,lamarckian,1,1650,eval,50,5.06,8,8,101.24932547960172,0.75,0.5,adaptive_blind,0.535,0.0,0.0,681.0,100.0,95.0,665.0,40.0,7.0,8.0,77.0,49.0,4.0,9.0,26.0,9.0,1.0,1.0,9.0,0.0,0.0,9.0,26.0,0.0,0.0,1.0,9.0
A_f0.7_blind__lamarckian__s1,A_f0.7_blind__lamarckian,A_f0.7_blind,A,lamarckian,1,1700,eval,50,5.12,6,6,108.52254139753124,0.6875,0.5,adaptive_blind,0.495,0.0,0.0,732.0,128.0,133.0,797.0,44.0,4.0,14.0,77.0,50.0,3.0,7.0,23.0,8.0,0.0,4.0,5.0,0.0,0.0,7.0,23.0,0.0,0.0,4.0,5.0
A_f0.7_blind__lamarckian__s1,A_f0.7_blind__lamarckian,A_f0.7_blind,A,lamarckian,1,1750,eval,50,5.16,3,3,147.69883313316615,0.5,0.5,adaptive_blind,0.47,0.0,0.0,651.0,117.0,130.0,720.0,102.0,19.0,18.0,67.0,42.0,3.0,7.0,26.0,7.0,2.0,2.0,3.0,0.0,0.0,7.0,26.0,0.0,0.0,2.0,3.0
A_f0.7_blind__lamarckian__s1,A_f0.7_blind__lamarckian,A_f0.7_blind,A,lamarckian,1,1800,eval,50,5.38,7,7,108.97735978694497,0.6875,0.5,adaptive_blind,0.51,0.0,0.0,713.0,138.0,126.0,809.0,76.0,11.0,4.0,23.0,37.0,4.0,11.0,27.0,13.0,0.0,0.0,3.0,0.0,0.0,11.0,27.0,0.0,0.0,0.0,3.0
A_f0.7_blind__lamarckian__s2,A_f0.7_blind__lamarckian,A_f0.7_blind,A,lamarckian,2,50,train,46,0.6739130434782609,29,3,94.37414687149604,0.8125,0.5,adaptive_blind,0.55,0.5452847819977257,0.38661947513812156,104.0,18.0,33.0,200.0,68.0,17.0,0.0,0.0,30.0,8.0,11.0,29.0,20.0,8.0,0.0,0.0,0.0,0.0,11.0,29.0,0.0,0.0,0.0,0.0
A_f0.7_blind__lamarckian__s2,A_f0.7_blind__lamarckian,A_f0.7_blind,A,lamarckian,2,100,train,41,0.8536585365853658,10,15,82.60948093510967,0.8333333333333334,0.5,adaptive_blind,0.60625,0.8956710572590899,0.5655575539568349,200.0,34.0,73.0,470.0,99.0,19.0,0.0,0.0,32.0,11.0,8.0,42.0,27.0,4.0,0.0,0.0,0.0,0.0,8.0,42.0,0.0,0.0,0.0,0.0
A_f0.7_blind__lamarckian__s2,A_f0.7_blind__lamarckian,A_f0.7_blind,A,lamarckian,2,150,train,45,1.2444444444444445,22,18,107.31389065677911,0.7916666666666666,0.5,adaptive_blind,0.58125,0.905772386008733,0.5799086757990868,309.0,45.0,110.0,552.0,67.0,13.0,0.0,0.0,26.0,3.0,14.0,31.0,15.0,5.0,0.0,0.0,0.0,0.0,14.0,31.0,0.0,0.0,0.0,0.0
A_f0.7_blind__lamarckian__s2,A_f0.7_blind__lamarckian,A_f0.7_blind,A,lamarckian,2,200,train,50,1.32,16,11,88.96480613151017,0.7291666666666666,0.5,adaptive_blind,0.58125,0.8560607100802751,0.5826331967213116,499.0,102.0,107.0,621.0,101.0,19.0,0.0,0.0,36.0,6.0,16.0,26.0,18.0,4.0,0.0,0.0,0.0,0.0,16.0,26.0,0.0,0.0,0.0,0.0
A_f0.7_blind__lamarckian__s2,A_f0.7_blind__lamarckian,A_f0.7_blind,A,lamarckian,2,250,train,50,1.26,9,9,83.02900112897603,0.7916666666666666,0.5,adaptive_blind,0.575,0.7880615608047709,0.5759493243243243,408.0,73.0,105.0,611.0,55.0,9.0,0.0,0.0,44.0,6.0,6.0,27.0,17.0,2.0,0.0,0.0,0.0,0.0,6.0,27.0,0.0,0.0,0.0,0.0
A_f0.7_blind__lamarckian__s2,A_f0.7_blind__lamarckian,A_f0.7_blind,A,lamarckian,2,300,train,50,1.12,10,10,94.00138102852475,0.7916666666666666,0.5,adaptive_blind,0.60625,1.0133334124370124,0.613265174897119,379.0,62.0,99.0,643.0,123.0,28.0,0.0,0.0,30.0,4.0,10.0,36.0,19.0,2.0,0.0,0.0,0.0,0.0,10.0,36.0,0.0,0.0,0.0,0.0
A_f0.7_blind__lamarckian__s2,A_f0.7_blind__lamarckian,A_f0.7_blind,A,lamarckian,2,350,train,50,1.04,12,12,100.39293644571184,0.7291666666666666,0.5,adaptive_blind,0.56875,0.9388176803574569,0.6004993386243387,410.0,65.0,127.0,780.0,165.0,42.0,0.0,0.0,32.0,2.0,22.0,28.0,20.0,2.0,0.0,0.0,0.0,0.0,22.0,28.0,0.0,0.0,0.0,0.0
A_f0.7_blind__lamarckian__s2,A_f0.7_blind__lamarckian,A_f0.7_blind,A,lamarckian,2,400,train,50,1.02,3,3,161.89692212703414,0.5,0.5,adaptive_blind,0.56875,0.9120664653960489,0.5874861419068735,589.0,113.0,134.0,783.0,106.0,18.0,0.0,0.0,24.0,2.0,11.0,24.0,12.0,0.0,0.0,0.0,0.0,0.0,11.0,24.0,0.0,0.0,0.0,0.0
A_f0.7_blind__lamarckian__s2,A_f0.7_blind__lamarckian,A_f0.7_blind,A,lamarckian,2,450,train,50,1.0,4,4,136.70160141201796,0.5625,0.5,adaptive_blind,0.6,1.0382955299979466,0.6185174566768601,638.0,121.0,163.0,872.0,132.0,16.0,0.0,0.0,28.0,1.0,8.0,25.0,23.0,0.0,0.0,0.0,0.0,0.0,8.0,25.0,0.0,0.0,0.0,0.0
A_f0.7_blind__lamarckian__s2,A_f0.7_blind__lamarckian,A_f0.7_blind,A,lamarckian,2,500,train,50,1.34,8,8,110.85320984885398,0.6458333333333334,0.5,adaptive_blind,0.59375,0.9487186238899603,0.614950495049505,607.0,110.0,179.0,969.0,102.0,23.0,0.0,0.0,25.0,3.0,13.0,37.0,27.0,1.0,0.0,0.0,0.0,0.0,13.0,37.0,0.0,0.0,0.0,0.0
A_f0.7_blind__lamarckian__s2,A_f0.7_blind__lamarckian,A_f0.7_blind,A,lamarckian,2,550,train,50,1.54,12,12,123.85917906179324,0.6458333333333334,0.5,adaptive_blind,0.58125,0.8313391909111689,0.5962976907630526,466.0,75.0,147.0,766.0,102.0,11.0,0.0,0.0,40.0,2.0,7.0,35.0,16.0,2.0,0.0,0.0,0.0,0.0,7.0,35.0,0.0,0.0,0.0,0.0
A_f0.7_blind__lamarckian__s2,A_f0.7_blind__lamarckian,A_f0.7_blind,A,lamarckian,2,600,train,50,1.56,10,10,82.36885848758627,0.8541666666666666,0.5,adaptive_blind,0.625,0.8646533746124849,0.6002806508577194,292.0,56.0,149.0,810.0,156.0,20.0,0.0,0.0,39.0,4.0,19.0,31.0,19.0,1.0,0.0,0.0,0.0,0.0,19.0,31.0,0.0,0.0,0.0,0.0
A_f0.7_blind__lamarckian__s2,A_f0.7_blind__lamarckian,A_f0.7_blind,A,lamarckian,2,650,train,50,1.8,26,26,70.6619903290269,0.8125,0.5,adaptive_blind,0.60625,0.9291678419340211,0.6040795923632611,296.0,55.0,115.0,627.0,97.0,17.0,0.0,0.0,34.0,5.0,14.0,34.0,26.0,2.0,0.0,0.0,0.0,0.0,14.0,34.0,0.0,0.0,0.0,0.0
A_f0.7_blind__lamarckian__s2,A_f0.7_blind__lamarckian,A_f0.7_blind,A,lamarckian,2,700,train,50,1.8,11,11,84.54725836838236,0.7916666666666666,0.5,adaptive_blind,0.625,0.8061357525539437,0.5864927685950414,294.0,52.0,103.0,576.0,52.0,12.0,0.0,0.0,43.0,5.0,10.0,20.0,13.0,3.0,0.0,0.0,0.0,0.0,10.0,20.0,0.0,0.0,0.0,0.0
A_f0.7_blind__lamarckian__s2,A_f0.7_blind__lamarckian,A_f0.7_blind,A,lamarckian,2,750,train,50,1.84,16,16,106.29103551480915,0.75,0.5,adaptive_blind,0.59375,0.7863044569125945,0.5760930793991415,341.0,53.0,117.0,659.0,90.0,16.0,0.0,0.0,40.0,3.0,15.0,34.0,16.0,4.0,0.0,0.0,0.0,0.0,15.0,34.0,0.0,0.0,0.0,0.0
A_f0.7_blind__lamarckian__s2,A_f0.7_blind__lamarckian,A_f0.7_blind,A,lamarckian,2,800,train,50,1.94,16,16,66.62883206419085,0.8541666666666666,0.5,adaptive_blind,0.63125,0.7947031212066065,0.5724482044198895,321.0,57.0,78.0,615.0,124.0,17.0,0.0,0.0,44.0,5.0,13.0,19.0,26.0,3.0,0.0,0.0,0.0,0.0,13.0,19.0,0.0,0.0,0.0,0.0
A_f0.7_blind__lamarckian__s2,A_f0.7_blind__lamarckian,A_f0.7_blind,A,lamarckian,2,850,train,50,2.02,15,15,74.0113608912317,0.8333333333333334,0.5,adaptive_blind,0.625,0.8603826897895094,0.5866900647948163,212.0,28.0,114.0,528.0,137.0,21.0,0.0,0.0,33.0,4.0,17.0,13.0,17.0,2.0,0.0,0.0,0.0,0.0,17.0,13.0,0.0,0.0,0.0,0.0
A_f0.7_blind__lamarckian__s2,A_f0.7_blind__lamarckian,A_f0.7_blind,A,lamarckian,2,900,train,50,2.12,15,15,61.53247521626664,0.9166666666666666,0.5,adaptive_blind,0.575,0.8787998455834778,0.5912399732620319,223.0,37.0,73.0,447.0,61.0,6.0,0.0,0.0,53.0,2.0,15.0,17.0,19.0,1.0,0.0,0.0,0.0,0.0,15.0,17.0,0.0,0.0,0.0,0.0
A_f0.7_blind__lamarckian__s2,A_f0.7_blind__lamarckian,A_f0.7_blind,A,lamarckian,2,950,train,50,2.26,13,13,53.23161136374755,0.9583333333333334,0.5,adaptive_blind,0.5375,0.8209383333719705,0.5667015895953755,280.0,43.0,70.0,445.0,84.0,13.0,0.0,0.0,51.0,4.0,17.0,19.0,20.0,0.0,0.0,0.0,0.0,0.0,17.0,19.0,0.0,0.0,0.0,0.0
A_f0.7_blind__lamarckian__s2,A_f0.7_blind__lamarckian,A_f0.7_blind,A,lamarckian,2,1000,train,50,2.72,19,19,48.06069906367998,0.9166666666666666,0.5,adaptive_blind,0.5625,0.8533812279571691,0.5828979759299779,242.0,33.0,74.0,358.0,99.0,16.0,0.0,0.0,59.0,2.0,16.0,15.0,24.0,2.0,0.0,0.0,0.0,0.0,16.0,15.0,0.0,0.0,0.0,0.0
A_f0.7_blind__lamarckian__s2,A_f0.7_blind__lamarckian,A_f0.7_blind,A,lamarckian,2,1050,train,50,3.06,16,16,62.79295525519497,0.9375,0.5,adaptive_blind,0.56875,0.7372070221501141,0.5352622487437184,159.0,29.0,77.0,458.0,83.0,16.0,0.0,0.0,44.0,3.0,13.0,24.0,20.0,1.0,0.0,0.0,0.0,0.0,13.0,24.0,0.0,0.0,0.0,0.0
A_f0.7_blind__lamarckian__s2,A_f0.7_blind__lamarckian,A_f0.7_blind,A,lamarckian,2,1100,train,50,3.26,23,23,64.0513165033085,0.875,0.5,adaptive_blind,0.5875,0.7874095726917898,0.5813155136268342,265.0,44.0,58.0,336.0,86.0,18.0,0.0,0.0,51.0,2.0,15.0,31.0,22.0,1.0,0.0,0.0,0.0,0.0,15.0,31.0,0.0,0.0,0.0,0.0
A_f0.7_blind__lamarckian__s2,A_f0.7_blind__lamarckian,A_f0.7_blind,A,lamarckian,2,1150,train,50,3.44,14,14,59.655374542628664,0.8958333333333334,0.5,adaptive_blind,0.625,0.7594853756883586,0.5567533314020856,271.0,46.0,69.0,437.0,117.0,33.0,0.0,0.0,51.0,5.0,17.0,19.0,28.0,0.0,0.0,0.0,0.0,0.0,17.0,19.0,0.0,0.0,0.0,0.0
A_f0.7_blind__lamarckian__s2,A_f0.7_blind__lamarckian,A_f0.7_blind,A,lamarckian,2,1200,train,39,3.6153846153846154,10,21,63.074205605461145,0.9375,0.5,adaptive_blind,0.6125,0.807916568876363,0.5751068081587649,343.0,51.0,56.0,313.0,69.0,14.0,0.0,0.0,49.0,1.0,16.0,22.0,30.0,2.0,0.0,0.0,0.0,0.0,16.0,22.0,0.0,0.0,0.0,0.0
A_f0.7_blind__lamarckian__s2,A_f0.7_blind__lamarckian,A_f0.7_blind,A,lamarckian,2,1250,train,39,3.6666666666666665,10,10,91.48591372522273,0.7916666666666666,0.5,adaptive_blind,0.54375,0.729328469307291,0.4999465811965813,308.0,47.0,37.0,270.0,81.0,12.0,0.0,0.0,64.0,3.0,8.0,16.0,22.0,1.0,0.0,0.0,0.0,0.0,8.0,16.0,0.0,0.0,0.0,0.0
A_f0.7_blind__lamarckian__s2,A_f0.7_blind__lamarckian,A_f0.7_blind,A,lamarckian,2,1300,train,44,4.090909090909091,16,11,42.235035391750614,0.9791666666666666,0.5,adaptive_blind,0.6125,0.6356163753890244,0.5049035234899331,357.0,52.0,68.0,366.0,100.0,17.0,0.0,0.0,68.0,1.0,22.0,18.0,28.0,1.0,0.0,0.0,0.0,0.0,22.0,18.0,0.0,0.0,0.0,0.0
A_f0.7_blind__lamarckian__s2,A_f0.7_blind__lamarckian,A_f0.7_blind,A,lamarckian,2,1350,train,40,4.175,11,15,65.70434405471701,0.9166666666666666,0.5,adaptive_blind,0.56875,0.8048950448026162,0.532881853785901,249.0,45.0,54.0,267.0,72.0,13.0,0.0,0.0,49.0,0.0,25.0,11.0,25.0,0.0,0.0,0.0,0.0,0.0,25.0,11.0,0.0,0.0,0.0,0.0
A_f0.7_blind__lamarckian__s2,A_f0.7_blind__lamarckian,A_f0.7_blind,A,lamarckian,2,1400,train,42,4.476190476190476,15,13,57.64246118042822,0.9375,0.5,adaptive_blind,0.6,0.7241970716101369,0.51822847129506,244.0,29.0,63.0,405.0,58.0,18.0,0.0,0.0,50.0,2.0,18.0,26.0,33.0,1.0,0.0,0.0,0.0,0.0,18.0,26.0,0.0,0.0,0.0,0.0
A_f0.7_blind__lamarckian__s2,A_f0.7_blind__lamarckian,A_f0.7_blind,A,lamarckian,2,1450,train,40,4.85,11,13,62.550162790503684,0.9375,0.5,adaptive_blind,0.59375,0.7893864474508296,0.5633908045977012,222.0,53.0,64.0,397.0,66.0,10.0,0.0,0.0,54.0,7.0,14.0,20.0,23.0,1.0,0.0,0.0,0.0,0.0,14.0,20.0,0.0,0.0,0.0,0.0
A_f0.7_blind__lamarckian__s2,A_f0.7_blind__lamarckian,A_f0.7_blind,A,lamarckian,2,1500,train,39,5.051282051282051,12,13,66.807760485774,0.8541666666666666,0.5,adaptive_blind,0.64375,0.6885842008016034,0.5076062925170066,301.0,60.0,79.0,382.0,94.0,23.0,0.0,0.0,48.0,5.0,17.0,27.0,28.0,0.0,0.0,0.0,0.0,0.0,17.0,27.0,0.0,0.0,0.0,0.0
A_f0.7_blind__lamarckian__s2,A_f0.7_blind__lamarckian,A_f0.7_blind,A,lamarckian,2,1550,eval,44,5.340909090909091,21,16,70.67911687117504,0.875,0.5,adaptive_blind,0.49,0.0,0.0,369.0,68.0,62.0,291.0,69.0,13.0,10.0,43.0,48.0,1.0,16.0,19.0,12.0,1.0,5.0,3.0,0.0,0.0,16.0,19.0,0.0,0.0,5.0,3.0
A_f0.7_blind__lamarckian__s2,A_f0.7_blind__lamarckian,A_f0.7_blind,A,lamarckian,2,1600,eval,50,5.26,14,8,124.2824866458079,0.6875,0.5,adaptive_blind,0.515,0.0,0.0,472.0,71.0,94.0,592.0,32.0,7.0,17.0,100.0,41.0,2.0,6.0,25.0,4.0,1.0,2.0,7.0,0.0,0.0,6.0,25.0,0.0,0.0,2.0,7.0
A_f0.7_blind__lamarckian__s2,A_f0.7_blind__lamarckian,A_f0.7_blind,A,lamarckian,2,1650,eval,50,5.08,6,6,145.3965187211886,0.4791666666666667,0.5,adaptive_blind,0.495,0.0,0.0,708.0,104.0,117.0,663.0,153.0,33.0,27.0,135.0,38.0,1.0,10.0,23.0,10.0,1.0,4.0,3.0,0.0,0.0,10.0,23.0,0.0,0.0,4.0,3.0
A_f0.7_blind__lamarckian__s2,A_f0.7_blind__lamarckian,A_f0.7_blind,A,lamarckian,2,1700,eval,50,5.1,2,2,169.78288023966172,0.4375,0.5,adaptive_blind,0.495,0.0,0.0,719.0,145.0,149.0,755.0,82.0,22.0,17.0,95.0,27.0,7.0,5.0,28.0,9.0,1.0,1.0,2.0,0.0,0.0,5.0,28.0,0.0,0.0,1.0,2.0
A_f0.7_blind__lamarckian__s2,A_f0.7_blind__lamarckian,A_f0.7_blind,A,lamarckian,2,1750,eval,50,5.2,4,4,192.4686794011704,0.3125,0.5,adaptive_blind,0.51,0.0,0.0,757.0,134.0,141.0,703.0,132.0,23.0,22.0,122.0,16.0,5.0,9.0,17.0,1.0,0.0,2.0,3.0,0.0,0.0,9.0,17.0,0.0,0.0,2.0,3.0
A_f0.7_blind__lamarckian__s2,A_f0.7_blind__lamarckian,A_f0.7_blind,A,lamarckian,2,1800,eval,50,5.34,6,6,153.9088075120788,0.4583333333333333,0.5,adaptive_blind,0.52,0.0,0.0,629.0,115.0,107.0,713.0,186.0,30.0,29.0,143.0,35.0,5.0,4.0,24.0,12.0,1.0,2.0,3.0,0.0,0.0,4.0,24.0,0.0,0.0,2.0,3.0
A_f0.7_blind__lamarckian__s3,A_f0.7_blind__lamarckian,A_f0.7_blind,A,lamarckian,3,50,train,50,0.82,36,6,66.53357940701306,0.8333333333333334,0.5,adaptive_blind,0.55625,0.6058385802677846,0.4090431415929203,272.0,38.0,48.0,248.0,102.0,18.0,0.0,0.0,50.0,4.0,6.0,35.0,19.0,4.0,0.0,0.0,0.0,0.0,6.0,35.0,0.0,0.0,0.0,0.0
A_f0.7_blind__lamarckian__s3,A_f0.7_blind__lamarckian,A_f0.7_blind,A,lamarckian,3,100,train,50,0.92,11,11,58.28041928345684,0.9583333333333334,0.5,adaptive_blind,0.575,0.8624810553931228,0.5904661016949153,227.0,52.0,78.0,372.0,106.0,14.0,0.0,0.0,39.0,8.0,6.0,38.0,9.0,3.0,0.0,0.0,0.0,0.0,6.0,38.0,0.0,0.0,0.0,0.0
A_f0.7_blind__lamarckian__s3,A_f0.7_blind__lamarckian,A_f0.7_blind,A,lamarckian,3,150,train,48,0.9791666666666666,12,14,121.9314286935626,0.7708333333333334,0.5,adaptive_blind,0.58125,0.9083945627649124,0.5831137260428412,278.0,59.0,89.0,472.0,70.0,9.0,0.0,0.0,44.0,4.0,17.0,17.0,12.0,1.0,0.0,0.0,0.0,0.0,17.0,17.0,0.0,0.0,0.0,0.0
A_f0.7_blind__lamarckian__s3,A_f0.7_blind__lamarckian,A_f0.7_blind,A,lamarckian,3,200,train,50,1.18,19,17,65.28416150288282,0.8541666666666666,0.5,adaptive_blind,0.54375,0.9556836743973643,0.5790887850467288,380.0,76.0,79.0,471.0,95.0,17.0,0.0,0.0,45.0,1.0,18.0,22.0,23.0,3.0,0.0,0.0,0.0,0.0,18.0,22.0,0.0,0.0,0.0,0.0
A_f0.7_blind__lamarckian__s3,A_f0.7_blind__lamarckian,A_f0.7_blind,A,lamarckian,3,250,train,50,1.26,15,15,109.56755636258583,0.7708333333333334,0.5,adaptive_blind,0.63125,0.882107251114972,0.5992669753086417,370.0,63.0,98.0,559.0,102.0,17.0,0.0,0.0,33.0,3.0,21.0,24.0,16.0,1.0,0.0,0.0,0.0,0.0,21.0,24.0,0.0,0.0,0.0,0.0
A_f0.7_blind__lamarckian__s3,A_f0.7_blind__lamarckian,A_f0.7_blind,A,lamarckian,3,300,train,48,1.3958333333333333,18,20,98.84313294972182,0.8125,0.5,adaptive_blind,0.61875,0.848233550618724,0.5949891692150866,313.0,59.0,120.0,662.0,71.0,15.0,0.0,0.0,37.0,1.0,20.0,38.0,14.0,1.0,0.0,0.0,0.0,0.0,20.0,38.0,0.0,0.0,0.0,0.0
A_f0.7_blind__lamarckian__s3,A_f0.7_blind__lamarckian,A_f0.7_blind,A,lamarckian,3,350,train,50,1.34,17,15,62.76305502599784,0.875,0.5,adaptive_blind,0.5625,0.8161938965612137,0.5588418246445495,444.0,75.0,122.0,675.0,39.0,5.0,0.0,0.0,43.0,3.0,18.0,32.0,16.0,1.0,0.0,0.0,0.0,0.0,18.0,32.0,0.0,0.0,0.0,0.0
A_f0.7_blind__lamarckian__s3,A_f0.7_blind__lamarckian,A_f0.7_blind,A,lamarckian,3,400,train,50,1.4,10,10,86.22817426091478,0.875,0.5,adaptive_blind,0.6,0.8668455472951125,0.5981709652706844,339.0,67.0,123.0,661.0,45.0,6.0,0.0,0.0,45.0,4.0,14.0,27.0,13.0,0.0,0.0,0.0,0.0,0.0,14.0,27.0,0.0,0.0,0.0,0.0
A_f0.7_blind__lamarckian__s3,A_f0.7_blind__lamarckian,A_f0.7_blind,A,lamarckian,3,450,train,50,1.42,17,17,83.88807067617992,0.7916666666666666,0.5,adaptive_blind,0.625,0.9299964317109927,0.6186785714285714,305.0,51.0,135.0,775.0,126.0,15.0,0.0,0.0,26.0,4.0,18.0,30.0,22.0,1.0,0.0,0.0,0.0,0.0,18.0,30.0,0.0,0.0,0.0,0.0
A_f0.7_blind__lamarckian__s3,A_f0.7_blind__lamarckian,A_f0.7_blind,A,lamarckian,3,500,train,50,1.7,17,17,86.98926114353759,0.7916666666666666,0.5,adaptive_blind,0.6125,0.9480404407460932,0.6172822896281802,400.0,68.0,115.0,586.0,77.0,13.0,0.0,0.0,32.0,7.0,20.0,27.0,20.0,0.0,0.0,0.0,0.0,0.0,20.0,27.0,0.0,0.0,0.0,0.0
A_f0.7_blind__lamarckian__s3,A_f0.7_blind__lamarckian,A_f0.7_blind,A,lamarckian,3,550,train,50,1.92,13,13,98.9964783497901,0.7708333333333334,0.5,adaptive_blind,0.65,0.8694065932347086,0.6109761904761903,318.0,62.0,130.0,665.0,70.0,9.0,0.0,0.0,46.0,4.0,12.0,30.0,19.0,3.0,0.0,0.0,0.0,0.0,12.0,30.0,0.0,0.0,0.0,0.0
A_f0.7_blind__lamarckian__s3,A_f0.7_blind__lamarckian,A_f0.7_blind,A,lamarckian,3,600,train,50,2.12,16,16,80.85561723448714,0.8541666666666666,0.5,adaptive_blind,0.625,0.92022419107608,0.6035948764160661,385.0,86.0,108.0,591.0,127.0,31.0,0.0,0.0,46.0,4.0,18.0,27.0,21.0,0.0,0.0,0.0,0.0,0.0,18.0,27.0,0.0,0.0,0.0,0.0
A_f0.7_blind__lamarckian__s3,A_f0.7_blind__lamarckian,A_f0.7_blind,A,lamarckian,3,650,train,50,2.16,8,8,72.7334312344768,0.8333333333333334,0.5,adaptive_blind,0.53125,0.808853039109023,0.5614191176470587,326.0,55.0,115.0,615.0,153.0,30.0,0.0,0.0,49.0,3.0,18.0,25.0,20.0,0.0,0.0,0.0,0.0,0.0,18.0,25.0,0.0,0.0,0.0,0.0
A_f0.7_blind__lamarckian__s3,A_f0.7_blind__lamarckian,A_f0.7_blind,A,lamarckian,3,700,train,50,2.32,12,12,80.23603525838351,0.8125,0.5,adaptive_blind,0.58125,0.918645575831379,0.6132498775710089,356.0,57.0,148.0,771.0,112.0,15.0,0.0,0.0,35.0,1.0,16.0,30.0,18.0,1.0,0.0,0.0,0.0,0.0,16.0,30.0,0.0,0.0,0.0,0.0
A_f0.7_blind__lamarckian__s3,A_f0.7_blind__lamarckian,A_f0.7_blind,A,lamarckian,3,750,train,50,2.34,18,18,107.44859685118165,0.7291666666666666,0.5,adaptive_blind,0.61875,0.8426158713108143,0.6099696828358208,355.0,70.0,175.0,871.0,76.0,13.0,0.0,0.0,36.0,1.0,18.0,33.0,16.0,3.0,0.0,0.0,0.0,0.0,18.0,33.0,0.0,0.0,0.0,0.0
A_f0.7_blind__lamarckian__s3,A_f0.7_blind__lamarckian,A_f0.7_blind,A,lamarckian,3,800,train,50,2.36,16,16,68.52271256718862,0.875,0.5,adaptive_blind,0.66875,0.8451191303684789,0.6094278169014082,362.0,61.0,138.0,751.0,115.0,24.0,0.0,0.0,41.0,5.0,18.0,28.0,22.0,3.0,0.0,0.0,0.0,0.0,18.0,28.0,0.0,0.0,0.0,0.0
A_f0.7_blind__lamarckian__s3,A_f0.7_blind__lamarckian,A_f0.7_blind,A,lamarckian,3,850,train,50,2.34,17,17,69.54116319818812,0.875,0.5,adaptive_blind,0.625,0.8728165470329082,0.5888527121374865,238.0,40.0,83.0,528.0,105.0,16.0,0.0,0.0,38.0,1.0,15.0,29.0,22.0,1.0,0.0,0.0,0.0,0.0,15.0,29.0,0.0,0.0,0.0,0.0
A_f0.7_blind__lamarckian__s3,A_f0.7_blind__lamarckian,A_f0.7_blind,A,lamarckian,3,900,train,50,2.5,14,14,92.13603250582264,0.7916666666666666,0.5,adaptive_blind,0.60625,0.7909490732268509,0.5894983635448137,344.0,56.0,104.0,545.0,63.0,8.0,0.0,0.0,47.0,4.0,16.0,17.0,17.0,3.0,0.0,0.0,0.0,0.0,16.0,17.0,0.0,0.0,0.0,0.0
A_f0.7_blind__lamarckian__s3,A_f0.7_blind__lamarckian,A_f0.7_blind,A,lamarckian,3,950,train,50,2.62,14,14,101.51398835287755,0.7708333333333334,0.5,adaptive_blind,0.59375,0.9084680100813691,0.579490846681922,369.0,69.0,80.0,547.0,94.0,17.0,0.0,0.0,43.0,6.0,17.0,22.0,19.0,1.0,0.0,0.0,0.0,0.0,17.0,22.0,0.0,0.0,0.0,0.0
A_f0.7_blind__lamarckian__s3,A_f0.7_blind__lamarckian,A_f0.7_blind,A,lamarckian,3,1000,train,50,2.74,11,11,89.26788820140372,0.8125,0.5,adaptive_blind,0.64375,0.9384072489622011,0.6192793062200954,288.0,54.0,123.0,694.0,58.0,7.0,0.0,0.0,43.0,2.0,12.0,29.0,22.0,1.0,0.0,0.0,0.0,0.0,12.0,29.0,0.0,0.0,0.0,0.0
A_f0.7_blind__lamarckian__s3,A_f0.7_blind__lamarckian,A_f0.7_blind,A,lamarckian,3,1050,train,50,2.96,17,17,65.24168883163667,0.875,0.5,adaptive_blind,0.64375,0.8305961198063846,0.601381802721088,381.0,82.0,150.0,812.0,68.0,17.0,0.0,0.0,41.0,5.0,16.0,35.0,19.0,1.0,0.0,0.0,0.0,0.0,16.0,35.0,0.0,0.0,0.0,0.0
A_f0.7_blind__lamarckian__s3,A_f0.7_blind__lamarckian,A_f0.7_blind,A,lamarckian,3,1100,train,50,3.12,19,19,66.4676656251826,0.8541666666666666,0.5,adaptive_blind,0.65625,0.9081517546753253,0.5965641534391533,426.0,72.0,95.0,586.0,46.0,7.0,0.0,0.0,42.0,2.0,13.0,34.0,24.0,0.0,0.0,0.0,0.0,0.0,13.0,34.0,0.0,0.0,0.0,0.0
A_f0.7_blind__lamarckian__s3,A_f0.7_blind__lamarckian,A_f0.7_blind,A,lamarckian,3,1150,train,50,3.16,20,20,83.2938403335341,0.8125,0.5,adaptive_blind,0.59375,0.8659659445443229,0.593212788259958,362.0,74.0,119.0,681.0,69.0,11.0,0.0,0.0,35.0,4.0,19.0,29.0,24.0,1.0,0.0,0.0,0.0,0.0,19.0,29.0,0.0,0.0,0.0,0.0
A_f0.7_blind__lamarckian__s3,A_f0.7_blind__lamarckian,A_f0.7_blind,A,lamarckian,3,1200,train,50,3.3,23,23,43.46677736404438,0.9791666666666666,0.5,adaptive_blind,0.65,0.6526528285469476,0.5635870911793857,331.0,77.0,116.0,625.0,48.0,7.0,0.0,0.0,42.0,4.0,20.0,34.0,21.0,1.0,0.0,0.0,0.0,0.0,20.0,34.0,0.0,0.0,0.0,0.0
A_f0.7_blind__lamarckian__s3,A_f0.7_blind__lamarckian,A_f0.7_blind,A,lamarckian,3,1250,train,50,3.56,25,25,55.33002255740624,0.8958333333333334,0.5,adaptive_blind,0.625,0.783376437163088,0.5687979714912283,215.0,62.0,101.0,562.0,41.0,4.0,0.0,0.0,50.0,2.0,14.0,28.0,20.0,1.0,0.0,0.0,0.0,0.0,14.0,28.0,0.0,0.0,0.0,0.0
A_f0.7_blind__lamarckian__s3,A_f0.7_blind__lamarckian,A_f0.7_blind,A,lamarckian,3,1300,train,50,3.74,23,23,45.493427377557296,0.9583333333333334,0.5,adaptive_blind,0.6125,0.9839777587792866,0.6284957627118644,225.0,34.0,86.0,534.0,35.0,8.0,0.0,0.0,41.0,4.0,21.0,22.0,23.0,4.0,0.0,0.0,0.0,0.0,21.0,22.0,0.0,0.0,0.0,0.0
A_f0.7_blind__lamarckian__s3,A_f0.7_blind__lamarckian,A_f0.7_blind,A,lamarckian,3,1350,train,36,3.9722222222222223,15,29,90.8770103723528,0.7916666666666666,0.5,adaptive_blind,0.63125,0.7657044368055884,0.5548122065727699,263.0,55.0,106.0,501.0,29.0,4.0,0.0,0.0,39.0,2.0,17.0,27.0,12.0,0.0,0.0,0.0,0.0,0.0,17.0,27.0,0.0,0.0,0.0,0.0
A_f0.7_blind__lamarckian__s3,A_f0.7_blind__lamarckian,A_f0.7_blind,A,lamarckian,3,1400,train,49,4.408163265306122,30,17,56.53285109585524,0.875,0.5,adaptive_blind,0.625,0.7206313904398745,0.5417641251518834,396.0,76.0,104.0,562.0,101.0,19.0,0.0,0.0,45.0,7.0,22.0,25.0,17.0,2.0,0.0,0.0,0.0,0.0,22.0,25.0,0.0,0.0,0.0,0.0
A_f0.7_blind__lamarckian__s3,A_f0.7_blind__lamarckian,A_f0.7_blind,A,lamarckian,3,1450,train,39,4.666666666666667,9,19,69.73200006445555,0.8958333333333334,0.5,adaptive_blind,0.65625,0.7960312233878186,0.5808035714285715,314.0,48.0,70.0,507.0,33.0,6.0,0.0,0.0,47.0,1.0,11.0,30.0,15.0,0.0,0.0,0.0,0.0,0.0,11.0,30.0,0.0,0.0,0.0,0.0
A_f0.7_blind__lamarckian__s3,A_f0.7_blind__lamarckian,A_f0.7_blind,A,lamarckian,3,1500,train,44,4.886363636363637,17,12,55.92060022661917,0.9583333333333334,0.5,adaptive_blind,0.5875,0.7909527949133006,0.5712645671476138,273.0,49.0,108.0,674.0,68.0,9.0,0.0,0.0,47.0,0.0,17.0,28.0,27.0,0.0,0.0,0.0,0.0,0.0,17.0,28.0,0.0,0.0,0.0,0.0
A_f0.7_blind__lamarckian__s3,A_f0.7_blind__lamarckian,A_f0.7_blind,A,lamarckian,3,1550,eval,44,4.931818181818182,13,13,53.18531753480906,0.9166666666666666,0.5,adaptive_blind,0.525,0.0,0.0,544.0,105.0,64.0,321.0,35.0,3.0,6.0,35.0,58.0,3.0,17.0,15.0,17.0,0.0,4.0,3.0,0.0,0.0,17.0,15.0,0.0,0.0,4.0,3.0
A_f0.7_blind__lamarckian__s3,A_f0.7_blind__lamarckian,A_f0.7_blind,A,lamarckian,3,1600,eval,40,5.025,14,18,86.78429608469537,0.8125,0.5,adaptive_blind,0.51,0.0,0.0,341.0,73.0,74.0,415.0,35.0,5.0,12.0,44.0,48.0,1.0,11.0,25.0,3.0,1.0,8.0,5.0,0.0,0.0,11.0,25.0,0.0,0.0,8.0,5.0
A_f0.7_blind__lamarckian__s3,A_f0.7_blind__lamarckian,A_f0.7_blind,A,lamarckian,3,1650,eval,50,5.08,22,12,74.27306834356064,0.875,0.5,adaptive_blind,0.53,0.0,0.0,513.0,111.0,116.0,616.0,48.0,2.0,18.0,81.0,50.0,3.0,14.0,27.0,9.0,1.0,2.0,8.0,0.0,0.0,14.0,27.0,0.0,0.0,2.0,8.0
A_f0.7_blind__lamarckian__s3,A_f0.7_blind__lamarckian,A_f0.7_blind,A,lamarckian,3,1700,eval,50,5.08,15,15,74.64399565830198,0.8333333333333334,0.5,adaptive_blind,0.48,0.0,0.0,516.0,97.0,58.0,474.0,104.0,19.0,2.0,32.0,51.0,4.0,6.0,34.0,14.0,0.0,1.0,4.0,0.0,0.0,6.0,34.0,0.0,0.0,1.0,4.0
A_f0.7_blind__lamarckian__s3,A_f0.7_blind__lamarckian,A_f0.7_blind,A,lamarckian,3,1750,eval,50,5.24,17,17,99.10741763979276,0.8125,0.5,adaptive_blind,0.51,0.0,0.0,574.0,77.0,102.0,535.0,93.0,13.0,21.0,156.0,52.0,3.0,9.0,29.0,14.0,1.0,2.0,6.0,0.0,0.0,9.0,29.0,0.0,0.0,2.0,6.0
A_f0.7_blind__lamarckian__s3,A_f0.7_blind__lamarckian,A_f0.7_blind,A,lamarckian,3,1800,eval,50,5.38,14,14,102.70829091562456,0.6666666666666666,0.5,adaptive_blind,0.505,0.0,0.0,598.0,120.0,131.0,745.0,84.0,14.0,10.0,95.0,38.0,3.0,15.0,28.0,17.0,2.0,1.0,1.0,0.0,0.0,15.0,28.0,0.0,0.0,1.0,1.0
A_f0.7_blind__lamarckian__s4,A_f0.7_blind__lamarckian,A_f0.7_blind,A,lamarckian,4,50,train,50,0.78,33,3,79.89751261665904,0.8541666666666666,0.5,adaptive_blind,0.575,0.5578473073696057,0.3957448010849909,245.0,43.0,37.0,254.0,74.0,19.0,0.0,0.0,46.0,7.0,4.0,44.0,20.0,4.0,0.0,0.0,0.0,0.0,4.0,44.0,0.0,0.0,0.0,0.0
A_f0.7_blind__lamarckian__s4,A_f0.7_blind__lamarckian,A_f0.7_blind,A,lamarckian,4,100,train,47,0.9361702127659575,12,15,67.39881638167624,0.875,0.5,adaptive_blind,0.5375,0.7506829962133946,0.513240358126722,351.0,58.0,58.0,366.0,124.0,24.0,0.0,0.0,42.0,3.0,6.0,41.0,16.0,3.0,0.0,0.0,0.0,0.0,6.0,41.0,0.0,0.0,0.0,0.0
A_f0.7_blind__lamarckian__s4,A_f0.7_blind__lamarckian,A_f0.7_blind,A,lamarckian,4,150,train,48,1.125,15,14,97.00188426280445,0.7708333333333334,0.5,adaptive_blind,0.6125,0.7323782529122391,0.5371215667915108,202.0,38.0,86.0,498.0,142.0,23.0,0.0,0.0,33.0,9.0,15.0,31.0,23.0,3.0,0.0,0.0,0.0,0.0,15.0,31.0,0.0,0.0,0.0,0.0
A_f0.7_blind__lamarckian__s4,A_f0.7_blind__lamarckian,A_f0.7_blind,A,lamarckian,4,200,train,49,1.2653061224489797,17,16,117.56377143085085,0.6666666666666666,0.5,adaptive_blind,0.61875,0.8166893818899845,0.5535284713763702,215.0,41.0,68.0,454.0,78.0,10.0,0.0,0.0,35.0,6.0,8.0,28.0,19.0,0.0,0.0,0.0,0.0,0.0,8.0,28.0,0.0,0.0,0.0,0.0
A_f0.7_blind__lamarckian__s4,A_f0.7_blind__lamarckian,A_f0.7_blind,A,lamarckian,4,250,train,50,1.2,11,10,125.49155742677931,0.7083333333333334,0.5,adaptive_blind,0.6375,0.9127828966531966,0.5854247775305896,308.0,73.0,92.0,562.0,202.0,30.0,0.0,0.0,31.0,5.0,12.0,33.0,25.0,3.0,0.0,0.0,0.0,0.0,12.0,33.0,0.0,0.0,0.0,0.0
A_f0.7_blind__lamarckian__s4,A_f0.7_blind__lamarckian,A_f0.7_blind,A,lamarckian,4,300,train,50,1.04,8,8,120.18669224444389,0.6458333333333334,0.5,adaptive_blind,0.61875,0.8521759738822946,0.5643497924080667,445.0,55.0,117.0,787.0,102.0,13.0,0.0,0.0,24.0,5.0,10.0,29.0,22.0,0.0,0.0,0.0,0.0,0.0,10.0,29.0,0.0,0.0,0.0,0.0
A_f0.7_blind__lamarckian__s4,A_f0.7_blind__lamarckian,A_f0.7_blind,A,lamarckian,4,350,train,50,1.02,3,3,112.17442708591767,0.6875,0.5,adaptive_blind,0.6125,0.9550198454539904,0.6182835365853658,419.0,98.0,154.0,907.0,108.0,27.0,0.0,0.0,32.0,2.0,14.0,30.0,15.0,1.0,0.0,0.0,0.0,0.0,14.0,30.0,0.0,0.0,0.0,0.0
A_f0.7_blind__lamarckian__s4,A_f0.7_blind__lamarckian,A_f0.7_blind,A,lamarckian,4,400,train,50,1.0,5,5,83.28579447447362,0.8125,0.5,adaptive_blind,0.59375,0.910132034874299,0.6069904618473898,421.0,95.0,135.0,753.0,103.0,16.0,0.0,0.0,48.0,4.0,7.0,25.0,25.0,3.0,0.0,0.0,0.0,0.0,7.0,25.0,0.0,0.0,0.0,0.0
A_f0.7_blind__lamarckian__s4,A_f0.7_blind__lamarckian,A_f0.7_blind,A,lamarckian,4,450,train,50,1.0,6,6,101.73200628500628,0.7708333333333334,0.5,adaptive_blind,0.58125,0.9149329585164292,0.6087375000000002,488.0,95.0,131.0,751.0,77.0,17.0,0.0,0.0,33.0,2.0,14.0,23.0,19.0,0.0,0.0,0.0,0.0,0.0,14.0,23.0,0.0,0.0,0.0,0.0
A_f0.7_blind__lamarckian__s4,A_f0.7_blind__lamarckian,A_f0.7_blind,A,lamarckian,4,500,train,50,1.38,13,13,125.22443804702992,0.7083333333333334,0.5,adaptive_blind,0.6375,0.8062206814553952,0.5746527777777777,545.0,111.0,148.0,752.0,75.0,14.0,0.0,0.0,32.0,6.0,16.0,20.0,25.0,1.0,0.0,0.0,0.0,0.0,16.0,20.0,0.0,0.0,0.0,0.0
A_f0.7_blind__lamarckian__s4,A_f0.7_blind__lamarckian,A_f0.7_blind,A,lamarckian,4,550,train,50,1.78,14,14,73.87554968416433,0.8125,0.5,adaptive_blind,0.58125,0.8938736368725295,0.5993930785123964,384.0,64.0,132.0,881.0,67.0,12.0,0.0,0.0,57.0,0.0,6.0,33.0,25.0,0.0,0.0,0.0,0.0,0.0,6.0,33.0,0.0,0.0,0.0,0.0
A_f0.7_blind__lamarckian__s4,A_f0.7_blind__lamarckian,A_f0.7_blind,A,lamarckian,4,600,train,50,1.88,13,13,109.97836360268164,0.7291666666666666,0.5,adaptive_blind,0.575,0.8517091963147434,0.5991322937625756,253.0,60.0,121.0,750.0,144.0,34.0,0.0,0.0,31.0,2.0,19.0,22.0,21.0,1.0,0.0,0.0,0.0,0.0,19.0,22.0,0.0,0.0,0.0,0.0
A_f0.7_blind__lamarckian__s4,A_f0.7_blind__lamarckian,A_f0.7_blind,A,lamarckian,4,650,train,50,1.98,10,10,98.41403641906271,0.8125,0.5,adaptive_blind,0.5625,0.8519191164665791,0.5640884798099763,350.0,52.0,105.0,580.0,142.0,26.0,0.0,0.0,45.0,1.0,13.0,22.0,21.0,5.0,0.0,0.0,0.0,0.0,13.0,22.0,0.0,0.0,0.0,0.0
A_f0.7_blind__lamarckian__s4,A_f0.7_blind__lamarckian,A_f0.7_blind,A,lamarckian,4,700,train,50,2.06,15,15,75.71083601563191,0.8541666666666666,0.5,adaptive_blind,0.625,0.8802385509972095,0.5938223684210526,447.0,73.0,129.0,648.0,117.0,13.0,0.0,0.0,47.0,6.0,20.0,21.0,22.0,0.0,0.0,0.0,0.0,0.0,20.0,21.0,0.0,0.0,0.0,0.0
A_f0.7_blind__lamarckian__s4,A_f0.7_blind__lamarckian,A_f0.7_blind,A,lamarckian,4,750,train,50,2.14,18,18,77.52215031767028,0.8958333333333334,0.5,adaptive_blind,0.60625,0.7384959480351799,0.524133541392904,356.0,58.0,77.0,469.0,127.0,22.0,0.0,0.0,43.0,5.0,9.0,23.0,25.0,0.0,0.0,0.0,0.0,0.0,9.0,23.0,0.0,0.0,0.0,0.0
A_f0.7_blind__lamarckian__s4,A_f0.7_blind__lamarckian,A_f0.7_blind,A,lamarckian,4,800,train,50,2.28,20,20,47.02300405808534,0.9583333333333334,0.5,adaptive_blind,0.59375,0.8760751975350781,0.5910189636752137,354.0,57.0,95.0,589.0,63.0,11.0,0.0,0.0,47.0,1.0,14.0,31.0,21.0,2.0,0.0,0.0,0.0,0.0,14.0,31.0,0.0,0.0,0.0,0.0
A_f0.7_blind__lamarckian__s4,A_f0.7_blind__lamarckian,A_f0.7_blind,A,lamarckian,4,850,train,50,2.32,8,8,103.67681345064636,0.75,0.5,adaptive_blind,0.61875,0.9125527666377004,0.6253447106690782,233.0,40.0,124.0,595.0,55.0,6.0,0.0,0.0,46.0,1.0,14.0,21.0,13.0,0.0,0.0,0.0,0.0,0.0,14.0,21.0,0.0,0.0,0.0,0.0
A_f0.7_blind__lamarckian__s4,A_f0.7_blind__lamarckian,A_f0.7_blind,A,lamarckian,4,900,train,50,2.34,11,11,76.43139641689743,0.8958333333333334,0.5,adaptive_blind,0.58125,0.8775281482310406,0.5893170172599784,440.0,79.0,98.0,692.0,82.0,13.0,0.0,0.0,53.0,6.0,9.0,33.0,23.0,2.0,0.0,0.0,0.0,0.0,9.0,33.0,0.0,0.0,0.0,0.0
A_f0.7_blind__lamarckian__s4,A_f0.7_blind__lamarckian,A_f0.7_blind,A,lamarckian,4,950,train,50,2.46,13,13,92.88355634639086,0.8125,0.5,adaptive_blind,0.6,0.7875692188633348,0.570942679558011,385.0,67.0,118.0,644.0,129.0,28.0,0.0,0.0,38.0,1.0,19.0,26.0,17.0,2.0,0.0,0.0,0.0,0.0,19.0,26.0,0.0,0.0,0.0,0.0
A_f0.7_blind__lamarckian__s4,A_f0.7_blind__lamarckian,A_f0.7_blind,A,lamarckian,4,1000,train,50,2.7,19,19,74.09726529282408,0.8541666666666666,0.5,adaptive_blind,0.60625,0.9113414331361814,0.607651078234704,370.0,65.0,144.0,821.0,119.0,19.0,0.0,0.0,44.0,2.0,19.0,27.0,32.0,0.0,0.0,0.0,0.0,0.0,19.0,27.0,0.0,0.0,0.0,0.0
A_f0.7_blind__lamarckian__s4,A_f0.7_blind__lamarckian,A_f0.7_blind,A,lamarckian,4,1050,train,50,2.94,13,13,83.63285893424569,0.8333333333333334,0.5,adaptive_blind,0.60625,0.9106663653161169,0.6197838566073102,351.0,63.0,111.0,705.0,150.0,24.0,0.0,0.0,49.0,2.0,13.0,24.0,21.0,0.0,0.0,0.0,0.0,0.0,13.0,24.0,0.0,0.0,0.0,0.0
A_f0.7_blind__lamarckian__s4,A_f0.7_blind__lamarckian,A_f0.7_blind,A,lamarckian,4,1100,train,50,2.96,12,12,76.65231160750864,0.8333333333333334,0.5,adaptive_blind,0.59375,0.9692595657562074,0.5904997216035635,282.0,48.0,77.0,442.0,141.0,23.0,0.0,0.0,48.0,3.0,9.0,17.0,23.0,2.0,0.0,0.0,0.0,0.0,9.0,17.0,0.0,0.0,0.0,0.0
A_f0.7_blind__lamarckian__s4,A_f0.7_blind__lamarckian,A_f0.7_blind,A,lamarckian,4,1150,train,50,3.04,14,14,69.43117707838918,0.8541666666666666,0.5,adaptive_blind,0.6125,0.7921568401722404,0.5746127717391305,342.0,44.0,97.0,674.0,99.0,16.0,0.0,0.0,41.0,4.0,18.0,26.0,25.0,0.0,0.0,0.0,0.0,0.0,18.0,26.0,0.0,0.0,0.0,0.0
A_f0.7_blind__lamarckian__s4,A_f0.7_blind__lamarckian,A_f0.7_blind,A,lamarckian,4,1200,train,50,3.02,13,13,84.8829505264199,0.8125,0.5,adaptive_blind,0.6125,0.9040038279636975,0.5871374309392268,402.0,82.0,96.0,581.0,49.0,14.0,0.0,0.0,52.0,4.0,12.0,19.0,14.0,3.0,0.0,0.0,0.0,0.0,12.0,19.0,0.0,0.0,0.0,0.0
A_f0.7_blind__lamarckian__s4,A_f0.7_blind__lamarckian,A_f0.7_blind,A,lamarckian,4,1250,train,50,3.18,19,19,76.04223905187425,0.8541666666666666,0.5,adaptive_blind,0.6125,0.8605134745809406,0.5741964285714285,317.0,39.0,72.0,448.0,100.0,15.0,0.0,0.0,41.0,1.0,18.0,22.0,30.0,1.0,0.0,0.0,0.0,0.0,18.0,22.0,0.0,0.0,0.0,0.0
A_f0.7_blind__lamarckian__s4,A_f0.7_blind__lamarckian,A_f0.7_blind,A,lamarckian,4,1300,train,50,3.28,14,14,62.33072852639241,0.8125,0.5,adaptive_blind,0.575,0.7921348235865755,0.5713402777777778,424.0,62.0,103.0,629.0,135.0,18.0,0.0,0.0,38.0,3.0,14.0,27.0,21.0,1.0,0.0,0.0,0.0,0.0,14.0,27.0,0.0,0.0,0.0,0.0
A_f0.7_blind__lamarckian__s4,A_f0.7_blind__lamarckian,A_f0.7_blind,A,lamarckian,4,1350,train,50,3.3,13,13,72.85191819076906,0.8541666666666666,0.5,adaptive_blind,0.625,0.8366899547759413,0.588526315789474,294.0,56.0,123.0,650.0,71.0,16.0,0.0,0.0,44.0,2.0,16.0,26.0,27.0,0.0,0.0,0.0,0.0,0.0,16.0,26.0,0.0,0.0,0.0,0.0
A_f0.7_blind__lamarckian__s4,A_f0.7_blind__lamarckian,A_f0.7_blind,A,lamarckian,4,1400,train,50,3.48,15,15,48.100893108277404,0.9375,0.5,adaptive_blind,0.5875,0.868559423262294,0.594774323621228,375.0,62.0,79.0,514.0,70.0,17.0,0.0,0.0,55.0,4.0,12.0,28.0,24.0,4.0,0.0,0.0,0.0,0.0,12.0,28.0,0.0,0.0,0.0,0.0
A_f0.7_blind__lamarckian__s4,A_f0.7_blind__lamarckian,A_f0.7_blind,A,lamarckian,4,1450,train,50,3.62,12,12,50.13504647252853,0.9583333333333334,0.5,adaptive_blind,0.60625,0.8141149103807118,0.5907765151515152,341.0,62.0,85.0,508.0,75.0,16.0,0.0,0.0,60.0,4.0,12.0,26.0,21.0,1.0,0.0,0.0,0.0,0.0,12.0,26.0,0.0,0.0,0.0,0.0
A_f0.7_blind__lamarckian__s4,A_f0.7_blind__lamarckian,A_f0.7_blind,A,lamarckian,4,1500,train,50,3.74,17,17,74.0310787196816,0.8541666666666666,0.5,adaptive_blind,0.59375,0.7700591828582186,0.5660212736373749,291.0,57.0,63.0,412.0,64.0,10.0,0.0,0.0,44.0,3.0,11.0,24.0,18.0,1.0,0.0,0.0,0.0,0.0,11.0,24.0,0.0,0.0,0.0,0.0
A_f0.7_blind__lamarckian__s4,A_f0.7_blind__lamarckian,A_f0.7_blind,A,lamarckian,4,1550,eval,50,3.9,18,18,76.1132508988895,0.7708333333333334,0.5,adaptive_blind,0.52,0.0,0.0,391.0,72.0,90.0,527.0,117.0,25.0,6.0,46.0,47.0,1.0,16.0,16.0,18.0,1.0,2.0,1.0,0.0,0.0,16.0,16.0,0.0,0.0,2.0,1.0
A_f0.7_blind__lamarckian__s4,A_f0.7_blind__lamarckian,A_f0.7_blind,A,lamarckian,4,1600,eval,50,4.06,25,25,80.26116434052318,0.8541666666666666,0.5,adaptive_blind,0.485,0.0,0.0,497.0,82.0,77.0,376.0,51.0,3.0,17.0,76.0,48.0,3.0,13.0,19.0,13.0,0.0,7.0,6.0,0.0,0.0,13.0,19.0,0.0,0.0,7.0,6.0
A_f0.7_blind__lamarckian__s4,A_f0.7_blind__lamarckian,A_f0.7_blind,A,lamarckian,4,1650,eval,50,4.1,18,18,54.36488041267329,0.875,0.5,adaptive_blind,0.52,0.0,0.0,433.0,71.0,78.0,522.0,43.0,8.0,30.0,107.0,50.0,5.0,14.0,20.0,8.0,0.0,7.0,9.0,0.0,0.0,14.0,20.0,0.0,0.0,7.0,9.0
A_f0.7_blind__lamarckian__s4,A_f0.7_blind__lamarckian,A_f0.7_blind,A,lamarckian,4,1700,eval,50,4.32,16,16,76.03645189162282,0.8958333333333334,0.5,adaptive_blind,0.515,0.0,0.0,292.0,41.0,70.0,442.0,91.0,15.0,14.0,92.0,44.0,3.0,16.0,22.0,12.0,0.0,1.0,4.0,0.0,0.0,16.0,22.0,0.0,0.0,1.0,4.0
A_f0.7_blind__lamarckian__s4,A_f0.7_blind__lamarckian,A_f0.7_blind,A,lamarckian,4,1750,eval,50,4.34,17,17,80.20197131202795,0.8333333333333334,0.5,adaptive_blind,0.515,0.0,0.0,412.0,75.0,73.0,324.0,84.0,19.0,18.0,138.0,54.0,3.0,14.0,19.0,13.0,1.0,6.0,1.0,0.0,0.0,14.0,19.0,0.0,0.0,6.0,1.0
A_f0.7_blind__lamarckian__s4,A_f0.7_blind__lamarckian,A_f0.7_blind,A,lamarckian,4,1800,eval,50,4.46,21,21,67.13683822464162,0.9166666666666666,0.5,adaptive_blind,0.48,0.0,0.0,366.0,63.0,66.0,447.0,99.0,11.0,16.0,103.0,44.0,6.0,17.0,24.0,14.0,2.0,3.0,7.0,0.0,0.0,17.0,24.0,0.0,0.0,3.0,7.0
A_f0.7_blind__lamarckian__s5,A_f0.7_blind__lamarckian,A_f0.7_blind,A,lamarckian,5,50,train,50,0.78,33,3,101.51776302757864,0.7708333333333334,0.5,adaptive_blind,0.55625,0.6791100112489179,0.4897088171262698,240.0,40.0,53.0,373.0,35.0,7.0,0.0,0.0,38.0,10.0,6.0,37.0,16.0,4.0,0.0,0.0,0.0,0.0,6.0,37.0,0.0,0.0,0.0,0.0
A_f0.7_blind__lamarckian__s5,A_f0.7_blind__lamarckian,A_f0.7_blind,A,lamarckian,5,100,train,50,0.82,13,13,85.72259823469845,0.8333333333333334,0.5,adaptive_blind,0.59375,0.9463926418589393,0.600209664536741,202.0,48.0,74.0,479.0,48.0,6.0,0.0,0.0,32.0,3.0,6.0,36.0,21.0,2.0,0.0,0.0,0.0,0.0,6.0,36.0,0.0,0.0,0.0,0.0
A_f0.7_blind__lamarckian__s5,A_f0.7_blind__lamarckian,A_f0.7_blind,A,lamarckian,5,150,train,50,0.9,18,18,77.0631115327983,0.9166666666666666,0.5,adaptive_blind,0.61875,0.7893308625552831,0.5845548561151082,381.0,74.0,77.0,514.0,17.0,3.0,0.0,0.0,39.0,7.0,9.0,31.0,7.0,1.0,0.0,0.0,0.0,0.0,9.0,31.0,0.0,0.0,0.0,0.0
A_f0.7_blind__lamarckian__s5,A_f0.7_blind__lamarckian,A_f0.7_blind,A,lamarckian,5,200,train,46,1.065217391304348,14,18,107.3731811499438,0.7708333333333334,0.5,adaptive_blind,0.63125,0.7548341385864641,0.5599470823798625,262.0,34.0,64.0,379.0,54.0,10.0,0.0,0.0,45.0,0.0,10.0,28.0,18.0,3.0,0.0,0.0,0.0,0.0,10.0,28.0,0.0,0.0,0.0,0.0
A_f0.7_blind__lamarckian__s5,A_f0.7_blind__lamarckian,A_f0.7_blind,A,lamarckian,5,250,train,50,1.04,15,11,102.55993568973071,0.7708333333333334,0.5,adaptive_blind,0.61875,0.8116000228998181,0.5757269845644981,307.0,74.0,93.0,562.0,52.0,12.0,0.0,0.0,34.0,3.0,9.0,30.0,21.0,3.0,0.0,0.0,0.0,0.0,9.0,30.0,0.0,0.0,0.0,0.0
A_f0.7_blind__lamarckian__s5,A_f0.7_blind__lamarckian,A_f0.7_blind,A,lamarckian,5,300,train,50,1.0,14,14,94.28643011643011,0.7708333333333334,0.5,adaptive_blind,0.6,0.9499972982167358,0.6174542682926829,401.0,69.0,128.0,823.0,57.0,6.0,0.0,0.0,41.0,2.0,12.0,30.0,22.0,2.0,0.0,0.0,0.0,0.0,12.0,30.0,0.0,0.0,0.0,0.0
A_f0.7_blind__lamarckian__s5,A_f0.7_blind__lamarckian,A_f0.7_blind,A,lamarckian,5,350,train,50,1.04,11,11,73.46734766358918,0.8333333333333334,0.5,adaptive_blind,0.6,0.8493883098473469,0.5848677105831535,352.0,63.0,110.0,647.0,74.0,14.0,0.0,0.0,43.0,3.0,14.0,40.0,15.0,1.0,0.0,0.0,0.0,0.0,14.0,40.0,0.0,0.0,0.0,0.0
A_f0.7_blind__lamarckian__s5,A_f0.7_blind__lamarckian,A_f0.7_blind,A,lamarckian,5,400,train,50,1.02,8,8,99.40143641142534,0.7291666666666666,0.5,adaptive_blind,0.55,0.8600436837023496,0.5665871034077556,354.0,67.0,93.0,515.0,92.0,11.0,0.0,0.0,45.0,2.0,12.0,17.0,19.0,1.0,0.0,0.0,0.0,0.0,12.0,17.0,0.0,0.0,0.0,0.0
A_f0.7_blind__lamarckian__s5,A_f0.7_blind__lamarckian,A_f0.7_blind,A,lamarckian,5,450,train,50,1.02,8,8,100.13009780447273,0.7916666666666666,0.5,adaptive_blind,0.60625,0.8639914315790171,0.5572124233128835,352.0,61.0,122.0,533.0,156.0,26.0,0.0,0.0,48.0,4.0,18.0,19.0,16.0,3.0,0.0,0.0,0.0,0.0,18.0,19.0,0.0,0.0,0.0,0.0
A_f0.7_blind__lamarckian__s5,A_f0.7_blind__lamarckian,A_f0.7_blind,A,lamarckian,5,500,train,50,1.32,15,15,88.29934102680929,0.7916666666666666,0.5,adaptive_blind,0.56875,0.8298026921773889,0.584301470588235,406.0,71.0,111.0,694.0,74.0,11.0,0.0,0.0,48.0,2.0,18.0,23.0,16.0,0.0,0.0,0.0,0.0,0.0,18.0,23.0,0.0,0.0,0.0,0.0
A_f0.7_blind__lamarckian__s5,A_f0.7_blind__lamarckian,A_f0.7_blind,A,lamarckian,5,550,train,50,1.6,17,17,79.02934465351652,0.8125,0.5,adaptive_blind,0.6,0.8086674813102824,0.5781182065217387,265.0,51.0,105.0,544.0,61.0,8.0,0.0,0.0,33.0,3.0,20.0,25.0,24.0,0.0,0.0,0.0,0.0,0.0,20.0,25.0,0.0,0.0,0.0,0.0
A_f0.7_blind__lamarckian__s5,A_f0.7_blind__lamarckian,A_f0.7_blind,A,lamarckian,5,600,train,50,1.8,16,16,96.40903342889486,0.7708333333333334,0.5,adaptive_blind,0.59375,1.0002367378021542,0.6304084274952919,250.0,57.0,99.0,549.0,107.0,18.0,0.0,0.0,50.0,4.0,12.0,26.0,13.0,1.0,0.0,0.0,0.0,0.0,12.0,26.0,0.0,0.0,0.0,0.0
A_f0.7_blind__lamarckian__s5,A_f0.7_blind__lamarckian,A_f0.7_blind,A,lamarckian,5,650,train,50,2.1,16,16,101.28388514411697,0.8333333333333334,0.5,adaptive_blind,0.6125,0.8988759365468821,0.5973991090146751,245.0,36.0,130.0,612.0,89.0,20.0,0.0,0.0,44.0,2.0,19.0,20.0,17.0,3.0,0.0,0.0,0.0,0.0,19.0,20.0,0.0,0.0,0.0,0.0
A_f0.7_blind__lamarckian__s5,A_f0.7_blind__lamarckian,A_f0.7_blind,A,lamarckian,5,700,train,50,2.24,11,11,98.79078113974572,0.7916666666666666,0.5,adaptive_blind,0.6375,0.828968209809868,0.5472670953575907,386.0,72.0,82.0,481.0,74.0,12.0,0.0,0.0,51.0,2.0,13.0,21.0,29.0,2.0,0.0,0.0,0.0,0.0,13.0,21.0,0.0,0.0,0.0,0.0
A_f0.7_blind__lamarckian__s5,A_f0.7_blind__lamarckian,A_f0.7_blind,A,lamarckian,5,750,train,50,2.18,16,16,71.23004916150067,0.8333333333333334,0.5,adaptive_blind,0.59375,0.8696333320575806,0.5771318104426786,274.0,40.0,70.0,380.0,50.0,6.0,0.0,0.0,48.0,2.0,10.0,18.0,18.0,0.0,0.0,0.0,0.0,0.0,10.0,18.0,0.0,0.0,0.0,0.0
A_f0.7_blind__lamarckian__s5,A_f0.7_blind__lamarckian,A_f0.7_blind,A,lamarckian,5,800,train,50,2.18,16,16,99.79041929004002,0.7708333333333334,0.5,adaptive_blind,0.65625,0.8140589622651313,0.5744403503893214,324.0,44.0,82.0,379.0,98.0,12.0,0.0,0.0,38.0,0.0,14.0,19.0,19.0,0.0,0.0,0.0,0.0,0.0,14.0,19.0,0.0,0.0,0.0,0.0
A_f0.7_blind__lamarckian__s5,A_f0.7_blind__lamarckian,A_f0.7_blind,A,lamarckian,5,850,train,50,2.2,12,12,94.07992862401119,0.7708333333333334,0.5,adaptive_blind,0.59375,0.9236426302319443,0.5933229392624728,414.0,67.0,109.0,500.0,92.0,18.0,0.0,0.0,42.0,0.0,17.0,16.0,19.0,2.0,0.0,0.0,0.0,0.0,17.0,16.0,0.0,0.0,0.0,0.0
A_f0.7_blind__lamarckian__s5,A_f0.7_blind__lamarckian,A_f0.7_blind,A,lamarckian,5,900,train,50,2.32,7,7,71.89313367745604,0.875,0.5,adaptive_blind,0.61875,0.8794004372590326,0.5786334745762709,414.0,69.0,101.0,643.0,77.0,10.0,0.0,0.0,56.0,4.0,8.0,19.0,20.0,1.0,0.0,0.0,0.0,0.0,8.0,19.0,0.0,0.0,0.0,0.0
A_f0.7_blind__lamarckian__s5,A_f0.7_blind__lamarckian,A_f0.7_blind,A,lamarckian,5,950,train,50,2.36,9,9,103.76642475443448,0.8125,0.5,adaptive_blind,0.6,0.9088368896765134,0.5883061196487378,450.0,75.0,135.0,691.0,68.0,7.0,0.0,0.0,43.0,3.0,19.0,24.0,22.0,0.0,0.0,0.0,0.0,0.0,19.0,24.0,0.0,0.0,0.0,0.0
A_f0.7_blind__lamarckian__s5,A_f0.7_blind__lamarckian,A_f0.7_blind,A,lamarckian,5,1000,train,50,2.46,14,14,85.5792038489107,0.8125,0.5,adaptive_blind,0.5625,0.9195358120684353,0.6145985179786202,389.0,84.0,96.0,632.0,45.0,5.0,0.0,0.0,46.0,3.0,12.0,31.0,19.0,2.0,0.0,0.0,0.0,0.0,12.0,31.0,0.0,0.0,0.0,0.0
A_f0.7_blind__lamarckian__s5,A_f0.7_blind__lamarckian,A_f0.7_blind,A,lamarckian,5,1050,train,50,2.62,14,14,106.2231991337885,0.6458333333333334,0.5,adaptive_blind,0.66875,0.8466561795082153,0.6080183649289099,498.0,88.0,107.0,629.0,47.0,7.0,0.0,0.0,39.0,1.0,19.0,28.0,17.0,0.0,0.0,0.0,0.0,0.0,19.0,28.0,0.0,0.0,0.0,0.0
A_f0.7_blind__lamarckian__s5,A_f0.7_blind__lamarckian,A_f0.7_blind,A,lamarckian,5,1100,train,50,2.76,11,11,50.19437122507546,0.9791666666666666,0.5,adaptive_blind,0.625,0.9609089153309851,0.5985470604099248,498.0,93.0,78.0,560.0,62.0,13.0,0.0,0.0,58.0,6.0,17.0,19.0,24.0,2.0,0.0,0.0,0.0,0.0,17.0,19.0,0.0,0.0,0.0,0.0
A_f0.7_blind__lamarckian__s5,A_f0.7_blind__lamarckian,A_f0.7_blind,A,lamarckian,5,1150,train,50,3.0,24,24,68.92135748869927,0.875,0.5,adaptive_blind,0.65625,0.7721149416437405,0.5593388728323698,181.0,31.0,100.0,542.0,123.0,25.0,0.0,0.0,29.0,4.0,20.0,33.0,33.0,0.0,0.0,0.0,0.0,0.0,20.0,33.0,0.0,0.0,0.0,0.0
A_f0.7_blind__lamarckian__s5,A_f0.7_blind__lamarckian,A_f0.7_blind,A,lamarckian,5,1200,train,50,2.86,14,14,80.21960870167948,0.7708333333333334,0.5,adaptive_blind,0.61875,0.7527011829848174,0.5740310846560843,369.0,64.0,104.0,527.0,62.0,11.0,0.0,0.0,38.0,2.0,21.0,20.0,20.0,1.0,0.0,0.0,0.0,0.0,21.0,20.0,0.0,0.0,0.0,0.0
A_f0.7_blind__lamarckian__s5,A_f0.7_blind__lamarckian,A_f0.7_blind,A,lamarckian,5,1250,train,50,3.24,28,28,65.50546481212871,0.9375,0.5,adaptive_blind,0.60625,0.8484900442280323,0.5905724237644583,326.0,47.0,99.0,642.0,51.0,10.0,0.0,0.0,36.0,1.0,17.0,36.0,23.0,1.0,0.0,0.0,0.0,0.0,17.0,36.0,0.0,0.0,0.0,0.0
A_f0.7_blind__lamarckian__s5,A_f0.7_blind__lamarckian,A_f0.7_blind,A,lamarckian,5,1300,train,50,3.46,23,23,50.58422093050129,0.8958333333333334,0.5,adaptive_blind,0.64375,0.5829774300680055,0.516937196601942,386.0,64.0,89.0,504.0,47.0,8.0,0.0,0.0,43.0,4.0,14.0,38.0,24.0,1.0,0.0,0.0,0.0,0.0,14.0,38.0,0.0,0.0,0.0,0.0
A_f0.7_blind__lamarckian__s5,A_f0.7_blind__lamarckian,A_f0.7_blind,A,lamarckian,5,1350,train,50,3.58,13,13,76.52339166251011,0.875,0.5,adaptive_blind,0.6125,0.9452351442020184,0.602797431865828,323.0,57.0,92.0,449.0,36.0,9.0,0.0,0.0,44.0,1.0,13.0,23.0,21.0,7.0,0.0,0.0,0.0,0.0,13.0,23.0,0.0,0.0,0.0,0.0
A_f0.7_blind__lamarckian__s5,A_f0.7_blind__lamarckian,A_f0.7_blind,A,lamarckian,5,1400,train,44,3.6818181818181817,13,19,54.03540612820838,0.9583333333333334,0.5,adaptive_blind,0.60625,0.8034294883729947,0.5728381374722837,211.0,36.0,68.0,465.0,80.0,11.0,0.0,0.0,48.0,1.0,22.0,31.0,22.0,1.0,0.0,0.0,0.0,0.0,22.0,31.0,0.0,0.0,0.0,0.0
A_f0.7_blind__lamarckian__s5,A_f0.7_blind__lamarckian,A_f0.7_blind,A,lamarckian,5,1450,train,50,3.8,17,11,74.0023952589519,0.875,0.5,adaptive_blind,0.625,0.866683773543593,0.5906118421052635,290.0,45.0,117.0,620.0,42.0,11.0,0.0,0.0,47.0,2.0,15.0,21.0,24.0,2.0,0.0,0.0,0.0,0.0,15.0,21.0,0.0,0.0,0.0,0.0
A_f0.7_blind__lamarckian__s5,A_f0.7_blind__lamarckian,A_f0.7_blind,A,lamarckian,5,1500,train,50,3.94,15,15,61.44576014477461,0.9375,0.5,adaptive_blind,0.63125,0.9363340254605621,0.612767147117296,320.0,74.0,102.0,620.0,61.0,11.0,0.0,0.0,49.0,3.0,23.0,29.0,23.0,2.0,0.0,0.0,0.0,0.0,23.0,29.0,0.0,0.0,0.0,0.0
A_f0.7_blind__lamarckian__s5,A_f0.7_blind__lamarckian,A_f0.7_blind,A,lamarckian,5,1550,eval,38,4.026315789473684,8,20,76.8350951432503,0.875,0.5,adaptive_blind,0.515,0.0,0.0,401.0,64.0,51.0,312.0,27.0,5.0,8.0,40.0,51.0,4.0,11.0,15.0,14.0,1.0,3.0,7.0,0.0,0.0,11.0,15.0,0.0,0.0,3.0,7.0
A_f0.7_blind__lamarckian__s5,A_f0.7_blind__lamarckian,A_f0.7_blind,A,lamarckian,5,1600,eval,49,4.346938775510204,18,7,54.78573823562007,0.9583333333333334,0.5,adaptive_blind,0.52,0.0,0.0,442.0,64.0,78.0,340.0,40.0,2.0,14.0,54.0,58.0,4.0,15.0,20.0,18.0,0.0,3.0,3.0,0.0,0.0,15.0,20.0,0.0,0.0,3.0,3.0
A_f0.7_blind__lamarckian__s5,A_f0.7_blind__lamarckian,A_f0.7_blind,A,lamarckian,5,1650,eval,44,4.431818181818182,11,16,55.16354327013811,0.9791666666666666,0.5,adaptive_blind,0.465,0.0,0.0,405.0,89.0,77.0,396.0,32.0,6.0,6.0,36.0,63.0,4.0,10.0,17.0,12.0,2.0,4.0,2.0,0.0,0.0,10.0,17.0,0.0,0.0,4.0,2.0
A_f0.7_blind__lamarckian__s5,A_f0.7_blind__lamarckian,A_f0.7_blind,A,lamarckian,5,1700,eval,42,4.595238095238095,11,13,84.27345890030526,0.8333333333333334,0.5,adaptive_blind,0.5,0.0,0.0,342.0,73.0,80.0,462.0,31.0,3.0,6.0,18.0,57.0,5.0,11.0,21.0,15.0,0.0,3.0,0.0,0.0,0.0,11.0,21.0,0.0,0.0,3.0,0.0
A_f0.7_blind__lamarckian__s5,A_f0.7_blind__lamarckian,A_f0.7_blind,A,lamarckian,5,1750,eval,47,4.702127659574468,13,8,66.63595389061945,0.8333333333333334,0.5,adaptive_blind,0.52,0.0,0.0,496.0,83.0,63.0,361.0,36.0,8.0,13.0,51.0,69.0,9.0,18.0,15.0,6.0,1.0,5.0,5.0,0.0,0.0,18.0,15.0,0.0,0.0,5.0,5.0
A_f0.7_blind__lamarckian__s5,A_f0.7_blind__lamarckian,A_f0.7_blind,A,lamarckian,5,1800,eval,44,4.818181818181818,10,13,88.67343085596866,0.8125,0.5,adaptive_blind,0.505,0.0,0.0,406.0,76.0,64.0,368.0,56.0,7.0,17.0,102.0,52.0,1.0,9.0,27.0,13.0,0.0,3.0,5.0,0.0,0.0,9.0,27.0,0.0,0.0,3.0,5.0
A_f0.7_blind__lamarckian__s6,A_f0.7_blind__lamarckian,A_f0.7_blind,A,lamarckian,6,50,train,50,0.92,32,2,93.29729688040257,0.8125,0.5,adaptive_blind,0.54375,0.5550998300590352,0.3914446721311473,184.0,32.0,39.0,233.0,58.0,18.0,0.0,0.0,38.0,8.0,5.0,29.0,19.0,7.0,0.0,0.0,0.0,0.0,5.0,29.0,0.0,0.0,0.0,0.0
A_f0.7_blind__lamarckian__s6,A_f0.7_blind__lamarckian,A_f0.7_blind,A,lamarckian,6,100,train,50,0.88,11,11,62.3278183635041,0.9375,0.5,adaptive_blind,0.60625,0.8816505339004647,0.5808707865168539,217.0,29.0,66.0,385.0,92.0,10.0,0.0,0.0,45.0,5.0,7.0,30.0,21.0,3.0,0.0,0.0,0.0,0.0,7.0,30.0,0.0,0.0,0.0,0.0
A_f0.7_blind__lamarckian__s6,A_f0.7_blind__lamarckian,A_f0.7_blind,A,lamarckian,6,150,train,46,1.0217391304347827,16,20,87.48241925582236,0.8125,0.5,adaptive_blind,0.625,0.8241226525856329,0.579436894510226,193.0,30.0,83.0,389.0,84.0,16.0,0.0,0.0,31.0,5.0,11.0,34.0,24.0,2.0,0.0,0.0,0.0,0.0,11.0,34.0,0.0,0.0,0.0,0.0
A_f0.7_blind__lamarckian__s6,A_f0.7_blind__lamarckian,A_f0.7_blind,A,lamarckian,6,200,train,45,1.0888888888888888,14,15,84.25177990611061,0.8333333333333334,0.5,adaptive_blind,0.59375,0.7714219346137057,0.5488494835965976,286.0,50.0,67.0,349.0,62.0,8.0,0.0,0.0,44.0,5.0,16.0,23.0,25.0,1.0,0.0,0.0,0.0,0.0,16.0,23.0,0.0,0.0,0.0,0.0
A_f0.7_blind__lamarckian__s6,A_f0.7_blind__lamarckian,A_f0.7_blind,A,lamarckian,6,250,train,50,1.16,19,14,62.29225397776701,0.9166666666666666,0.5,adaptive_blind,0.60625,0.7473418877435907,0.5205732643524701,427.0,63.0,57.0,377.0,69.0,15.0,0.0,0.0,50.0,2.0,9.0,27.0,29.0,4.0,0.0,0.0,0.0,0.0,9.0,27.0,0.0,0.0,0.0,0.0
A_f0.7_blind__lamarckian__s6,A_f0.7_blind__lamarckian,A_f0.7_blind,A,lamarckian,6,300,train,50,1.18,12,12,72.82967218594146,0.8333333333333334,0.5,adaptive_blind,0.58125,0.9167969363931043,0.6073439067201605,274.0,50.0,77.0,496.0,77.0,14.0,0.0,0.0,33.0,3.0,11.0,23.0,28.0,3.0,0.0,0.0,0.0,0.0,11.0,23.0,0.0,0.0,0.0,0.0
A_f0.7_blind__lamarckian__s6,A_f0.7_blind__lamarckian,A_f0.7_blind,A,lamarckian,6,350,train,50,1.22,15,15,116.27559566373397,0.75,0.5,adaptive_blind,0.6125,0.9072033650723104,0.5876688257993381,458.0,93.0,86.0,551.0,73.0,3.0,0.0,0.0,42.0,1.0,10.0,26.0,28.0,0.0,0.0,0.0,0.0,0.0,10.0,26.0,0.0,0.0,0.0,0.0
A_f0.7_blind__lamarckian__s6,A_f0.7_blind__lamarckian,A_f0.7_blind,A,lamarckian,6,400,train,50,1.22,7,7,78.95879653762074,0.8541666666666666,0.5,adaptive_blind,0.60625,1.0725779818865138,0.6307093108504402,264.0,41.0,111.0,716.0,64.0,9.0,0.0,0.0,38.0,3.0,12.0,26.0,29.0,0.0,0.0,0.0,0.0,0.0,12.0,26.0,0.0,0.0,0.0,0.0
A_f0.7_blind__lamarckian__s6,A_f0.7_blind__lamarckian,A_f0.7_blind,A,lamarckian,6,450,train,50,1.18,9,9,86.20502793171273,0.8125,0.5,adaptive_blind,0.625,0.904525917046558,0.5988603709508882,381.0,77.0,82.0,582.0,47.0,15.0,0.0,0.0,41.0,1.0,12.0,27.0,23.0,0.0,0.0,0.0,0.0,0.0,12.0,27.0,0.0,0.0,0.0,0.0
A_f0.7_blind__lamarckian__s6,A_f0.7_blind__lamarckian,A_f0.7_blind,A,lamarckian,6,500,train,50,1.5,18,18,70.45979278048594,0.7916666666666666,0.5,adaptive_blind,0.6,0.9280041172805302,0.6045010288065844,315.0,59.0,151.0,676.0,75.0,12.0,0.0,0.0,44.0,2.0,11.0,25.0,30.0,0.0,0.0,0.0,0.0,0.0,11.0,25.0,0.0,0.0,0.0,0.0
A_f0.7_blind__lamarckian__s6,A_f0.7_blind__lamarckian,A_f0.7_blind,A,lamarckian,6,550,train,50,1.68,11,11,87.02949371253847,0.7916666666666666,0.5,adaptive_blind,0.58125,0.9346199868540004,0.6019649374348279,398.0,64.0,102.0,629.0,50.0,10.0,0.0,0.0,39.0,1.0,13.0,25.0,27.0,0.0,0.0,0.0,0.0,0.0,13.0,25.0,0.0,0.0,0.0,0.0
A_f0.7_blind__lamarckian__s6,A_f0.7_blind__lamarckian,A_f0.7_blind,A,lamarckian,6,600,train,50,2.0,22,22,52.81768119228299,0.9166666666666666,0.5,adaptive_blind,0.63125,0.8318115307546474,0.5911275773195874,220.0,37.0,98.0,475.0,84.0,18.0,0.0,0.0,48.0,1.0,23.0,21.0,35.0,2.0,0.0,0.0,0.0,0.0,23.0,21.0,0.0,0.0,0.0,0.0
A_f0.7_blind__lamarckian__s6,A_f0.7_blind__lamarckian,A_f0.7_blind,A,lamarckian,6,650,train,50,2.32,21,21,41.01052295886533,0.9583333333333334,0.5,adaptive_blind,0.6,0.7976910682763378,0.576134814612868,287.0,55.0,67.0,383.0,108.0,19.0,0.0,0.0,58.0,2.0,14.0,21.0,26.0,2.0,0.0,0.0,0.0,0.0,14.0,21.0,0.0,0.0,0.0,0.0
A_f0.7_blind__lamarckian__s6,A_f0.7_blind__lamarckian,A_f0.7_blind,A,lamarckian,6,700,train,46,2.369565217391304,14,18,52.32193410698821,0.9375,0.5,adaptive_blind,0.63125,0.7945731749153853,0.5776540635091496,225.0,39.0,82.0,422.0,100.0,23.0,0.0,0.0,35.0,3.0,19.0,25.0,34.0,1.0,0.0,0.0,0.0,0.0,19.0,25.0,0.0,0.0,0.0,0.0
A_f0.7_blind__lamarckian__s6,A_f0.7_blind__lamarckian,A_f0.7_blind,A,lamarckian,6,750,train,46,2.4347826086956523,17,17,112.2569731241981,0.8125,0.5,adaptive_blind,0.6125,0.8074668005713732,0.5593082740213524,257.0,52.0,57.0,453.0,65.0,13.0,0.0,0.0,32.0,5.0,15.0,20.0,26.0,1.0,0.0,0.0,0.0,0.0,15.0,20.0,0.0,0.0,0.0,0.0
A_f0.7_blind__lamarckian__s6,A_f0.7_blind__lamarckian,A_f0.7_blind,A,lamarckian,6,800,train,50,2.7,20,16,103.13473400635365,0.75,0.5,adaptive_blind,0.66875,0.7840289275415847,0.5921568627450979,258.0,42.0,125.0,642.0,75.0,12.0,0.0,0.0,29.0,0.0,20.0,33.0,31.0,2.0,0.0,0.0,0.0,0.0,20.0,33.0,0.0,0.0,0.0,0.0
A_f0.7_blind__lamarckian__s6,A_f0.7_blind__lamarckian,A_f0.7_blind,A,lamarckian,6,850,train,50,2.86,13,13,59.11184954831266,0.9166666666666666,0.5,adaptive_blind,0.63125,0.8689118531098784,0.6079201018428708,403.0,74.0,126.0,711.0,62.0,8.0,0.0,0.0,50.0,2.0,16.0,25.0,25.0,0.0,0.0,0.0,0.0,0.0,16.0,25.0,0.0,0.0,0.0,0.0
A_f0.7_blind__lamarckian__s6,A_f0.7_blind__lamarckian,A_f0.7_blind,A,lamarckian,6,900,train,50,2.9,9,9,66.70246555431387,0.8541666666666666,0.5,adaptive_blind,0.6125,0.8839034243047911,0.6136622390891839,330.0,61.0,93.0,669.0,99.0,17.0,0.0,0.0,41.0,2.0,10.0,31.0,31.0,0.0,0.0,0.0,0.0,0.0,10.0,31.0,0.0,0.0,0.0,0.0
A_f0.7_blind__lamarckian__s6,A_f0.7_blind__lamarckian,A_f0.7_blind,A,lamarckian,6,950,train,50,3.0,14,14,54.55677556682733,0.9166666666666666,0.5,adaptive_blind,0.63125,0.8727767156336005,0.5810998603351953,334.0,56.0,104.0,571.0,85.0,16.0,0.0,0.0,48.0,1.0,23.0,19.0,24.0,2.0,0.0,0.0,0.0,0.0,23.0,19.0,0.0,0.0,0.0,0.0
A_f0.7_blind__lamarckian__s6,A_f0.7_blind__lamarckian,A_f0.7_blind,A,lamarckian,6,1000,train,50,3.1,9,9,89.51513297211591,0.8333333333333334,0.5,adaptive_blind,0.6,0.8716626970123809,0.6024353876739561,294.0,73.0,127.0,702.0,123.0,23.0,0.0,0.0,30.0,5.0,19.0,21.0,28.0,0.0,0.0,0.0,0.0,0.0,19.0,21.0,0.0,0.0,0.0,0.0
A_f0.7_blind__lamarckian__s6,A_f0.7_blind__lamarckian,A_f0.7_blind,A,lamarckian,6,1050,train,50,3.18,7,7,89.69337225584516,0.8333333333333334,0.5,adaptive_blind,0.5875,0.864388583549729,0.5984311483739837,351.0,57.0,128.0,719.0,161.0,24.0,0.0,0.0,34.0,2.0,18.0,29.0,30.0,3.0,0.0,0.0,0.0,0.0,18.0,29.0,0.0,0.0,0.0,0.0
A_f0.7_blind__lamarckian__s6,A_f0.7_blind__lamarckian,A_f0.7_blind,A,lamarckian,6,1100,train,50,3.18,8,8,76.8399763261452,0.9166666666666666,0.5,adaptive_blind,0.66875,0.8495184838675667,0.5875833778014938,424.0,82.0,101.0,612.0,121.0,22.0,0.0,0.0,40.0,5.0,14.0,24.0,27.0,3.0,0.0,0.0,0.0,0.0,14.0,24.0,0.0,0.0,0.0,0.0
A_f0.7_blind__lamarckian__s6,A_f0.7_blind__lamarckian,A_f0.7_blind,A,lamarckian,6,1150,train,50,3.12,14,14,72.11659327007348,0.8541666666666666,0.5,adaptive_blind,0.625,0.7608195324104571,0.5854011194029849,429.0,89.0,122.0,645.0,77.0,19.0,0.0,0.0,45.0,4.0,20.0,33.0,24.0,3.0,0.0,0.0,0.0,0.0,20.0,33.0,0.0,0.0,0.0,0.0
A_f0.7_blind__lamarckian__s6,A_f0.7_blind__lamarckian,A_f0.7_blind,A,lamarckian,6,1200,train,50,3.16,15,15,81.45518268389296,0.8541666666666666,0.5,adaptive_blind,0.575,0.9367438989548407,0.6077040816326529,321.0,65.0,128.0,622.0,94.0,18.0,0.0,0.0,39.0,0.0,12.0,28.0,30.0,1.0,0.0,0.0,0.0,0.0,12.0,28.0,0.0,0.0,0.0,0.0
A_f0.7_blind__lamarckian__s6,A_f0.7_blind__lamarckian,A_f0.7_blind,A,lamarckian,6,1250,train,50,3.64,15,15,77.30317746688102,0.8541666666666666,0.5,adaptive_blind,0.5875,0.9049165572551665,0.6040488022426096,385.0,58.0,139.0,774.0,66.0,17.0,0.0,0.0,35.0,1.0,19.0,30.0,23.0,4.0,0.0,0.0,0.0,0.0,19.0,30.0,0.0,0.0,0.0,0.0
A_f0.7_blind__lamarckian__s6,A_f0.7_blind__lamarckian,A_f0.7_blind,A,lamarckian,6,1300,train,50,3.82,13,13,61.19028558239488,0.9166666666666666,0.5,adaptive_blind,0.6,0.7648938512547161,0.5471092805320434,408.0,66.0,72.0,447.0,76.0,14.0,0.0,0.0,54.0,2.0,12.0,13.0,30.0,4.0,0.0,0.0,0.0,0.0,12.0,13.0,0.0,0.0,0.0,0.0
A_f0.7_blind__lamarckian__s6,A_f0.7_blind__lamarckian,A_f0.7_blind,A,lamarckian,6,1350,train,50,3.86,10,10,104.10614083540965,0.7708333333333334,0.5,adaptive_blind,0.6125,0.8338548044052001,0.580087129527991,249.0,51.0,102.0,540.0,85.0,17.0,0.0,0.0,44.0,2.0,10.0,22.0,25.0,2.0,0.0,0.0,0.0,0.0,10.0,22.0,0.0,0.0,0.0,0.0
A_f0.7_blind__lamarckian__s6,A_f0.7_blind__lamarckian,A_f0.7_blind,A,lamarckian,6,1400,train,50,3.92,18,18,45.88895051646417,0.9583333333333334,0.5,adaptive_blind,0.675,0.9320509769788999,0.6068063326551372,311.0,58.0,92.0,514.0,71.0,15.0,0.0,0.0,57.0,4.0,19.0,21.0,24.0,0.0,0.0,0.0,0.0,0.0,19.0,21.0,0.0,0.0,0.0,0.0
A_f0.7_blind__lamarckian__s6,A_f0.7_blind__lamarckian,A_f0.7_blind,A,lamarckian,6,1450,train,50,4.14,18,18,72.9315119377989,0.9166666666666666,0.5,adaptive_blind,0.60625,0.8591925518794707,0.5845011955366635,234.0,36.0,52.0,350.0,94.0,20.0,0.0,0.0,52.0,0.0,18.0,20.0,30.0,0.0,0.0,0.0,0.0,0.0,18.0,20.0,0.0,0.0,0.0,0.0
A_f0.7_blind__lamarckian__s6,A_f0.7_blind__lamarckian,A_f0.7_blind,A,lamarckian,6,1500,train,43,4.325581395348837,8,15,64.97962162174898,0.9583333333333334,0.5,adaptive_blind,0.575,0.8018696713709446,0.5472140875462392,245.0,35.0,59.0,308.0,41.0,11.0,0.0,0.0,49.0,1.0,15.0,25.0,19.0,3.0,0.0,0.0,0.0,0.0,15.0,25.0,0.0,0.0,0.0,0.0
A_f0.7_blind__lamarckian__s6,A_f0.7_blind__lamarckian,A_f0.7_blind,A,lamarckian,6,1550,eval,38,4.2631578947368425,11,16,90.21615082305661,0.9166666666666666,0.5,adaptive_blind,0.505,0.0,0.0,259.0,42.0,50.0,320.0,37.0,6.0,15.0,107.0,55.0,1.0,18.0,18.0,11.0,1.0,9.0,7.0,0.0,0.0,18.0,18.0,0.0,0.0,9.0,7.0
A_f0.7_blind__lamarckian__s6,A_f0.7_blind__lamarckian,A_f0.7_blind,A,lamarckian,6,1600,eval,49,4.387755102040816,21,10,141.77463485522247,0.6875,0.5,adaptive_blind,0.52,0.0,0.0,437.0,76.0,64.0,422.0,23.0,2.0,13.0,53.0,67.0,5.0,14.0,16.0,5.0,0.0,2.0,4.0,0.0,0.0,14.0,16.0,0.0,0.0,2.0,4.0
A_f0.7_blind__lamarckian__s6,A_f0.7_blind__lamarckian,A_f0.7_blind,A,lamarckian,6,1650,eval,50,4.5,8,7,71.42809282265043,0.875,0.5,adaptive_blind,0.525,0.0,0.0,477.0,72.0,69.0,419.0,134.0,24.0,31.0,161.0,54.0,1.0,20.0,21.0,27.0,2.0,3.0,6.0,0.0,0.0,20.0,21.0,0.0,0.0,3.0,6.0
A_f0.7_blind__lamarckian__s6,A_f0.7_blind__lamarckian,A_f0.7_blind,A,lamarckian,6,1700,eval,50,4.8,10,10,129.6306320811983,0.6875,0.5,adaptive_blind,0.5,0.0,0.0,500.0,83.0,97.0,558.0,80.0,14.0,30.0,155.0,53.0,2.0,7.0,17.0,5.0,0.0,3.0,6.0,0.0,0.0,7.0,17.0,0.0,0.0,3.0,6.0
A_f0.7_blind__lamarckian__s6,A_f0.7_blind__lamarckian,A_f0.7_blind,A,lamarckian,6,1750,eval,50,4.84,5,5,122.14900411367589,0.6041666666666666,0.5,adaptive_blind,0.45,0.0,0.0,577.0,120.0,89.0,544.0,168.0,37.0,20.0,89.0,32.0,2.0,16.0,16.0,21.0,0.0,4.0,2.0,0.0,0.0,16.0,16.0,0.0,0.0,4.0,2.0
A_f0.7_blind__lamarckian__s6,A_f0.7_blind__lamarckian,A_f0.7_blind,A,lamarckian,6,1800,eval,50,4.96,9,9,103.79016095233453,0.7916666666666666,0.5,adaptive_blind,0.56,0.0,0.0,665.0,124.0,84.0,479.0,139.0,21.0,20.0,110.0,43.0,3.0,12.0,28.0,19.0,0.0,4.0,2.0,0.0,0.0,12.0,28.0,0.0,0.0,4.0,2.0
A_f0.7_blind__lamarckian__s7,A_f0.7_blind__lamarckian,A_f0.7_blind,A,lamarckian,7,50,train,45,0.7777777777777778,32,7,101.36727427481435,0.7916666666666666,0.5,adaptive_blind,0.54375,0.5738402663193514,0.3862037037037036,172.0,36.0,33.0,190.0,61.0,12.0,0.0,0.0,34.0,7.0,3.0,42.0,14.0,5.0,0.0,0.0,0.0,0.0,3.0,42.0,0.0,0.0,0.0,0.0
A_f0.7_blind__lamarckian__s7,A_f0.7_blind__lamarckian,A_f0.7_blind,A,lamarckian,7,100,train,48,0.9791666666666666,19,16,45.14026086927951,0.9375,0.5,adaptive_blind,0.6375,0.8860460817311858,0.593551377118644,299.0,45.0,72.0,445.0,85.0,7.0,0.0,0.0,49.0,9.0,1.0,43.0,16.0,0.0,0.0,0.0,0.0,0.0,1.0,43.0,0.0,0.0,0.0,0.0
A_f0.7_blind__lamarckian__s7,A_f0.7_blind__lamarckian,A_f0.7_blind,A,lamarckian,7,150,train,38,0.9473684210526315,6,16,121.15418627245035,0.7916666666666666,0.5,adaptive_blind,0.5875,0.7626560039458049,0.554790199530516,392.0,56.0,63.0,431.0,97.0,14.0,0.0,0.0,43.0,2.0,8.0,30.0,12.0,3.0,0.0,0.0,0.0,0.0,8.0,30.0,0.0,0.0,0.0,0.0
A_f0.7_blind__lamarckian__s7,A_f0.7_blind__lamarckian,A_f0.7_blind,A,lamarckian,7,200,train,48,1.1666666666666667,24,14,96.00121985920453,0.8125,0.5,adaptive_blind,0.5375,0.8011649693293348,0.5329942810457517,321.0,60.0,85.0,455.0,110.0,17.0,0.0,0.0,34.0,3.0,12.0,35.0,18.0,3.0,0.0,0.0,0.0,0.0,12.0,35.0,0.0,0.0,0.0,0.0
A_f0.7_blind__lamarckian__s7,A_f0.7_blind__lamarckian,A_f0.7_blind,A,lamarckian,7,250,train,50,1.26,14,12,56.328147116769856,0.9166666666666666,0.5,adaptive_blind,0.63125,0.9368368593386769,0.6030081775700937,388.0,56.0,88.0,577.0,76.0,16.0,0.0,0.0,52.0,4.0,7.0,43.0,12.0,3.0,0.0,0.0,0.0,0.0,7.0,43.0,0.0,0.0,0.0,0.0
A_f0.7_blind__lamarckian__s7,A_f0.7_blind__lamarckian,A_f0.7_blind,A,lamarckian,7,300,train,46,1.1304347826086956,18,22,85.38956974297844,0.875,0.5,adaptive_blind,0.6375,0.7971500967201424,0.5804466159496324,284.0,53.0,102.0,586.0,68.0,12.0,0.0,0.0,34.0,2.0,14.0,29.0,17.0,0.0,0.0,0.0,0.0,0.0,14.0,29.0,0.0,0.0,0.0,0.0
A_f0.7_blind__lamarckian__s7,A_f0.7_blind__lamarckian,A_f0.7_blind,A,lamarckian,7,350,train,42,1.2619047619047619,11,15,109.58414580149898,0.7291666666666666,0.5,adaptive_blind,0.60625,0.8556919081195491,0.5790806361607141,268.0,44.0,91.0,503.0,82.0,12.0,0.0,0.0,31.0,3.0,19.0,32.0,15.0,1.0,0.0,0.0,0.0,0.0,19.0,32.0,0.0,0.0,0.0,0.0
A_f0.7_blind__lamarckian__s7,A_f0.7_blind__lamarckian,A_f0.7_blind,A,lamarckian,7,400,train,50,1.58,23,15,60.715543466097145,0.9375,0.5,adaptive_blind,0.6375,0.8461938226323865,0.5568795787545788,332.0,57.0,126.0,627.0,143.0,22.0,0.0,0.0,55.0,6.0,13.0,24.0,25.0,4.0,0.0,0.0,0.0,0.0,13.0,24.0,0.0,0.0,0.0,0.0
A_f0.7_blind__lamarckian__s7,A_f0.7_blind__lamarckian,A_f0.7_blind,A,lamarckian,7,450,train,50,1.76,15,15,61.14828104523246,0.9166666666666666,0.5,adaptive_blind,0.58125,0.8853461274390623,0.6027410624370595,300.0,51.0,79.0,520.0,142.0,23.0,0.0,0.0,50.0,1.0,16.0,25.0,19.0,0.0,0.0,0.0,0.0,0.0,16.0,25.0,0.0,0.0,0.0,0.0
A_f0.7_blind__lamarckian__s7,A_f0.7_blind__lamarckian,A_f0.7_blind,A,lamarckian,7,500,train,44,1.8409090909090908,17,23,94.0194448273831,0.8333333333333334,0.5,adaptive_blind,0.60625,0.8078148140709189,0.5653081797235024,284.0,40.0,67.0,449.0,74.0,17.0,0.0,0.0,53.0,6.0,8.0,20.0,6.0,0.0,0.0,0.0,0.0,0.0,8.0,20.0,0.0,0.0,0.0,0.0
A_f0.7_blind__lamarckian__s7,A_f0.7_blind__lamarckian,A_f0.7_blind,A,lamarckian,7,550,train,40,2.075,14,18,80.73433832171551,0.8541666666666666,0.5,adaptive_blind,0.6,0.8275133290215011,0.5735341676040495,226.0,32.0,66.0,354.0,219.0,31.0,0.0,0.0,47.0,1.0,12.0,36.0,20.0,0.0,0.0,0.0,0.0,0.0,12.0,36.0,0.0,0.0,0.0,0.0
A_f0.7_blind__lamarckian__s7,A_f0.7_blind__lamarckian,A_f0.7_blind,A,lamarckian,7,600,train,50,2.44,25,15,81.16027970530426,0.8333333333333334,0.5,adaptive_blind,0.625,0.7613045937454815,0.5329468870346599,342.0,61.0,87.0,486.0,72.0,14.0,0.0,0.0,48.0,4.0,16.0,28.0,11.0,2.0,0.0,0.0,0.0,0.0,16.0,28.0,0.0,0.0,0.0,0.0
A_f0.7_blind__lamarckian__s7,A_f0.7_blind__lamarckian,A_f0.7_blind,A,lamarckian,7,650,train,50,2.32,15,15,83.99482676011641,0.8541666666666666,0.5,adaptive_blind,0.6375,0.7999555193155226,0.5828059895833337,312.0,49.0,94.0,511.0,131.0,22.0,0.0,0.0,47.0,2.0,18.0,27.0,13.0,2.0,0.0,0.0,0.0,0.0,18.0,27.0,0.0,0.0,0.0,0.0
A_f0.7_blind__lamarckian__s7,A_f0.7_blind__lamarckian,A_f0.7_blind,A,lamarckian,7,700,train,50,2.56,15,15,87.0562018693422,0.8541666666666666,0.5,adaptive_blind,0.60625,0.9186966171757727,0.5992793501048219,539.0,92.0,125.0,687.0,42.0,8.0,0.0,0.0,43.0,4.0,16.0,34.0,8.0,1.0,0.0,0.0,0.0,0.0,16.0,34.0,0.0,0.0,0.0,0.0
A_f0.7_blind__lamarckian__s7,A_f0.7_blind__lamarckian,A_f0.7_blind,A,lamarckian,7,750,train,50,2.5,12,12,80.73063049408964,0.7916666666666666,0.5,adaptive_blind,0.60625,0.7787484333685004,0.5735172366992394,481.0,74.0,146.0,844.0,123.0,25.0,0.0,0.0,44.0,2.0,12.0,24.0,12.0,5.0,0.0,0.0,0.0,0.0,12.0,24.0,0.0,0.0,0.0,0.0
A_f0.7_blind__lamarckian__s7,A_f0.7_blind__lamarckian,A_f0.7_blind,A,lamarckian,7,800,train,50,2.68,12,12,63.887071142752376,0.8958333333333334,0.5,adaptive_blind,0.56875,0.963018307015769,0.6042828947368419,386.0,51.0,132.0,767.0,223.0,42.0,0.0,0.0,39.0,2.0,16.0,37.0,14.0,3.0,0.0,0.0,0.0,0.0,16.0,37.0,0.0,0.0,0.0,0.0
A_f0.7_blind__lamarckian__s7,A_f0.7_blind__lamarckian,A_f0.7_blind,A,lamarckian,7,850,train,50,2.68,14,14,85.85986948349709,0.75,0.5,adaptive_blind,0.63125,0.884982481509816,0.6117307692307696,356.0,49.0,141.0,821.0,133.0,23.0,0.0,0.0,43.0,1.0,15.0,28.0,13.0,1.0,0.0,0.0,0.0,0.0,15.0,28.0,0.0,0.0,0.0,0.0
A_f0.7_blind__lamarckian__s7,A_f0.7_blind__lamarckian,A_f0.7_blind,A,lamarckian,7,900,train,50,2.62,12,12,87.77331707545139,0.75,0.5,adaptive_blind,0.64375,0.8471315665645893,0.6100492495309564,385.0,77.0,166.0,924.0,61.0,2.0,0.0,0.0,36.0,3.0,6.0,38.0,15.0,0.0,0.0,0.0,0.0,0.0,6.0,38.0,0.0,0.0,0.0,0.0
A_f0.7_blind__lamarckian__s7,A_f0.7_blind__lamarckian,A_f0.7_blind,A,lamarckian,7,950,train,50,2.64,14,14,74.73131439957581,0.8125,0.5,adaptive_blind,0.675,0.8241262496772841,0.5935501269035532,418.0,65.0,130.0,653.0,117.0,20.0,0.0,0.0,44.0,3.0,21.0,21.0,18.0,0.0,0.0,0.0,0.0,0.0,21.0,21.0,0.0,0.0,0.0,0.0
A_f0.7_blind__lamarckian__s7,A_f0.7_blind__lamarckian,A_f0.7_blind,A,lamarckian,7,1000,train,50,2.92,17,17,64.73931344219166,0.875,0.5,adaptive_blind,0.61875,0.8690417933914596,0.6254996758859115,303.0,43.0,136.0,754.0,59.0,10.0,0.0,0.0,41.0,3.0,19.0,33.0,17.0,1.0,0.0,0.0,0.0,0.0,19.0,33.0,0.0,0.0,0.0,0.0
A_f0.7_blind__lamarckian__s7,A_f0.7_blind__lamarckian,A_f0.7_blind,A,lamarckian,7,1050,train,50,3.26,20,20,82.76348184627334,0.8333333333333334,0.5,adaptive_blind,0.575,0.8297111455804491,0.5858760626992559,300.0,51.0,82.0,446.0,104.0,9.0,0.0,0.0,48.0,4.0,16.0,25.0,16.0,1.0,0.0,0.0,0.0,0.0,16.0,25.0,0.0,0.0,0.0,0.0
A_f0.7_blind__lamarckian__s7,A_f0.7_blind__lamarckian,A_f0.7_blind,A,lamarckian,7,1100,train,50,3.4,16,16,76.98786062579693,0.75,0.5,adaptive_blind,0.60625,0.756590885373145,0.5461670219244823,389.0,67.0,83.0,421.0,139.0,25.0,0.0,0.0,60.0,4.0,14.0,22.0,7.0,1.0,0.0,0.0,0.0,0.0,14.0,22.0,0.0,0.0,0.0,0.0
A_f0.7_blind__lamarckian__s7,A_f0.7_blind__lamarckian,A_f0.7_blind,A,lamarckian,7,1150,train,50,3.48,20,20,61.491727426292655,0.875,0.5,adaptive_blind,0.64375,0.8018110216684108,0.5888374616956078,332.0,63.0,98.0,546.0,117.0,19.0,0.0,0.0,36.0,3.0,26.0,29.0,17.0,0.0,0.0,0.0,0.0,0.0,26.0,29.0,0.0,0.0,0.0,0.0
A_f0.7_blind__lamarckian__s7,A_f0.7_blind__lamarckian,A_f0.7_blind,A,lamarckian,7,1200,train,50,3.54,11,11,57.07667216334622,0.9583333333333334,0.5,adaptive_blind,0.60625,0.8813443950708765,0.5978845164609052,385.0,49.0,74.0,455.0,90.0,24.0,0.0,0.0,58.0,3.0,11.0,22.0,21.0,0.0,0.0,0.0,0.0,0.0,11.0,22.0,0.0,0.0,0.0,0.0
A_f0.7_blind__lamarckian__s7,A_f0.7_blind__lamarckian,A_f0.7_blind,A,lamarckian,7,1250,train,50,3.6,17,17,49.894500354755756,0.9375,0.5,adaptive_blind,0.64375,0.8227968411477475,0.5674755184331797,454.0,74.0,108.0,647.0,50.0,8.0,0.0,0.0,51.0,6.0,20.0,21.0,17.0,0.0,0.0,0.0,0.0,0.0,20.0,21.0,0.0,0.0,0.0,0.0
A_f0.7_blind__lamarckian__s7,A_f0.7_blind__lamarckian,A_f0.7_blind,A,lamarckian,7,1300,train,50,3.52,9,9,53.47392689049302,0.8958333333333334,0.5,adaptive_blind,0.61875,0.8339220160733826,0.5841539389067523,297.0,50.0,119.0,594.0,81.0,14.0,0.0,0.0,49.0,2.0,18.0,23.0,24.0,0.0,0.0,0.0,0.0,0.0,18.0,23.0,0.0,0.0,0.0,0.0
A_f0.7_blind__lamarckian__s7,A_f0.7_blind__lamarckian,A_f0.7_blind,A,lamarckian,7,1350,train,47,3.9574468085106385,20,23,50.1234996624234,0.9791666666666666,0.5,adaptive_blind,0.55625,0.865099912130143,0.5647310786650777,333.0,52.0,63.0,408.0,61.0,10.0,0.0,0.0,51.0,1.0,17.0,27.0,14.0,1.0,0.0,0.0,0.0,0.0,17.0,27.0,0.0,0.0,0.0,0.0
A_f0.7_blind__lamarckian__s7,A_f0.7_blind__lamarckian,A_f0.7_blind,A,lamarckian,7,1400,train,37,3.972972972972973,13,23,48.89689453649282,0.9583333333333334,0.5,adaptive_blind,0.61875,0.6536105756417389,0.5141233766233766,353.0,46.0,64.0,378.0,55.0,8.0,0.0,0.0,62.0,1.0,15.0,18.0,15.0,1.0,0.0,0.0,0.0,0.0,15.0,18.0,0.0,0.0,0.0,0.0
A_f0.7_blind__lamarckian__s7,A_f0.7_blind__lamarckian,A_f0.7_blind,A,lamarckian,7,1450,train,32,4.15625,9,14,105.05029948567568,0.8125,0.5,adaptive_blind,0.56875,0.7641132288948375,0.5347239847715735,271.0,47.0,75.0,487.0,93.0,19.0,0.0,0.0,51.0,0.0,14.0,22.0,14.0,5.0,0.0,0.0,0.0,0.0,14.0,22.0,0.0,0.0,0.0,0.0
A_f0.7_blind__lamarckian__s7,A_f0.7_blind__lamarckian,A_f0.7_blind,A,lamarckian,7,1500,train,45,4.5777777777777775,18,5,61.26018278049463,0.9166666666666666,0.5,adaptive_blind,0.5875,0.6987370577991097,0.5214935064935065,294.0,59.0,103.0,669.0,16.0,3.0,0.0,0.0,66.0,3.0,16.0,27.0,11.0,1.0,0.0,0.0,0.0,0.0,16.0,27.0,0.0,0.0,0.0,0.0
A_f0.7_blind__lamarckian__s7,A_f0.7_blind__lamarckian,A_f0.7_blind,A,lamarckian,7,1550,eval,35,4.4,13,23,83.37540028830028,0.875,0.5,adaptive_blind,0.48,0.0,0.0,323.0,57.0,65.0,426.0,16.0,2.0,5.0,23.0,49.0,2.0,10.0,30.0,8.0,1.0,3.0,4.0,0.0,0.0,10.0,30.0,0.0,0.0,3.0,4.0
A_f0.7_blind__lamarckian__s7,A_f0.7_blind__lamarckian,A_f0.7_blind,A,lamarckian,7,1600,eval,42,4.714285714285714,17,10,67.93672035807249,0.875,0.5,adaptive_blind,0.525,0.0,0.0,517.0,103.0,65.0,321.0,11.0,3.0,7.0,18.0,69.0,4.0,11.0,16.0,4.0,3.0,5.0,3.0,0.0,0.0,11.0,16.0,0.0,0.0,5.0,3.0
A_f0.7_blind__lamarckian__s7,A_f0.7_blind__lamarckian,A_f0.7_blind,A,lamarckian,7,1650,eval,49,4.959183673469388,17,10,108.77138779511998,0.75,0.5,adaptive_blind,0.54,0.0,0.0,476.0,108.0,67.0,425.0,56.0,15.0,3.0,20.0,62.0,5.0,9.0,13.0,11.0,2.0,1.0,2.0,0.0,0.0,9.0,13.0,0.0,0.0,1.0,2.0
A_f0.7_blind__lamarckian__s7,A_f0.7_blind__lamarckian,A_f0.7_blind,A,lamarckian,7,1700,eval,42,4.976190476190476,9,16,56.15270270275697,0.9791666666666666,0.5,adaptive_blind,0.48,0.0,0.0,471.0,72.0,85.0,489.0,44.0,12.0,7.0,24.0,61.0,6.0,12.0,21.0,13.0,0.0,5.0,3.0,0.0,0.0,12.0,21.0,0.0,0.0,5.0,3.0
A_f0.7_blind__lamarckian__s7,A_f0.7_blind__lamarckian,A_f0.7_blind,A,lamarckian,7,1750,eval,39,5.0,9,12,94.67617152030834,0.8333333333333334,0.5,adaptive_blind,0.465,0.0,0.0,377.0,58.0,66.0,380.0,47.0,7.0,18.0,98.0,57.0,6.0,15.0,15.0,7.0,0.0,2.0,3.0,0.0,0.0,15.0,15.0,0.0,0.0,2.0,3.0
A_f0.7_blind__lamarckian__s7,A_f0.7_blind__lamarckian,A_f0.7_blind,A,lamarckian,7,1800,eval,50,5.28,22,11,65.58201040162815,0.875,0.5,adaptive_blind,0.52,0.0,0.0,563.0,92.0,72.0,434.0,117.0,24.0,20.0,120.0,67.0,2.0,17.0,17.0,13.0,1.0,6.0,7.0,0.0,0.0,17.0,17.0,0.0,0.0,6.0,7.0
A_f0.7_blind__lamarckian__s8,A_f0.7_blind__lamarckian,A_f0.7_blind,A,lamarckian,8,50,train,49,0.7142857142857143,33,4,103.56966084518956,0.8125,0.5,adaptive_blind,0.6,0.7940814924119702,0.5135678172942817,194.0,39.0,49.0,303.0,13.0,2.0,0.0,0.0,38.0,6.0,6.0,48.0,3.0,1.0,0.0,0.0,0.0,0.0,6.0,48.0,0.0,0.0,0.0,0.0
A_f0.7_blind__lamarckian__s8,A_f0.7_blind__lamarckian,A_f0.7_blind,A,lamarckian,8,100,train,50,0.94,11,10,71.85352369283225,0.8125,0.5,adaptive_blind,0.5875,0.8377577074907987,0.5596901260504201,375.0,66.0,41.0,333.0,119.0,19.0,0.0,0.0,49.0,4.0,5.0,39.0,13.0,3.0,0.0,0.0,0.0,0.0,5.0,39.0,0.0,0.0,0.0,0.0
A_f0.7_blind__lamarckian__s8,A_f0.7_blind__lamarckian,A_f0.7_blind,A,lamarckian,8,150,train,50,0.96,14,14,90.95153213210455,0.8333333333333334,0.5,adaptive_blind,0.59375,0.7579890537347947,0.5407030274656683,356.0,65.0,89.0,534.0,93.0,16.0,0.0,0.0,40.0,1.0,8.0,33.0,14.0,0.0,0.0,0.0,0.0,0.0,8.0,33.0,0.0,0.0,0.0,0.0
A_f0.7_blind__lamarckian__s8,A_f0.7_blind__lamarckian,A_f0.7_blind,A,lamarckian,8,200,train,50,0.94,13,13,146.89666438646006,0.625,0.5,adaptive_blind,0.625,1.0272950467165516,0.6351562499999999,354.0,65.0,195.0,980.0,54.0,14.0,0.0,0.0,28.0,5.0,16.0,32.0,3.0,2.0,0.0,0.0,0.0,0.0,16.0,32.0,0.0,0.0,0.0,0.0
A_f0.7_blind__lamarckian__s8,A_f0.7_blind__lamarckian,A_f0.7_blind,A,lamarckian,8,250,train,50,1.0,10,10,125.50219286262755,0.625,0.5,adaptive_blind,0.6125,1.005736884613415,0.6257109148112288,494.0,93.0,160.0,811.0,188.0,35.0,0.0,0.0,39.0,2.0,21.0,33.0,7.0,1.0,0.0,0.0,0.0,0.0,21.0,33.0,0.0,0.0,0.0,0.0
A_f0.7_blind__lamarckian__s8,A_f0.7_blind__lamarckian,A_f0.7_blind,A,lamarckian,8,300,train,50,1.0,5,5,162.8668642695614,0.5833333333333334,0.5,adaptive_blind,0.575,0.7660859361657246,0.584172775530839,410.0,85.0,159.0,836.0,63.0,17.0,0.0,0.0,35.0,0.0,9.0,36.0,6.0,1.0,0.0,0.0,0.0,0.0,9.0,36.0,0.0,0.0,0.0,0.0
A_f0.7_blind__lamarckian__s8,A_f0.7_blind__lamarckian,A_f0.7_blind,A,lamarckian,8,350,train,50,1.0,4,4,116.44221469351538,0.6458333333333334,0.5,adaptive_blind,0.59375,0.9510876567681322,0.6293942656391662,444.0,91.0,203.0,989.0,90.0,20.0,0.0,0.0,37.0,5.0,13.0,23.0,9.0,1.0,0.0,0.0,0.0,0.0,13.0,23.0,0.0,0.0,0.0,0.0
A_f0.7_blind__lamarckian__s8,A_f0.7_blind__lamarckian,A_f0.7_blind,A,lamarckian,8,400,train,50,1.0,4,4,121.18911660676957,0.6458333333333334,0.5,adaptive_blind,0.63125,0.9300962979001225,0.6273686305732482,383.0,65.0,190.0,1096.0,108.0,13.0,0.0,0.0,28.0,1.0,17.0,31.0,8.0,1.0,0.0,0.0,0.0,0.0,17.0,31.0,0.0,0.0,0.0,0.0
A_f0.7_blind__lamarckian__s8,A_f0.7_blind__lamarckian,A_f0.7_blind,A,lamarckian,8,450,train,50,1.0,4,4,107.88892905517957,0.7083333333333334,0.5,adaptive_blind,0.6,0.8065117497850867,0.5820320820021296,498.0,93.0,144.0,795.0,182.0,28.0,0.0,0.0,43.0,8.0,11.0,28.0,11.0,1.0,0.0,0.0,0.0,0.0,11.0,28.0,0.0,0.0,0.0,0.0
A_f0.7_blind__lamarckian__s8,A_f0.7_blind__lamarckian,A_f0.7_blind,A,lamarckian,8,500,train,50,1.42,16,16,107.90000613052814,0.7083333333333334,0.5,adaptive_blind,0.6,0.8859746109545514,0.5958311586638831,387.0,73.0,147.0,961.0,133.0,26.0,0.0,0.0,33.0,6.0,10.0,31.0,19.0,0.0,0.0,0.0,0.0,0.0,10.0,31.0,0.0,0.0,0.0,0.0
A_f0.7_blind__lamarckian__s8,A_f0.7_blind__lamarckian,A_f0.7_blind,A,lamarckian,8,550,train,50,1.6,14,14,97.9841962427108,0.75,0.5,adaptive_blind,0.59375,0.8008005240654184,0.5842117293625915,414.0,76.0,125.0,880.0,79.0,17.0,0.0,0.0,30.0,5.0,16.0,35.0,17.0,2.0,0.0,0.0,0.0,0.0,16.0,35.0,0.0,0.0,0.0,0.0
A_f0.7_blind__lamarckian__s8,A_f0.7_blind__lamarckian,A_f0.7_blind,A,lamarckian,8,600,train,50,1.7,10,10,106.30049754438616,0.6875,0.5,adaptive_blind,0.575,0.8748671544898514,0.6000191326530611,352.0,50.0,133.0,785.0,95.0,12.0,0.0,0.0,39.0,2.0,16.0,31.0,13.0,0.0,0.0,0.0,0.0,0.0,16.0,31.0,0.0,0.0,0.0,0.0
A_f0.7_blind__lamarckian__s8,A_f0.7_blind__lamarckian,A_f0.7_blind,A,lamarckian,8,650,train,50,1.84,13,13,78.7333630082044,0.8125,0.5,adaptive_blind,0.65625,1.0056684604353996,0.6331610130111527,338.0,60.0,149.0,784.0,158.0,31.0,0.0,0.0,38.0,4.0,13.0,35.0,14.0,1.0,0.0,0.0,0.0,0.0,13.0,35.0,0.0,0.0,0.0,0.0
A_f0.7_blind__lamarckian__s8,A_f0.7_blind__lamarckian,A_f0.7_blind,A,lamarckian,8,700,train,50,2.0,17,17,106.08286593172092,0.6666666666666666,0.5,adaptive_blind,0.63125,0.7612373292284276,0.5514062499999999,412.0,73.0,132.0,793.0,89.0,22.0,0.0,0.0,46.0,2.0,17.0,17.0,7.0,1.0,0.0,0.0,0.0,0.0,17.0,17.0,0.0,0.0,0.0,0.0
A_f0.7_blind__lamarckian__s8,A_f0.7_blind__lamarckian,A_f0.7_blind,A,lamarckian,8,750,train,50,2.04,12,12,86.82699475221355,0.7291666666666666,0.5,adaptive_blind,0.59375,0.9161241433753959,0.5775108381502891,367.0,83.0,122.0,758.0,119.0,24.0,0.0,0.0,37.0,4.0,9.0,36.0,12.0,0.0,0.0,0.0,0.0,0.0,9.0,36.0,0.0,0.0,0.0,0.0
A_f0.7_blind__lamarckian__s8,A_f0.7_blind__lamarckian,A_f0.7_blind,A,lamarckian,8,800,train,50,2.08,10,10,90.8545137966918,0.7916666666666666,0.5,adaptive_blind,0.59375,0.873449878611666,0.605640994094488,399.0,82.0,126.0,831.0,111.0,24.0,0.0,0.0,48.0,3.0,9.0,28.0,12.0,0.0,0.0,0.0,0.0,0.0,9.0,28.0,0.0,0.0,0.0,0.0
A_f0.7_blind__lamarckian__s8,A_f0.7_blind__lamarckian,A_f0.7_blind,A,lamarckian,8,850,train,50,2.08,8,8,104.89299964206683,0.7291666666666666,0.5,adaptive_blind,0.625,0.8780432664807021,0.6010585699797157,365.0,53.0,133.0,819.0,134.0,20.0,0.0,0.0,39.0,2.0,17.0,31.0,12.0,2.0,0.0,0.0,0.0,0.0,17.0,31.0,0.0,0.0,0.0,0.0
A_f0.7_blind__lamarckian__s8,A_f0.7_blind__lamarckian,A_f0.7_blind,A,lamarckian,8,900,train,50,2.12,15,15,70.53178037417403,0.8541666666666666,0.5,adaptive_blind,0.625,0.875925484762082,0.6012379685916918,408.0,63.0,120.0,768.0,56.0,7.0,0.0,0.0,57.0,2.0,19.0,27.0,17.0,0.0,0.0,0.0,0.0,0.0,19.0,27.0,0.0,0.0,0.0,0.0
A_f0.7_blind__lamarckian__s8,A_f0.7_blind__lamarckian,A_f0.7_blind,A,lamarckian,8,950,train,50,2.16,9,9,106.37876501609104,0.7916666666666666,0.5,adaptive_blind,0.6125,0.8644314485974618,0.6004257063572147,382.0,69.0,117.0,687.0,71.0,17.0,0.0,0.0,48.0,2.0,21.0,18.0,9.0,2.0,0.0,0.0,0.0,0.0,21.0,18.0,0.0,0.0,0.0,0.0
A_f0.7_blind__lamarckian__s8,A_f0.7_blind__lamarckian,A_f0.7_blind,A,lamarckian,8,1000,train,50,2.42,18,18,58.3753692822586,0.8333333333333334,0.5,adaptive_blind,0.56875,0.8359086756742822,0.566924076212471,454.0,79.0,77.0,432.0,53.0,3.0,0.0,0.0,65.0,3.0,11.0,15.0,17.0,1.0,0.0,0.0,0.0,0.0,11.0,15.0,0.0,0.0,0.0,0.0
A_f0.7_blind__lamarckian__s8,A_f0.7_blind__lamarckian,A_f0.7_blind,A,lamarckian,8,1050,train,50,2.76,18,18,56.42729495523862,0.9166666666666666,0.5,adaptive_blind,0.5875,0.8320117470157243,0.5928301282051283,280.0,49.0,78.0,496.0,72.0,11.0,0.0,0.0,56.0,2.0,20.0,27.0,14.0,1.0,0.0,0.0,0.0,0.0,20.0,27.0,0.0,0.0,0.0,0.0
A_f0.7_blind__lamarckian__s8,A_f0.7_blind__lamarckian,A_f0.7_blind,A,lamarckian,8,1100,train,50,2.82,17,17,51.13434238765904,0.8958333333333334,0.5,adaptive_blind,0.6,0.8485315413153869,0.5782152777777778,251.0,47.0,78.0,434.0,135.0,23.0,0.0,0.0,56.0,1.0,17.0,25.0,18.0,0.0,0.0,0.0,0.0,0.0,17.0,25.0,0.0,0.0,0.0,0.0
A_f0.7_blind__lamarckian__s8,A_f0.7_blind__lamarckian,A_f0.7_blind,A,lamarckian,8,1150,train,50,2.86,18,18,87.7432526547754,0.7916666666666666,0.5,adaptive_blind,0.61875,0.8256863405018418,0.5904052481902791,267.0,46.0,111.0,507.0,65.0,15.0,0.0,0.0,50.0,1.0,16.0,23.0,11.0,1.0,0.0,0.0,0.0,0.0,16.0,23.0,0.0,0.0,0.0,0.0
A_f0.7_blind__lamarckian__s8,A_f0.7_blind__lamarckian,A_f0.7_blind,A,lamarckian,8,1200,train,50,3.12,22,22,59.24880854672972,0.9375,0.5,adaptive_blind,0.575,0.850881782670984,0.5910041841004183,294.0,33.0,110.0,464.0,96.0,19.0,0.0,0.0,47.0,4.0,18.0,25.0,15.0,3.0,0.0,0.0,0.0,0.0,18.0,25.0,0.0,0.0,0.0,0.0
A_f0.7_blind__lamarckian__s8,A_f0.7_blind__lamarckian,A_f0.7_blind,A,lamarckian,8,1250,train,49,3.2448979591836733,17,18,77.51061368069279,0.8333333333333334,0.5,adaptive_blind,0.55,0.8998892331603373,0.5852777012127892,372.0,71.0,85.0,551.0,66.0,7.0,0.0,0.0,55.0,4.0,11.0,20.0,8.0,0.0,0.0,0.0,0.0,0.0,11.0,20.0,0.0,0.0,0.0,0.0
A_f0.7_blind__lamarckian__s8,A_f0.7_blind__lamarckian,A_f0.7_blind,A,lamarckian,8,1300,train,50,3.5,15,14,59.07406400259622,0.8958333333333334,0.5,adaptive_blind,0.6625,0.7573724504938772,0.5837531094527364,380.0,69.0,103.0,622.0,44.0,8.0,0.0,0.0,47.0,4.0,24.0,30.0,12.0,0.0,0.0,0.0,0.0,0.0,24.0,30.0,0.0,0.0,0.0,0.0
A_f0.7_blind__lamarckian__s8,A_f0.7_blind__lamarckian,A_f0.7_blind,A,lamarckian,8,1350,train,46,3.652173913043478,17,21,86.26748811325223,0.7708333333333334,0.5,adaptive_blind,0.59375,0.855329479261913,0.5926541363163373,259.0,38.0,91.0,467.0,88.0,12.0,0.0,0.0,39.0,6.0,14.0,25.0,14.0,1.0,0.0,0.0,0.0,0.0,14.0,25.0,0.0,0.0,0.0,0.0
A_f0.7_blind__lamarckian__s8,A_f0.7_blind__lamarckian,A_f0.7_blind,A,lamarckian,8,1400,train,50,3.78,18,14,55.29131294730326,0.9166666666666666,0.5,adaptive_blind,0.625,1.0392801766129578,0.6292542270531398,306.0,59.0,91.0,547.0,46.0,8.0,0.0,0.0,67.0,6.0,12.0,25.0,19.0,0.0,0.0,0.0,0.0,0.0,12.0,25.0,0.0,0.0,0.0,0.0
A_f0.7_blind__lamarckian__s8,A_f0.7_blind__lamarckian,A_f0.7_blind,A,lamarckian,8,1450,train,43,3.9069767441860463,11,18,82.64358736141165,0.8333333333333334,0.5,adaptive_blind,0.63125,0.736009355638356,0.5606867283950618,252.0,54.0,87.0,504.0,82.0,10.0,0.0,0.0,41.0,1.0,18.0,17.0,18.0,2.0,0.0,0.0,0.0,0.0,18.0,17.0,0.0,0.0,0.0,0.0
A_f0.7_blind__lamarckian__s8,A_f0.7_blind__lamarckian,A_f0.7_blind,A,lamarckian,8,1500,train,36,3.9444444444444446,10,17,67.56574810507429,0.9375,0.5,adaptive_blind,0.6125,0.8290633566496906,0.5642728711162257,236.0,44.0,102.0,520.0,46.0,17.0,0.0,0.0,49.0,2.0,18.0,31.0,14.0,0.0,0.0,0.0,0.0,0.0,18.0,31.0,0.0,0.0,0.0,0.0
A_f0.7_blind__lamarckian__s8,A_f0.7_blind__lamarckian,A_f0.7_blind,A,lamarckian,8,1550,eval,42,4.190476190476191,19,13,79.82520070732883,0.8541666666666666,0.5,adaptive_blind,0.475,0.0,0.0,358.0,66.0,79.0,395.0,19.0,10.0,3.0,21.0,57.0,4.0,21.0,16.0,8.0,1.0,3.0,3.0,0.0,0.0,21.0,16.0,0.0,0.0,3.0,3.0
A_f0.7_blind__lamarckian__s8,A_f0.7_blind__lamarckian,A_f0.7_blind,A,lamarckian,8,1600,eval,44,4.318181818181818,15,13,99.79434279633819,0.8333333333333334,0.5,adaptive_blind,0.515,0.0,0.0,368.0,71.0,78.0,471.0,18.0,7.0,9.0,28.0,54.0,4.0,13.0,28.0,7.0,1.0,2.0,4.0,0.0,0.0,13.0,28.0,0.0,0.0,2.0,4.0
A_f0.7_blind__lamarckian__s8,A_f0.7_blind__lamarckian,A_f0.7_blind,A,lamarckian,8,1650,eval,50,4.6,17,11,86.02779422001987,0.7708333333333334,0.5,adaptive_blind,0.52,0.0,0.0,424.0,86.0,85.0,480.0,63.0,11.0,8.0,52.0,53.0,6.0,11.0,17.0,8.0,0.0,3.0,4.0,0.0,0.0,11.0,17.0,0.0,0.0,3.0,4.0
A_f0.7_blind__lamarckian__s8,A_f0.7_blind__lamarckian,A_f0.7_blind,A,lamarckian,8,1700,eval,50,4.74,15,15,108.50221924658337,0.7916666666666666,0.5,adaptive_blind,0.515,0.0,0.0,645.0,108.0,92.0,529.0,68.0,11.0,8.0,31.0,51.0,3.0,15.0,23.0,4.0,1.0,1.0,5.0,0.0,0.0,15.0,23.0,0.0,0.0,1.0,5.0
A_f0.7_blind__lamarckian__s8,A_f0.7_blind__lamarckian,A_f0.7_blind,A,lamarckian,8,1750,eval,50,4.74,6,6,95.49116977128439,0.7708333333333334,0.5,adaptive_blind,0.495,0.0,0.0,650.0,132.0,121.0,663.0,30.0,3.0,6.0,38.0,55.0,6.0,10.0,19.0,9.0,1.0,2.0,4.0,0.0,0.0,10.0,19.0,0.0,0.0,2.0,4.0
A_f0.7_blind__lamarckian__s8,A_f0.7_blind__lamarckian,A_f0.7_blind,A,lamarckian,8,1800,eval,50,4.76,6,6,133.8091771782782,0.5625,0.5,adaptive_blind,0.49,0.0,0.0,693.0,131.0,122.0,740.0,43.0,9.0,1.0,13.0,33.0,6.0,7.0,24.0,6.0,0.0,1.0,2.0,0.0,0.0,7.0,24.0,0.0,0.0,1.0,2.0
A_f0.7_blind__lamarckian__s9,A_f0.7_blind__lamarckian,A_f0.7_blind,A,lamarckian,9,50,train,50,0.9,36,6,53.378374419155605,0.9375,0.5,adaptive_blind,0.58125,0.5165079911919859,0.37393479284369113,245.0,30.0,30.0,203.0,51.0,7.0,0.0,0.0,65.0,4.0,9.0,34.0,15.0,1.0,0.0,0.0,0.0,0.0,9.0,34.0,0.0,0.0,0.0,0.0
A_f0.7_blind__lamarckian__s9,A_f0.7_blind__lamarckian,A_f0.7_blind,A,lamarckian,9,100,train,42,1.1428571428571428,6,14,130.97054040228127,0.7291666666666666,0.5,adaptive_blind,0.6125,0.7013371389201296,0.5269886363636362,170.0,32.0,37.0,201.0,104.0,21.0,0.0,0.0,30.0,5.0,6.0,24.0,15.0,1.0,0.0,0.0,0.0,0.0,6.0,24.0,0.0,0.0,0.0,0.0
A_f0.7_blind__lamarckian__s9,A_f0.7_blind__lamarckian,A_f0.7_blind,A,lamarckian,9,150,train,50,1.26,16,8,56.461578841644716,0.8958333333333334,0.5,adaptive_blind,0.59375,0.8404125000047336,0.5228107829670325,273.0,49.0,86.0,465.0,127.0,32.0,0.0,0.0,50.0,6.0,11.0,22.0,18.0,4.0,0.0,0.0,0.0,0.0,11.0,22.0,0.0,0.0,0.0,0.0
A_f0.7_blind__lamarckian__s9,A_f0.7_blind__lamarckian,A_f0.7_blind,A,lamarckian,9,200,train,50,1.22,11,11,110.34060216767915,0.7291666666666666,0.5,adaptive_blind,0.59375,0.8681506738778664,0.5876417386609076,231.0,43.0,95.0,597.0,121.0,18.0,0.0,0.0,30.0,0.0,19.0,24.0,12.0,3.0,0.0,0.0,0.0,0.0,19.0,24.0,0.0,0.0,0.0,0.0
A_f0.7_blind__lamarckian__s9,A_f0.7_blind__lamarckian,A_f0.7_blind,A,lamarckian,9,250,train,50,1.2,11,11,127.2246024520748,0.625,0.5,adaptive_blind,0.6,0.8146971163301053,0.568252434135166,283.0,34.0,100.0,669.0,168.0,20.0,0.0,0.0,35.0,1.0,10.0,23.0,13.0,2.0,0.0,0.0,0.0,0.0,10.0,23.0,0.0,0.0,0.0,0.0
A_f0.7_blind__lamarckian__s9,A_f0.7_blind__lamarckian,A_f0.7_blind,A,lamarckian,9,300,train,50,1.18,8,8,113.94309440254085,0.6666666666666666,0.5,adaptive_blind,0.625,0.873834111504084,0.5795256193693694,342.0,54.0,152.0,713.0,197.0,36.0,0.0,0.0,27.0,2.0,15.0,32.0,11.0,5.0,0.0,0.0,0.0,0.0,15.0,32.0,0.0,0.0,0.0,0.0
A_f0.7_blind__lamarckian__s9,A_f0.7_blind__lamarckian,A_f0.7_blind,A,lamarckian,9,350,train,50,1.18,6,6,135.69448823545665,0.5625,0.5,adaptive_blind,0.6125,0.9606935159871213,0.6282119666048238,317.0,48.0,135.0,837.0,158.0,43.0,0.0,0.0,27.0,4.0,10.0,31.0,15.0,3.0,0.0,0.0,0.0,0.0,10.0,31.0,0.0,0.0,0.0,0.0
A_f0.7_blind__lamarckian__s9,A_f0.7_blind__lamarckian,A_f0.7_blind,A,lamarckian,9,400,train,50,1.16,4,4,121.24754888354929,0.7083333333333334,0.5,adaptive_blind,0.6375,0.9552466715822343,0.6342588495575223,409.0,71.0,170.0,984.0,128.0,13.0,0.0,0.0,23.0,2.0,13.0,35.0,16.0,3.0,0.0,0.0,0.0,0.0,13.0,35.0,0.0,0.0,0.0,0.0
A_f0.7_blind__lamarckian__s9,A_f0.7_blind__lamarckian,A_f0.7_blind,A,lamarckian,9,450,train,50,1.16,4,4,109.07415150081465,0.6666666666666666,0.5,adaptive_blind,0.58125,0.8919591818350595,0.6042349899091823,380.0,76.0,148.0,917.0,100.0,18.0,0.0,0.0,32.0,6.0,10.0,39.0,17.0,3.0,0.0,0.0,0.0,0.0,10.0,39.0,0.0,0.0,0.0,0.0
A_f0.7_blind__lamarckian__s9,A_f0.7_blind__lamarckian,A_f0.7_blind,A,lamarckian,9,500,train,50,1.44,8,8,70.05734259187552,0.8333333333333334,0.5,adaptive_blind,0.625,0.8451812317952362,0.5916416840458809,457.0,66.0,150.0,776.0,124.0,18.0,0.0,0.0,45.0,6.0,11.0,25.0,18.0,7.0,0.0,0.0,0.0,0.0,11.0,25.0,0.0,0.0,0.0,0.0
A_f0.7_blind__lamarckian__s9,A_f0.7_blind__lamarckian,A_f0.7_blind,A,lamarckian,9,550,train,50,1.74,13,13,108.55711288105763,0.75,0.5,adaptive_blind,0.60625,0.8637432675272437,0.5929540709812107,358.0,70.0,128.0,698.0,80.0,13.0,0.0,0.0,40.0,2.0,11.0,26.0,16.0,2.0,0.0,0.0,0.0,0.0,11.0,26.0,0.0,0.0,0.0,0.0
A_f0.7_blind__lamarckian__s9,A_f0.7_blind__lamarckian,A_f0.7_blind,A,lamarckian,9,600,train,50,1.86,14,14,97.7715330017411,0.7291666666666666,0.5,adaptive_blind,0.59375,1.0108459786616764,0.6261082848837212,318.0,55.0,155.0,908.0,39.0,7.0,0.0,0.0,28.0,3.0,12.0,29.0,17.0,4.0,0.0,0.0,0.0,0.0,12.0,29.0,0.0,0.0,0.0,0.0
A_f0.7_blind__lamarckian__s9,A_f0.7_blind__lamarckian,A_f0.7_blind,A,lamarckian,9,650,train,50,1.92,12,12,70.83455433979205,0.875,0.5,adaptive_blind,0.63125,0.8708083836306142,0.5939792976939202,250.0,51.0,131.0,734.0,134.0,23.0,0.0,0.0,43.0,3.0,11.0,37.0,19.0,2.0,0.0,0.0,0.0,0.0,11.0,37.0,0.0,0.0,0.0,0.0
A_f0.7_blind__lamarckian__s9,A_f0.7_blind__lamarckian,A_f0.7_blind,A,lamarckian,9,700,train,50,1.92,12,12,84.48582852861,0.8333333333333334,0.5,adaptive_blind,0.59375,0.8785842641733115,0.5905848930481281,310.0,72.0,107.0,664.0,126.0,28.0,0.0,0.0,50.0,3.0,9.0,26.0,19.0,8.0,0.0,0.0,0.0,0.0,9.0,26.0,0.0,0.0,0.0,0.0
A_f0.7_blind__lamarckian__s9,A_f0.7_blind__lamarckian,A_f0.7_blind,A,lamarckian,9,750,train,50,2.0,16,16,103.97537085375436,0.6875,0.5,adaptive_blind,0.5875,0.8544716751795942,0.5764780405405405,369.0,58.0,112.0,543.0,99.0,17.0,0.0,0.0,49.0,2.0,14.0,22.0,13.0,6.0,0.0,0.0,0.0,0.0,14.0,22.0,0.0,0.0,0.0,0.0
A_f0.7_blind__lamarckian__s9,A_f0.7_blind__lamarckian,A_f0.7_blind,A,lamarckian,9,800,train,50,2.08,11,11,88.10218698993177,0.8333333333333334,0.5,adaptive_blind,0.6,0.8743398750679339,0.5786057692307693,287.0,54.0,87.0,514.0,137.0,32.0,0.0,0.0,39.0,4.0,11.0,25.0,20.0,1.0,0.0,0.0,0.0,0.0,11.0,25.0,0.0,0.0,0.0,0.0
A_f0.7_blind__lamarckian__s9,A_f0.7_blind__lamarckian,A_f0.7_blind,A,lamarckian,9,850,train,50,2.22,13,13,74.73671633185569,0.8333333333333334,0.5,adaptive_blind,0.65,0.8193172426794783,0.5850760582010581,364.0,61.0,119.0,614.0,139.0,22.0,0.0,0.0,40.0,10.0,18.0,29.0,14.0,0.0,0.0,0.0,0.0,0.0,18.0,29.0,0.0,0.0,0.0,0.0
A_f0.7_blind__lamarckian__s9,A_f0.7_blind__lamarckian,A_f0.7_blind,A,lamarckian,9,900,train,50,2.46,12,12,83.49253964583608,0.8541666666666666,0.5,adaptive_blind,0.66875,0.7674676654142389,0.5960689252336449,340.0,51.0,76.0,593.0,108.0,25.0,0.0,0.0,40.0,1.0,12.0,38.0,20.0,1.0,0.0,0.0,0.0,0.0,12.0,38.0,0.0,0.0,0.0,0.0
A_f0.7_blind__lamarckian__s9,A_f0.7_blind__lamarckian,A_f0.7_blind,A,lamarckian,9,950,train,50,2.56,7,7,115.6854801122706,0.6875,0.5,adaptive_blind,0.58125,0.8989061904234532,0.6021472392638036,306.0,65.0,100.0,531.0,74.0,11.0,0.0,0.0,36.0,4.0,13.0,17.0,12.0,0.0,0.0,0.0,0.0,0.0,13.0,17.0,0.0,0.0,0.0,0.0
A_f0.7_blind__lamarckian__s9,A_f0.7_blind__lamarckian,A_f0.7_blind,A,lamarckian,9,1000,train,50,2.72,13,13,111.06690614556882,0.7291666666666666,0.5,adaptive_blind,0.6,0.9372063398652537,0.6044022302904566,308.0,61.0,112.0,589.0,72.0,7.0,0.0,0.0,50.0,2.0,15.0,23.0,19.0,1.0,0.0,0.0,0.0,0.0,15.0,23.0,0.0,0.0,0.0,0.0
A_f0.7_blind__lamarckian__s9,A_f0.7_blind__lamarckian,A_f0.7_blind,A,lamarckian,9,1050,train,50,2.9,15,15,95.49369241513573,0.7708333333333334,0.5,adaptive_blind,0.59375,0.8757003031435813,0.6167171774931381,236.0,32.0,132.0,756.0,83.0,20.0,0.0,0.0,32.0,2.0,16.0,37.0,24.0,4.0,0.0,0.0,0.0,0.0,16.0,37.0,0.0,0.0,0.0,0.0
A_f0.7_blind__lamarckian__s9,A_f0.7_blind__lamarckian,A_f0.7_blind,A,lamarckian,9,1100,train,50,2.94,18,18,88.26351716661875,0.7916666666666666,0.5,adaptive_blind,0.575,0.8622888015599564,0.594471153846154,419.0,63.0,117.0,709.0,59.0,10.0,0.0,0.0,36.0,3.0,17.0,27.0,26.0,1.0,0.0,0.0,0.0,0.0,17.0,27.0,0.0,0.0,0.0,0.0
A_f0.7_blind__lamarckian__s9,A_f0.7_blind__lamarckian,A_f0.7_blind,A,lamarckian,9,1150,train,50,2.98,14,14,90.81660706132332,0.8541666666666666,0.5,adaptive_blind,0.625,0.8185393030357264,0.5689673603192704,359.0,49.0,117.0,620.0,41.0,8.0,0.0,0.0,50.0,1.0,20.0,25.0,16.0,0.0,0.0,0.0,0.0,0.0,20.0,25.0,0.0,0.0,0.0,0.0
A_f0.7_blind__lamarckian__s9,A_f0.7_blind__lamarckian,A_f0.7_blind,A,lamarckian,9,1200,train,50,3.1,20,20,93.25996693314427,0.7916666666666666,0.5,adaptive_blind,0.56875,0.9591563765995471,0.6177861001964635,407.0,80.0,128.0,622.0,67.0,14.0,0.0,0.0,35.0,6.0,17.0,30.0,17.0,1.0,0.0,0.0,0.0,0.0,17.0,30.0,0.0,0.0,0.0,0.0
A_f0.7_blind__lamarckian__s9,A_f0.7_blind__lamarckian,A_f0.7_blind,A,lamarckian,9,1250,train,50,3.18,5,5,127.33990318587684,0.6458333333333334,0.5,adaptive_blind,0.575,0.8911051451998717,0.587380202628697,376.0,71.0,142.0,701.0,39.0,6.0,0.0,0.0,35.0,2.0,12.0,22.0,20.0,1.0,0.0,0.0,0.0,0.0,12.0,22.0,0.0,0.0,0.0,0.0
A_f0.7_blind__lamarckian__s9,A_f0.7_blind__lamarckian,A_f0.7_blind,A,lamarckian,9,1300,train,50,3.22,8,8,147.20190850965182,0.5833333333333334,0.5,adaptive_blind,0.575,0.9946308200838411,0.616039989939638,498.0,106.0,128.0,785.0,68.0,8.0,0.0,0.0,27.0,2.0,13.0,24.0,17.0,1.0,0.0,0.0,0.0,0.0,13.0,24.0,0.0,0.0,0.0,0.0
A_f0.7_blind__lamarckian__s9,A_f0.7_blind__lamarckian,A_f0.7_blind,A,lamarckian,9,1350,train,50,3.42,10,10,104.35265981410393,0.75,0.5,adaptive_blind,0.575,0.9679657227220697,0.6308076746323532,399.0,75.0,160.0,967.0,34.0,8.0,0.0,0.0,37.0,2.0,20.0,34.0,20.0,2.0,0.0,0.0,0.0,0.0,20.0,34.0,0.0,0.0,0.0,0.0
A_f0.7_blind__lamarckian__s9,A_f0.7_blind__lamarckian,A_f0.7_blind,A,lamarckian,9,1400,train,50,3.4,12,12,92.25239639231732,0.8541666666666666,0.5,adaptive_blind,0.625,1.001559556263723,0.6432459677419355,292.0,47.0,184.0,1021.0,72.0,13.0,0.0,0.0,33.0,1.0,20.0,42.0,20.0,2.0,0.0,0.0,0.0,0.0,20.0,42.0,0.0,0.0,0.0,0.0
A_f0.7_blind__lamarckian__s9,A_f0.7_blind__lamarckian,A_f0.7_blind,A,lamarckian,9,1450,train,50,3.54,6,6,116.50384599814535,0.6666666666666666,0.5,adaptive_blind,0.63125,0.9228440047710555,0.6082976310483874,360.0,54.0,136.0,776.0,78.0,18.0,0.0,0.0,30.0,6.0,12.0,28.0,21.0,1.0,0.0,0.0,0.0,0.0,12.0,28.0,0.0,0.0,0.0,0.0
A_f0.7_blind__lamarckian__s9,A_f0.7_blind__lamarckian,A_f0.7_blind,A,lamarckian,9,1500,train,50,3.66,10,10,127.4322257741251,0.6041666666666666,0.5,adaptive_blind,0.59375,0.8490387432258246,0.5860367330462863,397.0,75.0,121.0,815.0,102.0,13.0,0.0,0.0,35.0,1.0,12.0,28.0,24.0,1.0,0.0,0.0,0.0,0.0,12.0,28.0,0.0,0.0,0.0,0.0
A_f0.7_blind__lamarckian__s9,A_f0.7_blind__lamarckian,A_f0.7_blind,A,lamarckian,9,1550,eval,50,3.78,9,9,110.04320320805459,0.7083333333333334,0.5,adaptive_blind,0.495,0.0,0.0,735.0,121.0,93.0,561.0,47.0,11.0,4.0,45.0,43.0,4.0,12.0,20.0,12.0,1.0,3.0,5.0,0.0,0.0,12.0,20.0,0.0,0.0,3.0,5.0
A_f0.7_blind__lamarckian__s9,A_f0.7_blind__lamarckian,A_f0.7_blind,A,lamarckian,9,1600,eval,50,3.86,5,5,120.98139921265026,0.6458333333333334,0.5,adaptive_blind,0.46,0.0,0.0,580.0,80.0,144.0,703.0,81.0,17.0,7.0,61.0,45.0,4.0,22.0,23.0,13.0,0.0,1.0,2.0,0.0,0.0,22.0,23.0,0.0,0.0,1.0,2.0
A_f0.7_blind__lamarckian__s9,A_f0.7_blind__lamarckian,A_f0.7_blind,A,lamarckian,9,1650,eval,50,3.92,4,4,91.50257614364438,0.75,0.5,adaptive_blind,0.485,0.0,0.0,551.0,89.0,102.0,648.0,109.0,22.0,12.0,61.0,45.0,4.0,18.0,24.0,14.0,1.0,4.0,3.0,0.0,0.0,18.0,24.0,0.0,0.0,4.0,3.0
A_f0.7_blind__lamarckian__s9,A_f0.7_blind__lamarckian,A_f0.7_blind,A,lamarckian,9,1700,eval,50,4.12,13,13,107.98004019724905,0.6666666666666666,0.5,adaptive_blind,0.495,0.0,0.0,404.0,72.0,123.0,746.0,81.0,15.0,22.0,126.0,42.0,4.0,10.0,31.0,7.0,0.0,6.0,3.0,0.0,0.0,10.0,31.0,0.0,0.0,6.0,3.0
A_f0.7_blind__lamarckian__s9,A_f0.7_blind__lamarckian,A_f0.7_blind,A,lamarckian,9,1750,eval,50,4.16,12,12,102.46783538557179,0.7291666666666666,0.5,adaptive_blind,0.485,0.0,0.0,635.0,103.0,102.0,556.0,71.0,16.0,13.0,82.0,49.0,3.0,20.0,30.0,10.0,1.0,2.0,4.0,0.0,0.0,20.0,30.0,0.0,0.0,2.0,4.0
A_f0.7_blind__lamarckian__s9,A_f0.7_blind__lamarckian,A_f0.7_blind,A,lamarckian,9,1800,eval,50,4.34,11,11,164.92597441348894,0.5,0.5,adaptive_blind,0.515,0.0,0.0,605.0,126.0,131.0,672.0,106.0,27.0,15.0,113.0,21.0,2.0,7.0,33.0,12.0,3.0,0.0,3.0,0.0,0.0,7.0,33.0,0.0,0.0,0.0,3.0
A_f0.7_blind__lamarckian__s10,A_f0.7_blind__lamarckian,A_f0.7_blind,A,lamarckian,10,50,train,50,0.8,32,2,75.35250109564326,0.8541666666666666,0.5,adaptive_blind,0.51875,0.6540169882218358,0.4232112068965521,156.0,18.0,40.0,267.0,46.0,8.0,0.0,0.0,46.0,2.0,5.0,38.0,16.0,2.0,0.0,0.0,0.0,0.0,5.0,38.0,0.0,0.0,0.0,0.0
A_f0.7_blind__lamarckian__s10,A_f0.7_blind__lamarckian,A_f0.7_blind,A,lamarckian,10,100,train,46,0.8913043478260869,10,14,90.8733905119415,0.8541666666666666,0.5,adaptive_blind,0.5875,0.9592117066581729,0.6123767694641056,161.0,25.0,71.0,431.0,110.0,27.0,0.0,0.0,42.0,3.0,6.0,35.0,21.0,5.0,0.0,0.0,0.0,0.0,6.0,35.0,0.0,0.0,0.0,0.0
A_f0.7_blind__lamarckian__s10,A_f0.7_blind__lamarckian,A_f0.7_blind,A,lamarckian,10,150,train,50,1.28,22,18,111.55103700991064,0.6875,0.5,adaptive_blind,0.60625,0.8054390413774071,0.5633193155452438,332.0,55.0,68.0,440.0,82.0,15.0,0.0,0.0,34.0,4.0,9.0,30.0,22.0,1.0,0.0,0.0,0.0,0.0,9.0,30.0,0.0,0.0,0.0,0.0
A_f0.7_blind__lamarckian__s10,A_f0.7_blind__lamarckian,A_f0.7_blind,A,lamarckian,10,200,train,50,1.34,11,11,91.3449570206986,0.8541666666666666,0.5,adaptive_blind,0.6,0.8576472530621402,0.5931824112734863,459.0,72.0,128.0,649.0,53.0,11.0,0.0,0.0,35.0,1.0,17.0,39.0,15.0,4.0,0.0,0.0,0.0,0.0,17.0,39.0,0.0,0.0,0.0,0.0
A_f0.7_blind__lamarckian__s10,A_f0.7_blind__lamarckian,A_f0.7_blind,A,lamarckian,10,250,train,50,1.26,9,9,125.7074790650058,0.6666666666666666,0.5,adaptive_blind,0.63125,0.8433311445830778,0.586336045891142,315.0,54.0,97.0,586.0,111.0,11.0,0.0,0.0,32.0,2.0,7.0,39.0,19.0,0.0,0.0,0.0,0.0,0.0,7.0,39.0,0.0,0.0,0.0,0.0
A_f0.7_blind__lamarckian__s10,A_f0.7_blind__lamarckian,A_f0.7_blind,A,lamarckian,10,300,train,50,1.24,4,4,133.03568073720987,0.5833333333333334,0.5,adaptive_blind,0.61875,0.8745428138426847,0.6022258551307849,368.0,68.0,154.0,882.0,64.0,14.0,0.0,0.0,33.0,2.0,12.0,33.0,20.0,3.0,0.0,0.0,0.0,0.0,12.0,33.0,0.0,0.0,0.0,0.0
A_f0.7_blind__lamarckian__s10,A_f0.7_blind__lamarckian,A_f0.7_blind,A,lamarckian,10,350,train,50,1.26,3,3,109.60566301342945,0.6875,0.5,adaptive_blind,0.5875,0.9104285037375139,0.580831916099773,445.0,93.0,140.0,765.0,126.0,21.0,0.0,0.0,28.0,5.0,11.0,29.0,13.0,2.0,0.0,0.0,0.0,0.0,11.0,29.0,0.0,0.0,0.0,0.0
A_f0.7_blind__lamarckian__s10,A_f0.7_blind__lamarckian,A_f0.7_blind,A,lamarckian,10,400,train,50,1.26,8,8,126.97100185254877,0.6458333333333334,0.5,adaptive_blind,0.53125,0.9854072041130559,0.5956539735099338,453.0,71.0,140.0,776.0,117.0,19.0,0.0,0.0,34.0,2.0,12.0,35.0,12.0,2.0,0.0,0.0,0.0,0.0,12.0,35.0,0.0,0.0,0.0,0.0
A_f0.7_blind__lamarckian__s10,A_f0.7_blind__lamarckian,A_f0.7_blind,A,lamarckian,10,450,train,50,1.24,2,2,160.91069003100762,0.4791666666666667,0.5,adaptive_blind,0.6125,0.9543957206664188,0.6153666338582673,438.0,71.0,124.0,750.0,116.0,20.0,0.0,0.0,26.0,7.0,7.0,31.0,16.0,1.0,0.0,0.0,0.0,0.0,7.0,31.0,0.0,0.0,0.0,0.0
A_f0.7_blind__lamarckian__s10,A_f0.7_blind__lamarckian,A_f0.7_blind,A,lamarckian,10,500,train,50,1.68,11,11,147.26336454540757,0.4791666666666667,0.5,adaptive_blind,0.64375,0.9327859249950059,0.6110138334995017,334.0,60.0,148.0,748.0,174.0,33.0,0.0,0.0,28.0,1.0,8.0,25.0,17.0,5.0,0.0,0.0,0.0,0.0,8.0,25.0,0.0,0.0,0.0,0.0
A_f0.7_blind__lamarckian__s10,A_f0.7_blind__lamarckian,A_f0.7_blind,A,lamarckian,10,550,train,50,1.84,10,10,108.01160936700032,0.7083333333333334,0.5,adaptive_blind,0.5875,1.0390494784369682,0.6215797738693465,416.0,72.0,152.0,927.0,87.0,7.0,0.0,0.0,27.0,1.0,18.0,32.0,23.0,1.0,0.0,0.0,0.0,0.0,18.0,32.0,0.0,0.0,0.0,0.0
A_f0.7_blind__lamarckian__s10,A_f0.7_blind__lamarckian,A_f0.7_blind,A,lamarckian,10,600,train,50,1.92,13,13,141.97887144078337,0.5833333333333334,0.5,adaptive_blind,0.625,0.8937200552460083,0.6044494197780022,379.0,75.0,104.0,623.0,65.0,15.0,0.0,0.0,31.0,4.0,10.0,30.0,14.0,2.0,0.0,0.0,0.0,0.0,10.0,30.0,0.0,0.0,0.0,0.0
A_f0.7_blind__lamarckian__s10,A_f0.7_blind__lamarckian,A_f0.7_blind,A,lamarckian,10,650,train,50,2.04,12,12,123.20567131105221,0.5833333333333334,0.5,adaptive_blind,0.63125,0.841547659661193,0.5801762114537445,485.0,94.0,109.0,628.0,106.0,18.0,0.0,0.0,35.0,2.0,13.0,32.0,17.0,3.0,0.0,0.0,0.0,0.0,13.0,32.0,0.0,0.0,0.0,0.0
A_f0.7_blind__lamarckian__s10,A_f0.7_blind__lamarckian,A_f0.7_blind,A,lamarckian,10,700,train,50,2.22,14,14,74.83465410834246,0.7916666666666666,0.5,adaptive_blind,0.6375,0.7396489962344506,0.5727848101265822,363.0,72.0,110.0,630.0,124.0,18.0,0.0,0.0,44.0,1.0,17.0,34.0,28.0,2.0,0.0,0.0,0.0,0.0,17.0,34.0,0.0,0.0,0.0,0.0
A_f0.7_blind__lamarckian__s10,A_f0.7_blind__lamarckian,A_f0.7_blind,A,lamarckian,10,750,train,50,2.22,14,14,74.93445040167292,0.9166666666666666,0.5,adaptive_blind,0.65,0.778134693007281,0.5629280821917806,426.0,72.0,90.0,475.0,112.0,17.0,0.0,0.0,51.0,2.0,18.0,18.0,22.0,1.0,0.0,0.0,0.0,0.0,18.0,18.0,0.0,0.0,0.0,0.0
A_f0.7_blind__lamarckian__s10,A_f0.7_blind__lamarckian,A_f0.7_blind,A,lamarckian,10,800,train,50,2.16,10,10,82.45504131753896,0.9166666666666666,0.5,adaptive_blind,0.64375,0.745989959377716,0.5593892531356901,335.0,54.0,125.0,625.0,122.0,16.0,0.0,0.0,43.0,3.0,18.0,27.0,24.0,5.0,0.0,0.0,0.0,0.0,18.0,27.0,0.0,0.0,0.0,0.0
A_f0.7_blind__lamarckian__s10,A_f0.7_blind__lamarckian,A_f0.7_blind,A,lamarckian,10,850,train,50,2.14,10,10,115.16109179841362,0.625,0.5,adaptive_blind,0.63125,0.800033598283991,0.5568436379928317,364.0,55.0,108.0,586.0,89.0,14.0,0.0,0.0,30.0,3.0,16.0,22.0,25.0,2.0,0.0,0.0,0.0,0.0,16.0,22.0,0.0,0.0,0.0,0.0
A_f0.7_blind__lamarckian__s10,A_f0.7_blind__lamarckian,A_f0.7_blind,A,lamarckian,10,900,train,50,2.26,13,13,78.11368516003958,0.9375,0.5,adaptive_blind,0.56875,0.9009461240733059,0.6005681818181821,370.0,51.0,142.0,704.0,90.0,15.0,0.0,0.0,43.0,4.0,14.0,35.0,22.0,3.0,0.0,0.0,0.0,0.0,14.0,35.0,0.0,0.0,0.0,0.0
A_f0.7_blind__lamarckian__s10,A_f0.7_blind__lamarckian,A_f0.7_blind,A,lamarckian,10,950,train,50,2.32,8,8,108.84791877457474,0.7291666666666666,0.5,adaptive_blind,0.60625,0.8703582607538574,0.5843337458745874,273.0,45.0,119.0,819.0,150.0,28.0,0.0,0.0,36.0,3.0,20.0,25.0,22.0,0.0,0.0,0.0,0.0,0.0,20.0,25.0,0.0,0.0,0.0,0.0
A_f0.7_blind__lamarckian__s10,A_f0.7_blind__lamarckian,A_f0.7_blind,A,lamarckian,10,1000,train,50,2.56,13,13,84.14870046528583,0.7916666666666666,0.5,adaptive_blind,0.55625,0.8536582089387121,0.5818144273127752,342.0,66.0,100.0,604.0,120.0,31.0,0.0,0.0,37.0,3.0,14.0,24.0,28.0,3.0,0.0,0.0,0.0,0.0,14.0,24.0,0.0,0.0,0.0,0.0
A_f0.7_blind__lamarckian__s10,A_f0.7_blind__lamarckian,A_f0.7_blind,A,lamarckian,10,1050,train,50,2.84,17,17,66.12597122223391,0.875,0.5,adaptive_blind,0.6125,0.8260277608218402,0.594294028340081,317.0,63.0,71.0,525.0,106.0,23.0,0.0,0.0,36.0,5.0,23.0,25.0,27.0,0.0,0.0,0.0,0.0,0.0,23.0,25.0,0.0,0.0,0.0,0.0
A_f0.7_blind__lamarckian__s10,A_f0.7_blind__lamarckian,A_f0.7_blind,A,lamarckian,10,1100,train,50,2.88,14,14,92.63316951634918,0.7708333333333334,0.5,adaptive_blind,0.60625,0.8465451593154217,0.5649640129259694,331.0,58.0,75.0,421.0,108.0,25.0,0.0,0.0,44.0,2.0,15.0,19.0,20.0,2.0,0.0,0.0,0.0,0.0,15.0,19.0,0.0,0.0,0.0,0.0
A_f0.7_blind__lamarckian__s10,A_f0.7_blind__lamarckian,A_f0.7_blind,A,lamarckian,10,1150,train,50,2.94,19,19,72.79557497698504,0.9375,0.5,adaptive_blind,0.55625,0.853892780278299,0.5833673747276684,303.0,62.0,92.0,408.0,115.0,25.0,0.0,0.0,47.0,2.0,19.0,23.0,20.0,1.0,0.0,0.0,0.0,0.0,19.0,23.0,0.0,0.0,0.0,0.0
A_f0.7_blind__lamarckian__s10,A_f0.7_blind__lamarckian,A_f0.7_blind,A,lamarckian,10,1200,train,50,3.02,17,17,72.00935913745793,0.8333333333333334,0.5,adaptive_blind,0.60625,0.808071380083623,0.5692075766174802,292.0,56.0,72.0,452.0,111.0,23.0,0.0,0.0,47.0,4.0,13.0,27.0,27.0,1.0,0.0,0.0,0.0,0.0,13.0,27.0,0.0,0.0,0.0,0.0
A_f0.7_blind__lamarckian__s10,A_f0.7_blind__lamarckian,A_f0.7_blind,A,lamarckian,10,1250,train,50,3.0,17,17,62.63788197380827,0.9583333333333334,0.5,adaptive_blind,0.5875,0.9123115246525533,0.5908627717391302,326.0,66.0,80.0,490.0,131.0,30.0,0.0,0.0,60.0,3.0,11.0,21.0,26.0,1.0,0.0,0.0,0.0,0.0,11.0,21.0,0.0,0.0,0.0,0.0
A_f0.7_blind__lamarckian__s10,A_f0.7_blind__lamarckian,A_f0.7_blind,A,lamarckian,10,1300,train,50,2.94,11,11,54.64062114805186,0.9375,0.5,adaptive_blind,0.625,0.8408570356545128,0.5669231330221709,348.0,62.0,58.0,344.0,86.0,21.0,0.0,0.0,66.0,1.0,11.0,13.0,25.0,0.0,0.0,0.0,0.0,0.0,11.0,13.0,0.0,0.0,0.0,0.0
A_f0.7_blind__lamarckian__s10,A_f0.7_blind__lamarckian,A_f0.7_blind,A,lamarckian,10,1350,train,50,2.98,17,17,61.77676474679028,0.9166666666666666,0.5,adaptive_blind,0.5875,0.7488871573307176,0.5673980010952906,255.0,56.0,66.0,429.0,55.0,12.0,0.0,0.0,51.0,4.0,12.0,14.0,23.0,0.0,0.0,0.0,0.0,0.0,12.0,14.0,0.0,0.0,0.0,0.0
A_f0.7_blind__lamarckian__s10,A_f0.7_blind__lamarckian,A_f0.7_blind,A,lamarckian,10,1400,train,50,3.1,15,15,47.01091139598284,0.9791666666666666,0.5,adaptive_blind,0.60625,0.8089685365308228,0.5827810846560848,262.0,33.0,103.0,479.0,76.0,11.0,0.0,0.0,56.0,4.0,16.0,24.0,29.0,0.0,0.0,0.0,0.0,0.0,16.0,24.0,0.0,0.0,0.0,0.0
A_f0.7_blind__lamarckian__s10,A_f0.7_blind__lamarckian,A_f0.7_blind,A,lamarckian,10,1450,train,50,3.66,18,18,54.422618100326815,0.9791666666666666,0.5,adaptive_blind,0.625,0.8281685240987349,0.6008732960077896,229.0,45.0,96.0,543.0,75.0,4.0,0.0,0.0,49.0,0.0,19.0,25.0,29.0,0.0,0.0,0.0,0.0,0.0,19.0,25.0,0.0,0.0,0.0,0.0
A_f0.7_blind__lamarckian__s10,A_f0.7_blind__lamarckian,A_f0.7_blind,A,lamarckian,10,1500,train,47,3.8085106382978724,16,19,49.48617183558465,0.9375,0.5,adaptive_blind,0.6,0.7696482007175458,0.5603038594470047,236.0,41.0,100.0,541.0,45.0,5.0,0.0,0.0,59.0,2.0,23.0,21.0,21.0,1.0,0.0,0.0,0.0,0.0,23.0,21.0,0.0,0.0,0.0,0.0
A_f0.7_blind__lamarckian__s10,A_f0.7_blind__lamarckian,A_f0.7_blind,A,lamarckian,10,1550,eval,37,3.8378378378378377,13,23,86.29918150973995,0.8333333333333334,0.5,adaptive_blind,0.495,0.0,0.0,286.0,54.0,64.0,415.0,16.0,6.0,8.0,45.0,52.0,0.0,13.0,18.0,11.0,1.0,3.0,5.0,0.0,0.0,13.0,18.0,0.0,0.0,3.0,5.0
A_f0.7_blind__lamarckian__s10,A_f0.7_blind__lamarckian,A_f0.7_blind,A,lamarckian,10,1600,eval,30,3.933333333333333,11,18,105.75929420193017,0.8333333333333334,0.5,adaptive_blind,0.525,0.0,0.0,269.0,39.0,69.0,342.0,14.0,4.0,7.0,40.0,57.0,1.0,17.0,21.0,12.0,1.0,5.0,3.0,0.0,0.0,17.0,21.0,0.0,0.0,5.0,3.0
A_f0.7_blind__lamarckian__s10,A_f0.7_blind__lamarckian,A_f0.7_blind,A,lamarckian,10,1650,eval,30,4.133333333333334,8,8,67.297210448763,0.9166666666666666,0.5,adaptive_blind,0.51,0.0,0.0,276.0,58.0,56.0,296.0,30.0,4.0,6.0,38.0,54.0,3.0,26.0,13.0,23.0,2.0,4.0,1.0,0.0,0.0,26.0,13.0,0.0,0.0,4.0,1.0
A_f0.7_blind__lamarckian__s10,A_f0.7_blind__lamarckian,A_f0.7_blind,A,lamarckian,10,1700,eval,36,4.361111111111111,16,10,74.72461728270056,0.8333333333333334,0.5,adaptive_blind,0.525,0.0,0.0,374.0,59.0,66.0,381.0,18.0,3.0,9.0,51.0,74.0,1.0,15.0,14.0,11.0,1.0,9.0,1.0,0.0,0.0,15.0,14.0,0.0,0.0,9.0,1.0
A_f0.7_blind__lamarckian__s10,A_f0.7_blind__lamarckian,A_f0.7_blind,A,lamarckian,10,1750,eval,36,4.583333333333333,11,11,63.34716093761291,0.8958333333333334,0.5,adaptive_blind,0.5,0.0,0.0,359.0,65.0,69.0,348.0,17.0,3.0,11.0,42.0,64.0,1.0,24.0,13.0,14.0,0.0,7.0,0.0,0.0,0.0,24.0,13.0,0.0,0.0,7.0,0.0
A_f0.7_blind__lamarckian__s10,A_f0.7_blind__lamarckian,A_f0.7_blind,A,lamarckian,10,1800,eval,36,4.777777777777778,11,11,99.81165423628829,0.8333333333333334,0.5,adaptive_blind,0.52,0.0,0.0,312.0,60.0,69.0,384.0,34.0,7.0,3.0,17.0,55.0,2.0,23.0,15.0,24.0,0.0,2.0,0.0,0.0,0.0,23.0,15.0,0.0,0.0,2.0,0.0
A_f0.7_blind__lamarckian__s11,A_f0.7_blind__lamarckian,A_f0.7_blind,A,lamarckian,11,50,train,50,0.88,36,6,100.23499025014348,0.7916666666666666,0.5,adaptive_blind,0.51875,0.644624684783011,0.42901785714285734,207.0,38.0,51.0,239.0,190.0,27.0,0.0,0.0,22.0,5.0,4.0,36.0,27.0,4.0,0.0,0.0,0.0,0.0,4.0,36.0,0.0,0.0,0.0,0.0
A_f0.7_blind__lamarckian__s11,A_f0.7_blind__lamarckian,A_f0.7_blind,A,lamarckian,11,100,train,50,0.98,10,10,92.40661216865121,0.8541666666666666,0.5,adaptive_blind,0.60625,0.8909109792735117,0.5733811117578578,198.0,45.0,90.0,425.0,103.0,27.0,0.0,0.0,23.0,7.0,13.0,33.0,17.0,3.0,0.0,0.0,0.0,0.0,13.0,33.0,0.0,0.0,0.0,0.0
A_f0.7_blind__lamarckian__s11,A_f0.7_blind__lamarckian,A_f0.7_blind,A,lamarckian,11,150,train,50,1.02,12,12,108.13427844649921,0.7708333333333334,0.5,adaptive_blind,0.6125,0.8311385046337028,0.5517326732673267,397.0,71.0,109.0,563.0,152.0,33.0,0.0,0.0,27.0,5.0,11.0,25.0,29.0,4.0,0.0,0.0,0.0,0.0,11.0,25.0,0.0,0.0,0.0,0.0
A_f0.7_blind__lamarckian__s11,A_f0.7_blind__lamarckian,A_f0.7_blind,A,lamarckian,11,200,train,50,1.02,10,10,98.38797884270132,0.8541666666666666,0.5,adaptive_blind,0.55625,0.816367436787507,0.5771697598253276,426.0,81.0,125.0,686.0,157.0,31.0,0.0,0.0,29.0,6.0,10.0,40.0,31.0,3.0,0.0,0.0,0.0,0.0,10.0,40.0,0.0,0.0,0.0,0.0
A_f0.7_blind__lamarckian__s11,A_f0.7_blind__lamarckian,A_f0.7_blind,A,lamarckian,11,250,train,50,1.0,12,12,74.86217171300123,0.875,0.5,adaptive_blind,0.6125,0.8404258816072837,0.579051180021954,525.0,78.0,95.0,477.0,89.0,13.0,0.0,0.0,41.0,8.0,9.0,29.0,28.0,2.0,0.0,0.0,0.0,0.0,9.0,29.0,0.0,0.0,0.0,0.0
A_f0.7_blind__lamarckian__s11,A_f0.7_blind__lamarckian,A_f0.7_blind,A,lamarckian,11,300,train,50,0.98,5,5,81.29167379090265,0.8125,0.5,adaptive_blind,0.625,0.8220020071895182,0.5812062701829928,339.0,47.0,124.0,726.0,133.0,25.0,0.0,0.0,31.0,2.0,13.0,31.0,31.0,2.0,0.0,0.0,0.0,0.0,13.0,31.0,0.0,0.0,0.0,0.0
A_f0.7_blind__lamarckian__s11,A_f0.7_blind__lamarckian,A_f0.7_blind,A,lamarckian,11,350,train,50,0.98,12,12,102.94955934736355,0.7916666666666666,0.5,adaptive_blind,0.60625,0.8756728595850864,0.602156690140845,498.0,99.0,97.0,610.0,59.0,5.0,0.0,0.0,31.0,3.0,6.0,37.0,25.0,2.0,0.0,0.0,0.0,0.0,6.0,37.0,0.0,0.0,0.0,0.0
A_f0.7_blind__lamarckian__s11,A_f0.7_blind__lamarckian,A_f0.7_blind,A,lamarckian,11,400,train,50,0.96,6,6,104.08748450539946,0.75,0.5,adaptive_blind,0.51875,0.8632667492938031,0.5715346176129779,503.0,97.0,107.0,663.0,161.0,24.0,0.0,0.0,39.0,3.0,13.0,14.0,22.0,2.0,0.0,0.0,0.0,0.0,13.0,14.0,0.0,0.0,0.0,0.0
A_f0.7_blind__lamarckian__s11,A_f0.7_blind__lamarckian,A_f0.7_blind,A,lamarckian,11,450,train,50,0.96,5,5,84.04721364130563,0.75,0.5,adaptive_blind,0.65625,0.8432772180731151,0.5928354446742503,446.0,87.0,131.0,715.0,161.0,25.0,0.0,0.0,49.0,4.0,14.0,18.0,25.0,0.0,0.0,0.0,0.0,0.0,14.0,18.0,0.0,0.0,0.0,0.0
A_f0.7_blind__lamarckian__s11,A_f0.7_blind__lamarckian,A_f0.7_blind,A,lamarckian,11,500,train,50,1.32,15,15,95.68798809548173,0.7916666666666666,0.5,adaptive_blind,0.59375,0.8772610102814328,0.5808436098654708,497.0,88.0,91.0,574.0,180.0,30.0,0.0,0.0,30.0,5.0,13.0,22.0,31.0,2.0,0.0,0.0,0.0,0.0,13.0,22.0,0.0,0.0,0.0,0.0
A_f0.7_blind__lamarckian__s11,A_f0.7_blind__lamarckian,A_f0.7_blind,A,lamarckian,11,550,train,50,1.72,21,21,84.69257647705258,0.8541666666666666,0.5,adaptive_blind,0.58125,0.8729884233172804,0.5841958379272325,403.0,72.0,100.0,478.0,117.0,16.0,0.0,0.0,43.0,2.0,14.0,20.0,29.0,1.0,0.0,0.0,0.0,0.0,14.0,20.0,0.0,0.0,0.0,0.0
A_f0.7_blind__lamarckian__s11,A_f0.7_blind__lamarckian,A_f0.7_blind,A,lamarckian,11,600,train,50,1.74,11,11,88.4558473655678,0.7916666666666666,0.5,adaptive_blind,0.5875,0.9152980100463901,0.5828956681766704,302.0,70.0,75.0,459.0,153.0,26.0,0.0,0.0,30.0,2.0,14.0,24.0,31.0,2.0,0.0,0.0,0.0,0.0,14.0,24.0,0.0,0.0,0.0,0.0
A_f0.7_blind__lamarckian__s11,A_f0.7_blind__lamarckian,A_f0.7_blind,A,lamarckian,11,650,train,50,1.72,10,10,86.14712745329123,0.8125,0.5,adaptive_blind,0.63125,0.8647532417272354,0.5876988942826324,292.0,53.0,125.0,678.0,200.0,30.0,0.0,0.0,35.0,3.0,14.0,35.0,32.0,0.0,0.0,0.0,0.0,0.0,14.0,35.0,0.0,0.0,0.0,0.0
A_f0.7_blind__lamarckian__s11,A_f0.7_blind__lamarckian,A_f0.7_blind,A,lamarckian,11,700,train,50,1.74,13,13,81.81536379653083,0.7916666666666666,0.5,adaptive_blind,0.6125,0.9140052827298302,0.5894368131868133,414.0,88.0,116.0,578.0,192.0,47.0,0.0,0.0,28.0,7.0,17.0,25.0,36.0,2.0,0.0,0.0,0.0,0.0,17.0,25.0,0.0,0.0,0.0,0.0
A_f0.7_blind__lamarckian__s11,A_f0.7_blind__lamarckian,A_f0.7_blind,A,lamarckian,11,750,train,50,1.74,12,12,95.89587859923736,0.7708333333333334,0.5,adaptive_blind,0.5875,0.9167046440608271,0.6068003542510121,336.0,61.0,128.0,687.0,98.0,18.0,0.0,0.0,36.0,0.0,21.0,29.0,28.0,0.0,0.0,0.0,0.0,0.0,21.0,29.0,0.0,0.0,0.0,0.0
A_f0.7_blind__lamarckian__s11,A_f0.7_blind__lamarckian,A_f0.7_blind,A,lamarckian,11,800,train,50,1.78,6,6,68.75875173797061,0.8958333333333334,0.5,adaptive_blind,0.5875,0.9901718265584518,0.5900900900900905,356.0,65.0,114.0,721.0,170.0,29.0,0.0,0.0,34.0,2.0,15.0,25.0,29.0,0.0,0.0,0.0,0.0,0.0,15.0,25.0,0.0,0.0,0.0,0.0
A_f0.7_blind__lamarckian__s11,A_f0.7_blind__lamarckian,A_f0.7_blind,A,lamarckian,11,850,train,50,1.88,12,12,76.12826752620063,0.8541666666666666,0.5,adaptive_blind,0.59375,0.8384176431920002,0.574849524076148,304.0,64.0,113.0,720.0,136.0,18.0,0.0,0.0,39.0,0.0,8.0,29.0,30.0,2.0,0.0,0.0,0.0,0.0,8.0,29.0,0.0,0.0,0.0,0.0
A_f0.7_blind__lamarckian__s11,A_f0.7_blind__lamarckian,A_f0.7_blind,A,lamarckian,11,900,train,50,1.92,10,10,67.06712239883036,0.9166666666666666,0.5,adaptive_blind,0.61875,0.8888631562492098,0.5979806191467218,305.0,49.0,109.0,617.0,174.0,29.0,0.0,0.0,36.0,4.0,19.0,23.0,33.0,5.0,0.0,0.0,0.0,0.0,19.0,23.0,0.0,0.0,0.0,0.0
A_f0.7_blind__lamarckian__s11,A_f0.7_blind__lamarckian,A_f0.7_blind,A,lamarckian,11,950,train,50,2.02,14,14,69.92752928511054,0.9166666666666666,0.5,adaptive_blind,0.575,0.853076380728605,0.5821153846153848,436.0,68.0,95.0,541.0,123.0,30.0,0.0,0.0,40.0,2.0,11.0,26.0,30.0,1.0,0.0,0.0,0.0,0.0,11.0,26.0,0.0,0.0,0.0,0.0
A_f0.7_blind__lamarckian__s11,A_f0.7_blind__lamarckian,A_f0.7_blind,A,lamarckian,11,1000,train,50,2.34,18,18,93.08028497208953,0.75,0.5,adaptive_blind,0.6375,0.7857502870969426,0.5507746372430473,351.0,60.0,128.0,701.0,118.0,27.0,0.0,0.0,32.0,1.0,20.0,28.0,33.0,2.0,0.0,0.0,0.0,0.0,20.0,28.0,0.0,0.0,0.0,0.0
A_f0.7_blind__lamarckian__s11,A_f0.7_blind__lamarckian,A_f0.7_blind,A,lamarckian,11,1050,train,50,2.58,23,23,67.57071789911052,0.8958333333333334,0.5,adaptive_blind,0.69375,0.8339224687756666,0.5945058434959347,257.0,39.0,101.0,551.0,150.0,32.0,0.0,0.0,23.0,4.0,21.0,31.0,35.0,1.0,0.0,0.0,0.0,0.0,21.0,31.0,0.0,0.0,0.0,0.0
A_f0.7_blind__lamarckian__s11,A_f0.7_blind__lamarckian,A_f0.7_blind,A,lamarckian,11,1100,train,50,2.74,18,18,68.19989283083626,0.8541666666666666,0.5,adaptive_blind,0.5625,1.007453038666089,0.6199351297405189,197.0,44.0,108.0,563.0,137.0,16.0,0.0,0.0,39.0,2.0,11.0,31.0,29.0,2.0,0.0,0.0,0.0,0.0,11.0,31.0,0.0,0.0,0.0,0.0
A_f0.7_blind__lamarckian__s11,A_f0.7_blind__lamarckian,A_f0.7_blind,A,lamarckian,11,1150,train,50,2.78,20,20,82.41623824542116,0.8541666666666666,0.5,adaptive_blind,0.61875,0.8886071694778718,0.5820268952062428,222.0,31.0,109.0,599.0,109.0,14.0,0.0,0.0,31.0,2.0,16.0,36.0,28.0,1.0,0.0,0.0,0.0,0.0,16.0,36.0,0.0,0.0,0.0,0.0
A_f0.7_blind__lamarckian__s11,A_f0.7_blind__lamarckian,A_f0.7_blind,A,lamarckian,11,1200,train,50,3.04,18,18,78.27845919067303,0.8125,0.5,adaptive_blind,0.59375,0.778103621764118,0.5507566585956418,345.0,61.0,84.0,491.0,91.0,16.0,0.0,0.0,34.0,6.0,14.0,31.0,36.0,2.0,0.0,0.0,0.0,0.0,14.0,31.0,0.0,0.0,0.0,0.0
A_f0.7_blind__lamarckian__s11,A_f0.7_blind__lamarckian,A_f0.7_blind,A,lamarckian,11,1250,train,50,3.16,14,14,102.9802648431756,0.8333333333333334,0.5,adaptive_blind,0.5375,0.8740840188984716,0.5575859950859952,369.0,58.0,76.0,435.0,65.0,10.0,0.0,0.0,52.0,1.0,14.0,24.0,26.0,1.0,0.0,0.0,0.0,0.0,14.0,24.0,0.0,0.0,0.0,0.0
A_f0.7_blind__lamarckian__s11,A_f0.7_blind__lamarckian,A_f0.7_blind,A,lamarckian,11,1300,train,50,3.26,12,12,70.71382659497331,0.8541666666666666,0.5,adaptive_blind,0.59375,0.8687474749816555,0.5721929190751445,392.0,65.0,76.0,508.0,110.0,9.0,0.0,0.0,45.0,6.0,9.0,20.0,37.0,1.0,0.0,0.0,0.0,0.0,9.0,20.0,0.0,0.0,0.0,0.0
A_f0.7_blind__lamarckian__s11,A_f0.7_blind__lamarckian,A_f0.7_blind,A,lamarckian,11,1350,train,50,3.4,15,15,58.58014677656687,1.0,0.5,adaptive_blind,0.6125,0.8007019174138927,0.5669892857142858,308.0,62.0,69.0,454.0,102.0,22.0,0.0,0.0,38.0,5.0,4.0,29.0,33.0,5.0,0.0,0.0,0.0,0.0,4.0,29.0,0.0,0.0,0.0,0.0
A_f0.7_blind__lamarckian__s11,A_f0.7_blind__lamarckian,A_f0.7_blind,A,lamarckian,11,1400,train,50,3.58,15,15,67.85038214022063,0.8958333333333334,0.5,adaptive_blind,0.6375,0.8998147166784063,0.611122311827957,323.0,47.0,95.0,641.0,121.0,30.0,0.0,0.0,35.0,2.0,12.0,26.0,36.0,5.0,0.0,0.0,0.0,0.0,12.0,26.0,0.0,0.0,0.0,0.0
A_f0.7_blind__lamarckian__s11,A_f0.7_blind__lamarckian,A_f0.7_blind,A,lamarckian,11,1450,train,50,3.74,14,14,60.33242213951881,0.9166666666666666,0.5,adaptive_blind,0.60625,0.9362077842358383,0.5923991061755145,327.0,58.0,105.0,654.0,131.0,33.0,0.0,0.0,34.0,4.0,25.0,26.0,35.0,3.0,0.0,0.0,0.0,0.0,25.0,26.0,0.0,0.0,0.0,0.0
A_f0.7_blind__lamarckian__s11,A_f0.7_blind__lamarckian,A_f0.7_blind,A,lamarckian,11,1500,train,50,3.92,12,12,98.25437047032361,0.7916666666666666,0.5,adaptive_blind,0.525,0.8914916311482178,0.5726107226107227,447.0,71.0,104.0,596.0,70.0,15.0,0.0,0.0,32.0,3.0,14.0,18.0,29.0,4.0,0.0,0.0,0.0,0.0,14.0,18.0,0.0,0.0,0.0,0.0
A_f0.7_blind__lamarckian__s11,A_f0.7_blind__lamarckian,A_f0.7_blind,A,lamarckian,11,1550,eval,50,4.0,13,13,75.01083447208796,0.875,0.5,adaptive_blind,0.515,0.0,0.0,529.0,91.0,89.0,547.0,48.0,18.0,6.0,44.0,50.0,5.0,10.0,26.0,18.0,7.0,3.0,4.0,0.0,0.0,10.0,26.0,0.0,0.0,3.0,4.0
A_f0.7_blind__lamarckian__s11,A_f0.7_blind__lamarckian,A_f0.7_blind,A,lamarckian,11,1600,eval,50,4.04,14,14,70.95543867589862,0.9166666666666666,0.5,adaptive_blind,0.5,0.0,0.0,411.0,75.0,95.0,560.0,49.0,6.0,18.0,96.0,43.0,2.0,15.0,26.0,13.0,1.0,6.0,12.0,0.0,0.0,15.0,26.0,0.0,0.0,6.0,12.0
A_f0.7_blind__lamarckian__s11,A_f0.7_blind__lamarckian,A_f0.7_blind,A,lamarckian,11,1650,eval,50,4.24,10,10,88.80088314671704,0.8125,0.5,adaptive_blind,0.465,0.0,0.0,485.0,92.0,92.0,502.0,50.0,11.0,17.0,82.0,35.0,5.0,8.0,26.0,13.0,0.0,5.0,7.0,0.0,0.0,8.0,26.0,0.0,0.0,5.0,7.0
A_f0.7_blind__lamarckian__s11,A_f0.7_blind__lamarckian,A_f0.7_blind,A,lamarckian,11,1700,eval,50,4.38,11,11,89.09464442922064,0.75,0.5,adaptive_blind,0.49,0.0,0.0,397.0,77.0,104.0,575.0,117.0,11.0,23.0,129.0,43.0,3.0,8.0,22.0,22.0,0.0,5.0,8.0,0.0,0.0,8.0,22.0,0.0,0.0,5.0,8.0
A_f0.7_blind__lamarckian__s11,A_f0.7_blind__lamarckian,A_f0.7_blind,A,lamarckian,11,1750,eval,50,4.46,11,11,89.36221369774864,0.7291666666666666,0.5,adaptive_blind,0.5,0.0,0.0,484.0,92.0,129.0,659.0,137.0,35.0,16.0,92.0,40.0,1.0,13.0,24.0,22.0,2.0,4.0,4.0,0.0,0.0,13.0,24.0,0.0,0.0,4.0,4.0
A_f0.7_blind__lamarckian__s11,A_f0.7_blind__lamarckian,A_f0.7_blind,A,lamarckian,11,1800,eval,50,4.44,6,6,102.12792801638071,0.7291666666666666,0.5,adaptive_blind,0.495,0.0,0.0,439.0,80.0,128.0,628.0,162.0,33.0,11.0,53.0,38.0,1.0,15.0,16.0,21.0,2.0,5.0,3.0,0.0,0.0,15.0,16.0,0.0,0.0,5.0,3.0
A_f0.7_blind__lamarckian__s12,A_f0.7_blind__lamarckian,A_f0.7_blind,A,lamarckian,12,50,train,50,0.9,33,3,87.05774923789137,0.7916666666666666,0.5,adaptive_blind,0.51875,0.6989429335532953,0.45710136217948727,163.0,24.0,43.0,228.0,49.0,15.0,0.0,0.0,34.0,6.0,2.0,29.0,22.0,4.0,0.0,0.0,0.0,0.0,2.0,29.0,0.0,0.0,0.0,0.0
A_f0.7_blind__lamarckian__s12,A_f0.7_blind__lamarckian,A_f0.7_blind,A,lamarckian,12,100,train,50,0.96,6,6,81.3017527144772,0.8541666666666666,0.5,adaptive_blind,0.60625,0.8327158552881676,0.5711409635119729,249.0,34.0,54.0,351.0,53.0,7.0,0.0,0.0,32.0,5.0,8.0,31.0,21.0,1.0,0.0,0.0,0.0,0.0,8.0,31.0,0.0,0.0,0.0,0.0
A_f0.7_blind__lamarckian__s12,A_f0.7_blind__lamarckian,A_f0.7_blind,A,lamarckian,12,150,train,50,0.88,11,11,97.24449469775308,0.8125,0.5,adaptive_blind,0.61875,0.9463802205904954,0.6107323232323234,363.0,55.0,55.0,363.0,36.0,7.0,0.0,0.0,43.0,6.0,7.0,26.0,22.0,4.0,0.0,0.0,0.0,0.0,7.0,26.0,0.0,0.0,0.0,0.0
A_f0.7_blind__lamarckian__s12,A_f0.7_blind__lamarckian,A_f0.7_blind,A,lamarckian,12,200,train,50,0.86,8,8,87.71751482265034,0.8958333333333334,0.5,adaptive_blind,0.6125,0.9740875161447283,0.6191067913385826,356.0,51.0,52.0,438.0,75.0,14.0,0.0,0.0,48.0,4.0,9.0,31.0,18.0,4.0,0.0,0.0,0.0,0.0,9.0,31.0,0.0,0.0,0.0,0.0
A_f0.7_blind__lamarckian__s12,A_f0.7_blind__lamarckian,A_f0.7_blind,A,lamarckian,12,250,train,50,0.92,11,11,112.78414238399003,0.7708333333333334,0.5,adaptive_blind,0.61875,0.8436073156240536,0.5916210937499999,302.0,51.0,67.0,476.0,119.0,23.0,0.0,0.0,42.0,5.0,7.0,26.0,23.0,1.0,0.0,0.0,0.0,0.0,7.0,26.0,0.0,0.0,0.0,0.0
A_f0.7_blind__lamarckian__s12,A_f0.7_blind__lamarckian,A_f0.7_blind,A,lamarckian,12,300,train,50,0.96,10,10,80.85291466687853,0.8125,0.5,adaptive_blind,0.6125,0.977218576988447,0.6151099246231151,326.0,76.0,85.0,530.0,89.0,28.0,0.0,0.0,45.0,5.0,9.0,28.0,23.0,3.0,0.0,0.0,0.0,0.0,9.0,28.0,0.0,0.0,0.0,0.0
A_f0.7_blind__lamarckian__s12,A_f0.7_blind__lamarckian,A_f0.7_blind,A,lamarckian,12,350,train,50,0.96,9,9,78.28290069164873,0.8125,0.5,adaptive_blind,0.56875,0.9163912706508448,0.6075829979879279,309.0,59.0,103.0,545.0,48.0,11.0,0.0,0.0,57.0,2.0,10.0,22.0,18.0,2.0,0.0,0.0,0.0,0.0,10.0,22.0,0.0,0.0,0.0,0.0
A_f0.7_blind__lamarckian__s12,A_f0.7_blind__lamarckian,A_f0.7_blind,A,lamarckian,12,400,train,50,0.98,14,14,126.87979339528843,0.6875,0.5,adaptive_blind,0.5625,0.9355437703304507,0.6138868343195265,181.0,34.0,114.0,579.0,121.0,14.0,0.0,0.0,23.0,4.0,10.0,41.0,25.0,1.0,0.0,0.0,0.0,0.0,10.0,41.0,0.0,0.0,0.0,0.0
A_f0.7_blind__lamarckian__s12,A_f0.7_blind__lamarckian,A_f0.7_blind,A,lamarckian,12,450,train,50,0.96,9,9,69.27693833176727,0.8333333333333334,0.5,adaptive_blind,0.55625,1.021321321612585,0.6282456563706564,223.0,49.0,110.0,579.0,95.0,21.0,0.0,0.0,39.0,5.0,12.0,32.0,26.0,2.0,0.0,0.0,0.0,0.0,12.0,32.0,0.0,0.0,0.0,0.0
A_f0.7_blind__lamarckian__s12,A_f0.7_blind__lamarckian,A_f0.7_blind,A,lamarckian,12,500,train,50,1.36,18,18,63.6932857380695,0.875,0.5,adaptive_blind,0.63125,0.9720739417315614,0.6236410440613027,249.0,43.0,97.0,576.0,96.0,11.0,0.0,0.0,47.0,5.0,19.0,13.0,23.0,1.0,0.0,0.0,0.0,0.0,19.0,13.0,0.0,0.0,0.0,0.0
A_f0.7_blind__lamarckian__s12,A_f0.7_blind__lamarckian,A_f0.7_blind,A,lamarckian,12,550,train,50,1.68,18,18,76.66273948413263,0.875,0.5,adaptive_blind,0.64375,0.8305350108061897,0.577994361936194,216.0,32.0,97.0,497.0,107.0,18.0,0.0,0.0,37.0,5.0,12.0,14.0,20.0,1.0,0.0,0.0,0.0,0.0,12.0,14.0,0.0,0.0,0.0,0.0
A_f0.7_blind__lamarckian__s12,A_f0.7_blind__lamarckian,A_f0.7_blind,A,lamarckian,12,600,train,50,1.8,15,15,95.98880198972049,0.7916666666666666,0.5,adaptive_blind,0.59375,0.8078084594665588,0.5901349287169042,317.0,61.0,103.0,606.0,104.0,20.0,0.0,0.0,31.0,3.0,16.0,29.0,18.0,5.0,0.0,0.0,0.0,0.0,16.0,29.0,0.0,0.0,0.0,0.0
A_f0.7_blind__lamarckian__s12,A_f0.7_blind__lamarckian,A_f0.7_blind,A,lamarckian,12,650,train,50,1.88,10,10,115.79032761475376,0.7291666666666666,0.5,adaptive_blind,0.625,0.852635462839874,0.5962039877300611,386.0,62.0,114.0,618.0,65.0,16.0,0.0,0.0,41.0,2.0,13.0,29.0,22.0,4.0,0.0,0.0,0.0,0.0,13.0,29.0,0.0,0.0,0.0,0.0
A_f0.7_blind__lamarckian__s12,A_f0.7_blind__lamarckian,A_f0.7_blind,A,lamarckian,12,700,train,50,1.94,6,6,98.3367365018,0.7291666666666666,0.5,adaptive_blind,0.56875,0.9262341814351863,0.6130782480314958,393.0,69.0,123.0,663.0,63.0,5.0,0.0,0.0,50.0,2.0,12.0,23.0,25.0,0.0,0.0,0.0,0.0,0.0,12.0,23.0,0.0,0.0,0.0,0.0
A_f0.7_blind__lamarckian__s12,A_f0.7_blind__lamarckian,A_f0.7_blind,A,lamarckian,12,750,train,50,1.94,5,5,92.55431671211998,0.7708333333333334,0.5,adaptive_blind,0.61875,0.8764200982163628,0.608026603498542,419.0,74.0,115.0,662.0,83.0,7.0,0.0,0.0,35.0,1.0,19.0,20.0,31.0,2.0,0.0,0.0,0.0,0.0,19.0,20.0,0.0,0.0,0.0,0.0
A_f0.7_blind__lamarckian__s12,A_f0.7_blind__lamarckian,A_f0.7_blind,A,lamarckian,12,800,train,50,1.92,5,5,72.21821381546556,0.8541666666666666,0.5,adaptive_blind,0.54375,0.9602734515516446,0.5661004601226993,478.0,76.0,94.0,581.0,88.0,15.0,0.0,0.0,37.0,2.0,20.0,23.0,23.0,0.0,0.0,0.0,0.0,0.0,20.0,23.0,0.0,0.0,0.0,0.0
A_f0.7_blind__lamarckian__s12,A_f0.7_blind__lamarckian,A_f0.7_blind,A,lamarckian,12,850,train,50,1.96,6,6,46.398776589044985,0.9166666666666666,0.5,adaptive_blind,0.5875,0.8559778871357102,0.5878768676627533,397.0,62.0,93.0,655.0,67.0,9.0,0.0,0.0,53.0,3.0,6.0,28.0,29.0,2.0,0.0,0.0,0.0,0.0,6.0,28.0,0.0,0.0,0.0,0.0
A_f0.7_blind__lamarckian__s12,A_f0.7_blind__lamarckian,A_f0.7_blind,A,lamarckian,12,900,train,50,1.96,13,13,75.27306259599251,0.8541666666666666,0.5,adaptive_blind,0.6125,0.9156953164319466,0.5943911117078409,321.0,49.0,97.0,561.0,123.0,10.0,0.0,0.0,44.0,2.0,13.0,23.0,25.0,1.0,0.0,0.0,0.0,0.0,13.0,23.0,0.0,0.0,0.0,0.0
A_f0.7_blind__lamarckian__s12,A_f0.7_blind__lamarckian,A_f0.7_blind,A,lamarckian,12,950,train,50,2.02,11,11,79.0146607634833,0.8541666666666666,0.5,adaptive_blind,0.61875,0.7737140141674707,0.567747641509434,336.0,57.0,104.0,514.0,83.0,15.0,0.0,0.0,41.0,4.0,15.0,22.0,23.0,1.0,0.0,0.0,0.0,0.0,15.0,22.0,0.0,0.0,0.0,0.0
A_f0.7_blind__lamarckian__s12,A_f0.7_blind__lamarckian,A_f0.7_blind,A,lamarckian,12,1000,train,50,2.24,16,16,63.627003104100496,0.875,0.5,adaptive_blind,0.625,0.9171973530675619,0.6068371212121215,405.0,70.0,91.0,468.0,98.0,14.0,0.0,0.0,49.0,3.0,15.0,17.0,29.0,0.0,0.0,0.0,0.0,0.0,15.0,17.0,0.0,0.0,0.0,0.0
A_f0.7_blind__lamarckian__s12,A_f0.7_blind__lamarckian,A_f0.7_blind,A,lamarckian,12,1050,train,50,2.54,20,20,90.55921850576055,0.8541666666666666,0.5,adaptive_blind,0.6,0.8157471891588697,0.5588827565632457,308.0,41.0,133.0,656.0,40.0,3.0,0.0,0.0,38.0,0.0,17.0,24.0,18.0,0.0,0.0,0.0,0.0,0.0,17.0,24.0,0.0,0.0,0.0,0.0
A_f0.7_blind__lamarckian__s12,A_f0.7_blind__lamarckian,A_f0.7_blind,A,lamarckian,12,1100,train,50,2.66,13,13,52.28877927495692,0.9166666666666666,0.5,adaptive_blind,0.65625,0.8018509526492328,0.5635849192618225,416.0,66.0,122.0,617.0,76.0,13.0,0.0,0.0,43.0,4.0,19.0,31.0,31.0,2.0,0.0,0.0,0.0,0.0,19.0,31.0,0.0,0.0,0.0,0.0
A_f0.7_blind__lamarckian__s12,A_f0.7_blind__lamarckian,A_f0.7_blind,A,lamarckian,12,1150,train,50,2.8,14,14,85.92307027058688,0.8541666666666666,0.5,adaptive_blind,0.6125,0.8661907911033486,0.5951190166493237,298.0,56.0,138.0,699.0,44.0,9.0,0.0,0.0,45.0,6.0,22.0,13.0,19.0,2.0,0.0,0.0,0.0,0.0,22.0,13.0,0.0,0.0,0.0,0.0
A_f0.7_blind__lamarckian__s12,A_f0.7_blind__lamarckian,A_f0.7_blind,A,lamarckian,12,1200,train,50,2.82,10,10,67.31496542158418,0.8958333333333334,0.5,adaptive_blind,0.6375,0.8404859802710283,0.5782151775804663,385.0,56.0,94.0,490.0,44.0,7.0,0.0,0.0,48.0,1.0,13.0,17.0,22.0,0.0,0.0,0.0,0.0,0.0,13.0,17.0,0.0,0.0,0.0,0.0
A_f0.7_blind__lamarckian__s12,A_f0.7_blind__lamarckian,A_f0.7_blind,A,lamarckian,12,1250,train,50,2.96,14,14,60.893594616404314,0.9166666666666666,0.5,adaptive_blind,0.6,0.8099860859565489,0.5637069719953327,300.0,55.0,76.0,484.0,56.0,8.0,0.0,0.0,42.0,3.0,16.0,21.0,25.0,2.0,0.0,0.0,0.0,0.0,16.0,21.0,0.0,0.0,0.0,0.0
A_f0.7_blind__lamarckian__s12,A_f0.7_blind__lamarckian,A_f0.7_blind,A,lamarckian,12,1300,train,50,3.1,13,13,54.203921285874884,0.9375,0.5,adaptive_blind,0.64375,0.9123274426830272,0.6024298403707518,259.0,45.0,88.0,417.0,88.0,8.0,0.0,0.0,40.0,3.0,18.0,29.0,28.0,2.0,0.0,0.0,0.0,0.0,18.0,29.0,0.0,0.0,0.0,0.0
A_f0.7_blind__lamarckian__s12,A_f0.7_blind__lamarckian,A_f0.7_blind,A,lamarckian,12,1350,train,50,3.24,17,17,49.46593443992606,0.9375,0.5,adaptive_blind,0.66875,0.6994686940773396,0.5640856236786469,364.0,54.0,84.0,507.0,83.0,12.0,0.0,0.0,50.0,2.0,19.0,27.0,25.0,4.0,0.0,0.0,0.0,0.0,19.0,27.0,0.0,0.0,0.0,0.0
A_f0.7_blind__lamarckian__s12,A_f0.7_blind__lamarckian,A_f0.7_blind,A,lamarckian,12,1400,train,42,3.3333333333333335,12,20,65.70343422807497,0.875,0.5,adaptive_blind,0.6125,0.8639113225662582,0.5767321832579186,325.0,53.0,58.0,341.0,51.0,7.0,0.0,0.0,60.0,5.0,8.0,23.0,22.0,1.0,0.0,0.0,0.0,0.0,8.0,23.0,0.0,0.0,0.0,0.0
A_f0.7_blind__lamarckian__s12,A_f0.7_blind__lamarckian,A_f0.7_blind,A,lamarckian,12,1450,train,39,3.4358974358974357,14,17,75.22106204624941,0.875,0.5,adaptive_blind,0.6375,0.6226096640635137,0.4865439093484418,270.0,55.0,41.0,273.0,85.0,8.0,0.0,0.0,49.0,4.0,9.0,24.0,31.0,2.0,0.0,0.0,0.0,0.0,9.0,24.0,0.0,0.0,0.0,0.0
A_f0.7_blind__lamarckian__s12,A_f0.7_blind__lamarckian,A_f0.7_blind,A,lamarckian,12,1500,train,41,3.707317073170732,16,14,51.89373799178665,1.0,0.5,adaptive_blind,0.63125,0.6985423819990524,0.5082363013698628,232.0,43.0,67.0,378.0,72.0,10.0,0.0,0.0,53.0,5.0,18.0,25.0,25.0,2.0,0.0,0.0,0.0,0.0,18.0,25.0,0.0,0.0,0.0,0.0
A_f0.7_blind__lamarckian__s12,A_f0.7_blind__lamarckian,A_f0.7_blind,A,lamarckian,12,1550,eval,34,3.8823529411764706,15,22,74.56736909510943,0.8958333333333334,0.5,adaptive_blind,0.48,0.0,0.0,192.0,27.0,34.0,210.0,40.0,10.0,1.0,22.0,52.0,4.0,9.0,20.0,15.0,2.0,1.0,7.0,0.0,0.0,9.0,20.0,0.0,0.0,1.0,7.0
A_f0.7_blind__lamarckian__s12,A_f0.7_blind__lamarckian,A_f0.7_blind,A,lamarckian,12,1600,eval,39,4.230769230769231,15,10,79.93976198041418,0.8125,0.5,adaptive_blind,0.5,0.0,0.0,334.0,50.0,54.0,331.0,33.0,2.0,14.0,57.0,54.0,3.0,8.0,19.0,15.0,0.0,2.0,5.0,0.0,0.0,8.0,19.0,0.0,0.0,2.0,5.0
A_f0.7_blind__lamarckian__s12,A_f0.7_blind__lamarckian,A_f0.7_blind,A,lamarckian,12,1650,eval,50,4.48,18,7,112.09114053418043,0.75,0.5,adaptive_blind,0.525,0.0,0.0,467.0,79.0,93.0,534.0,74.0,16.0,11.0,46.0,47.0,4.0,14.0,19.0,10.0,2.0,7.0,5.0,0.0,0.0,14.0,19.0,0.0,0.0,7.0,5.0
A_f0.7_blind__lamarckian__s12,A_f0.7_blind__lamarckian,A_f0.7_blind,A,lamarckian,12,1700,eval,50,4.52,8,8,88.2856649432532,0.8958333333333334,0.5,adaptive_blind,0.535,0.0,0.0,457.0,91.0,98.0,592.0,47.0,9.0,16.0,84.0,49.0,2.0,21.0,20.0,13.0,0.0,6.0,9.0,0.0,0.0,21.0,20.0,0.0,0.0,6.0,9.0
A_f0.7_blind__lamarckian__s12,A_f0.7_blind__lamarckian,A_f0.7_blind,A,lamarckian,12,1750,eval,50,4.54,6,6,73.14005536815509,0.875,0.5,adaptive_blind,0.48,0.0,0.0,497.0,83.0,99.0,573.0,31.0,6.0,25.0,107.0,63.0,3.0,10.0,24.0,8.0,1.0,3.0,11.0,0.0,0.0,10.0,24.0,0.0,0.0,3.0,11.0
A_f0.7_blind__lamarckian__s12,A_f0.7_blind__lamarckian,A_f0.7_blind,A,lamarckian,12,1800,eval,50,4.58,8,8,73.03428708332423,0.8541666666666666,0.5,adaptive_blind,0.51,0.0,0.0,589.0,117.0,84.0,532.0,39.0,9.0,11.0,78.0,51.0,6.0,14.0,15.0,13.0,1.0,2.0,7.0,0.0,0.0,14.0,15.0,0.0,0.0,2.0,7.0
A_f0.7_blind__lamarckian__s13,A_f0.7_blind__lamarckian,A_f0.7_blind,A,lamarckian,13,50,train,50,0.86,33,3,117.7891719749492,0.7083333333333334,0.5,adaptive_blind,0.54375,0.7280427475347557,0.46799568965517224,254.0,47.0,54.0,266.0,33.0,4.0,0.0,0.0,28.0,4.0,9.0,32.0,16.0,1.0,0.0,0.0,0.0,0.0,9.0,32.0,0.0,0.0,0.0,0.0
A_f0.7_blind__lamarckian__s13,A_f0.7_blind__lamarckian,A_f0.7_blind,A,lamarckian,13,100,train,50,0.86,11,11,64.72977754154405,0.8541666666666666,0.5,adaptive_blind,0.63125,0.8619987108880129,0.603490099009901,223.0,48.0,73.0,417.0,48.0,7.0,0.0,0.0,32.0,8.0,11.0,27.0,12.0,1.0,0.0,0.0,0.0,0.0,11.0,27.0,0.0,0.0,0.0,0.0
A_f0.7_blind__lamarckian__s13,A_f0.7_blind__lamarckian,A_f0.7_blind,A,lamarckian,13,150,train,50,0.94,17,17,92.46717114859436,0.7916666666666666,0.5,adaptive_blind,0.6125,0.8896160225364402,0.6107281553398061,383.0,55.0,92.0,543.0,104.0,15.0,0.0,0.0,37.0,7.0,8.0,37.0,17.0,1.0,0.0,0.0,0.0,0.0,8.0,37.0,0.0,0.0,0.0,0.0
A_f0.7_blind__lamarckian__s13,A_f0.7_blind__lamarckian,A_f0.7_blind,A,lamarckian,13,200,train,50,0.84,22,22,56.03655119173928,0.9375,0.5,adaptive_blind,0.56875,0.9226539570963959,0.6209017354596624,346.0,45.0,148.0,744.0,77.0,12.0,0.0,0.0,36.0,2.0,18.0,48.0,25.0,3.0,0.0,0.0,0.0,0.0,18.0,48.0,0.0,0.0,0.0,0.0
A_f0.7_blind__lamarckian__s13,A_f0.7_blind__lamarckian,A_f0.7_blind,A,lamarckian,13,250,train,50,1.04,16,16,133.1974205896322,0.6875,0.5,adaptive_blind,0.625,0.8753246287278956,0.6053381552917905,287.0,51.0,88.0,495.0,80.0,7.0,0.0,0.0,35.0,7.0,9.0,22.0,4.0,0.0,0.0,0.0,0.0,0.0,9.0,22.0,0.0,0.0,0.0,0.0
A_f0.7_blind__lamarckian__s13,A_f0.7_blind__lamarckian,A_f0.7_blind,A,lamarckian,13,300,train,50,1.16,18,18,82.54263631015601,0.8125,0.5,adaptive_blind,0.6125,0.7365118618144169,0.5526431074766354,322.0,47.0,104.0,537.0,131.0,39.0,0.0,0.0,34.0,4.0,13.0,31.0,19.0,1.0,0.0,0.0,0.0,0.0,13.0,31.0,0.0,0.0,0.0,0.0
A_f0.7_blind__lamarckian__s13,A_f0.7_blind__lamarckian,A_f0.7_blind,A,lamarckian,13,350,train,50,1.1,10,10,122.84243526947074,0.6458333333333334,0.5,adaptive_blind,0.575,0.8311069150245081,0.5830670172599786,459.0,86.0,128.0,742.0,84.0,24.0,0.0,0.0,37.0,4.0,11.0,24.0,17.0,0.0,0.0,0.0,0.0,0.0,11.0,24.0,0.0,0.0,0.0,0.0
A_f0.7_blind__lamarckian__s13,A_f0.7_blind__lamarckian,A_f0.7_blind,A,lamarckian,13,400,train,50,1.04,6,6,112.59994889498049,0.7083333333333334,0.5,adaptive_blind,0.625,1.0446017137608248,0.6282716275659825,365.0,84.0,146.0,802.0,77.0,14.0,0.0,0.0,44.0,4.0,23.0,22.0,22.0,2.0,0.0,0.0,0.0,0.0,23.0,22.0,0.0,0.0,0.0,0.0
A_f0.7_blind__lamarckian__s13,A_f0.7_blind__lamarckian,A_f0.7_blind,A,lamarckian,13,450,train,50,0.98,13,13,99.80833793395242,0.7708333333333334,0.5,adaptive_blind,0.60625,0.9222128844559098,0.5997666929547842,469.0,99.0,131.0,628.0,137.0,26.0,0.0,0.0,55.0,6.0,11.0,21.0,16.0,6.0,0.0,0.0,0.0,0.0,11.0,21.0,0.0,0.0,0.0,0.0
A_f0.7_blind__lamarckian__s13,A_f0.7_blind__lamarckian,A_f0.7_blind,A,lamarckian,13,500,train,50,1.34,19,19,83.37628847565782,0.7708333333333334,0.5,adaptive_blind,0.6375,0.9498691802351495,0.6139363160518447,470.0,105.0,119.0,593.0,143.0,34.0,0.0,0.0,48.0,6.0,15.0,22.0,15.0,1.0,0.0,0.0,0.0,0.0,15.0,22.0,0.0,0.0,0.0,0.0
A_f0.7_blind__lamarckian__s13,A_f0.7_blind__lamarckian,A_f0.7_blind,A,lamarckian,13,550,train,50,1.48,8,8,140.81482861559124,0.625,0.5,adaptive_blind,0.6375,1.0371868205917454,0.6161082474226804,425.0,82.0,127.0,730.0,132.0,19.0,0.0,0.0,30.0,5.0,15.0,16.0,24.0,0.0,0.0,0.0,0.0,0.0,15.0,16.0,0.0,0.0,0.0,0.0
A_f0.7_blind__lamarckian__s13,A_f0.7_blind__lamarckian,A_f0.7_blind,A,lamarckian,13,600,train,50,1.54,11,11,83.63068106162035,0.8333333333333334,0.5,adaptive_blind,0.55625,1.0071266936442798,0.6153121807967312,527.0,108.0,164.0,930.0,103.0,17.0,0.0,0.0,31.0,4.0,17.0,42.0,17.0,0.0,0.0,0.0,0.0,0.0,17.0,42.0,0.0,0.0,0.0,0.0
A_f0.7_blind__lamarckian__s13,A_f0.7_blind__lamarckian,A_f0.7_blind,A,lamarckian,13,650,train,50,1.6,11,11,104.57632526788353,0.6875,0.5,adaptive_blind,0.6125,0.8703365696971339,0.6142957089552239,336.0,74.0,139.0,817.0,81.0,8.0,0.0,0.0,33.0,2.0,11.0,31.0,15.0,0.0,0.0,0.0,0.0,0.0,11.0,31.0,0.0,0.0,0.0,0.0
A_f0.7_blind__lamarckian__s13,A_f0.7_blind__lamarckian,A_f0.7_blind,A,lamarckian,13,700,train,50,1.74,17,17,120.05547081230952,0.7083333333333334,0.5,adaptive_blind,0.65625,0.9454629294179412,0.6258554147465438,429.0,65.0,179.0,988.0,102.0,13.0,0.0,0.0,30.0,2.0,21.0,41.0,19.0,0.0,0.0,0.0,0.0,0.0,21.0,41.0,0.0,0.0,0.0,0.0
A_f0.7_blind__lamarckian__s13,A_f0.7_blind__lamarckian,A_f0.7_blind,A,lamarckian,13,750,train,50,1.82,15,15,75.57694225239746,0.875,0.5,adaptive_blind,0.65625,0.9355442641909406,0.6191981357552581,399.0,70.0,133.0,743.0,110.0,20.0,0.0,0.0,54.0,4.0,14.0,28.0,15.0,1.0,0.0,0.0,0.0,0.0,14.0,28.0,0.0,0.0,0.0,0.0
A_f0.7_blind__lamarckian__s13,A_f0.7_blind__lamarckian,A_f0.7_blind,A,lamarckian,13,800,train,50,1.86,12,12,102.11095022833136,0.7083333333333334,0.5,adaptive_blind,0.6,0.8810935268759342,0.5973223547717843,292.0,51.0,130.0,800.0,74.0,14.0,0.0,0.0,33.0,2.0,20.0,23.0,13.0,1.0,0.0,0.0,0.0,0.0,20.0,23.0,0.0,0.0,0.0,0.0
A_f0.7_blind__lamarckian__s13,A_f0.7_blind__lamarckian,A_f0.7_blind,A,lamarckian,13,850,train,50,1.92,19,19,104.96570555492639,0.7083333333333334,0.5,adaptive_blind,0.58125,0.7858966452545569,0.5941903547133138,404.0,68.0,146.0,709.0,123.0,24.0,0.0,0.0,40.0,0.0,20.0,25.0,17.0,0.0,0.0,0.0,0.0,0.0,20.0,25.0,0.0,0.0,0.0,0.0
A_f0.7_blind__lamarckian__s13,A_f0.7_blind__lamarckian,A_f0.7_blind,A,lamarckian,13,900,train,50,1.94,7,7,73.12245959079544,0.8333333333333334,0.5,adaptive_blind,0.61875,0.8769328456117609,0.5793453724604964,474.0,80.0,147.0,821.0,76.0,10.0,0.0,0.0,50.0,1.0,17.0,33.0,13.0,1.0,0.0,0.0,0.0,0.0,17.0,33.0,0.0,0.0,0.0,0.0
A_f0.7_blind__lamarckian__s13,A_f0.7_blind__lamarckian,A_f0.7_blind,A,lamarckian,13,950,train,50,2.0,9,9,98.34242934523937,0.8125,0.5,adaptive_blind,0.5875,0.9776945879491785,0.6323394495412844,376.0,76.0,119.0,823.0,82.0,14.0,0.0,0.0,34.0,2.0,17.0,17.0,16.0,0.0,0.0,0.0,0.0,0.0,17.0,17.0,0.0,0.0,0.0,0.0
A_f0.7_blind__lamarckian__s13,A_f0.7_blind__lamarckian,A_f0.7_blind,A,lamarckian,13,1000,train,50,2.22,10,10,43.32394433176226,0.9583333333333334,0.5,adaptive_blind,0.60625,0.8897977003513127,0.6159486817325799,389.0,57.0,149.0,833.0,79.0,16.0,0.0,0.0,62.0,0.0,19.0,31.0,16.0,1.0,0.0,0.0,0.0,0.0,19.0,31.0,0.0,0.0,0.0,0.0
A_f0.7_blind__lamarckian__s13,A_f0.7_blind__lamarckian,A_f0.7_blind,A,lamarckian,13,1050,train,50,2.46,18,18,56.23716650509711,0.9583333333333334,0.5,adaptive_blind,0.58125,0.9418959142438617,0.6084594354018311,317.0,60.0,112.0,592.0,135.0,19.0,0.0,0.0,41.0,2.0,19.0,27.0,22.0,0.0,0.0,0.0,0.0,0.0,19.0,27.0,0.0,0.0,0.0,0.0
A_f0.7_blind__lamarckian__s13,A_f0.7_blind__lamarckian,A_f0.7_blind,A,lamarckian,13,1100,train,50,2.54,18,18,51.13618160953368,0.9375,0.5,adaptive_blind,0.625,0.82338048157391,0.595845734126984,329.0,55.0,136.0,780.0,97.0,18.0,0.0,0.0,53.0,3.0,16.0,42.0,19.0,2.0,0.0,0.0,0.0,0.0,16.0,42.0,0.0,0.0,0.0,0.0
A_f0.7_blind__lamarckian__s13,A_f0.7_blind__lamarckian,A_f0.7_blind,A,lamarckian,13,1150,train,50,2.72,20,20,62.423025165325114,0.9791666666666666,0.5,adaptive_blind,0.59375,0.9568094818648831,0.6168921400587661,265.0,44.0,102.0,653.0,163.0,27.0,0.0,0.0,42.0,3.0,18.0,33.0,18.0,0.0,0.0,0.0,0.0,0.0,18.0,33.0,0.0,0.0,0.0,0.0
A_f0.7_blind__lamarckian__s13,A_f0.7_blind__lamarckian,A_f0.7_blind,A,lamarckian,13,1200,train,50,2.84,16,16,73.05069626684732,0.8333333333333334,0.5,adaptive_blind,0.575,0.9298763238895269,0.6260093521897812,337.0,55.0,138.0,774.0,138.0,28.0,0.0,0.0,39.0,6.0,16.0,27.0,9.0,0.0,0.0,0.0,0.0,0.0,16.0,27.0,0.0,0.0,0.0,0.0
A_f0.7_blind__lamarckian__s13,A_f0.7_blind__lamarckian,A_f0.7_blind,A,lamarckian,13,1250,train,50,2.94,14,14,65.78885520213919,0.9375,0.5,adaptive_blind,0.61875,0.9265850679268611,0.6184958133971294,254.0,37.0,106.0,676.0,144.0,22.0,0.0,0.0,38.0,3.0,13.0,35.0,17.0,2.0,0.0,0.0,0.0,0.0,13.0,35.0,0.0,0.0,0.0,0.0
A_f0.7_blind__lamarckian__s13,A_f0.7_blind__lamarckian,A_f0.7_blind,A,lamarckian,13,1300,train,50,3.02,12,12,86.65345355552861,0.75,0.5,adaptive_blind,0.5875,0.8227314346853478,0.5712025764439412,379.0,57.0,119.0,664.0,127.0,17.0,0.0,0.0,32.0,3.0,22.0,28.0,21.0,0.0,0.0,0.0,0.0,0.0,22.0,28.0,0.0,0.0,0.0,0.0
A_f0.7_blind__lamarckian__s13,A_f0.7_blind__lamarckian,A_f0.7_blind,A,lamarckian,13,1350,train,50,3.06,20,20,81.1751513940491,0.8333333333333334,0.5,adaptive_blind,0.63125,0.870512703289607,0.6007875504032258,423.0,74.0,110.0,647.0,154.0,31.0,0.0,0.0,45.0,6.0,14.0,35.0,11.0,2.0,0.0,0.0,0.0,0.0,14.0,35.0,0.0,0.0,0.0,0.0
A_f0.7_blind__lamarckian__s13,A_f0.7_blind__lamarckian,A_f0.7_blind,A,lamarckian,13,1400,train,50,3.1,12,12,75.28132251918447,0.875,0.5,adaptive_blind,0.61875,0.9868302975195762,0.6204076620825147,243.0,59.0,139.0,752.0,144.0,31.0,0.0,0.0,32.0,5.0,21.0,27.0,18.0,1.0,0.0,0.0,0.0,0.0,21.0,27.0,0.0,0.0,0.0,0.0
A_f0.7_blind__lamarckian__s13,A_f0.7_blind__lamarckian,A_f0.7_blind,A,lamarckian,13,1450,train,50,3.24,16,16,70.89254110819968,0.875,0.5,adaptive_blind,0.6,0.8329099322792364,0.5789560439560439,344.0,59.0,103.0,650.0,116.0,15.0,0.0,0.0,40.0,3.0,18.0,37.0,17.0,3.0,0.0,0.0,0.0,0.0,18.0,37.0,0.0,0.0,0.0,0.0
A_f0.7_blind__lamarckian__s13,A_f0.7_blind__lamarckian,A_f0.7_blind,A,lamarckian,13,1500,train,50,3.48,17,17,74.1310403606131,0.8541666666666666,0.5,adaptive_blind,0.5875,0.955850940209917,0.6148918986083498,287.0,54.0,110.0,600.0,94.0,15.0,0.0,0.0,48.0,3.0,13.0,27.0,17.0,2.0,0.0,0.0,0.0,0.0,13.0,27.0,0.0,0.0,0.0,0.0
A_f0.7_blind__lamarckian__s13,A_f0.7_blind__lamarckian,A_f0.7_blind,A,lamarckian,13,1550,eval,50,3.64,20,20,55.95493936019895,0.8958333333333334,0.5,adaptive_blind,0.465,0.0,0.0,382.0,68.0,53.0,308.0,75.0,12.0,27.0,116.0,46.0,4.0,11.0,22.0,12.0,0.0,3.0,2.0,0.0,0.0,11.0,22.0,0.0,0.0,3.0,2.0
A_f0.7_blind__lamarckian__s13,A_f0.7_blind__lamarckian,A_f0.7_blind,A,lamarckian,13,1600,eval,50,3.66,12,12,54.043319459881694,0.9166666666666666,0.5,adaptive_blind,0.47,0.0,0.0,528.0,92.0,68.0,327.0,66.0,7.0,23.0,107.0,58.0,8.0,16.0,13.0,11.0,0.0,1.0,3.0,0.0,0.0,16.0,13.0,0.0,0.0,1.0,3.0
A_f0.7_blind__lamarckian__s13,A_f0.7_blind__lamarckian,A_f0.7_blind,A,lamarckian,13,1650,eval,50,3.8,16,16,63.63005285496266,0.8958333333333334,0.5,adaptive_blind,0.49,0.0,0.0,427.0,74.0,80.0,434.0,73.0,7.0,9.0,90.0,57.0,5.0,20.0,15.0,9.0,0.0,1.0,2.0,0.0,0.0,20.0,15.0,0.0,0.0,1.0,2.0
A_f0.7_blind__lamarckian__s13,A_f0.7_blind__lamarckian,A_f0.7_blind,A,lamarckian,13,1700,eval,50,3.84,11,11,85.1936070080801,0.875,0.5,adaptive_blind,0.525,0.0,0.0,506.0,100.0,117.0,480.0,82.0,8.0,6.0,56.0,54.0,4.0,13.0,16.0,20.0,0.0,2.0,3.0,0.0,0.0,13.0,16.0,0.0,0.0,2.0,3.0
A_f0.7_blind__lamarckian__s13,A_f0.7_blind__lamarckian,A_f0.7_blind,A,lamarckian,13,1750,eval,50,3.88,14,14,71.78207262947895,0.8958333333333334,0.5,adaptive_blind,0.465,0.0,0.0,472.0,68.0,70.0,522.0,61.0,9.0,19.0,84.0,64.0,2.0,9.0,21.0,17.0,0.0,3.0,1.0,0.0,0.0,9.0,21.0,0.0,0.0,3.0,1.0
A_f0.7_blind__lamarckian__s13,A_f0.7_blind__lamarckian,A_f0.7_blind,A,lamarckian,13,1800,eval,50,4.0,14,14,61.76226313879809,0.9791666666666666,0.5,adaptive_blind,0.505,0.0,0.0,471.0,86.0,72.0,420.0,59.0,12.0,11.0,80.0,46.0,6.0,13.0,27.0,10.0,1.0,4.0,4.0,0.0,0.0,13.0,27.0,0.0,0.0,4.0,4.0
A_f0.7_blind__lamarckian__s14,A_f0.7_blind__lamarckian,A_f0.7_blind,A,lamarckian,14,50,train,50,0.78,33,3,100.53057298032616,0.7708333333333334,0.5,adaptive_blind,0.51875,0.7370592010173385,0.44938322368421035,142.0,26.0,47.0,279.0,120.0,31.0,0.0,0.0,33.0,4.0,7.0,33.0,26.0,8.0,0.0,0.0,0.0,0.0,7.0,33.0,0.0,0.0,0.0,0.0
A_f0.7_blind__lamarckian__s14,A_f0.7_blind__lamarckian,A_f0.7_blind,A,lamarckian,14,100,train,50,1.06,12,12,70.69838611994115,0.8541666666666666,0.5,adaptive_blind,0.58125,0.9116277665214575,0.569856227651967,146.0,22.0,57.0,331.0,134.0,17.0,0.0,0.0,29.0,3.0,3.0,25.0,25.0,3.0,0.0,0.0,0.0,0.0,3.0,25.0,0.0,0.0,0.0,0.0
A_f0.7_blind__lamarckian__s14,A_f0.7_blind__lamarckian,A_f0.7_blind,A,lamarckian,14,150,train,50,1.08,15,15,91.11090173199314,0.7916666666666666,0.5,adaptive_blind,0.575,0.9614297070104832,0.5965141612200433,342.0,61.0,100.0,557.0,200.0,48.0,0.0,0.0,25.0,1.0,12.0,29.0,35.0,11.0,0.0,0.0,0.0,0.0,12.0,29.0,0.0,0.0,0.0,0.0
A_f0.7_blind__lamarckian__s14,A_f0.7_blind__lamarckian,A_f0.7_blind,A,lamarckian,14,200,train,50,0.98,12,12,78.15757303168014,0.8333333333333334,0.5,adaptive_blind,0.575,0.9620526454983753,0.6120382085020242,258.0,38.0,123.0,662.0,115.0,17.0,0.0,0.0,17.0,5.0,12.0,34.0,23.0,0.0,0.0,0.0,0.0,0.0,12.0,34.0,0.0,0.0,0.0,0.0
A_f0.7_blind__lamarckian__s14,A_f0.7_blind__lamarckian,A_f0.7_blind,A,lamarckian,14,250,train,50,0.92,11,11,114.75590674113245,0.625,0.5,adaptive_blind,0.5875,0.997389617960854,0.6309898269410663,406.0,71.0,126.0,718.0,110.0,22.0,0.0,0.0,21.0,4.0,9.0,32.0,14.0,1.0,0.0,0.0,0.0,0.0,9.0,32.0,0.0,0.0,0.0,0.0
A_f0.7_blind__lamarckian__s14,A_f0.7_blind__lamarckian,A_f0.7_blind,A,lamarckian,14,300,train,50,0.9,8,8,111.3457676405537,0.625,0.5,adaptive_blind,0.59375,0.8515154211522313,0.5669690070505289,522.0,102.0,120.0,651.0,210.0,31.0,0.0,0.0,27.0,4.0,9.0,18.0,36.0,3.0,0.0,0.0,0.0,0.0,9.0,18.0,0.0,0.0,0.0,0.0
A_f0.7_blind__lamarckian__s14,A_f0.7_blind__lamarckian,A_f0.7_blind,A,lamarckian,14,350,train,50,0.86,6,6,112.07020016015903,0.75,0.5,adaptive_blind,0.60625,0.9046170693977469,0.5877170617420064,383.0,70.0,125.0,702.0,155.0,18.0,0.0,0.0,24.0,3.0,13.0,19.0,26.0,1.0,0.0,0.0,0.0,0.0,13.0,19.0,0.0,0.0,0.0,0.0
A_f0.7_blind__lamarckian__s14,A_f0.7_blind__lamarckian,A_f0.7_blind,A,lamarckian,14,400,train,50,0.86,4,4,119.45655877141026,0.625,0.5,adaptive_blind,0.625,0.927800448124185,0.6240431313598522,304.0,59.0,171.0,877.0,81.0,14.0,0.0,0.0,23.0,1.0,19.0,27.0,26.0,2.0,0.0,0.0,0.0,0.0,19.0,27.0,0.0,0.0,0.0,0.0
A_f0.7_blind__lamarckian__s14,A_f0.7_blind__lamarckian,A_f0.7_blind,A,lamarckian,14,450,train,50,0.86,1,1,131.15353619747503,0.6458333333333334,0.5,adaptive_blind,0.65625,1.00511666736321,0.638336902614969,489.0,80.0,164.0,847.0,113.0,25.0,0.0,0.0,31.0,4.0,17.0,19.0,22.0,2.0,0.0,0.0,0.0,0.0,17.0,19.0,0.0,0.0,0.0,0.0
A_f0.7_blind__lamarckian__s14,A_f0.7_blind__lamarckian,A_f0.7_blind,A,lamarckian,14,500,train,50,1.2,10,10,63.39954201500524,0.8333333333333334,0.5,adaptive_blind,0.59375,0.8886679297980181,0.6088848039215686,294.0,51.0,102.0,611.0,222.0,26.0,0.0,0.0,40.0,2.0,11.0,27.0,36.0,2.0,0.0,0.0,0.0,0.0,11.0,27.0,0.0,0.0,0.0,0.0
A_f0.7_blind__lamarckian__s14,A_f0.7_blind__lamarckian,A_f0.7_blind,A,lamarckian,14,550,train,50,1.54,22,22,79.58490193195331,0.8541666666666666,0.5,adaptive_blind,0.6,0.7753462527699874,0.5646825396825395,354.0,66.0,103.0,521.0,99.0,19.0,0.0,0.0,38.0,3.0,10.0,22.0,33.0,1.0,0.0,0.0,0.0,0.0,10.0,22.0,0.0,0.0,0.0,0.0
A_f0.7_blind__lamarckian__s14,A_f0.7_blind__lamarckian,A_f0.7_blind,A,lamarckian,14,600,train,50,1.56,11,11,43.13906796776076,0.9791666666666666,0.5,adaptive_blind,0.63125,0.7708509275607347,0.5947165559772296,227.0,46.0,81.0,394.0,111.0,20.0,0.0,0.0,58.0,3.0,9.0,23.0,33.0,3.0,0.0,0.0,0.0,0.0,9.0,23.0,0.0,0.0,0.0,0.0
A_f0.7_blind__lamarckian__s14,A_f0.7_blind__lamarckian,A_f0.7_blind,A,lamarckian,14,650,train,50,1.64,14,14,83.05363799973937,0.8541666666666666,0.5,adaptive_blind,0.6,0.9019192873356797,0.5928651908801694,218.0,34.0,62.0,375.0,91.0,22.0,0.0,0.0,39.0,2.0,14.0,24.0,26.0,2.0,0.0,0.0,0.0,0.0,14.0,24.0,0.0,0.0,0.0,0.0
A_f0.7_blind__lamarckian__s14,A_f0.7_blind__lamarckian,A_f0.7_blind,A,lamarckian,14,700,train,50,1.74,13,13,47.17425427839967,0.9583333333333334,0.5,adaptive_blind,0.55625,0.951593459903304,0.5922512403528113,267.0,52.0,58.0,371.0,128.0,24.0,0.0,0.0,39.0,6.0,15.0,28.0,36.0,3.0,0.0,0.0,0.0,0.0,15.0,28.0,0.0,0.0,0.0,0.0
A_f0.7_blind__lamarckian__s14,A_f0.7_blind__lamarckian,A_f0.7_blind,A,lamarckian,14,750,train,50,1.86,11,11,80.84746448704259,0.8125,0.5,adaptive_blind,0.65625,0.8980738825139575,0.6230546733212343,355.0,61.0,82.0,437.0,72.0,11.0,0.0,0.0,35.0,3.0,12.0,14.0,41.0,2.0,0.0,0.0,0.0,0.0,12.0,14.0,0.0,0.0,0.0,0.0
A_f0.7_blind__lamarckian__s14,A_f0.7_blind__lamarckian,A_f0.7_blind,A,lamarckian,14,800,train,50,1.96,14,14,52.23306687628339,0.9166666666666666,0.5,adaptive_blind,0.61875,0.8046862620189923,0.5918423694779116,348.0,69.0,93.0,537.0,45.0,13.0,0.0,0.0,38.0,5.0,21.0,22.0,30.0,4.0,0.0,0.0,0.0,0.0,21.0,22.0,0.0,0.0,0.0,0.0
A_f0.7_blind__lamarckian__s14,A_f0.7_blind__lamarckian,A_f0.7_blind,A,lamarckian,14,850,train,50,2.14,19,19,49.219034776935914,0.9375,0.5,adaptive_blind,0.63125,0.8264669018466493,0.5985576923076923,292.0,57.0,85.0,467.0,97.0,20.0,0.0,0.0,36.0,3.0,15.0,27.0,24.0,0.0,0.0,0.0,0.0,0.0,15.0,27.0,0.0,0.0,0.0,0.0
A_f0.7_blind__lamarckian__s14,A_f0.7_blind__lamarckian,A_f0.7_blind,A,lamarckian,14,900,train,50,2.3,13,13,62.5223834335184,0.875,0.5,adaptive_blind,0.625,0.9193865128203,0.6184918091168092,232.0,48.0,74.0,447.0,74.0,14.0,0.0,0.0,37.0,3.0,12.0,21.0,33.0,1.0,0.0,0.0,0.0,0.0,12.0,21.0,0.0,0.0,0.0,0.0
A_f0.7_blind__lamarckian__s14,A_f0.7_blind__lamarckian,A_f0.7_blind,A,lamarckian,14,950,train,50,2.48,13,13,65.97594010646901,0.875,0.5,adaptive_blind,0.61875,0.8652472693403515,0.5937042364016734,207.0,42.0,81.0,462.0,79.0,14.0,0.0,0.0,35.0,2.0,14.0,22.0,33.0,1.0,0.0,0.0,0.0,0.0,14.0,22.0,0.0,0.0,0.0,0.0
A_f0.7_blind__lamarckian__s14,A_f0.7_blind__lamarckian,A_f0.7_blind,A,lamarckian,14,1000,train,49,2.63265306122449,19,20,81.86761295990956,0.8958333333333334,0.5,adaptive_blind,0.625,0.7615908765155948,0.5774371069182389,292.0,42.0,88.0,495.0,108.0,17.0,0.0,0.0,38.0,4.0,18.0,24.0,28.0,1.0,0.0,0.0,0.0,0.0,18.0,24.0,0.0,0.0,0.0,0.0
A_f0.7_blind__lamarckian__s14,A_f0.7_blind__lamarckian,A_f0.7_blind,A,lamarckian,14,1050,train,50,2.74,14,13,58.963859445528335,0.9375,0.5,adaptive_blind,0.65,0.8290683976225834,0.5843882978723405,321.0,42.0,83.0,566.0,84.0,12.0,0.0,0.0,46.0,3.0,13.0,24.0,32.0,5.0,0.0,0.0,0.0,0.0,13.0,24.0,0.0,0.0,0.0,0.0
A_f0.7_blind__lamarckian__s14,A_f0.7_blind__lamarckian,A_f0.7_blind,A,lamarckian,14,1100,train,50,2.9,17,17,82.47950338403378,0.8125,0.5,adaptive_blind,0.5625,0.90350992849094,0.6098917322834647,244.0,41.0,80.0,463.0,99.0,13.0,0.0,0.0,35.0,2.0,21.0,18.0,36.0,3.0,0.0,0.0,0.0,0.0,21.0,18.0,0.0,0.0,0.0,0.0
A_f0.7_blind__lamarckian__s14,A_f0.7_blind__lamarckian,A_f0.7_blind,A,lamarckian,14,1150,train,50,3.08,13,13,64.24624524348104,0.9166666666666666,0.5,adaptive_blind,0.59375,0.8148249861117485,0.5699382803632234,240.0,44.0,122.0,578.0,96.0,16.0,0.0,0.0,38.0,3.0,19.0,25.0,24.0,2.0,0.0,0.0,0.0,0.0,19.0,25.0,0.0,0.0,0.0,0.0
A_f0.7_blind__lamarckian__s14,A_f0.7_blind__lamarckian,A_f0.7_blind,A,lamarckian,14,1200,train,50,3.14,11,11,83.53577990947099,0.8541666666666666,0.5,adaptive_blind,0.64375,0.8901688181898928,0.5888093952483804,242.0,52.0,106.0,562.0,114.0,19.0,0.0,0.0,35.0,2.0,12.0,16.0,35.0,2.0,0.0,0.0,0.0,0.0,12.0,16.0,0.0,0.0,0.0,0.0
A_f0.7_blind__lamarckian__s14,A_f0.7_blind__lamarckian,A_f0.7_blind,A,lamarckian,14,1250,train,50,3.2,12,12,89.90198735413404,0.7916666666666666,0.5,adaptive_blind,0.575,0.9579114245973525,0.6238555502846299,329.0,50.0,110.0,748.0,98.0,12.0,0.0,0.0,27.0,1.0,12.0,38.0,33.0,4.0,0.0,0.0,0.0,0.0,12.0,38.0,0.0,0.0,0.0,0.0
A_f0.7_blind__lamarckian__s14,A_f0.7_blind__lamarckian,A_f0.7_blind,A,lamarckian,14,1300,train,50,3.36,13,13,60.36372188741524,0.8333333333333334,0.5,adaptive_blind,0.64375,0.8880651854419009,0.6109359874152953,283.0,52.0,121.0,621.0,106.0,16.0,0.0,0.0,42.0,1.0,13.0,28.0,40.0,2.0,0.0,0.0,0.0,0.0,13.0,28.0,0.0,0.0,0.0,0.0
A_f0.7_blind__lamarckian__s14,A_f0.7_blind__lamarckian,A_f0.7_blind,A,lamarckian,14,1350,train,50,3.52,10,10,61.1488458595623,0.8958333333333334,0.5,adaptive_blind,0.60625,0.938750182258403,0.6227854793233085,294.0,52.0,111.0,576.0,110.0,26.0,0.0,0.0,31.0,2.0,13.0,21.0,45.0,0.0,0.0,0.0,0.0,0.0,13.0,21.0,0.0,0.0,0.0,0.0
A_f0.7_blind__lamarckian__s14,A_f0.7_blind__lamarckian,A_f0.7_blind,A,lamarckian,14,1400,train,50,3.66,16,16,68.13702226817063,0.8541666666666666,0.5,adaptive_blind,0.56875,0.9612426719676275,0.6228977272727274,236.0,50.0,122.0,728.0,76.0,15.0,0.0,0.0,31.0,1.0,15.0,25.0,38.0,1.0,0.0,0.0,0.0,0.0,15.0,25.0,0.0,0.0,0.0,0.0
A_f0.7_blind__lamarckian__s14,A_f0.7_blind__lamarckian,A_f0.7_blind,A,lamarckian,14,1450,train,50,3.7,11,11,89.81856280332218,0.8125,0.5,adaptive_blind,0.6375,0.8710510178889579,0.6046380928853756,296.0,55.0,98.0,549.0,70.0,16.0,0.0,0.0,29.0,0.0,13.0,23.0,30.0,4.0,0.0,0.0,0.0,0.0,13.0,23.0,0.0,0.0,0.0,0.0
A_f0.7_blind__lamarckian__s14,A_f0.7_blind__lamarckian,A_f0.7_blind,A,lamarckian,14,1500,train,50,3.84,15,15,67.93979945436044,0.9583333333333334,0.5,adaptive_blind,0.63125,0.7883971223982247,0.5724855927552142,346.0,57.0,115.0,556.0,80.0,8.0,0.0,0.0,43.0,1.0,14.0,25.0,33.0,1.0,0.0,0.0,0.0,0.0,14.0,25.0,0.0,0.0,0.0,0.0
A_f0.7_blind__lamarckian__s14,A_f0.7_blind__lamarckian,A_f0.7_blind,A,lamarckian,14,1550,eval,50,4.04,13,13,89.57088421055548,0.8125,0.5,adaptive_blind,0.48,0.0,0.0,442.0,61.0,60.0,331.0,53.0,12.0,10.0,54.0,47.0,3.0,6.0,17.0,27.0,2.0,1.0,6.0,0.0,0.0,6.0,17.0,0.0,0.0,1.0,6.0
A_f0.7_blind__lamarckian__s14,A_f0.7_blind__lamarckian,A_f0.7_blind,A,lamarckian,14,1600,eval,50,4.1,9,9,72.22612071929849,0.8541666666666666,0.5,adaptive_blind,0.49,0.0,0.0,543.0,105.0,74.0,459.0,88.0,21.0,9.0,50.0,45.0,2.0,11.0,19.0,29.0,0.0,7.0,3.0,0.0,0.0,11.0,19.0,0.0,0.0,7.0,3.0
A_f0.7_blind__lamarckian__s14,A_f0.7_blind__lamarckian,A_f0.7_blind,A,lamarckian,14,1650,eval,50,4.18,12,12,100.49980828544284,0.7708333333333334,0.5,adaptive_blind,0.49,0.0,0.0,437.0,65.0,75.0,461.0,20.0,1.0,16.0,120.0,43.0,2.0,12.0,19.0,13.0,0.0,7.0,8.0,0.0,0.0,12.0,19.0,0.0,0.0,7.0,8.0
A_f0.7_blind__lamarckian__s14,A_f0.7_blind__lamarckian,A_f0.7_blind,A,lamarckian,14,1700,eval,50,4.24,14,14,72.7486300962476,0.8125,0.5,adaptive_blind,0.47,0.0,0.0,446.0,82.0,66.0,340.0,46.0,5.0,13.0,71.0,50.0,3.0,7.0,15.0,28.0,0.0,4.0,6.0,0.0,0.0,7.0,15.0,0.0,0.0,4.0,6.0
A_f0.7_blind__lamarckian__s14,A_f0.7_blind__lamarckian,A_f0.7_blind,A,lamarckian,14,1750,eval,50,4.44,11,11,94.33387320792289,0.7708333333333334,0.5,adaptive_blind,0.495,0.0,0.0,454.0,54.0,83.0,436.0,47.0,13.0,24.0,135.0,50.0,3.0,11.0,10.0,9.0,0.0,8.0,14.0,0.0,0.0,11.0,10.0,0.0,0.0,8.0,14.0
A_f0.7_blind__lamarckian__s14,A_f0.7_blind__lamarckian,A_f0.7_blind,A,lamarckian,14,1800,eval,50,4.7,11,11,68.26409663389364,0.8541666666666666,0.5,adaptive_blind,0.535,0.0,0.0,441.0,84.0,63.0,360.0,121.0,19.0,11.0,109.0,55.0,1.0,15.0,14.0,15.0,1.0,2.0,12.0,0.0,0.0,15.0,14.0,0.0,0.0,2.0,12.0
A_f0.7_blind__lamarckian__s15,A_f0.7_blind__lamarckian,A_f0.7_blind,A,lamarckian,15,50,train,50,0.72,34,4,49.76235108639494,0.9583333333333334,0.5,adaptive_blind,0.5125,0.6351711982605954,0.4356688230383974,196.0,41.0,42.0,220.0,31.0,7.0,0.0,0.0,45.0,13.0,7.0,34.0,13.0,4.0,0.0,0.0,0.0,0.0,7.0,34.0,0.0,0.0,0.0,0.0
A_f0.7_blind__lamarckian__s15,A_f0.7_blind__lamarckian,A_f0.7_blind,A,lamarckian,15,100,train,43,0.8837209302325582,12,19,78.95598329141235,0.8541666666666666,0.5,adaptive_blind,0.58125,0.8937210818404381,0.5714144736842106,142.0,31.0,75.0,441.0,50.0,13.0,0.0,0.0,28.0,6.0,18.0,40.0,13.0,3.0,0.0,0.0,0.0,0.0,18.0,40.0,0.0,0.0,0.0,0.0
A_f0.7_blind__lamarckian__s15,A_f0.7_blind__lamarckian,A_f0.7_blind,A,lamarckian,15,150,train,42,0.9761904761904762,15,16,83.58156516450262,0.875,0.5,adaptive_blind,0.51875,0.8972704354910692,0.5860707364341087,405.0,72.0,70.0,443.0,40.0,10.0,0.0,0.0,57.0,4.0,9.0,38.0,19.0,2.0,0.0,0.0,0.0,0.0,9.0,38.0,0.0,0.0,0.0,0.0
A_f0.7_blind__lamarckian__s15,A_f0.7_blind__lamarckian,A_f0.7_blind,A,lamarckian,15,200,train,47,1.3829787234042554,22,17,68.99217912584183,0.875,0.5,adaptive_blind,0.60625,0.7698867879316381,0.5372699873096445,355.0,65.0,66.0,385.0,41.0,4.0,0.0,0.0,57.0,2.0,7.0,35.0,18.0,1.0,0.0,0.0,0.0,0.0,7.0,35.0,0.0,0.0,0.0,0.0
A_f0.7_blind__lamarckian__s15,A_f0.7_blind__lamarckian,A_f0.7_blind,A,lamarckian,15,250,train,50,1.62,22,19,102.62957793458955,0.7291666666666666,0.5,adaptive_blind,0.61875,0.8844270496849469,0.5926462765957445,398.0,63.0,102.0,665.0,75.0,9.0,0.0,0.0,29.0,4.0,11.0,29.0,18.0,1.0,0.0,0.0,0.0,0.0,11.0,29.0,0.0,0.0,0.0,0.0
A_f0.7_blind__lamarckian__s15,A_f0.7_blind__lamarckian,A_f0.7_blind,A,lamarckian,15,300,train,50,1.68,11,11,88.6185277567027,0.7708333333333334,0.5,adaptive_blind,0.58125,1.007755499784505,0.6266242767598842,356.0,64.0,143.0,864.0,92.0,13.0,0.0,0.0,26.0,2.0,15.0,42.0,14.0,0.0,0.0,0.0,0.0,0.0,15.0,42.0,0.0,0.0,0.0,0.0
A_f0.7_blind__lamarckian__s15,A_f0.7_blind__lamarckian,A_f0.7_blind,A,lamarckian,15,350,train,50,1.46,11,11,129.66715249980473,0.6458333333333334,0.5,adaptive_blind,0.56875,0.9382621752792455,0.6104198136958712,533.0,81.0,151.0,734.0,41.0,10.0,0.0,0.0,27.0,7.0,9.0,38.0,2.0,0.0,0.0,0.0,0.0,0.0,9.0,38.0,0.0,0.0,0.0,0.0
A_f0.7_blind__lamarckian__s15,A_f0.7_blind__lamarckian,A_f0.7_blind,A,lamarckian,15,400,train,50,1.44,9,9,72.14058654822084,0.8125,0.5,adaptive_blind,0.60625,0.9671713934638385,0.5939155629139072,514.0,99.0,110.0,619.0,207.0,45.0,0.0,0.0,39.0,7.0,12.0,27.0,15.0,5.0,0.0,0.0,0.0,0.0,12.0,27.0,0.0,0.0,0.0,0.0
A_f0.7_blind__lamarckian__s15,A_f0.7_blind__lamarckian,A_f0.7_blind,A,lamarckian,15,450,train,50,1.42,8,8,104.84697546296651,0.7916666666666666,0.5,adaptive_blind,0.58125,0.9187138799513712,0.5896565934065936,403.0,72.0,112.0,669.0,59.0,7.0,0.0,0.0,46.0,4.0,13.0,24.0,14.0,0.0,0.0,0.0,0.0,0.0,13.0,24.0,0.0,0.0,0.0,0.0
A_f0.7_blind__lamarckian__s15,A_f0.7_blind__lamarckian,A_f0.7_blind,A,lamarckian,15,500,train,50,1.54,8,8,90.718382386471,0.7291666666666666,0.5,adaptive_blind,0.56875,0.9408948191747664,0.5839478929384969,457.0,67.0,81.0,496.0,59.0,12.0,0.0,0.0,41.0,3.0,11.0,27.0,11.0,0.0,0.0,0.0,0.0,0.0,11.0,27.0,0.0,0.0,0.0,0.0
A_f0.7_blind__lamarckian__s15,A_f0.7_blind__lamarckian,A_f0.7_blind,A,lamarckian,15,550,train,50,1.82,13,13,108.06064531170634,0.7291666666666666,0.5,adaptive_blind,0.61875,0.8993151909012175,0.5923838614393127,318.0,61.0,101.0,567.0,77.0,12.0,0.0,0.0,39.0,7.0,9.0,32.0,12.0,3.0,0.0,0.0,0.0,0.0,9.0,32.0,0.0,0.0,0.0,0.0
A_f0.7_blind__lamarckian__s15,A_f0.7_blind__lamarckian,A_f0.7_blind,A,lamarckian,15,600,train,50,2.04,10,10,106.04944645478767,0.7708333333333334,0.5,adaptive_blind,0.6,0.8525801796907978,0.5851740249187432,276.0,44.0,101.0,548.0,94.0,15.0,0.0,0.0,38.0,4.0,13.0,30.0,10.0,0.0,0.0,0.0,0.0,0.0,13.0,30.0,0.0,0.0,0.0,0.0
A_f0.7_blind__lamarckian__s15,A_f0.7_blind__lamarckian,A_f0.7_blind,A,lamarckian,15,650,train,50,2.22,9,9,126.31948983081537,0.6875,0.5,adaptive_blind,0.61875,0.9208319892514137,0.6117612512363997,404.0,70.0,114.0,656.0,43.0,12.0,0.0,0.0,35.0,4.0,14.0,28.0,18.0,1.0,0.0,0.0,0.0,0.0,14.0,28.0,0.0,0.0,0.0,0.0
A_f0.7_blind__lamarckian__s15,A_f0.7_blind__lamarckian,A_f0.7_blind,A,lamarckian,15,700,train,50,2.44,17,17,119.0356788886428,0.6458333333333334,0.5,adaptive_blind,0.59375,0.8898525474776884,0.5974044421487608,418.0,51.0,102.0,630.0,82.0,10.0,0.0,0.0,41.0,2.0,16.0,21.0,16.0,2.0,0.0,0.0,0.0,0.0,16.0,21.0,0.0,0.0,0.0,0.0
A_f0.7_blind__lamarckian__s15,A_f0.7_blind__lamarckian,A_f0.7_blind,A,lamarckian,15,750,train,50,2.58,15,15,106.73306178857648,0.6875,0.5,adaptive_blind,0.6125,0.907523603580715,0.606542085427136,365.0,75.0,115.0,658.0,100.0,17.0,0.0,0.0,43.0,2.0,11.0,33.0,17.0,0.0,0.0,0.0,0.0,0.0,11.0,33.0,0.0,0.0,0.0,0.0
A_f0.7_blind__lamarckian__s15,A_f0.7_blind__lamarckian,A_f0.7_blind,A,lamarckian,15,800,train,50,2.62,5,5,98.89131258855824,0.8333333333333334,0.5,adaptive_blind,0.575,0.8536931919049526,0.5769829035874443,404.0,62.0,113.0,597.0,124.0,16.0,0.0,0.0,42.0,0.0,18.0,25.0,24.0,0.0,0.0,0.0,0.0,0.0,18.0,25.0,0.0,0.0,0.0,0.0
A_f0.7_blind__lamarckian__s15,A_f0.7_blind__lamarckian,A_f0.7_blind,A,lamarckian,15,850,train,50,2.54,10,10,69.63582752336092,0.8958333333333334,0.5,adaptive_blind,0.56875,0.9325068868530115,0.6016524869109949,508.0,80.0,98.0,556.0,85.0,11.0,0.0,0.0,54.0,2.0,20.0,31.0,14.0,0.0,0.0,0.0,0.0,0.0,20.0,31.0,0.0,0.0,0.0,0.0
A_f0.7_blind__lamarckian__s15,A_f0.7_blind__lamarckian,A_f0.7_blind,A,lamarckian,15,900,train,50,2.64,13,13,79.00023200915571,0.7916666666666666,0.5,adaptive_blind,0.61875,1.001991376521938,0.6176601758793971,353.0,62.0,136.0,703.0,103.0,14.0,0.0,0.0,36.0,3.0,9.0,30.0,18.0,1.0,0.0,0.0,0.0,0.0,9.0,30.0,0.0,0.0,0.0,0.0
A_f0.7_blind__lamarckian__s15,A_f0.7_blind__lamarckian,A_f0.7_blind,A,lamarckian,15,950,train,50,2.96,14,14,85.96332185755371,0.7916666666666666,0.5,adaptive_blind,0.60625,0.9404425706552704,0.625901109057301,301.0,53.0,148.0,853.0,49.0,6.0,0.0,0.0,38.0,4.0,18.0,38.0,13.0,0.0,0.0,0.0,0.0,0.0,18.0,38.0,0.0,0.0,0.0,0.0
A_f0.7_blind__lamarckian__s15,A_f0.7_blind__lamarckian,A_f0.7_blind,A,lamarckian,15,1000,train,50,3.06,16,16,103.16888277746402,0.7916666666666666,0.5,adaptive_blind,0.60625,0.967170762665492,0.6283982558139534,210.0,34.0,127.0,751.0,75.0,11.0,0.0,0.0,34.0,1.0,16.0,38.0,17.0,2.0,0.0,0.0,0.0,0.0,16.0,38.0,0.0,0.0,0.0,0.0
A_f0.7_blind__lamarckian__s15,A_f0.7_blind__lamarckian,A_f0.7_blind,A,lamarckian,15,1050,train,50,3.52,19,19,75.36126164048929,0.875,0.5,adaptive_blind,0.5625,0.865491568237009,0.5770503393665156,382.0,79.0,112.0,584.0,91.0,18.0,0.0,0.0,43.0,3.0,21.0,34.0,18.0,1.0,0.0,0.0,0.0,0.0,21.0,34.0,0.0,0.0,0.0,0.0
A_f0.7_blind__lamarckian__s15,A_f0.7_blind__lamarckian,A_f0.7_blind,A,lamarckian,15,1100,train,50,3.62,11,11,90.83286013309849,0.875,0.5,adaptive_blind,0.6625,0.8971924674090278,0.5911998663101603,334.0,67.0,115.0,678.0,117.0,16.0,0.0,0.0,37.0,3.0,17.0,24.0,19.0,0.0,0.0,0.0,0.0,0.0,17.0,24.0,0.0,0.0,0.0,0.0
A_f0.7_blind__lamarckian__s15,A_f0.7_blind__lamarckian,A_f0.7_blind,A,lamarckian,15,1150,train,50,3.8,17,17,95.09282260489925,0.7916666666666666,0.5,adaptive_blind,0.61875,0.8870538789182628,0.6075454322200393,296.0,58.0,101.0,626.0,54.0,13.0,0.0,0.0,30.0,4.0,14.0,39.0,23.0,2.0,0.0,0.0,0.0,0.0,14.0,39.0,0.0,0.0,0.0,0.0
A_f0.7_blind__lamarckian__s15,A_f0.7_blind__lamarckian,A_f0.7_blind,A,lamarckian,15,1200,train,50,3.88,17,17,80.65265034158587,0.7916666666666666,0.5,adaptive_blind,0.56875,0.7755449077340488,0.5668708006718928,566.0,96.0,113.0,639.0,59.0,6.0,0.0,0.0,55.0,3.0,8.0,24.0,19.0,1.0,0.0,0.0,0.0,0.0,8.0,24.0,0.0,0.0,0.0,0.0
A_f0.7_blind__lamarckian__s15,A_f0.7_blind__lamarckian,A_f0.7_blind,A,lamarckian,15,1250,train,50,3.84,11,11,72.83650009596163,0.8333333333333334,0.5,adaptive_blind,0.59375,0.8301736942828069,0.558141546329723,363.0,51.0,99.0,589.0,62.0,8.0,0.0,0.0,46.0,4.0,16.0,21.0,14.0,0.0,0.0,0.0,0.0,0.0,16.0,21.0,0.0,0.0,0.0,0.0
A_f0.7_blind__lamarckian__s15,A_f0.7_blind__lamarckian,A_f0.7_blind,A,lamarckian,15,1300,train,50,3.8,8,8,90.45974524495321,0.8333333333333334,0.5,adaptive_blind,0.575,0.9879939077893043,0.6078731636935988,377.0,62.0,80.0,510.0,69.0,10.0,0.0,0.0,57.0,2.0,11.0,29.0,16.0,2.0,0.0,0.0,0.0,0.0,11.0,29.0,0.0,0.0,0.0,0.0
A_f0.7_blind__lamarckian__s15,A_f0.7_blind__lamarckian,A_f0.7_blind,A,lamarckian,15,1350,train,50,3.94,10,10,72.35429260203102,0.8333333333333334,0.5,adaptive_blind,0.6,0.9944408084461845,0.6273519267364414,314.0,63.0,124.0,729.0,96.0,16.0,0.0,0.0,52.0,0.0,10.0,34.0,16.0,2.0,0.0,0.0,0.0,0.0,10.0,34.0,0.0,0.0,0.0,0.0
A_f0.7_blind__lamarckian__s15,A_f0.7_blind__lamarckian,A_f0.7_blind,A,lamarckian,15,1400,train,50,4.16,14,14,73.23074676090829,0.875,0.5,adaptive_blind,0.575,0.8522021075442338,0.5943094135802465,382.0,72.0,114.0,737.0,111.0,19.0,0.0,0.0,50.0,4.0,20.0,21.0,20.0,0.0,0.0,0.0,0.0,0.0,20.0,21.0,0.0,0.0,0.0,0.0
A_f0.7_blind__lamarckian__s15,A_f0.7_blind__lamarckian,A_f0.7_blind,A,lamarckian,15,1450,train,50,4.42,18,18,64.6957479622578,0.875,0.5,adaptive_blind,0.6125,0.9244265273126289,0.6106698207171319,362.0,57.0,150.0,825.0,72.0,21.0,0.0,0.0,39.0,2.0,20.0,29.0,9.0,1.0,0.0,0.0,0.0,0.0,20.0,29.0,0.0,0.0,0.0,0.0
A_f0.7_blind__lamarckian__s15,A_f0.7_blind__lamarckian,A_f0.7_blind,A,lamarckian,15,1500,train,50,4.44,14,14,51.621141029394096,0.9375,0.5,adaptive_blind,0.58125,0.8993805848915262,0.5982007575757577,399.0,63.0,134.0,828.0,70.0,13.0,0.0,0.0,50.0,4.0,12.0,34.0,9.0,2.0,0.0,0.0,0.0,0.0,12.0,34.0,0.0,0.0,0.0,0.0
A_f0.7_blind__lamarckian__s15,A_f0.7_blind__lamarckian,A_f0.7_blind,A,lamarckian,15,1550,eval,50,4.62,24,24,55.54145110235355,0.8958333333333334,0.5,adaptive_blind,0.55,0.0,0.0,451.0,98.0,101.0,466.0,32.0,7.0,1.0,13.0,43.0,7.0,24.0,18.0,12.0,1.0,1.0,2.0,0.0,0.0,24.0,18.0,0.0,0.0,1.0,2.0
A_f0.7_blind__lamarckian__s15,A_f0.7_blind__lamarckian,A_f0.7_blind,A,lamarckian,15,1600,eval,50,4.78,17,17,57.784028733008974,0.8958333333333334,0.5,adaptive_blind,0.495,0.0,0.0,447.0,77.0,53.0,290.0,42.0,0.0,12.0,58.0,55.0,6.0,6.0,18.0,7.0,0.0,0.0,7.0,0.0,0.0,6.0,18.0,0.0,0.0,0.0,7.0
A_f0.7_blind__lamarckian__s15,A_f0.7_blind__lamarckian,A_f0.7_blind,A,lamarckian,15,1650,eval,50,4.64,23,23,59.38646202624193,0.9791666666666666,0.5,adaptive_blind,0.55,0.0,0.0,443.0,74.0,118.0,508.0,75.0,15.0,15.0,75.0,56.0,3.0,10.0,24.0,5.0,0.0,1.0,8.0,0.0,0.0,10.0,24.0,0.0,0.0,1.0,8.0
A_f0.7_blind__lamarckian__s15,A_f0.7_blind__lamarckian,A_f0.7_blind,A,lamarckian,15,1700,eval,50,4.7,22,22,89.45333842401843,0.7083333333333334,0.5,adaptive_blind,0.505,0.0,0.0,585.0,104.0,87.0,454.0,61.0,12.0,5.0,42.0,50.0,10.0,8.0,25.0,11.0,0.0,2.0,1.0,0.0,0.0,8.0,25.0,0.0,0.0,2.0,1.0
A_f0.7_blind__lamarckian__s15,A_f0.7_blind__lamarckian,A_f0.7_blind,A,lamarckian,15,1750,eval,50,4.74,9,9,93.32530475065826,0.8333333333333334,0.5,adaptive_blind,0.505,0.0,0.0,495.0,92.0,130.0,796.0,43.0,10.0,8.0,21.0,50.0,4.0,10.0,30.0,6.0,0.0,3.0,2.0,0.0,0.0,10.0,30.0,0.0,0.0,3.0,2.0
A_f0.7_blind__lamarckian__s15,A_f0.7_blind__lamarckian,A_f0.7_blind,A,lamarckian,15,1800,eval,50,4.82,5,5,147.052253282527,0.4583333333333333,0.5,adaptive_blind,0.53,0.0,0.0,633.0,132.0,89.0,506.0,105.0,14.0,25.0,103.0,40.0,6.0,3.0,13.0,7.0,0.0,1.0,9.0,0.0,0.0,3.0,13.0,0.0,0.0,1.0,9.0
A_f0.7_blind__lamarckian__s16,A_f0.7_blind__lamarckian,A_f0.7_blind,A,lamarckian,16,50,train,50,0.92,33,3,93.49128440820117,0.8125,0.5,adaptive_blind,0.5125,0.670247636344762,0.45756657392686795,178.0,25.0,62.0,327.0,57.0,4.0,0.0,0.0,38.0,5.0,7.0,41.0,14.0,0.0,0.0,0.0,0.0,0.0,7.0,41.0,0.0,0.0,0.0,0.0
A_f0.7_blind__lamarckian__s16,A_f0.7_blind__lamarckian,A_f0.7_blind,A,lamarckian,16,100,train,50,1.04,13,13,95.67132722412066,0.8125,0.5,adaptive_blind,0.61875,0.9546965249667865,0.5996654175588867,234.0,48.0,90.0,531.0,131.0,24.0,0.0,0.0,23.0,2.0,8.0,43.0,18.0,1.0,0.0,0.0,0.0,0.0,8.0,43.0,0.0,0.0,0.0,0.0
A_f0.7_blind__lamarckian__s16,A_f0.7_blind__lamarckian,A_f0.7_blind,A,lamarckian,16,150,train,50,0.98,11,11,88.4645764963204,0.75,0.5,adaptive_blind,0.61875,0.8270769328592464,0.5692456896551727,387.0,70.0,131.0,755.0,102.0,12.0,0.0,0.0,34.0,7.0,5.0,37.0,16.0,2.0,0.0,0.0,0.0,0.0,5.0,37.0,0.0,0.0,0.0,0.0
A_f0.7_blind__lamarckian__s16,A_f0.7_blind__lamarckian,A_f0.7_blind,A,lamarckian,16,200,train,50,0.96,9,9,109.53650629565246,0.7291666666666666,0.5,adaptive_blind,0.6625,0.8099723490861939,0.5878040890269154,566.0,89.0,92.0,541.0,68.0,27.0,0.0,0.0,36.0,2.0,11.0,31.0,17.0,1.0,0.0,0.0,0.0,0.0,11.0,31.0,0.0,0.0,0.0,0.0
A_f0.7_blind__lamarckian__s16,A_f0.7_blind__lamarckian,A_f0.7_blind,A,lamarckian,16,250,train,50,0.96,8,8,126.3985533111294,0.625,0.5,adaptive_blind,0.61875,0.9241809869127315,0.6124907453109574,407.0,88.0,168.0,910.0,70.0,10.0,0.0,0.0,26.0,6.0,15.0,32.0,10.0,1.0,0.0,0.0,0.0,0.0,15.0,32.0,0.0,0.0,0.0,0.0
A_f0.7_blind__lamarckian__s16,A_f0.7_blind__lamarckian,A_f0.7_blind,A,lamarckian,16,300,train,50,0.98,5,5,137.98967370903108,0.6458333333333334,0.5,adaptive_blind,0.6,0.8754683209430749,0.6014566481294237,324.0,54.0,160.0,951.0,120.0,26.0,0.0,0.0,20.0,1.0,8.0,40.0,19.0,3.0,0.0,0.0,0.0,0.0,8.0,40.0,0.0,0.0,0.0,0.0
A_f0.7_blind__lamarckian__s16,A_f0.7_blind__lamarckian,A_f0.7_blind,A,lamarckian,16,350,train,50,0.98,4,4,123.80849512134921,0.625,0.5,adaptive_blind,0.63125,0.9249421334838132,0.6408399877149877,301.0,56.0,211.0,1135.0,116.0,14.0,0.0,0.0,39.0,2.0,10.0,32.0,10.0,1.0,0.0,0.0,0.0,0.0,10.0,32.0,0.0,0.0,0.0,0.0
A_f0.7_blind__lamarckian__s16,A_f0.7_blind__lamarckian,A_f0.7_blind,A,lamarckian,16,400,train,50,0.98,9,9,107.36059349246823,0.7708333333333334,0.5,adaptive_blind,0.59375,0.9149761467801881,0.6089637337986042,358.0,70.0,166.0,974.0,109.0,21.0,0.0,0.0,28.0,2.0,19.0,36.0,18.0,4.0,0.0,0.0,0.0,0.0,19.0,36.0,0.0,0.0,0.0,0.0
A_f0.7_blind__lamarckian__s16,A_f0.7_blind__lamarckian,A_f0.7_blind,A,lamarckian,16,450,train,50,0.98,3,3,194.5201045168837,0.3958333333333333,0.5,adaptive_blind,0.64375,0.9975776209214074,0.629264046270066,481.0,76.0,172.0,981.0,16.0,3.0,0.0,0.0,23.0,3.0,10.0,27.0,1.0,1.0,0.0,0.0,0.0,0.0,10.0,27.0,0.0,0.0,0.0,0.0
A_f0.7_blind__lamarckian__s16,A_f0.7_blind__lamarckian,A_f0.7_blind,A,lamarckian,16,500,train,50,1.52,15,15,156.36276482583818,0.4791666666666667,0.5,adaptive_blind,0.6,0.9331615391526009,0.6237039841565704,524.0,74.0,194.0,964.0,127.0,30.0,0.0,0.0,30.0,1.0,12.0,33.0,10.0,2.0,0.0,0.0,0.0,0.0,12.0,33.0,0.0,0.0,0.0,0.0
A_f0.7_blind__lamarckian__s16,A_f0.7_blind__lamarckian,A_f0.7_blind,A,lamarckian,16,550,train,50,1.88,20,20,125.99794368283796,0.625,0.5,adaptive_blind,0.625,0.899633980902148,0.6181378865979379,440.0,79.0,157.0,902.0,91.0,19.0,0.0,0.0,24.0,1.0,21.0,38.0,15.0,0.0,0.0,0.0,0.0,0.0,21.0,38.0,0.0,0.0,0.0,0.0
A_f0.7_blind__lamarckian__s16,A_f0.7_blind__lamarckian,A_f0.7_blind,A,lamarckian,16,600,train,50,1.84,11,11,104.36040852137799,0.7291666666666666,0.5,adaptive_blind,0.59375,0.7745825400514688,0.5783620916754477,534.0,95.0,163.0,821.0,66.0,17.0,0.0,0.0,38.0,6.0,18.0,26.0,15.0,2.0,0.0,0.0,0.0,0.0,18.0,26.0,0.0,0.0,0.0,0.0
A_f0.7_blind__lamarckian__s16,A_f0.7_blind__lamarckian,A_f0.7_blind,A,lamarckian,16,650,train,50,1.86,11,11,81.87641054295243,0.875,0.5,adaptive_blind,0.625,0.8942508951968243,0.6098397749510762,393.0,63.0,159.0,899.0,63.0,12.0,0.0,0.0,43.0,1.0,13.0,36.0,20.0,1.0,0.0,0.0,0.0,0.0,13.0,36.0,0.0,0.0,0.0,0.0
A_f0.7_blind__lamarckian__s16,A_f0.7_blind__lamarckian,A_f0.7_blind,A,lamarckian,16,700,train,50,1.92,10,10,121.074848953349,0.5625,0.5,adaptive_blind,0.56875,0.8676300982708789,0.576946952595937,346.0,76.0,112.0,680.0,79.0,17.0,0.0,0.0,36.0,2.0,14.0,24.0,17.0,1.0,0.0,0.0,0.0,0.0,14.0,24.0,0.0,0.0,0.0,0.0
A_f0.7_blind__lamarckian__s16,A_f0.7_blind__lamarckian,A_f0.7_blind,A,lamarckian,16,750,train,50,1.98,18,18,96.20776149975104,0.7291666666666666,0.5,adaptive_blind,0.64375,0.8593148193084282,0.5988593276036402,409.0,88.0,130.0,703.0,67.0,13.0,0.0,0.0,28.0,2.0,20.0,32.0,19.0,0.0,0.0,0.0,0.0,0.0,20.0,32.0,0.0,0.0,0.0,0.0
A_f0.7_blind__lamarckian__s16,A_f0.7_blind__lamarckian,A_f0.7_blind,A,lamarckian,16,800,train,50,2.0,8,8,117.08850730866025,0.6666666666666666,0.5,adaptive_blind,0.625,0.8266372357466096,0.5937689012096776,496.0,86.0,122.0,667.0,135.0,19.0,0.0,0.0,35.0,1.0,17.0,20.0,18.0,2.0,0.0,0.0,0.0,0.0,17.0,20.0,0.0,0.0,0.0,0.0
A_f0.7_blind__lamarckian__s16,A_f0.7_blind__lamarckian,A_f0.7_blind,A,lamarckian,16,850,train,50,2.02,9,9,90.61485241467281,0.8125,0.5,adaptive_blind,0.6375,0.892088953838833,0.6070599553128104,395.0,65.0,131.0,748.0,142.0,22.0,0.0,0.0,48.0,0.0,20.0,29.0,18.0,0.0,0.0,0.0,0.0,0.0,20.0,29.0,0.0,0.0,0.0,0.0
A_f0.7_blind__lamarckian__s16,A_f0.7_blind__lamarckian,A_f0.7_blind,A,lamarckian,16,900,train,50,2.08,13,13,115.13729179915597,0.7083333333333334,0.5,adaptive_blind,0.6375,0.8328745331370351,0.5847296573875802,399.0,64.0,119.0,769.0,131.0,25.0,0.0,0.0,28.0,2.0,26.0,26.0,14.0,2.0,0.0,0.0,0.0,0.0,26.0,26.0,0.0,0.0,0.0,0.0
A_f0.7_blind__lamarckian__s16,A_f0.7_blind__lamarckian,A_f0.7_blind,A,lamarckian,16,950,train,50,2.1,8,8,82.80709777108042,0.7708333333333334,0.5,adaptive_blind,0.625,0.945476323103509,0.615145177165354,354.0,52.0,158.0,859.0,108.0,13.0,0.0,0.0,41.0,5.0,15.0,26.0,25.0,0.0,0.0,0.0,0.0,0.0,15.0,26.0,0.0,0.0,0.0,0.0
A_f0.7_blind__lamarckian__s16,A_f0.7_blind__lamarckian,A_f0.7_blind,A,lamarckian,16,1000,train,50,2.4,17,17,108.65990103672804,0.6875,0.5,adaptive_blind,0.60625,0.8785439094819723,0.6074981599607454,260.0,46.0,146.0,790.0,89.0,14.0,0.0,0.0,28.0,1.0,17.0,32.0,12.0,0.0,0.0,0.0,0.0,0.0,17.0,32.0,0.0,0.0,0.0,0.0
A_f0.7_blind__lamarckian__s16,A_f0.7_blind__lamarckian,A_f0.7_blind,A,lamarckian,16,1050,train,50,2.58,15,15,88.61098869572385,0.7708333333333334,0.5,adaptive_blind,0.5875,0.9159424763891179,0.6087806556556556,364.0,54.0,151.0,819.0,114.0,21.0,0.0,0.0,50.0,1.0,17.0,25.0,15.0,2.0,0.0,0.0,0.0,0.0,17.0,25.0,0.0,0.0,0.0,0.0
A_f0.7_blind__lamarckian__s16,A_f0.7_blind__lamarckian,A_f0.7_blind,A,lamarckian,16,1100,train,50,2.56,11,11,109.57616781029714,0.7083333333333334,0.5,adaptive_blind,0.6,0.8473593351667771,0.5930358066184074,318.0,69.0,126.0,762.0,62.0,9.0,0.0,0.0,34.0,2.0,26.0,29.0,14.0,0.0,0.0,0.0,0.0,0.0,26.0,29.0,0.0,0.0,0.0,0.0
A_f0.7_blind__lamarckian__s16,A_f0.7_blind__lamarckian,A_f0.7_blind,A,lamarckian,16,1150,train,50,2.62,15,15,66.15453080614532,0.875,0.5,adaptive_blind,0.6625,0.9238448629822087,0.6110429067460319,369.0,64.0,164.0,815.0,129.0,25.0,0.0,0.0,47.0,4.0,18.0,32.0,19.0,0.0,0.0,0.0,0.0,0.0,18.0,32.0,0.0,0.0,0.0,0.0
A_f0.7_blind__lamarckian__s16,A_f0.7_blind__lamarckian,A_f0.7_blind,A,lamarckian,16,1200,train,50,2.64,7,7,119.54986674657472,0.6875,0.5,adaptive_blind,0.5875,0.8076748838500095,0.562903812572759,382.0,68.0,134.0,673.0,93.0,14.0,0.0,0.0,38.0,1.0,18.0,21.0,23.0,0.0,0.0,0.0,0.0,0.0,18.0,21.0,0.0,0.0,0.0,0.0
A_f0.7_blind__lamarckian__s16,A_f0.7_blind__lamarckian,A_f0.7_blind,A,lamarckian,16,1250,train,50,2.86,16,16,81.79631661279181,0.8125,0.5,adaptive_blind,0.6375,0.8405942467942082,0.5952176113360326,512.0,87.0,131.0,713.0,83.0,10.0,0.0,0.0,41.0,4.0,10.0,38.0,28.0,0.0,0.0,0.0,0.0,0.0,10.0,38.0,0.0,0.0,0.0,0.0
A_f0.7_blind__lamarckian__s16,A_f0.7_blind__lamarckian,A_f0.7_blind,A,lamarckian,16,1300,train,50,2.86,4,4,124.11141532508745,0.75,0.5,adaptive_blind,0.6,0.9299035391769538,0.5988877118644069,429.0,67.0,109.0,616.0,63.0,11.0,0.0,0.0,42.0,3.0,14.0,29.0,5.0,0.0,0.0,0.0,0.0,0.0,14.0,29.0,0.0,0.0,0.0,0.0
A_f0.7_blind__lamarckian__s16,A_f0.7_blind__lamarckian,A_f0.7_blind,A,lamarckian,16,1350,train,50,2.9,4,4,72.29521532518311,0.9166666666666666,0.5,adaptive_blind,0.58125,0.9906409390732542,0.5953954646017698,508.0,64.0,94.0,569.0,91.0,9.0,0.0,0.0,53.0,4.0,8.0,30.0,20.0,0.0,0.0,0.0,0.0,0.0,8.0,30.0,0.0,0.0,0.0,0.0
A_f0.7_blind__lamarckian__s16,A_f0.7_blind__lamarckian,A_f0.7_blind,A,lamarckian,16,1400,train,50,3.0,9,9,93.37997964748448,0.7291666666666666,0.5,adaptive_blind,0.6125,0.8983882353920426,0.6102450980392158,443.0,91.0,111.0,616.0,81.0,13.0,0.0,0.0,48.0,2.0,23.0,20.0,12.0,1.0,0.0,0.0,0.0,0.0,23.0,20.0,0.0,0.0,0.0,0.0
A_f0.7_blind__lamarckian__s16,A_f0.7_blind__lamarckian,A_f0.7_blind,A,lamarckian,16,1450,train,50,3.1,4,4,62.013657287915535,0.8541666666666666,0.5,adaptive_blind,0.59375,0.9569027112615891,0.6183158023483364,376.0,65.0,117.0,656.0,106.0,18.0,0.0,0.0,60.0,2.0,8.0,27.0,20.0,3.0,0.0,0.0,0.0,0.0,8.0,27.0,0.0,0.0,0.0,0.0
A_f0.7_blind__lamarckian__s16,A_f0.7_blind__lamarckian,A_f0.7_blind,A,lamarckian,16,1500,train,50,3.46,13,13,86.07719612840592,0.7916666666666666,0.5,adaptive_blind,0.65,0.8888858496658942,0.5936204835281618,377.0,62.0,107.0,617.0,149.0,19.0,0.0,0.0,45.0,2.0,20.0,20.0,16.0,1.0,0.0,0.0,0.0,0.0,20.0,20.0,0.0,0.0,0.0,0.0
A_f0.7_blind__lamarckian__s16,A_f0.7_blind__lamarckian,A_f0.7_blind,A,lamarckian,16,1550,eval,50,3.5,14,14,72.78540941169265,0.8333333333333334,0.5,adaptive_blind,0.51,0.0,0.0,414.0,80.0,101.0,515.0,62.0,4.0,15.0,106.0,58.0,3.0,13.0,20.0,14.0,0.0,1.0,6.0,0.0,0.0,13.0,20.0,0.0,0.0,1.0,6.0
A_f0.7_blind__lamarckian__s16,A_f0.7_blind__lamarckian,A_f0.7_blind,A,lamarckian,16,1600,eval,50,3.62,23,23,82.67521336428608,0.875,0.5,adaptive_blind,0.505,0.0,0.0,436.0,77.0,88.0,587.0,35.0,6.0,22.0,106.0,44.0,1.0,12.0,28.0,4.0,1.0,3.0,7.0,0.0,0.0,12.0,28.0,0.0,0.0,3.0,7.0
A_f0.7_blind__lamarckian__s16,A_f0.7_blind__lamarckian,A_f0.7_blind,A,lamarckian,16,1650,eval,50,3.68,12,12,92.94625361672344,0.75,0.5,adaptive_blind,0.49,0.0,0.0,445.0,74.0,67.0,497.0,58.0,12.0,8.0,44.0,48.0,2.0,17.0,21.0,10.0,1.0,3.0,5.0,0.0,0.0,17.0,21.0,0.0,0.0,3.0,5.0
A_f0.7_blind__lamarckian__s16,A_f0.7_blind__lamarckian,A_f0.7_blind,A,lamarckian,16,1700,eval,50,3.72,8,8,130.63495514184413,0.7291666666666666,0.5,adaptive_blind,0.485,0.0,0.0,459.0,98.0,119.0,624.0,28.0,1.0,2.0,15.0,38.0,4.0,12.0,29.0,13.0,0.0,2.0,2.0,0.0,0.0,12.0,29.0,0.0,0.0,2.0,2.0
A_f0.7_blind__lamarckian__s16,A_f0.7_blind__lamarckian,A_f0.7_blind,A,lamarckian,16,1750,eval,50,3.88,13,13,122.72235102729447,0.7291666666666666,0.5,adaptive_blind,0.525,0.0,0.0,701.0,125.0,115.0,657.0,32.0,2.0,14.0,103.0,50.0,3.0,7.0,25.0,7.0,0.0,5.0,3.0,0.0,0.0,7.0,25.0,0.0,0.0,5.0,3.0
A_f0.7_blind__lamarckian__s16,A_f0.7_blind__lamarckian,A_f0.7_blind,A,lamarckian,16,1800,eval,50,3.92,6,6,124.59649333879804,0.625,0.5,adaptive_blind,0.525,0.0,0.0,618.0,119.0,126.0,628.0,92.0,14.0,16.0,98.0,49.0,9.0,12.0,21.0,7.0,0.0,1.0,4.0,0.0,0.0,12.0,21.0,0.0,0.0,1.0,4.0
A_f0.7_blind__lamarckian__s17,A_f0.7_blind__lamarckian,A_f0.7_blind,A,lamarckian,17,50,train,50,0.72,32,2,53.8374968302124,0.9583333333333334,0.5,adaptive_blind,0.56875,0.5145388997349974,0.3686488095238092,236.0,49.0,29.0,189.0,114.0,16.0,0.0,0.0,45.0,5.0,6.0,28.0,25.0,6.0,0.0,0.0,0.0,0.0,6.0,28.0,0.0,0.0,0.0,0.0
A_f0.7_blind__lamarckian__s17,A_f0.7_blind__lamarckian,A_f0.7_blind,A,lamarckian,17,100,train,50,0.82,15,15,51.7274792709647,0.9166666666666666,0.5,adaptive_blind,0.60625,0.8489967913563974,0.5778383668903806,233.0,37.0,48.0,356.0,95.0,17.0,0.0,0.0,49.0,1.0,7.0,20.0,28.0,5.0,0.0,0.0,0.0,0.0,7.0,20.0,0.0,0.0,0.0,0.0
A_f0.7_blind__lamarckian__s17,A_f0.7_blind__lamarckian,A_f0.7_blind,A,lamarckian,17,150,train,50,0.92,13,13,77.87669997762836,0.8541666666666666,0.5,adaptive_blind,0.59375,0.8191359512352143,0.5674956995412845,205.0,40.0,49.0,283.0,98.0,13.0,0.0,0.0,35.0,2.0,7.0,26.0,31.0,1.0,0.0,0.0,0.0,0.0,7.0,26.0,0.0,0.0,0.0,0.0
A_f0.7_blind__lamarckian__s17,A_f0.7_blind__lamarckian,A_f0.7_blind,A,lamarckian,17,200,train,49,1.1020408163265305,15,16,51.46115858920763,0.9583333333333334,0.5,adaptive_blind,0.575,0.9045668426842572,0.6025597379239465,185.0,48.0,86.0,466.0,112.0,17.0,0.0,0.0,40.0,8.0,14.0,30.0,25.0,1.0,0.0,0.0,0.0,0.0,14.0,30.0,0.0,0.0,0.0,0.0
A_f0.7_blind__lamarckian__s17,A_f0.7_blind__lamarckian,A_f0.7_blind,A,lamarckian,17,250,train,46,1.326086956521739,13,16,82.38205963928,0.8333333333333334,0.5,adaptive_blind,0.525,1.0030303809609942,0.5768185866983373,181.0,36.0,43.0,299.0,124.0,19.0,0.0,0.0,31.0,5.0,10.0,25.0,34.0,3.0,0.0,0.0,0.0,0.0,10.0,25.0,0.0,0.0,0.0,0.0
A_f0.7_blind__lamarckian__s17,A_f0.7_blind__lamarckian,A_f0.7_blind,A,lamarckian,17,300,train,46,1.326086956521739,14,14,97.82818214820281,0.8541666666666666,0.5,adaptive_blind,0.6,0.8338918717413225,0.5799136513157894,311.0,41.0,80.0,433.0,78.0,18.0,0.0,0.0,42.0,2.0,13.0,24.0,26.0,2.0,0.0,0.0,0.0,0.0,13.0,24.0,0.0,0.0,0.0,0.0
A_f0.7_blind__lamarckian__s17,A_f0.7_blind__lamarckian,A_f0.7_blind,A,lamarckian,17,350,train,49,1.510204081632653,16,13,143.37630765505418,0.7083333333333334,0.5,adaptive_blind,0.58125,0.9422660416245837,0.5612654320987653,429.0,60.0,77.0,476.0,146.0,22.0,0.0,0.0,29.0,4.0,14.0,23.0,29.0,1.0,0.0,0.0,0.0,0.0,14.0,23.0,0.0,0.0,0.0,0.0
A_f0.7_blind__lamarckian__s17,A_f0.7_blind__lamarckian,A_f0.7_blind,A,lamarckian,17,400,train,50,1.6,11,10,88.58769575256655,0.7708333333333334,0.5,adaptive_blind,0.6,0.91726167717998,0.6106695986124879,295.0,38.0,138.0,686.0,137.0,20.0,0.0,0.0,38.0,5.0,12.0,27.0,29.0,3.0,0.0,0.0,0.0,0.0,12.0,27.0,0.0,0.0,0.0,0.0
A_f0.7_blind__lamarckian__s17,A_f0.7_blind__lamarckian,A_f0.7_blind,A,lamarckian,17,450,train,50,1.6,8,8,92.13954801413976,0.75,0.5,adaptive_blind,0.6,0.8915943561191033,0.5825083892617451,344.0,59.0,110.0,686.0,101.0,20.0,0.0,0.0,24.0,3.0,9.0,33.0,28.0,4.0,0.0,0.0,0.0,0.0,9.0,33.0,0.0,0.0,0.0,0.0
A_f0.7_blind__lamarckian__s17,A_f0.7_blind__lamarckian,A_f0.7_blind,A,lamarckian,17,500,train,50,1.8,16,16,96.86434458257544,0.7291666666666666,0.5,adaptive_blind,0.6375,0.980836428016183,0.6225868725868728,360.0,75.0,151.0,914.0,77.0,14.0,0.0,0.0,28.0,2.0,14.0,34.0,24.0,2.0,0.0,0.0,0.0,0.0,14.0,34.0,0.0,0.0,0.0,0.0
A_f0.7_blind__lamarckian__s17,A_f0.7_blind__lamarckian,A_f0.7_blind,A,lamarckian,17,550,train,50,2.18,22,22,65.56086202393854,0.9375,0.5,adaptive_blind,0.61875,0.9389911314176089,0.6201226076555026,351.0,47.0,142.0,819.0,91.0,16.0,0.0,0.0,28.0,1.0,15.0,42.0,22.0,2.0,0.0,0.0,0.0,0.0,15.0,42.0,0.0,0.0,0.0,0.0
A_f0.7_blind__lamarckian__s17,A_f0.7_blind__lamarckian,A_f0.7_blind,A,lamarckian,17,600,train,50,2.26,9,9,105.04807754847924,0.7291666666666666,0.5,adaptive_blind,0.53125,0.843767324227287,0.5615376040428062,348.0,60.0,87.0,514.0,150.0,26.0,0.0,0.0,31.0,1.0,15.0,22.0,31.0,1.0,0.0,0.0,0.0,0.0,15.0,22.0,0.0,0.0,0.0,0.0
A_f0.7_blind__lamarckian__s17,A_f0.7_blind__lamarckian,A_f0.7_blind,A,lamarckian,17,650,train,50,2.46,9,9,79.74579451648654,0.8333333333333334,0.5,adaptive_blind,0.6,0.8668893487362866,0.5582074175824177,388.0,77.0,93.0,502.0,122.0,15.0,0.0,0.0,56.0,2.0,10.0,21.0,28.0,4.0,0.0,0.0,0.0,0.0,10.0,21.0,0.0,0.0,0.0,0.0
A_f0.7_blind__lamarckian__s17,A_f0.7_blind__lamarckian,A_f0.7_blind,A,lamarckian,17,700,train,50,2.62,12,12,91.09584369641685,0.7916666666666666,0.5,adaptive_blind,0.58125,0.7896870438915595,0.5387460191082802,323.0,56.0,93.0,577.0,146.0,30.0,0.0,0.0,38.0,0.0,19.0,15.0,34.0,4.0,0.0,0.0,0.0,0.0,19.0,15.0,0.0,0.0,0.0,0.0
A_f0.7_blind__lamarckian__s17,A_f0.7_blind__lamarckian,A_f0.7_blind,A,lamarckian,17,750,train,50,2.76,10,10,80.09593343545927,0.875,0.5,adaptive_blind,0.625,0.9018069686215344,0.5848418338907468,347.0,63.0,116.0,641.0,158.0,24.0,0.0,0.0,46.0,5.0,14.0,17.0,26.0,1.0,0.0,0.0,0.0,0.0,14.0,17.0,0.0,0.0,0.0,0.0
A_f0.7_blind__lamarckian__s17,A_f0.7_blind__lamarckian,A_f0.7_blind,A,lamarckian,17,800,train,50,2.8,16,16,95.80848693784277,0.8125,0.5,adaptive_blind,0.5875,0.7698386086430851,0.5708242358078603,420.0,72.0,104.0,488.0,44.0,13.0,0.0,0.0,48.0,2.0,15.0,26.0,20.0,2.0,0.0,0.0,0.0,0.0,15.0,26.0,0.0,0.0,0.0,0.0
A_f0.7_blind__lamarckian__s17,A_f0.7_blind__lamarckian,A_f0.7_blind,A,lamarckian,17,850,train,50,3.1,15,15,55.59757797089699,0.9583333333333334,0.5,adaptive_blind,0.56875,0.7855054057889816,0.5138430111265646,314.0,54.0,71.0,364.0,114.0,19.0,0.0,0.0,59.0,3.0,5.0,18.0,28.0,2.0,0.0,0.0,0.0,0.0,5.0,18.0,0.0,0.0,0.0,0.0
A_f0.7_blind__lamarckian__s17,A_f0.7_blind__lamarckian,A_f0.7_blind,A,lamarckian,17,900,train,50,3.14,10,10,47.31690291498076,0.9166666666666666,0.5,adaptive_blind,0.625,0.8521550306397955,0.5857042158968853,177.0,29.0,66.0,379.0,139.0,27.0,0.0,0.0,45.0,2.0,22.0,18.0,30.0,1.0,0.0,0.0,0.0,0.0,22.0,18.0,0.0,0.0,0.0,0.0
A_f0.7_blind__lamarckian__s17,A_f0.7_blind__lamarckian,A_f0.7_blind,A,lamarckian,17,950,train,50,2.78,15,15,69.63007798815102,0.9375,0.5,adaptive_blind,0.5625,0.9115208962555195,0.5869554661487235,233.0,21.0,77.0,371.0,98.0,13.0,0.0,0.0,44.0,2.0,19.0,17.0,27.0,0.0,0.0,0.0,0.0,0.0,19.0,17.0,0.0,0.0,0.0,0.0
A_f0.7_blind__lamarckian__s17,A_f0.7_blind__lamarckian,A_f0.7_blind,A,lamarckian,17,1000,train,50,2.96,18,18,57.11004107593602,0.9166666666666666,0.5,adaptive_blind,0.6125,0.815245267151053,0.5711711711711713,366.0,55.0,80.0,432.0,86.0,13.0,0.0,0.0,44.0,1.0,15.0,20.0,32.0,2.0,0.0,0.0,0.0,0.0,15.0,20.0,0.0,0.0,0.0,0.0
A_f0.7_blind__lamarckian__s17,A_f0.7_blind__lamarckian,A_f0.7_blind,A,lamarckian,17,1050,train,50,3.28,17,17,52.071253313801755,0.9583333333333334,0.5,adaptive_blind,0.6125,0.8798732988256142,0.5876388136511375,219.0,36.0,67.0,478.0,84.0,22.0,0.0,0.0,46.0,2.0,11.0,26.0,25.0,2.0,0.0,0.0,0.0,0.0,11.0,26.0,0.0,0.0,0.0,0.0
A_f0.7_blind__lamarckian__s17,A_f0.7_blind__lamarckian,A_f0.7_blind,A,lamarckian,17,1100,train,50,3.46,20,20,57.82085722391728,0.875,0.5,adaptive_blind,0.675,0.9021447955690568,0.6032203713123092,110.0,23.0,73.0,407.0,102.0,18.0,0.0,0.0,31.0,2.0,18.0,25.0,33.0,2.0,0.0,0.0,0.0,0.0,18.0,25.0,0.0,0.0,0.0,0.0
A_f0.7_blind__lamarckian__s17,A_f0.7_blind__lamarckian,A_f0.7_blind,A,lamarckian,17,1150,train,50,3.58,15,15,54.64312790205237,0.875,0.5,adaptive_blind,0.65,0.848772548397928,0.5862903225806451,286.0,54.0,111.0,582.0,94.0,17.0,0.0,0.0,42.0,0.0,22.0,22.0,21.0,2.0,0.0,0.0,0.0,0.0,22.0,22.0,0.0,0.0,0.0,0.0
A_f0.7_blind__lamarckian__s17,A_f0.7_blind__lamarckian,A_f0.7_blind,A,lamarckian,17,1200,train,45,3.6666666666666665,14,19,75.48754006914609,0.9166666666666666,0.5,adaptive_blind,0.6125,0.8220497493065633,0.5658397766323022,312.0,50.0,83.0,537.0,50.0,10.0,0.0,0.0,41.0,1.0,14.0,23.0,20.0,0.0,0.0,0.0,0.0,0.0,14.0,23.0,0.0,0.0,0.0,0.0
A_f0.7_blind__lamarckian__s17,A_f0.7_blind__lamarckian,A_f0.7_blind,A,lamarckian,17,1250,train,48,3.8125,14,11,56.380935449744506,0.9583333333333334,0.5,adaptive_blind,0.625,0.7487837228600667,0.5570204493087554,316.0,58.0,72.0,450.0,69.0,19.0,0.0,0.0,44.0,0.0,11.0,23.0,32.0,6.0,0.0,0.0,0.0,0.0,11.0,23.0,0.0,0.0,0.0,0.0
A_f0.7_blind__lamarckian__s17,A_f0.7_blind__lamarckian,A_f0.7_blind,A,lamarckian,17,1300,train,45,4.2444444444444445,17,20,76.21802439307847,0.8541666666666666,0.5,adaptive_blind,0.56875,0.7286903289580692,0.4850363263785398,359.0,38.0,67.0,432.0,50.0,8.0,0.0,0.0,50.0,1.0,14.0,18.0,28.0,1.0,0.0,0.0,0.0,0.0,14.0,18.0,0.0,0.0,0.0,0.0
A_f0.7_blind__lamarckian__s17,A_f0.7_blind__lamarckian,A_f0.7_blind,A,lamarckian,17,1350,train,46,4.434782608695652,14,13,46.781674311959385,0.9583333333333334,0.5,adaptive_blind,0.6,0.9394115554638721,0.5650137530562347,258.0,52.0,106.0,538.0,59.0,12.0,0.0,0.0,46.0,1.0,24.0,22.0,36.0,2.0,0.0,0.0,0.0,0.0,24.0,22.0,0.0,0.0,0.0,0.0
A_f0.7_blind__lamarckian__s17,A_f0.7_blind__lamarckian,A_f0.7_blind,A,lamarckian,17,1400,train,33,4.575757575757576,8,21,67.65922103018525,0.8958333333333334,0.5,adaptive_blind,0.61875,0.7625181359285991,0.5559506425233645,186.0,45.0,81.0,511.0,40.0,7.0,0.0,0.0,28.0,5.0,12.0,39.0,26.0,2.0,0.0,0.0,0.0,0.0,12.0,39.0,0.0,0.0,0.0,0.0
A_f0.7_blind__lamarckian__s17,A_f0.7_blind__lamarckian,A_f0.7_blind,A,lamarckian,17,1450,train,43,4.790697674418604,22,12,81.98095056827712,0.8333333333333334,0.5,adaptive_blind,0.58125,0.643178768826419,0.4867401079136693,289.0,57.0,85.0,458.0,67.0,12.0,0.0,0.0,35.0,4.0,18.0,20.0,36.0,4.0,0.0,0.0,0.0,0.0,18.0,20.0,0.0,0.0,0.0,0.0
A_f0.7_blind__lamarckian__s17,A_f0.7_blind__lamarckian,A_f0.7_blind,A,lamarckian,17,1500,train,45,5.155555555555556,15,13,48.647645130927785,0.9375,0.5,adaptive_blind,0.59375,0.7981797133553898,0.5443499058971144,300.0,56.0,85.0,414.0,86.0,17.0,0.0,0.0,46.0,3.0,18.0,20.0,34.0,4.0,0.0,0.0,0.0,0.0,18.0,20.0,0.0,0.0,0.0,0.0
A_f0.7_blind__lamarckian__s17,A_f0.7_blind__lamarckian,A_f0.7_blind,A,lamarckian,17,1550,eval,31,5.129032258064516,5,19,88.66943598338341,0.875,0.5,adaptive_blind,0.515,0.0,0.0,295.0,63.0,67.0,390.0,28.0,3.0,15.0,95.0,38.0,3.0,10.0,23.0,10.0,0.0,8.0,12.0,0.0,0.0,10.0,23.0,0.0,0.0,8.0,12.0
A_f0.7_blind__lamarckian__s17,A_f0.7_blind__lamarckian,A_f0.7_blind,A,lamarckian,17,1600,eval,41,5.804878048780488,20,10,69.12307238565982,0.9375,0.5,adaptive_blind,0.49,0.0,0.0,272.0,57.0,70.0,439.0,111.0,18.0,18.0,87.0,55.0,1.0,12.0,23.0,26.0,0.0,6.0,3.0,0.0,0.0,12.0,23.0,0.0,0.0,6.0,3.0
A_f0.7_blind__lamarckian__s17,A_f0.7_blind__lamarckian,A_f0.7_blind,A,lamarckian,17,1650,eval,50,6.04,20,11,64.76864861244229,0.9375,0.5,adaptive_blind,0.5,0.0,0.0,520.0,76.0,63.0,365.0,181.0,30.0,15.0,63.0,61.0,4.0,13.0,22.0,21.0,1.0,3.0,3.0,0.0,0.0,13.0,22.0,0.0,0.0,3.0,3.0
A_f0.7_blind__lamarckian__s17,A_f0.7_blind__lamarckian,A_f0.7_blind,A,lamarckian,17,1700,eval,42,6.333333333333333,11,19,61.42984826729259,0.9166666666666666,0.5,adaptive_blind,0.5,0.0,0.0,370.0,64.0,70.0,413.0,170.0,35.0,20.0,131.0,45.0,4.0,16.0,23.0,27.0,0.0,2.0,13.0,0.0,0.0,16.0,23.0,0.0,0.0,2.0,13.0
A_f0.7_blind__lamarckian__s17,A_f0.7_blind__lamarckian,A_f0.7_blind,A,lamarckian,17,1750,eval,50,6.84,19,11,91.204881373076,0.7708333333333334,0.5,adaptive_blind,0.53,0.0,0.0,534.0,90.0,71.0,403.0,68.0,15.0,29.0,204.0,62.0,8.0,5.0,9.0,14.0,0.0,8.0,7.0,0.0,0.0,5.0,9.0,0.0,0.0,8.0,7.0
A_f0.7_blind__lamarckian__s17,A_f0.7_blind__lamarckian,A_f0.7_blind,A,lamarckian,17,1800,eval,50,6.9,6,6,94.96204077193192,0.7291666666666666,0.5,adaptive_blind,0.515,0.0,0.0,609.0,103.0,71.0,403.0,162.0,38.0,42.0,161.0,47.0,4.0,2.0,15.0,24.0,1.0,5.0,6.0,0.0,0.0,2.0,15.0,0.0,0.0,5.0,6.0
A_f0.7_blind__lamarckian__s18,A_f0.7_blind__lamarckian,A_f0.7_blind,A,lamarckian,18,50,train,50,0.84,33,3,54.20379816552244,0.9375,0.5,adaptive_blind,0.5375,0.5464840714217463,0.4310849834983499,252.0,38.0,38.0,211.0,109.0,20.0,0.0,0.0,53.0,13.0,6.0,29.0,28.0,5.0,0.0,0.0,0.0,0.0,6.0,29.0,0.0,0.0,0.0,0.0
A_f0.7_blind__lamarckian__s18,A_f0.7_blind__lamarckian,A_f0.7_blind,A,lamarckian,18,100,train,50,0.9,11,11,50.25258374495117,0.9166666666666666,0.5,adaptive_blind,0.58125,0.8898972714124966,0.5767042192881746,231.0,35.0,50.0,273.0,66.0,16.0,0.0,0.0,40.0,4.0,6.0,27.0,13.0,8.0,0.0,0.0,0.0,0.0,6.0,27.0,0.0,0.0,0.0,0.0
A_f0.7_blind__lamarckian__s18,A_f0.7_blind__lamarckian,A_f0.7_blind,A,lamarckian,18,150,train,47,0.9787234042553191,15,18,88.73461952764359,0.8541666666666666,0.5,adaptive_blind,0.61875,0.8338378245013646,0.5960224423269809,231.0,51.0,53.0,275.0,36.0,9.0,0.0,0.0,45.0,1.0,11.0,22.0,13.0,7.0,0.0,0.0,0.0,0.0,11.0,22.0,0.0,0.0,0.0,0.0
A_f0.7_blind__lamarckian__s18,A_f0.7_blind__lamarckian,A_f0.7_blind,A,lamarckian,18,200,train,46,0.9347826086956522,12,13,83.07488501284314,0.8541666666666666,0.5,adaptive_blind,0.625,0.7271935003186907,0.5377135093167702,296.0,53.0,51.0,284.0,43.0,8.0,0.0,0.0,39.0,2.0,9.0,27.0,20.0,7.0,0.0,0.0,0.0,0.0,9.0,27.0,0.0,0.0,0.0,0.0
A_f0.7_blind__lamarckian__s18,A_f0.7_blind__lamarckian,A_f0.7_blind,A,lamarckian,18,250,train,43,1.255813953488372,14,17,54.28456129056371,0.9583333333333334,0.5,adaptive_blind,0.58125,0.9649467252500805,0.579731308411215,258.0,55.0,77.0,440.0,35.0,7.0,0.0,0.0,49.0,5.0,13.0,27.0,20.0,1.0,0.0,0.0,0.0,0.0,13.0,27.0,0.0,0.0,0.0,0.0
A_f0.7_blind__lamarckian__s18,A_f0.7_blind__lamarckian,A_f0.7_blind,A,lamarckian,18,300,train,42,1.3333333333333333,12,13,82.81231427515058,0.875,0.5,adaptive_blind,0.6125,0.7033692034318355,0.5147750000000002,249.0,46.0,51.0,307.0,59.0,6.0,0.0,0.0,43.0,1.0,13.0,25.0,23.0,0.0,0.0,0.0,0.0,0.0,13.0,25.0,0.0,0.0,0.0,0.0
A_f0.7_blind__lamarckian__s18,A_f0.7_blind__lamarckian,A_f0.7_blind,A,lamarckian,18,350,train,50,1.22,24,16,78.62577876900822,0.8541666666666666,0.5,adaptive_blind,0.575,0.8172735519421498,0.5561559867629362,344.0,64.0,77.0,523.0,86.0,17.0,0.0,0.0,40.0,3.0,16.0,32.0,18.0,3.0,0.0,0.0,0.0,0.0,16.0,32.0,0.0,0.0,0.0,0.0
A_f0.7_blind__lamarckian__s18,A_f0.7_blind__lamarckian,A_f0.7_blind,A,lamarckian,18,400,train,50,1.34,15,15,96.8771895796766,0.75,0.5,adaptive_blind,0.5875,0.779033973669867,0.5734933640303359,355.0,67.0,95.0,505.0,85.0,19.0,0.0,0.0,34.0,3.0,14.0,35.0,18.0,3.0,0.0,0.0,0.0,0.0,14.0,35.0,0.0,0.0,0.0,0.0
A_f0.7_blind__lamarckian__s18,A_f0.7_blind__lamarckian,A_f0.7_blind,A,lamarckian,18,450,train,50,1.36,19,19,105.16789581759643,0.8125,0.5,adaptive_blind,0.59375,0.8320906043290119,0.5905341381100728,307.0,60.0,81.0,510.0,86.0,17.0,0.0,0.0,39.0,4.0,13.0,28.0,19.0,3.0,0.0,0.0,0.0,0.0,13.0,28.0,0.0,0.0,0.0,0.0
A_f0.7_blind__lamarckian__s18,A_f0.7_blind__lamarckian,A_f0.7_blind,A,lamarckian,18,500,train,50,1.68,15,15,101.3562439420011,0.6666666666666666,0.5,adaptive_blind,0.5625,0.9544031169377374,0.5828214902186419,300.0,60.0,107.0,591.0,129.0,23.0,0.0,0.0,49.0,2.0,14.0,21.0,20.0,4.0,0.0,0.0,0.0,0.0,14.0,21.0,0.0,0.0,0.0,0.0
A_f0.7_blind__lamarckian__s18,A_f0.7_blind__lamarckian,A_f0.7_blind,A,lamarckian,18,550,train,50,1.86,12,12,75.84916695769104,0.8125,0.5,adaptive_blind,0.5625,0.9229359608593086,0.6090860552763819,288.0,59.0,122.0,613.0,123.0,19.0,0.0,0.0,41.0,2.0,18.0,29.0,32.0,0.0,0.0,0.0,0.0,0.0,18.0,29.0,0.0,0.0,0.0,0.0
A_f0.7_blind__lamarckian__s18,A_f0.7_blind__lamarckian,A_f0.7_blind,A,lamarckian,18,600,train,50,1.9,13,13,91.29765168875313,0.8541666666666666,0.5,adaptive_blind,0.59375,0.8916590796475037,0.5648409227985525,353.0,76.0,89.0,483.0,74.0,15.0,0.0,0.0,46.0,1.0,11.0,28.0,23.0,1.0,0.0,0.0,0.0,0.0,11.0,28.0,0.0,0.0,0.0,0.0
A_f0.7_blind__lamarckian__s18,A_f0.7_blind__lamarckian,A_f0.7_blind,A,lamarckian,18,650,train,50,2.26,13,13,71.01481376351032,0.875,0.5,adaptive_blind,0.61875,0.8871370948628592,0.5810468049327355,394.0,55.0,78.0,463.0,100.0,16.0,0.0,0.0,54.0,1.0,11.0,19.0,31.0,3.0,0.0,0.0,0.0,0.0,11.0,19.0,0.0,0.0,0.0,0.0
A_f0.7_blind__lamarckian__s18,A_f0.7_blind__lamarckian,A_f0.7_blind,A,lamarckian,18,700,train,50,2.24,11,11,77.98060364791978,0.875,0.5,adaptive_blind,0.575,0.8693435812953008,0.5674940898345151,337.0,65.0,54.0,339.0,119.0,22.0,0.0,0.0,52.0,5.0,10.0,20.0,24.0,3.0,0.0,0.0,0.0,0.0,10.0,20.0,0.0,0.0,0.0,0.0
A_f0.7_blind__lamarckian__s18,A_f0.7_blind__lamarckian,A_f0.7_blind,A,lamarckian,18,750,train,50,2.3,8,8,83.54940353559331,0.7916666666666666,0.5,adaptive_blind,0.575,0.8772510087972387,0.5759894646924828,387.0,66.0,104.0,607.0,102.0,17.0,0.0,0.0,37.0,3.0,12.0,29.0,29.0,0.0,0.0,0.0,0.0,0.0,12.0,29.0,0.0,0.0,0.0,0.0
A_f0.7_blind__lamarckian__s18,A_f0.7_blind__lamarckian,A_f0.7_blind,A,lamarckian,18,800,train,50,2.38,16,16,80.4417914677823,0.875,0.5,adaptive_blind,0.5875,0.9004436326878815,0.603086695607763,319.0,55.0,98.0,670.0,39.0,9.0,0.0,0.0,44.0,3.0,12.0,34.0,21.0,2.0,0.0,0.0,0.0,0.0,12.0,34.0,0.0,0.0,0.0,0.0
A_f0.7_blind__lamarckian__s18,A_f0.7_blind__lamarckian,A_f0.7_blind,A,lamarckian,18,850,train,50,2.64,12,12,105.55183219413479,0.7708333333333334,0.5,adaptive_blind,0.61875,0.7525482645127347,0.5724207933972307,400.0,69.0,107.0,581.0,51.0,9.0,0.0,0.0,41.0,7.0,13.0,18.0,29.0,2.0,0.0,0.0,0.0,0.0,13.0,18.0,0.0,0.0,0.0,0.0
A_f0.7_blind__lamarckian__s18,A_f0.7_blind__lamarckian,A_f0.7_blind,A,lamarckian,18,900,train,50,2.68,9,9,81.78056165399565,0.8125,0.5,adaptive_blind,0.5875,0.8815098350088436,0.5982503838280451,444.0,67.0,102.0,641.0,72.0,14.0,0.0,0.0,51.0,1.0,9.0,22.0,29.0,1.0,0.0,0.0,0.0,0.0,9.0,22.0,0.0,0.0,0.0,0.0
A_f0.7_blind__lamarckian__s18,A_f0.7_blind__lamarckian,A_f0.7_blind,A,lamarckian,18,950,train,50,2.72,12,12,65.3306788371298,0.9166666666666666,0.5,adaptive_blind,0.6,0.8822939400496091,0.5876314724919096,404.0,59.0,105.0,670.0,78.0,15.0,0.0,0.0,51.0,2.0,11.0,28.0,30.0,2.0,0.0,0.0,0.0,0.0,11.0,28.0,0.0,0.0,0.0,0.0
A_f0.7_blind__lamarckian__s18,A_f0.7_blind__lamarckian,A_f0.7_blind,A,lamarckian,18,1000,train,50,2.94,13,13,85.9900205680705,0.8333333333333334,0.5,adaptive_blind,0.6,0.8694612865923347,0.6127771226415095,233.0,30.0,105.0,616.0,68.0,14.0,0.0,0.0,30.0,3.0,15.0,31.0,26.0,2.0,0.0,0.0,0.0,0.0,15.0,31.0,0.0,0.0,0.0,0.0
A_f0.7_blind__lamarckian__s18,A_f0.7_blind__lamarckian,A_f0.7_blind,A,lamarckian,18,1050,train,50,3.08,12,12,90.33301677023279,0.8125,0.5,adaptive_blind,0.61875,0.9457470578049233,0.6312977313566936,323.0,56.0,122.0,777.0,70.0,11.0,0.0,0.0,47.0,2.0,9.0,31.0,21.0,3.0,0.0,0.0,0.0,0.0,9.0,31.0,0.0,0.0,0.0,0.0
A_f0.7_blind__lamarckian__s18,A_f0.7_blind__lamarckian,A_f0.7_blind,A,lamarckian,18,1100,train,50,3.32,17,17,56.37123169961012,0.9375,0.5,adaptive_blind,0.625,0.9155383611760721,0.5848719204927211,410.0,68.0,110.0,568.0,91.0,22.0,0.0,0.0,43.0,1.0,12.0,22.0,30.0,1.0,0.0,0.0,0.0,0.0,12.0,22.0,0.0,0.0,0.0,0.0
A_f0.7_blind__lamarckian__s18,A_f0.7_blind__lamarckian,A_f0.7_blind,A,lamarckian,18,1150,train,50,3.4,7,7,58.4351275853613,0.9583333333333334,0.5,adaptive_blind,0.6125,0.8285899655515391,0.5746333798882681,427.0,81.0,101.0,498.0,70.0,12.0,0.0,0.0,47.0,6.0,9.0,22.0,22.0,1.0,0.0,0.0,0.0,0.0,9.0,22.0,0.0,0.0,0.0,0.0
A_f0.7_blind__lamarckian__s18,A_f0.7_blind__lamarckian,A_f0.7_blind,A,lamarckian,18,1200,train,50,3.66,12,12,101.52183862645282,0.875,0.5,adaptive_blind,0.61875,0.8032165805470208,0.5748036108048509,304.0,58.0,107.0,680.0,67.0,12.0,0.0,0.0,37.0,3.0,13.0,22.0,21.0,2.0,0.0,0.0,0.0,0.0,13.0,22.0,0.0,0.0,0.0,0.0
A_f0.7_blind__lamarckian__s18,A_f0.7_blind__lamarckian,A_f0.7_blind,A,lamarckian,18,1250,train,50,3.6,16,16,81.06432271459761,0.875,0.5,adaptive_blind,0.63125,0.8180919209487336,0.6086665904936013,367.0,77.0,125.0,715.0,72.0,19.0,0.0,0.0,53.0,4.0,16.0,33.0,26.0,2.0,0.0,0.0,0.0,0.0,16.0,33.0,0.0,0.0,0.0,0.0
A_f0.7_blind__lamarckian__s18,A_f0.7_blind__lamarckian,A_f0.7_blind,A,lamarckian,18,1300,train,50,3.74,9,9,78.2580593361605,0.8125,0.5,adaptive_blind,0.65,0.8475046440962988,0.5749718468468468,259.0,59.0,98.0,548.0,68.0,6.0,0.0,0.0,46.0,5.0,14.0,21.0,23.0,0.0,0.0,0.0,0.0,0.0,14.0,21.0,0.0,0.0,0.0,0.0
A_f0.7_blind__lamarckian__s18,A_f0.7_blind__lamarckian,A_f0.7_blind,A,lamarckian,18,1350,train,50,3.94,22,22,70.67608688423019,0.875,0.5,adaptive_blind,0.58125,0.7610379170457487,0.5646289281705945,336.0,67.0,128.0,663.0,120.0,17.0,0.0,0.0,42.0,2.0,21.0,26.0,20.0,1.0,0.0,0.0,0.0,0.0,21.0,26.0,0.0,0.0,0.0,0.0
A_f0.7_blind__lamarckian__s18,A_f0.7_blind__lamarckian,A_f0.7_blind,A,lamarckian,18,1400,train,50,3.88,16,16,55.6504412094223,0.8958333333333334,0.5,adaptive_blind,0.5875,0.7801270555026041,0.5734800054406963,351.0,51.0,116.0,686.0,97.0,26.0,0.0,0.0,37.0,3.0,15.0,40.0,26.0,4.0,0.0,0.0,0.0,0.0,15.0,40.0,0.0,0.0,0.0,0.0
A_f0.7_blind__lamarckian__s18,A_f0.7_blind__lamarckian,A_f0.7_blind,A,lamarckian,18,1450,train,50,4.36,24,24,66.02509792210154,0.9166666666666666,0.5,adaptive_blind,0.59375,0.804772638864073,0.5768232006543075,259.0,50.0,106.0,659.0,72.0,20.0,0.0,0.0,22.0,3.0,16.0,35.0,28.0,5.0,0.0,0.0,0.0,0.0,16.0,35.0,0.0,0.0,0.0,0.0
A_f0.7_blind__lamarckian__s18,A_f0.7_blind__lamarckian,A_f0.7_blind,A,lamarckian,18,1500,train,50,4.32,16,16,61.36663350186335,0.8958333333333334,0.5,adaptive_blind,0.625,0.9145512202517774,0.6113064868804665,227.0,46.0,139.0,685.0,49.0,12.0,0.0,0.0,52.0,4.0,15.0,22.0,20.0,0.0,0.0,0.0,0.0,0.0,15.0,22.0,0.0,0.0,0.0,0.0
A_f0.7_blind__lamarckian__s18,A_f0.7_blind__lamarckian,A_f0.7_blind,A,lamarckian,18,1550,eval,50,4.24,17,17,104.97735313184529,0.7916666666666666,0.5,adaptive_blind,0.475,0.0,0.0,507.0,96.0,63.0,445.0,24.0,2.0,9.0,47.0,47.0,6.0,6.0,23.0,11.0,0.0,4.0,9.0,0.0,0.0,6.0,23.0,0.0,0.0,4.0,9.0
A_f0.7_blind__lamarckian__s18,A_f0.7_blind__lamarckian,A_f0.7_blind,A,lamarckian,18,1600,eval,50,4.76,20,20,97.03850773940688,0.7708333333333334,0.5,adaptive_blind,0.515,0.0,0.0,489.0,94.0,94.0,435.0,59.0,11.0,6.0,22.0,57.0,4.0,7.0,21.0,12.0,1.0,5.0,6.0,0.0,0.0,7.0,21.0,0.0,0.0,5.0,6.0
A_f0.7_blind__lamarckian__s18,A_f0.7_blind__lamarckian,A_f0.7_blind,A,lamarckian,18,1650,eval,50,4.7,10,10,84.81146325865643,0.875,0.5,adaptive_blind,0.54,0.0,0.0,562.0,113.0,93.0,423.0,33.0,6.0,12.0,82.0,49.0,3.0,19.0,18.0,11.0,1.0,6.0,8.0,0.0,0.0,19.0,18.0,0.0,0.0,6.0,8.0
A_f0.7_blind__lamarckian__s18,A_f0.7_blind__lamarckian,A_f0.7_blind,A,lamarckian,18,1700,eval,50,4.98,16,16,110.9624260435045,0.7916666666666666,0.5,adaptive_blind,0.545,0.0,0.0,693.0,127.0,79.0,599.0,68.0,3.0,6.0,30.0,57.0,6.0,6.0,20.0,9.0,0.0,4.0,3.0,0.0,0.0,6.0,20.0,0.0,0.0,4.0,3.0
A_f0.7_blind__lamarckian__s18,A_f0.7_blind__lamarckian,A_f0.7_blind,A,lamarckian,18,1750,eval,50,5.04,9,9,78.99529248884122,0.8541666666666666,0.5,adaptive_blind,0.47,0.0,0.0,484.0,75.0,106.0,627.0,66.0,13.0,6.0,77.0,50.0,4.0,16.0,18.0,15.0,1.0,2.0,4.0,0.0,0.0,16.0,18.0,0.0,0.0,2.0,4.0
A_f0.7_blind__lamarckian__s18,A_f0.7_blind__lamarckian,A_f0.7_blind,A,lamarckian,18,1800,eval,50,5.1,16,16,74.25191684095286,0.8125,0.5,adaptive_blind,0.46,0.0,0.0,414.0,73.0,143.0,752.0,93.0,16.0,12.0,73.0,35.0,5.0,14.0,34.0,14.0,0.0,5.0,6.0,0.0,0.0,14.0,34.0,0.0,0.0,5.0,6.0
A_f0.7_blind__lamarckian__s19,A_f0.7_blind__lamarckian,A_f0.7_blind,A,lamarckian,19,50,train,50,0.82,32,2,79.30176791956174,0.8541666666666666,0.5,adaptive_blind,0.56875,0.5706699074420188,0.391859003656307,246.0,32.0,42.0,239.0,88.0,13.0,0.0,0.0,36.0,4.0,7.0,33.0,27.0,2.0,0.0,0.0,0.0,0.0,7.0,33.0,0.0,0.0,0.0,0.0
A_f0.7_blind__lamarckian__s19,A_f0.7_blind__lamarckian,A_f0.7_blind,A,lamarckian,19,100,train,50,0.92,13,13,67.8611433127662,0.8958333333333334,0.5,adaptive_blind,0.56875,0.8225315062244697,0.5742966125419933,294.0,48.0,68.0,343.0,58.0,8.0,0.0,0.0,39.0,7.0,8.0,35.0,19.0,3.0,0.0,0.0,0.0,0.0,8.0,35.0,0.0,0.0,0.0,0.0
A_f0.7_blind__lamarckian__s19,A_f0.7_blind__lamarckian,A_f0.7_blind,A,lamarckian,19,150,train,50,1.16,18,18,130.7700377063922,0.6875,0.5,adaptive_blind,0.625,0.8948160602739155,0.5999258255933952,300.0,35.0,95.0,497.0,119.0,22.0,0.0,0.0,24.0,1.0,12.0,33.0,15.0,2.0,0.0,0.0,0.0,0.0,12.0,33.0,0.0,0.0,0.0,0.0
A_f0.7_blind__lamarckian__s19,A_f0.7_blind__lamarckian,A_f0.7_blind,A,lamarckian,19,200,train,50,1.2,16,16,89.97160085012783,0.7708333333333334,0.5,adaptive_blind,0.56875,0.8420872099203986,0.5924948240165631,290.0,57.0,136.0,700.0,85.0,14.0,0.0,0.0,31.0,5.0,17.0,37.0,18.0,3.0,0.0,0.0,0.0,0.0,17.0,37.0,0.0,0.0,0.0,0.0
A_f0.7_blind__lamarckian__s19,A_f0.7_blind__lamarckian,A_f0.7_blind,A,lamarckian,19,250,train,50,1.52,17,17,94.83642320374318,0.8333333333333334,0.5,adaptive_blind,0.66875,0.9700596792189845,0.6212941674733783,451.0,88.0,108.0,445.0,133.0,19.0,0.0,0.0,32.0,4.0,11.0,22.0,22.0,3.0,0.0,0.0,0.0,0.0,11.0,22.0,0.0,0.0,0.0,0.0
A_f0.7_blind__lamarckian__s19,A_f0.7_blind__lamarckian,A_f0.7_blind,A,lamarckian,19,300,train,50,1.46,12,12,79.17534040080012,0.8333333333333334,0.5,adaptive_blind,0.58125,0.8837292671863276,0.579657485875706,319.0,55.0,85.0,623.0,188.0,19.0,0.0,0.0,44.0,4.0,11.0,28.0,14.0,1.0,0.0,0.0,0.0,0.0,11.0,28.0,0.0,0.0,0.0,0.0
A_f0.7_blind__lamarckian__s19,A_f0.7_blind__lamarckian,A_f0.7_blind,A,lamarckian,19,350,train,50,1.38,7,7,90.26298107090368,0.7708333333333334,0.5,adaptive_blind,0.6,0.8739502186787969,0.5862786572052403,325.0,48.0,118.0,609.0,87.0,19.0,0.0,0.0,32.0,3.0,13.0,23.0,11.0,6.0,0.0,0.0,0.0,0.0,13.0,23.0,0.0,0.0,0.0,0.0
A_f0.7_blind__lamarckian__s19,A_f0.7_blind__lamarckian,A_f0.7_blind,A,lamarckian,19,400,train,50,1.44,11,11,113.53692413822368,0.7083333333333334,0.5,adaptive_blind,0.65625,0.8263494913041296,0.5987683823529415,478.0,73.0,93.0,541.0,113.0,19.0,0.0,0.0,35.0,1.0,13.0,29.0,20.0,0.0,0.0,0.0,0.0,0.0,13.0,29.0,0.0,0.0,0.0,0.0
A_f0.7_blind__lamarckian__s19,A_f0.7_blind__lamarckian,A_f0.7_blind,A,lamarckian,19,450,train,50,1.44,11,11,64.59270018195538,0.8333333333333334,0.5,adaptive_blind,0.59375,0.9037087100093013,0.5934288008565309,389.0,62.0,110.0,636.0,185.0,29.0,0.0,0.0,37.0,3.0,14.0,30.0,26.0,2.0,0.0,0.0,0.0,0.0,14.0,30.0,0.0,0.0,0.0,0.0
A_f0.7_blind__lamarckian__s19,A_f0.7_blind__lamarckian,A_f0.7_blind,A,lamarckian,19,500,train,50,1.6,12,12,102.66214502262761,0.7708333333333334,0.5,adaptive_blind,0.65,0.9534574836301966,0.5970711580086578,344.0,54.0,120.0,666.0,261.0,39.0,0.0,0.0,36.0,1.0,9.0,25.0,23.0,3.0,0.0,0.0,0.0,0.0,9.0,25.0,0.0,0.0,0.0,0.0
A_f0.7_blind__lamarckian__s19,A_f0.7_blind__lamarckian,A_f0.7_blind,A,lamarckian,19,550,train,50,1.86,16,16,64.2612141637929,0.9166666666666666,0.5,adaptive_blind,0.60625,0.9068006793717941,0.5886929317931793,358.0,59.0,114.0,644.0,95.0,15.0,0.0,0.0,49.0,8.0,12.0,35.0,17.0,4.0,0.0,0.0,0.0,0.0,12.0,35.0,0.0,0.0,0.0,0.0
A_f0.7_blind__lamarckian__s19,A_f0.7_blind__lamarckian,A_f0.7_blind,A,lamarckian,19,600,train,50,2.08,16,16,94.92171608263212,0.7916666666666666,0.5,adaptive_blind,0.625,0.9090974263032272,0.6076858108108107,311.0,65.0,139.0,618.0,70.0,12.0,0.0,0.0,22.0,3.0,13.0,35.0,23.0,3.0,0.0,0.0,0.0,0.0,13.0,35.0,0.0,0.0,0.0,0.0
A_f0.7_blind__lamarckian__s19,A_f0.7_blind__lamarckian,A_f0.7_blind,A,lamarckian,19,650,train,50,2.26,16,16,82.10780646052925,0.8125,0.5,adaptive_blind,0.6125,0.9277078057051843,0.6091675050301812,335.0,61.0,96.0,607.0,91.0,21.0,0.0,0.0,35.0,6.0,16.0,25.0,15.0,6.0,0.0,0.0,0.0,0.0,16.0,25.0,0.0,0.0,0.0,0.0
A_f0.7_blind__lamarckian__s19,A_f0.7_blind__lamarckian,A_f0.7_blind,A,lamarckian,19,700,train,50,2.32,12,12,73.51739802142951,0.8541666666666666,0.5,adaptive_blind,0.6125,0.810139811877092,0.5674999999999999,329.0,48.0,99.0,540.0,186.0,35.0,0.0,0.0,40.0,2.0,10.0,30.0,18.0,4.0,0.0,0.0,0.0,0.0,10.0,30.0,0.0,0.0,0.0,0.0
A_f0.7_blind__lamarckian__s19,A_f0.7_blind__lamarckian,A_f0.7_blind,A,lamarckian,19,750,train,50,2.44,12,12,67.0472646474646,0.875,0.5,adaptive_blind,0.59375,0.6597017244498296,0.483374632892805,311.0,63.0,73.0,386.0,111.0,27.0,0.0,0.0,57.0,3.0,13.0,16.0,22.0,8.0,0.0,0.0,0.0,0.0,13.0,16.0,0.0,0.0,0.0,0.0
A_f0.7_blind__lamarckian__s19,A_f0.7_blind__lamarckian,A_f0.7_blind,A,lamarckian,19,800,train,50,2.5,13,13,58.18714543037895,0.9166666666666666,0.5,adaptive_blind,0.6125,0.7785524564628148,0.5434928304239401,318.0,49.0,77.0,462.0,173.0,29.0,0.0,0.0,52.0,3.0,13.0,15.0,26.0,2.0,0.0,0.0,0.0,0.0,13.0,15.0,0.0,0.0,0.0,0.0
A_f0.7_blind__lamarckian__s19,A_f0.7_blind__lamarckian,A_f0.7_blind,A,lamarckian,19,850,train,50,2.58,16,16,69.57164011716601,0.8958333333333334,0.5,adaptive_blind,0.5875,0.8773258418236799,0.5780116213151929,379.0,56.0,87.0,525.0,91.0,11.0,0.0,0.0,41.0,5.0,17.0,27.0,21.0,1.0,0.0,0.0,0.0,0.0,17.0,27.0,0.0,0.0,0.0,0.0
A_f0.7_blind__lamarckian__s19,A_f0.7_blind__lamarckian,A_f0.7_blind,A,lamarckian,19,900,train,50,2.72,14,14,50.68819745937585,0.8958333333333334,0.5,adaptive_blind,0.54375,0.7481365107161232,0.5399867683686181,281.0,47.0,84.0,510.0,113.0,30.0,0.0,0.0,48.0,3.0,15.0,27.0,19.0,3.0,0.0,0.0,0.0,0.0,15.0,27.0,0.0,0.0,0.0,0.0
A_f0.7_blind__lamarckian__s19,A_f0.7_blind__lamarckian,A_f0.7_blind,A,lamarckian,19,950,train,50,2.74,13,13,54.58390996856917,0.9791666666666666,0.5,adaptive_blind,0.625,0.8833343399702364,0.5749495967741933,313.0,59.0,86.0,536.0,140.0,26.0,0.0,0.0,46.0,1.0,14.0,23.0,24.0,1.0,0.0,0.0,0.0,0.0,14.0,23.0,0.0,0.0,0.0,0.0
A_f0.7_blind__lamarckian__s19,A_f0.7_blind__lamarckian,A_f0.7_blind,A,lamarckian,19,1000,train,50,2.96,20,20,43.829948482487005,0.9791666666666666,0.5,adaptive_blind,0.6,0.8316719332177589,0.56774216937355,234.0,53.0,97.0,558.0,158.0,24.0,0.0,0.0,43.0,4.0,26.0,22.0,28.0,1.0,0.0,0.0,0.0,0.0,26.0,22.0,0.0,0.0,0.0,0.0
A_f0.7_blind__lamarckian__s19,A_f0.7_blind__lamarckian,A_f0.7_blind,A,lamarckian,19,1050,train,50,3.08,21,21,39.8219159408228,0.9583333333333334,0.5,adaptive_blind,0.6375,0.9172773175673951,0.6111660079051382,181.0,26.0,87.0,465.0,85.0,15.0,0.0,0.0,46.0,1.0,23.0,22.0,29.0,0.0,0.0,0.0,0.0,0.0,23.0,22.0,0.0,0.0,0.0,0.0
A_f0.7_blind__lamarckian__s19,A_f0.7_blind__lamarckian,A_f0.7_blind,A,lamarckian,19,1100,train,50,3.24,16,16,57.1726808566916,0.9166666666666666,0.5,adaptive_blind,0.61875,0.8506325442770217,0.5949672404933195,260.0,53.0,86.0,428.0,88.0,16.0,0.0,0.0,44.0,1.0,13.0,25.0,26.0,0.0,0.0,0.0,0.0,0.0,13.0,25.0,0.0,0.0,0.0,0.0
A_f0.7_blind__lamarckian__s19,A_f0.7_blind__lamarckian,A_f0.7_blind,A,lamarckian,19,1150,train,45,3.466666666666667,19,24,63.277606556053215,0.9583333333333334,0.5,adaptive_blind,0.60625,0.832332390704251,0.5723710317460318,313.0,61.0,68.0,343.0,83.0,12.0,0.0,0.0,48.0,2.0,18.0,22.0,29.0,1.0,0.0,0.0,0.0,0.0,18.0,22.0,0.0,0.0,0.0,0.0
A_f0.7_blind__lamarckian__s19,A_f0.7_blind__lamarckian,A_f0.7_blind,A,lamarckian,19,1200,train,38,3.789473684210526,15,22,105.21474198839553,0.8333333333333334,0.5,adaptive_blind,0.60625,0.7029498244084683,0.5416217026378898,251.0,40.0,66.0,390.0,74.0,12.0,0.0,0.0,45.0,1.0,16.0,19.0,24.0,2.0,0.0,0.0,0.0,0.0,16.0,19.0,0.0,0.0,0.0,0.0
A_f0.7_blind__lamarckian__s19,A_f0.7_blind__lamarckian,A_f0.7_blind,A,lamarckian,19,1250,train,50,4.2,21,9,78.3579368376632,0.7708333333333334,0.5,adaptive_blind,0.6125,0.8580017735402121,0.5733084862385323,221.0,28.0,83.0,475.0,133.0,16.0,0.0,0.0,51.0,2.0,14.0,25.0,25.0,1.0,0.0,0.0,0.0,0.0,14.0,25.0,0.0,0.0,0.0,0.0
A_f0.7_blind__lamarckian__s19,A_f0.7_blind__lamarckian,A_f0.7_blind,A,lamarckian,19,1300,train,50,4.24,12,12,53.810681013096215,0.9166666666666666,0.5,adaptive_blind,0.56875,0.9092665097644567,0.5920078633405641,289.0,50.0,107.0,707.0,78.0,18.0,0.0,0.0,48.0,3.0,14.0,26.0,32.0,1.0,0.0,0.0,0.0,0.0,14.0,26.0,0.0,0.0,0.0,0.0
A_f0.7_blind__lamarckian__s19,A_f0.7_blind__lamarckian,A_f0.7_blind,A,lamarckian,19,1350,train,48,4.458333333333333,19,21,56.753620921915925,0.8958333333333334,0.5,adaptive_blind,0.625,0.8329795034012177,0.5924235611510791,332.0,45.0,103.0,568.0,65.0,9.0,0.0,0.0,36.0,3.0,16.0,33.0,31.0,0.0,0.0,0.0,0.0,0.0,16.0,33.0,0.0,0.0,0.0,0.0
A_f0.7_blind__lamarckian__s19,A_f0.7_blind__lamarckian,A_f0.7_blind,A,lamarckian,19,1400,train,45,4.666666666666667,9,12,52.46484934686145,0.9583333333333334,0.5,adaptive_blind,0.625,0.7908393963092507,0.5777464133900108,270.0,56.0,89.0,502.0,55.0,11.0,0.0,0.0,43.0,4.0,19.0,24.0,26.0,0.0,0.0,0.0,0.0,0.0,19.0,24.0,0.0,0.0,0.0,0.0
A_f0.7_blind__lamarckian__s19,A_f0.7_blind__lamarckian,A_f0.7_blind,A,lamarckian,19,1450,train,38,4.7894736842105265,12,19,110.12276985994542,0.7708333333333334,0.5,adaptive_blind,0.625,0.6510525198891337,0.5107154605263158,228.0,45.0,55.0,266.0,41.0,6.0,0.0,0.0,39.0,4.0,13.0,20.0,22.0,2.0,0.0,0.0,0.0,0.0,13.0,20.0,0.0,0.0,0.0,0.0
A_f0.7_blind__lamarckian__s19,A_f0.7_blind__lamarckian,A_f0.7_blind,A,lamarckian,19,1500,train,42,5.023809523809524,12,8,80.97303275754558,0.875,0.5,adaptive_blind,0.575,0.7452045219782216,0.532499201787995,206.0,39.0,71.0,393.0,42.0,5.0,0.0,0.0,54.0,3.0,19.0,19.0,24.0,2.0,0.0,0.0,0.0,0.0,19.0,19.0,0.0,0.0,0.0,0.0
A_f0.7_blind__lamarckian__s19,A_f0.7_blind__lamarckian,A_f0.7_blind,A,lamarckian,19,1550,eval,43,5.325581395348837,16,15,81.0578826224522,0.8125,0.5,adaptive_blind,0.5,0.0,0.0,326.0,51.0,53.0,262.0,35.0,11.0,7.0,80.0,56.0,2.0,11.0,14.0,12.0,2.0,2.0,8.0,0.0,0.0,11.0,14.0,0.0,0.0,2.0,8.0
A_f0.7_blind__lamarckian__s19,A_f0.7_blind__lamarckian,A_f0.7_blind,A,lamarckian,19,1600,eval,47,5.531914893617022,17,13,72.1761689575674,0.8958333333333334,0.5,adaptive_blind,0.51,0.0,0.0,474.0,81.0,83.0,418.0,69.0,9.0,6.0,37.0,51.0,3.0,17.0,19.0,24.0,1.0,2.0,3.0,0.0,0.0,17.0,19.0,0.0,0.0,2.0,3.0
A_f0.7_blind__lamarckian__s19,A_f0.7_blind__lamarckian,A_f0.7_blind,A,lamarckian,19,1650,eval,46,6.065217391304348,14,15,92.5043485993935,0.7916666666666666,0.5,adaptive_blind,0.47,0.0,0.0,417.0,64.0,76.0,509.0,74.0,12.0,16.0,81.0,53.0,2.0,12.0,11.0,16.0,0.0,6.0,5.0,0.0,0.0,12.0,11.0,0.0,0.0,6.0,5.0
A_f0.7_blind__lamarckian__s19,A_f0.7_blind__lamarckian,A_f0.7_blind,A,lamarckian,19,1700,eval,50,6.46,19,15,71.68865017596464,0.875,0.5,adaptive_blind,0.515,0.0,0.0,474.0,98.0,86.0,498.0,113.0,31.0,13.0,115.0,45.0,3.0,10.0,33.0,16.0,0.0,4.0,9.0,0.0,0.0,10.0,33.0,0.0,0.0,4.0,9.0
A_f0.7_blind__lamarckian__s19,A_f0.7_blind__lamarckian,A_f0.7_blind,A,lamarckian,19,1750,eval,50,6.58,14,14,79.36603986060423,0.7916666666666666,0.5,adaptive_blind,0.455,0.0,0.0,437.0,87.0,107.0,568.0,105.0,10.0,16.0,104.0,45.0,2.0,12.0,19.0,22.0,1.0,4.0,1.0,0.0,0.0,12.0,19.0,0.0,0.0,4.0,1.0
A_f0.7_blind__lamarckian__s19,A_f0.7_blind__lamarckian,A_f0.7_blind,A,lamarckian,19,1800,eval,50,6.44,9,9,94.66168198032389,0.8125,0.5,adaptive_blind,0.46,0.0,0.0,490.0,103.0,130.0,628.0,60.0,8.0,1.0,19.0,37.0,4.0,16.0,36.0,15.0,2.0,1.0,0.0,0.0,0.0,16.0,36.0,0.0,0.0,1.0,0.0
A_f0.7_blind__lamarckian__s20,A_f0.7_blind__lamarckian,A_f0.7_blind,A,lamarckian,20,50,train,50,0.78,36,6,51.04286922116168,0.9166666666666666,0.5,adaptive_blind,0.55,0.729830661761332,0.47249419504643964,204.0,37.0,70.0,344.0,51.0,10.0,0.0,0.0,37.0,6.0,9.0,47.0,27.0,7.0,0.0,0.0,0.0,0.0,9.0,47.0,0.0,0.0,0.0,0.0
A_f0.7_blind__lamarckian__s20,A_f0.7_blind__lamarckian,A_f0.7_blind,A,lamarckian,20,100,train,49,0.7959183673469388,13,14,65.98704457748688,0.8958333333333334,0.5,adaptive_blind,0.5375,0.89127789736744,0.5876058743169401,266.0,46.0,59.0,391.0,71.0,12.0,0.0,0.0,23.0,10.0,9.0,34.0,18.0,5.0,0.0,0.0,0.0,0.0,9.0,34.0,0.0,0.0,0.0,0.0
A_f0.7_blind__lamarckian__s20,A_f0.7_blind__lamarckian,A_f0.7_blind,A,lamarckian,20,150,train,50,1.02,20,19,95.02500897142679,0.8125,0.5,adaptive_blind,0.59375,0.8905196028954354,0.5960009200841219,319.0,58.0,114.0,733.0,75.0,13.0,0.0,0.0,29.0,4.0,7.0,37.0,23.0,4.0,0.0,0.0,0.0,0.0,7.0,37.0,0.0,0.0,0.0,0.0
A_f0.7_blind__lamarckian__s20,A_f0.7_blind__lamarckian,A_f0.7_blind,A,lamarckian,20,200,train,50,1.0,12,12,97.23063765046021,0.7708333333333334,0.5,adaptive_blind,0.60625,0.9241252525813597,0.6185159952606631,255.0,49.0,128.0,746.0,112.0,13.0,0.0,0.0,31.0,4.0,16.0,36.0,19.0,3.0,0.0,0.0,0.0,0.0,16.0,36.0,0.0,0.0,0.0,0.0
A_f0.7_blind__lamarckian__s20,A_f0.7_blind__lamarckian,A_f0.7_blind,A,lamarckian,20,250,train,50,1.02,12,12,140.80104596309383,0.5833333333333334,0.5,adaptive_blind,0.625,0.888957149477875,0.5925948183760681,366.0,60.0,137.0,734.0,95.0,18.0,0.0,0.0,27.0,2.0,6.0,33.0,21.0,1.0,0.0,0.0,0.0,0.0,6.0,33.0,0.0,0.0,0.0,0.0
A_f0.7_blind__lamarckian__s20,A_f0.7_blind__lamarckian,A_f0.7_blind,A,lamarckian,20,300,train,50,0.94,11,11,106.03576444766095,0.75,0.5,adaptive_blind,0.6125,0.8492175956046393,0.6031860351562499,334.0,63.0,171.0,816.0,100.0,15.0,0.0,0.0,27.0,3.0,8.0,35.0,21.0,4.0,0.0,0.0,0.0,0.0,8.0,35.0,0.0,0.0,0.0,0.0
A_f0.7_blind__lamarckian__s20,A_f0.7_blind__lamarckian,A_f0.7_blind,A,lamarckian,20,350,train,50,0.92,6,6,106.75244335762169,0.7291666666666666,0.5,adaptive_blind,0.59375,0.919806717279162,0.6126722440944881,411.0,89.0,144.0,811.0,45.0,12.0,0.0,0.0,33.0,5.0,9.0,23.0,23.0,2.0,0.0,0.0,0.0,0.0,9.0,23.0,0.0,0.0,0.0,0.0
A_f0.7_blind__lamarckian__s20,A_f0.7_blind__lamarckian,A_f0.7_blind,A,lamarckian,20,400,train,50,0.92,12,12,91.07805203853394,0.8333333333333334,0.5,adaptive_blind,0.65,0.8892304787487352,0.5990141752577323,373.0,70.0,108.0,604.0,137.0,23.0,0.0,0.0,36.0,6.0,15.0,27.0,30.0,1.0,0.0,0.0,0.0,0.0,15.0,27.0,0.0,0.0,0.0,0.0
A_f0.7_blind__lamarckian__s20,A_f0.7_blind__lamarckian,A_f0.7_blind,A,lamarckian,20,450,train,50,0.92,3,3,104.97579055935194,0.7083333333333334,0.5,adaptive_blind,0.625,1.0339023573683366,0.6459852811950793,467.0,73.0,124.0,652.0,109.0,21.0,0.0,0.0,29.0,4.0,12.0,18.0,36.0,2.0,0.0,0.0,0.0,0.0,12.0,18.0,0.0,0.0,0.0,0.0
A_f0.7_blind__lamarckian__s20,A_f0.7_blind__lamarckian,A_f0.7_blind,A,lamarckian,20,500,train,50,1.3,15,15,87.25780026617154,0.8125,0.5,adaptive_blind,0.59375,0.8531729410232186,0.5982047872340426,406.0,61.0,132.0,720.0,109.0,23.0,0.0,0.0,36.0,1.0,15.0,22.0,28.0,4.0,0.0,0.0,0.0,0.0,15.0,22.0,0.0,0.0,0.0,0.0
A_f0.7_blind__lamarckian__s20,A_f0.7_blind__lamarckian,A_f0.7_blind,A,lamarckian,20,550,train,50,1.52,14,14,92.30252043040889,0.7916666666666666,0.5,adaptive_blind,0.6125,0.9402747141311516,0.6084022126144455,396.0,62.0,130.0,720.0,97.0,18.0,0.0,0.0,43.0,3.0,10.0,21.0,24.0,1.0,0.0,0.0,0.0,0.0,10.0,21.0,0.0,0.0,0.0,0.0
A_f0.7_blind__lamarckian__s20,A_f0.7_blind__lamarckian,A_f0.7_blind,A,lamarckian,20,600,train,50,1.76,12,12,73.6952515662602,0.8541666666666666,0.5,adaptive_blind,0.6,0.867437655745275,0.5899527422790198,233.0,31.0,99.0,519.0,73.0,21.0,0.0,0.0,29.0,0.0,14.0,33.0,31.0,1.0,0.0,0.0,0.0,0.0,14.0,33.0,0.0,0.0,0.0,0.0
A_f0.7_blind__lamarckian__s20,A_f0.7_blind__lamarckian,A_f0.7_blind,A,lamarckian,20,650,train,50,1.98,18,18,71.94109888899959,0.8125,0.5,adaptive_blind,0.6,0.9395334016608503,0.603468264248705,323.0,62.0,135.0,693.0,112.0,14.0,0.0,0.0,27.0,4.0,16.0,32.0,33.0,0.0,0.0,0.0,0.0,0.0,16.0,32.0,0.0,0.0,0.0,0.0
A_f0.7_blind__lamarckian__s20,A_f0.7_blind__lamarckian,A_f0.7_blind,A,lamarckian,20,700,train,50,2.06,14,14,58.908004804590405,0.8958333333333334,0.5,adaptive_blind,0.60625,0.7035606392454901,0.5462654230317272,342.0,61.0,84.0,458.0,100.0,13.0,0.0,0.0,38.0,3.0,15.0,30.0,25.0,0.0,0.0,0.0,0.0,0.0,15.0,30.0,0.0,0.0,0.0,0.0
A_f0.7_blind__lamarckian__s20,A_f0.7_blind__lamarckian,A_f0.7_blind,A,lamarckian,20,750,train,50,2.08,13,13,81.05657195264567,0.8958333333333334,0.5,adaptive_blind,0.625,0.8098008108612582,0.5796047297297298,351.0,81.0,92.0,516.0,80.0,13.0,0.0,0.0,43.0,5.0,15.0,23.0,24.0,1.0,0.0,0.0,0.0,0.0,15.0,23.0,0.0,0.0,0.0,0.0
A_f0.7_blind__lamarckian__s20,A_f0.7_blind__lamarckian,A_f0.7_blind,A,lamarckian,20,800,train,50,2.1,18,18,56.736151207332,0.8541666666666666,0.5,adaptive_blind,0.625,0.8742716761352827,0.5932951570680625,421.0,76.0,98.0,481.0,188.0,42.0,0.0,0.0,38.0,1.0,21.0,27.0,33.0,3.0,0.0,0.0,0.0,0.0,21.0,27.0,0.0,0.0,0.0,0.0
A_f0.7_blind__lamarckian__s20,A_f0.7_blind__lamarckian,A_f0.7_blind,A,lamarckian,20,850,train,50,2.24,13,13,81.57896474505333,0.8333333333333334,0.5,adaptive_blind,0.625,0.7657386647515854,0.5630610795454543,260.0,45.0,100.0,488.0,81.0,16.0,0.0,0.0,36.0,3.0,11.0,18.0,22.0,0.0,0.0,0.0,0.0,0.0,11.0,18.0,0.0,0.0,0.0,0.0
A_f0.7_blind__lamarckian__s20,A_f0.7_blind__lamarckian,A_f0.7_blind,A,lamarckian,20,900,train,50,2.4,12,12,60.486057221386105,0.875,0.5,adaptive_blind,0.575,0.8602010483694549,0.5781601123595506,415.0,72.0,98.0,589.0,77.0,16.0,0.0,0.0,45.0,5.0,17.0,28.0,26.0,1.0,0.0,0.0,0.0,0.0,17.0,28.0,0.0,0.0,0.0,0.0
A_f0.7_blind__lamarckian__s20,A_f0.7_blind__lamarckian,A_f0.7_blind,A,lamarckian,20,950,train,50,2.54,13,13,56.526102328479475,0.9375,0.5,adaptive_blind,0.6,0.8901908692535224,0.5819198933782264,313.0,43.0,82.0,492.0,106.0,15.0,0.0,0.0,33.0,2.0,10.0,27.0,29.0,1.0,0.0,0.0,0.0,0.0,10.0,27.0,0.0,0.0,0.0,0.0
A_f0.7_blind__lamarckian__s20,A_f0.7_blind__lamarckian,A_f0.7_blind,A,lamarckian,20,1000,train,50,2.68,12,12,81.88483470091573,0.8541666666666666,0.5,adaptive_blind,0.625,0.7733498910544595,0.577290783898305,393.0,66.0,98.0,507.0,74.0,12.0,0.0,0.0,39.0,2.0,16.0,19.0,19.0,4.0,0.0,0.0,0.0,0.0,16.0,19.0,0.0,0.0,0.0,0.0
A_f0.7_blind__lamarckian__s20,A_f0.7_blind__lamarckian,A_f0.7_blind,A,lamarckian,20,1050,train,50,2.84,15,15,66.40826365118508,0.8958333333333334,0.5,adaptive_blind,0.63125,0.9738056366186557,0.62747763653484,310.0,49.0,119.0,651.0,97.0,18.0,0.0,0.0,39.0,1.0,14.0,30.0,30.0,2.0,0.0,0.0,0.0,0.0,14.0,30.0,0.0,0.0,0.0,0.0
A_f0.7_blind__lamarckian__s20,A_f0.7_blind__lamarckian,A_f0.7_blind,A,lamarckian,20,1100,train,50,2.98,15,15,70.8804096771245,0.8125,0.5,adaptive_blind,0.64375,0.8230216469334608,0.5932990981963926,318.0,77.0,95.0,561.0,83.0,20.0,0.0,0.0,43.0,4.0,17.0,20.0,22.0,4.0,0.0,0.0,0.0,0.0,17.0,20.0,0.0,0.0,0.0,0.0
A_f0.7_blind__lamarckian__s20,A_f0.7_blind__lamarckian,A_f0.7_blind,A,lamarckian,20,1150,train,50,3.08,8,8,82.11263700269681,0.7916666666666666,0.5,adaptive_blind,0.6375,0.8851930473182925,0.6062902626362734,255.0,49.0,86.0,478.0,56.0,12.0,0.0,0.0,43.0,2.0,12.0,20.0,22.0,4.0,0.0,0.0,0.0,0.0,12.0,20.0,0.0,0.0,0.0,0.0
A_f0.7_blind__lamarckian__s20,A_f0.7_blind__lamarckian,A_f0.7_blind,A,lamarckian,20,1200,train,50,3.08,9,9,67.01171855639012,0.9375,0.5,adaptive_blind,0.5875,0.7986365961043833,0.5819066789862724,252.0,35.0,101.0,514.0,78.0,12.0,0.0,0.0,46.0,3.0,13.0,25.0,30.0,3.0,0.0,0.0,0.0,0.0,13.0,25.0,0.0,0.0,0.0,0.0
A_f0.7_blind__lamarckian__s20,A_f0.7_blind__lamarckian,A_f0.7_blind,A,lamarckian,20,1250,train,50,3.12,17,17,70.29414276917814,0.875,0.5,adaptive_blind,0.60625,0.9002509518602868,0.5969791666666666,274.0,50.0,89.0,537.0,76.0,20.0,0.0,0.0,49.0,2.0,15.0,22.0,26.0,6.0,0.0,0.0,0.0,0.0,15.0,22.0,0.0,0.0,0.0,0.0
A_f0.7_blind__lamarckian__s20,A_f0.7_blind__lamarckian,A_f0.7_blind,A,lamarckian,20,1300,train,50,3.24,18,18,46.893871503667555,0.9791666666666666,0.5,adaptive_blind,0.6375,0.7611862761396476,0.5770208990536279,290.0,56.0,96.0,463.0,81.0,10.0,0.0,0.0,34.0,5.0,23.0,27.0,33.0,3.0,0.0,0.0,0.0,0.0,23.0,27.0,0.0,0.0,0.0,0.0
A_f0.7_blind__lamarckian__s20,A_f0.7_blind__lamarckian,A_f0.7_blind,A,lamarckian,20,1350,train,43,3.7209302325581395,17,24,55.939475152781505,0.9791666666666666,0.5,adaptive_blind,0.61875,0.7467253784627415,0.5623915173572231,303.0,47.0,57.0,320.0,77.0,17.0,0.0,0.0,46.0,2.0,11.0,14.0,29.0,3.0,0.0,0.0,0.0,0.0,11.0,14.0,0.0,0.0,0.0,0.0
A_f0.7_blind__lamarckian__s20,A_f0.7_blind__lamarckian,A_f0.7_blind,A,lamarckian,20,1400,train,38,3.9210526315789473,11,16,83.26540673920766,0.8541666666666666,0.5,adaptive_blind,0.55625,0.649843090298687,0.4790943500738556,265.0,42.0,55.0,308.0,41.0,7.0,0.0,0.0,43.0,1.0,13.0,24.0,19.0,1.0,0.0,0.0,0.0,0.0,13.0,24.0,0.0,0.0,0.0,0.0
A_f0.7_blind__lamarckian__s20,A_f0.7_blind__lamarckian,A_f0.7_blind,A,lamarckian,20,1450,train,40,4.225,12,10,77.38048207286216,0.8958333333333334,0.5,adaptive_blind,0.60625,0.758058101935873,0.5163317438692101,212.0,36.0,55.0,359.0,70.0,13.0,0.0,0.0,54.0,6.0,12.0,13.0,27.0,4.0,0.0,0.0,0.0,0.0,12.0,13.0,0.0,0.0,0.0,0.0
A_f0.7_blind__lamarckian__s20,A_f0.7_blind__lamarckian,A_f0.7_blind,A,lamarckian,20,1500,train,46,4.413043478260869,12,6,50.097000991158836,0.9166666666666666,0.5,adaptive_blind,0.59375,0.702089001771832,0.4998553646563815,304.0,48.0,64.0,361.0,62.0,8.0,0.0,0.0,54.0,4.0,14.0,26.0,29.0,2.0,0.0,0.0,0.0,0.0,14.0,26.0,0.0,0.0,0.0,0.0
A_f0.7_blind__lamarckian__s20,A_f0.7_blind__lamarckian,A_f0.7_blind,A,lamarckian,20,1550,eval,31,4.741935483870968,7,22,82.92962652921128,0.875,0.5,adaptive_blind,0.54,0.0,0.0,280.0,62.0,52.0,304.0,33.0,4.0,11.0,51.0,44.0,7.0,14.0,18.0,16.0,1.0,4.0,7.0,0.0,0.0,14.0,18.0,0.0,0.0,4.0,7.0
A_f0.7_blind__lamarckian__s20,A_f0.7_blind__lamarckian,A_f0.7_blind,A,lamarckian,20,1600,eval,38,5.078947368421052,20,13,67.40672661393182,0.9166666666666666,0.5,adaptive_blind,0.53,0.0,0.0,422.0,68.0,62.0,358.0,45.0,7.0,13.0,102.0,43.0,5.0,11.0,26.0,19.0,0.0,3.0,11.0,0.0,0.0,11.0,26.0,0.0,0.0,3.0,11.0
A_f0.7_blind__lamarckian__s20,A_f0.7_blind__lamarckian,A_f0.7_blind,A,lamarckian,20,1650,eval,38,5.2105263157894735,15,15,96.85871752907053,0.8125,0.5,adaptive_blind,0.475,0.0,0.0,361.0,68.0,66.0,407.0,44.0,13.0,11.0,74.0,39.0,4.0,12.0,31.0,12.0,1.0,2.0,8.0,0.0,0.0,12.0,31.0,0.0,0.0,2.0,8.0
A_f0.7_blind__lamarckian__s20,A_f0.7_blind__lamarckian,A_f0.7_blind,A,lamarckian,20,1700,eval,45,5.311111111111111,17,10,75.3868488448397,0.8958333333333334,0.5,adaptive_blind,0.49,0.0,0.0,416.0,63.0,60.0,406.0,76.0,8.0,11.0,45.0,40.0,5.0,11.0,30.0,24.0,3.0,2.0,3.0,0.0,0.0,11.0,30.0,0.0,0.0,2.0,3.0
A_f0.7_blind__lamarckian__s20,A_f0.7_blind__lamarckian,A_f0.7_blind,A,lamarckian,20,1750,eval,50,5.4,17,12,88.84143922825989,0.7916666666666666,0.5,adaptive_blind,0.52,0.0,0.0,517.0,78.0,77.0,430.0,90.0,16.0,10.0,111.0,55.0,1.0,11.0,24.0,5.0,1.0,0.0,9.0,0.0,0.0,11.0,24.0,0.0,0.0,0.0,9.0
A_f0.7_blind__lamarckian__s20,A_f0.7_blind__lamarckian,A_f0.7_blind,A,lamarckian,20,1800,eval,50,5.5,12,12,83.84905916262738,0.8541666666666666,0.5,adaptive_blind,0.505,0.0,0.0,534.0,104.0,77.0,464.0,228.0,39.0,36.0,171.0,40.0,1.0,10.0,26.0,15.0,4.0,3.0,15.0,0.0,0.0,10.0,26.0,0.0,0.0,3.0,15.0
A_f0.7_blind__lamarckian__s21,A_f0.7_blind__lamarckian,A_f0.7_blind,A,lamarckian,21,50,train,50,0.76,33,3,109.10797245542149,0.75,0.5,adaptive_blind,0.54375,0.6336326358001674,0.44399509803921555,240.0,36.0,51.0,282.0,76.0,17.0,0.0,0.0,42.0,5.0,8.0,34.0,10.0,4.0,0.0,0.0,0.0,0.0,8.0,34.0,0.0,0.0,0.0,0.0
A_f0.7_blind__lamarckian__s21,A_f0.7_blind__lamarckian,A_f0.7_blind,A,lamarckian,21,100,train,48,0.9166666666666666,12,14,107.03216256684445,0.75,0.5,adaptive_blind,0.58125,1.012681693313225,0.6254054878048783,268.0,44.0,89.0,558.0,27.0,5.0,0.0,0.0,27.0,4.0,9.0,42.0,10.0,0.0,0.0,0.0,0.0,0.0,9.0,42.0,0.0,0.0,0.0,0.0
A_f0.7_blind__lamarckian__s21,A_f0.7_blind__lamarckian,A_f0.7_blind,A,lamarckian,21,150,train,50,1.06,11,9,82.85924316757976,0.8125,0.5,adaptive_blind,0.6125,0.9422599550500281,0.6061113261093907,354.0,54.0,104.0,676.0,98.0,20.0,0.0,0.0,39.0,4.0,9.0,29.0,16.0,4.0,0.0,0.0,0.0,0.0,9.0,29.0,0.0,0.0,0.0,0.0
A_f0.7_blind__lamarckian__s21,A_f0.7_blind__lamarckian,A_f0.7_blind,A,lamarckian,21,200,train,50,1.08,18,18,107.18002364352583,0.75,0.5,adaptive_blind,0.63125,0.7769845346038977,0.5766852441613588,432.0,87.0,93.0,576.0,66.0,12.0,0.0,0.0,43.0,5.0,11.0,35.0,2.0,0.0,0.0,0.0,0.0,0.0,11.0,35.0,0.0,0.0,0.0,0.0
A_f0.7_blind__lamarckian__s21,A_f0.7_blind__lamarckian,A_f0.7_blind,A,lamarckian,21,250,train,50,1.1,10,10,109.88435541679996,0.75,0.5,adaptive_blind,0.5875,0.9897344486619908,0.593085850111857,351.0,78.0,71.0,528.0,84.0,12.0,0.0,0.0,51.0,9.0,4.0,19.0,19.0,1.0,0.0,0.0,0.0,0.0,4.0,19.0,0.0,0.0,0.0,0.0
A_f0.7_blind__lamarckian__s21,A_f0.7_blind__lamarckian,A_f0.7_blind,A,lamarckian,21,300,train,50,1.1,10,10,96.7316330736364,0.8541666666666666,0.5,adaptive_blind,0.61875,0.887784117532577,0.6135931558935361,369.0,62.0,109.0,591.0,60.0,8.0,0.0,0.0,51.0,1.0,17.0,26.0,16.0,0.0,0.0,0.0,0.0,0.0,17.0,26.0,0.0,0.0,0.0,0.0
A_f0.7_blind__lamarckian__s21,A_f0.7_blind__lamarckian,A_f0.7_blind,A,lamarckian,21,350,train,50,1.08,9,9,65.60403492234646,0.9375,0.5,adaptive_blind,0.59375,0.8711796825690445,0.5868790716612375,535.0,80.0,120.0,640.0,83.0,14.0,0.0,0.0,48.0,5.0,14.0,22.0,19.0,2.0,0.0,0.0,0.0,0.0,14.0,22.0,0.0,0.0,0.0,0.0
A_f0.7_blind__lamarckian__s21,A_f0.7_blind__lamarckian,A_f0.7_blind,A,lamarckian,21,400,train,50,1.04,12,12,98.83397121301815,0.75,0.5,adaptive_blind,0.61875,0.8273157892530825,0.5965379901960783,398.0,70.0,140.0,737.0,42.0,8.0,0.0,0.0,41.0,3.0,24.0,19.0,12.0,0.0,0.0,0.0,0.0,0.0,24.0,19.0,0.0,0.0,0.0,0.0
A_f0.7_blind__lamarckian__s21,A_f0.7_blind__lamarckian,A_f0.7_blind,A,lamarckian,21,450,train,50,1.04,12,12,100.72182422177573,0.7083333333333334,0.5,adaptive_blind,0.5625,0.8523343137068966,0.5972437690742622,382.0,78.0,132.0,666.0,123.0,20.0,0.0,0.0,47.0,2.0,20.0,32.0,15.0,0.0,0.0,0.0,0.0,0.0,20.0,32.0,0.0,0.0,0.0,0.0
A_f0.7_blind__lamarckian__s21,A_f0.7_blind__lamarckian,A_f0.7_blind,A,lamarckian,21,500,train,50,1.42,13,13,81.05857757828751,0.8958333333333334,0.5,adaptive_blind,0.6,0.8966440338532177,0.5965526315789478,378.0,55.0,101.0,671.0,105.0,6.0,0.0,0.0,39.0,3.0,14.0,30.0,17.0,1.0,0.0,0.0,0.0,0.0,14.0,30.0,0.0,0.0,0.0,0.0
A_f0.7_blind__lamarckian__s21,A_f0.7_blind__lamarckian,A_f0.7_blind,A,lamarckian,21,550,train,50,2.02,24,24,94.42492631956179,0.7708333333333334,0.5,adaptive_blind,0.61875,0.7636187438412733,0.5816726434426229,257.0,56.0,118.0,744.0,57.0,7.0,0.0,0.0,35.0,4.0,13.0,33.0,14.0,2.0,0.0,0.0,0.0,0.0,13.0,33.0,0.0,0.0,0.0,0.0
A_f0.7_blind__lamarckian__s21,A_f0.7_blind__lamarckian,A_f0.7_blind,A,lamarckian,21,600,train,50,2.1,10,10,104.65434308918307,0.6875,0.5,adaptive_blind,0.6625,0.904132275351395,0.6146970785440613,244.0,49.0,129.0,674.0,24.0,4.0,0.0,0.0,30.0,3.0,20.0,29.0,11.0,0.0,0.0,0.0,0.0,0.0,20.0,29.0,0.0,0.0,0.0,0.0
A_f0.7_blind__lamarckian__s21,A_f0.7_blind__lamarckian,A_f0.7_blind,A,lamarckian,21,650,train,50,2.08,12,12,89.51982353098612,0.8125,0.5,adaptive_blind,0.625,1.013519237247206,0.6373057586837294,407.0,76.0,142.0,857.0,60.0,13.0,0.0,0.0,40.0,2.0,14.0,36.0,20.0,3.0,0.0,0.0,0.0,0.0,14.0,36.0,0.0,0.0,0.0,0.0
A_f0.7_blind__lamarckian__s21,A_f0.7_blind__lamarckian,A_f0.7_blind,A,lamarckian,21,700,train,50,2.12,6,6,122.57846568052221,0.7083333333333334,0.5,adaptive_blind,0.64375,0.903460040539231,0.6163981350330501,526.0,95.0,176.0,898.0,27.0,3.0,0.0,0.0,28.0,3.0,18.0,31.0,9.0,0.0,0.0,0.0,0.0,0.0,18.0,31.0,0.0,0.0,0.0,0.0
A_f0.7_blind__lamarckian__s21,A_f0.7_blind__lamarckian,A_f0.7_blind,A,lamarckian,21,750,train,50,2.1,8,8,87.06846416827003,0.7708333333333334,0.5,adaptive_blind,0.625,0.9996783415936723,0.6252019045323045,454.0,112.0,155.0,905.0,119.0,17.0,0.0,0.0,51.0,3.0,17.0,32.0,14.0,0.0,0.0,0.0,0.0,0.0,17.0,32.0,0.0,0.0,0.0,0.0
A_f0.7_blind__lamarckian__s21,A_f0.7_blind__lamarckian,A_f0.7_blind,A,lamarckian,21,800,train,50,2.1,4,4,113.2789120793353,0.6875,0.5,adaptive_blind,0.6125,0.9220072197429442,0.6136638563049857,405.0,71.0,150.0,852.0,106.0,16.0,0.0,0.0,44.0,2.0,16.0,19.0,20.0,0.0,0.0,0.0,0.0,0.0,16.0,19.0,0.0,0.0,0.0,0.0
A_f0.7_blind__lamarckian__s21,A_f0.7_blind__lamarckian,A_f0.7_blind,A,lamarckian,21,850,train,50,2.14,6,6,124.1582790991567,0.625,0.5,adaptive_blind,0.63125,0.8772938318706734,0.6085116731517508,526.0,96.0,158.0,976.0,58.0,14.0,0.0,0.0,39.0,0.0,10.0,20.0,23.0,3.0,0.0,0.0,0.0,0.0,10.0,20.0,0.0,0.0,0.0,0.0
A_f0.7_blind__lamarckian__s21,A_f0.7_blind__lamarckian,A_f0.7_blind,A,lamarckian,21,900,train,50,2.18,4,4,91.19980495167118,0.7708333333333334,0.5,adaptive_blind,0.575,0.9008809197415244,0.6087877101879329,483.0,98.0,135.0,791.0,36.0,7.0,0.0,0.0,49.0,2.0,10.0,20.0,17.0,0.0,0.0,0.0,0.0,0.0,10.0,20.0,0.0,0.0,0.0,0.0
A_f0.7_blind__lamarckian__s21,A_f0.7_blind__lamarckian,A_f0.7_blind,A,lamarckian,21,950,train,50,2.28,12,12,58.838133674896056,0.875,0.5,adaptive_blind,0.63125,0.9431304238698915,0.644370894909688,328.0,51.0,119.0,734.0,87.0,15.0,0.0,0.0,56.0,3.0,20.0,24.0,19.0,1.0,0.0,0.0,0.0,0.0,20.0,24.0,0.0,0.0,0.0,0.0
A_f0.7_blind__lamarckian__s21,A_f0.7_blind__lamarckian,A_f0.7_blind,A,lamarckian,21,1000,train,50,2.54,10,10,80.70865866570949,0.8125,0.5,adaptive_blind,0.6,0.9075182348685451,0.6069827154308622,345.0,59.0,138.0,655.0,39.0,5.0,0.0,0.0,54.0,3.0,19.0,16.0,17.0,0.0,0.0,0.0,0.0,0.0,19.0,16.0,0.0,0.0,0.0,0.0
A_f0.7_blind__lamarckian__s21,A_f0.7_blind__lamarckian,A_f0.7_blind,A,lamarckian,21,1050,train,50,3.04,21,21,67.48455197360062,0.8541666666666666,0.5,adaptive_blind,0.58125,0.8591502980016121,0.6005171765295887,337.0,58.0,94.0,515.0,80.0,12.0,0.0,0.0,50.0,1.0,23.0,19.0,22.0,1.0,0.0,0.0,0.0,0.0,23.0,19.0,0.0,0.0,0.0,0.0
A_f0.7_blind__lamarckian__s21,A_f0.7_blind__lamarckian,A_f0.7_blind,A,lamarckian,21,1100,train,50,3.28,23,23,107.81814114238826,0.7291666666666666,0.5,adaptive_blind,0.64375,0.7654262807555858,0.5900833739045765,348.0,62.0,83.0,517.0,33.0,7.0,0.0,0.0,45.0,2.0,14.0,26.0,14.0,1.0,0.0,0.0,0.0,0.0,14.0,26.0,0.0,0.0,0.0,0.0
A_f0.7_blind__lamarckian__s21,A_f0.7_blind__lamarckian,A_f0.7_blind,A,lamarckian,21,1150,train,50,3.28,16,16,54.80659454175205,0.9375,0.5,adaptive_blind,0.5875,0.864361150709106,0.5999621212121216,340.0,64.0,80.0,507.0,33.0,3.0,0.0,0.0,72.0,4.0,19.0,23.0,13.0,0.0,0.0,0.0,0.0,0.0,19.0,23.0,0.0,0.0,0.0,0.0
A_f0.7_blind__lamarckian__s21,A_f0.7_blind__lamarckian,A_f0.7_blind,A,lamarckian,21,1200,train,50,3.2,16,16,50.21849528008894,0.9583333333333334,0.5,adaptive_blind,0.625,0.8647366994849901,0.5946400727650727,237.0,51.0,104.0,499.0,80.0,9.0,0.0,0.0,44.0,2.0,25.0,22.0,20.0,0.0,0.0,0.0,0.0,0.0,25.0,22.0,0.0,0.0,0.0,0.0
A_f0.7_blind__lamarckian__s21,A_f0.7_blind__lamarckian,A_f0.7_blind,A,lamarckian,21,1250,train,50,3.3,17,17,67.14603262201055,0.9375,0.5,adaptive_blind,0.625,0.7810325772341411,0.5686462942477875,307.0,51.0,96.0,577.0,42.0,5.0,0.0,0.0,57.0,4.0,18.0,20.0,14.0,0.0,0.0,0.0,0.0,0.0,18.0,20.0,0.0,0.0,0.0,0.0
A_f0.7_blind__lamarckian__s21,A_f0.7_blind__lamarckian,A_f0.7_blind,A,lamarckian,21,1300,train,50,3.52,16,16,67.97279121036772,0.8541666666666666,0.5,adaptive_blind,0.6,0.8831655304935404,0.6084495192307691,218.0,47.0,99.0,572.0,30.0,7.0,0.0,0.0,57.0,2.0,24.0,14.0,11.0,0.0,0.0,0.0,0.0,0.0,24.0,14.0,0.0,0.0,0.0,0.0
A_f0.7_blind__lamarckian__s21,A_f0.7_blind__lamarckian,A_f0.7_blind,A,lamarckian,21,1350,train,50,3.98,23,23,55.46079490010473,0.9375,0.5,adaptive_blind,0.625,0.8386942611597716,0.5905534599375653,220.0,38.0,95.0,526.0,69.0,15.0,0.0,0.0,45.0,3.0,20.0,26.0,22.0,1.0,0.0,0.0,0.0,0.0,20.0,26.0,0.0,0.0,0.0,0.0
A_f0.7_blind__lamarckian__s21,A_f0.7_blind__lamarckian,A_f0.7_blind,A,lamarckian,21,1400,train,45,4.111111111111111,14,19,63.03037912237977,0.8958333333333334,0.5,adaptive_blind,0.6,0.7776951934098819,0.5566273446658847,291.0,46.0,60.0,497.0,52.0,10.0,0.0,0.0,52.0,1.0,15.0,23.0,14.0,0.0,0.0,0.0,0.0,0.0,15.0,23.0,0.0,0.0,0.0,0.0
A_f0.7_blind__lamarckian__s21,A_f0.7_blind__lamarckian,A_f0.7_blind,A,lamarckian,21,1450,train,39,4.641025641025641,12,18,88.69767589110161,0.8333333333333334,0.5,adaptive_blind,0.65,0.6617233597881373,0.5390879953379955,262.0,40.0,99.0,499.0,47.0,9.0,0.0,0.0,45.0,2.0,19.0,20.0,13.0,1.0,0.0,0.0,0.0,0.0,19.0,20.0,0.0,0.0,0.0,0.0
A_f0.7_blind__lamarckian__s21,A_f0.7_blind__lamarckian,A_f0.7_blind,A,lamarckian,21,1500,train,50,4.68,19,8,84.52164462905932,0.8125,0.5,adaptive_blind,0.61875,0.8305970141708974,0.5716972411831627,333.0,59.0,124.0,619.0,116.0,20.0,0.0,0.0,50.0,5.0,14.0,16.0,19.0,0.0,0.0,0.0,0.0,0.0,14.0,16.0,0.0,0.0,0.0,0.0
A_f0.7_blind__lamarckian__s21,A_f0.7_blind__lamarckian,A_f0.7_blind,A,lamarckian,21,1550,eval,50,4.94,15,15,47.336582547082,0.9583333333333334,0.5,adaptive_blind,0.48,0.0,0.0,423.0,69.0,97.0,498.0,89.0,16.0,4.0,44.0,64.0,5.0,19.0,19.0,21.0,2.0,0.0,2.0,0.0,0.0,19.0,19.0,0.0,0.0,0.0,2.0
A_f0.7_blind__lamarckian__s21,A_f0.7_blind__lamarckian,A_f0.7_blind,A,lamarckian,21,1600,eval,50,5.12,15,15,97.10637303949098,0.8333333333333334,0.5,adaptive_blind,0.495,0.0,0.0,489.0,73.0,77.0,498.0,24.0,4.0,3.0,40.0,60.0,5.0,11.0,18.0,6.0,0.0,1.0,1.0,0.0,0.0,11.0,18.0,0.0,0.0,1.0,1.0
A_f0.7_blind__lamarckian__s21,A_f0.7_blind__lamarckian,A_f0.7_blind,A,lamarckian,21,1650,eval,50,5.16,15,15,74.68225476394622,0.8333333333333334,0.5,adaptive_blind,0.48,0.0,0.0,531.0,95.0,104.0,492.0,48.0,10.0,14.0,64.0,64.0,2.0,14.0,28.0,12.0,1.0,3.0,3.0,0.0,0.0,14.0,28.0,0.0,0.0,3.0,3.0
A_f0.7_blind__lamarckian__s21,A_f0.7_blind__lamarckian,A_f0.7_blind,A,lamarckian,21,1700,eval,50,5.24,14,14,95.63719643354106,0.8333333333333334,0.5,adaptive_blind,0.46,0.0,0.0,532.0,88.0,78.0,525.0,60.0,8.0,6.0,16.0,58.0,4.0,18.0,23.0,12.0,0.0,5.0,3.0,0.0,0.0,18.0,23.0,0.0,0.0,5.0,3.0
A_f0.7_blind__lamarckian__s21,A_f0.7_blind__lamarckian,A_f0.7_blind,A,lamarckian,21,1750,eval,50,5.3,8,8,98.75905403391627,0.7291666666666666,0.5,adaptive_blind,0.43,0.0,0.0,517.0,108.0,112.0,562.0,62.0,4.0,10.0,71.0,53.0,4.0,13.0,14.0,14.0,2.0,1.0,3.0,0.0,0.0,13.0,14.0,0.0,0.0,1.0,3.0
A_f0.7_blind__lamarckian__s21,A_f0.7_blind__lamarckian,A_f0.7_blind,A,lamarckian,21,1800,eval,50,5.32,8,8,87.76279263727214,0.8541666666666666,0.5,adaptive_blind,0.515,0.0,0.0,745.0,121.0,105.0,586.0,67.0,11.0,3.0,45.0,59.0,6.0,20.0,12.0,13.0,1.0,0.0,3.0,0.0,0.0,20.0,12.0,0.0,0.0,0.0,3.0
A_f0.7_blind__lamarckian__s22,A_f0.7_blind__lamarckian,A_f0.7_blind,A,lamarckian,22,50,train,50,0.82,36,6,67.76078953387622,0.8541666666666666,0.5,adaptive_blind,0.625,0.6445285643778856,0.45843011811023615,197.0,26.0,42.0,219.0,117.0,23.0,0.0,0.0,42.0,9.0,7.0,42.0,21.0,3.0,0.0,0.0,0.0,0.0,7.0,42.0,0.0,0.0,0.0,0.0
A_f0.7_blind__lamarckian__s22,A_f0.7_blind__lamarckian,A_f0.7_blind,A,lamarckian,22,100,train,50,0.9,14,14,73.80853071713128,0.8958333333333334,0.5,adaptive_blind,0.5625,0.8881520360423634,0.5983985995850623,212.0,35.0,53.0,317.0,110.0,24.0,0.0,0.0,27.0,4.0,5.0,30.0,24.0,1.0,0.0,0.0,0.0,0.0,5.0,30.0,0.0,0.0,0.0,0.0
A_f0.7_blind__lamarckian__s22,A_f0.7_blind__lamarckian,A_f0.7_blind,A,lamarckian,22,150,train,50,0.96,16,16,90.9507383978379,0.8125,0.5,adaptive_blind,0.625,0.9483666017271337,0.6056989107883819,312.0,56.0,92.0,537.0,100.0,12.0,0.0,0.0,24.0,4.0,4.0,36.0,17.0,2.0,0.0,0.0,0.0,0.0,4.0,36.0,0.0,0.0,0.0,0.0
A_f0.7_blind__lamarckian__s22,A_f0.7_blind__lamarckian,A_f0.7_blind,A,lamarckian,22,200,train,50,0.94,12,12,87.101625012542,0.7708333333333334,0.5,adaptive_blind,0.625,0.8160468966867349,0.566425,389.0,76.0,65.0,461.0,123.0,25.0,0.0,0.0,42.0,5.0,7.0,32.0,18.0,2.0,0.0,0.0,0.0,0.0,7.0,32.0,0.0,0.0,0.0,0.0
A_f0.7_blind__lamarckian__s22,A_f0.7_blind__lamarckian,A_f0.7_blind,A,lamarckian,22,250,train,50,0.94,8,8,78.45902135550068,0.8125,0.5,adaptive_blind,0.60625,0.8257304333589628,0.5959866116116115,316.0,56.0,103.0,625.0,184.0,29.0,0.0,0.0,44.0,3.0,15.0,32.0,23.0,2.0,0.0,0.0,0.0,0.0,15.0,32.0,0.0,0.0,0.0,0.0
A_f0.7_blind__lamarckian__s22,A_f0.7_blind__lamarckian,A_f0.7_blind,A,lamarckian,22,300,train,50,0.94,12,12,109.18458322076415,0.7291666666666666,0.5,adaptive_blind,0.65,0.9056867806184239,0.604217171717172,358.0,73.0,96.0,555.0,65.0,13.0,0.0,0.0,36.0,1.0,18.0,26.0,12.0,4.0,0.0,0.0,0.0,0.0,18.0,26.0,0.0,0.0,0.0,0.0
A_f0.7_blind__lamarckian__s22,A_f0.7_blind__lamarckian,A_f0.7_blind,A,lamarckian,22,350,train,50,0.94,5,5,100.56848370494485,0.75,0.5,adaptive_blind,0.60625,0.8489957231834739,0.577719972067039,554.0,86.0,109.0,602.0,99.0,18.0,0.0,0.0,46.0,7.0,11.0,23.0,25.0,2.0,0.0,0.0,0.0,0.0,11.0,23.0,0.0,0.0,0.0,0.0
A_f0.7_blind__lamarckian__s22,A_f0.7_blind__lamarckian,A_f0.7_blind,A,lamarckian,22,400,train,50,0.96,6,6,130.9091952986422,0.6458333333333334,0.5,adaptive_blind,0.64375,0.8582459243280192,0.6036524779195291,373.0,74.0,121.0,751.0,46.0,13.0,0.0,0.0,31.0,3.0,8.0,29.0,17.0,2.0,0.0,0.0,0.0,0.0,8.0,29.0,0.0,0.0,0.0,0.0
A_f0.7_blind__lamarckian__s22,A_f0.7_blind__lamarckian,A_f0.7_blind,A,lamarckian,22,450,train,50,0.96,7,7,129.9435957262789,0.5833333333333334,0.5,adaptive_blind,0.59375,0.8935658283962187,0.6078712871287131,484.0,96.0,152.0,826.0,79.0,8.0,0.0,0.0,31.0,3.0,17.0,27.0,22.0,1.0,0.0,0.0,0.0,0.0,17.0,27.0,0.0,0.0,0.0,0.0
A_f0.7_blind__lamarckian__s22,A_f0.7_blind__lamarckian,A_f0.7_blind,A,lamarckian,22,500,train,50,1.34,15,15,77.92510718095593,0.8125,0.5,adaptive_blind,0.61875,0.982598112569959,0.6275514427625357,420.0,91.0,171.0,918.0,102.0,20.0,0.0,0.0,38.0,1.0,15.0,32.0,22.0,6.0,0.0,0.0,0.0,0.0,15.0,32.0,0.0,0.0,0.0,0.0
A_f0.7_blind__lamarckian__s22,A_f0.7_blind__lamarckian,A_f0.7_blind,A,lamarckian,22,550,train,50,1.58,15,15,85.7882909444601,0.8125,0.5,adaptive_blind,0.6125,0.8408569549193999,0.5900948952879581,276.0,61.0,97.0,544.0,103.0,9.0,0.0,0.0,48.0,5.0,11.0,20.0,19.0,1.0,0.0,0.0,0.0,0.0,11.0,20.0,0.0,0.0,0.0,0.0
A_f0.7_blind__lamarckian__s22,A_f0.7_blind__lamarckian,A_f0.7_blind,A,lamarckian,22,600,train,50,1.64,15,15,97.78080919864533,0.7708333333333334,0.5,adaptive_blind,0.5875,0.8886933178742102,0.5872300215982722,303.0,58.0,79.0,462.0,117.0,14.0,0.0,0.0,43.0,1.0,11.0,24.0,21.0,1.0,0.0,0.0,0.0,0.0,11.0,24.0,0.0,0.0,0.0,0.0
A_f0.7_blind__lamarckian__s22,A_f0.7_blind__lamarckian,A_f0.7_blind,A,lamarckian,22,650,train,50,1.76,11,11,63.3903418884593,0.8958333333333334,0.5,adaptive_blind,0.53125,0.8837549038926396,0.569104609929078,402.0,72.0,65.0,372.0,105.0,18.0,0.0,0.0,55.0,4.0,15.0,13.0,26.0,2.0,0.0,0.0,0.0,0.0,15.0,13.0,0.0,0.0,0.0,0.0
A_f0.7_blind__lamarckian__s22,A_f0.7_blind__lamarckian,A_f0.7_blind,A,lamarckian,22,700,train,50,1.8,14,14,53.67640175624798,0.8958333333333334,0.5,adaptive_blind,0.56875,0.9515796196999624,0.5910000000000002,281.0,45.0,71.0,397.0,58.0,6.0,0.0,0.0,53.0,5.0,10.0,27.0,23.0,1.0,0.0,0.0,0.0,0.0,10.0,27.0,0.0,0.0,0.0,0.0
A_f0.7_blind__lamarckian__s22,A_f0.7_blind__lamarckian,A_f0.7_blind,A,lamarckian,22,750,train,50,1.84,14,14,56.93800150352267,0.9166666666666666,0.5,adaptive_blind,0.6125,0.8159931811714778,0.5656395011600925,148.0,26.0,68.0,367.0,87.0,17.0,0.0,0.0,42.0,3.0,10.0,19.0,30.0,2.0,0.0,0.0,0.0,0.0,10.0,19.0,0.0,0.0,0.0,0.0
A_f0.7_blind__lamarckian__s22,A_f0.7_blind__lamarckian,A_f0.7_blind,A,lamarckian,22,800,train,50,1.92,22,22,49.33483250333872,0.9375,0.5,adaptive_blind,0.6375,0.7857856122727664,0.563631221719457,218.0,41.0,75.0,352.0,67.0,14.0,0.0,0.0,55.0,1.0,15.0,17.0,25.0,1.0,0.0,0.0,0.0,0.0,15.0,17.0,0.0,0.0,0.0,0.0
A_f0.7_blind__lamarckian__s22,A_f0.7_blind__lamarckian,A_f0.7_blind,A,lamarckian,22,850,train,50,2.06,15,15,62.002556472790125,0.9166666666666666,0.5,adaptive_blind,0.6,0.9513560072230642,0.5894652777777776,227.0,36.0,61.0,399.0,73.0,18.0,0.0,0.0,50.0,1.0,13.0,17.0,25.0,2.0,0.0,0.0,0.0,0.0,13.0,17.0,0.0,0.0,0.0,0.0
A_f0.7_blind__lamarckian__s22,A_f0.7_blind__lamarckian,A_f0.7_blind,A,lamarckian,22,900,train,50,2.24,12,12,55.225436008270876,0.9375,0.5,adaptive_blind,0.6,0.7959158045215833,0.5520971886336155,191.0,33.0,48.0,319.0,75.0,22.0,0.0,0.0,53.0,0.0,9.0,18.0,27.0,5.0,0.0,0.0,0.0,0.0,9.0,18.0,0.0,0.0,0.0,0.0
A_f0.7_blind__lamarckian__s22,A_f0.7_blind__lamarckian,A_f0.7_blind,A,lamarckian,22,950,train,50,2.7,21,21,54.86794045297733,0.9375,0.5,adaptive_blind,0.625,0.7394120078503774,0.5710311181434602,223.0,32.0,68.0,363.0,36.0,7.0,0.0,0.0,45.0,1.0,19.0,18.0,23.0,1.0,0.0,0.0,0.0,0.0,19.0,18.0,0.0,0.0,0.0,0.0
A_f0.7_blind__lamarckian__s22,A_f0.7_blind__lamarckian,A_f0.7_blind,A,lamarckian,22,1000,train,38,2.6842105263157894,14,26,76.10203506490123,0.8541666666666666,0.5,adaptive_blind,0.5875,0.7950504530693103,0.5578273104265403,291.0,43.0,57.0,320.0,38.0,5.0,0.0,0.0,44.0,4.0,13.0,21.0,23.0,0.0,0.0,0.0,0.0,0.0,13.0,21.0,0.0,0.0,0.0,0.0
A_f0.7_blind__lamarckian__s22,A_f0.7_blind__lamarckian,A_f0.7_blind,A,lamarckian,22,1050,train,45,3.1555555555555554,20,13,71.1910427442228,0.8333333333333334,0.5,adaptive_blind,0.625,0.6683420419963535,0.4916043447293448,246.0,33.0,52.0,344.0,35.0,12.0,0.0,0.0,50.0,5.0,18.0,16.0,21.0,5.0,0.0,0.0,0.0,0.0,18.0,16.0,0.0,0.0,0.0,0.0
A_f0.7_blind__lamarckian__s22,A_f0.7_blind__lamarckian,A_f0.7_blind,A,lamarckian,22,1100,train,43,3.4186046511627906,14,16,61.77771570820308,0.9166666666666666,0.5,adaptive_blind,0.60625,0.8674426560434618,0.5744964285714285,240.0,37.0,58.0,329.0,49.0,14.0,0.0,0.0,47.0,2.0,14.0,24.0,22.0,3.0,0.0,0.0,0.0,0.0,14.0,24.0,0.0,0.0,0.0,0.0
A_f0.7_blind__lamarckian__s22,A_f0.7_blind__lamarckian,A_f0.7_blind,A,lamarckian,22,1150,train,38,3.6842105263157894,8,13,80.51381797333215,0.875,0.5,adaptive_blind,0.5625,0.6508208984579087,0.5188490177439795,257.0,38.0,70.0,344.0,84.0,17.0,0.0,0.0,41.0,2.0,15.0,24.0,27.0,3.0,0.0,0.0,0.0,0.0,15.0,24.0,0.0,0.0,0.0,0.0
A_f0.7_blind__lamarckian__s22,A_f0.7_blind__lamarckian,A_f0.7_blind,A,lamarckian,22,1200,train,50,3.82,19,7,66.72552091569065,0.8958333333333334,0.5,adaptive_blind,0.58125,0.8081889482945177,0.5302440633245384,303.0,43.0,85.0,419.0,58.0,12.0,0.0,0.0,62.0,3.0,15.0,24.0,23.0,0.0,0.0,0.0,0.0,0.0,15.0,24.0,0.0,0.0,0.0,0.0
A_f0.7_blind__lamarckian__s22,A_f0.7_blind__lamarckian,A_f0.7_blind,A,lamarckian,22,1250,train,50,4.04,13,13,68.3955263634166,0.8958333333333334,0.5,adaptive_blind,0.55,0.7544559452819961,0.5647044573643409,268.0,55.0,69.0,396.0,101.0,21.0,0.0,0.0,43.0,6.0,10.0,30.0,24.0,0.0,0.0,0.0,0.0,0.0,10.0,30.0,0.0,0.0,0.0,0.0
A_f0.7_blind__lamarckian__s22,A_f0.7_blind__lamarckian,A_f0.7_blind,A,lamarckian,22,1300,train,37,4.378378378378378,13,26,87.08411236606419,0.8333333333333334,0.5,adaptive_blind,0.6375,0.8406408241029732,0.5813007854821235,193.0,28.0,50.0,286.0,108.0,7.0,0.0,0.0,38.0,4.0,20.0,25.0,28.0,1.0,0.0,0.0,0.0,0.0,20.0,25.0,0.0,0.0,0.0,0.0
A_f0.7_blind__lamarckian__s22,A_f0.7_blind__lamarckian,A_f0.7_blind,A,lamarckian,22,1350,train,50,4.6,22,9,101.58902667801588,0.8125,0.5,adaptive_blind,0.5625,0.8422964797723862,0.5514360211706102,248.0,56.0,74.0,400.0,58.0,15.0,0.0,0.0,45.0,5.0,13.0,20.0,13.0,2.0,0.0,0.0,0.0,0.0,13.0,20.0,0.0,0.0,0.0,0.0
A_f0.7_blind__lamarckian__s22,A_f0.7_blind__lamarckian,A_f0.7_blind,A,lamarckian,22,1400,train,50,4.66,11,11,68.57350170170345,0.9375,0.5,adaptive_blind,0.64375,0.8385398881964389,0.5643882508833922,355.0,51.0,66.0,452.0,56.0,18.0,0.0,0.0,54.0,1.0,16.0,23.0,25.0,1.0,0.0,0.0,0.0,0.0,16.0,23.0,0.0,0.0,0.0,0.0
A_f0.7_blind__lamarckian__s22,A_f0.7_blind__lamarckian,A_f0.7_blind,A,lamarckian,22,1450,train,48,4.8125,17,19,57.48180482947121,0.9583333333333334,0.5,adaptive_blind,0.58125,0.8069200453298181,0.5608694051825678,288.0,54.0,85.0,423.0,44.0,7.0,0.0,0.0,45.0,7.0,19.0,19.0,24.0,3.0,0.0,0.0,0.0,0.0,19.0,19.0,0.0,0.0,0.0,0.0
A_f0.7_blind__lamarckian__s22,A_f0.7_blind__lamarckian,A_f0.7_blind,A,lamarckian,22,1500,train,48,5.125,13,13,64.12403949071813,0.9166666666666666,0.5,adaptive_blind,0.58125,0.8377840607648166,0.5747639515219845,378.0,54.0,70.0,337.0,71.0,12.0,0.0,0.0,62.0,3.0,13.0,18.0,28.0,2.0,0.0,0.0,0.0,0.0,13.0,18.0,0.0,0.0,0.0,0.0
A_f0.7_blind__lamarckian__s22,A_f0.7_blind__lamarckian,A_f0.7_blind,A,lamarckian,22,1550,eval,35,5.142857142857143,9,22,110.45147228205485,0.7916666666666666,0.5,adaptive_blind,0.545,0.0,0.0,293.0,65.0,64.0,370.0,23.0,3.0,7.0,34.0,41.0,5.0,12.0,30.0,10.0,0.0,6.0,9.0,0.0,0.0,12.0,30.0,0.0,0.0,6.0,9.0
A_f0.7_blind__lamarckian__s22,A_f0.7_blind__lamarckian,A_f0.7_blind,A,lamarckian,22,1600,eval,50,5.62,25,10,155.93914350353813,0.6041666666666666,0.5,adaptive_blind,0.53,0.0,0.0,406.0,80.0,86.0,494.0,36.0,3.0,6.0,42.0,37.0,3.0,17.0,22.0,9.0,0.0,2.0,9.0,0.0,0.0,17.0,22.0,0.0,0.0,2.0,9.0
A_f0.7_blind__lamarckian__s22,A_f0.7_blind__lamarckian,A_f0.7_blind,A,lamarckian,22,1650,eval,50,5.74,7,7,68.60057694225767,0.9166666666666666,0.5,adaptive_blind,0.525,0.0,0.0,397.0,72.0,80.0,545.0,63.0,10.0,21.0,104.0,49.0,3.0,8.0,38.0,24.0,0.0,7.0,9.0,0.0,0.0,8.0,38.0,0.0,0.0,7.0,9.0
A_f0.7_blind__lamarckian__s22,A_f0.7_blind__lamarckian,A_f0.7_blind,A,lamarckian,22,1700,eval,50,5.9,11,11,108.58747583342617,0.6875,0.5,adaptive_blind,0.505,0.0,0.0,643.0,111.0,71.0,401.0,81.0,11.0,12.0,46.0,53.0,1.0,3.0,18.0,12.0,1.0,4.0,3.0,0.0,0.0,3.0,18.0,0.0,0.0,4.0,3.0
A_f0.7_blind__lamarckian__s22,A_f0.7_blind__lamarckian,A_f0.7_blind,A,lamarckian,22,1750,eval,50,5.74,9,9,100.71265255470335,0.75,0.5,adaptive_blind,0.48,0.0,0.0,731.0,135.0,112.0,651.0,70.0,13.0,23.0,113.0,44.0,4.0,9.0,21.0,14.0,0.0,9.0,3.0,0.0,0.0,9.0,21.0,0.0,0.0,9.0,3.0
A_f0.7_blind__lamarckian__s22,A_f0.7_blind__lamarckian,A_f0.7_blind,A,lamarckian,22,1800,eval,50,5.88,9,9,128.57667796221622,0.5833333333333334,0.5,adaptive_blind,0.465,0.0,0.0,648.0,118.0,99.0,601.0,89.0,11.0,13.0,68.0,37.0,2.0,13.0,20.0,6.0,0.0,5.0,3.0,0.0,0.0,13.0,20.0,0.0,0.0,5.0,3.0
A_f0.7_blind__lamarckian__s23,A_f0.7_blind__lamarckian,A_f0.7_blind,A,lamarckian,23,50,train,50,0.78,37,7,98.4282906190567,0.7916666666666666,0.5,adaptive_blind,0.55625,0.7290334759771814,0.47288929675424995,193.0,53.0,65.0,281.0,71.0,18.0,0.0,0.0,41.0,8.0,7.0,41.0,11.0,5.0,0.0,0.0,0.0,0.0,7.0,41.0,0.0,0.0,0.0,0.0
A_f0.7_blind__lamarckian__s23,A_f0.7_blind__lamarckian,A_f0.7_blind,A,lamarckian,23,100,train,50,0.96,10,10,90.55475368368454,0.8541666666666666,0.5,adaptive_blind,0.60625,0.8311519109902273,0.5892680062630478,206.0,50.0,73.0,468.0,97.0,20.0,0.0,0.0,20.0,5.0,11.0,43.0,22.0,3.0,0.0,0.0,0.0,0.0,11.0,43.0,0.0,0.0,0.0,0.0
A_f0.7_blind__lamarckian__s23,A_f0.7_blind__lamarckian,A_f0.7_blind,A,lamarckian,23,150,train,50,0.96,14,14,75.15893779733945,0.8125,0.5,adaptive_blind,0.59375,0.8904951301378274,0.6087432531894013,521.0,93.0,111.0,725.0,65.0,10.0,0.0,0.0,43.0,7.0,5.0,36.0,15.0,2.0,0.0,0.0,0.0,0.0,5.0,36.0,0.0,0.0,0.0,0.0
A_f0.7_blind__lamarckian__s23,A_f0.7_blind__lamarckian,A_f0.7_blind,A,lamarckian,23,200,train,50,0.94,8,8,82.57986153641926,0.8125,0.5,adaptive_blind,0.6125,1.0051595042864108,0.6253512596899227,328.0,65.0,131.0,747.0,102.0,23.0,0.0,0.0,32.0,7.0,6.0,26.0,20.0,4.0,0.0,0.0,0.0,0.0,6.0,26.0,0.0,0.0,0.0,0.0
A_f0.7_blind__lamarckian__s23,A_f0.7_blind__lamarckian,A_f0.7_blind,A,lamarckian,23,250,train,50,0.9,10,10,100.98705192101409,0.7708333333333334,0.5,adaptive_blind,0.625,0.8678215284760717,0.5988520408163267,390.0,85.0,105.0,615.0,72.0,12.0,0.0,0.0,31.0,4.0,10.0,31.0,15.0,1.0,0.0,0.0,0.0,0.0,10.0,31.0,0.0,0.0,0.0,0.0
A_f0.7_blind__lamarckian__s23,A_f0.7_blind__lamarckian,A_f0.7_blind,A,lamarckian,23,300,train,50,0.88,9,9,106.85892624983241,0.75,0.5,adaptive_blind,0.5875,0.9746984122709064,0.6259865311909258,457.0,88.0,141.0,774.0,102.0,17.0,0.0,0.0,39.0,4.0,14.0,29.0,11.0,1.0,0.0,0.0,0.0,0.0,14.0,29.0,0.0,0.0,0.0,0.0
A_f0.7_blind__lamarckian__s23,A_f0.7_blind__lamarckian,A_f0.7_blind,A,lamarckian,23,350,train,50,0.88,6,6,87.89286573897368,0.7916666666666666,0.5,adaptive_blind,0.6,1.0470454710842378,0.6383306226765804,324.0,66.0,136.0,793.0,68.0,14.0,0.0,0.0,26.0,5.0,10.0,41.0,20.0,3.0,0.0,0.0,0.0,0.0,10.0,41.0,0.0,0.0,0.0,0.0
A_f0.7_blind__lamarckian__s23,A_f0.7_blind__lamarckian,A_f0.7_blind,A,lamarckian,23,400,train,50,0.88,2,2,121.62158122127488,0.7291666666666666,0.5,adaptive_blind,0.575,0.8949195770921192,0.5922260182207932,336.0,40.0,125.0,737.0,90.0,16.0,0.0,0.0,50.0,3.0,7.0,21.0,19.0,4.0,0.0,0.0,0.0,0.0,7.0,21.0,0.0,0.0,0.0,0.0
A_f0.7_blind__lamarckian__s23,A_f0.7_blind__lamarckian,A_f0.7_blind,A,lamarckian,23,450,train,50,0.88,5,5,97.82890044570023,0.7083333333333334,0.5,adaptive_blind,0.58125,0.9876217597626552,0.6264047619047617,361.0,67.0,141.0,741.0,82.0,20.0,0.0,0.0,40.0,2.0,13.0,21.0,18.0,2.0,0.0,0.0,0.0,0.0,13.0,21.0,0.0,0.0,0.0,0.0
A_f0.7_blind__lamarckian__s23,A_f0.7_blind__lamarckian,A_f0.7_blind,A,lamarckian,23,500,train,50,1.24,12,12,96.49625514782818,0.75,0.5,adaptive_blind,0.65625,0.898777665174846,0.5977332285115302,495.0,84.0,118.0,687.0,100.0,21.0,0.0,0.0,52.0,1.0,13.0,23.0,18.0,0.0,0.0,0.0,0.0,0.0,13.0,23.0,0.0,0.0,0.0,0.0
A_f0.7_blind__lamarckian__s23,A_f0.7_blind__lamarckian,A_f0.7_blind,A,lamarckian,23,550,train,50,1.68,19,19,61.48042818718612,0.9166666666666666,0.5,adaptive_blind,0.60625,0.8437664517962367,0.5944736168032789,305.0,50.0,120.0,671.0,66.0,12.0,0.0,0.0,54.0,1.0,19.0,27.0,19.0,2.0,0.0,0.0,0.0,0.0,19.0,27.0,0.0,0.0,0.0,0.0
A_f0.7_blind__lamarckian__s23,A_f0.7_blind__lamarckian,A_f0.7_blind,A,lamarckian,23,600,train,50,1.74,15,15,61.02044225554469,0.9375,0.5,adaptive_blind,0.625,0.8357512252961878,0.60157470703125,270.0,30.0,98.0,600.0,51.0,5.0,0.0,0.0,43.0,2.0,16.0,22.0,20.0,0.0,0.0,0.0,0.0,0.0,16.0,22.0,0.0,0.0,0.0,0.0
A_f0.7_blind__lamarckian__s23,A_f0.7_blind__lamarckian,A_f0.7_blind,A,lamarckian,23,650,train,50,1.82,24,24,62.00131836884498,0.875,0.5,adaptive_blind,0.625,0.8680819851850878,0.5868291531823089,225.0,37.0,114.0,629.0,105.0,19.0,0.0,0.0,37.0,2.0,27.0,26.0,22.0,1.0,0.0,0.0,0.0,0.0,27.0,26.0,0.0,0.0,0.0,0.0
A_f0.7_blind__lamarckian__s23,A_f0.7_blind__lamarckian,A_f0.7_blind,A,lamarckian,23,700,train,50,1.88,21,21,66.77207018767646,0.8541666666666666,0.5,adaptive_blind,0.66875,0.8833760578939078,0.6043190298507461,268.0,53.0,118.0,643.0,45.0,7.0,0.0,0.0,37.0,1.0,16.0,28.0,13.0,0.0,0.0,0.0,0.0,0.0,16.0,28.0,0.0,0.0,0.0,0.0
A_f0.7_blind__lamarckian__s23,A_f0.7_blind__lamarckian,A_f0.7_blind,A,lamarckian,23,750,train,50,1.94,16,16,74.127731140501,0.8333333333333334,0.5,adaptive_blind,0.59375,0.9577395398599071,0.6074787151702785,252.0,48.0,120.0,587.0,82.0,19.0,0.0,0.0,37.0,4.0,20.0,22.0,16.0,1.0,0.0,0.0,0.0,0.0,20.0,22.0,0.0,0.0,0.0,0.0
A_f0.7_blind__lamarckian__s23,A_f0.7_blind__lamarckian,A_f0.7_blind,A,lamarckian,23,800,train,50,1.98,19,19,107.10780468572656,0.6875,0.5,adaptive_blind,0.625,0.9404528144893792,0.6119025275275274,348.0,61.0,116.0,727.0,94.0,16.0,0.0,0.0,33.0,1.0,14.0,25.0,28.0,1.0,0.0,0.0,0.0,0.0,14.0,25.0,0.0,0.0,0.0,0.0
A_f0.7_blind__lamarckian__s23,A_f0.7_blind__lamarckian,A_f0.7_blind,A,lamarckian,23,850,train,50,2.04,12,12,106.16245029009646,0.7708333333333334,0.5,adaptive_blind,0.63125,0.8167064717779609,0.5757726269315675,509.0,92.0,112.0,660.0,63.0,11.0,0.0,0.0,42.0,7.0,11.0,38.0,19.0,4.0,0.0,0.0,0.0,0.0,11.0,38.0,0.0,0.0,0.0,0.0
A_f0.7_blind__lamarckian__s23,A_f0.7_blind__lamarckian,A_f0.7_blind,A,lamarckian,23,900,train,50,2.16,12,12,89.71694103338194,0.8125,0.5,adaptive_blind,0.60625,0.9162755644628006,0.5748428362573101,368.0,53.0,117.0,666.0,132.0,27.0,0.0,0.0,34.0,1.0,14.0,31.0,24.0,0.0,0.0,0.0,0.0,0.0,14.0,31.0,0.0,0.0,0.0,0.0
A_f0.7_blind__lamarckian__s23,A_f0.7_blind__lamarckian,A_f0.7_blind,A,lamarckian,23,950,train,50,2.26,10,10,54.99970933003854,0.9583333333333334,0.5,adaptive_blind,0.59375,0.829328896041533,0.5775524282560707,338.0,47.0,100.0,654.0,149.0,30.0,0.0,0.0,50.0,1.0,16.0,24.0,33.0,1.0,0.0,0.0,0.0,0.0,16.0,24.0,0.0,0.0,0.0,0.0
A_f0.7_blind__lamarckian__s23,A_f0.7_blind__lamarckian,A_f0.7_blind,A,lamarckian,23,1000,train,50,2.4,8,8,59.649080617156955,0.875,0.5,adaptive_blind,0.6125,0.8893677597620755,0.5975181912681911,429.0,70.0,77.0,454.0,76.0,14.0,0.0,0.0,54.0,1.0,14.0,21.0,23.0,2.0,0.0,0.0,0.0,0.0,14.0,21.0,0.0,0.0,0.0,0.0
A_f0.7_blind__lamarckian__s23,A_f0.7_blind__lamarckian,A_f0.7_blind,A,lamarckian,23,1050,train,50,2.62,19,19,78.37238134063057,0.8541666666666666,0.5,adaptive_blind,0.6,0.8583820165972544,0.5947162616339194,369.0,67.0,83.0,478.0,109.0,23.0,0.0,0.0,33.0,5.0,17.0,21.0,23.0,4.0,0.0,0.0,0.0,0.0,17.0,21.0,0.0,0.0,0.0,0.0
A_f0.7_blind__lamarckian__s23,A_f0.7_blind__lamarckian,A_f0.7_blind,A,lamarckian,23,1100,train,50,2.66,13,13,68.56355013169755,0.8333333333333334,0.5,adaptive_blind,0.625,0.6779362365114705,0.5389955357142859,406.0,73.0,83.0,467.0,51.0,14.0,0.0,0.0,50.0,4.0,14.0,28.0,22.0,3.0,0.0,0.0,0.0,0.0,14.0,28.0,0.0,0.0,0.0,0.0
A_f0.7_blind__lamarckian__s23,A_f0.7_blind__lamarckian,A_f0.7_blind,A,lamarckian,23,1150,train,50,2.72,13,13,75.43443124353783,0.9166666666666666,0.5,adaptive_blind,0.59375,0.879185894456411,0.5919306733828207,337.0,69.0,102.0,474.0,44.0,13.0,0.0,0.0,46.0,2.0,19.0,29.0,20.0,3.0,0.0,0.0,0.0,0.0,19.0,29.0,0.0,0.0,0.0,0.0
A_f0.7_blind__lamarckian__s23,A_f0.7_blind__lamarckian,A_f0.7_blind,A,lamarckian,23,1200,train,50,2.94,26,26,55.56328897190317,0.9791666666666666,0.5,adaptive_blind,0.6125,0.8047947321024158,0.5836118421052634,341.0,63.0,78.0,431.0,49.0,10.0,0.0,0.0,39.0,0.0,17.0,37.0,27.0,1.0,0.0,0.0,0.0,0.0,17.0,37.0,0.0,0.0,0.0,0.0
A_f0.7_blind__lamarckian__s23,A_f0.7_blind__lamarckian,A_f0.7_blind,A,lamarckian,23,1250,train,50,3.02,17,17,63.59913207090692,0.9791666666666666,0.5,adaptive_blind,0.6125,0.7446714911178336,0.5528472222222223,268.0,38.0,91.0,526.0,45.0,12.0,0.0,0.0,37.0,1.0,23.0,23.0,18.0,2.0,0.0,0.0,0.0,0.0,23.0,23.0,0.0,0.0,0.0,0.0
A_f0.7_blind__lamarckian__s23,A_f0.7_blind__lamarckian,A_f0.7_blind,A,lamarckian,23,1300,train,48,3.2083333333333335,18,20,52.20084425045673,1.0,0.5,adaptive_blind,0.65625,0.8514620386435131,0.577738686534216,323.0,53.0,72.0,386.0,103.0,21.0,0.0,0.0,58.0,5.0,17.0,19.0,26.0,2.0,0.0,0.0,0.0,0.0,17.0,19.0,0.0,0.0,0.0,0.0
A_f0.7_blind__lamarckian__s23,A_f0.7_blind__lamarckian,A_f0.7_blind,A,lamarckian,23,1350,train,46,3.391304347826087,15,17,58.11097451061487,0.9166666666666666,0.5,adaptive_blind,0.5625,0.9027086602882088,0.5915777027027025,369.0,93.0,70.0,462.0,60.0,12.0,0.0,0.0,56.0,11.0,13.0,22.0,21.0,0.0,0.0,0.0,0.0,0.0,13.0,22.0,0.0,0.0,0.0,0.0
A_f0.7_blind__lamarckian__s23,A_f0.7_blind__lamarckian,A_f0.7_blind,A,lamarckian,23,1400,train,37,3.5135135135135136,12,21,58.401135603436174,0.9166666666666666,0.5,adaptive_blind,0.5625,0.7439771993257984,0.5358604614412137,262.0,50.0,56.0,354.0,74.0,16.0,0.0,0.0,51.0,2.0,15.0,31.0,21.0,0.0,0.0,0.0,0.0,0.0,15.0,31.0,0.0,0.0,0.0,0.0
A_f0.7_blind__lamarckian__s23,A_f0.7_blind__lamarckian,A_f0.7_blind,A,lamarckian,23,1450,train,40,3.975,23,20,103.5548737518238,0.7708333333333334,0.5,adaptive_blind,0.575,0.5991067685600276,0.4603416921898926,298.0,58.0,93.0,491.0,58.0,7.0,0.0,0.0,34.0,1.0,16.0,33.0,21.0,1.0,0.0,0.0,0.0,0.0,16.0,33.0,0.0,0.0,0.0,0.0
A_f0.7_blind__lamarckian__s23,A_f0.7_blind__lamarckian,A_f0.7_blind,A,lamarckian,23,1500,train,50,4.06,13,3,86.64667243156578,0.875,0.5,adaptive_blind,0.59375,0.8333461898197818,0.5660620629370627,432.0,77.0,91.0,570.0,63.0,6.0,0.0,0.0,58.0,4.0,13.0,27.0,19.0,0.0,0.0,0.0,0.0,0.0,13.0,27.0,0.0,0.0,0.0,0.0
A_f0.7_blind__lamarckian__s23,A_f0.7_blind__lamarckian,A_f0.7_blind,A,lamarckian,23,1550,eval,50,4.1,12,12,72.86304414742389,0.9166666666666666,0.5,adaptive_blind,0.495,0.0,0.0,386.0,79.0,90.0,488.0,101.0,17.0,19.0,72.0,50.0,3.0,22.0,22.0,23.0,1.0,2.0,4.0,0.0,0.0,22.0,22.0,0.0,0.0,2.0,4.0
A_f0.7_blind__lamarckian__s23,A_f0.7_blind__lamarckian,A_f0.7_blind,A,lamarckian,23,1600,eval,50,4.06,17,17,82.5848813225015,0.8958333333333334,0.5,adaptive_blind,0.505,0.0,0.0,369.0,56.0,108.0,671.0,66.0,12.0,13.0,57.0,49.0,5.0,15.0,23.0,13.0,0.0,5.0,2.0,0.0,0.0,15.0,23.0,0.0,0.0,5.0,2.0
A_f0.7_blind__lamarckian__s23,A_f0.7_blind__lamarckian,A_f0.7_blind,A,lamarckian,23,1650,eval,50,4.04,8,8,173.7028623317119,0.375,0.5,adaptive_blind,0.505,0.0,0.0,564.0,97.0,131.0,821.0,62.0,10.0,7.0,42.0,34.0,7.0,7.0,23.0,3.0,0.0,1.0,3.0,0.0,0.0,7.0,23.0,0.0,0.0,1.0,3.0
A_f0.7_blind__lamarckian__s23,A_f0.7_blind__lamarckian,A_f0.7_blind,A,lamarckian,23,1700,eval,50,4.14,9,9,142.8021733359296,0.5208333333333334,0.5,adaptive_blind,0.485,0.0,0.0,843.0,147.0,125.0,688.0,103.0,20.0,17.0,83.0,45.0,8.0,8.0,25.0,3.0,1.0,1.0,4.0,0.0,0.0,8.0,25.0,0.0,0.0,1.0,4.0
A_f0.7_blind__lamarckian__s23,A_f0.7_blind__lamarckian,A_f0.7_blind,A,lamarckian,23,1750,eval,50,4.2,5,5,126.48358757837337,0.6666666666666666,0.5,adaptive_blind,0.525,0.0,0.0,719.0,132.0,113.0,661.0,134.0,27.0,41.0,172.0,38.0,5.0,8.0,21.0,9.0,2.0,6.0,6.0,0.0,0.0,8.0,21.0,0.0,0.0,6.0,6.0
A_f0.7_blind__lamarckian__s23,A_f0.7_blind__lamarckian,A_f0.7_blind,A,lamarckian,23,1800,eval,50,4.24,3,3,142.95434137013672,0.5833333333333334,0.5,adaptive_blind,0.515,0.0,0.0,874.0,159.0,119.0,594.0,140.0,18.0,21.0,181.0,45.0,4.0,11.0,20.0,9.0,1.0,1.0,6.0,0.0,0.0,11.0,20.0,0.0,0.0,1.0,6.0
A_f0.7_blind__lamarckian__s24,A_f0.7_blind__lamarckian,A_f0.7_blind,A,lamarckian,24,50,train,50,0.74,31,1,114.30877166680867,0.75,0.5,adaptive_blind,0.525,0.47862466491055583,0.37175751879699237,165.0,29.0,49.0,250.0,153.0,26.0,0.0,0.0,28.0,7.0,10.0,26.0,20.0,6.0,0.0,0.0,0.0,0.0,10.0,26.0,0.0,0.0,0.0,0.0
A_f0.7_blind__lamarckian__s24,A_f0.7_blind__lamarckian,A_f0.7_blind,A,lamarckian,24,100,train,50,0.78,12,12,96.72393617604058,0.8125,0.5,adaptive_blind,0.54375,0.9554580891263875,0.6014583333333334,360.0,78.0,80.0,447.0,52.0,17.0,0.0,0.0,32.0,4.0,10.0,34.0,13.0,5.0,0.0,0.0,0.0,0.0,10.0,34.0,0.0,0.0,0.0,0.0
A_f0.7_blind__lamarckian__s24,A_f0.7_blind__lamarckian,A_f0.7_blind,A,lamarckian,24,150,train,50,0.76,9,9,94.19093055482756,0.8125,0.5,adaptive_blind,0.59375,0.9266048624842993,0.6148315429687499,370.0,66.0,158.0,667.0,90.0,17.0,0.0,0.0,37.0,4.0,17.0,27.0,24.0,5.0,0.0,0.0,0.0,0.0,17.0,27.0,0.0,0.0,0.0,0.0
A_f0.7_blind__lamarckian__s24,A_f0.7_blind__lamarckian,A_f0.7_blind,A,lamarckian,24,200,train,50,0.8,12,12,105.07505164177202,0.8333333333333334,0.5,adaptive_blind,0.6125,0.9198167401982851,0.6011799792531121,362.0,61.0,106.0,624.0,96.0,17.0,0.0,0.0,30.0,5.0,18.0,30.0,22.0,3.0,0.0,0.0,0.0,0.0,18.0,30.0,0.0,0.0,0.0,0.0
A_f0.7_blind__lamarckian__s24,A_f0.7_blind__lamarckian,A_f0.7_blind,A,lamarckian,24,250,train,50,0.8,12,12,99.35413046782074,0.7708333333333334,0.5,adaptive_blind,0.63125,0.8706427206729486,0.6169184981684981,406.0,57.0,142.0,713.0,118.0,15.0,0.0,0.0,39.0,1.0,12.0,35.0,24.0,6.0,0.0,0.0,0.0,0.0,12.0,35.0,0.0,0.0,0.0,0.0
A_f0.7_blind__lamarckian__s24,A_f0.7_blind__lamarckian,A_f0.7_blind,A,lamarckian,24,300,train,50,0.8,5,5,122.70685587201928,0.5833333333333334,0.5,adaptive_blind,0.6375,0.9025786150636763,0.6151917141500476,400.0,61.0,133.0,745.0,94.0,14.0,0.0,0.0,30.0,3.0,14.0,30.0,19.0,1.0,0.0,0.0,0.0,0.0,14.0,30.0,0.0,0.0,0.0,0.0
A_f0.7_blind__lamarckian__s24,A_f0.7_blind__lamarckian,A_f0.7_blind,A,lamarckian,24,350,train,50,0.8,2,2,122.0110147078949,0.6458333333333334,0.5,adaptive_blind,0.63125,1.0017841852439897,0.6478462837837837,301.0,50.0,123.0,972.0,127.0,26.0,0.0,0.0,28.0,1.0,5.0,29.0,28.0,2.0,0.0,0.0,0.0,0.0,5.0,29.0,0.0,0.0,0.0,0.0
A_f0.7_blind__lamarckian__s24,A_f0.7_blind__lamarckian,A_f0.7_blind,A,lamarckian,24,400,train,50,0.8,2,2,122.79000950164385,0.6458333333333334,0.5,adaptive_blind,0.55,0.9998242848189428,0.6271542425695109,266.0,49.0,151.0,964.0,122.0,17.0,0.0,0.0,23.0,5.0,9.0,25.0,25.0,2.0,0.0,0.0,0.0,0.0,9.0,25.0,0.0,0.0,0.0,0.0
A_f0.7_blind__lamarckian__s24,A_f0.7_blind__lamarckian,A_f0.7_blind,A,lamarckian,24,450,train,50,0.8,2,2,114.78137187412261,0.75,0.5,adaptive_blind,0.575,0.9684419411106764,0.6267034774436093,400.0,76.0,165.0,1024.0,91.0,17.0,0.0,0.0,29.0,3.0,16.0,34.0,24.0,3.0,0.0,0.0,0.0,0.0,16.0,34.0,0.0,0.0,0.0,0.0
A_f0.7_blind__lamarckian__s24,A_f0.7_blind__lamarckian,A_f0.7_blind,A,lamarckian,24,500,train,50,1.28,14,14,184.3847071319703,0.5416666666666666,0.5,adaptive_blind,0.6,0.9786967311677162,0.6368136160714286,261.0,54.0,192.0,914.0,68.0,12.0,0.0,0.0,17.0,1.0,18.0,29.0,25.0,0.0,0.0,0.0,0.0,0.0,18.0,29.0,0.0,0.0,0.0,0.0
A_f0.7_blind__lamarckian__s24,A_f0.7_blind__lamarckian,A_f0.7_blind,A,lamarckian,24,550,train,50,1.62,18,18,78.37453784894171,0.7916666666666666,0.5,adaptive_blind,0.65625,0.8685462941774744,0.6151147959183674,358.0,45.0,125.0,702.0,124.0,19.0,0.0,0.0,40.0,4.0,14.0,31.0,35.0,2.0,0.0,0.0,0.0,0.0,14.0,31.0,0.0,0.0,0.0,0.0
A_f0.7_blind__lamarckian__s24,A_f0.7_blind__lamarckian,A_f0.7_blind,A,lamarckian,24,600,train,50,1.66,10,10,92.85037806815095,0.7708333333333334,0.5,adaptive_blind,0.56875,0.8324898067851159,0.5803012785636563,416.0,64.0,100.0,574.0,43.0,10.0,0.0,0.0,41.0,1.0,15.0,16.0,22.0,1.0,0.0,0.0,0.0,0.0,15.0,16.0,0.0,0.0,0.0,0.0
A_f0.7_blind__lamarckian__s24,A_f0.7_blind__lamarckian,A_f0.7_blind,A,lamarckian,24,650,train,50,1.68,7,7,111.57748146943287,0.6666666666666666,0.5,adaptive_blind,0.58125,1.088431948446348,0.6332848837209304,379.0,92.0,143.0,762.0,37.0,9.0,0.0,0.0,37.0,4.0,9.0,19.0,12.0,3.0,0.0,0.0,0.0,0.0,9.0,19.0,0.0,0.0,0.0,0.0
A_f0.7_blind__lamarckian__s24,A_f0.7_blind__lamarckian,A_f0.7_blind,A,lamarckian,24,700,train,50,1.76,8,8,73.12083734000015,0.8333333333333334,0.5,adaptive_blind,0.55,0.8909560002723034,0.5987124741200829,425.0,72.0,101.0,644.0,80.0,12.0,0.0,0.0,47.0,2.0,14.0,30.0,32.0,3.0,0.0,0.0,0.0,0.0,14.0,30.0,0.0,0.0,0.0,0.0
A_f0.7_blind__lamarckian__s24,A_f0.7_blind__lamarckian,A_f0.7_blind,A,lamarckian,24,750,train,50,1.82,13,13,73.35932780881737,0.8333333333333334,0.5,adaptive_blind,0.59375,0.8143550261058954,0.5777709694989104,319.0,47.0,98.0,576.0,61.0,8.0,0.0,0.0,45.0,6.0,11.0,23.0,25.0,0.0,0.0,0.0,0.0,0.0,11.0,23.0,0.0,0.0,0.0,0.0
A_f0.7_blind__lamarckian__s24,A_f0.7_blind__lamarckian,A_f0.7_blind,A,lamarckian,24,800,train,50,1.94,19,19,65.12609314704758,0.8958333333333334,0.5,adaptive_blind,0.5375,0.8954458717256931,0.598776609553479,352.0,69.0,96.0,559.0,123.0,17.0,0.0,0.0,54.0,3.0,10.0,32.0,24.0,2.0,0.0,0.0,0.0,0.0,10.0,32.0,0.0,0.0,0.0,0.0
A_f0.7_blind__lamarckian__s24,A_f0.7_blind__lamarckian,A_f0.7_blind,A,lamarckian,24,850,train,50,2.0,14,14,76.6905386897076,0.875,0.5,adaptive_blind,0.6125,0.7569368684382218,0.5637646321070233,352.0,55.0,85.0,479.0,91.0,17.0,0.0,0.0,45.0,3.0,9.0,25.0,22.0,4.0,0.0,0.0,0.0,0.0,9.0,25.0,0.0,0.0,0.0,0.0
A_f0.7_blind__lamarckian__s24,A_f0.7_blind__lamarckian,A_f0.7_blind,A,lamarckian,24,900,train,50,2.1,11,11,54.2507071611931,0.9375,0.5,adaptive_blind,0.65,0.7469401807234602,0.5507268299881936,348.0,69.0,65.0,442.0,118.0,22.0,0.0,0.0,46.0,5.0,12.0,25.0,32.0,1.0,0.0,0.0,0.0,0.0,12.0,25.0,0.0,0.0,0.0,0.0
A_f0.7_blind__lamarckian__s24,A_f0.7_blind__lamarckian,A_f0.7_blind,A,lamarckian,24,950,train,50,2.28,19,19,65.11765069614792,0.9583333333333334,0.5,adaptive_blind,0.5625,0.949890548969816,0.603000654450262,218.0,45.0,105.0,495.0,87.0,16.0,0.0,0.0,37.0,1.0,26.0,15.0,22.0,6.0,0.0,0.0,0.0,0.0,26.0,15.0,0.0,0.0,0.0,0.0
A_f0.7_blind__lamarckian__s24,A_f0.7_blind__lamarckian,A_f0.7_blind,A,lamarckian,24,1000,train,47,2.5531914893617023,17,20,95.50293377103381,0.7291666666666666,0.5,adaptive_blind,0.6125,0.8542167714199798,0.5901767151767152,218.0,40.0,93.0,554.0,83.0,20.0,0.0,0.0,36.0,1.0,20.0,26.0,25.0,4.0,0.0,0.0,0.0,0.0,20.0,26.0,0.0,0.0,0.0,0.0
A_f0.7_blind__lamarckian__s24,A_f0.7_blind__lamarckian,A_f0.7_blind,A,lamarckian,24,1050,train,50,2.76,23,20,62.46938782627994,0.9166666666666666,0.5,adaptive_blind,0.64375,0.8929622344201755,0.6015767766497462,375.0,60.0,91.0,487.0,50.0,5.0,0.0,0.0,54.0,2.0,18.0,20.0,27.0,0.0,0.0,0.0,0.0,0.0,18.0,20.0,0.0,0.0,0.0,0.0
A_f0.7_blind__lamarckian__s24,A_f0.7_blind__lamarckian,A_f0.7_blind,A,lamarckian,24,1100,train,50,2.88,15,15,82.47939496044148,0.7916666666666666,0.5,adaptive_blind,0.6,0.8471315910090296,0.5881037685774946,315.0,51.0,84.0,464.0,97.0,20.0,0.0,0.0,38.0,1.0,11.0,21.0,25.0,1.0,0.0,0.0,0.0,0.0,11.0,21.0,0.0,0.0,0.0,0.0
A_f0.7_blind__lamarckian__s24,A_f0.7_blind__lamarckian,A_f0.7_blind,A,lamarckian,24,1150,train,50,2.94,12,12,67.8334142089833,0.875,0.5,adaptive_blind,0.60625,0.7656085558686161,0.5503364234449761,455.0,94.0,91.0,542.0,48.0,7.0,0.0,0.0,51.0,6.0,15.0,17.0,23.0,1.0,0.0,0.0,0.0,0.0,15.0,17.0,0.0,0.0,0.0,0.0
A_f0.7_blind__lamarckian__s24,A_f0.7_blind__lamarckian,A_f0.7_blind,A,lamarckian,24,1200,train,50,3.16,21,21,61.875559358648076,0.875,0.5,adaptive_blind,0.5875,0.9162877202072041,0.6084518463073851,296.0,67.0,98.0,574.0,54.0,10.0,0.0,0.0,36.0,5.0,19.0,31.0,22.0,4.0,0.0,0.0,0.0,0.0,19.0,31.0,0.0,0.0,0.0,0.0
A_f0.7_blind__lamarckian__s24,A_f0.7_blind__lamarckian,A_f0.7_blind,A,lamarckian,24,1250,train,50,3.22,15,15,59.88597644907232,0.8958333333333334,0.5,adaptive_blind,0.6,0.7832124922369478,0.5459953703703702,297.0,61.0,86.0,498.0,180.0,28.0,0.0,0.0,47.0,4.0,10.0,26.0,25.0,3.0,0.0,0.0,0.0,0.0,10.0,26.0,0.0,0.0,0.0,0.0
A_f0.7_blind__lamarckian__s24,A_f0.7_blind__lamarckian,A_f0.7_blind,A,lamarckian,24,1300,train,50,3.36,16,16,35.67188067304937,0.9791666666666666,0.5,adaptive_blind,0.56875,0.8291994158734756,0.5636517018779343,202.0,26.0,71.0,453.0,136.0,21.0,0.0,0.0,44.0,1.0,16.0,34.0,28.0,2.0,0.0,0.0,0.0,0.0,16.0,34.0,0.0,0.0,0.0,0.0
A_f0.7_blind__lamarckian__s24,A_f0.7_blind__lamarckian,A_f0.7_blind,A,lamarckian,24,1350,train,45,3.422222222222222,13,18,95.644831536949,0.8125,0.5,adaptive_blind,0.6125,0.8462198785228534,0.5831154684095858,243.0,41.0,72.0,402.0,79.0,13.0,0.0,0.0,41.0,2.0,13.0,20.0,24.0,1.0,0.0,0.0,0.0,0.0,13.0,20.0,0.0,0.0,0.0,0.0
A_f0.7_blind__lamarckian__s24,A_f0.7_blind__lamarckian,A_f0.7_blind,A,lamarckian,24,1400,train,43,3.5348837209302326,10,12,66.76472630514667,0.9166666666666666,0.5,adaptive_blind,0.575,0.8324734319680028,0.5744832677165352,278.0,55.0,104.0,570.0,94.0,15.0,0.0,0.0,47.0,1.0,23.0,24.0,33.0,3.0,0.0,0.0,0.0,0.0,23.0,24.0,0.0,0.0,0.0,0.0
A_f0.7_blind__lamarckian__s24,A_f0.7_blind__lamarckian,A_f0.7_blind,A,lamarckian,24,1450,train,38,3.710526315789474,11,16,67.93655759092037,0.875,0.5,adaptive_blind,0.6625,0.745441391673002,0.5711931818181815,254.0,42.0,92.0,520.0,55.0,12.0,0.0,0.0,38.0,1.0,22.0,28.0,25.0,2.0,0.0,0.0,0.0,0.0,22.0,28.0,0.0,0.0,0.0,0.0
A_f0.7_blind__lamarckian__s24,A_f0.7_blind__lamarckian,A_f0.7_blind,A,lamarckian,24,1500,train,50,3.96,24,12,73.59940769708534,0.8125,0.5,adaptive_blind,0.5875,0.8660968554646763,0.5875603540772529,285.0,46.0,130.0,736.0,53.0,7.0,0.0,0.0,32.0,1.0,20.0,30.0,28.0,1.0,0.0,0.0,0.0,0.0,20.0,30.0,0.0,0.0,0.0,0.0
A_f0.7_blind__lamarckian__s24,A_f0.7_blind__lamarckian,A_f0.7_blind,A,lamarckian,24,1550,eval,50,4.16,16,16,97.09110120731361,0.7916666666666666,0.5,adaptive_blind,0.515,0.0,0.0,515.0,107.0,99.0,630.0,48.0,5.0,7.0,73.0,46.0,3.0,13.0,25.0,10.0,0.0,3.0,9.0,0.0,0.0,13.0,25.0,0.0,0.0,3.0,9.0
A_f0.7_blind__lamarckian__s24,A_f0.7_blind__lamarckian,A_f0.7_blind,A,lamarckian,24,1600,eval,50,4.56,25,25,65.82612369218126,0.8333333333333334,0.5,adaptive_blind,0.475,0.0,0.0,424.0,88.0,106.0,548.0,40.0,8.0,15.0,92.0,49.0,5.0,19.0,24.0,11.0,1.0,7.0,11.0,0.0,0.0,19.0,24.0,0.0,0.0,7.0,11.0
A_f0.7_blind__lamarckian__s24,A_f0.7_blind__lamarckian,A_f0.7_blind,A,lamarckian,24,1650,eval,50,4.68,13,13,79.47816520648645,0.8125,0.5,adaptive_blind,0.545,0.0,0.0,469.0,90.0,86.0,495.0,41.0,15.0,14.0,105.0,45.0,3.0,9.0,17.0,18.0,1.0,5.0,3.0,0.0,0.0,9.0,17.0,0.0,0.0,5.0,3.0
A_f0.7_blind__lamarckian__s24,A_f0.7_blind__lamarckian,A_f0.7_blind,A,lamarckian,24,1700,eval,50,4.68,9,9,97.98771110044528,0.8125,0.5,adaptive_blind,0.5,0.0,0.0,551.0,91.0,127.0,672.0,52.0,13.0,5.0,35.0,39.0,4.0,14.0,26.0,17.0,1.0,3.0,1.0,0.0,0.0,14.0,26.0,0.0,0.0,3.0,1.0
A_f0.7_blind__lamarckian__s24,A_f0.7_blind__lamarckian,A_f0.7_blind,A,lamarckian,24,1750,eval,50,4.7,12,12,106.89592348064377,0.7916666666666666,0.5,adaptive_blind,0.56,0.0,0.0,605.0,108.0,129.0,647.0,39.0,9.0,24.0,86.0,43.0,7.0,8.0,18.0,12.0,1.0,7.0,3.0,0.0,0.0,8.0,18.0,0.0,0.0,7.0,3.0
A_f0.7_blind__lamarckian__s24,A_f0.7_blind__lamarckian,A_f0.7_blind,A,lamarckian,24,1800,eval,50,4.7,7,7,111.4531806650077,0.7916666666666666,0.5,adaptive_blind,0.51,0.0,0.0,496.0,83.0,99.0,624.0,84.0,17.0,16.0,149.0,42.0,3.0,17.0,14.0,13.0,1.0,7.0,7.0,0.0,0.0,17.0,14.0,0.0,0.0,7.0,7.0
A_f0.7_blind__lamarckian__s25,A_f0.7_blind__lamarckian,A_f0.7_blind,A,lamarckian,25,50,train,50,0.84,34,4,70.44634133710235,0.8541666666666666,0.5,adaptive_blind,0.525,0.6361538020217193,0.4097850177304967,213.0,37.0,43.0,279.0,63.0,12.0,0.0,0.0,41.0,7.0,7.0,33.0,34.0,4.0,0.0,0.0,0.0,0.0,7.0,33.0,0.0,0.0,0.0,0.0
A_f0.7_blind__lamarckian__s25,A_f0.7_blind__lamarckian,A_f0.7_blind,A,lamarckian,25,100,train,49,0.9591836734693877,16,17,56.76029347194212,0.9166666666666666,0.5,adaptive_blind,0.5875,0.9290569251146432,0.5885370421753606,188.0,27.0,85.0,407.0,111.0,22.0,0.0,0.0,32.0,4.0,14.0,34.0,26.0,9.0,0.0,0.0,0.0,0.0,14.0,34.0,0.0,0.0,0.0,0.0
A_f0.7_blind__lamarckian__s25,A_f0.7_blind__lamarckian,A_f0.7_blind,A,lamarckian,25,150,train,49,1.0612244897959184,13,13,81.83436523078596,0.875,0.5,adaptive_blind,0.6125,0.8240854704791964,0.5710715301478952,368.0,52.0,70.0,433.0,64.0,13.0,0.0,0.0,27.0,5.0,10.0,22.0,32.0,3.0,0.0,0.0,0.0,0.0,10.0,22.0,0.0,0.0,0.0,0.0
A_f0.7_blind__lamarckian__s25,A_f0.7_blind__lamarckian,A_f0.7_blind,A,lamarckian,25,200,train,50,1.18,11,10,71.6110925010388,0.9166666666666666,0.5,adaptive_blind,0.61875,0.7667061619149746,0.5705284276387379,294.0,53.0,75.0,472.0,98.0,22.0,0.0,0.0,40.0,3.0,7.0,28.0,33.0,5.0,0.0,0.0,0.0,0.0,7.0,28.0,0.0,0.0,0.0,0.0
A_f0.7_blind__lamarckian__s25,A_f0.7_blind__lamarckian,A_f0.7_blind,A,lamarckian,25,250,train,50,1.18,16,16,72.34923211286653,0.8958333333333334,0.5,adaptive_blind,0.61875,0.792976532418781,0.5743218375136314,324.0,59.0,101.0,575.0,64.0,6.0,0.0,0.0,47.0,3.0,8.0,34.0,29.0,1.0,0.0,0.0,0.0,0.0,8.0,34.0,0.0,0.0,0.0,0.0
A_f0.7_blind__lamarckian__s25,A_f0.7_blind__lamarckian,A_f0.7_blind,A,lamarckian,25,300,train,50,1.34,19,19,96.0106975158559,0.8125,0.5,adaptive_blind,0.6,0.8712228053654212,0.5865126221498373,289.0,42.0,93.0,450.0,36.0,5.0,0.0,0.0,41.0,4.0,15.0,26.0,28.0,3.0,0.0,0.0,0.0,0.0,15.0,26.0,0.0,0.0,0.0,0.0
A_f0.7_blind__lamarckian__s25,A_f0.7_blind__lamarckian,A_f0.7_blind,A,lamarckian,25,350,train,50,1.38,15,15,87.7381265437001,0.7916666666666666,0.5,adaptive_blind,0.61875,0.8804231889625447,0.5829576880530973,293.0,51.0,77.0,478.0,69.0,14.0,0.0,0.0,40.0,1.0,9.0,18.0,36.0,2.0,0.0,0.0,0.0,0.0,9.0,18.0,0.0,0.0,0.0,0.0
A_f0.7_blind__lamarckian__s25,A_f0.7_blind__lamarckian,A_f0.7_blind,A,lamarckian,25,400,train,50,1.46,12,12,100.82479689671457,0.8125,0.5,adaptive_blind,0.6375,0.90173733053228,0.601838991769547,400.0,76.0,81.0,429.0,138.0,24.0,0.0,0.0,45.0,4.0,14.0,21.0,34.0,0.0,0.0,0.0,0.0,0.0,14.0,21.0,0.0,0.0,0.0,0.0
A_f0.7_blind__lamarckian__s25,A_f0.7_blind__lamarckian,A_f0.7_blind,A,lamarckian,25,450,train,50,1.46,9,9,85.0758042519218,0.8125,0.5,adaptive_blind,0.56875,0.9037745831382213,0.5932280513918631,298.0,57.0,100.0,577.0,174.0,28.0,0.0,0.0,35.0,3.0,17.0,27.0,28.0,0.0,0.0,0.0,0.0,0.0,17.0,27.0,0.0,0.0,0.0,0.0
A_f0.7_blind__lamarckian__s25,A_f0.7_blind__lamarckian,A_f0.7_blind,A,lamarckian,25,500,train,50,1.76,18,18,68.98559298871228,0.875,0.5,adaptive_blind,0.65625,0.7903982221624667,0.574823369565217,224.0,37.0,86.0,498.0,103.0,19.0,0.0,0.0,37.0,0.0,19.0,15.0,39.0,2.0,0.0,0.0,0.0,0.0,19.0,15.0,0.0,0.0,0.0,0.0
A_f0.7_blind__lamarckian__s25,A_f0.7_blind__lamarckian,A_f0.7_blind,A,lamarckian,25,550,train,50,2.06,15,15,51.88072883956909,0.9375,0.5,adaptive_blind,0.625,0.8565938370875521,0.5696878621089221,226.0,40.0,80.0,438.0,54.0,17.0,0.0,0.0,53.0,0.0,18.0,23.0,25.0,3.0,0.0,0.0,0.0,0.0,18.0,23.0,0.0,0.0,0.0,0.0
A_f0.7_blind__lamarckian__s25,A_f0.7_blind__lamarckian,A_f0.7_blind,A,lamarckian,25,600,train,50,2.24,18,18,68.96219938411902,0.875,0.5,adaptive_blind,0.6,0.8461499595132302,0.5871343085106382,209.0,30.0,85.0,395.0,62.0,14.0,0.0,0.0,43.0,0.0,21.0,9.0,24.0,3.0,0.0,0.0,0.0,0.0,21.0,9.0,0.0,0.0,0.0,0.0
A_f0.7_blind__lamarckian__s25,A_f0.7_blind__lamarckian,A_f0.7_blind,A,lamarckian,25,650,train,50,2.52,17,17,47.649264173110524,0.9583333333333334,0.5,adaptive_blind,0.625,0.8502611631060606,0.5910364420062697,319.0,48.0,86.0,557.0,88.0,13.0,0.0,0.0,52.0,3.0,14.0,26.0,37.0,3.0,0.0,0.0,0.0,0.0,14.0,26.0,0.0,0.0,0.0,0.0
A_f0.7_blind__lamarckian__s25,A_f0.7_blind__lamarckian,A_f0.7_blind,A,lamarckian,25,700,train,45,2.533333333333333,7,12,64.69752233484407,0.8958333333333334,0.5,adaptive_blind,0.6125,0.7593272089833984,0.5629353057757647,285.0,51.0,58.0,290.0,64.0,8.0,0.0,0.0,53.0,0.0,11.0,15.0,28.0,0.0,0.0,0.0,0.0,0.0,11.0,15.0,0.0,0.0,0.0,0.0
A_f0.7_blind__lamarckian__s25,A_f0.7_blind__lamarckian,A_f0.7_blind,A,lamarckian,25,750,train,40,2.75,15,20,66.37973414262726,0.8958333333333334,0.5,adaptive_blind,0.5625,0.7716575643656106,0.5396385732323232,277.0,43.0,91.0,447.0,40.0,11.0,0.0,0.0,48.0,3.0,16.0,20.0,28.0,1.0,0.0,0.0,0.0,0.0,16.0,20.0,0.0,0.0,0.0,0.0
A_f0.7_blind__lamarckian__s25,A_f0.7_blind__lamarckian,A_f0.7_blind,A,lamarckian,25,800,train,43,2.9302325581395348,17,14,68.40507580161122,0.9375,0.5,adaptive_blind,0.525,0.6621331524357896,0.47711603139013437,197.0,35.0,83.0,430.0,36.0,5.0,0.0,0.0,40.0,2.0,18.0,18.0,30.0,0.0,0.0,0.0,0.0,0.0,18.0,18.0,0.0,0.0,0.0,0.0
A_f0.7_blind__lamarckian__s25,A_f0.7_blind__lamarckian,A_f0.7_blind,A,lamarckian,25,850,train,46,3.1956521739130435,15,12,67.45099094288764,0.875,0.5,adaptive_blind,0.6375,0.7374460307748726,0.543962378640777,168.0,28.0,88.0,438.0,54.0,9.0,0.0,0.0,49.0,1.0,11.0,27.0,32.0,2.0,0.0,0.0,0.0,0.0,11.0,27.0,0.0,0.0,0.0,0.0
A_f0.7_blind__lamarckian__s25,A_f0.7_blind__lamarckian,A_f0.7_blind,A,lamarckian,25,900,train,48,3.4166666666666665,13,11,90.538509840879,0.8125,0.5,adaptive_blind,0.60625,0.7770481339767776,0.5719088203463207,190.0,26.0,86.0,536.0,82.0,14.0,0.0,0.0,31.0,0.0,15.0,23.0,42.0,3.0,0.0,0.0,0.0,0.0,15.0,23.0,0.0,0.0,0.0,0.0
A_f0.7_blind__lamarckian__s25,A_f0.7_blind__lamarckian,A_f0.7_blind,A,lamarckian,25,950,train,50,3.52,17,15,70.96194942458732,0.8958333333333334,0.5,adaptive_blind,0.59375,0.7675692809070978,0.5806958762886598,338.0,43.0,84.0,473.0,57.0,10.0,0.0,0.0,46.0,2.0,19.0,24.0,33.0,1.0,0.0,0.0,0.0,0.0,19.0,24.0,0.0,0.0,0.0,0.0
A_f0.7_blind__lamarckian__s25,A_f0.7_blind__lamarckian,A_f0.7_blind,A,lamarckian,25,1000,train,45,3.688888888888889,12,17,66.18883837419358,0.9166666666666666,0.5,adaptive_blind,0.6125,0.8427182139660544,0.583667071197411,362.0,65.0,68.0,403.0,67.0,12.0,0.0,0.0,48.0,1.0,19.0,22.0,28.0,2.0,0.0,0.0,0.0,0.0,19.0,22.0,0.0,0.0,0.0,0.0
A_f0.7_blind__lamarckian__s25,A_f0.7_blind__lamarckian,A_f0.7_blind,A,lamarckian,25,1050,train,50,3.86,17,12,73.85263286659819,0.8541666666666666,0.5,adaptive_blind,0.6,0.7385292553946781,0.5542040845886442,329.0,54.0,80.0,438.0,65.0,17.0,0.0,0.0,49.0,1.0,15.0,16.0,31.0,2.0,0.0,0.0,0.0,0.0,15.0,16.0,0.0,0.0,0.0,0.0
A_f0.7_blind__lamarckian__s25,A_f0.7_blind__lamarckian,A_f0.7_blind,A,lamarckian,25,1100,train,47,3.893617021276596,10,13,58.481899781619106,0.9583333333333334,0.5,adaptive_blind,0.56875,0.8039136201512178,0.5658312002275314,353.0,57.0,89.0,540.0,54.0,8.0,0.0,0.0,45.0,5.0,19.0,21.0,29.0,0.0,0.0,0.0,0.0,0.0,19.0,21.0,0.0,0.0,0.0,0.0
A_f0.7_blind__lamarckian__s25,A_f0.7_blind__lamarckian,A_f0.7_blind,A,lamarckian,25,1150,train,42,4.238095238095238,9,14,81.45042415769555,0.875,0.5,adaptive_blind,0.625,0.8281518972614978,0.5751079988851728,257.0,43.0,65.0,494.0,75.0,10.0,0.0,0.0,47.0,2.0,16.0,17.0,33.0,0.0,0.0,0.0,0.0,0.0,16.0,17.0,0.0,0.0,0.0,0.0
A_f0.7_blind__lamarckian__s25,A_f0.7_blind__lamarckian,A_f0.7_blind,A,lamarckian,25,1200,train,50,4.38,21,13,74.34146688836532,0.875,0.5,adaptive_blind,0.58125,0.7742781543661881,0.5670527715565508,251.0,27.0,103.0,463.0,90.0,14.0,0.0,0.0,37.0,3.0,16.0,24.0,37.0,0.0,0.0,0.0,0.0,0.0,16.0,24.0,0.0,0.0,0.0,0.0
A_f0.7_blind__lamarckian__s25,A_f0.7_blind__lamarckian,A_f0.7_blind,A,lamarckian,25,1250,train,42,4.642857142857143,10,18,48.3086321994365,0.9583333333333334,0.5,adaptive_blind,0.6,0.7176561709412446,0.5637263513513513,327.0,57.0,51.0,376.0,57.0,12.0,0.0,0.0,61.0,1.0,8.0,19.0,32.0,0.0,0.0,0.0,0.0,0.0,8.0,19.0,0.0,0.0,0.0,0.0
A_f0.7_blind__lamarckian__s25,A_f0.7_blind__lamarckian,A_f0.7_blind,A,lamarckian,25,1300,train,44,4.7272727272727275,14,12,60.434022100357126,0.9375,0.5,adaptive_blind,0.6375,0.7370146089639545,0.5518881733021077,223.0,39.0,44.0,336.0,65.0,9.0,0.0,0.0,51.0,3.0,14.0,13.0,35.0,2.0,0.0,0.0,0.0,0.0,14.0,13.0,0.0,0.0,0.0,0.0
A_f0.7_blind__lamarckian__s25,A_f0.7_blind__lamarckian,A_f0.7_blind,A,lamarckian,25,1350,train,45,4.733333333333333,16,15,69.52113565696382,0.8958333333333334,0.5,adaptive_blind,0.625,0.7259962048877913,0.5478354190919674,260.0,42.0,73.0,437.0,62.0,11.0,0.0,0.0,47.0,4.0,15.0,17.0,34.0,0.0,0.0,0.0,0.0,0.0,15.0,17.0,0.0,0.0,0.0,0.0
A_f0.7_blind__lamarckian__s25,A_f0.7_blind__lamarckian,A_f0.7_blind,A,lamarckian,25,1400,train,50,4.96,14,9,36.96046025011476,0.9791666666666666,0.5,adaptive_blind,0.6125,0.793730450978366,0.5617861305361302,321.0,41.0,65.0,419.0,67.0,15.0,0.0,0.0,56.0,4.0,9.0,30.0,37.0,3.0,0.0,0.0,0.0,0.0,9.0,30.0,0.0,0.0,0.0,0.0
A_f0.7_blind__lamarckian__s25,A_f0.7_blind__lamarckian,A_f0.7_blind,A,lamarckian,25,1450,train,36,5.138888888888889,5,19,53.230404670760144,0.9583333333333334,0.5,adaptive_blind,0.625,0.8240965678879071,0.58530753968254,192.0,34.0,58.0,326.0,47.0,11.0,0.0,0.0,33.0,2.0,21.0,26.0,27.0,4.0,0.0,0.0,0.0,0.0,21.0,26.0,0.0,0.0,0.0,0.0
A_f0.7_blind__lamarckian__s25,A_f0.7_blind__lamarckian,A_f0.7_blind,A,lamarckian,25,1500,train,40,5.225,12,8,79.59832240730495,0.8541666666666666,0.5,adaptive_blind,0.54375,0.6080175310591818,0.44869916267942567,224.0,39.0,54.0,320.0,87.0,19.0,0.0,0.0,49.0,1.0,14.0,14.0,38.0,1.0,0.0,0.0,0.0,0.0,14.0,14.0,0.0,0.0,0.0,0.0
A_f0.7_blind__lamarckian__s25,A_f0.7_blind__lamarckian,A_f0.7_blind,A,lamarckian,25,1550,eval,45,5.311111111111111,15,10,109.28998260346364,0.75,0.5,adaptive_blind,0.555,0.0,0.0,317.0,66.0,75.0,432.0,54.0,7.0,7.0,57.0,46.0,3.0,15.0,23.0,22.0,0.0,4.0,5.0,0.0,0.0,15.0,23.0,0.0,0.0,4.0,5.0
A_f0.7_blind__lamarckian__s25,A_f0.7_blind__lamarckian,A_f0.7_blind,A,lamarckian,25,1600,eval,41,5.780487804878049,10,14,73.30065121424367,0.8333333333333334,0.5,adaptive_blind,0.52,0.0,0.0,378.0,66.0,69.0,369.0,60.0,9.0,19.0,72.0,52.0,2.0,15.0,19.0,30.0,1.0,8.0,6.0,0.0,0.0,15.0,19.0,0.0,0.0,8.0,6.0
A_f0.7_blind__lamarckian__s25,A_f0.7_blind__lamarckian,A_f0.7_blind,A,lamarckian,25,1650,eval,41,5.951219512195122,11,11,65.42463490048954,0.8958333333333334,0.5,adaptive_blind,0.515,0.0,0.0,414.0,63.0,75.0,424.0,29.0,5.0,16.0,77.0,57.0,2.0,15.0,16.0,15.0,1.0,7.0,4.0,0.0,0.0,15.0,16.0,0.0,0.0,7.0,4.0
A_f0.7_blind__lamarckian__s25,A_f0.7_blind__lamarckian,A_f0.7_blind,A,lamarckian,25,1700,eval,45,5.777777777777778,17,13,94.56167056520704,0.8958333333333334,0.5,adaptive_blind,0.48,0.0,0.0,442.0,60.0,56.0,300.0,80.0,18.0,15.0,105.0,47.0,1.0,9.0,17.0,17.0,4.0,5.0,7.0,0.0,0.0,9.0,17.0,0.0,0.0,5.0,7.0
A_f0.7_blind__lamarckian__s25,A_f0.7_blind__lamarckian,A_f0.7_blind,A,lamarckian,25,1750,eval,42,6.166666666666667,12,15,78.35224331368975,0.9166666666666666,0.5,adaptive_blind,0.435,0.0,0.0,413.0,74.0,63.0,383.0,18.0,6.0,29.0,142.0,58.0,6.0,13.0,19.0,12.0,0.0,16.0,7.0,0.0,0.0,13.0,19.0,0.0,0.0,16.0,7.0
A_f0.7_blind__lamarckian__s25,A_f0.7_blind__lamarckian,A_f0.7_blind,A,lamarckian,25,1800,eval,50,6.24,20,12,69.81884846146247,0.9166666666666666,0.5,adaptive_blind,0.57,0.0,0.0,447.0,59.0,85.0,440.0,75.0,17.0,17.0,83.0,54.0,3.0,13.0,16.0,23.0,1.0,8.0,4.0,0.0,0.0,13.0,16.0,0.0,0.0,8.0,4.0
A_f0.7_blind__lamarckian__s26,A_f0.7_blind__lamarckian,A_f0.7_blind,A,lamarckian,26,50,train,50,0.74,34,4,63.14292429972913,0.8958333333333334,0.5,adaptive_blind,0.5375,0.7156440923169896,0.47567851681957185,176.0,29.0,42.0,261.0,87.0,23.0,0.0,0.0,42.0,9.0,7.0,42.0,18.0,2.0,0.0,0.0,0.0,0.0,7.0,42.0,0.0,0.0,0.0,0.0
A_f0.7_blind__lamarckian__s26,A_f0.7_blind__lamarckian,A_f0.7_blind,A,lamarckian,26,100,train,49,0.9795918367346939,12,13,123.45907820101453,0.7916666666666666,0.5,adaptive_blind,0.65,0.8165366794516936,0.5756925303197356,170.0,41.0,46.0,314.0,48.0,6.0,0.0,0.0,35.0,6.0,7.0,27.0,14.0,1.0,0.0,0.0,0.0,0.0,7.0,27.0,0.0,0.0,0.0,0.0
A_f0.7_blind__lamarckian__s26,A_f0.7_blind__lamarckian,A_f0.7_blind,A,lamarckian,26,150,train,50,1.02,13,12,118.87050810192669,0.7916666666666666,0.5,adaptive_blind,0.575,0.9926900048942329,0.620337203557312,312.0,35.0,82.0,443.0,46.0,10.0,0.0,0.0,46.0,3.0,13.0,31.0,12.0,5.0,0.0,0.0,0.0,0.0,13.0,31.0,0.0,0.0,0.0,0.0
A_f0.7_blind__lamarckian__s26,A_f0.7_blind__lamarckian,A_f0.7_blind,A,lamarckian,26,200,train,50,1.14,12,12,81.41543468181248,0.7708333333333334,0.5,adaptive_blind,0.6125,0.8307268645827589,0.5856223460721868,364.0,76.0,88.0,491.0,56.0,9.0,0.0,0.0,43.0,5.0,9.0,27.0,15.0,4.0,0.0,0.0,0.0,0.0,9.0,27.0,0.0,0.0,0.0,0.0
A_f0.7_blind__lamarckian__s26,A_f0.7_blind__lamarckian,A_f0.7_blind,A,lamarckian,26,250,train,50,1.04,8,8,83.76753908597331,0.7916666666666666,0.5,adaptive_blind,0.63125,0.7984971335499579,0.5779427645788335,375.0,67.0,74.0,451.0,140.0,34.0,0.0,0.0,54.0,3.0,11.0,19.0,23.0,1.0,0.0,0.0,0.0,0.0,11.0,19.0,0.0,0.0,0.0,0.0
A_f0.7_blind__lamarckian__s26,A_f0.7_blind__lamarckian,A_f0.7_blind,A,lamarckian,26,300,train,50,0.98,6,6,101.80782573821799,0.7291666666666666,0.5,adaptive_blind,0.58125,0.9520603785423937,0.6053645833333334,295.0,56.0,113.0,555.0,105.0,22.0,0.0,0.0,40.0,1.0,11.0,28.0,16.0,4.0,0.0,0.0,0.0,0.0,11.0,28.0,0.0,0.0,0.0,0.0
A_f0.7_blind__lamarckian__s26,A_f0.7_blind__lamarckian,A_f0.7_blind,A,lamarckian,26,350,train,50,0.94,12,12,152.24473545632486,0.4791666666666667,0.5,adaptive_blind,0.6125,0.84128763200554,0.5814587897042718,355.0,52.0,135.0,715.0,111.0,12.0,0.0,0.0,29.0,3.0,22.0,23.0,13.0,1.0,0.0,0.0,0.0,0.0,22.0,23.0,0.0,0.0,0.0,0.0
A_f0.7_blind__lamarckian__s26,A_f0.7_blind__lamarckian,A_f0.7_blind,A,lamarckian,26,400,train,50,0.94,3,3,104.16796187579067,0.7083333333333334,0.5,adaptive_blind,0.6125,0.9207028375898989,0.6223280669144979,380.0,62.0,144.0,884.0,80.0,12.0,0.0,0.0,36.0,4.0,17.0,30.0,12.0,3.0,0.0,0.0,0.0,0.0,17.0,30.0,0.0,0.0,0.0,0.0
A_f0.7_blind__lamarckian__s26,A_f0.7_blind__lamarckian,A_f0.7_blind,A,lamarckian,26,450,train,50,0.9,3,3,176.32984111532892,0.4583333333333333,0.5,adaptive_blind,0.6375,0.9521972844043198,0.6183148734177215,306.0,48.0,160.0,946.0,76.0,11.0,0.0,0.0,19.0,1.0,5.0,23.0,19.0,1.0,0.0,0.0,0.0,0.0,5.0,23.0,0.0,0.0,0.0,0.0
A_f0.7_blind__lamarckian__s26,A_f0.7_blind__lamarckian,A_f0.7_blind,A,lamarckian,26,500,train,50,1.26,10,10,139.20269269382197,0.5,0.5,adaptive_blind,0.575,0.9224669957351297,0.6191044423440453,496.0,86.0,167.0,890.0,66.0,13.0,0.0,0.0,40.0,1.0,8.0,23.0,18.0,1.0,0.0,0.0,0.0,0.0,8.0,23.0,0.0,0.0,0.0,0.0
A_f0.7_blind__lamarckian__s26,A_f0.7_blind__lamarckian,A_f0.7_blind,A,lamarckian,26,550,train,50,1.48,9,9,119.7211593058279,0.6875,0.5,adaptive_blind,0.56875,0.9028140053112264,0.6037052219979819,409.0,69.0,93.0,510.0,109.0,17.0,0.0,0.0,37.0,3.0,10.0,29.0,19.0,0.0,0.0,0.0,0.0,0.0,10.0,29.0,0.0,0.0,0.0,0.0
A_f0.7_blind__lamarckian__s26,A_f0.7_blind__lamarckian,A_f0.7_blind,A,lamarckian,26,600,train,50,1.58,9,9,100.90143984095495,0.7083333333333334,0.5,adaptive_blind,0.6375,0.8531260822312938,0.5916818893528184,439.0,74.0,115.0,540.0,106.0,18.0,0.0,0.0,43.0,2.0,16.0,23.0,10.0,1.0,0.0,0.0,0.0,0.0,16.0,23.0,0.0,0.0,0.0,0.0
A_f0.7_blind__lamarckian__s26,A_f0.7_blind__lamarckian,A_f0.7_blind,A,lamarckian,26,650,train,50,1.62,11,11,160.45714233470312,0.5,0.5,adaptive_blind,0.5875,0.8885658468168827,0.6116652603664414,331.0,74.0,140.0,832.0,88.0,14.0,0.0,0.0,26.0,5.0,16.0,28.0,22.0,0.0,0.0,0.0,0.0,0.0,16.0,28.0,0.0,0.0,0.0,0.0
A_f0.7_blind__lamarckian__s26,A_f0.7_blind__lamarckian,A_f0.7_blind,A,lamarckian,26,700,train,50,1.7,11,11,155.97953553755787,0.6458333333333334,0.5,adaptive_blind,0.64375,0.9483666025438701,0.6352310140474098,382.0,67.0,165.0,906.0,40.0,6.0,0.0,0.0,27.0,6.0,22.0,43.0,16.0,1.0,0.0,0.0,0.0,0.0,22.0,43.0,0.0,0.0,0.0,0.0
A_f0.7_blind__lamarckian__s26,A_f0.7_blind__lamarckian,A_f0.7_blind,A,lamarckian,26,750,train,50,1.78,9,9,111.66677314526721,0.6458333333333334,0.5,adaptive_blind,0.61875,0.9190249466638063,0.6061587361530716,396.0,67.0,152.0,895.0,67.0,12.0,0.0,0.0,35.0,1.0,11.0,23.0,20.0,5.0,0.0,0.0,0.0,0.0,11.0,23.0,0.0,0.0,0.0,0.0
A_f0.7_blind__lamarckian__s26,A_f0.7_blind__lamarckian,A_f0.7_blind,A,lamarckian,26,800,train,50,1.84,4,4,134.02465467262022,0.625,0.5,adaptive_blind,0.64375,0.938979622389113,0.6410058430717867,436.0,89.0,212.0,1090.0,71.0,13.0,0.0,0.0,25.0,5.0,14.0,24.0,14.0,1.0,0.0,0.0,0.0,0.0,14.0,24.0,0.0,0.0,0.0,0.0
A_f0.7_blind__lamarckian__s26,A_f0.7_blind__lamarckian,A_f0.7_blind,A,lamarckian,26,850,train,50,2.0,16,16,84.42666950602666,0.875,0.5,adaptive_blind,0.6625,0.958739398749773,0.6130052395209582,431.0,81.0,136.0,762.0,65.0,11.0,0.0,0.0,45.0,3.0,19.0,31.0,25.0,0.0,0.0,0.0,0.0,0.0,19.0,31.0,0.0,0.0,0.0,0.0
A_f0.7_blind__lamarckian__s26,A_f0.7_blind__lamarckian,A_f0.7_blind,A,lamarckian,26,900,train,50,2.04,6,6,127.8683312329135,0.625,0.5,adaptive_blind,0.60625,0.9283771278180251,0.6183309386973181,264.0,44.0,127.0,715.0,43.0,12.0,0.0,0.0,32.0,3.0,14.0,27.0,15.0,1.0,0.0,0.0,0.0,0.0,14.0,27.0,0.0,0.0,0.0,0.0
A_f0.7_blind__lamarckian__s26,A_f0.7_blind__lamarckian,A_f0.7_blind,A,lamarckian,26,950,train,50,2.08,11,11,109.82035284819386,0.7916666666666666,0.5,adaptive_blind,0.6375,0.9573851890297755,0.6256191314553992,351.0,62.0,102.0,810.0,82.0,14.0,0.0,0.0,38.0,4.0,15.0,31.0,27.0,0.0,0.0,0.0,0.0,0.0,15.0,31.0,0.0,0.0,0.0,0.0
A_f0.7_blind__lamarckian__s26,A_f0.7_blind__lamarckian,A_f0.7_blind,A,lamarckian,26,1000,train,50,2.42,12,12,91.73480269391439,0.75,0.5,adaptive_blind,0.60625,0.8752277759345478,0.5854076086956519,431.0,64.0,125.0,544.0,92.0,16.0,0.0,0.0,53.0,3.0,14.0,18.0,20.0,2.0,0.0,0.0,0.0,0.0,14.0,18.0,0.0,0.0,0.0,0.0
A_f0.7_blind__lamarckian__s26,A_f0.7_blind__lamarckian,A_f0.7_blind,A,lamarckian,26,1050,train,50,2.66,16,16,93.45243652572765,0.875,0.5,adaptive_blind,0.6375,0.7530308965357151,0.5830464071856285,287.0,53.0,100.0,521.0,68.0,18.0,0.0,0.0,44.0,4.0,24.0,17.0,18.0,2.0,0.0,0.0,0.0,0.0,24.0,17.0,0.0,0.0,0.0,0.0
A_f0.7_blind__lamarckian__s26,A_f0.7_blind__lamarckian,A_f0.7_blind,A,lamarckian,26,1100,train,50,2.64,8,8,93.52793912274888,0.7708333333333334,0.5,adaptive_blind,0.575,0.8793826959923887,0.5900006713211601,291.0,45.0,107.0,571.0,102.0,11.0,0.0,0.0,37.0,4.0,18.0,29.0,18.0,1.0,0.0,0.0,0.0,0.0,18.0,29.0,0.0,0.0,0.0,0.0
A_f0.7_blind__lamarckian__s26,A_f0.7_blind__lamarckian,A_f0.7_blind,A,lamarckian,26,1150,train,50,2.78,17,17,92.03330573457663,0.8125,0.5,adaptive_blind,0.6625,1.013110279152445,0.6383202770208907,242.0,37.0,120.0,744.0,152.0,16.0,0.0,0.0,32.0,2.0,24.0,39.0,16.0,1.0,0.0,0.0,0.0,0.0,24.0,39.0,0.0,0.0,0.0,0.0
A_f0.7_blind__lamarckian__s26,A_f0.7_blind__lamarckian,A_f0.7_blind,A,lamarckian,26,1200,train,50,2.84,16,16,115.22032964624026,0.75,0.5,adaptive_blind,0.61875,0.9404390966424442,0.6034603973168216,332.0,65.0,87.0,525.0,76.0,16.0,0.0,0.0,47.0,1.0,13.0,23.0,14.0,2.0,0.0,0.0,0.0,0.0,13.0,23.0,0.0,0.0,0.0,0.0
A_f0.7_blind__lamarckian__s26,A_f0.7_blind__lamarckian,A_f0.7_blind,A,lamarckian,26,1250,train,50,2.9,10,10,76.16947097168362,0.8125,0.5,adaptive_blind,0.63125,1.0216485573530296,0.6150096153846158,314.0,64.0,101.0,562.0,123.0,22.0,0.0,0.0,44.0,1.0,16.0,35.0,22.0,4.0,0.0,0.0,0.0,0.0,16.0,35.0,0.0,0.0,0.0,0.0
A_f0.7_blind__lamarckian__s26,A_f0.7_blind__lamarckian,A_f0.7_blind,A,lamarckian,26,1300,train,50,2.92,11,11,88.94490688458208,0.75,0.5,adaptive_blind,0.5875,0.9533707303873294,0.611515151515152,410.0,82.0,95.0,654.0,110.0,13.0,0.0,0.0,39.0,2.0,16.0,32.0,22.0,0.0,0.0,0.0,0.0,0.0,16.0,32.0,0.0,0.0,0.0,0.0
A_f0.7_blind__lamarckian__s26,A_f0.7_blind__lamarckian,A_f0.7_blind,A,lamarckian,26,1350,train,50,3.04,17,17,62.28169788322441,0.9166666666666666,0.5,adaptive_blind,0.61875,0.7845593029534392,0.5702291666666668,295.0,56.0,85.0,534.0,78.0,16.0,0.0,0.0,54.0,3.0,21.0,25.0,17.0,3.0,0.0,0.0,0.0,0.0,21.0,25.0,0.0,0.0,0.0,0.0
A_f0.7_blind__lamarckian__s26,A_f0.7_blind__lamarckian,A_f0.7_blind,A,lamarckian,26,1400,train,50,3.14,13,13,91.52306017048078,0.8541666666666666,0.5,adaptive_blind,0.6,0.7376909732121368,0.5381740196078435,297.0,43.0,61.0,406.0,72.0,16.0,0.0,0.0,47.0,3.0,7.0,20.0,21.0,1.0,0.0,0.0,0.0,0.0,7.0,20.0,0.0,0.0,0.0,0.0
A_f0.7_blind__lamarckian__s26,A_f0.7_blind__lamarckian,A_f0.7_blind,A,lamarckian,26,1450,train,50,3.34,13,13,99.25545280971821,0.7916666666666666,0.5,adaptive_blind,0.63125,0.8018089161912996,0.5661321428571429,405.0,58.0,64.0,424.0,105.0,19.0,0.0,0.0,51.0,7.0,18.0,19.0,22.0,1.0,0.0,0.0,0.0,0.0,18.0,19.0,0.0,0.0,0.0,0.0
A_f0.7_blind__lamarckian__s26,A_f0.7_blind__lamarckian,A_f0.7_blind,A,lamarckian,26,1500,train,50,3.58,12,12,79.50686462907086,0.8333333333333334,0.5,adaptive_blind,0.6,0.7935642610640992,0.5782120846730978,430.0,71.0,114.0,651.0,135.0,28.0,0.0,0.0,44.0,6.0,15.0,32.0,24.0,2.0,0.0,0.0,0.0,0.0,15.0,32.0,0.0,0.0,0.0,0.0
A_f0.7_blind__lamarckian__s26,A_f0.7_blind__lamarckian,A_f0.7_blind,A,lamarckian,26,1550,eval,50,3.76,12,12,72.4312336415668,0.8333333333333334,0.5,adaptive_blind,0.5,0.0,0.0,601.0,93.0,78.0,430.0,27.0,9.0,7.0,35.0,59.0,4.0,13.0,16.0,9.0,3.0,2.0,10.0,0.0,0.0,13.0,16.0,0.0,0.0,2.0,10.0
A_f0.7_blind__lamarckian__s26,A_f0.7_blind__lamarckian,A_f0.7_blind,A,lamarckian,26,1600,eval,50,3.96,12,12,100.20772189285707,0.75,0.5,adaptive_blind,0.5,0.0,0.0,466.0,73.0,145.0,760.0,26.0,5.0,4.0,48.0,36.0,4.0,13.0,19.0,13.0,2.0,0.0,6.0,0.0,0.0,13.0,19.0,0.0,0.0,0.0,6.0
A_f0.7_blind__lamarckian__s26,A_f0.7_blind__lamarckian,A_f0.7_blind,A,lamarckian,26,1650,eval,50,4.06,9,9,87.81907996792512,0.8333333333333334,0.5,adaptive_blind,0.47,0.0,0.0,782.0,125.0,90.0,538.0,51.0,9.0,13.0,80.0,51.0,3.0,15.0,26.0,11.0,2.0,5.0,4.0,0.0,0.0,15.0,26.0,0.0,0.0,5.0,4.0
A_f0.7_blind__lamarckian__s26,A_f0.7_blind__lamarckian,A_f0.7_blind,A,lamarckian,26,1700,eval,50,4.08,10,10,78.94752492937015,0.8125,0.5,adaptive_blind,0.515,0.0,0.0,632.0,110.0,111.0,586.0,99.0,11.0,10.0,55.0,58.0,8.0,14.0,19.0,8.0,1.0,3.0,4.0,0.0,0.0,14.0,19.0,0.0,0.0,3.0,4.0
A_f0.7_blind__lamarckian__s26,A_f0.7_blind__lamarckian,A_f0.7_blind,A,lamarckian,26,1750,eval,50,4.16,11,11,88.70797378128356,0.8333333333333334,0.5,adaptive_blind,0.485,0.0,0.0,530.0,83.0,86.0,533.0,56.0,10.0,16.0,59.0,41.0,4.0,7.0,21.0,8.0,0.0,9.0,7.0,0.0,0.0,7.0,21.0,0.0,0.0,9.0,7.0
A_f0.7_blind__lamarckian__s26,A_f0.7_blind__lamarckian,A_f0.7_blind,A,lamarckian,26,1800,eval,50,4.28,7,7,64.98286977202969,0.9375,0.5,adaptive_blind,0.525,0.0,0.0,585.0,107.0,73.0,473.0,45.0,3.0,8.0,56.0,62.0,4.0,13.0,16.0,14.0,0.0,3.0,7.0,0.0,0.0,13.0,16.0,0.0,0.0,3.0,7.0
A_f0.7_blind__lamarckian__s27,A_f0.7_blind__lamarckian,A_f0.7_blind,A,lamarckian,27,50,train,50,0.78,35,5,46.077394239778336,0.9166666666666666,0.5,adaptive_blind,0.5625,0.7106904768200161,0.4555846774193548,315.0,48.0,43.0,236.0,106.0,14.0,0.0,0.0,54.0,6.0,5.0,32.0,21.0,3.0,0.0,0.0,0.0,0.0,5.0,32.0,0.0,0.0,0.0,0.0
A_f0.7_blind__lamarckian__s27,A_f0.7_blind__lamarckian,A_f0.7_blind,A,lamarckian,27,100,train,50,0.86,10,10,89.6668181637038,0.8541666666666666,0.5,adaptive_blind,0.6125,0.9629746510314541,0.5942278602860289,251.0,39.0,57.0,308.0,124.0,26.0,0.0,0.0,28.0,4.0,9.0,28.0,20.0,2.0,0.0,0.0,0.0,0.0,9.0,28.0,0.0,0.0,0.0,0.0
A_f0.7_blind__lamarckian__s27,A_f0.7_blind__lamarckian,A_f0.7_blind,A,lamarckian,27,150,train,50,0.96,13,13,75.52160330625861,0.9166666666666666,0.5,adaptive_blind,0.5625,0.6860989342014339,0.5301979426433914,329.0,69.0,74.0,441.0,169.0,25.0,0.0,0.0,45.0,6.0,8.0,33.0,21.0,2.0,0.0,0.0,0.0,0.0,8.0,33.0,0.0,0.0,0.0,0.0
A_f0.7_blind__lamarckian__s27,A_f0.7_blind__lamarckian,A_f0.7_blind,A,lamarckian,27,200,train,50,0.94,9,9,122.76010507280436,0.7708333333333334,0.5,adaptive_blind,0.58125,0.7580125774372698,0.5541825793184487,259.0,51.0,70.0,421.0,86.0,10.0,0.0,0.0,32.0,7.0,7.0,32.0,16.0,0.0,0.0,0.0,0.0,0.0,7.0,32.0,0.0,0.0,0.0,0.0
A_f0.7_blind__lamarckian__s27,A_f0.7_blind__lamarckian,A_f0.7_blind,A,lamarckian,27,250,train,50,0.88,15,15,87.66993512852136,0.8333333333333334,0.5,adaptive_blind,0.5875,0.9714574352753436,0.5865557297605475,408.0,66.0,112.0,655.0,127.0,21.0,0.0,0.0,33.0,6.0,10.0,33.0,23.0,2.0,0.0,0.0,0.0,0.0,10.0,33.0,0.0,0.0,0.0,0.0
A_f0.7_blind__lamarckian__s27,A_f0.7_blind__lamarckian,A_f0.7_blind,A,lamarckian,27,300,train,50,0.86,6,6,121.46322746421058,0.6666666666666666,0.5,adaptive_blind,0.6375,1.0282741137320734,0.6316532258064516,425.0,76.0,121.0,744.0,50.0,7.0,0.0,0.0,41.0,5.0,5.0,27.0,23.0,2.0,0.0,0.0,0.0,0.0,5.0,27.0,0.0,0.0,0.0,0.0
A_f0.7_blind__lamarckian__s27,A_f0.7_blind__lamarckian,A_f0.7_blind,A,lamarckian,27,350,train,50,0.88,6,6,89.37416756765793,0.7916666666666666,0.5,adaptive_blind,0.69375,0.9419377530973132,0.6144315944881888,312.0,60.0,115.0,644.0,56.0,12.0,0.0,0.0,59.0,4.0,9.0,25.0,23.0,1.0,0.0,0.0,0.0,0.0,9.0,25.0,0.0,0.0,0.0,0.0
A_f0.7_blind__lamarckian__s27,A_f0.7_blind__lamarckian,A_f0.7_blind,A,lamarckian,27,400,train,50,0.9,7,7,89.11619200191643,0.7916666666666666,0.5,adaptive_blind,0.56875,0.9716973238895503,0.6063579842931937,375.0,76.0,97.0,621.0,87.0,14.0,0.0,0.0,38.0,4.0,16.0,30.0,13.0,2.0,0.0,0.0,0.0,0.0,16.0,30.0,0.0,0.0,0.0,0.0
A_f0.7_blind__lamarckian__s27,A_f0.7_blind__lamarckian,A_f0.7_blind,A,lamarckian,27,450,train,50,0.9,12,12,65.98896691900927,0.875,0.5,adaptive_blind,0.6,0.8220195021761468,0.5660315040650405,317.0,50.0,84.0,517.0,74.0,13.0,0.0,0.0,50.0,2.0,18.0,23.0,30.0,2.0,0.0,0.0,0.0,0.0,18.0,23.0,0.0,0.0,0.0,0.0
A_f0.7_blind__lamarckian__s27,A_f0.7_blind__lamarckian,A_f0.7_blind,A,lamarckian,27,500,train,50,1.18,19,19,70.40418938639644,0.875,0.5,adaptive_blind,0.59375,0.7581234687026757,0.5498726019184654,307.0,66.0,75.0,540.0,96.0,20.0,0.0,0.0,31.0,3.0,12.0,38.0,28.0,0.0,0.0,0.0,0.0,0.0,12.0,38.0,0.0,0.0,0.0,0.0
A_f0.7_blind__lamarckian__s27,A_f0.7_blind__lamarckian,A_f0.7_blind,A,lamarckian,27,550,train,50,1.54,21,21,87.20331599250596,0.8333333333333334,0.5,adaptive_blind,0.60625,0.8301962417026307,0.5907410990712072,234.0,41.0,103.0,560.0,91.0,14.0,0.0,0.0,42.0,3.0,20.0,21.0,17.0,1.0,0.0,0.0,0.0,0.0,20.0,21.0,0.0,0.0,0.0,0.0
A_f0.7_blind__lamarckian__s27,A_f0.7_blind__lamarckian,A_f0.7_blind,A,lamarckian,27,600,train,50,1.84,20,20,114.90073644034157,0.7291666666666666,0.5,adaptive_blind,0.61875,0.9464648363938615,0.626107374768089,212.0,36.0,94.0,530.0,112.0,22.0,0.0,0.0,36.0,3.0,17.0,24.0,18.0,3.0,0.0,0.0,0.0,0.0,17.0,24.0,0.0,0.0,0.0,0.0
A_f0.7_blind__lamarckian__s27,A_f0.7_blind__lamarckian,A_f0.7_blind,A,lamarckian,27,650,train,50,1.92,19,19,78.80596763180233,0.7916666666666666,0.5,adaptive_blind,0.61875,0.9117391394601699,0.5889198294829485,345.0,57.0,107.0,616.0,134.0,17.0,0.0,0.0,27.0,6.0,16.0,40.0,24.0,2.0,0.0,0.0,0.0,0.0,16.0,40.0,0.0,0.0,0.0,0.0
A_f0.7_blind__lamarckian__s27,A_f0.7_blind__lamarckian,A_f0.7_blind,A,lamarckian,27,700,train,50,1.98,10,10,79.37922821395782,0.8125,0.5,adaptive_blind,0.60625,0.9862495405958212,0.6276629146919432,333.0,61.0,112.0,632.0,72.0,15.0,0.0,0.0,37.0,3.0,18.0,19.0,26.0,1.0,0.0,0.0,0.0,0.0,18.0,19.0,0.0,0.0,0.0,0.0
A_f0.7_blind__lamarckian__s27,A_f0.7_blind__lamarckian,A_f0.7_blind,A,lamarckian,27,750,train,50,2.08,18,18,72.49226620767911,0.8541666666666666,0.5,adaptive_blind,0.64375,0.8859235919071015,0.6186233885819521,280.0,37.0,143.0,770.0,54.0,7.0,0.0,0.0,31.0,2.0,23.0,37.0,18.0,2.0,0.0,0.0,0.0,0.0,23.0,37.0,0.0,0.0,0.0,0.0
A_f0.7_blind__lamarckian__s27,A_f0.7_blind__lamarckian,A_f0.7_blind,A,lamarckian,27,800,train,50,2.2,12,12,104.36073989880254,0.75,0.5,adaptive_blind,0.625,0.9129952047648793,0.6226045496323529,273.0,42.0,163.0,758.0,74.0,8.0,0.0,0.0,24.0,5.0,16.0,30.0,25.0,1.0,0.0,0.0,0.0,0.0,16.0,30.0,0.0,0.0,0.0,0.0
A_f0.7_blind__lamarckian__s27,A_f0.7_blind__lamarckian,A_f0.7_blind,A,lamarckian,27,850,train,50,2.26,9,9,83.88150906267167,0.8333333333333334,0.5,adaptive_blind,0.6125,0.9110575584997369,0.6136730116391853,387.0,62.0,136.0,719.0,77.0,10.0,0.0,0.0,42.0,4.0,14.0,32.0,25.0,0.0,0.0,0.0,0.0,0.0,14.0,32.0,0.0,0.0,0.0,0.0
A_f0.7_blind__lamarckian__s27,A_f0.7_blind__lamarckian,A_f0.7_blind,A,lamarckian,27,900,train,50,2.36,10,10,91.33819288047405,0.7916666666666666,0.5,adaptive_blind,0.60625,0.9109410914593419,0.6061837790111,294.0,55.0,141.0,742.0,116.0,10.0,0.0,0.0,34.0,3.0,19.0,31.0,25.0,1.0,0.0,0.0,0.0,0.0,19.0,31.0,0.0,0.0,0.0,0.0
A_f0.7_blind__lamarckian__s27,A_f0.7_blind__lamarckian,A_f0.7_blind,A,lamarckian,27,950,train,50,2.54,17,17,52.682318920687486,0.9791666666666666,0.5,adaptive_blind,0.6,0.9513395088333335,0.6232396030245748,310.0,54.0,134.0,720.0,112.0,25.0,0.0,0.0,34.0,4.0,21.0,36.0,28.0,1.0,0.0,0.0,0.0,0.0,21.0,36.0,0.0,0.0,0.0,0.0
A_f0.7_blind__lamarckian__s27,A_f0.7_blind__lamarckian,A_f0.7_blind,A,lamarckian,27,1000,train,50,2.6,10,10,98.32270869902989,0.75,0.5,adaptive_blind,0.59375,0.8971254001211053,0.6006198347107439,421.0,82.0,122.0,671.0,90.0,21.0,0.0,0.0,27.0,3.0,17.0,28.0,19.0,2.0,0.0,0.0,0.0,0.0,17.0,28.0,0.0,0.0,0.0,0.0
A_f0.7_blind__lamarckian__s27,A_f0.7_blind__lamarckian,A_f0.7_blind,A,lamarckian,27,1050,train,50,2.72,12,12,70.9335473813451,0.875,0.5,adaptive_blind,0.6125,0.9291262153504523,0.5967678188638799,419.0,70.0,136.0,745.0,97.0,16.0,0.0,0.0,41.0,2.0,19.0,26.0,30.0,2.0,0.0,0.0,0.0,0.0,19.0,26.0,0.0,0.0,0.0,0.0
A_f0.7_blind__lamarckian__s27,A_f0.7_blind__lamarckian,A_f0.7_blind,A,lamarckian,27,1100,train,50,3.0,17,17,83.5600362559454,0.8125,0.5,adaptive_blind,0.6,0.8912472775066145,0.5981470664589823,343.0,65.0,100.0,630.0,81.0,11.0,0.0,0.0,47.0,5.0,10.0,26.0,18.0,1.0,0.0,0.0,0.0,0.0,10.0,26.0,0.0,0.0,0.0,0.0
A_f0.7_blind__lamarckian__s27,A_f0.7_blind__lamarckian,A_f0.7_blind,A,lamarckian,27,1150,train,50,3.06,8,8,71.23433705334295,0.8541666666666666,0.5,adaptive_blind,0.58125,0.8592170480853147,0.5891540202342918,281.0,66.0,97.0,489.0,108.0,10.0,0.0,0.0,47.0,5.0,24.0,17.0,24.0,0.0,0.0,0.0,0.0,0.0,24.0,17.0,0.0,0.0,0.0,0.0
A_f0.7_blind__lamarckian__s27,A_f0.7_blind__lamarckian,A_f0.7_blind,A,lamarckian,27,1200,train,50,3.16,15,15,95.96433371982037,0.75,0.5,adaptive_blind,0.6625,0.8679941434047178,0.587489973262032,380.0,57.0,126.0,728.0,106.0,25.0,0.0,0.0,33.0,0.0,21.0,21.0,23.0,2.0,0.0,0.0,0.0,0.0,21.0,21.0,0.0,0.0,0.0,0.0
A_f0.7_blind__lamarckian__s27,A_f0.7_blind__lamarckian,A_f0.7_blind,A,lamarckian,27,1250,train,50,3.32,13,13,76.1071600374791,0.8541666666666666,0.5,adaptive_blind,0.59375,0.955099620878749,0.6057378112033194,433.0,80.0,138.0,728.0,90.0,18.0,0.0,0.0,48.0,6.0,17.0,25.0,24.0,2.0,0.0,0.0,0.0,0.0,17.0,25.0,0.0,0.0,0.0,0.0
A_f0.7_blind__lamarckian__s27,A_f0.7_blind__lamarckian,A_f0.7_blind,A,lamarckian,27,1300,train,50,3.54,16,16,92.44310228327907,0.8125,0.5,adaptive_blind,0.575,0.8950651114558007,0.5906723997833152,389.0,60.0,95.0,612.0,115.0,26.0,0.0,0.0,32.0,4.0,18.0,31.0,26.0,2.0,0.0,0.0,0.0,0.0,18.0,31.0,0.0,0.0,0.0,0.0
A_f0.7_blind__lamarckian__s27,A_f0.7_blind__lamarckian,A_f0.7_blind,A,lamarckian,27,1350,train,50,3.78,19,19,70.32432715189285,0.8541666666666666,0.5,adaptive_blind,0.66875,0.9035568275496488,0.6178215791940018,303.0,45.0,119.0,655.0,36.0,12.0,0.0,0.0,50.0,3.0,21.0,27.0,18.0,2.0,0.0,0.0,0.0,0.0,21.0,27.0,0.0,0.0,0.0,0.0
A_f0.7_blind__lamarckian__s27,A_f0.7_blind__lamarckian,A_f0.7_blind,A,lamarckian,27,1400,train,50,3.8,9,9,71.76995824538473,0.8333333333333334,0.5,adaptive_blind,0.58125,0.8920739064918275,0.5769997133027522,301.0,63.0,97.0,532.0,42.0,6.0,0.0,0.0,52.0,1.0,11.0,18.0,26.0,2.0,0.0,0.0,0.0,0.0,11.0,18.0,0.0,0.0,0.0,0.0
A_f0.7_blind__lamarckian__s27,A_f0.7_blind__lamarckian,A_f0.7_blind,A,lamarckian,27,1450,train,50,3.84,6,6,81.3486047974448,0.8125,0.5,adaptive_blind,0.59375,0.8868434825950144,0.5766947940503433,388.0,67.0,99.0,624.0,33.0,2.0,0.0,0.0,52.0,2.0,13.0,15.0,24.0,0.0,0.0,0.0,0.0,0.0,13.0,15.0,0.0,0.0,0.0,0.0
A_f0.7_blind__lamarckian__s27,A_f0.7_blind__lamarckian,A_f0.7_blind,A,lamarckian,27,1500,train,50,3.94,19,19,80.87777001986821,0.8125,0.5,adaptive_blind,0.5875,0.9740742357942889,0.6340302893309224,303.0,58.0,126.0,751.0,47.0,11.0,0.0,0.0,33.0,3.0,19.0,34.0,24.0,2.0,0.0,0.0,0.0,0.0,19.0,34.0,0.0,0.0,0.0,0.0
A_f0.7_blind__lamarckian__s27,A_f0.7_blind__lamarckian,A_f0.7_blind,A,lamarckian,27,1550,eval,50,4.04,13,13,81.80057800756407,0.8333333333333334,0.5,adaptive_blind,0.49,0.0,0.0,480.0,80.0,107.0,592.0,29.0,1.0,7.0,28.0,52.0,3.0,17.0,21.0,15.0,0.0,5.0,3.0,0.0,0.0,17.0,21.0,0.0,0.0,5.0,3.0
A_f0.7_blind__lamarckian__s27,A_f0.7_blind__lamarckian,A_f0.7_blind,A,lamarckian,27,1600,eval,50,4.16,13,13,85.70834140178621,0.8333333333333334,0.5,adaptive_blind,0.485,0.0,0.0,496.0,105.0,93.0,588.0,42.0,7.0,17.0,123.0,45.0,7.0,14.0,27.0,6.0,3.0,4.0,3.0,0.0,0.0,14.0,27.0,0.0,0.0,4.0,3.0
A_f0.7_blind__lamarckian__s27,A_f0.7_blind__lamarckian,A_f0.7_blind,A,lamarckian,27,1650,eval,50,4.14,6,6,98.888929963247,0.7708333333333334,0.5,adaptive_blind,0.495,0.0,0.0,610.0,108.0,115.0,595.0,83.0,23.0,10.0,54.0,46.0,8.0,16.0,15.0,11.0,6.0,5.0,4.0,0.0,0.0,16.0,15.0,0.0,0.0,5.0,4.0
A_f0.7_blind__lamarckian__s27,A_f0.7_blind__lamarckian,A_f0.7_blind,A,lamarckian,27,1700,eval,50,4.4,15,15,76.00043332916334,0.8541666666666666,0.5,adaptive_blind,0.53,0.0,0.0,412.0,73.0,140.0,758.0,117.0,15.0,14.0,61.0,43.0,3.0,11.0,32.0,12.0,1.0,3.0,7.0,0.0,0.0,11.0,32.0,0.0,0.0,3.0,7.0
A_f0.7_blind__lamarckian__s27,A_f0.7_blind__lamarckian,A_f0.7_blind,A,lamarckian,27,1750,eval,50,4.62,15,15,97.32342538535491,0.7291666666666666,0.5,adaptive_blind,0.505,0.0,0.0,425.0,66.0,84.0,511.0,114.0,20.0,23.0,116.0,46.0,2.0,13.0,24.0,16.0,0.0,6.0,3.0,0.0,0.0,13.0,24.0,0.0,0.0,6.0,3.0
A_f0.7_blind__lamarckian__s27,A_f0.7_blind__lamarckian,A_f0.7_blind,A,lamarckian,27,1800,eval,50,4.6,8,8,93.87793062926286,0.7083333333333334,0.5,adaptive_blind,0.485,0.0,0.0,596.0,102.0,114.0,610.0,101.0,15.0,26.0,132.0,48.0,4.0,10.0,19.0,13.0,0.0,4.0,5.0,0.0,0.0,10.0,19.0,0.0,0.0,4.0,5.0
A_f0.7_blind__lamarckian__s28,A_f0.7_blind__lamarckian,A_f0.7_blind,A,lamarckian,28,50,train,50,0.78,33,3,52.03566212807973,0.875,0.5,adaptive_blind,0.53125,0.6483617412060901,0.4472605519480517,287.0,56.0,44.0,277.0,83.0,7.0,0.0,0.0,41.0,12.0,9.0,53.0,14.0,0.0,0.0,0.0,0.0,0.0,9.0,53.0,0.0,0.0,0.0,0.0
A_f0.7_blind__lamarckian__s28,A_f0.7_blind__lamarckian,A_f0.7_blind,A,lamarckian,28,100,train,45,0.9555555555555556,17,22,83.19689558918829,0.8125,0.5,adaptive_blind,0.60625,1.0547768451681963,0.627148244312562,307.0,50.0,70.0,426.0,35.0,9.0,0.0,0.0,36.0,4.0,14.0,42.0,10.0,1.0,0.0,0.0,0.0,0.0,14.0,42.0,0.0,0.0,0.0,0.0
A_f0.7_blind__lamarckian__s28,A_f0.7_blind__lamarckian,A_f0.7_blind,A,lamarckian,28,150,train,50,1.16,18,13,85.25081685928231,0.8541666666666666,0.5,adaptive_blind,0.5375,0.8651221971457921,0.5742689220183486,344.0,59.0,105.0,639.0,31.0,4.0,0.0,0.0,39.0,6.0,12.0,30.0,10.0,1.0,0.0,0.0,0.0,0.0,12.0,30.0,0.0,0.0,0.0,0.0
A_f0.7_blind__lamarckian__s28,A_f0.7_blind__lamarckian,A_f0.7_blind,A,lamarckian,28,200,train,50,1.32,20,20,67.4833477586629,0.9375,0.5,adaptive_blind,0.6,0.8787140269395216,0.5975909442724456,360.0,56.0,79.0,529.0,31.0,4.0,0.0,0.0,52.0,5.0,9.0,32.0,15.0,0.0,0.0,0.0,0.0,0.0,9.0,32.0,0.0,0.0,0.0,0.0
A_f0.7_blind__lamarckian__s28,A_f0.7_blind__lamarckian,A_f0.7_blind,A,lamarckian,28,250,train,50,1.38,17,17,101.6261763759781,0.7708333333333334,0.5,adaptive_blind,0.63125,0.8815802290225222,0.6026267658930371,378.0,74.0,79.0,552.0,14.0,3.0,0.0,0.0,44.0,4.0,11.0,25.0,10.0,2.0,0.0,0.0,0.0,0.0,11.0,25.0,0.0,0.0,0.0,0.0
A_f0.7_blind__lamarckian__s28,A_f0.7_blind__lamarckian,A_f0.7_blind,A,lamarckian,28,300,train,50,1.26,13,13,66.22270303156036,0.875,0.5,adaptive_blind,0.61875,0.9924078153216545,0.6198720326409497,530.0,92.0,106.0,536.0,42.0,11.0,0.0,0.0,52.0,2.0,22.0,25.0,20.0,2.0,0.0,0.0,0.0,0.0,22.0,25.0,0.0,0.0,0.0,0.0
A_f0.7_blind__lamarckian__s28,A_f0.7_blind__lamarckian,A_f0.7_blind,A,lamarckian,28,350,train,50,1.28,12,12,81.79133180030668,0.875,0.5,adaptive_blind,0.60625,0.8177819018607659,0.5804044913419912,395.0,85.0,85.0,682.0,148.0,26.0,0.0,0.0,31.0,2.0,11.0,38.0,19.0,1.0,0.0,0.0,0.0,0.0,11.0,38.0,0.0,0.0,0.0,0.0
A_f0.7_blind__lamarckian__s28,A_f0.7_blind__lamarckian,A_f0.7_blind,A,lamarckian,28,400,train,50,1.26,11,11,89.86095842508419,0.8125,0.5,adaptive_blind,0.63125,0.8533398502886784,0.5951576864147088,402.0,74.0,94.0,607.0,53.0,13.0,0.0,0.0,42.0,4.0,11.0,29.0,15.0,0.0,0.0,0.0,0.0,0.0,11.0,29.0,0.0,0.0,0.0,0.0
A_f0.7_blind__lamarckian__s28,A_f0.7_blind__lamarckian,A_f0.7_blind,A,lamarckian,28,450,train,50,1.36,10,10,80.94933218762299,0.8541666666666666,0.5,adaptive_blind,0.59375,0.9319969819700129,0.6062051741803283,401.0,74.0,86.0,564.0,68.0,15.0,0.0,0.0,44.0,6.0,7.0,34.0,16.0,2.0,0.0,0.0,0.0,0.0,7.0,34.0,0.0,0.0,0.0,0.0
A_f0.7_blind__lamarckian__s28,A_f0.7_blind__lamarckian,A_f0.7_blind,A,lamarckian,28,500,train,50,1.54,12,12,72.48975692834541,0.8958333333333334,0.5,adaptive_blind,0.6125,0.9098543628094555,0.6097887845849803,405.0,75.0,119.0,593.0,24.0,5.0,0.0,0.0,52.0,4.0,14.0,27.0,14.0,1.0,0.0,0.0,0.0,0.0,14.0,27.0,0.0,0.0,0.0,0.0
A_f0.7_blind__lamarckian__s28,A_f0.7_blind__lamarckian,A_f0.7_blind,A,lamarckian,28,550,train,50,1.76,14,14,88.63780064324612,0.8333333333333334,0.5,adaptive_blind,0.5875,0.84208363248723,0.6088901869158878,260.0,58.0,101.0,591.0,30.0,8.0,0.0,0.0,40.0,3.0,16.0,32.0,15.0,2.0,0.0,0.0,0.0,0.0,16.0,32.0,0.0,0.0,0.0,0.0
A_f0.7_blind__lamarckian__s28,A_f0.7_blind__lamarckian,A_f0.7_blind,A,lamarckian,28,600,train,50,1.76,6,6,113.18130264960479,0.6666666666666666,0.5,adaptive_blind,0.58125,0.8575819479607001,0.5845923913043478,423.0,73.0,140.0,752.0,56.0,10.0,0.0,0.0,38.0,6.0,11.0,26.0,19.0,0.0,0.0,0.0,0.0,0.0,11.0,26.0,0.0,0.0,0.0,0.0
A_f0.7_blind__lamarckian__s28,A_f0.7_blind__lamarckian,A_f0.7_blind,A,lamarckian,28,650,train,50,1.84,13,13,84.64522056864712,0.8125,0.5,adaptive_blind,0.6375,0.9588543193027387,0.6299827981651376,321.0,49.0,159.0,781.0,49.0,12.0,0.0,0.0,41.0,2.0,17.0,32.0,13.0,0.0,0.0,0.0,0.0,0.0,17.0,32.0,0.0,0.0,0.0,0.0
A_f0.7_blind__lamarckian__s28,A_f0.7_blind__lamarckian,A_f0.7_blind,A,lamarckian,28,700,train,50,2.08,12,12,116.31450170779323,0.6666666666666666,0.5,adaptive_blind,0.61875,0.9282634070087099,0.6110383565044688,388.0,74.0,126.0,739.0,31.0,6.0,0.0,0.0,33.0,2.0,10.0,24.0,12.0,0.0,0.0,0.0,0.0,0.0,10.0,24.0,0.0,0.0,0.0,0.0
A_f0.7_blind__lamarckian__s28,A_f0.7_blind__lamarckian,A_f0.7_blind,A,lamarckian,28,750,train,50,2.18,13,13,120.71639559938036,0.6666666666666666,0.5,adaptive_blind,0.65,0.9923001675193728,0.6345516180492254,491.0,111.0,125.0,737.0,86.0,19.0,0.0,0.0,32.0,8.0,16.0,34.0,15.0,3.0,0.0,0.0,0.0,0.0,16.0,34.0,0.0,0.0,0.0,0.0
A_f0.7_blind__lamarckian__s28,A_f0.7_blind__lamarckian,A_f0.7_blind,A,lamarckian,28,800,train,50,2.2,13,13,99.39641126407227,0.7083333333333334,0.5,adaptive_blind,0.58125,0.8641558090262836,0.6099166666666664,380.0,53.0,117.0,581.0,35.0,7.0,0.0,0.0,44.0,3.0,19.0,29.0,19.0,1.0,0.0,0.0,0.0,0.0,19.0,29.0,0.0,0.0,0.0,0.0
A_f0.7_blind__lamarckian__s28,A_f0.7_blind__lamarckian,A_f0.7_blind,A,lamarckian,28,850,train,50,2.28,19,19,85.70207527213498,0.875,0.5,adaptive_blind,0.60625,0.9455394746465132,0.6291657188353048,295.0,60.0,129.0,718.0,39.0,3.0,0.0,0.0,52.0,1.0,17.0,31.0,13.0,1.0,0.0,0.0,0.0,0.0,17.0,31.0,0.0,0.0,0.0,0.0
A_f0.7_blind__lamarckian__s28,A_f0.7_blind__lamarckian,A_f0.7_blind,A,lamarckian,28,900,train,50,2.3,9,9,114.37592717526711,0.6666666666666666,0.5,adaptive_blind,0.61875,0.8029965960172154,0.5934375000000001,410.0,57.0,156.0,835.0,48.0,8.0,0.0,0.0,37.0,1.0,13.0,27.0,16.0,0.0,0.0,0.0,0.0,0.0,13.0,27.0,0.0,0.0,0.0,0.0
A_f0.7_blind__lamarckian__s28,A_f0.7_blind__lamarckian,A_f0.7_blind,A,lamarckian,28,950,train,50,2.4,7,7,121.77148777889265,0.6458333333333334,0.5,adaptive_blind,0.6,1.0603777639239926,0.6125924947145875,590.0,97.0,150.0,896.0,78.0,12.0,0.0,0.0,38.0,0.0,14.0,26.0,14.0,0.0,0.0,0.0,0.0,0.0,14.0,26.0,0.0,0.0,0.0,0.0
A_f0.7_blind__lamarckian__s28,A_f0.7_blind__lamarckian,A_f0.7_blind,A,lamarckian,28,1000,train,50,2.52,7,7,80.3396118786324,0.875,0.5,adaptive_blind,0.6125,0.9451126339504612,0.5979155549626469,362.0,41.0,146.0,797.0,104.0,15.0,0.0,0.0,56.0,2.0,14.0,27.0,17.0,1.0,0.0,0.0,0.0,0.0,14.0,27.0,0.0,0.0,0.0,0.0
A_f0.7_blind__lamarckian__s28,A_f0.7_blind__lamarckian,A_f0.7_blind,A,lamarckian,28,1050,train,50,2.66,8,8,80.72849018473323,0.8958333333333334,0.5,adaptive_blind,0.6375,0.8979994463089855,0.5746615783410136,356.0,62.0,110.0,571.0,52.0,10.0,0.0,0.0,57.0,6.0,11.0,24.0,18.0,1.0,0.0,0.0,0.0,0.0,11.0,24.0,0.0,0.0,0.0,0.0
A_f0.7_blind__lamarckian__s28,A_f0.7_blind__lamarckian,A_f0.7_blind,A,lamarckian,28,1100,train,50,2.7,7,7,92.8257964405281,0.8333333333333334,0.5,adaptive_blind,0.6125,0.8595612108483506,0.5762351359003397,465.0,81.0,97.0,590.0,90.0,14.0,0.0,0.0,55.0,4.0,23.0,16.0,16.0,0.0,0.0,0.0,0.0,0.0,23.0,16.0,0.0,0.0,0.0,0.0
A_f0.7_blind__lamarckian__s28,A_f0.7_blind__lamarckian,A_f0.7_blind,A,lamarckian,28,1150,train,50,2.84,13,13,62.71082236654445,0.9583333333333334,0.5,adaptive_blind,0.6125,0.8227965276443541,0.5781798847420416,333.0,60.0,100.0,555.0,34.0,6.0,0.0,0.0,53.0,4.0,27.0,19.0,11.0,0.0,0.0,0.0,0.0,0.0,27.0,19.0,0.0,0.0,0.0,0.0
A_f0.7_blind__lamarckian__s28,A_f0.7_blind__lamarckian,A_f0.7_blind,A,lamarckian,28,1200,train,50,3.08,17,17,69.3845782468932,0.8958333333333334,0.5,adaptive_blind,0.6,0.8309276131421073,0.5913652162718848,402.0,72.0,83.0,598.0,22.0,2.0,0.0,0.0,44.0,4.0,13.0,30.0,18.0,0.0,0.0,0.0,0.0,0.0,13.0,30.0,0.0,0.0,0.0,0.0
A_f0.7_blind__lamarckian__s28,A_f0.7_blind__lamarckian,A_f0.7_blind,A,lamarckian,28,1250,train,50,3.16,22,22,53.088260360270404,0.9166666666666666,0.5,adaptive_blind,0.65,0.8489689014991806,0.5893419312169312,264.0,51.0,63.0,345.0,62.0,9.0,0.0,0.0,55.0,2.0,21.0,19.0,21.0,0.0,0.0,0.0,0.0,0.0,21.0,19.0,0.0,0.0,0.0,0.0
A_f0.7_blind__lamarckian__s28,A_f0.7_blind__lamarckian,A_f0.7_blind,A,lamarckian,28,1300,train,50,3.26,18,18,87.24724716590998,0.8125,0.5,adaptive_blind,0.6375,0.8339594531043895,0.5988385777998018,261.0,29.0,67.0,451.0,50.0,5.0,0.0,0.0,39.0,0.0,21.0,18.0,13.0,0.0,0.0,0.0,0.0,0.0,21.0,18.0,0.0,0.0,0.0,0.0
A_f0.7_blind__lamarckian__s28,A_f0.7_blind__lamarckian,A_f0.7_blind,A,lamarckian,28,1350,train,50,3.4,18,18,65.53562189993977,0.8958333333333334,0.5,adaptive_blind,0.65,0.8228173346595757,0.5733800167224079,317.0,63.0,68.0,394.0,109.0,20.0,0.0,0.0,64.0,1.0,12.0,20.0,11.0,0.0,0.0,0.0,0.0,0.0,12.0,20.0,0.0,0.0,0.0,0.0
A_f0.7_blind__lamarckian__s28,A_f0.7_blind__lamarckian,A_f0.7_blind,A,lamarckian,28,1400,train,50,3.78,17,17,102.5916798840754,0.8125,0.5,adaptive_blind,0.6125,0.7679586366215434,0.5549845041322314,295.0,55.0,78.0,570.0,54.0,11.0,0.0,0.0,37.0,3.0,16.0,28.0,12.0,0.0,0.0,0.0,0.0,0.0,16.0,28.0,0.0,0.0,0.0,0.0
A_f0.7_blind__lamarckian__s28,A_f0.7_blind__lamarckian,A_f0.7_blind,A,lamarckian,28,1450,train,50,3.94,10,10,104.31469728244934,0.7708333333333334,0.5,adaptive_blind,0.6125,0.9234608261978116,0.6208872295390406,282.0,63.0,128.0,683.0,68.0,13.0,0.0,0.0,51.0,3.0,21.0,23.0,17.0,0.0,0.0,0.0,0.0,0.0,21.0,23.0,0.0,0.0,0.0,0.0
A_f0.7_blind__lamarckian__s28,A_f0.7_blind__lamarckian,A_f0.7_blind,A,lamarckian,28,1500,train,50,3.98,13,13,64.61228538287685,0.9583333333333334,0.5,adaptive_blind,0.61875,0.8707667205169257,0.5962603519668737,244.0,40.0,86.0,402.0,53.0,7.0,0.0,0.0,47.0,1.0,16.0,23.0,22.0,0.0,0.0,0.0,0.0,0.0,16.0,23.0,0.0,0.0,0.0,0.0
A_f0.7_blind__lamarckian__s28,A_f0.7_blind__lamarckian,A_f0.7_blind,A,lamarckian,28,1550,eval,50,3.9,14,14,79.62862556135649,0.8958333333333334,0.5,adaptive_blind,0.465,0.0,0.0,571.0,96.0,98.0,534.0,25.0,6.0,6.0,47.0,58.0,7.0,10.0,15.0,11.0,1.0,2.0,3.0,0.0,0.0,10.0,15.0,0.0,0.0,2.0,3.0
A_f0.7_blind__lamarckian__s28,A_f0.7_blind__lamarckian,A_f0.7_blind,A,lamarckian,28,1600,eval,50,3.98,13,13,84.25451523073778,0.8541666666666666,0.5,adaptive_blind,0.51,0.0,0.0,498.0,99.0,114.0,586.0,44.0,9.0,9.0,61.0,54.0,3.0,16.0,23.0,10.0,0.0,5.0,6.0,0.0,0.0,16.0,23.0,0.0,0.0,5.0,6.0
A_f0.7_blind__lamarckian__s28,A_f0.7_blind__lamarckian,A_f0.7_blind,A,lamarckian,28,1650,eval,50,3.98,13,13,68.42494886212873,0.9166666666666666,0.5,adaptive_blind,0.515,0.0,0.0,572.0,95.0,79.0,473.0,46.0,8.0,14.0,71.0,76.0,5.0,12.0,17.0,10.0,0.0,5.0,5.0,0.0,0.0,12.0,17.0,0.0,0.0,5.0,5.0
A_f0.7_blind__lamarckian__s28,A_f0.7_blind__lamarckian,A_f0.7_blind,A,lamarckian,28,1700,eval,50,4.2,16,16,74.17768381731902,0.9166666666666666,0.5,adaptive_blind,0.5,0.0,0.0,547.0,99.0,66.0,388.0,38.0,2.0,19.0,71.0,63.0,2.0,8.0,24.0,10.0,0.0,4.0,3.0,0.0,0.0,8.0,24.0,0.0,0.0,4.0,3.0
A_f0.7_blind__lamarckian__s28,A_f0.7_blind__lamarckian,A_f0.7_blind,A,lamarckian,28,1750,eval,50,4.5,17,17,64.48802133773441,0.8958333333333334,0.5,adaptive_blind,0.485,0.0,0.0,512.0,111.0,63.0,452.0,48.0,13.0,9.0,69.0,65.0,5.0,14.0,24.0,11.0,2.0,1.0,5.0,0.0,0.0,14.0,24.0,0.0,0.0,1.0,5.0
A_f0.7_blind__lamarckian__s28,A_f0.7_blind__lamarckian,A_f0.7_blind,A,lamarckian,28,1800,eval,50,4.72,17,17,53.95123863864659,0.9583333333333334,0.5,adaptive_blind,0.5,0.0,0.0,408.0,63.0,66.0,465.0,64.0,4.0,9.0,62.0,61.0,3.0,12.0,25.0,12.0,0.0,3.0,6.0,0.0,0.0,12.0,25.0,0.0,0.0,3.0,6.0
A_f0.7_blind__lamarckian__s29,A_f0.7_blind__lamarckian,A_f0.7_blind,A,lamarckian,29,50,train,50,0.88,33,3,101.63816869402471,0.7708333333333334,0.5,adaptive_blind,0.5625,0.5883215473683165,0.426712689713322,164.0,37.0,47.0,372.0,112.0,10.0,0.0,0.0,29.0,10.0,4.0,58.0,24.0,2.0,0.0,0.0,0.0,0.0,4.0,58.0,0.0,0.0,0.0,0.0
A_f0.7_blind__lamarckian__s29,A_f0.7_blind__lamarckian,A_f0.7_blind,A,lamarckian,29,100,train,50,0.94,9,9,59.29957431744003,0.9375,0.5,adaptive_blind,0.5875,0.8533599506148798,0.573908560864619,251.0,49.0,65.0,357.0,71.0,13.0,0.0,0.0,31.0,7.0,7.0,33.0,24.0,3.0,0.0,0.0,0.0,0.0,7.0,33.0,0.0,0.0,0.0,0.0
A_f0.7_blind__lamarckian__s29,A_f0.7_blind__lamarckian,A_f0.7_blind,A,lamarckian,29,150,train,50,0.88,14,14,111.73136196527386,0.75,0.5,adaptive_blind,0.5875,0.8184666442472208,0.5897669057377048,439.0,74.0,85.0,532.0,54.0,6.0,0.0,0.0,31.0,7.0,9.0,33.0,20.0,2.0,0.0,0.0,0.0,0.0,9.0,33.0,0.0,0.0,0.0,0.0
A_f0.7_blind__lamarckian__s29,A_f0.7_blind__lamarckian,A_f0.7_blind,A,lamarckian,29,200,train,50,0.8,17,17,113.65869357865637,0.6458333333333334,0.5,adaptive_blind,0.60625,0.8603039969408457,0.581602599557522,438.0,81.0,128.0,752.0,102.0,21.0,0.0,0.0,29.0,3.0,15.0,38.0,23.0,2.0,0.0,0.0,0.0,0.0,15.0,38.0,0.0,0.0,0.0,0.0
A_f0.7_blind__lamarckian__s29,A_f0.7_blind__lamarckian,A_f0.7_blind,A,lamarckian,29,250,train,50,0.82,10,10,105.2982688637865,0.75,0.5,adaptive_blind,0.65,0.8442890559166568,0.5745252267573697,358.0,68.0,118.0,863.0,128.0,24.0,0.0,0.0,21.0,3.0,6.0,36.0,23.0,2.0,0.0,0.0,0.0,0.0,6.0,36.0,0.0,0.0,0.0,0.0
A_f0.7_blind__lamarckian__s29,A_f0.7_blind__lamarckian,A_f0.7_blind,A,lamarckian,29,300,train,50,0.8,13,13,82.21059468716687,0.7916666666666666,0.5,adaptive_blind,0.6625,0.9547047816781037,0.6308414111812446,546.0,90.0,131.0,825.0,86.0,14.0,0.0,0.0,39.0,3.0,15.0,38.0,23.0,2.0,0.0,0.0,0.0,0.0,15.0,38.0,0.0,0.0,0.0,0.0
A_f0.7_blind__lamarckian__s29,A_f0.7_blind__lamarckian,A_f0.7_blind,A,lamarckian,29,350,train,50,0.82,9,9,116.85828598229192,0.6458333333333334,0.5,adaptive_blind,0.5875,0.7939374043868619,0.572715683572216,447.0,78.0,122.0,652.0,161.0,27.0,0.0,0.0,27.0,1.0,12.0,32.0,24.0,2.0,0.0,0.0,0.0,0.0,12.0,32.0,0.0,0.0,0.0,0.0
A_f0.7_blind__lamarckian__s29,A_f0.7_blind__lamarckian,A_f0.7_blind,A,lamarckian,29,400,train,50,0.84,4,4,133.2990054707468,0.6041666666666666,0.5,adaptive_blind,0.5875,0.9705382913351686,0.6233459414024978,356.0,65.0,147.0,869.0,166.0,29.0,0.0,0.0,23.0,1.0,9.0,31.0,23.0,2.0,0.0,0.0,0.0,0.0,9.0,31.0,0.0,0.0,0.0,0.0
A_f0.7_blind__lamarckian__s29,A_f0.7_blind__lamarckian,A_f0.7_blind,A,lamarckian,29,450,train,50,0.84,7,7,61.20234299948294,0.9375,0.5,adaptive_blind,0.6125,0.9013982043993167,0.6163484345351045,418.0,79.0,159.0,826.0,113.0,21.0,0.0,0.0,42.0,2.0,23.0,31.0,28.0,1.0,0.0,0.0,0.0,0.0,23.0,31.0,0.0,0.0,0.0,0.0
A_f0.7_blind__lamarckian__s29,A_f0.7_blind__lamarckian,A_f0.7_blind,A,lamarckian,29,500,train,50,1.3,17,17,100.12367310609261,0.75,0.5,adaptive_blind,0.575,0.8438455208968906,0.5754945286195283,452.0,70.0,129.0,671.0,103.0,18.0,0.0,0.0,34.0,4.0,15.0,20.0,21.0,1.0,0.0,0.0,0.0,0.0,15.0,20.0,0.0,0.0,0.0,0.0
A_f0.7_blind__lamarckian__s29,A_f0.7_blind__lamarckian,A_f0.7_blind,A,lamarckian,29,550,train,50,1.54,19,19,64.1850912920369,0.8958333333333334,0.5,adaptive_blind,0.65,0.890969880136883,0.6125451154956689,431.0,89.0,115.0,662.0,80.0,10.0,0.0,0.0,48.0,2.0,16.0,35.0,20.0,2.0,0.0,0.0,0.0,0.0,16.0,35.0,0.0,0.0,0.0,0.0
A_f0.7_blind__lamarckian__s29,A_f0.7_blind__lamarckian,A_f0.7_blind,A,lamarckian,29,600,train,50,1.6,14,14,81.88041067123389,0.8541666666666666,0.5,adaptive_blind,0.6,0.8432909426590185,0.5890097573839665,360.0,68.0,93.0,625.0,106.0,18.0,0.0,0.0,40.0,2.0,12.0,25.0,23.0,4.0,0.0,0.0,0.0,0.0,12.0,25.0,0.0,0.0,0.0,0.0
A_f0.7_blind__lamarckian__s29,A_f0.7_blind__lamarckian,A_f0.7_blind,A,lamarckian,29,650,train,50,1.68,14,14,65.23354437123871,0.875,0.5,adaptive_blind,0.60625,0.8478860288806007,0.5928877074688796,254.0,41.0,99.0,632.0,138.0,29.0,0.0,0.0,38.0,1.0,16.0,16.0,32.0,1.0,0.0,0.0,0.0,0.0,16.0,16.0,0.0,0.0,0.0,0.0
A_f0.7_blind__lamarckian__s29,A_f0.7_blind__lamarckian,A_f0.7_blind,A,lamarckian,29,700,train,50,1.74,14,14,57.91652539646319,0.9166666666666666,0.5,adaptive_blind,0.61875,0.8463534275729445,0.5634475326991679,352.0,63.0,90.0,528.0,63.0,17.0,0.0,0.0,37.0,6.0,16.0,17.0,24.0,0.0,0.0,0.0,0.0,0.0,16.0,17.0,0.0,0.0,0.0,0.0
A_f0.7_blind__lamarckian__s29,A_f0.7_blind__lamarckian,A_f0.7_blind,A,lamarckian,29,750,train,50,1.78,20,20,69.34376891376773,0.875,0.5,adaptive_blind,0.58125,0.9821342711614691,0.6057357594936714,230.0,28.0,108.0,585.0,80.0,11.0,0.0,0.0,37.0,1.0,16.0,30.0,31.0,1.0,0.0,0.0,0.0,0.0,16.0,30.0,0.0,0.0,0.0,0.0
A_f0.7_blind__lamarckian__s29,A_f0.7_blind__lamarckian,A_f0.7_blind,A,lamarckian,29,800,train,50,1.88,13,13,58.04189034714117,0.875,0.5,adaptive_blind,0.61875,0.8299931722376591,0.5980976911618667,336.0,67.0,115.0,640.0,112.0,15.0,0.0,0.0,49.0,6.0,18.0,22.0,27.0,1.0,0.0,0.0,0.0,0.0,18.0,22.0,0.0,0.0,0.0,0.0
A_f0.7_blind__lamarckian__s29,A_f0.7_blind__lamarckian,A_f0.7_blind,A,lamarckian,29,850,train,50,2.08,16,16,68.43930943732994,0.8333333333333334,0.5,adaptive_blind,0.63125,0.8736603445239735,0.5919756355932202,319.0,50.0,96.0,483.0,129.0,34.0,0.0,0.0,41.0,3.0,16.0,23.0,34.0,2.0,0.0,0.0,0.0,0.0,16.0,23.0,0.0,0.0,0.0,0.0
A_f0.7_blind__lamarckian__s29,A_f0.7_blind__lamarckian,A_f0.7_blind,A,lamarckian,29,900,train,50,2.16,14,14,76.68063986210286,0.875,0.5,adaptive_blind,0.5625,0.8462498475055216,0.5940364315139031,395.0,73.0,127.0,574.0,59.0,17.0,0.0,0.0,39.0,2.0,26.0,21.0,21.0,1.0,0.0,0.0,0.0,0.0,26.0,21.0,0.0,0.0,0.0,0.0
A_f0.7_blind__lamarckian__s29,A_f0.7_blind__lamarckian,A_f0.7_blind,A,lamarckian,29,950,train,50,2.24,16,16,56.26435404156512,0.875,0.5,adaptive_blind,0.60625,0.7775097463600953,0.5512806152927123,453.0,93.0,67.0,452.0,192.0,40.0,0.0,0.0,63.0,6.0,15.0,20.0,24.0,1.0,0.0,0.0,0.0,0.0,15.0,20.0,0.0,0.0,0.0,0.0
A_f0.7_blind__lamarckian__s29,A_f0.7_blind__lamarckian,A_f0.7_blind,A,lamarckian,29,1000,train,49,2.4285714285714284,16,17,61.458673824427834,0.875,0.5,adaptive_blind,0.64375,0.7937877818144343,0.5507234848484848,289.0,58.0,99.0,582.0,99.0,23.0,0.0,0.0,38.0,3.0,11.0,24.0,22.0,3.0,0.0,0.0,0.0,0.0,11.0,24.0,0.0,0.0,0.0,0.0
A_f0.7_blind__lamarckian__s29,A_f0.7_blind__lamarckian,A_f0.7_blind,A,lamarckian,29,1050,train,43,2.627906976744186,17,23,81.50001760484193,0.8958333333333334,0.5,adaptive_blind,0.625,0.8123957907090191,0.5855988219895287,240.0,34.0,78.0,417.0,37.0,4.0,0.0,0.0,34.0,1.0,19.0,18.0,23.0,1.0,0.0,0.0,0.0,0.0,19.0,18.0,0.0,0.0,0.0,0.0
A_f0.7_blind__lamarckian__s29,A_f0.7_blind__lamarckian,A_f0.7_blind,A,lamarckian,29,1100,train,47,2.893617021276596,17,13,41.36201506515815,0.9791666666666666,0.5,adaptive_blind,0.6625,0.7954308583585672,0.5638689793577984,369.0,56.0,88.0,489.0,71.0,11.0,0.0,0.0,56.0,1.0,16.0,16.0,21.0,2.0,0.0,0.0,0.0,0.0,16.0,16.0,0.0,0.0,0.0,0.0
A_f0.7_blind__lamarckian__s29,A_f0.7_blind__lamarckian,A_f0.7_blind,A,lamarckian,29,1150,train,42,2.880952380952381,12,17,74.10296542968227,0.8541666666666666,0.5,adaptive_blind,0.56875,0.7521436522865983,0.5254511154855641,248.0,58.0,99.0,513.0,39.0,9.0,0.0,0.0,32.0,4.0,20.0,17.0,22.0,1.0,0.0,0.0,0.0,0.0,20.0,17.0,0.0,0.0,0.0,0.0
A_f0.7_blind__lamarckian__s29,A_f0.7_blind__lamarckian,A_f0.7_blind,A,lamarckian,29,1200,train,50,2.98,21,13,66.10278388360277,0.9166666666666666,0.5,adaptive_blind,0.60625,0.7907546445733573,0.5838807232049947,384.0,71.0,128.0,754.0,95.0,26.0,0.0,0.0,32.0,4.0,17.0,38.0,29.0,1.0,0.0,0.0,0.0,0.0,17.0,38.0,0.0,0.0,0.0,0.0
A_f0.7_blind__lamarckian__s29,A_f0.7_blind__lamarckian,A_f0.7_blind,A,lamarckian,29,1250,train,50,2.98,8,8,82.98494569390277,0.8541666666666666,0.5,adaptive_blind,0.63125,0.9340355720271997,0.5917707189901207,342.0,69.0,126.0,669.0,63.0,15.0,0.0,0.0,32.0,4.0,12.0,32.0,27.0,0.0,0.0,0.0,0.0,0.0,12.0,32.0,0.0,0.0,0.0,0.0
A_f0.7_blind__lamarckian__s29,A_f0.7_blind__lamarckian,A_f0.7_blind,A,lamarckian,29,1300,train,50,3.16,14,14,121.0320029028995,0.6666666666666666,0.5,adaptive_blind,0.6125,0.8250168003208169,0.5823679956896548,393.0,67.0,134.0,767.0,142.0,19.0,0.0,0.0,39.0,2.0,13.0,24.0,21.0,3.0,0.0,0.0,0.0,0.0,13.0,24.0,0.0,0.0,0.0,0.0
A_f0.7_blind__lamarckian__s29,A_f0.7_blind__lamarckian,A_f0.7_blind,A,lamarckian,29,1350,train,50,3.38,15,15,98.01726900531034,0.8125,0.5,adaptive_blind,0.55625,1.0035412614596289,0.6287434586108471,312.0,53.0,141.0,855.0,183.0,31.0,0.0,0.0,36.0,1.0,14.0,30.0,26.0,2.0,0.0,0.0,0.0,0.0,14.0,30.0,0.0,0.0,0.0,0.0
A_f0.7_blind__lamarckian__s29,A_f0.7_blind__lamarckian,A_f0.7_blind,A,lamarckian,29,1400,train,50,3.4,5,5,82.26469822267751,0.875,0.5,adaptive_blind,0.6125,0.9234038947950016,0.609443887775551,324.0,43.0,93.0,642.0,138.0,32.0,0.0,0.0,51.0,4.0,15.0,23.0,24.0,0.0,0.0,0.0,0.0,0.0,15.0,23.0,0.0,0.0,0.0,0.0
A_f0.7_blind__lamarckian__s29,A_f0.7_blind__lamarckian,A_f0.7_blind,A,lamarckian,29,1450,train,50,3.52,14,14,66.7977164637328,0.9375,0.5,adaptive_blind,0.58125,0.9407999779283364,0.6038223409801877,306.0,61.0,110.0,624.0,246.0,37.0,0.0,0.0,36.0,3.0,18.0,27.0,25.0,2.0,0.0,0.0,0.0,0.0,18.0,27.0,0.0,0.0,0.0,0.0
A_f0.7_blind__lamarckian__s29,A_f0.7_blind__lamarckian,A_f0.7_blind,A,lamarckian,29,1500,train,50,3.58,12,12,101.6608627856597,0.6875,0.5,adaptive_blind,0.59375,0.8260489447135533,0.5743106103023519,364.0,65.0,124.0,705.0,186.0,28.0,0.0,0.0,23.0,5.0,14.0,26.0,29.0,0.0,0.0,0.0,0.0,0.0,14.0,26.0,0.0,0.0,0.0,0.0
A_f0.7_blind__lamarckian__s29,A_f0.7_blind__lamarckian,A_f0.7_blind,A,lamarckian,29,1550,eval,50,3.66,6,6,90.7117620655385,0.7708333333333334,0.5,adaptive_blind,0.55,0.0,0.0,653.0,107.0,81.0,443.0,112.0,14.0,22.0,105.0,57.0,6.0,7.0,15.0,23.0,2.0,2.0,5.0,0.0,0.0,7.0,15.0,0.0,0.0,2.0,5.0
A_f0.7_blind__lamarckian__s29,A_f0.7_blind__lamarckian,A_f0.7_blind,A,lamarckian,29,1600,eval,50,3.8,19,19,97.7301125200564,0.7916666666666666,0.5,adaptive_blind,0.46,0.0,0.0,536.0,98.0,109.0,630.0,84.0,18.0,13.0,79.0,36.0,3.0,12.0,36.0,18.0,2.0,2.0,2.0,0.0,0.0,12.0,36.0,0.0,0.0,2.0,2.0
A_f0.7_blind__lamarckian__s29,A_f0.7_blind__lamarckian,A_f0.7_blind,A,lamarckian,29,1650,eval,50,3.86,9,9,114.6988528135233,0.6666666666666666,0.5,adaptive_blind,0.535,0.0,0.0,568.0,90.0,116.0,711.0,95.0,12.0,10.0,71.0,48.0,0.0,7.0,19.0,10.0,0.0,4.0,7.0,0.0,0.0,7.0,19.0,0.0,0.0,4.0,7.0
A_f0.7_blind__lamarckian__s29,A_f0.7_blind__lamarckian,A_f0.7_blind,A,lamarckian,29,1700,eval,50,3.96,11,11,133.67926697086892,0.5208333333333334,0.5,adaptive_blind,0.53,0.0,0.0,486.0,88.0,119.0,715.0,148.0,20.0,41.0,206.0,41.0,3.0,9.0,20.0,2.0,0.0,2.0,7.0,0.0,0.0,9.0,20.0,0.0,0.0,2.0,7.0
A_f0.7_blind__lamarckian__s29,A_f0.7_blind__lamarckian,A_f0.7_blind,A,lamarckian,29,1750,eval,50,3.98,3,3,150.67994280151447,0.3958333333333333,0.5,adaptive_blind,0.515,0.0,0.0,544.0,100.0,139.0,694.0,227.0,45.0,45.0,230.0,32.0,4.0,10.0,18.0,8.0,3.0,0.0,7.0,0.0,0.0,10.0,18.0,0.0,0.0,0.0,7.0
A_f0.7_blind__lamarckian__s29,A_f0.7_blind__lamarckian,A_f0.7_blind,A,lamarckian,29,1800,eval,50,4.16,9,9,158.9028974219181,0.5,0.5,adaptive_blind,0.48,0.0,0.0,627.0,116.0,127.0,587.0,184.0,40.0,31.0,235.0,21.0,6.0,10.0,26.0,9.0,6.0,0.0,8.0,0.0,0.0,10.0,26.0,0.0,0.0,0.0,8.0
A_f0.7_blind__lamarckian__s30,A_f0.7_blind__lamarckian,A_f0.7_blind,A,lamarckian,30,50,train,50,0.86,31,1,158.36784324803477,0.6458333333333334,0.5,adaptive_blind,0.5625,0.7731912678689732,0.4515316611842104,166.0,20.0,49.0,283.0,166.0,42.0,0.0,0.0,21.0,2.0,5.0,30.0,18.0,5.0,0.0,0.0,0.0,0.0,5.0,30.0,0.0,0.0,0.0,0.0
A_f0.7_blind__lamarckian__s30,A_f0.7_blind__lamarckian,A_f0.7_blind,A,lamarckian,30,100,train,50,0.84,11,11,63.63831737028761,0.9583333333333334,0.5,adaptive_blind,0.6,0.9462944081361488,0.5836035714285714,258.0,41.0,60.0,327.0,94.0,14.0,0.0,0.0,37.0,6.0,6.0,32.0,16.0,3.0,0.0,0.0,0.0,0.0,6.0,32.0,0.0,0.0,0.0,0.0
A_f0.7_blind__lamarckian__s30,A_f0.7_blind__lamarckian,A_f0.7_blind,A,lamarckian,30,150,train,50,0.92,13,13,152.3570418890394,0.5833333333333334,0.5,adaptive_blind,0.6125,0.8543961139828162,0.588134298618491,265.0,46.0,78.0,490.0,61.0,6.0,0.0,0.0,38.0,4.0,8.0,27.0,8.0,2.0,0.0,0.0,0.0,0.0,8.0,27.0,0.0,0.0,0.0,0.0
A_f0.7_blind__lamarckian__s30,A_f0.7_blind__lamarckian,A_f0.7_blind,A,lamarckian,30,200,train,50,0.9,8,8,101.79448325612313,0.7916666666666666,0.5,adaptive_blind,0.61875,0.8990421835683686,0.5925140675241158,352.0,66.0,78.0,409.0,94.0,21.0,0.0,0.0,38.0,5.0,8.0,28.0,21.0,3.0,0.0,0.0,0.0,0.0,8.0,28.0,0.0,0.0,0.0,0.0
A_f0.7_blind__lamarckian__s30,A_f0.7_blind__lamarckian,A_f0.7_blind,A,lamarckian,30,250,train,50,0.9,7,7,111.91600347622533,0.7291666666666666,0.5,adaptive_blind,0.575,0.9408473508335189,0.5977458467309751,402.0,69.0,68.0,410.0,146.0,30.0,0.0,0.0,39.0,2.0,9.0,21.0,17.0,5.0,0.0,0.0,0.0,0.0,9.0,21.0,0.0,0.0,0.0,0.0
A_f0.7_blind__lamarckian__s30,A_f0.7_blind__lamarckian,A_f0.7_blind,A,lamarckian,30,300,train,50,0.86,6,6,72.5181742852258,0.8333333333333334,0.5,adaptive_blind,0.59375,0.9113702475517104,0.5782256904487917,268.0,51.0,81.0,493.0,189.0,29.0,0.0,0.0,44.0,2.0,11.0,28.0,20.0,4.0,0.0,0.0,0.0,0.0,11.0,28.0,0.0,0.0,0.0,0.0
A_f0.7_blind__lamarckian__s30,A_f0.7_blind__lamarckian,A_f0.7_blind,A,lamarckian,30,350,train,50,0.86,9,9,93.30098407037852,0.7916666666666666,0.5,adaptive_blind,0.6,0.8521727749024928,0.5697412053056519,334.0,48.0,95.0,491.0,152.0,25.0,0.0,0.0,38.0,4.0,11.0,18.0,25.0,2.0,0.0,0.0,0.0,0.0,11.0,18.0,0.0,0.0,0.0,0.0
A_f0.7_blind__lamarckian__s30,A_f0.7_blind__lamarckian,A_f0.7_blind,A,lamarckian,30,400,train,50,0.92,10,10,75.1734358697316,0.8541666666666666,0.5,adaptive_blind,0.6,0.9266370217370052,0.6153265107212473,385.0,71.0,108.0,609.0,56.0,5.0,0.0,0.0,35.0,5.0,6.0,29.0,19.0,0.0,0.0,0.0,0.0,0.0,6.0,29.0,0.0,0.0,0.0,0.0
A_f0.7_blind__lamarckian__s30,A_f0.7_blind__lamarckian,A_f0.7_blind,A,lamarckian,30,450,train,50,0.92,7,7,73.2224239710821,0.8541666666666666,0.5,adaptive_blind,0.60625,0.9438763674379258,0.6087664807302231,382.0,60.0,134.0,642.0,101.0,20.0,0.0,0.0,28.0,3.0,16.0,33.0,20.0,1.0,0.0,0.0,0.0,0.0,16.0,33.0,0.0,0.0,0.0,0.0
A_f0.7_blind__lamarckian__s30,A_f0.7_blind__lamarckian,A_f0.7_blind,A,lamarckian,30,500,train,50,1.3,13,13,98.92126877563622,0.7916666666666666,0.5,adaptive_blind,0.6625,0.7778633994226601,0.5859058704453441,294.0,49.0,100.0,625.0,129.0,23.0,0.0,0.0,36.0,6.0,15.0,32.0,21.0,2.0,0.0,0.0,0.0,0.0,15.0,32.0,0.0,0.0,0.0,0.0
A_f0.7_blind__lamarckian__s30,A_f0.7_blind__lamarckian,A_f0.7_blind,A,lamarckian,30,550,train,50,1.56,16,16,83.10473718471775,0.8541666666666666,0.5,adaptive_blind,0.63125,0.8851052916468769,0.6041092026078234,367.0,64.0,101.0,497.0,88.0,18.0,0.0,0.0,47.0,4.0,15.0,24.0,16.0,1.0,0.0,0.0,0.0,0.0,15.0,24.0,0.0,0.0,0.0,0.0
A_f0.7_blind__lamarckian__s30,A_f0.7_blind__lamarckian,A_f0.7_blind,A,lamarckian,30,600,train,50,1.64,10,10,117.00201427864639,0.7708333333333334,0.5,adaptive_blind,0.65625,0.8825545354404412,0.5971088877338879,244.0,47.0,72.0,572.0,59.0,6.0,0.0,0.0,42.0,1.0,12.0,29.0,22.0,1.0,0.0,0.0,0.0,0.0,12.0,29.0,0.0,0.0,0.0,0.0
A_f0.7_blind__lamarckian__s30,A_f0.7_blind__lamarckian,A_f0.7_blind,A,lamarckian,30,650,train,50,1.7,11,11,73.6907105425311,0.8333333333333334,0.5,adaptive_blind,0.575,0.9885002202849001,0.6124331039755351,363.0,64.0,80.0,545.0,65.0,14.0,0.0,0.0,46.0,1.0,9.0,29.0,28.0,2.0,0.0,0.0,0.0,0.0,9.0,29.0,0.0,0.0,0.0,0.0
A_f0.7_blind__lamarckian__s30,A_f0.7_blind__lamarckian,A_f0.7_blind,A,lamarckian,30,700,train,50,1.8,14,14,59.7566703912336,0.8541666666666666,0.5,adaptive_blind,0.6125,0.7737783691210817,0.5666631593714926,360.0,57.0,73.0,453.0,69.0,11.0,0.0,0.0,55.0,3.0,15.0,21.0,19.0,2.0,0.0,0.0,0.0,0.0,15.0,21.0,0.0,0.0,0.0,0.0
A_f0.7_blind__lamarckian__s30,A_f0.7_blind__lamarckian,A_f0.7_blind,A,lamarckian,30,750,train,50,1.84,12,12,59.221842944952265,0.8958333333333334,0.5,adaptive_blind,0.66875,0.8048244513558523,0.5672427309007986,334.0,45.0,92.0,512.0,164.0,20.0,0.0,0.0,53.0,2.0,14.0,28.0,25.0,1.0,0.0,0.0,0.0,0.0,14.0,28.0,0.0,0.0,0.0,0.0
A_f0.7_blind__lamarckian__s30,A_f0.7_blind__lamarckian,A_f0.7_blind,A,lamarckian,30,800,train,50,1.86,3,3,89.36938865670365,0.7291666666666666,0.5,adaptive_blind,0.61875,0.8092825076499132,0.5487476880394573,297.0,52.0,83.0,494.0,90.0,21.0,0.0,0.0,52.0,4.0,14.0,17.0,19.0,1.0,0.0,0.0,0.0,0.0,14.0,17.0,0.0,0.0,0.0,0.0
A_f0.7_blind__lamarckian__s30,A_f0.7_blind__lamarckian,A_f0.7_blind,A,lamarckian,30,850,train,50,1.88,6,6,113.11220175903252,0.75,0.5,adaptive_blind,0.65625,0.8019090008655875,0.569036664779162,450.0,102.0,78.0,487.0,103.0,16.0,0.0,0.0,48.0,2.0,8.0,21.0,20.0,2.0,0.0,0.0,0.0,0.0,8.0,21.0,0.0,0.0,0.0,0.0
A_f0.7_blind__lamarckian__s30,A_f0.7_blind__lamarckian,A_f0.7_blind,A,lamarckian,30,900,train,50,1.94,7,7,115.76556311000863,0.6666666666666666,0.5,adaptive_blind,0.60625,0.9140538503227456,0.5829272598870052,496.0,97.0,106.0,670.0,129.0,34.0,0.0,0.0,42.0,4.0,15.0,14.0,26.0,1.0,0.0,0.0,0.0,0.0,15.0,14.0,0.0,0.0,0.0,0.0
A_f0.7_blind__lamarckian__s30,A_f0.7_blind__lamarckian,A_f0.7_blind,A,lamarckian,30,950,train,50,2.02,7,7,101.46784702002589,0.7916666666666666,0.5,adaptive_blind,0.60625,0.9086680542059253,0.5990346858638744,404.0,65.0,131.0,722.0,134.0,28.0,0.0,0.0,45.0,6.0,6.0,29.0,22.0,0.0,0.0,0.0,0.0,0.0,6.0,29.0,0.0,0.0,0.0,0.0
A_f0.7_blind__lamarckian__s30,A_f0.7_blind__lamarckian,A_f0.7_blind,A,lamarckian,30,1000,train,50,2.24,11,11,92.85621539267544,0.7916666666666666,0.5,adaptive_blind,0.625,0.8500838560024134,0.5998750000000002,381.0,82.0,124.0,715.0,62.0,9.0,0.0,0.0,51.0,4.0,13.0,25.0,18.0,1.0,0.0,0.0,0.0,0.0,13.0,25.0,0.0,0.0,0.0,0.0
A_f0.7_blind__lamarckian__s30,A_f0.7_blind__lamarckian,A_f0.7_blind,A,lamarckian,30,1050,train,50,2.36,11,11,79.57574171164485,0.8333333333333334,0.5,adaptive_blind,0.6125,1.01963753535771,0.6272381756756757,301.0,42.0,116.0,677.0,109.0,17.0,0.0,0.0,47.0,0.0,24.0,24.0,19.0,1.0,0.0,0.0,0.0,0.0,24.0,24.0,0.0,0.0,0.0,0.0
A_f0.7_blind__lamarckian__s30,A_f0.7_blind__lamarckian,A_f0.7_blind,A,lamarckian,30,1100,train,50,2.48,13,13,82.86357339758,0.8125,0.5,adaptive_blind,0.625,0.9024016849343072,0.5956435381355931,471.0,65.0,91.0,544.0,114.0,27.0,0.0,0.0,44.0,2.0,15.0,19.0,24.0,2.0,0.0,0.0,0.0,0.0,15.0,19.0,0.0,0.0,0.0,0.0
A_f0.7_blind__lamarckian__s30,A_f0.7_blind__lamarckian,A_f0.7_blind,A,lamarckian,30,1150,train,50,2.62,11,11,55.53549793941511,0.9583333333333334,0.5,adaptive_blind,0.6,0.7551567639103021,0.5395279666254638,506.0,85.0,98.0,514.0,60.0,14.0,0.0,0.0,68.0,2.0,15.0,15.0,28.0,1.0,0.0,0.0,0.0,0.0,15.0,15.0,0.0,0.0,0.0,0.0
A_f0.7_blind__lamarckian__s30,A_f0.7_blind__lamarckian,A_f0.7_blind,A,lamarckian,30,1200,train,50,2.74,12,12,62.789469464042774,0.8541666666666666,0.5,adaptive_blind,0.58125,0.6895403665890777,0.5242788461538459,337.0,61.0,79.0,373.0,90.0,21.0,0.0,0.0,54.0,2.0,12.0,16.0,23.0,2.0,0.0,0.0,0.0,0.0,12.0,16.0,0.0,0.0,0.0,0.0
A_f0.7_blind__lamarckian__s30,A_f0.7_blind__lamarckian,A_f0.7_blind,A,lamarckian,30,1250,train,50,2.86,25,25,64.6396403101399,0.9166666666666666,0.5,adaptive_blind,0.5875,0.9345475844442372,0.5921857886089816,303.0,55.0,88.0,499.0,92.0,22.0,0.0,0.0,36.0,3.0,20.0,31.0,27.0,2.0,0.0,0.0,0.0,0.0,20.0,31.0,0.0,0.0,0.0,0.0
A_f0.7_blind__lamarckian__s30,A_f0.7_blind__lamarckian,A_f0.7_blind,A,lamarckian,30,1300,train,50,2.94,20,20,89.95280573823125,0.8541666666666666,0.5,adaptive_blind,0.61875,0.791632455342987,0.5759719222462203,428.0,75.0,89.0,573.0,67.0,6.0,0.0,0.0,41.0,4.0,8.0,35.0,20.0,1.0,0.0,0.0,0.0,0.0,8.0,35.0,0.0,0.0,0.0,0.0
A_f0.7_blind__lamarckian__s30,A_f0.7_blind__lamarckian,A_f0.7_blind,A,lamarckian,30,1350,train,50,3.18,16,16,68.96757155565825,0.8541666666666666,0.5,adaptive_blind,0.59375,0.9152157080815153,0.614018378773125,298.0,62.0,87.0,586.0,98.0,17.0,0.0,0.0,48.0,1.0,13.0,29.0,29.0,3.0,0.0,0.0,0.0,0.0,13.0,29.0,0.0,0.0,0.0,0.0
A_f0.7_blind__lamarckian__s30,A_f0.7_blind__lamarckian,A_f0.7_blind,A,lamarckian,30,1400,train,50,3.42,13,13,61.07918921870454,0.8541666666666666,0.5,adaptive_blind,0.64375,0.7956111580886431,0.5674723952434881,320.0,56.0,89.0,472.0,125.0,26.0,0.0,0.0,62.0,3.0,16.0,20.0,16.0,3.0,0.0,0.0,0.0,0.0,16.0,20.0,0.0,0.0,0.0,0.0
A_f0.7_blind__lamarckian__s30,A_f0.7_blind__lamarckian,A_f0.7_blind,A,lamarckian,30,1450,train,50,3.58,17,17,49.184187586812065,0.9375,0.5,adaptive_blind,0.60625,0.7369829216598751,0.5212166666666667,295.0,49.0,44.0,296.0,116.0,21.0,0.0,0.0,51.0,5.0,7.0,27.0,28.0,2.0,0.0,0.0,0.0,0.0,7.0,27.0,0.0,0.0,0.0,0.0
A_f0.7_blind__lamarckian__s30,A_f0.7_blind__lamarckian,A_f0.7_blind,A,lamarckian,30,1500,train,43,3.697674418604651,11,18,49.649520361800114,0.9166666666666666,0.5,adaptive_blind,0.625,0.8367257544729275,0.5820918642241375,276.0,47.0,77.0,341.0,53.0,6.0,0.0,0.0,57.0,1.0,20.0,16.0,20.0,1.0,0.0,0.0,0.0,0.0,20.0,16.0,0.0,0.0,0.0,0.0
A_f0.7_blind__lamarckian__s30,A_f0.7_blind__lamarckian,A_f0.7_blind,A,lamarckian,30,1550,eval,43,3.9069767441860463,23,23,104.33854201815686,0.8125,0.5,adaptive_blind,0.49,0.0,0.0,393.0,69.0,62.0,364.0,25.0,1.0,6.0,30.0,47.0,4.0,12.0,18.0,14.0,0.0,4.0,2.0,0.0,0.0,12.0,18.0,0.0,0.0,4.0,2.0
A_f0.7_blind__lamarckian__s30,A_f0.7_blind__lamarckian,A_f0.7_blind,A,lamarckian,30,1600,eval,50,4.08,15,8,68.39143084434625,0.9166666666666666,0.5,adaptive_blind,0.52,0.0,0.0,569.0,102.0,62.0,331.0,47.0,8.0,12.0,71.0,54.0,7.0,8.0,26.0,9.0,2.0,6.0,8.0,0.0,0.0,8.0,26.0,0.0,0.0,6.0,8.0
A_f0.7_blind__lamarckian__s30,A_f0.7_blind__lamarckian,A_f0.7_blind,A,lamarckian,30,1650,eval,47,4.191489361702128,14,17,77.32453312073724,0.8541666666666666,0.5,adaptive_blind,0.5,0.0,0.0,448.0,78.0,79.0,415.0,74.0,16.0,4.0,41.0,52.0,3.0,13.0,24.0,14.0,1.0,1.0,5.0,0.0,0.0,13.0,24.0,0.0,0.0,1.0,5.0
A_f0.7_blind__lamarckian__s30,A_f0.7_blind__lamarckian,A_f0.7_blind,A,lamarckian,30,1700,eval,50,4.5,14,11,94.10863446095877,0.7916666666666666,0.5,adaptive_blind,0.49,0.0,0.0,608.0,117.0,88.0,395.0,39.0,10.0,25.0,92.0,50.0,3.0,19.0,17.0,10.0,1.0,8.0,3.0,0.0,0.0,19.0,17.0,0.0,0.0,8.0,3.0
A_f0.7_blind__lamarckian__s30,A_f0.7_blind__lamarckian,A_f0.7_blind,A,lamarckian,30,1750,eval,50,4.52,6,6,106.84173178600528,0.7708333333333334,0.5,adaptive_blind,0.52,0.0,0.0,815.0,117.0,80.0,462.0,62.0,6.0,10.0,56.0,47.0,3.0,8.0,20.0,13.0,0.0,5.0,2.0,0.0,0.0,8.0,20.0,0.0,0.0,5.0,2.0
A_f0.7_blind__lamarckian__s30,A_f0.7_blind__lamarckian,A_f0.7_blind,A,lamarckian,30,1800,eval,50,4.54,6,6,107.00431899376406,0.7083333333333334,0.5,adaptive_blind,0.53,0.0,0.0,680.0,119.0,97.0,556.0,40.0,4.0,24.0,124.0,46.0,4.0,11.0,21.0,16.0,0.0,6.0,8.0,0.0,0.0,11.0,21.0,0.0,0.0,6.0,8.0
