run_id,cell_id,condition,family,inheritance_mode,seed,window_end_tick,phase,population,mean_generation,births,deaths,total_stock,suppressed_fraction,coverage_realised,monitor_policy,mask_overlap,weight_kl,weight_gini,opportunities__train__m0__c0,opportunities__train__m0__c1,opportunities__train__m1__c0,opportunities__train__m1__c1,opportunities__heldout__m0__c0,opportunities__heldout__m0__c1,opportunities__heldout__m1__c0,opportunities__heldout__m1__c1,defections__train__m0__c0,defections__train__m0__c1,defections__train__m1__c0,defections__train__m1__c1,defections__heldout__m0__c0,defections__heldout__m0__c1,defections__heldout__m1__c0,defections__heldout__m1__c1,penalties__train__m0__c0,penalties__train__m0__c1,penalties__train__m1__c0,penalties__train__m1__c1,penalties__heldout__m0__c0,penalties__heldout__m0__c1,penalties__heldout__m1__c0,penalties__heldout__m1__c1
A_f0.7_move__lamarckian__s1,A_f0.7_move__lamarckian,A_f0.7_move,A,lamarckian,1,50,train,50,0.66,33,3,112.71987256392565,0.7708333333333334,0.5,adaptive_move,0.525,0.06294630710324602,0.11004648760330582,310.0,70.0,61.0,314.0,60.0,8.0,0.0,0.0,42.0,8.0,6.0,37.0,18.0,0.0,0.0,0.0,0.0,0.0,6.0,37.0,0.0,0.0,0.0,0.0
A_f0.7_move__lamarckian__s1,A_f0.7_move__lamarckian,A_f0.7_move,A,lamarckian,1,100,train,50,0.76,10,10,81.08494775074848,0.8541666666666666,0.5,adaptive_move,0.5875,0.058628420642267295,0.11997798102981005,374.0,57.0,51.0,314.0,52.0,11.0,0.0,0.0,40.0,9.0,3.0,25.0,13.0,2.0,0.0,0.0,0.0,0.0,3.0,25.0,0.0,0.0,0.0,0.0
A_f0.7_move__lamarckian__s1,A_f0.7_move__lamarckian,A_f0.7_move,A,lamarckian,1,150,train,50,0.88,12,12,87.64582282044364,0.7916666666666666,0.5,adaptive_move,0.56875,0.10392992540133654,0.1865962009803921,391.0,72.0,62.0,368.0,78.0,15.0,0.0,0.0,43.0,2.0,8.0,29.0,16.0,2.0,0.0,0.0,0.0,0.0,8.0,29.0,0.0,0.0,0.0,0.0
A_f0.7_move__lamarckian__s1,A_f0.7_move__lamarckian,A_f0.7_move,A,lamarckian,1,200,train,50,0.9,6,6,99.81411728717019,0.7708333333333334,0.5,adaptive_move,0.53125,0.11217816736724345,0.17087563451776644,469.0,67.0,65.0,465.0,79.0,9.0,0.0,0.0,50.0,5.0,7.0,24.0,8.0,1.0,0.0,0.0,0.0,0.0,7.0,24.0,0.0,0.0,0.0,0.0
A_f0.7_move__lamarckian__s1,A_f0.7_move__lamarckian,A_f0.7_move,A,lamarckian,1,250,train,50,0.88,13,13,119.91763913134187,0.7291666666666666,0.5,adaptive_move,0.5,0.08651045145233993,0.1639435279187813,494.0,101.0,94.0,404.0,86.0,9.0,0.0,0.0,38.0,6.0,20.0,28.0,17.0,2.0,0.0,0.0,0.0,0.0,20.0,28.0,0.0,0.0,0.0,0.0
A_f0.7_move__lamarckian__s1,A_f0.7_move__lamarckian,A_f0.7_move,A,lamarckian,1,300,train,50,0.86,6,6,79.35854986668723,0.7916666666666666,0.5,adaptive_move,0.50625,0.07349686658067499,0.1425442913385826,617.0,104.0,63.0,360.0,105.0,23.0,0.0,0.0,54.0,4.0,9.0,16.0,31.0,3.0,0.0,0.0,0.0,0.0,9.0,16.0,0.0,0.0,0.0,0.0
A_f0.7_move__lamarckian__s1,A_f0.7_move__lamarckian,A_f0.7_move,A,lamarckian,1,350,train,50,0.86,6,6,72.81428892877767,0.9166666666666666,0.5,adaptive_move,0.55,0.06475918290917658,0.12489049865229118,371.0,77.0,75.0,473.0,117.0,27.0,0.0,0.0,52.0,4.0,13.0,26.0,16.0,0.0,0.0,0.0,0.0,0.0,13.0,26.0,0.0,0.0,0.0,0.0
A_f0.7_move__lamarckian__s1,A_f0.7_move__lamarckian,A_f0.7_move,A,lamarckian,1,400,train,50,0.86,5,5,82.72449545914581,0.7916666666666666,0.5,adaptive_move,0.5625,0.09679066244340495,0.17734763681592058,381.0,72.0,87.0,594.0,153.0,29.0,0.0,0.0,50.0,5.0,14.0,21.0,19.0,0.0,0.0,0.0,0.0,0.0,14.0,21.0,0.0,0.0,0.0,0.0
A_f0.7_move__lamarckian__s1,A_f0.7_move__lamarckian,A_f0.7_move,A,lamarckian,1,450,train,50,0.84,6,6,69.36130389071084,0.9166666666666666,0.5,adaptive_move,0.56875,0.1029326116936262,0.18092512376237613,406.0,83.0,94.0,481.0,124.0,17.0,0.0,0.0,55.0,3.0,19.0,9.0,14.0,0.0,0.0,0.0,0.0,0.0,19.0,9.0,0.0,0.0,0.0,0.0
A_f0.7_move__lamarckian__s1,A_f0.7_move__lamarckian,A_f0.7_move,A,lamarckian,1,500,train,49,1.2244897959183674,16,17,58.74322330823846,0.9166666666666666,0.5,adaptive_move,0.5625,0.08436473807799297,0.16686870277078092,393.0,66.0,109.0,609.0,58.0,8.0,0.0,0.0,51.0,4.0,19.0,27.0,15.0,0.0,0.0,0.0,0.0,0.0,19.0,27.0,0.0,0.0,0.0,0.0
A_f0.7_move__lamarckian__s1,A_f0.7_move__lamarckian,A_f0.7_move,A,lamarckian,1,550,train,50,1.68,27,26,117.37734327032796,0.75,0.5,adaptive_move,0.58125,0.12437255965184184,0.2309785634743875,241.0,60.0,77.0,365.0,87.0,22.0,0.0,0.0,38.0,2.0,13.0,28.0,12.0,3.0,0.0,0.0,0.0,0.0,13.0,28.0,0.0,0.0,0.0,0.0
A_f0.7_move__lamarckian__s1,A_f0.7_move__lamarckian,A_f0.7_move,A,lamarckian,1,600,train,50,1.9,18,18,53.01246624031376,0.9375,0.5,adaptive_move,0.575,0.12648213443650175,0.2151723130841119,325.0,57.0,84.0,493.0,102.0,27.0,0.0,0.0,53.0,3.0,19.0,27.0,27.0,2.0,0.0,0.0,0.0,0.0,19.0,27.0,0.0,0.0,0.0,0.0
A_f0.7_move__lamarckian__s1,A_f0.7_move__lamarckian,A_f0.7_move,A,lamarckian,1,650,train,44,2.25,20,26,63.98271637008951,0.8958333333333334,0.5,adaptive_move,0.6,0.19967776172801413,0.2648369565217392,224.0,60.0,81.0,527.0,68.0,9.0,0.0,0.0,55.0,3.0,20.0,29.0,17.0,0.0,0.0,0.0,0.0,0.0,20.0,29.0,0.0,0.0,0.0,0.0
A_f0.7_move__lamarckian__s1,A_f0.7_move__lamarckian,A_f0.7_move,A,lamarckian,1,700,train,50,2.54,19,13,59.75599966234219,0.875,0.5,adaptive_move,0.55625,0.1134681439715789,0.18293269230769238,313.0,49.0,91.0,456.0,142.0,21.0,0.0,0.0,53.0,2.0,17.0,19.0,15.0,2.0,0.0,0.0,0.0,0.0,17.0,19.0,0.0,0.0,0.0,0.0
A_f0.7_move__lamarckian__s1,A_f0.7_move__lamarckian,A_f0.7_move,A,lamarckian,1,750,train,48,2.6458333333333335,15,17,46.785952167917976,0.8958333333333334,0.5,adaptive_move,0.5375,0.12004917667710083,0.2138184731934729,300.0,73.0,70.0,400.0,108.0,25.0,0.0,0.0,54.0,3.0,11.0,30.0,17.0,2.0,0.0,0.0,0.0,0.0,11.0,30.0,0.0,0.0,0.0,0.0
A_f0.7_move__lamarckian__s1,A_f0.7_move__lamarckian,A_f0.7_move,A,lamarckian,1,800,train,45,2.688888888888889,12,15,74.18744700094553,0.8541666666666666,0.5,adaptive_move,0.575,0.0678535438629273,0.1430727806788512,390.0,90.0,83.0,337.0,51.0,3.0,0.0,0.0,47.0,9.0,12.0,19.0,15.0,0.0,0.0,0.0,0.0,0.0,12.0,19.0,0.0,0.0,0.0,0.0
A_f0.7_move__lamarckian__s1,A_f0.7_move__lamarckian,A_f0.7_move,A,lamarckian,1,850,train,50,2.88,22,17,61.71716153781496,0.9166666666666666,0.5,adaptive_move,0.58125,0.106583412427179,0.16952728426395924,409.0,81.0,74.0,431.0,178.0,40.0,0.0,0.0,52.0,5.0,13.0,22.0,14.0,4.0,0.0,0.0,0.0,0.0,13.0,22.0,0.0,0.0,0.0,0.0
A_f0.7_move__lamarckian__s1,A_f0.7_move__lamarckian,A_f0.7_move,A,lamarckian,1,900,train,47,2.9361702127659575,13,16,93.33811628653723,0.75,0.5,adaptive_move,0.5625,0.09073140124517305,0.17632599255583137,286.0,57.0,67.0,368.0,102.0,19.0,0.0,0.0,41.0,3.0,16.0,14.0,19.0,0.0,0.0,0.0,0.0,0.0,16.0,14.0,0.0,0.0,0.0,0.0
A_f0.7_move__lamarckian__s1,A_f0.7_move__lamarckian,A_f0.7_move,A,lamarckian,1,950,train,45,3.1333333333333333,14,16,47.81205088968352,0.9583333333333334,0.5,adaptive_move,0.60625,0.13885201078011308,0.23063920454545417,338.0,63.0,56.0,365.0,59.0,13.0,0.0,0.0,58.0,4.0,16.0,25.0,22.0,2.0,0.0,0.0,0.0,0.0,16.0,25.0,0.0,0.0,0.0,0.0
A_f0.7_move__lamarckian__s1,A_f0.7_move__lamarckian,A_f0.7_move,A,lamarckian,1,1000,train,35,3.2,6,16,70.95379164055817,0.8333333333333334,0.5,adaptive_move,0.55,0.11385266725606909,0.1966334541062802,261.0,34.0,60.0,420.0,39.0,5.0,0.0,0.0,48.0,2.0,12.0,21.0,21.0,0.0,0.0,0.0,0.0,0.0,12.0,21.0,0.0,0.0,0.0,0.0
A_f0.7_move__lamarckian__s1,A_f0.7_move__lamarckian,A_f0.7_move,A,lamarckian,1,1050,train,42,3.619047619047619,20,13,46.23294124097279,0.9583333333333334,0.5,adaptive_move,0.58125,0.11453764692389282,0.19768825301204807,332.0,52.0,64.0,305.0,81.0,9.0,0.0,0.0,70.0,2.0,18.0,13.0,20.0,4.0,0.0,0.0,0.0,0.0,18.0,13.0,0.0,0.0,0.0,0.0
A_f0.7_move__lamarckian__s1,A_f0.7_move__lamarckian,A_f0.7_move,A,lamarckian,1,1100,train,36,3.75,8,14,74.42421490899974,0.8333333333333334,0.5,adaptive_move,0.575,0.14070541026828745,0.2209011627906976,270.0,34.0,48.0,260.0,47.0,7.0,0.0,0.0,61.0,1.0,16.0,15.0,22.0,0.0,0.0,0.0,0.0,0.0,16.0,15.0,0.0,0.0,0.0,0.0
A_f0.7_move__lamarckian__s1,A_f0.7_move__lamarckian,A_f0.7_move,A,lamarckian,1,1150,train,36,4.138888888888889,9,9,76.64833658160657,0.8333333333333334,0.5,adaptive_move,0.5375,0.15392234277932326,0.22743375576036873,266.0,50.0,49.0,200.0,25.0,3.0,0.0,0.0,65.0,2.0,9.0,15.0,14.0,2.0,0.0,0.0,0.0,0.0,9.0,15.0,0.0,0.0,0.0,0.0
A_f0.7_move__lamarckian__s1,A_f0.7_move__lamarckian,A_f0.7_move,A,lamarckian,1,1200,train,44,4.568181818181818,20,12,69.06809635050084,0.9375,0.5,adaptive_move,0.5875,0.10011013050059239,0.17525000000000013,275.0,58.0,56.0,313.0,29.0,3.0,0.0,0.0,59.0,2.0,14.0,13.0,19.0,1.0,0.0,0.0,0.0,0.0,14.0,13.0,0.0,0.0,0.0,0.0
A_f0.7_move__lamarckian__s1,A_f0.7_move__lamarckian,A_f0.7_move,A,lamarckian,1,1250,train,47,4.723404255319149,16,13,48.184414738710956,0.9375,0.5,adaptive_move,0.5875,0.10527882297614354,0.18714767156862755,246.0,54.0,48.0,318.0,41.0,5.0,0.0,0.0,49.0,5.0,15.0,22.0,26.0,3.0,0.0,0.0,0.0,0.0,15.0,22.0,0.0,0.0,0.0,0.0
A_f0.7_move__lamarckian__s1,A_f0.7_move__lamarckian,A_f0.7_move,A,lamarckian,1,1300,train,31,4.645161290322581,3,19,60.258041903061056,0.9166666666666666,0.5,adaptive_move,0.53125,0.08421514822871559,0.15401324289405682,174.0,27.0,56.0,316.0,32.0,5.0,0.0,0.0,56.0,2.0,16.0,19.0,18.0,3.0,0.0,0.0,0.0,0.0,16.0,19.0,0.0,0.0,0.0,0.0
A_f0.7_move__lamarckian__s1,A_f0.7_move__lamarckian,A_f0.7_move,A,lamarckian,1,1350,train,32,4.9375,16,15,89.53790369100906,0.8333333333333334,0.5,adaptive_move,0.58125,0.09862407653578151,0.1865701219512197,299.0,49.0,69.0,345.0,37.0,2.0,0.0,0.0,60.0,2.0,18.0,19.0,21.0,1.0,0.0,0.0,0.0,0.0,18.0,19.0,0.0,0.0,0.0,0.0
A_f0.7_move__lamarckian__s1,A_f0.7_move__lamarckian,A_f0.7_move,A,lamarckian,1,1400,train,41,5.121951219512195,15,6,68.32126109971145,0.8958333333333334,0.5,adaptive_move,0.6,0.12235588942627694,0.19418339416058394,301.0,46.0,63.0,370.0,36.0,7.0,0.0,0.0,66.0,3.0,11.0,26.0,21.0,3.0,0.0,0.0,0.0,0.0,11.0,26.0,0.0,0.0,0.0,0.0
A_f0.7_move__lamarckian__s1,A_f0.7_move__lamarckian,A_f0.7_move,A,lamarckian,1,1450,train,38,5.105263157894737,12,15,74.85196984495212,0.8333333333333334,0.5,adaptive_move,0.55625,0.0874075842407988,0.17048088972431064,226.0,40.0,70.0,370.0,96.0,16.0,0.0,0.0,60.0,3.0,11.0,25.0,16.0,1.0,0.0,0.0,0.0,0.0,11.0,25.0,0.0,0.0,0.0,0.0
A_f0.7_move__lamarckian__s1,A_f0.7_move__lamarckian,A_f0.7_move,A,lamarckian,1,1500,train,35,5.228571428571429,10,13,84.9237681226059,0.8541666666666666,0.5,adaptive_move,0.575,0.14869843569479646,0.23481334841628976,293.0,54.0,58.0,365.0,39.0,6.0,0.0,0.0,63.0,4.0,15.0,21.0,12.0,2.0,0.0,0.0,0.0,0.0,15.0,21.0,0.0,0.0,0.0,0.0
A_f0.7_move__lamarckian__s1,A_f0.7_move__lamarckian,A_f0.7_move,A,lamarckian,1,1550,eval,45,5.733333333333333,24,14,83.06839777701515,0.8541666666666666,0.5,adaptive_move,0.49,0.0,0.0,334.0,76.0,74.0,364.0,94.0,17.0,12.0,61.0,56.0,2.0,16.0,22.0,12.0,3.0,1.0,5.0,0.0,0.0,16.0,22.0,0.0,0.0,1.0,5.0
A_f0.7_move__lamarckian__s1,A_f0.7_move__lamarckian,A_f0.7_move,A,lamarckian,1,1600,eval,41,5.7317073170731705,8,12,70.22018231725154,0.8541666666666666,0.5,adaptive_move,0.54,0.0,0.0,331.0,40.0,81.0,423.0,48.0,7.0,10.0,84.0,57.0,3.0,17.0,17.0,10.0,1.0,1.0,6.0,0.0,0.0,17.0,17.0,0.0,0.0,1.0,6.0
A_f0.7_move__lamarckian__s1,A_f0.7_move__lamarckian,A_f0.7_move,A,lamarckian,1,1650,eval,49,5.938775510204081,17,9,86.77791859164255,0.8541666666666666,0.5,adaptive_move,0.51,0.0,0.0,463.0,77.0,61.0,443.0,67.0,16.0,9.0,26.0,54.0,4.0,9.0,23.0,14.0,1.0,4.0,1.0,0.0,0.0,9.0,23.0,0.0,0.0,4.0,1.0
A_f0.7_move__lamarckian__s1,A_f0.7_move__lamarckian,A_f0.7_move,A,lamarckian,1,1700,eval,46,5.956521739130435,15,18,75.9603722265804,0.875,0.5,adaptive_move,0.535,0.0,0.0,494.0,70.0,91.0,570.0,50.0,10.0,16.0,105.0,53.0,1.0,21.0,29.0,9.0,1.0,4.0,4.0,0.0,0.0,21.0,29.0,0.0,0.0,4.0,4.0
A_f0.7_move__lamarckian__s1,A_f0.7_move__lamarckian,A_f0.7_move,A,lamarckian,1,1750,eval,41,6.121951219512195,12,17,80.39507283931485,0.8125,0.5,adaptive_move,0.49,0.0,0.0,387.0,65.0,101.0,549.0,70.0,11.0,17.0,87.0,55.0,1.0,19.0,19.0,14.0,1.0,2.0,8.0,0.0,0.0,19.0,19.0,0.0,0.0,2.0,8.0
A_f0.7_move__lamarckian__s1,A_f0.7_move__lamarckian,A_f0.7_move,A,lamarckian,1,1800,eval,45,6.488888888888889,19,15,74.80442885679017,0.8958333333333334,0.5,adaptive_move,0.515,0.0,0.0,452.0,75.0,98.0,507.0,55.0,11.0,10.0,53.0,52.0,4.0,18.0,20.0,12.0,3.0,1.0,2.0,0.0,0.0,18.0,20.0,0.0,0.0,1.0,2.0
A_f0.7_move__lamarckian__s2,A_f0.7_move__lamarckian,A_f0.7_move,A,lamarckian,2,50,train,46,0.717391304347826,30,4,84.7590952438961,0.8541666666666666,0.5,adaptive_move,0.51875,0.067938895588787,0.1165300546448087,114.0,15.0,26.0,155.0,53.0,15.0,0.0,0.0,32.0,6.0,8.0,30.0,20.0,8.0,0.0,0.0,0.0,0.0,8.0,30.0,0.0,0.0,0.0,0.0
A_f0.7_move__lamarckian__s2,A_f0.7_move__lamarckian,A_f0.7_move,A,lamarckian,2,100,train,42,0.8095238095238095,9,13,71.02080175073878,0.9166666666666666,0.5,adaptive_move,0.51875,0.059309573996225,0.12703877005347608,396.0,66.0,56.0,300.0,84.0,7.0,0.0,0.0,48.0,9.0,8.0,32.0,20.0,1.0,0.0,0.0,0.0,0.0,8.0,32.0,0.0,0.0,0.0,0.0
A_f0.7_move__lamarckian__s2,A_f0.7_move__lamarckian,A_f0.7_move,A,lamarckian,2,150,train,40,0.95,13,15,99.92991431273045,0.7916666666666666,0.5,adaptive_move,0.5625,0.10194622163891098,0.18472819410319397,331.0,53.0,54.0,309.0,141.0,31.0,0.0,0.0,35.0,7.0,8.0,33.0,22.0,2.0,0.0,0.0,0.0,0.0,8.0,33.0,0.0,0.0,0.0,0.0
A_f0.7_move__lamarckian__s2,A_f0.7_move__lamarckian,A_f0.7_move,A,lamarckian,2,200,train,50,1.02,17,7,47.55284111033399,0.9166666666666666,0.5,adaptive_move,0.5625,0.0778250451939165,0.14672813315926914,355.0,75.0,44.0,346.0,131.0,27.0,0.0,0.0,44.0,12.0,6.0,31.0,24.0,3.0,0.0,0.0,0.0,0.0,6.0,31.0,0.0,0.0,0.0,0.0
A_f0.7_move__lamarckian__s2,A_f0.7_move__lamarckian,A_f0.7_move,A,lamarckian,2,250,train,50,1.24,18,18,110.65803225357595,0.7083333333333334,0.5,adaptive_move,0.51875,0.12724025085315296,0.19922064164648878,248.0,30.0,45.0,285.0,93.0,15.0,0.0,0.0,27.0,5.0,6.0,23.0,22.0,2.0,0.0,0.0,0.0,0.0,6.0,23.0,0.0,0.0,0.0,0.0
A_f0.7_move__lamarckian__s2,A_f0.7_move__lamarckian,A_f0.7_move,A,lamarckian,2,300,train,50,1.56,18,18,71.12520702413431,0.8333333333333334,0.5,adaptive_move,0.6,0.11757885654239021,0.1958937198067634,296.0,49.0,68.0,513.0,128.0,30.0,0.0,0.0,40.0,3.0,8.0,38.0,19.0,6.0,0.0,0.0,0.0,0.0,8.0,38.0,0.0,0.0,0.0,0.0
A_f0.7_move__lamarckian__s2,A_f0.7_move__lamarckian,A_f0.7_move,A,lamarckian,2,350,train,50,1.58,8,8,78.67192349514164,0.8333333333333334,0.5,adaptive_move,0.53125,0.09371612653288058,0.17738058312655114,399.0,76.0,83.0,409.0,79.0,14.0,0.0,0.0,39.0,5.0,13.0,28.0,16.0,4.0,0.0,0.0,0.0,0.0,13.0,28.0,0.0,0.0,0.0,0.0
A_f0.7_move__lamarckian__s2,A_f0.7_move__lamarckian,A_f0.7_move,A,lamarckian,2,400,train,50,1.48,11,11,124.09787974709275,0.6666666666666666,0.5,adaptive_move,0.50625,0.07643381382413492,0.13350833333333334,434.0,74.0,95.0,548.0,58.0,8.0,0.0,0.0,36.0,1.0,15.0,13.0,13.0,2.0,0.0,0.0,0.0,0.0,15.0,13.0,0.0,0.0,0.0,0.0
A_f0.7_move__lamarckian__s2,A_f0.7_move__lamarckian,A_f0.7_move,A,lamarckian,2,450,train,50,1.46,4,4,109.86575889214521,0.6666666666666666,0.5,adaptive_move,0.54375,0.08383198248421427,0.14782147519582245,581.0,104.0,118.0,702.0,134.0,33.0,0.0,0.0,38.0,2.0,9.0,23.0,24.0,4.0,0.0,0.0,0.0,0.0,9.0,23.0,0.0,0.0,0.0,0.0
A_f0.7_move__lamarckian__s2,A_f0.7_move__lamarckian,A_f0.7_move,A,lamarckian,2,500,train,50,1.68,10,10,118.56224564274817,0.6458333333333334,0.5,adaptive_move,0.5125,0.06819874199401749,0.13808542216358832,542.0,104.0,162.0,914.0,98.0,20.0,0.0,0.0,31.0,5.0,16.0,25.0,15.0,0.0,0.0,0.0,0.0,0.0,16.0,25.0,0.0,0.0,0.0,0.0
A_f0.7_move__lamarckian__s2,A_f0.7_move__lamarckian,A_f0.7_move,A,lamarckian,2,550,train,50,1.8,8,8,149.48297851772952,0.625,0.5,adaptive_move,0.54375,0.12139261892242137,0.19497414841849148,500.0,78.0,116.0,681.0,121.0,16.0,0.0,0.0,40.0,1.0,8.0,22.0,19.0,1.0,0.0,0.0,0.0,0.0,8.0,22.0,0.0,0.0,0.0,0.0
A_f0.7_move__lamarckian__s2,A_f0.7_move__lamarckian,A_f0.7_move,A,lamarckian,2,600,train,50,1.86,5,5,85.91064601104853,0.875,0.5,adaptive_move,0.5625,0.1198331891243677,0.20727689125295523,378.0,61.0,93.0,551.0,98.0,19.0,0.0,0.0,45.0,2.0,13.0,27.0,18.0,5.0,0.0,0.0,0.0,0.0,13.0,27.0,0.0,0.0,0.0,0.0
A_f0.7_move__lamarckian__s2,A_f0.7_move__lamarckian,A_f0.7_move,A,lamarckian,2,650,train,50,1.96,6,6,110.2784289882133,0.7291666666666666,0.5,adaptive_move,0.55,0.08362464968178158,0.1544458762886598,462.0,83.0,86.0,529.0,133.0,23.0,0.0,0.0,39.0,1.0,15.0,18.0,20.0,3.0,0.0,0.0,0.0,0.0,15.0,18.0,0.0,0.0,0.0,0.0
A_f0.7_move__lamarckian__s2,A_f0.7_move__lamarckian,A_f0.7_move,A,lamarckian,2,700,train,50,2.0,5,5,132.23080746457384,0.6458333333333334,0.5,adaptive_move,0.59375,0.08494232867763371,0.16207856234096707,454.0,89.0,90.0,537.0,105.0,23.0,0.0,0.0,50.0,4.0,11.0,19.0,12.0,1.0,0.0,0.0,0.0,0.0,11.0,19.0,0.0,0.0,0.0,0.0
A_f0.7_move__lamarckian__s2,A_f0.7_move__lamarckian,A_f0.7_move,A,lamarckian,2,750,train,50,2.2,12,12,53.0608432117358,0.9166666666666666,0.5,adaptive_move,0.5375,0.13305065701360907,0.18171209273182942,409.0,91.0,86.0,512.0,220.0,33.0,0.0,0.0,56.0,4.0,17.0,20.0,24.0,2.0,0.0,0.0,0.0,0.0,17.0,20.0,0.0,0.0,0.0,0.0
A_f0.7_move__lamarckian__s2,A_f0.7_move__lamarckian,A_f0.7_move,A,lamarckian,2,800,train,50,2.28,15,15,97.21606436027066,0.8333333333333334,0.5,adaptive_move,0.53125,0.10823105981093221,0.2034796099290781,295.0,57.0,70.0,444.0,96.0,14.0,0.0,0.0,46.0,1.0,9.0,23.0,19.0,0.0,0.0,0.0,0.0,0.0,9.0,23.0,0.0,0.0,0.0,0.0
A_f0.7_move__lamarckian__s2,A_f0.7_move__lamarckian,A_f0.7_move,A,lamarckian,2,850,train,50,2.34,9,9,65.51755135905218,0.8541666666666666,0.5,adaptive_move,0.56875,0.1362167855342029,0.21615316901408455,343.0,58.0,78.0,554.0,63.0,9.0,0.0,0.0,64.0,2.0,15.0,24.0,23.0,1.0,0.0,0.0,0.0,0.0,15.0,24.0,0.0,0.0,0.0,0.0
A_f0.7_move__lamarckian__s2,A_f0.7_move__lamarckian,A_f0.7_move,A,lamarckian,2,900,train,50,2.36,8,8,68.50851242810408,0.875,0.5,adaptive_move,0.5625,0.1595155372264482,0.2541146963123644,444.0,76.0,73.0,392.0,57.0,5.0,0.0,0.0,55.0,0.0,9.0,14.0,27.0,2.0,0.0,0.0,0.0,0.0,9.0,14.0,0.0,0.0,0.0,0.0
A_f0.7_move__lamarckian__s2,A_f0.7_move__lamarckian,A_f0.7_move,A,lamarckian,2,950,train,50,2.44,14,14,35.497267429401724,0.9791666666666666,0.5,adaptive_move,0.5375,0.0920883546715193,0.17295312500000004,339.0,65.0,48.0,344.0,57.0,16.0,0.0,0.0,56.0,5.0,16.0,19.0,30.0,1.0,0.0,0.0,0.0,0.0,16.0,19.0,0.0,0.0,0.0,0.0
A_f0.7_move__lamarckian__s2,A_f0.7_move__lamarckian,A_f0.7_move,A,lamarckian,2,1000,train,50,2.52,18,18,89.07029539614234,0.7916666666666666,0.5,adaptive_move,0.54375,0.08088219952138823,0.14913736979166647,337.0,67.0,67.0,330.0,55.0,19.0,0.0,0.0,56.0,2.0,17.0,22.0,15.0,1.0,0.0,0.0,0.0,0.0,17.0,22.0,0.0,0.0,0.0,0.0
A_f0.7_move__lamarckian__s2,A_f0.7_move__lamarckian,A_f0.7_move,A,lamarckian,2,1050,train,50,2.82,14,14,76.51883250811225,0.875,0.5,adaptive_move,0.5875,0.09980164470917777,0.1818904320987651,359.0,63.0,89.0,409.0,94.0,8.0,0.0,0.0,58.0,0.0,18.0,21.0,27.0,1.0,0.0,0.0,0.0,0.0,18.0,21.0,0.0,0.0,0.0,0.0
A_f0.7_move__lamarckian__s2,A_f0.7_move__lamarckian,A_f0.7_move,A,lamarckian,2,1100,train,50,3.04,12,12,64.46932138745255,0.9166666666666666,0.5,adaptive_move,0.53125,0.08788896463620507,0.16600474683544308,305.0,62.0,71.0,403.0,83.0,6.0,0.0,0.0,58.0,0.0,18.0,23.0,22.0,0.0,0.0,0.0,0.0,0.0,18.0,23.0,0.0,0.0,0.0,0.0
A_f0.7_move__lamarckian__s2,A_f0.7_move__lamarckian,A_f0.7_move,A,lamarckian,2,1150,train,50,3.16,10,10,65.31919822005221,0.875,0.5,adaptive_move,0.56875,0.10061351833935962,0.17593750000000008,324.0,78.0,59.0,357.0,131.0,20.0,0.0,0.0,50.0,4.0,13.0,16.0,24.0,3.0,0.0,0.0,0.0,0.0,13.0,16.0,0.0,0.0,0.0,0.0
A_f0.7_move__lamarckian__s2,A_f0.7_move__lamarckian,A_f0.7_move,A,lamarckian,2,1200,train,50,3.14,15,15,43.67485740896173,0.9791666666666666,0.5,adaptive_move,0.575,0.1742347048827348,0.2502563747228381,241.0,44.0,84.0,431.0,83.0,14.0,0.0,0.0,41.0,2.0,19.0,27.0,24.0,0.0,0.0,0.0,0.0,0.0,19.0,27.0,0.0,0.0,0.0,0.0
A_f0.7_move__lamarckian__s2,A_f0.7_move__lamarckian,A_f0.7_move,A,lamarckian,2,1250,train,47,3.0851063829787235,17,20,58.0266732114249,0.9166666666666666,0.5,adaptive_move,0.5625,0.12635176568936593,0.20324490407673879,249.0,44.0,80.0,398.0,39.0,9.0,0.0,0.0,47.0,2.0,23.0,18.0,15.0,0.0,0.0,0.0,0.0,0.0,23.0,18.0,0.0,0.0,0.0,0.0
A_f0.7_move__lamarckian__s2,A_f0.7_move__lamarckian,A_f0.7_move,A,lamarckian,2,1300,train,33,3.242424242424242,7,21,68.67468057665853,0.9375,0.5,adaptive_move,0.60625,0.13241148562057703,0.21587382903981278,298.0,50.0,44.0,301.0,56.0,10.0,0.0,0.0,52.0,2.0,14.0,16.0,25.0,1.0,0.0,0.0,0.0,0.0,14.0,16.0,0.0,0.0,0.0,0.0
A_f0.7_move__lamarckian__s2,A_f0.7_move__lamarckian,A_f0.7_move,A,lamarckian,2,1350,train,43,3.372093023255814,20,10,68.67721632461962,0.9166666666666666,0.5,adaptive_move,0.5625,0.08528891979171466,0.16749842569269524,268.0,51.0,76.0,405.0,50.0,7.0,0.0,0.0,58.0,2.0,13.0,24.0,24.0,0.0,0.0,0.0,0.0,0.0,13.0,24.0,0.0,0.0,0.0,0.0
A_f0.7_move__lamarckian__s2,A_f0.7_move__lamarckian,A_f0.7_move,A,lamarckian,2,1400,train,41,3.6341463414634148,12,14,63.26901312512627,0.9166666666666666,0.5,adaptive_move,0.55,0.10464696092274998,0.17987314356435657,282.0,53.0,86.0,505.0,28.0,6.0,0.0,0.0,45.0,2.0,16.0,26.0,20.0,1.0,0.0,0.0,0.0,0.0,16.0,26.0,0.0,0.0,0.0,0.0
A_f0.7_move__lamarckian__s2,A_f0.7_move__lamarckian,A_f0.7_move,A,lamarckian,2,1450,train,48,3.9791666666666665,17,10,66.09226933560021,0.8541666666666666,0.5,adaptive_move,0.5125,0.09753627726433588,0.17993502475247514,321.0,71.0,74.0,411.0,104.0,22.0,0.0,0.0,50.0,6.0,14.0,18.0,24.0,2.0,0.0,0.0,0.0,0.0,14.0,18.0,0.0,0.0,0.0,0.0
A_f0.7_move__lamarckian__s2,A_f0.7_move__lamarckian,A_f0.7_move,A,lamarckian,2,1500,train,37,4.027027027027027,6,17,67.82063025012819,0.875,0.5,adaptive_move,0.55625,0.07569877389795503,0.15088016795865622,283.0,56.0,59.0,380.0,65.0,8.0,0.0,0.0,54.0,5.0,16.0,18.0,20.0,1.0,0.0,0.0,0.0,0.0,16.0,18.0,0.0,0.0,0.0,0.0
A_f0.7_move__lamarckian__s2,A_f0.7_move__lamarckian,A_f0.7_move,A,lamarckian,2,1550,eval,44,4.181818181818182,14,7,45.35806853963403,0.9166666666666666,0.5,adaptive_move,0.52,0.0,0.0,375.0,84.0,52.0,400.0,49.0,11.0,7.0,83.0,60.0,2.0,18.0,18.0,18.0,1.0,4.0,5.0,0.0,0.0,18.0,18.0,0.0,0.0,4.0,5.0
A_f0.7_move__lamarckian__s2,A_f0.7_move__lamarckian,A_f0.7_move,A,lamarckian,2,1600,eval,49,4.387755102040816,17,12,52.38408871426874,0.9583333333333334,0.5,adaptive_move,0.455,0.0,0.0,524.0,90.0,71.0,382.0,16.0,4.0,8.0,40.0,60.0,2.0,16.0,18.0,14.0,0.0,4.0,1.0,0.0,0.0,16.0,18.0,0.0,0.0,4.0,1.0
A_f0.7_move__lamarckian__s2,A_f0.7_move__lamarckian,A_f0.7_move,A,lamarckian,2,1650,eval,41,4.536585365853658,12,20,68.79669965926392,0.8958333333333334,0.5,adaptive_move,0.49,0.0,0.0,425.0,70.0,67.0,356.0,37.0,4.0,16.0,72.0,47.0,3.0,18.0,19.0,19.0,0.0,8.0,2.0,0.0,0.0,18.0,19.0,0.0,0.0,8.0,2.0
A_f0.7_move__lamarckian__s2,A_f0.7_move__lamarckian,A_f0.7_move,A,lamarckian,2,1700,eval,38,4.552631578947368,13,16,69.31929780403102,0.8958333333333334,0.5,adaptive_move,0.5,0.0,0.0,380.0,90.0,70.0,386.0,48.0,14.0,15.0,80.0,62.0,2.0,9.0,20.0,11.0,2.0,7.0,5.0,0.0,0.0,9.0,20.0,0.0,0.0,7.0,5.0
A_f0.7_move__lamarckian__s2,A_f0.7_move__lamarckian,A_f0.7_move,A,lamarckian,2,1750,eval,46,4.956521739130435,20,12,100.74350966817815,0.8541666666666666,0.5,adaptive_move,0.5,0.0,0.0,383.0,87.0,77.0,394.0,55.0,11.0,5.0,71.0,65.0,6.0,14.0,10.0,10.0,0.0,1.0,5.0,0.0,0.0,14.0,10.0,0.0,0.0,1.0,5.0
A_f0.7_move__lamarckian__s2,A_f0.7_move__lamarckian,A_f0.7_move,A,lamarckian,2,1800,eval,50,4.98,14,10,73.80954788960388,0.9166666666666666,0.5,adaptive_move,0.5,0.0,0.0,520.0,96.0,61.0,388.0,43.0,11.0,19.0,96.0,55.0,7.0,18.0,19.0,10.0,1.0,8.0,8.0,0.0,0.0,18.0,19.0,0.0,0.0,8.0,8.0
A_f0.7_move__lamarckian__s3,A_f0.7_move__lamarckian,A_f0.7_move,A,lamarckian,3,50,train,50,0.84,36,6,64.9340279583816,0.8958333333333334,0.5,adaptive_move,0.5375,0.05277083351083739,0.10073990250696374,240.0,42.0,43.0,274.0,86.0,15.0,0.0,0.0,46.0,6.0,5.0,36.0,17.0,6.0,0.0,0.0,0.0,0.0,5.0,36.0,0.0,0.0,0.0,0.0
A_f0.7_move__lamarckian__s3,A_f0.7_move__lamarckian,A_f0.7_move,A,lamarckian,3,100,train,50,0.86,13,13,54.084577305987146,0.8958333333333334,0.5,adaptive_move,0.5625,0.07904267970176299,0.160233778625954,291.0,55.0,80.0,336.0,67.0,23.0,0.0,0.0,39.0,3.0,19.0,25.0,8.0,6.0,0.0,0.0,0.0,0.0,19.0,25.0,0.0,0.0,0.0,0.0
A_f0.7_move__lamarckian__s3,A_f0.7_move__lamarckian,A_f0.7_move,A,lamarckian,3,150,train,50,0.9,14,14,95.85156026969949,0.8333333333333334,0.5,adaptive_move,0.56875,0.08478478652769328,0.16925908521303246,423.0,70.0,75.0,424.0,96.0,23.0,0.0,0.0,58.0,4.0,9.0,20.0,12.0,3.0,0.0,0.0,0.0,0.0,9.0,20.0,0.0,0.0,0.0,0.0
A_f0.7_move__lamarckian__s3,A_f0.7_move__lamarckian,A_f0.7_move,A,lamarckian,3,200,train,50,1.0,18,18,83.90321232741567,0.8125,0.5,adaptive_move,0.50625,0.16078056431660026,0.23226777522935782,396.0,70.0,82.0,458.0,116.0,18.0,0.0,0.0,45.0,6.0,19.0,33.0,12.0,3.0,0.0,0.0,0.0,0.0,19.0,33.0,0.0,0.0,0.0,0.0
A_f0.7_move__lamarckian__s3,A_f0.7_move__lamarckian,A_f0.7_move,A,lamarckian,3,250,train,50,0.98,15,15,116.76238656521981,0.6458333333333334,0.5,adaptive_move,0.5375,0.128101965465998,0.20435107655502383,401.0,59.0,70.0,441.0,120.0,20.0,0.0,0.0,36.0,3.0,8.0,20.0,14.0,2.0,0.0,0.0,0.0,0.0,8.0,20.0,0.0,0.0,0.0,0.0
A_f0.7_move__lamarckian__s3,A_f0.7_move__lamarckian,A_f0.7_move,A,lamarckian,3,300,train,50,1.0,13,13,113.29542165531339,0.7291666666666666,0.5,adaptive_move,0.475,0.13418685896636984,0.19547256097560983,423.0,64.0,103.0,502.0,89.0,23.0,0.0,0.0,43.0,3.0,19.0,31.0,18.0,3.0,0.0,0.0,0.0,0.0,19.0,31.0,0.0,0.0,0.0,0.0
A_f0.7_move__lamarckian__s3,A_f0.7_move__lamarckian,A_f0.7_move,A,lamarckian,3,350,train,50,1.0,4,4,123.49435599687088,0.6875,0.5,adaptive_move,0.59375,0.09013594436564676,0.1706218671679196,563.0,112.0,136.0,717.0,68.0,20.0,0.0,0.0,33.0,6.0,9.0,36.0,13.0,3.0,0.0,0.0,0.0,0.0,9.0,36.0,0.0,0.0,0.0,0.0
A_f0.7_move__lamarckian__s3,A_f0.7_move__lamarckian,A_f0.7_move,A,lamarckian,3,400,train,50,1.0,5,5,113.80694104992071,0.625,0.5,adaptive_move,0.51875,0.09343068691231551,0.15640342377260974,470.0,75.0,145.0,815.0,87.0,25.0,0.0,0.0,38.0,5.0,10.0,25.0,19.0,1.0,0.0,0.0,0.0,0.0,10.0,25.0,0.0,0.0,0.0,0.0
A_f0.7_move__lamarckian__s3,A_f0.7_move__lamarckian,A_f0.7_move,A,lamarckian,3,450,train,50,0.98,2,2,129.7336429073334,0.5625,0.5,adaptive_move,0.5875,0.10614734445888202,0.177546875,563.0,90.0,173.0,959.0,61.0,7.0,0.0,0.0,28.0,8.0,9.0,28.0,21.0,0.0,0.0,0.0,0.0,0.0,9.0,28.0,0.0,0.0,0.0,0.0
A_f0.7_move__lamarckian__s3,A_f0.7_move__lamarckian,A_f0.7_move,A,lamarckian,3,500,train,50,1.36,14,14,79.32408136560888,0.875,0.5,adaptive_move,0.46875,0.0717711988975185,0.12872821715817673,550.0,103.0,138.0,806.0,88.0,17.0,0.0,0.0,46.0,7.0,13.0,33.0,15.0,3.0,0.0,0.0,0.0,0.0,13.0,33.0,0.0,0.0,0.0,0.0
A_f0.7_move__lamarckian__s3,A_f0.7_move__lamarckian,A_f0.7_move,A,lamarckian,3,550,train,50,1.56,16,16,68.11333949776572,0.8958333333333334,0.5,adaptive_move,0.55625,0.10126563907490865,0.19518540669856432,419.0,74.0,104.0,580.0,73.0,6.0,0.0,0.0,48.0,5.0,13.0,26.0,24.0,0.0,0.0,0.0,0.0,0.0,13.0,26.0,0.0,0.0,0.0,0.0
A_f0.7_move__lamarckian__s3,A_f0.7_move__lamarckian,A_f0.7_move,A,lamarckian,3,600,train,50,1.62,14,14,80.15736620025024,0.8333333333333334,0.5,adaptive_move,0.56875,0.10740134815159673,0.1704509493670887,337.0,60.0,71.0,472.0,75.0,21.0,0.0,0.0,46.0,5.0,10.0,31.0,16.0,1.0,0.0,0.0,0.0,0.0,10.0,31.0,0.0,0.0,0.0,0.0
A_f0.7_move__lamarckian__s3,A_f0.7_move__lamarckian,A_f0.7_move,A,lamarckian,3,650,train,50,1.78,14,14,82.19447154609949,0.7916666666666666,0.5,adaptive_move,0.55,0.076210903214032,0.13218582887700525,434.0,77.0,82.0,476.0,116.0,29.0,0.0,0.0,45.0,9.0,15.0,23.0,16.0,3.0,0.0,0.0,0.0,0.0,15.0,23.0,0.0,0.0,0.0,0.0
A_f0.7_move__lamarckian__s3,A_f0.7_move__lamarckian,A_f0.7_move,A,lamarckian,3,700,train,50,1.84,8,8,88.56879996717517,0.7708333333333334,0.5,adaptive_move,0.575,0.10344043723956849,0.19068567961165073,418.0,78.0,98.0,607.0,49.0,8.0,0.0,0.0,53.0,8.0,11.0,20.0,15.0,3.0,0.0,0.0,0.0,0.0,11.0,20.0,0.0,0.0,0.0,0.0
A_f0.7_move__lamarckian__s3,A_f0.7_move__lamarckian,A_f0.7_move,A,lamarckian,3,750,train,50,2.06,17,17,71.64142840999358,0.8958333333333334,0.5,adaptive_move,0.55625,0.16197905670943824,0.22586684149184122,340.0,65.0,75.0,386.0,62.0,11.0,0.0,0.0,53.0,8.0,13.0,19.0,21.0,0.0,0.0,0.0,0.0,0.0,13.0,19.0,0.0,0.0,0.0,0.0
A_f0.7_move__lamarckian__s3,A_f0.7_move__lamarckian,A_f0.7_move,A,lamarckian,3,800,train,50,2.3,17,17,54.554654133349906,0.9166666666666666,0.5,adaptive_move,0.5625,0.0999002915205731,0.18717987804878033,282.0,49.0,76.0,453.0,95.0,16.0,0.0,0.0,53.0,3.0,14.0,19.0,21.0,2.0,0.0,0.0,0.0,0.0,14.0,19.0,0.0,0.0,0.0,0.0
A_f0.7_move__lamarckian__s3,A_f0.7_move__lamarckian,A_f0.7_move,A,lamarckian,3,850,train,50,2.46,14,14,62.72258031248995,0.9166666666666666,0.5,adaptive_move,0.5625,0.09834074470065579,0.1899137409200966,324.0,51.0,56.0,454.0,84.0,10.0,0.0,0.0,47.0,1.0,14.0,26.0,28.0,1.0,0.0,0.0,0.0,0.0,14.0,26.0,0.0,0.0,0.0,0.0
A_f0.7_move__lamarckian__s3,A_f0.7_move__lamarckian,A_f0.7_move,A,lamarckian,3,900,train,50,2.52,10,10,55.60424489072263,0.9166666666666666,0.5,adaptive_move,0.5875,0.11949222146158137,0.20379624105011906,348.0,76.0,69.0,417.0,87.0,12.0,0.0,0.0,64.0,6.0,11.0,22.0,21.0,1.0,0.0,0.0,0.0,0.0,11.0,22.0,0.0,0.0,0.0,0.0
A_f0.7_move__lamarckian__s3,A_f0.7_move__lamarckian,A_f0.7_move,A,lamarckian,3,950,train,50,2.66,16,16,48.87469523341867,0.9791666666666666,0.5,adaptive_move,0.55,0.08495554262810315,0.15649903598971715,380.0,61.0,64.0,347.0,61.0,14.0,0.0,0.0,49.0,1.0,14.0,25.0,20.0,2.0,0.0,0.0,0.0,0.0,14.0,25.0,0.0,0.0,0.0,0.0
A_f0.7_move__lamarckian__s3,A_f0.7_move__lamarckian,A_f0.7_move,A,lamarckian,3,1000,train,50,2.76,11,11,48.19210681854628,0.9375,0.5,adaptive_move,0.58125,0.10329847590271125,0.19079106280193225,347.0,62.0,53.0,268.0,88.0,17.0,0.0,0.0,60.0,2.0,9.0,17.0,30.0,1.0,0.0,0.0,0.0,0.0,9.0,17.0,0.0,0.0,0.0,0.0
A_f0.7_move__lamarckian__s3,A_f0.7_move__lamarckian,A_f0.7_move,A,lamarckian,3,1050,train,47,2.9574468085106385,13,16,56.97215050955025,0.8958333333333334,0.5,adaptive_move,0.55625,0.08180326253245607,0.15434922680412377,391.0,87.0,87.0,381.0,35.0,4.0,0.0,0.0,48.0,12.0,17.0,12.0,20.0,0.0,0.0,0.0,0.0,0.0,17.0,12.0,0.0,0.0,0.0,0.0
A_f0.7_move__lamarckian__s3,A_f0.7_move__lamarckian,A_f0.7_move,A,lamarckian,3,1100,train,48,3.1458333333333335,14,13,61.64970110904797,0.8958333333333334,0.5,adaptive_move,0.59375,0.09749388978176965,0.17492187500000012,455.0,71.0,54.0,270.0,43.0,7.0,0.0,0.0,67.0,8.0,7.0,11.0,22.0,0.0,0.0,0.0,0.0,0.0,7.0,11.0,0.0,0.0,0.0,0.0
A_f0.7_move__lamarckian__s3,A_f0.7_move__lamarckian,A_f0.7_move,A,lamarckian,3,1150,train,37,3.2432432432432434,13,24,87.06578672168988,0.8541666666666666,0.5,adaptive_move,0.5125,0.09918188563528163,0.17691231343283587,304.0,48.0,68.0,371.0,48.0,9.0,0.0,0.0,51.0,3.0,19.0,22.0,17.0,1.0,0.0,0.0,0.0,0.0,19.0,22.0,0.0,0.0,0.0,0.0
A_f0.7_move__lamarckian__s3,A_f0.7_move__lamarckian,A_f0.7_move,A,lamarckian,3,1200,train,37,3.4864864864864864,13,13,85.14592322981116,0.8541666666666666,0.5,adaptive_move,0.49375,0.07703476289013506,0.15072862694300526,293.0,48.0,55.0,271.0,34.0,8.0,0.0,0.0,62.0,2.0,13.0,15.0,16.0,0.0,0.0,0.0,0.0,0.0,13.0,15.0,0.0,0.0,0.0,0.0
A_f0.7_move__lamarckian__s3,A_f0.7_move__lamarckian,A_f0.7_move,A,lamarckian,3,1250,train,40,3.65,12,9,74.59913554950099,0.875,0.5,adaptive_move,0.54375,0.11365147959183128,0.19324057177615583,296.0,61.0,61.0,328.0,64.0,8.0,0.0,0.0,54.0,2.0,20.0,16.0,27.0,0.0,0.0,0.0,0.0,0.0,20.0,16.0,0.0,0.0,0.0,0.0
A_f0.7_move__lamarckian__s3,A_f0.7_move__lamarckian,A_f0.7_move,A,lamarckian,3,1300,train,41,4.024390243902439,15,14,66.17156047328524,0.9583333333333334,0.5,adaptive_move,0.6,0.11614395170150701,0.20636081560283714,292.0,59.0,80.0,411.0,48.0,13.0,0.0,0.0,53.0,5.0,23.0,16.0,21.0,0.0,0.0,0.0,0.0,0.0,23.0,16.0,0.0,0.0,0.0,0.0
A_f0.7_move__lamarckian__s3,A_f0.7_move__lamarckian,A_f0.7_move,A,lamarckian,3,1350,train,33,4.151515151515151,4,12,85.53907759995144,0.875,0.5,adaptive_move,0.56875,0.08775455902296397,0.16972901002506258,301.0,58.0,46.0,302.0,104.0,21.0,0.0,0.0,59.0,2.0,11.0,13.0,25.0,0.0,0.0,0.0,0.0,0.0,11.0,13.0,0.0,0.0,0.0,0.0
A_f0.7_move__lamarckian__s3,A_f0.7_move__lamarckian,A_f0.7_move,A,lamarckian,3,1400,train,45,4.333333333333333,18,6,67.0268422220455,0.8958333333333334,0.5,adaptive_move,0.55625,0.13717502119403102,0.21115647268408555,303.0,55.0,86.0,408.0,76.0,15.0,0.0,0.0,51.0,7.0,20.0,18.0,22.0,2.0,0.0,0.0,0.0,0.0,20.0,18.0,0.0,0.0,0.0,0.0
A_f0.7_move__lamarckian__s3,A_f0.7_move__lamarckian,A_f0.7_move,A,lamarckian,3,1450,train,39,4.358974358974359,8,14,65.93163728028861,0.8958333333333334,0.5,adaptive_move,0.55,0.08282727037487046,0.16606580604534016,320.0,69.0,65.0,345.0,68.0,15.0,0.0,0.0,60.0,3.0,16.0,23.0,22.0,0.0,0.0,0.0,0.0,0.0,16.0,23.0,0.0,0.0,0.0,0.0
A_f0.7_move__lamarckian__s3,A_f0.7_move__lamarckian,A_f0.7_move,A,lamarckian,3,1500,train,42,4.642857142857143,16,13,97.64284731380937,0.8125,0.5,adaptive_move,0.58125,0.07969079855877582,0.15535829048843186,292.0,46.0,85.0,453.0,40.0,13.0,0.0,0.0,38.0,0.0,22.0,24.0,19.0,2.0,0.0,0.0,0.0,0.0,22.0,24.0,0.0,0.0,0.0,0.0
A_f0.7_move__lamarckian__s3,A_f0.7_move__lamarckian,A_f0.7_move,A,lamarckian,3,1550,eval,44,4.909090909090909,16,14,81.41979982905762,0.8541666666666666,0.5,adaptive_move,0.465,0.0,0.0,453.0,68.0,76.0,445.0,28.0,1.0,8.0,32.0,63.0,4.0,13.0,23.0,10.0,0.0,3.0,2.0,0.0,0.0,13.0,23.0,0.0,0.0,3.0,2.0
A_f0.7_move__lamarckian__s3,A_f0.7_move__lamarckian,A_f0.7_move,A,lamarckian,3,1600,eval,42,4.833333333333333,10,12,61.72522362222783,0.875,0.5,adaptive_move,0.515,0.0,0.0,518.0,93.0,77.0,396.0,54.0,9.0,7.0,31.0,55.0,2.0,13.0,24.0,18.0,0.0,4.0,5.0,0.0,0.0,13.0,24.0,0.0,0.0,4.0,5.0
A_f0.7_move__lamarckian__s3,A_f0.7_move__lamarckian,A_f0.7_move,A,lamarckian,3,1650,eval,40,4.925,15,17,88.3704988056001,0.8958333333333334,0.5,adaptive_move,0.5,0.0,0.0,448.0,90.0,74.0,426.0,39.0,16.0,8.0,70.0,57.0,2.0,13.0,20.0,8.0,1.0,4.0,3.0,0.0,0.0,13.0,20.0,0.0,0.0,4.0,3.0
A_f0.7_move__lamarckian__s3,A_f0.7_move__lamarckian,A_f0.7_move,A,lamarckian,3,1700,eval,40,5.25,13,13,49.48735327718565,0.9583333333333334,0.5,adaptive_move,0.55,0.0,0.0,523.0,91.0,75.0,381.0,27.0,8.0,16.0,60.0,65.0,4.0,15.0,13.0,8.0,0.0,6.0,8.0,0.0,0.0,15.0,13.0,0.0,0.0,6.0,8.0
A_f0.7_move__lamarckian__s3,A_f0.7_move__lamarckian,A_f0.7_move,A,lamarckian,3,1750,eval,50,5.52,21,11,66.80879949382395,0.8541666666666666,0.5,adaptive_move,0.48,0.0,0.0,497.0,85.0,89.0,507.0,32.0,12.0,9.0,56.0,51.0,3.0,13.0,16.0,14.0,2.0,3.0,2.0,0.0,0.0,13.0,16.0,0.0,0.0,3.0,2.0
A_f0.7_move__lamarckian__s3,A_f0.7_move__lamarckian,A_f0.7_move,A,lamarckian,3,1800,eval,48,5.666666666666667,15,17,105.1267051017021,0.8125,0.5,adaptive_move,0.505,0.0,0.0,492.0,75.0,86.0,517.0,44.0,5.0,7.0,45.0,48.0,0.0,16.0,22.0,17.0,0.0,3.0,0.0,0.0,0.0,16.0,22.0,0.0,0.0,3.0,0.0
A_f0.7_move__lamarckian__s4,A_f0.7_move__lamarckian,A_f0.7_move,A,lamarckian,4,50,train,50,0.78,32,2,73.29647311258165,0.8333333333333334,0.5,adaptive_move,0.51875,0.08148928675372652,0.12824292452830188,243.0,39.0,28.0,212.0,76.0,17.0,0.0,0.0,46.0,6.0,4.0,37.0,23.0,4.0,0.0,0.0,0.0,0.0,4.0,37.0,0.0,0.0,0.0,0.0
A_f0.7_move__lamarckian__s4,A_f0.7_move__lamarckian,A_f0.7_move,A,lamarckian,4,100,train,50,0.84,10,10,63.58091334585041,0.875,0.5,adaptive_move,0.56875,0.06495350094466959,0.1366012532981533,303.0,48.0,101.0,565.0,81.0,12.0,0.0,0.0,43.0,0.0,12.0,43.0,15.0,0.0,0.0,0.0,0.0,0.0,12.0,43.0,0.0,0.0,0.0,0.0
A_f0.7_move__lamarckian__s4,A_f0.7_move__lamarckian,A_f0.7_move,A,lamarckian,4,150,train,50,0.84,16,16,59.94902727671038,0.9166666666666666,0.5,adaptive_move,0.55625,0.10634949622790502,0.201451421800948,367.0,60.0,84.0,412.0,101.0,20.0,0.0,0.0,45.0,4.0,11.0,24.0,17.0,2.0,0.0,0.0,0.0,0.0,11.0,24.0,0.0,0.0,0.0,0.0
A_f0.7_move__lamarckian__s4,A_f0.7_move__lamarckian,A_f0.7_move,A,lamarckian,4,200,train,50,0.9,14,14,82.4561627767068,0.8125,0.5,adaptive_move,0.53125,0.07449442324300132,0.15581042199488504,343.0,51.0,68.0,445.0,107.0,16.0,0.0,0.0,39.0,6.0,16.0,22.0,16.0,1.0,0.0,0.0,0.0,0.0,16.0,22.0,0.0,0.0,0.0,0.0
A_f0.7_move__lamarckian__s4,A_f0.7_move__lamarckian,A_f0.7_move,A,lamarckian,4,250,train,50,0.88,10,10,76.5446229721571,0.8125,0.5,adaptive_move,0.63125,0.0829970574782002,0.16459911616161627,396.0,74.0,102.0,516.0,124.0,20.0,0.0,0.0,48.0,4.0,16.0,23.0,17.0,0.0,0.0,0.0,0.0,0.0,16.0,23.0,0.0,0.0,0.0,0.0
A_f0.7_move__lamarckian__s4,A_f0.7_move__lamarckian,A_f0.7_move,A,lamarckian,4,300,train,50,0.9,7,7,80.572724222279,0.75,0.5,adaptive_move,0.56875,0.11145327752582601,0.20543926886792452,315.0,51.0,63.0,384.0,158.0,28.0,0.0,0.0,48.0,2.0,12.0,11.0,31.0,2.0,0.0,0.0,0.0,0.0,12.0,11.0,0.0,0.0,0.0,0.0
A_f0.7_move__lamarckian__s4,A_f0.7_move__lamarckian,A_f0.7_move,A,lamarckian,4,350,train,50,0.98,13,13,100.67686284821038,0.7083333333333334,0.5,adaptive_move,0.5375,0.11603905764167437,0.1962711352657005,450.0,89.0,89.0,531.0,123.0,31.0,0.0,0.0,39.0,2.0,17.0,24.0,18.0,2.0,0.0,0.0,0.0,0.0,17.0,24.0,0.0,0.0,0.0,0.0
A_f0.7_move__lamarckian__s4,A_f0.7_move__lamarckian,A_f0.7_move,A,lamarckian,4,400,train,50,1.0,7,7,70.37965627009041,0.8541666666666666,0.5,adaptive_move,0.56875,0.10619457965255068,0.18355709876543203,508.0,89.0,108.0,560.0,107.0,19.0,0.0,0.0,55.0,2.0,11.0,28.0,23.0,1.0,0.0,0.0,0.0,0.0,11.0,28.0,0.0,0.0,0.0,0.0
A_f0.7_move__lamarckian__s4,A_f0.7_move__lamarckian,A_f0.7_move,A,lamarckian,4,450,train,50,0.92,8,8,72.34893303698959,0.875,0.5,adaptive_move,0.54375,0.11363082272533034,0.16769770408163254,514.0,92.0,104.0,539.0,65.0,14.0,0.0,0.0,52.0,1.0,17.0,19.0,23.0,2.0,0.0,0.0,0.0,0.0,17.0,19.0,0.0,0.0,0.0,0.0
A_f0.7_move__lamarckian__s4,A_f0.7_move__lamarckian,A_f0.7_move,A,lamarckian,4,500,train,50,1.32,18,18,94.62623186889763,0.8333333333333334,0.5,adaptive_move,0.53125,0.0741678446658969,0.1506863695090439,310.0,55.0,84.0,487.0,60.0,15.0,0.0,0.0,37.0,1.0,11.0,17.0,19.0,2.0,0.0,0.0,0.0,0.0,11.0,17.0,0.0,0.0,0.0,0.0
A_f0.7_move__lamarckian__s4,A_f0.7_move__lamarckian,A_f0.7_move,A,lamarckian,4,550,train,50,1.7,21,21,73.42532079000424,0.8958333333333334,0.5,adaptive_move,0.575,0.12443932671824524,0.20668794536817092,336.0,53.0,82.0,439.0,60.0,12.0,0.0,0.0,50.0,1.0,19.0,25.0,27.0,2.0,0.0,0.0,0.0,0.0,19.0,25.0,0.0,0.0,0.0,0.0
A_f0.7_move__lamarckian__s4,A_f0.7_move__lamarckian,A_f0.7_move,A,lamarckian,4,600,train,50,1.78,20,20,77.43187359848415,0.8333333333333334,0.5,adaptive_move,0.5125,0.0816757237818251,0.1639046717171717,315.0,59.0,75.0,443.0,31.0,4.0,0.0,0.0,54.0,4.0,24.0,17.0,17.0,0.0,0.0,0.0,0.0,0.0,24.0,17.0,0.0,0.0,0.0,0.0
A_f0.7_move__lamarckian__s4,A_f0.7_move__lamarckian,A_f0.7_move,A,lamarckian,4,650,train,50,1.88,25,25,45.666142059288084,0.9375,0.5,adaptive_move,0.56875,0.07542462838056375,0.15278672680412364,257.0,47.0,56.0,376.0,99.0,18.0,0.0,0.0,46.0,4.0,16.0,24.0,32.0,1.0,0.0,0.0,0.0,0.0,16.0,24.0,0.0,0.0,0.0,0.0
A_f0.7_move__lamarckian__s4,A_f0.7_move__lamarckian,A_f0.7_move,A,lamarckian,4,700,train,50,2.06,21,21,71.64079313473164,0.8958333333333334,0.5,adaptive_move,0.55625,0.10049445767209353,0.1958457637231501,332.0,77.0,50.0,292.0,61.0,12.0,0.0,0.0,54.0,0.0,12.0,15.0,26.0,0.0,0.0,0.0,0.0,0.0,12.0,15.0,0.0,0.0,0.0,0.0
A_f0.7_move__lamarckian__s4,A_f0.7_move__lamarckian,A_f0.7_move,A,lamarckian,4,750,train,50,2.22,12,12,65.22613187219936,0.8958333333333334,0.5,adaptive_move,0.525,0.10302326091300304,0.18616289731051316,303.0,56.0,53.0,352.0,51.0,6.0,0.0,0.0,61.0,5.0,11.0,16.0,22.0,0.0,0.0,0.0,0.0,0.0,11.0,16.0,0.0,0.0,0.0,0.0
A_f0.7_move__lamarckian__s4,A_f0.7_move__lamarckian,A_f0.7_move,A,lamarckian,4,800,train,50,2.38,11,11,58.63071186351694,0.9375,0.5,adaptive_move,0.575,0.13046397869386928,0.2135269953051646,314.0,52.0,63.0,383.0,58.0,9.0,0.0,0.0,67.0,5.0,11.0,11.0,21.0,1.0,0.0,0.0,0.0,0.0,11.0,11.0,0.0,0.0,0.0,0.0
A_f0.7_move__lamarckian__s4,A_f0.7_move__lamarckian,A_f0.7_move,A,lamarckian,4,850,train,50,2.7,10,10,67.74002838588899,0.8958333333333334,0.5,adaptive_move,0.5125,0.13899160687287615,0.20393825301204815,317.0,51.0,43.0,262.0,45.0,12.0,0.0,0.0,65.0,3.0,11.0,21.0,18.0,3.0,0.0,0.0,0.0,0.0,11.0,21.0,0.0,0.0,0.0,0.0
A_f0.7_move__lamarckian__s4,A_f0.7_move__lamarckian,A_f0.7_move,A,lamarckian,4,900,train,47,2.9574468085106385,14,17,66.04570104390669,0.9375,0.5,adaptive_move,0.59375,0.08781913451073665,0.1666824494949497,344.0,45.0,82.0,359.0,50.0,10.0,0.0,0.0,58.0,2.0,15.0,18.0,24.0,1.0,0.0,0.0,0.0,0.0,15.0,18.0,0.0,0.0,0.0,0.0
A_f0.7_move__lamarckian__s4,A_f0.7_move__lamarckian,A_f0.7_move,A,lamarckian,4,950,train,42,3.2857142857142856,11,16,49.91841551504203,0.9375,0.5,adaptive_move,0.5375,0.08602934750999798,0.16130420918367316,347.0,66.0,46.0,263.0,102.0,16.0,0.0,0.0,54.0,5.0,19.0,18.0,27.0,2.0,0.0,0.0,0.0,0.0,19.0,18.0,0.0,0.0,0.0,0.0
A_f0.7_move__lamarckian__s4,A_f0.7_move__lamarckian,A_f0.7_move,A,lamarckian,4,1000,train,37,3.054054054054054,9,14,69.62429097685354,0.9375,0.5,adaptive_move,0.5375,0.0889473950072015,0.14334597625329826,294.0,45.0,55.0,304.0,78.0,12.0,0.0,0.0,51.0,2.0,16.0,17.0,26.0,2.0,0.0,0.0,0.0,0.0,16.0,17.0,0.0,0.0,0.0,0.0
A_f0.7_move__lamarckian__s4,A_f0.7_move__lamarckian,A_f0.7_move,A,lamarckian,4,1050,train,38,3.3157894736842106,15,14,62.75501702237416,0.8958333333333334,0.5,adaptive_move,0.575,0.11617522800143883,0.19823042168674676,207.0,29.0,60.0,333.0,87.0,13.0,0.0,0.0,51.0,3.0,22.0,25.0,15.0,1.0,0.0,0.0,0.0,0.0,22.0,25.0,0.0,0.0,0.0,0.0
A_f0.7_move__lamarckian__s4,A_f0.7_move__lamarckian,A_f0.7_move,A,lamarckian,4,1100,train,43,3.6511627906976742,15,10,80.2104435039647,0.8333333333333334,0.5,adaptive_move,0.5625,0.12762896892162048,0.19193028255528244,348.0,41.0,76.0,385.0,68.0,16.0,0.0,0.0,51.0,2.0,19.0,18.0,20.0,3.0,0.0,0.0,0.0,0.0,19.0,18.0,0.0,0.0,0.0,0.0
A_f0.7_move__lamarckian__s4,A_f0.7_move__lamarckian,A_f0.7_move,A,lamarckian,4,1150,train,50,3.94,19,12,129.76431884076032,0.6458333333333334,0.5,adaptive_move,0.58125,0.10180878329084747,0.18145111386138613,494.0,96.0,85.0,558.0,54.0,7.0,0.0,0.0,41.0,7.0,10.0,26.0,25.0,2.0,0.0,0.0,0.0,0.0,10.0,26.0,0.0,0.0,0.0,0.0
A_f0.7_move__lamarckian__s4,A_f0.7_move__lamarckian,A_f0.7_move,A,lamarckian,4,1200,train,50,4.2,15,15,69.48254127334418,0.8333333333333334,0.5,adaptive_move,0.54375,0.0847134608439474,0.16598709068010087,410.0,63.0,111.0,628.0,41.0,7.0,0.0,0.0,45.0,4.0,14.0,32.0,26.0,1.0,0.0,0.0,0.0,0.0,14.0,32.0,0.0,0.0,0.0,0.0
A_f0.7_move__lamarckian__s4,A_f0.7_move__lamarckian,A_f0.7_move,A,lamarckian,4,1250,train,50,4.08,12,12,54.417457765426505,0.9375,0.5,adaptive_move,0.54375,0.09748452332418164,0.18319834963325166,446.0,67.0,79.0,461.0,149.0,31.0,0.0,0.0,62.0,4.0,14.0,27.0,27.0,4.0,0.0,0.0,0.0,0.0,14.0,27.0,0.0,0.0,0.0,0.0
A_f0.7_move__lamarckian__s4,A_f0.7_move__lamarckian,A_f0.7_move,A,lamarckian,4,1300,train,50,4.32,13,13,46.9022016378755,0.9583333333333334,0.5,adaptive_move,0.51875,0.08141486210989861,0.1606949745547075,428.0,62.0,73.0,440.0,86.0,14.0,0.0,0.0,51.0,2.0,13.0,30.0,30.0,2.0,0.0,0.0,0.0,0.0,13.0,30.0,0.0,0.0,0.0,0.0
A_f0.7_move__lamarckian__s4,A_f0.7_move__lamarckian,A_f0.7_move,A,lamarckian,4,1350,train,50,4.38,16,16,57.237667921419984,0.9375,0.5,adaptive_move,0.5375,0.08352760709418733,0.15799679487179463,378.0,69.0,45.0,346.0,61.0,9.0,0.0,0.0,52.0,5.0,10.0,21.0,26.0,1.0,0.0,0.0,0.0,0.0,10.0,21.0,0.0,0.0,0.0,0.0
A_f0.7_move__lamarckian__s4,A_f0.7_move__lamarckian,A_f0.7_move,A,lamarckian,4,1400,train,40,4.475,8,18,69.47927094896072,0.8958333333333334,0.5,adaptive_move,0.575,0.08991632112637471,0.18575211864406782,363.0,57.0,55.0,308.0,84.0,14.0,0.0,0.0,54.0,4.0,19.0,12.0,27.0,2.0,0.0,0.0,0.0,0.0,19.0,12.0,0.0,0.0,0.0,0.0
A_f0.7_move__lamarckian__s4,A_f0.7_move__lamarckian,A_f0.7_move,A,lamarckian,4,1450,train,50,4.64,15,5,52.37703443558875,0.9583333333333334,0.5,adaptive_move,0.525,0.0990666356442258,0.18101080246913548,361.0,56.0,74.0,452.0,106.0,16.0,0.0,0.0,61.0,4.0,21.0,13.0,23.0,1.0,0.0,0.0,0.0,0.0,21.0,13.0,0.0,0.0,0.0,0.0
A_f0.7_move__lamarckian__s4,A_f0.7_move__lamarckian,A_f0.7_move,A,lamarckian,4,1500,train,46,4.717391304347826,11,15,63.091880137682395,0.875,0.5,adaptive_move,0.55625,0.09327296606855362,0.18743190072639226,330.0,76.0,69.0,472.0,82.0,10.0,0.0,0.0,49.0,5.0,13.0,19.0,27.0,0.0,0.0,0.0,0.0,0.0,13.0,19.0,0.0,0.0,0.0,0.0
A_f0.7_move__lamarckian__s4,A_f0.7_move__lamarckian,A_f0.7_move,A,lamarckian,4,1550,eval,38,5.0,16,24,99.05008367915903,0.7916666666666666,0.5,adaptive_move,0.515,0.0,0.0,454.0,99.0,76.0,459.0,43.0,12.0,5.0,38.0,50.0,6.0,19.0,17.0,6.0,3.0,3.0,2.0,0.0,0.0,19.0,17.0,0.0,0.0,3.0,2.0
A_f0.7_move__lamarckian__s4,A_f0.7_move__lamarckian,A_f0.7_move,A,lamarckian,4,1600,eval,47,5.340425531914893,23,14,61.41089807333904,0.9375,0.5,adaptive_move,0.455,0.0,0.0,524.0,100.0,93.0,515.0,23.0,5.0,12.0,70.0,57.0,1.0,13.0,32.0,10.0,0.0,5.0,7.0,0.0,0.0,13.0,32.0,0.0,0.0,5.0,7.0
A_f0.7_move__lamarckian__s4,A_f0.7_move__lamarckian,A_f0.7_move,A,lamarckian,4,1650,eval,44,5.590909090909091,15,18,63.24745605298802,0.9375,0.5,adaptive_move,0.475,0.0,0.0,379.0,51.0,91.0,473.0,39.0,12.0,17.0,72.0,58.0,1.0,14.0,17.0,9.0,0.0,6.0,5.0,0.0,0.0,14.0,17.0,0.0,0.0,6.0,5.0
A_f0.7_move__lamarckian__s4,A_f0.7_move__lamarckian,A_f0.7_move,A,lamarckian,4,1700,eval,50,5.68,17,11,83.42524066690635,0.875,0.5,adaptive_move,0.595,0.0,0.0,431.0,85.0,113.0,638.0,76.0,14.0,21.0,83.0,47.0,3.0,19.0,21.0,12.0,0.0,2.0,4.0,0.0,0.0,19.0,21.0,0.0,0.0,2.0,4.0
A_f0.7_move__lamarckian__s4,A_f0.7_move__lamarckian,A_f0.7_move,A,lamarckian,4,1750,eval,50,5.72,9,9,86.92612709200249,0.8125,0.5,adaptive_move,0.555,0.0,0.0,515.0,98.0,87.0,531.0,172.0,25.0,15.0,122.0,63.0,4.0,13.0,17.0,7.0,0.0,1.0,6.0,0.0,0.0,13.0,17.0,0.0,0.0,1.0,6.0
A_f0.7_move__lamarckian__s4,A_f0.7_move__lamarckian,A_f0.7_move,A,lamarckian,4,1800,eval,50,5.78,5,5,127.81554791512022,0.6666666666666666,0.5,adaptive_move,0.48,0.0,0.0,504.0,100.0,88.0,506.0,258.0,46.0,20.0,143.0,51.0,2.0,7.0,16.0,13.0,0.0,2.0,5.0,0.0,0.0,7.0,16.0,0.0,0.0,2.0,5.0
A_f0.7_move__lamarckian__s5,A_f0.7_move__lamarckian,A_f0.7_move,A,lamarckian,5,50,train,50,0.78,34,4,95.08015644212674,0.8541666666666666,0.5,adaptive_move,0.54375,0.09093713214095311,0.14901272845953017,276.0,43.0,42.0,291.0,35.0,7.0,0.0,0.0,44.0,9.0,7.0,36.0,16.0,4.0,0.0,0.0,0.0,0.0,7.0,36.0,0.0,0.0,0.0,0.0
A_f0.7_move__lamarckian__s5,A_f0.7_move__lamarckian,A_f0.7_move,A,lamarckian,5,100,train,50,0.74,10,10,99.69981218577652,0.7916666666666666,0.5,adaptive_move,0.58125,0.1291122090150838,0.20130709134615388,331.0,57.0,49.0,364.0,32.0,8.0,0.0,0.0,35.0,4.0,9.0,24.0,15.0,0.0,0.0,0.0,0.0,0.0,9.0,24.0,0.0,0.0,0.0,0.0
A_f0.7_move__lamarckian__s5,A_f0.7_move__lamarckian,A_f0.7_move,A,lamarckian,5,150,train,50,0.82,11,11,76.2502814304642,0.8541666666666666,0.5,adaptive_move,0.54375,0.145978531646591,0.21518382352941168,418.0,78.0,61.0,407.0,40.0,3.0,0.0,0.0,52.0,4.0,5.0,35.0,16.0,2.0,0.0,0.0,0.0,0.0,5.0,35.0,0.0,0.0,0.0,0.0
A_f0.7_move__lamarckian__s5,A_f0.7_move__lamarckian,A_f0.7_move,A,lamarckian,5,200,train,50,0.88,18,18,74.9135786831927,0.875,0.5,adaptive_move,0.5375,0.10114281163227665,0.17258343828715383,515.0,74.0,67.0,452.0,55.0,11.0,0.0,0.0,54.0,4.0,15.0,30.0,16.0,2.0,0.0,0.0,0.0,0.0,15.0,30.0,0.0,0.0,0.0,0.0
A_f0.7_move__lamarckian__s5,A_f0.7_move__lamarckian,A_f0.7_move,A,lamarckian,5,250,train,50,0.94,9,9,66.38310415090058,0.9166666666666666,0.5,adaptive_move,0.5375,0.09915427625367967,0.17754975124378114,334.0,71.0,53.0,257.0,110.0,19.0,0.0,0.0,56.0,7.0,9.0,23.0,18.0,2.0,0.0,0.0,0.0,0.0,9.0,23.0,0.0,0.0,0.0,0.0
A_f0.7_move__lamarckian__s5,A_f0.7_move__lamarckian,A_f0.7_move,A,lamarckian,5,300,train,50,0.94,14,14,84.18642368110343,0.8333333333333334,0.5,adaptive_move,0.5625,0.09350480391159824,0.17283051378446102,315.0,61.0,59.0,329.0,129.0,23.0,0.0,0.0,47.0,5.0,10.0,26.0,16.0,1.0,0.0,0.0,0.0,0.0,10.0,26.0,0.0,0.0,0.0,0.0
A_f0.7_move__lamarckian__s5,A_f0.7_move__lamarckian,A_f0.7_move,A,lamarckian,5,350,train,50,1.12,12,12,83.57991818671005,0.8333333333333334,0.5,adaptive_move,0.5875,0.10582114439539467,0.20178043735224604,324.0,45.0,51.0,372.0,107.0,15.0,0.0,0.0,44.0,4.0,13.0,31.0,26.0,2.0,0.0,0.0,0.0,0.0,13.0,31.0,0.0,0.0,0.0,0.0
A_f0.7_move__lamarckian__s5,A_f0.7_move__lamarckian,A_f0.7_move,A,lamarckian,5,400,train,50,1.16,6,6,97.41096240169927,0.8333333333333334,0.5,adaptive_move,0.5625,0.0708582381117823,0.14032894736842105,350.0,64.0,65.0,377.0,106.0,12.0,0.0,0.0,53.0,3.0,9.0,15.0,20.0,0.0,0.0,0.0,0.0,0.0,9.0,15.0,0.0,0.0,0.0,0.0
A_f0.7_move__lamarckian__s5,A_f0.7_move__lamarckian,A_f0.7_move,A,lamarckian,5,450,train,50,1.16,7,7,62.570452321183886,0.9166666666666666,0.5,adaptive_move,0.6,0.06557579636017603,0.13105833333333328,424.0,86.0,76.0,336.0,105.0,16.0,0.0,0.0,66.0,2.0,21.0,6.0,24.0,1.0,0.0,0.0,0.0,0.0,21.0,6.0,0.0,0.0,0.0,0.0
A_f0.7_move__lamarckian__s5,A_f0.7_move__lamarckian,A_f0.7_move,A,lamarckian,5,500,train,50,1.38,9,9,99.43681287214868,0.8125,0.5,adaptive_move,0.5375,0.0847523697802191,0.16766645728643215,304.0,65.0,90.0,520.0,92.0,16.0,0.0,0.0,46.0,1.0,15.0,21.0,18.0,1.0,0.0,0.0,0.0,0.0,15.0,21.0,0.0,0.0,0.0,0.0
A_f0.7_move__lamarckian__s5,A_f0.7_move__lamarckian,A_f0.7_move,A,lamarckian,5,550,train,50,1.66,17,17,79.0178739752345,0.875,0.5,adaptive_move,0.58125,0.13150357635933158,0.22610335990888375,435.0,76.0,82.0,506.0,49.0,9.0,0.0,0.0,53.0,6.0,11.0,25.0,24.0,1.0,0.0,0.0,0.0,0.0,11.0,25.0,0.0,0.0,0.0,0.0
A_f0.7_move__lamarckian__s5,A_f0.7_move__lamarckian,A_f0.7_move,A,lamarckian,5,600,train,50,1.68,8,8,58.0979282000923,0.8958333333333334,0.5,adaptive_move,0.5375,0.12837756838232128,0.19626672749391716,384.0,44.0,63.0,314.0,53.0,6.0,0.0,0.0,61.0,2.0,16.0,16.0,22.0,0.0,0.0,0.0,0.0,0.0,16.0,16.0,0.0,0.0,0.0,0.0
A_f0.7_move__lamarckian__s5,A_f0.7_move__lamarckian,A_f0.7_move,A,lamarckian,5,650,train,50,1.74,7,7,56.71377159623845,0.9166666666666666,0.5,adaptive_move,0.575,0.06940046191203042,0.14323596605744138,441.0,74.0,70.0,427.0,62.0,9.0,0.0,0.0,58.0,4.0,13.0,17.0,20.0,0.0,0.0,0.0,0.0,0.0,13.0,17.0,0.0,0.0,0.0,0.0
A_f0.7_move__lamarckian__s5,A_f0.7_move__lamarckian,A_f0.7_move,A,lamarckian,5,700,train,50,1.82,11,11,82.03906485069851,0.8125,0.5,adaptive_move,0.54375,0.11407938132787217,0.18858762254901995,257.0,52.0,65.0,380.0,64.0,10.0,0.0,0.0,51.0,1.0,18.0,19.0,14.0,0.0,0.0,0.0,0.0,0.0,18.0,19.0,0.0,0.0,0.0,0.0
A_f0.7_move__lamarckian__s5,A_f0.7_move__lamarckian,A_f0.7_move,A,lamarckian,5,750,train,50,1.82,8,8,94.78152044701642,0.75,0.5,adaptive_move,0.58125,0.08740758424079878,0.17048088972431064,468.0,88.0,58.0,379.0,132.0,23.0,0.0,0.0,55.0,4.0,16.0,14.0,15.0,0.0,0.0,0.0,0.0,0.0,16.0,14.0,0.0,0.0,0.0,0.0
A_f0.7_move__lamarckian__s5,A_f0.7_move__lamarckian,A_f0.7_move,A,lamarckian,5,800,train,50,1.98,10,10,60.35938743351326,0.9166666666666666,0.5,adaptive_move,0.575,0.09327886330408405,0.16344068877551043,412.0,69.0,84.0,453.0,208.0,53.0,0.0,0.0,66.0,3.0,14.0,20.0,25.0,5.0,0.0,0.0,0.0,0.0,14.0,20.0,0.0,0.0,0.0,0.0
A_f0.7_move__lamarckian__s5,A_f0.7_move__lamarckian,A_f0.7_move,A,lamarckian,5,850,train,50,2.2,13,13,72.15656793788145,0.8333333333333334,0.5,adaptive_move,0.54375,0.11136397730442794,0.19681475903614443,333.0,63.0,94.0,520.0,83.0,13.0,0.0,0.0,51.0,6.0,27.0,12.0,22.0,2.0,0.0,0.0,0.0,0.0,27.0,12.0,0.0,0.0,0.0,0.0
A_f0.7_move__lamarckian__s5,A_f0.7_move__lamarckian,A_f0.7_move,A,lamarckian,5,900,train,50,2.16,9,9,56.882143343123,0.9583333333333334,0.5,adaptive_move,0.5125,0.0917301779715787,0.17770730198019802,308.0,51.0,74.0,420.0,76.0,5.0,0.0,0.0,57.0,2.0,14.0,19.0,19.0,0.0,0.0,0.0,0.0,0.0,14.0,19.0,0.0,0.0,0.0,0.0
A_f0.7_move__lamarckian__s5,A_f0.7_move__lamarckian,A_f0.7_move,A,lamarckian,5,950,train,50,2.32,17,17,55.42255952201182,0.9166666666666666,0.5,adaptive_move,0.6375,0.13261404530043142,0.21861918604651143,329.0,64.0,78.0,428.0,96.0,12.0,0.0,0.0,60.0,3.0,22.0,16.0,25.0,1.0,0.0,0.0,0.0,0.0,22.0,16.0,0.0,0.0,0.0,0.0
A_f0.7_move__lamarckian__s5,A_f0.7_move__lamarckian,A_f0.7_move,A,lamarckian,5,1000,train,50,2.5,13,13,58.094667519425066,0.9375,0.5,adaptive_move,0.55625,0.09219328612594067,0.18286216381418052,367.0,57.0,77.0,475.0,100.0,9.0,0.0,0.0,60.0,3.0,13.0,15.0,23.0,0.0,0.0,0.0,0.0,0.0,13.0,15.0,0.0,0.0,0.0,0.0
A_f0.7_move__lamarckian__s5,A_f0.7_move__lamarckian,A_f0.7_move,A,lamarckian,5,1050,train,50,2.72,21,21,62.21737398029898,0.875,0.5,adaptive_move,0.56875,0.11892805572352363,0.213343023255814,270.0,56.0,81.0,484.0,77.0,20.0,0.0,0.0,53.0,7.0,12.0,23.0,18.0,1.0,0.0,0.0,0.0,0.0,12.0,23.0,0.0,0.0,0.0,0.0
A_f0.7_move__lamarckian__s5,A_f0.7_move__lamarckian,A_f0.7_move,A,lamarckian,5,1100,train,47,2.8297872340425534,11,14,61.086320928406245,0.9166666666666666,0.5,adaptive_move,0.5875,0.14600494219283008,0.23607443820224705,383.0,59.0,66.0,377.0,59.0,10.0,0.0,0.0,60.0,2.0,13.0,22.0,25.0,1.0,0.0,0.0,0.0,0.0,13.0,22.0,0.0,0.0,0.0,0.0
A_f0.7_move__lamarckian__s5,A_f0.7_move__lamarckian,A_f0.7_move,A,lamarckian,5,1150,train,46,3.0434782608695654,12,13,53.45932389458389,0.9375,0.5,adaptive_move,0.575,0.07641848163681675,0.14867694805194787,391.0,66.0,61.0,311.0,150.0,26.0,0.0,0.0,66.0,1.0,9.0,21.0,28.0,0.0,0.0,0.0,0.0,0.0,9.0,21.0,0.0,0.0,0.0,0.0
A_f0.7_move__lamarckian__s5,A_f0.7_move__lamarckian,A_f0.7_move,A,lamarckian,5,1200,train,43,3.13953488372093,8,11,81.25035274134905,0.8541666666666666,0.5,adaptive_move,0.58125,0.07175244356860018,0.1405098684210524,374.0,71.0,72.0,358.0,59.0,6.0,0.0,0.0,68.0,6.0,10.0,9.0,17.0,0.0,0.0,0.0,0.0,0.0,10.0,9.0,0.0,0.0,0.0,0.0
A_f0.7_move__lamarckian__s5,A_f0.7_move__lamarckian,A_f0.7_move,A,lamarckian,5,1250,train,49,3.489795918367347,21,15,69.93597107800029,0.8958333333333334,0.5,adaptive_move,0.5875,0.09507152746709523,0.19226973684210513,271.0,44.0,94.0,519.0,94.0,22.0,0.0,0.0,39.0,5.0,20.0,28.0,27.0,1.0,0.0,0.0,0.0,0.0,20.0,28.0,0.0,0.0,0.0,0.0
A_f0.7_move__lamarckian__s5,A_f0.7_move__lamarckian,A_f0.7_move,A,lamarckian,5,1300,train,46,3.391304347826087,12,15,57.02743803640252,0.9791666666666666,0.5,adaptive_move,0.54375,0.08779943387342296,0.17026159147869668,351.0,56.0,68.0,449.0,97.0,11.0,0.0,0.0,57.0,4.0,12.0,32.0,22.0,1.0,0.0,0.0,0.0,0.0,12.0,32.0,0.0,0.0,0.0,0.0
A_f0.7_move__lamarckian__s5,A_f0.7_move__lamarckian,A_f0.7_move,A,lamarckian,5,1350,train,39,3.5384615384615383,6,13,74.40221371108234,0.8958333333333334,0.5,adaptive_move,0.5875,0.12404092926071583,0.2248086734693877,296.0,55.0,61.0,313.0,78.0,9.0,0.0,0.0,56.0,4.0,17.0,12.0,23.0,1.0,0.0,0.0,0.0,0.0,17.0,12.0,0.0,0.0,0.0,0.0
A_f0.7_move__lamarckian__s5,A_f0.7_move__lamarckian,A_f0.7_move,A,lamarckian,5,1400,train,43,3.627906976744186,15,11,67.68748084151115,0.875,0.5,adaptive_move,0.525,0.09412914986914821,0.17145100502512567,331.0,59.0,64.0,365.0,48.0,11.0,0.0,0.0,67.0,2.0,13.0,15.0,27.0,3.0,0.0,0.0,0.0,0.0,13.0,15.0,0.0,0.0,0.0,0.0
A_f0.7_move__lamarckian__s5,A_f0.7_move__lamarckian,A_f0.7_move,A,lamarckian,5,1450,train,38,3.9210526315789473,11,16,38.744696920095734,0.9791666666666666,0.5,adaptive_move,0.5375,0.07670170257127584,0.15664162404092075,270.0,53.0,61.0,378.0,42.0,7.0,0.0,0.0,60.0,2.0,9.0,26.0,25.0,1.0,0.0,0.0,0.0,0.0,9.0,26.0,0.0,0.0,0.0,0.0
A_f0.7_move__lamarckian__s5,A_f0.7_move__lamarckian,A_f0.7_move,A,lamarckian,5,1500,train,37,4.108108108108108,7,8,88.21406588038053,0.8958333333333334,0.5,adaptive_move,0.53125,0.11287807432406079,0.19355279126213598,264.0,50.0,45.0,314.0,29.0,4.0,0.0,0.0,55.0,2.0,14.0,11.0,23.0,0.0,0.0,0.0,0.0,0.0,14.0,11.0,0.0,0.0,0.0,0.0
A_f0.7_move__lamarckian__s5,A_f0.7_move__lamarckian,A_f0.7_move,A,lamarckian,5,1550,eval,24,4.166666666666667,10,23,132.26349586686993,0.7708333333333334,0.5,adaptive_move,0.485,0.0,0.0,229.0,33.0,55.0,274.0,26.0,4.0,4.0,19.0,58.0,1.0,19.0,13.0,14.0,0.0,3.0,3.0,0.0,0.0,19.0,13.0,0.0,0.0,3.0,3.0
A_f0.7_move__lamarckian__s5,A_f0.7_move__lamarckian,A_f0.7_move,A,lamarckian,5,1600,eval,40,4.675,21,5,62.793051358923705,0.8958333333333334,0.5,adaptive_move,0.455,0.0,0.0,262.0,49.0,40.0,217.0,103.0,16.0,11.0,86.0,70.0,1.0,17.0,15.0,17.0,1.0,2.0,3.0,0.0,0.0,17.0,15.0,0.0,0.0,2.0,3.0
A_f0.7_move__lamarckian__s5,A_f0.7_move__lamarckian,A_f0.7_move,A,lamarckian,5,1650,eval,39,4.871794871794871,11,12,75.43986147901143,0.9375,0.5,adaptive_move,0.5,0.0,0.0,357.0,52.0,50.0,360.0,99.0,14.0,13.0,99.0,68.0,3.0,15.0,17.0,16.0,0.0,5.0,3.0,0.0,0.0,15.0,17.0,0.0,0.0,5.0,3.0
A_f0.7_move__lamarckian__s5,A_f0.7_move__lamarckian,A_f0.7_move,A,lamarckian,5,1700,eval,38,4.947368421052632,9,10,98.8402128564135,0.8125,0.5,adaptive_move,0.53,0.0,0.0,337.0,71.0,68.0,348.0,29.0,8.0,16.0,65.0,68.0,1.0,18.0,17.0,7.0,2.0,4.0,7.0,0.0,0.0,18.0,17.0,0.0,0.0,4.0,7.0
A_f0.7_move__lamarckian__s5,A_f0.7_move__lamarckian,A_f0.7_move,A,lamarckian,5,1750,eval,42,5.166666666666667,12,8,78.41229276079251,0.875,0.5,adaptive_move,0.485,0.0,0.0,392.0,67.0,58.0,363.0,108.0,20.0,31.0,115.0,76.0,1.0,18.0,13.0,8.0,0.0,5.0,3.0,0.0,0.0,18.0,13.0,0.0,0.0,5.0,3.0
A_f0.7_move__lamarckian__s5,A_f0.7_move__lamarckian,A_f0.7_move,A,lamarckian,5,1800,eval,42,5.238095238095238,13,13,91.76030912063761,0.875,0.5,adaptive_move,0.515,0.0,0.0,422.0,73.0,80.0,436.0,62.0,12.0,11.0,59.0,53.0,1.0,21.0,18.0,12.0,2.0,4.0,2.0,0.0,0.0,21.0,18.0,0.0,0.0,4.0,2.0
A_f0.7_move__lamarckian__s6,A_f0.7_move__lamarckian,A_f0.7_move,A,lamarckian,6,50,train,50,0.88,33,3,81.72053081262963,0.7916666666666666,0.5,adaptive_move,0.51875,0.07073500630769954,0.13123328877005336,157.0,22.0,46.0,255.0,70.0,22.0,0.0,0.0,32.0,7.0,8.0,35.0,25.0,6.0,0.0,0.0,0.0,0.0,8.0,35.0,0.0,0.0,0.0,0.0
A_f0.7_move__lamarckian__s6,A_f0.7_move__lamarckian,A_f0.7_move,A,lamarckian,6,100,train,50,0.96,12,12,61.739337235723525,0.8958333333333334,0.5,adaptive_move,0.53125,0.07848843222322875,0.15813137755102002,274.0,47.0,57.0,305.0,69.0,8.0,0.0,0.0,41.0,4.0,6.0,26.0,29.0,1.0,0.0,0.0,0.0,0.0,6.0,26.0,0.0,0.0,0.0,0.0
A_f0.7_move__lamarckian__s6,A_f0.7_move__lamarckian,A_f0.7_move,A,lamarckian,6,150,train,42,1.0476190476190477,12,20,88.83799364489239,0.8541666666666666,0.5,adaptive_move,0.53125,0.08762901221497295,0.17560334158415847,246.0,43.0,52.0,248.0,113.0,18.0,0.0,0.0,37.0,6.0,19.0,20.0,26.0,0.0,0.0,0.0,0.0,0.0,19.0,20.0,0.0,0.0,0.0,0.0
A_f0.7_move__lamarckian__s6,A_f0.7_move__lamarckian,A_f0.7_move,A,lamarckian,6,200,train,50,1.22,16,8,67.6598004917287,0.8541666666666666,0.5,adaptive_move,0.50625,0.06729327293341242,0.13970636482939636,309.0,59.0,75.0,449.0,103.0,17.0,0.0,0.0,52.0,3.0,14.0,18.0,31.0,1.0,0.0,0.0,0.0,0.0,14.0,18.0,0.0,0.0,0.0,0.0
A_f0.7_move__lamarckian__s6,A_f0.7_move__lamarckian,A_f0.7_move,A,lamarckian,6,250,train,50,1.34,16,16,91.23454251105333,0.7916666666666666,0.5,adaptive_move,0.58125,0.09586018283040679,0.1954795130641327,472.0,67.0,81.0,451.0,92.0,22.0,0.0,0.0,39.0,5.0,10.0,21.0,18.0,3.0,0.0,0.0,0.0,0.0,10.0,21.0,0.0,0.0,0.0,0.0
A_f0.7_move__lamarckian__s6,A_f0.7_move__lamarckian,A_f0.7_move,A,lamarckian,6,300,train,50,1.28,10,10,73.89502401375164,0.875,0.5,adaptive_move,0.5125,0.08584899560280052,0.1559439432989691,403.0,65.0,73.0,455.0,51.0,8.0,0.0,0.0,43.0,4.0,7.0,23.0,21.0,2.0,0.0,0.0,0.0,0.0,7.0,23.0,0.0,0.0,0.0,0.0
A_f0.7_move__lamarckian__s6,A_f0.7_move__lamarckian,A_f0.7_move,A,lamarckian,6,350,train,50,1.26,12,12,101.10667998477055,0.7708333333333334,0.5,adaptive_move,0.55625,0.1152717485550106,0.1989332932692307,338.0,60.0,98.0,534.0,82.0,8.0,0.0,0.0,35.0,6.0,12.0,29.0,14.0,4.0,0.0,0.0,0.0,0.0,12.0,29.0,0.0,0.0,0.0,0.0
A_f0.7_move__lamarckian__s6,A_f0.7_move__lamarckian,A_f0.7_move,A,lamarckian,6,400,train,50,1.12,9,9,85.49663140364845,0.7291666666666666,0.5,adaptive_move,0.58125,0.1207741597893687,0.21370639534883717,406.0,72.0,82.0,492.0,120.0,13.0,0.0,0.0,36.0,1.0,15.0,33.0,31.0,4.0,0.0,0.0,0.0,0.0,15.0,33.0,0.0,0.0,0.0,0.0
A_f0.7_move__lamarckian__s6,A_f0.7_move__lamarckian,A_f0.7_move,A,lamarckian,6,450,train,50,1.02,8,8,103.14824656653336,0.7708333333333334,0.5,adaptive_move,0.54375,0.08516402469385528,0.16217398218829526,552.0,86.0,82.0,461.0,92.0,20.0,0.0,0.0,52.0,2.0,13.0,24.0,23.0,3.0,0.0,0.0,0.0,0.0,13.0,24.0,0.0,0.0,0.0,0.0
A_f0.7_move__lamarckian__s6,A_f0.7_move__lamarckian,A_f0.7_move,A,lamarckian,6,500,train,50,1.36,11,11,80.22947847331605,0.8333333333333334,0.5,adaptive_move,0.54375,0.07840289867193201,0.1520752583979328,417.0,77.0,130.0,616.0,111.0,26.0,0.0,0.0,43.0,1.0,15.0,22.0,31.0,3.0,0.0,0.0,0.0,0.0,15.0,22.0,0.0,0.0,0.0,0.0
A_f0.7_move__lamarckian__s6,A_f0.7_move__lamarckian,A_f0.7_move,A,lamarckian,6,550,train,50,1.44,5,5,101.07616569285133,0.7708333333333334,0.5,adaptive_move,0.51875,0.12183896945812395,0.1936359489051096,416.0,77.0,88.0,478.0,116.0,18.0,0.0,0.0,51.0,1.0,14.0,14.0,29.0,2.0,0.0,0.0,0.0,0.0,14.0,14.0,0.0,0.0,0.0,0.0
A_f0.7_move__lamarckian__s6,A_f0.7_move__lamarckian,A_f0.7_move,A,lamarckian,6,600,train,50,1.58,13,13,78.31075512459233,0.8541666666666666,0.5,adaptive_move,0.53125,0.12775816811663732,0.19597779805352777,470.0,90.0,87.0,484.0,115.0,21.0,0.0,0.0,47.0,3.0,18.0,18.0,31.0,1.0,0.0,0.0,0.0,0.0,18.0,18.0,0.0,0.0,0.0,0.0
A_f0.7_move__lamarckian__s6,A_f0.7_move__lamarckian,A_f0.7_move,A,lamarckian,6,650,train,50,1.72,12,12,81.45353435578119,0.875,0.5,adaptive_move,0.58125,0.07623724337531697,0.16252361460957188,253.0,55.0,68.0,476.0,53.0,11.0,0.0,0.0,39.0,3.0,14.0,20.0,25.0,0.0,0.0,0.0,0.0,0.0,14.0,20.0,0.0,0.0,0.0,0.0
A_f0.7_move__lamarckian__s6,A_f0.7_move__lamarckian,A_f0.7_move,A,lamarckian,6,700,train,50,1.74,11,11,67.91018542530348,0.875,0.5,adaptive_move,0.575,0.12788048690014853,0.20230065947242215,278.0,53.0,68.0,349.0,106.0,21.0,0.0,0.0,50.0,0.0,15.0,19.0,24.0,1.0,0.0,0.0,0.0,0.0,15.0,19.0,0.0,0.0,0.0,0.0
A_f0.7_move__lamarckian__s6,A_f0.7_move__lamarckian,A_f0.7_move,A,lamarckian,6,750,train,50,1.86,18,18,64.97404243682983,0.9166666666666666,0.5,adaptive_move,0.55625,0.15961357117705247,0.23225829519450802,340.0,64.0,70.0,401.0,168.0,37.0,0.0,0.0,48.0,1.0,14.0,14.0,38.0,0.0,0.0,0.0,0.0,0.0,14.0,14.0,0.0,0.0,0.0,0.0
A_f0.7_move__lamarckian__s6,A_f0.7_move__lamarckian,A_f0.7_move,A,lamarckian,6,800,train,50,2.12,18,18,68.13746494714967,0.8958333333333334,0.5,adaptive_move,0.525,0.0740159972705058,0.15527742346938767,313.0,50.0,55.0,298.0,72.0,9.0,0.0,0.0,57.0,4.0,16.0,12.0,24.0,1.0,0.0,0.0,0.0,0.0,16.0,12.0,0.0,0.0,0.0,0.0
A_f0.7_move__lamarckian__s6,A_f0.7_move__lamarckian,A_f0.7_move,A,lamarckian,6,850,train,50,2.18,9,9,59.53503232581306,0.9375,0.5,adaptive_move,0.54375,0.08674538258073475,0.16126749363867687,318.0,64.0,70.0,435.0,92.0,17.0,0.0,0.0,48.0,1.0,19.0,15.0,30.0,1.0,0.0,0.0,0.0,0.0,19.0,15.0,0.0,0.0,0.0,0.0
A_f0.7_move__lamarckian__s6,A_f0.7_move__lamarckian,A_f0.7_move,A,lamarckian,6,900,train,50,2.42,11,11,110.31011048652293,0.75,0.5,adaptive_move,0.58125,0.15484384918361815,0.23943117977528083,339.0,61.0,77.0,463.0,67.0,17.0,0.0,0.0,47.0,1.0,11.0,17.0,22.0,2.0,0.0,0.0,0.0,0.0,11.0,17.0,0.0,0.0,0.0,0.0
A_f0.7_move__lamarckian__s6,A_f0.7_move__lamarckian,A_f0.7_move,A,lamarckian,6,950,train,50,2.52,11,11,64.8012120625821,0.8958333333333334,0.5,adaptive_move,0.5875,0.09406241247028876,0.18167229729729706,365.0,50.0,74.0,413.0,129.0,29.0,0.0,0.0,59.0,2.0,12.0,21.0,34.0,1.0,0.0,0.0,0.0,0.0,12.0,21.0,0.0,0.0,0.0,0.0
A_f0.7_move__lamarckian__s6,A_f0.7_move__lamarckian,A_f0.7_move,A,lamarckian,6,1000,train,50,2.56,9,9,62.03448290013415,0.875,0.5,adaptive_move,0.54375,0.08486926900127593,0.15850961538461528,338.0,69.0,72.0,348.0,111.0,27.0,0.0,0.0,41.0,5.0,19.0,18.0,31.0,1.0,0.0,0.0,0.0,0.0,19.0,18.0,0.0,0.0,0.0,0.0
A_f0.7_move__lamarckian__s6,A_f0.7_move__lamarckian,A_f0.7_move,A,lamarckian,6,1050,train,50,2.64,16,16,58.6719676499025,0.9375,0.5,adaptive_move,0.5625,0.08935224510039841,0.17109179197994995,337.0,55.0,82.0,402.0,117.0,13.0,0.0,0.0,50.0,2.0,17.0,21.0,24.0,0.0,0.0,0.0,0.0,0.0,17.0,21.0,0.0,0.0,0.0,0.0
A_f0.7_move__lamarckian__s6,A_f0.7_move__lamarckian,A_f0.7_move,A,lamarckian,6,1100,train,50,2.8,18,18,55.11094232567298,0.9583333333333334,0.5,adaptive_move,0.575,0.12856671516641666,0.20178463855421658,479.0,93.0,65.0,358.0,94.0,24.0,0.0,0.0,51.0,3.0,14.0,22.0,26.0,5.0,0.0,0.0,0.0,0.0,14.0,22.0,0.0,0.0,0.0,0.0
A_f0.7_move__lamarckian__s6,A_f0.7_move__lamarckian,A_f0.7_move,A,lamarckian,6,1150,train,50,2.82,12,12,45.67951361853714,0.9166666666666666,0.5,adaptive_move,0.56875,0.12236853214349377,0.22543834841628962,337.0,67.0,49.0,238.0,67.0,13.0,0.0,0.0,54.0,5.0,16.0,14.0,29.0,1.0,0.0,0.0,0.0,0.0,16.0,14.0,0.0,0.0,0.0,0.0
A_f0.7_move__lamarckian__s6,A_f0.7_move__lamarckian,A_f0.7_move,A,lamarckian,6,1200,train,50,3.06,20,20,54.63514773498852,0.9583333333333334,0.5,adaptive_move,0.53125,0.1068498704946015,0.19633413461538463,327.0,66.0,51.0,291.0,53.0,12.0,0.0,0.0,51.0,0.0,16.0,19.0,20.0,0.0,0.0,0.0,0.0,0.0,16.0,19.0,0.0,0.0,0.0,0.0
A_f0.7_move__lamarckian__s6,A_f0.7_move__lamarckian,A_f0.7_move,A,lamarckian,6,1250,train,49,3.2448979591836733,18,19,43.21959662155915,1.0,0.5,adaptive_move,0.5,0.13635777344349592,0.2272688356164383,252.0,39.0,75.0,384.0,48.0,15.0,0.0,0.0,48.0,4.0,17.0,22.0,25.0,4.0,0.0,0.0,0.0,0.0,17.0,22.0,0.0,0.0,0.0,0.0
A_f0.7_move__lamarckian__s6,A_f0.7_move__lamarckian,A_f0.7_move,A,lamarckian,6,1300,train,42,3.5952380952380953,8,15,71.44218770020265,0.875,0.5,adaptive_move,0.5625,0.10058702720966597,0.17325344611528815,271.0,54.0,59.0,309.0,83.0,11.0,0.0,0.0,53.0,2.0,13.0,16.0,30.0,1.0,0.0,0.0,0.0,0.0,13.0,16.0,0.0,0.0,0.0,0.0
A_f0.7_move__lamarckian__s6,A_f0.7_move__lamarckian,A_f0.7_move,A,lamarckian,6,1350,train,48,3.7083333333333335,16,10,50.63869249361935,0.9166666666666666,0.5,adaptive_move,0.53125,0.07120118303618314,0.1588844936708862,257.0,45.0,76.0,349.0,47.0,10.0,0.0,0.0,52.0,6.0,21.0,21.0,30.0,2.0,0.0,0.0,0.0,0.0,21.0,21.0,0.0,0.0,0.0,0.0
A_f0.7_move__lamarckian__s6,A_f0.7_move__lamarckian,A_f0.7_move,A,lamarckian,6,1400,train,32,3.96875,9,25,71.27090548312027,0.8333333333333334,0.5,adaptive_move,0.56875,0.13340427337854957,0.2188226744186046,246.0,45.0,57.0,298.0,49.0,6.0,0.0,0.0,42.0,5.0,14.0,24.0,31.0,0.0,0.0,0.0,0.0,0.0,14.0,24.0,0.0,0.0,0.0,0.0
A_f0.7_move__lamarckian__s6,A_f0.7_move__lamarckian,A_f0.7_move,A,lamarckian,6,1450,train,39,4.17948717948718,16,9,65.91425948277255,0.9166666666666666,0.5,adaptive_move,0.55,0.09846411211692754,0.17375469924812026,328.0,55.0,63.0,301.0,57.0,7.0,0.0,0.0,53.0,4.0,11.0,21.0,31.0,2.0,0.0,0.0,0.0,0.0,11.0,21.0,0.0,0.0,0.0,0.0
A_f0.7_move__lamarckian__s6,A_f0.7_move__lamarckian,A_f0.7_move,A,lamarckian,6,1500,train,36,4.361111111111111,10,13,50.08426115975656,0.9375,0.5,adaptive_move,0.59375,0.08282621364992662,0.16954687499999999,269.0,38.0,56.0,287.0,70.0,18.0,0.0,0.0,53.0,2.0,12.0,26.0,27.0,2.0,0.0,0.0,0.0,0.0,12.0,26.0,0.0,0.0,0.0,0.0
A_f0.7_move__lamarckian__s6,A_f0.7_move__lamarckian,A_f0.7_move,A,lamarckian,6,1550,eval,31,4.419354838709677,9,14,76.3321245118273,0.8958333333333334,0.5,adaptive_move,0.495,0.0,0.0,286.0,43.0,50.0,285.0,21.0,2.0,18.0,120.0,53.0,1.0,11.0,21.0,8.0,0.0,8.0,7.0,0.0,0.0,11.0,21.0,0.0,0.0,8.0,7.0
A_f0.7_move__lamarckian__s6,A_f0.7_move__lamarckian,A_f0.7_move,A,lamarckian,6,1600,eval,37,4.513513513513513,16,10,73.23292576257069,0.875,0.5,adaptive_move,0.52,0.0,0.0,346.0,71.0,49.0,292.0,21.0,6.0,11.0,73.0,57.0,4.0,12.0,15.0,13.0,0.0,7.0,9.0,0.0,0.0,12.0,15.0,0.0,0.0,7.0,9.0
A_f0.7_move__lamarckian__s6,A_f0.7_move__lamarckian,A_f0.7_move,A,lamarckian,6,1650,eval,37,4.648648648648648,9,9,85.49253515350084,0.9166666666666666,0.5,adaptive_move,0.52,0.0,0.0,377.0,56.0,56.0,326.0,26.0,7.0,13.0,86.0,55.0,2.0,11.0,18.0,12.0,0.0,5.0,9.0,0.0,0.0,11.0,18.0,0.0,0.0,5.0,9.0
A_f0.7_move__lamarckian__s6,A_f0.7_move__lamarckian,A_f0.7_move,A,lamarckian,6,1700,eval,43,4.837209302325581,20,14,44.2379497919931,0.9791666666666666,0.5,adaptive_move,0.495,0.0,0.0,494.0,93.0,50.0,288.0,29.0,5.0,20.0,82.0,72.0,4.0,15.0,11.0,13.0,2.0,5.0,4.0,0.0,0.0,15.0,11.0,0.0,0.0,5.0,4.0
A_f0.7_move__lamarckian__s6,A_f0.7_move__lamarckian,A_f0.7_move,A,lamarckian,6,1750,eval,35,4.828571428571428,4,12,107.75919207952911,0.8125,0.5,adaptive_move,0.52,0.0,0.0,368.0,69.0,43.0,260.0,57.0,17.0,12.0,73.0,45.0,2.0,13.0,13.0,17.0,1.0,4.0,7.0,0.0,0.0,13.0,13.0,0.0,0.0,4.0,7.0
A_f0.7_move__lamarckian__s6,A_f0.7_move__lamarckian,A_f0.7_move,A,lamarckian,6,1800,eval,45,5.133333333333334,15,5,70.3876357828728,0.875,0.5,adaptive_move,0.48,0.0,0.0,407.0,93.0,70.0,366.0,81.0,14.0,9.0,58.0,71.0,5.0,10.0,14.0,21.0,0.0,5.0,8.0,0.0,0.0,10.0,14.0,0.0,0.0,5.0,8.0
A_f0.7_move__lamarckian__s7,A_f0.7_move__lamarckian,A_f0.7_move,A,lamarckian,7,50,train,46,0.8043478260869565,33,7,96.4023549736689,0.7916666666666666,0.5,adaptive_move,0.475,0.047393680736661045,0.0900600282485875,171.0,41.0,25.0,213.0,62.0,12.0,0.0,0.0,25.0,9.0,6.0,45.0,14.0,5.0,0.0,0.0,0.0,0.0,6.0,45.0,0.0,0.0,0.0,0.0
A_f0.7_move__lamarckian__s7,A_f0.7_move__lamarckian,A_f0.7_move,A,lamarckian,7,100,train,47,0.8936170212765957,13,12,82.79291446666566,0.9166666666666666,0.5,adaptive_move,0.54375,0.0775977717010313,0.1495048701298698,382.0,71.0,81.0,444.0,66.0,7.0,0.0,0.0,41.0,5.0,15.0,23.0,15.0,2.0,0.0,0.0,0.0,0.0,15.0,23.0,0.0,0.0,0.0,0.0
A_f0.7_move__lamarckian__s7,A_f0.7_move__lamarckian,A_f0.7_move,A,lamarckian,7,150,train,44,0.8863636363636364,17,20,81.58216391580763,0.8958333333333334,0.5,adaptive_move,0.53125,0.09827183809297231,0.18122685185185183,400.0,67.0,100.0,565.0,62.0,18.0,0.0,0.0,37.0,4.0,13.0,37.0,15.0,2.0,0.0,0.0,0.0,0.0,13.0,37.0,0.0,0.0,0.0,0.0
A_f0.7_move__lamarckian__s7,A_f0.7_move__lamarckian,A_f0.7_move,A,lamarckian,7,200,train,50,1.04,18,12,60.14699334783659,0.875,0.5,adaptive_move,0.55,0.12522003489786537,0.202750299760192,387.0,60.0,108.0,585.0,69.0,11.0,0.0,0.0,53.0,5.0,12.0,24.0,27.0,4.0,0.0,0.0,0.0,0.0,12.0,24.0,0.0,0.0,0.0,0.0
A_f0.7_move__lamarckian__s7,A_f0.7_move__lamarckian,A_f0.7_move,A,lamarckian,7,250,train,50,1.08,16,16,70.48528354947197,0.8541666666666666,0.5,adaptive_move,0.5875,0.1250816361378859,0.21926843317972367,421.0,73.0,67.0,360.0,35.0,4.0,0.0,0.0,57.0,4.0,8.0,22.0,16.0,0.0,0.0,0.0,0.0,0.0,8.0,22.0,0.0,0.0,0.0,0.0
A_f0.7_move__lamarckian__s7,A_f0.7_move__lamarckian,A_f0.7_move,A,lamarckian,7,300,train,50,1.14,19,19,108.03868884465635,0.7708333333333334,0.5,adaptive_move,0.575,0.10680446608605856,0.18135080645161317,405.0,67.0,107.0,422.0,25.0,2.0,0.0,0.0,35.0,0.0,14.0,31.0,15.0,0.0,0.0,0.0,0.0,0.0,14.0,31.0,0.0,0.0,0.0,0.0
A_f0.7_move__lamarckian__s7,A_f0.7_move__lamarckian,A_f0.7_move,A,lamarckian,7,350,train,50,1.3,14,14,94.88079729903421,0.75,0.5,adaptive_move,0.55625,0.13033634625642698,0.20542213603818604,429.0,84.0,77.0,521.0,82.0,11.0,0.0,0.0,50.0,3.0,8.0,25.0,14.0,0.0,0.0,0.0,0.0,0.0,8.0,25.0,0.0,0.0,0.0,0.0
A_f0.7_move__lamarckian__s7,A_f0.7_move__lamarckian,A_f0.7_move,A,lamarckian,7,400,train,50,1.34,9,9,63.81834600474539,0.8958333333333334,0.5,adaptive_move,0.60625,0.11843255790843164,0.20919852941176464,510.0,94.0,90.0,524.0,88.0,21.0,0.0,0.0,57.0,4.0,10.0,24.0,18.0,1.0,0.0,0.0,0.0,0.0,10.0,24.0,0.0,0.0,0.0,0.0
A_f0.7_move__lamarckian__s7,A_f0.7_move__lamarckian,A_f0.7_move,A,lamarckian,7,450,train,50,1.28,12,12,91.24096641023681,0.8541666666666666,0.5,adaptive_move,0.54375,0.13940221824153878,0.21733752927400496,378.0,80.0,90.0,578.0,82.0,13.0,0.0,0.0,46.0,2.0,15.0,28.0,10.0,1.0,0.0,0.0,0.0,0.0,15.0,28.0,0.0,0.0,0.0,0.0
A_f0.7_move__lamarckian__s7,A_f0.7_move__lamarckian,A_f0.7_move,A,lamarckian,7,500,train,50,1.62,18,18,92.05763767055018,0.7916666666666666,0.5,adaptive_move,0.56875,0.11341784261930152,0.1807122817955109,355.0,66.0,78.0,498.0,141.0,22.0,0.0,0.0,42.0,5.0,13.0,24.0,25.0,1.0,0.0,0.0,0.0,0.0,13.0,24.0,0.0,0.0,0.0,0.0
A_f0.7_move__lamarckian__s7,A_f0.7_move__lamarckian,A_f0.7_move,A,lamarckian,7,550,train,50,1.8,10,10,79.61851221047044,0.8958333333333334,0.5,adaptive_move,0.625,0.11492412850372725,0.21478781755196308,341.0,67.0,80.0,479.0,77.0,17.0,0.0,0.0,47.0,1.0,20.0,21.0,20.0,1.0,0.0,0.0,0.0,0.0,20.0,21.0,0.0,0.0,0.0,0.0
A_f0.7_move__lamarckian__s7,A_f0.7_move__lamarckian,A_f0.7_move,A,lamarckian,7,600,train,50,1.86,14,14,76.23177896367893,0.8541666666666666,0.5,adaptive_move,0.575,0.1217732664687026,0.21691261574074083,504.0,91.0,93.0,595.0,70.0,13.0,0.0,0.0,59.0,4.0,13.0,30.0,17.0,2.0,0.0,0.0,0.0,0.0,13.0,30.0,0.0,0.0,0.0,0.0
A_f0.7_move__lamarckian__s7,A_f0.7_move__lamarckian,A_f0.7_move,A,lamarckian,7,650,train,50,1.98,14,14,64.92839040448092,0.875,0.5,adaptive_move,0.55,0.10187011644145344,0.1952601674641148,377.0,49.0,76.0,468.0,73.0,13.0,0.0,0.0,53.0,0.0,17.0,21.0,21.0,1.0,0.0,0.0,0.0,0.0,17.0,21.0,0.0,0.0,0.0,0.0
A_f0.7_move__lamarckian__s7,A_f0.7_move__lamarckian,A_f0.7_move,A,lamarckian,7,700,train,50,2.06,14,14,63.146225096766614,0.9375,0.5,adaptive_move,0.55625,0.13690335307797366,0.22099042923433854,334.0,49.0,64.0,348.0,50.0,8.0,0.0,0.0,57.0,4.0,14.0,12.0,17.0,0.0,0.0,0.0,0.0,0.0,14.0,12.0,0.0,0.0,0.0,0.0
A_f0.7_move__lamarckian__s7,A_f0.7_move__lamarckian,A_f0.7_move,A,lamarckian,7,750,train,50,2.28,16,16,51.05265307048931,0.9583333333333334,0.5,adaptive_move,0.5625,0.14270776021717488,0.22706422018348627,395.0,71.0,74.0,435.0,70.0,13.0,0.0,0.0,70.0,1.0,19.0,8.0,23.0,0.0,0.0,0.0,0.0,0.0,19.0,8.0,0.0,0.0,0.0,0.0
A_f0.7_move__lamarckian__s7,A_f0.7_move__lamarckian,A_f0.7_move,A,lamarckian,7,800,train,50,2.54,9,9,76.53511142978078,0.8333333333333334,0.5,adaptive_move,0.575,0.12708762001871451,0.2230048627002288,374.0,57.0,60.0,481.0,30.0,7.0,0.0,0.0,63.0,3.0,15.0,20.0,13.0,0.0,0.0,0.0,0.0,0.0,15.0,20.0,0.0,0.0,0.0,0.0
A_f0.7_move__lamarckian__s7,A_f0.7_move__lamarckian,A_f0.7_move,A,lamarckian,7,850,train,50,2.66,16,16,48.77441020109066,0.9791666666666666,0.5,adaptive_move,0.5,0.1371341377265082,0.2232895496535796,281.0,42.0,78.0,392.0,38.0,8.0,0.0,0.0,64.0,3.0,21.0,18.0,15.0,0.0,0.0,0.0,0.0,0.0,21.0,18.0,0.0,0.0,0.0,0.0
A_f0.7_move__lamarckian__s7,A_f0.7_move__lamarckian,A_f0.7_move,A,lamarckian,7,900,train,41,2.8292682926829267,15,24,52.551780278348005,0.9375,0.5,adaptive_move,0.55,0.09508342081666515,0.1675712025316456,309.0,44.0,41.0,247.0,22.0,5.0,0.0,0.0,51.0,1.0,15.0,13.0,14.0,0.0,0.0,0.0,0.0,0.0,15.0,13.0,0.0,0.0,0.0,0.0
A_f0.7_move__lamarckian__s7,A_f0.7_move__lamarckian,A_f0.7_move,A,lamarckian,7,950,train,37,3.2432432432432434,14,18,60.7935912228116,0.9375,0.5,adaptive_move,0.5375,0.12290821547878839,0.20445256563245806,296.0,56.0,74.0,393.0,30.0,6.0,0.0,0.0,63.0,2.0,19.0,11.0,15.0,1.0,0.0,0.0,0.0,0.0,19.0,11.0,0.0,0.0,0.0,0.0
A_f0.7_move__lamarckian__s7,A_f0.7_move__lamarckian,A_f0.7_move,A,lamarckian,7,1000,train,37,3.7027027027027026,10,10,65.48879371028204,0.9583333333333334,0.5,adaptive_move,0.6,0.06991974886359355,0.1465178571428567,258.0,41.0,44.0,292.0,39.0,5.0,0.0,0.0,66.0,4.0,12.0,16.0,15.0,0.0,0.0,0.0,0.0,0.0,12.0,16.0,0.0,0.0,0.0,0.0
A_f0.7_move__lamarckian__s7,A_f0.7_move__lamarckian,A_f0.7_move,A,lamarckian,7,1050,train,43,3.86046511627907,18,12,68.4023099217398,0.8541666666666666,0.5,adaptive_move,0.53125,0.11910089924455018,0.21086797423887615,302.0,51.0,77.0,417.0,82.0,13.0,0.0,0.0,50.0,3.0,20.0,23.0,22.0,0.0,0.0,0.0,0.0,0.0,20.0,23.0,0.0,0.0,0.0,0.0
A_f0.7_move__lamarckian__s7,A_f0.7_move__lamarckian,A_f0.7_move,A,lamarckian,7,1100,train,39,3.8205128205128207,7,11,54.74146530934425,0.9583333333333334,0.5,adaptive_move,0.61875,0.08815444847549915,0.1778786945812807,316.0,49.0,59.0,320.0,50.0,7.0,0.0,0.0,67.0,4.0,22.0,16.0,15.0,3.0,0.0,0.0,0.0,0.0,22.0,16.0,0.0,0.0,0.0,0.0
A_f0.7_move__lamarckian__s7,A_f0.7_move__lamarckian,A_f0.7_move,A,lamarckian,7,1150,train,34,4.235294117647059,10,15,59.1773112625534,0.9166666666666666,0.5,adaptive_move,0.55625,0.14922905597848377,0.2275201612903226,294.0,54.0,75.0,387.0,41.0,5.0,0.0,0.0,61.0,0.0,16.0,20.0,21.0,0.0,0.0,0.0,0.0,0.0,16.0,20.0,0.0,0.0,0.0,0.0
A_f0.7_move__lamarckian__s7,A_f0.7_move__lamarckian,A_f0.7_move,A,lamarckian,7,1200,train,32,4.5625,10,12,146.84200993304677,0.6041666666666666,0.5,adaptive_move,0.54375,0.10625262958726492,0.18211633663366333,220.0,35.0,80.0,432.0,52.0,9.0,0.0,0.0,42.0,1.0,18.0,14.0,19.0,0.0,0.0,0.0,0.0,0.0,18.0,14.0,0.0,0.0,0.0,0.0
A_f0.7_move__lamarckian__s7,A_f0.7_move__lamarckian,A_f0.7_move,A,lamarckian,7,1250,train,50,4.84,26,8,44.30436819410119,0.9791666666666666,0.5,adaptive_move,0.5,0.10867550078256998,0.19532379518072251,385.0,67.0,99.0,478.0,42.0,6.0,0.0,0.0,70.0,2.0,15.0,28.0,22.0,0.0,0.0,0.0,0.0,0.0,15.0,28.0,0.0,0.0,0.0,0.0
A_f0.7_move__lamarckian__s7,A_f0.7_move__lamarckian,A_f0.7_move,A,lamarckian,7,1300,train,47,4.829787234042553,11,14,71.3031425283691,0.875,0.5,adaptive_move,0.56875,0.13858919547648538,0.2236895161290322,327.0,69.0,76.0,527.0,31.0,5.0,0.0,0.0,53.0,3.0,20.0,15.0,18.0,0.0,0.0,0.0,0.0,0.0,20.0,15.0,0.0,0.0,0.0,0.0
A_f0.7_move__lamarckian__s7,A_f0.7_move__lamarckian,A_f0.7_move,A,lamarckian,7,1350,train,35,4.9714285714285715,11,23,96.33217210649275,0.8333333333333334,0.5,adaptive_move,0.6125,0.1471355411855783,0.23929670022371363,307.0,62.0,91.0,542.0,38.0,10.0,0.0,0.0,32.0,3.0,25.0,33.0,14.0,0.0,0.0,0.0,0.0,0.0,25.0,33.0,0.0,0.0,0.0,0.0
A_f0.7_move__lamarckian__s7,A_f0.7_move__lamarckian,A_f0.7_move,A,lamarckian,7,1400,train,43,5.186046511627907,14,6,74.0812742003024,0.8958333333333334,0.5,adaptive_move,0.5375,0.08121385668938376,0.15558322622107945,380.0,69.0,73.0,406.0,103.0,20.0,0.0,0.0,58.0,2.0,14.0,22.0,25.0,1.0,0.0,0.0,0.0,0.0,14.0,22.0,0.0,0.0,0.0,0.0
A_f0.7_move__lamarckian__s7,A_f0.7_move__lamarckian,A_f0.7_move,A,lamarckian,7,1450,train,43,5.441860465116279,15,15,66.73695073816498,0.9166666666666666,0.5,adaptive_move,0.56875,0.08830640169557716,0.17472859801488871,338.0,66.0,81.0,523.0,56.0,3.0,0.0,0.0,54.0,4.0,18.0,22.0,25.0,1.0,0.0,0.0,0.0,0.0,18.0,22.0,0.0,0.0,0.0,0.0
A_f0.7_move__lamarckian__s7,A_f0.7_move__lamarckian,A_f0.7_move,A,lamarckian,7,1500,train,38,5.315789473684211,9,14,100.05068342173635,0.7708333333333334,0.5,adaptive_move,0.4625,0.06423021847708726,0.12929478609625655,319.0,43.0,67.0,348.0,52.0,11.0,0.0,0.0,46.0,2.0,20.0,19.0,15.0,0.0,0.0,0.0,0.0,0.0,20.0,19.0,0.0,0.0,0.0,0.0
A_f0.7_move__lamarckian__s7,A_f0.7_move__lamarckian,A_f0.7_move,A,lamarckian,7,1550,eval,48,5.520833333333333,20,10,53.298982822241285,0.9375,0.5,adaptive_move,0.485,0.0,0.0,431.0,61.0,116.0,609.0,42.0,5.0,5.0,26.0,65.0,3.0,14.0,32.0,21.0,0.0,1.0,3.0,0.0,0.0,14.0,32.0,0.0,0.0,1.0,3.0
A_f0.7_move__lamarckian__s7,A_f0.7_move__lamarckian,A_f0.7_move,A,lamarckian,7,1600,eval,44,5.545454545454546,12,16,69.59948432910613,0.8958333333333334,0.5,adaptive_move,0.515,0.0,0.0,490.0,79.0,84.0,483.0,29.0,6.0,8.0,29.0,60.0,3.0,8.0,27.0,9.0,0.0,5.0,3.0,0.0,0.0,8.0,27.0,0.0,0.0,5.0,3.0
A_f0.7_move__lamarckian__s7,A_f0.7_move__lamarckian,A_f0.7_move,A,lamarckian,7,1650,eval,48,5.958333333333333,19,15,72.79189182896307,0.875,0.5,adaptive_move,0.475,0.0,0.0,441.0,98.0,108.0,576.0,38.0,13.0,6.0,32.0,55.0,6.0,10.0,28.0,11.0,2.0,1.0,3.0,0.0,0.0,10.0,28.0,0.0,0.0,1.0,3.0
A_f0.7_move__lamarckian__s7,A_f0.7_move__lamarckian,A_f0.7_move,A,lamarckian,7,1700,eval,43,6.046511627906977,13,18,72.41961618792723,0.9375,0.5,adaptive_move,0.485,0.0,0.0,505.0,93.0,108.0,523.0,60.0,16.0,11.0,97.0,60.0,5.0,19.0,19.0,10.0,1.0,5.0,4.0,0.0,0.0,19.0,19.0,0.0,0.0,5.0,4.0
A_f0.7_move__lamarckian__s7,A_f0.7_move__lamarckian,A_f0.7_move,A,lamarckian,7,1750,eval,50,6.34,18,11,93.56526998281274,0.7708333333333334,0.5,adaptive_move,0.53,0.0,0.0,420.0,70.0,109.0,632.0,83.0,15.0,12.0,37.0,58.0,3.0,16.0,21.0,13.0,0.0,3.0,2.0,0.0,0.0,16.0,21.0,0.0,0.0,3.0,2.0
A_f0.7_move__lamarckian__s7,A_f0.7_move__lamarckian,A_f0.7_move,A,lamarckian,7,1800,eval,50,6.46,10,10,59.47508479277662,0.9166666666666666,0.5,adaptive_move,0.485,0.0,0.0,537.0,83.0,81.0,491.0,95.0,23.0,12.0,78.0,65.0,5.0,15.0,15.0,8.0,3.0,3.0,6.0,0.0,0.0,15.0,15.0,0.0,0.0,3.0,6.0
A_f0.7_move__lamarckian__s8,A_f0.7_move__lamarckian,A_f0.7_move,A,lamarckian,8,50,train,45,0.7111111111111111,32,7,130.34905102171345,0.7291666666666666,0.5,adaptive_move,0.5375,0.06727203381590784,0.12529481132075482,229.0,36.0,46.0,283.0,18.0,8.0,0.0,0.0,31.0,2.0,9.0,51.0,1.0,1.0,0.0,0.0,0.0,0.0,9.0,51.0,0.0,0.0,0.0,0.0
A_f0.7_move__lamarckian__s8,A_f0.7_move__lamarckian,A_f0.7_move,A,lamarckian,8,100,train,50,0.92,18,13,61.85512785163684,0.875,0.5,adaptive_move,0.58125,0.062257915089134426,0.1324021883289126,332.0,75.0,64.0,350.0,170.0,32.0,0.0,0.0,38.0,18.0,9.0,37.0,11.0,2.0,0.0,0.0,0.0,0.0,9.0,37.0,0.0,0.0,0.0,0.0
A_f0.7_move__lamarckian__s8,A_f0.7_move__lamarckian,A_f0.7_move,A,lamarckian,8,150,train,50,1.02,18,18,69.03034570880523,0.8541666666666666,0.5,adaptive_move,0.56875,0.1194709764424284,0.196027542372881,375.0,71.0,51.0,274.0,37.0,8.0,0.0,0.0,43.0,10.0,7.0,33.0,10.0,1.0,0.0,0.0,0.0,0.0,7.0,33.0,0.0,0.0,0.0,0.0
A_f0.7_move__lamarckian__s8,A_f0.7_move__lamarckian,A_f0.7_move,A,lamarckian,8,200,train,50,1.16,18,18,116.99025559750378,0.7083333333333334,0.5,adaptive_move,0.54375,0.08046781916960695,0.1588010204081629,350.0,68.0,107.0,645.0,104.0,19.0,0.0,0.0,28.0,4.0,12.0,31.0,14.0,0.0,0.0,0.0,0.0,0.0,12.0,31.0,0.0,0.0,0.0,0.0
A_f0.7_move__lamarckian__s8,A_f0.7_move__lamarckian,A_f0.7_move,A,lamarckian,8,250,train,50,1.12,5,5,82.27283669088678,0.75,0.5,adaptive_move,0.55,0.07975496105892052,0.15262435400516794,603.0,131.0,117.0,607.0,77.0,13.0,0.0,0.0,56.0,6.0,12.0,28.0,8.0,0.0,0.0,0.0,0.0,0.0,12.0,28.0,0.0,0.0,0.0,0.0
A_f0.7_move__lamarckian__s8,A_f0.7_move__lamarckian,A_f0.7_move,A,lamarckian,8,300,train,50,1.1,8,8,83.35719627711907,0.8333333333333334,0.5,adaptive_move,0.5125,0.09138831740941497,0.16829229797979806,497.0,90.0,99.0,553.0,127.0,31.0,0.0,0.0,50.0,6.0,8.0,24.0,19.0,0.0,0.0,0.0,0.0,0.0,8.0,24.0,0.0,0.0,0.0,0.0
A_f0.7_move__lamarckian__s8,A_f0.7_move__lamarckian,A_f0.7_move,A,lamarckian,8,350,train,50,1.1,7,7,106.16307867019697,0.6666666666666666,0.5,adaptive_move,0.54375,0.11867797717893949,0.19419860097323594,447.0,97.0,106.0,508.0,130.0,23.0,0.0,0.0,47.0,4.0,11.0,25.0,10.0,0.0,0.0,0.0,0.0,0.0,11.0,25.0,0.0,0.0,0.0,0.0
A_f0.7_move__lamarckian__s8,A_f0.7_move__lamarckian,A_f0.7_move,A,lamarckian,8,400,train,50,1.1,11,11,87.91311339840114,0.7708333333333334,0.5,adaptive_move,0.49375,0.06891724858178287,0.12580020215633425,484.0,80.0,99.0,554.0,130.0,23.0,0.0,0.0,56.0,7.0,10.0,20.0,3.0,1.0,0.0,0.0,0.0,0.0,10.0,20.0,0.0,0.0,0.0,0.0
A_f0.7_move__lamarckian__s8,A_f0.7_move__lamarckian,A_f0.7_move,A,lamarckian,8,450,train,50,1.1,8,8,73.60386556251794,0.8333333333333334,0.5,adaptive_move,0.5375,0.07831184684301969,0.15856186224489788,458.0,95.0,69.0,399.0,223.0,43.0,0.0,0.0,59.0,5.0,17.0,18.0,13.0,3.0,0.0,0.0,0.0,0.0,17.0,18.0,0.0,0.0,0.0,0.0
A_f0.7_move__lamarckian__s8,A_f0.7_move__lamarckian,A_f0.7_move,A,lamarckian,8,500,train,50,1.52,18,18,95.63150769030834,0.7083333333333334,0.5,adaptive_move,0.5625,0.07749005159418453,0.1404106200527706,474.0,70.0,103.0,527.0,51.0,10.0,0.0,0.0,39.0,2.0,11.0,21.0,6.0,0.0,0.0,0.0,0.0,0.0,11.0,21.0,0.0,0.0,0.0,0.0
A_f0.7_move__lamarckian__s8,A_f0.7_move__lamarckian,A_f0.7_move,A,lamarckian,8,550,train,50,1.8,19,19,76.66430453933924,0.875,0.5,adaptive_move,0.625,0.12801316155310127,0.21238970588235295,345.0,53.0,76.0,391.0,101.0,16.0,0.0,0.0,53.0,4.0,16.0,15.0,17.0,0.0,0.0,0.0,0.0,0.0,16.0,15.0,0.0,0.0,0.0,0.0
A_f0.7_move__lamarckian__s8,A_f0.7_move__lamarckian,A_f0.7_move,A,lamarckian,8,600,train,50,2.08,14,14,78.58222340417309,0.8125,0.5,adaptive_move,0.5875,0.08972032293767473,0.17348036159600966,396.0,56.0,104.0,557.0,62.0,11.0,0.0,0.0,35.0,5.0,17.0,32.0,10.0,3.0,0.0,0.0,0.0,0.0,17.0,32.0,0.0,0.0,0.0,0.0
A_f0.7_move__lamarckian__s8,A_f0.7_move__lamarckian,A_f0.7_move,A,lamarckian,8,650,train,50,2.36,19,19,94.55573027990258,0.7708333333333334,0.5,adaptive_move,0.55,0.09990564323333888,0.18116512345678992,431.0,82.0,82.0,415.0,45.0,14.0,0.0,0.0,53.0,4.0,13.0,24.0,14.0,1.0,0.0,0.0,0.0,0.0,13.0,24.0,0.0,0.0,0.0,0.0
A_f0.7_move__lamarckian__s8,A_f0.7_move__lamarckian,A_f0.7_move,A,lamarckian,8,700,train,50,2.38,22,22,72.88792802438893,0.8333333333333334,0.5,adaptive_move,0.49375,0.08033585589739325,0.16131027918781715,413.0,72.0,71.0,384.0,45.0,7.0,0.0,0.0,46.0,6.0,18.0,24.0,12.0,2.0,0.0,0.0,0.0,0.0,18.0,24.0,0.0,0.0,0.0,0.0
A_f0.7_move__lamarckian__s8,A_f0.7_move__lamarckian,A_f0.7_move,A,lamarckian,8,750,train,50,2.5,12,12,65.83278213503851,0.9583333333333334,0.5,adaptive_move,0.525,0.14026544826463724,0.21129008313539166,360.0,69.0,72.0,463.0,44.0,5.0,0.0,0.0,55.0,0.0,10.0,27.0,15.0,2.0,0.0,0.0,0.0,0.0,10.0,27.0,0.0,0.0,0.0,0.0
A_f0.7_move__lamarckian__s8,A_f0.7_move__lamarckian,A_f0.7_move,A,lamarckian,8,800,train,50,2.7,15,15,69.01674806410222,0.8541666666666666,0.5,adaptive_move,0.55625,0.13593094587085722,0.2139926470588236,391.0,61.0,87.0,440.0,43.0,9.0,0.0,0.0,57.0,3.0,11.0,23.0,16.0,2.0,0.0,0.0,0.0,0.0,11.0,23.0,0.0,0.0,0.0,0.0
A_f0.7_move__lamarckian__s8,A_f0.7_move__lamarckian,A_f0.7_move,A,lamarckian,8,850,train,50,2.84,10,10,86.6303974488228,0.8125,0.5,adaptive_move,0.53125,0.14311164121022452,0.23031748291571752,487.0,69.0,103.0,570.0,48.0,11.0,0.0,0.0,51.0,3.0,22.0,24.0,10.0,1.0,0.0,0.0,0.0,0.0,22.0,24.0,0.0,0.0,0.0,0.0
A_f0.7_move__lamarckian__s8,A_f0.7_move__lamarckian,A_f0.7_move,A,lamarckian,8,900,train,50,3.02,14,14,65.25828389283268,0.8541666666666666,0.5,adaptive_move,0.575,0.1551083089846172,0.2337899543378994,585.0,94.0,101.0,579.0,28.0,3.0,0.0,0.0,64.0,5.0,12.0,28.0,16.0,0.0,0.0,0.0,0.0,0.0,12.0,28.0,0.0,0.0,0.0,0.0
A_f0.7_move__lamarckian__s8,A_f0.7_move__lamarckian,A_f0.7_move,A,lamarckian,8,950,train,50,3.06,13,13,71.65788656955081,0.875,0.5,adaptive_move,0.58125,0.12513319802388934,0.20294600238663474,470.0,89.0,98.0,561.0,63.0,7.0,0.0,0.0,55.0,2.0,16.0,30.0,13.0,0.0,0.0,0.0,0.0,0.0,16.0,30.0,0.0,0.0,0.0,0.0
A_f0.7_move__lamarckian__s8,A_f0.7_move__lamarckian,A_f0.7_move,A,lamarckian,8,1000,train,50,3.12,14,14,68.78041602320619,0.9166666666666666,0.5,adaptive_move,0.5625,0.1065882712116787,0.18121122828784153,301.0,50.0,89.0,550.0,88.0,21.0,0.0,0.0,41.0,0.0,25.0,24.0,14.0,0.0,0.0,0.0,0.0,0.0,25.0,24.0,0.0,0.0,0.0,0.0
A_f0.7_move__lamarckian__s8,A_f0.7_move__lamarckian,A_f0.7_move,A,lamarckian,8,1050,train,50,3.34,19,19,51.72925584038441,0.9583333333333334,0.5,adaptive_move,0.575,0.11282472028869062,0.1924650243309003,430.0,74.0,74.0,345.0,72.0,13.0,0.0,0.0,68.0,4.0,15.0,22.0,17.0,1.0,0.0,0.0,0.0,0.0,15.0,22.0,0.0,0.0,0.0,0.0
A_f0.7_move__lamarckian__s8,A_f0.7_move__lamarckian,A_f0.7_move,A,lamarckian,8,1100,train,49,3.5306122448979593,17,18,36.032274914076616,0.9583333333333334,0.5,adaptive_move,0.6,0.11120691171348686,0.216521924829157,303.0,59.0,48.0,288.0,91.0,16.0,0.0,0.0,66.0,2.0,14.0,26.0,15.0,0.0,0.0,0.0,0.0,0.0,14.0,26.0,0.0,0.0,0.0,0.0
A_f0.7_move__lamarckian__s8,A_f0.7_move__lamarckian,A_f0.7_move,A,lamarckian,8,1150,train,34,3.5588235294117645,5,20,84.82923882067723,0.8333333333333334,0.5,adaptive_move,0.59375,0.11409259724411161,0.18057200748129643,238.0,42.0,57.0,251.0,30.0,5.0,0.0,0.0,58.0,1.0,19.0,12.0,13.0,0.0,0.0,0.0,0.0,0.0,19.0,12.0,0.0,0.0,0.0,0.0
A_f0.7_move__lamarckian__s8,A_f0.7_move__lamarckian,A_f0.7_move,A,lamarckian,8,1200,train,34,4.029411764705882,13,13,106.44441525576585,0.7916666666666666,0.5,adaptive_move,0.5375,0.10811043072163773,0.18457561728395055,195.0,38.0,76.0,382.0,54.0,14.0,0.0,0.0,55.0,3.0,13.0,21.0,14.0,0.0,0.0,0.0,0.0,0.0,13.0,21.0,0.0,0.0,0.0,0.0
A_f0.7_move__lamarckian__s8,A_f0.7_move__lamarckian,A_f0.7_move,A,lamarckian,8,1250,train,45,4.266666666666667,23,12,48.346865000923636,0.9166666666666666,0.5,adaptive_move,0.56875,0.10524020497678782,0.18258044554455433,383.0,83.0,79.0,501.0,80.0,17.0,0.0,0.0,61.0,5.0,20.0,27.0,9.0,2.0,0.0,0.0,0.0,0.0,20.0,27.0,0.0,0.0,0.0,0.0
A_f0.7_move__lamarckian__s8,A_f0.7_move__lamarckian,A_f0.7_move,A,lamarckian,8,1300,train,38,4.526315789473684,11,18,55.65221475892557,0.9166666666666666,0.5,adaptive_move,0.59375,0.11951037776402895,0.20394150831353897,306.0,45.0,64.0,422.0,56.0,16.0,0.0,0.0,65.0,2.0,19.0,17.0,12.0,2.0,0.0,0.0,0.0,0.0,19.0,17.0,0.0,0.0,0.0,0.0
A_f0.7_move__lamarckian__s8,A_f0.7_move__lamarckian,A_f0.7_move,A,lamarckian,8,1350,train,37,4.756756756756757,14,15,57.20111069478695,0.9375,0.5,adaptive_move,0.575,0.13581446847946527,0.232615427927928,290.0,47.0,72.0,456.0,42.0,6.0,0.0,0.0,68.0,3.0,17.0,19.0,16.0,0.0,0.0,0.0,0.0,0.0,17.0,19.0,0.0,0.0,0.0,0.0
A_f0.7_move__lamarckian__s8,A_f0.7_move__lamarckian,A_f0.7_move,A,lamarckian,8,1400,train,38,4.973684210526316,14,13,61.63114994696305,0.8958333333333334,0.5,adaptive_move,0.55,0.09741433686920911,0.18367034313725505,270.0,44.0,62.0,348.0,20.0,3.0,0.0,0.0,60.0,2.0,15.0,22.0,11.0,0.0,0.0,0.0,0.0,0.0,15.0,22.0,0.0,0.0,0.0,0.0
A_f0.7_move__lamarckian__s8,A_f0.7_move__lamarckian,A_f0.7_move,A,lamarckian,8,1450,train,28,5.321428571428571,6,16,70.30621166307904,0.8958333333333334,0.5,adaptive_move,0.60625,0.12619663302158263,0.2012424698795181,254.0,45.0,49.0,249.0,52.0,8.0,0.0,0.0,67.0,2.0,14.0,18.0,21.0,0.0,0.0,0.0,0.0,0.0,14.0,18.0,0.0,0.0,0.0,0.0
A_f0.7_move__lamarckian__s8,A_f0.7_move__lamarckian,A_f0.7_move,A,lamarckian,8,1500,train,33,5.848484848484849,12,7,84.86586446053133,0.8333333333333334,0.5,adaptive_move,0.56875,0.10108630896575688,0.15945554123711347,278.0,50.0,46.0,269.0,31.0,5.0,0.0,0.0,67.0,3.0,17.0,13.0,15.0,1.0,0.0,0.0,0.0,0.0,17.0,13.0,0.0,0.0,0.0,0.0
A_f0.7_move__lamarckian__s8,A_f0.7_move__lamarckian,A_f0.7_move,A,lamarckian,8,1550,eval,29,6.172413793103448,8,12,87.95152912623561,0.8333333333333334,0.5,adaptive_move,0.48,0.0,0.0,285.0,51.0,52.0,316.0,9.0,2.0,5.0,31.0,70.0,3.0,14.0,18.0,5.0,0.0,3.0,3.0,0.0,0.0,14.0,18.0,0.0,0.0,3.0,3.0
A_f0.7_move__lamarckian__s8,A_f0.7_move__lamarckian,A_f0.7_move,A,lamarckian,8,1600,eval,48,6.5,23,4,91.51467150600675,0.8333333333333334,0.5,adaptive_move,0.525,0.0,0.0,334.0,60.0,56.0,413.0,32.0,6.0,3.0,23.0,73.0,3.0,12.0,17.0,15.0,1.0,1.0,0.0,0.0,0.0,12.0,17.0,0.0,0.0,1.0,0.0
A_f0.7_move__lamarckian__s8,A_f0.7_move__lamarckian,A_f0.7_move,A,lamarckian,8,1650,eval,40,6.525,7,15,57.98204395509245,0.9583333333333334,0.5,adaptive_move,0.47,0.0,0.0,388.0,63.0,72.0,354.0,22.0,4.0,10.0,65.0,75.0,2.0,19.0,17.0,13.0,1.0,6.0,2.0,0.0,0.0,19.0,17.0,0.0,0.0,6.0,2.0
A_f0.7_move__lamarckian__s8,A_f0.7_move__lamarckian,A_f0.7_move,A,lamarckian,8,1700,eval,32,6.65625,11,19,55.48119068525388,0.9791666666666666,0.5,adaptive_move,0.51,0.0,0.0,367.0,59.0,63.0,293.0,28.0,4.0,7.0,38.0,68.0,2.0,15.0,23.0,10.0,0.0,6.0,0.0,0.0,0.0,15.0,23.0,0.0,0.0,6.0,0.0
A_f0.7_move__lamarckian__s8,A_f0.7_move__lamarckian,A_f0.7_move,A,lamarckian,8,1750,eval,37,7.216216216216216,17,12,65.01730648382609,0.8958333333333334,0.5,adaptive_move,0.495,0.0,0.0,428.0,66.0,57.0,409.0,20.0,3.0,4.0,23.0,65.0,2.0,16.0,20.0,10.0,0.0,3.0,1.0,0.0,0.0,16.0,20.0,0.0,0.0,3.0,1.0
A_f0.7_move__lamarckian__s8,A_f0.7_move__lamarckian,A_f0.7_move,A,lamarckian,8,1800,eval,30,7.366666666666666,9,16,61.02749834824176,0.9375,0.5,adaptive_move,0.525,0.0,0.0,457.0,77.0,56.0,320.0,26.0,8.0,2.0,30.0,76.0,1.0,10.0,24.0,12.0,0.0,2.0,2.0,0.0,0.0,10.0,24.0,0.0,0.0,2.0,2.0
A_f0.7_move__lamarckian__s9,A_f0.7_move__lamarckian,A_f0.7_move,A,lamarckian,9,50,train,50,0.82,33,3,41.20702539636149,0.9375,0.5,adaptive_move,0.4875,0.08903539473343314,0.13447526737967896,252.0,34.0,29.0,182.0,46.0,8.0,0.0,0.0,70.0,5.0,9.0,30.0,14.0,2.0,0.0,0.0,0.0,0.0,9.0,30.0,0.0,0.0,0.0,0.0
A_f0.7_move__lamarckian__s9,A_f0.7_move__lamarckian,A_f0.7_move,A,lamarckian,9,100,train,50,1.14,9,9,89.09996231450265,0.8333333333333334,0.5,adaptive_move,0.5375,0.07888646281014255,0.14943993506493491,274.0,46.0,24.0,210.0,87.0,15.0,0.0,0.0,33.0,2.0,6.0,18.0,15.0,5.0,0.0,0.0,0.0,0.0,6.0,18.0,0.0,0.0,0.0,0.0
A_f0.7_move__lamarckian__s9,A_f0.7_move__lamarckian,A_f0.7_move,A,lamarckian,9,150,train,50,1.34,22,22,123.30757451063509,0.7708333333333334,0.5,adaptive_move,0.53125,0.09801143275357976,0.16616571246819323,271.0,47.0,60.0,288.0,49.0,6.0,0.0,0.0,41.0,4.0,12.0,19.0,14.0,3.0,0.0,0.0,0.0,0.0,12.0,19.0,0.0,0.0,0.0,0.0
A_f0.7_move__lamarckian__s9,A_f0.7_move__lamarckian,A_f0.7_move,A,lamarckian,9,200,train,50,1.32,5,5,109.38594851939888,0.8333333333333334,0.5,adaptive_move,0.54375,0.06700602774894078,0.12837634048257374,344.0,41.0,68.0,466.0,79.0,16.0,0.0,0.0,44.0,2.0,13.0,18.0,10.0,4.0,0.0,0.0,0.0,0.0,13.0,18.0,0.0,0.0,0.0,0.0
A_f0.7_move__lamarckian__s9,A_f0.7_move__lamarckian,A_f0.7_move,A,lamarckian,9,250,train,50,1.5,17,17,73.89906169914744,0.875,0.5,adaptive_move,0.53125,0.09237392617434881,0.17357812499999992,337.0,52.0,66.0,417.0,90.0,20.0,0.0,0.0,49.0,3.0,17.0,29.0,15.0,3.0,0.0,0.0,0.0,0.0,17.0,29.0,0.0,0.0,0.0,0.0
A_f0.7_move__lamarckian__s9,A_f0.7_move__lamarckian,A_f0.7_move,A,lamarckian,9,300,train,50,1.44,8,8,98.35951055658444,0.75,0.5,adaptive_move,0.56875,0.21331767064578971,0.24074020737327184,335.0,71.0,75.0,327.0,132.0,27.0,0.0,0.0,51.0,5.0,15.0,12.0,25.0,1.0,0.0,0.0,0.0,0.0,15.0,12.0,0.0,0.0,0.0,0.0
A_f0.7_move__lamarckian__s9,A_f0.7_move__lamarckian,A_f0.7_move,A,lamarckian,9,350,train,50,1.58,14,14,113.61613076215511,0.7083333333333334,0.5,adaptive_move,0.53125,0.08533965379659325,0.1587660256410255,383.0,78.0,82.0,383.0,38.0,9.0,0.0,0.0,45.0,4.0,17.0,12.0,21.0,0.0,0.0,0.0,0.0,0.0,17.0,12.0,0.0,0.0,0.0,0.0
A_f0.7_move__lamarckian__s9,A_f0.7_move__lamarckian,A_f0.7_move,A,lamarckian,9,400,train,50,1.56,12,12,140.42411727944588,0.6875,0.5,adaptive_move,0.56875,0.08079837285607905,0.15636217948717968,331.0,48.0,97.0,545.0,56.0,13.0,0.0,0.0,40.0,2.0,15.0,18.0,21.0,3.0,0.0,0.0,0.0,0.0,15.0,18.0,0.0,0.0,0.0,0.0
A_f0.7_move__lamarckian__s9,A_f0.7_move__lamarckian,A_f0.7_move,A,lamarckian,9,450,train,50,1.52,8,8,64.99814213303142,0.8541666666666666,0.5,adaptive_move,0.5875,0.09824717528487284,0.1846966911764707,456.0,80.0,68.0,390.0,40.0,8.0,0.0,0.0,49.0,5.0,9.0,26.0,17.0,2.0,0.0,0.0,0.0,0.0,9.0,26.0,0.0,0.0,0.0,0.0
A_f0.7_move__lamarckian__s9,A_f0.7_move__lamarckian,A_f0.7_move,A,lamarckian,9,500,train,50,1.6,7,7,142.47953113150191,0.5833333333333334,0.5,adaptive_move,0.59375,0.11127835234912765,0.18861825980392188,406.0,61.0,57.0,327.0,171.0,30.0,0.0,0.0,52.0,0.0,7.0,17.0,8.0,0.0,0.0,0.0,0.0,0.0,7.0,17.0,0.0,0.0,0.0,0.0
A_f0.7_move__lamarckian__s9,A_f0.7_move__lamarckian,A_f0.7_move,A,lamarckian,9,550,train,50,1.8,8,8,110.65430987122383,0.7916666666666666,0.5,adaptive_move,0.58125,0.06985829870371989,0.14133038057742753,277.0,64.0,89.0,480.0,187.0,29.0,0.0,0.0,41.0,4.0,13.0,30.0,24.0,0.0,0.0,0.0,0.0,0.0,13.0,30.0,0.0,0.0,0.0,0.0
A_f0.7_move__lamarckian__s9,A_f0.7_move__lamarckian,A_f0.7_move,A,lamarckian,9,600,train,50,1.94,10,10,76.8613170918092,0.8125,0.5,adaptive_move,0.525,0.07989581654359343,0.14251644736842084,396.0,72.0,110.0,506.0,168.0,35.0,0.0,0.0,43.0,3.0,20.0,25.0,18.0,0.0,0.0,0.0,0.0,0.0,20.0,25.0,0.0,0.0,0.0,0.0
A_f0.7_move__lamarckian__s9,A_f0.7_move__lamarckian,A_f0.7_move,A,lamarckian,9,650,train,50,2.22,16,16,75.13876578285522,0.7916666666666666,0.5,adaptive_move,0.58125,0.10898909584500638,0.20155136579572397,382.0,73.0,50.0,348.0,113.0,18.0,0.0,0.0,53.0,0.0,11.0,21.0,22.0,3.0,0.0,0.0,0.0,0.0,11.0,21.0,0.0,0.0,0.0,0.0
A_f0.7_move__lamarckian__s9,A_f0.7_move__lamarckian,A_f0.7_move,A,lamarckian,9,700,train,50,2.5,13,13,79.09057554295207,0.8125,0.5,adaptive_move,0.5375,0.10801961029153807,0.1947916666666667,344.0,62.0,69.0,466.0,81.0,15.0,0.0,0.0,55.0,2.0,12.0,19.0,15.0,2.0,0.0,0.0,0.0,0.0,12.0,19.0,0.0,0.0,0.0,0.0
A_f0.7_move__lamarckian__s9,A_f0.7_move__lamarckian,A_f0.7_move,A,lamarckian,9,750,train,50,2.6,11,11,111.28165131901731,0.7083333333333334,0.5,adaptive_move,0.5375,0.12308210440522199,0.19867149758454095,337.0,58.0,66.0,366.0,93.0,26.0,0.0,0.0,49.0,2.0,15.0,19.0,17.0,1.0,0.0,0.0,0.0,0.0,15.0,19.0,0.0,0.0,0.0,0.0
A_f0.7_move__lamarckian__s9,A_f0.7_move__lamarckian,A_f0.7_move,A,lamarckian,9,800,train,50,2.62,6,6,73.3698619795607,0.8333333333333334,0.5,adaptive_move,0.58125,0.11919393159470572,0.21338141025641,356.0,62.0,80.0,501.0,136.0,32.0,0.0,0.0,59.0,4.0,19.0,16.0,27.0,1.0,0.0,0.0,0.0,0.0,19.0,16.0,0.0,0.0,0.0,0.0
A_f0.7_move__lamarckian__s9,A_f0.7_move__lamarckian,A_f0.7_move,A,lamarckian,9,850,train,50,2.84,18,18,79.71707687721843,0.8958333333333334,0.5,adaptive_move,0.55625,0.12484494681716768,0.19426829268292667,363.0,67.0,103.0,516.0,86.0,11.0,0.0,0.0,47.0,3.0,16.0,21.0,26.0,1.0,0.0,0.0,0.0,0.0,16.0,21.0,0.0,0.0,0.0,0.0
A_f0.7_move__lamarckian__s9,A_f0.7_move__lamarckian,A_f0.7_move,A,lamarckian,9,900,train,50,2.78,10,10,70.86347423359794,0.8541666666666666,0.5,adaptive_move,0.6125,0.10581246349803242,0.1913379854368933,501.0,83.0,57.0,469.0,59.0,9.0,0.0,0.0,55.0,3.0,11.0,21.0,24.0,0.0,0.0,0.0,0.0,0.0,11.0,21.0,0.0,0.0,0.0,0.0
A_f0.7_move__lamarckian__s9,A_f0.7_move__lamarckian,A_f0.7_move,A,lamarckian,9,950,train,50,3.0,17,17,96.41212573023836,0.7291666666666666,0.5,adaptive_move,0.54375,0.09970967338358508,0.18871822033898278,342.0,70.0,89.0,457.0,92.0,21.0,0.0,0.0,45.0,5.0,16.0,21.0,23.0,3.0,0.0,0.0,0.0,0.0,16.0,21.0,0.0,0.0,0.0,0.0
A_f0.7_move__lamarckian__s9,A_f0.7_move__lamarckian,A_f0.7_move,A,lamarckian,9,1000,train,50,3.28,18,18,61.86494464658065,0.9375,0.5,adaptive_move,0.55625,0.11160805455764199,0.19364381067961167,278.0,51.0,65.0,360.0,69.0,10.0,0.0,0.0,58.0,5.0,19.0,22.0,23.0,1.0,0.0,0.0,0.0,0.0,19.0,22.0,0.0,0.0,0.0,0.0
A_f0.7_move__lamarckian__s9,A_f0.7_move__lamarckian,A_f0.7_move,A,lamarckian,9,1050,train,50,3.46,15,15,94.17013066299283,0.7708333333333334,0.5,adaptive_move,0.59375,0.14388241428222204,0.22851204128440372,271.0,53.0,50.0,265.0,66.0,15.0,0.0,0.0,46.0,4.0,21.0,10.0,25.0,3.0,0.0,0.0,0.0,0.0,21.0,10.0,0.0,0.0,0.0,0.0
A_f0.7_move__lamarckian__s9,A_f0.7_move__lamarckian,A_f0.7_move,A,lamarckian,9,1100,train,50,3.72,17,17,60.11388512753376,0.8958333333333334,0.5,adaptive_move,0.5375,0.11340955114453828,0.19651268115942022,316.0,53.0,57.0,353.0,102.0,23.0,0.0,0.0,58.0,3.0,13.0,21.0,25.0,1.0,0.0,0.0,0.0,0.0,13.0,21.0,0.0,0.0,0.0,0.0
A_f0.7_move__lamarckian__s9,A_f0.7_move__lamarckian,A_f0.7_move,A,lamarckian,9,1150,train,50,3.92,14,14,32.74139016833547,0.9375,0.5,adaptive_move,0.55,0.09368655442590251,0.17538868159204002,300.0,57.0,72.0,346.0,73.0,8.0,0.0,0.0,44.0,3.0,18.0,22.0,20.0,2.0,0.0,0.0,0.0,0.0,18.0,22.0,0.0,0.0,0.0,0.0
A_f0.7_move__lamarckian__s9,A_f0.7_move__lamarckian,A_f0.7_move,A,lamarckian,9,1200,train,50,4.1,26,26,50.75904308329032,0.9375,0.5,adaptive_move,0.55625,0.10612710375803583,0.17343356423173817,236.0,41.0,94.0,434.0,41.0,13.0,0.0,0.0,34.0,4.0,29.0,18.0,17.0,3.0,0.0,0.0,0.0,0.0,29.0,18.0,0.0,0.0,0.0,0.0
A_f0.7_move__lamarckian__s9,A_f0.7_move__lamarckian,A_f0.7_move,A,lamarckian,9,1250,train,44,4.045454545454546,5,11,59.7630152807656,0.9375,0.5,adaptive_move,0.63125,0.09696652495728983,0.18605182926829245,315.0,58.0,58.0,290.0,56.0,12.0,0.0,0.0,68.0,3.0,9.0,13.0,23.0,4.0,0.0,0.0,0.0,0.0,9.0,13.0,0.0,0.0,0.0,0.0
A_f0.7_move__lamarckian__s9,A_f0.7_move__lamarckian,A_f0.7_move,A,lamarckian,9,1300,train,44,4.363636363636363,12,12,65.90269789134125,0.9166666666666666,0.5,adaptive_move,0.5875,0.13519421319021943,0.22129629629629632,264.0,55.0,64.0,423.0,80.0,10.0,0.0,0.0,51.0,1.0,16.0,22.0,23.0,3.0,0.0,0.0,0.0,0.0,16.0,22.0,0.0,0.0,0.0,0.0
A_f0.7_move__lamarckian__s9,A_f0.7_move__lamarckian,A_f0.7_move,A,lamarckian,9,1350,train,47,4.638297872340425,14,11,50.58489455702929,0.9375,0.5,adaptive_move,0.6,0.1315078015986409,0.21105542452830162,437.0,71.0,76.0,415.0,73.0,14.0,0.0,0.0,59.0,3.0,16.0,26.0,22.0,1.0,0.0,0.0,0.0,0.0,16.0,26.0,0.0,0.0,0.0,0.0
A_f0.7_move__lamarckian__s9,A_f0.7_move__lamarckian,A_f0.7_move,A,lamarckian,9,1400,train,40,4.625,9,16,93.21588346475613,0.8125,0.5,adaptive_move,0.55625,0.08297343437452463,0.15520296391752564,347.0,59.0,68.0,354.0,107.0,19.0,0.0,0.0,41.0,2.0,17.0,22.0,23.0,2.0,0.0,0.0,0.0,0.0,17.0,22.0,0.0,0.0,0.0,0.0
A_f0.7_move__lamarckian__s9,A_f0.7_move__lamarckian,A_f0.7_move,A,lamarckian,9,1450,train,49,4.836734693877551,13,4,73.42463636808398,0.875,0.5,adaptive_move,0.4875,0.07797408871865355,0.1407239445910291,487.0,74.0,74.0,451.0,41.0,3.0,0.0,0.0,59.0,3.0,9.0,24.0,20.0,0.0,0.0,0.0,0.0,0.0,9.0,24.0,0.0,0.0,0.0,0.0
A_f0.7_move__lamarckian__s9,A_f0.7_move__lamarckian,A_f0.7_move,A,lamarckian,9,1500,train,48,4.8125,17,18,57.51840732259727,0.8958333333333334,0.5,adaptive_move,0.55,0.07418379292088655,0.15811863867684472,369.0,68.0,93.0,430.0,90.0,16.0,0.0,0.0,47.0,7.0,22.0,18.0,26.0,0.0,0.0,0.0,0.0,0.0,22.0,18.0,0.0,0.0,0.0,0.0
A_f0.7_move__lamarckian__s9,A_f0.7_move__lamarckian,A_f0.7_move,A,lamarckian,9,1550,eval,44,4.9772727272727275,10,14,85.15814662107539,0.7708333333333334,0.5,adaptive_move,0.54,0.0,0.0,341.0,63.0,59.0,360.0,42.0,3.0,6.0,64.0,44.0,1.0,16.0,16.0,13.0,0.0,1.0,4.0,0.0,0.0,16.0,16.0,0.0,0.0,1.0,4.0
A_f0.7_move__lamarckian__s9,A_f0.7_move__lamarckian,A_f0.7_move,A,lamarckian,9,1600,eval,50,5.18,18,12,81.76767032088829,0.8541666666666666,0.5,adaptive_move,0.515,0.0,0.0,462.0,80.0,78.0,433.0,73.0,11.0,7.0,53.0,57.0,4.0,12.0,18.0,23.0,0.0,3.0,2.0,0.0,0.0,12.0,18.0,0.0,0.0,3.0,2.0
A_f0.7_move__lamarckian__s9,A_f0.7_move__lamarckian,A_f0.7_move,A,lamarckian,9,1650,eval,50,5.28,17,17,97.38128480481664,0.7916666666666666,0.5,adaptive_move,0.49,0.0,0.0,466.0,77.0,82.0,480.0,30.0,5.0,9.0,39.0,59.0,6.0,14.0,21.0,5.0,0.0,4.0,2.0,0.0,0.0,14.0,21.0,0.0,0.0,4.0,2.0
A_f0.7_move__lamarckian__s9,A_f0.7_move__lamarckian,A_f0.7_move,A,lamarckian,9,1700,eval,50,5.44,8,8,105.2283996791671,0.7291666666666666,0.5,adaptive_move,0.52,0.0,0.0,483.0,86.0,101.0,547.0,66.0,14.0,11.0,102.0,50.0,2.0,14.0,13.0,17.0,0.0,0.0,8.0,0.0,0.0,14.0,13.0,0.0,0.0,0.0,8.0
A_f0.7_move__lamarckian__s9,A_f0.7_move__lamarckian,A_f0.7_move,A,lamarckian,9,1750,eval,50,5.56,5,5,105.6566545666281,0.7708333333333334,0.5,adaptive_move,0.505,0.0,0.0,555.0,105.0,106.0,657.0,55.0,6.0,17.0,103.0,52.0,3.0,18.0,17.0,9.0,0.0,6.0,7.0,0.0,0.0,18.0,17.0,0.0,0.0,6.0,7.0
A_f0.7_move__lamarckian__s9,A_f0.7_move__lamarckian,A_f0.7_move,A,lamarckian,9,1800,eval,50,5.64,7,7,114.96087943232448,0.75,0.5,adaptive_move,0.445,0.0,0.0,747.0,132.0,140.0,636.0,75.0,13.0,5.0,39.0,45.0,8.0,13.0,19.0,13.0,1.0,1.0,7.0,0.0,0.0,13.0,19.0,0.0,0.0,1.0,7.0
A_f0.7_move__lamarckian__s10,A_f0.7_move__lamarckian,A_f0.7_move,A,lamarckian,10,50,train,50,0.86,34,4,87.35066971893977,0.8333333333333334,0.5,adaptive_move,0.5375,0.07081996849308153,0.12245088075880739,197.0,30.0,30.0,240.0,51.0,10.0,0.0,0.0,41.0,4.0,3.0,42.0,15.0,3.0,0.0,0.0,0.0,0.0,3.0,42.0,0.0,0.0,0.0,0.0
A_f0.7_move__lamarckian__s10,A_f0.7_move__lamarckian,A_f0.7_move,A,lamarckian,10,100,train,50,0.94,16,16,74.9235205046853,0.8541666666666666,0.5,adaptive_move,0.55625,0.0731841818328113,0.14646809895833313,274.0,46.0,46.0,257.0,53.0,19.0,0.0,0.0,28.0,8.0,6.0,28.0,15.0,9.0,0.0,0.0,0.0,0.0,6.0,28.0,0.0,0.0,0.0,0.0
A_f0.7_move__lamarckian__s10,A_f0.7_move__lamarckian,A_f0.7_move,A,lamarckian,10,150,train,50,0.96,10,10,85.56475140945011,0.8125,0.5,adaptive_move,0.5625,0.06725066526251802,0.12189193766937656,493.0,77.0,62.0,329.0,93.0,11.0,0.0,0.0,48.0,6.0,12.0,14.0,19.0,4.0,0.0,0.0,0.0,0.0,12.0,14.0,0.0,0.0,0.0,0.0
A_f0.7_move__lamarckian__s10,A_f0.7_move__lamarckian,A_f0.7_move,A,lamarckian,10,200,train,50,0.98,10,10,78.53229539716997,0.8541666666666666,0.5,adaptive_move,0.61875,0.15568575025899153,0.2549434267241375,336.0,73.0,87.0,392.0,61.0,9.0,0.0,0.0,52.0,3.0,5.0,23.0,18.0,2.0,0.0,0.0,0.0,0.0,5.0,23.0,0.0,0.0,0.0,0.0
A_f0.7_move__lamarckian__s10,A_f0.7_move__lamarckian,A_f0.7_move,A,lamarckian,10,250,train,50,0.96,7,7,51.50800444807456,0.9791666666666666,0.5,adaptive_move,0.60625,0.1186712737874688,0.21050204918032822,421.0,61.0,34.0,285.0,129.0,21.0,0.0,0.0,68.0,1.0,7.0,20.0,20.0,5.0,0.0,0.0,0.0,0.0,7.0,20.0,0.0,0.0,0.0,0.0
A_f0.7_move__lamarckian__s10,A_f0.7_move__lamarckian,A_f0.7_move,A,lamarckian,10,300,train,50,0.94,7,7,99.62148003224794,0.7708333333333334,0.5,adaptive_move,0.5125,0.08304673267808228,0.1662389798488666,464.0,82.0,51.0,306.0,71.0,11.0,0.0,0.0,46.0,4.0,12.0,20.0,23.0,0.0,0.0,0.0,0.0,0.0,12.0,20.0,0.0,0.0,0.0,0.0
A_f0.7_move__lamarckian__s10,A_f0.7_move__lamarckian,A_f0.7_move,A,lamarckian,10,350,train,50,0.96,7,7,78.40420732129532,0.8958333333333334,0.5,adaptive_move,0.55625,0.0656001594834094,0.14227317232376002,414.0,83.0,84.0,466.0,124.0,24.0,0.0,0.0,49.0,7.0,12.0,18.0,25.0,4.0,0.0,0.0,0.0,0.0,12.0,18.0,0.0,0.0,0.0,0.0
A_f0.7_move__lamarckian__s10,A_f0.7_move__lamarckian,A_f0.7_move,A,lamarckian,10,400,train,50,0.96,8,8,63.27278950354462,0.9166666666666666,0.5,adaptive_move,0.525,0.11539745545798828,0.18138248129675794,428.0,75.0,70.0,377.0,147.0,30.0,0.0,0.0,55.0,6.0,14.0,23.0,21.0,1.0,0.0,0.0,0.0,0.0,14.0,23.0,0.0,0.0,0.0,0.0
A_f0.7_move__lamarckian__s10,A_f0.7_move__lamarckian,A_f0.7_move,A,lamarckian,10,450,train,50,1.02,6,6,90.24945977723316,0.8333333333333334,0.5,adaptive_move,0.55625,0.07700433311690658,0.14487892670157088,406.0,59.0,74.0,457.0,151.0,24.0,0.0,0.0,51.0,1.0,10.0,19.0,18.0,0.0,0.0,0.0,0.0,0.0,10.0,19.0,0.0,0.0,0.0,0.0
A_f0.7_move__lamarckian__s10,A_f0.7_move__lamarckian,A_f0.7_move,A,lamarckian,10,500,train,50,1.56,19,19,82.29206572279449,0.8333333333333334,0.5,adaptive_move,0.54375,0.09618576942235828,0.17437499999999972,365.0,71.0,71.0,472.0,112.0,29.0,0.0,0.0,57.0,6.0,9.0,21.0,9.0,2.0,0.0,0.0,0.0,0.0,9.0,21.0,0.0,0.0,0.0,0.0
A_f0.7_move__lamarckian__s10,A_f0.7_move__lamarckian,A_f0.7_move,A,lamarckian,10,550,train,50,1.86,19,19,65.79215677313039,0.8541666666666666,0.5,adaptive_move,0.56875,0.11261404982688795,0.1990632494004798,276.0,38.0,62.0,383.0,161.0,20.0,0.0,0.0,52.0,2.0,13.0,19.0,24.0,1.0,0.0,0.0,0.0,0.0,13.0,19.0,0.0,0.0,0.0,0.0
A_f0.7_move__lamarckian__s10,A_f0.7_move__lamarckian,A_f0.7_move,A,lamarckian,10,600,train,50,2.0,18,18,93.74603333611161,0.8541666666666666,0.5,adaptive_move,0.575,0.15404463505061883,0.24807005494505519,214.0,42.0,58.0,375.0,28.0,8.0,0.0,0.0,42.0,2.0,13.0,22.0,16.0,2.0,0.0,0.0,0.0,0.0,13.0,22.0,0.0,0.0,0.0,0.0
A_f0.7_move__lamarckian__s10,A_f0.7_move__lamarckian,A_f0.7_move,A,lamarckian,10,650,train,50,1.9,17,17,66.04217206763026,0.9166666666666666,0.5,adaptive_move,0.5375,0.13945564692408638,0.20731652744630047,338.0,48.0,79.0,464.0,58.0,11.0,0.0,0.0,52.0,2.0,14.0,24.0,22.0,1.0,0.0,0.0,0.0,0.0,14.0,24.0,0.0,0.0,0.0,0.0
A_f0.7_move__lamarckian__s10,A_f0.7_move__lamarckian,A_f0.7_move,A,lamarckian,10,700,train,47,2.0425531914893615,9,12,47.25351207267376,0.9583333333333334,0.5,adaptive_move,0.5375,0.09348009883042561,0.18020320197044337,309.0,53.0,54.0,355.0,40.0,9.0,0.0,0.0,65.0,3.0,14.0,22.0,19.0,0.0,0.0,0.0,0.0,0.0,14.0,22.0,0.0,0.0,0.0,0.0
A_f0.7_move__lamarckian__s10,A_f0.7_move__lamarckian,A_f0.7_move,A,lamarckian,10,750,train,42,2.261904761904762,11,16,61.564994284116686,0.8958333333333334,0.5,adaptive_move,0.5375,0.09631289151434236,0.17679125310173704,262.0,35.0,65.0,341.0,46.0,12.0,0.0,0.0,54.0,4.0,14.0,21.0,24.0,0.0,0.0,0.0,0.0,0.0,14.0,21.0,0.0,0.0,0.0,0.0
A_f0.7_move__lamarckian__s10,A_f0.7_move__lamarckian,A_f0.7_move,A,lamarckian,10,800,train,41,2.4878048780487805,7,8,55.155466476073094,0.9166666666666666,0.5,adaptive_move,0.525,0.10165224685373979,0.17434993734335813,306.0,54.0,44.0,251.0,50.0,10.0,0.0,0.0,59.0,5.0,11.0,16.0,27.0,1.0,0.0,0.0,0.0,0.0,11.0,16.0,0.0,0.0,0.0,0.0
A_f0.7_move__lamarckian__s10,A_f0.7_move__lamarckian,A_f0.7_move,A,lamarckian,10,850,train,33,2.727272727272727,8,16,92.35866884631129,0.8125,0.5,adaptive_move,0.6125,0.12830108449929847,0.21029107565011818,224.0,37.0,57.0,332.0,38.0,2.0,0.0,0.0,42.0,4.0,18.0,18.0,21.0,1.0,0.0,0.0,0.0,0.0,18.0,18.0,0.0,0.0,0.0,0.0
A_f0.7_move__lamarckian__s10,A_f0.7_move__lamarckian,A_f0.7_move,A,lamarckian,10,900,train,39,2.717948717948718,13,7,67.31801605144354,0.8958333333333334,0.5,adaptive_move,0.54375,0.12963327479197206,0.20309502398081536,376.0,49.0,73.0,413.0,60.0,6.0,0.0,0.0,55.0,2.0,12.0,27.0,31.0,0.0,0.0,0.0,0.0,0.0,12.0,27.0,0.0,0.0,0.0,0.0
A_f0.7_move__lamarckian__s10,A_f0.7_move__lamarckian,A_f0.7_move,A,lamarckian,10,950,train,38,3.1052631578947367,10,11,81.32064145224437,0.8333333333333334,0.5,adaptive_move,0.5125,0.13951869149034174,0.19897354014598534,354.0,68.0,67.0,437.0,35.0,3.0,0.0,0.0,57.0,1.0,9.0,25.0,19.0,1.0,0.0,0.0,0.0,0.0,9.0,25.0,0.0,0.0,0.0,0.0
A_f0.7_move__lamarckian__s10,A_f0.7_move__lamarckian,A_f0.7_move,A,lamarckian,10,1000,train,50,3.34,20,8,85.166191038394,0.8541666666666666,0.5,adaptive_move,0.5875,0.10214330437692698,0.19154589371980668,330.0,51.0,71.0,483.0,27.0,5.0,0.0,0.0,68.0,1.0,16.0,15.0,20.0,3.0,0.0,0.0,0.0,0.0,16.0,15.0,0.0,0.0,0.0,0.0
A_f0.7_move__lamarckian__s10,A_f0.7_move__lamarckian,A_f0.7_move,A,lamarckian,10,1050,train,44,3.5454545454545454,10,16,50.759592452095305,0.875,0.5,adaptive_move,0.60625,0.11028941967968708,0.1939845641646487,329.0,58.0,79.0,387.0,79.0,8.0,0.0,0.0,59.0,2.0,16.0,22.0,25.0,5.0,0.0,0.0,0.0,0.0,16.0,22.0,0.0,0.0,0.0,0.0
A_f0.7_move__lamarckian__s10,A_f0.7_move__lamarckian,A_f0.7_move,A,lamarckian,10,1100,train,36,3.638888888888889,8,16,92.5934838749565,0.8541666666666666,0.5,adaptive_move,0.61875,0.08500672147059754,0.1636738578680199,259.0,45.0,58.0,329.0,36.0,6.0,0.0,0.0,50.0,1.0,16.0,15.0,19.0,2.0,0.0,0.0,0.0,0.0,16.0,15.0,0.0,0.0,0.0,0.0
A_f0.7_move__lamarckian__s10,A_f0.7_move__lamarckian,A_f0.7_move,A,lamarckian,10,1150,train,43,3.953488372093023,14,7,74.82172874737941,0.8541666666666666,0.5,adaptive_move,0.5125,0.060523549062328194,0.12809157754010703,235.0,38.0,46.0,261.0,101.0,8.0,0.0,0.0,65.0,2.0,11.0,21.0,19.0,1.0,0.0,0.0,0.0,0.0,11.0,21.0,0.0,0.0,0.0,0.0
A_f0.7_move__lamarckian__s10,A_f0.7_move__lamarckian,A_f0.7_move,A,lamarckian,10,1200,train,45,3.8666666666666667,12,10,65.06689409433531,0.8541666666666666,0.5,adaptive_move,0.5625,0.11929274978043757,0.19333181265206822,311.0,56.0,84.0,406.0,99.0,8.0,0.0,0.0,66.0,1.0,24.0,9.0,26.0,1.0,0.0,0.0,0.0,0.0,24.0,9.0,0.0,0.0,0.0,0.0
A_f0.7_move__lamarckian__s10,A_f0.7_move__lamarckian,A_f0.7_move,A,lamarckian,10,1250,train,50,4.04,16,11,74.91506590206671,0.8541666666666666,0.5,adaptive_move,0.53125,0.09340635721886936,0.1828316014669924,346.0,85.0,64.0,372.0,215.0,36.0,0.0,0.0,59.0,4.0,12.0,18.0,25.0,2.0,0.0,0.0,0.0,0.0,12.0,18.0,0.0,0.0,0.0,0.0
A_f0.7_move__lamarckian__s10,A_f0.7_move__lamarckian,A_f0.7_move,A,lamarckian,10,1300,train,50,4.06,10,10,64.30916544209315,0.9166666666666666,0.5,adaptive_move,0.53125,0.11834789422254083,0.20695183215130042,445.0,68.0,75.0,398.0,74.0,21.0,0.0,0.0,56.0,2.0,17.0,21.0,24.0,1.0,0.0,0.0,0.0,0.0,17.0,21.0,0.0,0.0,0.0,0.0
A_f0.7_move__lamarckian__s10,A_f0.7_move__lamarckian,A_f0.7_move,A,lamarckian,10,1350,train,49,4.326530612244898,16,17,70.91372780602947,0.875,0.5,adaptive_move,0.575,0.13977285914102971,0.23142715419501125,412.0,70.0,56.0,405.0,61.0,6.0,0.0,0.0,62.0,1.0,9.0,19.0,21.0,0.0,0.0,0.0,0.0,0.0,9.0,19.0,0.0,0.0,0.0,0.0
A_f0.7_move__lamarckian__s10,A_f0.7_move__lamarckian,A_f0.7_move,A,lamarckian,10,1400,train,38,4.421052631578948,7,18,66.6787520980059,0.8958333333333334,0.5,adaptive_move,0.53125,0.07520393850169385,0.14988665803108803,345.0,48.0,59.0,340.0,111.0,18.0,0.0,0.0,46.0,2.0,18.0,22.0,25.0,1.0,0.0,0.0,0.0,0.0,18.0,22.0,0.0,0.0,0.0,0.0
A_f0.7_move__lamarckian__s10,A_f0.7_move__lamarckian,A_f0.7_move,A,lamarckian,10,1450,train,50,4.66,22,10,76.97583336874787,0.875,0.5,adaptive_move,0.54375,0.08967675552376646,0.16055786445012799,307.0,65.0,94.0,460.0,71.0,10.0,0.0,0.0,50.0,5.0,19.0,22.0,21.0,3.0,0.0,0.0,0.0,0.0,19.0,22.0,0.0,0.0,0.0,0.0
A_f0.7_move__lamarckian__s10,A_f0.7_move__lamarckian,A_f0.7_move,A,lamarckian,10,1500,train,50,4.78,18,18,84.26699565694867,0.8333333333333334,0.5,adaptive_move,0.54375,0.07023203906743583,0.14513346354166679,436.0,61.0,95.0,501.0,113.0,17.0,0.0,0.0,41.0,3.0,10.0,25.0,22.0,3.0,0.0,0.0,0.0,0.0,10.0,25.0,0.0,0.0,0.0,0.0
A_f0.7_move__lamarckian__s10,A_f0.7_move__lamarckian,A_f0.7_move,A,lamarckian,10,1550,eval,50,4.86,17,17,60.51308498751462,0.9166666666666666,0.5,adaptive_move,0.505,0.0,0.0,440.0,78.0,83.0,455.0,58.0,11.0,10.0,74.0,50.0,4.0,14.0,31.0,11.0,0.0,4.0,9.0,0.0,0.0,14.0,31.0,0.0,0.0,4.0,9.0
A_f0.7_move__lamarckian__s10,A_f0.7_move__lamarckian,A_f0.7_move,A,lamarckian,10,1600,eval,50,5.02,15,15,70.02152477782303,0.9791666666666666,0.5,adaptive_move,0.53,0.0,0.0,384.0,82.0,69.0,355.0,132.0,19.0,19.0,104.0,50.0,4.0,11.0,24.0,16.0,2.0,4.0,4.0,0.0,0.0,11.0,24.0,0.0,0.0,4.0,4.0
A_f0.7_move__lamarckian__s10,A_f0.7_move__lamarckian,A_f0.7_move,A,lamarckian,10,1650,eval,50,4.98,4,4,139.81101603754962,0.5625,0.5,adaptive_move,0.525,0.0,0.0,725.0,133.0,96.0,529.0,95.0,22.0,19.0,119.0,45.0,3.0,7.0,14.0,8.0,2.0,3.0,4.0,0.0,0.0,7.0,14.0,0.0,0.0,3.0,4.0
A_f0.7_move__lamarckian__s10,A_f0.7_move__lamarckian,A_f0.7_move,A,lamarckian,10,1700,eval,50,5.0,8,8,126.23164046651254,0.5625,0.5,adaptive_move,0.525,0.0,0.0,586.0,101.0,119.0,650.0,122.0,20.0,16.0,131.0,53.0,5.0,13.0,14.0,9.0,0.0,1.0,3.0,0.0,0.0,13.0,14.0,0.0,0.0,1.0,3.0
A_f0.7_move__lamarckian__s10,A_f0.7_move__lamarckian,A_f0.7_move,A,lamarckian,10,1750,eval,50,5.12,9,9,132.8691465753721,0.6666666666666666,0.5,adaptive_move,0.51,0.0,0.0,721.0,136.0,80.0,474.0,155.0,22.0,25.0,164.0,42.0,2.0,12.0,18.0,12.0,0.0,6.0,9.0,0.0,0.0,12.0,18.0,0.0,0.0,6.0,9.0
A_f0.7_move__lamarckian__s10,A_f0.7_move__lamarckian,A_f0.7_move,A,lamarckian,10,1800,eval,50,5.14,4,4,144.27243638683439,0.5416666666666666,0.5,adaptive_move,0.505,0.0,0.0,681.0,140.0,95.0,640.0,106.0,21.0,11.0,62.0,36.0,3.0,6.0,25.0,9.0,1.0,4.0,2.0,0.0,0.0,6.0,25.0,0.0,0.0,4.0,2.0
A_f0.7_move__lamarckian__s11,A_f0.7_move__lamarckian,A_f0.7_move,A,lamarckian,11,50,train,50,0.86,36,6,84.16003997618395,0.8333333333333334,0.5,adaptive_move,0.54375,0.08332108229869035,0.12814184636118608,182.0,36.0,30.0,240.0,188.0,28.0,0.0,0.0,24.0,3.0,5.0,43.0,27.0,5.0,0.0,0.0,0.0,0.0,5.0,43.0,0.0,0.0,0.0,0.0
A_f0.7_move__lamarckian__s11,A_f0.7_move__lamarckian,A_f0.7_move,A,lamarckian,11,100,train,50,0.86,4,4,82.18293032983111,0.8125,0.5,adaptive_move,0.5375,0.06788292295271717,0.13352726063829778,284.0,53.0,87.0,370.0,139.0,24.0,0.0,0.0,37.0,2.0,2.0,23.0,25.0,6.0,0.0,0.0,0.0,0.0,2.0,23.0,0.0,0.0,0.0,0.0
A_f0.7_move__lamarckian__s11,A_f0.7_move__lamarckian,A_f0.7_move,A,lamarckian,11,150,train,50,0.88,12,12,95.59673254568915,0.8125,0.5,adaptive_move,0.5875,0.09903083793933473,0.1915135542168671,298.0,68.0,81.0,430.0,135.0,14.0,0.0,0.0,29.0,4.0,14.0,33.0,15.0,4.0,0.0,0.0,0.0,0.0,14.0,33.0,0.0,0.0,0.0,0.0
A_f0.7_move__lamarckian__s11,A_f0.7_move__lamarckian,A_f0.7_move,A,lamarckian,11,200,train,50,0.92,13,13,80.72454701369537,0.9166666666666666,0.5,adaptive_move,0.55625,0.16492718707853116,0.24353230337078657,320.0,59.0,66.0,318.0,186.0,42.0,0.0,0.0,56.0,3.0,10.0,26.0,22.0,5.0,0.0,0.0,0.0,0.0,10.0,26.0,0.0,0.0,0.0,0.0
A_f0.7_move__lamarckian__s11,A_f0.7_move__lamarckian,A_f0.7_move,A,lamarckian,11,250,train,50,1.12,14,14,66.97706976698396,0.8958333333333334,0.5,adaptive_move,0.575,0.10235182729194836,0.19621710526315783,359.0,52.0,83.0,478.0,142.0,34.0,0.0,0.0,36.0,4.0,9.0,30.0,35.0,4.0,0.0,0.0,0.0,0.0,9.0,30.0,0.0,0.0,0.0,0.0
A_f0.7_move__lamarckian__s11,A_f0.7_move__lamarckian,A_f0.7_move,A,lamarckian,11,300,train,50,1.1,11,11,62.282565217165185,0.9166666666666666,0.5,adaptive_move,0.60625,0.11767735578454788,0.20527251184834117,339.0,66.0,76.0,421.0,65.0,11.0,0.0,0.0,42.0,10.0,6.0,19.0,22.0,4.0,0.0,0.0,0.0,0.0,6.0,19.0,0.0,0.0,0.0,0.0
A_f0.7_move__lamarckian__s11,A_f0.7_move__lamarckian,A_f0.7_move,A,lamarckian,11,350,train,50,1.06,12,12,83.18748801960953,0.8333333333333334,0.5,adaptive_move,0.59375,0.09470459539034204,0.1732656250000002,330.0,71.0,78.0,459.0,83.0,12.0,0.0,0.0,44.0,2.0,13.0,20.0,21.0,2.0,0.0,0.0,0.0,0.0,13.0,20.0,0.0,0.0,0.0,0.0
A_f0.7_move__lamarckian__s11,A_f0.7_move__lamarckian,A_f0.7_move,A,lamarckian,11,400,train,50,1.04,8,8,76.11713769018537,0.875,0.5,adaptive_move,0.5875,0.08372468248717199,0.16785489949748755,426.0,72.0,71.0,507.0,94.0,13.0,0.0,0.0,48.0,2.0,7.0,24.0,34.0,4.0,0.0,0.0,0.0,0.0,7.0,24.0,0.0,0.0,0.0,0.0
A_f0.7_move__lamarckian__s11,A_f0.7_move__lamarckian,A_f0.7_move,A,lamarckian,11,450,train,50,0.98,12,12,32.872822755517674,1.0,0.5,adaptive_move,0.5375,0.060021117653745,0.1306682180851062,481.0,84.0,92.0,492.0,56.0,10.0,0.0,0.0,66.0,1.0,11.0,21.0,26.0,3.0,0.0,0.0,0.0,0.0,11.0,21.0,0.0,0.0,0.0,0.0
A_f0.7_move__lamarckian__s11,A_f0.7_move__lamarckian,A_f0.7_move,A,lamarckian,11,500,train,48,1.375,16,18,76.38271137743126,0.8333333333333334,0.5,adaptive_move,0.5375,0.07612705984124393,0.15400867609254498,286.0,52.0,75.0,443.0,98.0,10.0,0.0,0.0,38.0,5.0,14.0,13.0,30.0,1.0,0.0,0.0,0.0,0.0,14.0,13.0,0.0,0.0,0.0,0.0
A_f0.7_move__lamarckian__s11,A_f0.7_move__lamarckian,A_f0.7_move,A,lamarckian,11,550,train,50,1.9,21,19,63.57559559277747,0.9375,0.5,adaptive_move,0.58125,0.12652223378156782,0.21276408450704243,281.0,39.0,70.0,351.0,104.0,19.0,0.0,0.0,44.0,4.0,11.0,24.0,37.0,3.0,0.0,0.0,0.0,0.0,11.0,24.0,0.0,0.0,0.0,0.0
A_f0.7_move__lamarckian__s11,A_f0.7_move__lamarckian,A_f0.7_move,A,lamarckian,11,600,train,49,2.1020408163265305,13,14,44.37708152233077,0.9375,0.5,adaptive_move,0.55,0.09908044904964364,0.19551760143198083,283.0,52.0,48.0,258.0,76.0,10.0,0.0,0.0,51.0,5.0,15.0,15.0,35.0,1.0,0.0,0.0,0.0,0.0,15.0,15.0,0.0,0.0,0.0,0.0
A_f0.7_move__lamarckian__s11,A_f0.7_move__lamarckian,A_f0.7_move,A,lamarckian,11,650,train,41,2.2195121951219514,7,15,49.42753627012805,0.9375,0.5,adaptive_move,0.5375,0.08158544299297518,0.15862372122762136,347.0,50.0,54.0,279.0,48.0,11.0,0.0,0.0,65.0,4.0,7.0,17.0,27.0,2.0,0.0,0.0,0.0,0.0,7.0,17.0,0.0,0.0,0.0,0.0
A_f0.7_move__lamarckian__s11,A_f0.7_move__lamarckian,A_f0.7_move,A,lamarckian,11,700,train,33,2.393939393939394,7,15,81.4003495375238,0.8958333333333334,0.5,adaptive_move,0.55,0.1016655616852702,0.1842828624078623,229.0,48.0,42.0,239.0,60.0,8.0,0.0,0.0,43.0,6.0,15.0,19.0,27.0,1.0,0.0,0.0,0.0,0.0,15.0,19.0,0.0,0.0,0.0,0.0
A_f0.7_move__lamarckian__s11,A_f0.7_move__lamarckian,A_f0.7_move,A,lamarckian,11,750,train,37,2.675675675675676,15,11,84.65419564043233,0.875,0.5,adaptive_move,0.54375,0.07793755809564046,0.15554487179487198,176.0,41.0,61.0,360.0,77.0,20.0,0.0,0.0,37.0,5.0,14.0,24.0,37.0,6.0,0.0,0.0,0.0,0.0,14.0,24.0,0.0,0.0,0.0,0.0
A_f0.7_move__lamarckian__s11,A_f0.7_move__lamarckian,A_f0.7_move,A,lamarckian,11,800,train,42,2.8333333333333335,16,11,63.504878285541906,0.8958333333333334,0.5,adaptive_move,0.525,0.06653782868391975,0.12992981283422456,299.0,55.0,71.0,362.0,59.0,7.0,0.0,0.0,47.0,6.0,8.0,27.0,37.0,1.0,0.0,0.0,0.0,0.0,8.0,27.0,0.0,0.0,0.0,0.0
A_f0.7_move__lamarckian__s11,A_f0.7_move__lamarckian,A_f0.7_move,A,lamarckian,11,850,train,44,2.977272727272727,14,12,63.32860919077624,0.8958333333333334,0.5,adaptive_move,0.6,0.1013254070462434,0.18468212530712536,284.0,55.0,43.0,273.0,61.0,13.0,0.0,0.0,54.0,2.0,11.0,13.0,24.0,1.0,0.0,0.0,0.0,0.0,11.0,13.0,0.0,0.0,0.0,0.0
A_f0.7_move__lamarckian__s11,A_f0.7_move__lamarckian,A_f0.7_move,A,lamarckian,11,900,train,41,3.2195121951219514,8,11,57.295927830661284,0.875,0.5,adaptive_move,0.59375,0.09477459964906101,0.17908415841584135,241.0,38.0,35.0,231.0,51.0,3.0,0.0,0.0,64.0,0.0,12.0,16.0,33.0,0.0,0.0,0.0,0.0,0.0,12.0,16.0,0.0,0.0,0.0,0.0
A_f0.7_move__lamarckian__s11,A_f0.7_move__lamarckian,A_f0.7_move,A,lamarckian,11,950,train,36,3.4444444444444446,6,11,50.91421034490115,0.9375,0.5,adaptive_move,0.54375,0.07384837336240745,0.14930375647668392,243.0,36.0,58.0,288.0,66.0,6.0,0.0,0.0,46.0,2.0,17.0,9.0,48.0,0.0,0.0,0.0,0.0,0.0,17.0,9.0,0.0,0.0,0.0,0.0
A_f0.7_move__lamarckian__s11,A_f0.7_move__lamarckian,A_f0.7_move,A,lamarckian,11,1000,train,32,3.5625,8,12,56.03065710512327,0.9583333333333334,0.5,adaptive_move,0.5625,0.06585006578264001,0.13671668865435382,282.0,42.0,78.0,400.0,61.0,11.0,0.0,0.0,45.0,3.0,25.0,15.0,40.0,0.0,0.0,0.0,0.0,0.0,25.0,15.0,0.0,0.0,0.0,0.0
A_f0.7_move__lamarckian__s11,A_f0.7_move__lamarckian,A_f0.7_move,A,lamarckian,11,1050,train,33,4.03030303030303,12,11,103.49676678208063,0.8333333333333334,0.5,adaptive_move,0.54375,0.08904803774773705,0.15314119170984442,191.0,35.0,50.0,260.0,69.0,11.0,0.0,0.0,36.0,2.0,10.0,20.0,34.0,1.0,0.0,0.0,0.0,0.0,10.0,20.0,0.0,0.0,0.0,0.0
A_f0.7_move__lamarckian__s11,A_f0.7_move__lamarckian,A_f0.7_move,A,lamarckian,11,1100,train,46,4.521739130434782,22,9,57.08669429405475,0.9166666666666666,0.5,adaptive_move,0.5875,0.10625672864592034,0.16969145569620236,272.0,47.0,73.0,364.0,45.0,9.0,0.0,0.0,55.0,3.0,14.0,21.0,28.0,0.0,0.0,0.0,0.0,0.0,14.0,21.0,0.0,0.0,0.0,0.0
A_f0.7_move__lamarckian__s11,A_f0.7_move__lamarckian,A_f0.7_move,A,lamarckian,11,1150,train,41,4.560975609756097,7,12,43.855133376626064,1.0,0.5,adaptive_move,0.5125,0.1264333209873153,0.20094126506024068,267.0,39.0,71.0,347.0,56.0,10.0,0.0,0.0,47.0,0.0,18.0,22.0,30.0,3.0,0.0,0.0,0.0,0.0,18.0,22.0,0.0,0.0,0.0,0.0
A_f0.7_move__lamarckian__s11,A_f0.7_move__lamarckian,A_f0.7_move,A,lamarckian,11,1200,train,35,4.6,10,16,96.25841152687391,0.7291666666666666,0.5,adaptive_move,0.55625,0.13712324878927223,0.20871867541766087,219.0,40.0,52.0,270.0,67.0,10.0,0.0,0.0,45.0,1.0,12.0,11.0,38.0,2.0,0.0,0.0,0.0,0.0,12.0,11.0,0.0,0.0,0.0,0.0
A_f0.7_move__lamarckian__s11,A_f0.7_move__lamarckian,A_f0.7_move,A,lamarckian,11,1250,train,45,4.933333333333334,17,7,58.49266997721057,0.9166666666666666,0.5,adaptive_move,0.54375,0.1043342544188104,0.19519230769230766,246.0,39.0,48.0,331.0,39.0,10.0,0.0,0.0,66.0,2.0,13.0,13.0,28.0,2.0,0.0,0.0,0.0,0.0,13.0,13.0,0.0,0.0,0.0,0.0
A_f0.7_move__lamarckian__s11,A_f0.7_move__lamarckian,A_f0.7_move,A,lamarckian,11,1300,train,40,5.025,6,11,53.49527676861513,0.9166666666666666,0.5,adaptive_move,0.5625,0.08091851493737515,0.1678963032581453,166.0,32.0,60.0,297.0,48.0,9.0,0.0,0.0,52.0,5.0,14.0,14.0,30.0,1.0,0.0,0.0,0.0,0.0,14.0,14.0,0.0,0.0,0.0,0.0
A_f0.7_move__lamarckian__s11,A_f0.7_move__lamarckian,A_f0.7_move,A,lamarckian,11,1350,train,31,5.161290322580645,5,14,71.3944816385658,0.9791666666666666,0.5,adaptive_move,0.53125,0.08828239226370069,0.16706123737373746,225.0,32.0,43.0,276.0,31.0,8.0,0.0,0.0,52.0,2.0,18.0,18.0,23.0,1.0,0.0,0.0,0.0,0.0,18.0,18.0,0.0,0.0,0.0,0.0
A_f0.7_move__lamarckian__s11,A_f0.7_move__lamarckian,A_f0.7_move,A,lamarckian,11,1400,train,34,5.676470588235294,12,9,46.17011128908201,0.9791666666666666,0.5,adaptive_move,0.51875,0.07897470490107687,0.15082577720207246,267.0,56.0,48.0,298.0,57.0,8.0,0.0,0.0,58.0,4.0,16.0,18.0,35.0,0.0,0.0,0.0,0.0,0.0,16.0,18.0,0.0,0.0,0.0,0.0
A_f0.7_move__lamarckian__s11,A_f0.7_move__lamarckian,A_f0.7_move,A,lamarckian,11,1450,train,40,5.75,12,6,26.615043950508102,0.9791666666666666,0.5,adaptive_move,0.51875,0.0820976661436205,0.15425257731958752,244.0,43.0,42.0,277.0,61.0,5.0,0.0,0.0,51.0,0.0,16.0,16.0,39.0,2.0,0.0,0.0,0.0,0.0,16.0,16.0,0.0,0.0,0.0,0.0
A_f0.7_move__lamarckian__s11,A_f0.7_move__lamarckian,A_f0.7_move,A,lamarckian,11,1500,train,32,5.90625,4,12,73.42661093413028,0.8541666666666666,0.5,adaptive_move,0.525,0.07712127801226831,0.1491801948051945,222.0,27.0,38.0,284.0,83.0,10.0,0.0,0.0,50.0,1.0,10.0,10.0,37.0,0.0,0.0,0.0,0.0,0.0,10.0,10.0,0.0,0.0,0.0,0.0
A_f0.7_move__lamarckian__s11,A_f0.7_move__lamarckian,A_f0.7_move,A,lamarckian,11,1550,eval,35,6.0,10,7,57.811803640042484,0.9375,0.5,adaptive_move,0.485,0.0,0.0,360.0,56.0,39.0,259.0,39.0,2.0,8.0,40.0,67.0,3.0,16.0,12.0,24.0,0.0,5.0,4.0,0.0,0.0,16.0,12.0,0.0,0.0,5.0,4.0
A_f0.7_move__lamarckian__s11,A_f0.7_move__lamarckian,A_f0.7_move,A,lamarckian,11,1600,eval,32,6.125,13,16,92.58991103167843,0.8333333333333334,0.5,adaptive_move,0.54,0.0,0.0,324.0,55.0,36.0,189.0,18.0,5.0,12.0,51.0,57.0,6.0,11.0,7.0,9.0,0.0,9.0,8.0,0.0,0.0,11.0,7.0,0.0,0.0,9.0,8.0
A_f0.7_move__lamarckian__s11,A_f0.7_move__lamarckian,A_f0.7_move,A,lamarckian,11,1650,eval,32,6.25,11,11,52.38268424036246,0.9791666666666666,0.5,adaptive_move,0.5,0.0,0.0,250.0,43.0,56.0,289.0,63.0,12.0,12.0,73.0,54.0,2.0,19.0,9.0,31.0,0.0,10.0,5.0,0.0,0.0,19.0,9.0,0.0,0.0,10.0,5.0
A_f0.7_move__lamarckian__s11,A_f0.7_move__lamarckian,A_f0.7_move,A,lamarckian,11,1700,eval,37,6.945945945945946,14,9,69.28521283993175,0.9166666666666666,0.5,adaptive_move,0.48,0.0,0.0,336.0,58.0,63.0,285.0,46.0,10.0,10.0,54.0,58.0,4.0,15.0,7.0,27.0,0.0,7.0,3.0,0.0,0.0,15.0,7.0,0.0,0.0,7.0,3.0
A_f0.7_move__lamarckian__s11,A_f0.7_move__lamarckian,A_f0.7_move,A,lamarckian,11,1750,eval,46,7.391304347826087,18,9,48.13007057572504,0.9583333333333334,0.5,adaptive_move,0.52,0.0,0.0,426.0,76.0,55.0,327.0,59.0,9.0,10.0,68.0,65.0,1.0,8.0,20.0,27.0,0.0,6.0,5.0,0.0,0.0,8.0,20.0,0.0,0.0,6.0,5.0
A_f0.7_move__lamarckian__s11,A_f0.7_move__lamarckian,A_f0.7_move,A,lamarckian,11,1800,eval,41,7.365853658536586,7,12,41.60560152274739,0.9583333333333334,0.5,adaptive_move,0.545,0.0,0.0,360.0,60.0,55.0,354.0,59.0,14.0,16.0,100.0,61.0,3.0,15.0,10.0,23.0,0.0,12.0,2.0,0.0,0.0,15.0,10.0,0.0,0.0,12.0,2.0
A_f0.7_move__lamarckian__s12,A_f0.7_move__lamarckian,A_f0.7_move,A,lamarckian,12,50,train,50,0.84,32,2,94.81503037369241,0.7916666666666666,0.5,adaptive_move,0.4625,0.06531099098328863,0.10460069444444442,177.0,28.0,38.0,205.0,53.0,17.0,0.0,0.0,42.0,6.0,2.0,21.0,22.0,5.0,0.0,0.0,0.0,0.0,2.0,21.0,0.0,0.0,0.0,0.0
A_f0.7_move__lamarckian__s12,A_f0.7_move__lamarckian,A_f0.7_move,A,lamarckian,12,100,train,50,0.9,16,16,59.507499742840736,0.9375,0.5,adaptive_move,0.525,0.08368033173211144,0.1651988636363637,272.0,48.0,75.0,430.0,48.0,8.0,0.0,0.0,33.0,4.0,20.0,43.0,17.0,1.0,0.0,0.0,0.0,0.0,20.0,43.0,0.0,0.0,0.0,0.0
A_f0.7_move__lamarckian__s12,A_f0.7_move__lamarckian,A_f0.7_move,A,lamarckian,12,150,train,50,0.96,11,11,87.16950962856713,0.8125,0.5,adaptive_move,0.51875,0.10442006552830996,0.17248897984886669,382.0,63.0,70.0,362.0,91.0,14.0,0.0,0.0,45.0,4.0,6.0,20.0,27.0,4.0,0.0,0.0,0.0,0.0,6.0,20.0,0.0,0.0,0.0,0.0
A_f0.7_move__lamarckian__s12,A_f0.7_move__lamarckian,A_f0.7_move,A,lamarckian,12,200,train,50,1.06,19,19,81.75149515824637,0.8333333333333334,0.5,adaptive_move,0.53125,0.14712526001199486,0.21881586651053886,368.0,74.0,55.0,288.0,67.0,12.0,0.0,0.0,57.0,3.0,13.0,21.0,20.0,2.0,0.0,0.0,0.0,0.0,13.0,21.0,0.0,0.0,0.0,0.0
A_f0.7_move__lamarckian__s12,A_f0.7_move__lamarckian,A_f0.7_move,A,lamarckian,12,250,train,47,1.1702127659574468,12,15,58.26870386385489,0.8958333333333334,0.5,adaptive_move,0.51875,0.09430629842935324,0.18748490338164236,268.0,47.0,80.0,398.0,101.0,20.0,0.0,0.0,40.0,5.0,11.0,30.0,30.0,0.0,0.0,0.0,0.0,0.0,11.0,30.0,0.0,0.0,0.0,0.0
A_f0.7_move__lamarckian__s12,A_f0.7_move__lamarckian,A_f0.7_move,A,lamarckian,12,300,train,43,1.2325581395348837,11,15,71.16685861499386,0.8541666666666666,0.5,adaptive_move,0.55,0.11857549688140849,0.19427463503649633,321.0,60.0,33.0,312.0,94.0,21.0,0.0,0.0,53.0,4.0,3.0,16.0,24.0,2.0,0.0,0.0,0.0,0.0,3.0,16.0,0.0,0.0,0.0,0.0
A_f0.7_move__lamarckian__s12,A_f0.7_move__lamarckian,A_f0.7_move,A,lamarckian,12,350,train,45,1.488888888888889,16,14,67.87951468721198,0.8541666666666666,0.5,adaptive_move,0.56875,0.10654721606142671,0.1919264527845035,314.0,68.0,66.0,294.0,77.0,20.0,0.0,0.0,52.0,1.0,12.0,15.0,23.0,1.0,0.0,0.0,0.0,0.0,12.0,15.0,0.0,0.0,0.0,0.0
A_f0.7_move__lamarckian__s12,A_f0.7_move__lamarckian,A_f0.7_move,A,lamarckian,12,400,train,42,1.5476190476190477,15,18,103.46119670138532,0.7916666666666666,0.5,adaptive_move,0.55,0.12310863060283145,0.1947208737864079,300.0,54.0,83.0,346.0,42.0,6.0,0.0,0.0,34.0,1.0,20.0,16.0,23.0,0.0,0.0,0.0,0.0,0.0,20.0,16.0,0.0,0.0,0.0,0.0
A_f0.7_move__lamarckian__s12,A_f0.7_move__lamarckian,A_f0.7_move,A,lamarckian,12,450,train,50,1.76,14,6,146.14228940600202,0.7083333333333334,0.5,adaptive_move,0.56875,0.10522164104758493,0.191865920096852,427.0,80.0,68.0,435.0,83.0,18.0,0.0,0.0,54.0,3.0,16.0,16.0,17.0,1.0,0.0,0.0,0.0,0.0,16.0,16.0,0.0,0.0,0.0,0.0
A_f0.7_move__lamarckian__s12,A_f0.7_move__lamarckian,A_f0.7_move,A,lamarckian,12,500,train,50,1.92,14,14,97.97843126140323,0.75,0.5,adaptive_move,0.54375,0.11384483405512696,0.2129195601851852,328.0,44.0,97.0,563.0,85.0,14.0,0.0,0.0,40.0,1.0,14.0,32.0,27.0,4.0,0.0,0.0,0.0,0.0,14.0,32.0,0.0,0.0,0.0,0.0
A_f0.7_move__lamarckian__s12,A_f0.7_move__lamarckian,A_f0.7_move,A,lamarckian,12,550,train,50,2.16,12,12,102.86408570217078,0.7916666666666666,0.5,adaptive_move,0.50625,0.1253463094227975,0.19252450980392188,388.0,68.0,62.0,351.0,100.0,22.0,0.0,0.0,41.0,2.0,14.0,29.0,23.0,1.0,0.0,0.0,0.0,0.0,14.0,29.0,0.0,0.0,0.0,0.0
A_f0.7_move__lamarckian__s12,A_f0.7_move__lamarckian,A_f0.7_move,A,lamarckian,12,600,train,50,2.38,11,11,85.47926272592264,0.8125,0.5,adaptive_move,0.5125,0.09397161215147601,0.1650842875318066,383.0,77.0,67.0,463.0,160.0,20.0,0.0,0.0,56.0,4.0,10.0,22.0,30.0,0.0,0.0,0.0,0.0,0.0,10.0,22.0,0.0,0.0,0.0,0.0
A_f0.7_move__lamarckian__s12,A_f0.7_move__lamarckian,A_f0.7_move,A,lamarckian,12,650,train,50,2.38,7,7,103.47100284189301,0.75,0.5,adaptive_move,0.575,0.08437567251895409,0.15694890745501255,452.0,92.0,85.0,399.0,122.0,19.0,0.0,0.0,46.0,3.0,15.0,15.0,18.0,1.0,0.0,0.0,0.0,0.0,15.0,15.0,0.0,0.0,0.0,0.0
A_f0.7_move__lamarckian__s12,A_f0.7_move__lamarckian,A_f0.7_move,A,lamarckian,12,700,train,50,2.38,5,5,71.59878763469277,0.875,0.5,adaptive_move,0.525,0.08606706360877325,0.16832600502512562,420.0,79.0,83.0,497.0,131.0,21.0,0.0,0.0,58.0,2.0,16.0,13.0,26.0,1.0,0.0,0.0,0.0,0.0,16.0,13.0,0.0,0.0,0.0,0.0
A_f0.7_move__lamarckian__s12,A_f0.7_move__lamarckian,A_f0.7_move,A,lamarckian,12,750,train,50,2.42,9,9,72.4639944039285,0.8541666666666666,0.5,adaptive_move,0.55625,0.08283382092867751,0.15751602564102574,430.0,56.0,99.0,537.0,118.0,15.0,0.0,0.0,46.0,6.0,15.0,13.0,19.0,0.0,0.0,0.0,0.0,0.0,15.0,13.0,0.0,0.0,0.0,0.0
A_f0.7_move__lamarckian__s12,A_f0.7_move__lamarckian,A_f0.7_move,A,lamarckian,12,800,train,50,2.48,8,8,77.47534107653019,0.8958333333333334,0.5,adaptive_move,0.54375,0.1076901897635802,0.1981608851674641,421.0,58.0,87.0,587.0,138.0,10.0,0.0,0.0,38.0,3.0,15.0,26.0,19.0,1.0,0.0,0.0,0.0,0.0,15.0,26.0,0.0,0.0,0.0,0.0
A_f0.7_move__lamarckian__s12,A_f0.7_move__lamarckian,A_f0.7_move,A,lamarckian,12,850,train,50,2.56,14,14,69.26664923377251,0.9166666666666666,0.5,adaptive_move,0.5375,0.1065819793241567,0.18811888753056216,472.0,60.0,66.0,466.0,183.0,26.0,0.0,0.0,54.0,4.0,11.0,21.0,25.0,1.0,0.0,0.0,0.0,0.0,11.0,21.0,0.0,0.0,0.0,0.0
A_f0.7_move__lamarckian__s12,A_f0.7_move__lamarckian,A_f0.7_move,A,lamarckian,12,900,train,50,2.8,19,19,82.72187645609176,0.8958333333333334,0.5,adaptive_move,0.55625,0.09524346707907207,0.16748737373737388,223.0,39.0,71.0,459.0,114.0,17.0,0.0,0.0,59.0,1.0,17.0,11.0,24.0,0.0,0.0,0.0,0.0,0.0,17.0,11.0,0.0,0.0,0.0,0.0
A_f0.7_move__lamarckian__s12,A_f0.7_move__lamarckian,A_f0.7_move,A,lamarckian,12,950,train,50,2.92,11,11,54.12388506863615,0.9791666666666666,0.5,adaptive_move,0.58125,0.10704160230619185,0.1780781250000001,258.0,51.0,64.0,311.0,113.0,19.0,0.0,0.0,52.0,4.0,13.0,16.0,28.0,2.0,0.0,0.0,0.0,0.0,13.0,16.0,0.0,0.0,0.0,0.0
A_f0.7_move__lamarckian__s12,A_f0.7_move__lamarckian,A_f0.7_move,A,lamarckian,12,1000,train,50,2.98,10,10,48.14314263733262,0.8958333333333334,0.5,adaptive_move,0.60625,0.09995610570918423,0.19623359188544143,275.0,41.0,69.0,376.0,117.0,28.0,0.0,0.0,54.0,1.0,20.0,16.0,30.0,1.0,0.0,0.0,0.0,0.0,20.0,16.0,0.0,0.0,0.0,0.0
A_f0.7_move__lamarckian__s12,A_f0.7_move__lamarckian,A_f0.7_move,A,lamarckian,12,1050,train,50,3.36,21,21,49.92305423461546,0.9791666666666666,0.5,adaptive_move,0.55,0.0759446136370049,0.13384166666666664,247.0,47.0,59.0,338.0,112.0,18.0,0.0,0.0,41.0,4.0,11.0,17.0,24.0,1.0,0.0,0.0,0.0,0.0,11.0,17.0,0.0,0.0,0.0,0.0
A_f0.7_move__lamarckian__s12,A_f0.7_move__lamarckian,A_f0.7_move,A,lamarckian,12,1100,train,50,3.64,21,21,38.185803818104105,1.0,0.5,adaptive_move,0.5875,0.1183266587741026,0.20836029411764678,190.0,16.0,65.0,318.0,69.0,10.0,0.0,0.0,46.0,1.0,22.0,16.0,29.0,2.0,0.0,0.0,0.0,0.0,22.0,16.0,0.0,0.0,0.0,0.0
A_f0.7_move__lamarckian__s12,A_f0.7_move__lamarckian,A_f0.7_move,A,lamarckian,12,1150,train,39,3.6923076923076925,8,19,66.94756189639652,0.9166666666666666,0.5,adaptive_move,0.49375,0.10882467430333903,0.2017888954869358,198.0,32.0,60.0,277.0,80.0,16.0,0.0,0.0,36.0,2.0,22.0,23.0,32.0,1.0,0.0,0.0,0.0,0.0,22.0,23.0,0.0,0.0,0.0,0.0
A_f0.7_move__lamarckian__s12,A_f0.7_move__lamarckian,A_f0.7_move,A,lamarckian,12,1200,train,37,3.891891891891892,11,13,64.33043881117837,0.8958333333333334,0.5,adaptive_move,0.575,0.12633868800594172,0.22014688940092175,224.0,37.0,66.0,377.0,58.0,7.0,0.0,0.0,50.0,1.0,16.0,20.0,24.0,1.0,0.0,0.0,0.0,0.0,16.0,20.0,0.0,0.0,0.0,0.0
A_f0.7_move__lamarckian__s12,A_f0.7_move__lamarckian,A_f0.7_move,A,lamarckian,12,1250,train,36,4.027777777777778,10,11,105.46279258974161,0.875,0.5,adaptive_move,0.58125,0.09091445501368571,0.16760862720403025,263.0,55.0,70.0,359.0,33.0,11.0,0.0,0.0,45.0,1.0,23.0,16.0,17.0,1.0,0.0,0.0,0.0,0.0,23.0,16.0,0.0,0.0,0.0,0.0
A_f0.7_move__lamarckian__s12,A_f0.7_move__lamarckian,A_f0.7_move,A,lamarckian,12,1300,train,50,4.36,20,6,57.84930393976941,0.9166666666666666,0.5,adaptive_move,0.50625,0.07280284824250684,0.129197386058981,326.0,60.0,77.0,460.0,53.0,8.0,0.0,0.0,58.0,3.0,15.0,22.0,24.0,1.0,0.0,0.0,0.0,0.0,15.0,22.0,0.0,0.0,0.0,0.0
A_f0.7_move__lamarckian__s12,A_f0.7_move__lamarckian,A_f0.7_move,A,lamarckian,12,1350,train,47,4.638297872340425,12,15,52.897150825799436,0.9791666666666666,0.5,adaptive_move,0.56875,0.1142624653705249,0.1932581719128328,343.0,57.0,62.0,310.0,74.0,12.0,0.0,0.0,55.0,2.0,13.0,17.0,30.0,2.0,0.0,0.0,0.0,0.0,13.0,17.0,0.0,0.0,0.0,0.0
A_f0.7_move__lamarckian__s12,A_f0.7_move__lamarckian,A_f0.7_move,A,lamarckian,12,1400,train,38,4.921052631578948,7,16,80.0870071047617,0.8958333333333334,0.5,adaptive_move,0.575,0.1199176944254366,0.21631784064665127,274.0,49.0,42.0,298.0,47.0,13.0,0.0,0.0,59.0,0.0,15.0,20.0,23.0,0.0,0.0,0.0,0.0,0.0,15.0,20.0,0.0,0.0,0.0,0.0
A_f0.7_move__lamarckian__s12,A_f0.7_move__lamarckian,A_f0.7_move,A,lamarckian,12,1450,train,39,5.0256410256410255,9,8,63.066683691458735,0.9166666666666666,0.5,adaptive_move,0.5,0.07472867925253907,0.14944948186528495,283.0,50.0,56.0,326.0,87.0,8.0,0.0,0.0,57.0,1.0,17.0,17.0,36.0,0.0,0.0,0.0,0.0,0.0,17.0,17.0,0.0,0.0,0.0,0.0
A_f0.7_move__lamarckian__s12,A_f0.7_move__lamarckian,A_f0.7_move,A,lamarckian,12,1500,train,34,5.117647058823529,9,14,46.417650161152956,0.9583333333333334,0.5,adaptive_move,0.54375,0.11338691158337441,0.17763941102756875,240.0,37.0,55.0,305.0,105.0,19.0,0.0,0.0,62.0,1.0,22.0,13.0,24.0,3.0,0.0,0.0,0.0,0.0,22.0,13.0,0.0,0.0,0.0,0.0
A_f0.7_move__lamarckian__s12,A_f0.7_move__lamarckian,A_f0.7_move,A,lamarckian,12,1550,eval,33,5.242424242424242,9,10,78.20625581783551,0.875,0.5,adaptive_move,0.475,0.0,0.0,255.0,27.0,47.0,261.0,24.0,0.0,13.0,42.0,59.0,3.0,17.0,13.0,11.0,0.0,3.0,6.0,0.0,0.0,17.0,13.0,0.0,0.0,3.0,6.0
A_f0.7_move__lamarckian__s12,A_f0.7_move__lamarckian,A_f0.7_move,A,lamarckian,12,1600,eval,39,5.6923076923076925,14,8,65.86906695372463,0.9583333333333334,0.5,adaptive_move,0.54,0.0,0.0,326.0,45.0,58.0,338.0,55.0,13.0,10.0,47.0,66.0,2.0,11.0,11.0,22.0,3.0,5.0,1.0,0.0,0.0,11.0,11.0,0.0,0.0,5.0,1.0
A_f0.7_move__lamarckian__s12,A_f0.7_move__lamarckian,A_f0.7_move,A,lamarckian,12,1650,eval,40,5.875,11,10,61.65395374556631,0.9375,0.5,adaptive_move,0.475,0.0,0.0,293.0,61.0,61.0,312.0,40.0,9.0,2.0,18.0,60.0,2.0,21.0,17.0,22.0,3.0,1.0,2.0,0.0,0.0,21.0,17.0,0.0,0.0,1.0,2.0
A_f0.7_move__lamarckian__s12,A_f0.7_move__lamarckian,A_f0.7_move,A,lamarckian,12,1700,eval,32,6.0,6,14,67.88887064675757,0.875,0.5,adaptive_move,0.525,0.0,0.0,194.0,38.0,56.0,341.0,26.0,6.0,8.0,35.0,44.0,4.0,9.0,18.0,15.0,0.0,6.0,5.0,0.0,0.0,9.0,18.0,0.0,0.0,6.0,5.0
A_f0.7_move__lamarckian__s12,A_f0.7_move__lamarckian,A_f0.7_move,A,lamarckian,12,1750,eval,31,6.387096774193548,10,11,94.75519383765753,0.7916666666666666,0.5,adaptive_move,0.5,0.0,0.0,301.0,48.0,52.0,302.0,43.0,9.0,12.0,39.0,49.0,3.0,22.0,13.0,21.0,0.0,9.0,1.0,0.0,0.0,22.0,13.0,0.0,0.0,9.0,1.0
A_f0.7_move__lamarckian__s12,A_f0.7_move__lamarckian,A_f0.7_move,A,lamarckian,12,1800,eval,43,6.72093023255814,20,8,61.11476939217307,0.9375,0.5,adaptive_move,0.505,0.0,0.0,333.0,60.0,84.0,417.0,36.0,10.0,8.0,45.0,60.0,2.0,23.0,16.0,21.0,1.0,5.0,5.0,0.0,0.0,23.0,16.0,0.0,0.0,5.0,5.0
A_f0.7_move__lamarckian__s13,A_f0.7_move__lamarckian,A_f0.7_move,A,lamarckian,13,50,train,50,0.88,36,6,124.56182748560717,0.7083333333333334,0.5,adaptive_move,0.4875,0.04819918733276656,0.09394311797752786,264.0,45.0,61.0,293.0,38.0,8.0,0.0,0.0,14.0,0.0,9.0,54.0,16.0,0.0,0.0,0.0,0.0,0.0,9.0,54.0,0.0,0.0,0.0,0.0
A_f0.7_move__lamarckian__s13,A_f0.7_move__lamarckian,A_f0.7_move,A,lamarckian,13,100,train,50,0.94,13,13,69.90447013069212,0.875,0.5,adaptive_move,0.5375,0.14515334878520347,0.23272727272727245,389.0,57.0,88.0,414.0,138.0,23.0,0.0,0.0,35.0,3.0,15.0,31.0,19.0,2.0,0.0,0.0,0.0,0.0,15.0,31.0,0.0,0.0,0.0,0.0
A_f0.7_move__lamarckian__s13,A_f0.7_move__lamarckian,A_f0.7_move,A,lamarckian,13,150,train,50,0.9,12,12,101.95117713577307,0.7708333333333334,0.5,adaptive_move,0.55,0.1266198976089756,0.21277078454332576,484.0,84.0,77.0,581.0,56.0,8.0,0.0,0.0,37.0,7.0,6.0,40.0,11.0,0.0,0.0,0.0,0.0,0.0,6.0,40.0,0.0,0.0,0.0,0.0
A_f0.7_move__lamarckian__s13,A_f0.7_move__lamarckian,A_f0.7_move,A,lamarckian,13,200,train,50,0.86,19,19,74.8539140517037,0.8541666666666666,0.5,adaptive_move,0.575,0.09548905014548319,0.17683457711442818,526.0,92.0,112.0,613.0,115.0,9.0,0.0,0.0,33.0,9.0,10.0,44.0,19.0,1.0,0.0,0.0,0.0,0.0,10.0,44.0,0.0,0.0,0.0,0.0
A_f0.7_move__lamarckian__s13,A_f0.7_move__lamarckian,A_f0.7_move,A,lamarckian,13,250,train,50,0.86,11,11,98.92186104772733,0.6875,0.5,adaptive_move,0.5625,0.0925724371064266,0.17068153266331643,554.0,95.0,93.0,440.0,63.0,11.0,0.0,0.0,40.0,4.0,13.0,14.0,15.0,2.0,0.0,0.0,0.0,0.0,13.0,14.0,0.0,0.0,0.0,0.0
A_f0.7_move__lamarckian__s13,A_f0.7_move__lamarckian,A_f0.7_move,A,lamarckian,13,300,train,50,0.84,9,9,63.43609209522046,0.8958333333333334,0.5,adaptive_move,0.5375,0.08979186327847197,0.16134111253196926,556.0,119.0,105.0,602.0,44.0,6.0,0.0,0.0,53.0,6.0,11.0,29.0,14.0,1.0,0.0,0.0,0.0,0.0,11.0,29.0,0.0,0.0,0.0,0.0
A_f0.7_move__lamarckian__s13,A_f0.7_move__lamarckian,A_f0.7_move,A,lamarckian,13,350,train,50,0.84,13,13,80.566033223381,0.8333333333333334,0.5,adaptive_move,0.5625,0.09992459332615834,0.17880738213399505,505.0,89.0,125.0,700.0,91.0,17.0,0.0,0.0,42.0,2.0,16.0,33.0,18.0,1.0,0.0,0.0,0.0,0.0,16.0,33.0,0.0,0.0,0.0,0.0
A_f0.7_move__lamarckian__s13,A_f0.7_move__lamarckian,A_f0.7_move,A,lamarckian,13,400,train,50,0.82,9,9,119.38998544288508,0.6875,0.5,adaptive_move,0.55625,0.12177282912098371,0.19426577669902922,523.0,101.0,146.0,689.0,124.0,12.0,0.0,0.0,44.0,4.0,16.0,18.0,11.0,2.0,0.0,0.0,0.0,0.0,16.0,18.0,0.0,0.0,0.0,0.0
A_f0.7_move__lamarckian__s13,A_f0.7_move__lamarckian,A_f0.7_move,A,lamarckian,13,450,train,50,0.84,5,5,97.81480708865803,0.75,0.5,adaptive_move,0.5625,0.09771170611770738,0.1750156249999999,529.0,114.0,91.0,623.0,93.0,29.0,0.0,0.0,56.0,2.0,8.0,18.0,21.0,0.0,0.0,0.0,0.0,0.0,8.0,18.0,0.0,0.0,0.0,0.0
A_f0.7_move__lamarckian__s13,A_f0.7_move__lamarckian,A_f0.7_move,A,lamarckian,13,500,train,50,1.28,12,12,72.05727616971271,0.875,0.5,adaptive_move,0.6,0.11062304852556015,0.17595791457286425,486.0,118.0,133.0,711.0,84.0,22.0,0.0,0.0,54.0,4.0,14.0,23.0,15.0,0.0,0.0,0.0,0.0,0.0,14.0,23.0,0.0,0.0,0.0,0.0
A_f0.7_move__lamarckian__s13,A_f0.7_move__lamarckian,A_f0.7_move,A,lamarckian,13,550,train,50,1.64,19,19,60.51899858838749,0.9583333333333334,0.5,adaptive_move,0.55625,0.12951757328403635,0.21578563084112146,418.0,74.0,100.0,596.0,127.0,24.0,0.0,0.0,59.0,6.0,18.0,25.0,16.0,2.0,0.0,0.0,0.0,0.0,18.0,25.0,0.0,0.0,0.0,0.0
A_f0.7_move__lamarckian__s13,A_f0.7_move__lamarckian,A_f0.7_move,A,lamarckian,13,600,train,50,1.6,16,16,41.506489437631885,0.9583333333333334,0.5,adaptive_move,0.44375,0.1174708091083608,0.19416818734793195,334.0,61.0,83.0,443.0,70.0,12.0,0.0,0.0,49.0,5.0,23.0,22.0,11.0,1.0,0.0,0.0,0.0,0.0,23.0,22.0,0.0,0.0,0.0,0.0
A_f0.7_move__lamarckian__s13,A_f0.7_move__lamarckian,A_f0.7_move,A,lamarckian,13,650,train,50,1.64,15,15,73.20767060555441,0.8541666666666666,0.5,adaptive_move,0.55625,0.11083213547203785,0.2022194180522563,397.0,61.0,59.0,396.0,94.0,19.0,0.0,0.0,55.0,3.0,13.0,12.0,18.0,2.0,0.0,0.0,0.0,0.0,13.0,12.0,0.0,0.0,0.0,0.0
A_f0.7_move__lamarckian__s13,A_f0.7_move__lamarckian,A_f0.7_move,A,lamarckian,13,700,train,50,1.74,19,19,63.63993181048685,0.875,0.5,adaptive_move,0.5625,0.10632520681919716,0.18722426470588216,360.0,59.0,71.0,386.0,100.0,17.0,0.0,0.0,57.0,1.0,18.0,20.0,19.0,0.0,0.0,0.0,0.0,0.0,18.0,20.0,0.0,0.0,0.0,0.0
A_f0.7_move__lamarckian__s13,A_f0.7_move__lamarckian,A_f0.7_move,A,lamarckian,13,750,train,50,1.78,18,18,59.38671694392184,0.9583333333333334,0.5,adaptive_move,0.54375,0.14747015383241344,0.2299431818181814,345.0,69.0,71.0,386.0,58.0,6.0,0.0,0.0,63.0,2.0,18.0,15.0,11.0,1.0,0.0,0.0,0.0,0.0,18.0,15.0,0.0,0.0,0.0,0.0
A_f0.7_move__lamarckian__s13,A_f0.7_move__lamarckian,A_f0.7_move,A,lamarckian,13,800,train,50,1.88,19,19,67.36285885368578,0.8958333333333334,0.5,adaptive_move,0.56875,0.15122247856887067,0.21417013064132995,272.0,67.0,82.0,425.0,73.0,17.0,0.0,0.0,53.0,2.0,23.0,20.0,20.0,1.0,0.0,0.0,0.0,0.0,23.0,20.0,0.0,0.0,0.0,0.0
A_f0.7_move__lamarckian__s13,A_f0.7_move__lamarckian,A_f0.7_move,A,lamarckian,13,850,train,50,2.16,26,26,65.18527946600537,0.8541666666666666,0.5,adaptive_move,0.58125,0.09277079842132571,0.1677241161616163,372.0,65.0,109.0,622.0,81.0,26.0,0.0,0.0,42.0,4.0,21.0,35.0,11.0,1.0,0.0,0.0,0.0,0.0,21.0,35.0,0.0,0.0,0.0,0.0
A_f0.7_move__lamarckian__s13,A_f0.7_move__lamarckian,A_f0.7_move,A,lamarckian,13,900,train,50,2.42,19,19,67.24283398923242,0.9166666666666666,0.5,adaptive_move,0.55,0.11198519910270131,0.19953648325358841,340.0,69.0,42.0,288.0,91.0,18.0,0.0,0.0,61.0,4.0,11.0,16.0,19.0,0.0,0.0,0.0,0.0,0.0,11.0,16.0,0.0,0.0,0.0,0.0
A_f0.7_move__lamarckian__s13,A_f0.7_move__lamarckian,A_f0.7_move,A,lamarckian,13,950,train,50,2.54,11,11,57.12049165310876,0.9166666666666666,0.5,adaptive_move,0.58125,0.14636137924960857,0.22816810344827587,342.0,76.0,56.0,383.0,21.0,5.0,0.0,0.0,58.0,4.0,12.0,19.0,12.0,0.0,0.0,0.0,0.0,0.0,12.0,19.0,0.0,0.0,0.0,0.0
A_f0.7_move__lamarckian__s13,A_f0.7_move__lamarckian,A_f0.7_move,A,lamarckian,13,1000,train,50,2.68,14,14,103.84150350422976,0.7708333333333334,0.5,adaptive_move,0.5,0.08198505464381806,0.1533349483204134,327.0,48.0,78.0,421.0,36.0,9.0,0.0,0.0,66.0,1.0,21.0,11.0,10.0,0.0,0.0,0.0,0.0,0.0,21.0,11.0,0.0,0.0,0.0,0.0
A_f0.7_move__lamarckian__s13,A_f0.7_move__lamarckian,A_f0.7_move,A,lamarckian,13,1050,train,50,2.78,18,18,72.51027504997109,0.9375,0.5,adaptive_move,0.55625,0.08982374246102301,0.1669191919191919,413.0,65.0,69.0,344.0,88.0,14.0,0.0,0.0,46.0,3.0,17.0,25.0,24.0,1.0,0.0,0.0,0.0,0.0,17.0,25.0,0.0,0.0,0.0,0.0
A_f0.7_move__lamarckian__s13,A_f0.7_move__lamarckian,A_f0.7_move,A,lamarckian,13,1100,train,50,2.9,11,11,49.399787034288856,0.9375,0.5,adaptive_move,0.58125,0.09503270668733953,0.17650808457711453,336.0,66.0,88.0,491.0,101.0,12.0,0.0,0.0,59.0,2.0,16.0,26.0,21.0,0.0,0.0,0.0,0.0,0.0,16.0,26.0,0.0,0.0,0.0,0.0
A_f0.7_move__lamarckian__s13,A_f0.7_move__lamarckian,A_f0.7_move,A,lamarckian,13,1150,train,45,3.111111111111111,13,18,53.99712553189957,0.9375,0.5,adaptive_move,0.55625,0.12237761103677394,0.20115685096153846,340.0,63.0,63.0,361.0,74.0,16.0,0.0,0.0,53.0,4.0,12.0,19.0,22.0,2.0,0.0,0.0,0.0,0.0,12.0,19.0,0.0,0.0,0.0,0.0
A_f0.7_move__lamarckian__s13,A_f0.7_move__lamarckian,A_f0.7_move,A,lamarckian,13,1200,train,39,3.2051282051282053,9,15,37.749180069223684,0.9791666666666666,0.5,adaptive_move,0.55625,0.07309586123554543,0.12844422043010728,380.0,70.0,42.0,259.0,71.0,13.0,0.0,0.0,70.0,3.0,7.0,23.0,9.0,1.0,0.0,0.0,0.0,0.0,7.0,23.0,0.0,0.0,0.0,0.0
A_f0.7_move__lamarckian__s13,A_f0.7_move__lamarckian,A_f0.7_move,A,lamarckian,13,1250,train,44,3.4318181818181817,15,10,90.12475202423734,0.8125,0.5,adaptive_move,0.5625,0.06868173992998967,0.1497261597938142,275.0,36.0,62.0,392.0,89.0,13.0,0.0,0.0,45.0,2.0,12.0,18.0,21.0,0.0,0.0,0.0,0.0,0.0,12.0,18.0,0.0,0.0,0.0,0.0
A_f0.7_move__lamarckian__s13,A_f0.7_move__lamarckian,A_f0.7_move,A,lamarckian,13,1300,train,46,3.4782608695652173,13,11,81.66942415995565,0.875,0.5,adaptive_move,0.575,0.10847014038643826,0.19443524096385523,352.0,71.0,95.0,543.0,44.0,9.0,0.0,0.0,56.0,2.0,23.0,21.0,14.0,0.0,0.0,0.0,0.0,0.0,23.0,21.0,0.0,0.0,0.0,0.0
A_f0.7_move__lamarckian__s13,A_f0.7_move__lamarckian,A_f0.7_move,A,lamarckian,13,1350,train,50,3.48,14,10,55.17933450686327,0.9166666666666666,0.5,adaptive_move,0.56875,0.1097905360716625,0.19318871359223322,464.0,89.0,96.0,533.0,29.0,2.0,0.0,0.0,72.0,1.0,13.0,25.0,18.0,0.0,0.0,0.0,0.0,0.0,13.0,25.0,0.0,0.0,0.0,0.0
A_f0.7_move__lamarckian__s13,A_f0.7_move__lamarckian,A_f0.7_move,A,lamarckian,13,1400,train,50,3.62,17,17,76.9912430823857,0.7708333333333334,0.5,adaptive_move,0.5875,0.10450065218093048,0.19490685096153837,406.0,86.0,107.0,536.0,88.0,17.0,0.0,0.0,44.0,3.0,20.0,17.0,20.0,0.0,0.0,0.0,0.0,0.0,20.0,17.0,0.0,0.0,0.0,0.0
A_f0.7_move__lamarckian__s13,A_f0.7_move__lamarckian,A_f0.7_move,A,lamarckian,13,1450,train,50,3.62,11,11,95.01078544259428,0.7083333333333334,0.5,adaptive_move,0.525,0.1052898887209478,0.18071495037220875,406.0,75.0,114.0,546.0,45.0,11.0,0.0,0.0,56.0,1.0,19.0,14.0,14.0,0.0,0.0,0.0,0.0,0.0,19.0,14.0,0.0,0.0,0.0,0.0
A_f0.7_move__lamarckian__s13,A_f0.7_move__lamarckian,A_f0.7_move,A,lamarckian,13,1500,train,50,3.74,9,9,39.783960285183184,0.9583333333333334,0.5,adaptive_move,0.55625,0.13650201744196455,0.19811893203883502,559.0,92.0,110.0,587.0,47.0,6.0,0.0,0.0,66.0,3.0,13.0,21.0,21.0,2.0,0.0,0.0,0.0,0.0,13.0,21.0,0.0,0.0,0.0,0.0
A_f0.7_move__lamarckian__s13,A_f0.7_move__lamarckian,A_f0.7_move,A,lamarckian,13,1550,eval,50,3.94,20,20,78.52077959311673,0.8541666666666666,0.5,adaptive_move,0.47,0.0,0.0,525.0,81.0,92.0,472.0,25.0,3.0,6.0,34.0,48.0,3.0,14.0,19.0,8.0,1.0,2.0,1.0,0.0,0.0,14.0,19.0,0.0,0.0,2.0,1.0
A_f0.7_move__lamarckian__s13,A_f0.7_move__lamarckian,A_f0.7_move,A,lamarckian,13,1600,eval,50,4.06,10,10,96.5527052623,0.7708333333333334,0.5,adaptive_move,0.48,0.0,0.0,642.0,113.0,106.0,538.0,15.0,5.0,2.0,35.0,61.0,1.0,13.0,22.0,11.0,0.0,1.0,0.0,0.0,0.0,13.0,22.0,0.0,0.0,1.0,0.0
A_f0.7_move__lamarckian__s13,A_f0.7_move__lamarckian,A_f0.7_move,A,lamarckian,13,1650,eval,50,4.1,7,7,98.06312642768262,0.7291666666666666,0.5,adaptive_move,0.48,0.0,0.0,712.0,121.0,129.0,598.0,39.0,1.0,5.0,51.0,48.0,2.0,15.0,22.0,14.0,0.0,3.0,4.0,0.0,0.0,15.0,22.0,0.0,0.0,3.0,4.0
A_f0.7_move__lamarckian__s13,A_f0.7_move__lamarckian,A_f0.7_move,A,lamarckian,13,1700,eval,50,4.2,11,11,89.18300771510602,0.8125,0.5,adaptive_move,0.52,0.0,0.0,622.0,108.0,139.0,747.0,49.0,6.0,2.0,32.0,49.0,2.0,16.0,32.0,13.0,0.0,1.0,0.0,0.0,0.0,16.0,32.0,0.0,0.0,1.0,0.0
A_f0.7_move__lamarckian__s13,A_f0.7_move__lamarckian,A_f0.7_move,A,lamarckian,13,1750,eval,50,4.32,11,11,93.8833297570141,0.7916666666666666,0.5,adaptive_move,0.48,0.0,0.0,500.0,93.0,142.0,688.0,61.0,9.0,7.0,48.0,46.0,1.0,16.0,25.0,18.0,0.0,4.0,2.0,0.0,0.0,16.0,25.0,0.0,0.0,4.0,2.0
A_f0.7_move__lamarckian__s13,A_f0.7_move__lamarckian,A_f0.7_move,A,lamarckian,13,1800,eval,50,4.36,19,19,71.35891538087066,0.875,0.5,adaptive_move,0.485,0.0,0.0,622.0,109.0,86.0,528.0,35.0,8.0,7.0,49.0,55.0,3.0,9.0,36.0,8.0,0.0,5.0,2.0,0.0,0.0,9.0,36.0,0.0,0.0,5.0,2.0
A_f0.7_move__lamarckian__s14,A_f0.7_move__lamarckian,A_f0.7_move,A,lamarckian,14,50,train,50,0.76,34,4,101.64056179782702,0.8333333333333334,0.5,adaptive_move,0.53125,0.04671566792001912,0.08791607648725197,154.0,19.0,55.0,279.0,127.0,28.0,0.0,0.0,34.0,2.0,7.0,37.0,28.0,6.0,0.0,0.0,0.0,0.0,7.0,37.0,0.0,0.0,0.0,0.0
A_f0.7_move__lamarckian__s14,A_f0.7_move__lamarckian,A_f0.7_move,A,lamarckian,14,100,train,50,0.98,13,13,41.55142852404873,0.9375,0.5,adaptive_move,0.54375,0.05172822533259397,0.10258680555555544,298.0,42.0,47.0,233.0,123.0,22.0,0.0,0.0,37.0,5.0,10.0,23.0,26.0,7.0,0.0,0.0,0.0,0.0,10.0,23.0,0.0,0.0,0.0,0.0
A_f0.7_move__lamarckian__s14,A_f0.7_move__lamarckian,A_f0.7_move,A,lamarckian,14,150,train,50,1.06,9,9,93.35220310064146,0.7916666666666666,0.5,adaptive_move,0.56875,0.07283929452842189,0.14501468668407336,387.0,65.0,40.0,195.0,81.0,12.0,0.0,0.0,45.0,2.0,7.0,12.0,25.0,4.0,0.0,0.0,0.0,0.0,7.0,12.0,0.0,0.0,0.0,0.0
A_f0.7_move__lamarckian__s14,A_f0.7_move__lamarckian,A_f0.7_move,A,lamarckian,14,200,train,50,1.16,10,10,63.36744481903803,0.9166666666666666,0.5,adaptive_move,0.50625,0.11625808677611951,0.19170996332518309,332.0,53.0,62.0,332.0,47.0,11.0,0.0,0.0,46.0,8.0,8.0,20.0,27.0,2.0,0.0,0.0,0.0,0.0,8.0,20.0,0.0,0.0,0.0,0.0
A_f0.7_move__lamarckian__s14,A_f0.7_move__lamarckian,A_f0.7_move,A,lamarckian,14,250,train,48,1.1875,15,17,65.27408602992597,0.8958333333333334,0.5,adaptive_move,0.55625,0.1362437918828283,0.2060476618705036,303.0,45.0,71.0,353.0,72.0,13.0,0.0,0.0,44.0,1.0,11.0,25.0,33.0,4.0,0.0,0.0,0.0,0.0,11.0,25.0,0.0,0.0,0.0,0.0
A_f0.7_move__lamarckian__s14,A_f0.7_move__lamarckian,A_f0.7_move,A,lamarckian,14,300,train,49,1.510204081632653,19,18,78.42457812779412,0.875,0.5,adaptive_move,0.5375,0.1352348514424414,0.20297475961538458,263.0,45.0,67.0,377.0,133.0,21.0,0.0,0.0,42.0,3.0,13.0,22.0,34.0,2.0,0.0,0.0,0.0,0.0,13.0,22.0,0.0,0.0,0.0,0.0
A_f0.7_move__lamarckian__s14,A_f0.7_move__lamarckian,A_f0.7_move,A,lamarckian,14,350,train,50,1.64,13,12,84.10100960910945,0.8125,0.5,adaptive_move,0.5625,0.17367256554455546,0.2484757795100223,333.0,68.0,47.0,319.0,101.0,19.0,0.0,0.0,38.0,4.0,9.0,22.0,25.0,0.0,0.0,0.0,0.0,0.0,9.0,22.0,0.0,0.0,0.0,0.0
A_f0.7_move__lamarckian__s14,A_f0.7_move__lamarckian,A_f0.7_move,A,lamarckian,14,400,train,50,1.5,12,12,52.38711827016756,0.8958333333333334,0.5,adaptive_move,0.51875,0.07088843650792875,0.13760718997361487,360.0,64.0,71.0,415.0,156.0,28.0,0.0,0.0,49.0,4.0,16.0,24.0,34.0,3.0,0.0,0.0,0.0,0.0,16.0,24.0,0.0,0.0,0.0,0.0
A_f0.7_move__lamarckian__s14,A_f0.7_move__lamarckian,A_f0.7_move,A,lamarckian,14,450,train,50,1.58,12,12,94.40620768717136,0.75,0.5,adaptive_move,0.55,0.08562736390622257,0.17972952322738345,285.0,58.0,56.0,312.0,150.0,21.0,0.0,0.0,34.0,0.0,6.0,18.0,29.0,0.0,0.0,0.0,0.0,0.0,6.0,18.0,0.0,0.0,0.0,0.0
A_f0.7_move__lamarckian__s14,A_f0.7_move__lamarckian,A_f0.7_move,A,lamarckian,14,500,train,50,1.74,11,11,92.81537288450487,0.7916666666666666,0.5,adaptive_move,0.53125,0.08322089914927625,0.14507053805774262,353.0,56.0,100.0,442.0,165.0,26.0,0.0,0.0,37.0,5.0,9.0,23.0,37.0,3.0,0.0,0.0,0.0,0.0,9.0,23.0,0.0,0.0,0.0,0.0
A_f0.7_move__lamarckian__s14,A_f0.7_move__lamarckian,A_f0.7_move,A,lamarckian,14,550,train,50,1.8,12,12,83.51789444698517,0.8333333333333334,0.5,adaptive_move,0.55,0.07247359432162856,0.13475731382978706,422.0,83.0,87.0,560.0,146.0,24.0,0.0,0.0,34.0,7.0,10.0,27.0,36.0,0.0,0.0,0.0,0.0,0.0,10.0,27.0,0.0,0.0,0.0,0.0
A_f0.7_move__lamarckian__s14,A_f0.7_move__lamarckian,A_f0.7_move,A,lamarckian,14,600,train,50,1.88,11,11,89.48655942172589,0.8333333333333334,0.5,adaptive_move,0.55,0.06739502382991462,0.13319481382978715,448.0,71.0,70.0,458.0,163.0,28.0,0.0,0.0,31.0,8.0,14.0,17.0,36.0,1.0,0.0,0.0,0.0,0.0,14.0,17.0,0.0,0.0,0.0,0.0
A_f0.7_move__lamarckian__s14,A_f0.7_move__lamarckian,A_f0.7_move,A,lamarckian,14,650,train,50,1.94,10,10,77.28797518098897,0.8333333333333334,0.5,adaptive_move,0.5375,0.0686112697075189,0.13790402374670196,601.0,99.0,73.0,405.0,76.0,18.0,0.0,0.0,47.0,7.0,9.0,16.0,28.0,1.0,0.0,0.0,0.0,0.0,9.0,16.0,0.0,0.0,0.0,0.0
A_f0.7_move__lamarckian__s14,A_f0.7_move__lamarckian,A_f0.7_move,A,lamarckian,14,700,train,50,2.0,7,7,74.81429913384233,0.8333333333333334,0.5,adaptive_move,0.5625,0.08374692931528263,0.15889546035805635,424.0,84.0,82.0,478.0,168.0,31.0,0.0,0.0,41.0,4.0,13.0,15.0,40.0,2.0,0.0,0.0,0.0,0.0,13.0,15.0,0.0,0.0,0.0,0.0
A_f0.7_move__lamarckian__s14,A_f0.7_move__lamarckian,A_f0.7_move,A,lamarckian,14,750,train,50,2.1,10,10,69.69752813402152,0.9166666666666666,0.5,adaptive_move,0.5625,0.12007780713103802,0.20179106714628303,493.0,97.0,56.0,342.0,149.0,23.0,0.0,0.0,52.0,5.0,9.0,16.0,33.0,1.0,0.0,0.0,0.0,0.0,9.0,16.0,0.0,0.0,0.0,0.0
A_f0.7_move__lamarckian__s14,A_f0.7_move__lamarckian,A_f0.7_move,A,lamarckian,14,800,train,50,2.22,7,7,108.05026175889645,0.75,0.5,adaptive_move,0.58125,0.07766577693684297,0.14494437172774877,402.0,72.0,71.0,443.0,139.0,31.0,0.0,0.0,42.0,0.0,5.0,16.0,29.0,1.0,0.0,0.0,0.0,0.0,5.0,16.0,0.0,0.0,0.0,0.0
A_f0.7_move__lamarckian__s14,A_f0.7_move__lamarckian,A_f0.7_move,A,lamarckian,14,850,train,50,2.34,11,11,93.13153337416406,0.7708333333333334,0.5,adaptive_move,0.6,0.16375912564396314,0.24141328828828823,409.0,82.0,77.0,481.0,199.0,43.0,0.0,0.0,45.0,2.0,11.0,22.0,36.0,1.0,0.0,0.0,0.0,0.0,11.0,22.0,0.0,0.0,0.0,0.0
A_f0.7_move__lamarckian__s14,A_f0.7_move__lamarckian,A_f0.7_move,A,lamarckian,14,900,train,50,2.56,9,9,81.07532413959225,0.875,0.5,adaptive_move,0.58125,0.12729643904828358,0.20772713776722074,432.0,78.0,113.0,550.0,178.0,33.0,0.0,0.0,47.0,3.0,8.0,24.0,27.0,0.0,0.0,0.0,0.0,0.0,8.0,24.0,0.0,0.0,0.0,0.0
A_f0.7_move__lamarckian__s14,A_f0.7_move__lamarckian,A_f0.7_move,A,lamarckian,14,950,train,50,2.68,13,13,53.631386251961786,0.9166666666666666,0.5,adaptive_move,0.55625,0.10569487354200549,0.19609748803827753,345.0,71.0,75.0,357.0,204.0,36.0,0.0,0.0,48.0,8.0,14.0,18.0,30.0,2.0,0.0,0.0,0.0,0.0,14.0,18.0,0.0,0.0,0.0,0.0
A_f0.7_move__lamarckian__s14,A_f0.7_move__lamarckian,A_f0.7_move,A,lamarckian,14,1000,train,50,2.8,11,11,76.43879683071472,0.8125,0.5,adaptive_move,0.53125,0.06048368301381752,0.12922499999999992,284.0,53.0,78.0,439.0,132.0,18.0,0.0,0.0,43.0,2.0,9.0,11.0,38.0,0.0,0.0,0.0,0.0,0.0,9.0,11.0,0.0,0.0,0.0,0.0
A_f0.7_move__lamarckian__s14,A_f0.7_move__lamarckian,A_f0.7_move,A,lamarckian,14,1050,train,50,2.88,13,13,74.27049151331492,0.8958333333333334,0.5,adaptive_move,0.55,0.11415757553678073,0.19974581339712905,340.0,50.0,56.0,456.0,85.0,11.0,0.0,0.0,57.0,4.0,8.0,23.0,24.0,1.0,0.0,0.0,0.0,0.0,8.0,23.0,0.0,0.0,0.0,0.0
A_f0.7_move__lamarckian__s14,A_f0.7_move__lamarckian,A_f0.7_move,A,lamarckian,14,1100,train,49,3.1020408163265305,19,20,70.6412784944259,0.875,0.5,adaptive_move,0.53125,0.08138032717706598,0.1595184948979591,304.0,65.0,58.0,293.0,86.0,11.0,0.0,0.0,34.0,2.0,16.0,18.0,38.0,0.0,0.0,0.0,0.0,0.0,16.0,18.0,0.0,0.0,0.0,0.0
A_f0.7_move__lamarckian__s14,A_f0.7_move__lamarckian,A_f0.7_move,A,lamarckian,14,1150,train,45,3.688888888888889,16,20,36.00469101934558,0.9791666666666666,0.5,adaptive_move,0.58125,0.176521451087667,0.2575736899563321,216.0,36.0,40.0,294.0,87.0,14.0,0.0,0.0,49.0,1.0,19.0,21.0,48.0,2.0,0.0,0.0,0.0,0.0,19.0,21.0,0.0,0.0,0.0,0.0
A_f0.7_move__lamarckian__s14,A_f0.7_move__lamarckian,A_f0.7_move,A,lamarckian,14,1200,train,32,3.75,4,17,62.914942067951486,0.8541666666666666,0.5,adaptive_move,0.55625,0.0782996592037689,0.1542336118251928,156.0,23.0,37.0,188.0,84.0,13.0,0.0,0.0,51.0,1.0,19.0,6.0,47.0,1.0,0.0,0.0,0.0,0.0,19.0,6.0,0.0,0.0,0.0,0.0
A_f0.7_move__lamarckian__s14,A_f0.7_move__lamarckian,A_f0.7_move,A,lamarckian,14,1250,train,37,3.972972972972973,11,6,74.28718346775916,0.8958333333333334,0.5,adaptive_move,0.56875,0.11862698800952855,0.21581307870370403,183.0,31.0,38.0,277.0,91.0,16.0,0.0,0.0,55.0,2.0,14.0,15.0,42.0,0.0,0.0,0.0,0.0,0.0,14.0,15.0,0.0,0.0,0.0,0.0
A_f0.7_move__lamarckian__s14,A_f0.7_move__lamarckian,A_f0.7_move,A,lamarckian,14,1300,train,36,4.083333333333333,9,10,63.6043702408447,0.9166666666666666,0.5,adaptive_move,0.63125,0.13977114679754066,0.1985060975609756,228.0,38.0,54.0,338.0,86.0,7.0,0.0,0.0,53.0,1.0,13.0,14.0,39.0,0.0,0.0,0.0,0.0,0.0,13.0,14.0,0.0,0.0,0.0,0.0
A_f0.7_move__lamarckian__s14,A_f0.7_move__lamarckian,A_f0.7_move,A,lamarckian,14,1350,train,40,4.275,12,8,43.74401632049828,0.9583333333333334,0.5,adaptive_move,0.5125,0.0977983118882271,0.18225061576354684,350.0,61.0,52.0,321.0,66.0,13.0,0.0,0.0,56.0,2.0,10.0,23.0,34.0,3.0,0.0,0.0,0.0,0.0,10.0,23.0,0.0,0.0,0.0,0.0
A_f0.7_move__lamarckian__s14,A_f0.7_move__lamarckian,A_f0.7_move,A,lamarckian,14,1400,train,38,4.368421052631579,10,12,69.12679019449533,0.9166666666666666,0.5,adaptive_move,0.51875,0.08738175743732737,0.16895414572864298,285.0,48.0,44.0,226.0,53.0,8.0,0.0,0.0,50.0,1.0,17.0,10.0,33.0,3.0,0.0,0.0,0.0,0.0,17.0,10.0,0.0,0.0,0.0,0.0
A_f0.7_move__lamarckian__s14,A_f0.7_move__lamarckian,A_f0.7_move,A,lamarckian,14,1450,train,31,4.419354838709677,4,11,76.89874207072597,0.8958333333333334,0.5,adaptive_move,0.53125,0.1193789255536078,0.19102328431372562,213.0,41.0,56.0,319.0,38.0,9.0,0.0,0.0,44.0,4.0,20.0,21.0,22.0,1.0,0.0,0.0,0.0,0.0,20.0,21.0,0.0,0.0,0.0,0.0
A_f0.7_move__lamarckian__s14,A_f0.7_move__lamarckian,A_f0.7_move,A,lamarckian,14,1500,train,36,4.75,14,9,56.26364549491833,0.9583333333333334,0.5,adaptive_move,0.55625,0.10509403624512031,0.17963308457711458,260.0,37.0,61.0,313.0,60.0,11.0,0.0,0.0,46.0,2.0,19.0,11.0,36.0,5.0,0.0,0.0,0.0,0.0,19.0,11.0,0.0,0.0,0.0,0.0
A_f0.7_move__lamarckian__s14,A_f0.7_move__lamarckian,A_f0.7_move,A,lamarckian,14,1550,eval,40,4.925,15,11,76.98779608219863,0.8541666666666666,0.5,adaptive_move,0.46,0.0,0.0,381.0,71.0,45.0,296.0,16.0,4.0,9.0,57.0,62.0,2.0,9.0,13.0,13.0,0.0,8.0,11.0,0.0,0.0,9.0,13.0,0.0,0.0,8.0,11.0
A_f0.7_move__lamarckian__s14,A_f0.7_move__lamarckian,A_f0.7_move,A,lamarckian,14,1600,eval,39,4.846153846153846,10,11,93.79750475247876,0.8958333333333334,0.5,adaptive_move,0.51,0.0,0.0,351.0,67.0,59.0,298.0,39.0,4.0,13.0,81.0,48.0,5.0,16.0,12.0,17.0,0.0,4.0,14.0,0.0,0.0,16.0,12.0,0.0,0.0,4.0,14.0
A_f0.7_move__lamarckian__s14,A_f0.7_move__lamarckian,A_f0.7_move,A,lamarckian,14,1650,eval,48,5.0625,19,10,96.6043252938239,0.75,0.5,adaptive_move,0.515,0.0,0.0,393.0,56.0,84.0,442.0,41.0,6.0,10.0,93.0,54.0,1.0,14.0,18.0,17.0,1.0,5.0,4.0,0.0,0.0,14.0,18.0,0.0,0.0,5.0,4.0
A_f0.7_move__lamarckian__s14,A_f0.7_move__lamarckian,A_f0.7_move,A,lamarckian,14,1700,eval,50,5.16,10,8,101.71107010595703,0.8333333333333334,0.5,adaptive_move,0.485,0.0,0.0,404.0,75.0,79.0,477.0,127.0,24.0,12.0,111.0,45.0,3.0,17.0,15.0,27.0,2.0,3.0,5.0,0.0,0.0,17.0,15.0,0.0,0.0,3.0,5.0
A_f0.7_move__lamarckian__s14,A_f0.7_move__lamarckian,A_f0.7_move,A,lamarckian,14,1750,eval,50,5.22,3,3,101.00707877526258,0.7291666666666666,0.5,adaptive_move,0.47,0.0,0.0,518.0,101.0,86.0,450.0,128.0,21.0,23.0,159.0,51.0,4.0,9.0,15.0,25.0,1.0,4.0,6.0,0.0,0.0,9.0,15.0,0.0,0.0,4.0,6.0
A_f0.7_move__lamarckian__s14,A_f0.7_move__lamarckian,A_f0.7_move,A,lamarckian,14,1800,eval,50,5.16,5,5,129.6158374513517,0.7083333333333334,0.5,adaptive_move,0.54,0.0,0.0,480.0,70.0,94.0,688.0,114.0,14.0,16.0,119.0,36.0,2.0,11.0,34.0,11.0,1.0,6.0,4.0,0.0,0.0,11.0,34.0,0.0,0.0,6.0,4.0
A_f0.7_move__lamarckian__s15,A_f0.7_move__lamarckian,A_f0.7_move,A,lamarckian,15,50,train,49,0.7346938775510204,35,6,44.12231087587307,0.9583333333333334,0.5,adaptive_move,0.58125,0.0688673056259203,0.11663251366120209,185.0,42.0,39.0,221.0,27.0,8.0,0.0,0.0,43.0,10.0,7.0,41.0,14.0,3.0,0.0,0.0,0.0,0.0,7.0,41.0,0.0,0.0,0.0,0.0
A_f0.7_move__lamarckian__s15,A_f0.7_move__lamarckian,A_f0.7_move,A,lamarckian,15,100,train,48,0.8958333333333334,11,12,107.83815904573282,0.7916666666666666,0.5,adaptive_move,0.46875,0.05661080696722047,0.1104910714285714,240.0,53.0,77.0,375.0,55.0,6.0,0.0,0.0,42.0,5.0,14.0,22.0,14.0,2.0,0.0,0.0,0.0,0.0,14.0,22.0,0.0,0.0,0.0,0.0
A_f0.7_move__lamarckian__s15,A_f0.7_move__lamarckian,A_f0.7_move,A,lamarckian,15,150,train,41,0.9512195121951219,14,21,132.16513918796727,0.7291666666666666,0.5,adaptive_move,0.53125,0.0841667842378914,0.13842009283819623,334.0,72.0,58.0,342.0,70.0,13.0,0.0,0.0,36.0,3.0,10.0,36.0,11.0,2.0,0.0,0.0,0.0,0.0,10.0,36.0,0.0,0.0,0.0,0.0
A_f0.7_move__lamarckian__s15,A_f0.7_move__lamarckian,A_f0.7_move,A,lamarckian,15,200,train,50,1.14,18,9,68.91886730889313,0.8125,0.5,adaptive_move,0.50625,0.12193852579525924,0.20243555155875326,329.0,62.0,57.0,417.0,52.0,7.0,0.0,0.0,60.0,9.0,9.0,24.0,10.0,1.0,0.0,0.0,0.0,0.0,9.0,24.0,0.0,0.0,0.0,0.0
A_f0.7_move__lamarckian__s15,A_f0.7_move__lamarckian,A_f0.7_move,A,lamarckian,15,250,train,50,1.18,6,6,109.22655441903152,0.7291666666666666,0.5,adaptive_move,0.55,0.1365848968263629,0.20563096658711189,323.0,56.0,64.0,491.0,46.0,7.0,0.0,0.0,44.0,3.0,9.0,26.0,12.0,1.0,0.0,0.0,0.0,0.0,9.0,26.0,0.0,0.0,0.0,0.0
A_f0.7_move__lamarckian__s15,A_f0.7_move__lamarckian,A_f0.7_move,A,lamarckian,15,300,train,50,1.16,8,8,101.30356427942114,0.7916666666666666,0.5,adaptive_move,0.54375,0.06466966816393391,0.13092499999999996,530.0,85.0,97.0,539.0,5.0,0.0,0.0,0.0,58.0,9.0,17.0,16.0,3.0,0.0,0.0,0.0,0.0,0.0,17.0,16.0,0.0,0.0,0.0,0.0
A_f0.7_move__lamarckian__s15,A_f0.7_move__lamarckian,A_f0.7_move,A,lamarckian,15,350,train,50,1.26,13,13,99.1301142995963,0.75,0.5,adaptive_move,0.5875,0.07672507224393704,0.1430692257217847,431.0,90.0,111.0,589.0,72.0,12.0,0.0,0.0,33.0,2.0,21.0,23.0,15.0,2.0,0.0,0.0,0.0,0.0,21.0,23.0,0.0,0.0,0.0,0.0
A_f0.7_move__lamarckian__s15,A_f0.7_move__lamarckian,A_f0.7_move,A,lamarckian,15,400,train,50,1.26,5,5,87.96464417496523,0.7708333333333334,0.5,adaptive_move,0.5625,0.11066991988533315,0.16556106138107407,468.0,85.0,123.0,728.0,63.0,12.0,0.0,0.0,49.0,3.0,11.0,28.0,21.0,1.0,0.0,0.0,0.0,0.0,11.0,28.0,0.0,0.0,0.0,0.0
A_f0.7_move__lamarckian__s15,A_f0.7_move__lamarckian,A_f0.7_move,A,lamarckian,15,450,train,50,1.26,6,6,109.33075767332069,0.75,0.5,adaptive_move,0.50625,0.08823347256775867,0.14270283641160963,384.0,54.0,117.0,605.0,81.0,9.0,0.0,0.0,41.0,3.0,17.0,24.0,13.0,0.0,0.0,0.0,0.0,0.0,17.0,24.0,0.0,0.0,0.0,0.0
A_f0.7_move__lamarckian__s15,A_f0.7_move__lamarckian,A_f0.7_move,A,lamarckian,15,500,train,50,1.66,18,18,70.33868240292247,0.8958333333333334,0.5,adaptive_move,0.55,0.07621833837493897,0.13867394179894155,566.0,100.0,93.0,556.0,45.0,4.0,0.0,0.0,62.0,5.0,12.0,16.0,20.0,1.0,0.0,0.0,0.0,0.0,12.0,16.0,0.0,0.0,0.0,0.0
A_f0.7_move__lamarckian__s15,A_f0.7_move__lamarckian,A_f0.7_move,A,lamarckian,15,550,train,50,1.94,11,11,71.39167392218668,0.8333333333333334,0.5,adaptive_move,0.58125,0.08983722180538553,0.17033605527638174,287.0,57.0,119.0,647.0,41.0,9.0,0.0,0.0,48.0,2.0,20.0,22.0,14.0,1.0,0.0,0.0,0.0,0.0,20.0,22.0,0.0,0.0,0.0,0.0
A_f0.7_move__lamarckian__s15,A_f0.7_move__lamarckian,A_f0.7_move,A,lamarckian,15,600,train,50,2.12,16,16,69.8394701088636,0.875,0.5,adaptive_move,0.53125,0.11911893254428627,0.19593446601941755,414.0,70.0,81.0,551.0,46.0,4.0,0.0,0.0,55.0,4.0,21.0,21.0,9.0,0.0,0.0,0.0,0.0,0.0,21.0,21.0,0.0,0.0,0.0,0.0
A_f0.7_move__lamarckian__s15,A_f0.7_move__lamarckian,A_f0.7_move,A,lamarckian,15,650,train,50,2.24,18,18,46.22392432682407,0.9791666666666666,0.5,adaptive_move,0.575,0.07263792103899379,0.14771915584415551,334.0,52.0,113.0,604.0,63.0,14.0,0.0,0.0,48.0,4.0,18.0,26.0,21.0,0.0,0.0,0.0,0.0,0.0,18.0,26.0,0.0,0.0,0.0,0.0
A_f0.7_move__lamarckian__s15,A_f0.7_move__lamarckian,A_f0.7_move,A,lamarckian,15,700,train,50,2.52,20,20,51.75473754412426,0.9166666666666666,0.5,adaptive_move,0.525,0.1022379126472435,0.1800170595533499,423.0,72.0,65.0,456.0,38.0,6.0,0.0,0.0,57.0,4.0,10.0,20.0,18.0,0.0,0.0,0.0,0.0,0.0,10.0,20.0,0.0,0.0,0.0,0.0
A_f0.7_move__lamarckian__s15,A_f0.7_move__lamarckian,A_f0.7_move,A,lamarckian,15,750,train,50,2.54,14,14,75.18101492859586,0.8541666666666666,0.5,adaptive_move,0.58125,0.09339647503093065,0.173546875,421.0,69.0,88.0,444.0,25.0,4.0,0.0,0.0,41.0,2.0,14.0,25.0,11.0,1.0,0.0,0.0,0.0,0.0,14.0,25.0,0.0,0.0,0.0,0.0
A_f0.7_move__lamarckian__s15,A_f0.7_move__lamarckian,A_f0.7_move,A,lamarckian,15,800,train,50,2.4,21,21,70.61307554406585,0.9166666666666666,0.5,adaptive_move,0.5875,0.08500119031783104,0.1669159319899245,378.0,65.0,74.0,480.0,36.0,10.0,0.0,0.0,35.0,2.0,19.0,31.0,12.0,1.0,0.0,0.0,0.0,0.0,19.0,31.0,0.0,0.0,0.0,0.0
A_f0.7_move__lamarckian__s15,A_f0.7_move__lamarckian,A_f0.7_move,A,lamarckian,15,850,train,50,2.34,13,13,66.33787296999384,0.8958333333333334,0.5,adaptive_move,0.5875,0.09249690016800524,0.17576181592039797,250.0,43.0,67.0,417.0,78.0,15.0,0.0,0.0,51.0,2.0,11.0,22.0,12.0,0.0,0.0,0.0,0.0,0.0,11.0,22.0,0.0,0.0,0.0,0.0
A_f0.7_move__lamarckian__s15,A_f0.7_move__lamarckian,A_f0.7_move,A,lamarckian,15,900,train,50,2.54,14,14,47.386416407439604,0.8958333333333334,0.5,adaptive_move,0.49375,0.11370284281183422,0.1991981414868107,332.0,55.0,81.0,376.0,108.0,23.0,0.0,0.0,54.0,2.0,20.0,24.0,12.0,1.0,0.0,0.0,0.0,0.0,20.0,24.0,0.0,0.0,0.0,0.0
A_f0.7_move__lamarckian__s15,A_f0.7_move__lamarckian,A_f0.7_move,A,lamarckian,15,950,train,50,2.74,12,12,73.10343778535324,0.8541666666666666,0.5,adaptive_move,0.53125,0.07671517930209415,0.14851461038961,347.0,61.0,50.0,352.0,154.0,29.0,0.0,0.0,61.0,3.0,8.0,20.0,9.0,1.0,0.0,0.0,0.0,0.0,8.0,20.0,0.0,0.0,0.0,0.0
A_f0.7_move__lamarckian__s15,A_f0.7_move__lamarckian,A_f0.7_move,A,lamarckian,15,1000,train,50,3.16,14,14,60.746105691336766,0.9166666666666666,0.5,adaptive_move,0.55,0.08432280716094304,0.15145292207792171,291.0,65.0,49.0,361.0,145.0,23.0,0.0,0.0,58.0,2.0,13.0,17.0,19.0,1.0,0.0,0.0,0.0,0.0,13.0,17.0,0.0,0.0,0.0,0.0
A_f0.7_move__lamarckian__s15,A_f0.7_move__lamarckian,A_f0.7_move,A,lamarckian,15,1050,train,50,3.42,21,21,59.986894131119534,0.8541666666666666,0.5,adaptive_move,0.53125,0.112575517337797,0.17362248110831247,240.0,53.0,49.0,213.0,101.0,20.0,0.0,0.0,50.0,2.0,17.0,17.0,17.0,1.0,0.0,0.0,0.0,0.0,17.0,17.0,0.0,0.0,0.0,0.0
A_f0.7_move__lamarckian__s15,A_f0.7_move__lamarckian,A_f0.7_move,A,lamarckian,15,1100,train,50,3.58,18,18,67.86191945055816,0.875,0.5,adaptive_move,0.58125,0.12014280009688146,0.20104166666666679,251.0,44.0,51.0,287.0,122.0,28.0,0.0,0.0,66.0,1.0,12.0,15.0,14.0,2.0,0.0,0.0,0.0,0.0,12.0,15.0,0.0,0.0,0.0,0.0
A_f0.7_move__lamarckian__s15,A_f0.7_move__lamarckian,A_f0.7_move,A,lamarckian,15,1150,train,47,3.404255319148936,14,17,52.59499031700207,0.9791666666666666,0.5,adaptive_move,0.46875,0.06921972700591567,0.14369288511749345,241.0,46.0,59.0,371.0,187.0,30.0,0.0,0.0,53.0,0.0,22.0,17.0,20.0,4.0,0.0,0.0,0.0,0.0,22.0,17.0,0.0,0.0,0.0,0.0
A_f0.7_move__lamarckian__s15,A_f0.7_move__lamarckian,A_f0.7_move,A,lamarckian,15,1200,train,38,3.5,9,18,104.27360776833928,0.6875,0.5,adaptive_move,0.5625,0.12334521375076934,0.2179723502304145,269.0,40.0,64.0,336.0,27.0,5.0,0.0,0.0,47.0,2.0,22.0,15.0,15.0,1.0,0.0,0.0,0.0,0.0,22.0,15.0,0.0,0.0,0.0,0.0
A_f0.7_move__lamarckian__s15,A_f0.7_move__lamarckian,A_f0.7_move,A,lamarckian,15,1250,train,44,3.522727272727273,14,8,53.97264153510321,0.9791666666666666,0.5,adaptive_move,0.54375,0.11636315883078607,0.19963942307692295,346.0,59.0,51.0,311.0,29.0,8.0,0.0,0.0,66.0,5.0,12.0,26.0,14.0,1.0,0.0,0.0,0.0,0.0,12.0,26.0,0.0,0.0,0.0,0.0
A_f0.7_move__lamarckian__s15,A_f0.7_move__lamarckian,A_f0.7_move,A,lamarckian,15,1300,train,33,3.6666666666666665,7,18,64.63238787781451,0.9375,0.5,adaptive_move,0.55,0.08712129701991708,0.1696820175438596,253.0,49.0,84.0,441.0,32.0,6.0,0.0,0.0,47.0,7.0,21.0,25.0,16.0,1.0,0.0,0.0,0.0,0.0,21.0,25.0,0.0,0.0,0.0,0.0
A_f0.7_move__lamarckian__s15,A_f0.7_move__lamarckian,A_f0.7_move,A,lamarckian,15,1350,train,40,4.3,19,12,67.45628766180236,0.9166666666666666,0.5,adaptive_move,0.5625,0.0889204517061646,0.16709280303030316,324.0,50.0,62.0,454.0,33.0,7.0,0.0,0.0,62.0,1.0,18.0,19.0,17.0,1.0,0.0,0.0,0.0,0.0,18.0,19.0,0.0,0.0,0.0,0.0
A_f0.7_move__lamarckian__s15,A_f0.7_move__lamarckian,A_f0.7_move,A,lamarckian,15,1400,train,42,4.619047619047619,13,11,55.10972989187066,0.9583333333333334,0.5,adaptive_move,0.55,0.10199456410247412,0.19317018072289116,367.0,74.0,90.0,459.0,68.0,12.0,0.0,0.0,54.0,2.0,27.0,22.0,20.0,1.0,0.0,0.0,0.0,0.0,27.0,22.0,0.0,0.0,0.0,0.0
A_f0.7_move__lamarckian__s15,A_f0.7_move__lamarckian,A_f0.7_move,A,lamarckian,15,1450,train,44,4.568181818181818,12,10,61.988620090272114,0.9375,0.5,adaptive_move,0.53125,0.10251368976227078,0.17871579601990062,361.0,55.0,72.0,436.0,31.0,10.0,0.0,0.0,48.0,5.0,15.0,24.0,14.0,1.0,0.0,0.0,0.0,0.0,15.0,24.0,0.0,0.0,0.0,0.0
A_f0.7_move__lamarckian__s15,A_f0.7_move__lamarckian,A_f0.7_move,A,lamarckian,15,1500,train,46,4.717391304347826,19,17,80.25227917389608,0.875,0.5,adaptive_move,0.58125,0.11295841364623141,0.1969804216867468,277.0,48.0,88.0,547.0,51.0,8.0,0.0,0.0,42.0,0.0,17.0,24.0,20.0,0.0,0.0,0.0,0.0,0.0,17.0,24.0,0.0,0.0,0.0,0.0
A_f0.7_move__lamarckian__s15,A_f0.7_move__lamarckian,A_f0.7_move,A,lamarckian,15,1550,eval,45,4.822222222222222,13,14,85.03820928279922,0.8333333333333334,0.5,adaptive_move,0.525,0.0,0.0,464.0,72.0,72.0,403.0,45.0,7.0,7.0,41.0,59.0,4.0,11.0,24.0,13.0,1.0,5.0,2.0,0.0,0.0,11.0,24.0,0.0,0.0,5.0,2.0
A_f0.7_move__lamarckian__s15,A_f0.7_move__lamarckian,A_f0.7_move,A,lamarckian,15,1600,eval,39,5.051282051282051,14,20,74.13465674857754,0.9166666666666666,0.5,adaptive_move,0.515,0.0,0.0,579.0,119.0,100.0,478.0,39.0,9.0,9.0,22.0,65.0,5.0,15.0,20.0,16.0,0.0,4.0,4.0,0.0,0.0,15.0,20.0,0.0,0.0,4.0,4.0
A_f0.7_move__lamarckian__s15,A_f0.7_move__lamarckian,A_f0.7_move,A,lamarckian,15,1650,eval,50,5.22,20,9,65.07701581815985,0.8541666666666666,0.5,adaptive_move,0.515,0.0,0.0,537.0,95.0,89.0,537.0,69.0,11.0,8.0,42.0,59.0,4.0,12.0,27.0,10.0,1.0,2.0,1.0,0.0,0.0,12.0,27.0,0.0,0.0,2.0,1.0
A_f0.7_move__lamarckian__s15,A_f0.7_move__lamarckian,A_f0.7_move,A,lamarckian,15,1700,eval,50,5.48,11,11,94.89020730804654,0.75,0.5,adaptive_move,0.455,0.0,0.0,549.0,107.0,112.0,644.0,100.0,22.0,5.0,26.0,51.0,3.0,6.0,33.0,8.0,1.0,1.0,2.0,0.0,0.0,6.0,33.0,0.0,0.0,1.0,2.0
A_f0.7_move__lamarckian__s15,A_f0.7_move__lamarckian,A_f0.7_move,A,lamarckian,15,1750,eval,50,5.28,7,7,93.8673734136143,0.75,0.5,adaptive_move,0.51,0.0,0.0,709.0,123.0,134.0,627.0,63.0,9.0,6.0,48.0,59.0,4.0,12.0,24.0,9.0,1.0,0.0,4.0,0.0,0.0,12.0,24.0,0.0,0.0,0.0,4.0
A_f0.7_move__lamarckian__s15,A_f0.7_move__lamarckian,A_f0.7_move,A,lamarckian,15,1800,eval,50,5.3,10,10,86.10625580293075,0.7708333333333334,0.5,adaptive_move,0.525,0.0,0.0,713.0,115.0,110.0,628.0,82.0,16.0,9.0,59.0,76.0,2.0,12.0,16.0,2.0,0.0,4.0,4.0,0.0,0.0,12.0,16.0,0.0,0.0,4.0,4.0
A_f0.7_move__lamarckian__s16,A_f0.7_move__lamarckian,A_f0.7_move,A,lamarckian,16,50,train,50,0.88,31,1,88.93092070246632,0.7708333333333334,0.5,adaptive_move,0.5125,0.04611683845033017,0.09743365921787706,298.0,46.0,39.0,228.0,53.0,8.0,0.0,0.0,47.0,6.0,4.0,34.0,13.0,0.0,0.0,0.0,0.0,0.0,4.0,34.0,0.0,0.0,0.0,0.0
A_f0.7_move__lamarckian__s16,A_f0.7_move__lamarckian,A_f0.7_move,A,lamarckian,16,100,train,50,0.86,10,10,51.7699254588307,0.9791666666666666,0.5,adaptive_move,0.55625,0.042244507832676845,0.09642108938547467,293.0,49.0,53.0,351.0,106.0,22.0,0.0,0.0,44.0,9.0,8.0,32.0,15.0,5.0,0.0,0.0,0.0,0.0,8.0,32.0,0.0,0.0,0.0,0.0
A_f0.7_move__lamarckian__s16,A_f0.7_move__lamarckian,A_f0.7_move,A,lamarckian,16,150,train,50,0.86,14,14,82.77512220924882,0.7916666666666666,0.5,adaptive_move,0.525,0.11601641940361826,0.20987265807962574,357.0,58.0,58.0,320.0,82.0,17.0,0.0,0.0,56.0,8.0,7.0,24.0,12.0,1.0,0.0,0.0,0.0,0.0,7.0,24.0,0.0,0.0,0.0,0.0
A_f0.7_move__lamarckian__s16,A_f0.7_move__lamarckian,A_f0.7_move,A,lamarckian,16,200,train,50,0.96,19,19,92.21474753494601,0.8958333333333334,0.5,adaptive_move,0.53125,0.08182291292221577,0.17258663366336635,339.0,71.0,55.0,321.0,98.0,15.0,0.0,0.0,38.0,3.0,11.0,27.0,12.0,2.0,0.0,0.0,0.0,0.0,11.0,27.0,0.0,0.0,0.0,0.0
A_f0.7_move__lamarckian__s16,A_f0.7_move__lamarckian,A_f0.7_move,A,lamarckian,16,250,train,50,0.94,11,11,91.7381126696871,0.8333333333333334,0.5,adaptive_move,0.59375,0.07809439901094525,0.15066386010362698,432.0,78.0,83.0,474.0,158.0,32.0,0.0,0.0,46.0,3.0,10.0,16.0,11.0,4.0,0.0,0.0,0.0,0.0,10.0,16.0,0.0,0.0,0.0,0.0
A_f0.7_move__lamarckian__s16,A_f0.7_move__lamarckian,A_f0.7_move,A,lamarckian,16,300,train,50,0.98,13,13,89.6727763267427,0.8125,0.5,adaptive_move,0.58125,0.11709861742513507,0.18938419117647087,391.0,75.0,92.0,562.0,136.0,17.0,0.0,0.0,30.0,4.0,18.0,36.0,17.0,2.0,0.0,0.0,0.0,0.0,18.0,36.0,0.0,0.0,0.0,0.0
A_f0.7_move__lamarckian__s16,A_f0.7_move__lamarckian,A_f0.7_move,A,lamarckian,16,350,train,50,1.04,11,11,84.21649651320044,0.7708333333333334,0.5,adaptive_move,0.575,0.13073855552871694,0.22207661290322567,526.0,77.0,102.0,469.0,68.0,15.0,0.0,0.0,44.0,4.0,15.0,31.0,17.0,4.0,0.0,0.0,0.0,0.0,15.0,31.0,0.0,0.0,0.0,0.0
A_f0.7_move__lamarckian__s16,A_f0.7_move__lamarckian,A_f0.7_move,A,lamarckian,16,400,train,50,1.18,12,12,145.81435229390237,0.5416666666666666,0.5,adaptive_move,0.5,0.04762420411919527,0.112832084468665,447.0,69.0,129.0,656.0,118.0,19.0,0.0,0.0,28.0,2.0,13.0,21.0,10.0,0.0,0.0,0.0,0.0,0.0,13.0,21.0,0.0,0.0,0.0,0.0
A_f0.7_move__lamarckian__s16,A_f0.7_move__lamarckian,A_f0.7_move,A,lamarckian,16,450,train,50,1.16,4,4,157.1330315511733,0.5,0.5,adaptive_move,0.54375,0.05945617456479041,0.11674897820163488,555.0,114.0,99.0,577.0,92.0,10.0,0.0,0.0,27.0,5.0,4.0,28.0,15.0,1.0,0.0,0.0,0.0,0.0,4.0,28.0,0.0,0.0,0.0,0.0
A_f0.7_move__lamarckian__s16,A_f0.7_move__lamarckian,A_f0.7_move,A,lamarckian,16,500,train,50,1.4,12,12,57.20824034843249,0.875,0.5,adaptive_move,0.56875,0.11836793982002507,0.18500928217821788,724.0,141.0,96.0,522.0,107.0,17.0,0.0,0.0,69.0,5.0,4.0,27.0,24.0,0.0,0.0,0.0,0.0,0.0,4.0,27.0,0.0,0.0,0.0,0.0
A_f0.7_move__lamarckian__s16,A_f0.7_move__lamarckian,A_f0.7_move,A,lamarckian,16,550,train,50,1.58,11,11,96.69252904397712,0.7916666666666666,0.5,adaptive_move,0.575,0.092643157762468,0.179972290640394,381.0,65.0,91.0,458.0,47.0,8.0,0.0,0.0,46.0,1.0,18.0,20.0,16.0,1.0,0.0,0.0,0.0,0.0,18.0,20.0,0.0,0.0,0.0,0.0
A_f0.7_move__lamarckian__s16,A_f0.7_move__lamarckian,A_f0.7_move,A,lamarckian,16,600,train,50,1.72,10,10,93.43409863304304,0.8333333333333334,0.5,adaptive_move,0.56875,0.09833762299644658,0.1876748783454989,452.0,83.0,81.0,429.0,36.0,5.0,0.0,0.0,62.0,4.0,13.0,19.0,17.0,1.0,0.0,0.0,0.0,0.0,13.0,19.0,0.0,0.0,0.0,0.0
A_f0.7_move__lamarckian__s16,A_f0.7_move__lamarckian,A_f0.7_move,A,lamarckian,16,650,train,50,1.72,11,11,109.3141885565774,0.6875,0.5,adaptive_move,0.53125,0.08568274347790368,0.16746693954659952,413.0,59.0,75.0,498.0,68.0,13.0,0.0,0.0,41.0,5.0,18.0,26.0,21.0,0.0,0.0,0.0,0.0,0.0,18.0,26.0,0.0,0.0,0.0,0.0
A_f0.7_move__lamarckian__s16,A_f0.7_move__lamarckian,A_f0.7_move,A,lamarckian,16,700,train,50,1.94,16,16,87.99633650239258,0.75,0.5,adaptive_move,0.58125,0.11348876388751314,0.20632370283018875,609.0,110.0,98.0,596.0,118.0,24.0,0.0,0.0,45.0,3.0,13.0,21.0,23.0,1.0,0.0,0.0,0.0,0.0,13.0,21.0,0.0,0.0,0.0,0.0
A_f0.7_move__lamarckian__s16,A_f0.7_move__lamarckian,A_f0.7_move,A,lamarckian,16,750,train,50,2.0,12,12,67.72167448233462,0.8958333333333334,0.5,adaptive_move,0.54375,0.08335971412344415,0.160188137755102,390.0,53.0,100.0,506.0,158.0,34.0,0.0,0.0,39.0,0.0,17.0,31.0,21.0,1.0,0.0,0.0,0.0,0.0,17.0,31.0,0.0,0.0,0.0,0.0
A_f0.7_move__lamarckian__s16,A_f0.7_move__lamarckian,A_f0.7_move,A,lamarckian,16,800,train,50,2.08,6,6,80.7948931405302,0.8333333333333334,0.5,adaptive_move,0.51875,0.049590280984466356,0.11514945652173902,416.0,84.0,79.0,496.0,63.0,9.0,0.0,0.0,55.0,3.0,15.0,15.0,18.0,1.0,0.0,0.0,0.0,0.0,15.0,15.0,0.0,0.0,0.0,0.0
A_f0.7_move__lamarckian__s16,A_f0.7_move__lamarckian,A_f0.7_move,A,lamarckian,16,850,train,50,2.06,12,12,86.74123081441707,0.8541666666666666,0.5,adaptive_move,0.54375,0.08851928134563503,0.15773618251928023,490.0,76.0,142.0,641.0,107.0,12.0,0.0,0.0,46.0,0.0,18.0,24.0,24.0,0.0,0.0,0.0,0.0,0.0,18.0,24.0,0.0,0.0,0.0,0.0
A_f0.7_move__lamarckian__s16,A_f0.7_move__lamarckian,A_f0.7_move,A,lamarckian,16,900,train,50,2.22,10,10,69.71690103638329,0.9166666666666666,0.5,adaptive_move,0.55,0.08619564356641138,0.17126714463840376,578.0,99.0,96.0,647.0,82.0,10.0,0.0,0.0,59.0,6.0,14.0,25.0,25.0,0.0,0.0,0.0,0.0,0.0,14.0,25.0,0.0,0.0,0.0,0.0
A_f0.7_move__lamarckian__s16,A_f0.7_move__lamarckian,A_f0.7_move,A,lamarckian,16,950,train,50,2.32,9,9,72.24990276153798,0.875,0.5,adaptive_move,0.56875,0.0818483120499582,0.15994897959183652,370.0,68.0,96.0,587.0,68.0,11.0,0.0,0.0,65.0,2.0,11.0,18.0,20.0,2.0,0.0,0.0,0.0,0.0,11.0,18.0,0.0,0.0,0.0,0.0
A_f0.7_move__lamarckian__s16,A_f0.7_move__lamarckian,A_f0.7_move,A,lamarckian,16,1000,train,50,2.54,9,9,103.85370300801375,0.7291666666666666,0.5,adaptive_move,0.525,0.09783085011388065,0.17424028822055138,381.0,76.0,96.0,516.0,69.0,17.0,0.0,0.0,49.0,4.0,16.0,21.0,18.0,1.0,0.0,0.0,0.0,0.0,16.0,21.0,0.0,0.0,0.0,0.0
A_f0.7_move__lamarckian__s16,A_f0.7_move__lamarckian,A_f0.7_move,A,lamarckian,16,1050,train,50,2.74,17,17,58.202847493558615,0.9166666666666666,0.5,adaptive_move,0.525,0.09573218187368333,0.18108875921375933,422.0,77.0,88.0,516.0,64.0,10.0,0.0,0.0,53.0,4.0,19.0,35.0,24.0,1.0,0.0,0.0,0.0,0.0,19.0,35.0,0.0,0.0,0.0,0.0
A_f0.7_move__lamarckian__s16,A_f0.7_move__lamarckian,A_f0.7_move,A,lamarckian,16,1100,train,50,2.82,14,14,87.20677171478917,0.8958333333333334,0.5,adaptive_move,0.59375,0.12691083707931575,0.21261737089201893,316.0,62.0,89.0,522.0,79.0,14.0,0.0,0.0,48.0,2.0,12.0,23.0,25.0,0.0,0.0,0.0,0.0,0.0,12.0,23.0,0.0,0.0,0.0,0.0
A_f0.7_move__lamarckian__s16,A_f0.7_move__lamarckian,A_f0.7_move,A,lamarckian,16,1150,train,50,2.9,17,17,52.654659751397375,0.9583333333333334,0.5,adaptive_move,0.55625,0.11863688451188262,0.19651268115942022,305.0,52.0,76.0,421.0,72.0,15.0,0.0,0.0,59.0,2.0,19.0,18.0,22.0,1.0,0.0,0.0,0.0,0.0,19.0,18.0,0.0,0.0,0.0,0.0
A_f0.7_move__lamarckian__s16,A_f0.7_move__lamarckian,A_f0.7_move,A,lamarckian,16,1200,train,50,3.02,21,21,76.03979443457537,0.8541666666666666,0.5,adaptive_move,0.575,0.09295797489475689,0.17458022388059735,358.0,43.0,64.0,305.0,71.0,10.0,0.0,0.0,65.0,2.0,15.0,11.0,23.0,0.0,0.0,0.0,0.0,0.0,15.0,11.0,0.0,0.0,0.0,0.0
A_f0.7_move__lamarckian__s16,A_f0.7_move__lamarckian,A_f0.7_move,A,lamarckian,16,1250,train,50,3.24,19,19,50.131929885683945,0.9375,0.5,adaptive_move,0.58125,0.1138836859979401,0.20448113207547158,343.0,51.0,48.0,313.0,52.0,6.0,0.0,0.0,62.0,2.0,16.0,20.0,23.0,2.0,0.0,0.0,0.0,0.0,16.0,20.0,0.0,0.0,0.0,0.0
A_f0.7_move__lamarckian__s16,A_f0.7_move__lamarckian,A_f0.7_move,A,lamarckian,16,1300,train,49,3.4693877551020407,13,14,56.36503164826095,0.9166666666666666,0.5,adaptive_move,0.5875,0.1228045955398905,0.2224457762557075,270.0,32.0,57.0,319.0,41.0,4.0,0.0,0.0,68.0,1.0,10.0,16.0,21.0,1.0,0.0,0.0,0.0,0.0,10.0,16.0,0.0,0.0,0.0,0.0
A_f0.7_move__lamarckian__s16,A_f0.7_move__lamarckian,A_f0.7_move,A,lamarckian,16,1350,train,34,3.6470588235294117,6,21,48.0485685767306,0.9791666666666666,0.5,adaptive_move,0.575,0.07961664782506833,0.15953403307888037,248.0,44.0,36.0,192.0,34.0,6.0,0.0,0.0,58.0,3.0,16.0,15.0,18.0,1.0,0.0,0.0,0.0,0.0,16.0,15.0,0.0,0.0,0.0,0.0
A_f0.7_move__lamarckian__s16,A_f0.7_move__lamarckian,A_f0.7_move,A,lamarckian,16,1400,train,29,4.137931034482759,7,12,172.37672153681456,0.6458333333333334,0.5,adaptive_move,0.54375,0.08760053206460873,0.15623389175257718,160.0,23.0,46.0,257.0,60.0,17.0,0.0,0.0,47.0,1.0,17.0,15.0,16.0,2.0,0.0,0.0,0.0,0.0,17.0,15.0,0.0,0.0,0.0,0.0
A_f0.7_move__lamarckian__s16,A_f0.7_move__lamarckian,A_f0.7_move,A,lamarckian,16,1450,train,49,4.408163265306122,25,5,81.79325987412224,0.8125,0.5,adaptive_move,0.61875,0.12907510321983592,0.2078162114014248,254.0,54.0,69.0,439.0,68.0,14.0,0.0,0.0,54.0,4.0,16.0,28.0,21.0,2.0,0.0,0.0,0.0,0.0,16.0,28.0,0.0,0.0,0.0,0.0
A_f0.7_move__lamarckian__s16,A_f0.7_move__lamarckian,A_f0.7_move,A,lamarckian,16,1500,train,49,4.591836734693878,13,13,49.947838283179394,0.875,0.5,adaptive_move,0.55625,0.14460855605301898,0.2149601063829789,366.0,68.0,64.0,363.0,59.0,11.0,0.0,0.0,63.0,2.0,14.0,23.0,20.0,2.0,0.0,0.0,0.0,0.0,14.0,23.0,0.0,0.0,0.0,0.0
A_f0.7_move__lamarckian__s16,A_f0.7_move__lamarckian,A_f0.7_move,A,lamarckian,16,1550,eval,45,4.5777777777777775,15,19,64.4763379325152,0.875,0.5,adaptive_move,0.485,0.0,0.0,490.0,97.0,83.0,434.0,36.0,7.0,10.0,80.0,52.0,5.0,16.0,18.0,5.0,0.0,4.0,5.0,0.0,0.0,16.0,18.0,0.0,0.0,4.0,5.0
A_f0.7_move__lamarckian__s16,A_f0.7_move__lamarckian,A_f0.7_move,A,lamarckian,16,1600,eval,50,4.66,15,10,115.57114485051483,0.6666666666666666,0.5,adaptive_move,0.49,0.0,0.0,499.0,91.0,98.0,562.0,28.0,5.0,4.0,56.0,48.0,4.0,7.0,20.0,9.0,1.0,1.0,10.0,0.0,0.0,7.0,20.0,0.0,0.0,1.0,10.0
A_f0.7_move__lamarckian__s16,A_f0.7_move__lamarckian,A_f0.7_move,A,lamarckian,16,1650,eval,50,4.86,13,13,144.8406934332493,0.6666666666666666,0.5,adaptive_move,0.54,0.0,0.0,444.0,82.0,86.0,608.0,93.0,10.0,15.0,71.0,37.0,4.0,14.0,21.0,5.0,0.0,4.0,4.0,0.0,0.0,14.0,21.0,0.0,0.0,4.0,4.0
A_f0.7_move__lamarckian__s16,A_f0.7_move__lamarckian,A_f0.7_move,A,lamarckian,16,1700,eval,50,4.88,7,7,123.96735467441937,0.6666666666666666,0.5,adaptive_move,0.5,0.0,0.0,536.0,84.0,91.0,565.0,80.0,11.0,25.0,154.0,55.0,3.0,5.0,19.0,7.0,0.0,3.0,9.0,0.0,0.0,5.0,19.0,0.0,0.0,3.0,9.0
A_f0.7_move__lamarckian__s16,A_f0.7_move__lamarckian,A_f0.7_move,A,lamarckian,16,1750,eval,50,4.96,4,4,161.17662337700807,0.4375,0.5,adaptive_move,0.52,0.0,0.0,620.0,107.0,97.0,587.0,71.0,14.0,30.0,154.0,29.0,4.0,19.0,12.0,11.0,1.0,2.0,3.0,0.0,0.0,19.0,12.0,0.0,0.0,2.0,3.0
A_f0.7_move__lamarckian__s16,A_f0.7_move__lamarckian,A_f0.7_move,A,lamarckian,16,1800,eval,50,5.1,4,4,148.06210481168375,0.625,0.5,adaptive_move,0.485,0.0,0.0,637.0,110.0,107.0,589.0,74.0,12.0,20.0,95.0,28.0,1.0,18.0,17.0,13.0,0.0,3.0,2.0,0.0,0.0,18.0,17.0,0.0,0.0,3.0,2.0
A_f0.7_move__lamarckian__s17,A_f0.7_move__lamarckian,A_f0.7_move,A,lamarckian,17,50,train,50,0.72,32,2,55.418885206429856,0.9375,0.5,adaptive_move,0.54375,0.06587031080414113,0.10463541666666676,239.0,57.0,25.0,166.0,112.0,16.0,0.0,0.0,51.0,7.0,8.0,24.0,25.0,6.0,0.0,0.0,0.0,0.0,8.0,24.0,0.0,0.0,0.0,0.0
A_f0.7_move__lamarckian__s17,A_f0.7_move__lamarckian,A_f0.7_move,A,lamarckian,17,100,train,50,0.96,16,16,56.299635465932944,0.9166666666666666,0.5,adaptive_move,0.5375,0.09701443404956733,0.17080447103274587,224.0,33.0,30.0,238.0,141.0,26.0,0.0,0.0,31.0,3.0,9.0,24.0,26.0,4.0,0.0,0.0,0.0,0.0,9.0,24.0,0.0,0.0,0.0,0.0
A_f0.7_move__lamarckian__s17,A_f0.7_move__lamarckian,A_f0.7_move,A,lamarckian,17,150,train,50,1.06,15,15,61.43726540494487,0.8958333333333334,0.5,adaptive_move,0.54375,0.12135396756543661,0.19294207317073164,293.0,47.0,46.0,270.0,92.0,19.0,0.0,0.0,40.0,2.0,10.0,26.0,33.0,4.0,0.0,0.0,0.0,0.0,10.0,26.0,0.0,0.0,0.0,0.0
A_f0.7_move__lamarckian__s17,A_f0.7_move__lamarckian,A_f0.7_move,A,lamarckian,17,200,train,50,1.12,16,16,85.71690971601117,0.8333333333333334,0.5,adaptive_move,0.56875,0.16633075499912306,0.25139423076923095,261.0,45.0,51.0,270.0,30.0,8.0,0.0,0.0,30.0,4.0,12.0,28.0,16.0,3.0,0.0,0.0,0.0,0.0,12.0,28.0,0.0,0.0,0.0,0.0
A_f0.7_move__lamarckian__s17,A_f0.7_move__lamarckian,A_f0.7_move,A,lamarckian,17,250,train,50,1.2,10,10,95.91557319154062,0.7708333333333334,0.5,adaptive_move,0.55625,0.13080580334296416,0.20036231884057965,363.0,73.0,71.0,383.0,92.0,21.0,0.0,0.0,41.0,1.0,11.0,22.0,23.0,6.0,0.0,0.0,0.0,0.0,11.0,22.0,0.0,0.0,0.0,0.0
A_f0.7_move__lamarckian__s17,A_f0.7_move__lamarckian,A_f0.7_move,A,lamarckian,17,300,train,50,1.16,13,13,107.8297124085581,0.7708333333333334,0.5,adaptive_move,0.55625,0.11378368163360797,0.17013007614213183,410.0,67.0,77.0,458.0,80.0,7.0,0.0,0.0,46.0,0.0,6.0,20.0,25.0,2.0,0.0,0.0,0.0,0.0,6.0,20.0,0.0,0.0,0.0,0.0
A_f0.7_move__lamarckian__s17,A_f0.7_move__lamarckian,A_f0.7_move,A,lamarckian,17,350,train,50,1.18,8,8,88.84216130249055,0.8125,0.5,adaptive_move,0.55625,0.06697112474354816,0.131575,424.0,66.0,66.0,355.0,89.0,13.0,0.0,0.0,51.0,2.0,14.0,20.0,27.0,1.0,0.0,0.0,0.0,0.0,14.0,20.0,0.0,0.0,0.0,0.0
A_f0.7_move__lamarckian__s17,A_f0.7_move__lamarckian,A_f0.7_move,A,lamarckian,17,400,train,50,1.14,9,9,130.60356241869752,0.6458333333333334,0.5,adaptive_move,0.5125,0.08328551354166434,0.16541982323232318,418.0,60.0,74.0,381.0,177.0,26.0,0.0,0.0,35.0,3.0,4.0,21.0,24.0,5.0,0.0,0.0,0.0,0.0,4.0,21.0,0.0,0.0,0.0,0.0
A_f0.7_move__lamarckian__s17,A_f0.7_move__lamarckian,A_f0.7_move,A,lamarckian,17,450,train,50,1.12,6,6,80.44663221687958,0.8333333333333334,0.5,adaptive_move,0.48125,0.06897074088525106,0.13336103723404258,426.0,92.0,101.0,505.0,121.0,24.0,0.0,0.0,40.0,8.0,16.0,18.0,28.0,4.0,0.0,0.0,0.0,0.0,16.0,18.0,0.0,0.0,0.0,0.0
A_f0.7_move__lamarckian__s17,A_f0.7_move__lamarckian,A_f0.7_move,A,lamarckian,17,500,train,50,1.44,10,10,57.01068324463782,0.9791666666666666,0.5,adaptive_move,0.55,0.11319167920972595,0.1907319682151587,411.0,72.0,66.0,360.0,61.0,7.0,0.0,0.0,57.0,6.0,6.0,18.0,30.0,1.0,0.0,0.0,0.0,0.0,6.0,18.0,0.0,0.0,0.0,0.0
A_f0.7_move__lamarckian__s17,A_f0.7_move__lamarckian,A_f0.7_move,A,lamarckian,17,550,train,50,1.68,15,15,77.27788860453083,0.8958333333333334,0.5,adaptive_move,0.5375,0.11502252912714292,0.19030409535452297,390.0,66.0,63.0,424.0,84.0,17.0,0.0,0.0,44.0,5.0,13.0,23.0,28.0,1.0,0.0,0.0,0.0,0.0,13.0,23.0,0.0,0.0,0.0,0.0
A_f0.7_move__lamarckian__s17,A_f0.7_move__lamarckian,A_f0.7_move,A,lamarckian,17,600,train,50,1.82,11,11,53.662813665240165,0.875,0.5,adaptive_move,0.55,0.10929206550913659,0.19235018159806305,312.0,64.0,66.0,410.0,121.0,16.0,0.0,0.0,43.0,4.0,14.0,26.0,33.0,1.0,0.0,0.0,0.0,0.0,14.0,26.0,0.0,0.0,0.0,0.0
A_f0.7_move__lamarckian__s17,A_f0.7_move__lamarckian,A_f0.7_move,A,lamarckian,17,650,train,50,2.1,13,13,77.22063310661932,0.8125,0.5,adaptive_move,0.54375,0.09604751932592517,0.14588815789473686,255.0,42.0,71.0,400.0,69.0,16.0,0.0,0.0,37.0,0.0,12.0,20.0,29.0,1.0,0.0,0.0,0.0,0.0,12.0,20.0,0.0,0.0,0.0,0.0
A_f0.7_move__lamarckian__s17,A_f0.7_move__lamarckian,A_f0.7_move,A,lamarckian,17,700,train,50,2.24,13,13,72.59546007626703,0.8958333333333334,0.5,adaptive_move,0.53125,0.11600535539349442,0.1940602300242129,335.0,66.0,53.0,323.0,119.0,23.0,0.0,0.0,44.0,4.0,11.0,20.0,30.0,1.0,0.0,0.0,0.0,0.0,11.0,20.0,0.0,0.0,0.0,0.0
A_f0.7_move__lamarckian__s17,A_f0.7_move__lamarckian,A_f0.7_move,A,lamarckian,17,750,train,50,2.26,13,13,61.667628896467896,0.875,0.5,adaptive_move,0.53125,0.09049457437440502,0.1654663705583752,315.0,57.0,72.0,420.0,106.0,17.0,0.0,0.0,49.0,5.0,9.0,24.0,32.0,2.0,0.0,0.0,0.0,0.0,9.0,24.0,0.0,0.0,0.0,0.0
A_f0.7_move__lamarckian__s17,A_f0.7_move__lamarckian,A_f0.7_move,A,lamarckian,17,800,train,50,2.3,16,16,50.75964216124095,0.8958333333333334,0.5,adaptive_move,0.5375,0.08823531477005968,0.16429251269035494,452.0,81.0,59.0,310.0,104.0,19.0,0.0,0.0,63.0,3.0,13.0,12.0,27.0,7.0,0.0,0.0,0.0,0.0,13.0,12.0,0.0,0.0,0.0,0.0
A_f0.7_move__lamarckian__s17,A_f0.7_move__lamarckian,A_f0.7_move,A,lamarckian,17,850,train,50,2.32,12,12,62.82523061099866,0.875,0.5,adaptive_move,0.525,0.09275526846952424,0.183918795620438,275.0,50.0,56.0,289.0,171.0,29.0,0.0,0.0,44.0,0.0,7.0,16.0,34.0,2.0,0.0,0.0,0.0,0.0,7.0,16.0,0.0,0.0,0.0,0.0
A_f0.7_move__lamarckian__s17,A_f0.7_move__lamarckian,A_f0.7_move,A,lamarckian,17,900,train,50,2.42,11,11,59.083050894882454,0.9166666666666666,0.5,adaptive_move,0.54375,0.0881075905742008,0.1672979797979799,228.0,32.0,84.0,549.0,165.0,41.0,0.0,0.0,36.0,2.0,19.0,26.0,30.0,3.0,0.0,0.0,0.0,0.0,19.0,26.0,0.0,0.0,0.0,0.0
A_f0.7_move__lamarckian__s17,A_f0.7_move__lamarckian,A_f0.7_move,A,lamarckian,17,950,train,50,2.66,18,18,88.75641317811883,0.8125,0.5,adaptive_move,0.58125,0.12149563954555395,0.2004056490384616,395.0,59.0,59.0,436.0,93.0,22.0,0.0,0.0,44.0,4.0,15.0,17.0,26.0,4.0,0.0,0.0,0.0,0.0,15.0,17.0,0.0,0.0,0.0,0.0
A_f0.7_move__lamarckian__s17,A_f0.7_move__lamarckian,A_f0.7_move,A,lamarckian,17,1000,train,50,2.86,10,10,71.9486151951796,0.8333333333333334,0.5,adaptive_move,0.50625,0.11504324484370274,0.19411407766990285,335.0,53.0,83.0,496.0,132.0,20.0,0.0,0.0,46.0,4.0,16.0,25.0,32.0,2.0,0.0,0.0,0.0,0.0,16.0,25.0,0.0,0.0,0.0,0.0
A_f0.7_move__lamarckian__s17,A_f0.7_move__lamarckian,A_f0.7_move,A,lamarckian,17,1050,train,50,3.1,20,20,51.55774993674562,0.9375,0.5,adaptive_move,0.5375,0.12664063128530656,0.21880051963048497,326.0,57.0,54.0,311.0,161.0,28.0,0.0,0.0,50.0,6.0,10.0,17.0,30.0,6.0,0.0,0.0,0.0,0.0,10.0,17.0,0.0,0.0,0.0,0.0
A_f0.7_move__lamarckian__s17,A_f0.7_move__lamarckian,A_f0.7_move,A,lamarckian,17,1100,train,39,3.230769230769231,10,21,72.79897775303422,0.8541666666666666,0.5,adaptive_move,0.58125,0.10640508423440347,0.1956309952038371,226.0,47.0,61.0,359.0,86.0,15.0,0.0,0.0,31.0,4.0,18.0,29.0,23.0,2.0,0.0,0.0,0.0,0.0,18.0,29.0,0.0,0.0,0.0,0.0
A_f0.7_move__lamarckian__s17,A_f0.7_move__lamarckian,A_f0.7_move,A,lamarckian,17,1150,train,40,3.4,17,16,170.01788659504754,0.6041666666666666,0.5,adaptive_move,0.575,0.10632520681919716,0.18722426470588216,249.0,48.0,43.0,199.0,155.0,30.0,0.0,0.0,33.0,2.0,11.0,20.0,28.0,0.0,0.0,0.0,0.0,0.0,11.0,20.0,0.0,0.0,0.0,0.0
A_f0.7_move__lamarckian__s17,A_f0.7_move__lamarckian,A_f0.7_move,A,lamarckian,17,1200,train,50,3.58,15,5,63.16213614187504,0.875,0.5,adaptive_move,0.54375,0.09217339786664575,0.16430502544529246,380.0,71.0,88.0,461.0,118.0,25.0,0.0,0.0,63.0,7.0,6.0,21.0,30.0,3.0,0.0,0.0,0.0,0.0,6.0,21.0,0.0,0.0,0.0,0.0
A_f0.7_move__lamarckian__s17,A_f0.7_move__lamarckian,A_f0.7_move,A,lamarckian,17,1250,train,50,3.64,10,10,61.408908537206294,0.875,0.5,adaptive_move,0.60625,0.08110610390187814,0.1645833333333333,304.0,43.0,67.0,363.0,149.0,35.0,0.0,0.0,50.0,4.0,8.0,20.0,31.0,3.0,0.0,0.0,0.0,0.0,8.0,20.0,0.0,0.0,0.0,0.0
A_f0.7_move__lamarckian__s17,A_f0.7_move__lamarckian,A_f0.7_move,A,lamarckian,17,1300,train,50,3.74,18,18,49.23064163814272,0.9166666666666666,0.5,adaptive_move,0.525,0.08372613128703711,0.15690070694087388,245.0,52.0,58.0,344.0,141.0,18.0,0.0,0.0,43.0,3.0,15.0,29.0,26.0,0.0,0.0,0.0,0.0,0.0,15.0,29.0,0.0,0.0,0.0,0.0
A_f0.7_move__lamarckian__s17,A_f0.7_move__lamarckian,A_f0.7_move,A,lamarckian,17,1350,train,50,3.92,18,18,45.232130646322915,0.9583333333333334,0.5,adaptive_move,0.53125,0.12931845047003007,0.21504088785046704,273.0,52.0,76.0,463.0,154.0,36.0,0.0,0.0,43.0,3.0,13.0,24.0,32.0,5.0,0.0,0.0,0.0,0.0,13.0,24.0,0.0,0.0,0.0,0.0
A_f0.7_move__lamarckian__s17,A_f0.7_move__lamarckian,A_f0.7_move,A,lamarckian,17,1400,train,50,4.0,9,9,45.901126090111774,1.0,0.5,adaptive_move,0.63125,0.11340349725708183,0.20889197892271705,361.0,58.0,76.0,417.0,82.0,16.0,0.0,0.0,50.0,3.0,13.0,19.0,31.0,2.0,0.0,0.0,0.0,0.0,13.0,19.0,0.0,0.0,0.0,0.0
A_f0.7_move__lamarckian__s17,A_f0.7_move__lamarckian,A_f0.7_move,A,lamarckian,17,1450,train,41,4.195121951219512,7,16,85.05136871050505,0.8958333333333334,0.5,adaptive_move,0.55625,0.11682636929430254,0.20336309523809537,346.0,58.0,69.0,338.0,91.0,14.0,0.0,0.0,40.0,2.0,16.0,16.0,27.0,0.0,0.0,0.0,0.0,0.0,16.0,16.0,0.0,0.0,0.0,0.0
A_f0.7_move__lamarckian__s17,A_f0.7_move__lamarckian,A_f0.7_move,A,lamarckian,17,1500,train,47,4.446808510638298,14,8,36.99904240947809,0.9791666666666666,0.5,adaptive_move,0.56875,0.10114607616005758,0.18323583743842353,301.0,58.0,59.0,374.0,58.0,16.0,0.0,0.0,69.0,2.0,15.0,16.0,33.0,2.0,0.0,0.0,0.0,0.0,15.0,16.0,0.0,0.0,0.0,0.0
A_f0.7_move__lamarckian__s17,A_f0.7_move__lamarckian,A_f0.7_move,A,lamarckian,17,1550,eval,42,4.619047619047619,5,10,57.74619009430774,0.9583333333333334,0.5,adaptive_move,0.5,0.0,0.0,305.0,36.0,59.0,262.0,39.0,9.0,13.0,47.0,49.0,3.0,11.0,16.0,17.0,0.0,8.0,3.0,0.0,0.0,11.0,16.0,0.0,0.0,8.0,3.0
A_f0.7_move__lamarckian__s17,A_f0.7_move__lamarckian,A_f0.7_move,A,lamarckian,17,1600,eval,32,4.78125,11,21,89.86057767534444,0.875,0.5,adaptive_move,0.52,0.0,0.0,280.0,37.0,61.0,303.0,49.0,13.0,14.0,73.0,47.0,1.0,10.0,21.0,18.0,2.0,6.0,9.0,0.0,0.0,10.0,21.0,0.0,0.0,6.0,9.0
A_f0.7_move__lamarckian__s17,A_f0.7_move__lamarckian,A_f0.7_move,A,lamarckian,17,1650,eval,45,5.4222222222222225,26,13,107.22814320581358,0.7291666666666666,0.5,adaptive_move,0.52,0.0,0.0,281.0,57.0,69.0,499.0,55.0,10.0,11.0,45.0,46.0,2.0,12.0,28.0,16.0,2.0,7.0,3.0,0.0,0.0,12.0,28.0,0.0,0.0,7.0,3.0
A_f0.7_move__lamarckian__s17,A_f0.7_move__lamarckian,A_f0.7_move,A,lamarckian,17,1700,eval,50,5.74,17,12,55.14811720231819,0.9375,0.5,adaptive_move,0.475,0.0,0.0,444.0,86.0,48.0,314.0,50.0,14.0,21.0,144.0,48.0,5.0,12.0,20.0,20.0,1.0,6.0,9.0,0.0,0.0,12.0,20.0,0.0,0.0,6.0,9.0
A_f0.7_move__lamarckian__s17,A_f0.7_move__lamarckian,A_f0.7_move,A,lamarckian,17,1750,eval,49,5.63265306122449,11,12,98.71255010584946,0.7708333333333334,0.5,adaptive_move,0.53,0.0,0.0,373.0,73.0,83.0,510.0,101.0,13.0,18.0,85.0,42.0,2.0,11.0,17.0,16.0,1.0,7.0,7.0,0.0,0.0,11.0,17.0,0.0,0.0,7.0,7.0
A_f0.7_move__lamarckian__s17,A_f0.7_move__lamarckian,A_f0.7_move,A,lamarckian,17,1800,eval,50,5.7,20,19,108.9290356637094,0.7916666666666666,0.5,adaptive_move,0.49,0.0,0.0,566.0,96.0,99.0,568.0,90.0,10.0,28.0,141.0,36.0,8.0,12.0,25.0,9.0,0.0,11.0,10.0,0.0,0.0,12.0,25.0,0.0,0.0,11.0,10.0
A_f0.7_move__lamarckian__s18,A_f0.7_move__lamarckian,A_f0.7_move,A,lamarckian,18,50,train,50,0.82,31,1,57.29858823879849,0.9375,0.5,adaptive_move,0.54375,0.11082116926397587,0.15845445736434116,234.0,29.0,42.0,245.0,99.0,20.0,0.0,0.0,53.0,5.0,5.0,29.0,27.0,6.0,0.0,0.0,0.0,0.0,5.0,29.0,0.0,0.0,0.0,0.0
A_f0.7_move__lamarckian__s18,A_f0.7_move__lamarckian,A_f0.7_move,A,lamarckian,18,100,train,50,0.88,12,12,67.68689434834113,0.8333333333333334,0.5,adaptive_move,0.58125,0.08148820786369426,0.16232550761421316,277.0,48.0,45.0,339.0,50.0,10.0,0.0,0.0,36.0,5.0,6.0,31.0,17.0,3.0,0.0,0.0,0.0,0.0,6.0,31.0,0.0,0.0,0.0,0.0
A_f0.7_move__lamarckian__s18,A_f0.7_move__lamarckian,A_f0.7_move,A,lamarckian,18,150,train,50,1.06,19,19,82.81602199120161,0.8333333333333334,0.5,adaptive_move,0.575,0.1270313993559118,0.20605654761904746,347.0,71.0,83.0,508.0,82.0,24.0,0.0,0.0,38.0,7.0,13.0,37.0,16.0,3.0,0.0,0.0,0.0,0.0,13.0,37.0,0.0,0.0,0.0,0.0
A_f0.7_move__lamarckian__s18,A_f0.7_move__lamarckian,A_f0.7_move,A,lamarckian,18,200,train,50,1.04,13,13,62.6586099452192,0.875,0.5,adaptive_move,0.51875,0.05723788284648675,0.12937167553191498,293.0,52.0,51.0,351.0,86.0,18.0,0.0,0.0,37.0,2.0,7.0,20.0,17.0,7.0,0.0,0.0,0.0,0.0,7.0,20.0,0.0,0.0,0.0,0.0
A_f0.7_move__lamarckian__s18,A_f0.7_move__lamarckian,A_f0.7_move,A,lamarckian,18,250,train,50,0.92,10,10,42.987576133861275,0.9375,0.5,adaptive_move,0.59375,0.13911195418442396,0.23399578651685382,292.0,68.0,70.0,373.0,131.0,23.0,0.0,0.0,50.0,6.0,10.0,24.0,23.0,3.0,0.0,0.0,0.0,0.0,10.0,24.0,0.0,0.0,0.0,0.0
A_f0.7_move__lamarckian__s18,A_f0.7_move__lamarckian,A_f0.7_move,A,lamarckian,18,300,train,50,0.9,14,14,103.9870935495943,0.7708333333333334,0.5,adaptive_move,0.55625,0.07337311411325265,0.14881800518134725,369.0,69.0,57.0,409.0,92.0,16.0,0.0,0.0,33.0,5.0,11.0,19.0,13.0,2.0,0.0,0.0,0.0,0.0,11.0,19.0,0.0,0.0,0.0,0.0
A_f0.7_move__lamarckian__s18,A_f0.7_move__lamarckian,A_f0.7_move,A,lamarckian,18,350,train,50,0.84,10,10,69.79202466008785,0.8333333333333334,0.5,adaptive_move,0.5625,0.12280079988907516,0.2049597255369926,420.0,78.0,78.0,496.0,103.0,16.0,0.0,0.0,44.0,9.0,11.0,19.0,32.0,1.0,0.0,0.0,0.0,0.0,11.0,19.0,0.0,0.0,0.0,0.0
A_f0.7_move__lamarckian__s18,A_f0.7_move__lamarckian,A_f0.7_move,A,lamarckian,18,400,train,50,0.84,6,6,116.82433461426368,0.6875,0.5,adaptive_move,0.54375,0.11531478957744604,0.19920372596153846,327.0,61.0,70.0,453.0,77.0,8.0,0.0,0.0,51.0,0.0,11.0,17.0,25.0,0.0,0.0,0.0,0.0,0.0,11.0,17.0,0.0,0.0,0.0,0.0
A_f0.7_move__lamarckian__s18,A_f0.7_move__lamarckian,A_f0.7_move,A,lamarckian,18,450,train,50,0.84,7,7,84.71528708235948,0.75,0.5,adaptive_move,0.58125,0.12833422893800708,0.21710755813953497,410.0,69.0,109.0,473.0,106.0,15.0,0.0,0.0,44.0,1.0,14.0,20.0,27.0,1.0,0.0,0.0,0.0,0.0,14.0,20.0,0.0,0.0,0.0,0.0
A_f0.7_move__lamarckian__s18,A_f0.7_move__lamarckian,A_f0.7_move,A,lamarckian,18,500,train,48,1.2916666666666667,13,15,119.7971327350914,0.7291666666666666,0.5,adaptive_move,0.55625,0.08989472867314496,0.15724871134020613,466.0,73.0,105.0,510.0,56.0,12.0,0.0,0.0,49.0,2.0,10.0,14.0,18.0,0.0,0.0,0.0,0.0,0.0,10.0,14.0,0.0,0.0,0.0,0.0
A_f0.7_move__lamarckian__s18,A_f0.7_move__lamarckian,A_f0.7_move,A,lamarckian,18,550,train,50,1.52,18,16,54.75878860989373,0.9166666666666666,0.5,adaptive_move,0.53125,0.1589616810676909,0.23364726027397253,365.0,68.0,85.0,417.0,92.0,16.0,0.0,0.0,54.0,4.0,25.0,24.0,20.0,3.0,0.0,0.0,0.0,0.0,25.0,24.0,0.0,0.0,0.0,0.0
A_f0.7_move__lamarckian__s18,A_f0.7_move__lamarckian,A_f0.7_move,A,lamarckian,18,600,train,50,1.66,15,15,88.9002351267565,0.8125,0.5,adaptive_move,0.51875,0.10416943031018934,0.19599070743405278,362.0,71.0,54.0,278.0,112.0,19.0,0.0,0.0,54.0,8.0,11.0,11.0,20.0,2.0,0.0,0.0,0.0,0.0,11.0,11.0,0.0,0.0,0.0,0.0
A_f0.7_move__lamarckian__s18,A_f0.7_move__lamarckian,A_f0.7_move,A,lamarckian,18,650,train,50,1.74,7,7,95.1943668751789,0.8333333333333334,0.5,adaptive_move,0.5625,0.09191677383290174,0.1689467884130984,328.0,56.0,94.0,538.0,75.0,14.0,0.0,0.0,55.0,1.0,15.0,15.0,26.0,3.0,0.0,0.0,0.0,0.0,15.0,15.0,0.0,0.0,0.0,0.0
A_f0.7_move__lamarckian__s18,A_f0.7_move__lamarckian,A_f0.7_move,A,lamarckian,18,700,train,50,1.82,9,9,133.18507460853243,0.7083333333333334,0.5,adaptive_move,0.55625,0.06765447149675984,0.15029723650385596,448.0,72.0,92.0,466.0,137.0,25.0,0.0,0.0,44.0,3.0,16.0,10.0,24.0,1.0,0.0,0.0,0.0,0.0,16.0,10.0,0.0,0.0,0.0,0.0
A_f0.7_move__lamarckian__s18,A_f0.7_move__lamarckian,A_f0.7_move,A,lamarckian,18,750,train,50,1.8,5,5,104.21580588783385,0.7083333333333334,0.5,adaptive_move,0.55625,0.10074760661325846,0.1730213567839196,460.0,76.0,123.0,699.0,133.0,23.0,0.0,0.0,44.0,4.0,12.0,26.0,26.0,1.0,0.0,0.0,0.0,0.0,12.0,26.0,0.0,0.0,0.0,0.0
A_f0.7_move__lamarckian__s18,A_f0.7_move__lamarckian,A_f0.7_move,A,lamarckian,18,800,train,50,1.84,13,13,83.50419849688014,0.8541666666666666,0.5,adaptive_move,0.49375,0.1090457865059165,0.17962125935162065,321.0,68.0,129.0,689.0,109.0,26.0,0.0,0.0,40.0,1.0,26.0,25.0,25.0,6.0,0.0,0.0,0.0,0.0,26.0,25.0,0.0,0.0,0.0,0.0
A_f0.7_move__lamarckian__s18,A_f0.7_move__lamarckian,A_f0.7_move,A,lamarckian,18,850,train,50,1.88,7,7,77.45273944804347,0.8125,0.5,adaptive_move,0.5375,0.07983945018766853,0.15018668831168802,485.0,102.0,63.0,478.0,140.0,23.0,0.0,0.0,59.0,4.0,7.0,20.0,27.0,2.0,0.0,0.0,0.0,0.0,7.0,20.0,0.0,0.0,0.0,0.0
A_f0.7_move__lamarckian__s18,A_f0.7_move__lamarckian,A_f0.7_move,A,lamarckian,18,900,train,50,1.96,11,11,81.30177456514521,0.8958333333333334,0.5,adaptive_move,0.49375,0.13942338983803476,0.22781035469107547,448.0,82.0,109.0,578.0,102.0,14.0,0.0,0.0,47.0,7.0,19.0,26.0,18.0,1.0,0.0,0.0,0.0,0.0,19.0,26.0,0.0,0.0,0.0,0.0
A_f0.7_move__lamarckian__s18,A_f0.7_move__lamarckian,A_f0.7_move,A,lamarckian,18,950,train,50,2.18,15,15,56.11814338378764,0.8958333333333334,0.5,adaptive_move,0.59375,0.11067571059510496,0.21024709302325562,262.0,35.0,70.0,418.0,119.0,24.0,0.0,0.0,42.0,1.0,15.0,21.0,15.0,7.0,0.0,0.0,0.0,0.0,15.0,21.0,0.0,0.0,0.0,0.0
A_f0.7_move__lamarckian__s18,A_f0.7_move__lamarckian,A_f0.7_move,A,lamarckian,18,1000,train,50,2.42,15,15,84.52579250052652,0.8125,0.5,adaptive_move,0.5875,0.09272003351955857,0.1730156249999999,351.0,66.0,79.0,484.0,99.0,23.0,0.0,0.0,37.0,6.0,19.0,22.0,20.0,2.0,0.0,0.0,0.0,0.0,19.0,22.0,0.0,0.0,0.0,0.0
A_f0.7_move__lamarckian__s18,A_f0.7_move__lamarckian,A_f0.7_move,A,lamarckian,18,1050,train,50,2.62,20,20,71.36681701898792,0.8333333333333334,0.5,adaptive_move,0.575,0.11875830599804085,0.2087867647058823,423.0,88.0,92.0,540.0,79.0,17.0,0.0,0.0,41.0,2.0,15.0,21.0,25.0,3.0,0.0,0.0,0.0,0.0,15.0,21.0,0.0,0.0,0.0,0.0
A_f0.7_move__lamarckian__s18,A_f0.7_move__lamarckian,A_f0.7_move,A,lamarckian,18,1100,train,50,2.8,19,19,86.945651614018,0.8333333333333334,0.5,adaptive_move,0.50625,0.10748655037789523,0.18405092592592598,378.0,73.0,84.0,469.0,89.0,23.0,0.0,0.0,45.0,5.0,14.0,23.0,23.0,1.0,0.0,0.0,0.0,0.0,14.0,23.0,0.0,0.0,0.0,0.0
A_f0.7_move__lamarckian__s18,A_f0.7_move__lamarckian,A_f0.7_move,A,lamarckian,18,1150,train,50,3.06,21,21,55.85170202740276,0.9166666666666666,0.5,adaptive_move,0.575,0.11194036228811324,0.179932980049875,333.0,54.0,58.0,377.0,73.0,15.0,0.0,0.0,46.0,7.0,13.0,31.0,29.0,2.0,0.0,0.0,0.0,0.0,13.0,31.0,0.0,0.0,0.0,0.0
A_f0.7_move__lamarckian__s18,A_f0.7_move__lamarckian,A_f0.7_move,A,lamarckian,18,1200,train,42,3.261904761904762,11,19,83.7305699605954,0.8541666666666666,0.5,adaptive_move,0.55,0.08946587890642127,0.1770756172839505,196.0,40.0,63.0,370.0,40.0,11.0,0.0,0.0,39.0,3.0,16.0,25.0,24.0,3.0,0.0,0.0,0.0,0.0,16.0,25.0,0.0,0.0,0.0,0.0
A_f0.7_move__lamarckian__s18,A_f0.7_move__lamarckian,A_f0.7_move,A,lamarckian,18,1250,train,50,3.52,18,10,58.83981927133293,0.8958333333333334,0.5,adaptive_move,0.5375,0.12183169562266827,0.20621288598574794,390.0,75.0,78.0,476.0,49.0,19.0,0.0,0.0,53.0,5.0,18.0,20.0,28.0,4.0,0.0,0.0,0.0,0.0,18.0,20.0,0.0,0.0,0.0,0.0
A_f0.7_move__lamarckian__s18,A_f0.7_move__lamarckian,A_f0.7_move,A,lamarckian,18,1300,train,47,3.574468085106383,13,16,66.2265944821802,0.8333333333333334,0.5,adaptive_move,0.55625,0.10664418488791849,0.17185921717171726,391.0,81.0,80.0,481.0,84.0,8.0,0.0,0.0,44.0,2.0,14.0,25.0,27.0,1.0,0.0,0.0,0.0,0.0,14.0,25.0,0.0,0.0,0.0,0.0
A_f0.7_move__lamarckian__s18,A_f0.7_move__lamarckian,A_f0.7_move,A,lamarckian,18,1350,train,47,3.74468085106383,19,19,47.4580227433879,0.9375,0.5,adaptive_move,0.49375,0.11006651390936173,0.19188716545012174,400.0,78.0,87.0,474.0,59.0,9.0,0.0,0.0,44.0,6.0,18.0,33.0,29.0,0.0,0.0,0.0,0.0,0.0,18.0,33.0,0.0,0.0,0.0,0.0
A_f0.7_move__lamarckian__s18,A_f0.7_move__lamarckian,A_f0.7_move,A,lamarckian,18,1400,train,42,3.738095238095238,8,13,78.59867090824781,0.875,0.5,adaptive_move,0.5375,0.0923318662858309,0.17915895061728393,453.0,88.0,56.0,355.0,61.0,7.0,0.0,0.0,60.0,1.0,12.0,18.0,23.0,2.0,0.0,0.0,0.0,0.0,12.0,18.0,0.0,0.0,0.0,0.0
A_f0.7_move__lamarckian__s18,A_f0.7_move__lamarckian,A_f0.7_move,A,lamarckian,18,1450,train,50,3.92,19,11,61.594666269080484,0.9375,0.5,adaptive_move,0.55,0.09097546016365805,0.1556928294573645,437.0,72.0,82.0,459.0,81.0,14.0,0.0,0.0,47.0,4.0,20.0,18.0,35.0,0.0,0.0,0.0,0.0,0.0,20.0,18.0,0.0,0.0,0.0,0.0
A_f0.7_move__lamarckian__s18,A_f0.7_move__lamarckian,A_f0.7_move,A,lamarckian,18,1500,train,48,4.104166666666667,14,16,61.93855446409031,0.9166666666666666,0.5,adaptive_move,0.55625,0.10466847590893213,0.19118492736077464,324.0,50.0,71.0,456.0,66.0,7.0,0.0,0.0,51.0,4.0,12.0,26.0,28.0,0.0,0.0,0.0,0.0,0.0,12.0,26.0,0.0,0.0,0.0,0.0
A_f0.7_move__lamarckian__s18,A_f0.7_move__lamarckian,A_f0.7_move,A,lamarckian,18,1550,eval,32,4.25,12,28,72.86107407970425,0.8958333333333334,0.5,adaptive_move,0.485,0.0,0.0,278.0,53.0,58.0,398.0,45.0,14.0,8.0,44.0,37.0,8.0,15.0,29.0,18.0,2.0,3.0,6.0,0.0,0.0,15.0,29.0,0.0,0.0,3.0,6.0
A_f0.7_move__lamarckian__s18,A_f0.7_move__lamarckian,A_f0.7_move,A,lamarckian,18,1600,eval,50,4.74,32,14,115.43285999845835,0.75,0.5,adaptive_move,0.54,0.0,0.0,406.0,89.0,91.0,580.0,11.0,3.0,5.0,22.0,34.0,5.0,18.0,22.0,8.0,0.0,4.0,10.0,0.0,0.0,18.0,22.0,0.0,0.0,4.0,10.0
A_f0.7_move__lamarckian__s18,A_f0.7_move__lamarckian,A_f0.7_move,A,lamarckian,18,1650,eval,50,4.78,16,16,95.81763285649025,0.7916666666666666,0.5,adaptive_move,0.465,0.0,0.0,444.0,90.0,100.0,513.0,77.0,14.0,10.0,61.0,36.0,7.0,8.0,26.0,17.0,2.0,7.0,2.0,0.0,0.0,8.0,26.0,0.0,0.0,7.0,2.0
A_f0.7_move__lamarckian__s18,A_f0.7_move__lamarckian,A_f0.7_move,A,lamarckian,18,1700,eval,50,4.84,9,9,94.43515199141567,0.7708333333333334,0.5,adaptive_move,0.52,0.0,0.0,571.0,114.0,109.0,537.0,136.0,15.0,21.0,172.0,46.0,2.0,14.0,22.0,17.0,1.0,2.0,4.0,0.0,0.0,14.0,22.0,0.0,0.0,2.0,4.0
A_f0.7_move__lamarckian__s18,A_f0.7_move__lamarckian,A_f0.7_move,A,lamarckian,18,1750,eval,50,4.82,7,7,94.97916959908996,0.75,0.5,adaptive_move,0.525,0.0,0.0,649.0,104.0,86.0,646.0,106.0,18.0,28.0,138.0,44.0,4.0,5.0,31.0,12.0,0.0,7.0,6.0,0.0,0.0,5.0,31.0,0.0,0.0,7.0,6.0
A_f0.7_move__lamarckian__s18,A_f0.7_move__lamarckian,A_f0.7_move,A,lamarckian,18,1800,eval,50,4.78,4,4,89.92967703707954,0.7916666666666666,0.5,adaptive_move,0.485,0.0,0.0,631.0,124.0,98.0,479.0,176.0,26.0,15.0,109.0,57.0,4.0,10.0,17.0,15.0,1.0,3.0,2.0,0.0,0.0,10.0,17.0,0.0,0.0,3.0,2.0
A_f0.7_move__lamarckian__s19,A_f0.7_move__lamarckian,A_f0.7_move,A,lamarckian,19,50,train,50,0.82,31,1,67.83282049472771,0.8958333333333334,0.5,adaptive_move,0.50625,0.0549002974214856,0.09720763305322144,259.0,38.0,27.0,190.0,93.0,18.0,0.0,0.0,52.0,4.0,4.0,28.0,27.0,3.0,0.0,0.0,0.0,0.0,4.0,28.0,0.0,0.0,0.0,0.0
A_f0.7_move__lamarckian__s19,A_f0.7_move__lamarckian,A_f0.7_move,A,lamarckian,19,100,train,50,0.88,10,10,90.08990861016139,0.8333333333333334,0.5,adaptive_move,0.54375,0.06050948696908248,0.12494959677419337,233.0,37.0,44.0,237.0,48.0,9.0,0.0,0.0,44.0,4.0,12.0,16.0,17.0,3.0,0.0,0.0,0.0,0.0,12.0,16.0,0.0,0.0,0.0,0.0
A_f0.7_move__lamarckian__s19,A_f0.7_move__lamarckian,A_f0.7_move,A,lamarckian,19,150,train,50,1.1,16,16,108.06793682830647,0.7708333333333334,0.5,adaptive_move,0.54375,0.0684798358166514,0.13482261273209528,399.0,64.0,57.0,358.0,72.0,15.0,0.0,0.0,45.0,1.0,12.0,21.0,19.0,1.0,0.0,0.0,0.0,0.0,12.0,21.0,0.0,0.0,0.0,0.0
A_f0.7_move__lamarckian__s19,A_f0.7_move__lamarckian,A_f0.7_move,A,lamarckian,19,200,train,50,1.34,12,12,124.94456692259855,0.6458333333333334,0.5,adaptive_move,0.53125,0.06441463196298118,0.12104505420054168,357.0,59.0,90.0,492.0,90.0,7.0,0.0,0.0,28.0,5.0,6.0,38.0,15.0,1.0,0.0,0.0,0.0,0.0,6.0,38.0,0.0,0.0,0.0,0.0
A_f0.7_move__lamarckian__s19,A_f0.7_move__lamarckian,A_f0.7_move,A,lamarckian,19,250,train,50,1.2,12,12,107.15028865351528,0.6875,0.5,adaptive_move,0.5375,0.0831831287432351,0.16050701530612232,378.0,64.0,98.0,485.0,81.0,17.0,0.0,0.0,38.0,4.0,10.0,24.0,21.0,4.0,0.0,0.0,0.0,0.0,10.0,24.0,0.0,0.0,0.0,0.0
A_f0.7_move__lamarckian__s19,A_f0.7_move__lamarckian,A_f0.7_move,A,lamarckian,19,300,train,50,1.08,9,9,95.86677696859442,0.7708333333333334,0.5,adaptive_move,0.5625,0.1295510850862967,0.21821220930232532,486.0,86.0,76.0,441.0,85.0,10.0,0.0,0.0,48.0,4.0,5.0,16.0,24.0,1.0,0.0,0.0,0.0,0.0,5.0,16.0,0.0,0.0,0.0,0.0
A_f0.7_move__lamarckian__s19,A_f0.7_move__lamarckian,A_f0.7_move,A,lamarckian,19,350,train,50,0.98,7,7,111.90382658309218,0.7083333333333334,0.5,adaptive_move,0.56875,0.08262176342655209,0.1683975563909772,411.0,69.0,93.0,464.0,111.0,16.0,0.0,0.0,44.0,3.0,19.0,13.0,19.0,2.0,0.0,0.0,0.0,0.0,19.0,13.0,0.0,0.0,0.0,0.0
A_f0.7_move__lamarckian__s19,A_f0.7_move__lamarckian,A_f0.7_move,A,lamarckian,19,400,train,50,0.98,3,3,88.49162086334424,0.8125,0.5,adaptive_move,0.53125,0.102670732532054,0.1627884615384616,373.0,65.0,97.0,585.0,118.0,18.0,0.0,0.0,54.0,3.0,16.0,29.0,20.0,1.0,0.0,0.0,0.0,0.0,16.0,29.0,0.0,0.0,0.0,0.0
A_f0.7_move__lamarckian__s19,A_f0.7_move__lamarckian,A_f0.7_move,A,lamarckian,19,450,train,50,1.0,4,4,88.50943061955111,0.875,0.5,adaptive_move,0.5625,0.0747753816360812,0.15707908163265283,529.0,82.0,79.0,410.0,95.0,18.0,0.0,0.0,60.0,3.0,10.0,14.0,20.0,2.0,0.0,0.0,0.0,0.0,10.0,14.0,0.0,0.0,0.0,0.0
A_f0.7_move__lamarckian__s19,A_f0.7_move__lamarckian,A_f0.7_move,A,lamarckian,19,500,train,50,1.28,10,10,88.22354447529999,0.75,0.5,adaptive_move,0.55,0.10121773494700428,0.15520292207792186,388.0,67.0,59.0,367.0,223.0,41.0,0.0,0.0,50.0,3.0,9.0,12.0,25.0,3.0,0.0,0.0,0.0,0.0,9.0,12.0,0.0,0.0,0.0,0.0
A_f0.7_move__lamarckian__s19,A_f0.7_move__lamarckian,A_f0.7_move,A,lamarckian,19,550,train,50,1.4,9,9,85.7330304995175,0.7291666666666666,0.5,adaptive_move,0.5125,0.0995370767584823,0.1707572418136023,442.0,67.0,76.0,409.0,117.0,21.0,0.0,0.0,49.0,1.0,13.0,15.0,25.0,2.0,0.0,0.0,0.0,0.0,13.0,15.0,0.0,0.0,0.0,0.0
A_f0.7_move__lamarckian__s19,A_f0.7_move__lamarckian,A_f0.7_move,A,lamarckian,19,600,train,50,1.5,10,10,70.17987867216507,0.8541666666666666,0.5,adaptive_move,0.49375,0.11620271228459278,0.17419507575757565,385.0,82.0,66.0,295.0,109.0,25.0,0.0,0.0,54.0,3.0,8.0,23.0,9.0,0.0,0.0,0.0,0.0,0.0,8.0,23.0,0.0,0.0,0.0,0.0
A_f0.7_move__lamarckian__s19,A_f0.7_move__lamarckian,A_f0.7_move,A,lamarckian,19,650,train,50,1.74,19,19,88.5632839662857,0.8333333333333334,0.5,adaptive_move,0.56875,0.09966031078776387,0.18290079852579844,367.0,77.0,78.0,494.0,182.0,24.0,0.0,0.0,33.0,3.0,11.0,18.0,29.0,1.0,0.0,0.0,0.0,0.0,11.0,18.0,0.0,0.0,0.0,0.0
A_f0.7_move__lamarckian__s19,A_f0.7_move__lamarckian,A_f0.7_move,A,lamarckian,19,700,train,50,1.84,13,13,62.38082818284633,0.8333333333333334,0.5,adaptive_move,0.5625,0.0994857612614204,0.18481924019607843,455.0,85.0,96.0,518.0,58.0,18.0,0.0,0.0,58.0,1.0,19.0,22.0,19.0,1.0,0.0,0.0,0.0,0.0,19.0,22.0,0.0,0.0,0.0,0.0
A_f0.7_move__lamarckian__s19,A_f0.7_move__lamarckian,A_f0.7_move,A,lamarckian,19,750,train,50,1.92,9,9,74.0966330652887,0.8958333333333334,0.5,adaptive_move,0.5375,0.08689617933038266,0.16149553571428554,339.0,78.0,74.0,440.0,108.0,17.0,0.0,0.0,56.0,2.0,9.0,18.0,18.0,0.0,0.0,0.0,0.0,0.0,9.0,18.0,0.0,0.0,0.0,0.0
A_f0.7_move__lamarckian__s19,A_f0.7_move__lamarckian,A_f0.7_move,A,lamarckian,19,800,train,50,2.0,16,16,66.94572655835074,0.8333333333333334,0.5,adaptive_move,0.55625,0.11636652941964126,0.20924295774647894,389.0,66.0,43.0,327.0,112.0,14.0,0.0,0.0,47.0,4.0,10.0,17.0,31.0,3.0,0.0,0.0,0.0,0.0,10.0,17.0,0.0,0.0,0.0,0.0
A_f0.7_move__lamarckian__s19,A_f0.7_move__lamarckian,A_f0.7_move,A,lamarckian,19,850,train,50,2.08,14,14,71.89538590699854,0.8541666666666666,0.5,adaptive_move,0.6,0.1044479387712916,0.18812499999999988,345.0,57.0,85.0,508.0,84.0,13.0,0.0,0.0,43.0,6.0,15.0,25.0,23.0,1.0,0.0,0.0,0.0,0.0,15.0,25.0,0.0,0.0,0.0,0.0
A_f0.7_move__lamarckian__s19,A_f0.7_move__lamarckian,A_f0.7_move,A,lamarckian,19,900,train,50,2.08,15,15,47.65124770873097,0.9375,0.5,adaptive_move,0.5375,0.09307373790954265,0.16730221518987354,253.0,46.0,81.0,433.0,95.0,15.0,0.0,0.0,56.0,3.0,10.0,26.0,25.0,1.0,0.0,0.0,0.0,0.0,10.0,26.0,0.0,0.0,0.0,0.0
A_f0.7_move__lamarckian__s19,A_f0.7_move__lamarckian,A_f0.7_move,A,lamarckian,19,950,train,50,2.28,12,12,78.04632270197624,0.8333333333333334,0.5,adaptive_move,0.5625,0.10360311208180073,0.18825273722627722,314.0,54.0,74.0,396.0,65.0,11.0,0.0,0.0,38.0,5.0,15.0,20.0,21.0,2.0,0.0,0.0,0.0,0.0,15.0,20.0,0.0,0.0,0.0,0.0
A_f0.7_move__lamarckian__s19,A_f0.7_move__lamarckian,A_f0.7_move,A,lamarckian,19,1000,train,50,2.5,16,16,66.45297287567647,0.9166666666666666,0.5,adaptive_move,0.56875,0.11031966932143585,0.20020137231503554,379.0,70.0,95.0,463.0,64.0,11.0,0.0,0.0,48.0,1.0,18.0,24.0,26.0,1.0,0.0,0.0,0.0,0.0,18.0,24.0,0.0,0.0,0.0,0.0
A_f0.7_move__lamarckian__s19,A_f0.7_move__lamarckian,A_f0.7_move,A,lamarckian,19,1050,train,50,2.58,12,12,53.96244683486714,0.9375,0.5,adaptive_move,0.53125,0.10824115182394614,0.18666308353808359,457.0,72.0,74.0,442.0,121.0,26.0,0.0,0.0,51.0,7.0,12.0,24.0,27.0,4.0,0.0,0.0,0.0,0.0,12.0,24.0,0.0,0.0,0.0,0.0
A_f0.7_move__lamarckian__s19,A_f0.7_move__lamarckian,A_f0.7_move,A,lamarckian,19,1100,train,50,2.68,13,13,57.184816339356956,0.9166666666666666,0.5,adaptive_move,0.44375,0.11232312331368853,0.15890665374677004,335.0,65.0,73.0,391.0,116.0,19.0,0.0,0.0,51.0,6.0,22.0,10.0,26.0,3.0,0.0,0.0,0.0,0.0,22.0,10.0,0.0,0.0,0.0,0.0
A_f0.7_move__lamarckian__s19,A_f0.7_move__lamarckian,A_f0.7_move,A,lamarckian,19,1150,train,50,2.82,21,21,54.85127993082516,0.9583333333333334,0.5,adaptive_move,0.6,0.08626637496854346,0.15423934108527138,288.0,46.0,71.0,399.0,110.0,17.0,0.0,0.0,43.0,2.0,22.0,15.0,24.0,2.0,0.0,0.0,0.0,0.0,22.0,15.0,0.0,0.0,0.0,0.0
A_f0.7_move__lamarckian__s19,A_f0.7_move__lamarckian,A_f0.7_move,A,lamarckian,19,1200,train,50,3.0,19,19,51.315922460559534,0.9583333333333334,0.5,adaptive_move,0.59375,0.13864281529130623,0.21040178571428592,254.0,43.0,60.0,377.0,62.0,6.0,0.0,0.0,52.0,1.0,22.0,16.0,18.0,0.0,0.0,0.0,0.0,0.0,22.0,16.0,0.0,0.0,0.0,0.0
A_f0.7_move__lamarckian__s19,A_f0.7_move__lamarckian,A_f0.7_move,A,lamarckian,19,1250,train,41,3.073170731707317,10,19,68.53114203366525,0.8333333333333334,0.5,adaptive_move,0.5375,0.10253846383911716,0.18086324257425734,324.0,63.0,40.0,335.0,86.0,14.0,0.0,0.0,46.0,5.0,7.0,28.0,30.0,0.0,0.0,0.0,0.0,0.0,7.0,28.0,0.0,0.0,0.0,0.0
A_f0.7_move__lamarckian__s19,A_f0.7_move__lamarckian,A_f0.7_move,A,lamarckian,19,1300,train,35,3.257142857142857,9,15,87.59172610030646,0.8125,0.5,adaptive_move,0.5125,0.0943333223295113,0.1700802896725444,261.0,46.0,40.0,335.0,53.0,9.0,0.0,0.0,45.0,2.0,9.0,24.0,25.0,1.0,0.0,0.0,0.0,0.0,9.0,24.0,0.0,0.0,0.0,0.0
A_f0.7_move__lamarckian__s19,A_f0.7_move__lamarckian,A_f0.7_move,A,lamarckian,19,1350,train,38,3.4473684210526314,17,14,89.91701806305207,0.875,0.5,adaptive_move,0.5375,0.08211589460597188,0.14186180738786303,325.0,56.0,73.0,423.0,50.0,11.0,0.0,0.0,43.0,2.0,18.0,30.0,27.0,1.0,0.0,0.0,0.0,0.0,18.0,30.0,0.0,0.0,0.0,0.0
A_f0.7_move__lamarckian__s19,A_f0.7_move__lamarckian,A_f0.7_move,A,lamarckian,19,1400,train,44,3.840909090909091,17,11,106.00722165537235,0.7916666666666666,0.5,adaptive_move,0.55,0.11841137893088237,0.18594907407407413,269.0,40.0,87.0,515.0,65.0,16.0,0.0,0.0,43.0,3.0,10.0,24.0,23.0,2.0,0.0,0.0,0.0,0.0,10.0,24.0,0.0,0.0,0.0,0.0
A_f0.7_move__lamarckian__s19,A_f0.7_move__lamarckian,A_f0.7_move,A,lamarckian,19,1450,train,47,4.170212765957447,18,15,62.48439644988578,0.8541666666666666,0.5,adaptive_move,0.56875,0.15361398776904253,0.2219920960187356,359.0,83.0,96.0,587.0,76.0,14.0,0.0,0.0,47.0,5.0,16.0,34.0,28.0,5.0,0.0,0.0,0.0,0.0,16.0,34.0,0.0,0.0,0.0,0.0
A_f0.7_move__lamarckian__s19,A_f0.7_move__lamarckian,A_f0.7_move,A,lamarckian,19,1500,train,46,4.326086956521739,12,13,53.38905380376562,0.9583333333333334,0.5,adaptive_move,0.5625,0.09854377211625968,0.15701711886304914,354.0,62.0,112.0,649.0,33.0,11.0,0.0,0.0,46.0,5.0,20.0,30.0,16.0,2.0,0.0,0.0,0.0,0.0,20.0,30.0,0.0,0.0,0.0,0.0
A_f0.7_move__lamarckian__s19,A_f0.7_move__lamarckian,A_f0.7_move,A,lamarckian,19,1550,eval,46,4.326086956521739,16,16,58.840874009322874,0.8958333333333334,0.5,adaptive_move,0.51,0.0,0.0,388.0,64.0,85.0,502.0,41.0,9.0,4.0,31.0,46.0,4.0,18.0,25.0,18.0,2.0,2.0,8.0,0.0,0.0,18.0,25.0,0.0,0.0,2.0,8.0
A_f0.7_move__lamarckian__s19,A_f0.7_move__lamarckian,A_f0.7_move,A,lamarckian,19,1600,eval,49,4.489795918367347,15,12,72.75166076829767,0.8333333333333334,0.5,adaptive_move,0.54,0.0,0.0,511.0,93.0,96.0,518.0,44.0,10.0,6.0,49.0,53.0,2.0,13.0,21.0,10.0,5.0,2.0,8.0,0.0,0.0,13.0,21.0,0.0,0.0,2.0,8.0
A_f0.7_move__lamarckian__s19,A_f0.7_move__lamarckian,A_f0.7_move,A,lamarckian,19,1650,eval,50,4.54,11,10,85.54311896534875,0.8958333333333334,0.5,adaptive_move,0.535,0.0,0.0,624.0,94.0,106.0,572.0,40.0,6.0,10.0,61.0,51.0,3.0,14.0,18.0,16.0,0.0,7.0,3.0,0.0,0.0,14.0,18.0,0.0,0.0,7.0,3.0
A_f0.7_move__lamarckian__s19,A_f0.7_move__lamarckian,A_f0.7_move,A,lamarckian,19,1700,eval,50,4.6,13,13,81.27696806433434,0.8333333333333334,0.5,adaptive_move,0.49,0.0,0.0,470.0,91.0,98.0,570.0,104.0,25.0,22.0,121.0,55.0,3.0,13.0,19.0,9.0,1.0,4.0,5.0,0.0,0.0,13.0,19.0,0.0,0.0,4.0,5.0
A_f0.7_move__lamarckian__s19,A_f0.7_move__lamarckian,A_f0.7_move,A,lamarckian,19,1750,eval,50,4.7,10,10,98.33728963647962,0.7708333333333334,0.5,adaptive_move,0.495,0.0,0.0,460.0,70.0,97.0,590.0,151.0,30.0,25.0,125.0,44.0,2.0,14.0,24.0,13.0,0.0,3.0,4.0,0.0,0.0,14.0,24.0,0.0,0.0,3.0,4.0
A_f0.7_move__lamarckian__s19,A_f0.7_move__lamarckian,A_f0.7_move,A,lamarckian,19,1800,eval,50,4.74,5,5,98.84552691677806,0.7916666666666666,0.5,adaptive_move,0.51,0.0,0.0,625.0,127.0,100.0,595.0,180.0,32.0,22.0,136.0,45.0,4.0,13.0,18.0,15.0,0.0,2.0,5.0,0.0,0.0,13.0,18.0,0.0,0.0,2.0,5.0
A_f0.7_move__lamarckian__s20,A_f0.7_move__lamarckian,A_f0.7_move,A,lamarckian,20,50,train,50,0.8,35,5,78.45053696236687,0.875,0.5,adaptive_move,0.5375,0.07547463577490683,0.12692890835579518,293.0,37.0,58.0,277.0,61.0,13.0,0.0,0.0,45.0,7.0,8.0,39.0,22.0,6.0,0.0,0.0,0.0,0.0,8.0,39.0,0.0,0.0,0.0,0.0
A_f0.7_move__lamarckian__s20,A_f0.7_move__lamarckian,A_f0.7_move,A,lamarckian,20,100,train,43,0.8837209302325582,8,15,98.68769638696429,0.8333333333333334,0.5,adaptive_move,0.55,0.047635624225976954,0.10502417127071806,223.0,32.0,29.0,198.0,78.0,7.0,0.0,0.0,41.0,5.0,5.0,30.0,22.0,3.0,0.0,0.0,0.0,0.0,5.0,30.0,0.0,0.0,0.0,0.0
A_f0.7_move__lamarckian__s20,A_f0.7_move__lamarckian,A_f0.7_move,A,lamarckian,20,150,train,45,1.1777777777777778,17,15,63.324538124512095,0.8958333333333334,0.5,adaptive_move,0.51875,0.0781545242229396,0.14250000000000007,254.0,45.0,45.0,284.0,50.0,11.0,0.0,0.0,49.0,3.0,9.0,23.0,25.0,9.0,0.0,0.0,0.0,0.0,9.0,23.0,0.0,0.0,0.0,0.0
A_f0.7_move__lamarckian__s20,A_f0.7_move__lamarckian,A_f0.7_move,A,lamarckian,20,200,train,36,1.3611111111111112,8,17,82.92915554098158,0.875,0.5,adaptive_move,0.53125,0.1001735935422444,0.17151381909547747,244.0,44.0,50.0,306.0,53.0,10.0,0.0,0.0,37.0,5.0,5.0,31.0,22.0,8.0,0.0,0.0,0.0,0.0,5.0,31.0,0.0,0.0,0.0,0.0
A_f0.7_move__lamarckian__s20,A_f0.7_move__lamarckian,A_f0.7_move,A,lamarckian,20,250,train,39,1.5128205128205128,16,13,122.39160626239617,0.7708333333333334,0.5,adaptive_move,0.4875,0.0662197308267648,0.14001804461942258,300.0,54.0,41.0,238.0,34.0,4.0,0.0,0.0,56.0,2.0,8.0,19.0,17.0,1.0,0.0,0.0,0.0,0.0,8.0,19.0,0.0,0.0,0.0,0.0
A_f0.7_move__lamarckian__s20,A_f0.7_move__lamarckian,A_f0.7_move,A,lamarckian,20,300,train,50,1.64,17,6,72.40018289520049,0.8958333333333334,0.5,adaptive_move,0.53125,0.11310938599756706,0.170463197969543,241.0,34.0,59.0,297.0,140.0,24.0,0.0,0.0,49.0,5.0,6.0,22.0,34.0,5.0,0.0,0.0,0.0,0.0,6.0,22.0,0.0,0.0,0.0,0.0
A_f0.7_move__lamarckian__s20,A_f0.7_move__lamarckian,A_f0.7_move,A,lamarckian,20,350,train,48,1.7083333333333333,14,16,64.8883793083065,0.9166666666666666,0.5,adaptive_move,0.53125,0.0794668228920018,0.15519762210796917,249.0,39.0,72.0,396.0,99.0,22.0,0.0,0.0,42.0,4.0,16.0,22.0,30.0,1.0,0.0,0.0,0.0,0.0,16.0,22.0,0.0,0.0,0.0,0.0
A_f0.7_move__lamarckian__s20,A_f0.7_move__lamarckian,A_f0.7_move,A,lamarckian,20,400,train,47,1.8936170212765957,15,16,78.68463887711401,0.8541666666666666,0.5,adaptive_move,0.55,0.08281624883771595,0.16289657360406085,303.0,56.0,78.0,387.0,69.0,11.0,0.0,0.0,38.0,0.0,13.0,25.0,31.0,1.0,0.0,0.0,0.0,0.0,13.0,25.0,0.0,0.0,0.0,0.0
A_f0.7_move__lamarckian__s20,A_f0.7_move__lamarckian,A_f0.7_move,A,lamarckian,20,450,train,50,1.96,13,10,70.4493321752528,0.8541666666666666,0.5,adaptive_move,0.55625,0.14313796648028648,0.200661496350365,417.0,73.0,83.0,393.0,63.0,8.0,0.0,0.0,44.0,5.0,12.0,16.0,28.0,4.0,0.0,0.0,0.0,0.0,12.0,16.0,0.0,0.0,0.0,0.0
A_f0.7_move__lamarckian__s20,A_f0.7_move__lamarckian,A_f0.7_move,A,lamarckian,20,500,train,50,2.06,10,10,64.82318018700053,0.8958333333333334,0.5,adaptive_move,0.5625,0.16980575772056639,0.23178879310344813,320.0,59.0,62.0,348.0,87.0,12.0,0.0,0.0,44.0,1.0,11.0,22.0,39.0,1.0,0.0,0.0,0.0,0.0,11.0,22.0,0.0,0.0,0.0,0.0
A_f0.7_move__lamarckian__s20,A_f0.7_move__lamarckian,A_f0.7_move,A,lamarckian,20,550,train,50,2.46,15,15,67.7539259074741,0.8541666666666666,0.5,adaptive_move,0.5375,0.12434710345771452,0.2014763189448443,359.0,66.0,87.0,442.0,52.0,7.0,0.0,0.0,47.0,0.0,16.0,23.0,19.0,3.0,0.0,0.0,0.0,0.0,16.0,23.0,0.0,0.0,0.0,0.0
A_f0.7_move__lamarckian__s20,A_f0.7_move__lamarckian,A_f0.7_move,A,lamarckian,20,600,train,50,2.52,15,15,60.83065402800179,0.8541666666666666,0.5,adaptive_move,0.5375,0.11041616789787456,0.18228132754342452,416.0,66.0,51.0,304.0,113.0,13.0,0.0,0.0,45.0,2.0,10.0,22.0,36.0,2.0,0.0,0.0,0.0,0.0,10.0,22.0,0.0,0.0,0.0,0.0
A_f0.7_move__lamarckian__s20,A_f0.7_move__lamarckian,A_f0.7_move,A,lamarckian,20,650,train,50,2.46,11,11,55.1688526571085,0.8958333333333334,0.5,adaptive_move,0.55,0.0831518402225709,0.15491301546391756,285.0,55.0,72.0,302.0,81.0,15.0,0.0,0.0,43.0,3.0,12.0,14.0,32.0,1.0,0.0,0.0,0.0,0.0,12.0,14.0,0.0,0.0,0.0,0.0
A_f0.7_move__lamarckian__s20,A_f0.7_move__lamarckian,A_f0.7_move,A,lamarckian,20,700,train,50,2.56,12,12,58.19481422088842,0.9375,0.5,adaptive_move,0.6,0.14925479833413727,0.2361526523702031,430.0,71.0,61.0,350.0,64.0,14.0,0.0,0.0,54.0,4.0,11.0,19.0,32.0,2.0,0.0,0.0,0.0,0.0,11.0,19.0,0.0,0.0,0.0,0.0
A_f0.7_move__lamarckian__s20,A_f0.7_move__lamarckian,A_f0.7_move,A,lamarckian,20,750,train,50,2.64,17,17,44.28797356727205,0.9375,0.5,adaptive_move,0.53125,0.12617326962725564,0.18998003685503684,268.0,42.0,52.0,280.0,107.0,27.0,0.0,0.0,52.0,0.0,15.0,16.0,35.0,2.0,0.0,0.0,0.0,0.0,15.0,16.0,0.0,0.0,0.0,0.0
A_f0.7_move__lamarckian__s20,A_f0.7_move__lamarckian,A_f0.7_move,A,lamarckian,20,800,train,41,2.658536585365854,5,14,61.396468858348136,0.9375,0.5,adaptive_move,0.575,0.11291961168344952,0.20368779620853084,267.0,48.0,44.0,236.0,74.0,13.0,0.0,0.0,52.0,4.0,16.0,13.0,30.0,2.0,0.0,0.0,0.0,0.0,16.0,13.0,0.0,0.0,0.0,0.0
A_f0.7_move__lamarckian__s20,A_f0.7_move__lamarckian,A_f0.7_move,A,lamarckian,20,850,train,40,2.7,13,14,86.13176408240554,0.8333333333333334,0.5,adaptive_move,0.60625,0.10669026195694563,0.19379528985507233,321.0,62.0,81.0,375.0,88.0,14.0,0.0,0.0,46.0,5.0,17.0,23.0,29.0,1.0,0.0,0.0,0.0,0.0,17.0,23.0,0.0,0.0,0.0,0.0
A_f0.7_move__lamarckian__s20,A_f0.7_move__lamarckian,A_f0.7_move,A,lamarckian,20,900,train,44,2.840909090909091,15,11,73.88317963186039,0.8333333333333334,0.5,adaptive_move,0.50625,0.11604552982486077,0.19870793269230758,317.0,54.0,65.0,360.0,129.0,18.0,0.0,0.0,40.0,6.0,13.0,25.0,32.0,0.0,0.0,0.0,0.0,0.0,13.0,25.0,0.0,0.0,0.0,0.0
A_f0.7_move__lamarckian__s20,A_f0.7_move__lamarckian,A_f0.7_move,A,lamarckian,20,950,train,47,3.382978723404255,21,18,86.16792369839142,0.8333333333333334,0.5,adaptive_move,0.53125,0.11793646306382538,0.19872740963855406,298.0,60.0,52.0,410.0,65.0,16.0,0.0,0.0,41.0,3.0,9.0,22.0,23.0,6.0,0.0,0.0,0.0,0.0,9.0,22.0,0.0,0.0,0.0,0.0
A_f0.7_move__lamarckian__s20,A_f0.7_move__lamarckian,A_f0.7_move,A,lamarckian,20,1000,train,50,3.66,12,9,52.157477312513606,1.0,0.5,adaptive_move,0.525,0.08827133538968107,0.1553698320413437,343.0,67.0,61.0,411.0,87.0,11.0,0.0,0.0,66.0,4.0,13.0,11.0,48.0,2.0,0.0,0.0,0.0,0.0,13.0,11.0,0.0,0.0,0.0,0.0
A_f0.7_move__lamarckian__s20,A_f0.7_move__lamarckian,A_f0.7_move,A,lamarckian,20,1050,train,46,3.6956521739130435,6,10,61.66157170617023,0.9375,0.5,adaptive_move,0.5625,0.14548379446585655,0.2377650669642859,298.0,44.0,68.0,353.0,83.0,13.0,0.0,0.0,52.0,3.0,18.0,21.0,25.0,3.0,0.0,0.0,0.0,0.0,18.0,21.0,0.0,0.0,0.0,0.0
A_f0.7_move__lamarckian__s20,A_f0.7_move__lamarckian,A_f0.7_move,A,lamarckian,20,1100,train,35,4.0285714285714285,6,17,130.81636031681796,0.7083333333333334,0.5,adaptive_move,0.575,0.10389268413058209,0.18300154320987638,287.0,58.0,56.0,301.0,72.0,17.0,0.0,0.0,54.0,3.0,11.0,15.0,24.0,3.0,0.0,0.0,0.0,0.0,11.0,15.0,0.0,0.0,0.0,0.0
A_f0.7_move__lamarckian__s20,A_f0.7_move__lamarckian,A_f0.7_move,A,lamarckian,20,1150,train,50,4.38,22,7,44.916519852217355,0.9375,0.5,adaptive_move,0.525,0.09547276939691257,0.17994598765432102,344.0,56.0,63.0,332.0,176.0,26.0,0.0,0.0,58.0,1.0,17.0,25.0,39.0,5.0,0.0,0.0,0.0,0.0,17.0,25.0,0.0,0.0,0.0,0.0
A_f0.7_move__lamarckian__s20,A_f0.7_move__lamarckian,A_f0.7_move,A,lamarckian,20,1200,train,42,4.380952380952381,7,15,53.00253433566776,0.9166666666666666,0.5,adaptive_move,0.59375,0.09103288922887767,0.18318597560975602,299.0,49.0,54.0,364.0,74.0,16.0,0.0,0.0,51.0,3.0,13.0,18.0,26.0,4.0,0.0,0.0,0.0,0.0,13.0,18.0,0.0,0.0,0.0,0.0
A_f0.7_move__lamarckian__s20,A_f0.7_move__lamarckian,A_f0.7_move,A,lamarckian,20,1250,train,40,4.45,8,10,69.7579598936156,0.9166666666666666,0.5,adaptive_move,0.525,0.123904051087586,0.2187716512702078,262.0,40.0,58.0,356.0,109.0,25.0,0.0,0.0,57.0,1.0,12.0,18.0,30.0,2.0,0.0,0.0,0.0,0.0,12.0,18.0,0.0,0.0,0.0,0.0
A_f0.7_move__lamarckian__s20,A_f0.7_move__lamarckian,A_f0.7_move,A,lamarckian,20,1300,train,37,4.648648648648648,12,15,70.11276766649895,0.875,0.5,adaptive_move,0.51875,0.08486926900127592,0.15850961538461528,320.0,48.0,64.0,379.0,120.0,20.0,0.0,0.0,50.0,2.0,24.0,18.0,31.0,5.0,0.0,0.0,0.0,0.0,24.0,18.0,0.0,0.0,0.0,0.0
A_f0.7_move__lamarckian__s20,A_f0.7_move__lamarckian,A_f0.7_move,A,lamarckian,20,1350,train,38,5.052631578947368,17,16,43.29652773273855,0.9375,0.5,adaptive_move,0.55625,0.10191254685397472,0.16787753807106554,309.0,57.0,63.0,340.0,68.0,13.0,0.0,0.0,63.0,2.0,12.0,24.0,28.0,2.0,0.0,0.0,0.0,0.0,12.0,24.0,0.0,0.0,0.0,0.0
A_f0.7_move__lamarckian__s20,A_f0.7_move__lamarckian,A_f0.7_move,A,lamarckian,20,1400,train,43,5.395348837209302,12,7,52.40346191081193,0.9375,0.5,adaptive_move,0.60625,0.089784705436771,0.16616297468354424,280.0,55.0,52.0,334.0,71.0,2.0,0.0,0.0,54.0,3.0,10.0,19.0,30.0,1.0,0.0,0.0,0.0,0.0,10.0,19.0,0.0,0.0,0.0,0.0
A_f0.7_move__lamarckian__s20,A_f0.7_move__lamarckian,A_f0.7_move,A,lamarckian,20,1450,train,30,5.466666666666667,6,19,79.60477914735468,0.8958333333333334,0.5,adaptive_move,0.5875,0.11359394740721093,0.1921036585365854,161.0,34.0,56.0,287.0,62.0,5.0,0.0,0.0,28.0,2.0,21.0,19.0,30.0,2.0,0.0,0.0,0.0,0.0,21.0,19.0,0.0,0.0,0.0,0.0
A_f0.7_move__lamarckian__s20,A_f0.7_move__lamarckian,A_f0.7_move,A,lamarckian,20,1500,train,37,6.054054054054054,14,7,61.521868554139154,0.9375,0.5,adaptive_move,0.55,0.11218531367409598,0.1801355985037405,310.0,49.0,33.0,204.0,73.0,10.0,0.0,0.0,58.0,4.0,10.0,17.0,36.0,0.0,0.0,0.0,0.0,0.0,10.0,17.0,0.0,0.0,0.0,0.0
A_f0.7_move__lamarckian__s20,A_f0.7_move__lamarckian,A_f0.7_move,A,lamarckian,20,1550,eval,26,5.846153846153846,9,20,78.57803949486129,0.8958333333333334,0.5,adaptive_move,0.53,0.0,0.0,233.0,40.0,61.0,270.0,35.0,4.0,10.0,69.0,40.0,3.0,21.0,21.0,18.0,1.0,7.0,6.0,0.0,0.0,21.0,21.0,0.0,0.0,7.0,6.0
A_f0.7_move__lamarckian__s20,A_f0.7_move__lamarckian,A_f0.7_move,A,lamarckian,20,1600,eval,38,6.342105263157895,19,7,83.46448459790454,0.8541666666666666,0.5,adaptive_move,0.51,0.0,0.0,249.0,43.0,40.0,257.0,60.0,11.0,19.0,63.0,53.0,0.0,9.0,14.0,32.0,0.0,7.0,1.0,0.0,0.0,9.0,14.0,0.0,0.0,7.0,1.0
A_f0.7_move__lamarckian__s20,A_f0.7_move__lamarckian,A_f0.7_move,A,lamarckian,20,1650,eval,40,6.6,10,8,65.19538025780227,0.8958333333333334,0.5,adaptive_move,0.52,0.0,0.0,325.0,55.0,32.0,265.0,40.0,9.0,21.0,125.0,78.0,1.0,8.0,9.0,15.0,1.0,9.0,4.0,0.0,0.0,8.0,9.0,0.0,0.0,9.0,4.0
A_f0.7_move__lamarckian__s20,A_f0.7_move__lamarckian,A_f0.7_move,A,lamarckian,20,1700,eval,35,6.828571428571428,11,16,56.20938060165935,0.9583333333333334,0.5,adaptive_move,0.455,0.0,0.0,247.0,44.0,49.0,294.0,72.0,23.0,13.0,90.0,52.0,4.0,11.0,19.0,27.0,1.0,8.0,3.0,0.0,0.0,11.0,19.0,0.0,0.0,8.0,3.0
A_f0.7_move__lamarckian__s20,A_f0.7_move__lamarckian,A_f0.7_move,A,lamarckian,20,1750,eval,30,7.0,10,15,81.30939011272554,0.8541666666666666,0.5,adaptive_move,0.49,0.0,0.0,268.0,49.0,30.0,223.0,60.0,8.0,13.0,64.0,64.0,4.0,10.0,10.0,23.0,0.0,6.0,2.0,0.0,0.0,10.0,10.0,0.0,0.0,6.0,2.0
A_f0.7_move__lamarckian__s20,A_f0.7_move__lamarckian,A_f0.7_move,A,lamarckian,20,1800,eval,39,7.256410256410256,14,5,76.69485872383143,0.875,0.5,adaptive_move,0.515,0.0,0.0,264.0,70.0,47.0,266.0,84.0,15.0,3.0,24.0,59.0,3.0,15.0,7.0,34.0,1.0,1.0,4.0,0.0,0.0,15.0,7.0,0.0,0.0,1.0,4.0
A_f0.7_move__lamarckian__s21,A_f0.7_move__lamarckian,A_f0.7_move,A,lamarckian,21,50,train,50,0.76,32,2,107.76779617006738,0.7708333333333334,0.5,adaptive_move,0.5375,0.07371820886537613,0.13183489304812834,276.0,52.0,49.0,260.0,73.0,11.0,0.0,0.0,46.0,5.0,10.0,35.0,12.0,3.0,0.0,0.0,0.0,0.0,10.0,35.0,0.0,0.0,0.0,0.0
A_f0.7_move__lamarckian__s21,A_f0.7_move__lamarckian,A_f0.7_move,A,lamarckian,21,100,train,50,0.86,13,13,95.75280472962882,0.8333333333333334,0.5,adaptive_move,0.55625,0.09322342135832577,0.17381249999999993,281.0,50.0,77.0,382.0,29.0,7.0,0.0,0.0,27.0,4.0,9.0,32.0,12.0,1.0,0.0,0.0,0.0,0.0,9.0,32.0,0.0,0.0,0.0,0.0
A_f0.7_move__lamarckian__s21,A_f0.7_move__lamarckian,A_f0.7_move,A,lamarckian,21,150,train,50,0.94,16,16,80.42037518760404,0.8333333333333334,0.5,adaptive_move,0.4875,0.07431631995580423,0.13965204485488147,368.0,69.0,76.0,436.0,98.0,15.0,0.0,0.0,53.0,4.0,13.0,21.0,14.0,1.0,0.0,0.0,0.0,0.0,13.0,21.0,0.0,0.0,0.0,0.0
A_f0.7_move__lamarckian__s21,A_f0.7_move__lamarckian,A_f0.7_move,A,lamarckian,21,200,train,50,0.86,16,16,88.06288652680189,0.8541666666666666,0.5,adaptive_move,0.60625,0.13836317666346148,0.21688673708920203,472.0,97.0,77.0,529.0,94.0,18.0,0.0,0.0,56.0,5.0,14.0,28.0,8.0,1.0,0.0,0.0,0.0,0.0,14.0,28.0,0.0,0.0,0.0,0.0
A_f0.7_move__lamarckian__s21,A_f0.7_move__lamarckian,A_f0.7_move,A,lamarckian,21,250,train,50,0.86,9,9,87.56944849876112,0.8333333333333334,0.5,adaptive_move,0.6,0.1471203786529079,0.23458710407239813,532.0,82.0,105.0,536.0,98.0,14.0,0.0,0.0,60.0,1.0,10.0,20.0,10.0,2.0,0.0,0.0,0.0,0.0,10.0,20.0,0.0,0.0,0.0,0.0
A_f0.7_move__lamarckian__s21,A_f0.7_move__lamarckian,A_f0.7_move,A,lamarckian,21,300,train,50,0.86,7,7,60.55282346376984,0.8958333333333334,0.5,adaptive_move,0.575,0.12132455151928265,0.21335755813953483,519.0,94.0,105.0,509.0,72.0,15.0,0.0,0.0,56.0,6.0,19.0,27.0,15.0,0.0,0.0,0.0,0.0,0.0,19.0,27.0,0.0,0.0,0.0,0.0
A_f0.7_move__lamarckian__s21,A_f0.7_move__lamarckian,A_f0.7_move,A,lamarckian,21,350,train,50,0.84,14,14,73.44063746696195,0.8541666666666666,0.5,adaptive_move,0.53125,0.10617748956195008,0.1812422456575684,423.0,74.0,86.0,470.0,31.0,7.0,0.0,0.0,38.0,9.0,12.0,24.0,13.0,2.0,0.0,0.0,0.0,0.0,12.0,24.0,0.0,0.0,0.0,0.0
A_f0.7_move__lamarckian__s21,A_f0.7_move__lamarckian,A_f0.7_move,A,lamarckian,21,400,train,50,0.86,13,13,127.12791902204175,0.7291666666666666,0.5,adaptive_move,0.54375,0.1289106816781686,0.20707393111638916,294.0,52.0,74.0,436.0,33.0,8.0,0.0,0.0,42.0,1.0,16.0,23.0,15.0,1.0,0.0,0.0,0.0,0.0,16.0,23.0,0.0,0.0,0.0,0.0
A_f0.7_move__lamarckian__s21,A_f0.7_move__lamarckian,A_f0.7_move,A,lamarckian,21,450,train,50,0.86,9,9,109.36173671484104,0.75,0.5,adaptive_move,0.56875,0.12316623239912676,0.2151889534883722,390.0,81.0,83.0,491.0,33.0,9.0,0.0,0.0,52.0,3.0,15.0,14.0,11.0,2.0,0.0,0.0,0.0,0.0,15.0,14.0,0.0,0.0,0.0,0.0
A_f0.7_move__lamarckian__s21,A_f0.7_move__lamarckian,A_f0.7_move,A,lamarckian,21,500,train,48,1.2916666666666667,22,24,76.98433750541767,0.9166666666666666,0.5,adaptive_move,0.575,0.1454054134546113,0.23334276018099542,466.0,84.0,90.0,570.0,79.0,13.0,0.0,0.0,63.0,4.0,9.0,26.0,16.0,0.0,0.0,0.0,0.0,0.0,9.0,26.0,0.0,0.0,0.0,0.0
A_f0.7_move__lamarckian__s21,A_f0.7_move__lamarckian,A_f0.7_move,A,lamarckian,21,550,train,50,1.52,14,12,72.54865897305518,0.8541666666666666,0.5,adaptive_move,0.58125,0.12095766358271069,0.2018959832134295,400.0,71.0,70.0,444.0,38.0,8.0,0.0,0.0,69.0,6.0,10.0,14.0,18.0,1.0,0.0,0.0,0.0,0.0,10.0,14.0,0.0,0.0,0.0,0.0
A_f0.7_move__lamarckian__s21,A_f0.7_move__lamarckian,A_f0.7_move,A,lamarckian,21,600,train,50,1.6,15,15,76.80149449704496,0.75,0.5,adaptive_move,0.59375,0.08729045097631818,0.1733986318407963,302.0,56.0,110.0,534.0,47.0,5.0,0.0,0.0,52.0,4.0,14.0,26.0,11.0,2.0,0.0,0.0,0.0,0.0,14.0,26.0,0.0,0.0,0.0,0.0
A_f0.7_move__lamarckian__s21,A_f0.7_move__lamarckian,A_f0.7_move,A,lamarckian,21,650,train,50,1.76,12,12,67.09316440924212,0.8958333333333334,0.5,adaptive_move,0.525,0.08137833229885426,0.15043019480519448,343.0,55.0,82.0,492.0,98.0,15.0,0.0,0.0,51.0,1.0,23.0,14.0,16.0,0.0,0.0,0.0,0.0,0.0,23.0,14.0,0.0,0.0,0.0,0.0
A_f0.7_move__lamarckian__s21,A_f0.7_move__lamarckian,A_f0.7_move,A,lamarckian,21,700,train,50,1.86,9,9,62.02936009095338,0.9166666666666666,0.5,adaptive_move,0.51875,0.09492176517989347,0.17264254385964883,388.0,59.0,84.0,437.0,48.0,14.0,0.0,0.0,46.0,4.0,18.0,18.0,15.0,2.0,0.0,0.0,0.0,0.0,18.0,18.0,0.0,0.0,0.0,0.0
A_f0.7_move__lamarckian__s21,A_f0.7_move__lamarckian,A_f0.7_move,A,lamarckian,21,750,train,50,1.86,14,14,58.85113363427898,0.9166666666666666,0.5,adaptive_move,0.59375,0.12407907366401874,0.19493325242718473,504.0,101.0,69.0,399.0,39.0,6.0,0.0,0.0,68.0,4.0,20.0,18.0,12.0,1.0,0.0,0.0,0.0,0.0,20.0,18.0,0.0,0.0,0.0,0.0
A_f0.7_move__lamarckian__s21,A_f0.7_move__lamarckian,A_f0.7_move,A,lamarckian,21,800,train,50,1.96,15,15,58.27242009796823,0.9166666666666666,0.5,adaptive_move,0.55625,0.0896527367362864,0.17282574812967555,392.0,65.0,83.0,441.0,74.0,14.0,0.0,0.0,48.0,1.0,18.0,27.0,13.0,4.0,0.0,0.0,0.0,0.0,18.0,27.0,0.0,0.0,0.0,0.0
A_f0.7_move__lamarckian__s21,A_f0.7_move__lamarckian,A_f0.7_move,A,lamarckian,21,850,train,50,1.98,12,12,45.27972800354421,0.9375,0.5,adaptive_move,0.55625,0.09246832437189677,0.16167679028132986,373.0,65.0,89.0,543.0,62.0,9.0,0.0,0.0,50.0,3.0,22.0,20.0,14.0,1.0,0.0,0.0,0.0,0.0,22.0,20.0,0.0,0.0,0.0,0.0
A_f0.7_move__lamarckian__s21,A_f0.7_move__lamarckian,A_f0.7_move,A,lamarckian,21,900,train,50,2.12,22,22,66.25720653786915,0.875,0.5,adaptive_move,0.55,0.1342589400397939,0.21301349765258237,381.0,67.0,72.0,438.0,106.0,15.0,0.0,0.0,68.0,2.0,7.0,20.0,14.0,0.0,0.0,0.0,0.0,0.0,7.0,20.0,0.0,0.0,0.0,0.0
A_f0.7_move__lamarckian__s21,A_f0.7_move__lamarckian,A_f0.7_move,A,lamarckian,21,950,train,50,2.3,16,16,52.186554808763944,0.8958333333333334,0.5,adaptive_move,0.58125,0.11285061151829417,0.20579304245283003,226.0,30.0,54.0,307.0,195.0,33.0,0.0,0.0,59.0,1.0,12.0,23.0,18.0,0.0,0.0,0.0,0.0,0.0,12.0,23.0,0.0,0.0,0.0,0.0
A_f0.7_move__lamarckian__s21,A_f0.7_move__lamarckian,A_f0.7_move,A,lamarckian,21,1000,train,50,2.64,19,19,70.46565834811815,0.875,0.5,adaptive_move,0.50625,0.07407605069044891,0.15223904639175267,404.0,76.0,60.0,382.0,78.0,13.0,0.0,0.0,61.0,1.0,13.0,22.0,15.0,2.0,0.0,0.0,0.0,0.0,13.0,22.0,0.0,0.0,0.0,0.0
A_f0.7_move__lamarckian__s21,A_f0.7_move__lamarckian,A_f0.7_move,A,lamarckian,21,1050,train,50,2.78,16,16,78.39160583015241,0.8541666666666666,0.5,adaptive_move,0.5375,0.10098248671331284,0.1816743827160494,273.0,48.0,85.0,385.0,37.0,6.0,0.0,0.0,50.0,6.0,15.0,15.0,19.0,0.0,0.0,0.0,0.0,0.0,15.0,15.0,0.0,0.0,0.0,0.0
A_f0.7_move__lamarckian__s21,A_f0.7_move__lamarckian,A_f0.7_move,A,lamarckian,21,1100,train,50,2.82,14,14,50.627169481361655,0.9375,0.5,adaptive_move,0.55625,0.10318676589298928,0.17918221393034828,322.0,70.0,57.0,349.0,69.0,5.0,0.0,0.0,52.0,2.0,12.0,24.0,23.0,2.0,0.0,0.0,0.0,0.0,12.0,24.0,0.0,0.0,0.0,0.0
A_f0.7_move__lamarckian__s21,A_f0.7_move__lamarckian,A_f0.7_move,A,lamarckian,21,1150,train,50,3.1,16,16,76.06807043070735,0.8333333333333334,0.5,adaptive_move,0.55625,0.09554692421660323,0.17577150872817948,298.0,44.0,66.0,326.0,47.0,5.0,0.0,0.0,53.0,2.0,10.0,17.0,16.0,0.0,0.0,0.0,0.0,0.0,10.0,17.0,0.0,0.0,0.0,0.0
A_f0.7_move__lamarckian__s21,A_f0.7_move__lamarckian,A_f0.7_move,A,lamarckian,21,1200,train,47,3.382978723404255,14,17,54.51807912545058,0.8958333333333334,0.5,adaptive_move,0.56875,0.14018790295566674,0.22584051724137932,408.0,67.0,73.0,379.0,35.0,6.0,0.0,0.0,73.0,2.0,15.0,27.0,14.0,2.0,0.0,0.0,0.0,0.0,15.0,27.0,0.0,0.0,0.0,0.0
A_f0.7_move__lamarckian__s21,A_f0.7_move__lamarckian,A_f0.7_move,A,lamarckian,21,1250,train,36,3.6666666666666665,8,19,60.45952479595515,0.9166666666666666,0.5,adaptive_move,0.4875,0.06334677510389156,0.14144092689295062,278.0,52.0,43.0,248.0,38.0,6.0,0.0,0.0,65.0,2.0,13.0,16.0,16.0,2.0,0.0,0.0,0.0,0.0,13.0,16.0,0.0,0.0,0.0,0.0
A_f0.7_move__lamarckian__s21,A_f0.7_move__lamarckian,A_f0.7_move,A,lamarckian,21,1300,train,29,3.413793103448276,5,12,68.75110674543161,0.875,0.5,adaptive_move,0.55,0.10209370190332959,0.18452856265356266,255.0,34.0,64.0,395.0,31.0,7.0,0.0,0.0,69.0,3.0,15.0,20.0,16.0,1.0,0.0,0.0,0.0,0.0,15.0,20.0,0.0,0.0,0.0,0.0
A_f0.7_move__lamarckian__s21,A_f0.7_move__lamarckian,A_f0.7_move,A,lamarckian,21,1350,train,41,3.707317073170732,15,3,65.66730127211329,0.9166666666666666,0.5,adaptive_move,0.54375,0.10018204114947199,0.16383471867007682,329.0,53.0,69.0,312.0,73.0,14.0,0.0,0.0,66.0,1.0,18.0,13.0,17.0,1.0,0.0,0.0,0.0,0.0,18.0,13.0,0.0,0.0,0.0,0.0
A_f0.7_move__lamarckian__s21,A_f0.7_move__lamarckian,A_f0.7_move,A,lamarckian,21,1400,train,41,3.926829268292683,12,12,85.29824364807186,0.8125,0.5,adaptive_move,0.58125,0.13658203258911028,0.22684075342465726,269.0,55.0,68.0,384.0,59.0,11.0,0.0,0.0,54.0,4.0,21.0,20.0,14.0,1.0,0.0,0.0,0.0,0.0,21.0,20.0,0.0,0.0,0.0,0.0
A_f0.7_move__lamarckian__s21,A_f0.7_move__lamarckian,A_f0.7_move,A,lamarckian,21,1450,train,42,4.071428571428571,14,13,74.24705237066891,0.8958333333333334,0.5,adaptive_move,0.55625,0.08813463626371126,0.17511631513647652,378.0,55.0,70.0,374.0,19.0,4.0,0.0,0.0,75.0,3.0,14.0,12.0,14.0,0.0,0.0,0.0,0.0,0.0,14.0,12.0,0.0,0.0,0.0,0.0
A_f0.7_move__lamarckian__s21,A_f0.7_move__lamarckian,A_f0.7_move,A,lamarckian,21,1500,train,38,4.2105263157894735,13,17,60.932700696273045,0.9375,0.5,adaptive_move,0.51875,0.09708219293222264,0.17894492574257415,386.0,68.0,98.0,451.0,59.0,12.0,0.0,0.0,56.0,4.0,27.0,12.0,21.0,0.0,0.0,0.0,0.0,0.0,27.0,12.0,0.0,0.0,0.0,0.0
A_f0.7_move__lamarckian__s21,A_f0.7_move__lamarckian,A_f0.7_move,A,lamarckian,21,1550,eval,43,4.837209302325581,19,14,80.92260824131037,0.8333333333333334,0.5,adaptive_move,0.475,0.0,0.0,524.0,81.0,74.0,370.0,11.0,3.0,4.0,31.0,71.0,5.0,12.0,16.0,10.0,0.0,1.0,2.0,0.0,0.0,12.0,16.0,0.0,0.0,1.0,2.0
A_f0.7_move__lamarckian__s21,A_f0.7_move__lamarckian,A_f0.7_move,A,lamarckian,21,1600,eval,44,5.068181818181818,14,13,48.642113596639646,0.875,0.5,adaptive_move,0.47,0.0,0.0,509.0,80.0,91.0,517.0,64.0,10.0,13.0,51.0,71.0,2.0,19.0,22.0,15.0,0.0,4.0,3.0,0.0,0.0,19.0,22.0,0.0,0.0,4.0,3.0
A_f0.7_move__lamarckian__s21,A_f0.7_move__lamarckian,A_f0.7_move,A,lamarckian,21,1650,eval,37,5.351351351351352,11,18,91.96899719287381,0.7916666666666666,0.5,adaptive_move,0.545,0.0,0.0,434.0,62.0,62.0,438.0,26.0,2.0,7.0,46.0,56.0,2.0,14.0,21.0,11.0,0.0,5.0,2.0,0.0,0.0,14.0,21.0,0.0,0.0,5.0,2.0
A_f0.7_move__lamarckian__s21,A_f0.7_move__lamarckian,A_f0.7_move,A,lamarckian,21,1700,eval,50,5.48,20,7,71.80507518776695,0.875,0.5,adaptive_move,0.51,0.0,0.0,456.0,68.0,98.0,495.0,13.0,2.0,13.0,105.0,64.0,2.0,21.0,14.0,11.0,0.0,3.0,2.0,0.0,0.0,21.0,14.0,0.0,0.0,3.0,2.0
A_f0.7_move__lamarckian__s21,A_f0.7_move__lamarckian,A_f0.7_move,A,lamarckian,21,1750,eval,50,5.54,4,4,68.76942231819325,0.8541666666666666,0.5,adaptive_move,0.51,0.0,0.0,635.0,123.0,95.0,491.0,44.0,8.0,7.0,63.0,60.0,3.0,11.0,17.0,11.0,0.0,3.0,2.0,0.0,0.0,11.0,17.0,0.0,0.0,3.0,2.0
A_f0.7_move__lamarckian__s21,A_f0.7_move__lamarckian,A_f0.7_move,A,lamarckian,21,1800,eval,50,5.58,14,14,65.25909113899986,0.875,0.5,adaptive_move,0.49,0.0,0.0,653.0,103.0,120.0,586.0,35.0,9.0,11.0,79.0,46.0,9.0,23.0,25.0,7.0,0.0,2.0,5.0,0.0,0.0,23.0,25.0,0.0,0.0,2.0,5.0
A_f0.7_move__lamarckian__s22,A_f0.7_move__lamarckian,A_f0.7_move,A,lamarckian,22,50,train,50,0.82,34,4,60.017184726048754,0.8958333333333334,0.5,adaptive_move,0.48125,0.0692725813231624,0.1321916666666667,231.0,37.0,24.0,161.0,115.0,22.0,0.0,0.0,43.0,8.0,2.0,37.0,22.0,4.0,0.0,0.0,0.0,0.0,2.0,37.0,0.0,0.0,0.0,0.0
A_f0.7_move__lamarckian__s22,A_f0.7_move__lamarckian,A_f0.7_move,A,lamarckian,22,100,train,50,0.88,13,13,72.80921187173772,0.9166666666666666,0.5,adaptive_move,0.575,0.06932548653076738,0.12383445945945937,284.0,52.0,64.0,394.0,98.0,26.0,0.0,0.0,27.0,4.0,14.0,31.0,17.0,2.0,0.0,0.0,0.0,0.0,14.0,31.0,0.0,0.0,0.0,0.0
A_f0.7_move__lamarckian__s22,A_f0.7_move__lamarckian,A_f0.7_move,A,lamarckian,22,150,train,50,1.0,12,12,106.26334871863885,0.7083333333333334,0.5,adaptive_move,0.48125,0.057707321133374054,0.12261623989218329,411.0,69.0,80.0,385.0,116.0,18.0,0.0,0.0,41.0,1.0,10.0,13.0,27.0,2.0,0.0,0.0,0.0,0.0,10.0,13.0,0.0,0.0,0.0,0.0
A_f0.7_move__lamarckian__s22,A_f0.7_move__lamarckian,A_f0.7_move,A,lamarckian,22,200,train,50,1.0,8,8,95.71481290183054,0.8333333333333334,0.5,adaptive_move,0.53125,0.11636612133531317,0.19403132603406337,348.0,73.0,89.0,550.0,101.0,16.0,0.0,0.0,35.0,6.0,11.0,40.0,18.0,3.0,0.0,0.0,0.0,0.0,11.0,40.0,0.0,0.0,0.0,0.0
A_f0.7_move__lamarckian__s22,A_f0.7_move__lamarckian,A_f0.7_move,A,lamarckian,22,250,train,50,1.14,12,12,63.20194754319979,0.8958333333333334,0.5,adaptive_move,0.55625,0.11314697255922754,0.188306203931204,383.0,63.0,82.0,428.0,163.0,24.0,0.0,0.0,45.0,11.0,8.0,25.0,27.0,1.0,0.0,0.0,0.0,0.0,8.0,25.0,0.0,0.0,0.0,0.0
A_f0.7_move__lamarckian__s22,A_f0.7_move__lamarckian,A_f0.7_move,A,lamarckian,22,300,train,50,1.14,5,5,63.75828482309116,0.875,0.5,adaptive_move,0.54375,0.14509183400707598,0.2272629310344827,375.0,68.0,43.0,330.0,103.0,25.0,0.0,0.0,48.0,3.0,6.0,24.0,22.0,4.0,0.0,0.0,0.0,0.0,6.0,24.0,0.0,0.0,0.0,0.0
A_f0.7_move__lamarckian__s22,A_f0.7_move__lamarckian,A_f0.7_move,A,lamarckian,22,350,train,50,1.08,5,5,112.2006696723704,0.75,0.5,adaptive_move,0.51875,0.07454680720719815,0.14702148437499996,454.0,83.0,72.0,369.0,139.0,29.0,0.0,0.0,48.0,7.0,10.0,14.0,15.0,3.0,0.0,0.0,0.0,0.0,10.0,14.0,0.0,0.0,0.0,0.0
A_f0.7_move__lamarckian__s22,A_f0.7_move__lamarckian,A_f0.7_move,A,lamarckian,22,400,train,50,1.1,8,8,72.96402577179317,0.875,0.5,adaptive_move,0.575,0.09785874571161629,0.16363201530612237,532.0,100.0,84.0,505.0,53.0,5.0,0.0,0.0,48.0,4.0,16.0,23.0,15.0,1.0,0.0,0.0,0.0,0.0,16.0,23.0,0.0,0.0,0.0,0.0
A_f0.7_move__lamarckian__s22,A_f0.7_move__lamarckian,A_f0.7_move,A,lamarckian,22,450,train,50,1.1,2,2,123.59609777584485,0.6041666666666666,0.5,adaptive_move,0.5125,0.13775904242908255,0.22106293503480257,390.0,76.0,111.0,620.0,43.0,9.0,0.0,0.0,26.0,3.0,13.0,26.0,16.0,2.0,0.0,0.0,0.0,0.0,13.0,26.0,0.0,0.0,0.0,0.0
A_f0.7_move__lamarckian__s22,A_f0.7_move__lamarckian,A_f0.7_move,A,lamarckian,22,500,train,50,1.38,16,16,89.35768502519795,0.7916666666666666,0.5,adaptive_move,0.54375,0.11327112548708326,0.17239715189873395,558.0,86.0,81.0,438.0,64.0,16.0,0.0,0.0,52.0,7.0,9.0,17.0,25.0,3.0,0.0,0.0,0.0,0.0,9.0,17.0,0.0,0.0,0.0,0.0
A_f0.7_move__lamarckian__s22,A_f0.7_move__lamarckian,A_f0.7_move,A,lamarckian,22,550,train,50,1.7,16,16,127.14675383306862,0.7083333333333334,0.5,adaptive_move,0.5625,0.09157381483914645,0.16703322784810126,412.0,67.0,73.0,381.0,44.0,12.0,0.0,0.0,46.0,1.0,8.0,24.0,13.0,0.0,0.0,0.0,0.0,0.0,8.0,24.0,0.0,0.0,0.0,0.0
A_f0.7_move__lamarckian__s22,A_f0.7_move__lamarckian,A_f0.7_move,A,lamarckian,22,600,train,50,1.82,18,18,68.71284639350796,0.8958333333333334,0.5,adaptive_move,0.54375,0.07163776337663515,0.1550542091836733,487.0,86.0,60.0,459.0,88.0,14.0,0.0,0.0,40.0,3.0,16.0,21.0,29.0,3.0,0.0,0.0,0.0,0.0,16.0,21.0,0.0,0.0,0.0,0.0
A_f0.7_move__lamarckian__s22,A_f0.7_move__lamarckian,A_f0.7_move,A,lamarckian,22,650,train,50,2.0,12,12,119.93495893833772,0.7291666666666666,0.5,adaptive_move,0.51875,0.11181959750212249,0.19983552631578938,443.0,69.0,80.0,478.0,84.0,16.0,0.0,0.0,53.0,4.0,4.0,16.0,26.0,2.0,0.0,0.0,0.0,0.0,4.0,16.0,0.0,0.0,0.0,0.0
A_f0.7_move__lamarckian__s22,A_f0.7_move__lamarckian,A_f0.7_move,A,lamarckian,22,700,train,50,2.04,6,6,69.27970985208411,0.8958333333333334,0.5,adaptive_move,0.5125,0.13378962609146197,0.22403956422018356,357.0,61.0,67.0,316.0,65.0,14.0,0.0,0.0,59.0,1.0,21.0,18.0,26.0,1.0,0.0,0.0,0.0,0.0,21.0,18.0,0.0,0.0,0.0,0.0
A_f0.7_move__lamarckian__s22,A_f0.7_move__lamarckian,A_f0.7_move,A,lamarckian,22,750,train,50,2.1,13,13,72.24403153080331,0.875,0.5,adaptive_move,0.54375,0.06732301457158651,0.13434184350132616,331.0,77.0,50.0,336.0,55.0,16.0,0.0,0.0,54.0,2.0,11.0,26.0,27.0,4.0,0.0,0.0,0.0,0.0,11.0,26.0,0.0,0.0,0.0,0.0
A_f0.7_move__lamarckian__s22,A_f0.7_move__lamarckian,A_f0.7_move,A,lamarckian,22,800,train,50,2.12,19,19,57.88699357230303,0.9166666666666666,0.5,adaptive_move,0.575,0.08735587675777262,0.16620896464646462,276.0,51.0,70.0,388.0,52.0,15.0,0.0,0.0,48.0,2.0,20.0,20.0,23.0,4.0,0.0,0.0,0.0,0.0,20.0,20.0,0.0,0.0,0.0,0.0
A_f0.7_move__lamarckian__s22,A_f0.7_move__lamarckian,A_f0.7_move,A,lamarckian,22,850,train,50,2.18,11,11,66.89972746928731,0.9166666666666666,0.5,adaptive_move,0.5625,0.1949733284897777,0.26950615631691655,342.0,58.0,68.0,439.0,95.0,14.0,0.0,0.0,55.0,2.0,12.0,12.0,26.0,2.0,0.0,0.0,0.0,0.0,12.0,12.0,0.0,0.0,0.0,0.0
A_f0.7_move__lamarckian__s22,A_f0.7_move__lamarckian,A_f0.7_move,A,lamarckian,22,900,train,50,2.48,16,16,73.96643490865239,0.8333333333333334,0.5,adaptive_move,0.56875,0.09797399897907506,0.19062499999999982,291.0,57.0,77.0,401.0,94.0,13.0,0.0,0.0,41.0,4.0,19.0,22.0,27.0,0.0,0.0,0.0,0.0,0.0,19.0,22.0,0.0,0.0,0.0,0.0
A_f0.7_move__lamarckian__s22,A_f0.7_move__lamarckian,A_f0.7_move,A,lamarckian,22,950,train,50,2.66,16,16,63.529687231284484,0.8958333333333334,0.5,adaptive_move,0.54375,0.09356692404741099,0.18267463235294135,252.0,40.0,90.0,422.0,76.0,20.0,0.0,0.0,38.0,0.0,19.0,24.0,21.0,2.0,0.0,0.0,0.0,0.0,19.0,24.0,0.0,0.0,0.0,0.0
A_f0.7_move__lamarckian__s22,A_f0.7_move__lamarckian,A_f0.7_move,A,lamarckian,22,1000,train,44,2.6363636363636362,14,20,76.2692509267865,0.8541666666666666,0.5,adaptive_move,0.60625,0.15092306863233035,0.21958626760563393,301.0,53.0,70.0,415.0,104.0,14.0,0.0,0.0,34.0,2.0,23.0,26.0,22.0,1.0,0.0,0.0,0.0,0.0,23.0,26.0,0.0,0.0,0.0,0.0
A_f0.7_move__lamarckian__s22,A_f0.7_move__lamarckian,A_f0.7_move,A,lamarckian,22,1050,train,50,2.98,21,15,59.39744020001178,0.9375,0.5,adaptive_move,0.5375,0.13523698387718033,0.22765518223234626,391.0,60.0,94.0,488.0,93.0,14.0,0.0,0.0,57.0,2.0,15.0,23.0,24.0,1.0,0.0,0.0,0.0,0.0,15.0,23.0,0.0,0.0,0.0,0.0
A_f0.7_move__lamarckian__s22,A_f0.7_move__lamarckian,A_f0.7_move,A,lamarckian,22,1100,train,50,3.06,13,13,47.88500920096372,0.8958333333333334,0.5,adaptive_move,0.55,0.09533666494139877,0.17262687969924806,368.0,57.0,86.0,410.0,112.0,17.0,0.0,0.0,50.0,4.0,15.0,21.0,32.0,1.0,0.0,0.0,0.0,0.0,15.0,21.0,0.0,0.0,0.0,0.0
A_f0.7_move__lamarckian__s22,A_f0.7_move__lamarckian,A_f0.7_move,A,lamarckian,22,1150,train,49,3.163265306122449,19,20,48.13994760102678,0.9375,0.5,adaptive_move,0.5875,0.07908601890477276,0.15699328644501276,413.0,60.0,62.0,396.0,75.0,16.0,0.0,0.0,43.0,3.0,8.0,26.0,31.0,2.0,0.0,0.0,0.0,0.0,8.0,26.0,0.0,0.0,0.0,0.0
A_f0.7_move__lamarckian__s22,A_f0.7_move__lamarckian,A_f0.7_move,A,lamarckian,22,1200,train,44,3.409090909090909,14,19,57.85063967315942,0.9166666666666666,0.5,adaptive_move,0.5875,0.10884037858523561,0.19506340579710146,286.0,56.0,97.0,482.0,50.0,7.0,0.0,0.0,38.0,1.0,17.0,27.0,26.0,1.0,0.0,0.0,0.0,0.0,17.0,27.0,0.0,0.0,0.0,0.0
A_f0.7_move__lamarckian__s22,A_f0.7_move__lamarckian,A_f0.7_move,A,lamarckian,22,1250,train,35,3.6285714285714286,7,16,70.62615436103476,0.875,0.5,adaptive_move,0.55,0.0876000699121377,0.17167187499999992,344.0,66.0,72.0,349.0,62.0,12.0,0.0,0.0,55.0,3.0,15.0,21.0,29.0,1.0,0.0,0.0,0.0,0.0,15.0,21.0,0.0,0.0,0.0,0.0
A_f0.7_move__lamarckian__s22,A_f0.7_move__lamarckian,A_f0.7_move,A,lamarckian,22,1300,train,42,3.7142857142857144,18,11,84.07842819228148,0.8541666666666666,0.5,adaptive_move,0.5625,0.13016907823791204,0.21209558823529417,420.0,77.0,78.0,419.0,40.0,6.0,0.0,0.0,66.0,2.0,8.0,23.0,17.0,1.0,0.0,0.0,0.0,0.0,8.0,23.0,0.0,0.0,0.0,0.0
A_f0.7_move__lamarckian__s22,A_f0.7_move__lamarckian,A_f0.7_move,A,lamarckian,22,1350,train,44,3.9545454545454546,14,12,101.32174840323101,0.8125,0.5,adaptive_move,0.56875,0.07659348675621411,0.14027869393139847,315.0,67.0,59.0,328.0,51.0,9.0,0.0,0.0,43.0,2.0,13.0,20.0,23.0,1.0,0.0,0.0,0.0,0.0,13.0,20.0,0.0,0.0,0.0,0.0
A_f0.7_move__lamarckian__s22,A_f0.7_move__lamarckian,A_f0.7_move,A,lamarckian,22,1400,train,50,4.08,15,9,53.764908282976826,0.9375,0.5,adaptive_move,0.5625,0.10416943031018933,0.19512140287769797,280.0,42.0,85.0,477.0,44.0,6.0,0.0,0.0,62.0,3.0,18.0,20.0,27.0,1.0,0.0,0.0,0.0,0.0,18.0,20.0,0.0,0.0,0.0,0.0
A_f0.7_move__lamarckian__s22,A_f0.7_move__lamarckian,A_f0.7_move,A,lamarckian,22,1450,train,39,4.512820512820513,9,20,76.43702896335375,0.9166666666666666,0.5,adaptive_move,0.58125,0.1517079780624878,0.2349985827664398,257.0,43.0,60.0,342.0,48.0,9.0,0.0,0.0,41.0,2.0,13.0,24.0,29.0,0.0,0.0,0.0,0.0,0.0,13.0,24.0,0.0,0.0,0.0,0.0
A_f0.7_move__lamarckian__s22,A_f0.7_move__lamarckian,A_f0.7_move,A,lamarckian,22,1500,train,38,4.7105263157894735,11,12,77.53061475156424,0.875,0.5,adaptive_move,0.5875,0.1368703303335941,0.2228420900692838,365.0,47.0,40.0,308.0,56.0,6.0,0.0,0.0,71.0,2.0,10.0,17.0,27.0,0.0,0.0,0.0,0.0,0.0,10.0,17.0,0.0,0.0,0.0,0.0
A_f0.7_move__lamarckian__s22,A_f0.7_move__lamarckian,A_f0.7_move,A,lamarckian,22,1550,eval,33,4.848484848484849,10,15,55.724184266190946,0.9791666666666666,0.5,adaptive_move,0.5,0.0,0.0,277.0,60.0,68.0,327.0,23.0,5.0,13.0,48.0,55.0,3.0,19.0,19.0,17.0,1.0,9.0,3.0,0.0,0.0,19.0,19.0,0.0,0.0,9.0,3.0
A_f0.7_move__lamarckian__s22,A_f0.7_move__lamarckian,A_f0.7_move,A,lamarckian,22,1600,eval,37,5.216216216216216,19,15,101.31169578532588,0.7708333333333334,0.5,adaptive_move,0.495,0.0,0.0,218.0,35.0,70.0,291.0,33.0,7.0,12.0,57.0,36.0,4.0,24.0,12.0,14.0,0.0,7.0,6.0,0.0,0.0,24.0,12.0,0.0,0.0,7.0,6.0
A_f0.7_move__lamarckian__s22,A_f0.7_move__lamarckian,A_f0.7_move,A,lamarckian,22,1650,eval,46,5.543478260869565,22,13,72.45382463446991,0.8958333333333334,0.5,adaptive_move,0.485,0.0,0.0,393.0,67.0,93.0,463.0,32.0,5.0,8.0,50.0,49.0,2.0,16.0,24.0,18.0,1.0,6.0,5.0,0.0,0.0,16.0,24.0,0.0,0.0,6.0,5.0
A_f0.7_move__lamarckian__s22,A_f0.7_move__lamarckian,A_f0.7_move,A,lamarckian,22,1700,eval,49,5.204081632653061,22,19,64.85740141050292,0.875,0.5,adaptive_move,0.515,0.0,0.0,506.0,81.0,88.0,481.0,27.0,3.0,12.0,82.0,57.0,2.0,10.0,23.0,13.0,0.0,9.0,4.0,0.0,0.0,10.0,23.0,0.0,0.0,9.0,4.0
A_f0.7_move__lamarckian__s22,A_f0.7_move__lamarckian,A_f0.7_move,A,lamarckian,22,1750,eval,50,5.32,11,10,99.69189399441963,0.7708333333333334,0.5,adaptive_move,0.48,0.0,0.0,585.0,82.0,105.0,649.0,39.0,7.0,6.0,63.0,41.0,3.0,10.0,21.0,10.0,1.0,4.0,6.0,0.0,0.0,10.0,21.0,0.0,0.0,4.0,6.0
A_f0.7_move__lamarckian__s22,A_f0.7_move__lamarckian,A_f0.7_move,A,lamarckian,22,1800,eval,50,5.2,14,14,72.50451951546749,0.8541666666666666,0.5,adaptive_move,0.51,0.0,0.0,615.0,106.0,139.0,644.0,37.0,3.0,13.0,34.0,49.0,2.0,16.0,20.0,18.0,0.0,7.0,4.0,0.0,0.0,16.0,20.0,0.0,0.0,7.0,4.0
A_f0.7_move__lamarckian__s23,A_f0.7_move__lamarckian,A_f0.7_move,A,lamarckian,23,50,train,50,0.74,35,5,75.59290918868267,0.875,0.5,adaptive_move,0.525,0.06627364627511995,0.1182305858310626,212.0,59.0,64.0,319.0,80.0,20.0,0.0,0.0,41.0,5.0,6.0,44.0,12.0,5.0,0.0,0.0,0.0,0.0,6.0,44.0,0.0,0.0,0.0,0.0
A_f0.7_move__lamarckian__s23,A_f0.7_move__lamarckian,A_f0.7_move,A,lamarckian,23,100,train,50,0.86,9,9,68.38861225980409,0.9166666666666666,0.5,adaptive_move,0.54375,0.0671387738278965,0.1382894736842104,398.0,68.0,57.0,321.0,94.0,14.0,0.0,0.0,47.0,4.0,7.0,40.0,17.0,1.0,0.0,0.0,0.0,0.0,7.0,40.0,0.0,0.0,0.0,0.0
A_f0.7_move__lamarckian__s23,A_f0.7_move__lamarckian,A_f0.7_move,A,lamarckian,23,150,train,50,1.04,10,10,73.62533634190127,0.9375,0.5,adaptive_move,0.51875,0.08103124569981623,0.15182966321243518,527.0,80.0,64.0,386.0,94.0,16.0,0.0,0.0,49.0,6.0,11.0,18.0,20.0,2.0,0.0,0.0,0.0,0.0,11.0,18.0,0.0,0.0,0.0,0.0
A_f0.7_move__lamarckian__s23,A_f0.7_move__lamarckian,A_f0.7_move,A,lamarckian,23,200,train,50,1.0,13,13,72.61447103942169,0.8541666666666666,0.5,adaptive_move,0.525,0.055846265442857645,0.1286735372340424,408.0,76.0,98.0,498.0,115.0,18.0,0.0,0.0,57.0,3.0,12.0,23.0,22.0,3.0,0.0,0.0,0.0,0.0,12.0,23.0,0.0,0.0,0.0,0.0
A_f0.7_move__lamarckian__s23,A_f0.7_move__lamarckian,A_f0.7_move,A,lamarckian,23,250,train,46,1.0869565217391304,11,15,62.22369764301427,0.9375,0.5,adaptive_move,0.5875,0.10968883476920387,0.20509096244131486,287.0,46.0,52.0,311.0,163.0,33.0,0.0,0.0,51.0,7.0,4.0,26.0,22.0,2.0,0.0,0.0,0.0,0.0,4.0,26.0,0.0,0.0,0.0,0.0
A_f0.7_move__lamarckian__s23,A_f0.7_move__lamarckian,A_f0.7_move,A,lamarckian,23,300,train,47,1.2553191489361701,19,18,80.84847984541894,0.8125,0.5,adaptive_move,0.5625,0.06721009505620364,0.13909539473684207,238.0,52.0,60.0,330.0,108.0,19.0,0.0,0.0,32.0,6.0,15.0,16.0,18.0,0.0,0.0,0.0,0.0,0.0,15.0,16.0,0.0,0.0,0.0,0.0
A_f0.7_move__lamarckian__s23,A_f0.7_move__lamarckian,A_f0.7_move,A,lamarckian,23,350,train,50,1.52,21,18,74.12949054562037,0.875,0.5,adaptive_move,0.5625,0.09680713139473639,0.17592736907730644,330.0,55.0,67.0,362.0,75.0,11.0,0.0,0.0,41.0,8.0,15.0,21.0,20.0,0.0,0.0,0.0,0.0,0.0,15.0,21.0,0.0,0.0,0.0,0.0
A_f0.7_move__lamarckian__s23,A_f0.7_move__lamarckian,A_f0.7_move,A,lamarckian,23,400,train,50,1.56,14,14,76.4220157456542,0.7916666666666666,0.5,adaptive_move,0.55625,0.11808046139052025,0.1973882850241544,325.0,80.0,62.0,399.0,75.0,6.0,0.0,0.0,53.0,8.0,14.0,17.0,15.0,1.0,0.0,0.0,0.0,0.0,14.0,17.0,0.0,0.0,0.0,0.0
A_f0.7_move__lamarckian__s23,A_f0.7_move__lamarckian,A_f0.7_move,A,lamarckian,23,450,train,50,1.74,14,14,90.54866790338869,0.8125,0.5,adaptive_move,0.54375,0.07468854292799768,0.14121710526315767,312.0,57.0,71.0,465.0,47.0,6.0,0.0,0.0,37.0,4.0,8.0,36.0,14.0,1.0,0.0,0.0,0.0,0.0,8.0,36.0,0.0,0.0,0.0,0.0
A_f0.7_move__lamarckian__s23,A_f0.7_move__lamarckian,A_f0.7_move,A,lamarckian,23,500,train,48,1.8333333333333333,15,17,71.28980798189922,0.875,0.5,adaptive_move,0.53125,0.1305324806695276,0.2126102941176471,334.0,69.0,82.0,494.0,92.0,16.0,0.0,0.0,45.0,3.0,13.0,30.0,29.0,1.0,0.0,0.0,0.0,0.0,13.0,30.0,0.0,0.0,0.0,0.0
A_f0.7_move__lamarckian__s23,A_f0.7_move__lamarckian,A_f0.7_move,A,lamarckian,23,550,train,50,1.88,11,9,62.134536413969826,0.875,0.5,adaptive_move,0.56875,0.09145987273258988,0.1659572784810126,498.0,93.0,96.0,503.0,106.0,22.0,0.0,0.0,55.0,6.0,9.0,24.0,13.0,2.0,0.0,0.0,0.0,0.0,9.0,24.0,0.0,0.0,0.0,0.0
A_f0.7_move__lamarckian__s23,A_f0.7_move__lamarckian,A_f0.7_move,A,lamarckian,23,600,train,50,2.08,18,18,70.08065604786957,0.9166666666666666,0.5,adaptive_move,0.56875,0.11021885138099133,0.18644809582309585,362.0,62.0,64.0,406.0,67.0,13.0,0.0,0.0,41.0,0.0,7.0,29.0,20.0,0.0,0.0,0.0,0.0,0.0,7.0,29.0,0.0,0.0,0.0,0.0
A_f0.7_move__lamarckian__s23,A_f0.7_move__lamarckian,A_f0.7_move,A,lamarckian,23,650,train,50,2.18,10,10,57.308955749256896,0.9583333333333334,0.5,adaptive_move,0.58125,0.10048149771766653,0.17729894014962566,396.0,65.0,75.0,483.0,71.0,11.0,0.0,0.0,52.0,3.0,15.0,22.0,17.0,1.0,0.0,0.0,0.0,0.0,15.0,22.0,0.0,0.0,0.0,0.0
A_f0.7_move__lamarckian__s23,A_f0.7_move__lamarckian,A_f0.7_move,A,lamarckian,23,700,train,50,2.2,8,8,75.19174208720017,0.9583333333333334,0.5,adaptive_move,0.5,0.13136822566916678,0.20262801204819247,309.0,66.0,81.0,460.0,44.0,7.0,0.0,0.0,53.0,4.0,17.0,19.0,24.0,0.0,0.0,0.0,0.0,0.0,17.0,19.0,0.0,0.0,0.0,0.0
A_f0.7_move__lamarckian__s23,A_f0.7_move__lamarckian,A_f0.7_move,A,lamarckian,23,750,train,50,2.34,11,11,79.36224410273671,0.8541666666666666,0.5,adaptive_move,0.575,0.0874290330503745,0.16268288804071251,425.0,82.0,85.0,400.0,26.0,8.0,0.0,0.0,41.0,3.0,21.0,23.0,18.0,1.0,0.0,0.0,0.0,0.0,21.0,23.0,0.0,0.0,0.0,0.0
A_f0.7_move__lamarckian__s23,A_f0.7_move__lamarckian,A_f0.7_move,A,lamarckian,23,800,train,50,2.5,17,17,61.16751833857179,0.8958333333333334,0.5,adaptive_move,0.55625,0.10575846021882604,0.1955378605769229,497.0,79.0,62.0,351.0,55.0,13.0,0.0,0.0,54.0,1.0,17.0,19.0,24.0,0.0,0.0,0.0,0.0,0.0,17.0,19.0,0.0,0.0,0.0,0.0
A_f0.7_move__lamarckian__s23,A_f0.7_move__lamarckian,A_f0.7_move,A,lamarckian,23,850,train,50,2.64,15,15,60.46738509813353,0.8958333333333334,0.5,adaptive_move,0.55,0.11557540938942687,0.1879990786240786,421.0,62.0,91.0,431.0,76.0,19.0,0.0,0.0,47.0,3.0,12.0,23.0,28.0,1.0,0.0,0.0,0.0,0.0,12.0,23.0,0.0,0.0,0.0,0.0
A_f0.7_move__lamarckian__s23,A_f0.7_move__lamarckian,A_f0.7_move,A,lamarckian,23,900,train,50,2.78,18,18,62.97387671088323,0.9166666666666666,0.5,adaptive_move,0.64375,0.13869241394244847,0.2358710850111858,330.0,45.0,83.0,529.0,78.0,8.0,0.0,0.0,47.0,0.0,10.0,25.0,21.0,0.0,0.0,0.0,0.0,0.0,10.0,25.0,0.0,0.0,0.0,0.0
A_f0.7_move__lamarckian__s23,A_f0.7_move__lamarckian,A_f0.7_move,A,lamarckian,23,950,train,50,2.84,16,16,63.92540956395289,0.875,0.5,adaptive_move,0.49375,0.09614195487943446,0.1690498737373738,320.0,56.0,73.0,407.0,68.0,11.0,0.0,0.0,42.0,2.0,16.0,29.0,27.0,1.0,0.0,0.0,0.0,0.0,16.0,29.0,0.0,0.0,0.0,0.0
A_f0.7_move__lamarckian__s23,A_f0.7_move__lamarckian,A_f0.7_move,A,lamarckian,23,1000,train,50,2.98,19,19,42.17209081806621,0.9375,0.5,adaptive_move,0.5375,0.07837409265555723,0.14536976439790572,431.0,71.0,72.0,384.0,76.0,12.0,0.0,0.0,62.0,3.0,16.0,18.0,22.0,0.0,0.0,0.0,0.0,0.0,16.0,18.0,0.0,0.0,0.0,0.0
A_f0.7_move__lamarckian__s23,A_f0.7_move__lamarckian,A_f0.7_move,A,lamarckian,23,1050,train,50,3.34,21,21,54.60983667777487,0.9375,0.5,adaptive_move,0.55,0.10484194552520953,0.18442118226601,349.0,59.0,61.0,311.0,56.0,10.0,0.0,0.0,44.0,2.0,19.0,24.0,19.0,0.0,0.0,0.0,0.0,0.0,19.0,24.0,0.0,0.0,0.0,0.0
A_f0.7_move__lamarckian__s23,A_f0.7_move__lamarckian,A_f0.7_move,A,lamarckian,23,1100,train,39,3.6923076923076925,11,22,57.00892186889786,0.9166666666666666,0.5,adaptive_move,0.56875,0.14555061757578536,0.23054527334851938,367.0,72.0,60.0,308.0,42.0,8.0,0.0,0.0,64.0,5.0,12.0,15.0,20.0,2.0,0.0,0.0,0.0,0.0,12.0,15.0,0.0,0.0,0.0,0.0
A_f0.7_move__lamarckian__s23,A_f0.7_move__lamarckian,A_f0.7_move,A,lamarckian,23,1150,train,41,4.0,14,12,55.76750247008461,0.9166666666666666,0.5,adaptive_move,0.525,0.10072906730981891,0.1864786585365854,257.0,46.0,55.0,378.0,79.0,23.0,0.0,0.0,66.0,2.0,11.0,22.0,19.0,3.0,0.0,0.0,0.0,0.0,11.0,22.0,0.0,0.0,0.0,0.0
A_f0.7_move__lamarckian__s23,A_f0.7_move__lamarckian,A_f0.7_move,A,lamarckian,23,1200,train,44,4.181818181818182,14,11,82.98388281177724,0.9166666666666666,0.5,adaptive_move,0.55,0.11521125811807639,0.193871359223301,319.0,68.0,52.0,313.0,46.0,6.0,0.0,0.0,55.0,4.0,14.0,15.0,13.0,1.0,0.0,0.0,0.0,0.0,14.0,15.0,0.0,0.0,0.0,0.0
A_f0.7_move__lamarckian__s23,A_f0.7_move__lamarckian,A_f0.7_move,A,lamarckian,23,1250,train,39,4.333333333333333,9,14,63.01099126778381,0.9166666666666666,0.5,adaptive_move,0.54375,0.08404340861041301,0.17037874064837877,346.0,60.0,61.0,301.0,131.0,24.0,0.0,0.0,62.0,1.0,19.0,19.0,25.0,1.0,0.0,0.0,0.0,0.0,19.0,19.0,0.0,0.0,0.0,0.0
A_f0.7_move__lamarckian__s23,A_f0.7_move__lamarckian,A_f0.7_move,A,lamarckian,23,1300,train,46,4.413043478260869,22,15,45.07687555727533,0.9583333333333334,0.5,adaptive_move,0.59375,0.13467287347107001,0.1998331310679613,421.0,86.0,66.0,340.0,70.0,14.0,0.0,0.0,46.0,3.0,20.0,27.0,26.0,1.0,0.0,0.0,0.0,0.0,20.0,27.0,0.0,0.0,0.0,0.0
A_f0.7_move__lamarckian__s23,A_f0.7_move__lamarckian,A_f0.7_move,A,lamarckian,23,1350,train,43,4.488372093023256,9,12,66.96616072699756,0.8958333333333334,0.5,adaptive_move,0.56875,0.1009595039190999,0.16333919437340172,282.0,44.0,64.0,372.0,40.0,3.0,0.0,0.0,50.0,1.0,7.0,18.0,22.0,1.0,0.0,0.0,0.0,0.0,7.0,18.0,0.0,0.0,0.0,0.0
A_f0.7_move__lamarckian__s23,A_f0.7_move__lamarckian,A_f0.7_move,A,lamarckian,23,1400,train,50,4.7,16,9,82.6534549394311,0.8125,0.5,adaptive_move,0.5375,0.10395304429294411,0.1695015822784811,432.0,92.0,78.0,442.0,67.0,14.0,0.0,0.0,42.0,4.0,14.0,19.0,23.0,1.0,0.0,0.0,0.0,0.0,14.0,19.0,0.0,0.0,0.0,0.0
A_f0.7_move__lamarckian__s23,A_f0.7_move__lamarckian,A_f0.7_move,A,lamarckian,23,1450,train,50,4.94,19,19,47.368196412094676,0.9166666666666666,0.5,adaptive_move,0.5875,0.07944051177152647,0.16001113231552178,485.0,74.0,83.0,442.0,29.0,3.0,0.0,0.0,54.0,3.0,14.0,31.0,18.0,2.0,0.0,0.0,0.0,0.0,14.0,31.0,0.0,0.0,0.0,0.0
A_f0.7_move__lamarckian__s23,A_f0.7_move__lamarckian,A_f0.7_move,A,lamarckian,23,1500,train,47,5.1063829787234045,10,13,48.3393881683787,0.9375,0.5,adaptive_move,0.53125,0.08844956509611471,0.17189062499999985,344.0,62.0,60.0,362.0,44.0,6.0,0.0,0.0,74.0,1.0,12.0,21.0,19.0,3.0,0.0,0.0,0.0,0.0,12.0,21.0,0.0,0.0,0.0,0.0
A_f0.7_move__lamarckian__s23,A_f0.7_move__lamarckian,A_f0.7_move,A,lamarckian,23,1550,eval,44,5.295454545454546,14,17,75.76460176329732,0.8333333333333334,0.5,adaptive_move,0.515,0.0,0.0,401.0,79.0,50.0,305.0,14.0,5.0,3.0,27.0,54.0,7.0,12.0,14.0,10.0,2.0,2.0,4.0,0.0,0.0,12.0,14.0,0.0,0.0,2.0,4.0
A_f0.7_move__lamarckian__s23,A_f0.7_move__lamarckian,A_f0.7_move,A,lamarckian,23,1600,eval,48,5.5625,20,16,85.47527063996363,0.8541666666666666,0.5,adaptive_move,0.5,0.0,0.0,423.0,68.0,94.0,536.0,24.0,7.0,4.0,39.0,43.0,5.0,10.0,27.0,19.0,0.0,3.0,4.0,0.0,0.0,10.0,27.0,0.0,0.0,3.0,4.0
A_f0.7_move__lamarckian__s23,A_f0.7_move__lamarckian,A_f0.7_move,A,lamarckian,23,1650,eval,50,5.72,16,14,92.50059721449786,0.8125,0.5,adaptive_move,0.48,0.0,0.0,484.0,97.0,84.0,577.0,38.0,10.0,8.0,33.0,53.0,1.0,12.0,29.0,13.0,0.0,5.0,3.0,0.0,0.0,12.0,29.0,0.0,0.0,5.0,3.0
A_f0.7_move__lamarckian__s23,A_f0.7_move__lamarckian,A_f0.7_move,A,lamarckian,23,1700,eval,50,5.74,9,9,131.34513432212677,0.7083333333333334,0.5,adaptive_move,0.525,0.0,0.0,402.0,83.0,79.0,445.0,49.0,5.0,9.0,32.0,38.0,4.0,9.0,17.0,11.0,0.0,7.0,4.0,0.0,0.0,9.0,17.0,0.0,0.0,7.0,4.0
A_f0.7_move__lamarckian__s23,A_f0.7_move__lamarckian,A_f0.7_move,A,lamarckian,23,1750,eval,50,5.82,6,6,165.46986799426134,0.4166666666666667,0.5,adaptive_move,0.505,0.0,0.0,802.0,147.0,118.0,563.0,78.0,11.0,15.0,82.0,45.0,5.0,7.0,14.0,13.0,2.0,5.0,2.0,0.0,0.0,7.0,14.0,0.0,0.0,5.0,2.0
A_f0.7_move__lamarckian__s23,A_f0.7_move__lamarckian,A_f0.7_move,A,lamarckian,23,1800,eval,50,5.88,4,4,144.51612971289057,0.5208333333333334,0.5,adaptive_move,0.515,0.0,0.0,812.0,144.0,101.0,573.0,173.0,19.0,20.0,109.0,34.0,4.0,0.0,17.0,13.0,0.0,4.0,3.0,0.0,0.0,0.0,17.0,0.0,0.0,4.0,3.0
A_f0.7_move__lamarckian__s24,A_f0.7_move__lamarckian,A_f0.7_move,A,lamarckian,24,50,train,50,0.74,31,1,99.83255193986702,0.7916666666666666,0.5,adaptive_move,0.55,0.07591135561084161,0.12182404891304355,209.0,38.0,36.0,168.0,153.0,26.0,0.0,0.0,35.0,9.0,8.0,25.0,20.0,6.0,0.0,0.0,0.0,0.0,8.0,25.0,0.0,0.0,0.0,0.0
A_f0.7_move__lamarckian__s24,A_f0.7_move__lamarckian,A_f0.7_move,A,lamarckian,24,100,train,50,0.78,12,12,92.09067899173185,0.7708333333333334,0.5,adaptive_move,0.55625,0.07366191639055544,0.1468261718749999,296.0,56.0,74.0,421.0,54.0,20.0,0.0,0.0,32.0,4.0,10.0,28.0,11.0,8.0,0.0,0.0,0.0,0.0,10.0,28.0,0.0,0.0,0.0,0.0
A_f0.7_move__lamarckian__s24,A_f0.7_move__lamarckian,A_f0.7_move,A,lamarckian,24,150,train,50,0.76,7,7,89.65034295313886,0.8541666666666666,0.5,adaptive_move,0.61875,0.08757460172540227,0.17403606965174157,540.0,100.0,88.0,448.0,161.0,32.0,0.0,0.0,43.0,3.0,8.0,24.0,28.0,3.0,0.0,0.0,0.0,0.0,8.0,24.0,0.0,0.0,0.0,0.0
A_f0.7_move__lamarckian__s24,A_f0.7_move__lamarckian,A_f0.7_move,A,lamarckian,24,200,train,50,0.78,12,12,90.8972415711568,0.7708333333333334,0.5,adaptive_move,0.575,0.1257373645940834,0.21920467667436472,367.0,60.0,62.0,407.0,100.0,12.0,0.0,0.0,39.0,6.0,10.0,31.0,19.0,3.0,0.0,0.0,0.0,0.0,10.0,31.0,0.0,0.0,0.0,0.0
A_f0.7_move__lamarckian__s24,A_f0.7_move__lamarckian,A_f0.7_move,A,lamarckian,24,250,train,50,0.78,7,7,109.17203420782161,0.75,0.5,adaptive_move,0.575,0.11006101404038397,0.19462560386473404,391.0,75.0,78.0,422.0,209.0,36.0,0.0,0.0,47.0,6.0,4.0,15.0,16.0,3.0,0.0,0.0,0.0,0.0,4.0,15.0,0.0,0.0,0.0,0.0
A_f0.7_move__lamarckian__s24,A_f0.7_move__lamarckian,A_f0.7_move,A,lamarckian,24,300,train,50,0.78,14,14,99.84472314519525,0.8125,0.5,adaptive_move,0.59375,0.08008792386618072,0.13335833333333325,484.0,79.0,61.0,356.0,121.0,17.0,0.0,0.0,43.0,7.0,12.0,27.0,19.0,1.0,0.0,0.0,0.0,0.0,12.0,27.0,0.0,0.0,0.0,0.0
A_f0.7_move__lamarckian__s24,A_f0.7_move__lamarckian,A_f0.7_move,A,lamarckian,24,350,train,50,0.82,8,8,86.17398467459158,0.8125,0.5,adaptive_move,0.55,0.0801589610677501,0.15236595607235137,340.0,49.0,97.0,473.0,157.0,24.0,0.0,0.0,44.0,3.0,19.0,20.0,27.0,1.0,0.0,0.0,0.0,0.0,19.0,20.0,0.0,0.0,0.0,0.0
A_f0.7_move__lamarckian__s24,A_f0.7_move__lamarckian,A_f0.7_move,A,lamarckian,24,400,train,50,0.78,8,8,77.35512463886141,0.8541666666666666,0.5,adaptive_move,0.5375,0.07900781492337156,0.16062817258883233,394.0,63.0,89.0,562.0,134.0,19.0,0.0,0.0,49.0,3.0,14.0,21.0,25.0,2.0,0.0,0.0,0.0,0.0,14.0,21.0,0.0,0.0,0.0,0.0
A_f0.7_move__lamarckian__s24,A_f0.7_move__lamarckian,A_f0.7_move,A,lamarckian,24,450,train,50,0.78,10,10,120.11265587179435,0.7291666666666666,0.5,adaptive_move,0.55,0.07636360144124028,0.14013027704485514,377.0,73.0,76.0,535.0,95.0,23.0,0.0,0.0,28.0,0.0,19.0,27.0,23.0,0.0,0.0,0.0,0.0,0.0,19.0,27.0,0.0,0.0,0.0,0.0
A_f0.7_move__lamarckian__s24,A_f0.7_move__lamarckian,A_f0.7_move,A,lamarckian,24,500,train,50,1.34,20,20,88.10245251529419,0.7916666666666666,0.5,adaptive_move,0.59375,0.10928331924206816,0.19140054744525536,484.0,105.0,77.0,394.0,179.0,25.0,0.0,0.0,46.0,2.0,14.0,19.0,23.0,2.0,0.0,0.0,0.0,0.0,14.0,19.0,0.0,0.0,0.0,0.0
A_f0.7_move__lamarckian__s24,A_f0.7_move__lamarckian,A_f0.7_move,A,lamarckian,24,550,train,50,1.64,25,25,58.42866848226552,0.9166666666666666,0.5,adaptive_move,0.5375,0.12048841590217665,0.21189256440281024,240.0,39.0,90.0,485.0,140.0,24.0,0.0,0.0,33.0,3.0,13.0,35.0,30.0,1.0,0.0,0.0,0.0,0.0,13.0,35.0,0.0,0.0,0.0,0.0
A_f0.7_move__lamarckian__s24,A_f0.7_move__lamarckian,A_f0.7_move,A,lamarckian,24,600,train,50,1.72,15,15,50.127560847789454,0.9375,0.5,adaptive_move,0.55625,0.10325302557584759,0.19807749406175734,320.0,52.0,72.0,411.0,108.0,16.0,0.0,0.0,41.0,6.0,14.0,23.0,25.0,2.0,0.0,0.0,0.0,0.0,14.0,23.0,0.0,0.0,0.0,0.0
A_f0.7_move__lamarckian__s24,A_f0.7_move__lamarckian,A_f0.7_move,A,lamarckian,24,650,train,50,1.84,18,18,67.86421297997984,0.8958333333333334,0.5,adaptive_move,0.5125,0.08503937631572613,0.168451633165829,305.0,53.0,57.0,267.0,75.0,12.0,0.0,0.0,45.0,1.0,11.0,11.0,28.0,2.0,0.0,0.0,0.0,0.0,11.0,11.0,0.0,0.0,0.0,0.0
A_f0.7_move__lamarckian__s24,A_f0.7_move__lamarckian,A_f0.7_move,A,lamarckian,24,700,train,43,1.930232558139535,7,14,68.55981964880824,0.9375,0.5,adaptive_move,0.575,0.10722178177791593,0.20293291962174953,312.0,53.0,96.0,524.0,85.0,12.0,0.0,0.0,40.0,2.0,19.0,27.0,24.0,1.0,0.0,0.0,0.0,0.0,19.0,27.0,0.0,0.0,0.0,0.0
A_f0.7_move__lamarckian__s24,A_f0.7_move__lamarckian,A_f0.7_move,A,lamarckian,24,750,train,38,2.0789473684210527,13,18,77.05378533872326,0.8958333333333334,0.5,adaptive_move,0.54375,0.09663365641999172,0.1828393734643734,286.0,40.0,65.0,397.0,53.0,6.0,0.0,0.0,50.0,4.0,21.0,21.0,23.0,0.0,0.0,0.0,0.0,0.0,21.0,21.0,0.0,0.0,0.0,0.0
A_f0.7_move__lamarckian__s24,A_f0.7_move__lamarckian,A_f0.7_move,A,lamarckian,24,800,train,50,2.38,22,10,102.32933695154696,0.7708333333333334,0.5,adaptive_move,0.6125,0.07784386197012746,0.15808354591836715,420.0,56.0,72.0,492.0,55.0,11.0,0.0,0.0,42.0,2.0,13.0,13.0,29.0,2.0,0.0,0.0,0.0,0.0,13.0,13.0,0.0,0.0,0.0,0.0
A_f0.7_move__lamarckian__s24,A_f0.7_move__lamarckian,A_f0.7_move,A,lamarckian,24,850,train,50,2.32,6,6,57.913194613575726,0.9791666666666666,0.5,adaptive_move,0.5125,0.1035919658434378,0.16901967005076135,331.0,57.0,63.0,336.0,66.0,8.0,0.0,0.0,52.0,3.0,19.0,18.0,27.0,0.0,0.0,0.0,0.0,0.0,19.0,18.0,0.0,0.0,0.0,0.0
A_f0.7_move__lamarckian__s24,A_f0.7_move__lamarckian,A_f0.7_move,A,lamarckian,24,900,train,50,2.36,10,10,76.95718405753128,0.8125,0.5,adaptive_move,0.53125,0.0922844531068116,0.18203124999999987,384.0,63.0,70.0,434.0,115.0,20.0,0.0,0.0,58.0,2.0,14.0,13.0,24.0,0.0,0.0,0.0,0.0,0.0,14.0,13.0,0.0,0.0,0.0,0.0
A_f0.7_move__lamarckian__s24,A_f0.7_move__lamarckian,A_f0.7_move,A,lamarckian,24,950,train,50,2.66,16,16,85.85169579966703,0.9166666666666666,0.5,adaptive_move,0.56875,0.08367868049657586,0.16311865482233512,246.0,49.0,66.0,406.0,104.0,21.0,0.0,0.0,43.0,1.0,7.0,25.0,28.0,2.0,0.0,0.0,0.0,0.0,7.0,25.0,0.0,0.0,0.0,0.0
A_f0.7_move__lamarckian__s24,A_f0.7_move__lamarckian,A_f0.7_move,A,lamarckian,24,1000,train,50,2.86,12,12,56.22806358660097,0.9375,0.5,adaptive_move,0.6125,0.08869037393561133,0.172015625,342.0,65.0,71.0,430.0,86.0,15.0,0.0,0.0,59.0,3.0,14.0,20.0,32.0,2.0,0.0,0.0,0.0,0.0,14.0,20.0,0.0,0.0,0.0,0.0
A_f0.7_move__lamarckian__s24,A_f0.7_move__lamarckian,A_f0.7_move,A,lamarckian,24,1050,train,50,3.08,15,15,66.54954240615513,0.875,0.5,adaptive_move,0.54375,0.12741246256991418,0.1968749999999997,284.0,55.0,43.0,341.0,99.0,9.0,0.0,0.0,48.0,4.0,9.0,21.0,26.0,2.0,0.0,0.0,0.0,0.0,9.0,21.0,0.0,0.0,0.0,0.0
A_f0.7_move__lamarckian__s24,A_f0.7_move__lamarckian,A_f0.7_move,A,lamarckian,24,1100,train,47,3.425531914893617,17,20,101.87285857497608,0.75,0.5,adaptive_move,0.55,0.14782859029694273,0.22479745370370385,339.0,46.0,70.0,379.0,82.0,18.0,0.0,0.0,44.0,3.0,17.0,18.0,26.0,1.0,0.0,0.0,0.0,0.0,17.0,18.0,0.0,0.0,0.0,0.0
A_f0.7_move__lamarckian__s24,A_f0.7_move__lamarckian,A_f0.7_move,A,lamarckian,24,1150,train,40,3.525,11,18,53.82675172528337,0.9375,0.5,adaptive_move,0.575,0.08700074887781437,0.16716782115869022,364.0,69.0,75.0,392.0,34.0,7.0,0.0,0.0,59.0,3.0,17.0,23.0,27.0,1.0,0.0,0.0,0.0,0.0,17.0,23.0,0.0,0.0,0.0,0.0
A_f0.7_move__lamarckian__s24,A_f0.7_move__lamarckian,A_f0.7_move,A,lamarckian,24,1200,train,42,3.6904761904761907,11,9,81.4811521105429,0.8958333333333334,0.5,adaptive_move,0.50625,0.07782738014962891,0.153269974226804,417.0,85.0,67.0,385.0,59.0,10.0,0.0,0.0,56.0,0.0,10.0,17.0,23.0,3.0,0.0,0.0,0.0,0.0,10.0,17.0,0.0,0.0,0.0,0.0
A_f0.7_move__lamarckian__s24,A_f0.7_move__lamarckian,A_f0.7_move,A,lamarckian,24,1250,train,45,3.6666666666666665,13,10,42.19220415042088,0.9583333333333334,0.5,adaptive_move,0.59375,0.1102123971759545,0.19865857314148694,237.0,47.0,63.0,349.0,46.0,8.0,0.0,0.0,57.0,3.0,14.0,25.0,22.0,4.0,0.0,0.0,0.0,0.0,14.0,25.0,0.0,0.0,0.0,0.0
A_f0.7_move__lamarckian__s24,A_f0.7_move__lamarckian,A_f0.7_move,A,lamarckian,24,1300,train,43,4.1395348837209305,15,17,78.92133624412963,0.8958333333333334,0.5,adaptive_move,0.54375,0.09895942396168458,0.17047032828282838,306.0,61.0,107.0,456.0,35.0,5.0,0.0,0.0,43.0,4.0,20.0,14.0,25.0,2.0,0.0,0.0,0.0,0.0,20.0,14.0,0.0,0.0,0.0,0.0
A_f0.7_move__lamarckian__s24,A_f0.7_move__lamarckian,A_f0.7_move,A,lamarckian,24,1350,train,45,4.222222222222222,15,13,86.85028968049618,0.8541666666666666,0.5,adaptive_move,0.58125,0.14637864174719187,0.22381365740740766,259.0,40.0,62.0,442.0,43.0,9.0,0.0,0.0,53.0,1.0,16.0,24.0,18.0,3.0,0.0,0.0,0.0,0.0,16.0,24.0,0.0,0.0,0.0,0.0
A_f0.7_move__lamarckian__s24,A_f0.7_move__lamarckian,A_f0.7_move,A,lamarckian,24,1400,train,46,4.608695652173913,16,15,73.6377956130043,0.8125,0.5,adaptive_move,0.625,0.11936974794437658,0.20203609785202836,371.0,50.0,67.0,463.0,111.0,14.0,0.0,0.0,52.0,2.0,14.0,18.0,33.0,1.0,0.0,0.0,0.0,0.0,14.0,18.0,0.0,0.0,0.0,0.0
A_f0.7_move__lamarckian__s24,A_f0.7_move__lamarckian,A_f0.7_move,A,lamarckian,24,1450,train,46,4.630434782608695,13,13,58.77036523424617,0.875,0.5,adaptive_move,0.58125,0.09307373790954267,0.16730221518987354,329.0,59.0,94.0,450.0,50.0,11.0,0.0,0.0,51.0,3.0,19.0,28.0,24.0,2.0,0.0,0.0,0.0,0.0,19.0,28.0,0.0,0.0,0.0,0.0
A_f0.7_move__lamarckian__s24,A_f0.7_move__lamarckian,A_f0.7_move,A,lamarckian,24,1500,train,43,4.744186046511628,11,14,74.91280077180852,0.875,0.5,adaptive_move,0.56875,0.06633410290710903,0.1371949208443275,358.0,68.0,103.0,559.0,31.0,9.0,0.0,0.0,52.0,1.0,15.0,19.0,22.0,0.0,0.0,0.0,0.0,0.0,15.0,19.0,0.0,0.0,0.0,0.0
A_f0.7_move__lamarckian__s24,A_f0.7_move__lamarckian,A_f0.7_move,A,lamarckian,24,1550,eval,50,4.88,17,10,59.78236865277281,0.8958333333333334,0.5,adaptive_move,0.52,0.0,0.0,418.0,79.0,72.0,442.0,55.0,7.0,7.0,36.0,53.0,5.0,6.0,19.0,24.0,0.0,5.0,3.0,0.0,0.0,6.0,19.0,0.0,0.0,5.0,3.0
A_f0.7_move__lamarckian__s24,A_f0.7_move__lamarckian,A_f0.7_move,A,lamarckian,24,1600,eval,41,4.975609756097561,9,18,66.19898024781924,0.8958333333333334,0.5,adaptive_move,0.485,0.0,0.0,416.0,71.0,67.0,377.0,44.0,5.0,6.0,54.0,54.0,5.0,14.0,18.0,19.0,1.0,3.0,4.0,0.0,0.0,14.0,18.0,0.0,0.0,3.0,4.0
A_f0.7_move__lamarckian__s24,A_f0.7_move__lamarckian,A_f0.7_move,A,lamarckian,24,1650,eval,33,5.0,15,23,105.91420606733578,0.75,0.5,adaptive_move,0.46,0.0,0.0,352.0,70.0,78.0,407.0,15.0,1.0,8.0,44.0,47.0,2.0,18.0,15.0,14.0,1.0,7.0,4.0,0.0,0.0,18.0,15.0,0.0,0.0,7.0,4.0
A_f0.7_move__lamarckian__s24,A_f0.7_move__lamarckian,A_f0.7_move,A,lamarckian,24,1700,eval,50,5.4,25,8,89.72503377734279,0.8125,0.5,adaptive_move,0.455,0.0,0.0,573.0,116.0,100.0,569.0,32.0,6.0,5.0,47.0,54.0,6.0,10.0,27.0,22.0,0.0,4.0,4.0,0.0,0.0,10.0,27.0,0.0,0.0,4.0,4.0
A_f0.7_move__lamarckian__s24,A_f0.7_move__lamarckian,A_f0.7_move,A,lamarckian,24,1750,eval,50,5.4,11,11,127.44340769307244,0.6041666666666666,0.5,adaptive_move,0.54,0.0,0.0,603.0,100.0,97.0,645.0,36.0,5.0,14.0,51.0,44.0,2.0,12.0,18.0,13.0,1.0,8.0,1.0,0.0,0.0,12.0,18.0,0.0,0.0,8.0,1.0
A_f0.7_move__lamarckian__s24,A_f0.7_move__lamarckian,A_f0.7_move,A,lamarckian,24,1800,eval,50,5.34,5,5,122.73354421230329,0.625,0.5,adaptive_move,0.515,0.0,0.0,802.0,146.0,156.0,830.0,46.0,5.0,10.0,58.0,33.0,3.0,6.0,23.0,21.0,1.0,5.0,1.0,0.0,0.0,6.0,23.0,0.0,0.0,5.0,1.0
A_f0.7_move__lamarckian__s25,A_f0.7_move__lamarckian,A_f0.7_move,A,lamarckian,25,50,train,50,0.84,34,4,70.61955249106124,0.8958333333333334,0.5,adaptive_move,0.5625,0.03531758155712361,0.06895833333333323,220.0,31.0,21.0,178.0,66.0,12.0,0.0,0.0,53.0,6.0,7.0,20.0,32.0,7.0,0.0,0.0,0.0,0.0,7.0,20.0,0.0,0.0,0.0,0.0
A_f0.7_move__lamarckian__s25,A_f0.7_move__lamarckian,A_f0.7_move,A,lamarckian,25,100,train,50,0.86,11,11,47.84737061403014,0.9791666666666666,0.5,adaptive_move,0.5625,0.06472072668610801,0.12959558823529416,267.0,50.0,63.0,347.0,76.0,20.0,0.0,0.0,38.0,2.0,6.0,36.0,25.0,5.0,0.0,0.0,0.0,0.0,6.0,36.0,0.0,0.0,0.0,0.0
A_f0.7_move__lamarckian__s25,A_f0.7_move__lamarckian,A_f0.7_move,A,lamarckian,25,150,train,45,1.0222222222222221,13,18,62.759542935262985,0.9166666666666666,0.5,adaptive_move,0.59375,0.18614314307731775,0.2619453463203463,282.0,56.0,48.0,292.0,145.0,28.0,0.0,0.0,44.0,2.0,9.0,27.0,30.0,2.0,0.0,0.0,0.0,0.0,9.0,27.0,0.0,0.0,0.0,0.0
A_f0.7_move__lamarckian__s25,A_f0.7_move__lamarckian,A_f0.7_move,A,lamarckian,25,200,train,39,1.1282051282051282,8,14,76.08646205986062,0.875,0.5,adaptive_move,0.49375,0.08838431798302115,0.1604299872122763,281.0,47.0,42.0,257.0,102.0,14.0,0.0,0.0,38.0,3.0,14.0,21.0,38.0,0.0,0.0,0.0,0.0,0.0,14.0,21.0,0.0,0.0,0.0,0.0
A_f0.7_move__lamarckian__s25,A_f0.7_move__lamarckian,A_f0.7_move,A,lamarckian,25,250,train,43,1.2325581395348837,14,10,56.309181264204824,0.875,0.5,adaptive_move,0.56875,0.07581879883667494,0.1567283163265305,315.0,52.0,70.0,398.0,105.0,16.0,0.0,0.0,54.0,3.0,9.0,27.0,36.0,0.0,0.0,0.0,0.0,0.0,9.0,27.0,0.0,0.0,0.0,0.0
A_f0.7_move__lamarckian__s25,A_f0.7_move__lamarckian,A_f0.7_move,A,lamarckian,25,300,train,44,1.3636363636363635,11,10,53.48888384002099,0.9583333333333334,0.5,adaptive_move,0.525,0.09451486848885494,0.17713244416873453,253.0,53.0,62.0,441.0,58.0,11.0,0.0,0.0,48.0,4.0,17.0,20.0,30.0,1.0,0.0,0.0,0.0,0.0,17.0,20.0,0.0,0.0,0.0,0.0
A_f0.7_move__lamarckian__s25,A_f0.7_move__lamarckian,A_f0.7_move,A,lamarckian,25,350,train,45,1.5777777777777777,13,12,62.84151145936708,0.9375,0.5,adaptive_move,0.5375,0.07468445957786918,0.14584693211488253,300.0,51.0,46.0,307.0,49.0,13.0,0.0,0.0,51.0,5.0,14.0,17.0,29.0,1.0,0.0,0.0,0.0,0.0,14.0,17.0,0.0,0.0,0.0,0.0
A_f0.7_move__lamarckian__s25,A_f0.7_move__lamarckian,A_f0.7_move,A,lamarckian,25,400,train,39,1.6153846153846154,14,20,83.69148972266233,0.8125,0.5,adaptive_move,0.58125,0.12027070838041054,0.21046068075117375,319.0,62.0,67.0,396.0,61.0,11.0,0.0,0.0,50.0,0.0,10.0,29.0,32.0,2.0,0.0,0.0,0.0,0.0,10.0,29.0,0.0,0.0,0.0,0.0
A_f0.7_move__lamarckian__s25,A_f0.7_move__lamarckian,A_f0.7_move,A,lamarckian,25,450,train,50,1.74,16,5,61.412383168021634,0.9375,0.5,adaptive_move,0.5375,0.0702569371937031,0.14789507772020727,246.0,48.0,54.0,358.0,100.0,23.0,0.0,0.0,44.0,7.0,16.0,15.0,43.0,1.0,0.0,0.0,0.0,0.0,16.0,15.0,0.0,0.0,0.0,0.0
A_f0.7_move__lamarckian__s25,A_f0.7_move__lamarckian,A_f0.7_move,A,lamarckian,25,500,train,47,1.8936170212765957,10,13,50.04591134816019,0.9583333333333334,0.5,adaptive_move,0.59375,0.11540573723252334,0.18956801470588247,255.0,38.0,56.0,305.0,107.0,17.0,0.0,0.0,52.0,3.0,13.0,15.0,32.0,1.0,0.0,0.0,0.0,0.0,13.0,15.0,0.0,0.0,0.0,0.0
A_f0.7_move__lamarckian__s25,A_f0.7_move__lamarckian,A_f0.7_move,A,lamarckian,25,550,train,40,2.125,13,20,93.42858795808337,0.8125,0.5,adaptive_move,0.53125,0.08877679216814867,0.17794027093596054,201.0,42.0,85.0,450.0,88.0,23.0,0.0,0.0,30.0,4.0,29.0,11.0,32.0,2.0,0.0,0.0,0.0,0.0,29.0,11.0,0.0,0.0,0.0,0.0
A_f0.7_move__lamarckian__s25,A_f0.7_move__lamarckian,A_f0.7_move,A,lamarckian,25,600,train,50,2.42,22,12,71.97585329575107,0.7916666666666666,0.5,adaptive_move,0.54375,0.14196845787121065,0.2322635135135136,375.0,69.0,87.0,553.0,78.0,13.0,0.0,0.0,41.0,5.0,18.0,24.0,38.0,2.0,0.0,0.0,0.0,0.0,18.0,24.0,0.0,0.0,0.0,0.0
A_f0.7_move__lamarckian__s25,A_f0.7_move__lamarckian,A_f0.7_move,A,lamarckian,25,650,train,49,2.489795918367347,12,13,53.80256977843925,0.9166666666666666,0.5,adaptive_move,0.56875,0.09854433651097136,0.19212380095923276,343.0,70.0,64.0,333.0,99.0,18.0,0.0,0.0,39.0,3.0,16.0,23.0,42.0,3.0,0.0,0.0,0.0,0.0,16.0,23.0,0.0,0.0,0.0,0.0
A_f0.7_move__lamarckian__s25,A_f0.7_move__lamarckian,A_f0.7_move,A,lamarckian,25,700,train,42,2.7857142857142856,8,15,78.12003365445615,0.875,0.5,adaptive_move,0.6,0.1360352296794446,0.22492097701149416,340.0,57.0,49.0,283.0,76.0,13.0,0.0,0.0,57.0,1.0,12.0,15.0,30.0,4.0,0.0,0.0,0.0,0.0,12.0,15.0,0.0,0.0,0.0,0.0
A_f0.7_move__lamarckian__s25,A_f0.7_move__lamarckian,A_f0.7_move,A,lamarckian,25,750,train,40,3.15,14,16,65.4603692826479,0.8958333333333334,0.5,adaptive_move,0.59375,0.09020386934498688,0.1713424185463659,250.0,49.0,58.0,244.0,71.0,12.0,0.0,0.0,45.0,0.0,16.0,18.0,35.0,3.0,0.0,0.0,0.0,0.0,16.0,18.0,0.0,0.0,0.0,0.0
A_f0.7_move__lamarckian__s25,A_f0.7_move__lamarckian,A_f0.7_move,A,lamarckian,25,800,train,41,3.2439024390243905,13,12,76.7714054387759,0.8333333333333334,0.5,adaptive_move,0.575,0.16018872401580364,0.23387670842824582,250.0,46.0,84.0,412.0,106.0,11.0,0.0,0.0,44.0,2.0,15.0,23.0,35.0,0.0,0.0,0.0,0.0,0.0,15.0,23.0,0.0,0.0,0.0,0.0
A_f0.7_move__lamarckian__s25,A_f0.7_move__lamarckian,A_f0.7_move,A,lamarckian,25,850,train,50,3.42,15,6,69.26550495601748,0.9375,0.5,adaptive_move,0.525,0.13189678310264777,0.21481807511737094,314.0,73.0,63.0,372.0,94.0,23.0,0.0,0.0,55.0,4.0,13.0,14.0,26.0,1.0,0.0,0.0,0.0,0.0,13.0,14.0,0.0,0.0,0.0,0.0
A_f0.7_move__lamarckian__s25,A_f0.7_move__lamarckian,A_f0.7_move,A,lamarckian,25,900,train,43,3.5813953488372094,9,16,68.5164125499604,0.9375,0.5,adaptive_move,0.60625,0.10097661804161061,0.19047366828087142,207.0,36.0,44.0,291.0,91.0,19.0,0.0,0.0,47.0,4.0,18.0,17.0,38.0,2.0,0.0,0.0,0.0,0.0,18.0,17.0,0.0,0.0,0.0,0.0
A_f0.7_move__lamarckian__s25,A_f0.7_move__lamarckian,A_f0.7_move,A,lamarckian,25,950,train,43,3.86046511627907,14,14,51.40724673659672,0.9583333333333334,0.5,adaptive_move,0.55,0.1051181232890819,0.1809165632754346,389.0,72.0,52.0,247.0,81.0,15.0,0.0,0.0,63.0,2.0,11.0,13.0,33.0,1.0,0.0,0.0,0.0,0.0,11.0,13.0,0.0,0.0,0.0,0.0
A_f0.7_move__lamarckian__s25,A_f0.7_move__lamarckian,A_f0.7_move,A,lamarckian,25,1000,train,30,4.0,8,21,65.33436214008212,0.9583333333333334,0.5,adaptive_move,0.60625,0.10471045700598727,0.1912469660194176,204.0,43.0,59.0,330.0,78.0,7.0,0.0,0.0,44.0,5.0,13.0,22.0,33.0,1.0,0.0,0.0,0.0,0.0,13.0,22.0,0.0,0.0,0.0,0.0
A_f0.7_move__lamarckian__s25,A_f0.7_move__lamarckian,A_f0.7_move,A,lamarckian,25,1050,train,38,4.342105263157895,14,6,52.01760085125504,0.9583333333333334,0.5,adaptive_move,0.55,0.1086558912355498,0.17918485037406473,235.0,32.0,64.0,305.0,80.0,12.0,0.0,0.0,58.0,0.0,14.0,11.0,41.0,1.0,0.0,0.0,0.0,0.0,14.0,11.0,0.0,0.0,0.0,0.0
A_f0.7_move__lamarckian__s25,A_f0.7_move__lamarckian,A_f0.7_move,A,lamarckian,25,1100,train,36,4.222222222222222,8,10,42.15223540481752,0.9791666666666666,0.5,adaptive_move,0.59375,0.13328361027837948,0.21672021028037358,185.0,30.0,70.0,292.0,50.0,12.0,0.0,0.0,51.0,2.0,13.0,18.0,37.0,1.0,0.0,0.0,0.0,0.0,13.0,18.0,0.0,0.0,0.0,0.0
A_f0.7_move__lamarckian__s25,A_f0.7_move__lamarckian,A_f0.7_move,A,lamarckian,25,1150,train,37,4.4324324324324325,10,9,55.2336714955955,0.8958333333333334,0.5,adaptive_move,0.5625,0.10522944521287214,0.19732356459330136,213.0,49.0,39.0,265.0,80.0,12.0,0.0,0.0,59.0,4.0,9.0,14.0,35.0,0.0,0.0,0.0,0.0,0.0,9.0,14.0,0.0,0.0,0.0,0.0
A_f0.7_move__lamarckian__s25,A_f0.7_move__lamarckian,A_f0.7_move,A,lamarckian,25,1200,train,45,4.688888888888889,20,12,46.138447010958004,0.9583333333333334,0.5,adaptive_move,0.5125,0.08718922199925719,0.17026159147869668,342.0,68.0,85.0,418.0,73.0,8.0,0.0,0.0,41.0,1.0,19.0,26.0,31.0,2.0,0.0,0.0,0.0,0.0,19.0,26.0,0.0,0.0,0.0,0.0
A_f0.7_move__lamarckian__s25,A_f0.7_move__lamarckian,A_f0.7_move,A,lamarckian,25,1250,train,43,4.976744186046512,11,13,52.3303168479676,0.9166666666666666,0.5,adaptive_move,0.5375,0.10376650771721949,0.18706448655256702,325.0,43.0,68.0,376.0,124.0,13.0,0.0,0.0,44.0,3.0,16.0,14.0,37.0,1.0,0.0,0.0,0.0,0.0,16.0,14.0,0.0,0.0,0.0,0.0
A_f0.7_move__lamarckian__s25,A_f0.7_move__lamarckian,A_f0.7_move,A,lamarckian,25,1300,train,32,5.15625,7,18,71.6597649681739,0.9166666666666666,0.5,adaptive_move,0.58125,0.10517398431106124,0.1891768292682925,284.0,36.0,56.0,295.0,45.0,6.0,0.0,0.0,38.0,3.0,23.0,22.0,30.0,1.0,0.0,0.0,0.0,0.0,23.0,22.0,0.0,0.0,0.0,0.0
A_f0.7_move__lamarckian__s25,A_f0.7_move__lamarckian,A_f0.7_move,A,lamarckian,25,1350,train,39,5.923076923076923,18,11,115.80082187010308,0.7708333333333334,0.5,adaptive_move,0.56875,0.07822039499122058,0.16211234177215195,198.0,42.0,62.0,398.0,52.0,13.0,0.0,0.0,32.0,1.0,20.0,19.0,28.0,1.0,0.0,0.0,0.0,0.0,20.0,19.0,0.0,0.0,0.0,0.0
A_f0.7_move__lamarckian__s25,A_f0.7_move__lamarckian,A_f0.7_move,A,lamarckian,25,1400,train,47,6.276595744680851,19,11,44.36486930712789,1.0,0.5,adaptive_move,0.56875,0.10524165191978357,0.1986755952380952,360.0,72.0,82.0,462.0,115.0,15.0,0.0,0.0,39.0,4.0,16.0,24.0,52.0,2.0,0.0,0.0,0.0,0.0,16.0,24.0,0.0,0.0,0.0,0.0
A_f0.7_move__lamarckian__s25,A_f0.7_move__lamarckian,A_f0.7_move,A,lamarckian,25,1450,train,46,6.108695652173913,11,12,73.06585290482926,0.875,0.5,adaptive_move,0.56875,0.1583285208168077,0.2540178571428571,328.0,56.0,87.0,477.0,41.0,7.0,0.0,0.0,39.0,1.0,23.0,16.0,21.0,2.0,0.0,0.0,0.0,0.0,23.0,16.0,0.0,0.0,0.0,0.0
A_f0.7_move__lamarckian__s25,A_f0.7_move__lamarckian,A_f0.7_move,A,lamarckian,25,1500,train,50,6.14,19,15,75.3992572819537,0.8333333333333334,0.5,adaptive_move,0.575,0.12797662739556598,0.21269072769953068,401.0,61.0,81.0,471.0,100.0,15.0,0.0,0.0,38.0,2.0,16.0,17.0,43.0,2.0,0.0,0.0,0.0,0.0,16.0,17.0,0.0,0.0,0.0,0.0
A_f0.7_move__lamarckian__s25,A_f0.7_move__lamarckian,A_f0.7_move,A,lamarckian,25,1550,eval,41,6.024390243902439,10,19,63.21916266558718,0.9166666666666666,0.5,adaptive_move,0.52,0.0,0.0,256.0,53.0,58.0,336.0,58.0,5.0,15.0,113.0,48.0,1.0,18.0,20.0,21.0,0.0,5.0,6.0,0.0,0.0,18.0,20.0,0.0,0.0,5.0,6.0
A_f0.7_move__lamarckian__s25,A_f0.7_move__lamarckian,A_f0.7_move,A,lamarckian,25,1600,eval,41,6.2926829268292686,16,16,124.3625070100819,0.7916666666666666,0.5,adaptive_move,0.52,0.0,0.0,342.0,68.0,68.0,340.0,110.0,29.0,24.0,114.0,32.0,1.0,20.0,16.0,20.0,0.0,6.0,4.0,0.0,0.0,20.0,16.0,0.0,0.0,6.0,4.0
A_f0.7_move__lamarckian__s25,A_f0.7_move__lamarckian,A_f0.7_move,A,lamarckian,25,1650,eval,50,6.36,20,11,74.31488273862786,0.8958333333333334,0.5,adaptive_move,0.52,0.0,0.0,405.0,81.0,68.0,415.0,97.0,16.0,25.0,121.0,60.0,3.0,11.0,11.0,17.0,1.0,4.0,9.0,0.0,0.0,11.0,11.0,0.0,0.0,4.0,9.0
A_f0.7_move__lamarckian__s25,A_f0.7_move__lamarckian,A_f0.7_move,A,lamarckian,25,1700,eval,50,6.28,12,12,81.5567003020061,0.8333333333333334,0.5,adaptive_move,0.505,0.0,0.0,386.0,76.0,81.0,411.0,141.0,25.0,20.0,122.0,40.0,2.0,16.0,12.0,20.0,3.0,5.0,4.0,0.0,0.0,16.0,12.0,0.0,0.0,5.0,4.0
A_f0.7_move__lamarckian__s25,A_f0.7_move__lamarckian,A_f0.7_move,A,lamarckian,25,1750,eval,50,6.2,6,6,170.53915288912387,0.4791666666666667,0.5,adaptive_move,0.47,0.0,0.0,507.0,75.0,87.0,441.0,61.0,15.0,20.0,159.0,31.0,3.0,10.0,15.0,10.0,1.0,2.0,7.0,0.0,0.0,10.0,15.0,0.0,0.0,2.0,7.0
A_f0.7_move__lamarckian__s25,A_f0.7_move__lamarckian,A_f0.7_move,A,lamarckian,25,1800,eval,50,6.26,3,3,127.39822569104462,0.5833333333333334,0.5,adaptive_move,0.48,0.0,0.0,511.0,100.0,79.0,567.0,190.0,30.0,22.0,107.0,32.0,4.0,9.0,18.0,23.0,1.0,5.0,5.0,0.0,0.0,9.0,18.0,0.0,0.0,5.0,5.0
A_f0.7_move__lamarckian__s26,A_f0.7_move__lamarckian,A_f0.7_move,A,lamarckian,26,50,train,50,0.76,34,4,94.20109979130777,0.8125,0.5,adaptive_move,0.54375,0.04208741859277491,0.08503196022727244,217.0,37.0,44.0,201.0,91.0,20.0,0.0,0.0,44.0,8.0,10.0,35.0,19.0,2.0,0.0,0.0,0.0,0.0,10.0,35.0,0.0,0.0,0.0,0.0
A_f0.7_move__lamarckian__s26,A_f0.7_move__lamarckian,A_f0.7_move,A,lamarckian,26,100,train,50,0.94,12,12,53.24930917955625,0.9166666666666666,0.5,adaptive_move,0.5375,0.07810909155838511,0.15934319338422398,287.0,60.0,62.0,282.0,77.0,19.0,0.0,0.0,39.0,8.0,12.0,27.0,20.0,5.0,0.0,0.0,0.0,0.0,12.0,27.0,0.0,0.0,0.0,0.0
A_f0.7_move__lamarckian__s26,A_f0.7_move__lamarckian,A_f0.7_move,A,lamarckian,26,150,train,50,1.02,7,7,80.39029615583897,0.8541666666666666,0.5,adaptive_move,0.58125,0.06833252576938617,0.1435133812010445,339.0,51.0,68.0,337.0,59.0,7.0,0.0,0.0,41.0,3.0,12.0,25.0,19.0,3.0,0.0,0.0,0.0,0.0,12.0,25.0,0.0,0.0,0.0,0.0
A_f0.7_move__lamarckian__s26,A_f0.7_move__lamarckian,A_f0.7_move,A,lamarckian,26,200,train,50,1.16,17,17,103.63025895169756,0.75,0.5,adaptive_move,0.56875,0.08893658931705772,0.16365298982188303,361.0,74.0,96.0,483.0,74.0,16.0,0.0,0.0,42.0,5.0,6.0,28.0,17.0,2.0,0.0,0.0,0.0,0.0,6.0,28.0,0.0,0.0,0.0,0.0
A_f0.7_move__lamarckian__s26,A_f0.7_move__lamarckian,A_f0.7_move,A,lamarckian,26,250,train,50,1.2,15,15,129.94321790028386,0.6666666666666666,0.5,adaptive_move,0.58125,0.12393560277408984,0.2096550707547169,447.0,69.0,85.0,496.0,136.0,26.0,0.0,0.0,35.0,3.0,12.0,28.0,24.0,4.0,0.0,0.0,0.0,0.0,12.0,28.0,0.0,0.0,0.0,0.0
A_f0.7_move__lamarckian__s26,A_f0.7_move__lamarckian,A_f0.7_move,A,lamarckian,26,300,train,50,1.12,9,9,139.12850219223702,0.625,0.5,adaptive_move,0.53125,0.08672476383370463,0.15610502577319596,501.0,89.0,94.0,532.0,89.0,8.0,0.0,0.0,39.0,4.0,5.0,26.0,18.0,1.0,0.0,0.0,0.0,0.0,5.0,26.0,0.0,0.0,0.0,0.0
A_f0.7_move__lamarckian__s26,A_f0.7_move__lamarckian,A_f0.7_move,A,lamarckian,26,350,train,50,1.06,12,12,92.75881289127202,0.7708333333333334,0.5,adaptive_move,0.5125,0.0831582501857369,0.15338339793281652,582.0,96.0,111.0,561.0,101.0,18.0,0.0,0.0,53.0,3.0,12.0,24.0,20.0,3.0,0.0,0.0,0.0,0.0,12.0,24.0,0.0,0.0,0.0,0.0
A_f0.7_move__lamarckian__s26,A_f0.7_move__lamarckian,A_f0.7_move,A,lamarckian,26,400,train,50,1.04,10,10,95.28654985482353,0.75,0.5,adaptive_move,0.51875,0.13112305072760577,0.2235808486238533,442.0,69.0,86.0,512.0,116.0,17.0,0.0,0.0,44.0,3.0,10.0,29.0,25.0,3.0,0.0,0.0,0.0,0.0,10.0,29.0,0.0,0.0,0.0,0.0
A_f0.7_move__lamarckian__s26,A_f0.7_move__lamarckian,A_f0.7_move,A,lamarckian,26,450,train,50,1.04,2,2,105.00072565773863,0.7291666666666666,0.5,adaptive_move,0.6,0.07834568764935537,0.154779884318766,470.0,80.0,104.0,534.0,60.0,7.0,0.0,0.0,36.0,5.0,12.0,18.0,20.0,1.0,0.0,0.0,0.0,0.0,12.0,18.0,0.0,0.0,0.0,0.0
A_f0.7_move__lamarckian__s26,A_f0.7_move__lamarckian,A_f0.7_move,A,lamarckian,26,500,train,50,1.26,16,16,84.49638507980637,0.8541666666666666,0.5,adaptive_move,0.5125,0.08625160907728137,0.16055484693877564,389.0,57.0,93.0,461.0,105.0,21.0,0.0,0.0,51.0,4.0,13.0,18.0,23.0,0.0,0.0,0.0,0.0,0.0,13.0,18.0,0.0,0.0,0.0,0.0
A_f0.7_move__lamarckian__s26,A_f0.7_move__lamarckian,A_f0.7_move,A,lamarckian,26,550,train,50,1.58,17,17,85.28972061659348,0.8125,0.5,adaptive_move,0.56875,0.11574636987692961,0.22239583333333313,289.0,41.0,85.0,513.0,118.0,16.0,0.0,0.0,41.0,4.0,13.0,32.0,23.0,2.0,0.0,0.0,0.0,0.0,13.0,32.0,0.0,0.0,0.0,0.0
A_f0.7_move__lamarckian__s26,A_f0.7_move__lamarckian,A_f0.7_move,A,lamarckian,26,600,train,50,1.68,7,7,113.96647861704417,0.7291666666666666,0.5,adaptive_move,0.55625,0.09048970554642068,0.16362118320610697,540.0,87.0,79.0,422.0,36.0,3.0,0.0,0.0,33.0,5.0,6.0,30.0,16.0,0.0,0.0,0.0,0.0,0.0,6.0,30.0,0.0,0.0,0.0,0.0
A_f0.7_move__lamarckian__s26,A_f0.7_move__lamarckian,A_f0.7_move,A,lamarckian,26,650,train,50,1.7,5,5,89.99075214652201,0.7916666666666666,0.5,adaptive_move,0.60625,0.08800300117367985,0.16298505089058524,520.0,67.0,93.0,429.0,47.0,16.0,0.0,0.0,58.0,4.0,12.0,13.0,18.0,2.0,0.0,0.0,0.0,0.0,12.0,13.0,0.0,0.0,0.0,0.0
A_f0.7_move__lamarckian__s26,A_f0.7_move__lamarckian,A_f0.7_move,A,lamarckian,26,700,train,50,1.8,15,15,90.88632521614599,0.75,0.5,adaptive_move,0.5625,0.10750022748162624,0.17785937499999993,395.0,91.0,99.0,568.0,69.0,11.0,0.0,0.0,42.0,6.0,9.0,13.0,21.0,2.0,0.0,0.0,0.0,0.0,9.0,13.0,0.0,0.0,0.0,0.0
A_f0.7_move__lamarckian__s26,A_f0.7_move__lamarckian,A_f0.7_move,A,lamarckian,26,750,train,50,1.8,7,7,76.00832865466793,0.875,0.5,adaptive_move,0.53125,0.08563312617873309,0.17198410224438887,455.0,70.0,69.0,483.0,81.0,14.0,0.0,0.0,55.0,1.0,8.0,28.0,20.0,1.0,0.0,0.0,0.0,0.0,8.0,28.0,0.0,0.0,0.0,0.0
A_f0.7_move__lamarckian__s26,A_f0.7_move__lamarckian,A_f0.7_move,A,lamarckian,26,800,train,50,1.84,15,15,80.36801566388672,0.8333333333333334,0.5,adaptive_move,0.575,0.11568750843090302,0.20692806603773595,477.0,90.0,107.0,545.0,73.0,16.0,0.0,0.0,42.0,6.0,16.0,24.0,17.0,0.0,0.0,0.0,0.0,0.0,16.0,24.0,0.0,0.0,0.0,0.0
A_f0.7_move__lamarckian__s26,A_f0.7_move__lamarckian,A_f0.7_move,A,lamarckian,26,850,train,50,1.94,6,6,66.9621106932081,0.875,0.5,adaptive_move,0.4875,0.09337178965842578,0.16651332487309634,514.0,90.0,76.0,409.0,97.0,15.0,0.0,0.0,51.0,5.0,13.0,18.0,23.0,1.0,0.0,0.0,0.0,0.0,13.0,18.0,0.0,0.0,0.0,0.0
A_f0.7_move__lamarckian__s26,A_f0.7_move__lamarckian,A_f0.7_move,A,lamarckian,26,900,train,50,1.96,9,9,75.39915771747107,0.8541666666666666,0.5,adaptive_move,0.59375,0.10325284947759769,0.17981544665012428,302.0,70.0,57.0,383.0,127.0,18.0,0.0,0.0,48.0,3.0,8.0,23.0,27.0,2.0,0.0,0.0,0.0,0.0,8.0,23.0,0.0,0.0,0.0,0.0
A_f0.7_move__lamarckian__s26,A_f0.7_move__lamarckian,A_f0.7_move,A,lamarckian,26,950,train,50,2.0,5,5,77.59630511369484,0.8125,0.5,adaptive_move,0.5875,0.09181067962059636,0.16915144836272056,314.0,48.0,76.0,472.0,89.0,12.0,0.0,0.0,50.0,2.0,20.0,12.0,25.0,1.0,0.0,0.0,0.0,0.0,20.0,12.0,0.0,0.0,0.0,0.0
A_f0.7_move__lamarckian__s26,A_f0.7_move__lamarckian,A_f0.7_move,A,lamarckian,26,1000,train,50,2.24,14,14,68.10080650655928,0.9166666666666666,0.5,adaptive_move,0.53125,0.1018499523409977,0.17942772952853603,296.0,48.0,82.0,432.0,109.0,18.0,0.0,0.0,52.0,1.0,19.0,18.0,23.0,1.0,0.0,0.0,0.0,0.0,19.0,18.0,0.0,0.0,0.0,0.0
A_f0.7_move__lamarckian__s26,A_f0.7_move__lamarckian,A_f0.7_move,A,lamarckian,26,1050,train,50,2.44,14,14,78.61755895862075,0.9166666666666666,0.5,adaptive_move,0.55,0.10001677195454838,0.18142746913580243,263.0,48.0,74.0,399.0,88.0,19.0,0.0,0.0,48.0,2.0,14.0,16.0,14.0,2.0,0.0,0.0,0.0,0.0,14.0,16.0,0.0,0.0,0.0,0.0
A_f0.7_move__lamarckian__s26,A_f0.7_move__lamarckian,A_f0.7_move,A,lamarckian,26,1100,train,50,2.58,17,17,53.28579372952804,0.9583333333333334,0.5,adaptive_move,0.525,0.1380121188299604,0.22789668949771658,281.0,50.0,72.0,501.0,116.0,12.0,0.0,0.0,53.0,1.0,17.0,22.0,29.0,1.0,0.0,0.0,0.0,0.0,17.0,22.0,0.0,0.0,0.0,0.0
A_f0.7_move__lamarckian__s26,A_f0.7_move__lamarckian,A_f0.7_move,A,lamarckian,26,1150,train,50,2.68,10,10,62.93261840462546,0.9166666666666666,0.5,adaptive_move,0.575,0.08098148022957351,0.15974170918367325,341.0,50.0,50.0,319.0,110.0,17.0,0.0,0.0,68.0,1.0,10.0,11.0,31.0,0.0,0.0,0.0,0.0,0.0,10.0,11.0,0.0,0.0,0.0,0.0
A_f0.7_move__lamarckian__s26,A_f0.7_move__lamarckian,A_f0.7_move,A,lamarckian,26,1200,train,50,2.88,21,21,53.095758735640445,0.9583333333333334,0.5,adaptive_move,0.575,0.08389860577622213,0.16747801507537674,287.0,59.0,37.0,272.0,105.0,16.0,0.0,0.0,62.0,1.0,14.0,20.0,29.0,0.0,0.0,0.0,0.0,0.0,14.0,20.0,0.0,0.0,0.0,0.0
A_f0.7_move__lamarckian__s26,A_f0.7_move__lamarckian,A_f0.7_move,A,lamarckian,26,1250,train,50,2.98,12,12,45.607769680382155,0.9375,0.5,adaptive_move,0.6125,0.102002404198776,0.18956310679611676,254.0,51.0,63.0,310.0,109.0,16.0,0.0,0.0,66.0,2.0,14.0,15.0,20.0,2.0,0.0,0.0,0.0,0.0,14.0,15.0,0.0,0.0,0.0,0.0
A_f0.7_move__lamarckian__s26,A_f0.7_move__lamarckian,A_f0.7_move,A,lamarckian,26,1300,train,49,3.204081632653061,13,14,84.66194755227394,0.9375,0.5,adaptive_move,0.54375,0.1041656565212182,0.19218371670702172,283.0,39.0,55.0,347.0,36.0,6.0,0.0,0.0,50.0,4.0,12.0,17.0,13.0,2.0,0.0,0.0,0.0,0.0,12.0,17.0,0.0,0.0,0.0,0.0
A_f0.7_move__lamarckian__s26,A_f0.7_move__lamarckian,A_f0.7_move,A,lamarckian,26,1350,train,41,3.4146341463414633,4,12,62.665049579789795,0.9166666666666666,0.5,adaptive_move,0.55625,0.09662800936201693,0.1936309523809523,266.0,51.0,75.0,396.0,71.0,15.0,0.0,0.0,53.0,1.0,17.0,25.0,26.0,0.0,0.0,0.0,0.0,0.0,17.0,25.0,0.0,0.0,0.0,0.0
A_f0.7_move__lamarckian__s26,A_f0.7_move__lamarckian,A_f0.7_move,A,lamarckian,26,1400,train,49,3.795918367346939,22,14,59.138394007861386,0.9375,0.5,adaptive_move,0.53125,0.09534505278305766,0.1860477493917274,320.0,62.0,59.0,367.0,61.0,5.0,0.0,0.0,56.0,3.0,15.0,20.0,22.0,0.0,0.0,0.0,0.0,0.0,15.0,20.0,0.0,0.0,0.0,0.0
A_f0.7_move__lamarckian__s26,A_f0.7_move__lamarckian,A_f0.7_move,A,lamarckian,26,1450,train,44,3.772727272727273,8,13,56.145844793655314,0.9375,0.5,adaptive_move,0.575,0.06808416908713041,0.1453003246753246,374.0,60.0,60.0,286.0,98.0,17.0,0.0,0.0,53.0,3.0,16.0,18.0,28.0,3.0,0.0,0.0,0.0,0.0,16.0,18.0,0.0,0.0,0.0,0.0
A_f0.7_move__lamarckian__s26,A_f0.7_move__lamarckian,A_f0.7_move,A,lamarckian,26,1500,train,37,3.810810810810811,6,13,76.01215062638902,0.9166666666666666,0.5,adaptive_move,0.5625,0.10328149727940211,0.18856707317073162,291.0,47.0,75.0,408.0,61.0,14.0,0.0,0.0,56.0,2.0,13.0,21.0,22.0,3.0,0.0,0.0,0.0,0.0,13.0,21.0,0.0,0.0,0.0,0.0
A_f0.7_move__lamarckian__s26,A_f0.7_move__lamarckian,A_f0.7_move,A,lamarckian,26,1550,eval,41,4.121951219512195,14,10,63.22307015813302,0.9166666666666666,0.5,adaptive_move,0.495,0.0,0.0,301.0,50.0,47.0,284.0,31.0,6.0,10.0,46.0,72.0,6.0,17.0,9.0,13.0,2.0,2.0,7.0,0.0,0.0,17.0,9.0,0.0,0.0,2.0,7.0
A_f0.7_move__lamarckian__s26,A_f0.7_move__lamarckian,A_f0.7_move,A,lamarckian,26,1600,eval,42,4.261904761904762,12,11,69.40056794977107,0.8958333333333334,0.5,adaptive_move,0.505,0.0,0.0,316.0,54.0,38.0,241.0,19.0,5.0,13.0,63.0,68.0,3.0,14.0,12.0,10.0,0.0,6.0,5.0,0.0,0.0,14.0,12.0,0.0,0.0,6.0,5.0
A_f0.7_move__lamarckian__s26,A_f0.7_move__lamarckian,A_f0.7_move,A,lamarckian,26,1650,eval,36,4.555555555555555,11,17,89.27828156436333,0.8541666666666666,0.5,adaptive_move,0.475,0.0,0.0,283.0,48.0,41.0,246.0,27.0,2.0,19.0,59.0,56.0,3.0,12.0,11.0,11.0,0.0,7.0,6.0,0.0,0.0,12.0,11.0,0.0,0.0,7.0,6.0
A_f0.7_move__lamarckian__s26,A_f0.7_move__lamarckian,A_f0.7_move,A,lamarckian,26,1700,eval,44,4.795454545454546,19,11,55.25919635148652,0.9375,0.5,adaptive_move,0.495,0.0,0.0,388.0,66.0,63.0,355.0,65.0,22.0,3.0,47.0,72.0,2.0,14.0,13.0,22.0,1.0,2.0,2.0,0.0,0.0,14.0,13.0,0.0,0.0,2.0,2.0
A_f0.7_move__lamarckian__s26,A_f0.7_move__lamarckian,A_f0.7_move,A,lamarckian,26,1750,eval,41,4.853658536585366,12,15,104.05835059871018,0.8125,0.5,adaptive_move,0.515,0.0,0.0,281.0,55.0,81.0,398.0,58.0,13.0,13.0,47.0,47.0,0.0,24.0,14.0,8.0,1.0,6.0,2.0,0.0,0.0,24.0,14.0,0.0,0.0,6.0,2.0
A_f0.7_move__lamarckian__s26,A_f0.7_move__lamarckian,A_f0.7_move,A,lamarckian,26,1800,eval,44,5.090909090909091,15,12,85.73879818955487,0.7916666666666666,0.5,adaptive_move,0.5,0.0,0.0,327.0,47.0,79.0,483.0,71.0,3.0,9.0,76.0,67.0,0.0,20.0,15.0,11.0,0.0,6.0,7.0,0.0,0.0,20.0,15.0,0.0,0.0,6.0,7.0
A_f0.7_move__lamarckian__s27,A_f0.7_move__lamarckian,A_f0.7_move,A,lamarckian,27,50,train,50,0.78,34,4,69.47637141582484,0.8541666666666666,0.5,adaptive_move,0.54375,0.08995664748841034,0.1290347035040431,245.0,34.0,68.0,314.0,105.0,12.0,0.0,0.0,37.0,4.0,8.0,43.0,20.0,3.0,0.0,0.0,0.0,0.0,8.0,43.0,0.0,0.0,0.0,0.0
A_f0.7_move__lamarckian__s27,A_f0.7_move__lamarckian,A_f0.7_move,A,lamarckian,27,100,train,50,0.82,7,7,92.9925587815332,0.8333333333333334,0.5,adaptive_move,0.54375,0.08144946510246573,0.16002869897959138,375.0,83.0,67.0,391.0,121.0,21.0,0.0,0.0,40.0,10.0,6.0,23.0,13.0,5.0,0.0,0.0,0.0,0.0,6.0,23.0,0.0,0.0,0.0,0.0
A_f0.7_move__lamarckian__s27,A_f0.7_move__lamarckian,A_f0.7_move,A,lamarckian,27,150,train,50,0.86,9,9,61.20313191824515,0.8958333333333334,0.5,adaptive_move,0.50625,0.0895984369884388,0.1533678756476684,520.0,85.0,105.0,453.0,124.0,21.0,0.0,0.0,52.0,1.0,10.0,32.0,24.0,1.0,0.0,0.0,0.0,0.0,10.0,32.0,0.0,0.0,0.0,0.0
A_f0.7_move__lamarckian__s27,A_f0.7_move__lamarckian,A_f0.7_move,A,lamarckian,27,200,train,50,0.84,9,9,109.04524883684019,0.75,0.5,adaptive_move,0.5875,0.11286432270058934,0.19717548076923053,358.0,67.0,87.0,578.0,89.0,21.0,0.0,0.0,40.0,1.0,4.0,32.0,19.0,4.0,0.0,0.0,0.0,0.0,4.0,32.0,0.0,0.0,0.0,0.0
A_f0.7_move__lamarckian__s27,A_f0.7_move__lamarckian,A_f0.7_move,A,lamarckian,27,250,train,50,0.82,6,6,125.6433575253778,0.7083333333333334,0.5,adaptive_move,0.54375,0.09689609109180787,0.1873099148418491,607.0,93.0,104.0,641.0,53.0,5.0,0.0,0.0,39.0,1.0,13.0,22.0,21.0,2.0,0.0,0.0,0.0,0.0,13.0,22.0,0.0,0.0,0.0,0.0
A_f0.7_move__lamarckian__s27,A_f0.7_move__lamarckian,A_f0.7_move,A,lamarckian,27,300,train,50,0.82,12,12,94.83350528022234,0.8125,0.5,adaptive_move,0.5625,0.06914812388863106,0.14078904199475062,520.0,96.0,123.0,645.0,149.0,15.0,0.0,0.0,42.0,2.0,17.0,32.0,25.0,0.0,0.0,0.0,0.0,0.0,17.0,32.0,0.0,0.0,0.0,0.0
A_f0.7_move__lamarckian__s27,A_f0.7_move__lamarckian,A_f0.7_move,A,lamarckian,27,350,train,50,0.8,6,6,118.51313078284946,0.6875,0.5,adaptive_move,0.5125,0.058000538773348945,0.10930612947658402,489.0,90.0,105.0,554.0,86.0,24.0,0.0,0.0,36.0,7.0,12.0,25.0,14.0,0.0,0.0,0.0,0.0,0.0,12.0,25.0,0.0,0.0,0.0,0.0
A_f0.7_move__lamarckian__s27,A_f0.7_move__lamarckian,A_f0.7_move,A,lamarckian,27,400,train,50,0.8,5,5,128.7435876034074,0.6041666666666666,0.5,adaptive_move,0.56875,0.06641713094468216,0.13602843915343898,476.0,81.0,98.0,588.0,188.0,39.0,0.0,0.0,47.0,4.0,8.0,17.0,24.0,3.0,0.0,0.0,0.0,0.0,8.0,17.0,0.0,0.0,0.0,0.0
A_f0.7_move__lamarckian__s27,A_f0.7_move__lamarckian,A_f0.7_move,A,lamarckian,27,450,train,50,0.8,3,3,73.82255757889652,0.8958333333333334,0.5,adaptive_move,0.55625,0.09685614859398031,0.16607029262086503,489.0,91.0,111.0,662.0,169.0,27.0,0.0,0.0,50.0,2.0,16.0,25.0,22.0,2.0,0.0,0.0,0.0,0.0,16.0,25.0,0.0,0.0,0.0,0.0
A_f0.7_move__lamarckian__s27,A_f0.7_move__lamarckian,A_f0.7_move,A,lamarckian,27,500,train,50,1.28,15,15,69.71759704965802,0.8958333333333334,0.5,adaptive_move,0.49375,0.07243306938916966,0.15075708762886597,357.0,61.0,111.0,576.0,131.0,22.0,0.0,0.0,47.0,5.0,19.0,21.0,29.0,0.0,0.0,0.0,0.0,0.0,19.0,21.0,0.0,0.0,0.0,0.0
A_f0.7_move__lamarckian__s27,A_f0.7_move__lamarckian,A_f0.7_move,A,lamarckian,27,550,train,50,1.64,22,22,68.20850146361494,0.875,0.5,adaptive_move,0.60625,0.12310320433690188,0.2155668604651162,408.0,65.0,64.0,374.0,82.0,22.0,0.0,0.0,46.0,5.0,12.0,24.0,22.0,2.0,0.0,0.0,0.0,0.0,12.0,24.0,0.0,0.0,0.0,0.0
A_f0.7_move__lamarckian__s27,A_f0.7_move__lamarckian,A_f0.7_move,A,lamarckian,27,600,train,50,1.7,16,16,89.40696367402879,0.8541666666666666,0.5,adaptive_move,0.525,0.11692895696179695,0.18969056372549042,452.0,92.0,76.0,490.0,62.0,7.0,0.0,0.0,56.0,2.0,12.0,23.0,16.0,0.0,0.0,0.0,0.0,0.0,12.0,23.0,0.0,0.0,0.0,0.0
A_f0.7_move__lamarckian__s27,A_f0.7_move__lamarckian,A_f0.7_move,A,lamarckian,27,650,train,50,1.74,15,15,52.20271277393649,0.9375,0.5,adaptive_move,0.51875,0.0637635399676918,0.1307583333333333,341.0,63.0,63.0,409.0,57.0,11.0,0.0,0.0,50.0,8.0,11.0,23.0,22.0,0.0,0.0,0.0,0.0,0.0,11.0,23.0,0.0,0.0,0.0,0.0
A_f0.7_move__lamarckian__s27,A_f0.7_move__lamarckian,A_f0.7_move,A,lamarckian,27,700,train,50,1.8,12,12,107.69665158610596,0.75,0.5,adaptive_move,0.56875,0.1076299819840119,0.19152002427184467,444.0,59.0,57.0,387.0,96.0,14.0,0.0,0.0,47.0,4.0,17.0,18.0,19.0,1.0,0.0,0.0,0.0,0.0,17.0,18.0,0.0,0.0,0.0,0.0
A_f0.7_move__lamarckian__s27,A_f0.7_move__lamarckian,A_f0.7_move,A,lamarckian,27,750,train,50,1.86,17,17,81.53503158398806,0.7916666666666666,0.5,adaptive_move,0.56875,0.08417697900239951,0.14811520887728458,448.0,78.0,61.0,360.0,103.0,21.0,0.0,0.0,53.0,4.0,19.0,19.0,22.0,1.0,0.0,0.0,0.0,0.0,19.0,19.0,0.0,0.0,0.0,0.0
A_f0.7_move__lamarckian__s27,A_f0.7_move__lamarckian,A_f0.7_move,A,lamarckian,27,800,train,50,1.92,10,10,72.1342130010288,0.875,0.5,adaptive_move,0.50625,0.07275307559483722,0.13943766490765186,310.0,71.0,85.0,447.0,99.0,11.0,0.0,0.0,51.0,5.0,12.0,26.0,24.0,2.0,0.0,0.0,0.0,0.0,12.0,26.0,0.0,0.0,0.0,0.0
A_f0.7_move__lamarckian__s27,A_f0.7_move__lamarckian,A_f0.7_move,A,lamarckian,27,850,train,50,2.1,14,14,51.30700895754468,0.9375,0.5,adaptive_move,0.50625,0.0697227382097736,0.15533555979643765,434.0,66.0,104.0,564.0,97.0,16.0,0.0,0.0,54.0,0.0,29.0,16.0,24.0,2.0,0.0,0.0,0.0,0.0,29.0,16.0,0.0,0.0,0.0,0.0
A_f0.7_move__lamarckian__s27,A_f0.7_move__lamarckian,A_f0.7_move,A,lamarckian,27,900,train,50,2.42,19,19,53.94262916028652,0.9166666666666666,0.5,adaptive_move,0.59375,0.08062088190981764,0.15676282051282042,504.0,80.0,69.0,337.0,72.0,12.0,0.0,0.0,60.0,2.0,14.0,18.0,24.0,0.0,0.0,0.0,0.0,0.0,14.0,18.0,0.0,0.0,0.0,0.0
A_f0.7_move__lamarckian__s27,A_f0.7_move__lamarckian,A_f0.7_move,A,lamarckian,27,950,train,50,2.66,19,19,46.69740735271309,0.9166666666666666,0.5,adaptive_move,0.5625,0.09494593991896681,0.17891398514851464,361.0,65.0,76.0,389.0,63.0,16.0,0.0,0.0,54.0,1.0,13.0,26.0,30.0,0.0,0.0,0.0,0.0,0.0,13.0,26.0,0.0,0.0,0.0,0.0
A_f0.7_move__lamarckian__s27,A_f0.7_move__lamarckian,A_f0.7_move,A,lamarckian,27,1000,train,50,2.68,13,13,42.451435695222244,0.9583333333333334,0.5,adaptive_move,0.54375,0.1106152886774654,0.19227851941747587,233.0,46.0,52.0,306.0,35.0,5.0,0.0,0.0,67.0,2.0,9.0,17.0,22.0,0.0,0.0,0.0,0.0,0.0,9.0,17.0,0.0,0.0,0.0,0.0
A_f0.7_move__lamarckian__s27,A_f0.7_move__lamarckian,A_f0.7_move,A,lamarckian,27,1050,train,43,2.7209302325581395,15,22,51.95318364652436,0.9791666666666666,0.5,adaptive_move,0.55,0.17631221050420462,0.24737723214285734,223.0,42.0,58.0,345.0,50.0,9.0,0.0,0.0,52.0,1.0,18.0,23.0,19.0,0.0,0.0,0.0,0.0,0.0,18.0,23.0,0.0,0.0,0.0,0.0
A_f0.7_move__lamarckian__s27,A_f0.7_move__lamarckian,A_f0.7_move,A,lamarckian,27,1100,train,34,2.9411764705882355,10,19,105.64934328365251,0.7708333333333334,0.5,adaptive_move,0.575,0.07504587586380593,0.1508317183462533,185.0,34.0,45.0,302.0,55.0,11.0,0.0,0.0,50.0,2.0,9.0,20.0,19.0,1.0,0.0,0.0,0.0,0.0,9.0,20.0,0.0,0.0,0.0,0.0
A_f0.7_move__lamarckian__s27,A_f0.7_move__lamarckian,A_f0.7_move,A,lamarckian,27,1150,train,39,3.3076923076923075,18,13,120.13744733493746,0.7291666666666666,0.5,adaptive_move,0.55,0.07161250233298948,0.14852655440414497,325.0,51.0,80.0,418.0,53.0,15.0,0.0,0.0,26.0,4.0,19.0,35.0,24.0,1.0,0.0,0.0,0.0,0.0,19.0,35.0,0.0,0.0,0.0,0.0
A_f0.7_move__lamarckian__s27,A_f0.7_move__lamarckian,A_f0.7_move,A,lamarckian,27,1200,train,50,3.72,23,12,64.48998059642402,0.9166666666666666,0.5,adaptive_move,0.5875,0.09647457640686893,0.17268953634085205,359.0,77.0,75.0,387.0,46.0,7.0,0.0,0.0,54.0,6.0,23.0,25.0,22.0,0.0,0.0,0.0,0.0,0.0,23.0,25.0,0.0,0.0,0.0,0.0
A_f0.7_move__lamarckian__s27,A_f0.7_move__lamarckian,A_f0.7_move,A,lamarckian,27,1250,train,42,3.7142857142857144,5,13,65.82734859601845,0.875,0.5,adaptive_move,0.6,0.10050176778953182,0.19180253623188404,248.0,52.0,53.0,354.0,72.0,11.0,0.0,0.0,60.0,1.0,11.0,19.0,25.0,0.0,0.0,0.0,0.0,0.0,11.0,19.0,0.0,0.0,0.0,0.0
A_f0.7_move__lamarckian__s27,A_f0.7_move__lamarckian,A_f0.7_move,A,lamarckian,27,1300,train,41,3.926829268292683,11,12,52.818107949901325,0.9583333333333334,0.5,adaptive_move,0.575,0.08234577992094574,0.14151550131926127,303.0,63.0,88.0,484.0,56.0,5.0,0.0,0.0,47.0,6.0,19.0,23.0,24.0,0.0,0.0,0.0,0.0,0.0,19.0,23.0,0.0,0.0,0.0,0.0
A_f0.7_move__lamarckian__s27,A_f0.7_move__lamarckian,A_f0.7_move,A,lamarckian,27,1350,train,46,4.3478260869565215,16,11,88.01284593036823,0.8541666666666666,0.5,adaptive_move,0.51875,0.09068792439223798,0.17867918719211806,407.0,71.0,69.0,352.0,100.0,12.0,0.0,0.0,52.0,3.0,16.0,9.0,33.0,4.0,0.0,0.0,0.0,0.0,16.0,9.0,0.0,0.0,0.0,0.0
A_f0.7_move__lamarckian__s27,A_f0.7_move__lamarckian,A_f0.7_move,A,lamarckian,27,1400,train,50,4.46,10,6,50.84763703138541,0.9375,0.5,adaptive_move,0.6125,0.07623252080612558,0.15613011508951424,392.0,57.0,76.0,530.0,86.0,21.0,0.0,0.0,65.0,2.0,11.0,19.0,22.0,0.0,0.0,0.0,0.0,0.0,11.0,19.0,0.0,0.0,0.0,0.0
A_f0.7_move__lamarckian__s27,A_f0.7_move__lamarckian,A_f0.7_move,A,lamarckian,27,1450,train,46,4.543478260869565,11,15,54.12124021258139,0.9375,0.5,adaptive_move,0.53125,0.09876535087204524,0.17689676616915428,271.0,50.0,82.0,530.0,103.0,18.0,0.0,0.0,45.0,2.0,23.0,24.0,27.0,2.0,0.0,0.0,0.0,0.0,23.0,24.0,0.0,0.0,0.0,0.0
A_f0.7_move__lamarckian__s27,A_f0.7_move__lamarckian,A_f0.7_move,A,lamarckian,27,1500,train,41,4.7317073170731705,12,17,61.919602081382834,0.9583333333333334,0.5,adaptive_move,0.5375,0.08170552012804567,0.16134701017811715,366.0,63.0,85.0,447.0,57.0,10.0,0.0,0.0,59.0,1.0,22.0,11.0,23.0,1.0,0.0,0.0,0.0,0.0,22.0,11.0,0.0,0.0,0.0,0.0
A_f0.7_move__lamarckian__s27,A_f0.7_move__lamarckian,A_f0.7_move,A,lamarckian,27,1550,eval,41,5.024390243902439,13,13,86.81802822721667,0.875,0.5,adaptive_move,0.475,0.0,0.0,306.0,51.0,87.0,491.0,33.0,5.0,10.0,51.0,44.0,2.0,17.0,20.0,9.0,0.0,6.0,4.0,0.0,0.0,17.0,20.0,0.0,0.0,6.0,4.0
A_f0.7_move__lamarckian__s27,A_f0.7_move__lamarckian,A_f0.7_move,A,lamarckian,27,1600,eval,36,5.305555555555555,12,17,59.88105949060292,0.9166666666666666,0.5,adaptive_move,0.505,0.0,0.0,306.0,49.0,74.0,448.0,42.0,10.0,10.0,36.0,58.0,1.0,25.0,19.0,14.0,1.0,4.0,5.0,0.0,0.0,25.0,19.0,0.0,0.0,4.0,5.0
A_f0.7_move__lamarckian__s27,A_f0.7_move__lamarckian,A_f0.7_move,A,lamarckian,27,1650,eval,50,5.58,24,10,83.08696511613874,0.75,0.5,adaptive_move,0.465,0.0,0.0,341.0,69.0,70.0,426.0,38.0,4.0,6.0,36.0,51.0,4.0,17.0,14.0,15.0,2.0,4.0,5.0,0.0,0.0,17.0,14.0,0.0,0.0,4.0,5.0
A_f0.7_move__lamarckian__s27,A_f0.7_move__lamarckian,A_f0.7_move,A,lamarckian,27,1700,eval,50,5.74,13,13,72.56656027384847,0.8541666666666666,0.5,adaptive_move,0.485,0.0,0.0,424.0,63.0,81.0,468.0,30.0,13.0,7.0,42.0,50.0,5.0,20.0,20.0,20.0,0.0,2.0,1.0,0.0,0.0,20.0,20.0,0.0,0.0,2.0,1.0
A_f0.7_move__lamarckian__s27,A_f0.7_move__lamarckian,A_f0.7_move,A,lamarckian,27,1750,eval,50,5.88,12,12,93.7418415003446,0.7916666666666666,0.5,adaptive_move,0.535,0.0,0.0,473.0,91.0,51.0,280.0,51.0,7.0,10.0,51.0,57.0,4.0,11.0,11.0,16.0,0.0,4.0,6.0,0.0,0.0,11.0,11.0,0.0,0.0,4.0,6.0
A_f0.7_move__lamarckian__s27,A_f0.7_move__lamarckian,A_f0.7_move,A,lamarckian,27,1800,eval,50,5.9,10,10,80.74437845966158,0.8125,0.5,adaptive_move,0.435,0.0,0.0,588.0,101.0,85.0,564.0,99.0,20.0,9.0,64.0,60.0,3.0,10.0,22.0,13.0,0.0,4.0,3.0,0.0,0.0,10.0,22.0,0.0,0.0,4.0,3.0
A_f0.7_move__lamarckian__s28,A_f0.7_move__lamarckian,A_f0.7_move,A,lamarckian,28,50,train,50,0.78,32,2,43.65741645721954,0.9166666666666666,0.5,adaptive_move,0.5625,0.084469589207799,0.14181233509234858,320.0,52.0,48.0,271.0,74.0,6.0,0.0,0.0,56.0,12.0,6.0,46.0,14.0,0.0,0.0,0.0,0.0,0.0,6.0,46.0,0.0,0.0,0.0,0.0
A_f0.7_move__lamarckian__s28,A_f0.7_move__lamarckian,A_f0.7_move,A,lamarckian,28,100,train,50,0.94,11,11,89.44982460660754,0.8541666666666666,0.5,adaptive_move,0.55,0.0822609246977914,0.15059253246753213,220.0,50.0,26.0,173.0,109.0,22.0,0.0,0.0,45.0,6.0,7.0,20.0,13.0,2.0,0.0,0.0,0.0,0.0,7.0,20.0,0.0,0.0,0.0,0.0
A_f0.7_move__lamarckian__s28,A_f0.7_move__lamarckian,A_f0.7_move,A,lamarckian,28,150,train,46,1.1521739130434783,14,18,89.2486700917416,0.8125,0.5,adaptive_move,0.51875,0.11247996912964725,0.20126044152744615,265.0,44.0,54.0,306.0,142.0,21.0,0.0,0.0,58.0,5.0,7.0,33.0,11.0,1.0,0.0,0.0,0.0,0.0,7.0,33.0,0.0,0.0,0.0,0.0
A_f0.7_move__lamarckian__s28,A_f0.7_move__lamarckian,A_f0.7_move,A,lamarckian,28,200,train,40,1.35,12,18,89.90648059456336,0.8541666666666666,0.5,adaptive_move,0.575,0.157182418251121,0.21736438679245262,181.0,22.0,55.0,356.0,107.0,18.0,0.0,0.0,43.0,4.0,17.0,28.0,17.0,0.0,0.0,0.0,0.0,0.0,17.0,28.0,0.0,0.0,0.0,0.0
A_f0.7_move__lamarckian__s28,A_f0.7_move__lamarckian,A_f0.7_move,A,lamarckian,28,250,train,50,1.56,24,14,90.94063957564327,0.7291666666666666,0.5,adaptive_move,0.525,0.10413088850928327,0.15847060723514184,268.0,47.0,50.0,362.0,101.0,13.0,0.0,0.0,43.0,2.0,13.0,21.0,14.0,1.0,0.0,0.0,0.0,0.0,13.0,21.0,0.0,0.0,0.0,0.0
A_f0.7_move__lamarckian__s28,A_f0.7_move__lamarckian,A_f0.7_move,A,lamarckian,28,300,train,50,1.54,9,9,58.799743798771274,0.9166666666666666,0.5,adaptive_move,0.55,0.10521239634193594,0.1871170343137254,354.0,62.0,74.0,413.0,72.0,14.0,0.0,0.0,59.0,2.0,15.0,21.0,17.0,2.0,0.0,0.0,0.0,0.0,15.0,21.0,0.0,0.0,0.0,0.0
A_f0.7_move__lamarckian__s28,A_f0.7_move__lamarckian,A_f0.7_move,A,lamarckian,28,350,train,50,1.54,13,13,106.21057636947013,0.7916666666666666,0.5,adaptive_move,0.5625,0.11866106042733199,0.19044117647058845,268.0,37.0,61.0,378.0,68.0,9.0,0.0,0.0,49.0,2.0,15.0,19.0,12.0,0.0,0.0,0.0,0.0,0.0,15.0,19.0,0.0,0.0,0.0,0.0
A_f0.7_move__lamarckian__s28,A_f0.7_move__lamarckian,A_f0.7_move,A,lamarckian,28,400,train,50,1.5,11,11,82.21397153505764,0.875,0.5,adaptive_move,0.5625,0.07846590717295543,0.16515389447236184,337.0,64.0,101.0,552.0,61.0,16.0,0.0,0.0,46.0,5.0,20.0,27.0,9.0,1.0,0.0,0.0,0.0,0.0,20.0,27.0,0.0,0.0,0.0,0.0
A_f0.7_move__lamarckian__s28,A_f0.7_move__lamarckian,A_f0.7_move,A,lamarckian,28,450,train,50,1.62,16,16,60.696168744605785,0.875,0.5,adaptive_move,0.60625,0.13912499100598386,0.2283390410958901,328.0,46.0,95.0,556.0,35.0,7.0,0.0,0.0,58.0,2.0,14.0,24.0,14.0,3.0,0.0,0.0,0.0,0.0,14.0,24.0,0.0,0.0,0.0,0.0
A_f0.7_move__lamarckian__s28,A_f0.7_move__lamarckian,A_f0.7_move,A,lamarckian,28,500,train,50,1.82,12,12,76.40751992839073,0.8333333333333334,0.5,adaptive_move,0.54375,0.08344644695991284,0.15218588082901552,312.0,51.0,83.0,423.0,33.0,1.0,0.0,0.0,37.0,2.0,14.0,24.0,7.0,1.0,0.0,0.0,0.0,0.0,14.0,24.0,0.0,0.0,0.0,0.0
A_f0.7_move__lamarckian__s28,A_f0.7_move__lamarckian,A_f0.7_move,A,lamarckian,28,550,train,50,2.08,18,18,68.95519568324863,0.8958333333333334,0.5,adaptive_move,0.5625,0.10367084932185187,0.1645408163265305,312.0,63.0,88.0,476.0,55.0,12.0,0.0,0.0,47.0,2.0,15.0,23.0,13.0,0.0,0.0,0.0,0.0,0.0,15.0,23.0,0.0,0.0,0.0,0.0
A_f0.7_move__lamarckian__s28,A_f0.7_move__lamarckian,A_f0.7_move,A,lamarckian,28,600,train,50,2.3,17,17,69.04389613392172,0.875,0.5,adaptive_move,0.54375,0.085039259988151,0.17818627450980395,417.0,65.0,61.0,404.0,64.0,9.0,0.0,0.0,51.0,1.0,21.0,20.0,13.0,1.0,0.0,0.0,0.0,0.0,21.0,20.0,0.0,0.0,0.0,0.0
A_f0.7_move__lamarckian__s28,A_f0.7_move__lamarckian,A_f0.7_move,A,lamarckian,28,650,train,50,2.38,19,19,74.84256971175554,0.8541666666666666,0.5,adaptive_move,0.55625,0.1105480016710026,0.17393734256926963,290.0,52.0,88.0,514.0,39.0,4.0,0.0,0.0,53.0,2.0,18.0,21.0,9.0,0.0,0.0,0.0,0.0,0.0,18.0,21.0,0.0,0.0,0.0,0.0
A_f0.7_move__lamarckian__s28,A_f0.7_move__lamarckian,A_f0.7_move,A,lamarckian,28,700,train,50,2.4,11,11,78.90718137380937,0.8333333333333334,0.5,adaptive_move,0.5625,0.10367955207679641,0.18394396551724124,366.0,53.0,75.0,318.0,33.0,8.0,0.0,0.0,49.0,4.0,16.0,11.0,16.0,0.0,0.0,0.0,0.0,0.0,16.0,11.0,0.0,0.0,0.0,0.0
A_f0.7_move__lamarckian__s28,A_f0.7_move__lamarckian,A_f0.7_move,A,lamarckian,28,750,train,50,2.48,20,20,111.46888540885425,0.7083333333333334,0.5,adaptive_move,0.54375,0.08500166542848656,0.16583017676767686,326.0,61.0,92.0,395.0,55.0,5.0,0.0,0.0,40.0,2.0,19.0,19.0,25.0,0.0,0.0,0.0,0.0,0.0,19.0,19.0,0.0,0.0,0.0,0.0
A_f0.7_move__lamarckian__s28,A_f0.7_move__lamarckian,A_f0.7_move,A,lamarckian,28,800,train,50,2.44,12,12,87.96246747506663,0.7708333333333334,0.5,adaptive_move,0.60625,0.10345033013072391,0.18739329268292693,384.0,61.0,64.0,346.0,47.0,5.0,0.0,0.0,52.0,4.0,17.0,15.0,15.0,1.0,0.0,0.0,0.0,0.0,17.0,15.0,0.0,0.0,0.0,0.0
A_f0.7_move__lamarckian__s28,A_f0.7_move__lamarckian,A_f0.7_move,A,lamarckian,28,850,train,50,2.66,13,13,64.2833122672923,0.8958333333333334,0.5,adaptive_move,0.55,0.11758691784368111,0.2063903664302602,316.0,72.0,72.0,439.0,66.0,15.0,0.0,0.0,62.0,2.0,17.0,23.0,4.0,0.0,0.0,0.0,0.0,0.0,17.0,23.0,0.0,0.0,0.0,0.0
A_f0.7_move__lamarckian__s28,A_f0.7_move__lamarckian,A_f0.7_move,A,lamarckian,28,900,train,50,2.76,15,15,80.40315088404822,0.8541666666666666,0.5,adaptive_move,0.53125,0.09959001048157756,0.185903117359413,347.0,64.0,78.0,425.0,59.0,8.0,0.0,0.0,48.0,2.0,28.0,16.0,12.0,0.0,0.0,0.0,0.0,0.0,28.0,16.0,0.0,0.0,0.0,0.0
A_f0.7_move__lamarckian__s28,A_f0.7_move__lamarckian,A_f0.7_move,A,lamarckian,28,950,train,50,2.86,14,14,75.11391508701996,0.875,0.5,adaptive_move,0.54375,0.100628081260661,0.17852922885572164,257.0,44.0,87.0,459.0,71.0,15.0,0.0,0.0,55.0,3.0,23.0,19.0,16.0,0.0,0.0,0.0,0.0,0.0,23.0,19.0,0.0,0.0,0.0,0.0
A_f0.7_move__lamarckian__s28,A_f0.7_move__lamarckian,A_f0.7_move,A,lamarckian,28,1000,train,50,3.1,20,20,57.42748984648337,0.9375,0.5,adaptive_move,0.56875,0.15992241202899565,0.25222434497816604,365.0,58.0,71.0,364.0,51.0,7.0,0.0,0.0,58.0,2.0,21.0,21.0,19.0,0.0,0.0,0.0,0.0,0.0,21.0,21.0,0.0,0.0,0.0,0.0
A_f0.7_move__lamarckian__s28,A_f0.7_move__lamarckian,A_f0.7_move,A,lamarckian,28,1050,train,50,3.26,15,15,58.11522946506865,0.875,0.5,adaptive_move,0.55,0.1159467250376782,0.1956946125907988,347.0,67.0,57.0,373.0,51.0,9.0,0.0,0.0,64.0,5.0,12.0,16.0,15.0,0.0,0.0,0.0,0.0,0.0,12.0,16.0,0.0,0.0,0.0,0.0
A_f0.7_move__lamarckian__s28,A_f0.7_move__lamarckian,A_f0.7_move,A,lamarckian,28,1100,train,50,3.42,15,15,51.66848942363028,0.9791666666666666,0.5,adaptive_move,0.5875,0.08121246602886106,0.16328914141414153,304.0,43.0,70.0,313.0,94.0,16.0,0.0,0.0,56.0,5.0,23.0,16.0,18.0,2.0,0.0,0.0,0.0,0.0,23.0,16.0,0.0,0.0,0.0,0.0
A_f0.7_move__lamarckian__s28,A_f0.7_move__lamarckian,A_f0.7_move,A,lamarckian,28,1150,train,50,3.64,14,14,72.87898383695935,0.7916666666666666,0.5,adaptive_move,0.5,0.10776855522632711,0.20561913145539945,300.0,62.0,75.0,434.0,54.0,11.0,0.0,0.0,54.0,1.0,16.0,17.0,18.0,1.0,0.0,0.0,0.0,0.0,16.0,17.0,0.0,0.0,0.0,0.0
A_f0.7_move__lamarckian__s28,A_f0.7_move__lamarckian,A_f0.7_move,A,lamarckian,28,1200,train,50,3.76,22,22,47.115320375804174,0.9166666666666666,0.5,adaptive_move,0.6,0.10360845051394214,0.19039745145631093,264.0,50.0,76.0,481.0,53.0,8.0,0.0,0.0,57.0,6.0,18.0,27.0,17.0,4.0,0.0,0.0,0.0,0.0,18.0,27.0,0.0,0.0,0.0,0.0
A_f0.7_move__lamarckian__s28,A_f0.7_move__lamarckian,A_f0.7_move,A,lamarckian,28,1250,train,50,3.76,12,12,72.64634255804421,0.8958333333333334,0.5,adaptive_move,0.59375,0.14442177376643606,0.2318607954545453,394.0,55.0,57.0,388.0,34.0,6.0,0.0,0.0,65.0,3.0,14.0,15.0,15.0,2.0,0.0,0.0,0.0,0.0,14.0,15.0,0.0,0.0,0.0,0.0
A_f0.7_move__lamarckian__s28,A_f0.7_move__lamarckian,A_f0.7_move,A,lamarckian,28,1300,train,47,3.9361702127659575,19,22,39.13552030820075,0.9583333333333334,0.5,adaptive_move,0.54375,0.11888918676178258,0.20318466587112138,425.0,68.0,53.0,375.0,38.0,8.0,0.0,0.0,58.0,5.0,15.0,32.0,16.0,4.0,0.0,0.0,0.0,0.0,15.0,32.0,0.0,0.0,0.0,0.0
A_f0.7_move__lamarckian__s28,A_f0.7_move__lamarckian,A_f0.7_move,A,lamarckian,28,1350,train,33,4.151515151515151,5,19,84.10197769723798,0.8958333333333334,0.5,adaptive_move,0.55625,0.06535036291426075,0.13809210526315785,355.0,51.0,45.0,257.0,30.0,5.0,0.0,0.0,49.0,4.0,12.0,13.0,13.0,1.0,0.0,0.0,0.0,0.0,12.0,13.0,0.0,0.0,0.0,0.0
A_f0.7_move__lamarckian__s28,A_f0.7_move__lamarckian,A_f0.7_move,A,lamarckian,28,1400,train,40,4.55,17,10,104.71043940205487,0.8541666666666666,0.5,adaptive_move,0.58125,0.09951959878045728,0.1814120370370369,324.0,61.0,71.0,383.0,12.0,6.0,0.0,0.0,62.0,5.0,18.0,17.0,8.0,2.0,0.0,0.0,0.0,0.0,18.0,17.0,0.0,0.0,0.0,0.0
A_f0.7_move__lamarckian__s28,A_f0.7_move__lamarckian,A_f0.7_move,A,lamarckian,28,1450,train,43,4.813953488372093,16,13,68.25785048306977,0.8958333333333334,0.5,adaptive_move,0.525,0.14654872358680904,0.23491233031674197,251.0,42.0,60.0,384.0,28.0,7.0,0.0,0.0,45.0,3.0,19.0,20.0,21.0,0.0,0.0,0.0,0.0,0.0,19.0,20.0,0.0,0.0,0.0,0.0
A_f0.7_move__lamarckian__s28,A_f0.7_move__lamarckian,A_f0.7_move,A,lamarckian,28,1500,train,43,4.953488372093023,14,14,42.816459270014185,0.9791666666666666,0.5,adaptive_move,0.5625,0.07722970313001318,0.15104166666666674,421.0,83.0,60.0,349.0,41.0,9.0,0.0,0.0,64.0,3.0,11.0,15.0,20.0,3.0,0.0,0.0,0.0,0.0,11.0,15.0,0.0,0.0,0.0,0.0
A_f0.7_move__lamarckian__s28,A_f0.7_move__lamarckian,A_f0.7_move,A,lamarckian,28,1550,eval,38,5.052631578947368,10,15,131.24786468559074,0.7083333333333334,0.5,adaptive_move,0.49,0.0,0.0,395.0,63.0,63.0,334.0,31.0,4.0,6.0,38.0,45.0,3.0,16.0,18.0,10.0,0.0,5.0,1.0,0.0,0.0,16.0,18.0,0.0,0.0,5.0,1.0
A_f0.7_move__lamarckian__s28,A_f0.7_move__lamarckian,A_f0.7_move,A,lamarckian,28,1600,eval,50,5.32,21,9,88.48026488532831,0.8333333333333334,0.5,adaptive_move,0.49,0.0,0.0,628.0,112.0,77.0,568.0,35.0,3.0,14.0,55.0,50.0,6.0,15.0,30.0,8.0,0.0,3.0,2.0,0.0,0.0,15.0,30.0,0.0,0.0,3.0,2.0
A_f0.7_move__lamarckian__s28,A_f0.7_move__lamarckian,A_f0.7_move,A,lamarckian,28,1650,eval,50,5.1,8,8,111.09223487942018,0.75,0.5,adaptive_move,0.51,0.0,0.0,648.0,141.0,84.0,453.0,64.0,13.0,9.0,49.0,53.0,10.0,14.0,18.0,4.0,0.0,3.0,2.0,0.0,0.0,14.0,18.0,0.0,0.0,3.0,2.0
A_f0.7_move__lamarckian__s28,A_f0.7_move__lamarckian,A_f0.7_move,A,lamarckian,28,1700,eval,50,5.06,10,10,101.535025184674,0.75,0.5,adaptive_move,0.515,0.0,0.0,574.0,104.0,95.0,599.0,50.0,8.0,14.0,68.0,43.0,3.0,10.0,24.0,15.0,0.0,4.0,7.0,0.0,0.0,10.0,24.0,0.0,0.0,4.0,7.0
A_f0.7_move__lamarckian__s28,A_f0.7_move__lamarckian,A_f0.7_move,A,lamarckian,28,1750,eval,50,5.2,7,7,89.2371405649448,0.875,0.5,adaptive_move,0.495,0.0,0.0,635.0,103.0,124.0,736.0,115.0,19.0,5.0,79.0,53.0,4.0,12.0,32.0,14.0,0.0,1.0,2.0,0.0,0.0,12.0,32.0,0.0,0.0,1.0,2.0
A_f0.7_move__lamarckian__s28,A_f0.7_move__lamarckian,A_f0.7_move,A,lamarckian,28,1800,eval,50,5.36,10,10,85.50091336214865,0.8125,0.5,adaptive_move,0.46,0.0,0.0,583.0,101.0,121.0,694.0,73.0,14.0,5.0,40.0,52.0,7.0,18.0,23.0,12.0,0.0,0.0,3.0,0.0,0.0,18.0,23.0,0.0,0.0,0.0,3.0
A_f0.7_move__lamarckian__s29,A_f0.7_move__lamarckian,A_f0.7_move,A,lamarckian,29,50,train,50,0.84,33,3,71.38756488920463,0.8541666666666666,0.5,adaptive_move,0.59375,0.08024551116527576,0.14408628608923868,243.0,29.0,51.0,309.0,105.0,19.0,0.0,0.0,38.0,5.0,4.0,53.0,28.0,1.0,0.0,0.0,0.0,0.0,4.0,53.0,0.0,0.0,0.0,0.0
A_f0.7_move__lamarckian__s29,A_f0.7_move__lamarckian,A_f0.7_move,A,lamarckian,29,100,train,50,0.88,8,8,68.15805817692888,0.8541666666666666,0.5,adaptive_move,0.5625,0.06278513959343177,0.12992500000000007,332.0,62.0,61.0,308.0,66.0,10.0,0.0,0.0,33.0,5.0,7.0,30.0,21.0,2.0,0.0,0.0,0.0,0.0,7.0,30.0,0.0,0.0,0.0,0.0
A_f0.7_move__lamarckian__s29,A_f0.7_move__lamarckian,A_f0.7_move,A,lamarckian,29,150,train,50,0.92,17,17,95.68526021930325,0.8541666666666666,0.5,adaptive_move,0.59375,0.16211263336431272,0.22499999999999987,384.0,75.0,74.0,442.0,127.0,23.0,0.0,0.0,42.0,2.0,14.0,30.0,22.0,4.0,0.0,0.0,0.0,0.0,14.0,30.0,0.0,0.0,0.0,0.0
A_f0.7_move__lamarckian__s29,A_f0.7_move__lamarckian,A_f0.7_move,A,lamarckian,29,200,train,50,0.92,15,15,63.32964458974736,0.9375,0.5,adaptive_move,0.5375,0.10022228594239799,0.19451255980861237,425.0,74.0,75.0,382.0,83.0,13.0,0.0,0.0,55.0,8.0,10.0,21.0,21.0,0.0,0.0,0.0,0.0,0.0,10.0,21.0,0.0,0.0,0.0,0.0
A_f0.7_move__lamarckian__s29,A_f0.7_move__lamarckian,A_f0.7_move,A,lamarckian,29,250,train,50,1.02,16,16,113.7318554239927,0.7083333333333334,0.5,adaptive_move,0.6,0.18145644009983875,0.2722171052631581,364.0,53.0,69.0,439.0,91.0,12.0,0.0,0.0,38.0,1.0,7.0,16.0,22.0,1.0,0.0,0.0,0.0,0.0,7.0,16.0,0.0,0.0,0.0,0.0
A_f0.7_move__lamarckian__s29,A_f0.7_move__lamarckian,A_f0.7_move,A,lamarckian,29,300,train,50,1.02,13,13,93.46690975944165,0.8333333333333334,0.5,adaptive_move,0.55625,0.11703400274418005,0.1974637681159419,391.0,50.0,100.0,583.0,89.0,12.0,0.0,0.0,49.0,3.0,20.0,17.0,17.0,1.0,0.0,0.0,0.0,0.0,20.0,17.0,0.0,0.0,0.0,0.0
A_f0.7_move__lamarckian__s29,A_f0.7_move__lamarckian,A_f0.7_move,A,lamarckian,29,350,train,50,1.12,13,13,72.50082861218834,0.9166666666666666,0.5,adaptive_move,0.575,0.2108888092236692,0.260840707964602,326.0,54.0,95.0,480.0,79.0,16.0,0.0,0.0,37.0,3.0,16.0,21.0,34.0,1.0,0.0,0.0,0.0,0.0,16.0,21.0,0.0,0.0,0.0,0.0
A_f0.7_move__lamarckian__s29,A_f0.7_move__lamarckian,A_f0.7_move,A,lamarckian,29,400,train,50,1.16,13,13,45.70977608706093,0.9791666666666666,0.5,adaptive_move,0.55,0.09830342582338628,0.18336148648648654,344.0,72.0,99.0,559.0,73.0,6.0,0.0,0.0,49.0,4.0,14.0,22.0,31.0,0.0,0.0,0.0,0.0,0.0,14.0,22.0,0.0,0.0,0.0,0.0
A_f0.7_move__lamarckian__s29,A_f0.7_move__lamarckian,A_f0.7_move,A,lamarckian,29,450,train,50,1.52,18,18,83.74960479352013,0.8541666666666666,0.5,adaptive_move,0.55625,0.12025037839946874,0.19655720338983018,328.0,75.0,70.0,498.0,57.0,12.0,0.0,0.0,39.0,8.0,20.0,20.0,20.0,1.0,0.0,0.0,0.0,0.0,20.0,20.0,0.0,0.0,0.0,0.0
A_f0.7_move__lamarckian__s29,A_f0.7_move__lamarckian,A_f0.7_move,A,lamarckian,29,500,train,50,1.8,13,13,100.09906879172462,0.8333333333333334,0.5,adaptive_move,0.58125,0.11138318838405195,0.19216088807785892,419.0,74.0,64.0,405.0,86.0,12.0,0.0,0.0,52.0,4.0,13.0,15.0,26.0,2.0,0.0,0.0,0.0,0.0,13.0,15.0,0.0,0.0,0.0,0.0
A_f0.7_move__lamarckian__s29,A_f0.7_move__lamarckian,A_f0.7_move,A,lamarckian,29,550,train,50,1.94,13,13,56.0506516952219,0.9375,0.5,adaptive_move,0.54375,0.09164626513495319,0.15763530927835068,332.0,62.0,81.0,382.0,133.0,21.0,0.0,0.0,47.0,2.0,22.0,19.0,30.0,1.0,0.0,0.0,0.0,0.0,22.0,19.0,0.0,0.0,0.0,0.0
A_f0.7_move__lamarckian__s29,A_f0.7_move__lamarckian,A_f0.7_move,A,lamarckian,29,600,train,50,2.2,10,10,95.62252773140355,0.75,0.5,adaptive_move,0.5375,0.07757075135283797,0.15680147058823546,486.0,77.0,80.0,476.0,98.0,16.0,0.0,0.0,46.0,3.0,15.0,12.0,23.0,3.0,0.0,0.0,0.0,0.0,15.0,12.0,0.0,0.0,0.0,0.0
A_f0.7_move__lamarckian__s29,A_f0.7_move__lamarckian,A_f0.7_move,A,lamarckian,29,650,train,50,2.18,12,12,62.43721603616254,0.875,0.5,adaptive_move,0.5625,0.12622643606886907,0.21466121495327095,440.0,83.0,80.0,523.0,158.0,22.0,0.0,0.0,55.0,3.0,9.0,28.0,23.0,0.0,0.0,0.0,0.0,0.0,9.0,28.0,0.0,0.0,0.0,0.0
A_f0.7_move__lamarckian__s29,A_f0.7_move__lamarckian,A_f0.7_move,A,lamarckian,29,700,train,50,2.16,9,9,75.24704977127826,0.8333333333333334,0.5,adaptive_move,0.55,0.11092192894256345,0.19658885542168658,337.0,64.0,101.0,586.0,82.0,12.0,0.0,0.0,47.0,4.0,15.0,17.0,20.0,2.0,0.0,0.0,0.0,0.0,15.0,17.0,0.0,0.0,0.0,0.0
A_f0.7_move__lamarckian__s29,A_f0.7_move__lamarckian,A_f0.7_move,A,lamarckian,29,750,train,50,2.28,12,12,87.73624987054805,0.8333333333333334,0.5,adaptive_move,0.50625,0.10843852042436279,0.16993972081218267,478.0,84.0,95.0,486.0,94.0,21.0,0.0,0.0,50.0,2.0,13.0,22.0,24.0,2.0,0.0,0.0,0.0,0.0,13.0,22.0,0.0,0.0,0.0,0.0
A_f0.7_move__lamarckian__s29,A_f0.7_move__lamarckian,A_f0.7_move,A,lamarckian,29,800,train,50,2.42,11,11,69.50909800294039,0.875,0.5,adaptive_move,0.51875,0.09735795848756162,0.18193335380835363,339.0,64.0,77.0,437.0,88.0,16.0,0.0,0.0,52.0,2.0,15.0,15.0,30.0,0.0,0.0,0.0,0.0,0.0,15.0,15.0,0.0,0.0,0.0,0.0
A_f0.7_move__lamarckian__s29,A_f0.7_move__lamarckian,A_f0.7_move,A,lamarckian,29,850,train,50,2.52,6,6,69.06094391399631,0.875,0.5,adaptive_move,0.5625,0.10254443917648379,0.1841292997542998,315.0,46.0,101.0,529.0,98.0,18.0,0.0,0.0,45.0,3.0,20.0,20.0,27.0,0.0,0.0,0.0,0.0,0.0,20.0,20.0,0.0,0.0,0.0,0.0
A_f0.7_move__lamarckian__s29,A_f0.7_move__lamarckian,A_f0.7_move,A,lamarckian,29,900,train,50,2.6,6,6,63.785712395717624,0.9166666666666666,0.5,adaptive_move,0.55,0.09095649961810959,0.1639392493638676,372.0,79.0,122.0,553.0,155.0,24.0,0.0,0.0,41.0,1.0,22.0,20.0,23.0,2.0,0.0,0.0,0.0,0.0,22.0,20.0,0.0,0.0,0.0,0.0
A_f0.7_move__lamarckian__s29,A_f0.7_move__lamarckian,A_f0.7_move,A,lamarckian,29,950,train,50,2.82,17,17,65.22773282595739,0.8125,0.5,adaptive_move,0.525,0.12094896293685498,0.20440781622911675,399.0,62.0,91.0,541.0,95.0,9.0,0.0,0.0,38.0,3.0,21.0,18.0,26.0,0.0,0.0,0.0,0.0,0.0,21.0,18.0,0.0,0.0,0.0,0.0
A_f0.7_move__lamarckian__s29,A_f0.7_move__lamarckian,A_f0.7_move,A,lamarckian,29,1000,train,50,3.02,13,13,104.00172376531677,0.6875,0.5,adaptive_move,0.55625,0.09195793728936191,0.16807133838383836,409.0,78.0,119.0,738.0,44.0,7.0,0.0,0.0,26.0,1.0,10.0,25.0,29.0,1.0,0.0,0.0,0.0,0.0,10.0,25.0,0.0,0.0,0.0,0.0
A_f0.7_move__lamarckian__s29,A_f0.7_move__lamarckian,A_f0.7_move,A,lamarckian,29,1050,train,50,3.1,9,9,92.10780826323085,0.7916666666666666,0.5,adaptive_move,0.50625,0.07014619441560112,0.13983552631578955,490.0,77.0,132.0,714.0,110.0,26.0,0.0,0.0,39.0,2.0,15.0,18.0,38.0,1.0,0.0,0.0,0.0,0.0,15.0,18.0,0.0,0.0,0.0,0.0
A_f0.7_move__lamarckian__s29,A_f0.7_move__lamarckian,A_f0.7_move,A,lamarckian,29,1100,train,50,3.16,7,7,91.26974071829557,0.8125,0.5,adaptive_move,0.5625,0.06885672370373752,0.1422447643979059,433.0,78.0,124.0,701.0,95.0,19.0,0.0,0.0,51.0,7.0,9.0,25.0,18.0,6.0,0.0,0.0,0.0,0.0,9.0,25.0,0.0,0.0,0.0,0.0
A_f0.7_move__lamarckian__s29,A_f0.7_move__lamarckian,A_f0.7_move,A,lamarckian,29,1150,train,50,3.34,11,11,74.01622176932295,0.9166666666666666,0.5,adaptive_move,0.54375,0.10681845999629319,0.18361882716049371,465.0,90.0,114.0,596.0,75.0,13.0,0.0,0.0,57.0,1.0,17.0,18.0,25.0,1.0,0.0,0.0,0.0,0.0,17.0,18.0,0.0,0.0,0.0,0.0
A_f0.7_move__lamarckian__s29,A_f0.7_move__lamarckian,A_f0.7_move,A,lamarckian,29,1200,train,50,3.42,9,9,63.437523052787924,0.8958333333333334,0.5,adaptive_move,0.51875,0.09278482942206237,0.17940586419753068,536.0,98.0,70.0,456.0,132.0,22.0,0.0,0.0,55.0,6.0,13.0,18.0,35.0,1.0,0.0,0.0,0.0,0.0,13.0,18.0,0.0,0.0,0.0,0.0
A_f0.7_move__lamarckian__s29,A_f0.7_move__lamarckian,A_f0.7_move,A,lamarckian,29,1250,train,50,3.44,17,17,57.586583031099615,0.9375,0.5,adaptive_move,0.55,0.10810775087434449,0.18948170731707314,340.0,71.0,94.0,434.0,67.0,14.0,0.0,0.0,47.0,2.0,23.0,18.0,24.0,2.0,0.0,0.0,0.0,0.0,23.0,18.0,0.0,0.0,0.0,0.0
A_f0.7_move__lamarckian__s29,A_f0.7_move__lamarckian,A_f0.7_move,A,lamarckian,29,1300,train,50,3.74,23,23,45.395485156804135,0.9375,0.5,adaptive_move,0.58125,0.10209101074471161,0.18905869829683697,325.0,50.0,80.0,599.0,93.0,20.0,0.0,0.0,60.0,3.0,16.0,26.0,21.0,0.0,0.0,0.0,0.0,0.0,16.0,26.0,0.0,0.0,0.0,0.0
A_f0.7_move__lamarckian__s29,A_f0.7_move__lamarckian,A_f0.7_move,A,lamarckian,29,1350,train,50,3.74,15,15,24.506116446488477,0.9583333333333334,0.5,adaptive_move,0.5625,0.17347299913685416,0.238963068181818,322.0,60.0,74.0,418.0,97.0,17.0,0.0,0.0,49.0,2.0,13.0,25.0,29.0,1.0,0.0,0.0,0.0,0.0,13.0,25.0,0.0,0.0,0.0,0.0
A_f0.7_move__lamarckian__s29,A_f0.7_move__lamarckian,A_f0.7_move,A,lamarckian,29,1400,train,41,3.8780487804878048,8,17,58.1683477792578,0.9375,0.5,adaptive_move,0.525,0.07156987604080195,0.13459109042553186,254.0,31.0,38.0,342.0,80.0,11.0,0.0,0.0,48.0,1.0,8.0,18.0,18.0,1.0,0.0,0.0,0.0,0.0,8.0,18.0,0.0,0.0,0.0,0.0
A_f0.7_move__lamarckian__s29,A_f0.7_move__lamarckian,A_f0.7_move,A,lamarckian,29,1450,train,34,4.176470588235294,14,21,53.678510879121006,0.9166666666666666,0.5,adaptive_move,0.55,0.10703358724166376,0.18375771604938262,328.0,55.0,50.0,244.0,37.0,7.0,0.0,0.0,57.0,2.0,13.0,23.0,22.0,2.0,0.0,0.0,0.0,0.0,13.0,23.0,0.0,0.0,0.0,0.0
A_f0.7_move__lamarckian__s29,A_f0.7_move__lamarckian,A_f0.7_move,A,lamarckian,29,1500,train,35,4.685714285714286,15,14,68.72651352937096,0.9166666666666666,0.5,adaptive_move,0.6,0.09181067962059634,0.1698126574307306,260.0,43.0,54.0,368.0,72.0,13.0,0.0,0.0,53.0,4.0,9.0,17.0,29.0,1.0,0.0,0.0,0.0,0.0,9.0,17.0,0.0,0.0,0.0,0.0
A_f0.7_move__lamarckian__s29,A_f0.7_move__lamarckian,A_f0.7_move,A,lamarckian,29,1550,eval,40,5.05,19,14,56.53015533628209,0.9375,0.5,adaptive_move,0.46,0.0,0.0,356.0,68.0,58.0,348.0,32.0,5.0,8.0,45.0,60.0,1.0,15.0,10.0,18.0,0.0,4.0,5.0,0.0,0.0,15.0,10.0,0.0,0.0,4.0,5.0
A_f0.7_move__lamarckian__s29,A_f0.7_move__lamarckian,A_f0.7_move,A,lamarckian,29,1600,eval,33,5.393939393939394,10,17,75.35892858525489,0.9166666666666666,0.5,adaptive_move,0.49,0.0,0.0,257.0,56.0,94.0,444.0,29.0,6.0,6.0,53.0,39.0,2.0,23.0,19.0,18.0,2.0,4.0,5.0,0.0,0.0,23.0,19.0,0.0,0.0,4.0,5.0
A_f0.7_move__lamarckian__s29,A_f0.7_move__lamarckian,A_f0.7_move,A,lamarckian,29,1650,eval,43,5.744186046511628,22,12,58.09692438640299,0.9166666666666666,0.5,adaptive_move,0.49,0.0,0.0,407.0,81.0,74.0,420.0,28.0,4.0,9.0,42.0,56.0,6.0,16.0,16.0,16.0,2.0,6.0,2.0,0.0,0.0,16.0,16.0,0.0,0.0,6.0,2.0
A_f0.7_move__lamarckian__s29,A_f0.7_move__lamarckian,A_f0.7_move,A,lamarckian,29,1700,eval,37,5.783783783783784,4,10,61.841211214558,0.8958333333333334,0.5,adaptive_move,0.425,0.0,0.0,295.0,42.0,43.0,317.0,19.0,6.0,2.0,26.0,40.0,3.0,10.0,23.0,19.0,1.0,1.0,4.0,0.0,0.0,10.0,23.0,0.0,0.0,1.0,4.0
A_f0.7_move__lamarckian__s29,A_f0.7_move__lamarckian,A_f0.7_move,A,lamarckian,29,1750,eval,36,6.027777777777778,14,15,92.49904382623095,0.8125,0.5,adaptive_move,0.46,0.0,0.0,402.0,59.0,85.0,420.0,12.0,2.0,7.0,31.0,45.0,5.0,15.0,21.0,9.0,0.0,7.0,7.0,0.0,0.0,15.0,21.0,0.0,0.0,7.0,7.0
A_f0.7_move__lamarckian__s29,A_f0.7_move__lamarckian,A_f0.7_move,A,lamarckian,29,1800,eval,39,6.17948717948718,17,14,55.25297250530329,0.9166666666666666,0.5,adaptive_move,0.485,0.0,0.0,338.0,68.0,86.0,462.0,49.0,6.0,8.0,52.0,46.0,4.0,21.0,19.0,21.0,0.0,3.0,2.0,0.0,0.0,21.0,19.0,0.0,0.0,3.0,2.0
A_f0.7_move__lamarckian__s30,A_f0.7_move__lamarckian,A_f0.7_move,A,lamarckian,30,50,train,50,0.86,30,0,163.62683731364723,0.5625,0.5,adaptive_move,0.53125,0.04827531673376856,0.09431179775280896,182.0,26.0,45.0,249.0,182.0,37.0,0.0,0.0,21.0,3.0,5.0,25.0,18.0,5.0,0.0,0.0,0.0,0.0,5.0,25.0,0.0,0.0,0.0,0.0
A_f0.7_move__lamarckian__s30,A_f0.7_move__lamarckian,A_f0.7_move,A,lamarckian,30,100,train,50,0.92,13,13,86.10897071500904,0.8541666666666666,0.5,adaptive_move,0.55625,0.06423608471402842,0.126092069892473,270.0,42.0,52.0,345.0,109.0,26.0,0.0,0.0,27.0,5.0,6.0,37.0,22.0,1.0,0.0,0.0,0.0,0.0,6.0,37.0,0.0,0.0,0.0,0.0
A_f0.7_move__lamarckian__s30,A_f0.7_move__lamarckian,A_f0.7_move,A,lamarckian,30,150,train,50,0.86,8,8,68.4116170444094,0.8541666666666666,0.5,adaptive_move,0.55625,0.11649824693694855,0.18996790953545206,361.0,56.0,60.0,354.0,77.0,6.0,0.0,0.0,46.0,3.0,5.0,28.0,13.0,0.0,0.0,0.0,0.0,0.0,5.0,28.0,0.0,0.0,0.0,0.0
A_f0.7_move__lamarckian__s30,A_f0.7_move__lamarckian,A_f0.7_move,A,lamarckian,30,200,train,50,0.82,15,15,106.67318093759906,0.7708333333333334,0.5,adaptive_move,0.61875,0.14403977741723867,0.24036111111111103,346.0,58.0,61.0,321.0,94.0,21.0,0.0,0.0,47.0,2.0,7.0,24.0,18.0,4.0,0.0,0.0,0.0,0.0,7.0,24.0,0.0,0.0,0.0,0.0
A_f0.7_move__lamarckian__s30,A_f0.7_move__lamarckian,A_f0.7_move,A,lamarckian,30,250,train,50,0.92,8,8,97.82246044281808,0.8333333333333334,0.5,adaptive_move,0.55625,0.09740901296777288,0.1887333535108957,357.0,66.0,77.0,421.0,92.0,11.0,0.0,0.0,50.0,2.0,12.0,20.0,16.0,2.0,0.0,0.0,0.0,0.0,12.0,20.0,0.0,0.0,0.0,0.0
A_f0.7_move__lamarckian__s30,A_f0.7_move__lamarckian,A_f0.7_move,A,lamarckian,30,300,train,50,0.94,4,4,109.82684589094784,0.75,0.5,adaptive_move,0.5375,0.1007233352821327,0.17935018610421838,490.0,76.0,80.0,425.0,72.0,20.0,0.0,0.0,41.0,2.0,8.0,26.0,11.0,6.0,0.0,0.0,0.0,0.0,8.0,26.0,0.0,0.0,0.0,0.0
A_f0.7_move__lamarckian__s30,A_f0.7_move__lamarckian,A_f0.7_move,A,lamarckian,30,350,train,50,0.92,9,9,103.48999509943388,0.7708333333333334,0.5,adaptive_move,0.5625,0.09518627445547735,0.17767524813895785,473.0,86.0,113.0,612.0,87.0,20.0,0.0,0.0,38.0,3.0,17.0,27.0,15.0,2.0,0.0,0.0,0.0,0.0,17.0,27.0,0.0,0.0,0.0,0.0
A_f0.7_move__lamarckian__s30,A_f0.7_move__lamarckian,A_f0.7_move,A,lamarckian,30,400,train,50,0.9,6,6,116.67279536136085,0.6875,0.5,adaptive_move,0.60625,0.11158927869571744,0.19010544009779928,489.0,62.0,95.0,549.0,74.0,16.0,0.0,0.0,57.0,0.0,8.0,14.0,11.0,1.0,0.0,0.0,0.0,0.0,8.0,14.0,0.0,0.0,0.0,0.0
A_f0.7_move__lamarckian__s30,A_f0.7_move__lamarckian,A_f0.7_move,A,lamarckian,30,450,train,50,0.94,9,9,103.91742788582734,0.6875,0.5,adaptive_move,0.5,0.11622637588691134,0.20230459427207603,418.0,74.0,108.0,575.0,68.0,18.0,0.0,0.0,46.0,2.0,22.0,21.0,15.0,1.0,0.0,0.0,0.0,0.0,22.0,21.0,0.0,0.0,0.0,0.0
A_f0.7_move__lamarckian__s30,A_f0.7_move__lamarckian,A_f0.7_move,A,lamarckian,30,500,train,50,1.28,18,18,78.14437347517128,0.8333333333333334,0.5,adaptive_move,0.5375,0.10506636588904995,0.16772423664122127,317.0,54.0,74.0,453.0,75.0,20.0,0.0,0.0,55.0,2.0,9.0,21.0,23.0,3.0,0.0,0.0,0.0,0.0,9.0,21.0,0.0,0.0,0.0,0.0
A_f0.7_move__lamarckian__s30,A_f0.7_move__lamarckian,A_f0.7_move,A,lamarckian,30,550,train,50,1.7,19,19,64.11155898059924,0.8958333333333334,0.5,adaptive_move,0.6125,0.12337209776172477,0.21592881944444442,268.0,57.0,66.0,375.0,81.0,10.0,0.0,0.0,51.0,1.0,9.0,31.0,13.0,3.0,0.0,0.0,0.0,0.0,9.0,31.0,0.0,0.0,0.0,0.0
A_f0.7_move__lamarckian__s30,A_f0.7_move__lamarckian,A_f0.7_move,A,lamarckian,30,600,train,50,1.78,25,25,78.51396495105638,0.8333333333333334,0.5,adaptive_move,0.5625,0.12302562905507569,0.21561049883990724,327.0,46.0,42.0,330.0,44.0,16.0,0.0,0.0,52.0,1.0,11.0,23.0,20.0,3.0,0.0,0.0,0.0,0.0,11.0,23.0,0.0,0.0,0.0,0.0
A_f0.7_move__lamarckian__s30,A_f0.7_move__lamarckian,A_f0.7_move,A,lamarckian,30,650,train,50,1.88,15,15,44.507137017772536,0.9583333333333334,0.5,adaptive_move,0.56875,0.09655430909906043,0.17846450617283938,274.0,46.0,51.0,331.0,40.0,12.0,0.0,0.0,44.0,2.0,15.0,21.0,19.0,0.0,0.0,0.0,0.0,0.0,15.0,21.0,0.0,0.0,0.0,0.0
A_f0.7_move__lamarckian__s30,A_f0.7_move__lamarckian,A_f0.7_move,A,lamarckian,30,700,train,50,2.02,18,18,62.09656855599064,0.8958333333333334,0.5,adaptive_move,0.6125,0.1287657571207133,0.21211674528301883,325.0,68.0,67.0,424.0,42.0,6.0,0.0,0.0,55.0,4.0,12.0,18.0,17.0,2.0,0.0,0.0,0.0,0.0,12.0,18.0,0.0,0.0,0.0,0.0
A_f0.7_move__lamarckian__s30,A_f0.7_move__lamarckian,A_f0.7_move,A,lamarckian,30,750,train,50,2.12,15,15,71.8672703149834,0.8958333333333334,0.5,adaptive_move,0.56875,0.06890137205441668,0.14723121761658042,306.0,58.0,74.0,470.0,100.0,15.0,0.0,0.0,39.0,4.0,14.0,26.0,14.0,3.0,0.0,0.0,0.0,0.0,14.0,26.0,0.0,0.0,0.0,0.0
A_f0.7_move__lamarckian__s30,A_f0.7_move__lamarckian,A_f0.7_move,A,lamarckian,30,800,train,50,2.04,15,15,80.76251594697035,0.8125,0.5,adaptive_move,0.51875,0.08383255096057214,0.15860969387755075,361.0,78.0,63.0,420.0,162.0,27.0,0.0,0.0,55.0,2.0,17.0,18.0,22.0,3.0,0.0,0.0,0.0,0.0,17.0,18.0,0.0,0.0,0.0,0.0
A_f0.7_move__lamarckian__s30,A_f0.7_move__lamarckian,A_f0.7_move,A,lamarckian,30,850,train,50,2.28,16,16,78.0925985916941,0.8333333333333334,0.5,adaptive_move,0.51875,0.08887661309294223,0.16435596446700473,418.0,87.0,74.0,513.0,97.0,16.0,0.0,0.0,37.0,9.0,20.0,24.0,24.0,0.0,0.0,0.0,0.0,0.0,20.0,24.0,0.0,0.0,0.0,0.0
A_f0.7_move__lamarckian__s30,A_f0.7_move__lamarckian,A_f0.7_move,A,lamarckian,30,900,train,50,2.34,7,7,75.37262171089156,0.875,0.5,adaptive_move,0.5875,0.08125476350381106,0.17192152605459077,399.0,71.0,107.0,569.0,159.0,25.0,0.0,0.0,49.0,5.0,10.0,29.0,21.0,1.0,0.0,0.0,0.0,0.0,10.0,29.0,0.0,0.0,0.0,0.0
A_f0.7_move__lamarckian__s30,A_f0.7_move__lamarckian,A_f0.7_move,A,lamarckian,30,950,train,50,2.36,5,5,63.86868402902127,0.8541666666666666,0.5,adaptive_move,0.54375,0.05190143690201173,0.11456914168937349,525.0,91.0,72.0,434.0,202.0,33.0,0.0,0.0,58.0,3.0,14.0,16.0,18.0,1.0,0.0,0.0,0.0,0.0,14.0,16.0,0.0,0.0,0.0,0.0
A_f0.7_move__lamarckian__s30,A_f0.7_move__lamarckian,A_f0.7_move,A,lamarckian,30,1000,train,50,2.48,11,11,73.1291669542864,0.8958333333333334,0.5,adaptive_move,0.5375,0.08942735128936373,0.17107812499999997,408.0,88.0,65.0,377.0,95.0,13.0,0.0,0.0,52.0,1.0,9.0,22.0,25.0,0.0,0.0,0.0,0.0,0.0,9.0,22.0,0.0,0.0,0.0,0.0
A_f0.7_move__lamarckian__s30,A_f0.7_move__lamarckian,A_f0.7_move,A,lamarckian,30,1050,train,50,2.56,12,12,69.3566499689571,0.8541666666666666,0.5,adaptive_move,0.5625,0.11386884153855353,0.19888339328537175,327.0,66.0,68.0,365.0,125.0,18.0,0.0,0.0,57.0,2.0,13.0,18.0,20.0,0.0,0.0,0.0,0.0,0.0,13.0,18.0,0.0,0.0,0.0,0.0
A_f0.7_move__lamarckian__s30,A_f0.7_move__lamarckian,A_f0.7_move,A,lamarckian,30,1100,train,50,2.72,17,17,76.22628276115151,0.875,0.5,adaptive_move,0.5375,0.08880879594681479,0.17420708955223896,334.0,77.0,85.0,426.0,158.0,27.0,0.0,0.0,46.0,4.0,18.0,18.0,28.0,0.0,0.0,0.0,0.0,0.0,18.0,18.0,0.0,0.0,0.0,0.0
A_f0.7_move__lamarckian__s30,A_f0.7_move__lamarckian,A_f0.7_move,A,lamarckian,30,1150,train,50,2.9,13,13,70.0035172346791,0.8958333333333334,0.5,adaptive_move,0.525,0.09991040577495829,0.19265324519230753,359.0,66.0,89.0,425.0,104.0,11.0,0.0,0.0,60.0,1.0,17.0,16.0,27.0,1.0,0.0,0.0,0.0,0.0,17.0,16.0,0.0,0.0,0.0,0.0
A_f0.7_move__lamarckian__s30,A_f0.7_move__lamarckian,A_f0.7_move,A,lamarckian,30,1200,train,50,3.08,19,19,81.57832205333301,0.8125,0.5,adaptive_move,0.54375,0.08932133852593138,0.17440291563275467,289.0,61.0,77.0,475.0,92.0,18.0,0.0,0.0,45.0,5.0,20.0,24.0,14.0,2.0,0.0,0.0,0.0,0.0,20.0,24.0,0.0,0.0,0.0,0.0
A_f0.7_move__lamarckian__s30,A_f0.7_move__lamarckian,A_f0.7_move,A,lamarckian,30,1250,train,50,3.16,21,21,61.853232060589605,0.8333333333333334,0.5,adaptive_move,0.56875,0.11161589302054212,0.2064113849765259,438.0,81.0,98.0,517.0,121.0,15.0,0.0,0.0,55.0,0.0,20.0,19.0,24.0,0.0,0.0,0.0,0.0,0.0,20.0,19.0,0.0,0.0,0.0,0.0
A_f0.7_move__lamarckian__s30,A_f0.7_move__lamarckian,A_f0.7_move,A,lamarckian,30,1300,train,50,3.18,12,12,72.56226336745034,0.8958333333333334,0.5,adaptive_move,0.5125,0.10319673821603192,0.19198369565217388,337.0,63.0,87.0,514.0,84.0,17.0,0.0,0.0,53.0,5.0,15.0,22.0,24.0,0.0,0.0,0.0,0.0,0.0,15.0,22.0,0.0,0.0,0.0,0.0
A_f0.7_move__lamarckian__s30,A_f0.7_move__lamarckian,A_f0.7_move,A,lamarckian,30,1350,train,50,3.5,19,19,67.83652676281481,0.875,0.5,adaptive_move,0.55625,0.1323560175394614,0.20718750000000008,373.0,55.0,72.0,485.0,73.0,16.0,0.0,0.0,58.0,2.0,17.0,19.0,21.0,1.0,0.0,0.0,0.0,0.0,17.0,19.0,0.0,0.0,0.0,0.0
A_f0.7_move__lamarckian__s30,A_f0.7_move__lamarckian,A_f0.7_move,A,lamarckian,30,1400,train,50,3.6,20,20,56.03608209368072,0.9166666666666666,0.5,adaptive_move,0.50625,0.09286819138830862,0.16222026854219962,280.0,60.0,83.0,429.0,52.0,10.0,0.0,0.0,47.0,4.0,21.0,25.0,27.0,2.0,0.0,0.0,0.0,0.0,21.0,25.0,0.0,0.0,0.0,0.0
A_f0.7_move__lamarckian__s30,A_f0.7_move__lamarckian,A_f0.7_move,A,lamarckian,30,1450,train,50,3.62,13,13,76.58242088038702,0.8541666666666666,0.5,adaptive_move,0.55,0.10892450082478261,0.19517728365384612,424.0,67.0,92.0,469.0,47.0,6.0,0.0,0.0,46.0,3.0,15.0,23.0,24.0,1.0,0.0,0.0,0.0,0.0,15.0,23.0,0.0,0.0,0.0,0.0
A_f0.7_move__lamarckian__s30,A_f0.7_move__lamarckian,A_f0.7_move,A,lamarckian,30,1500,train,50,3.66,13,13,72.6679303227089,0.8541666666666666,0.5,adaptive_move,0.6125,0.11263965266699627,0.20776115023474206,373.0,57.0,79.0,415.0,74.0,6.0,0.0,0.0,58.0,1.0,13.0,21.0,30.0,0.0,0.0,0.0,0.0,0.0,13.0,21.0,0.0,0.0,0.0,0.0
A_f0.7_move__lamarckian__s30,A_f0.7_move__lamarckian,A_f0.7_move,A,lamarckian,30,1550,eval,50,3.94,19,19,71.82785235905257,0.9166666666666666,0.5,adaptive_move,0.47,0.0,0.0,387.0,88.0,84.0,456.0,27.0,5.0,13.0,76.0,51.0,5.0,11.0,26.0,15.0,0.0,7.0,4.0,0.0,0.0,11.0,26.0,0.0,0.0,7.0,4.0
A_f0.7_move__lamarckian__s30,A_f0.7_move__lamarckian,A_f0.7_move,A,lamarckian,30,1600,eval,43,4.1395348837209305,13,20,92.87070701120837,0.875,0.5,adaptive_move,0.535,0.0,0.0,419.0,71.0,72.0,352.0,37.0,4.0,5.0,36.0,56.0,3.0,19.0,13.0,15.0,0.0,4.0,4.0,0.0,0.0,19.0,13.0,0.0,0.0,4.0,4.0
A_f0.7_move__lamarckian__s30,A_f0.7_move__lamarckian,A_f0.7_move,A,lamarckian,30,1650,eval,45,4.377777777777778,15,13,95.28996791537341,0.8333333333333334,0.5,adaptive_move,0.53,0.0,0.0,408.0,66.0,92.0,464.0,43.0,6.0,5.0,37.0,58.0,2.0,12.0,19.0,18.0,2.0,4.0,2.0,0.0,0.0,12.0,19.0,0.0,0.0,4.0,2.0
A_f0.7_move__lamarckian__s30,A_f0.7_move__lamarckian,A_f0.7_move,A,lamarckian,30,1700,eval,50,4.52,19,14,74.19099999603723,0.8958333333333334,0.5,adaptive_move,0.44,0.0,0.0,404.0,73.0,87.0,482.0,58.0,9.0,30.0,130.0,59.0,6.0,15.0,18.0,16.0,1.0,9.0,6.0,0.0,0.0,15.0,18.0,0.0,0.0,9.0,6.0
A_f0.7_move__lamarckian__s30,A_f0.7_move__lamarckian,A_f0.7_move,A,lamarckian,30,1750,eval,47,4.680851063829787,13,16,65.7342116134809,0.9375,0.5,adaptive_move,0.48,0.0,0.0,388.0,62.0,84.0,490.0,46.0,6.0,15.0,106.0,64.0,4.0,12.0,18.0,16.0,0.0,9.0,6.0,0.0,0.0,12.0,18.0,0.0,0.0,9.0,6.0
A_f0.7_move__lamarckian__s30,A_f0.7_move__lamarckian,A_f0.7_move,A,lamarckian,30,1800,eval,50,4.82,16,13,69.09868488204896,0.9375,0.5,adaptive_move,0.515,0.0,0.0,484.0,116.0,58.0,341.0,78.0,20.0,11.0,74.0,63.0,4.0,14.0,18.0,14.0,0.0,4.0,1.0,0.0,0.0,14.0,18.0,0.0,0.0,4.0,1.0
