run_id,cell_id,condition,family,inheritance_mode,seed,window_end_tick,phase,population,mean_generation,births,deaths,total_stock,suppressed_fraction,coverage_realised,monitor_policy,mask_overlap,weight_kl,weight_gini,opportunities__train__m0__c0,opportunities__train__m0__c1,opportunities__train__m1__c0,opportunities__train__m1__c1,opportunities__heldout__m0__c0,opportunities__heldout__m0__c1,opportunities__heldout__m1__c0,opportunities__heldout__m1__c1,defections__train__m0__c0,defections__train__m0__c1,defections__train__m1__c0,defections__train__m1__c1,defections__heldout__m0__c0,defections__heldout__m0__c1,defections__heldout__m1__c0,defections__heldout__m1__c1,penalties__train__m0__c0,penalties__train__m0__c1,penalties__train__m1__c0,penalties__train__m1__c1,penalties__heldout__m0__c0,penalties__heldout__m0__c1,penalties__heldout__m1__c0,penalties__heldout__m1__c1
C4__baldwinian__s1,C4__baldwinian,C4,C4,baldwinian,1,50,train,50,0.66,33,3,93.62262228535256,0.8333333333333334,0.5,static,0.475,0.0,0.0,158.0,174.0,133.0,117.0,40.0,0.0,0.0,0.0,21.0,23.0,16.0,23.0,23.0,0.0,0.0,0.0,0.0,0.0,16.0,23.0,0.0,0.0,0.0,0.0
C4__baldwinian__s1,C4__baldwinian,C4,C4,baldwinian,1,100,train,50,0.66,9,9,46.70793911172258,0.9583333333333334,0.5,static,0.525,0.0,0.0,223.0,197.0,186.0,247.0,87.0,0.0,0.0,0.0,26.0,20.0,22.0,25.0,16.0,0.0,0.0,0.0,0.0,0.0,22.0,25.0,0.0,0.0,0.0,0.0
C4__baldwinian__s1,C4__baldwinian,C4,C4,baldwinian,1,150,train,50,0.74,14,14,102.24584609257454,0.7708333333333334,0.5,static,0.48125,0.0,0.0,198.0,237.0,333.0,177.0,116.0,0.0,0.0,0.0,21.0,14.0,25.0,16.0,19.0,0.0,0.0,0.0,0.0,0.0,25.0,16.0,0.0,0.0,0.0,0.0
C4__baldwinian__s1,C4__baldwinian,C4,C4,baldwinian,1,200,train,50,0.76,16,16,81.94483153140436,0.8125,0.5,static,0.475,0.0,0.0,327.0,314.0,152.0,313.0,165.0,0.0,0.0,0.0,26.0,25.0,15.0,20.0,16.0,0.0,0.0,0.0,0.0,0.0,15.0,20.0,0.0,0.0,0.0,0.0
C4__baldwinian__s1,C4__baldwinian,C4,C4,baldwinian,1,250,train,50,0.74,13,13,86.6651226024523,0.7916666666666666,0.5,static,0.5375,0.0,0.0,257.0,254.0,290.0,152.0,125.0,0.0,0.0,0.0,20.0,31.0,20.0,17.0,17.0,0.0,0.0,0.0,0.0,0.0,20.0,17.0,0.0,0.0,0.0,0.0
C4__baldwinian__s1,C4__baldwinian,C4,C4,baldwinian,1,300,train,50,0.76,13,13,50.87448689857411,0.9375,0.5,static,0.5,0.0,0.0,236.0,333.0,250.0,246.0,140.0,0.0,0.0,0.0,34.0,24.0,23.0,25.0,15.0,0.0,0.0,0.0,0.0,0.0,23.0,25.0,0.0,0.0,0.0,0.0
C4__baldwinian__s1,C4__baldwinian,C4,C4,baldwinian,1,350,train,50,0.74,16,16,111.146906045782,0.7708333333333334,0.5,static,0.475,0.0,0.0,205.0,187.0,259.0,258.0,184.0,0.0,0.0,0.0,15.0,24.0,17.0,17.0,12.0,0.0,0.0,0.0,0.0,0.0,17.0,17.0,0.0,0.0,0.0,0.0
C4__baldwinian__s1,C4__baldwinian,C4,C4,baldwinian,1,400,train,50,0.74,11,11,91.06470248095934,0.75,0.5,static,0.48125,0.0,0.0,247.0,393.0,229.0,237.0,117.0,0.0,0.0,0.0,19.0,28.0,23.0,17.0,15.0,0.0,0.0,0.0,0.0,0.0,23.0,17.0,0.0,0.0,0.0,0.0
C4__baldwinian__s1,C4__baldwinian,C4,C4,baldwinian,1,450,train,50,0.78,13,13,94.87863370552229,0.7708333333333334,0.5,static,0.50625,0.0,0.0,260.0,255.0,269.0,293.0,84.0,0.0,0.0,0.0,18.0,30.0,13.0,18.0,18.0,0.0,0.0,0.0,0.0,0.0,13.0,18.0,0.0,0.0,0.0,0.0
C4__baldwinian__s1,C4__baldwinian,C4,C4,baldwinian,1,500,train,44,1.1818181818181819,17,23,78.94861092619735,0.7916666666666666,0.5,static,0.475,0.0,0.0,344.0,201.0,208.0,212.0,123.0,0.0,0.0,0.0,31.0,14.0,19.0,20.0,13.0,0.0,0.0,0.0,0.0,0.0,19.0,20.0,0.0,0.0,0.0,0.0
C4__baldwinian__s1,C4__baldwinian,C4,C4,baldwinian,1,550,train,50,1.68,25,19,58.667873542338896,0.8958333333333334,0.5,static,0.48125,0.0,0.0,179.0,285.0,184.0,160.0,52.0,0.0,0.0,0.0,23.0,46.0,21.0,19.0,10.0,0.0,0.0,0.0,0.0,0.0,21.0,19.0,0.0,0.0,0.0,0.0
C4__baldwinian__s1,C4__baldwinian,C4,C4,baldwinian,1,600,train,42,1.7142857142857142,17,25,124.14920935173026,0.7916666666666666,0.5,static,0.5625,0.0,0.0,95.0,113.0,161.0,270.0,99.0,0.0,0.0,0.0,23.0,11.0,19.0,19.0,17.0,0.0,0.0,0.0,0.0,0.0,19.0,19.0,0.0,0.0,0.0,0.0
C4__baldwinian__s1,C4__baldwinian,C4,C4,baldwinian,1,650,train,50,2.16,27,19,118.68643646268579,0.75,0.5,static,0.46875,0.0,0.0,160.0,230.0,240.0,194.0,89.0,0.0,0.0,0.0,13.0,29.0,19.0,17.0,19.0,0.0,0.0,0.0,0.0,0.0,19.0,17.0,0.0,0.0,0.0,0.0
C4__baldwinian__s1,C4__baldwinian,C4,C4,baldwinian,1,700,train,50,2.06,17,17,79.08942242166546,0.8541666666666666,0.5,static,0.4875,0.0,0.0,238.0,200.0,281.0,190.0,48.0,0.0,0.0,0.0,30.0,15.0,25.0,21.0,12.0,0.0,0.0,0.0,0.0,0.0,25.0,21.0,0.0,0.0,0.0,0.0
C4__baldwinian__s1,C4__baldwinian,C4,C4,baldwinian,1,750,train,50,2.16,17,17,65.12274425231526,0.8541666666666666,0.5,static,0.46875,0.0,0.0,245.0,244.0,241.0,207.0,62.0,0.0,0.0,0.0,25.0,24.0,16.0,15.0,14.0,0.0,0.0,0.0,0.0,0.0,16.0,15.0,0.0,0.0,0.0,0.0
C4__baldwinian__s1,C4__baldwinian,C4,C4,baldwinian,1,800,train,50,2.34,16,16,101.63240974787931,0.7083333333333334,0.5,static,0.51875,0.0,0.0,103.0,302.0,260.0,144.0,90.0,0.0,0.0,0.0,16.0,21.0,30.0,9.0,19.0,0.0,0.0,0.0,0.0,0.0,30.0,9.0,0.0,0.0,0.0,0.0
C4__baldwinian__s1,C4__baldwinian,C4,C4,baldwinian,1,850,train,50,2.28,14,14,118.58861055115028,0.625,0.5,static,0.4875,0.0,0.0,193.0,207.0,211.0,279.0,139.0,0.0,0.0,0.0,23.0,19.0,18.0,19.0,12.0,0.0,0.0,0.0,0.0,0.0,18.0,19.0,0.0,0.0,0.0,0.0
C4__baldwinian__s1,C4__baldwinian,C4,C4,baldwinian,1,900,train,50,2.36,14,14,111.54774408945543,0.75,0.5,static,0.5125,0.0,0.0,278.0,286.0,200.0,247.0,163.0,0.0,0.0,0.0,22.0,18.0,24.0,22.0,12.0,0.0,0.0,0.0,0.0,0.0,24.0,22.0,0.0,0.0,0.0,0.0
C4__baldwinian__s1,C4__baldwinian,C4,C4,baldwinian,1,950,train,50,2.44,18,18,70.7247438599839,0.875,0.5,static,0.475,0.0,0.0,236.0,236.0,177.0,297.0,93.0,0.0,0.0,0.0,26.0,25.0,21.0,24.0,17.0,0.0,0.0,0.0,0.0,0.0,21.0,24.0,0.0,0.0,0.0,0.0
C4__baldwinian__s1,C4__baldwinian,C4,C4,baldwinian,1,1000,train,50,2.58,17,17,113.60111674725161,0.6875,0.5,static,0.5375,0.0,0.0,277.0,249.0,329.0,322.0,123.0,0.0,0.0,0.0,14.0,24.0,16.0,22.0,16.0,0.0,0.0,0.0,0.0,0.0,16.0,22.0,0.0,0.0,0.0,0.0
C4__baldwinian__s1,C4__baldwinian,C4,C4,baldwinian,1,1050,train,50,2.64,16,16,94.50130937476962,0.7291666666666666,0.5,static,0.55,0.0,0.0,259.0,272.0,205.0,391.0,123.0,0.0,0.0,0.0,15.0,18.0,28.0,15.0,28.0,0.0,0.0,0.0,0.0,0.0,28.0,15.0,0.0,0.0,0.0,0.0
C4__baldwinian__s1,C4__baldwinian,C4,C4,baldwinian,1,1100,train,50,2.86,19,19,92.6986484701533,0.7708333333333334,0.5,static,0.5,0.0,0.0,250.0,292.0,260.0,295.0,111.0,0.0,0.0,0.0,18.0,19.0,23.0,21.0,15.0,0.0,0.0,0.0,0.0,0.0,23.0,21.0,0.0,0.0,0.0,0.0
C4__baldwinian__s1,C4__baldwinian,C4,C4,baldwinian,1,1150,train,50,3.1,16,16,109.8009484345327,0.7291666666666666,0.5,static,0.45625,0.0,0.0,240.0,232.0,214.0,215.0,115.0,0.0,0.0,0.0,21.0,20.0,19.0,17.0,14.0,0.0,0.0,0.0,0.0,0.0,19.0,17.0,0.0,0.0,0.0,0.0
C4__baldwinian__s1,C4__baldwinian,C4,C4,baldwinian,1,1200,train,50,3.14,14,14,84.23019599217929,0.8125,0.5,static,0.58125,0.0,0.0,314.0,231.0,265.0,266.0,99.0,0.0,0.0,0.0,25.0,18.0,21.0,21.0,23.0,0.0,0.0,0.0,0.0,0.0,21.0,21.0,0.0,0.0,0.0,0.0
C4__baldwinian__s1,C4__baldwinian,C4,C4,baldwinian,1,1250,train,50,3.2,14,14,89.47528333481154,0.7708333333333334,0.5,static,0.43125,0.0,0.0,303.0,239.0,205.0,168.0,62.0,0.0,0.0,0.0,29.0,20.0,11.0,6.0,16.0,0.0,0.0,0.0,0.0,0.0,11.0,6.0,0.0,0.0,0.0,0.0
C4__baldwinian__s1,C4__baldwinian,C4,C4,baldwinian,1,1300,train,50,3.2,21,21,89.47945232226121,0.75,0.5,static,0.5125,0.0,0.0,282.0,157.0,216.0,304.0,141.0,0.0,0.0,0.0,40.0,16.0,21.0,17.0,18.0,0.0,0.0,0.0,0.0,0.0,21.0,17.0,0.0,0.0,0.0,0.0
C4__baldwinian__s1,C4__baldwinian,C4,C4,baldwinian,1,1350,train,50,3.22,15,15,104.12473996107389,0.75,0.5,static,0.49375,0.0,0.0,178.0,224.0,222.0,239.0,163.0,0.0,0.0,0.0,17.0,19.0,26.0,18.0,6.0,0.0,0.0,0.0,0.0,0.0,26.0,18.0,0.0,0.0,0.0,0.0
C4__baldwinian__s1,C4__baldwinian,C4,C4,baldwinian,1,1400,train,50,3.42,19,19,89.09456494726894,0.7916666666666666,0.5,static,0.48125,0.0,0.0,328.0,351.0,353.0,160.0,248.0,0.0,0.0,0.0,18.0,28.0,32.0,18.0,13.0,0.0,0.0,0.0,0.0,0.0,32.0,18.0,0.0,0.0,0.0,0.0
C4__baldwinian__s1,C4__baldwinian,C4,C4,baldwinian,1,1450,train,50,3.52,15,15,80.03488414373774,0.7916666666666666,0.5,static,0.5,0.0,0.0,176.0,262.0,282.0,180.0,52.0,0.0,0.0,0.0,20.0,21.0,23.0,16.0,17.0,0.0,0.0,0.0,0.0,0.0,23.0,16.0,0.0,0.0,0.0,0.0
C4__baldwinian__s1,C4__baldwinian,C4,C4,baldwinian,1,1500,train,50,3.74,18,18,91.95735965757088,0.7708333333333334,0.5,static,0.49375,0.0,0.0,218.0,448.0,155.0,258.0,67.0,0.0,0.0,0.0,22.0,21.0,16.0,24.0,16.0,0.0,0.0,0.0,0.0,0.0,16.0,24.0,0.0,0.0,0.0,0.0
C4__baldwinian__s1,C4__baldwinian,C4,C4,baldwinian,1,1550,eval,50,3.82,29,29,74.5489460051028,0.875,0.5,static,0.525,0.0,0.0,167.0,177.0,197.0,329.0,67.0,16.0,6.0,37.0,12.0,16.0,22.0,28.0,2.0,1.0,1.0,5.0,0.0,0.0,22.0,28.0,0.0,0.0,1.0,5.0
C4__baldwinian__s1,C4__baldwinian,C4,C4,baldwinian,1,1600,eval,50,4.22,22,22,184.19665575561007,0.5416666666666666,0.5,static,0.535,0.0,0.0,208.0,164.0,229.0,260.0,56.0,46.0,11.0,73.0,17.0,9.0,21.0,16.0,2.0,1.0,1.0,6.0,0.0,0.0,21.0,16.0,0.0,0.0,1.0,6.0
C4__baldwinian__s1,C4__baldwinian,C4,C4,baldwinian,1,1650,eval,50,4.16,22,22,137.326811647966,0.6458333333333334,0.5,static,0.465,0.0,0.0,263.0,277.0,294.0,230.0,116.0,105.0,33.0,77.0,17.0,15.0,18.0,16.0,7.0,6.0,8.0,3.0,0.0,0.0,18.0,16.0,0.0,0.0,8.0,3.0
C4__baldwinian__s1,C4__baldwinian,C4,C4,baldwinian,1,1700,eval,50,4.22,9,9,188.59384881451342,0.4791666666666667,0.5,static,0.48,0.0,0.0,277.0,319.0,262.0,316.0,68.0,18.0,62.0,37.0,14.0,23.0,10.0,12.0,5.0,4.0,5.0,5.0,0.0,0.0,10.0,12.0,0.0,0.0,5.0,5.0
C4__baldwinian__s1,C4__baldwinian,C4,C4,baldwinian,1,1750,eval,50,4.18,9,9,211.98151476276945,0.3541666666666667,0.5,static,0.49,0.0,0.0,249.0,423.0,386.0,204.0,6.0,51.0,129.0,68.0,18.0,23.0,11.0,7.0,2.0,1.0,1.0,3.0,0.0,0.0,11.0,7.0,0.0,0.0,1.0,3.0
C4__baldwinian__s1,C4__baldwinian,C4,C4,baldwinian,1,1800,eval,50,4.22,9,9,182.81662722249814,0.4583333333333333,0.5,static,0.505,0.0,0.0,326.0,447.0,263.0,343.0,52.0,51.0,63.0,83.0,12.0,24.0,12.0,12.0,3.0,0.0,4.0,2.0,0.0,0.0,12.0,12.0,0.0,0.0,4.0,2.0
C4__baldwinian__s2,C4__baldwinian,C4,C4,baldwinian,2,50,train,50,0.7,32,2,55.28650760592539,0.875,0.5,static,0.5,0.0,0.0,137.0,114.0,87.0,91.0,68.0,0.0,0.0,0.0,24.0,30.0,20.0,12.0,29.0,0.0,0.0,0.0,0.0,0.0,20.0,12.0,0.0,0.0,0.0,0.0
C4__baldwinian__s2,C4__baldwinian,C4,C4,baldwinian,2,100,train,47,0.7872340425531915,13,16,73.54650782023057,0.9166666666666666,0.5,static,0.49375,0.0,0.0,172.0,202.0,129.0,169.0,109.0,0.0,0.0,0.0,22.0,24.0,11.0,25.0,26.0,0.0,0.0,0.0,0.0,0.0,11.0,25.0,0.0,0.0,0.0,0.0
C4__baldwinian__s2,C4__baldwinian,C4,C4,baldwinian,2,150,train,44,0.9545454545454546,16,19,51.75365444849795,0.9375,0.5,static,0.525,0.0,0.0,239.0,253.0,167.0,84.0,115.0,0.0,0.0,0.0,24.0,28.0,20.0,11.0,26.0,0.0,0.0,0.0,0.0,0.0,20.0,11.0,0.0,0.0,0.0,0.0
C4__baldwinian__s2,C4__baldwinian,C4,C4,baldwinian,2,200,train,50,1.14,21,15,108.74246385088799,0.7708333333333334,0.5,static,0.49375,0.0,0.0,151.0,189.0,146.0,213.0,142.0,0.0,0.0,0.0,22.0,21.0,17.0,17.0,20.0,0.0,0.0,0.0,0.0,0.0,17.0,17.0,0.0,0.0,0.0,0.0
C4__baldwinian__s2,C4__baldwinian,C4,C4,baldwinian,2,250,train,47,1.2127659574468086,16,19,77.50763883567592,0.875,0.5,static,0.5875,0.0,0.0,156.0,78.0,159.0,211.0,115.0,0.0,0.0,0.0,23.0,18.0,20.0,21.0,24.0,0.0,0.0,0.0,0.0,0.0,20.0,21.0,0.0,0.0,0.0,0.0
C4__baldwinian__s2,C4__baldwinian,C4,C4,baldwinian,2,300,train,50,1.6,20,17,103.53680556682218,0.75,0.5,static,0.54375,0.0,0.0,154.0,221.0,223.0,182.0,157.0,0.0,0.0,0.0,9.0,26.0,19.0,19.0,28.0,0.0,0.0,0.0,0.0,0.0,19.0,19.0,0.0,0.0,0.0,0.0
C4__baldwinian__s2,C4__baldwinian,C4,C4,baldwinian,2,350,train,50,1.6,17,17,120.86901829196978,0.7916666666666666,0.5,static,0.46875,0.0,0.0,217.0,238.0,249.0,226.0,60.0,0.0,0.0,0.0,27.0,16.0,22.0,20.0,20.0,0.0,0.0,0.0,0.0,0.0,22.0,20.0,0.0,0.0,0.0,0.0
C4__baldwinian__s2,C4__baldwinian,C4,C4,baldwinian,2,400,train,50,1.58,18,18,123.55456359425254,0.7083333333333334,0.5,static,0.55625,0.0,0.0,244.0,306.0,254.0,211.0,77.0,0.0,0.0,0.0,11.0,21.0,8.0,21.0,25.0,0.0,0.0,0.0,0.0,0.0,8.0,21.0,0.0,0.0,0.0,0.0
C4__baldwinian__s2,C4__baldwinian,C4,C4,baldwinian,2,450,train,50,1.58,15,15,51.85338673900211,0.9375,0.5,static,0.5125,0.0,0.0,247.0,290.0,201.0,402.0,100.0,0.0,0.0,0.0,28.0,22.0,20.0,21.0,30.0,0.0,0.0,0.0,0.0,0.0,20.0,21.0,0.0,0.0,0.0,0.0
C4__baldwinian__s2,C4__baldwinian,C4,C4,baldwinian,2,500,train,50,1.82,17,17,85.839773453103,0.8125,0.5,static,0.4875,0.0,0.0,94.0,210.0,251.0,76.0,148.0,0.0,0.0,0.0,11.0,26.0,17.0,10.0,22.0,0.0,0.0,0.0,0.0,0.0,17.0,10.0,0.0,0.0,0.0,0.0
C4__baldwinian__s2,C4__baldwinian,C4,C4,baldwinian,2,550,train,50,2.08,21,21,83.00988538264714,0.8125,0.5,static,0.4625,0.0,0.0,175.0,186.0,170.0,182.0,81.0,0.0,0.0,0.0,23.0,19.0,22.0,16.0,20.0,0.0,0.0,0.0,0.0,0.0,22.0,16.0,0.0,0.0,0.0,0.0
C4__baldwinian__s2,C4__baldwinian,C4,C4,baldwinian,2,600,train,50,2.28,18,18,96.38217233331551,0.8125,0.5,static,0.4625,0.0,0.0,285.0,240.0,144.0,120.0,82.0,0.0,0.0,0.0,23.0,22.0,18.0,13.0,24.0,0.0,0.0,0.0,0.0,0.0,18.0,13.0,0.0,0.0,0.0,0.0
C4__baldwinian__s2,C4__baldwinian,C4,C4,baldwinian,2,650,train,50,2.34,18,18,72.71080719688845,0.8333333333333334,0.5,static,0.49375,0.0,0.0,325.0,267.0,241.0,153.0,107.0,0.0,0.0,0.0,21.0,19.0,26.0,16.0,20.0,0.0,0.0,0.0,0.0,0.0,26.0,16.0,0.0,0.0,0.0,0.0
C4__baldwinian__s2,C4__baldwinian,C4,C4,baldwinian,2,700,train,50,2.4,14,14,103.78943078201765,0.75,0.5,static,0.5,0.0,0.0,249.0,149.0,297.0,222.0,107.0,0.0,0.0,0.0,23.0,17.0,20.0,17.0,19.0,0.0,0.0,0.0,0.0,0.0,20.0,17.0,0.0,0.0,0.0,0.0
C4__baldwinian__s2,C4__baldwinian,C4,C4,baldwinian,2,750,train,50,2.64,20,20,91.5124523775476,0.8333333333333334,0.5,static,0.475,0.0,0.0,246.0,207.0,244.0,164.0,79.0,0.0,0.0,0.0,26.0,12.0,23.0,24.0,30.0,0.0,0.0,0.0,0.0,0.0,23.0,24.0,0.0,0.0,0.0,0.0
C4__baldwinian__s2,C4__baldwinian,C4,C4,baldwinian,2,800,train,50,2.74,21,21,84.09195377708207,0.875,0.5,static,0.49375,0.0,0.0,211.0,282.0,246.0,284.0,103.0,0.0,0.0,0.0,21.0,21.0,20.0,25.0,13.0,0.0,0.0,0.0,0.0,0.0,20.0,25.0,0.0,0.0,0.0,0.0
C4__baldwinian__s2,C4__baldwinian,C4,C4,baldwinian,2,850,train,50,2.82,25,25,75.62926747170056,0.8958333333333334,0.5,static,0.44375,0.0,0.0,189.0,132.0,258.0,226.0,108.0,0.0,0.0,0.0,27.0,20.0,21.0,21.0,17.0,0.0,0.0,0.0,0.0,0.0,21.0,21.0,0.0,0.0,0.0,0.0
C4__baldwinian__s2,C4__baldwinian,C4,C4,baldwinian,2,900,train,50,2.88,14,14,133.76045088142138,0.6041666666666666,0.5,static,0.5125,0.0,0.0,198.0,148.0,228.0,206.0,112.0,0.0,0.0,0.0,15.0,18.0,16.0,13.0,20.0,0.0,0.0,0.0,0.0,0.0,16.0,13.0,0.0,0.0,0.0,0.0
C4__baldwinian__s2,C4__baldwinian,C4,C4,baldwinian,2,950,train,50,2.88,13,13,107.73664140588606,0.7708333333333334,0.5,static,0.51875,0.0,0.0,215.0,243.0,309.0,232.0,96.0,0.0,0.0,0.0,18.0,20.0,18.0,14.0,20.0,0.0,0.0,0.0,0.0,0.0,18.0,14.0,0.0,0.0,0.0,0.0
C4__baldwinian__s2,C4__baldwinian,C4,C4,baldwinian,2,1000,train,50,3.0,19,19,91.60401679388639,0.8333333333333334,0.5,static,0.49375,0.0,0.0,241.0,256.0,327.0,232.0,75.0,0.0,0.0,0.0,21.0,22.0,23.0,18.0,21.0,0.0,0.0,0.0,0.0,0.0,23.0,18.0,0.0,0.0,0.0,0.0
C4__baldwinian__s2,C4__baldwinian,C4,C4,baldwinian,2,1050,train,50,3.04,23,23,94.58039425728933,0.8125,0.5,static,0.49375,0.0,0.0,238.0,221.0,230.0,197.0,121.0,0.0,0.0,0.0,19.0,16.0,22.0,16.0,24.0,0.0,0.0,0.0,0.0,0.0,22.0,16.0,0.0,0.0,0.0,0.0
C4__baldwinian__s2,C4__baldwinian,C4,C4,baldwinian,2,1100,train,50,3.3,17,17,72.57395039508077,0.8541666666666666,0.5,static,0.4875,0.0,0.0,264.0,215.0,237.0,193.0,94.0,0.0,0.0,0.0,28.0,10.0,24.0,17.0,28.0,0.0,0.0,0.0,0.0,0.0,24.0,17.0,0.0,0.0,0.0,0.0
C4__baldwinian__s2,C4__baldwinian,C4,C4,baldwinian,2,1150,train,50,3.4,19,19,84.78445453191436,0.8333333333333334,0.5,static,0.475,0.0,0.0,356.0,241.0,169.0,263.0,112.0,0.0,0.0,0.0,31.0,7.0,20.0,14.0,28.0,0.0,0.0,0.0,0.0,0.0,20.0,14.0,0.0,0.0,0.0,0.0
C4__baldwinian__s2,C4__baldwinian,C4,C4,baldwinian,2,1200,train,50,3.48,14,14,86.0257072123093,0.8125,0.5,static,0.5125,0.0,0.0,321.0,214.0,288.0,267.0,119.0,0.0,0.0,0.0,22.0,15.0,26.0,20.0,27.0,0.0,0.0,0.0,0.0,0.0,26.0,20.0,0.0,0.0,0.0,0.0
C4__baldwinian__s2,C4__baldwinian,C4,C4,baldwinian,2,1250,train,50,3.6,17,17,104.12456952060583,0.7708333333333334,0.5,static,0.49375,0.0,0.0,166.0,279.0,339.0,178.0,51.0,0.0,0.0,0.0,18.0,14.0,29.0,20.0,19.0,0.0,0.0,0.0,0.0,0.0,29.0,20.0,0.0,0.0,0.0,0.0
C4__baldwinian__s2,C4__baldwinian,C4,C4,baldwinian,2,1300,train,50,3.72,17,17,78.38809146341268,0.8958333333333334,0.5,static,0.50625,0.0,0.0,340.0,249.0,185.0,407.0,128.0,0.0,0.0,0.0,20.0,15.0,21.0,26.0,23.0,0.0,0.0,0.0,0.0,0.0,21.0,26.0,0.0,0.0,0.0,0.0
C4__baldwinian__s2,C4__baldwinian,C4,C4,baldwinian,2,1350,train,50,3.9,17,17,97.63111469831651,0.7916666666666666,0.5,static,0.50625,0.0,0.0,270.0,195.0,260.0,290.0,65.0,0.0,0.0,0.0,21.0,26.0,22.0,18.0,26.0,0.0,0.0,0.0,0.0,0.0,22.0,18.0,0.0,0.0,0.0,0.0
C4__baldwinian__s2,C4__baldwinian,C4,C4,baldwinian,2,1400,train,50,3.9,17,17,114.77934616582996,0.6875,0.5,static,0.50625,0.0,0.0,168.0,233.0,261.0,212.0,73.0,0.0,0.0,0.0,16.0,21.0,18.0,21.0,13.0,0.0,0.0,0.0,0.0,0.0,18.0,21.0,0.0,0.0,0.0,0.0
C4__baldwinian__s2,C4__baldwinian,C4,C4,baldwinian,2,1450,train,50,4.0,15,15,71.73028692887017,0.875,0.5,static,0.475,0.0,0.0,191.0,138.0,201.0,331.0,133.0,0.0,0.0,0.0,17.0,11.0,19.0,30.0,26.0,0.0,0.0,0.0,0.0,0.0,19.0,30.0,0.0,0.0,0.0,0.0
C4__baldwinian__s2,C4__baldwinian,C4,C4,baldwinian,2,1500,train,50,4.12,14,14,117.54960970787653,0.6875,0.5,static,0.4625,0.0,0.0,271.0,264.0,244.0,243.0,155.0,0.0,0.0,0.0,17.0,19.0,20.0,17.0,24.0,0.0,0.0,0.0,0.0,0.0,20.0,17.0,0.0,0.0,0.0,0.0
C4__baldwinian__s2,C4__baldwinian,C4,C4,baldwinian,2,1550,eval,50,4.36,18,18,165.7520410621512,0.5416666666666666,0.5,static,0.505,0.0,0.0,327.0,340.0,365.0,347.0,42.0,25.0,52.0,48.0,15.0,17.0,15.0,21.0,2.0,2.0,9.0,4.0,0.0,0.0,15.0,21.0,0.0,0.0,9.0,4.0
C4__baldwinian__s2,C4__baldwinian,C4,C4,baldwinian,2,1600,eval,50,4.48,10,10,185.189243013358,0.5416666666666666,0.5,static,0.505,0.0,0.0,413.0,240.0,270.0,344.0,82.0,19.0,0.0,2.0,20.0,13.0,8.0,20.0,3.0,1.0,0.0,1.0,0.0,0.0,8.0,20.0,0.0,0.0,0.0,1.0
C4__baldwinian__s2,C4__baldwinian,C4,C4,baldwinian,2,1650,eval,50,4.64,12,12,168.07738640926578,0.6041666666666666,0.5,static,0.51,0.0,0.0,195.0,318.0,240.0,321.0,17.0,19.0,15.0,29.0,10.0,20.0,17.0,15.0,4.0,5.0,3.0,7.0,0.0,0.0,17.0,15.0,0.0,0.0,3.0,7.0
C4__baldwinian__s2,C4__baldwinian,C4,C4,baldwinian,2,1700,eval,50,4.68,11,11,148.44831288452212,0.6666666666666666,0.5,static,0.48,0.0,0.0,413.0,334.0,224.0,271.0,8.0,2.0,39.0,4.0,28.0,26.0,8.0,19.0,2.0,1.0,6.0,2.0,0.0,0.0,8.0,19.0,0.0,0.0,6.0,2.0
C4__baldwinian__s2,C4__baldwinian,C4,C4,baldwinian,2,1750,eval,50,4.74,10,10,154.49930858800403,0.625,0.5,static,0.46,0.0,0.0,321.0,286.0,275.0,265.0,7.0,51.0,31.0,43.0,18.0,14.0,23.0,9.0,4.0,9.0,6.0,9.0,0.0,0.0,23.0,9.0,0.0,0.0,6.0,9.0
C4__baldwinian__s2,C4__baldwinian,C4,C4,baldwinian,2,1800,eval,50,4.78,6,6,161.44874411110354,0.5833333333333334,0.5,static,0.545,0.0,0.0,289.0,299.0,272.0,191.0,60.0,50.0,11.0,5.0,21.0,21.0,12.0,8.0,6.0,1.0,0.0,2.0,0.0,0.0,12.0,8.0,0.0,0.0,0.0,2.0
C4__baldwinian__s3,C4__baldwinian,C4,C4,baldwinian,3,50,train,50,0.9,37,7,59.25848846702396,0.9166666666666666,0.5,static,0.5125,0.0,0.0,110.0,134.0,94.0,108.0,155.0,0.0,0.0,0.0,20.0,38.0,22.0,16.0,24.0,0.0,0.0,0.0,0.0,0.0,22.0,16.0,0.0,0.0,0.0,0.0
C4__baldwinian__s3,C4__baldwinian,C4,C4,baldwinian,3,100,train,50,1.04,10,10,75.75927108314926,0.875,0.5,static,0.50625,0.0,0.0,116.0,169.0,126.0,87.0,60.0,0.0,0.0,0.0,17.0,25.0,14.0,11.0,13.0,0.0,0.0,0.0,0.0,0.0,14.0,11.0,0.0,0.0,0.0,0.0
C4__baldwinian__s3,C4__baldwinian,C4,C4,baldwinian,3,150,train,47,1.148936170212766,16,19,56.98402089412703,0.8958333333333334,0.5,static,0.4875,0.0,0.0,170.0,289.0,110.0,120.0,72.0,0.0,0.0,0.0,9.0,39.0,21.0,21.0,15.0,0.0,0.0,0.0,0.0,0.0,21.0,21.0,0.0,0.0,0.0,0.0
C4__baldwinian__s3,C4__baldwinian,C4,C4,baldwinian,3,200,train,50,1.32,19,16,59.47693917771116,0.8958333333333334,0.5,static,0.45,0.0,0.0,357.0,185.0,150.0,244.0,194.0,0.0,0.0,0.0,26.0,20.0,16.0,19.0,21.0,0.0,0.0,0.0,0.0,0.0,16.0,19.0,0.0,0.0,0.0,0.0
C4__baldwinian__s3,C4__baldwinian,C4,C4,baldwinian,3,250,train,50,1.4,7,7,100.85968446182648,0.75,0.5,static,0.55625,0.0,0.0,285.0,196.0,193.0,256.0,151.0,0.0,0.0,0.0,26.0,24.0,8.0,15.0,21.0,0.0,0.0,0.0,0.0,0.0,8.0,15.0,0.0,0.0,0.0,0.0
C4__baldwinian__s3,C4__baldwinian,C4,C4,baldwinian,3,300,train,50,1.2,20,20,96.00667541793331,0.7708333333333334,0.5,static,0.48125,0.0,0.0,248.0,279.0,230.0,378.0,102.0,0.0,0.0,0.0,19.0,24.0,16.0,23.0,19.0,0.0,0.0,0.0,0.0,0.0,16.0,23.0,0.0,0.0,0.0,0.0
C4__baldwinian__s3,C4__baldwinian,C4,C4,baldwinian,3,350,train,50,1.2,16,16,97.88011819532474,0.8333333333333334,0.5,static,0.4875,0.0,0.0,222.0,191.0,244.0,406.0,111.0,0.0,0.0,0.0,19.0,21.0,20.0,28.0,13.0,0.0,0.0,0.0,0.0,0.0,20.0,28.0,0.0,0.0,0.0,0.0
C4__baldwinian__s3,C4__baldwinian,C4,C4,baldwinian,3,400,train,50,1.26,17,17,113.31874708215386,0.75,0.5,static,0.4875,0.0,0.0,196.0,219.0,142.0,176.0,203.0,0.0,0.0,0.0,22.0,19.0,14.0,13.0,20.0,0.0,0.0,0.0,0.0,0.0,14.0,13.0,0.0,0.0,0.0,0.0
C4__baldwinian__s3,C4__baldwinian,C4,C4,baldwinian,3,450,train,50,1.24,16,16,71.00628418874744,0.875,0.5,static,0.49375,0.0,0.0,313.0,268.0,148.0,265.0,133.0,0.0,0.0,0.0,29.0,22.0,14.0,15.0,22.0,0.0,0.0,0.0,0.0,0.0,14.0,15.0,0.0,0.0,0.0,0.0
C4__baldwinian__s3,C4__baldwinian,C4,C4,baldwinian,3,500,train,50,1.56,20,20,98.96319737781772,0.7708333333333334,0.5,static,0.5,0.0,0.0,266.0,189.0,336.0,194.0,70.0,0.0,0.0,0.0,22.0,21.0,16.0,18.0,11.0,0.0,0.0,0.0,0.0,0.0,16.0,18.0,0.0,0.0,0.0,0.0
C4__baldwinian__s3,C4__baldwinian,C4,C4,baldwinian,3,550,train,50,2.02,25,25,67.11949071833048,0.9166666666666666,0.5,static,0.50625,0.0,0.0,207.0,287.0,282.0,154.0,91.0,0.0,0.0,0.0,22.0,25.0,39.0,11.0,17.0,0.0,0.0,0.0,0.0,0.0,39.0,11.0,0.0,0.0,0.0,0.0
C4__baldwinian__s3,C4__baldwinian,C4,C4,baldwinian,3,600,train,50,2.24,26,26,91.52488239625973,0.7708333333333334,0.5,static,0.55,0.0,0.0,178.0,186.0,206.0,159.0,137.0,0.0,0.0,0.0,14.0,19.0,17.0,18.0,18.0,0.0,0.0,0.0,0.0,0.0,17.0,18.0,0.0,0.0,0.0,0.0
C4__baldwinian__s3,C4__baldwinian,C4,C4,baldwinian,3,650,train,50,2.24,21,21,74.25776771124526,0.875,0.5,static,0.5,0.0,0.0,169.0,184.0,116.0,211.0,137.0,0.0,0.0,0.0,21.0,27.0,13.0,15.0,20.0,0.0,0.0,0.0,0.0,0.0,13.0,15.0,0.0,0.0,0.0,0.0
C4__baldwinian__s3,C4__baldwinian,C4,C4,baldwinian,3,700,train,50,2.6,24,24,73.08835283837979,0.8958333333333334,0.5,static,0.55,0.0,0.0,141.0,146.0,260.0,157.0,94.0,0.0,0.0,0.0,15.0,24.0,28.0,29.0,19.0,0.0,0.0,0.0,0.0,0.0,28.0,29.0,0.0,0.0,0.0,0.0
C4__baldwinian__s3,C4__baldwinian,C4,C4,baldwinian,3,750,train,43,2.6511627906976742,18,25,97.54577209663049,0.8333333333333334,0.5,static,0.50625,0.0,0.0,220.0,150.0,157.0,142.0,164.0,0.0,0.0,0.0,27.0,21.0,17.0,23.0,15.0,0.0,0.0,0.0,0.0,0.0,17.0,23.0,0.0,0.0,0.0,0.0
C4__baldwinian__s3,C4__baldwinian,C4,C4,baldwinian,3,800,train,50,2.7,23,16,75.39951882849077,0.8125,0.5,static,0.48125,0.0,0.0,265.0,248.0,291.0,248.0,134.0,0.0,0.0,0.0,21.0,23.0,21.0,17.0,24.0,0.0,0.0,0.0,0.0,0.0,21.0,17.0,0.0,0.0,0.0,0.0
C4__baldwinian__s3,C4__baldwinian,C4,C4,baldwinian,3,850,train,50,2.76,16,16,66.92927058574323,0.8958333333333334,0.5,static,0.51875,0.0,0.0,225.0,253.0,189.0,230.0,76.0,0.0,0.0,0.0,35.0,19.0,15.0,22.0,12.0,0.0,0.0,0.0,0.0,0.0,15.0,22.0,0.0,0.0,0.0,0.0
C4__baldwinian__s3,C4__baldwinian,C4,C4,baldwinian,3,900,train,50,2.84,14,14,120.60157433458559,0.6666666666666666,0.5,static,0.55625,0.0,0.0,312.0,296.0,216.0,234.0,97.0,0.0,0.0,0.0,22.0,18.0,10.0,20.0,20.0,0.0,0.0,0.0,0.0,0.0,10.0,20.0,0.0,0.0,0.0,0.0
C4__baldwinian__s3,C4__baldwinian,C4,C4,baldwinian,3,950,train,50,2.8,6,6,112.86074491425613,0.7291666666666666,0.5,static,0.4875,0.0,0.0,402.0,306.0,115.0,266.0,129.0,0.0,0.0,0.0,28.0,22.0,7.0,20.0,17.0,0.0,0.0,0.0,0.0,0.0,7.0,20.0,0.0,0.0,0.0,0.0
C4__baldwinian__s3,C4__baldwinian,C4,C4,baldwinian,3,1000,train,50,2.76,15,15,138.1339599477609,0.6041666666666666,0.5,static,0.4875,0.0,0.0,203.0,241.0,338.0,181.0,184.0,0.0,0.0,0.0,22.0,23.0,23.0,10.0,15.0,0.0,0.0,0.0,0.0,0.0,23.0,10.0,0.0,0.0,0.0,0.0
C4__baldwinian__s3,C4__baldwinian,C4,C4,baldwinian,3,1050,train,50,2.88,17,17,89.23444713151193,0.7916666666666666,0.5,static,0.5,0.0,0.0,268.0,278.0,257.0,256.0,201.0,0.0,0.0,0.0,20.0,29.0,22.0,33.0,20.0,0.0,0.0,0.0,0.0,0.0,22.0,33.0,0.0,0.0,0.0,0.0
C4__baldwinian__s3,C4__baldwinian,C4,C4,baldwinian,3,1100,train,50,3.0,22,22,110.46664989774717,0.7708333333333334,0.5,static,0.475,0.0,0.0,136.0,288.0,317.0,264.0,123.0,0.0,0.0,0.0,15.0,17.0,25.0,31.0,15.0,0.0,0.0,0.0,0.0,0.0,25.0,31.0,0.0,0.0,0.0,0.0
C4__baldwinian__s3,C4__baldwinian,C4,C4,baldwinian,3,1150,train,50,3.08,12,12,85.28405149027722,0.7291666666666666,0.5,static,0.5,0.0,0.0,377.0,250.0,183.0,263.0,168.0,0.0,0.0,0.0,23.0,11.0,15.0,20.0,19.0,0.0,0.0,0.0,0.0,0.0,15.0,20.0,0.0,0.0,0.0,0.0
C4__baldwinian__s3,C4__baldwinian,C4,C4,baldwinian,3,1200,train,50,3.26,19,19,93.08626928585926,0.7708333333333334,0.5,static,0.51875,0.0,0.0,165.0,243.0,336.0,416.0,119.0,0.0,0.0,0.0,6.0,31.0,23.0,28.0,18.0,0.0,0.0,0.0,0.0,0.0,23.0,28.0,0.0,0.0,0.0,0.0
C4__baldwinian__s3,C4__baldwinian,C4,C4,baldwinian,3,1250,train,50,3.48,16,16,82.66266374745251,0.8541666666666666,0.5,static,0.525,0.0,0.0,220.0,352.0,233.0,162.0,67.0,0.0,0.0,0.0,15.0,27.0,20.0,12.0,16.0,0.0,0.0,0.0,0.0,0.0,20.0,12.0,0.0,0.0,0.0,0.0
C4__baldwinian__s3,C4__baldwinian,C4,C4,baldwinian,3,1300,train,50,3.7,26,26,69.73615891983059,0.8125,0.5,static,0.475,0.0,0.0,217.0,182.0,168.0,201.0,120.0,0.0,0.0,0.0,18.0,21.0,21.0,21.0,14.0,0.0,0.0,0.0,0.0,0.0,21.0,21.0,0.0,0.0,0.0,0.0
C4__baldwinian__s3,C4__baldwinian,C4,C4,baldwinian,3,1350,train,50,3.86,16,16,105.86331096930383,0.7916666666666666,0.5,static,0.49375,0.0,0.0,217.0,195.0,254.0,230.0,113.0,0.0,0.0,0.0,23.0,12.0,19.0,19.0,14.0,0.0,0.0,0.0,0.0,0.0,19.0,19.0,0.0,0.0,0.0,0.0
C4__baldwinian__s3,C4__baldwinian,C4,C4,baldwinian,3,1400,train,50,3.96,20,20,85.13714644776233,0.8333333333333334,0.5,static,0.5,0.0,0.0,193.0,145.0,174.0,332.0,76.0,0.0,0.0,0.0,12.0,33.0,23.0,21.0,17.0,0.0,0.0,0.0,0.0,0.0,23.0,21.0,0.0,0.0,0.0,0.0
C4__baldwinian__s3,C4__baldwinian,C4,C4,baldwinian,3,1450,train,50,3.88,17,17,59.923982587464955,0.8541666666666666,0.5,static,0.475,0.0,0.0,194.0,178.0,190.0,216.0,117.0,0.0,0.0,0.0,23.0,22.0,19.0,17.0,24.0,0.0,0.0,0.0,0.0,0.0,19.0,17.0,0.0,0.0,0.0,0.0
C4__baldwinian__s3,C4__baldwinian,C4,C4,baldwinian,3,1500,train,50,3.86,16,16,62.36377679237672,0.875,0.5,static,0.53125,0.0,0.0,215.0,191.0,272.0,300.0,103.0,0.0,0.0,0.0,15.0,33.0,24.0,19.0,16.0,0.0,0.0,0.0,0.0,0.0,24.0,19.0,0.0,0.0,0.0,0.0
C4__baldwinian__s3,C4__baldwinian,C4,C4,baldwinian,3,1550,eval,50,3.94,17,17,138.36578838329757,0.6041666666666666,0.5,static,0.485,0.0,0.0,180.0,209.0,269.0,272.0,28.0,45.0,22.0,63.0,14.0,27.0,18.0,15.0,3.0,2.0,4.0,8.0,0.0,0.0,18.0,15.0,0.0,0.0,4.0,8.0
C4__baldwinian__s3,C4__baldwinian,C4,C4,baldwinian,3,1600,eval,50,4.16,21,21,128.05760449994364,0.6458333333333334,0.5,static,0.445,0.0,0.0,145.0,266.0,277.0,305.0,55.0,6.0,67.0,54.0,9.0,9.0,19.0,30.0,4.0,2.0,3.0,1.0,0.0,0.0,19.0,30.0,0.0,0.0,3.0,1.0
C4__baldwinian__s3,C4__baldwinian,C4,C4,baldwinian,3,1650,eval,50,4.38,14,14,181.57623096205072,0.5208333333333334,0.5,static,0.49,0.0,0.0,292.0,189.0,121.0,316.0,86.0,75.0,29.0,50.0,21.0,11.0,19.0,12.0,9.0,0.0,2.0,6.0,0.0,0.0,19.0,12.0,0.0,0.0,2.0,6.0
C4__baldwinian__s3,C4__baldwinian,C4,C4,baldwinian,3,1700,eval,50,4.48,13,13,138.15119934296285,0.6875,0.5,static,0.53,0.0,0.0,273.0,286.0,321.0,312.0,28.0,87.0,52.0,20.0,28.0,21.0,21.0,16.0,6.0,5.0,1.0,3.0,0.0,0.0,21.0,16.0,0.0,0.0,1.0,3.0
C4__baldwinian__s3,C4__baldwinian,C4,C4,baldwinian,3,1750,eval,50,4.68,13,13,171.04451230007078,0.5416666666666666,0.5,static,0.505,0.0,0.0,178.0,251.0,342.0,191.0,21.0,62.0,45.0,174.0,14.0,10.0,24.0,11.0,0.0,4.0,3.0,8.0,0.0,0.0,24.0,11.0,0.0,0.0,3.0,8.0
C4__baldwinian__s3,C4__baldwinian,C4,C4,baldwinian,3,1800,eval,50,4.72,12,12,174.79742188126568,0.5625,0.5,static,0.495,0.0,0.0,251.0,382.0,227.0,167.0,25.0,68.0,71.0,108.0,19.0,21.0,16.0,16.0,0.0,4.0,1.0,10.0,0.0,0.0,16.0,16.0,0.0,0.0,1.0,10.0
C4__baldwinian__s4,C4__baldwinian,C4,C4,baldwinian,4,50,train,50,0.64,32,2,49.718828450456115,0.9166666666666666,0.5,static,0.475,0.0,0.0,104.0,159.0,110.0,84.0,89.0,0.0,0.0,0.0,33.0,33.0,22.0,10.0,26.0,0.0,0.0,0.0,0.0,0.0,22.0,10.0,0.0,0.0,0.0,0.0
C4__baldwinian__s4,C4__baldwinian,C4,C4,baldwinian,4,100,train,50,0.7,9,9,71.96015790594907,0.8958333333333334,0.5,static,0.5,0.0,0.0,156.0,218.0,237.0,135.0,110.0,0.0,0.0,0.0,17.0,24.0,21.0,16.0,23.0,0.0,0.0,0.0,0.0,0.0,21.0,16.0,0.0,0.0,0.0,0.0
C4__baldwinian__s4,C4__baldwinian,C4,C4,baldwinian,4,150,train,43,0.813953488372093,13,20,89.31040827673053,0.8333333333333334,0.5,static,0.475,0.0,0.0,262.0,209.0,220.0,179.0,153.0,0.0,0.0,0.0,21.0,28.0,16.0,27.0,23.0,0.0,0.0,0.0,0.0,0.0,16.0,27.0,0.0,0.0,0.0,0.0
C4__baldwinian__s4,C4__baldwinian,C4,C4,baldwinian,4,200,train,44,0.8636363636363636,21,20,86.6850225342561,0.8541666666666666,0.5,static,0.5,0.0,0.0,231.0,216.0,175.0,255.0,53.0,0.0,0.0,0.0,15.0,32.0,18.0,30.0,17.0,0.0,0.0,0.0,0.0,0.0,18.0,30.0,0.0,0.0,0.0,0.0
C4__baldwinian__s4,C4__baldwinian,C4,C4,baldwinian,4,250,train,35,1.0285714285714285,10,19,90.02449048235542,0.875,0.5,static,0.5,0.0,0.0,177.0,198.0,134.0,219.0,137.0,0.0,0.0,0.0,29.0,14.0,18.0,19.0,35.0,0.0,0.0,0.0,0.0,0.0,18.0,19.0,0.0,0.0,0.0,0.0
C4__baldwinian__s4,C4__baldwinian,C4,C4,baldwinian,4,300,train,37,1.2702702702702702,19,17,151.60463538035316,0.6875,0.5,static,0.5125,0.0,0.0,182.0,220.0,219.0,216.0,35.0,0.0,0.0,0.0,19.0,24.0,16.0,23.0,7.0,0.0,0.0,0.0,0.0,0.0,16.0,23.0,0.0,0.0,0.0,0.0
C4__baldwinian__s4,C4__baldwinian,C4,C4,baldwinian,4,350,train,49,1.5918367346938775,29,17,71.27983524361015,0.8958333333333334,0.5,static,0.525,0.0,0.0,187.0,296.0,228.0,289.0,124.0,0.0,0.0,0.0,23.0,23.0,20.0,28.0,21.0,0.0,0.0,0.0,0.0,0.0,20.0,28.0,0.0,0.0,0.0,0.0
C4__baldwinian__s4,C4__baldwinian,C4,C4,baldwinian,4,400,train,45,1.7333333333333334,13,17,86.61701229965773,0.8333333333333334,0.5,static,0.5,0.0,0.0,203.0,173.0,232.0,219.0,70.0,0.0,0.0,0.0,19.0,28.0,22.0,17.0,19.0,0.0,0.0,0.0,0.0,0.0,22.0,17.0,0.0,0.0,0.0,0.0
C4__baldwinian__s4,C4__baldwinian,C4,C4,baldwinian,4,450,train,50,1.8,16,11,107.05462417347616,0.7916666666666666,0.5,static,0.525,0.0,0.0,195.0,216.0,117.0,181.0,197.0,0.0,0.0,0.0,19.0,16.0,11.0,25.0,22.0,0.0,0.0,0.0,0.0,0.0,11.0,25.0,0.0,0.0,0.0,0.0
C4__baldwinian__s4,C4__baldwinian,C4,C4,baldwinian,4,500,train,50,2.12,16,16,85.6968950108477,0.8333333333333334,0.5,static,0.5125,0.0,0.0,217.0,206.0,268.0,415.0,102.0,0.0,0.0,0.0,18.0,27.0,23.0,20.0,17.0,0.0,0.0,0.0,0.0,0.0,23.0,20.0,0.0,0.0,0.0,0.0
C4__baldwinian__s4,C4__baldwinian,C4,C4,baldwinian,4,550,train,50,2.34,11,11,135.39904353993407,0.6666666666666666,0.5,static,0.5,0.0,0.0,257.0,280.0,173.0,345.0,155.0,0.0,0.0,0.0,15.0,17.0,16.0,15.0,18.0,0.0,0.0,0.0,0.0,0.0,16.0,15.0,0.0,0.0,0.0,0.0
C4__baldwinian__s4,C4__baldwinian,C4,C4,baldwinian,4,600,train,50,2.54,18,18,122.90338065139511,0.7291666666666666,0.5,static,0.50625,0.0,0.0,328.0,237.0,364.0,148.0,140.0,0.0,0.0,0.0,26.0,28.0,25.0,17.0,20.0,0.0,0.0,0.0,0.0,0.0,25.0,17.0,0.0,0.0,0.0,0.0
C4__baldwinian__s4,C4__baldwinian,C4,C4,baldwinian,4,650,train,50,2.44,11,11,89.09475099881408,0.8333333333333334,0.5,static,0.5,0.0,0.0,332.0,368.0,289.0,132.0,46.0,0.0,0.0,0.0,29.0,24.0,25.0,11.0,14.0,0.0,0.0,0.0,0.0,0.0,25.0,11.0,0.0,0.0,0.0,0.0
C4__baldwinian__s4,C4__baldwinian,C4,C4,baldwinian,4,700,train,50,2.7,16,16,76.00925456157378,0.8541666666666666,0.5,static,0.53125,0.0,0.0,128.0,193.0,206.0,301.0,196.0,0.0,0.0,0.0,22.0,16.0,17.0,21.0,20.0,0.0,0.0,0.0,0.0,0.0,17.0,21.0,0.0,0.0,0.0,0.0
C4__baldwinian__s4,C4__baldwinian,C4,C4,baldwinian,4,750,train,50,2.98,15,15,85.17931611459908,0.8333333333333334,0.5,static,0.5,0.0,0.0,282.0,220.0,241.0,315.0,187.0,0.0,0.0,0.0,31.0,19.0,11.0,20.0,16.0,0.0,0.0,0.0,0.0,0.0,11.0,20.0,0.0,0.0,0.0,0.0
C4__baldwinian__s4,C4__baldwinian,C4,C4,baldwinian,4,800,train,50,2.82,12,12,117.99345654148709,0.6875,0.5,static,0.4875,0.0,0.0,160.0,231.0,179.0,265.0,101.0,0.0,0.0,0.0,14.0,28.0,21.0,25.0,16.0,0.0,0.0,0.0,0.0,0.0,21.0,25.0,0.0,0.0,0.0,0.0
C4__baldwinian__s4,C4__baldwinian,C4,C4,baldwinian,4,850,train,50,2.8,21,21,125.05267027933749,0.6458333333333334,0.5,static,0.46875,0.0,0.0,281.0,259.0,338.0,380.0,61.0,0.0,0.0,0.0,16.0,21.0,22.0,23.0,18.0,0.0,0.0,0.0,0.0,0.0,22.0,23.0,0.0,0.0,0.0,0.0
C4__baldwinian__s4,C4__baldwinian,C4,C4,baldwinian,4,900,train,50,3.02,21,21,115.0135158911065,0.7708333333333334,0.5,static,0.4875,0.0,0.0,175.0,237.0,226.0,173.0,138.0,0.0,0.0,0.0,15.0,24.0,23.0,12.0,28.0,0.0,0.0,0.0,0.0,0.0,23.0,12.0,0.0,0.0,0.0,0.0
C4__baldwinian__s4,C4__baldwinian,C4,C4,baldwinian,4,950,train,50,3.2,19,19,112.9287188360098,0.7083333333333334,0.5,static,0.49375,0.0,0.0,131.0,199.0,199.0,179.0,104.0,0.0,0.0,0.0,17.0,22.0,20.0,20.0,21.0,0.0,0.0,0.0,0.0,0.0,20.0,20.0,0.0,0.0,0.0,0.0
C4__baldwinian__s4,C4__baldwinian,C4,C4,baldwinian,4,1000,train,50,3.76,19,19,96.15834025221264,0.8333333333333334,0.5,static,0.5,0.0,0.0,139.0,225.0,227.0,225.0,57.0,0.0,0.0,0.0,20.0,29.0,24.0,18.0,18.0,0.0,0.0,0.0,0.0,0.0,24.0,18.0,0.0,0.0,0.0,0.0
C4__baldwinian__s4,C4__baldwinian,C4,C4,baldwinian,4,1050,train,50,4.1,18,18,85.26796836267366,0.8333333333333334,0.5,static,0.49375,0.0,0.0,213.0,211.0,203.0,275.0,131.0,0.0,0.0,0.0,19.0,24.0,18.0,14.0,26.0,0.0,0.0,0.0,0.0,0.0,18.0,14.0,0.0,0.0,0.0,0.0
C4__baldwinian__s4,C4__baldwinian,C4,C4,baldwinian,4,1100,train,50,4.12,13,13,106.38979860584192,0.7916666666666666,0.5,static,0.4875,0.0,0.0,221.0,228.0,167.0,243.0,111.0,0.0,0.0,0.0,25.0,16.0,15.0,26.0,20.0,0.0,0.0,0.0,0.0,0.0,15.0,26.0,0.0,0.0,0.0,0.0
C4__baldwinian__s4,C4__baldwinian,C4,C4,baldwinian,4,1150,train,50,4.08,12,12,119.35519939967722,0.7291666666666666,0.5,static,0.5625,0.0,0.0,171.0,315.0,169.0,184.0,46.0,0.0,0.0,0.0,16.0,26.0,14.0,16.0,17.0,0.0,0.0,0.0,0.0,0.0,14.0,16.0,0.0,0.0,0.0,0.0
C4__baldwinian__s4,C4__baldwinian,C4,C4,baldwinian,4,1200,train,50,4.12,24,24,93.81604558201407,0.8125,0.5,static,0.4875,0.0,0.0,226.0,200.0,214.0,313.0,86.0,0.0,0.0,0.0,19.0,20.0,23.0,19.0,20.0,0.0,0.0,0.0,0.0,0.0,23.0,19.0,0.0,0.0,0.0,0.0
C4__baldwinian__s4,C4__baldwinian,C4,C4,baldwinian,4,1250,train,50,4.02,15,15,162.21036614314545,0.6458333333333334,0.5,static,0.4625,0.0,0.0,176.0,260.0,353.0,196.0,45.0,0.0,0.0,0.0,16.0,24.0,18.0,7.0,18.0,0.0,0.0,0.0,0.0,0.0,18.0,7.0,0.0,0.0,0.0,0.0
C4__baldwinian__s4,C4__baldwinian,C4,C4,baldwinian,4,1300,train,50,3.96,11,11,73.85537033637323,0.9166666666666666,0.5,static,0.49375,0.0,0.0,273.0,224.0,245.0,214.0,159.0,0.0,0.0,0.0,21.0,16.0,21.0,32.0,31.0,0.0,0.0,0.0,0.0,0.0,21.0,32.0,0.0,0.0,0.0,0.0
C4__baldwinian__s4,C4__baldwinian,C4,C4,baldwinian,4,1350,train,50,4.28,15,15,117.84777847341283,0.7083333333333334,0.5,static,0.525,0.0,0.0,287.0,263.0,259.0,341.0,132.0,0.0,0.0,0.0,17.0,19.0,24.0,18.0,18.0,0.0,0.0,0.0,0.0,0.0,24.0,18.0,0.0,0.0,0.0,0.0
C4__baldwinian__s4,C4__baldwinian,C4,C4,baldwinian,4,1400,train,50,4.42,13,13,104.00856458551027,0.7083333333333334,0.5,static,0.475,0.0,0.0,350.0,301.0,236.0,335.0,152.0,0.0,0.0,0.0,23.0,16.0,14.0,22.0,20.0,0.0,0.0,0.0,0.0,0.0,14.0,22.0,0.0,0.0,0.0,0.0
C4__baldwinian__s4,C4__baldwinian,C4,C4,baldwinian,4,1450,train,50,4.8,13,13,90.31615525742271,0.8125,0.5,static,0.5375,0.0,0.0,173.0,210.0,257.0,259.0,185.0,0.0,0.0,0.0,36.0,15.0,19.0,19.0,29.0,0.0,0.0,0.0,0.0,0.0,19.0,19.0,0.0,0.0,0.0,0.0
C4__baldwinian__s4,C4__baldwinian,C4,C4,baldwinian,4,1500,train,50,4.96,12,12,132.87901736155914,0.6875,0.5,static,0.44375,0.0,0.0,235.0,285.0,203.0,282.0,46.0,0.0,0.0,0.0,28.0,11.0,22.0,19.0,8.0,0.0,0.0,0.0,0.0,0.0,22.0,19.0,0.0,0.0,0.0,0.0
C4__baldwinian__s4,C4__baldwinian,C4,C4,baldwinian,4,1550,eval,50,4.96,27,27,157.95557135370345,0.6458333333333334,0.5,static,0.515,0.0,0.0,192.0,252.0,169.0,209.0,34.0,65.0,55.0,37.0,12.0,12.0,20.0,21.0,6.0,5.0,4.0,3.0,0.0,0.0,20.0,21.0,0.0,0.0,4.0,3.0
C4__baldwinian__s4,C4__baldwinian,C4,C4,baldwinian,4,1600,eval,50,4.76,13,13,173.11179358953356,0.5416666666666666,0.5,static,0.495,0.0,0.0,226.0,254.0,175.0,298.0,77.0,73.0,33.0,25.0,20.0,17.0,22.0,12.0,3.0,7.0,2.0,3.0,0.0,0.0,22.0,12.0,0.0,0.0,2.0,3.0
C4__baldwinian__s4,C4__baldwinian,C4,C4,baldwinian,4,1650,eval,50,5.14,16,16,143.64701796235607,0.6041666666666666,0.5,static,0.47,0.0,0.0,236.0,184.0,306.0,218.0,30.0,75.0,62.0,137.0,25.0,13.0,32.0,14.0,2.0,2.0,3.0,8.0,0.0,0.0,32.0,14.0,0.0,0.0,3.0,8.0
C4__baldwinian__s4,C4__baldwinian,C4,C4,baldwinian,4,1700,eval,50,5.02,18,18,184.25653914195317,0.5416666666666666,0.5,static,0.505,0.0,0.0,217.0,171.0,152.0,211.0,88.0,37.0,72.0,103.0,21.0,6.0,15.0,13.0,5.0,3.0,8.0,4.0,0.0,0.0,15.0,13.0,0.0,0.0,8.0,4.0
C4__baldwinian__s4,C4__baldwinian,C4,C4,baldwinian,4,1750,eval,50,5.26,15,15,205.33026934552782,0.5625,0.5,static,0.475,0.0,0.0,165.0,186.0,236.0,127.0,115.0,152.0,50.0,51.0,16.0,21.0,13.0,13.0,6.0,4.0,5.0,1.0,0.0,0.0,13.0,13.0,0.0,0.0,5.0,1.0
C4__baldwinian__s4,C4__baldwinian,C4,C4,baldwinian,4,1800,eval,50,5.46,12,12,207.569793058709,0.4791666666666667,0.5,static,0.5,0.0,0.0,146.0,187.0,199.0,235.0,23.0,39.0,81.0,115.0,15.0,12.0,21.0,11.0,1.0,0.0,11.0,3.0,0.0,0.0,21.0,11.0,0.0,0.0,11.0,3.0
C4__baldwinian__s5,C4__baldwinian,C4,C4,baldwinian,5,50,train,50,0.76,34,4,68.56408200463254,0.875,0.5,static,0.45625,0.0,0.0,148.0,132.0,90.0,99.0,73.0,0.0,0.0,0.0,31.0,33.0,12.0,22.0,24.0,0.0,0.0,0.0,0.0,0.0,12.0,22.0,0.0,0.0,0.0,0.0
C4__baldwinian__s5,C4__baldwinian,C4,C4,baldwinian,5,100,train,50,0.96,14,14,136.63926359609653,0.7291666666666666,0.5,static,0.49375,0.0,0.0,132.0,67.0,165.0,145.0,84.0,0.0,0.0,0.0,15.0,8.0,18.0,17.0,21.0,0.0,0.0,0.0,0.0,0.0,18.0,17.0,0.0,0.0,0.0,0.0
C4__baldwinian__s5,C4__baldwinian,C4,C4,baldwinian,5,150,train,50,1.18,17,17,56.19956803729936,0.9166666666666666,0.5,static,0.5,0.0,0.0,197.0,182.0,137.0,274.0,122.0,0.0,0.0,0.0,22.0,37.0,17.0,19.0,26.0,0.0,0.0,0.0,0.0,0.0,17.0,19.0,0.0,0.0,0.0,0.0
C4__baldwinian__s5,C4__baldwinian,C4,C4,baldwinian,5,200,train,49,1.2448979591836735,15,16,115.53303602701162,0.7083333333333334,0.5,static,0.4125,0.0,0.0,183.0,216.0,176.0,150.0,77.0,0.0,0.0,0.0,23.0,18.0,15.0,12.0,17.0,0.0,0.0,0.0,0.0,0.0,15.0,12.0,0.0,0.0,0.0,0.0
C4__baldwinian__s5,C4__baldwinian,C4,C4,baldwinian,5,250,train,46,1.2826086956521738,18,21,55.138321724090325,0.9375,0.5,static,0.54375,0.0,0.0,233.0,195.0,170.0,171.0,125.0,0.0,0.0,0.0,33.0,24.0,18.0,15.0,17.0,0.0,0.0,0.0,0.0,0.0,18.0,15.0,0.0,0.0,0.0,0.0
C4__baldwinian__s5,C4__baldwinian,C4,C4,baldwinian,5,300,train,49,1.3673469387755102,16,13,116.73137265256126,0.7916666666666666,0.5,static,0.50625,0.0,0.0,188.0,184.0,132.0,121.0,112.0,0.0,0.0,0.0,21.0,23.0,15.0,19.0,16.0,0.0,0.0,0.0,0.0,0.0,15.0,19.0,0.0,0.0,0.0,0.0
C4__baldwinian__s5,C4__baldwinian,C4,C4,baldwinian,5,350,train,50,1.44,19,18,74.38512435450176,0.875,0.5,static,0.5,0.0,0.0,152.0,213.0,123.0,224.0,89.0,0.0,0.0,0.0,23.0,17.0,19.0,17.0,27.0,0.0,0.0,0.0,0.0,0.0,19.0,17.0,0.0,0.0,0.0,0.0
C4__baldwinian__s5,C4__baldwinian,C4,C4,baldwinian,5,400,train,50,1.38,12,12,85.79525241331473,0.7708333333333334,0.5,static,0.50625,0.0,0.0,234.0,371.0,212.0,177.0,42.0,0.0,0.0,0.0,20.0,35.0,18.0,12.0,22.0,0.0,0.0,0.0,0.0,0.0,18.0,12.0,0.0,0.0,0.0,0.0
C4__baldwinian__s5,C4__baldwinian,C4,C4,baldwinian,5,450,train,50,1.36,18,18,82.5135882512123,0.8541666666666666,0.5,static,0.49375,0.0,0.0,238.0,341.0,106.0,151.0,62.0,0.0,0.0,0.0,22.0,36.0,11.0,17.0,21.0,0.0,0.0,0.0,0.0,0.0,11.0,17.0,0.0,0.0,0.0,0.0
C4__baldwinian__s5,C4__baldwinian,C4,C4,baldwinian,5,500,train,50,1.48,17,17,104.40134011864473,0.7708333333333334,0.5,static,0.4875,0.0,0.0,194.0,181.0,202.0,312.0,95.0,0.0,0.0,0.0,16.0,25.0,18.0,23.0,10.0,0.0,0.0,0.0,0.0,0.0,18.0,23.0,0.0,0.0,0.0,0.0
C4__baldwinian__s5,C4__baldwinian,C4,C4,baldwinian,5,550,train,50,1.96,18,18,83.59087769113425,0.8125,0.5,static,0.44375,0.0,0.0,264.0,148.0,169.0,170.0,78.0,0.0,0.0,0.0,22.0,27.0,20.0,17.0,17.0,0.0,0.0,0.0,0.0,0.0,20.0,17.0,0.0,0.0,0.0,0.0
C4__baldwinian__s5,C4__baldwinian,C4,C4,baldwinian,5,600,train,50,2.1,13,13,73.75487907333844,0.8541666666666666,0.5,static,0.475,0.0,0.0,138.0,122.0,158.0,252.0,85.0,0.0,0.0,0.0,29.0,21.0,10.0,28.0,15.0,0.0,0.0,0.0,0.0,0.0,10.0,28.0,0.0,0.0,0.0,0.0
C4__baldwinian__s5,C4__baldwinian,C4,C4,baldwinian,5,650,train,50,2.18,20,20,79.49375011833078,0.7916666666666666,0.5,static,0.49375,0.0,0.0,121.0,256.0,181.0,209.0,202.0,0.0,0.0,0.0,19.0,13.0,28.0,31.0,21.0,0.0,0.0,0.0,0.0,0.0,28.0,31.0,0.0,0.0,0.0,0.0
C4__baldwinian__s5,C4__baldwinian,C4,C4,baldwinian,5,700,train,50,2.46,18,18,72.411103040158,0.875,0.5,static,0.5,0.0,0.0,237.0,239.0,278.0,255.0,55.0,0.0,0.0,0.0,24.0,23.0,14.0,29.0,12.0,0.0,0.0,0.0,0.0,0.0,14.0,29.0,0.0,0.0,0.0,0.0
C4__baldwinian__s5,C4__baldwinian,C4,C4,baldwinian,5,750,train,50,2.44,12,12,91.22185309540694,0.8125,0.5,static,0.475,0.0,0.0,202.0,213.0,121.0,193.0,112.0,0.0,0.0,0.0,23.0,19.0,12.0,15.0,22.0,0.0,0.0,0.0,0.0,0.0,12.0,15.0,0.0,0.0,0.0,0.0
C4__baldwinian__s5,C4__baldwinian,C4,C4,baldwinian,5,800,train,50,2.38,15,15,115.40041186546254,0.7291666666666666,0.5,static,0.53125,0.0,0.0,193.0,252.0,248.0,168.0,124.0,0.0,0.0,0.0,18.0,33.0,18.0,19.0,9.0,0.0,0.0,0.0,0.0,0.0,18.0,19.0,0.0,0.0,0.0,0.0
C4__baldwinian__s5,C4__baldwinian,C4,C4,baldwinian,5,850,train,50,2.46,18,18,59.012355431139696,0.8958333333333334,0.5,static,0.5125,0.0,0.0,268.0,254.0,175.0,231.0,269.0,0.0,0.0,0.0,42.0,12.0,21.0,23.0,27.0,0.0,0.0,0.0,0.0,0.0,21.0,23.0,0.0,0.0,0.0,0.0
C4__baldwinian__s5,C4__baldwinian,C4,C4,baldwinian,5,900,train,50,2.62,14,14,93.59514308517925,0.7291666666666666,0.5,static,0.45,0.0,0.0,212.0,197.0,155.0,220.0,166.0,0.0,0.0,0.0,23.0,29.0,19.0,14.0,15.0,0.0,0.0,0.0,0.0,0.0,19.0,14.0,0.0,0.0,0.0,0.0
C4__baldwinian__s5,C4__baldwinian,C4,C4,baldwinian,5,950,train,50,3.18,18,18,85.20971558270286,0.7916666666666666,0.5,static,0.48125,0.0,0.0,205.0,240.0,169.0,193.0,99.0,0.0,0.0,0.0,27.0,21.0,16.0,17.0,20.0,0.0,0.0,0.0,0.0,0.0,16.0,17.0,0.0,0.0,0.0,0.0
C4__baldwinian__s5,C4__baldwinian,C4,C4,baldwinian,5,1000,train,50,3.4,10,10,115.0639547403098,0.7083333333333334,0.5,static,0.5125,0.0,0.0,293.0,179.0,133.0,99.0,165.0,0.0,0.0,0.0,29.0,16.0,17.0,14.0,15.0,0.0,0.0,0.0,0.0,0.0,17.0,14.0,0.0,0.0,0.0,0.0
C4__baldwinian__s5,C4__baldwinian,C4,C4,baldwinian,5,1050,train,50,3.5,17,17,79.85797922219099,0.8125,0.5,static,0.50625,0.0,0.0,186.0,196.0,227.0,303.0,75.0,0.0,0.0,0.0,23.0,18.0,24.0,23.0,21.0,0.0,0.0,0.0,0.0,0.0,24.0,23.0,0.0,0.0,0.0,0.0
C4__baldwinian__s5,C4__baldwinian,C4,C4,baldwinian,5,1100,train,50,3.46,14,14,99.54340529776371,0.8125,0.5,static,0.49375,0.0,0.0,225.0,202.0,227.0,277.0,119.0,0.0,0.0,0.0,28.0,17.0,17.0,16.0,14.0,0.0,0.0,0.0,0.0,0.0,17.0,16.0,0.0,0.0,0.0,0.0
C4__baldwinian__s5,C4__baldwinian,C4,C4,baldwinian,5,1150,train,50,3.64,18,18,103.0714017760163,0.75,0.5,static,0.50625,0.0,0.0,276.0,258.0,176.0,269.0,99.0,0.0,0.0,0.0,27.0,22.0,20.0,17.0,20.0,0.0,0.0,0.0,0.0,0.0,20.0,17.0,0.0,0.0,0.0,0.0
C4__baldwinian__s5,C4__baldwinian,C4,C4,baldwinian,5,1200,train,50,3.58,21,21,88.43131234326756,0.8958333333333334,0.5,static,0.49375,0.0,0.0,174.0,205.0,236.0,297.0,76.0,0.0,0.0,0.0,18.0,23.0,19.0,35.0,20.0,0.0,0.0,0.0,0.0,0.0,19.0,35.0,0.0,0.0,0.0,0.0
C4__baldwinian__s5,C4__baldwinian,C4,C4,baldwinian,5,1250,train,50,3.42,9,9,108.47911333579967,0.7708333333333334,0.5,static,0.48125,0.0,0.0,218.0,229.0,126.0,201.0,32.0,0.0,0.0,0.0,32.0,17.0,13.0,20.0,12.0,0.0,0.0,0.0,0.0,0.0,13.0,20.0,0.0,0.0,0.0,0.0
C4__baldwinian__s5,C4__baldwinian,C4,C4,baldwinian,5,1300,train,50,3.62,19,19,121.68796531185293,0.6875,0.5,static,0.4625,0.0,0.0,177.0,240.0,229.0,220.0,57.0,0.0,0.0,0.0,20.0,16.0,23.0,22.0,16.0,0.0,0.0,0.0,0.0,0.0,23.0,22.0,0.0,0.0,0.0,0.0
C4__baldwinian__s5,C4__baldwinian,C4,C4,baldwinian,5,1350,train,50,3.82,9,9,168.5414038102411,0.4583333333333333,0.5,static,0.4875,0.0,0.0,210.0,330.0,128.0,281.0,118.0,0.0,0.0,0.0,15.0,17.0,12.0,15.0,17.0,0.0,0.0,0.0,0.0,0.0,12.0,15.0,0.0,0.0,0.0,0.0
C4__baldwinian__s5,C4__baldwinian,C4,C4,baldwinian,5,1400,train,50,4.3,11,11,80.21077782747574,0.7708333333333334,0.5,static,0.53125,0.0,0.0,266.0,289.0,195.0,240.0,148.0,0.0,0.0,0.0,28.0,22.0,15.0,25.0,25.0,0.0,0.0,0.0,0.0,0.0,15.0,25.0,0.0,0.0,0.0,0.0
C4__baldwinian__s5,C4__baldwinian,C4,C4,baldwinian,5,1450,train,50,4.62,13,13,98.13798912660323,0.8333333333333334,0.5,static,0.5375,0.0,0.0,182.0,263.0,212.0,293.0,61.0,0.0,0.0,0.0,13.0,28.0,26.0,16.0,19.0,0.0,0.0,0.0,0.0,0.0,26.0,16.0,0.0,0.0,0.0,0.0
C4__baldwinian__s5,C4__baldwinian,C4,C4,baldwinian,5,1500,train,50,4.72,16,16,155.8970795457005,0.6041666666666666,0.5,static,0.49375,0.0,0.0,227.0,220.0,214.0,271.0,73.0,0.0,0.0,0.0,16.0,16.0,25.0,24.0,13.0,0.0,0.0,0.0,0.0,0.0,25.0,24.0,0.0,0.0,0.0,0.0
C4__baldwinian__s5,C4__baldwinian,C4,C4,baldwinian,5,1550,eval,50,4.8,15,15,139.65281915887638,0.6458333333333334,0.5,static,0.48,0.0,0.0,314.0,272.0,329.0,270.0,29.0,0.0,38.0,34.0,14.0,16.0,26.0,12.0,4.0,0.0,7.0,2.0,0.0,0.0,26.0,12.0,0.0,0.0,7.0,2.0
C4__baldwinian__s5,C4__baldwinian,C4,C4,baldwinian,5,1600,eval,50,4.7,9,9,190.12419569852733,0.5416666666666666,0.5,static,0.475,0.0,0.0,298.0,257.0,350.0,288.0,36.0,37.0,32.0,35.0,22.0,18.0,15.0,23.0,3.0,1.0,1.0,0.0,0.0,0.0,15.0,23.0,0.0,0.0,1.0,0.0
C4__baldwinian__s5,C4__baldwinian,C4,C4,baldwinian,5,1650,eval,50,4.78,15,15,178.77562458912556,0.5833333333333334,0.5,static,0.485,0.0,0.0,189.0,375.0,353.0,239.0,57.0,18.0,39.0,39.0,12.0,17.0,19.0,17.0,2.0,3.0,2.0,1.0,0.0,0.0,19.0,17.0,0.0,0.0,2.0,1.0
C4__baldwinian__s5,C4__baldwinian,C4,C4,baldwinian,5,1700,eval,50,4.98,17,17,209.75334790184212,0.4583333333333333,0.5,static,0.515,0.0,0.0,345.0,281.0,296.0,287.0,84.0,30.0,48.0,61.0,8.0,18.0,15.0,7.0,6.0,1.0,4.0,0.0,0.0,0.0,15.0,7.0,0.0,0.0,4.0,0.0
C4__baldwinian__s5,C4__baldwinian,C4,C4,baldwinian,5,1750,eval,50,5.1,12,12,225.3582524929439,0.4166666666666667,0.5,static,0.475,0.0,0.0,187.0,155.0,362.0,319.0,59.0,3.0,9.0,51.0,8.0,7.0,20.0,12.0,2.0,2.0,4.0,3.0,0.0,0.0,20.0,12.0,0.0,0.0,4.0,3.0
C4__baldwinian__s5,C4__baldwinian,C4,C4,baldwinian,5,1800,eval,50,5.26,14,14,267.6908226511144,0.3958333333333333,0.5,static,0.48,0.0,0.0,222.0,197.0,190.0,202.0,67.0,54.0,40.0,45.0,9.0,20.0,15.0,14.0,0.0,0.0,1.0,6.0,0.0,0.0,15.0,14.0,0.0,0.0,1.0,6.0
C4__baldwinian__s6,C4__baldwinian,C4,C4,baldwinian,6,50,train,48,0.875,30,2,148.11273566533677,0.7291666666666666,0.5,static,0.5,0.0,0.0,73.0,72.0,101.0,108.0,97.0,0.0,0.0,0.0,20.0,11.0,14.0,20.0,29.0,0.0,0.0,0.0,0.0,0.0,14.0,20.0,0.0,0.0,0.0,0.0
C4__baldwinian__s6,C4__baldwinian,C4,C4,baldwinian,6,100,train,50,1.02,14,12,69.61934160404049,0.875,0.5,static,0.53125,0.0,0.0,211.0,144.0,206.0,174.0,83.0,0.0,0.0,0.0,26.0,19.0,26.0,16.0,22.0,0.0,0.0,0.0,0.0,0.0,26.0,16.0,0.0,0.0,0.0,0.0
C4__baldwinian__s6,C4__baldwinian,C4,C4,baldwinian,6,150,train,50,1.18,15,15,109.16594112097502,0.7291666666666666,0.5,static,0.4875,0.0,0.0,221.0,152.0,309.0,193.0,176.0,0.0,0.0,0.0,33.0,14.0,16.0,14.0,19.0,0.0,0.0,0.0,0.0,0.0,16.0,14.0,0.0,0.0,0.0,0.0
C4__baldwinian__s6,C4__baldwinian,C4,C4,baldwinian,6,200,train,50,1.14,10,10,105.79002705584394,0.8333333333333334,0.5,static,0.5625,0.0,0.0,215.0,240.0,181.0,187.0,214.0,0.0,0.0,0.0,19.0,23.0,19.0,13.0,22.0,0.0,0.0,0.0,0.0,0.0,19.0,13.0,0.0,0.0,0.0,0.0
C4__baldwinian__s6,C4__baldwinian,C4,C4,baldwinian,6,250,train,50,1.16,11,11,109.03467940896934,0.75,0.5,static,0.4625,0.0,0.0,166.0,199.0,61.0,249.0,133.0,0.0,0.0,0.0,34.0,16.0,9.0,24.0,21.0,0.0,0.0,0.0,0.0,0.0,9.0,24.0,0.0,0.0,0.0,0.0
C4__baldwinian__s6,C4__baldwinian,C4,C4,baldwinian,6,300,train,50,1.14,14,14,57.975183215738895,0.9166666666666666,0.5,static,0.5125,0.0,0.0,254.0,194.0,219.0,209.0,195.0,0.0,0.0,0.0,28.0,23.0,19.0,14.0,31.0,0.0,0.0,0.0,0.0,0.0,19.0,14.0,0.0,0.0,0.0,0.0
C4__baldwinian__s6,C4__baldwinian,C4,C4,baldwinian,6,350,train,50,0.98,12,12,100.25650230401521,0.7916666666666666,0.5,static,0.4875,0.0,0.0,162.0,153.0,220.0,203.0,187.0,0.0,0.0,0.0,17.0,22.0,16.0,25.0,20.0,0.0,0.0,0.0,0.0,0.0,16.0,25.0,0.0,0.0,0.0,0.0
C4__baldwinian__s6,C4__baldwinian,C4,C4,baldwinian,6,400,train,50,1.06,15,15,96.52958110426428,0.7708333333333334,0.5,static,0.5125,0.0,0.0,181.0,118.0,234.0,271.0,246.0,0.0,0.0,0.0,23.0,19.0,13.0,27.0,26.0,0.0,0.0,0.0,0.0,0.0,13.0,27.0,0.0,0.0,0.0,0.0
C4__baldwinian__s6,C4__baldwinian,C4,C4,baldwinian,6,450,train,50,1.1,9,9,86.9047804557457,0.8541666666666666,0.5,static,0.49375,0.0,0.0,213.0,299.0,171.0,211.0,179.0,0.0,0.0,0.0,13.0,31.0,18.0,14.0,24.0,0.0,0.0,0.0,0.0,0.0,18.0,14.0,0.0,0.0,0.0,0.0
C4__baldwinian__s6,C4__baldwinian,C4,C4,baldwinian,6,500,train,48,1.4583333333333333,19,21,57.159217570790034,0.9166666666666666,0.5,static,0.5125,0.0,0.0,275.0,163.0,238.0,303.0,168.0,0.0,0.0,0.0,30.0,8.0,19.0,30.0,25.0,0.0,0.0,0.0,0.0,0.0,19.0,30.0,0.0,0.0,0.0,0.0
C4__baldwinian__s6,C4__baldwinian,C4,C4,baldwinian,6,550,train,50,2.22,27,25,91.92955174605868,0.7916666666666666,0.5,static,0.54375,0.0,0.0,198.0,212.0,144.0,192.0,153.0,0.0,0.0,0.0,15.0,15.0,17.0,24.0,27.0,0.0,0.0,0.0,0.0,0.0,17.0,24.0,0.0,0.0,0.0,0.0
C4__baldwinian__s6,C4__baldwinian,C4,C4,baldwinian,6,600,train,50,2.3,14,14,105.96852867517006,0.75,0.5,static,0.45625,0.0,0.0,231.0,152.0,166.0,308.0,120.0,0.0,0.0,0.0,16.0,14.0,9.0,21.0,25.0,0.0,0.0,0.0,0.0,0.0,9.0,21.0,0.0,0.0,0.0,0.0
C4__baldwinian__s6,C4__baldwinian,C4,C4,baldwinian,6,650,train,50,2.24,19,19,74.91088485438405,0.875,0.5,static,0.5125,0.0,0.0,198.0,249.0,242.0,260.0,124.0,0.0,0.0,0.0,21.0,23.0,16.0,18.0,25.0,0.0,0.0,0.0,0.0,0.0,16.0,18.0,0.0,0.0,0.0,0.0
C4__baldwinian__s6,C4__baldwinian,C4,C4,baldwinian,6,700,train,50,2.18,16,16,127.92007630955186,0.6875,0.5,static,0.48125,0.0,0.0,210.0,222.0,243.0,179.0,120.0,0.0,0.0,0.0,22.0,19.0,18.0,12.0,26.0,0.0,0.0,0.0,0.0,0.0,18.0,12.0,0.0,0.0,0.0,0.0
C4__baldwinian__s6,C4__baldwinian,C4,C4,baldwinian,6,750,train,50,2.14,13,13,87.1495294036319,0.7916666666666666,0.5,static,0.525,0.0,0.0,170.0,317.0,239.0,171.0,108.0,0.0,0.0,0.0,22.0,26.0,24.0,12.0,29.0,0.0,0.0,0.0,0.0,0.0,24.0,12.0,0.0,0.0,0.0,0.0
C4__baldwinian__s6,C4__baldwinian,C4,C4,baldwinian,6,800,train,50,2.14,15,15,86.8721716543109,0.8541666666666666,0.5,static,0.44375,0.0,0.0,138.0,203.0,173.0,264.0,98.0,0.0,0.0,0.0,24.0,26.0,11.0,18.0,23.0,0.0,0.0,0.0,0.0,0.0,11.0,18.0,0.0,0.0,0.0,0.0
C4__baldwinian__s6,C4__baldwinian,C4,C4,baldwinian,6,850,train,50,2.24,10,10,65.47726962465777,0.8541666666666666,0.5,static,0.5,0.0,0.0,173.0,198.0,226.0,240.0,175.0,0.0,0.0,0.0,20.0,19.0,20.0,25.0,23.0,0.0,0.0,0.0,0.0,0.0,20.0,25.0,0.0,0.0,0.0,0.0
C4__baldwinian__s6,C4__baldwinian,C4,C4,baldwinian,6,900,train,50,2.4,14,14,89.71380110402632,0.7916666666666666,0.5,static,0.45,0.0,0.0,215.0,219.0,202.0,252.0,135.0,0.0,0.0,0.0,23.0,22.0,15.0,16.0,26.0,0.0,0.0,0.0,0.0,0.0,15.0,16.0,0.0,0.0,0.0,0.0
C4__baldwinian__s6,C4__baldwinian,C4,C4,baldwinian,6,950,train,50,2.34,17,17,132.44411510152366,0.6666666666666666,0.5,static,0.48125,0.0,0.0,239.0,197.0,242.0,299.0,140.0,0.0,0.0,0.0,22.0,12.0,9.0,29.0,15.0,0.0,0.0,0.0,0.0,0.0,9.0,29.0,0.0,0.0,0.0,0.0
C4__baldwinian__s6,C4__baldwinian,C4,C4,baldwinian,6,1000,train,50,2.72,15,15,81.12316127775065,0.8541666666666666,0.5,static,0.54375,0.0,0.0,196.0,209.0,235.0,247.0,123.0,0.0,0.0,0.0,19.0,23.0,29.0,16.0,39.0,0.0,0.0,0.0,0.0,0.0,29.0,16.0,0.0,0.0,0.0,0.0
C4__baldwinian__s6,C4__baldwinian,C4,C4,baldwinian,6,1050,train,50,3.06,22,22,87.53823387763092,0.8125,0.5,static,0.48125,0.0,0.0,248.0,257.0,208.0,163.0,88.0,0.0,0.0,0.0,17.0,26.0,19.0,20.0,27.0,0.0,0.0,0.0,0.0,0.0,19.0,20.0,0.0,0.0,0.0,0.0
C4__baldwinian__s6,C4__baldwinian,C4,C4,baldwinian,6,1100,train,50,3.14,17,17,154.81492205262995,0.5625,0.5,static,0.48125,0.0,0.0,99.0,193.0,219.0,258.0,113.0,0.0,0.0,0.0,15.0,12.0,16.0,16.0,15.0,0.0,0.0,0.0,0.0,0.0,16.0,16.0,0.0,0.0,0.0,0.0
C4__baldwinian__s6,C4__baldwinian,C4,C4,baldwinian,6,1150,train,50,3.02,21,21,70.5720523909942,0.8125,0.5,static,0.48125,0.0,0.0,266.0,249.0,263.0,180.0,107.0,0.0,0.0,0.0,17.0,29.0,29.0,13.0,20.0,0.0,0.0,0.0,0.0,0.0,29.0,13.0,0.0,0.0,0.0,0.0
C4__baldwinian__s6,C4__baldwinian,C4,C4,baldwinian,6,1200,train,50,3.1,18,18,69.57489438451525,0.8541666666666666,0.5,static,0.50625,0.0,0.0,236.0,242.0,315.0,149.0,68.0,0.0,0.0,0.0,33.0,21.0,16.0,14.0,31.0,0.0,0.0,0.0,0.0,0.0,16.0,14.0,0.0,0.0,0.0,0.0
C4__baldwinian__s6,C4__baldwinian,C4,C4,baldwinian,6,1250,train,50,3.26,21,21,74.29588089915109,0.875,0.5,static,0.5,0.0,0.0,224.0,127.0,102.0,155.0,63.0,0.0,0.0,0.0,31.0,12.0,13.0,26.0,25.0,0.0,0.0,0.0,0.0,0.0,13.0,26.0,0.0,0.0,0.0,0.0
C4__baldwinian__s6,C4__baldwinian,C4,C4,baldwinian,6,1300,train,50,3.28,21,21,61.52328594613979,0.9375,0.5,static,0.55,0.0,0.0,224.0,156.0,248.0,237.0,188.0,0.0,0.0,0.0,20.0,27.0,25.0,13.0,29.0,0.0,0.0,0.0,0.0,0.0,25.0,13.0,0.0,0.0,0.0,0.0
C4__baldwinian__s6,C4__baldwinian,C4,C4,baldwinian,6,1350,train,50,3.56,11,11,89.36029464799395,0.7708333333333334,0.5,static,0.50625,0.0,0.0,169.0,265.0,311.0,202.0,135.0,0.0,0.0,0.0,13.0,27.0,20.0,13.0,22.0,0.0,0.0,0.0,0.0,0.0,20.0,13.0,0.0,0.0,0.0,0.0
C4__baldwinian__s6,C4__baldwinian,C4,C4,baldwinian,6,1400,train,50,3.78,13,13,96.1085977249034,0.7708333333333334,0.5,static,0.5,0.0,0.0,231.0,178.0,182.0,219.0,110.0,0.0,0.0,0.0,23.0,18.0,13.0,12.0,29.0,0.0,0.0,0.0,0.0,0.0,13.0,12.0,0.0,0.0,0.0,0.0
C4__baldwinian__s6,C4__baldwinian,C4,C4,baldwinian,6,1450,train,50,4.06,16,16,74.77502635899398,0.8958333333333334,0.5,static,0.51875,0.0,0.0,243.0,227.0,289.0,264.0,106.0,0.0,0.0,0.0,25.0,31.0,20.0,19.0,23.0,0.0,0.0,0.0,0.0,0.0,20.0,19.0,0.0,0.0,0.0,0.0
C4__baldwinian__s6,C4__baldwinian,C4,C4,baldwinian,6,1500,train,50,4.18,16,16,95.72301951355769,0.75,0.5,static,0.46875,0.0,0.0,206.0,291.0,110.0,264.0,121.0,0.0,0.0,0.0,21.0,28.0,11.0,18.0,19.0,0.0,0.0,0.0,0.0,0.0,11.0,18.0,0.0,0.0,0.0,0.0
C4__baldwinian__s6,C4__baldwinian,C4,C4,baldwinian,6,1550,eval,50,4.04,16,16,88.10031821033213,0.8541666666666666,0.5,static,0.49,0.0,0.0,234.0,292.0,201.0,275.0,20.0,21.0,40.0,39.0,28.0,21.0,16.0,15.0,4.0,6.0,6.0,12.0,0.0,0.0,16.0,15.0,0.0,0.0,6.0,12.0
C4__baldwinian__s6,C4__baldwinian,C4,C4,baldwinian,6,1600,eval,50,4.02,15,15,136.77426284903117,0.7083333333333334,0.5,static,0.465,0.0,0.0,280.0,258.0,270.0,188.0,37.0,32.0,46.0,19.0,25.0,15.0,17.0,15.0,6.0,3.0,6.0,5.0,0.0,0.0,17.0,15.0,0.0,0.0,6.0,5.0
C4__baldwinian__s6,C4__baldwinian,C4,C4,baldwinian,6,1650,eval,50,4.06,19,19,100.15359502299825,0.8125,0.5,static,0.465,0.0,0.0,272.0,288.0,274.0,182.0,0.0,7.0,30.0,3.0,21.0,26.0,27.0,15.0,0.0,6.0,7.0,3.0,0.0,0.0,27.0,15.0,0.0,0.0,7.0,3.0
C4__baldwinian__s6,C4__baldwinian,C4,C4,baldwinian,6,1700,eval,50,4.32,20,20,163.98836915428188,0.6041666666666666,0.5,static,0.495,0.0,0.0,215.0,204.0,234.0,161.0,29.0,19.0,28.0,42.0,17.0,5.0,17.0,13.0,5.0,3.0,3.0,4.0,0.0,0.0,17.0,13.0,0.0,0.0,3.0,4.0
C4__baldwinian__s6,C4__baldwinian,C4,C4,baldwinian,6,1750,eval,50,4.5,19,19,177.49670244706832,0.5,0.5,static,0.48,0.0,0.0,227.0,192.0,420.0,218.0,79.0,72.0,150.0,68.0,12.0,18.0,24.0,12.0,4.0,4.0,9.0,2.0,0.0,0.0,24.0,12.0,0.0,0.0,9.0,2.0
C4__baldwinian__s6,C4__baldwinian,C4,C4,baldwinian,6,1800,eval,50,4.48,13,13,221.13626900645772,0.4375,0.5,static,0.475,0.0,0.0,226.0,219.0,299.0,314.0,79.0,119.0,101.0,63.0,16.0,10.0,15.0,15.0,6.0,2.0,1.0,2.0,0.0,0.0,15.0,15.0,0.0,0.0,1.0,2.0
C4__baldwinian__s7,C4__baldwinian,C4,C4,baldwinian,7,50,train,50,0.76,33,3,58.913738105917226,0.8958333333333334,0.5,static,0.525,0.0,0.0,122.0,57.0,55.0,102.0,98.0,0.0,0.0,0.0,36.0,18.0,15.0,20.0,25.0,0.0,0.0,0.0,0.0,0.0,15.0,20.0,0.0,0.0,0.0,0.0
C4__baldwinian__s7,C4__baldwinian,C4,C4,baldwinian,7,100,train,45,0.8,6,11,83.99766147662629,0.8958333333333334,0.5,static,0.4875,0.0,0.0,143.0,132.0,109.0,221.0,94.0,0.0,0.0,0.0,23.0,20.0,23.0,18.0,14.0,0.0,0.0,0.0,0.0,0.0,23.0,18.0,0.0,0.0,0.0,0.0
C4__baldwinian__s7,C4__baldwinian,C4,C4,baldwinian,7,150,train,44,1.0909090909090908,18,19,156.6574304396978,0.6666666666666666,0.5,static,0.49375,0.0,0.0,262.0,173.0,253.0,180.0,116.0,0.0,0.0,0.0,28.0,16.0,11.0,28.0,16.0,0.0,0.0,0.0,0.0,0.0,11.0,28.0,0.0,0.0,0.0,0.0
C4__baldwinian__s7,C4__baldwinian,C4,C4,baldwinian,7,200,train,43,1.302325581395349,20,21,74.68552002018002,0.875,0.5,static,0.5,0.0,0.0,188.0,201.0,242.0,183.0,68.0,0.0,0.0,0.0,21.0,25.0,24.0,22.0,19.0,0.0,0.0,0.0,0.0,0.0,24.0,22.0,0.0,0.0,0.0,0.0
C4__baldwinian__s7,C4__baldwinian,C4,C4,baldwinian,7,250,train,45,1.2444444444444445,20,18,117.76450006249031,0.75,0.5,static,0.49375,0.0,0.0,217.0,208.0,252.0,235.0,33.0,0.0,0.0,0.0,20.0,18.0,26.0,20.0,7.0,0.0,0.0,0.0,0.0,0.0,26.0,20.0,0.0,0.0,0.0,0.0
C4__baldwinian__s7,C4__baldwinian,C4,C4,baldwinian,7,300,train,50,1.24,16,11,70.0746265514182,0.8541666666666666,0.5,static,0.53125,0.0,0.0,195.0,299.0,250.0,229.0,93.0,0.0,0.0,0.0,20.0,32.0,27.0,15.0,11.0,0.0,0.0,0.0,0.0,0.0,27.0,15.0,0.0,0.0,0.0,0.0
C4__baldwinian__s7,C4__baldwinian,C4,C4,baldwinian,7,350,train,50,1.24,26,26,86.85515673883592,0.8125,0.5,static,0.50625,0.0,0.0,270.0,149.0,235.0,267.0,146.0,0.0,0.0,0.0,20.0,19.0,30.0,15.0,9.0,0.0,0.0,0.0,0.0,0.0,30.0,15.0,0.0,0.0,0.0,0.0
C4__baldwinian__s7,C4__baldwinian,C4,C4,baldwinian,7,400,train,50,1.26,19,19,74.08387003743584,0.8125,0.5,static,0.5375,0.0,0.0,325.0,321.0,271.0,193.0,165.0,0.0,0.0,0.0,26.0,24.0,28.0,12.0,14.0,0.0,0.0,0.0,0.0,0.0,28.0,12.0,0.0,0.0,0.0,0.0
C4__baldwinian__s7,C4__baldwinian,C4,C4,baldwinian,7,450,train,50,1.3,22,22,64.74780746325649,0.8541666666666666,0.5,static,0.46875,0.0,0.0,281.0,222.0,192.0,139.0,115.0,0.0,0.0,0.0,40.0,15.0,17.0,15.0,14.0,0.0,0.0,0.0,0.0,0.0,17.0,15.0,0.0,0.0,0.0,0.0
C4__baldwinian__s7,C4__baldwinian,C4,C4,baldwinian,7,500,train,42,1.5714285714285714,14,22,75.45435296028009,0.8333333333333334,0.5,static,0.5,0.0,0.0,154.0,192.0,147.0,138.0,96.0,0.0,0.0,0.0,27.0,29.0,12.0,15.0,17.0,0.0,0.0,0.0,0.0,0.0,12.0,15.0,0.0,0.0,0.0,0.0
C4__baldwinian__s7,C4__baldwinian,C4,C4,baldwinian,7,550,train,40,2.025,20,22,141.99319096875482,0.75,0.5,static,0.48125,0.0,0.0,272.0,172.0,169.0,229.0,87.0,0.0,0.0,0.0,17.0,21.0,16.0,15.0,13.0,0.0,0.0,0.0,0.0,0.0,16.0,15.0,0.0,0.0,0.0,0.0
C4__baldwinian__s7,C4__baldwinian,C4,C4,baldwinian,7,600,train,47,2.3404255319148937,23,16,72.65462850955997,0.9166666666666666,0.5,static,0.50625,0.0,0.0,212.0,249.0,268.0,170.0,60.0,0.0,0.0,0.0,22.0,16.0,29.0,21.0,23.0,0.0,0.0,0.0,0.0,0.0,29.0,21.0,0.0,0.0,0.0,0.0
C4__baldwinian__s7,C4__baldwinian,C4,C4,baldwinian,7,650,train,50,2.62,15,12,79.1763321897568,0.8333333333333334,0.5,static,0.45,0.0,0.0,178.0,214.0,247.0,204.0,120.0,0.0,0.0,0.0,28.0,16.0,17.0,12.0,21.0,0.0,0.0,0.0,0.0,0.0,17.0,12.0,0.0,0.0,0.0,0.0
C4__baldwinian__s7,C4__baldwinian,C4,C4,baldwinian,7,700,train,50,2.78,19,19,82.56867167832294,0.8541666666666666,0.5,static,0.50625,0.0,0.0,317.0,260.0,267.0,325.0,62.0,0.0,0.0,0.0,22.0,19.0,21.0,22.0,19.0,0.0,0.0,0.0,0.0,0.0,21.0,22.0,0.0,0.0,0.0,0.0
C4__baldwinian__s7,C4__baldwinian,C4,C4,baldwinian,7,750,train,50,2.74,23,23,98.39805653258898,0.75,0.5,static,0.54375,0.0,0.0,328.0,364.0,205.0,239.0,132.0,0.0,0.0,0.0,30.0,27.0,16.0,19.0,16.0,0.0,0.0,0.0,0.0,0.0,16.0,19.0,0.0,0.0,0.0,0.0
C4__baldwinian__s7,C4__baldwinian,C4,C4,baldwinian,7,800,train,50,2.7,15,15,102.15051047207287,0.7916666666666666,0.5,static,0.49375,0.0,0.0,174.0,330.0,266.0,349.0,57.0,0.0,0.0,0.0,14.0,31.0,16.0,17.0,14.0,0.0,0.0,0.0,0.0,0.0,16.0,17.0,0.0,0.0,0.0,0.0
C4__baldwinian__s7,C4__baldwinian,C4,C4,baldwinian,7,850,train,50,2.9,22,22,85.0718411870003,0.7916666666666666,0.5,static,0.5,0.0,0.0,194.0,274.0,348.0,311.0,42.0,0.0,0.0,0.0,14.0,25.0,21.0,23.0,17.0,0.0,0.0,0.0,0.0,0.0,21.0,23.0,0.0,0.0,0.0,0.0
C4__baldwinian__s7,C4__baldwinian,C4,C4,baldwinian,7,900,train,50,3.24,29,29,116.28500390801867,0.7083333333333334,0.5,static,0.5125,0.0,0.0,239.0,186.0,215.0,218.0,37.0,0.0,0.0,0.0,24.0,12.0,22.0,21.0,5.0,0.0,0.0,0.0,0.0,0.0,22.0,21.0,0.0,0.0,0.0,0.0
C4__baldwinian__s7,C4__baldwinian,C4,C4,baldwinian,7,950,train,50,3.28,18,18,127.82619161364613,0.7291666666666666,0.5,static,0.5125,0.0,0.0,320.0,136.0,221.0,162.0,183.0,0.0,0.0,0.0,23.0,15.0,21.0,16.0,18.0,0.0,0.0,0.0,0.0,0.0,21.0,16.0,0.0,0.0,0.0,0.0
C4__baldwinian__s7,C4__baldwinian,C4,C4,baldwinian,7,1000,train,50,3.32,21,21,78.80770217179709,0.75,0.5,static,0.51875,0.0,0.0,265.0,211.0,316.0,258.0,66.0,0.0,0.0,0.0,21.0,20.0,25.0,22.0,11.0,0.0,0.0,0.0,0.0,0.0,25.0,22.0,0.0,0.0,0.0,0.0
C4__baldwinian__s7,C4__baldwinian,C4,C4,baldwinian,7,1050,train,50,3.46,18,18,92.2863081797235,0.7708333333333334,0.5,static,0.5,0.0,0.0,324.0,238.0,208.0,273.0,65.0,0.0,0.0,0.0,19.0,19.0,17.0,25.0,14.0,0.0,0.0,0.0,0.0,0.0,17.0,25.0,0.0,0.0,0.0,0.0
C4__baldwinian__s7,C4__baldwinian,C4,C4,baldwinian,7,1100,train,50,3.54,18,18,81.84029866549085,0.8541666666666666,0.5,static,0.4625,0.0,0.0,209.0,304.0,163.0,194.0,88.0,0.0,0.0,0.0,27.0,23.0,15.0,15.0,19.0,0.0,0.0,0.0,0.0,0.0,15.0,15.0,0.0,0.0,0.0,0.0
C4__baldwinian__s7,C4__baldwinian,C4,C4,baldwinian,7,1150,train,50,3.72,22,22,74.78363240768047,0.8333333333333334,0.5,static,0.53125,0.0,0.0,256.0,269.0,275.0,128.0,57.0,0.0,0.0,0.0,25.0,21.0,26.0,17.0,18.0,0.0,0.0,0.0,0.0,0.0,26.0,17.0,0.0,0.0,0.0,0.0
C4__baldwinian__s7,C4__baldwinian,C4,C4,baldwinian,7,1200,train,50,3.8,16,16,66.56524792094099,0.8541666666666666,0.5,static,0.50625,0.0,0.0,285.0,355.0,191.0,180.0,48.0,0.0,0.0,0.0,24.0,29.0,16.0,9.0,15.0,0.0,0.0,0.0,0.0,0.0,16.0,9.0,0.0,0.0,0.0,0.0
C4__baldwinian__s7,C4__baldwinian,C4,C4,baldwinian,7,1250,train,50,4.06,17,17,63.86028356168293,0.8541666666666666,0.5,static,0.46875,0.0,0.0,233.0,273.0,138.0,253.0,20.0,0.0,0.0,0.0,19.0,24.0,22.0,19.0,11.0,0.0,0.0,0.0,0.0,0.0,22.0,19.0,0.0,0.0,0.0,0.0
C4__baldwinian__s7,C4__baldwinian,C4,C4,baldwinian,7,1300,train,50,4.08,28,28,57.75518780278747,0.9166666666666666,0.5,static,0.45625,0.0,0.0,234.0,198.0,172.0,206.0,108.0,0.0,0.0,0.0,18.0,26.0,24.0,19.0,17.0,0.0,0.0,0.0,0.0,0.0,24.0,19.0,0.0,0.0,0.0,0.0
C4__baldwinian__s7,C4__baldwinian,C4,C4,baldwinian,7,1350,train,50,4.12,23,23,66.25011180449754,0.8958333333333334,0.5,static,0.46875,0.0,0.0,268.0,336.0,192.0,130.0,95.0,0.0,0.0,0.0,29.0,27.0,23.0,15.0,11.0,0.0,0.0,0.0,0.0,0.0,23.0,15.0,0.0,0.0,0.0,0.0
C4__baldwinian__s7,C4__baldwinian,C4,C4,baldwinian,7,1400,train,50,4.4,20,20,80.88813244526874,0.8541666666666666,0.5,static,0.5375,0.0,0.0,178.0,107.0,147.0,203.0,176.0,0.0,0.0,0.0,17.0,16.0,22.0,21.0,22.0,0.0,0.0,0.0,0.0,0.0,22.0,21.0,0.0,0.0,0.0,0.0
C4__baldwinian__s7,C4__baldwinian,C4,C4,baldwinian,7,1450,train,50,4.7,24,24,149.69731912453165,0.6041666666666666,0.5,static,0.51875,0.0,0.0,189.0,199.0,263.0,310.0,111.0,0.0,0.0,0.0,13.0,12.0,23.0,14.0,14.0,0.0,0.0,0.0,0.0,0.0,23.0,14.0,0.0,0.0,0.0,0.0
C4__baldwinian__s7,C4__baldwinian,C4,C4,baldwinian,7,1500,train,50,4.84,17,17,58.589818728250876,0.8958333333333334,0.5,static,0.54375,0.0,0.0,261.0,197.0,281.0,256.0,75.0,0.0,0.0,0.0,29.0,28.0,17.0,29.0,15.0,0.0,0.0,0.0,0.0,0.0,17.0,29.0,0.0,0.0,0.0,0.0
C4__baldwinian__s7,C4__baldwinian,C4,C4,baldwinian,7,1550,eval,50,5.26,24,24,110.80180241530826,0.7708333333333334,0.5,static,0.485,0.0,0.0,252.0,294.0,132.0,264.0,46.0,46.0,6.0,46.0,17.0,20.0,6.0,16.0,4.0,4.0,2.0,7.0,0.0,0.0,6.0,16.0,0.0,0.0,2.0,7.0
C4__baldwinian__s7,C4__baldwinian,C4,C4,baldwinian,7,1600,eval,50,5.46,17,17,160.69096027999416,0.5625,0.5,static,0.52,0.0,0.0,265.0,341.0,408.0,361.0,43.0,65.0,43.0,42.0,7.0,16.0,18.0,31.0,9.0,4.0,2.0,3.0,0.0,0.0,18.0,31.0,0.0,0.0,2.0,3.0
C4__baldwinian__s7,C4__baldwinian,C4,C4,baldwinian,7,1650,eval,50,5.46,10,10,126.3136214420264,0.6875,0.5,static,0.54,0.0,0.0,320.0,329.0,362.0,239.0,31.0,98.0,88.0,35.0,20.0,22.0,19.0,15.0,2.0,8.0,6.0,2.0,0.0,0.0,19.0,15.0,0.0,0.0,6.0,2.0
C4__baldwinian__s7,C4__baldwinian,C4,C4,baldwinian,7,1700,eval,50,5.48,15,15,143.18203945884625,0.625,0.5,static,0.485,0.0,0.0,242.0,315.0,433.0,284.0,6.0,45.0,52.0,58.0,16.0,13.0,17.0,23.0,0.0,3.0,6.0,5.0,0.0,0.0,17.0,23.0,0.0,0.0,6.0,5.0
C4__baldwinian__s7,C4__baldwinian,C4,C4,baldwinian,7,1750,eval,50,5.5,9,9,159.15817706039945,0.5625,0.5,static,0.515,0.0,0.0,390.0,262.0,331.0,267.0,52.0,16.0,56.0,68.0,18.0,15.0,13.0,16.0,5.0,0.0,3.0,4.0,0.0,0.0,13.0,16.0,0.0,0.0,3.0,4.0
C4__baldwinian__s7,C4__baldwinian,C4,C4,baldwinian,7,1800,eval,50,5.48,10,10,171.8583462991867,0.5,0.5,static,0.505,0.0,0.0,257.0,349.0,280.0,502.0,122.0,83.0,24.0,63.0,12.0,22.0,9.0,37.0,7.0,2.0,0.0,4.0,0.0,0.0,9.0,37.0,0.0,0.0,0.0,4.0
C4__baldwinian__s8,C4__baldwinian,C4,C4,baldwinian,8,50,train,50,0.74,33,3,120.52539630075366,0.7083333333333334,0.5,static,0.5,0.0,0.0,127.0,98.0,98.0,131.0,44.0,0.0,0.0,0.0,29.0,23.0,25.0,17.0,5.0,0.0,0.0,0.0,0.0,0.0,25.0,17.0,0.0,0.0,0.0,0.0
C4__baldwinian__s8,C4__baldwinian,C4,C4,baldwinian,8,100,train,49,0.8979591836734694,12,13,107.16350980044244,0.8125,0.5,static,0.5125,0.0,0.0,119.0,186.0,237.0,165.0,132.0,0.0,0.0,0.0,19.0,19.0,16.0,26.0,16.0,0.0,0.0,0.0,0.0,0.0,16.0,26.0,0.0,0.0,0.0,0.0
C4__baldwinian__s8,C4__baldwinian,C4,C4,baldwinian,8,150,train,42,1.0,12,19,74.02297444148209,0.8958333333333334,0.5,static,0.50625,0.0,0.0,209.0,115.0,261.0,209.0,78.0,0.0,0.0,0.0,26.0,22.0,28.0,23.0,13.0,0.0,0.0,0.0,0.0,0.0,28.0,23.0,0.0,0.0,0.0,0.0
C4__baldwinian__s8,C4__baldwinian,C4,C4,baldwinian,8,200,train,42,1.2619047619047619,19,19,125.57564226137437,0.7291666666666666,0.5,static,0.46875,0.0,0.0,160.0,206.0,226.0,276.0,76.0,0.0,0.0,0.0,17.0,18.0,24.0,23.0,8.0,0.0,0.0,0.0,0.0,0.0,24.0,23.0,0.0,0.0,0.0,0.0
C4__baldwinian__s8,C4__baldwinian,C4,C4,baldwinian,8,250,train,50,1.34,21,13,99.80226304410908,0.7708333333333334,0.5,static,0.48125,0.0,0.0,253.0,226.0,359.0,316.0,85.0,0.0,0.0,0.0,22.0,20.0,26.0,26.0,10.0,0.0,0.0,0.0,0.0,0.0,26.0,26.0,0.0,0.0,0.0,0.0
C4__baldwinian__s8,C4__baldwinian,C4,C4,baldwinian,8,300,train,50,1.5,20,20,63.510349166900006,0.8958333333333334,0.5,static,0.49375,0.0,0.0,164.0,244.0,394.0,283.0,81.0,0.0,0.0,0.0,26.0,36.0,25.0,17.0,20.0,0.0,0.0,0.0,0.0,0.0,25.0,17.0,0.0,0.0,0.0,0.0
C4__baldwinian__s8,C4__baldwinian,C4,C4,baldwinian,8,350,train,50,1.56,18,18,77.95329611129792,0.875,0.5,static,0.5,0.0,0.0,214.0,199.0,248.0,209.0,61.0,0.0,0.0,0.0,27.0,31.0,20.0,10.0,8.0,0.0,0.0,0.0,0.0,0.0,20.0,10.0,0.0,0.0,0.0,0.0
C4__baldwinian__s8,C4__baldwinian,C4,C4,baldwinian,8,400,train,50,1.46,20,20,96.61898184615933,0.7083333333333334,0.5,static,0.5125,0.0,0.0,219.0,284.0,262.0,210.0,93.0,0.0,0.0,0.0,19.0,25.0,21.0,19.0,11.0,0.0,0.0,0.0,0.0,0.0,21.0,19.0,0.0,0.0,0.0,0.0
C4__baldwinian__s8,C4__baldwinian,C4,C4,baldwinian,8,450,train,50,1.42,15,15,116.05089251206653,0.7083333333333334,0.5,static,0.49375,0.0,0.0,207.0,203.0,266.0,264.0,95.0,0.0,0.0,0.0,20.0,18.0,19.0,20.0,21.0,0.0,0.0,0.0,0.0,0.0,19.0,20.0,0.0,0.0,0.0,0.0
C4__baldwinian__s8,C4__baldwinian,C4,C4,baldwinian,8,500,train,48,1.7916666666666667,23,25,73.4101407790292,0.8541666666666666,0.5,static,0.575,0.0,0.0,168.0,337.0,367.0,296.0,53.0,0.0,0.0,0.0,16.0,28.0,35.0,16.0,14.0,0.0,0.0,0.0,0.0,0.0,35.0,16.0,0.0,0.0,0.0,0.0
C4__baldwinian__s8,C4__baldwinian,C4,C4,baldwinian,8,550,train,50,2.78,30,28,73.6309433190676,0.8958333333333334,0.5,static,0.5125,0.0,0.0,213.0,223.0,259.0,208.0,110.0,0.0,0.0,0.0,12.0,25.0,32.0,23.0,14.0,0.0,0.0,0.0,0.0,0.0,32.0,23.0,0.0,0.0,0.0,0.0
C4__baldwinian__s8,C4__baldwinian,C4,C4,baldwinian,8,600,train,50,2.86,17,17,105.8597630012448,0.75,0.5,static,0.54375,0.0,0.0,185.0,175.0,188.0,145.0,106.0,0.0,0.0,0.0,24.0,15.0,21.0,6.0,15.0,0.0,0.0,0.0,0.0,0.0,21.0,6.0,0.0,0.0,0.0,0.0
C4__baldwinian__s8,C4__baldwinian,C4,C4,baldwinian,8,650,train,50,3.06,18,18,62.12197153071387,0.8541666666666666,0.5,static,0.49375,0.0,0.0,222.0,305.0,260.0,331.0,108.0,0.0,0.0,0.0,20.0,30.0,10.0,22.0,15.0,0.0,0.0,0.0,0.0,0.0,10.0,22.0,0.0,0.0,0.0,0.0
C4__baldwinian__s8,C4__baldwinian,C4,C4,baldwinian,8,700,train,50,3.02,13,13,92.04082643480837,0.7916666666666666,0.5,static,0.5125,0.0,0.0,216.0,348.0,204.0,201.0,189.0,0.0,0.0,0.0,13.0,32.0,11.0,21.0,7.0,0.0,0.0,0.0,0.0,0.0,11.0,21.0,0.0,0.0,0.0,0.0
C4__baldwinian__s8,C4__baldwinian,C4,C4,baldwinian,8,750,train,50,2.84,12,12,87.01405169178474,0.8125,0.5,static,0.5,0.0,0.0,251.0,152.0,269.0,309.0,150.0,0.0,0.0,0.0,30.0,28.0,17.0,20.0,17.0,0.0,0.0,0.0,0.0,0.0,17.0,20.0,0.0,0.0,0.0,0.0
C4__baldwinian__s8,C4__baldwinian,C4,C4,baldwinian,8,800,train,50,2.54,16,16,86.22176397308195,0.7916666666666666,0.5,static,0.55,0.0,0.0,237.0,227.0,206.0,288.0,124.0,0.0,0.0,0.0,19.0,24.0,17.0,25.0,9.0,0.0,0.0,0.0,0.0,0.0,17.0,25.0,0.0,0.0,0.0,0.0
C4__baldwinian__s8,C4__baldwinian,C4,C4,baldwinian,8,850,train,50,2.54,13,13,82.48859732414672,0.8125,0.5,static,0.5,0.0,0.0,204.0,211.0,322.0,214.0,81.0,0.0,0.0,0.0,16.0,29.0,32.0,9.0,13.0,0.0,0.0,0.0,0.0,0.0,32.0,9.0,0.0,0.0,0.0,0.0
C4__baldwinian__s8,C4__baldwinian,C4,C4,baldwinian,8,900,train,50,3.22,24,24,106.18740096512036,0.7291666666666666,0.5,static,0.5,0.0,0.0,261.0,182.0,193.0,240.0,40.0,0.0,0.0,0.0,28.0,20.0,16.0,15.0,10.0,0.0,0.0,0.0,0.0,0.0,16.0,15.0,0.0,0.0,0.0,0.0
C4__baldwinian__s8,C4__baldwinian,C4,C4,baldwinian,8,950,train,50,3.96,19,19,79.47252380143127,0.7708333333333334,0.5,static,0.5,0.0,0.0,177.0,181.0,252.0,119.0,90.0,0.0,0.0,0.0,30.0,25.0,20.0,15.0,8.0,0.0,0.0,0.0,0.0,0.0,20.0,15.0,0.0,0.0,0.0,0.0
C4__baldwinian__s8,C4__baldwinian,C4,C4,baldwinian,8,1000,train,50,4.3,21,21,73.94234757721843,0.8541666666666666,0.5,static,0.475,0.0,0.0,234.0,244.0,176.0,135.0,98.0,0.0,0.0,0.0,25.0,19.0,15.0,19.0,11.0,0.0,0.0,0.0,0.0,0.0,15.0,19.0,0.0,0.0,0.0,0.0
C4__baldwinian__s8,C4__baldwinian,C4,C4,baldwinian,8,1050,train,50,4.4,16,16,112.37245338059304,0.75,0.5,static,0.5,0.0,0.0,427.0,181.0,190.0,362.0,101.0,0.0,0.0,0.0,22.0,11.0,24.0,20.0,17.0,0.0,0.0,0.0,0.0,0.0,24.0,20.0,0.0,0.0,0.0,0.0
C4__baldwinian__s8,C4__baldwinian,C4,C4,baldwinian,8,1100,train,50,4.58,21,21,102.78236807396911,0.8333333333333334,0.5,static,0.54375,0.0,0.0,288.0,274.0,334.0,194.0,64.0,0.0,0.0,0.0,34.0,21.0,24.0,16.0,8.0,0.0,0.0,0.0,0.0,0.0,24.0,16.0,0.0,0.0,0.0,0.0
C4__baldwinian__s8,C4__baldwinian,C4,C4,baldwinian,8,1150,train,50,4.66,10,10,126.4089083154042,0.7083333333333334,0.5,static,0.5,0.0,0.0,220.0,318.0,257.0,373.0,106.0,0.0,0.0,0.0,24.0,19.0,20.0,14.0,11.0,0.0,0.0,0.0,0.0,0.0,20.0,14.0,0.0,0.0,0.0,0.0
C4__baldwinian__s8,C4__baldwinian,C4,C4,baldwinian,8,1200,train,50,4.66,18,18,114.28618942950985,0.6666666666666666,0.5,static,0.50625,0.0,0.0,271.0,356.0,243.0,221.0,176.0,0.0,0.0,0.0,29.0,16.0,22.0,14.0,16.0,0.0,0.0,0.0,0.0,0.0,22.0,14.0,0.0,0.0,0.0,0.0
C4__baldwinian__s8,C4__baldwinian,C4,C4,baldwinian,8,1250,train,50,4.68,15,15,62.69070202944381,0.8333333333333334,0.5,static,0.5125,0.0,0.0,276.0,155.0,264.0,186.0,80.0,0.0,0.0,0.0,34.0,18.0,21.0,25.0,8.0,0.0,0.0,0.0,0.0,0.0,21.0,25.0,0.0,0.0,0.0,0.0
C4__baldwinian__s8,C4__baldwinian,C4,C4,baldwinian,8,1300,train,50,5.24,16,16,72.66032114396921,0.8958333333333334,0.5,static,0.5,0.0,0.0,151.0,288.0,212.0,229.0,31.0,0.0,0.0,0.0,19.0,27.0,23.0,15.0,10.0,0.0,0.0,0.0,0.0,0.0,23.0,15.0,0.0,0.0,0.0,0.0
C4__baldwinian__s8,C4__baldwinian,C4,C4,baldwinian,8,1350,train,50,5.32,17,17,80.12314596731572,0.875,0.5,static,0.525,0.0,0.0,272.0,181.0,266.0,225.0,81.0,0.0,0.0,0.0,27.0,30.0,23.0,18.0,16.0,0.0,0.0,0.0,0.0,0.0,23.0,18.0,0.0,0.0,0.0,0.0
C4__baldwinian__s8,C4__baldwinian,C4,C4,baldwinian,8,1400,train,50,5.6,21,21,68.47918318228935,0.875,0.5,static,0.50625,0.0,0.0,247.0,229.0,187.0,296.0,103.0,0.0,0.0,0.0,24.0,27.0,26.0,20.0,13.0,0.0,0.0,0.0,0.0,0.0,26.0,20.0,0.0,0.0,0.0,0.0
C4__baldwinian__s8,C4__baldwinian,C4,C4,baldwinian,8,1450,train,50,5.34,20,20,67.24578219060052,0.8958333333333334,0.5,static,0.5375,0.0,0.0,224.0,128.0,274.0,182.0,63.0,0.0,0.0,0.0,32.0,19.0,18.0,17.0,13.0,0.0,0.0,0.0,0.0,0.0,18.0,17.0,0.0,0.0,0.0,0.0
C4__baldwinian__s8,C4__baldwinian,C4,C4,baldwinian,8,1500,train,50,5.26,24,24,133.93500506833934,0.7083333333333334,0.5,static,0.4875,0.0,0.0,98.0,107.0,145.0,252.0,86.0,0.0,0.0,0.0,20.0,17.0,17.0,24.0,14.0,0.0,0.0,0.0,0.0,0.0,17.0,24.0,0.0,0.0,0.0,0.0
C4__baldwinian__s8,C4__baldwinian,C4,C4,baldwinian,8,1550,eval,50,5.48,26,26,170.5600926813574,0.6041666666666666,0.5,static,0.515,0.0,0.0,100.0,288.0,285.0,177.0,22.0,10.0,18.0,33.0,10.0,21.0,21.0,20.0,4.0,2.0,4.0,1.0,0.0,0.0,21.0,20.0,0.0,0.0,4.0,1.0
C4__baldwinian__s8,C4__baldwinian,C4,C4,baldwinian,8,1600,eval,50,5.68,15,15,166.4798679683833,0.6875,0.5,static,0.48,0.0,0.0,279.0,217.0,191.0,195.0,34.0,35.0,7.0,10.0,23.0,19.0,19.0,14.0,3.0,4.0,4.0,1.0,0.0,0.0,19.0,14.0,0.0,0.0,4.0,1.0
C4__baldwinian__s8,C4__baldwinian,C4,C4,baldwinian,8,1650,eval,50,5.92,17,17,216.88458618699272,0.4791666666666667,0.5,static,0.515,0.0,0.0,167.0,223.0,261.0,148.0,21.0,18.0,30.0,5.0,13.0,17.0,18.0,13.0,2.0,2.0,2.0,2.0,0.0,0.0,18.0,13.0,0.0,0.0,2.0,2.0
C4__baldwinian__s8,C4__baldwinian,C4,C4,baldwinian,8,1700,eval,50,6.02,15,15,139.23910426212248,0.6458333333333334,0.5,static,0.535,0.0,0.0,213.0,240.0,165.0,208.0,44.0,1.0,10.0,26.0,25.0,15.0,25.0,16.0,8.0,0.0,1.0,3.0,0.0,0.0,25.0,16.0,0.0,0.0,1.0,3.0
C4__baldwinian__s8,C4__baldwinian,C4,C4,baldwinian,8,1750,eval,50,6.22,12,12,178.19035181148257,0.5833333333333334,0.5,static,0.47,0.0,0.0,293.0,292.0,330.0,286.0,17.0,3.0,2.0,26.0,18.0,9.0,24.0,18.0,1.0,0.0,0.0,2.0,0.0,0.0,24.0,18.0,0.0,0.0,0.0,2.0
C4__baldwinian__s8,C4__baldwinian,C4,C4,baldwinian,8,1800,eval,50,6.26,11,11,140.53995484780498,0.6458333333333334,0.5,static,0.46,0.0,0.0,280.0,415.0,340.0,258.0,28.0,88.0,14.0,64.0,21.0,23.0,23.0,15.0,3.0,4.0,3.0,2.0,0.0,0.0,23.0,15.0,0.0,0.0,3.0,2.0
C4__baldwinian__s9,C4__baldwinian,C4,C4,baldwinian,9,50,train,50,0.72,35,5,91.08866727008922,0.8333333333333334,0.5,static,0.45625,0.0,0.0,121.0,117.0,124.0,120.0,58.0,0.0,0.0,0.0,26.0,15.0,27.0,20.0,18.0,0.0,0.0,0.0,0.0,0.0,27.0,20.0,0.0,0.0,0.0,0.0
C4__baldwinian__s9,C4__baldwinian,C4,C4,baldwinian,9,100,train,48,1.125,16,18,102.12371357360414,0.75,0.5,static,0.4875,0.0,0.0,159.0,189.0,185.0,233.0,79.0,0.0,0.0,0.0,7.0,20.0,23.0,22.0,12.0,0.0,0.0,0.0,0.0,0.0,23.0,22.0,0.0,0.0,0.0,0.0
C4__baldwinian__s9,C4__baldwinian,C4,C4,baldwinian,9,150,train,45,1.2222222222222223,18,21,72.02987385850187,0.8958333333333334,0.5,static,0.49375,0.0,0.0,193.0,223.0,225.0,229.0,149.0,0.0,0.0,0.0,24.0,24.0,19.0,23.0,21.0,0.0,0.0,0.0,0.0,0.0,19.0,23.0,0.0,0.0,0.0,0.0
C4__baldwinian__s9,C4__baldwinian,C4,C4,baldwinian,9,200,train,47,1.4042553191489362,21,19,58.78705259629917,0.9166666666666666,0.5,static,0.55,0.0,0.0,212.0,218.0,237.0,169.0,91.0,0.0,0.0,0.0,21.0,32.0,28.0,12.0,20.0,0.0,0.0,0.0,0.0,0.0,28.0,12.0,0.0,0.0,0.0,0.0
C4__baldwinian__s9,C4__baldwinian,C4,C4,baldwinian,9,250,train,42,1.4761904761904763,11,16,110.57987122517976,0.75,0.5,static,0.4625,0.0,0.0,287.0,120.0,116.0,182.0,98.0,0.0,0.0,0.0,22.0,16.0,10.0,22.0,20.0,0.0,0.0,0.0,0.0,0.0,10.0,22.0,0.0,0.0,0.0,0.0
C4__baldwinian__s9,C4__baldwinian,C4,C4,baldwinian,9,300,train,50,1.6,26,18,73.6404589146061,0.8333333333333334,0.5,static,0.475,0.0,0.0,302.0,145.0,205.0,152.0,88.0,0.0,0.0,0.0,30.0,29.0,17.0,21.0,17.0,0.0,0.0,0.0,0.0,0.0,17.0,21.0,0.0,0.0,0.0,0.0
C4__baldwinian__s9,C4__baldwinian,C4,C4,baldwinian,9,350,train,50,1.62,15,15,73.43017755193694,0.875,0.5,static,0.54375,0.0,0.0,200.0,212.0,134.0,107.0,122.0,0.0,0.0,0.0,26.0,19.0,13.0,16.0,19.0,0.0,0.0,0.0,0.0,0.0,13.0,16.0,0.0,0.0,0.0,0.0
C4__baldwinian__s9,C4__baldwinian,C4,C4,baldwinian,9,400,train,50,1.7,16,16,81.06573507850747,0.8333333333333334,0.5,static,0.55625,0.0,0.0,156.0,144.0,112.0,282.0,60.0,0.0,0.0,0.0,34.0,21.0,14.0,15.0,14.0,0.0,0.0,0.0,0.0,0.0,14.0,15.0,0.0,0.0,0.0,0.0
C4__baldwinian__s9,C4__baldwinian,C4,C4,baldwinian,9,450,train,50,2.12,18,18,98.69735585065352,0.8125,0.5,static,0.53125,0.0,0.0,217.0,188.0,242.0,181.0,80.0,0.0,0.0,0.0,23.0,17.0,26.0,19.0,19.0,0.0,0.0,0.0,0.0,0.0,26.0,19.0,0.0,0.0,0.0,0.0
C4__baldwinian__s9,C4__baldwinian,C4,C4,baldwinian,9,500,train,48,2.4791666666666665,21,23,66.24630185900386,0.8958333333333334,0.5,static,0.5625,0.0,0.0,159.0,191.0,238.0,126.0,90.0,0.0,0.0,0.0,40.0,13.0,28.0,12.0,22.0,0.0,0.0,0.0,0.0,0.0,28.0,12.0,0.0,0.0,0.0,0.0
C4__baldwinian__s9,C4__baldwinian,C4,C4,baldwinian,9,550,train,41,2.5121951219512195,14,21,79.41096801040183,0.8333333333333334,0.5,static,0.525,0.0,0.0,106.0,176.0,218.0,109.0,115.0,0.0,0.0,0.0,13.0,25.0,27.0,15.0,25.0,0.0,0.0,0.0,0.0,0.0,27.0,15.0,0.0,0.0,0.0,0.0
C4__baldwinian__s9,C4__baldwinian,C4,C4,baldwinian,9,600,train,36,2.1666666666666665,17,22,129.7287471363814,0.7708333333333334,0.5,static,0.50625,0.0,0.0,156.0,185.0,158.0,174.0,94.0,0.0,0.0,0.0,17.0,16.0,14.0,21.0,23.0,0.0,0.0,0.0,0.0,0.0,14.0,21.0,0.0,0.0,0.0,0.0
C4__baldwinian__s9,C4__baldwinian,C4,C4,baldwinian,9,650,train,43,2.4186046511627906,20,13,140.78487245064537,0.7083333333333334,0.5,static,0.5375,0.0,0.0,151.0,175.0,148.0,93.0,83.0,0.0,0.0,0.0,21.0,22.0,18.0,12.0,18.0,0.0,0.0,0.0,0.0,0.0,18.0,12.0,0.0,0.0,0.0,0.0
C4__baldwinian__s9,C4__baldwinian,C4,C4,baldwinian,9,700,train,48,2.75,24,19,119.4151881429485,0.7708333333333334,0.5,static,0.51875,0.0,0.0,214.0,218.0,246.0,214.0,88.0,0.0,0.0,0.0,13.0,14.0,18.0,29.0,20.0,0.0,0.0,0.0,0.0,0.0,18.0,29.0,0.0,0.0,0.0,0.0
C4__baldwinian__s9,C4__baldwinian,C4,C4,baldwinian,9,750,train,50,3.14,28,26,90.02766501434272,0.8333333333333334,0.5,static,0.5,0.0,0.0,228.0,142.0,277.0,280.0,104.0,0.0,0.0,0.0,35.0,9.0,28.0,20.0,19.0,0.0,0.0,0.0,0.0,0.0,28.0,20.0,0.0,0.0,0.0,0.0
C4__baldwinian__s9,C4__baldwinian,C4,C4,baldwinian,9,800,train,50,3.2,15,15,114.71661361320729,0.75,0.5,static,0.46875,0.0,0.0,201.0,216.0,259.0,184.0,86.0,0.0,0.0,0.0,24.0,16.0,19.0,10.0,15.0,0.0,0.0,0.0,0.0,0.0,19.0,10.0,0.0,0.0,0.0,0.0
C4__baldwinian__s9,C4__baldwinian,C4,C4,baldwinian,9,850,train,50,3.38,12,12,122.27777236736108,0.7916666666666666,0.5,static,0.49375,0.0,0.0,240.0,210.0,192.0,220.0,103.0,0.0,0.0,0.0,24.0,24.0,18.0,17.0,16.0,0.0,0.0,0.0,0.0,0.0,18.0,17.0,0.0,0.0,0.0,0.0
C4__baldwinian__s9,C4__baldwinian,C4,C4,baldwinian,9,900,train,50,3.54,16,16,88.46318134350881,0.8125,0.5,static,0.5125,0.0,0.0,237.0,217.0,257.0,194.0,164.0,0.0,0.0,0.0,19.0,19.0,25.0,13.0,22.0,0.0,0.0,0.0,0.0,0.0,25.0,13.0,0.0,0.0,0.0,0.0
C4__baldwinian__s9,C4__baldwinian,C4,C4,baldwinian,9,950,train,50,3.7,16,16,94.38666292085466,0.7916666666666666,0.5,static,0.46875,0.0,0.0,323.0,353.0,339.0,136.0,65.0,0.0,0.0,0.0,18.0,20.0,22.0,15.0,13.0,0.0,0.0,0.0,0.0,0.0,22.0,15.0,0.0,0.0,0.0,0.0
C4__baldwinian__s9,C4__baldwinian,C4,C4,baldwinian,9,1000,train,50,3.74,11,11,69.02197083800576,0.75,0.5,static,0.51875,0.0,0.0,355.0,342.0,239.0,220.0,105.0,0.0,0.0,0.0,26.0,30.0,25.0,3.0,20.0,0.0,0.0,0.0,0.0,0.0,25.0,3.0,0.0,0.0,0.0,0.0
C4__baldwinian__s9,C4__baldwinian,C4,C4,baldwinian,9,1050,train,50,3.76,10,10,88.6265863981209,0.7916666666666666,0.5,static,0.51875,0.0,0.0,224.0,230.0,152.0,210.0,110.0,0.0,0.0,0.0,19.0,27.0,20.0,10.0,20.0,0.0,0.0,0.0,0.0,0.0,20.0,10.0,0.0,0.0,0.0,0.0
C4__baldwinian__s9,C4__baldwinian,C4,C4,baldwinian,9,1100,train,50,3.86,11,11,95.57327312900549,0.8541666666666666,0.5,static,0.50625,0.0,0.0,237.0,296.0,156.0,155.0,232.0,0.0,0.0,0.0,22.0,22.0,13.0,18.0,18.0,0.0,0.0,0.0,0.0,0.0,13.0,18.0,0.0,0.0,0.0,0.0
C4__baldwinian__s9,C4__baldwinian,C4,C4,baldwinian,9,1150,train,50,3.96,14,14,116.8037748349853,0.6875,0.5,static,0.525,0.0,0.0,110.0,181.0,188.0,303.0,132.0,0.0,0.0,0.0,13.0,20.0,13.0,24.0,21.0,0.0,0.0,0.0,0.0,0.0,13.0,24.0,0.0,0.0,0.0,0.0
C4__baldwinian__s9,C4__baldwinian,C4,C4,baldwinian,9,1200,train,50,3.96,19,19,94.21127464840026,0.7708333333333334,0.5,static,0.525,0.0,0.0,287.0,274.0,230.0,210.0,128.0,0.0,0.0,0.0,8.0,21.0,16.0,19.0,21.0,0.0,0.0,0.0,0.0,0.0,16.0,19.0,0.0,0.0,0.0,0.0
C4__baldwinian__s9,C4__baldwinian,C4,C4,baldwinian,9,1250,train,50,4.08,18,18,112.60086919577817,0.7291666666666666,0.5,static,0.49375,0.0,0.0,273.0,152.0,131.0,212.0,200.0,0.0,0.0,0.0,22.0,17.0,10.0,19.0,20.0,0.0,0.0,0.0,0.0,0.0,10.0,19.0,0.0,0.0,0.0,0.0
C4__baldwinian__s9,C4__baldwinian,C4,C4,baldwinian,9,1300,train,50,4.38,21,21,51.81640967974826,0.9375,0.5,static,0.49375,0.0,0.0,167.0,201.0,287.0,215.0,147.0,0.0,0.0,0.0,22.0,21.0,30.0,29.0,23.0,0.0,0.0,0.0,0.0,0.0,30.0,29.0,0.0,0.0,0.0,0.0
C4__baldwinian__s9,C4__baldwinian,C4,C4,baldwinian,9,1350,train,50,4.52,18,18,129.67632554248428,0.7083333333333334,0.5,static,0.51875,0.0,0.0,103.0,197.0,180.0,259.0,137.0,0.0,0.0,0.0,12.0,19.0,20.0,17.0,20.0,0.0,0.0,0.0,0.0,0.0,20.0,17.0,0.0,0.0,0.0,0.0
C4__baldwinian__s9,C4__baldwinian,C4,C4,baldwinian,9,1400,train,50,4.72,22,22,151.937080513346,0.6458333333333334,0.5,static,0.49375,0.0,0.0,207.0,180.0,241.0,164.0,179.0,0.0,0.0,0.0,12.0,16.0,29.0,15.0,23.0,0.0,0.0,0.0,0.0,0.0,29.0,15.0,0.0,0.0,0.0,0.0
C4__baldwinian__s9,C4__baldwinian,C4,C4,baldwinian,9,1450,train,50,4.96,15,15,118.2298645617359,0.7083333333333334,0.5,static,0.56875,0.0,0.0,204.0,294.0,188.0,288.0,99.0,0.0,0.0,0.0,14.0,27.0,23.0,22.0,20.0,0.0,0.0,0.0,0.0,0.0,23.0,22.0,0.0,0.0,0.0,0.0
C4__baldwinian__s9,C4__baldwinian,C4,C4,baldwinian,9,1500,train,50,5.0,14,14,54.47300646098585,0.9166666666666666,0.5,static,0.54375,0.0,0.0,288.0,285.0,101.0,185.0,124.0,0.0,0.0,0.0,32.0,29.0,19.0,13.0,18.0,0.0,0.0,0.0,0.0,0.0,19.0,13.0,0.0,0.0,0.0,0.0
C4__baldwinian__s9,C4__baldwinian,C4,C4,baldwinian,9,1550,eval,50,5.0,12,12,114.1691819811556,0.6875,0.5,static,0.475,0.0,0.0,186.0,156.0,211.0,150.0,56.0,51.0,1.0,55.0,12.0,20.0,18.0,13.0,4.0,4.0,0.0,4.0,0.0,0.0,18.0,13.0,0.0,0.0,0.0,4.0
C4__baldwinian__s9,C4__baldwinian,C4,C4,baldwinian,9,1600,eval,50,5.08,20,20,114.28628870263174,0.8125,0.5,static,0.515,0.0,0.0,213.0,180.0,271.0,164.0,79.0,36.0,53.0,131.0,7.0,16.0,20.0,20.0,9.0,2.0,5.0,3.0,0.0,0.0,20.0,20.0,0.0,0.0,5.0,3.0
C4__baldwinian__s9,C4__baldwinian,C4,C4,baldwinian,9,1650,eval,50,5.22,14,14,217.43347080110357,0.3541666666666667,0.5,static,0.475,0.0,0.0,259.0,127.0,239.0,277.0,51.0,75.0,2.0,10.0,12.0,12.0,13.0,16.0,2.0,4.0,0.0,2.0,0.0,0.0,13.0,16.0,0.0,0.0,0.0,2.0
C4__baldwinian__s9,C4__baldwinian,C4,C4,baldwinian,9,1700,eval,50,5.28,8,8,202.3104644792357,0.5,0.5,static,0.45,0.0,0.0,244.0,234.0,261.0,355.0,67.0,30.0,33.0,0.0,18.0,21.0,15.0,15.0,0.0,0.0,3.0,0.0,0.0,0.0,15.0,15.0,0.0,0.0,3.0,0.0
C4__baldwinian__s9,C4__baldwinian,C4,C4,baldwinian,9,1750,eval,50,5.42,18,18,193.25649334711767,0.5208333333333334,0.5,static,0.52,0.0,0.0,275.0,233.0,178.0,218.0,0.0,31.0,65.0,49.0,14.0,10.0,7.0,19.0,0.0,0.0,8.0,5.0,0.0,0.0,7.0,19.0,0.0,0.0,8.0,5.0
C4__baldwinian__s9,C4__baldwinian,C4,C4,baldwinian,9,1800,eval,50,5.62,18,18,134.28564243847376,0.625,0.5,static,0.49,0.0,0.0,261.0,182.0,287.0,220.0,34.0,50.0,43.0,63.0,27.0,13.0,15.0,20.0,0.0,7.0,2.0,6.0,0.0,0.0,15.0,20.0,0.0,0.0,2.0,6.0
C4__baldwinian__s10,C4__baldwinian,C4,C4,baldwinian,10,50,train,50,0.82,32,2,96.719634538358,0.8125,0.5,static,0.50625,0.0,0.0,126.0,128.0,157.0,75.0,44.0,0.0,0.0,0.0,11.0,26.0,27.0,23.0,14.0,0.0,0.0,0.0,0.0,0.0,27.0,23.0,0.0,0.0,0.0,0.0
C4__baldwinian__s10,C4__baldwinian,C4,C4,baldwinian,10,100,train,48,1.0833333333333333,16,18,106.39294308977287,0.7708333333333334,0.5,static,0.51875,0.0,0.0,218.0,129.0,150.0,138.0,168.0,0.0,0.0,0.0,26.0,23.0,18.0,24.0,14.0,0.0,0.0,0.0,0.0,0.0,18.0,24.0,0.0,0.0,0.0,0.0
C4__baldwinian__s10,C4__baldwinian,C4,C4,baldwinian,10,150,train,49,1.2244897959183674,16,15,98.13390332657976,0.8333333333333334,0.5,static,0.45625,0.0,0.0,107.0,204.0,102.0,204.0,188.0,0.0,0.0,0.0,18.0,23.0,19.0,24.0,17.0,0.0,0.0,0.0,0.0,0.0,19.0,24.0,0.0,0.0,0.0,0.0
C4__baldwinian__s10,C4__baldwinian,C4,C4,baldwinian,10,200,train,50,1.4,17,16,136.78770216441416,0.6666666666666666,0.5,static,0.51875,0.0,0.0,84.0,202.0,95.0,279.0,140.0,0.0,0.0,0.0,18.0,16.0,10.0,22.0,15.0,0.0,0.0,0.0,0.0,0.0,10.0,22.0,0.0,0.0,0.0,0.0
C4__baldwinian__s10,C4__baldwinian,C4,C4,baldwinian,10,250,train,50,1.38,12,12,90.14572651160204,0.7708333333333334,0.5,static,0.48125,0.0,0.0,165.0,211.0,214.0,340.0,191.0,0.0,0.0,0.0,30.0,11.0,20.0,21.0,26.0,0.0,0.0,0.0,0.0,0.0,20.0,21.0,0.0,0.0,0.0,0.0
C4__baldwinian__s10,C4__baldwinian,C4,C4,baldwinian,10,300,train,50,1.28,11,11,136.76694144011373,0.6666666666666666,0.5,static,0.44375,0.0,0.0,288.0,305.0,145.0,202.0,204.0,0.0,0.0,0.0,10.0,22.0,12.0,18.0,18.0,0.0,0.0,0.0,0.0,0.0,12.0,18.0,0.0,0.0,0.0,0.0
C4__baldwinian__s10,C4__baldwinian,C4,C4,baldwinian,10,350,train,50,1.32,9,9,88.36509440008857,0.7708333333333334,0.5,static,0.5125,0.0,0.0,271.0,340.0,256.0,188.0,80.0,0.0,0.0,0.0,22.0,32.0,16.0,10.0,18.0,0.0,0.0,0.0,0.0,0.0,16.0,10.0,0.0,0.0,0.0,0.0
C4__baldwinian__s10,C4__baldwinian,C4,C4,baldwinian,10,400,train,50,1.38,14,14,138.1774098933128,0.6458333333333334,0.5,static,0.525,0.0,0.0,261.0,176.0,307.0,309.0,72.0,0.0,0.0,0.0,19.0,9.0,18.0,22.0,13.0,0.0,0.0,0.0,0.0,0.0,18.0,22.0,0.0,0.0,0.0,0.0
C4__baldwinian__s10,C4__baldwinian,C4,C4,baldwinian,10,450,train,50,1.26,16,16,80.44275942992732,0.8125,0.5,static,0.51875,0.0,0.0,176.0,429.0,288.0,304.0,136.0,0.0,0.0,0.0,15.0,22.0,25.0,20.0,15.0,0.0,0.0,0.0,0.0,0.0,25.0,20.0,0.0,0.0,0.0,0.0
C4__baldwinian__s10,C4__baldwinian,C4,C4,baldwinian,10,500,train,50,1.52,13,13,110.82119467122097,0.7916666666666666,0.5,static,0.5125,0.0,0.0,242.0,263.0,211.0,269.0,33.0,0.0,0.0,0.0,21.0,32.0,14.0,17.0,11.0,0.0,0.0,0.0,0.0,0.0,14.0,17.0,0.0,0.0,0.0,0.0
C4__baldwinian__s10,C4__baldwinian,C4,C4,baldwinian,10,550,train,50,1.84,19,19,101.8419637092551,0.75,0.5,static,0.51875,0.0,0.0,150.0,223.0,150.0,254.0,130.0,0.0,0.0,0.0,15.0,24.0,18.0,19.0,21.0,0.0,0.0,0.0,0.0,0.0,18.0,19.0,0.0,0.0,0.0,0.0
C4__baldwinian__s10,C4__baldwinian,C4,C4,baldwinian,10,600,train,50,1.98,17,17,123.67266698825956,0.7083333333333334,0.5,static,0.525,0.0,0.0,341.0,228.0,122.0,273.0,108.0,0.0,0.0,0.0,30.0,9.0,10.0,18.0,18.0,0.0,0.0,0.0,0.0,0.0,10.0,18.0,0.0,0.0,0.0,0.0
C4__baldwinian__s10,C4__baldwinian,C4,C4,baldwinian,10,650,train,50,2.32,16,16,134.4648943762129,0.6041666666666666,0.5,static,0.4875,0.0,0.0,224.0,441.0,272.0,357.0,118.0,0.0,0.0,0.0,15.0,25.0,17.0,14.0,14.0,0.0,0.0,0.0,0.0,0.0,17.0,14.0,0.0,0.0,0.0,0.0
C4__baldwinian__s10,C4__baldwinian,C4,C4,baldwinian,10,700,train,50,2.5,17,17,47.637864945334215,0.9375,0.5,static,0.4875,0.0,0.0,238.0,289.0,276.0,244.0,100.0,0.0,0.0,0.0,30.0,27.0,22.0,23.0,16.0,0.0,0.0,0.0,0.0,0.0,22.0,23.0,0.0,0.0,0.0,0.0
C4__baldwinian__s10,C4__baldwinian,C4,C4,baldwinian,10,750,train,50,2.46,16,16,67.74735833488452,0.8541666666666666,0.5,static,0.475,0.0,0.0,159.0,192.0,177.0,138.0,118.0,0.0,0.0,0.0,10.0,30.0,15.0,15.0,25.0,0.0,0.0,0.0,0.0,0.0,15.0,15.0,0.0,0.0,0.0,0.0
C4__baldwinian__s10,C4__baldwinian,C4,C4,baldwinian,10,800,train,50,2.32,17,17,104.83208937496184,0.7291666666666666,0.5,static,0.475,0.0,0.0,199.0,167.0,271.0,189.0,96.0,0.0,0.0,0.0,20.0,11.0,25.0,16.0,17.0,0.0,0.0,0.0,0.0,0.0,25.0,16.0,0.0,0.0,0.0,0.0
C4__baldwinian__s10,C4__baldwinian,C4,C4,baldwinian,10,850,train,50,2.24,14,14,53.2477130787954,0.9375,0.5,static,0.49375,0.0,0.0,314.0,195.0,122.0,129.0,127.0,0.0,0.0,0.0,23.0,30.0,17.0,17.0,30.0,0.0,0.0,0.0,0.0,0.0,17.0,17.0,0.0,0.0,0.0,0.0
C4__baldwinian__s10,C4__baldwinian,C4,C4,baldwinian,10,900,train,50,2.22,13,13,107.24754160875504,0.7916666666666666,0.5,static,0.5125,0.0,0.0,188.0,226.0,194.0,214.0,68.0,0.0,0.0,0.0,20.0,19.0,13.0,19.0,19.0,0.0,0.0,0.0,0.0,0.0,13.0,19.0,0.0,0.0,0.0,0.0
C4__baldwinian__s10,C4__baldwinian,C4,C4,baldwinian,10,950,train,50,2.5,18,18,115.58152229284835,0.75,0.5,static,0.51875,0.0,0.0,231.0,221.0,229.0,236.0,63.0,0.0,0.0,0.0,18.0,16.0,17.0,23.0,15.0,0.0,0.0,0.0,0.0,0.0,17.0,23.0,0.0,0.0,0.0,0.0
C4__baldwinian__s10,C4__baldwinian,C4,C4,baldwinian,10,1000,train,50,2.68,13,13,81.93079320891312,0.7916666666666666,0.5,static,0.4625,0.0,0.0,214.0,265.0,273.0,117.0,86.0,0.0,0.0,0.0,23.0,36.0,18.0,10.0,18.0,0.0,0.0,0.0,0.0,0.0,18.0,10.0,0.0,0.0,0.0,0.0
C4__baldwinian__s10,C4__baldwinian,C4,C4,baldwinian,10,1050,train,50,3.04,15,15,91.61873063612143,0.7916666666666666,0.5,static,0.5375,0.0,0.0,217.0,193.0,88.0,265.0,66.0,0.0,0.0,0.0,20.0,16.0,18.0,16.0,21.0,0.0,0.0,0.0,0.0,0.0,18.0,16.0,0.0,0.0,0.0,0.0
C4__baldwinian__s10,C4__baldwinian,C4,C4,baldwinian,10,1100,train,50,3.3,16,16,74.06913998971318,0.8541666666666666,0.5,static,0.5125,0.0,0.0,226.0,119.0,158.0,319.0,103.0,0.0,0.0,0.0,26.0,17.0,25.0,24.0,18.0,0.0,0.0,0.0,0.0,0.0,25.0,24.0,0.0,0.0,0.0,0.0
C4__baldwinian__s10,C4__baldwinian,C4,C4,baldwinian,10,1150,train,50,3.6,21,21,109.23062736425919,0.75,0.5,static,0.5,0.0,0.0,174.0,200.0,74.0,202.0,96.0,0.0,0.0,0.0,20.0,23.0,15.0,11.0,18.0,0.0,0.0,0.0,0.0,0.0,15.0,11.0,0.0,0.0,0.0,0.0
C4__baldwinian__s10,C4__baldwinian,C4,C4,baldwinian,10,1200,train,50,3.44,22,22,136.10805831899035,0.625,0.5,static,0.475,0.0,0.0,159.0,313.0,217.0,205.0,24.0,0.0,0.0,0.0,13.0,22.0,18.0,20.0,5.0,0.0,0.0,0.0,0.0,0.0,18.0,20.0,0.0,0.0,0.0,0.0
C4__baldwinian__s10,C4__baldwinian,C4,C4,baldwinian,10,1250,train,50,3.3,14,14,102.57558474290542,0.7708333333333334,0.5,static,0.4875,0.0,0.0,310.0,146.0,269.0,301.0,132.0,0.0,0.0,0.0,31.0,19.0,20.0,13.0,24.0,0.0,0.0,0.0,0.0,0.0,20.0,13.0,0.0,0.0,0.0,0.0
C4__baldwinian__s10,C4__baldwinian,C4,C4,baldwinian,10,1300,train,50,3.18,19,19,114.334226736497,0.75,0.5,static,0.5125,0.0,0.0,151.0,152.0,147.0,201.0,93.0,0.0,0.0,0.0,16.0,26.0,13.0,16.0,25.0,0.0,0.0,0.0,0.0,0.0,13.0,16.0,0.0,0.0,0.0,0.0
C4__baldwinian__s10,C4__baldwinian,C4,C4,baldwinian,10,1350,train,50,3.22,13,13,119.53036648087198,0.75,0.5,static,0.5,0.0,0.0,188.0,245.0,109.0,182.0,74.0,0.0,0.0,0.0,19.0,20.0,10.0,21.0,18.0,0.0,0.0,0.0,0.0,0.0,10.0,21.0,0.0,0.0,0.0,0.0
C4__baldwinian__s10,C4__baldwinian,C4,C4,baldwinian,10,1400,train,50,3.46,15,15,104.3247935061325,0.7916666666666666,0.5,static,0.50625,0.0,0.0,182.0,186.0,249.0,217.0,34.0,0.0,0.0,0.0,22.0,23.0,21.0,16.0,19.0,0.0,0.0,0.0,0.0,0.0,21.0,16.0,0.0,0.0,0.0,0.0
C4__baldwinian__s10,C4__baldwinian,C4,C4,baldwinian,10,1450,train,50,4.02,20,20,120.67286151046713,0.6875,0.5,static,0.5125,0.0,0.0,178.0,264.0,122.0,232.0,113.0,0.0,0.0,0.0,22.0,27.0,16.0,11.0,31.0,0.0,0.0,0.0,0.0,0.0,16.0,11.0,0.0,0.0,0.0,0.0
C4__baldwinian__s10,C4__baldwinian,C4,C4,baldwinian,10,1500,train,50,4.04,15,15,99.03635286298352,0.8125,0.5,static,0.5375,0.0,0.0,99.0,146.0,232.0,246.0,108.0,0.0,0.0,0.0,20.0,18.0,23.0,32.0,18.0,0.0,0.0,0.0,0.0,0.0,23.0,32.0,0.0,0.0,0.0,0.0
C4__baldwinian__s10,C4__baldwinian,C4,C4,baldwinian,10,1550,eval,50,4.1,13,13,147.24374571256962,0.6666666666666666,0.5,static,0.485,0.0,0.0,97.0,158.0,247.0,262.0,19.0,29.0,20.0,84.0,11.0,17.0,15.0,24.0,5.0,3.0,1.0,3.0,0.0,0.0,15.0,24.0,0.0,0.0,1.0,3.0
C4__baldwinian__s10,C4__baldwinian,C4,C4,baldwinian,10,1600,eval,50,4.1,15,15,131.39802948488347,0.75,0.5,static,0.505,0.0,0.0,276.0,198.0,343.0,256.0,21.0,42.0,38.0,52.0,16.0,21.0,22.0,15.0,1.0,2.0,6.0,2.0,0.0,0.0,22.0,15.0,0.0,0.0,6.0,2.0
C4__baldwinian__s10,C4__baldwinian,C4,C4,baldwinian,10,1650,eval,50,4.3,13,13,179.06011089027365,0.4583333333333333,0.5,static,0.465,0.0,0.0,268.0,264.0,275.0,352.0,43.0,30.0,24.0,2.0,11.0,14.0,18.0,16.0,2.0,2.0,4.0,0.0,0.0,0.0,18.0,16.0,0.0,0.0,4.0,0.0
C4__baldwinian__s10,C4__baldwinian,C4,C4,baldwinian,10,1700,eval,50,4.32,14,14,226.01931299023468,0.4375,0.5,static,0.485,0.0,0.0,182.0,377.0,384.0,369.0,0.0,25.0,79.0,21.0,8.0,23.0,22.0,12.0,0.0,0.0,6.0,0.0,0.0,0.0,22.0,12.0,0.0,0.0,6.0,0.0
C4__baldwinian__s10,C4__baldwinian,C4,C4,baldwinian,10,1750,eval,50,4.3,13,13,214.63368353997163,0.5208333333333334,0.5,static,0.465,0.0,0.0,286.0,372.0,335.0,211.0,28.0,0.0,16.0,9.0,22.0,19.0,18.0,7.0,1.0,0.0,7.0,2.0,0.0,0.0,18.0,7.0,0.0,0.0,7.0,2.0
C4__baldwinian__s10,C4__baldwinian,C4,C4,baldwinian,10,1800,eval,50,4.34,6,6,248.35633049218615,0.4166666666666667,0.5,static,0.52,0.0,0.0,332.0,306.0,322.0,232.0,12.0,28.0,33.0,28.0,12.0,22.0,8.0,12.0,1.0,0.0,1.0,2.0,0.0,0.0,8.0,12.0,0.0,0.0,1.0,2.0
C4__baldwinian__s11,C4__baldwinian,C4,C4,baldwinian,11,50,train,50,0.7,35,5,83.90640733938407,0.8333333333333334,0.5,static,0.5125,0.0,0.0,111.0,98.0,102.0,133.0,110.0,0.0,0.0,0.0,19.0,20.0,23.0,20.0,25.0,0.0,0.0,0.0,0.0,0.0,23.0,20.0,0.0,0.0,0.0,0.0
C4__baldwinian__s11,C4__baldwinian,C4,C4,baldwinian,11,100,train,50,0.74,11,11,67.47816396542476,0.9166666666666666,0.5,static,0.5,0.0,0.0,169.0,165.0,207.0,155.0,171.0,0.0,0.0,0.0,21.0,19.0,19.0,20.0,27.0,0.0,0.0,0.0,0.0,0.0,19.0,20.0,0.0,0.0,0.0,0.0
C4__baldwinian__s11,C4__baldwinian,C4,C4,baldwinian,11,150,train,50,0.92,21,21,65.71436962747032,0.875,0.5,static,0.49375,0.0,0.0,256.0,124.0,189.0,216.0,108.0,0.0,0.0,0.0,17.0,17.0,18.0,30.0,29.0,0.0,0.0,0.0,0.0,0.0,18.0,30.0,0.0,0.0,0.0,0.0
C4__baldwinian__s11,C4__baldwinian,C4,C4,baldwinian,11,200,train,50,0.98,14,14,145.90921144179805,0.625,0.5,static,0.48125,0.0,0.0,250.0,332.0,240.0,222.0,164.0,0.0,0.0,0.0,21.0,10.0,16.0,13.0,22.0,0.0,0.0,0.0,0.0,0.0,16.0,13.0,0.0,0.0,0.0,0.0
C4__baldwinian__s11,C4__baldwinian,C4,C4,baldwinian,11,250,train,50,0.94,14,14,91.20431784923557,0.875,0.5,static,0.5125,0.0,0.0,263.0,274.0,241.0,176.0,192.0,0.0,0.0,0.0,25.0,9.0,27.0,16.0,39.0,0.0,0.0,0.0,0.0,0.0,27.0,16.0,0.0,0.0,0.0,0.0
C4__baldwinian__s11,C4__baldwinian,C4,C4,baldwinian,11,300,train,50,0.96,8,8,103.55394712028254,0.7291666666666666,0.5,static,0.5,0.0,0.0,307.0,215.0,209.0,199.0,262.0,0.0,0.0,0.0,23.0,15.0,16.0,7.0,36.0,0.0,0.0,0.0,0.0,0.0,16.0,7.0,0.0,0.0,0.0,0.0
C4__baldwinian__s11,C4__baldwinian,C4,C4,baldwinian,11,350,train,50,0.92,18,18,62.31876256070384,0.8541666666666666,0.5,static,0.475,0.0,0.0,239.0,317.0,251.0,264.0,208.0,0.0,0.0,0.0,12.0,17.0,21.0,24.0,30.0,0.0,0.0,0.0,0.0,0.0,21.0,24.0,0.0,0.0,0.0,0.0
C4__baldwinian__s11,C4__baldwinian,C4,C4,baldwinian,11,400,train,50,0.92,9,9,110.20187284350312,0.7083333333333334,0.5,static,0.53125,0.0,0.0,247.0,244.0,321.0,256.0,151.0,0.0,0.0,0.0,23.0,23.0,13.0,17.0,14.0,0.0,0.0,0.0,0.0,0.0,13.0,17.0,0.0,0.0,0.0,0.0
C4__baldwinian__s11,C4__baldwinian,C4,C4,baldwinian,11,450,train,50,0.92,12,12,131.15448254393402,0.6666666666666666,0.5,static,0.53125,0.0,0.0,285.0,175.0,353.0,200.0,217.0,0.0,0.0,0.0,22.0,7.0,22.0,18.0,26.0,0.0,0.0,0.0,0.0,0.0,22.0,18.0,0.0,0.0,0.0,0.0
C4__baldwinian__s11,C4__baldwinian,C4,C4,baldwinian,11,500,train,45,1.288888888888889,18,23,72.23078149604963,0.8333333333333334,0.5,static,0.4875,0.0,0.0,208.0,181.0,284.0,236.0,207.0,0.0,0.0,0.0,22.0,12.0,21.0,25.0,36.0,0.0,0.0,0.0,0.0,0.0,21.0,25.0,0.0,0.0,0.0,0.0
C4__baldwinian__s11,C4__baldwinian,C4,C4,baldwinian,11,550,train,50,1.84,25,20,63.688657847501226,0.8958333333333334,0.5,static,0.5375,0.0,0.0,277.0,204.0,124.0,239.0,131.0,0.0,0.0,0.0,30.0,22.0,14.0,13.0,28.0,0.0,0.0,0.0,0.0,0.0,14.0,13.0,0.0,0.0,0.0,0.0
C4__baldwinian__s11,C4__baldwinian,C4,C4,baldwinian,11,600,train,50,2.2,18,18,76.41095229893355,0.8541666666666666,0.5,static,0.48125,0.0,0.0,109.0,155.0,192.0,134.0,118.0,0.0,0.0,0.0,19.0,12.0,20.0,12.0,31.0,0.0,0.0,0.0,0.0,0.0,20.0,12.0,0.0,0.0,0.0,0.0
C4__baldwinian__s11,C4__baldwinian,C4,C4,baldwinian,11,650,train,50,2.32,23,23,77.61834053928243,0.8333333333333334,0.5,static,0.5375,0.0,0.0,124.0,205.0,222.0,107.0,87.0,0.0,0.0,0.0,8.0,15.0,23.0,16.0,26.0,0.0,0.0,0.0,0.0,0.0,23.0,16.0,0.0,0.0,0.0,0.0
C4__baldwinian__s11,C4__baldwinian,C4,C4,baldwinian,11,700,train,50,2.68,25,25,75.39227581755232,0.8958333333333334,0.5,static,0.55625,0.0,0.0,93.0,189.0,94.0,356.0,105.0,0.0,0.0,0.0,16.0,18.0,18.0,30.0,32.0,0.0,0.0,0.0,0.0,0.0,18.0,30.0,0.0,0.0,0.0,0.0
C4__baldwinian__s11,C4__baldwinian,C4,C4,baldwinian,11,750,train,50,2.92,17,17,129.03130215671416,0.6875,0.5,static,0.53125,0.0,0.0,160.0,195.0,195.0,150.0,114.0,0.0,0.0,0.0,17.0,20.0,23.0,12.0,18.0,0.0,0.0,0.0,0.0,0.0,23.0,12.0,0.0,0.0,0.0,0.0
C4__baldwinian__s11,C4__baldwinian,C4,C4,baldwinian,11,800,train,50,3.06,24,24,107.26830616065735,0.75,0.5,static,0.50625,0.0,0.0,184.0,262.0,208.0,452.0,187.0,0.0,0.0,0.0,12.0,12.0,14.0,27.0,31.0,0.0,0.0,0.0,0.0,0.0,14.0,27.0,0.0,0.0,0.0,0.0
C4__baldwinian__s11,C4__baldwinian,C4,C4,baldwinian,11,850,train,50,3.1,15,15,77.7425861905273,0.7916666666666666,0.5,static,0.53125,0.0,0.0,197.0,231.0,221.0,240.0,157.0,0.0,0.0,0.0,21.0,21.0,20.0,14.0,30.0,0.0,0.0,0.0,0.0,0.0,20.0,14.0,0.0,0.0,0.0,0.0
C4__baldwinian__s11,C4__baldwinian,C4,C4,baldwinian,11,900,train,50,3.22,12,12,113.26148166390743,0.7708333333333334,0.5,static,0.51875,0.0,0.0,112.0,184.0,213.0,121.0,106.0,0.0,0.0,0.0,15.0,29.0,10.0,14.0,22.0,0.0,0.0,0.0,0.0,0.0,10.0,14.0,0.0,0.0,0.0,0.0
C4__baldwinian__s11,C4__baldwinian,C4,C4,baldwinian,11,950,train,50,3.42,21,21,79.7603842587418,0.875,0.5,static,0.46875,0.0,0.0,157.0,129.0,171.0,170.0,251.0,0.0,0.0,0.0,23.0,13.0,18.0,18.0,20.0,0.0,0.0,0.0,0.0,0.0,18.0,18.0,0.0,0.0,0.0,0.0
C4__baldwinian__s11,C4__baldwinian,C4,C4,baldwinian,11,1000,train,50,3.6,9,9,69.59327523812424,0.9375,0.5,static,0.45625,0.0,0.0,146.0,294.0,168.0,151.0,198.0,0.0,0.0,0.0,28.0,21.0,22.0,10.0,34.0,0.0,0.0,0.0,0.0,0.0,22.0,10.0,0.0,0.0,0.0,0.0
C4__baldwinian__s11,C4__baldwinian,C4,C4,baldwinian,11,1050,train,50,3.72,23,23,94.15419937934374,0.8125,0.5,static,0.475,0.0,0.0,138.0,148.0,148.0,160.0,137.0,0.0,0.0,0.0,17.0,10.0,16.0,27.0,30.0,0.0,0.0,0.0,0.0,0.0,16.0,27.0,0.0,0.0,0.0,0.0
C4__baldwinian__s11,C4__baldwinian,C4,C4,baldwinian,11,1100,train,50,3.82,19,19,103.90040985726593,0.7916666666666666,0.5,static,0.53125,0.0,0.0,158.0,222.0,203.0,119.0,161.0,0.0,0.0,0.0,12.0,15.0,17.0,14.0,32.0,0.0,0.0,0.0,0.0,0.0,17.0,14.0,0.0,0.0,0.0,0.0
C4__baldwinian__s11,C4__baldwinian,C4,C4,baldwinian,11,1150,train,50,3.9,21,21,68.36278627598463,0.8541666666666666,0.5,static,0.5375,0.0,0.0,226.0,229.0,265.0,238.0,159.0,0.0,0.0,0.0,25.0,28.0,21.0,16.0,29.0,0.0,0.0,0.0,0.0,0.0,21.0,16.0,0.0,0.0,0.0,0.0
C4__baldwinian__s11,C4__baldwinian,C4,C4,baldwinian,11,1200,train,50,3.82,21,21,109.0870958726361,0.7708333333333334,0.5,static,0.55,0.0,0.0,120.0,182.0,173.0,251.0,121.0,0.0,0.0,0.0,13.0,14.0,16.0,18.0,34.0,0.0,0.0,0.0,0.0,0.0,16.0,18.0,0.0,0.0,0.0,0.0
C4__baldwinian__s11,C4__baldwinian,C4,C4,baldwinian,11,1250,train,50,3.78,13,13,120.9127086082366,0.6875,0.5,static,0.5125,0.0,0.0,196.0,173.0,65.0,194.0,156.0,0.0,0.0,0.0,18.0,12.0,12.0,15.0,28.0,0.0,0.0,0.0,0.0,0.0,12.0,15.0,0.0,0.0,0.0,0.0
C4__baldwinian__s11,C4__baldwinian,C4,C4,baldwinian,11,1300,train,50,3.8,12,12,47.51859348864366,0.9166666666666666,0.5,static,0.50625,0.0,0.0,276.0,207.0,148.0,212.0,140.0,0.0,0.0,0.0,29.0,22.0,17.0,24.0,26.0,0.0,0.0,0.0,0.0,0.0,17.0,24.0,0.0,0.0,0.0,0.0
C4__baldwinian__s11,C4__baldwinian,C4,C4,baldwinian,11,1350,train,50,3.9,20,20,77.76539327517766,0.875,0.5,static,0.51875,0.0,0.0,205.0,245.0,218.0,183.0,83.0,0.0,0.0,0.0,18.0,19.0,20.0,13.0,27.0,0.0,0.0,0.0,0.0,0.0,20.0,13.0,0.0,0.0,0.0,0.0
C4__baldwinian__s11,C4__baldwinian,C4,C4,baldwinian,11,1400,train,50,4.26,21,21,104.29572641833899,0.7916666666666666,0.5,static,0.45625,0.0,0.0,201.0,241.0,214.0,138.0,61.0,0.0,0.0,0.0,7.0,27.0,18.0,18.0,28.0,0.0,0.0,0.0,0.0,0.0,18.0,18.0,0.0,0.0,0.0,0.0
C4__baldwinian__s11,C4__baldwinian,C4,C4,baldwinian,11,1450,train,50,4.46,16,16,63.32140605045505,0.875,0.5,static,0.5125,0.0,0.0,168.0,222.0,239.0,160.0,79.0,0.0,0.0,0.0,26.0,19.0,20.0,11.0,26.0,0.0,0.0,0.0,0.0,0.0,20.0,11.0,0.0,0.0,0.0,0.0
C4__baldwinian__s11,C4__baldwinian,C4,C4,baldwinian,11,1500,train,50,4.34,20,20,118.56582358577855,0.7916666666666666,0.5,static,0.49375,0.0,0.0,130.0,247.0,171.0,249.0,154.0,0.0,0.0,0.0,21.0,12.0,27.0,18.0,30.0,0.0,0.0,0.0,0.0,0.0,27.0,18.0,0.0,0.0,0.0,0.0
C4__baldwinian__s11,C4__baldwinian,C4,C4,baldwinian,11,1550,eval,50,4.64,23,23,120.0083650315836,0.7916666666666666,0.5,static,0.445,0.0,0.0,211.0,208.0,225.0,107.0,22.0,60.0,77.0,16.0,15.0,15.0,11.0,19.0,5.0,2.0,15.0,2.0,0.0,0.0,11.0,19.0,0.0,0.0,15.0,2.0
C4__baldwinian__s11,C4__baldwinian,C4,C4,baldwinian,11,1600,eval,50,4.8,11,11,143.42295621640548,0.6875,0.5,static,0.51,0.0,0.0,172.0,148.0,261.0,219.0,16.0,42.0,33.0,34.0,15.0,15.0,18.0,13.0,6.0,8.0,5.0,5.0,0.0,0.0,18.0,13.0,0.0,0.0,5.0,5.0
C4__baldwinian__s11,C4__baldwinian,C4,C4,baldwinian,11,1650,eval,50,4.74,14,14,210.13850160674775,0.4791666666666667,0.5,static,0.51,0.0,0.0,180.0,295.0,222.0,277.0,37.0,34.0,36.0,33.0,8.0,11.0,11.0,16.0,2.0,1.0,2.0,3.0,0.0,0.0,11.0,16.0,0.0,0.0,2.0,3.0
C4__baldwinian__s11,C4__baldwinian,C4,C4,baldwinian,11,1700,eval,50,4.68,20,20,163.60179345820168,0.6458333333333334,0.5,static,0.49,0.0,0.0,151.0,235.0,205.0,256.0,41.0,13.0,16.0,1.0,10.0,22.0,14.0,25.0,3.0,1.0,2.0,0.0,0.0,0.0,14.0,25.0,0.0,0.0,2.0,0.0
C4__baldwinian__s11,C4__baldwinian,C4,C4,baldwinian,11,1750,eval,50,4.82,12,12,188.20608521816428,0.5625,0.5,static,0.46,0.0,0.0,110.0,166.0,283.0,191.0,44.0,12.0,30.0,20.0,13.0,10.0,22.0,14.0,0.0,1.0,3.0,2.0,0.0,0.0,22.0,14.0,0.0,0.0,3.0,2.0
C4__baldwinian__s11,C4__baldwinian,C4,C4,baldwinian,11,1800,eval,50,4.74,13,13,208.22861091727975,0.4791666666666667,0.5,static,0.515,0.0,0.0,161.0,105.0,183.0,248.0,56.0,140.0,104.0,70.0,4.0,10.0,15.0,11.0,3.0,9.0,5.0,5.0,0.0,0.0,15.0,11.0,0.0,0.0,5.0,5.0
C4__baldwinian__s12,C4__baldwinian,C4,C4,baldwinian,12,50,train,50,0.82,34,4,63.10711366221326,0.875,0.5,static,0.55,0.0,0.0,100.0,96.0,134.0,148.0,54.0,0.0,0.0,0.0,20.0,16.0,18.0,31.0,20.0,0.0,0.0,0.0,0.0,0.0,18.0,31.0,0.0,0.0,0.0,0.0
C4__baldwinian__s12,C4__baldwinian,C4,C4,baldwinian,12,100,train,49,0.8367346938775511,13,14,67.53753050399163,0.9166666666666666,0.5,static,0.4875,0.0,0.0,147.0,146.0,211.0,138.0,78.0,0.0,0.0,0.0,29.0,10.0,17.0,17.0,18.0,0.0,0.0,0.0,0.0,0.0,17.0,17.0,0.0,0.0,0.0,0.0
C4__baldwinian__s12,C4__baldwinian,C4,C4,baldwinian,12,150,train,50,1.04,15,14,90.08299654164968,0.75,0.5,static,0.50625,0.0,0.0,204.0,208.0,244.0,260.0,140.0,0.0,0.0,0.0,14.0,21.0,24.0,27.0,20.0,0.0,0.0,0.0,0.0,0.0,24.0,27.0,0.0,0.0,0.0,0.0
C4__baldwinian__s12,C4__baldwinian,C4,C4,baldwinian,12,200,train,50,0.96,13,13,80.60660817294271,0.75,0.5,static,0.48125,0.0,0.0,233.0,136.0,282.0,233.0,168.0,0.0,0.0,0.0,27.0,11.0,28.0,7.0,27.0,0.0,0.0,0.0,0.0,0.0,28.0,7.0,0.0,0.0,0.0,0.0
C4__baldwinian__s12,C4__baldwinian,C4,C4,baldwinian,12,250,train,50,0.94,16,16,72.42228057013016,0.8541666666666666,0.5,static,0.43125,0.0,0.0,225.0,210.0,208.0,174.0,123.0,0.0,0.0,0.0,15.0,20.0,24.0,16.0,24.0,0.0,0.0,0.0,0.0,0.0,24.0,16.0,0.0,0.0,0.0,0.0
C4__baldwinian__s12,C4__baldwinian,C4,C4,baldwinian,12,300,train,50,0.92,16,16,79.56244887033236,0.9166666666666666,0.5,static,0.4875,0.0,0.0,216.0,221.0,272.0,343.0,87.0,0.0,0.0,0.0,18.0,16.0,23.0,19.0,26.0,0.0,0.0,0.0,0.0,0.0,23.0,19.0,0.0,0.0,0.0,0.0
C4__baldwinian__s12,C4__baldwinian,C4,C4,baldwinian,12,350,train,50,0.88,16,16,86.51242717166795,0.7916666666666666,0.5,static,0.48125,0.0,0.0,223.0,185.0,227.0,222.0,149.0,0.0,0.0,0.0,21.0,23.0,12.0,15.0,28.0,0.0,0.0,0.0,0.0,0.0,12.0,15.0,0.0,0.0,0.0,0.0
C4__baldwinian__s12,C4__baldwinian,C4,C4,baldwinian,12,400,train,50,0.94,16,16,56.08207104631524,0.875,0.5,static,0.48125,0.0,0.0,321.0,250.0,165.0,280.0,68.0,0.0,0.0,0.0,30.0,28.0,15.0,20.0,19.0,0.0,0.0,0.0,0.0,0.0,15.0,20.0,0.0,0.0,0.0,0.0
C4__baldwinian__s12,C4__baldwinian,C4,C4,baldwinian,12,450,train,50,0.96,11,11,104.99716614544617,0.75,0.5,static,0.4625,0.0,0.0,185.0,252.0,323.0,237.0,67.0,0.0,0.0,0.0,23.0,14.0,13.0,16.0,25.0,0.0,0.0,0.0,0.0,0.0,13.0,16.0,0.0,0.0,0.0,0.0
C4__baldwinian__s12,C4__baldwinian,C4,C4,baldwinian,12,500,train,49,1.2857142857142858,17,18,102.90192790922202,0.7916666666666666,0.5,static,0.46875,0.0,0.0,333.0,216.0,249.0,311.0,98.0,0.0,0.0,0.0,19.0,24.0,13.0,14.0,24.0,0.0,0.0,0.0,0.0,0.0,13.0,14.0,0.0,0.0,0.0,0.0
C4__baldwinian__s12,C4__baldwinian,C4,C4,baldwinian,12,550,train,50,1.8,22,21,83.39285298582661,0.8125,0.5,static,0.4625,0.0,0.0,110.0,167.0,268.0,158.0,101.0,0.0,0.0,0.0,15.0,22.0,19.0,18.0,31.0,0.0,0.0,0.0,0.0,0.0,19.0,18.0,0.0,0.0,0.0,0.0
C4__baldwinian__s12,C4__baldwinian,C4,C4,baldwinian,12,600,train,50,1.94,12,12,54.16339879140193,0.9375,0.5,static,0.4875,0.0,0.0,211.0,298.0,106.0,166.0,135.0,0.0,0.0,0.0,35.0,21.0,10.0,17.0,24.0,0.0,0.0,0.0,0.0,0.0,10.0,17.0,0.0,0.0,0.0,0.0
C4__baldwinian__s12,C4__baldwinian,C4,C4,baldwinian,12,650,train,50,1.88,19,19,93.12828900104086,0.7916666666666666,0.5,static,0.4875,0.0,0.0,202.0,129.0,175.0,237.0,143.0,0.0,0.0,0.0,22.0,18.0,12.0,17.0,21.0,0.0,0.0,0.0,0.0,0.0,12.0,17.0,0.0,0.0,0.0,0.0
C4__baldwinian__s12,C4__baldwinian,C4,C4,baldwinian,12,700,train,50,1.88,12,12,72.88028138826516,0.8541666666666666,0.5,static,0.51875,0.0,0.0,146.0,189.0,256.0,254.0,125.0,0.0,0.0,0.0,22.0,18.0,25.0,19.0,23.0,0.0,0.0,0.0,0.0,0.0,25.0,19.0,0.0,0.0,0.0,0.0
C4__baldwinian__s12,C4__baldwinian,C4,C4,baldwinian,12,750,train,50,1.9,14,14,95.94045387402251,0.7916666666666666,0.5,static,0.55,0.0,0.0,152.0,175.0,200.0,153.0,194.0,0.0,0.0,0.0,14.0,21.0,17.0,14.0,32.0,0.0,0.0,0.0,0.0,0.0,17.0,14.0,0.0,0.0,0.0,0.0
C4__baldwinian__s12,C4__baldwinian,C4,C4,baldwinian,12,800,train,50,2.1,18,18,74.90615778108418,0.8333333333333334,0.5,static,0.5375,0.0,0.0,174.0,295.0,146.0,222.0,96.0,0.0,0.0,0.0,25.0,33.0,15.0,17.0,23.0,0.0,0.0,0.0,0.0,0.0,15.0,17.0,0.0,0.0,0.0,0.0
C4__baldwinian__s12,C4__baldwinian,C4,C4,baldwinian,12,850,train,50,2.18,21,21,129.168965088998,0.6875,0.5,static,0.49375,0.0,0.0,99.0,171.0,44.0,106.0,57.0,0.0,0.0,0.0,28.0,19.0,13.0,10.0,23.0,0.0,0.0,0.0,0.0,0.0,13.0,10.0,0.0,0.0,0.0,0.0
C4__baldwinian__s12,C4__baldwinian,C4,C4,baldwinian,12,900,train,50,2.34,13,13,78.23423405684284,0.875,0.5,static,0.48125,0.0,0.0,229.0,157.0,143.0,186.0,54.0,0.0,0.0,0.0,26.0,20.0,15.0,17.0,25.0,0.0,0.0,0.0,0.0,0.0,15.0,17.0,0.0,0.0,0.0,0.0
C4__baldwinian__s12,C4__baldwinian,C4,C4,baldwinian,12,950,train,50,2.56,13,13,79.78729882630138,0.8541666666666666,0.5,static,0.51875,0.0,0.0,121.0,190.0,144.0,147.0,95.0,0.0,0.0,0.0,21.0,26.0,21.0,15.0,26.0,0.0,0.0,0.0,0.0,0.0,21.0,15.0,0.0,0.0,0.0,0.0
C4__baldwinian__s12,C4__baldwinian,C4,C4,baldwinian,12,1000,train,50,2.68,17,17,93.67592005873271,0.8333333333333334,0.5,static,0.53125,0.0,0.0,138.0,185.0,185.0,212.0,63.0,0.0,0.0,0.0,19.0,20.0,19.0,21.0,26.0,0.0,0.0,0.0,0.0,0.0,19.0,21.0,0.0,0.0,0.0,0.0
C4__baldwinian__s12,C4__baldwinian,C4,C4,baldwinian,12,1050,train,50,2.88,17,17,74.4710829782623,0.8333333333333334,0.5,static,0.4375,0.0,0.0,245.0,201.0,247.0,181.0,104.0,0.0,0.0,0.0,22.0,21.0,19.0,24.0,22.0,0.0,0.0,0.0,0.0,0.0,19.0,24.0,0.0,0.0,0.0,0.0
C4__baldwinian__s12,C4__baldwinian,C4,C4,baldwinian,12,1100,train,50,2.98,13,13,55.28750812525586,0.9166666666666666,0.5,static,0.53125,0.0,0.0,188.0,205.0,255.0,161.0,74.0,0.0,0.0,0.0,25.0,27.0,21.0,21.0,26.0,0.0,0.0,0.0,0.0,0.0,21.0,21.0,0.0,0.0,0.0,0.0
C4__baldwinian__s12,C4__baldwinian,C4,C4,baldwinian,12,1150,train,50,3.36,22,22,104.92318165725032,0.7916666666666666,0.5,static,0.45625,0.0,0.0,331.0,135.0,167.0,150.0,202.0,0.0,0.0,0.0,29.0,11.0,15.0,20.0,29.0,0.0,0.0,0.0,0.0,0.0,15.0,20.0,0.0,0.0,0.0,0.0
C4__baldwinian__s12,C4__baldwinian,C4,C4,baldwinian,12,1200,train,50,3.54,20,20,78.76569151652996,0.875,0.5,static,0.51875,0.0,0.0,106.0,329.0,203.0,139.0,214.0,0.0,0.0,0.0,20.0,28.0,24.0,15.0,25.0,0.0,0.0,0.0,0.0,0.0,24.0,15.0,0.0,0.0,0.0,0.0
C4__baldwinian__s12,C4__baldwinian,C4,C4,baldwinian,12,1250,train,50,3.68,15,15,99.85473839105609,0.7916666666666666,0.5,static,0.53125,0.0,0.0,123.0,208.0,180.0,101.0,100.0,0.0,0.0,0.0,18.0,16.0,21.0,13.0,18.0,0.0,0.0,0.0,0.0,0.0,21.0,13.0,0.0,0.0,0.0,0.0
C4__baldwinian__s12,C4__baldwinian,C4,C4,baldwinian,12,1300,train,50,3.64,16,16,98.44066659377413,0.75,0.5,static,0.46875,0.0,0.0,206.0,157.0,99.0,239.0,105.0,0.0,0.0,0.0,24.0,18.0,11.0,17.0,29.0,0.0,0.0,0.0,0.0,0.0,11.0,17.0,0.0,0.0,0.0,0.0
C4__baldwinian__s12,C4__baldwinian,C4,C4,baldwinian,12,1350,train,50,3.86,15,15,97.23314373888792,0.8125,0.5,static,0.46875,0.0,0.0,193.0,232.0,163.0,234.0,132.0,0.0,0.0,0.0,30.0,16.0,16.0,19.0,24.0,0.0,0.0,0.0,0.0,0.0,16.0,19.0,0.0,0.0,0.0,0.0
C4__baldwinian__s12,C4__baldwinian,C4,C4,baldwinian,12,1400,train,50,3.98,11,11,79.43945407746853,0.8541666666666666,0.5,static,0.525,0.0,0.0,203.0,232.0,175.0,162.0,88.0,0.0,0.0,0.0,17.0,30.0,20.0,17.0,31.0,0.0,0.0,0.0,0.0,0.0,20.0,17.0,0.0,0.0,0.0,0.0
C4__baldwinian__s12,C4__baldwinian,C4,C4,baldwinian,12,1450,train,50,4.36,17,17,69.5894104041594,0.875,0.5,static,0.5125,0.0,0.0,148.0,148.0,218.0,215.0,67.0,0.0,0.0,0.0,25.0,23.0,22.0,18.0,21.0,0.0,0.0,0.0,0.0,0.0,22.0,18.0,0.0,0.0,0.0,0.0
C4__baldwinian__s12,C4__baldwinian,C4,C4,baldwinian,12,1500,train,50,4.6,19,19,50.233146180516165,0.9583333333333334,0.5,static,0.48125,0.0,0.0,139.0,97.0,188.0,182.0,136.0,0.0,0.0,0.0,34.0,22.0,23.0,20.0,21.0,0.0,0.0,0.0,0.0,0.0,23.0,20.0,0.0,0.0,0.0,0.0
C4__baldwinian__s12,C4__baldwinian,C4,C4,baldwinian,12,1550,eval,50,4.68,21,21,129.01404401043862,0.7291666666666666,0.5,static,0.51,0.0,0.0,143.0,184.0,190.0,131.0,60.0,30.0,28.0,46.0,15.0,11.0,17.0,16.0,9.0,5.0,3.0,8.0,0.0,0.0,17.0,16.0,0.0,0.0,3.0,8.0
C4__baldwinian__s12,C4__baldwinian,C4,C4,baldwinian,12,1600,eval,50,4.72,22,22,121.30477386149303,0.75,0.5,static,0.42,0.0,0.0,210.0,219.0,134.0,288.0,8.0,80.0,35.0,41.0,27.0,15.0,9.0,16.0,4.0,10.0,4.0,4.0,0.0,0.0,9.0,16.0,0.0,0.0,4.0,4.0
C4__baldwinian__s12,C4__baldwinian,C4,C4,baldwinian,12,1650,eval,50,4.9,18,18,166.04822896319533,0.6458333333333334,0.5,static,0.49,0.0,0.0,159.0,143.0,146.0,309.0,26.0,49.0,26.0,58.0,10.0,12.0,10.0,21.0,2.0,1.0,3.0,6.0,0.0,0.0,10.0,21.0,0.0,0.0,3.0,6.0
C4__baldwinian__s12,C4__baldwinian,C4,C4,baldwinian,12,1700,eval,50,4.92,13,13,224.8712214591048,0.4583333333333333,0.5,static,0.54,0.0,0.0,257.0,174.0,177.0,182.0,25.0,46.0,17.0,40.0,17.0,13.0,9.0,9.0,6.0,4.0,3.0,2.0,0.0,0.0,9.0,9.0,0.0,0.0,3.0,2.0
C4__baldwinian__s12,C4__baldwinian,C4,C4,baldwinian,12,1750,eval,50,5.14,14,14,222.03773589783216,0.5208333333333334,0.5,static,0.495,0.0,0.0,218.0,171.0,193.0,222.0,18.0,37.0,44.0,35.0,3.0,11.0,13.0,19.0,3.0,3.0,6.0,6.0,0.0,0.0,13.0,19.0,0.0,0.0,6.0,6.0
C4__baldwinian__s12,C4__baldwinian,C4,C4,baldwinian,12,1800,eval,50,5.34,11,11,231.2355361525651,0.4166666666666667,0.5,static,0.485,0.0,0.0,214.0,227.0,223.0,440.0,65.0,61.0,28.0,19.0,3.0,12.0,12.0,19.0,2.0,2.0,7.0,0.0,0.0,0.0,12.0,19.0,0.0,0.0,7.0,0.0
C4__baldwinian__s13,C4__baldwinian,C4,C4,baldwinian,13,50,train,50,0.7,32,2,72.9557975547743,0.8125,0.5,static,0.50625,0.0,0.0,113.0,124.0,146.0,132.0,47.0,0.0,0.0,0.0,11.0,36.0,16.0,17.0,13.0,0.0,0.0,0.0,0.0,0.0,16.0,17.0,0.0,0.0,0.0,0.0
C4__baldwinian__s13,C4__baldwinian,C4,C4,baldwinian,13,100,train,50,0.72,8,8,73.45525051880347,0.875,0.5,static,0.48125,0.0,0.0,279.0,103.0,220.0,274.0,90.0,0.0,0.0,0.0,21.0,17.0,18.0,27.0,16.0,0.0,0.0,0.0,0.0,0.0,18.0,27.0,0.0,0.0,0.0,0.0
C4__baldwinian__s13,C4__baldwinian,C4,C4,baldwinian,13,150,train,50,0.8,17,17,126.90831916647701,0.6875,0.5,static,0.49375,0.0,0.0,247.0,263.0,265.0,124.0,70.0,0.0,0.0,0.0,27.0,22.0,16.0,17.0,14.0,0.0,0.0,0.0,0.0,0.0,16.0,17.0,0.0,0.0,0.0,0.0
C4__baldwinian__s13,C4__baldwinian,C4,C4,baldwinian,13,200,train,50,0.82,16,16,64.51970401757319,0.9166666666666666,0.5,static,0.54375,0.0,0.0,267.0,331.0,239.0,299.0,58.0,0.0,0.0,0.0,27.0,36.0,30.0,16.0,12.0,0.0,0.0,0.0,0.0,0.0,30.0,16.0,0.0,0.0,0.0,0.0
C4__baldwinian__s13,C4__baldwinian,C4,C4,baldwinian,13,250,train,50,0.96,18,18,92.32343521297116,0.7708333333333334,0.5,static,0.51875,0.0,0.0,160.0,213.0,301.0,157.0,64.0,0.0,0.0,0.0,16.0,24.0,20.0,19.0,9.0,0.0,0.0,0.0,0.0,0.0,20.0,19.0,0.0,0.0,0.0,0.0
C4__baldwinian__s13,C4__baldwinian,C4,C4,baldwinian,13,300,train,50,0.96,13,13,82.72173541298201,0.8125,0.5,static,0.4875,0.0,0.0,246.0,324.0,358.0,231.0,89.0,0.0,0.0,0.0,22.0,21.0,28.0,12.0,22.0,0.0,0.0,0.0,0.0,0.0,28.0,12.0,0.0,0.0,0.0,0.0
C4__baldwinian__s13,C4__baldwinian,C4,C4,baldwinian,13,350,train,50,0.94,8,8,75.95459872102714,0.8958333333333334,0.5,static,0.5375,0.0,0.0,347.0,297.0,278.0,222.0,90.0,0.0,0.0,0.0,39.0,18.0,13.0,15.0,24.0,0.0,0.0,0.0,0.0,0.0,13.0,15.0,0.0,0.0,0.0,0.0
C4__baldwinian__s13,C4__baldwinian,C4,C4,baldwinian,13,400,train,50,0.9,14,14,75.07057713596537,0.8333333333333334,0.5,static,0.48125,0.0,0.0,203.0,269.0,337.0,248.0,120.0,0.0,0.0,0.0,10.0,23.0,33.0,25.0,15.0,0.0,0.0,0.0,0.0,0.0,33.0,25.0,0.0,0.0,0.0,0.0
C4__baldwinian__s13,C4__baldwinian,C4,C4,baldwinian,13,450,train,50,0.92,11,11,83.72695419568538,0.8541666666666666,0.5,static,0.48125,0.0,0.0,223.0,273.0,346.0,277.0,197.0,0.0,0.0,0.0,19.0,16.0,24.0,20.0,22.0,0.0,0.0,0.0,0.0,0.0,24.0,20.0,0.0,0.0,0.0,0.0
C4__baldwinian__s13,C4__baldwinian,C4,C4,baldwinian,13,500,train,48,1.1875,18,20,108.768796220773,0.6666666666666666,0.5,static,0.46875,0.0,0.0,257.0,349.0,289.0,257.0,94.0,0.0,0.0,0.0,18.0,12.0,16.0,16.0,15.0,0.0,0.0,0.0,0.0,0.0,16.0,16.0,0.0,0.0,0.0,0.0
C4__baldwinian__s13,C4__baldwinian,C4,C4,baldwinian,13,550,train,50,1.72,30,28,48.79966547072823,0.9375,0.5,static,0.525,0.0,0.0,183.0,313.0,269.0,314.0,127.0,0.0,0.0,0.0,25.0,27.0,18.0,30.0,18.0,0.0,0.0,0.0,0.0,0.0,18.0,30.0,0.0,0.0,0.0,0.0
C4__baldwinian__s13,C4__baldwinian,C4,C4,baldwinian,13,600,train,50,1.8,22,22,54.484742647472544,0.8958333333333334,0.5,static,0.5,0.0,0.0,130.0,305.0,201.0,181.0,65.0,0.0,0.0,0.0,19.0,31.0,21.0,21.0,13.0,0.0,0.0,0.0,0.0,0.0,21.0,21.0,0.0,0.0,0.0,0.0
C4__baldwinian__s13,C4__baldwinian,C4,C4,baldwinian,13,650,train,39,1.8461538461538463,12,23,94.00625960989126,0.7916666666666666,0.5,static,0.48125,0.0,0.0,153.0,167.0,188.0,166.0,104.0,0.0,0.0,0.0,18.0,23.0,20.0,23.0,10.0,0.0,0.0,0.0,0.0,0.0,20.0,23.0,0.0,0.0,0.0,0.0
C4__baldwinian__s13,C4__baldwinian,C4,C4,baldwinian,13,700,train,47,2.148936170212766,25,17,98.06132694572881,0.7916666666666666,0.5,static,0.5,0.0,0.0,267.0,256.0,233.0,208.0,40.0,0.0,0.0,0.0,17.0,28.0,17.0,14.0,14.0,0.0,0.0,0.0,0.0,0.0,17.0,14.0,0.0,0.0,0.0,0.0
C4__baldwinian__s13,C4__baldwinian,C4,C4,baldwinian,13,750,train,50,2.2,19,16,63.154326890685624,0.8958333333333334,0.5,static,0.51875,0.0,0.0,170.0,268.0,190.0,318.0,123.0,0.0,0.0,0.0,20.0,22.0,18.0,21.0,16.0,0.0,0.0,0.0,0.0,0.0,18.0,21.0,0.0,0.0,0.0,0.0
C4__baldwinian__s13,C4__baldwinian,C4,C4,baldwinian,13,800,train,49,2.306122448979592,21,22,92.10429719727306,0.8125,0.5,static,0.475,0.0,0.0,211.0,267.0,317.0,228.0,90.0,0.0,0.0,0.0,25.0,25.0,16.0,25.0,5.0,0.0,0.0,0.0,0.0,0.0,16.0,25.0,0.0,0.0,0.0,0.0
C4__baldwinian__s13,C4__baldwinian,C4,C4,baldwinian,13,850,train,50,2.24,14,13,80.5224044920842,0.7916666666666666,0.5,static,0.5125,0.0,0.0,189.0,223.0,217.0,283.0,172.0,0.0,0.0,0.0,13.0,26.0,19.0,16.0,21.0,0.0,0.0,0.0,0.0,0.0,19.0,16.0,0.0,0.0,0.0,0.0
C4__baldwinian__s13,C4__baldwinian,C4,C4,baldwinian,13,900,train,50,2.28,15,15,147.52865665762272,0.625,0.5,static,0.5125,0.0,0.0,265.0,275.0,208.0,295.0,110.0,0.0,0.0,0.0,16.0,22.0,13.0,22.0,18.0,0.0,0.0,0.0,0.0,0.0,13.0,22.0,0.0,0.0,0.0,0.0
C4__baldwinian__s13,C4__baldwinian,C4,C4,baldwinian,13,950,train,50,2.44,18,18,100.76893217541253,0.8333333333333334,0.5,static,0.4875,0.0,0.0,150.0,255.0,225.0,369.0,109.0,0.0,0.0,0.0,12.0,34.0,16.0,27.0,16.0,0.0,0.0,0.0,0.0,0.0,16.0,27.0,0.0,0.0,0.0,0.0
C4__baldwinian__s13,C4__baldwinian,C4,C4,baldwinian,13,1000,train,50,2.62,13,13,86.27584582846109,0.8333333333333334,0.5,static,0.45,0.0,0.0,205.0,281.0,339.0,194.0,96.0,0.0,0.0,0.0,29.0,17.0,20.0,18.0,19.0,0.0,0.0,0.0,0.0,0.0,20.0,18.0,0.0,0.0,0.0,0.0
C4__baldwinian__s13,C4__baldwinian,C4,C4,baldwinian,13,1050,train,50,2.72,12,12,61.67812758896372,0.9166666666666666,0.5,static,0.45625,0.0,0.0,431.0,219.0,260.0,253.0,40.0,0.0,0.0,0.0,24.0,31.0,27.0,17.0,16.0,0.0,0.0,0.0,0.0,0.0,27.0,17.0,0.0,0.0,0.0,0.0
C4__baldwinian__s13,C4__baldwinian,C4,C4,baldwinian,13,1100,train,50,2.82,19,19,56.51404082244672,0.875,0.5,static,0.50625,0.0,0.0,282.0,220.0,231.0,288.0,58.0,0.0,0.0,0.0,18.0,23.0,27.0,20.0,24.0,0.0,0.0,0.0,0.0,0.0,27.0,20.0,0.0,0.0,0.0,0.0
C4__baldwinian__s13,C4__baldwinian,C4,C4,baldwinian,13,1150,train,50,3.06,19,19,84.06230259717097,0.8333333333333334,0.5,static,0.50625,0.0,0.0,280.0,323.0,255.0,157.0,25.0,0.0,0.0,0.0,22.0,24.0,14.0,30.0,11.0,0.0,0.0,0.0,0.0,0.0,14.0,30.0,0.0,0.0,0.0,0.0
C4__baldwinian__s13,C4__baldwinian,C4,C4,baldwinian,13,1200,train,50,3.14,25,25,95.91263401825722,0.7708333333333334,0.5,static,0.5375,0.0,0.0,188.0,223.0,204.0,170.0,83.0,0.0,0.0,0.0,15.0,23.0,23.0,24.0,18.0,0.0,0.0,0.0,0.0,0.0,23.0,24.0,0.0,0.0,0.0,0.0
C4__baldwinian__s13,C4__baldwinian,C4,C4,baldwinian,13,1250,train,50,3.16,14,14,113.12823762668086,0.7708333333333334,0.5,static,0.46875,0.0,0.0,198.0,233.0,183.0,264.0,134.0,0.0,0.0,0.0,17.0,26.0,16.0,22.0,13.0,0.0,0.0,0.0,0.0,0.0,16.0,22.0,0.0,0.0,0.0,0.0
C4__baldwinian__s13,C4__baldwinian,C4,C4,baldwinian,13,1300,train,50,3.14,19,19,92.56778719384799,0.7083333333333334,0.5,static,0.51875,0.0,0.0,284.0,207.0,299.0,240.0,146.0,0.0,0.0,0.0,23.0,18.0,20.0,21.0,17.0,0.0,0.0,0.0,0.0,0.0,20.0,21.0,0.0,0.0,0.0,0.0
C4__baldwinian__s13,C4__baldwinian,C4,C4,baldwinian,13,1350,train,50,3.32,24,24,77.32809096609375,0.8541666666666666,0.5,static,0.48125,0.0,0.0,216.0,296.0,364.0,183.0,109.0,0.0,0.0,0.0,25.0,24.0,27.0,23.0,9.0,0.0,0.0,0.0,0.0,0.0,27.0,23.0,0.0,0.0,0.0,0.0
C4__baldwinian__s13,C4__baldwinian,C4,C4,baldwinian,13,1400,train,50,3.5,11,11,91.00735469363084,0.8541666666666666,0.5,static,0.4625,0.0,0.0,359.0,222.0,212.0,205.0,18.0,0.0,0.0,0.0,28.0,18.0,18.0,18.0,10.0,0.0,0.0,0.0,0.0,0.0,18.0,18.0,0.0,0.0,0.0,0.0
C4__baldwinian__s13,C4__baldwinian,C4,C4,baldwinian,13,1450,train,50,3.78,23,23,55.766999231074585,0.875,0.5,static,0.4875,0.0,0.0,210.0,314.0,211.0,230.0,128.0,0.0,0.0,0.0,31.0,33.0,23.0,19.0,21.0,0.0,0.0,0.0,0.0,0.0,23.0,19.0,0.0,0.0,0.0,0.0
C4__baldwinian__s13,C4__baldwinian,C4,C4,baldwinian,13,1500,train,50,3.88,24,24,67.02383865510629,0.875,0.5,static,0.51875,0.0,0.0,157.0,236.0,314.0,209.0,88.0,0.0,0.0,0.0,27.0,17.0,28.0,16.0,6.0,0.0,0.0,0.0,0.0,0.0,28.0,16.0,0.0,0.0,0.0,0.0
C4__baldwinian__s13,C4__baldwinian,C4,C4,baldwinian,13,1550,eval,50,3.94,23,23,85.99940439704487,0.7708333333333334,0.5,static,0.465,0.0,0.0,242.0,214.0,228.0,228.0,61.0,62.0,15.0,60.0,26.0,19.0,18.0,16.0,1.0,5.0,4.0,3.0,0.0,0.0,18.0,16.0,0.0,0.0,4.0,3.0
C4__baldwinian__s13,C4__baldwinian,C4,C4,baldwinian,13,1600,eval,50,3.98,15,15,134.97313490707998,0.6666666666666666,0.5,static,0.51,0.0,0.0,353.0,284.0,362.0,311.0,60.0,89.0,77.0,65.0,25.0,16.0,14.0,16.0,0.0,7.0,0.0,8.0,0.0,0.0,14.0,16.0,0.0,0.0,0.0,8.0
C4__baldwinian__s13,C4__baldwinian,C4,C4,baldwinian,13,1650,eval,50,4.12,16,16,126.15055032731169,0.6041666666666666,0.5,static,0.505,0.0,0.0,242.0,332.0,288.0,301.0,58.0,52.0,68.0,17.0,18.0,21.0,20.0,17.0,6.0,3.0,10.0,1.0,0.0,0.0,20.0,17.0,0.0,0.0,10.0,1.0
C4__baldwinian__s13,C4__baldwinian,C4,C4,baldwinian,13,1700,eval,50,4.2,14,14,148.90667583485273,0.6458333333333334,0.5,static,0.505,0.0,0.0,459.0,249.0,308.0,401.0,72.0,70.0,44.0,80.0,19.0,7.0,18.0,28.0,6.0,6.0,3.0,2.0,0.0,0.0,18.0,28.0,0.0,0.0,3.0,2.0
C4__baldwinian__s13,C4__baldwinian,C4,C4,baldwinian,13,1750,eval,50,4.34,18,18,106.30594238050537,0.75,0.5,static,0.52,0.0,0.0,334.0,470.0,225.0,336.0,91.0,30.0,30.0,36.0,23.0,34.0,15.0,14.0,6.0,2.0,1.0,3.0,0.0,0.0,15.0,14.0,0.0,0.0,1.0,3.0
C4__baldwinian__s13,C4__baldwinian,C4,C4,baldwinian,13,1800,eval,50,4.38,17,17,130.5482927981716,0.6875,0.5,static,0.485,0.0,0.0,297.0,307.0,380.0,249.0,75.0,67.0,52.0,85.0,26.0,18.0,14.0,22.0,1.0,1.0,2.0,4.0,0.0,0.0,14.0,22.0,0.0,0.0,2.0,4.0
C4__baldwinian__s14,C4__baldwinian,C4,C4,baldwinian,14,50,train,50,0.78,33,3,108.25907755051401,0.8125,0.5,static,0.46875,0.0,0.0,82.0,119.0,114.0,107.0,141.0,0.0,0.0,0.0,24.0,19.0,22.0,15.0,33.0,0.0,0.0,0.0,0.0,0.0,22.0,15.0,0.0,0.0,0.0,0.0
C4__baldwinian__s14,C4__baldwinian,C4,C4,baldwinian,14,100,train,50,0.92,13,13,63.08843188800982,0.8958333333333334,0.5,static,0.49375,0.0,0.0,146.0,148.0,68.0,219.0,143.0,0.0,0.0,0.0,17.0,17.0,17.0,26.0,29.0,0.0,0.0,0.0,0.0,0.0,17.0,26.0,0.0,0.0,0.0,0.0
C4__baldwinian__s14,C4__baldwinian,C4,C4,baldwinian,14,150,train,46,1.173913043478261,15,19,122.95018615255916,0.7708333333333334,0.5,static,0.5375,0.0,0.0,119.0,223.0,149.0,224.0,138.0,0.0,0.0,0.0,10.0,16.0,16.0,15.0,35.0,0.0,0.0,0.0,0.0,0.0,16.0,15.0,0.0,0.0,0.0,0.0
C4__baldwinian__s14,C4__baldwinian,C4,C4,baldwinian,14,200,train,50,1.38,23,19,85.00792298674106,0.8333333333333334,0.5,static,0.48125,0.0,0.0,293.0,219.0,142.0,165.0,141.0,0.0,0.0,0.0,22.0,17.0,22.0,16.0,30.0,0.0,0.0,0.0,0.0,0.0,22.0,16.0,0.0,0.0,0.0,0.0
C4__baldwinian__s14,C4__baldwinian,C4,C4,baldwinian,14,250,train,50,1.42,14,14,94.97277711875438,0.75,0.5,static,0.51875,0.0,0.0,224.0,229.0,292.0,174.0,230.0,0.0,0.0,0.0,26.0,15.0,18.0,13.0,28.0,0.0,0.0,0.0,0.0,0.0,18.0,13.0,0.0,0.0,0.0,0.0
C4__baldwinian__s14,C4__baldwinian,C4,C4,baldwinian,14,300,train,50,1.44,13,13,117.8418392578894,0.6875,0.5,static,0.4875,0.0,0.0,167.0,229.0,297.0,178.0,212.0,0.0,0.0,0.0,13.0,10.0,21.0,15.0,31.0,0.0,0.0,0.0,0.0,0.0,21.0,15.0,0.0,0.0,0.0,0.0
C4__baldwinian__s14,C4__baldwinian,C4,C4,baldwinian,14,350,train,50,1.3,17,17,89.85110807515174,0.7916666666666666,0.5,static,0.46875,0.0,0.0,232.0,332.0,245.0,312.0,140.0,0.0,0.0,0.0,14.0,18.0,18.0,18.0,29.0,0.0,0.0,0.0,0.0,0.0,18.0,18.0,0.0,0.0,0.0,0.0
C4__baldwinian__s14,C4__baldwinian,C4,C4,baldwinian,14,400,train,50,1.34,12,12,68.10154238314577,0.875,0.5,static,0.49375,0.0,0.0,154.0,195.0,254.0,319.0,109.0,0.0,0.0,0.0,7.0,23.0,28.0,16.0,30.0,0.0,0.0,0.0,0.0,0.0,28.0,16.0,0.0,0.0,0.0,0.0
C4__baldwinian__s14,C4__baldwinian,C4,C4,baldwinian,14,450,train,50,1.34,15,15,73.540507106915,0.8958333333333334,0.5,static,0.46875,0.0,0.0,201.0,257.0,190.0,176.0,192.0,0.0,0.0,0.0,28.0,25.0,19.0,13.0,30.0,0.0,0.0,0.0,0.0,0.0,19.0,13.0,0.0,0.0,0.0,0.0
C4__baldwinian__s14,C4__baldwinian,C4,C4,baldwinian,14,500,train,50,1.68,16,16,70.90046120340637,0.875,0.5,static,0.49375,0.0,0.0,215.0,154.0,164.0,157.0,95.0,0.0,0.0,0.0,21.0,22.0,19.0,17.0,31.0,0.0,0.0,0.0,0.0,0.0,19.0,17.0,0.0,0.0,0.0,0.0
C4__baldwinian__s14,C4__baldwinian,C4,C4,baldwinian,14,550,train,50,1.9,21,21,91.65706194506008,0.8541666666666666,0.5,static,0.45,0.0,0.0,169.0,163.0,151.0,157.0,128.0,0.0,0.0,0.0,26.0,21.0,17.0,13.0,24.0,0.0,0.0,0.0,0.0,0.0,17.0,13.0,0.0,0.0,0.0,0.0
C4__baldwinian__s14,C4__baldwinian,C4,C4,baldwinian,14,600,train,50,2.18,19,19,121.7822119621641,0.75,0.5,static,0.525,0.0,0.0,138.0,161.0,128.0,212.0,255.0,0.0,0.0,0.0,8.0,13.0,20.0,23.0,23.0,0.0,0.0,0.0,0.0,0.0,20.0,23.0,0.0,0.0,0.0,0.0
C4__baldwinian__s14,C4__baldwinian,C4,C4,baldwinian,14,650,train,50,2.2,14,14,91.43640936866231,0.7916666666666666,0.5,static,0.51875,0.0,0.0,214.0,150.0,125.0,216.0,106.0,0.0,0.0,0.0,21.0,17.0,12.0,16.0,30.0,0.0,0.0,0.0,0.0,0.0,12.0,16.0,0.0,0.0,0.0,0.0
C4__baldwinian__s14,C4__baldwinian,C4,C4,baldwinian,14,700,train,50,2.2,18,18,73.02330412041663,0.8333333333333334,0.5,static,0.475,0.0,0.0,222.0,98.0,297.0,110.0,95.0,0.0,0.0,0.0,28.0,12.0,21.0,13.0,26.0,0.0,0.0,0.0,0.0,0.0,21.0,13.0,0.0,0.0,0.0,0.0
C4__baldwinian__s14,C4__baldwinian,C4,C4,baldwinian,14,750,train,50,2.22,16,16,96.49827966125514,0.7916666666666666,0.5,static,0.46875,0.0,0.0,202.0,141.0,162.0,256.0,206.0,0.0,0.0,0.0,18.0,13.0,15.0,28.0,40.0,0.0,0.0,0.0,0.0,0.0,15.0,28.0,0.0,0.0,0.0,0.0
C4__baldwinian__s14,C4__baldwinian,C4,C4,baldwinian,14,800,train,50,2.32,15,15,87.26907547397926,0.8125,0.5,static,0.4875,0.0,0.0,261.0,254.0,133.0,184.0,143.0,0.0,0.0,0.0,20.0,22.0,15.0,15.0,27.0,0.0,0.0,0.0,0.0,0.0,15.0,15.0,0.0,0.0,0.0,0.0
C4__baldwinian__s14,C4__baldwinian,C4,C4,baldwinian,14,850,train,50,2.5,15,15,144.36316090678244,0.625,0.5,static,0.49375,0.0,0.0,311.0,188.0,216.0,278.0,84.0,0.0,0.0,0.0,13.0,23.0,14.0,20.0,14.0,0.0,0.0,0.0,0.0,0.0,14.0,20.0,0.0,0.0,0.0,0.0
C4__baldwinian__s14,C4__baldwinian,C4,C4,baldwinian,14,900,train,50,2.72,18,18,101.13300846849805,0.8541666666666666,0.5,static,0.5,0.0,0.0,178.0,228.0,185.0,204.0,154.0,0.0,0.0,0.0,13.0,13.0,16.0,22.0,35.0,0.0,0.0,0.0,0.0,0.0,16.0,22.0,0.0,0.0,0.0,0.0
C4__baldwinian__s14,C4__baldwinian,C4,C4,baldwinian,14,950,train,50,2.7,9,9,133.58564340716768,0.7083333333333334,0.5,static,0.5,0.0,0.0,186.0,207.0,287.0,230.0,155.0,0.0,0.0,0.0,18.0,14.0,25.0,10.0,30.0,0.0,0.0,0.0,0.0,0.0,25.0,10.0,0.0,0.0,0.0,0.0
C4__baldwinian__s14,C4__baldwinian,C4,C4,baldwinian,14,1000,train,50,2.82,15,15,57.332132459417586,0.9583333333333334,0.5,static,0.53125,0.0,0.0,178.0,265.0,242.0,206.0,184.0,0.0,0.0,0.0,19.0,30.0,19.0,17.0,36.0,0.0,0.0,0.0,0.0,0.0,19.0,17.0,0.0,0.0,0.0,0.0
C4__baldwinian__s14,C4__baldwinian,C4,C4,baldwinian,14,1050,train,50,2.96,17,17,70.88206517255124,0.8333333333333334,0.5,static,0.49375,0.0,0.0,145.0,155.0,110.0,112.0,175.0,0.0,0.0,0.0,16.0,24.0,15.0,7.0,34.0,0.0,0.0,0.0,0.0,0.0,15.0,7.0,0.0,0.0,0.0,0.0
C4__baldwinian__s14,C4__baldwinian,C4,C4,baldwinian,14,1100,train,50,3.12,18,18,78.71733378330258,0.875,0.5,static,0.50625,0.0,0.0,123.0,225.0,177.0,211.0,125.0,0.0,0.0,0.0,15.0,22.0,29.0,16.0,29.0,0.0,0.0,0.0,0.0,0.0,29.0,16.0,0.0,0.0,0.0,0.0
C4__baldwinian__s14,C4__baldwinian,C4,C4,baldwinian,14,1150,train,50,3.32,19,19,110.98026221090731,0.7083333333333334,0.5,static,0.53125,0.0,0.0,178.0,204.0,176.0,173.0,98.0,0.0,0.0,0.0,13.0,10.0,18.0,20.0,38.0,0.0,0.0,0.0,0.0,0.0,18.0,20.0,0.0,0.0,0.0,0.0
C4__baldwinian__s14,C4__baldwinian,C4,C4,baldwinian,14,1200,train,50,3.4,15,15,126.50435499811857,0.6875,0.5,static,0.5,0.0,0.0,242.0,155.0,303.0,187.0,110.0,0.0,0.0,0.0,18.0,11.0,18.0,17.0,30.0,0.0,0.0,0.0,0.0,0.0,18.0,17.0,0.0,0.0,0.0,0.0
C4__baldwinian__s14,C4__baldwinian,C4,C4,baldwinian,14,1250,train,50,3.42,24,24,86.02747493936045,0.75,0.5,static,0.5375,0.0,0.0,308.0,298.0,312.0,242.0,121.0,0.0,0.0,0.0,12.0,12.0,25.0,18.0,36.0,0.0,0.0,0.0,0.0,0.0,25.0,18.0,0.0,0.0,0.0,0.0
C4__baldwinian__s14,C4__baldwinian,C4,C4,baldwinian,14,1300,train,50,3.52,9,9,76.87516021140335,0.875,0.5,static,0.525,0.0,0.0,226.0,369.0,241.0,214.0,132.0,0.0,0.0,0.0,13.0,27.0,17.0,16.0,34.0,0.0,0.0,0.0,0.0,0.0,17.0,16.0,0.0,0.0,0.0,0.0
C4__baldwinian__s14,C4__baldwinian,C4,C4,baldwinian,14,1350,train,50,3.62,8,8,53.87529277065002,0.9375,0.5,static,0.53125,0.0,0.0,294.0,210.0,240.0,260.0,71.0,0.0,0.0,0.0,34.0,16.0,14.0,16.0,30.0,0.0,0.0,0.0,0.0,0.0,14.0,16.0,0.0,0.0,0.0,0.0
C4__baldwinian__s14,C4__baldwinian,C4,C4,baldwinian,14,1400,train,50,3.64,11,11,81.84994521159022,0.8125,0.5,static,0.5375,0.0,0.0,229.0,125.0,247.0,286.0,147.0,0.0,0.0,0.0,18.0,16.0,19.0,13.0,33.0,0.0,0.0,0.0,0.0,0.0,19.0,13.0,0.0,0.0,0.0,0.0
C4__baldwinian__s14,C4__baldwinian,C4,C4,baldwinian,14,1450,train,50,3.7,12,12,61.96249024721777,0.8541666666666666,0.5,static,0.475,0.0,0.0,206.0,199.0,181.0,218.0,154.0,0.0,0.0,0.0,24.0,30.0,11.0,20.0,30.0,0.0,0.0,0.0,0.0,0.0,11.0,20.0,0.0,0.0,0.0,0.0
C4__baldwinian__s14,C4__baldwinian,C4,C4,baldwinian,14,1500,train,50,3.76,16,16,85.68170913715912,0.8333333333333334,0.5,static,0.53125,0.0,0.0,222.0,153.0,203.0,245.0,98.0,0.0,0.0,0.0,21.0,21.0,17.0,23.0,33.0,0.0,0.0,0.0,0.0,0.0,17.0,23.0,0.0,0.0,0.0,0.0
C4__baldwinian__s14,C4__baldwinian,C4,C4,baldwinian,14,1550,eval,50,3.94,14,14,111.69505505890388,0.7916666666666666,0.5,static,0.495,0.0,0.0,219.0,230.0,372.0,156.0,23.0,15.0,19.0,17.0,22.0,17.0,22.0,11.0,7.0,3.0,2.0,9.0,0.0,0.0,22.0,11.0,0.0,0.0,2.0,9.0
C4__baldwinian__s14,C4__baldwinian,C4,C4,baldwinian,14,1600,eval,50,3.94,13,13,171.64423715446765,0.6458333333333334,0.5,static,0.43,0.0,0.0,245.0,225.0,183.0,134.0,57.0,13.0,24.0,59.0,17.0,23.0,12.0,10.0,8.0,2.0,2.0,7.0,0.0,0.0,12.0,10.0,0.0,0.0,2.0,7.0
C4__baldwinian__s14,C4__baldwinian,C4,C4,baldwinian,14,1650,eval,50,4.08,20,20,163.6985112653892,0.5833333333333334,0.5,static,0.5,0.0,0.0,187.0,261.0,230.0,105.0,44.0,48.0,58.0,19.0,16.0,20.0,13.0,8.0,2.0,9.0,8.0,6.0,0.0,0.0,13.0,8.0,0.0,0.0,8.0,6.0
C4__baldwinian__s14,C4__baldwinian,C4,C4,baldwinian,14,1700,eval,50,4.1,15,15,156.9860003168011,0.6041666666666666,0.5,static,0.495,0.0,0.0,213.0,337.0,179.0,243.0,41.0,123.0,20.0,43.0,20.0,20.0,12.0,10.0,1.0,11.0,3.0,7.0,0.0,0.0,12.0,10.0,0.0,0.0,3.0,7.0
C4__baldwinian__s14,C4__baldwinian,C4,C4,baldwinian,14,1750,eval,50,4.38,17,17,165.53520883333752,0.6041666666666666,0.5,static,0.55,0.0,0.0,111.0,234.0,232.0,178.0,105.0,51.0,32.0,130.0,11.0,12.0,24.0,19.0,3.0,13.0,0.0,10.0,0.0,0.0,24.0,19.0,0.0,0.0,0.0,10.0
C4__baldwinian__s14,C4__baldwinian,C4,C4,baldwinian,14,1800,eval,50,4.46,12,12,202.33506027706648,0.5,0.5,static,0.47,0.0,0.0,157.0,247.0,178.0,182.0,61.0,97.0,48.0,62.0,10.0,11.0,10.0,8.0,6.0,15.0,1.0,4.0,0.0,0.0,10.0,8.0,0.0,0.0,1.0,4.0
C4__baldwinian__s15,C4__baldwinian,C4,C4,baldwinian,15,50,train,50,0.8,34,4,50.47547653930262,0.9166666666666666,0.5,static,0.45625,0.0,0.0,103.0,117.0,95.0,82.0,77.0,0.0,0.0,0.0,31.0,32.0,22.0,24.0,21.0,0.0,0.0,0.0,0.0,0.0,22.0,24.0,0.0,0.0,0.0,0.0
C4__baldwinian__s15,C4__baldwinian,C4,C4,baldwinian,15,100,train,50,0.84,8,8,49.77287056283615,0.9583333333333334,0.5,static,0.49375,0.0,0.0,112.0,244.0,105.0,127.0,83.0,0.0,0.0,0.0,22.0,30.0,19.0,15.0,19.0,0.0,0.0,0.0,0.0,0.0,19.0,15.0,0.0,0.0,0.0,0.0
C4__baldwinian__s15,C4__baldwinian,C4,C4,baldwinian,15,150,train,50,1.08,22,22,74.59884426085193,0.8125,0.5,static,0.48125,0.0,0.0,223.0,215.0,232.0,166.0,57.0,0.0,0.0,0.0,18.0,29.0,17.0,20.0,14.0,0.0,0.0,0.0,0.0,0.0,17.0,20.0,0.0,0.0,0.0,0.0
C4__baldwinian__s15,C4__baldwinian,C4,C4,baldwinian,15,200,train,50,1.24,21,21,117.67279823648533,0.6875,0.5,static,0.475,0.0,0.0,218.0,99.0,199.0,275.0,50.0,0.0,0.0,0.0,11.0,15.0,23.0,22.0,15.0,0.0,0.0,0.0,0.0,0.0,23.0,22.0,0.0,0.0,0.0,0.0
C4__baldwinian__s15,C4__baldwinian,C4,C4,baldwinian,15,250,train,50,1.32,19,19,90.01198384523448,0.8541666666666666,0.5,static,0.5,0.0,0.0,380.0,200.0,276.0,230.0,42.0,0.0,0.0,0.0,26.0,20.0,24.0,28.0,14.0,0.0,0.0,0.0,0.0,0.0,24.0,28.0,0.0,0.0,0.0,0.0
C4__baldwinian__s15,C4__baldwinian,C4,C4,baldwinian,15,300,train,50,1.26,12,12,89.848449459563,0.75,0.5,static,0.4625,0.0,0.0,315.0,325.0,259.0,340.0,105.0,0.0,0.0,0.0,25.0,19.0,11.0,24.0,14.0,0.0,0.0,0.0,0.0,0.0,11.0,24.0,0.0,0.0,0.0,0.0
C4__baldwinian__s15,C4__baldwinian,C4,C4,baldwinian,15,350,train,50,1.44,11,11,76.48200561531661,0.7916666666666666,0.5,static,0.50625,0.0,0.0,273.0,294.0,298.0,189.0,229.0,0.0,0.0,0.0,22.0,36.0,12.0,21.0,16.0,0.0,0.0,0.0,0.0,0.0,12.0,21.0,0.0,0.0,0.0,0.0
C4__baldwinian__s15,C4__baldwinian,C4,C4,baldwinian,15,400,train,50,1.42,6,6,58.92869996755894,0.8958333333333334,0.5,static,0.5,0.0,0.0,318.0,198.0,276.0,233.0,84.0,0.0,0.0,0.0,17.0,23.0,22.0,16.0,14.0,0.0,0.0,0.0,0.0,0.0,22.0,16.0,0.0,0.0,0.0,0.0
C4__baldwinian__s15,C4__baldwinian,C4,C4,baldwinian,15,450,train,50,1.44,17,17,41.99431761026098,0.9375,0.5,static,0.49375,0.0,0.0,354.0,227.0,151.0,252.0,40.0,0.0,0.0,0.0,21.0,28.0,24.0,23.0,18.0,0.0,0.0,0.0,0.0,0.0,24.0,23.0,0.0,0.0,0.0,0.0
C4__baldwinian__s15,C4__baldwinian,C4,C4,baldwinian,15,500,train,50,1.7,18,18,140.93054497950078,0.625,0.5,static,0.4875,0.0,0.0,174.0,223.0,249.0,167.0,36.0,0.0,0.0,0.0,19.0,13.0,14.0,13.0,11.0,0.0,0.0,0.0,0.0,0.0,14.0,13.0,0.0,0.0,0.0,0.0
C4__baldwinian__s15,C4__baldwinian,C4,C4,baldwinian,15,550,train,50,2.0,17,17,66.86793703203786,0.8333333333333334,0.5,static,0.5,0.0,0.0,194.0,244.0,203.0,382.0,38.0,0.0,0.0,0.0,25.0,29.0,18.0,17.0,21.0,0.0,0.0,0.0,0.0,0.0,18.0,17.0,0.0,0.0,0.0,0.0
C4__baldwinian__s15,C4__baldwinian,C4,C4,baldwinian,15,600,train,50,2.04,20,20,90.49382315521416,0.7708333333333334,0.5,static,0.4625,0.0,0.0,295.0,296.0,256.0,224.0,50.0,0.0,0.0,0.0,10.0,17.0,24.0,16.0,17.0,0.0,0.0,0.0,0.0,0.0,24.0,16.0,0.0,0.0,0.0,0.0
C4__baldwinian__s15,C4__baldwinian,C4,C4,baldwinian,15,650,train,50,2.28,23,23,104.53490542114585,0.6875,0.5,static,0.5375,0.0,0.0,231.0,287.0,299.0,395.0,85.0,0.0,0.0,0.0,17.0,18.0,23.0,17.0,17.0,0.0,0.0,0.0,0.0,0.0,23.0,17.0,0.0,0.0,0.0,0.0
C4__baldwinian__s15,C4__baldwinian,C4,C4,baldwinian,15,700,train,50,2.36,15,15,52.196946768327294,0.9166666666666666,0.5,static,0.50625,0.0,0.0,233.0,434.0,255.0,134.0,116.0,0.0,0.0,0.0,23.0,43.0,20.0,12.0,14.0,0.0,0.0,0.0,0.0,0.0,20.0,12.0,0.0,0.0,0.0,0.0
C4__baldwinian__s15,C4__baldwinian,C4,C4,baldwinian,15,750,train,50,2.5,23,23,54.769035458829514,0.9166666666666666,0.5,static,0.5,0.0,0.0,187.0,246.0,194.0,134.0,24.0,0.0,0.0,0.0,16.0,25.0,23.0,22.0,9.0,0.0,0.0,0.0,0.0,0.0,23.0,22.0,0.0,0.0,0.0,0.0
C4__baldwinian__s15,C4__baldwinian,C4,C4,baldwinian,15,800,train,50,2.64,12,12,149.99964109511427,0.6041666666666666,0.5,static,0.475,0.0,0.0,203.0,142.0,290.0,359.0,95.0,0.0,0.0,0.0,16.0,15.0,21.0,16.0,13.0,0.0,0.0,0.0,0.0,0.0,21.0,16.0,0.0,0.0,0.0,0.0
C4__baldwinian__s15,C4__baldwinian,C4,C4,baldwinian,15,850,train,50,2.74,10,10,94.2859358501156,0.7083333333333334,0.5,static,0.4875,0.0,0.0,279.0,510.0,196.0,205.0,185.0,0.0,0.0,0.0,28.0,26.0,10.0,21.0,14.0,0.0,0.0,0.0,0.0,0.0,10.0,21.0,0.0,0.0,0.0,0.0
C4__baldwinian__s15,C4__baldwinian,C4,C4,baldwinian,15,900,train,50,2.7,16,16,64.00451874507458,0.9166666666666666,0.5,static,0.5125,0.0,0.0,281.0,238.0,300.0,296.0,100.0,0.0,0.0,0.0,27.0,21.0,25.0,20.0,20.0,0.0,0.0,0.0,0.0,0.0,25.0,20.0,0.0,0.0,0.0,0.0
C4__baldwinian__s15,C4__baldwinian,C4,C4,baldwinian,15,950,train,50,2.78,12,12,130.5989817643092,0.6041666666666666,0.5,static,0.5125,0.0,0.0,303.0,324.0,214.0,237.0,81.0,0.0,0.0,0.0,18.0,17.0,13.0,9.0,14.0,0.0,0.0,0.0,0.0,0.0,13.0,9.0,0.0,0.0,0.0,0.0
C4__baldwinian__s15,C4__baldwinian,C4,C4,baldwinian,15,1000,train,50,2.86,18,18,72.7993723489906,0.8333333333333334,0.5,static,0.525,0.0,0.0,245.0,249.0,241.0,398.0,90.0,0.0,0.0,0.0,27.0,24.0,19.0,32.0,17.0,0.0,0.0,0.0,0.0,0.0,19.0,32.0,0.0,0.0,0.0,0.0
C4__baldwinian__s15,C4__baldwinian,C4,C4,baldwinian,15,1050,train,50,2.98,9,9,75.28292088571231,0.8541666666666666,0.5,static,0.51875,0.0,0.0,249.0,212.0,194.0,196.0,98.0,0.0,0.0,0.0,27.0,27.0,13.0,17.0,9.0,0.0,0.0,0.0,0.0,0.0,13.0,17.0,0.0,0.0,0.0,0.0
C4__baldwinian__s15,C4__baldwinian,C4,C4,baldwinian,15,1100,train,50,3.32,23,23,76.04526174206782,0.8125,0.5,static,0.49375,0.0,0.0,183.0,239.0,255.0,215.0,140.0,0.0,0.0,0.0,16.0,18.0,21.0,25.0,15.0,0.0,0.0,0.0,0.0,0.0,21.0,25.0,0.0,0.0,0.0,0.0
C4__baldwinian__s15,C4__baldwinian,C4,C4,baldwinian,15,1150,train,50,3.58,25,25,69.61385833560824,0.875,0.5,static,0.5,0.0,0.0,199.0,357.0,360.0,129.0,95.0,0.0,0.0,0.0,30.0,18.0,27.0,17.0,15.0,0.0,0.0,0.0,0.0,0.0,27.0,17.0,0.0,0.0,0.0,0.0
C4__baldwinian__s15,C4__baldwinian,C4,C4,baldwinian,15,1200,train,50,3.66,17,17,102.4980989443165,0.7708333333333334,0.5,static,0.5,0.0,0.0,194.0,263.0,187.0,245.0,166.0,0.0,0.0,0.0,32.0,17.0,16.0,24.0,14.0,0.0,0.0,0.0,0.0,0.0,16.0,24.0,0.0,0.0,0.0,0.0
C4__baldwinian__s15,C4__baldwinian,C4,C4,baldwinian,15,1250,train,50,3.88,18,18,64.91017750818793,0.875,0.5,static,0.4875,0.0,0.0,207.0,311.0,122.0,182.0,83.0,0.0,0.0,0.0,18.0,31.0,20.0,24.0,14.0,0.0,0.0,0.0,0.0,0.0,20.0,24.0,0.0,0.0,0.0,0.0
C4__baldwinian__s15,C4__baldwinian,C4,C4,baldwinian,15,1300,train,50,3.92,19,19,101.59595972122054,0.8125,0.5,static,0.54375,0.0,0.0,125.0,243.0,336.0,128.0,131.0,0.0,0.0,0.0,19.0,11.0,23.0,16.0,13.0,0.0,0.0,0.0,0.0,0.0,23.0,16.0,0.0,0.0,0.0,0.0
C4__baldwinian__s15,C4__baldwinian,C4,C4,baldwinian,15,1350,train,50,4.08,18,18,86.77632253786871,0.8125,0.5,static,0.54375,0.0,0.0,222.0,284.0,310.0,252.0,63.0,0.0,0.0,0.0,21.0,30.0,32.0,11.0,15.0,0.0,0.0,0.0,0.0,0.0,32.0,11.0,0.0,0.0,0.0,0.0
C4__baldwinian__s15,C4__baldwinian,C4,C4,baldwinian,15,1400,train,50,4.26,14,14,84.53367289505222,0.8333333333333334,0.5,static,0.5125,0.0,0.0,177.0,217.0,150.0,238.0,59.0,0.0,0.0,0.0,19.0,22.0,13.0,15.0,18.0,0.0,0.0,0.0,0.0,0.0,13.0,15.0,0.0,0.0,0.0,0.0
C4__baldwinian__s15,C4__baldwinian,C4,C4,baldwinian,15,1450,train,50,4.3,23,23,54.76003552273242,0.9375,0.5,static,0.4625,0.0,0.0,161.0,291.0,337.0,307.0,56.0,0.0,0.0,0.0,19.0,29.0,33.0,26.0,13.0,0.0,0.0,0.0,0.0,0.0,33.0,26.0,0.0,0.0,0.0,0.0
C4__baldwinian__s15,C4__baldwinian,C4,C4,baldwinian,15,1500,train,50,4.34,16,16,116.6970421532317,0.7083333333333334,0.5,static,0.46875,0.0,0.0,241.0,302.0,286.0,243.0,162.0,0.0,0.0,0.0,25.0,26.0,16.0,18.0,11.0,0.0,0.0,0.0,0.0,0.0,16.0,18.0,0.0,0.0,0.0,0.0
C4__baldwinian__s15,C4__baldwinian,C4,C4,baldwinian,15,1550,eval,50,4.48,15,15,151.44805761067167,0.625,0.5,static,0.485,0.0,0.0,404.0,250.0,277.0,246.0,24.0,34.0,23.0,72.0,23.0,17.0,15.0,23.0,4.0,1.0,1.0,3.0,0.0,0.0,15.0,23.0,0.0,0.0,1.0,3.0
C4__baldwinian__s15,C4__baldwinian,C4,C4,baldwinian,15,1600,eval,50,4.52,11,11,157.00721414497627,0.4583333333333333,0.5,static,0.5,0.0,0.0,188.0,233.0,308.0,256.0,53.0,41.0,63.0,21.0,8.0,22.0,22.0,25.0,4.0,3.0,5.0,2.0,0.0,0.0,22.0,25.0,0.0,0.0,5.0,2.0
C4__baldwinian__s15,C4__baldwinian,C4,C4,baldwinian,15,1650,eval,50,4.66,12,12,215.1897800380772,0.5416666666666666,0.5,static,0.49,0.0,0.0,193.0,299.0,361.0,210.0,39.0,129.0,69.0,56.0,17.0,19.0,18.0,4.0,2.0,12.0,6.0,3.0,0.0,0.0,18.0,4.0,0.0,0.0,6.0,3.0
C4__baldwinian__s15,C4__baldwinian,C4,C4,baldwinian,15,1700,eval,50,4.9,15,15,194.76782123841988,0.5,0.5,static,0.51,0.0,0.0,260.0,279.0,246.0,197.0,58.0,16.0,28.0,90.0,18.0,19.0,8.0,15.0,9.0,4.0,1.0,6.0,0.0,0.0,8.0,15.0,0.0,0.0,1.0,6.0
C4__baldwinian__s15,C4__baldwinian,C4,C4,baldwinian,15,1750,eval,50,5.04,13,13,201.80453178554228,0.4375,0.5,static,0.51,0.0,0.0,165.0,190.0,229.0,414.0,86.0,45.0,87.0,47.0,10.0,12.0,15.0,39.0,3.0,0.0,3.0,1.0,0.0,0.0,15.0,39.0,0.0,0.0,3.0,1.0
C4__baldwinian__s15,C4__baldwinian,C4,C4,baldwinian,15,1800,eval,50,5.04,12,12,258.87555335329364,0.4166666666666667,0.5,static,0.48,0.0,0.0,350.0,190.0,122.0,352.0,122.0,4.0,46.0,56.0,10.0,15.0,4.0,22.0,5.0,0.0,5.0,1.0,0.0,0.0,4.0,22.0,0.0,0.0,5.0,1.0
C4__baldwinian__s16,C4__baldwinian,C4,C4,baldwinian,16,50,train,50,0.74,33,3,45.071260790755446,0.9375,0.5,static,0.5375,0.0,0.0,127.0,117.0,117.0,124.0,70.0,0.0,0.0,0.0,23.0,28.0,27.0,22.0,22.0,0.0,0.0,0.0,0.0,0.0,27.0,22.0,0.0,0.0,0.0,0.0
C4__baldwinian__s16,C4__baldwinian,C4,C4,baldwinian,16,100,train,48,0.8958333333333334,15,17,55.928385942929815,0.9375,0.5,static,0.49375,0.0,0.0,174.0,187.0,255.0,183.0,95.0,0.0,0.0,0.0,16.0,25.0,30.0,18.0,16.0,0.0,0.0,0.0,0.0,0.0,30.0,18.0,0.0,0.0,0.0,0.0
C4__baldwinian__s16,C4__baldwinian,C4,C4,baldwinian,16,150,train,50,0.98,17,15,117.84409075144934,0.75,0.5,static,0.5375,0.0,0.0,211.0,323.0,150.0,255.0,74.0,0.0,0.0,0.0,19.0,19.0,19.0,17.0,15.0,0.0,0.0,0.0,0.0,0.0,19.0,17.0,0.0,0.0,0.0,0.0
C4__baldwinian__s16,C4__baldwinian,C4,C4,baldwinian,16,200,train,50,0.94,12,12,79.11533517058126,0.8958333333333334,0.5,static,0.49375,0.0,0.0,173.0,156.0,261.0,252.0,40.0,0.0,0.0,0.0,31.0,32.0,15.0,20.0,21.0,0.0,0.0,0.0,0.0,0.0,15.0,20.0,0.0,0.0,0.0,0.0
C4__baldwinian__s16,C4__baldwinian,C4,C4,baldwinian,16,250,train,50,1.28,17,17,106.58836862353262,0.8333333333333334,0.5,static,0.50625,0.0,0.0,192.0,177.0,182.0,251.0,147.0,0.0,0.0,0.0,18.0,21.0,25.0,21.0,23.0,0.0,0.0,0.0,0.0,0.0,25.0,21.0,0.0,0.0,0.0,0.0
C4__baldwinian__s16,C4__baldwinian,C4,C4,baldwinian,16,300,train,50,1.38,16,16,97.1622023673858,0.7916666666666666,0.5,static,0.45,0.0,0.0,296.0,253.0,221.0,227.0,55.0,0.0,0.0,0.0,22.0,23.0,29.0,19.0,17.0,0.0,0.0,0.0,0.0,0.0,29.0,19.0,0.0,0.0,0.0,0.0
C4__baldwinian__s16,C4__baldwinian,C4,C4,baldwinian,16,350,train,50,1.46,19,19,93.33622003886654,0.7916666666666666,0.5,static,0.46875,0.0,0.0,247.0,278.0,232.0,256.0,126.0,0.0,0.0,0.0,34.0,17.0,22.0,21.0,20.0,0.0,0.0,0.0,0.0,0.0,22.0,21.0,0.0,0.0,0.0,0.0
C4__baldwinian__s16,C4__baldwinian,C4,C4,baldwinian,16,400,train,50,1.62,18,18,112.21343898354404,0.75,0.5,static,0.48125,0.0,0.0,183.0,214.0,254.0,248.0,130.0,0.0,0.0,0.0,16.0,21.0,22.0,23.0,24.0,0.0,0.0,0.0,0.0,0.0,22.0,23.0,0.0,0.0,0.0,0.0
C4__baldwinian__s16,C4__baldwinian,C4,C4,baldwinian,16,450,train,50,1.52,16,16,116.13543797072934,0.75,0.5,static,0.475,0.0,0.0,187.0,283.0,145.0,289.0,103.0,0.0,0.0,0.0,27.0,18.0,14.0,29.0,9.0,0.0,0.0,0.0,0.0,0.0,14.0,29.0,0.0,0.0,0.0,0.0
C4__baldwinian__s16,C4__baldwinian,C4,C4,baldwinian,16,500,train,49,1.8571428571428572,21,22,125.8313780397487,0.7083333333333334,0.5,static,0.5375,0.0,0.0,286.0,182.0,334.0,216.0,123.0,0.0,0.0,0.0,22.0,8.0,22.0,22.0,20.0,0.0,0.0,0.0,0.0,0.0,22.0,22.0,0.0,0.0,0.0,0.0
C4__baldwinian__s16,C4__baldwinian,C4,C4,baldwinian,16,550,train,50,1.96,22,21,111.19953897207517,0.75,0.5,static,0.525,0.0,0.0,226.0,202.0,269.0,210.0,52.0,0.0,0.0,0.0,22.0,23.0,23.0,21.0,8.0,0.0,0.0,0.0,0.0,0.0,23.0,21.0,0.0,0.0,0.0,0.0
C4__baldwinian__s16,C4__baldwinian,C4,C4,baldwinian,16,600,train,50,1.98,14,14,146.7902809669327,0.625,0.5,static,0.51875,0.0,0.0,158.0,187.0,182.0,202.0,109.0,0.0,0.0,0.0,23.0,23.0,10.0,20.0,13.0,0.0,0.0,0.0,0.0,0.0,10.0,20.0,0.0,0.0,0.0,0.0
C4__baldwinian__s16,C4__baldwinian,C4,C4,baldwinian,16,650,train,50,2.06,19,19,126.65166232044837,0.6875,0.5,static,0.53125,0.0,0.0,236.0,198.0,212.0,178.0,130.0,0.0,0.0,0.0,29.0,14.0,18.0,23.0,21.0,0.0,0.0,0.0,0.0,0.0,18.0,23.0,0.0,0.0,0.0,0.0
C4__baldwinian__s16,C4__baldwinian,C4,C4,baldwinian,16,700,train,50,2.34,18,18,127.81312712081927,0.7083333333333334,0.5,static,0.51875,0.0,0.0,232.0,187.0,178.0,223.0,53.0,0.0,0.0,0.0,30.0,13.0,17.0,15.0,8.0,0.0,0.0,0.0,0.0,0.0,17.0,15.0,0.0,0.0,0.0,0.0
C4__baldwinian__s16,C4__baldwinian,C4,C4,baldwinian,16,750,train,50,2.44,17,17,78.59455135913062,0.8125,0.5,static,0.49375,0.0,0.0,214.0,209.0,164.0,199.0,111.0,0.0,0.0,0.0,24.0,19.0,25.0,23.0,15.0,0.0,0.0,0.0,0.0,0.0,25.0,23.0,0.0,0.0,0.0,0.0
C4__baldwinian__s16,C4__baldwinian,C4,C4,baldwinian,16,800,train,50,2.8,19,19,93.17995105659148,0.8125,0.5,static,0.4625,0.0,0.0,191.0,212.0,212.0,256.0,130.0,0.0,0.0,0.0,21.0,10.0,30.0,22.0,17.0,0.0,0.0,0.0,0.0,0.0,30.0,22.0,0.0,0.0,0.0,0.0
C4__baldwinian__s16,C4__baldwinian,C4,C4,baldwinian,16,850,train,50,2.96,25,25,87.10945895197838,0.8125,0.5,static,0.5,0.0,0.0,249.0,218.0,164.0,193.0,184.0,0.0,0.0,0.0,26.0,17.0,17.0,26.0,13.0,0.0,0.0,0.0,0.0,0.0,17.0,26.0,0.0,0.0,0.0,0.0
C4__baldwinian__s16,C4__baldwinian,C4,C4,baldwinian,16,900,train,50,2.88,19,19,96.77958344670132,0.75,0.5,static,0.5,0.0,0.0,289.0,182.0,180.0,114.0,124.0,0.0,0.0,0.0,19.0,14.0,24.0,14.0,21.0,0.0,0.0,0.0,0.0,0.0,24.0,14.0,0.0,0.0,0.0,0.0
C4__baldwinian__s16,C4__baldwinian,C4,C4,baldwinian,16,950,train,50,3.02,12,12,133.45586924577697,0.6458333333333334,0.5,static,0.51875,0.0,0.0,270.0,298.0,199.0,218.0,115.0,0.0,0.0,0.0,29.0,17.0,14.0,12.0,15.0,0.0,0.0,0.0,0.0,0.0,14.0,12.0,0.0,0.0,0.0,0.0
C4__baldwinian__s16,C4__baldwinian,C4,C4,baldwinian,16,1000,train,50,3.1,17,17,81.55150898629688,0.7708333333333334,0.5,static,0.475,0.0,0.0,223.0,275.0,264.0,178.0,79.0,0.0,0.0,0.0,19.0,24.0,21.0,18.0,23.0,0.0,0.0,0.0,0.0,0.0,21.0,18.0,0.0,0.0,0.0,0.0
C4__baldwinian__s16,C4__baldwinian,C4,C4,baldwinian,16,1050,train,50,3.08,13,13,92.61699452396991,0.8125,0.5,static,0.5625,0.0,0.0,322.0,180.0,229.0,279.0,74.0,0.0,0.0,0.0,25.0,19.0,13.0,20.0,19.0,0.0,0.0,0.0,0.0,0.0,13.0,20.0,0.0,0.0,0.0,0.0
C4__baldwinian__s16,C4__baldwinian,C4,C4,baldwinian,16,1100,train,50,3.14,13,13,76.12597684820602,0.8541666666666666,0.5,static,0.5375,0.0,0.0,229.0,318.0,225.0,222.0,67.0,0.0,0.0,0.0,18.0,22.0,16.0,11.0,18.0,0.0,0.0,0.0,0.0,0.0,16.0,11.0,0.0,0.0,0.0,0.0
C4__baldwinian__s16,C4__baldwinian,C4,C4,baldwinian,16,1150,train,50,3.22,24,24,126.07941450908672,0.75,0.5,static,0.45625,0.0,0.0,322.0,139.0,151.0,228.0,101.0,0.0,0.0,0.0,24.0,8.0,14.0,20.0,23.0,0.0,0.0,0.0,0.0,0.0,14.0,20.0,0.0,0.0,0.0,0.0
C4__baldwinian__s16,C4__baldwinian,C4,C4,baldwinian,16,1200,train,50,3.38,19,19,102.35702700436951,0.7708333333333334,0.5,static,0.525,0.0,0.0,333.0,328.0,149.0,217.0,92.0,0.0,0.0,0.0,23.0,27.0,20.0,18.0,17.0,0.0,0.0,0.0,0.0,0.0,20.0,18.0,0.0,0.0,0.0,0.0
C4__baldwinian__s16,C4__baldwinian,C4,C4,baldwinian,16,1250,train,50,3.54,16,16,94.72697429735612,0.7916666666666666,0.5,static,0.53125,0.0,0.0,142.0,226.0,309.0,205.0,84.0,0.0,0.0,0.0,25.0,25.0,18.0,17.0,15.0,0.0,0.0,0.0,0.0,0.0,18.0,17.0,0.0,0.0,0.0,0.0
C4__baldwinian__s16,C4__baldwinian,C4,C4,baldwinian,16,1300,train,50,3.5,19,19,86.20340316930884,0.875,0.5,static,0.46875,0.0,0.0,218.0,216.0,256.0,239.0,55.0,0.0,0.0,0.0,27.0,18.0,22.0,21.0,18.0,0.0,0.0,0.0,0.0,0.0,22.0,21.0,0.0,0.0,0.0,0.0
C4__baldwinian__s16,C4__baldwinian,C4,C4,baldwinian,16,1350,train,50,3.8,19,19,129.97234658824937,0.6875,0.5,static,0.54375,0.0,0.0,272.0,200.0,154.0,159.0,64.0,0.0,0.0,0.0,20.0,28.0,17.0,11.0,10.0,0.0,0.0,0.0,0.0,0.0,17.0,11.0,0.0,0.0,0.0,0.0
C4__baldwinian__s16,C4__baldwinian,C4,C4,baldwinian,16,1400,train,50,4.0,20,20,77.59839487992231,0.8541666666666666,0.5,static,0.48125,0.0,0.0,294.0,212.0,226.0,286.0,94.0,0.0,0.0,0.0,28.0,17.0,25.0,23.0,18.0,0.0,0.0,0.0,0.0,0.0,25.0,23.0,0.0,0.0,0.0,0.0
C4__baldwinian__s16,C4__baldwinian,C4,C4,baldwinian,16,1450,train,50,4.1,15,15,91.7962955874515,0.8333333333333334,0.5,static,0.48125,0.0,0.0,155.0,218.0,178.0,154.0,67.0,0.0,0.0,0.0,18.0,22.0,22.0,18.0,20.0,0.0,0.0,0.0,0.0,0.0,22.0,18.0,0.0,0.0,0.0,0.0
C4__baldwinian__s16,C4__baldwinian,C4,C4,baldwinian,16,1500,train,50,4.1,13,13,76.43427162379548,0.8125,0.5,static,0.4875,0.0,0.0,231.0,281.0,199.0,187.0,121.0,0.0,0.0,0.0,32.0,21.0,12.0,14.0,22.0,0.0,0.0,0.0,0.0,0.0,12.0,14.0,0.0,0.0,0.0,0.0
C4__baldwinian__s16,C4__baldwinian,C4,C4,baldwinian,16,1550,eval,50,4.26,19,19,126.07069019604464,0.7083333333333334,0.5,static,0.48,0.0,0.0,253.0,198.0,210.0,276.0,18.0,57.0,24.0,10.0,21.0,13.0,18.0,21.0,3.0,3.0,7.0,1.0,0.0,0.0,18.0,21.0,0.0,0.0,7.0,1.0
C4__baldwinian__s16,C4__baldwinian,C4,C4,baldwinian,16,1600,eval,50,4.34,11,11,110.57145420829119,0.75,0.5,static,0.515,0.0,0.0,249.0,342.0,280.0,257.0,9.0,24.0,6.0,20.0,13.0,28.0,23.0,15.0,4.0,0.0,4.0,2.0,0.0,0.0,23.0,15.0,0.0,0.0,4.0,2.0
C4__baldwinian__s16,C4__baldwinian,C4,C4,baldwinian,16,1650,eval,50,4.58,18,18,188.0932721405237,0.4583333333333333,0.5,static,0.505,0.0,0.0,290.0,273.0,334.0,190.0,10.0,45.0,14.0,36.0,15.0,10.0,24.0,12.0,2.0,6.0,1.0,5.0,0.0,0.0,24.0,12.0,0.0,0.0,1.0,5.0
C4__baldwinian__s16,C4__baldwinian,C4,C4,baldwinian,16,1700,eval,50,4.58,10,10,182.28176805272466,0.5625,0.5,static,0.47,0.0,0.0,339.0,296.0,304.0,333.0,32.0,2.0,0.0,9.0,15.0,14.0,24.0,11.0,2.0,0.0,0.0,5.0,0.0,0.0,24.0,11.0,0.0,0.0,0.0,5.0
C4__baldwinian__s16,C4__baldwinian,C4,C4,baldwinian,16,1750,eval,50,4.6,13,13,188.05398731726035,0.5,0.5,static,0.515,0.0,0.0,283.0,218.0,392.0,177.0,42.0,11.0,4.0,22.0,18.0,7.0,27.0,14.0,0.0,1.0,0.0,10.0,0.0,0.0,27.0,14.0,0.0,0.0,0.0,10.0
C4__baldwinian__s16,C4__baldwinian,C4,C4,baldwinian,16,1800,eval,50,4.94,16,16,208.88701448717165,0.4791666666666667,0.5,static,0.47,0.0,0.0,260.0,319.0,444.0,190.0,12.0,44.0,33.0,1.0,15.0,18.0,16.0,17.0,0.0,2.0,1.0,0.0,0.0,0.0,16.0,17.0,0.0,0.0,1.0,0.0
C4__baldwinian__s17,C4__baldwinian,C4,C4,baldwinian,17,50,train,50,0.7,33,3,86.7208875062584,0.8333333333333334,0.5,static,0.49375,0.0,0.0,108.0,137.0,137.0,79.0,151.0,0.0,0.0,0.0,20.0,16.0,16.0,15.0,33.0,0.0,0.0,0.0,0.0,0.0,16.0,15.0,0.0,0.0,0.0,0.0
C4__baldwinian__s17,C4__baldwinian,C4,C4,baldwinian,17,100,train,50,0.84,14,14,74.79068925830663,0.8333333333333334,0.5,static,0.43125,0.0,0.0,169.0,140.0,99.0,211.0,132.0,0.0,0.0,0.0,16.0,21.0,16.0,21.0,31.0,0.0,0.0,0.0,0.0,0.0,16.0,21.0,0.0,0.0,0.0,0.0
C4__baldwinian__s17,C4__baldwinian,C4,C4,baldwinian,17,150,train,50,0.88,13,13,83.02718721919277,0.75,0.5,static,0.50625,0.0,0.0,175.0,258.0,229.0,196.0,99.0,0.0,0.0,0.0,17.0,22.0,17.0,12.0,33.0,0.0,0.0,0.0,0.0,0.0,17.0,12.0,0.0,0.0,0.0,0.0
C4__baldwinian__s17,C4__baldwinian,C4,C4,baldwinian,17,200,train,50,0.92,16,16,122.24889824584716,0.7291666666666666,0.5,static,0.46875,0.0,0.0,207.0,326.0,82.0,247.0,105.0,0.0,0.0,0.0,14.0,15.0,13.0,20.0,27.0,0.0,0.0,0.0,0.0,0.0,13.0,20.0,0.0,0.0,0.0,0.0
C4__baldwinian__s17,C4__baldwinian,C4,C4,baldwinian,17,250,train,50,0.92,13,13,85.75148676578812,0.8125,0.5,static,0.49375,0.0,0.0,266.0,286.0,323.0,192.0,64.0,0.0,0.0,0.0,15.0,20.0,18.0,22.0,25.0,0.0,0.0,0.0,0.0,0.0,18.0,22.0,0.0,0.0,0.0,0.0
C4__baldwinian__s17,C4__baldwinian,C4,C4,baldwinian,17,300,train,50,0.88,15,15,107.13738747876135,0.7291666666666666,0.5,static,0.55625,0.0,0.0,275.0,269.0,201.0,209.0,113.0,0.0,0.0,0.0,24.0,21.0,14.0,14.0,24.0,0.0,0.0,0.0,0.0,0.0,14.0,14.0,0.0,0.0,0.0,0.0
C4__baldwinian__s17,C4__baldwinian,C4,C4,baldwinian,17,350,train,50,0.94,18,18,56.41493041874074,0.9166666666666666,0.5,static,0.44375,0.0,0.0,189.0,302.0,199.0,269.0,163.0,0.0,0.0,0.0,12.0,30.0,20.0,18.0,37.0,0.0,0.0,0.0,0.0,0.0,20.0,18.0,0.0,0.0,0.0,0.0
C4__baldwinian__s17,C4__baldwinian,C4,C4,baldwinian,17,400,train,50,0.92,7,7,116.9853418329175,0.7083333333333334,0.5,static,0.5125,0.0,0.0,243.0,281.0,184.0,225.0,67.0,0.0,0.0,0.0,10.0,22.0,17.0,23.0,15.0,0.0,0.0,0.0,0.0,0.0,17.0,23.0,0.0,0.0,0.0,0.0
C4__baldwinian__s17,C4__baldwinian,C4,C4,baldwinian,17,450,train,50,1.06,16,16,98.03510930987228,0.7291666666666666,0.5,static,0.5375,0.0,0.0,276.0,255.0,380.0,240.0,207.0,0.0,0.0,0.0,22.0,16.0,15.0,16.0,27.0,0.0,0.0,0.0,0.0,0.0,15.0,16.0,0.0,0.0,0.0,0.0
C4__baldwinian__s17,C4__baldwinian,C4,C4,baldwinian,17,500,train,50,1.34,20,20,62.920450807520076,0.8541666666666666,0.5,static,0.50625,0.0,0.0,224.0,311.0,183.0,207.0,136.0,0.0,0.0,0.0,23.0,28.0,17.0,12.0,38.0,0.0,0.0,0.0,0.0,0.0,17.0,12.0,0.0,0.0,0.0,0.0
C4__baldwinian__s17,C4__baldwinian,C4,C4,baldwinian,17,550,train,50,1.7,25,25,109.19497335135927,0.7916666666666666,0.5,static,0.4875,0.0,0.0,103.0,161.0,192.0,112.0,124.0,0.0,0.0,0.0,19.0,14.0,20.0,19.0,30.0,0.0,0.0,0.0,0.0,0.0,20.0,19.0,0.0,0.0,0.0,0.0
C4__baldwinian__s17,C4__baldwinian,C4,C4,baldwinian,17,600,train,50,1.84,15,15,80.66057416856745,0.8541666666666666,0.5,static,0.54375,0.0,0.0,177.0,208.0,147.0,119.0,125.0,0.0,0.0,0.0,27.0,23.0,21.0,16.0,18.0,0.0,0.0,0.0,0.0,0.0,21.0,16.0,0.0,0.0,0.0,0.0
C4__baldwinian__s17,C4__baldwinian,C4,C4,baldwinian,17,650,train,50,2.06,17,17,68.07806872854631,0.8541666666666666,0.5,static,0.4875,0.0,0.0,217.0,170.0,166.0,93.0,135.0,0.0,0.0,0.0,16.0,27.0,10.0,11.0,33.0,0.0,0.0,0.0,0.0,0.0,10.0,11.0,0.0,0.0,0.0,0.0
C4__baldwinian__s17,C4__baldwinian,C4,C4,baldwinian,17,700,train,50,1.98,14,14,108.05378075018353,0.7291666666666666,0.5,static,0.46875,0.0,0.0,216.0,168.0,114.0,202.0,179.0,0.0,0.0,0.0,32.0,13.0,17.0,12.0,33.0,0.0,0.0,0.0,0.0,0.0,17.0,12.0,0.0,0.0,0.0,0.0
C4__baldwinian__s17,C4__baldwinian,C4,C4,baldwinian,17,750,train,50,1.9,14,14,96.45127400630815,0.8333333333333334,0.5,static,0.5,0.0,0.0,134.0,136.0,210.0,265.0,165.0,0.0,0.0,0.0,8.0,14.0,16.0,23.0,24.0,0.0,0.0,0.0,0.0,0.0,16.0,23.0,0.0,0.0,0.0,0.0
C4__baldwinian__s17,C4__baldwinian,C4,C4,baldwinian,17,800,train,50,2.02,12,12,77.8297019998511,0.8125,0.5,static,0.5125,0.0,0.0,242.0,283.0,230.0,181.0,83.0,0.0,0.0,0.0,20.0,22.0,13.0,14.0,21.0,0.0,0.0,0.0,0.0,0.0,13.0,14.0,0.0,0.0,0.0,0.0
C4__baldwinian__s17,C4__baldwinian,C4,C4,baldwinian,17,850,train,50,2.1,21,21,87.10080095319547,0.8125,0.5,static,0.4875,0.0,0.0,220.0,148.0,254.0,186.0,73.0,0.0,0.0,0.0,13.0,16.0,20.0,30.0,27.0,0.0,0.0,0.0,0.0,0.0,20.0,30.0,0.0,0.0,0.0,0.0
C4__baldwinian__s17,C4__baldwinian,C4,C4,baldwinian,17,900,train,50,2.38,22,22,65.05368100173501,0.8333333333333334,0.5,static,0.48125,0.0,0.0,189.0,194.0,257.0,236.0,176.0,0.0,0.0,0.0,16.0,12.0,25.0,19.0,37.0,0.0,0.0,0.0,0.0,0.0,25.0,19.0,0.0,0.0,0.0,0.0
C4__baldwinian__s17,C4__baldwinian,C4,C4,baldwinian,17,950,train,50,2.5,16,16,73.28411515131125,0.8958333333333334,0.5,static,0.45625,0.0,0.0,304.0,213.0,249.0,173.0,161.0,0.0,0.0,0.0,30.0,13.0,20.0,13.0,25.0,0.0,0.0,0.0,0.0,0.0,20.0,13.0,0.0,0.0,0.0,0.0
C4__baldwinian__s17,C4__baldwinian,C4,C4,baldwinian,17,1000,train,50,2.66,21,21,59.734124564074754,0.9166666666666666,0.5,static,0.55,0.0,0.0,150.0,151.0,198.0,161.0,211.0,0.0,0.0,0.0,17.0,24.0,20.0,15.0,31.0,0.0,0.0,0.0,0.0,0.0,20.0,15.0,0.0,0.0,0.0,0.0
C4__baldwinian__s17,C4__baldwinian,C4,C4,baldwinian,17,1050,train,50,2.8,18,18,78.48410809206705,0.8541666666666666,0.5,static,0.5125,0.0,0.0,230.0,223.0,141.0,153.0,143.0,0.0,0.0,0.0,19.0,20.0,16.0,13.0,21.0,0.0,0.0,0.0,0.0,0.0,16.0,13.0,0.0,0.0,0.0,0.0
C4__baldwinian__s17,C4__baldwinian,C4,C4,baldwinian,17,1100,train,50,2.84,25,25,101.88109838318512,0.75,0.5,static,0.50625,0.0,0.0,105.0,162.0,222.0,210.0,132.0,0.0,0.0,0.0,14.0,13.0,29.0,13.0,27.0,0.0,0.0,0.0,0.0,0.0,29.0,13.0,0.0,0.0,0.0,0.0
C4__baldwinian__s17,C4__baldwinian,C4,C4,baldwinian,17,1150,train,50,2.94,16,16,128.91751240712117,0.7083333333333334,0.5,static,0.525,0.0,0.0,158.0,168.0,167.0,212.0,133.0,0.0,0.0,0.0,14.0,15.0,15.0,18.0,33.0,0.0,0.0,0.0,0.0,0.0,15.0,18.0,0.0,0.0,0.0,0.0
C4__baldwinian__s17,C4__baldwinian,C4,C4,baldwinian,17,1200,train,50,2.96,19,19,77.89359708092682,0.8541666666666666,0.5,static,0.50625,0.0,0.0,183.0,239.0,196.0,248.0,161.0,0.0,0.0,0.0,21.0,13.0,22.0,28.0,29.0,0.0,0.0,0.0,0.0,0.0,22.0,28.0,0.0,0.0,0.0,0.0
C4__baldwinian__s17,C4__baldwinian,C4,C4,baldwinian,17,1250,train,50,3.26,19,19,84.03571717545778,0.7916666666666666,0.5,static,0.50625,0.0,0.0,208.0,200.0,281.0,164.0,119.0,0.0,0.0,0.0,24.0,16.0,17.0,20.0,31.0,0.0,0.0,0.0,0.0,0.0,17.0,20.0,0.0,0.0,0.0,0.0
C4__baldwinian__s17,C4__baldwinian,C4,C4,baldwinian,17,1300,train,50,3.34,16,16,90.08494420806159,0.7916666666666666,0.5,static,0.50625,0.0,0.0,221.0,167.0,186.0,239.0,105.0,0.0,0.0,0.0,34.0,17.0,12.0,10.0,31.0,0.0,0.0,0.0,0.0,0.0,12.0,10.0,0.0,0.0,0.0,0.0
C4__baldwinian__s17,C4__baldwinian,C4,C4,baldwinian,17,1350,train,50,3.4,10,10,91.74641656958968,0.8125,0.5,static,0.50625,0.0,0.0,207.0,227.0,233.0,160.0,127.0,0.0,0.0,0.0,19.0,16.0,16.0,14.0,31.0,0.0,0.0,0.0,0.0,0.0,16.0,14.0,0.0,0.0,0.0,0.0
C4__baldwinian__s17,C4__baldwinian,C4,C4,baldwinian,17,1400,train,50,3.7,18,18,113.83688449083068,0.7291666666666666,0.5,static,0.51875,0.0,0.0,195.0,301.0,275.0,240.0,123.0,0.0,0.0,0.0,27.0,25.0,25.0,12.0,21.0,0.0,0.0,0.0,0.0,0.0,25.0,12.0,0.0,0.0,0.0,0.0
C4__baldwinian__s17,C4__baldwinian,C4,C4,baldwinian,17,1450,train,50,3.84,17,17,85.53983753414491,0.8333333333333334,0.5,static,0.48125,0.0,0.0,232.0,186.0,143.0,190.0,96.0,0.0,0.0,0.0,19.0,19.0,11.0,24.0,30.0,0.0,0.0,0.0,0.0,0.0,11.0,24.0,0.0,0.0,0.0,0.0
C4__baldwinian__s17,C4__baldwinian,C4,C4,baldwinian,17,1500,train,50,3.8,21,21,56.20414459123751,0.8541666666666666,0.5,static,0.54375,0.0,0.0,231.0,161.0,259.0,187.0,125.0,0.0,0.0,0.0,18.0,22.0,22.0,19.0,32.0,0.0,0.0,0.0,0.0,0.0,22.0,19.0,0.0,0.0,0.0,0.0
C4__baldwinian__s17,C4__baldwinian,C4,C4,baldwinian,17,1550,eval,50,3.84,23,23,126.957792447661,0.7708333333333334,0.5,static,0.53,0.0,0.0,214.0,245.0,181.0,190.0,42.0,56.0,23.0,58.0,16.0,23.0,24.0,16.0,6.0,3.0,4.0,7.0,0.0,0.0,24.0,16.0,0.0,0.0,4.0,7.0
C4__baldwinian__s17,C4__baldwinian,C4,C4,baldwinian,17,1600,eval,50,3.96,18,18,118.79316257025755,0.7083333333333334,0.5,static,0.48,0.0,0.0,294.0,147.0,193.0,196.0,58.0,77.0,33.0,172.0,23.0,16.0,12.0,16.0,7.0,9.0,6.0,11.0,0.0,0.0,12.0,16.0,0.0,0.0,6.0,11.0
C4__baldwinian__s17,C4__baldwinian,C4,C4,baldwinian,17,1650,eval,50,4.26,20,20,132.7793412930048,0.7291666666666666,0.5,static,0.5,0.0,0.0,142.0,215.0,318.0,151.0,7.0,20.0,117.0,55.0,12.0,23.0,19.0,10.0,2.0,4.0,10.0,3.0,0.0,0.0,19.0,10.0,0.0,0.0,10.0,3.0
C4__baldwinian__s17,C4__baldwinian,C4,C4,baldwinian,17,1700,eval,50,4.56,19,19,166.925139780909,0.6041666666666666,0.5,static,0.49,0.0,0.0,381.0,114.0,144.0,198.0,37.0,58.0,23.0,24.0,17.0,13.0,14.0,17.0,2.0,8.0,3.0,1.0,0.0,0.0,14.0,17.0,0.0,0.0,3.0,1.0
C4__baldwinian__s17,C4__baldwinian,C4,C4,baldwinian,17,1750,eval,50,4.68,20,20,175.85607996957606,0.5625,0.5,static,0.495,0.0,0.0,216.0,174.0,239.0,177.0,60.0,79.0,24.0,71.0,13.0,8.0,16.0,15.0,10.0,11.0,5.0,4.0,0.0,0.0,16.0,15.0,0.0,0.0,5.0,4.0
C4__baldwinian__s17,C4__baldwinian,C4,C4,baldwinian,17,1800,eval,50,4.68,14,14,208.70931101326107,0.5625,0.5,static,0.495,0.0,0.0,225.0,187.0,113.0,231.0,126.0,94.0,78.0,115.0,13.0,17.0,10.0,16.0,11.0,6.0,3.0,8.0,0.0,0.0,10.0,16.0,0.0,0.0,3.0,8.0
C4__baldwinian__s18,C4__baldwinian,C4,C4,baldwinian,18,50,train,50,0.68,32,2,65.24343870106264,0.875,0.5,static,0.51875,0.0,0.0,177.0,59.0,86.0,139.0,99.0,0.0,0.0,0.0,27.0,15.0,23.0,20.0,33.0,0.0,0.0,0.0,0.0,0.0,23.0,20.0,0.0,0.0,0.0,0.0
C4__baldwinian__s18,C4__baldwinian,C4,C4,baldwinian,18,100,train,49,0.7346938775510204,14,15,81.71058395297035,0.8333333333333334,0.5,static,0.4875,0.0,0.0,203.0,167.0,123.0,186.0,86.0,0.0,0.0,0.0,27.0,16.0,14.0,13.0,29.0,0.0,0.0,0.0,0.0,0.0,14.0,13.0,0.0,0.0,0.0,0.0
C4__baldwinian__s18,C4__baldwinian,C4,C4,baldwinian,18,150,train,46,1.2173913043478262,22,25,84.70319305373391,0.8333333333333334,0.5,static,0.55,0.0,0.0,185.0,168.0,184.0,193.0,89.0,0.0,0.0,0.0,11.0,23.0,20.0,22.0,19.0,0.0,0.0,0.0,0.0,0.0,20.0,22.0,0.0,0.0,0.0,0.0
C4__baldwinian__s18,C4__baldwinian,C4,C4,baldwinian,18,200,train,46,1.5217391304347827,12,12,105.73824728407064,0.8125,0.5,static,0.53125,0.0,0.0,193.0,142.0,175.0,177.0,101.0,0.0,0.0,0.0,18.0,28.0,15.0,20.0,21.0,0.0,0.0,0.0,0.0,0.0,15.0,20.0,0.0,0.0,0.0,0.0
C4__baldwinian__s18,C4__baldwinian,C4,C4,baldwinian,18,250,train,50,1.42,16,12,66.62771249518129,0.8958333333333334,0.5,static,0.49375,0.0,0.0,264.0,169.0,218.0,163.0,89.0,0.0,0.0,0.0,28.0,21.0,17.0,15.0,28.0,0.0,0.0,0.0,0.0,0.0,17.0,15.0,0.0,0.0,0.0,0.0
C4__baldwinian__s18,C4__baldwinian,C4,C4,baldwinian,18,300,train,50,1.32,11,11,105.9844971916985,0.7291666666666666,0.5,static,0.50625,0.0,0.0,323.0,291.0,164.0,142.0,56.0,0.0,0.0,0.0,33.0,20.0,9.0,15.0,19.0,0.0,0.0,0.0,0.0,0.0,9.0,15.0,0.0,0.0,0.0,0.0
C4__baldwinian__s18,C4__baldwinian,C4,C4,baldwinian,18,350,train,50,1.24,8,8,103.60618667182271,0.8125,0.5,static,0.48125,0.0,0.0,248.0,207.0,181.0,145.0,98.0,0.0,0.0,0.0,27.0,20.0,17.0,11.0,32.0,0.0,0.0,0.0,0.0,0.0,17.0,11.0,0.0,0.0,0.0,0.0
C4__baldwinian__s18,C4__baldwinian,C4,C4,baldwinian,18,400,train,50,1.34,16,16,92.51731501037614,0.7916666666666666,0.5,static,0.4625,0.0,0.0,285.0,195.0,276.0,255.0,101.0,0.0,0.0,0.0,26.0,21.0,25.0,15.0,21.0,0.0,0.0,0.0,0.0,0.0,25.0,15.0,0.0,0.0,0.0,0.0
C4__baldwinian__s18,C4__baldwinian,C4,C4,baldwinian,18,450,train,50,1.44,16,16,81.45352574073254,0.8958333333333334,0.5,static,0.45,0.0,0.0,226.0,227.0,152.0,237.0,116.0,0.0,0.0,0.0,17.0,29.0,17.0,10.0,27.0,0.0,0.0,0.0,0.0,0.0,17.0,10.0,0.0,0.0,0.0,0.0
C4__baldwinian__s18,C4__baldwinian,C4,C4,baldwinian,18,500,train,48,1.7916666666666667,21,23,73.36137672553608,0.875,0.5,static,0.50625,0.0,0.0,266.0,260.0,310.0,169.0,81.0,0.0,0.0,0.0,18.0,19.0,18.0,26.0,30.0,0.0,0.0,0.0,0.0,0.0,18.0,26.0,0.0,0.0,0.0,0.0
C4__baldwinian__s18,C4__baldwinian,C4,C4,baldwinian,18,550,train,50,2.26,28,26,120.64902405370388,0.7083333333333334,0.5,static,0.525,0.0,0.0,151.0,151.0,185.0,208.0,90.0,0.0,0.0,0.0,23.0,11.0,27.0,20.0,17.0,0.0,0.0,0.0,0.0,0.0,27.0,20.0,0.0,0.0,0.0,0.0
C4__baldwinian__s18,C4__baldwinian,C4,C4,baldwinian,18,600,train,50,2.32,20,20,122.82749118234699,0.7291666666666666,0.5,static,0.53125,0.0,0.0,154.0,212.0,188.0,315.0,101.0,0.0,0.0,0.0,15.0,20.0,18.0,30.0,25.0,0.0,0.0,0.0,0.0,0.0,18.0,30.0,0.0,0.0,0.0,0.0
C4__baldwinian__s18,C4__baldwinian,C4,C4,baldwinian,18,650,train,50,2.56,24,24,64.62231259417266,0.8541666666666666,0.5,static,0.5125,0.0,0.0,262.0,138.0,205.0,173.0,126.0,0.0,0.0,0.0,27.0,28.0,16.0,15.0,21.0,0.0,0.0,0.0,0.0,0.0,16.0,15.0,0.0,0.0,0.0,0.0
C4__baldwinian__s18,C4__baldwinian,C4,C4,baldwinian,18,700,train,50,2.72,20,20,117.43014836828746,0.7083333333333334,0.5,static,0.48125,0.0,0.0,195.0,148.0,145.0,175.0,137.0,0.0,0.0,0.0,18.0,14.0,18.0,23.0,23.0,0.0,0.0,0.0,0.0,0.0,18.0,23.0,0.0,0.0,0.0,0.0
C4__baldwinian__s18,C4__baldwinian,C4,C4,baldwinian,18,750,train,50,2.64,17,17,84.442956159277,0.8333333333333334,0.5,static,0.475,0.0,0.0,283.0,248.0,198.0,241.0,84.0,0.0,0.0,0.0,13.0,24.0,22.0,23.0,30.0,0.0,0.0,0.0,0.0,0.0,22.0,23.0,0.0,0.0,0.0,0.0
C4__baldwinian__s18,C4__baldwinian,C4,C4,baldwinian,18,800,train,50,2.76,20,20,96.59277364042029,0.7916666666666666,0.5,static,0.575,0.0,0.0,264.0,256.0,120.0,252.0,90.0,0.0,0.0,0.0,20.0,32.0,16.0,20.0,24.0,0.0,0.0,0.0,0.0,0.0,16.0,20.0,0.0,0.0,0.0,0.0
C4__baldwinian__s18,C4__baldwinian,C4,C4,baldwinian,18,850,train,50,2.82,16,16,59.62576103720326,0.875,0.5,static,0.50625,0.0,0.0,269.0,97.0,224.0,244.0,64.0,0.0,0.0,0.0,22.0,16.0,17.0,25.0,28.0,0.0,0.0,0.0,0.0,0.0,17.0,25.0,0.0,0.0,0.0,0.0
C4__baldwinian__s18,C4__baldwinian,C4,C4,baldwinian,18,900,train,50,3.02,18,18,62.58623856939331,0.875,0.5,static,0.4875,0.0,0.0,194.0,240.0,247.0,182.0,100.0,0.0,0.0,0.0,27.0,24.0,20.0,20.0,20.0,0.0,0.0,0.0,0.0,0.0,20.0,20.0,0.0,0.0,0.0,0.0
C4__baldwinian__s18,C4__baldwinian,C4,C4,baldwinian,18,950,train,50,3.1,17,17,114.43262297038146,0.8125,0.5,static,0.48125,0.0,0.0,182.0,193.0,176.0,164.0,129.0,0.0,0.0,0.0,11.0,22.0,16.0,15.0,26.0,0.0,0.0,0.0,0.0,0.0,16.0,15.0,0.0,0.0,0.0,0.0
C4__baldwinian__s18,C4__baldwinian,C4,C4,baldwinian,18,1000,train,50,3.22,15,15,68.76179123283958,0.8958333333333334,0.5,static,0.525,0.0,0.0,274.0,206.0,151.0,253.0,108.0,0.0,0.0,0.0,19.0,28.0,25.0,20.0,22.0,0.0,0.0,0.0,0.0,0.0,25.0,20.0,0.0,0.0,0.0,0.0
C4__baldwinian__s18,C4__baldwinian,C4,C4,baldwinian,18,1050,train,50,3.34,24,24,109.94591284446595,0.7083333333333334,0.5,static,0.45625,0.0,0.0,194.0,231.0,201.0,238.0,119.0,0.0,0.0,0.0,17.0,13.0,23.0,18.0,23.0,0.0,0.0,0.0,0.0,0.0,23.0,18.0,0.0,0.0,0.0,0.0
C4__baldwinian__s18,C4__baldwinian,C4,C4,baldwinian,18,1100,train,50,3.5,21,21,97.46608915349967,0.7916666666666666,0.5,static,0.5375,0.0,0.0,297.0,200.0,305.0,328.0,85.0,0.0,0.0,0.0,30.0,10.0,28.0,24.0,16.0,0.0,0.0,0.0,0.0,0.0,28.0,24.0,0.0,0.0,0.0,0.0
C4__baldwinian__s18,C4__baldwinian,C4,C4,baldwinian,18,1150,train,50,3.52,13,13,111.61697653663342,0.6666666666666666,0.5,static,0.50625,0.0,0.0,360.0,203.0,215.0,135.0,83.0,0.0,0.0,0.0,22.0,13.0,17.0,12.0,23.0,0.0,0.0,0.0,0.0,0.0,17.0,12.0,0.0,0.0,0.0,0.0
C4__baldwinian__s18,C4__baldwinian,C4,C4,baldwinian,18,1200,train,50,3.36,20,20,57.656137065655116,0.9166666666666666,0.5,static,0.4625,0.0,0.0,207.0,279.0,274.0,313.0,96.0,0.0,0.0,0.0,35.0,18.0,16.0,24.0,31.0,0.0,0.0,0.0,0.0,0.0,16.0,24.0,0.0,0.0,0.0,0.0
C4__baldwinian__s18,C4__baldwinian,C4,C4,baldwinian,18,1250,train,50,3.46,18,18,108.3989799378817,0.8125,0.5,static,0.525,0.0,0.0,153.0,288.0,175.0,289.0,153.0,0.0,0.0,0.0,15.0,21.0,22.0,21.0,8.0,0.0,0.0,0.0,0.0,0.0,22.0,21.0,0.0,0.0,0.0,0.0
C4__baldwinian__s18,C4__baldwinian,C4,C4,baldwinian,18,1300,train,50,3.64,17,17,93.09829782411818,0.7916666666666666,0.5,static,0.45625,0.0,0.0,180.0,283.0,205.0,168.0,122.0,0.0,0.0,0.0,23.0,24.0,21.0,12.0,23.0,0.0,0.0,0.0,0.0,0.0,21.0,12.0,0.0,0.0,0.0,0.0
C4__baldwinian__s18,C4__baldwinian,C4,C4,baldwinian,18,1350,train,50,3.76,11,11,87.14215891921958,0.7916666666666666,0.5,static,0.5,0.0,0.0,244.0,245.0,126.0,222.0,165.0,0.0,0.0,0.0,31.0,13.0,12.0,22.0,22.0,0.0,0.0,0.0,0.0,0.0,12.0,22.0,0.0,0.0,0.0,0.0
C4__baldwinian__s18,C4__baldwinian,C4,C4,baldwinian,18,1400,train,50,3.86,19,19,59.637164995620566,0.8958333333333334,0.5,static,0.5125,0.0,0.0,152.0,197.0,187.0,216.0,132.0,0.0,0.0,0.0,19.0,22.0,15.0,11.0,22.0,0.0,0.0,0.0,0.0,0.0,15.0,11.0,0.0,0.0,0.0,0.0
C4__baldwinian__s18,C4__baldwinian,C4,C4,baldwinian,18,1450,train,50,4.04,18,18,100.83808315260615,0.7708333333333334,0.5,static,0.5375,0.0,0.0,181.0,192.0,238.0,133.0,199.0,0.0,0.0,0.0,17.0,23.0,22.0,15.0,20.0,0.0,0.0,0.0,0.0,0.0,22.0,15.0,0.0,0.0,0.0,0.0
C4__baldwinian__s18,C4__baldwinian,C4,C4,baldwinian,18,1500,train,50,4.24,18,18,83.1827705468734,0.8333333333333334,0.5,static,0.45,0.0,0.0,189.0,148.0,138.0,161.0,112.0,0.0,0.0,0.0,36.0,11.0,14.0,17.0,31.0,0.0,0.0,0.0,0.0,0.0,14.0,17.0,0.0,0.0,0.0,0.0
C4__baldwinian__s18,C4__baldwinian,C4,C4,baldwinian,18,1550,eval,50,4.16,22,22,119.30401272338928,0.7708333333333334,0.5,static,0.505,0.0,0.0,137.0,144.0,137.0,211.0,12.0,8.0,52.0,69.0,27.0,12.0,23.0,15.0,0.0,3.0,5.0,9.0,0.0,0.0,23.0,15.0,0.0,0.0,5.0,9.0
C4__baldwinian__s18,C4__baldwinian,C4,C4,baldwinian,18,1600,eval,50,4.42,17,17,211.9786011210975,0.4791666666666667,0.5,static,0.525,0.0,0.0,127.0,240.0,176.0,211.0,10.0,30.0,31.0,69.0,23.0,16.0,17.0,14.0,1.0,2.0,2.0,5.0,0.0,0.0,17.0,14.0,0.0,0.0,2.0,5.0
C4__baldwinian__s18,C4__baldwinian,C4,C4,baldwinian,18,1650,eval,50,4.46,13,13,214.1506583927013,0.5416666666666666,0.5,static,0.49,0.0,0.0,209.0,160.0,219.0,211.0,27.0,39.0,16.0,68.0,18.0,21.0,16.0,27.0,2.0,3.0,2.0,5.0,0.0,0.0,16.0,27.0,0.0,0.0,2.0,5.0
C4__baldwinian__s18,C4__baldwinian,C4,C4,baldwinian,18,1700,eval,50,4.52,12,12,171.21665212278504,0.6041666666666666,0.5,static,0.545,0.0,0.0,211.0,171.0,324.0,188.0,19.0,54.0,11.0,42.0,10.0,10.0,15.0,27.0,7.0,9.0,3.0,1.0,0.0,0.0,15.0,27.0,0.0,0.0,3.0,1.0
C4__baldwinian__s18,C4__baldwinian,C4,C4,baldwinian,18,1750,eval,50,4.68,13,13,170.45102428908314,0.6041666666666666,0.5,static,0.565,0.0,0.0,174.0,218.0,192.0,175.0,9.0,49.0,17.0,61.0,17.0,24.0,16.0,8.0,3.0,14.0,2.0,3.0,0.0,0.0,16.0,8.0,0.0,0.0,2.0,3.0
C4__baldwinian__s18,C4__baldwinian,C4,C4,baldwinian,18,1800,eval,50,4.74,3,3,237.76687184948926,0.4375,0.5,static,0.52,0.0,0.0,304.0,199.0,191.0,156.0,5.0,18.0,51.0,43.0,15.0,11.0,7.0,10.0,0.0,1.0,3.0,8.0,0.0,0.0,7.0,10.0,0.0,0.0,3.0,8.0
C4__baldwinian__s19,C4__baldwinian,C4,C4,baldwinian,19,50,train,50,0.78,34,4,124.33653385623373,0.7291666666666666,0.5,static,0.5125,0.0,0.0,55.0,86.0,103.0,97.0,113.0,0.0,0.0,0.0,18.0,26.0,16.0,20.0,33.0,0.0,0.0,0.0,0.0,0.0,16.0,20.0,0.0,0.0,0.0,0.0
C4__baldwinian__s19,C4__baldwinian,C4,C4,baldwinian,19,100,train,46,1.0217391304347827,15,19,60.06252298681579,0.9166666666666666,0.5,static,0.4875,0.0,0.0,96.0,202.0,92.0,145.0,128.0,0.0,0.0,0.0,16.0,27.0,18.0,26.0,19.0,0.0,0.0,0.0,0.0,0.0,18.0,26.0,0.0,0.0,0.0,0.0
C4__baldwinian__s19,C4__baldwinian,C4,C4,baldwinian,19,150,train,44,1.25,13,15,105.226029318607,0.8541666666666666,0.5,static,0.55625,0.0,0.0,184.0,220.0,163.0,141.0,38.0,0.0,0.0,0.0,25.0,18.0,22.0,11.0,19.0,0.0,0.0,0.0,0.0,0.0,22.0,11.0,0.0,0.0,0.0,0.0
C4__baldwinian__s19,C4__baldwinian,C4,C4,baldwinian,19,200,train,40,1.525,15,19,83.58507183638206,0.8541666666666666,0.5,static,0.4625,0.0,0.0,124.0,124.0,149.0,167.0,57.0,0.0,0.0,0.0,16.0,23.0,24.0,15.0,24.0,0.0,0.0,0.0,0.0,0.0,24.0,15.0,0.0,0.0,0.0,0.0
C4__baldwinian__s19,C4__baldwinian,C4,C4,baldwinian,19,250,train,49,1.7755102040816326,20,11,109.18393766695017,0.7291666666666666,0.5,static,0.5125,0.0,0.0,212.0,123.0,206.0,122.0,83.0,0.0,0.0,0.0,30.0,17.0,17.0,18.0,17.0,0.0,0.0,0.0,0.0,0.0,17.0,18.0,0.0,0.0,0.0,0.0
C4__baldwinian__s19,C4__baldwinian,C4,C4,baldwinian,19,300,train,50,2.06,18,17,114.83757099885506,0.7291666666666666,0.5,static,0.4375,0.0,0.0,171.0,238.0,198.0,185.0,105.0,0.0,0.0,0.0,17.0,15.0,17.0,19.0,30.0,0.0,0.0,0.0,0.0,0.0,17.0,19.0,0.0,0.0,0.0,0.0
C4__baldwinian__s19,C4__baldwinian,C4,C4,baldwinian,19,350,train,50,2.16,19,19,110.69504539598358,0.7083333333333334,0.5,static,0.5,0.0,0.0,210.0,136.0,327.0,245.0,145.0,0.0,0.0,0.0,27.0,8.0,24.0,13.0,26.0,0.0,0.0,0.0,0.0,0.0,24.0,13.0,0.0,0.0,0.0,0.0
C4__baldwinian__s19,C4__baldwinian,C4,C4,baldwinian,19,400,train,50,2.22,11,11,117.34527339723336,0.75,0.5,static,0.5125,0.0,0.0,185.0,356.0,232.0,175.0,135.0,0.0,0.0,0.0,22.0,27.0,23.0,17.0,19.0,0.0,0.0,0.0,0.0,0.0,23.0,17.0,0.0,0.0,0.0,0.0
C4__baldwinian__s19,C4__baldwinian,C4,C4,baldwinian,19,450,train,50,2.22,14,14,97.99281824320049,0.8333333333333334,0.5,static,0.51875,0.0,0.0,260.0,316.0,362.0,209.0,126.0,0.0,0.0,0.0,22.0,24.0,27.0,15.0,30.0,0.0,0.0,0.0,0.0,0.0,27.0,15.0,0.0,0.0,0.0,0.0
C4__baldwinian__s19,C4__baldwinian,C4,C4,baldwinian,19,500,train,50,2.3,12,12,94.91464879216994,0.7708333333333334,0.5,static,0.48125,0.0,0.0,305.0,230.0,210.0,203.0,114.0,0.0,0.0,0.0,22.0,33.0,17.0,13.0,26.0,0.0,0.0,0.0,0.0,0.0,17.0,13.0,0.0,0.0,0.0,0.0
C4__baldwinian__s19,C4__baldwinian,C4,C4,baldwinian,19,550,train,50,2.52,20,20,109.37469776214127,0.75,0.5,static,0.51875,0.0,0.0,226.0,256.0,95.0,166.0,103.0,0.0,0.0,0.0,41.0,19.0,4.0,13.0,19.0,0.0,0.0,0.0,0.0,0.0,4.0,13.0,0.0,0.0,0.0,0.0
C4__baldwinian__s19,C4__baldwinian,C4,C4,baldwinian,19,600,train,50,2.56,13,13,67.16832509495012,0.8958333333333334,0.5,static,0.49375,0.0,0.0,142.0,209.0,206.0,282.0,116.0,0.0,0.0,0.0,17.0,22.0,24.0,18.0,31.0,0.0,0.0,0.0,0.0,0.0,24.0,18.0,0.0,0.0,0.0,0.0
C4__baldwinian__s19,C4__baldwinian,C4,C4,baldwinian,19,650,train,50,3.0,22,22,84.30546526253332,0.7916666666666666,0.5,static,0.5375,0.0,0.0,275.0,233.0,260.0,283.0,91.0,0.0,0.0,0.0,10.0,22.0,24.0,24.0,21.0,0.0,0.0,0.0,0.0,0.0,24.0,24.0,0.0,0.0,0.0,0.0
C4__baldwinian__s19,C4__baldwinian,C4,C4,baldwinian,19,700,train,50,3.28,19,19,62.269099777529455,0.8958333333333334,0.5,static,0.51875,0.0,0.0,250.0,246.0,240.0,183.0,97.0,0.0,0.0,0.0,29.0,18.0,29.0,11.0,21.0,0.0,0.0,0.0,0.0,0.0,29.0,11.0,0.0,0.0,0.0,0.0
C4__baldwinian__s19,C4__baldwinian,C4,C4,baldwinian,19,750,train,50,3.88,20,20,114.79044911849678,0.7291666666666666,0.5,static,0.45625,0.0,0.0,189.0,177.0,179.0,253.0,120.0,0.0,0.0,0.0,15.0,18.0,14.0,20.0,22.0,0.0,0.0,0.0,0.0,0.0,14.0,20.0,0.0,0.0,0.0,0.0
C4__baldwinian__s19,C4__baldwinian,C4,C4,baldwinian,19,800,train,50,4.0,14,14,138.05591528715647,0.7083333333333334,0.5,static,0.45,0.0,0.0,193.0,197.0,204.0,221.0,138.0,0.0,0.0,0.0,12.0,36.0,23.0,14.0,16.0,0.0,0.0,0.0,0.0,0.0,23.0,14.0,0.0,0.0,0.0,0.0
C4__baldwinian__s19,C4__baldwinian,C4,C4,baldwinian,19,850,train,50,3.9,18,18,83.26790532326407,0.8333333333333334,0.5,static,0.5125,0.0,0.0,183.0,217.0,253.0,209.0,132.0,0.0,0.0,0.0,15.0,31.0,21.0,17.0,28.0,0.0,0.0,0.0,0.0,0.0,21.0,17.0,0.0,0.0,0.0,0.0
C4__baldwinian__s19,C4__baldwinian,C4,C4,baldwinian,19,900,train,50,3.72,13,13,106.79182075475623,0.8125,0.5,static,0.475,0.0,0.0,249.0,228.0,123.0,244.0,202.0,0.0,0.0,0.0,21.0,19.0,13.0,15.0,26.0,0.0,0.0,0.0,0.0,0.0,13.0,15.0,0.0,0.0,0.0,0.0
C4__baldwinian__s19,C4__baldwinian,C4,C4,baldwinian,19,950,train,50,3.76,12,12,96.72199657290327,0.75,0.5,static,0.475,0.0,0.0,228.0,206.0,282.0,233.0,177.0,0.0,0.0,0.0,23.0,19.0,16.0,20.0,22.0,0.0,0.0,0.0,0.0,0.0,16.0,20.0,0.0,0.0,0.0,0.0
C4__baldwinian__s19,C4__baldwinian,C4,C4,baldwinian,19,1000,train,50,3.76,13,13,61.52849234093683,0.8958333333333334,0.5,static,0.4875,0.0,0.0,192.0,211.0,248.0,244.0,148.0,0.0,0.0,0.0,22.0,25.0,20.0,23.0,25.0,0.0,0.0,0.0,0.0,0.0,20.0,23.0,0.0,0.0,0.0,0.0
C4__baldwinian__s19,C4__baldwinian,C4,C4,baldwinian,19,1050,train,50,4.26,21,21,104.52968962369715,0.7916666666666666,0.5,static,0.45625,0.0,0.0,247.0,173.0,208.0,230.0,106.0,0.0,0.0,0.0,16.0,20.0,23.0,19.0,17.0,0.0,0.0,0.0,0.0,0.0,23.0,19.0,0.0,0.0,0.0,0.0
C4__baldwinian__s19,C4__baldwinian,C4,C4,baldwinian,19,1100,train,50,4.6,14,14,86.86673663012493,0.7708333333333334,0.5,static,0.55,0.0,0.0,316.0,259.0,131.0,168.0,188.0,0.0,0.0,0.0,25.0,18.0,11.0,12.0,15.0,0.0,0.0,0.0,0.0,0.0,11.0,12.0,0.0,0.0,0.0,0.0
C4__baldwinian__s19,C4__baldwinian,C4,C4,baldwinian,19,1150,train,50,4.76,16,16,125.85453020139039,0.6875,0.5,static,0.45625,0.0,0.0,253.0,226.0,266.0,235.0,272.0,0.0,0.0,0.0,21.0,5.0,22.0,12.0,26.0,0.0,0.0,0.0,0.0,0.0,22.0,12.0,0.0,0.0,0.0,0.0
C4__baldwinian__s19,C4__baldwinian,C4,C4,baldwinian,19,1200,train,50,5.1,18,18,78.41709402130013,0.7916666666666666,0.5,static,0.5125,0.0,0.0,301.0,261.0,244.0,280.0,124.0,0.0,0.0,0.0,24.0,20.0,21.0,19.0,22.0,0.0,0.0,0.0,0.0,0.0,21.0,19.0,0.0,0.0,0.0,0.0
C4__baldwinian__s19,C4__baldwinian,C4,C4,baldwinian,19,1250,train,50,5.46,16,16,115.00084382420044,0.7083333333333334,0.5,static,0.5375,0.0,0.0,158.0,216.0,141.0,356.0,157.0,0.0,0.0,0.0,18.0,30.0,14.0,16.0,14.0,0.0,0.0,0.0,0.0,0.0,14.0,16.0,0.0,0.0,0.0,0.0
C4__baldwinian__s19,C4__baldwinian,C4,C4,baldwinian,19,1300,train,50,5.54,19,19,51.5422631943442,0.8958333333333334,0.5,static,0.475,0.0,0.0,115.0,202.0,118.0,157.0,188.0,0.0,0.0,0.0,14.0,40.0,15.0,14.0,19.0,0.0,0.0,0.0,0.0,0.0,15.0,14.0,0.0,0.0,0.0,0.0
C4__baldwinian__s19,C4__baldwinian,C4,C4,baldwinian,19,1350,train,50,5.6,25,25,106.66527143136874,0.7291666666666666,0.5,static,0.4875,0.0,0.0,126.0,179.0,115.0,155.0,218.0,0.0,0.0,0.0,19.0,18.0,12.0,18.0,25.0,0.0,0.0,0.0,0.0,0.0,12.0,18.0,0.0,0.0,0.0,0.0
C4__baldwinian__s19,C4__baldwinian,C4,C4,baldwinian,19,1400,train,50,5.7,15,15,123.22956237816254,0.6666666666666666,0.5,static,0.45625,0.0,0.0,153.0,227.0,197.0,347.0,50.0,0.0,0.0,0.0,18.0,19.0,9.0,29.0,9.0,0.0,0.0,0.0,0.0,0.0,9.0,29.0,0.0,0.0,0.0,0.0
C4__baldwinian__s19,C4__baldwinian,C4,C4,baldwinian,19,1450,train,50,5.66,12,12,87.73392087420511,0.7708333333333334,0.5,static,0.53125,0.0,0.0,262.0,272.0,163.0,299.0,141.0,0.0,0.0,0.0,21.0,24.0,12.0,24.0,20.0,0.0,0.0,0.0,0.0,0.0,12.0,24.0,0.0,0.0,0.0,0.0
C4__baldwinian__s19,C4__baldwinian,C4,C4,baldwinian,19,1500,train,50,5.68,16,16,80.28152390887014,0.8125,0.5,static,0.50625,0.0,0.0,193.0,185.0,258.0,181.0,174.0,0.0,0.0,0.0,22.0,18.0,24.0,13.0,26.0,0.0,0.0,0.0,0.0,0.0,24.0,13.0,0.0,0.0,0.0,0.0
C4__baldwinian__s19,C4__baldwinian,C4,C4,baldwinian,19,1550,eval,50,6.86,25,25,140.26452127279916,0.6458333333333334,0.5,static,0.495,0.0,0.0,161.0,176.0,228.0,138.0,12.0,36.0,44.0,41.0,16.0,14.0,15.0,13.0,2.0,3.0,6.0,2.0,0.0,0.0,15.0,13.0,0.0,0.0,6.0,2.0
C4__baldwinian__s19,C4__baldwinian,C4,C4,baldwinian,19,1600,eval,50,7.06,17,17,182.80175914757933,0.5416666666666666,0.5,static,0.555,0.0,0.0,291.0,176.0,214.0,272.0,55.0,17.0,26.0,27.0,20.0,11.0,9.0,13.0,3.0,5.0,3.0,4.0,0.0,0.0,9.0,13.0,0.0,0.0,3.0,4.0
C4__baldwinian__s19,C4__baldwinian,C4,C4,baldwinian,19,1650,eval,50,7.12,6,6,184.93704874238665,0.5208333333333334,0.5,static,0.53,0.0,0.0,312.0,142.0,253.0,373.0,20.0,59.0,9.0,94.0,23.0,7.0,18.0,15.0,4.0,2.0,0.0,0.0,0.0,0.0,18.0,15.0,0.0,0.0,0.0,0.0
C4__baldwinian__s19,C4__baldwinian,C4,C4,baldwinian,19,1700,eval,50,7.12,11,11,224.4924249147701,0.4375,0.5,static,0.47,0.0,0.0,274.0,152.0,247.0,276.0,19.0,25.0,14.0,54.0,15.0,7.0,15.0,27.0,2.0,0.0,1.0,2.0,0.0,0.0,15.0,27.0,0.0,0.0,1.0,2.0
C4__baldwinian__s19,C4__baldwinian,C4,C4,baldwinian,19,1750,eval,50,7.2,13,13,201.8781372447832,0.4791666666666667,0.5,static,0.455,0.0,0.0,176.0,437.0,244.0,149.0,47.0,19.0,34.0,24.0,9.0,16.0,22.0,10.0,3.0,1.0,5.0,0.0,0.0,0.0,22.0,10.0,0.0,0.0,5.0,0.0
C4__baldwinian__s19,C4__baldwinian,C4,C4,baldwinian,19,1800,eval,50,7.18,14,14,191.4436601517603,0.5208333333333334,0.5,static,0.52,0.0,0.0,357.0,239.0,283.0,336.0,22.0,96.0,8.0,32.0,24.0,10.0,17.0,14.0,3.0,1.0,0.0,1.0,0.0,0.0,17.0,14.0,0.0,0.0,0.0,1.0
C4__baldwinian__s20,C4__baldwinian,C4,C4,baldwinian,20,50,train,48,0.8541666666666666,34,6,72.71838615749428,0.875,0.5,static,0.48125,0.0,0.0,83.0,98.0,161.0,95.0,72.0,0.0,0.0,0.0,17.0,27.0,25.0,17.0,29.0,0.0,0.0,0.0,0.0,0.0,25.0,17.0,0.0,0.0,0.0,0.0
C4__baldwinian__s20,C4__baldwinian,C4,C4,baldwinian,20,100,train,47,0.9787234042553191,11,12,67.48759173318194,0.8958333333333334,0.5,static,0.50625,0.0,0.0,140.0,151.0,198.0,195.0,100.0,0.0,0.0,0.0,20.0,28.0,15.0,19.0,26.0,0.0,0.0,0.0,0.0,0.0,15.0,19.0,0.0,0.0,0.0,0.0
C4__baldwinian__s20,C4__baldwinian,C4,C4,baldwinian,20,150,train,49,1.0408163265306123,18,16,74.25251714254645,0.9166666666666666,0.5,static,0.50625,0.0,0.0,149.0,285.0,241.0,267.0,57.0,0.0,0.0,0.0,27.0,17.0,18.0,22.0,22.0,0.0,0.0,0.0,0.0,0.0,18.0,22.0,0.0,0.0,0.0,0.0
C4__baldwinian__s20,C4__baldwinian,C4,C4,baldwinian,20,200,train,50,1.1,13,12,82.7709519863709,0.8541666666666666,0.5,static,0.50625,0.0,0.0,315.0,203.0,303.0,109.0,137.0,0.0,0.0,0.0,20.0,16.0,24.0,17.0,29.0,0.0,0.0,0.0,0.0,0.0,24.0,17.0,0.0,0.0,0.0,0.0
C4__baldwinian__s20,C4__baldwinian,C4,C4,baldwinian,20,250,train,50,0.98,14,14,79.05661439069243,0.875,0.5,static,0.4375,0.0,0.0,189.0,189.0,207.0,199.0,137.0,0.0,0.0,0.0,16.0,17.0,16.0,15.0,33.0,0.0,0.0,0.0,0.0,0.0,16.0,15.0,0.0,0.0,0.0,0.0
C4__baldwinian__s20,C4__baldwinian,C4,C4,baldwinian,20,300,train,50,1.08,23,23,76.80323921412092,0.8541666666666666,0.5,static,0.4875,0.0,0.0,256.0,238.0,225.0,257.0,128.0,0.0,0.0,0.0,18.0,30.0,17.0,17.0,22.0,0.0,0.0,0.0,0.0,0.0,17.0,17.0,0.0,0.0,0.0,0.0
C4__baldwinian__s20,C4__baldwinian,C4,C4,baldwinian,20,350,train,50,1.14,18,18,60.92941771248003,0.9375,0.5,static,0.5625,0.0,0.0,199.0,143.0,264.0,234.0,166.0,0.0,0.0,0.0,22.0,9.0,27.0,14.0,33.0,0.0,0.0,0.0,0.0,0.0,27.0,14.0,0.0,0.0,0.0,0.0
C4__baldwinian__s20,C4__baldwinian,C4,C4,baldwinian,20,400,train,50,1.58,23,23,50.63583069189939,0.9166666666666666,0.5,static,0.49375,0.0,0.0,180.0,188.0,132.0,243.0,94.0,0.0,0.0,0.0,21.0,13.0,22.0,21.0,36.0,0.0,0.0,0.0,0.0,0.0,22.0,21.0,0.0,0.0,0.0,0.0
C4__baldwinian__s20,C4__baldwinian,C4,C4,baldwinian,20,450,train,50,1.5,18,18,108.9847905573039,0.6875,0.5,static,0.5,0.0,0.0,258.0,241.0,236.0,164.0,142.0,0.0,0.0,0.0,30.0,10.0,12.0,13.0,22.0,0.0,0.0,0.0,0.0,0.0,12.0,13.0,0.0,0.0,0.0,0.0
C4__baldwinian__s20,C4__baldwinian,C4,C4,baldwinian,20,500,train,50,1.64,19,19,83.9180302765314,0.8125,0.5,static,0.50625,0.0,0.0,191.0,196.0,342.0,254.0,129.0,0.0,0.0,0.0,15.0,20.0,24.0,15.0,25.0,0.0,0.0,0.0,0.0,0.0,24.0,15.0,0.0,0.0,0.0,0.0
C4__baldwinian__s20,C4__baldwinian,C4,C4,baldwinian,20,550,train,48,2.125,24,26,107.98954843474908,0.7916666666666666,0.5,static,0.44375,0.0,0.0,230.0,226.0,156.0,206.0,95.0,0.0,0.0,0.0,22.0,17.0,16.0,29.0,22.0,0.0,0.0,0.0,0.0,0.0,16.0,29.0,0.0,0.0,0.0,0.0
C4__baldwinian__s20,C4__baldwinian,C4,C4,baldwinian,20,600,train,50,2.4,11,9,97.53438971534418,0.8333333333333334,0.5,static,0.5125,0.0,0.0,162.0,173.0,169.0,156.0,117.0,0.0,0.0,0.0,18.0,16.0,21.0,6.0,32.0,0.0,0.0,0.0,0.0,0.0,21.0,6.0,0.0,0.0,0.0,0.0
C4__baldwinian__s20,C4__baldwinian,C4,C4,baldwinian,20,650,train,50,2.62,20,20,88.95445070239239,0.8125,0.5,static,0.5375,0.0,0.0,178.0,213.0,124.0,209.0,148.0,0.0,0.0,0.0,22.0,29.0,15.0,18.0,22.0,0.0,0.0,0.0,0.0,0.0,15.0,18.0,0.0,0.0,0.0,0.0
C4__baldwinian__s20,C4__baldwinian,C4,C4,baldwinian,20,700,train,50,2.76,19,19,88.98947119703594,0.875,0.5,static,0.5,0.0,0.0,242.0,143.0,209.0,266.0,178.0,0.0,0.0,0.0,23.0,12.0,27.0,19.0,28.0,0.0,0.0,0.0,0.0,0.0,27.0,19.0,0.0,0.0,0.0,0.0
C4__baldwinian__s20,C4__baldwinian,C4,C4,baldwinian,20,750,train,43,2.883720930232558,17,24,83.9859041384446,0.7916666666666666,0.5,static,0.50625,0.0,0.0,162.0,152.0,212.0,303.0,78.0,0.0,0.0,0.0,17.0,15.0,19.0,24.0,27.0,0.0,0.0,0.0,0.0,0.0,19.0,24.0,0.0,0.0,0.0,0.0
C4__baldwinian__s20,C4__baldwinian,C4,C4,baldwinian,20,800,train,48,3.1458333333333335,24,19,98.03099295973416,0.8541666666666666,0.5,static,0.5125,0.0,0.0,233.0,224.0,108.0,266.0,103.0,0.0,0.0,0.0,15.0,19.0,9.0,22.0,31.0,0.0,0.0,0.0,0.0,0.0,9.0,22.0,0.0,0.0,0.0,0.0
C4__baldwinian__s20,C4__baldwinian,C4,C4,baldwinian,20,850,train,50,3.38,20,18,104.02376194427745,0.75,0.5,static,0.5,0.0,0.0,189.0,204.0,125.0,263.0,43.0,0.0,0.0,0.0,26.0,24.0,14.0,18.0,21.0,0.0,0.0,0.0,0.0,0.0,14.0,18.0,0.0,0.0,0.0,0.0
C4__baldwinian__s20,C4__baldwinian,C4,C4,baldwinian,20,900,train,50,3.4,18,18,56.792829234335876,0.9166666666666666,0.5,static,0.49375,0.0,0.0,174.0,141.0,110.0,157.0,149.0,0.0,0.0,0.0,22.0,21.0,19.0,20.0,29.0,0.0,0.0,0.0,0.0,0.0,19.0,20.0,0.0,0.0,0.0,0.0
C4__baldwinian__s20,C4__baldwinian,C4,C4,baldwinian,20,950,train,50,3.6,17,17,71.32959738694154,0.8125,0.5,static,0.5,0.0,0.0,170.0,186.0,182.0,164.0,214.0,0.0,0.0,0.0,27.0,18.0,11.0,10.0,37.0,0.0,0.0,0.0,0.0,0.0,11.0,10.0,0.0,0.0,0.0,0.0
C4__baldwinian__s20,C4__baldwinian,C4,C4,baldwinian,20,1000,train,45,4.044444444444444,18,23,67.98148866226256,0.9166666666666666,0.5,static,0.50625,0.0,0.0,290.0,131.0,145.0,118.0,113.0,0.0,0.0,0.0,23.0,14.0,24.0,12.0,30.0,0.0,0.0,0.0,0.0,0.0,24.0,12.0,0.0,0.0,0.0,0.0
C4__baldwinian__s20,C4__baldwinian,C4,C4,baldwinian,20,1050,train,45,4.177777777777778,15,15,81.20983420518266,0.8541666666666666,0.5,static,0.5,0.0,0.0,171.0,144.0,275.0,147.0,121.0,0.0,0.0,0.0,24.0,18.0,17.0,19.0,27.0,0.0,0.0,0.0,0.0,0.0,17.0,19.0,0.0,0.0,0.0,0.0
C4__baldwinian__s20,C4__baldwinian,C4,C4,baldwinian,20,1100,train,50,4.52,22,17,71.39276182237913,0.8333333333333334,0.5,static,0.525,0.0,0.0,138.0,232.0,169.0,313.0,175.0,0.0,0.0,0.0,17.0,30.0,17.0,18.0,33.0,0.0,0.0,0.0,0.0,0.0,17.0,18.0,0.0,0.0,0.0,0.0
C4__baldwinian__s20,C4__baldwinian,C4,C4,baldwinian,20,1150,train,50,4.46,20,20,102.57893717026471,0.75,0.5,static,0.54375,0.0,0.0,195.0,173.0,202.0,244.0,154.0,0.0,0.0,0.0,19.0,13.0,13.0,23.0,26.0,0.0,0.0,0.0,0.0,0.0,13.0,23.0,0.0,0.0,0.0,0.0
C4__baldwinian__s20,C4__baldwinian,C4,C4,baldwinian,20,1200,train,50,4.52,18,18,80.5046381768563,0.8541666666666666,0.5,static,0.5125,0.0,0.0,280.0,186.0,194.0,252.0,120.0,0.0,0.0,0.0,24.0,20.0,20.0,23.0,29.0,0.0,0.0,0.0,0.0,0.0,20.0,23.0,0.0,0.0,0.0,0.0
C4__baldwinian__s20,C4__baldwinian,C4,C4,baldwinian,20,1250,train,50,4.7,13,13,112.56811963777014,0.75,0.5,static,0.48125,0.0,0.0,144.0,219.0,211.0,157.0,164.0,0.0,0.0,0.0,19.0,19.0,14.0,21.0,25.0,0.0,0.0,0.0,0.0,0.0,14.0,21.0,0.0,0.0,0.0,0.0
C4__baldwinian__s20,C4__baldwinian,C4,C4,baldwinian,20,1300,train,50,5.26,23,23,81.69021702004983,0.8333333333333334,0.5,static,0.50625,0.0,0.0,274.0,144.0,220.0,205.0,244.0,0.0,0.0,0.0,27.0,15.0,20.0,17.0,26.0,0.0,0.0,0.0,0.0,0.0,20.0,17.0,0.0,0.0,0.0,0.0
C4__baldwinian__s20,C4__baldwinian,C4,C4,baldwinian,20,1350,train,50,5.4,19,19,101.51108998023253,0.75,0.5,static,0.50625,0.0,0.0,153.0,225.0,185.0,274.0,104.0,0.0,0.0,0.0,23.0,15.0,11.0,25.0,18.0,0.0,0.0,0.0,0.0,0.0,11.0,25.0,0.0,0.0,0.0,0.0
C4__baldwinian__s20,C4__baldwinian,C4,C4,baldwinian,20,1400,train,50,5.46,14,14,76.25579152847695,0.8541666666666666,0.5,static,0.4625,0.0,0.0,228.0,444.0,251.0,204.0,152.0,0.0,0.0,0.0,22.0,22.0,15.0,20.0,40.0,0.0,0.0,0.0,0.0,0.0,15.0,20.0,0.0,0.0,0.0,0.0
C4__baldwinian__s20,C4__baldwinian,C4,C4,baldwinian,20,1450,train,50,5.64,21,21,81.09165991505007,0.8125,0.5,static,0.46875,0.0,0.0,226.0,278.0,239.0,110.0,102.0,0.0,0.0,0.0,19.0,16.0,27.0,21.0,33.0,0.0,0.0,0.0,0.0,0.0,27.0,21.0,0.0,0.0,0.0,0.0
C4__baldwinian__s20,C4__baldwinian,C4,C4,baldwinian,20,1500,train,50,5.72,18,18,81.67049173605828,0.8541666666666666,0.5,static,0.51875,0.0,0.0,179.0,186.0,186.0,198.0,118.0,0.0,0.0,0.0,31.0,14.0,13.0,19.0,27.0,0.0,0.0,0.0,0.0,0.0,13.0,19.0,0.0,0.0,0.0,0.0
C4__baldwinian__s20,C4__baldwinian,C4,C4,baldwinian,20,1550,eval,50,5.84,15,15,129.75435089107614,0.6875,0.5,static,0.47,0.0,0.0,186.0,317.0,165.0,202.0,84.0,48.0,11.0,16.0,8.0,27.0,15.0,20.0,6.0,5.0,8.0,1.0,0.0,0.0,15.0,20.0,0.0,0.0,8.0,1.0
C4__baldwinian__s20,C4__baldwinian,C4,C4,baldwinian,20,1600,eval,50,5.98,24,24,122.40018164012034,0.7083333333333334,0.5,static,0.465,0.0,0.0,333.0,224.0,257.0,155.0,30.0,37.0,86.0,30.0,37.0,13.0,24.0,16.0,5.0,7.0,8.0,0.0,0.0,0.0,24.0,16.0,0.0,0.0,8.0,0.0
C4__baldwinian__s20,C4__baldwinian,C4,C4,baldwinian,20,1650,eval,50,6.3,22,22,150.16645464910374,0.6875,0.5,static,0.49,0.0,0.0,304.0,179.0,240.0,250.0,27.0,50.0,48.0,6.0,14.0,11.0,21.0,9.0,3.0,11.0,3.0,2.0,0.0,0.0,21.0,9.0,0.0,0.0,3.0,2.0
C4__baldwinian__s20,C4__baldwinian,C4,C4,baldwinian,20,1700,eval,50,6.46,19,19,181.70903555386138,0.5833333333333334,0.5,static,0.5,0.0,0.0,161.0,147.0,246.0,128.0,30.0,64.0,48.0,35.0,9.0,15.0,16.0,12.0,3.0,11.0,5.0,7.0,0.0,0.0,16.0,12.0,0.0,0.0,5.0,7.0
C4__baldwinian__s20,C4__baldwinian,C4,C4,baldwinian,20,1750,eval,50,6.34,8,8,227.3139267741661,0.4375,0.5,static,0.47,0.0,0.0,119.0,288.0,171.0,152.0,54.0,75.0,24.0,104.0,9.0,24.0,9.0,8.0,6.0,8.0,5.0,2.0,0.0,0.0,9.0,8.0,0.0,0.0,5.0,2.0
C4__baldwinian__s20,C4__baldwinian,C4,C4,baldwinian,20,1800,eval,50,6.44,7,7,180.98477635152062,0.4791666666666667,0.5,static,0.515,0.0,0.0,255.0,238.0,161.0,381.0,65.0,104.0,102.0,102.0,22.0,9.0,14.0,11.0,7.0,2.0,6.0,5.0,0.0,0.0,14.0,11.0,0.0,0.0,6.0,5.0
C4__baldwinian__s21,C4__baldwinian,C4,C4,baldwinian,21,50,train,50,0.74,32,2,84.65219240084383,0.8541666666666666,0.5,static,0.49375,0.0,0.0,144.0,161.0,94.0,94.0,99.0,0.0,0.0,0.0,28.0,28.0,15.0,26.0,14.0,0.0,0.0,0.0,0.0,0.0,15.0,26.0,0.0,0.0,0.0,0.0
C4__baldwinian__s21,C4__baldwinian,C4,C4,baldwinian,21,100,train,50,0.88,12,12,86.27643286793777,0.8541666666666666,0.5,static,0.4875,0.0,0.0,164.0,158.0,190.0,172.0,66.0,0.0,0.0,0.0,14.0,15.0,19.0,24.0,5.0,0.0,0.0,0.0,0.0,0.0,19.0,24.0,0.0,0.0,0.0,0.0
C4__baldwinian__s21,C4__baldwinian,C4,C4,baldwinian,21,150,train,50,1.06,22,22,77.29385117734762,0.7916666666666666,0.5,static,0.525,0.0,0.0,288.0,174.0,234.0,167.0,102.0,0.0,0.0,0.0,36.0,18.0,21.0,16.0,22.0,0.0,0.0,0.0,0.0,0.0,21.0,16.0,0.0,0.0,0.0,0.0
C4__baldwinian__s21,C4__baldwinian,C4,C4,baldwinian,21,200,train,50,1.18,19,19,84.46540630200899,0.875,0.5,static,0.45,0.0,0.0,178.0,245.0,235.0,252.0,66.0,0.0,0.0,0.0,16.0,26.0,17.0,23.0,13.0,0.0,0.0,0.0,0.0,0.0,17.0,23.0,0.0,0.0,0.0,0.0
C4__baldwinian__s21,C4__baldwinian,C4,C4,baldwinian,21,250,train,50,1.34,23,23,99.432148783627,0.7916666666666666,0.5,static,0.5,0.0,0.0,204.0,304.0,317.0,218.0,45.0,0.0,0.0,0.0,19.0,27.0,34.0,20.0,12.0,0.0,0.0,0.0,0.0,0.0,34.0,20.0,0.0,0.0,0.0,0.0
C4__baldwinian__s21,C4__baldwinian,C4,C4,baldwinian,21,300,train,50,1.34,17,17,98.17446978050735,0.7916666666666666,0.5,static,0.5,0.0,0.0,391.0,196.0,194.0,245.0,117.0,0.0,0.0,0.0,31.0,22.0,12.0,18.0,12.0,0.0,0.0,0.0,0.0,0.0,12.0,18.0,0.0,0.0,0.0,0.0
C4__baldwinian__s21,C4__baldwinian,C4,C4,baldwinian,21,350,train,50,1.3,17,17,73.33012762037484,0.8333333333333334,0.5,static,0.49375,0.0,0.0,235.0,166.0,309.0,319.0,87.0,0.0,0.0,0.0,33.0,15.0,14.0,26.0,12.0,0.0,0.0,0.0,0.0,0.0,14.0,26.0,0.0,0.0,0.0,0.0
C4__baldwinian__s21,C4__baldwinian,C4,C4,baldwinian,21,400,train,50,1.4,21,21,69.36035352949182,0.875,0.5,static,0.46875,0.0,0.0,216.0,300.0,249.0,314.0,74.0,0.0,0.0,0.0,24.0,15.0,22.0,27.0,24.0,0.0,0.0,0.0,0.0,0.0,22.0,27.0,0.0,0.0,0.0,0.0
C4__baldwinian__s21,C4__baldwinian,C4,C4,baldwinian,21,450,train,50,1.42,20,20,64.43085610180123,0.875,0.5,static,0.51875,0.0,0.0,272.0,141.0,173.0,349.0,60.0,0.0,0.0,0.0,33.0,17.0,18.0,16.0,13.0,0.0,0.0,0.0,0.0,0.0,18.0,16.0,0.0,0.0,0.0,0.0
C4__baldwinian__s21,C4__baldwinian,C4,C4,baldwinian,21,500,train,49,1.6734693877551021,19,20,104.82040391746193,0.7708333333333334,0.5,static,0.50625,0.0,0.0,208.0,259.0,286.0,219.0,118.0,0.0,0.0,0.0,17.0,9.0,24.0,13.0,17.0,0.0,0.0,0.0,0.0,0.0,24.0,13.0,0.0,0.0,0.0,0.0
C4__baldwinian__s21,C4__baldwinian,C4,C4,baldwinian,21,550,train,50,1.94,20,19,111.75623918068028,0.7916666666666666,0.5,static,0.5,0.0,0.0,211.0,249.0,200.0,251.0,81.0,0.0,0.0,0.0,32.0,20.0,14.0,23.0,12.0,0.0,0.0,0.0,0.0,0.0,14.0,23.0,0.0,0.0,0.0,0.0
C4__baldwinian__s21,C4__baldwinian,C4,C4,baldwinian,21,600,train,50,2.1,11,11,115.58742361540958,0.6875,0.5,static,0.5125,0.0,0.0,159.0,281.0,182.0,336.0,107.0,0.0,0.0,0.0,23.0,18.0,16.0,21.0,16.0,0.0,0.0,0.0,0.0,0.0,16.0,21.0,0.0,0.0,0.0,0.0
C4__baldwinian__s21,C4__baldwinian,C4,C4,baldwinian,21,650,train,50,2.26,17,17,78.68928370600847,0.8541666666666666,0.5,static,0.51875,0.0,0.0,276.0,300.0,198.0,212.0,57.0,0.0,0.0,0.0,33.0,30.0,22.0,25.0,13.0,0.0,0.0,0.0,0.0,0.0,22.0,25.0,0.0,0.0,0.0,0.0
C4__baldwinian__s21,C4__baldwinian,C4,C4,baldwinian,21,700,train,50,2.34,17,17,91.64078160946653,0.75,0.5,static,0.475,0.0,0.0,251.0,317.0,225.0,259.0,67.0,0.0,0.0,0.0,29.0,17.0,19.0,23.0,16.0,0.0,0.0,0.0,0.0,0.0,19.0,23.0,0.0,0.0,0.0,0.0
C4__baldwinian__s21,C4__baldwinian,C4,C4,baldwinian,21,750,train,50,2.38,22,22,66.4370262911496,0.875,0.5,static,0.5125,0.0,0.0,231.0,195.0,263.0,196.0,83.0,0.0,0.0,0.0,17.0,31.0,19.0,23.0,18.0,0.0,0.0,0.0,0.0,0.0,19.0,23.0,0.0,0.0,0.0,0.0
C4__baldwinian__s21,C4__baldwinian,C4,C4,baldwinian,21,800,train,50,2.48,21,21,72.75148565871936,0.8541666666666666,0.5,static,0.48125,0.0,0.0,203.0,165.0,204.0,258.0,84.0,0.0,0.0,0.0,33.0,15.0,23.0,16.0,18.0,0.0,0.0,0.0,0.0,0.0,23.0,16.0,0.0,0.0,0.0,0.0
C4__baldwinian__s21,C4__baldwinian,C4,C4,baldwinian,21,850,train,50,2.56,14,14,100.65073882043102,0.7916666666666666,0.5,static,0.5125,0.0,0.0,242.0,303.0,207.0,168.0,62.0,0.0,0.0,0.0,16.0,26.0,27.0,15.0,13.0,0.0,0.0,0.0,0.0,0.0,27.0,15.0,0.0,0.0,0.0,0.0
C4__baldwinian__s21,C4__baldwinian,C4,C4,baldwinian,21,900,train,50,2.54,21,21,128.1908322839461,0.7083333333333334,0.5,static,0.5,0.0,0.0,283.0,194.0,154.0,173.0,68.0,0.0,0.0,0.0,25.0,21.0,16.0,9.0,16.0,0.0,0.0,0.0,0.0,0.0,16.0,9.0,0.0,0.0,0.0,0.0
C4__baldwinian__s21,C4__baldwinian,C4,C4,baldwinian,21,950,train,50,2.74,22,22,126.12098032168993,0.6666666666666666,0.5,static,0.44375,0.0,0.0,198.0,304.0,265.0,288.0,92.0,0.0,0.0,0.0,17.0,18.0,24.0,14.0,13.0,0.0,0.0,0.0,0.0,0.0,24.0,14.0,0.0,0.0,0.0,0.0
C4__baldwinian__s21,C4__baldwinian,C4,C4,baldwinian,21,1000,train,50,2.96,19,19,122.38277657066635,0.7083333333333334,0.5,static,0.4625,0.0,0.0,279.0,367.0,249.0,252.0,83.0,0.0,0.0,0.0,20.0,22.0,20.0,23.0,14.0,0.0,0.0,0.0,0.0,0.0,20.0,23.0,0.0,0.0,0.0,0.0
C4__baldwinian__s21,C4__baldwinian,C4,C4,baldwinian,21,1050,train,50,3.08,14,14,97.71076967719986,0.7083333333333334,0.5,static,0.525,0.0,0.0,177.0,317.0,195.0,256.0,121.0,0.0,0.0,0.0,13.0,19.0,18.0,16.0,13.0,0.0,0.0,0.0,0.0,0.0,18.0,16.0,0.0,0.0,0.0,0.0
C4__baldwinian__s21,C4__baldwinian,C4,C4,baldwinian,21,1100,train,50,3.36,17,17,99.62768897900385,0.7708333333333334,0.5,static,0.49375,0.0,0.0,232.0,159.0,265.0,312.0,140.0,0.0,0.0,0.0,17.0,16.0,16.0,14.0,21.0,0.0,0.0,0.0,0.0,0.0,16.0,14.0,0.0,0.0,0.0,0.0
C4__baldwinian__s21,C4__baldwinian,C4,C4,baldwinian,21,1150,train,50,3.44,13,13,81.12960165789562,0.7708333333333334,0.5,static,0.5,0.0,0.0,437.0,241.0,294.0,279.0,77.0,0.0,0.0,0.0,28.0,6.0,12.0,19.0,21.0,0.0,0.0,0.0,0.0,0.0,12.0,19.0,0.0,0.0,0.0,0.0
C4__baldwinian__s21,C4__baldwinian,C4,C4,baldwinian,21,1200,train,50,3.48,11,11,100.54316411003211,0.7708333333333334,0.5,static,0.46875,0.0,0.0,297.0,239.0,234.0,251.0,118.0,0.0,0.0,0.0,33.0,8.0,22.0,13.0,18.0,0.0,0.0,0.0,0.0,0.0,22.0,13.0,0.0,0.0,0.0,0.0
C4__baldwinian__s21,C4__baldwinian,C4,C4,baldwinian,21,1250,train,50,3.52,8,8,136.68267561053835,0.7083333333333334,0.5,static,0.49375,0.0,0.0,248.0,301.0,162.0,278.0,102.0,0.0,0.0,0.0,23.0,22.0,10.0,21.0,16.0,0.0,0.0,0.0,0.0,0.0,10.0,21.0,0.0,0.0,0.0,0.0
C4__baldwinian__s21,C4__baldwinian,C4,C4,baldwinian,21,1300,train,50,3.48,16,16,113.61757955522296,0.7291666666666666,0.5,static,0.48125,0.0,0.0,287.0,253.0,234.0,338.0,174.0,0.0,0.0,0.0,12.0,16.0,27.0,19.0,16.0,0.0,0.0,0.0,0.0,0.0,27.0,19.0,0.0,0.0,0.0,0.0
C4__baldwinian__s21,C4__baldwinian,C4,C4,baldwinian,21,1350,train,50,3.54,15,15,64.43233360675046,0.8541666666666666,0.5,static,0.525,0.0,0.0,266.0,287.0,284.0,256.0,48.0,0.0,0.0,0.0,30.0,32.0,20.0,19.0,15.0,0.0,0.0,0.0,0.0,0.0,20.0,19.0,0.0,0.0,0.0,0.0
C4__baldwinian__s21,C4__baldwinian,C4,C4,baldwinian,21,1400,train,50,3.64,23,23,96.66101092224663,0.8541666666666666,0.5,static,0.4875,0.0,0.0,189.0,248.0,212.0,229.0,176.0,0.0,0.0,0.0,13.0,26.0,23.0,23.0,9.0,0.0,0.0,0.0,0.0,0.0,23.0,23.0,0.0,0.0,0.0,0.0
C4__baldwinian__s21,C4__baldwinian,C4,C4,baldwinian,21,1450,train,50,3.7,14,14,108.0598915407743,0.7083333333333334,0.5,static,0.48125,0.0,0.0,290.0,215.0,210.0,251.0,108.0,0.0,0.0,0.0,29.0,23.0,20.0,8.0,14.0,0.0,0.0,0.0,0.0,0.0,20.0,8.0,0.0,0.0,0.0,0.0
C4__baldwinian__s21,C4__baldwinian,C4,C4,baldwinian,21,1500,train,50,3.94,20,20,72.26423354287601,0.875,0.5,static,0.5125,0.0,0.0,197.0,220.0,244.0,287.0,100.0,0.0,0.0,0.0,23.0,21.0,21.0,27.0,7.0,0.0,0.0,0.0,0.0,0.0,21.0,27.0,0.0,0.0,0.0,0.0
C4__baldwinian__s21,C4__baldwinian,C4,C4,baldwinian,21,1550,eval,50,4.32,21,21,136.90988782307764,0.6041666666666666,0.5,static,0.525,0.0,0.0,305.0,235.0,220.0,176.0,44.0,15.0,34.0,42.0,14.0,19.0,19.0,10.0,2.0,0.0,5.0,1.0,0.0,0.0,19.0,10.0,0.0,0.0,5.0,1.0
C4__baldwinian__s21,C4__baldwinian,C4,C4,baldwinian,21,1600,eval,50,4.54,18,18,168.86071582209715,0.5416666666666666,0.5,static,0.465,0.0,0.0,314.0,209.0,446.0,267.0,47.0,4.0,19.0,5.0,18.0,14.0,22.0,20.0,3.0,1.0,4.0,0.0,0.0,0.0,22.0,20.0,0.0,0.0,4.0,0.0
C4__baldwinian__s21,C4__baldwinian,C4,C4,baldwinian,21,1650,eval,50,4.56,13,13,186.33044448228694,0.5208333333333334,0.5,static,0.51,0.0,0.0,259.0,306.0,325.0,247.0,22.0,31.0,11.0,32.0,15.0,22.0,10.0,21.0,3.0,2.0,6.0,2.0,0.0,0.0,10.0,21.0,0.0,0.0,6.0,2.0
C4__baldwinian__s21,C4__baldwinian,C4,C4,baldwinian,21,1700,eval,50,4.58,14,14,122.54003211620164,0.6875,0.5,static,0.51,0.0,0.0,296.0,328.0,363.0,254.0,2.0,32.0,6.0,27.0,22.0,24.0,24.0,16.0,0.0,2.0,2.0,2.0,0.0,0.0,24.0,16.0,0.0,0.0,2.0,2.0
C4__baldwinian__s21,C4__baldwinian,C4,C4,baldwinian,21,1750,eval,50,4.62,8,8,144.09974293917531,0.625,0.5,static,0.49,0.0,0.0,396.0,327.0,243.0,246.0,36.0,49.0,14.0,52.0,27.0,19.0,26.0,15.0,2.0,0.0,1.0,0.0,0.0,0.0,26.0,15.0,0.0,0.0,1.0,0.0
C4__baldwinian__s21,C4__baldwinian,C4,C4,baldwinian,21,1800,eval,50,4.66,15,15,169.60250731005348,0.5,0.5,static,0.505,0.0,0.0,160.0,371.0,345.0,359.0,19.0,14.0,73.0,37.0,8.0,17.0,16.0,19.0,1.0,3.0,5.0,1.0,0.0,0.0,16.0,19.0,0.0,0.0,5.0,1.0
C4__baldwinian__s22,C4__baldwinian,C4,C4,baldwinian,22,50,train,50,0.68,37,7,62.56173528381903,0.9166666666666666,0.5,static,0.53125,0.0,0.0,108.0,91.0,127.0,129.0,110.0,0.0,0.0,0.0,24.0,21.0,28.0,21.0,24.0,0.0,0.0,0.0,0.0,0.0,28.0,21.0,0.0,0.0,0.0,0.0
C4__baldwinian__s22,C4__baldwinian,C4,C4,baldwinian,22,100,train,50,0.7,11,11,62.02461720375939,0.9375,0.5,static,0.55625,0.0,0.0,200.0,215.0,172.0,179.0,176.0,0.0,0.0,0.0,19.0,22.0,16.0,16.0,29.0,0.0,0.0,0.0,0.0,0.0,16.0,16.0,0.0,0.0,0.0,0.0
C4__baldwinian__s22,C4__baldwinian,C4,C4,baldwinian,22,150,train,50,0.8,20,20,79.42375506191584,0.875,0.5,static,0.525,0.0,0.0,244.0,111.0,148.0,123.0,124.0,0.0,0.0,0.0,22.0,20.0,21.0,18.0,22.0,0.0,0.0,0.0,0.0,0.0,21.0,18.0,0.0,0.0,0.0,0.0
C4__baldwinian__s22,C4__baldwinian,C4,C4,baldwinian,22,200,train,50,0.92,17,17,95.44300439807412,0.8541666666666666,0.5,static,0.51875,0.0,0.0,174.0,155.0,173.0,226.0,99.0,0.0,0.0,0.0,23.0,21.0,18.0,15.0,19.0,0.0,0.0,0.0,0.0,0.0,18.0,15.0,0.0,0.0,0.0,0.0
C4__baldwinian__s22,C4__baldwinian,C4,C4,baldwinian,22,250,train,50,0.96,22,22,91.35030582145471,0.75,0.5,static,0.475,0.0,0.0,149.0,125.0,154.0,170.0,158.0,0.0,0.0,0.0,15.0,32.0,19.0,23.0,20.0,0.0,0.0,0.0,0.0,0.0,19.0,23.0,0.0,0.0,0.0,0.0
C4__baldwinian__s22,C4__baldwinian,C4,C4,baldwinian,22,300,train,50,0.96,15,15,71.09551516885608,0.8958333333333334,0.5,static,0.49375,0.0,0.0,153.0,232.0,288.0,135.0,55.0,0.0,0.0,0.0,21.0,29.0,23.0,14.0,27.0,0.0,0.0,0.0,0.0,0.0,23.0,14.0,0.0,0.0,0.0,0.0
C4__baldwinian__s22,C4__baldwinian,C4,C4,baldwinian,22,350,train,50,0.98,14,14,89.4529999177237,0.75,0.5,static,0.48125,0.0,0.0,264.0,204.0,185.0,212.0,162.0,0.0,0.0,0.0,17.0,20.0,19.0,17.0,19.0,0.0,0.0,0.0,0.0,0.0,19.0,17.0,0.0,0.0,0.0,0.0
C4__baldwinian__s22,C4__baldwinian,C4,C4,baldwinian,22,400,train,50,1.0,15,15,113.3970056504769,0.7708333333333334,0.5,static,0.44375,0.0,0.0,250.0,280.0,170.0,205.0,126.0,0.0,0.0,0.0,16.0,23.0,18.0,21.0,20.0,0.0,0.0,0.0,0.0,0.0,18.0,21.0,0.0,0.0,0.0,0.0
C4__baldwinian__s22,C4__baldwinian,C4,C4,baldwinian,22,450,train,50,1.1,15,15,78.40091971201409,0.7916666666666666,0.5,static,0.49375,0.0,0.0,224.0,224.0,151.0,247.0,155.0,0.0,0.0,0.0,22.0,25.0,15.0,20.0,22.0,0.0,0.0,0.0,0.0,0.0,15.0,20.0,0.0,0.0,0.0,0.0
C4__baldwinian__s22,C4__baldwinian,C4,C4,baldwinian,22,500,train,46,1.4565217391304348,21,25,85.02385477662997,0.7708333333333334,0.5,static,0.51875,0.0,0.0,350.0,184.0,229.0,169.0,170.0,0.0,0.0,0.0,31.0,20.0,19.0,14.0,29.0,0.0,0.0,0.0,0.0,0.0,19.0,14.0,0.0,0.0,0.0,0.0
C4__baldwinian__s22,C4__baldwinian,C4,C4,baldwinian,22,550,train,50,1.82,28,24,67.5708820039403,0.875,0.5,static,0.5,0.0,0.0,174.0,166.0,136.0,93.0,102.0,0.0,0.0,0.0,10.0,24.0,19.0,22.0,24.0,0.0,0.0,0.0,0.0,0.0,19.0,22.0,0.0,0.0,0.0,0.0
C4__baldwinian__s22,C4__baldwinian,C4,C4,baldwinian,22,600,train,50,1.88,17,17,114.387048059595,0.6875,0.5,static,0.50625,0.0,0.0,280.0,203.0,219.0,187.0,81.0,0.0,0.0,0.0,31.0,9.0,14.0,22.0,11.0,0.0,0.0,0.0,0.0,0.0,14.0,22.0,0.0,0.0,0.0,0.0
C4__baldwinian__s22,C4__baldwinian,C4,C4,baldwinian,22,650,train,50,1.92,23,23,101.9882563771161,0.8125,0.5,static,0.525,0.0,0.0,191.0,211.0,268.0,158.0,182.0,0.0,0.0,0.0,14.0,26.0,31.0,23.0,25.0,0.0,0.0,0.0,0.0,0.0,31.0,23.0,0.0,0.0,0.0,0.0
C4__baldwinian__s22,C4__baldwinian,C4,C4,baldwinian,22,700,train,50,1.98,14,14,119.65993690746734,0.7083333333333334,0.5,static,0.45,0.0,0.0,308.0,273.0,183.0,231.0,89.0,0.0,0.0,0.0,24.0,19.0,16.0,15.0,25.0,0.0,0.0,0.0,0.0,0.0,16.0,15.0,0.0,0.0,0.0,0.0
C4__baldwinian__s22,C4__baldwinian,C4,C4,baldwinian,22,750,train,50,2.12,16,16,80.48844711279293,0.8125,0.5,static,0.49375,0.0,0.0,179.0,354.0,215.0,232.0,171.0,0.0,0.0,0.0,21.0,18.0,22.0,22.0,23.0,0.0,0.0,0.0,0.0,0.0,22.0,22.0,0.0,0.0,0.0,0.0
C4__baldwinian__s22,C4__baldwinian,C4,C4,baldwinian,22,800,train,50,2.24,13,13,98.75290989824347,0.75,0.5,static,0.4375,0.0,0.0,159.0,255.0,206.0,341.0,214.0,0.0,0.0,0.0,11.0,19.0,17.0,20.0,31.0,0.0,0.0,0.0,0.0,0.0,17.0,20.0,0.0,0.0,0.0,0.0
C4__baldwinian__s22,C4__baldwinian,C4,C4,baldwinian,22,850,train,50,2.38,18,18,112.67806702419202,0.7916666666666666,0.5,static,0.53125,0.0,0.0,257.0,180.0,334.0,282.0,139.0,0.0,0.0,0.0,18.0,11.0,33.0,27.0,19.0,0.0,0.0,0.0,0.0,0.0,33.0,27.0,0.0,0.0,0.0,0.0
C4__baldwinian__s22,C4__baldwinian,C4,C4,baldwinian,22,900,train,50,2.4,8,8,92.08355132729034,0.875,0.5,static,0.5,0.0,0.0,238.0,225.0,250.0,234.0,156.0,0.0,0.0,0.0,23.0,21.0,18.0,21.0,27.0,0.0,0.0,0.0,0.0,0.0,18.0,21.0,0.0,0.0,0.0,0.0
C4__baldwinian__s22,C4__baldwinian,C4,C4,baldwinian,22,950,train,50,2.46,15,15,146.66386177937244,0.625,0.5,static,0.5125,0.0,0.0,264.0,281.0,312.0,319.0,215.0,0.0,0.0,0.0,8.0,17.0,24.0,15.0,19.0,0.0,0.0,0.0,0.0,0.0,24.0,15.0,0.0,0.0,0.0,0.0
C4__baldwinian__s22,C4__baldwinian,C4,C4,baldwinian,22,1000,train,50,2.52,11,11,134.8187883807827,0.5208333333333334,0.5,static,0.525,0.0,0.0,281.0,273.0,230.0,350.0,256.0,0.0,0.0,0.0,4.0,25.0,16.0,23.0,13.0,0.0,0.0,0.0,0.0,0.0,16.0,23.0,0.0,0.0,0.0,0.0
C4__baldwinian__s22,C4__baldwinian,C4,C4,baldwinian,22,1050,train,50,2.68,17,17,82.17699569493996,0.8125,0.5,static,0.55,0.0,0.0,221.0,217.0,150.0,170.0,243.0,0.0,0.0,0.0,26.0,23.0,23.0,12.0,24.0,0.0,0.0,0.0,0.0,0.0,23.0,12.0,0.0,0.0,0.0,0.0
C4__baldwinian__s22,C4__baldwinian,C4,C4,baldwinian,22,1100,train,50,2.78,11,11,83.42632211654598,0.8125,0.5,static,0.525,0.0,0.0,180.0,283.0,124.0,227.0,125.0,0.0,0.0,0.0,24.0,27.0,20.0,19.0,22.0,0.0,0.0,0.0,0.0,0.0,20.0,19.0,0.0,0.0,0.0,0.0
C4__baldwinian__s22,C4__baldwinian,C4,C4,baldwinian,22,1150,train,50,3.02,21,21,58.36129237545773,0.8958333333333334,0.5,static,0.53125,0.0,0.0,152.0,200.0,136.0,187.0,104.0,0.0,0.0,0.0,19.0,33.0,19.0,18.0,20.0,0.0,0.0,0.0,0.0,0.0,19.0,18.0,0.0,0.0,0.0,0.0
C4__baldwinian__s22,C4__baldwinian,C4,C4,baldwinian,22,1200,train,50,3.1,21,21,76.34839750670565,0.8541666666666666,0.5,static,0.4625,0.0,0.0,141.0,104.0,149.0,120.0,131.0,0.0,0.0,0.0,16.0,20.0,25.0,13.0,17.0,0.0,0.0,0.0,0.0,0.0,25.0,13.0,0.0,0.0,0.0,0.0
C4__baldwinian__s22,C4__baldwinian,C4,C4,baldwinian,22,1250,train,50,3.26,20,20,83.4032129442538,0.8125,0.5,static,0.46875,0.0,0.0,212.0,167.0,129.0,216.0,94.0,0.0,0.0,0.0,18.0,15.0,21.0,20.0,20.0,0.0,0.0,0.0,0.0,0.0,21.0,20.0,0.0,0.0,0.0,0.0
C4__baldwinian__s22,C4__baldwinian,C4,C4,baldwinian,22,1300,train,50,3.56,21,21,106.91138973352716,0.75,0.5,static,0.475,0.0,0.0,77.0,299.0,212.0,145.0,141.0,0.0,0.0,0.0,12.0,29.0,21.0,21.0,20.0,0.0,0.0,0.0,0.0,0.0,21.0,21.0,0.0,0.0,0.0,0.0
C4__baldwinian__s22,C4__baldwinian,C4,C4,baldwinian,22,1350,train,50,3.68,22,22,73.26220675925265,0.875,0.5,static,0.46875,0.0,0.0,192.0,210.0,169.0,138.0,115.0,0.0,0.0,0.0,20.0,28.0,19.0,17.0,22.0,0.0,0.0,0.0,0.0,0.0,19.0,17.0,0.0,0.0,0.0,0.0
C4__baldwinian__s22,C4__baldwinian,C4,C4,baldwinian,22,1400,train,50,3.88,17,17,80.97698884721234,0.8333333333333334,0.5,static,0.49375,0.0,0.0,182.0,171.0,148.0,267.0,93.0,0.0,0.0,0.0,18.0,20.0,19.0,24.0,14.0,0.0,0.0,0.0,0.0,0.0,19.0,24.0,0.0,0.0,0.0,0.0
C4__baldwinian__s22,C4__baldwinian,C4,C4,baldwinian,22,1450,train,50,3.96,22,22,91.56636595199681,0.8125,0.5,static,0.51875,0.0,0.0,166.0,132.0,181.0,195.0,204.0,0.0,0.0,0.0,20.0,18.0,18.0,19.0,25.0,0.0,0.0,0.0,0.0,0.0,18.0,19.0,0.0,0.0,0.0,0.0
C4__baldwinian__s22,C4__baldwinian,C4,C4,baldwinian,22,1500,train,50,4.08,15,15,123.41347536699944,0.7291666666666666,0.5,static,0.49375,0.0,0.0,225.0,195.0,123.0,204.0,146.0,0.0,0.0,0.0,21.0,11.0,13.0,15.0,19.0,0.0,0.0,0.0,0.0,0.0,13.0,15.0,0.0,0.0,0.0,0.0
C4__baldwinian__s22,C4__baldwinian,C4,C4,baldwinian,22,1550,eval,50,4.06,11,11,151.20715060364398,0.5833333333333334,0.5,static,0.485,0.0,0.0,226.0,326.0,180.0,198.0,15.0,21.0,8.0,34.0,20.0,25.0,12.0,15.0,3.0,3.0,2.0,2.0,0.0,0.0,12.0,15.0,0.0,0.0,2.0,2.0
C4__baldwinian__s22,C4__baldwinian,C4,C4,baldwinian,22,1600,eval,50,4.06,14,14,181.64798406589836,0.6041666666666666,0.5,static,0.49,0.0,0.0,244.0,320.0,174.0,232.0,35.0,19.0,57.0,54.0,22.0,19.0,12.0,19.0,6.0,4.0,2.0,2.0,0.0,0.0,12.0,19.0,0.0,0.0,2.0,2.0
C4__baldwinian__s22,C4__baldwinian,C4,C4,baldwinian,22,1650,eval,50,4.1,10,10,145.70601975062573,0.6041666666666666,0.5,static,0.515,0.0,0.0,274.0,246.0,244.0,250.0,73.0,44.0,49.0,36.0,13.0,25.0,21.0,15.0,5.0,4.0,4.0,3.0,0.0,0.0,21.0,15.0,0.0,0.0,4.0,3.0
C4__baldwinian__s22,C4__baldwinian,C4,C4,baldwinian,22,1700,eval,50,4.18,12,12,178.49333694895142,0.5625,0.5,static,0.51,0.0,0.0,150.0,198.0,286.0,283.0,47.0,56.0,36.0,18.0,7.0,22.0,17.0,16.0,10.0,1.0,1.0,2.0,0.0,0.0,17.0,16.0,0.0,0.0,1.0,2.0
C4__baldwinian__s22,C4__baldwinian,C4,C4,baldwinian,22,1750,eval,50,4.34,15,15,186.21924310728096,0.6041666666666666,0.5,static,0.47,0.0,0.0,203.0,218.0,127.0,225.0,18.0,46.0,38.0,22.0,10.0,16.0,5.0,27.0,1.0,0.0,2.0,2.0,0.0,0.0,5.0,27.0,0.0,0.0,2.0,2.0
C4__baldwinian__s22,C4__baldwinian,C4,C4,baldwinian,22,1800,eval,50,4.58,19,19,203.79575945188782,0.5416666666666666,0.5,static,0.45,0.0,0.0,254.0,198.0,102.0,244.0,50.0,12.0,58.0,56.0,14.0,8.0,15.0,20.0,0.0,4.0,2.0,1.0,0.0,0.0,15.0,20.0,0.0,0.0,2.0,1.0
C4__baldwinian__s23,C4__baldwinian,C4,C4,baldwinian,23,50,train,50,0.84,35,5,74.66560435040462,0.8541666666666666,0.5,static,0.475,0.0,0.0,102.0,137.0,186.0,71.0,95.0,0.0,0.0,0.0,17.0,29.0,30.0,19.0,24.0,0.0,0.0,0.0,0.0,0.0,30.0,19.0,0.0,0.0,0.0,0.0
C4__baldwinian__s23,C4__baldwinian,C4,C4,baldwinian,23,100,train,47,0.9574468085106383,14,17,89.45326415504732,0.8541666666666666,0.5,static,0.475,0.0,0.0,171.0,160.0,204.0,192.0,95.0,0.0,0.0,0.0,21.0,30.0,22.0,19.0,18.0,0.0,0.0,0.0,0.0,0.0,22.0,19.0,0.0,0.0,0.0,0.0
C4__baldwinian__s23,C4__baldwinian,C4,C4,baldwinian,23,150,train,50,1.06,12,9,61.773320302627205,0.9166666666666666,0.5,static,0.475,0.0,0.0,257.0,178.0,166.0,281.0,95.0,0.0,0.0,0.0,29.0,25.0,13.0,26.0,22.0,0.0,0.0,0.0,0.0,0.0,13.0,26.0,0.0,0.0,0.0,0.0
C4__baldwinian__s23,C4__baldwinian,C4,C4,baldwinian,23,200,train,50,1.12,16,16,71.60594451999478,0.8125,0.5,static,0.475,0.0,0.0,180.0,287.0,185.0,162.0,59.0,0.0,0.0,0.0,8.0,38.0,17.0,16.0,15.0,0.0,0.0,0.0,0.0,0.0,17.0,16.0,0.0,0.0,0.0,0.0
C4__baldwinian__s23,C4__baldwinian,C4,C4,baldwinian,23,250,train,50,1.16,19,19,92.6284295783175,0.7708333333333334,0.5,static,0.48125,0.0,0.0,156.0,247.0,191.0,129.0,115.0,0.0,0.0,0.0,19.0,32.0,14.0,17.0,27.0,0.0,0.0,0.0,0.0,0.0,14.0,17.0,0.0,0.0,0.0,0.0
C4__baldwinian__s23,C4__baldwinian,C4,C4,baldwinian,23,300,train,50,1.14,12,12,93.82923693741623,0.7916666666666666,0.5,static,0.4625,0.0,0.0,329.0,226.0,268.0,128.0,107.0,0.0,0.0,0.0,17.0,25.0,14.0,9.0,23.0,0.0,0.0,0.0,0.0,0.0,14.0,9.0,0.0,0.0,0.0,0.0
C4__baldwinian__s23,C4__baldwinian,C4,C4,baldwinian,23,350,train,50,1.12,17,17,47.532108723481784,0.9166666666666666,0.5,static,0.50625,0.0,0.0,199.0,242.0,194.0,127.0,115.0,0.0,0.0,0.0,19.0,27.0,19.0,18.0,27.0,0.0,0.0,0.0,0.0,0.0,19.0,18.0,0.0,0.0,0.0,0.0
C4__baldwinian__s23,C4__baldwinian,C4,C4,baldwinian,23,400,train,50,1.3,17,17,120.91888703081572,0.7291666666666666,0.5,static,0.5,0.0,0.0,224.0,141.0,165.0,159.0,113.0,0.0,0.0,0.0,18.0,19.0,14.0,24.0,16.0,0.0,0.0,0.0,0.0,0.0,14.0,24.0,0.0,0.0,0.0,0.0
C4__baldwinian__s23,C4__baldwinian,C4,C4,baldwinian,23,450,train,50,1.26,11,11,97.73732317341914,0.7708333333333334,0.5,static,0.51875,0.0,0.0,188.0,256.0,289.0,247.0,93.0,0.0,0.0,0.0,26.0,20.0,18.0,16.0,30.0,0.0,0.0,0.0,0.0,0.0,18.0,16.0,0.0,0.0,0.0,0.0
C4__baldwinian__s23,C4__baldwinian,C4,C4,baldwinian,23,500,train,49,1.489795918367347,15,16,85.22047710127538,0.8333333333333334,0.5,static,0.49375,0.0,0.0,350.0,315.0,219.0,247.0,158.0,0.0,0.0,0.0,26.0,25.0,21.0,19.0,24.0,0.0,0.0,0.0,0.0,0.0,21.0,19.0,0.0,0.0,0.0,0.0
C4__baldwinian__s23,C4__baldwinian,C4,C4,baldwinian,23,550,train,50,2.06,31,30,61.31806076711902,0.9166666666666666,0.5,static,0.46875,0.0,0.0,117.0,219.0,161.0,202.0,105.0,0.0,0.0,0.0,19.0,23.0,19.0,21.0,21.0,0.0,0.0,0.0,0.0,0.0,19.0,21.0,0.0,0.0,0.0,0.0
C4__baldwinian__s23,C4__baldwinian,C4,C4,baldwinian,23,600,train,50,2.22,24,24,67.14325458085852,0.8958333333333334,0.5,static,0.48125,0.0,0.0,165.0,225.0,135.0,217.0,114.0,0.0,0.0,0.0,28.0,27.0,16.0,21.0,16.0,0.0,0.0,0.0,0.0,0.0,16.0,21.0,0.0,0.0,0.0,0.0
C4__baldwinian__s23,C4__baldwinian,C4,C4,baldwinian,23,650,train,50,2.38,15,15,59.130398379432876,0.9166666666666666,0.5,static,0.5,0.0,0.0,230.0,206.0,264.0,133.0,142.0,0.0,0.0,0.0,24.0,21.0,18.0,14.0,15.0,0.0,0.0,0.0,0.0,0.0,18.0,14.0,0.0,0.0,0.0,0.0
C4__baldwinian__s23,C4__baldwinian,C4,C4,baldwinian,23,700,train,50,2.62,23,23,102.9561301797903,0.7708333333333334,0.5,static,0.45,0.0,0.0,203.0,157.0,177.0,142.0,190.0,0.0,0.0,0.0,15.0,13.0,24.0,18.0,16.0,0.0,0.0,0.0,0.0,0.0,24.0,18.0,0.0,0.0,0.0,0.0
C4__baldwinian__s23,C4__baldwinian,C4,C4,baldwinian,23,750,train,45,2.6222222222222222,21,26,93.7133589434004,0.8333333333333334,0.5,static,0.45625,0.0,0.0,237.0,253.0,159.0,210.0,141.0,0.0,0.0,0.0,29.0,18.0,28.0,16.0,17.0,0.0,0.0,0.0,0.0,0.0,28.0,16.0,0.0,0.0,0.0,0.0
C4__baldwinian__s23,C4__baldwinian,C4,C4,baldwinian,23,800,train,45,2.8666666666666667,19,19,89.41062878613482,0.8125,0.5,static,0.49375,0.0,0.0,193.0,187.0,217.0,144.0,89.0,0.0,0.0,0.0,17.0,28.0,22.0,17.0,17.0,0.0,0.0,0.0,0.0,0.0,22.0,17.0,0.0,0.0,0.0,0.0
C4__baldwinian__s23,C4__baldwinian,C4,C4,baldwinian,23,850,train,36,3.1666666666666665,11,20,147.54870325218027,0.6458333333333334,0.5,static,0.5,0.0,0.0,153.0,188.0,166.0,126.0,120.0,0.0,0.0,0.0,22.0,18.0,26.0,7.0,18.0,0.0,0.0,0.0,0.0,0.0,26.0,7.0,0.0,0.0,0.0,0.0
C4__baldwinian__s23,C4__baldwinian,C4,C4,baldwinian,23,900,train,42,3.6904761904761907,22,16,116.70756109372817,0.8125,0.5,static,0.5,0.0,0.0,97.0,182.0,99.0,162.0,186.0,0.0,0.0,0.0,17.0,27.0,19.0,16.0,18.0,0.0,0.0,0.0,0.0,0.0,19.0,16.0,0.0,0.0,0.0,0.0
C4__baldwinian__s23,C4__baldwinian,C4,C4,baldwinian,23,950,train,50,4.08,22,14,68.31426402921105,0.875,0.5,static,0.5125,0.0,0.0,192.0,171.0,213.0,165.0,70.0,0.0,0.0,0.0,25.0,18.0,21.0,26.0,18.0,0.0,0.0,0.0,0.0,0.0,21.0,26.0,0.0,0.0,0.0,0.0
C4__baldwinian__s23,C4__baldwinian,C4,C4,baldwinian,23,1000,train,47,4.191489361702128,16,19,86.57079990817843,0.8541666666666666,0.5,static,0.53125,0.0,0.0,202.0,164.0,317.0,165.0,53.0,0.0,0.0,0.0,22.0,23.0,20.0,14.0,19.0,0.0,0.0,0.0,0.0,0.0,20.0,14.0,0.0,0.0,0.0,0.0
C4__baldwinian__s23,C4__baldwinian,C4,C4,baldwinian,23,1050,train,50,4.42,14,11,137.41255527804697,0.625,0.5,static,0.48125,0.0,0.0,295.0,177.0,284.0,163.0,95.0,0.0,0.0,0.0,12.0,23.0,21.0,18.0,21.0,0.0,0.0,0.0,0.0,0.0,21.0,18.0,0.0,0.0,0.0,0.0
C4__baldwinian__s23,C4__baldwinian,C4,C4,baldwinian,23,1100,train,50,4.34,11,11,96.79468749393553,0.8333333333333334,0.5,static,0.5,0.0,0.0,333.0,209.0,190.0,251.0,146.0,0.0,0.0,0.0,37.0,21.0,24.0,16.0,18.0,0.0,0.0,0.0,0.0,0.0,24.0,16.0,0.0,0.0,0.0,0.0
C4__baldwinian__s23,C4__baldwinian,C4,C4,baldwinian,23,1150,train,50,4.56,20,20,66.28866570909727,0.875,0.5,static,0.48125,0.0,0.0,140.0,207.0,204.0,91.0,99.0,0.0,0.0,0.0,10.0,20.0,24.0,16.0,29.0,0.0,0.0,0.0,0.0,0.0,24.0,16.0,0.0,0.0,0.0,0.0
C4__baldwinian__s23,C4__baldwinian,C4,C4,baldwinian,23,1200,train,50,4.74,13,13,122.21839146624907,0.6875,0.5,static,0.5375,0.0,0.0,264.0,218.0,213.0,209.0,97.0,0.0,0.0,0.0,20.0,28.0,12.0,13.0,18.0,0.0,0.0,0.0,0.0,0.0,12.0,13.0,0.0,0.0,0.0,0.0
C4__baldwinian__s23,C4__baldwinian,C4,C4,baldwinian,23,1250,train,50,4.7,7,7,71.75654397267198,0.8541666666666666,0.5,static,0.4875,0.0,0.0,260.0,217.0,147.0,253.0,164.0,0.0,0.0,0.0,30.0,20.0,16.0,24.0,22.0,0.0,0.0,0.0,0.0,0.0,16.0,24.0,0.0,0.0,0.0,0.0
C4__baldwinian__s23,C4__baldwinian,C4,C4,baldwinian,23,1300,train,50,5.06,23,23,77.07268540806677,0.875,0.5,static,0.49375,0.0,0.0,206.0,181.0,235.0,270.0,82.0,0.0,0.0,0.0,27.0,25.0,25.0,20.0,15.0,0.0,0.0,0.0,0.0,0.0,25.0,20.0,0.0,0.0,0.0,0.0
C4__baldwinian__s23,C4__baldwinian,C4,C4,baldwinian,23,1350,train,50,5.1,9,9,80.9281881952071,0.7708333333333334,0.5,static,0.49375,0.0,0.0,159.0,169.0,171.0,223.0,55.0,0.0,0.0,0.0,19.0,13.0,18.0,22.0,25.0,0.0,0.0,0.0,0.0,0.0,18.0,22.0,0.0,0.0,0.0,0.0
C4__baldwinian__s23,C4__baldwinian,C4,C4,baldwinian,23,1400,train,50,5.28,24,24,100.11491679960697,0.7916666666666666,0.5,static,0.51875,0.0,0.0,181.0,296.0,283.0,216.0,69.0,0.0,0.0,0.0,13.0,20.0,33.0,15.0,14.0,0.0,0.0,0.0,0.0,0.0,33.0,15.0,0.0,0.0,0.0,0.0
C4__baldwinian__s23,C4__baldwinian,C4,C4,baldwinian,23,1450,train,50,5.5,23,23,83.89238145191695,0.8541666666666666,0.5,static,0.5375,0.0,0.0,214.0,275.0,174.0,226.0,50.0,0.0,0.0,0.0,16.0,24.0,26.0,26.0,12.0,0.0,0.0,0.0,0.0,0.0,26.0,26.0,0.0,0.0,0.0,0.0
C4__baldwinian__s23,C4__baldwinian,C4,C4,baldwinian,23,1500,train,50,5.4,18,18,99.39773979290679,0.8541666666666666,0.5,static,0.48125,0.0,0.0,153.0,164.0,256.0,259.0,66.0,0.0,0.0,0.0,19.0,16.0,19.0,18.0,23.0,0.0,0.0,0.0,0.0,0.0,19.0,18.0,0.0,0.0,0.0,0.0
C4__baldwinian__s23,C4__baldwinian,C4,C4,baldwinian,23,1550,eval,50,5.3,29,29,163.64493524805908,0.6041666666666666,0.5,static,0.5,0.0,0.0,230.0,129.0,198.0,137.0,39.0,42.0,15.0,18.0,20.0,17.0,23.0,17.0,0.0,8.0,5.0,2.0,0.0,0.0,23.0,17.0,0.0,0.0,5.0,2.0
C4__baldwinian__s23,C4__baldwinian,C4,C4,baldwinian,23,1600,eval,50,5.54,25,25,131.4282657467016,0.6875,0.5,static,0.5,0.0,0.0,309.0,170.0,214.0,262.0,31.0,72.0,17.0,29.0,24.0,18.0,18.0,25.0,6.0,2.0,9.0,3.0,0.0,0.0,18.0,25.0,0.0,0.0,9.0,3.0
C4__baldwinian__s23,C4__baldwinian,C4,C4,baldwinian,23,1650,eval,50,5.78,16,16,148.2114468071763,0.6666666666666666,0.5,static,0.5,0.0,0.0,261.0,152.0,265.0,236.0,59.0,20.0,49.0,102.0,17.0,12.0,13.0,14.0,3.0,4.0,3.0,7.0,0.0,0.0,13.0,14.0,0.0,0.0,3.0,7.0
C4__baldwinian__s23,C4__baldwinian,C4,C4,baldwinian,23,1700,eval,50,5.88,9,9,141.6105666742019,0.6875,0.5,static,0.485,0.0,0.0,290.0,416.0,245.0,250.0,83.0,71.0,33.0,53.0,23.0,22.0,25.0,25.0,9.0,4.0,2.0,1.0,0.0,0.0,25.0,25.0,0.0,0.0,2.0,1.0
C4__baldwinian__s23,C4__baldwinian,C4,C4,baldwinian,23,1750,eval,50,6.08,20,20,167.2203640781738,0.6041666666666666,0.5,static,0.56,0.0,0.0,297.0,213.0,231.0,286.0,45.0,85.0,60.0,59.0,18.0,12.0,25.0,26.0,1.0,5.0,9.0,0.0,0.0,0.0,25.0,26.0,0.0,0.0,9.0,0.0
C4__baldwinian__s23,C4__baldwinian,C4,C4,baldwinian,23,1800,eval,50,6.04,8,8,198.8641465855029,0.4375,0.5,static,0.475,0.0,0.0,184.0,307.0,368.0,133.0,53.0,100.0,8.0,44.0,10.0,16.0,18.0,8.0,3.0,3.0,0.0,2.0,0.0,0.0,18.0,8.0,0.0,0.0,0.0,2.0
C4__baldwinian__s24,C4__baldwinian,C4,C4,baldwinian,24,50,train,50,0.86,35,5,112.78751558534319,0.7291666666666666,0.5,static,0.4875,0.0,0.0,84.0,107.0,132.0,60.0,127.0,0.0,0.0,0.0,19.0,15.0,18.0,20.0,26.0,0.0,0.0,0.0,0.0,0.0,18.0,20.0,0.0,0.0,0.0,0.0
C4__baldwinian__s24,C4__baldwinian,C4,C4,baldwinian,24,100,train,50,0.88,13,13,67.02694023201803,0.8333333333333334,0.5,static,0.53125,0.0,0.0,196.0,190.0,190.0,182.0,161.0,0.0,0.0,0.0,19.0,28.0,22.0,19.0,24.0,0.0,0.0,0.0,0.0,0.0,22.0,19.0,0.0,0.0,0.0,0.0
C4__baldwinian__s24,C4__baldwinian,C4,C4,baldwinian,24,150,train,50,0.82,15,15,85.27339538025815,0.875,0.5,static,0.5125,0.0,0.0,222.0,265.0,202.0,236.0,89.0,0.0,0.0,0.0,18.0,24.0,21.0,14.0,23.0,0.0,0.0,0.0,0.0,0.0,21.0,14.0,0.0,0.0,0.0,0.0
C4__baldwinian__s24,C4__baldwinian,C4,C4,baldwinian,24,200,train,50,0.9,12,12,85.34317940604927,0.7708333333333334,0.5,static,0.50625,0.0,0.0,163.0,250.0,181.0,156.0,125.0,0.0,0.0,0.0,30.0,15.0,10.0,17.0,24.0,0.0,0.0,0.0,0.0,0.0,10.0,17.0,0.0,0.0,0.0,0.0
C4__baldwinian__s24,C4__baldwinian,C4,C4,baldwinian,24,250,train,50,0.96,15,15,86.16859500354158,0.8125,0.5,static,0.48125,0.0,0.0,249.0,194.0,194.0,243.0,167.0,0.0,0.0,0.0,25.0,12.0,23.0,22.0,27.0,0.0,0.0,0.0,0.0,0.0,23.0,22.0,0.0,0.0,0.0,0.0
C4__baldwinian__s24,C4__baldwinian,C4,C4,baldwinian,24,300,train,50,1.0,21,21,110.25898252971507,0.7916666666666666,0.5,static,0.53125,0.0,0.0,282.0,172.0,228.0,249.0,55.0,0.0,0.0,0.0,16.0,19.0,21.0,18.0,12.0,0.0,0.0,0.0,0.0,0.0,21.0,18.0,0.0,0.0,0.0,0.0
C4__baldwinian__s24,C4__baldwinian,C4,C4,baldwinian,24,350,train,50,0.96,9,9,81.4327515797725,0.8125,0.5,static,0.45,0.0,0.0,269.0,290.0,160.0,240.0,103.0,0.0,0.0,0.0,18.0,28.0,14.0,17.0,28.0,0.0,0.0,0.0,0.0,0.0,14.0,17.0,0.0,0.0,0.0,0.0
C4__baldwinian__s24,C4__baldwinian,C4,C4,baldwinian,24,400,train,50,0.92,12,12,100.70182768259536,0.7083333333333334,0.5,static,0.4875,0.0,0.0,222.0,212.0,220.0,250.0,115.0,0.0,0.0,0.0,21.0,26.0,15.0,23.0,14.0,0.0,0.0,0.0,0.0,0.0,15.0,23.0,0.0,0.0,0.0,0.0
C4__baldwinian__s24,C4__baldwinian,C4,C4,baldwinian,24,450,train,50,0.86,10,10,119.22113681493632,0.6666666666666666,0.5,static,0.45,0.0,0.0,231.0,195.0,174.0,188.0,182.0,0.0,0.0,0.0,29.0,13.0,16.0,19.0,23.0,0.0,0.0,0.0,0.0,0.0,16.0,19.0,0.0,0.0,0.0,0.0
C4__baldwinian__s24,C4__baldwinian,C4,C4,baldwinian,24,500,train,44,1.2045454545454546,23,29,71.0526378721467,0.8125,0.5,static,0.5,0.0,0.0,164.0,226.0,347.0,229.0,189.0,0.0,0.0,0.0,20.0,26.0,30.0,14.0,25.0,0.0,0.0,0.0,0.0,0.0,30.0,14.0,0.0,0.0,0.0,0.0
C4__baldwinian__s24,C4__baldwinian,C4,C4,baldwinian,24,550,train,50,1.6,24,18,130.32691831730943,0.7291666666666666,0.5,static,0.53125,0.0,0.0,150.0,96.0,114.0,100.0,160.0,0.0,0.0,0.0,24.0,18.0,12.0,8.0,26.0,0.0,0.0,0.0,0.0,0.0,12.0,8.0,0.0,0.0,0.0,0.0
C4__baldwinian__s24,C4__baldwinian,C4,C4,baldwinian,24,600,train,50,1.74,15,15,117.16191366800071,0.7291666666666666,0.5,static,0.4875,0.0,0.0,139.0,162.0,47.0,187.0,100.0,0.0,0.0,0.0,31.0,17.0,7.0,19.0,22.0,0.0,0.0,0.0,0.0,0.0,7.0,19.0,0.0,0.0,0.0,0.0
C4__baldwinian__s24,C4__baldwinian,C4,C4,baldwinian,24,650,train,50,1.78,17,17,81.6588805040465,0.8541666666666666,0.5,static,0.55625,0.0,0.0,80.0,255.0,214.0,120.0,138.0,0.0,0.0,0.0,18.0,28.0,20.0,11.0,31.0,0.0,0.0,0.0,0.0,0.0,20.0,11.0,0.0,0.0,0.0,0.0
C4__baldwinian__s24,C4__baldwinian,C4,C4,baldwinian,24,700,train,50,1.84,21,21,90.91310038991023,0.8125,0.5,static,0.56875,0.0,0.0,143.0,183.0,137.0,235.0,186.0,0.0,0.0,0.0,20.0,26.0,21.0,19.0,21.0,0.0,0.0,0.0,0.0,0.0,21.0,19.0,0.0,0.0,0.0,0.0
C4__baldwinian__s24,C4__baldwinian,C4,C4,baldwinian,24,750,train,50,2.02,17,17,88.79088825648894,0.8541666666666666,0.5,static,0.5,0.0,0.0,237.0,187.0,197.0,175.0,207.0,0.0,0.0,0.0,27.0,21.0,14.0,19.0,24.0,0.0,0.0,0.0,0.0,0.0,14.0,19.0,0.0,0.0,0.0,0.0
C4__baldwinian__s24,C4__baldwinian,C4,C4,baldwinian,24,800,train,50,2.2,19,19,80.82530224120616,0.8125,0.5,static,0.50625,0.0,0.0,190.0,223.0,328.0,220.0,175.0,0.0,0.0,0.0,17.0,22.0,24.0,23.0,26.0,0.0,0.0,0.0,0.0,0.0,24.0,23.0,0.0,0.0,0.0,0.0
C4__baldwinian__s24,C4__baldwinian,C4,C4,baldwinian,24,850,train,50,2.32,16,16,119.16011503159174,0.7083333333333334,0.5,static,0.575,0.0,0.0,238.0,245.0,248.0,223.0,127.0,0.0,0.0,0.0,23.0,19.0,23.0,7.0,21.0,0.0,0.0,0.0,0.0,0.0,23.0,7.0,0.0,0.0,0.0,0.0
C4__baldwinian__s24,C4__baldwinian,C4,C4,baldwinian,24,900,train,50,2.26,15,15,101.33736914964297,0.75,0.5,static,0.5125,0.0,0.0,233.0,221.0,228.0,276.0,150.0,0.0,0.0,0.0,17.0,23.0,23.0,18.0,19.0,0.0,0.0,0.0,0.0,0.0,23.0,18.0,0.0,0.0,0.0,0.0
C4__baldwinian__s24,C4__baldwinian,C4,C4,baldwinian,24,950,train,50,2.24,9,9,144.2712246328686,0.5833333333333334,0.5,static,0.5375,0.0,0.0,137.0,238.0,249.0,198.0,165.0,0.0,0.0,0.0,15.0,16.0,12.0,12.0,17.0,0.0,0.0,0.0,0.0,0.0,12.0,12.0,0.0,0.0,0.0,0.0
C4__baldwinian__s24,C4__baldwinian,C4,C4,baldwinian,24,1000,train,50,2.36,10,10,113.14817627063049,0.75,0.5,static,0.475,0.0,0.0,301.0,155.0,242.0,330.0,309.0,0.0,0.0,0.0,34.0,14.0,15.0,20.0,13.0,0.0,0.0,0.0,0.0,0.0,15.0,20.0,0.0,0.0,0.0,0.0
C4__baldwinian__s24,C4__baldwinian,C4,C4,baldwinian,24,1050,train,50,2.56,12,12,71.93630839586618,0.8125,0.5,static,0.50625,0.0,0.0,240.0,194.0,265.0,278.0,233.0,0.0,0.0,0.0,18.0,17.0,16.0,27.0,34.0,0.0,0.0,0.0,0.0,0.0,16.0,27.0,0.0,0.0,0.0,0.0
C4__baldwinian__s24,C4__baldwinian,C4,C4,baldwinian,24,1100,train,50,2.64,10,10,120.36411497387147,0.75,0.5,static,0.5125,0.0,0.0,324.0,332.0,267.0,257.0,162.0,0.0,0.0,0.0,18.0,20.0,26.0,8.0,22.0,0.0,0.0,0.0,0.0,0.0,26.0,8.0,0.0,0.0,0.0,0.0
C4__baldwinian__s24,C4__baldwinian,C4,C4,baldwinian,24,1150,train,50,2.78,19,19,109.05318910969395,0.7291666666666666,0.5,static,0.475,0.0,0.0,287.0,277.0,383.0,244.0,95.0,0.0,0.0,0.0,13.0,24.0,28.0,10.0,26.0,0.0,0.0,0.0,0.0,0.0,28.0,10.0,0.0,0.0,0.0,0.0
C4__baldwinian__s24,C4__baldwinian,C4,C4,baldwinian,24,1200,train,50,2.96,16,16,91.37437162852412,0.7916666666666666,0.5,static,0.48125,0.0,0.0,296.0,258.0,195.0,388.0,56.0,0.0,0.0,0.0,25.0,14.0,16.0,22.0,19.0,0.0,0.0,0.0,0.0,0.0,16.0,22.0,0.0,0.0,0.0,0.0
C4__baldwinian__s24,C4__baldwinian,C4,C4,baldwinian,24,1250,train,50,3.16,20,20,99.09992133661743,0.8541666666666666,0.5,static,0.4875,0.0,0.0,177.0,188.0,186.0,298.0,74.0,0.0,0.0,0.0,21.0,26.0,14.0,19.0,21.0,0.0,0.0,0.0,0.0,0.0,14.0,19.0,0.0,0.0,0.0,0.0
C4__baldwinian__s24,C4__baldwinian,C4,C4,baldwinian,24,1300,train,50,3.22,18,18,89.6792099503558,0.8541666666666666,0.5,static,0.5,0.0,0.0,151.0,225.0,224.0,223.0,108.0,0.0,0.0,0.0,16.0,17.0,20.0,19.0,30.0,0.0,0.0,0.0,0.0,0.0,20.0,19.0,0.0,0.0,0.0,0.0
C4__baldwinian__s24,C4__baldwinian,C4,C4,baldwinian,24,1350,train,50,3.26,19,19,100.21843353111915,0.7708333333333334,0.5,static,0.46875,0.0,0.0,149.0,202.0,262.0,286.0,172.0,0.0,0.0,0.0,11.0,27.0,22.0,17.0,24.0,0.0,0.0,0.0,0.0,0.0,22.0,17.0,0.0,0.0,0.0,0.0
C4__baldwinian__s24,C4__baldwinian,C4,C4,baldwinian,24,1400,train,50,3.4,14,14,117.54619709168306,0.75,0.5,static,0.54375,0.0,0.0,220.0,287.0,240.0,248.0,150.0,0.0,0.0,0.0,19.0,23.0,20.0,13.0,22.0,0.0,0.0,0.0,0.0,0.0,20.0,13.0,0.0,0.0,0.0,0.0
C4__baldwinian__s24,C4__baldwinian,C4,C4,baldwinian,24,1450,train,50,3.58,12,12,110.8557987239461,0.75,0.5,static,0.49375,0.0,0.0,262.0,238.0,205.0,290.0,172.0,0.0,0.0,0.0,15.0,17.0,23.0,17.0,23.0,0.0,0.0,0.0,0.0,0.0,23.0,17.0,0.0,0.0,0.0,0.0
C4__baldwinian__s24,C4__baldwinian,C4,C4,baldwinian,24,1500,train,50,3.84,12,12,107.2258066699473,0.7291666666666666,0.5,static,0.5,0.0,0.0,317.0,247.0,236.0,176.0,79.0,0.0,0.0,0.0,19.0,27.0,14.0,13.0,16.0,0.0,0.0,0.0,0.0,0.0,14.0,13.0,0.0,0.0,0.0,0.0
C4__baldwinian__s24,C4__baldwinian,C4,C4,baldwinian,24,1550,eval,50,3.96,22,22,109.42587782332681,0.75,0.5,static,0.455,0.0,0.0,238.0,224.0,213.0,341.0,11.0,11.0,41.0,21.0,15.0,20.0,11.0,33.0,1.0,4.0,8.0,2.0,0.0,0.0,11.0,33.0,0.0,0.0,8.0,2.0
C4__baldwinian__s24,C4__baldwinian,C4,C4,baldwinian,24,1600,eval,50,3.92,9,9,171.87119312097886,0.6458333333333334,0.5,static,0.475,0.0,0.0,230.0,188.0,261.0,188.0,100.0,34.0,32.0,24.0,23.0,4.0,10.0,10.0,8.0,3.0,0.0,0.0,0.0,0.0,10.0,10.0,0.0,0.0,0.0,0.0
C4__baldwinian__s24,C4__baldwinian,C4,C4,baldwinian,24,1650,eval,50,4.04,11,11,156.98786926744265,0.5625,0.5,static,0.475,0.0,0.0,216.0,277.0,301.0,197.0,107.0,54.0,85.0,38.0,16.0,14.0,16.0,10.0,10.0,4.0,5.0,6.0,0.0,0.0,16.0,10.0,0.0,0.0,5.0,6.0
C4__baldwinian__s24,C4__baldwinian,C4,C4,baldwinian,24,1700,eval,50,4.14,12,12,230.79347114692396,0.3958333333333333,0.5,static,0.525,0.0,0.0,192.0,218.0,421.0,273.0,71.0,41.0,78.0,52.0,8.0,5.0,27.0,9.0,4.0,1.0,5.0,1.0,0.0,0.0,27.0,9.0,0.0,0.0,5.0,1.0
C4__baldwinian__s24,C4__baldwinian,C4,C4,baldwinian,24,1750,eval,50,4.16,14,14,168.34240461394444,0.5208333333333334,0.5,static,0.525,0.0,0.0,312.0,368.0,174.0,438.0,14.0,71.0,76.0,34.0,22.0,16.0,5.0,21.0,0.0,2.0,4.0,3.0,0.0,0.0,5.0,21.0,0.0,0.0,4.0,3.0
C4__baldwinian__s24,C4__baldwinian,C4,C4,baldwinian,24,1800,eval,50,4.26,9,9,168.93249146276605,0.5208333333333334,0.5,static,0.54,0.0,0.0,335.0,237.0,286.0,450.0,0.0,89.0,29.0,1.0,18.0,22.0,12.0,22.0,0.0,4.0,2.0,0.0,0.0,0.0,12.0,22.0,0.0,0.0,2.0,0.0
C4__baldwinian__s25,C4__baldwinian,C4,C4,baldwinian,25,50,train,50,0.74,32,2,68.62132212084732,0.8958333333333334,0.5,static,0.5625,0.0,0.0,95.0,98.0,118.0,151.0,125.0,0.0,0.0,0.0,19.0,18.0,20.0,15.0,44.0,0.0,0.0,0.0,0.0,0.0,20.0,15.0,0.0,0.0,0.0,0.0
C4__baldwinian__s25,C4__baldwinian,C4,C4,baldwinian,25,100,train,50,0.92,14,14,81.24742187536688,0.875,0.5,static,0.50625,0.0,0.0,164.0,145.0,238.0,200.0,128.0,0.0,0.0,0.0,20.0,13.0,21.0,21.0,22.0,0.0,0.0,0.0,0.0,0.0,21.0,21.0,0.0,0.0,0.0,0.0
C4__baldwinian__s25,C4__baldwinian,C4,C4,baldwinian,25,150,train,50,1.0,9,9,86.09697119333754,0.7708333333333334,0.5,static,0.49375,0.0,0.0,170.0,217.0,210.0,343.0,181.0,0.0,0.0,0.0,4.0,24.0,17.0,17.0,44.0,0.0,0.0,0.0,0.0,0.0,17.0,17.0,0.0,0.0,0.0,0.0
C4__baldwinian__s25,C4__baldwinian,C4,C4,baldwinian,25,200,train,50,1.08,17,17,100.42677840650765,0.8125,0.5,static,0.53125,0.0,0.0,218.0,77.0,227.0,310.0,164.0,0.0,0.0,0.0,21.0,12.0,25.0,17.0,23.0,0.0,0.0,0.0,0.0,0.0,25.0,17.0,0.0,0.0,0.0,0.0
C4__baldwinian__s25,C4__baldwinian,C4,C4,baldwinian,25,250,train,50,1.02,11,11,87.46708690546012,0.7708333333333334,0.5,static,0.55,0.0,0.0,319.0,236.0,151.0,251.0,148.0,0.0,0.0,0.0,34.0,11.0,13.0,11.0,31.0,0.0,0.0,0.0,0.0,0.0,13.0,11.0,0.0,0.0,0.0,0.0
C4__baldwinian__s25,C4__baldwinian,C4,C4,baldwinian,25,300,train,50,0.98,14,14,117.37445807758954,0.7083333333333334,0.5,static,0.50625,0.0,0.0,167.0,299.0,124.0,257.0,69.0,0.0,0.0,0.0,10.0,29.0,18.0,14.0,19.0,0.0,0.0,0.0,0.0,0.0,18.0,14.0,0.0,0.0,0.0,0.0
C4__baldwinian__s25,C4__baldwinian,C4,C4,baldwinian,25,350,train,50,0.98,7,7,103.33893782417353,0.7708333333333334,0.5,static,0.49375,0.0,0.0,185.0,217.0,254.0,254.0,254.0,0.0,0.0,0.0,20.0,19.0,9.0,19.0,26.0,0.0,0.0,0.0,0.0,0.0,9.0,19.0,0.0,0.0,0.0,0.0
C4__baldwinian__s25,C4__baldwinian,C4,C4,baldwinian,25,400,train,50,0.96,6,6,89.91203575281554,0.8125,0.5,static,0.55625,0.0,0.0,153.0,227.0,283.0,273.0,124.0,0.0,0.0,0.0,11.0,31.0,19.0,11.0,17.0,0.0,0.0,0.0,0.0,0.0,19.0,11.0,0.0,0.0,0.0,0.0
C4__baldwinian__s25,C4__baldwinian,C4,C4,baldwinian,25,450,train,50,0.94,11,11,82.04261793782852,0.8125,0.5,static,0.48125,0.0,0.0,216.0,296.0,215.0,148.0,211.0,0.0,0.0,0.0,17.0,27.0,23.0,14.0,33.0,0.0,0.0,0.0,0.0,0.0,23.0,14.0,0.0,0.0,0.0,0.0
C4__baldwinian__s25,C4__baldwinian,C4,C4,baldwinian,25,500,train,50,1.36,21,21,72.35425309171566,0.8333333333333334,0.5,static,0.49375,0.0,0.0,204.0,313.0,183.0,186.0,80.0,0.0,0.0,0.0,25.0,31.0,13.0,16.0,25.0,0.0,0.0,0.0,0.0,0.0,13.0,16.0,0.0,0.0,0.0,0.0
C4__baldwinian__s25,C4__baldwinian,C4,C4,baldwinian,25,550,train,50,1.92,24,24,75.6933249209426,0.875,0.5,static,0.5,0.0,0.0,242.0,228.0,184.0,160.0,73.0,0.0,0.0,0.0,31.0,21.0,19.0,16.0,34.0,0.0,0.0,0.0,0.0,0.0,19.0,16.0,0.0,0.0,0.0,0.0
C4__baldwinian__s25,C4__baldwinian,C4,C4,baldwinian,25,600,train,50,2.0,17,17,144.93650074981554,0.7083333333333334,0.5,static,0.51875,0.0,0.0,150.0,204.0,108.0,169.0,71.0,0.0,0.0,0.0,14.0,12.0,19.0,11.0,21.0,0.0,0.0,0.0,0.0,0.0,19.0,11.0,0.0,0.0,0.0,0.0
C4__baldwinian__s25,C4__baldwinian,C4,C4,baldwinian,25,650,train,50,1.96,15,15,123.23568849781668,0.6666666666666666,0.5,static,0.49375,0.0,0.0,142.0,154.0,221.0,176.0,92.0,0.0,0.0,0.0,9.0,18.0,24.0,24.0,25.0,0.0,0.0,0.0,0.0,0.0,24.0,24.0,0.0,0.0,0.0,0.0
C4__baldwinian__s25,C4__baldwinian,C4,C4,baldwinian,25,700,train,50,1.96,15,15,101.70704295234418,0.7916666666666666,0.5,static,0.5,0.0,0.0,161.0,125.0,157.0,107.0,188.0,0.0,0.0,0.0,24.0,26.0,13.0,12.0,29.0,0.0,0.0,0.0,0.0,0.0,13.0,12.0,0.0,0.0,0.0,0.0
C4__baldwinian__s25,C4__baldwinian,C4,C4,baldwinian,25,750,train,50,1.98,16,16,88.44197029548596,0.875,0.5,static,0.525,0.0,0.0,152.0,167.0,190.0,218.0,184.0,0.0,0.0,0.0,16.0,18.0,18.0,25.0,32.0,0.0,0.0,0.0,0.0,0.0,18.0,25.0,0.0,0.0,0.0,0.0
C4__baldwinian__s25,C4__baldwinian,C4,C4,baldwinian,25,800,train,50,2.2,18,18,138.45856675144697,0.75,0.5,static,0.48125,0.0,0.0,280.0,141.0,193.0,151.0,191.0,0.0,0.0,0.0,27.0,15.0,16.0,10.0,26.0,0.0,0.0,0.0,0.0,0.0,16.0,10.0,0.0,0.0,0.0,0.0
C4__baldwinian__s25,C4__baldwinian,C4,C4,baldwinian,25,850,train,50,2.26,11,11,91.28533422061665,0.7916666666666666,0.5,static,0.5375,0.0,0.0,200.0,231.0,283.0,156.0,91.0,0.0,0.0,0.0,16.0,20.0,21.0,10.0,22.0,0.0,0.0,0.0,0.0,0.0,21.0,10.0,0.0,0.0,0.0,0.0
C4__baldwinian__s25,C4__baldwinian,C4,C4,baldwinian,25,900,train,50,2.38,12,12,82.5356323472133,0.7708333333333334,0.5,static,0.48125,0.0,0.0,171.0,281.0,265.0,194.0,199.0,0.0,0.0,0.0,22.0,26.0,13.0,15.0,27.0,0.0,0.0,0.0,0.0,0.0,13.0,15.0,0.0,0.0,0.0,0.0
C4__baldwinian__s25,C4__baldwinian,C4,C4,baldwinian,25,950,train,50,2.62,18,18,111.21214690292206,0.6875,0.5,static,0.5125,0.0,0.0,216.0,334.0,298.0,128.0,84.0,0.0,0.0,0.0,16.0,27.0,12.0,17.0,13.0,0.0,0.0,0.0,0.0,0.0,12.0,17.0,0.0,0.0,0.0,0.0
C4__baldwinian__s25,C4__baldwinian,C4,C4,baldwinian,25,1000,train,50,2.64,11,11,104.60286856372761,0.8333333333333334,0.5,static,0.4125,0.0,0.0,202.0,124.0,201.0,214.0,110.0,0.0,0.0,0.0,22.0,8.0,20.0,13.0,31.0,0.0,0.0,0.0,0.0,0.0,20.0,13.0,0.0,0.0,0.0,0.0
C4__baldwinian__s25,C4__baldwinian,C4,C4,baldwinian,25,1050,train,50,2.86,15,15,74.85351145541975,0.8541666666666666,0.5,static,0.50625,0.0,0.0,284.0,168.0,185.0,160.0,147.0,0.0,0.0,0.0,30.0,14.0,18.0,14.0,38.0,0.0,0.0,0.0,0.0,0.0,18.0,14.0,0.0,0.0,0.0,0.0
C4__baldwinian__s25,C4__baldwinian,C4,C4,baldwinian,25,1100,train,50,2.92,18,18,106.58244651780055,0.8125,0.5,static,0.525,0.0,0.0,313.0,274.0,174.0,158.0,119.0,0.0,0.0,0.0,18.0,21.0,15.0,18.0,33.0,0.0,0.0,0.0,0.0,0.0,15.0,18.0,0.0,0.0,0.0,0.0
C4__baldwinian__s25,C4__baldwinian,C4,C4,baldwinian,25,1150,train,50,2.9,19,19,61.5479350656137,0.9166666666666666,0.5,static,0.48125,0.0,0.0,258.0,256.0,149.0,215.0,183.0,0.0,0.0,0.0,20.0,24.0,10.0,26.0,30.0,0.0,0.0,0.0,0.0,0.0,10.0,26.0,0.0,0.0,0.0,0.0
C4__baldwinian__s25,C4__baldwinian,C4,C4,baldwinian,25,1200,train,50,2.98,10,10,108.59626610872884,0.75,0.5,static,0.53125,0.0,0.0,125.0,180.0,165.0,344.0,111.0,0.0,0.0,0.0,13.0,13.0,13.0,11.0,32.0,0.0,0.0,0.0,0.0,0.0,13.0,11.0,0.0,0.0,0.0,0.0
C4__baldwinian__s25,C4__baldwinian,C4,C4,baldwinian,25,1250,train,50,3.16,15,15,85.88652508935641,0.8125,0.5,static,0.55,0.0,0.0,189.0,120.0,146.0,180.0,158.0,0.0,0.0,0.0,22.0,14.0,8.0,27.0,35.0,0.0,0.0,0.0,0.0,0.0,8.0,27.0,0.0,0.0,0.0,0.0
C4__baldwinian__s25,C4__baldwinian,C4,C4,baldwinian,25,1300,train,50,3.26,21,21,102.9244146034369,0.8541666666666666,0.5,static,0.475,0.0,0.0,134.0,247.0,190.0,232.0,78.0,0.0,0.0,0.0,13.0,31.0,14.0,21.0,18.0,0.0,0.0,0.0,0.0,0.0,14.0,21.0,0.0,0.0,0.0,0.0
C4__baldwinian__s25,C4__baldwinian,C4,C4,baldwinian,25,1350,train,50,3.38,14,14,55.55911947799058,0.9166666666666666,0.5,static,0.48125,0.0,0.0,218.0,168.0,129.0,157.0,138.0,0.0,0.0,0.0,30.0,18.0,17.0,17.0,37.0,0.0,0.0,0.0,0.0,0.0,17.0,17.0,0.0,0.0,0.0,0.0
C4__baldwinian__s25,C4__baldwinian,C4,C4,baldwinian,25,1400,train,50,3.46,11,11,65.02284067977158,0.8541666666666666,0.5,static,0.49375,0.0,0.0,193.0,270.0,208.0,241.0,180.0,0.0,0.0,0.0,20.0,27.0,15.0,23.0,20.0,0.0,0.0,0.0,0.0,0.0,15.0,23.0,0.0,0.0,0.0,0.0
C4__baldwinian__s25,C4__baldwinian,C4,C4,baldwinian,25,1450,train,50,3.6,20,20,111.86077950933732,0.7083333333333334,0.5,static,0.525,0.0,0.0,201.0,135.0,204.0,198.0,182.0,0.0,0.0,0.0,25.0,11.0,16.0,14.0,26.0,0.0,0.0,0.0,0.0,0.0,16.0,14.0,0.0,0.0,0.0,0.0
C4__baldwinian__s25,C4__baldwinian,C4,C4,baldwinian,25,1500,train,50,3.88,15,15,130.22206506373126,0.6458333333333334,0.5,static,0.50625,0.0,0.0,290.0,211.0,133.0,237.0,155.0,0.0,0.0,0.0,22.0,21.0,11.0,11.0,20.0,0.0,0.0,0.0,0.0,0.0,11.0,11.0,0.0,0.0,0.0,0.0
C4__baldwinian__s25,C4__baldwinian,C4,C4,baldwinian,25,1550,eval,50,4.1,22,22,133.5820500562749,0.7083333333333334,0.5,static,0.485,0.0,0.0,249.0,209.0,121.0,339.0,62.0,65.0,54.0,58.0,14.0,17.0,9.0,26.0,1.0,2.0,15.0,3.0,0.0,0.0,9.0,26.0,0.0,0.0,15.0,3.0
C4__baldwinian__s25,C4__baldwinian,C4,C4,baldwinian,25,1600,eval,50,4.16,12,12,142.23462155374347,0.6458333333333334,0.5,static,0.48,0.0,0.0,172.0,152.0,285.0,173.0,109.0,110.0,93.0,81.0,19.0,16.0,16.0,15.0,3.0,6.0,1.0,3.0,0.0,0.0,16.0,15.0,0.0,0.0,1.0,3.0
C4__baldwinian__s25,C4__baldwinian,C4,C4,baldwinian,25,1650,eval,50,4.14,9,9,180.87801408861608,0.4583333333333333,0.5,static,0.51,0.0,0.0,282.0,199.0,127.0,283.0,134.0,50.0,81.0,107.0,14.0,8.0,13.0,7.0,5.0,4.0,10.0,4.0,0.0,0.0,13.0,7.0,0.0,0.0,10.0,4.0
C4__baldwinian__s25,C4__baldwinian,C4,C4,baldwinian,25,1700,eval,50,4.3,18,18,200.59256572242825,0.4583333333333333,0.5,static,0.465,0.0,0.0,309.0,210.0,383.0,347.0,48.0,55.0,31.0,91.0,11.0,4.0,8.0,17.0,3.0,3.0,2.0,15.0,0.0,0.0,8.0,17.0,0.0,0.0,2.0,15.0
C4__baldwinian__s25,C4__baldwinian,C4,C4,baldwinian,25,1750,eval,50,4.4,8,8,166.47090149483785,0.5833333333333334,0.5,static,0.435,0.0,0.0,348.0,313.0,283.0,351.0,32.0,109.0,90.0,13.0,21.0,21.0,14.0,18.0,2.0,15.0,9.0,1.0,0.0,0.0,14.0,18.0,0.0,0.0,9.0,1.0
C4__baldwinian__s25,C4__baldwinian,C4,C4,baldwinian,25,1800,eval,50,4.5,11,11,159.27395815609205,0.5833333333333334,0.5,static,0.51,0.0,0.0,359.0,256.0,233.0,248.0,77.0,88.0,28.0,35.0,17.0,11.0,10.0,13.0,5.0,13.0,4.0,6.0,0.0,0.0,10.0,13.0,0.0,0.0,4.0,6.0
C4__baldwinian__s26,C4__baldwinian,C4,C4,baldwinian,26,50,train,50,0.76,31,1,64.99024387247955,0.8958333333333334,0.5,static,0.5125,0.0,0.0,96.0,129.0,84.0,90.0,108.0,0.0,0.0,0.0,18.0,31.0,19.0,15.0,22.0,0.0,0.0,0.0,0.0,0.0,19.0,15.0,0.0,0.0,0.0,0.0
C4__baldwinian__s26,C4__baldwinian,C4,C4,baldwinian,26,100,train,50,0.84,13,13,49.02823505334995,0.9166666666666666,0.5,static,0.5,0.0,0.0,164.0,146.0,121.0,213.0,129.0,0.0,0.0,0.0,18.0,26.0,19.0,24.0,19.0,0.0,0.0,0.0,0.0,0.0,19.0,24.0,0.0,0.0,0.0,0.0
C4__baldwinian__s26,C4__baldwinian,C4,C4,baldwinian,26,150,train,50,1.14,19,19,68.8746821406067,0.875,0.5,static,0.55,0.0,0.0,223.0,134.0,160.0,169.0,50.0,0.0,0.0,0.0,28.0,26.0,20.0,13.0,16.0,0.0,0.0,0.0,0.0,0.0,20.0,13.0,0.0,0.0,0.0,0.0
C4__baldwinian__s26,C4__baldwinian,C4,C4,baldwinian,26,200,train,50,1.28,21,21,94.88160495066464,0.7916666666666666,0.5,static,0.525,0.0,0.0,262.0,177.0,192.0,244.0,96.0,0.0,0.0,0.0,25.0,14.0,11.0,24.0,19.0,0.0,0.0,0.0,0.0,0.0,11.0,24.0,0.0,0.0,0.0,0.0
C4__baldwinian__s26,C4__baldwinian,C4,C4,baldwinian,26,250,train,50,1.3,13,13,121.69467097145497,0.625,0.5,static,0.51875,0.0,0.0,184.0,228.0,262.0,201.0,159.0,0.0,0.0,0.0,20.0,17.0,16.0,21.0,23.0,0.0,0.0,0.0,0.0,0.0,16.0,21.0,0.0,0.0,0.0,0.0
C4__baldwinian__s26,C4__baldwinian,C4,C4,baldwinian,26,300,train,50,1.36,13,13,83.27785033942162,0.7916666666666666,0.5,static,0.49375,0.0,0.0,143.0,295.0,242.0,286.0,104.0,0.0,0.0,0.0,16.0,31.0,26.0,14.0,12.0,0.0,0.0,0.0,0.0,0.0,26.0,14.0,0.0,0.0,0.0,0.0
C4__baldwinian__s26,C4__baldwinian,C4,C4,baldwinian,26,350,train,50,1.26,14,14,76.48627908365128,0.8333333333333334,0.5,static,0.4875,0.0,0.0,182.0,208.0,168.0,199.0,88.0,0.0,0.0,0.0,19.0,24.0,15.0,17.0,13.0,0.0,0.0,0.0,0.0,0.0,15.0,17.0,0.0,0.0,0.0,0.0
C4__baldwinian__s26,C4__baldwinian,C4,C4,baldwinian,26,400,train,50,1.26,13,13,108.35007629980552,0.6666666666666666,0.5,static,0.43125,0.0,0.0,222.0,190.0,243.0,219.0,57.0,0.0,0.0,0.0,25.0,17.0,15.0,16.0,20.0,0.0,0.0,0.0,0.0,0.0,15.0,16.0,0.0,0.0,0.0,0.0
C4__baldwinian__s26,C4__baldwinian,C4,C4,baldwinian,26,450,train,50,1.22,10,10,104.97152067702308,0.75,0.5,static,0.5125,0.0,0.0,327.0,340.0,168.0,244.0,39.0,0.0,0.0,0.0,16.0,23.0,12.0,27.0,21.0,0.0,0.0,0.0,0.0,0.0,12.0,27.0,0.0,0.0,0.0,0.0
C4__baldwinian__s26,C4__baldwinian,C4,C4,baldwinian,26,500,train,50,1.44,18,18,60.567623499765645,0.8333333333333334,0.5,static,0.49375,0.0,0.0,244.0,317.0,249.0,236.0,91.0,0.0,0.0,0.0,20.0,29.0,16.0,23.0,26.0,0.0,0.0,0.0,0.0,0.0,16.0,23.0,0.0,0.0,0.0,0.0
C4__baldwinian__s26,C4__baldwinian,C4,C4,baldwinian,26,550,train,50,2.02,21,21,106.15118167812608,0.75,0.5,static,0.48125,0.0,0.0,212.0,161.0,272.0,273.0,100.0,0.0,0.0,0.0,13.0,14.0,23.0,13.0,18.0,0.0,0.0,0.0,0.0,0.0,23.0,13.0,0.0,0.0,0.0,0.0
C4__baldwinian__s26,C4__baldwinian,C4,C4,baldwinian,26,600,train,50,2.08,13,13,69.35158285228901,0.8541666666666666,0.5,static,0.475,0.0,0.0,141.0,177.0,167.0,174.0,85.0,0.0,0.0,0.0,33.0,21.0,9.0,18.0,18.0,0.0,0.0,0.0,0.0,0.0,9.0,18.0,0.0,0.0,0.0,0.0
C4__baldwinian__s26,C4__baldwinian,C4,C4,baldwinian,26,650,train,50,1.92,17,17,94.17484210476455,0.8333333333333334,0.5,static,0.48125,0.0,0.0,150.0,173.0,172.0,258.0,62.0,0.0,0.0,0.0,28.0,25.0,23.0,17.0,12.0,0.0,0.0,0.0,0.0,0.0,23.0,17.0,0.0,0.0,0.0,0.0
C4__baldwinian__s26,C4__baldwinian,C4,C4,baldwinian,26,700,train,50,2.04,17,17,104.55380528394986,0.75,0.5,static,0.50625,0.0,0.0,205.0,191.0,107.0,209.0,64.0,0.0,0.0,0.0,25.0,15.0,16.0,15.0,20.0,0.0,0.0,0.0,0.0,0.0,16.0,15.0,0.0,0.0,0.0,0.0
C4__baldwinian__s26,C4__baldwinian,C4,C4,baldwinian,26,750,train,50,2.18,15,15,88.91132345884682,0.7708333333333334,0.5,static,0.49375,0.0,0.0,167.0,251.0,209.0,180.0,100.0,0.0,0.0,0.0,20.0,32.0,17.0,14.0,26.0,0.0,0.0,0.0,0.0,0.0,17.0,14.0,0.0,0.0,0.0,0.0
C4__baldwinian__s26,C4__baldwinian,C4,C4,baldwinian,26,800,train,50,2.22,19,19,112.34835282725304,0.7916666666666666,0.5,static,0.5125,0.0,0.0,211.0,292.0,181.0,170.0,46.0,0.0,0.0,0.0,21.0,31.0,22.0,13.0,14.0,0.0,0.0,0.0,0.0,0.0,22.0,13.0,0.0,0.0,0.0,0.0
C4__baldwinian__s26,C4__baldwinian,C4,C4,baldwinian,26,850,train,50,2.44,20,20,52.39820408509126,0.9166666666666666,0.5,static,0.49375,0.0,0.0,173.0,195.0,274.0,253.0,61.0,0.0,0.0,0.0,18.0,29.0,24.0,29.0,28.0,0.0,0.0,0.0,0.0,0.0,24.0,29.0,0.0,0.0,0.0,0.0
C4__baldwinian__s26,C4__baldwinian,C4,C4,baldwinian,26,900,train,50,2.38,14,14,105.85321576466076,0.8125,0.5,static,0.51875,0.0,0.0,213.0,193.0,124.0,101.0,35.0,0.0,0.0,0.0,24.0,24.0,12.0,15.0,22.0,0.0,0.0,0.0,0.0,0.0,12.0,15.0,0.0,0.0,0.0,0.0
C4__baldwinian__s26,C4__baldwinian,C4,C4,baldwinian,26,950,train,50,2.42,21,21,141.953141341024,0.7083333333333334,0.5,static,0.45625,0.0,0.0,199.0,152.0,244.0,103.0,33.0,0.0,0.0,0.0,14.0,20.0,21.0,23.0,15.0,0.0,0.0,0.0,0.0,0.0,21.0,23.0,0.0,0.0,0.0,0.0
C4__baldwinian__s26,C4__baldwinian,C4,C4,baldwinian,26,1000,train,50,2.92,22,22,113.41546601926717,0.7916666666666666,0.5,static,0.53125,0.0,0.0,133.0,195.0,243.0,221.0,30.0,0.0,0.0,0.0,22.0,34.0,11.0,29.0,13.0,0.0,0.0,0.0,0.0,0.0,11.0,29.0,0.0,0.0,0.0,0.0
C4__baldwinian__s26,C4__baldwinian,C4,C4,baldwinian,26,1050,train,50,3.06,19,19,136.45560191706886,0.625,0.5,static,0.5125,0.0,0.0,262.0,143.0,168.0,148.0,68.0,0.0,0.0,0.0,17.0,12.0,18.0,26.0,18.0,0.0,0.0,0.0,0.0,0.0,18.0,26.0,0.0,0.0,0.0,0.0
C4__baldwinian__s26,C4__baldwinian,C4,C4,baldwinian,26,1100,train,50,3.22,22,22,75.78415376680213,0.9166666666666666,0.5,static,0.475,0.0,0.0,237.0,238.0,293.0,248.0,49.0,0.0,0.0,0.0,33.0,25.0,23.0,22.0,14.0,0.0,0.0,0.0,0.0,0.0,23.0,22.0,0.0,0.0,0.0,0.0
C4__baldwinian__s26,C4__baldwinian,C4,C4,baldwinian,26,1150,train,50,3.36,9,9,67.67223592564076,0.875,0.5,static,0.475,0.0,0.0,273.0,185.0,204.0,185.0,89.0,0.0,0.0,0.0,25.0,27.0,8.0,11.0,26.0,0.0,0.0,0.0,0.0,0.0,8.0,11.0,0.0,0.0,0.0,0.0
C4__baldwinian__s26,C4__baldwinian,C4,C4,baldwinian,26,1200,train,50,3.48,23,23,114.43259664913694,0.75,0.5,static,0.4375,0.0,0.0,159.0,169.0,200.0,197.0,112.0,0.0,0.0,0.0,19.0,18.0,28.0,16.0,18.0,0.0,0.0,0.0,0.0,0.0,28.0,16.0,0.0,0.0,0.0,0.0
C4__baldwinian__s26,C4__baldwinian,C4,C4,baldwinian,26,1250,train,50,3.44,12,12,128.2387290563281,0.7708333333333334,0.5,static,0.4875,0.0,0.0,257.0,110.0,156.0,197.0,56.0,0.0,0.0,0.0,31.0,12.0,12.0,32.0,15.0,0.0,0.0,0.0,0.0,0.0,12.0,32.0,0.0,0.0,0.0,0.0
C4__baldwinian__s26,C4__baldwinian,C4,C4,baldwinian,26,1300,train,50,3.38,11,11,118.86728254244244,0.75,0.5,static,0.46875,0.0,0.0,184.0,158.0,179.0,285.0,67.0,0.0,0.0,0.0,22.0,18.0,18.0,19.0,19.0,0.0,0.0,0.0,0.0,0.0,18.0,19.0,0.0,0.0,0.0,0.0
C4__baldwinian__s26,C4__baldwinian,C4,C4,baldwinian,26,1350,train,50,3.44,13,13,133.6956020984424,0.6458333333333334,0.5,static,0.51875,0.0,0.0,199.0,168.0,331.0,242.0,123.0,0.0,0.0,0.0,19.0,10.0,21.0,20.0,23.0,0.0,0.0,0.0,0.0,0.0,21.0,20.0,0.0,0.0,0.0,0.0
C4__baldwinian__s26,C4__baldwinian,C4,C4,baldwinian,26,1400,train,50,3.5,16,16,95.91905585945132,0.7708333333333334,0.5,static,0.5125,0.0,0.0,261.0,481.0,269.0,204.0,85.0,0.0,0.0,0.0,15.0,22.0,25.0,11.0,27.0,0.0,0.0,0.0,0.0,0.0,25.0,11.0,0.0,0.0,0.0,0.0
C4__baldwinian__s26,C4__baldwinian,C4,C4,baldwinian,26,1450,train,50,3.76,21,21,80.24750045266006,0.875,0.5,static,0.55625,0.0,0.0,190.0,238.0,330.0,217.0,49.0,0.0,0.0,0.0,29.0,17.0,30.0,14.0,16.0,0.0,0.0,0.0,0.0,0.0,30.0,14.0,0.0,0.0,0.0,0.0
C4__baldwinian__s26,C4__baldwinian,C4,C4,baldwinian,26,1500,train,50,3.9,10,10,101.28195869334894,0.7708333333333334,0.5,static,0.48125,0.0,0.0,175.0,234.0,219.0,182.0,80.0,0.0,0.0,0.0,26.0,13.0,12.0,22.0,24.0,0.0,0.0,0.0,0.0,0.0,12.0,22.0,0.0,0.0,0.0,0.0
C4__baldwinian__s26,C4__baldwinian,C4,C4,baldwinian,26,1550,eval,50,4.08,24,24,193.54195308518536,0.5625,0.5,static,0.48,0.0,0.0,209.0,189.0,200.0,257.0,11.0,31.0,64.0,56.0,9.0,8.0,20.0,20.0,1.0,1.0,11.0,4.0,0.0,0.0,20.0,20.0,0.0,0.0,11.0,4.0
C4__baldwinian__s26,C4__baldwinian,C4,C4,baldwinian,26,1600,eval,50,4.2,18,18,211.8581190488898,0.4166666666666667,0.5,static,0.495,0.0,0.0,201.0,179.0,312.0,211.0,18.0,27.0,29.0,29.0,22.0,5.0,8.0,11.0,1.0,2.0,3.0,2.0,0.0,0.0,8.0,11.0,0.0,0.0,3.0,2.0
C4__baldwinian__s26,C4__baldwinian,C4,C4,baldwinian,26,1650,eval,50,4.34,15,15,199.33752773848516,0.4166666666666667,0.5,static,0.525,0.0,0.0,240.0,362.0,288.0,218.0,42.0,39.0,35.0,101.0,11.0,11.0,12.0,16.0,7.0,4.0,2.0,3.0,0.0,0.0,12.0,16.0,0.0,0.0,2.0,3.0
C4__baldwinian__s26,C4__baldwinian,C4,C4,baldwinian,26,1700,eval,50,4.34,11,11,161.6894786786772,0.5833333333333334,0.5,static,0.49,0.0,0.0,251.0,321.0,264.0,282.0,71.0,24.0,125.0,40.0,18.0,20.0,10.0,30.0,9.0,3.0,7.0,1.0,0.0,0.0,10.0,30.0,0.0,0.0,7.0,1.0
C4__baldwinian__s26,C4__baldwinian,C4,C4,baldwinian,26,1750,eval,50,4.5,14,14,225.7639457089668,0.5,0.5,static,0.505,0.0,0.0,206.0,196.0,149.0,274.0,4.0,80.0,67.0,25.0,12.0,13.0,11.0,19.0,2.0,9.0,6.0,0.0,0.0,0.0,11.0,19.0,0.0,0.0,6.0,0.0
C4__baldwinian__s26,C4__baldwinian,C4,C4,baldwinian,26,1800,eval,50,4.68,8,8,237.56255133678798,0.4166666666666667,0.5,static,0.515,0.0,0.0,151.0,127.0,304.0,253.0,53.0,48.0,12.0,23.0,14.0,10.0,12.0,10.0,6.0,0.0,2.0,4.0,0.0,0.0,12.0,10.0,0.0,0.0,2.0,4.0
C4__baldwinian__s27,C4__baldwinian,C4,C4,baldwinian,27,50,train,50,0.82,34,4,63.38563704694165,0.9166666666666666,0.5,static,0.46875,0.0,0.0,137.0,63.0,147.0,57.0,90.0,0.0,0.0,0.0,29.0,19.0,29.0,14.0,19.0,0.0,0.0,0.0,0.0,0.0,29.0,14.0,0.0,0.0,0.0,0.0
C4__baldwinian__s27,C4__baldwinian,C4,C4,baldwinian,27,100,train,49,0.8163265306122449,10,11,77.75867325814656,0.8958333333333334,0.5,static,0.49375,0.0,0.0,181.0,157.0,174.0,152.0,84.0,0.0,0.0,0.0,24.0,17.0,21.0,22.0,18.0,0.0,0.0,0.0,0.0,0.0,21.0,22.0,0.0,0.0,0.0,0.0
C4__baldwinian__s27,C4__baldwinian,C4,C4,baldwinian,27,150,train,50,0.84,17,16,122.07875106094113,0.7083333333333334,0.5,static,0.5,0.0,0.0,154.0,290.0,243.0,180.0,127.0,0.0,0.0,0.0,21.0,17.0,20.0,17.0,22.0,0.0,0.0,0.0,0.0,0.0,20.0,17.0,0.0,0.0,0.0,0.0
C4__baldwinian__s27,C4__baldwinian,C4,C4,baldwinian,27,200,train,50,0.94,13,13,93.64917198876765,0.8541666666666666,0.5,static,0.5375,0.0,0.0,293.0,250.0,145.0,283.0,165.0,0.0,0.0,0.0,34.0,18.0,17.0,22.0,26.0,0.0,0.0,0.0,0.0,0.0,17.0,22.0,0.0,0.0,0.0,0.0
C4__baldwinian__s27,C4__baldwinian,C4,C4,baldwinian,27,250,train,50,0.94,13,13,110.11404618222062,0.75,0.5,static,0.50625,0.0,0.0,153.0,322.0,235.0,385.0,84.0,0.0,0.0,0.0,20.0,20.0,13.0,25.0,23.0,0.0,0.0,0.0,0.0,0.0,13.0,25.0,0.0,0.0,0.0,0.0
C4__baldwinian__s27,C4__baldwinian,C4,C4,baldwinian,27,300,train,50,0.92,15,15,97.78590151897788,0.7916666666666666,0.5,static,0.49375,0.0,0.0,225.0,369.0,325.0,311.0,115.0,0.0,0.0,0.0,28.0,14.0,27.0,15.0,17.0,0.0,0.0,0.0,0.0,0.0,27.0,15.0,0.0,0.0,0.0,0.0
C4__baldwinian__s27,C4__baldwinian,C4,C4,baldwinian,27,350,train,50,0.98,9,9,74.01350238654271,0.8541666666666666,0.5,static,0.525,0.0,0.0,275.0,241.0,183.0,293.0,108.0,0.0,0.0,0.0,23.0,29.0,12.0,22.0,24.0,0.0,0.0,0.0,0.0,0.0,12.0,22.0,0.0,0.0,0.0,0.0
C4__baldwinian__s27,C4__baldwinian,C4,C4,baldwinian,27,400,train,50,1.06,13,13,90.3823659288196,0.8333333333333334,0.5,static,0.51875,0.0,0.0,148.0,293.0,255.0,271.0,82.0,0.0,0.0,0.0,27.0,17.0,22.0,12.0,24.0,0.0,0.0,0.0,0.0,0.0,22.0,12.0,0.0,0.0,0.0,0.0
C4__baldwinian__s27,C4__baldwinian,C4,C4,baldwinian,27,450,train,50,1.06,14,14,120.06986083906942,0.75,0.5,static,0.46875,0.0,0.0,305.0,328.0,296.0,207.0,160.0,0.0,0.0,0.0,23.0,27.0,25.0,13.0,22.0,0.0,0.0,0.0,0.0,0.0,25.0,13.0,0.0,0.0,0.0,0.0
C4__baldwinian__s27,C4__baldwinian,C4,C4,baldwinian,27,500,train,50,1.36,19,19,94.87153892474588,0.75,0.5,static,0.50625,0.0,0.0,294.0,262.0,285.0,216.0,141.0,0.0,0.0,0.0,21.0,23.0,19.0,22.0,24.0,0.0,0.0,0.0,0.0,0.0,19.0,22.0,0.0,0.0,0.0,0.0
C4__baldwinian__s27,C4__baldwinian,C4,C4,baldwinian,27,550,train,50,1.72,27,27,130.25242979697367,0.7291666666666666,0.5,static,0.49375,0.0,0.0,128.0,166.0,253.0,350.0,114.0,0.0,0.0,0.0,10.0,21.0,20.0,32.0,17.0,0.0,0.0,0.0,0.0,0.0,20.0,32.0,0.0,0.0,0.0,0.0
C4__baldwinian__s27,C4__baldwinian,C4,C4,baldwinian,27,600,train,50,1.78,21,21,60.12228671653606,0.9375,0.5,static,0.49375,0.0,0.0,294.0,211.0,270.0,291.0,116.0,0.0,0.0,0.0,27.0,28.0,24.0,22.0,24.0,0.0,0.0,0.0,0.0,0.0,24.0,22.0,0.0,0.0,0.0,0.0
C4__baldwinian__s27,C4__baldwinian,C4,C4,baldwinian,27,650,train,50,1.9,19,19,86.19573036256912,0.8333333333333334,0.5,static,0.50625,0.0,0.0,172.0,189.0,260.0,169.0,114.0,0.0,0.0,0.0,13.0,19.0,21.0,18.0,19.0,0.0,0.0,0.0,0.0,0.0,21.0,18.0,0.0,0.0,0.0,0.0
C4__baldwinian__s27,C4__baldwinian,C4,C4,baldwinian,27,700,train,50,1.94,18,18,131.9875378187175,0.6666666666666666,0.5,static,0.4875,0.0,0.0,204.0,130.0,154.0,253.0,116.0,0.0,0.0,0.0,25.0,10.0,6.0,18.0,26.0,0.0,0.0,0.0,0.0,0.0,6.0,18.0,0.0,0.0,0.0,0.0
C4__baldwinian__s27,C4__baldwinian,C4,C4,baldwinian,27,750,train,50,2.02,16,16,72.24134668660872,0.8541666666666666,0.5,static,0.55,0.0,0.0,240.0,295.0,177.0,190.0,85.0,0.0,0.0,0.0,24.0,25.0,18.0,29.0,19.0,0.0,0.0,0.0,0.0,0.0,18.0,29.0,0.0,0.0,0.0,0.0
C4__baldwinian__s27,C4__baldwinian,C4,C4,baldwinian,27,800,train,50,1.96,19,19,101.08218998095109,0.8333333333333334,0.5,static,0.54375,0.0,0.0,238.0,335.0,219.0,278.0,66.0,0.0,0.0,0.0,23.0,19.0,27.0,19.0,9.0,0.0,0.0,0.0,0.0,0.0,27.0,19.0,0.0,0.0,0.0,0.0
C4__baldwinian__s27,C4__baldwinian,C4,C4,baldwinian,27,850,train,50,2.08,21,21,75.68356232615116,0.8333333333333334,0.5,static,0.46875,0.0,0.0,181.0,186.0,219.0,225.0,188.0,0.0,0.0,0.0,22.0,13.0,21.0,34.0,17.0,0.0,0.0,0.0,0.0,0.0,21.0,34.0,0.0,0.0,0.0,0.0
C4__baldwinian__s27,C4__baldwinian,C4,C4,baldwinian,27,900,train,50,2.08,14,14,116.17364388614568,0.6875,0.5,static,0.5125,0.0,0.0,145.0,184.0,324.0,173.0,268.0,0.0,0.0,0.0,20.0,22.0,14.0,4.0,14.0,0.0,0.0,0.0,0.0,0.0,14.0,4.0,0.0,0.0,0.0,0.0
C4__baldwinian__s27,C4__baldwinian,C4,C4,baldwinian,27,950,train,50,2.3,19,19,107.33558280934298,0.7708333333333334,0.5,static,0.5125,0.0,0.0,287.0,267.0,212.0,232.0,222.0,0.0,0.0,0.0,17.0,20.0,20.0,20.0,30.0,0.0,0.0,0.0,0.0,0.0,20.0,20.0,0.0,0.0,0.0,0.0
C4__baldwinian__s27,C4__baldwinian,C4,C4,baldwinian,27,1000,train,50,2.38,18,18,107.29143851576059,0.6875,0.5,static,0.51875,0.0,0.0,300.0,255.0,321.0,226.0,102.0,0.0,0.0,0.0,14.0,30.0,22.0,10.0,19.0,0.0,0.0,0.0,0.0,0.0,22.0,10.0,0.0,0.0,0.0,0.0
C4__baldwinian__s27,C4__baldwinian,C4,C4,baldwinian,27,1050,train,50,2.56,16,16,102.79847383461352,0.7291666666666666,0.5,static,0.45625,0.0,0.0,199.0,276.0,224.0,203.0,146.0,0.0,0.0,0.0,24.0,14.0,19.0,18.0,16.0,0.0,0.0,0.0,0.0,0.0,19.0,18.0,0.0,0.0,0.0,0.0
C4__baldwinian__s27,C4__baldwinian,C4,C4,baldwinian,27,1100,train,50,2.62,13,13,76.29138081321767,0.875,0.5,static,0.51875,0.0,0.0,268.0,194.0,226.0,285.0,119.0,0.0,0.0,0.0,24.0,30.0,17.0,24.0,19.0,0.0,0.0,0.0,0.0,0.0,17.0,24.0,0.0,0.0,0.0,0.0
C4__baldwinian__s27,C4__baldwinian,C4,C4,baldwinian,27,1150,train,50,2.7,20,20,89.40991348635424,0.75,0.5,static,0.45625,0.0,0.0,166.0,103.0,259.0,247.0,92.0,0.0,0.0,0.0,24.0,14.0,25.0,16.0,24.0,0.0,0.0,0.0,0.0,0.0,25.0,16.0,0.0,0.0,0.0,0.0
C4__baldwinian__s27,C4__baldwinian,C4,C4,baldwinian,27,1200,train,50,2.76,15,15,95.56929421094034,0.7708333333333334,0.5,static,0.525,0.0,0.0,252.0,146.0,220.0,287.0,126.0,0.0,0.0,0.0,29.0,23.0,17.0,17.0,20.0,0.0,0.0,0.0,0.0,0.0,17.0,17.0,0.0,0.0,0.0,0.0
C4__baldwinian__s27,C4__baldwinian,C4,C4,baldwinian,27,1250,train,50,2.84,14,14,137.99220629695307,0.6666666666666666,0.5,static,0.51875,0.0,0.0,240.0,233.0,199.0,328.0,111.0,0.0,0.0,0.0,12.0,21.0,16.0,22.0,21.0,0.0,0.0,0.0,0.0,0.0,16.0,22.0,0.0,0.0,0.0,0.0
C4__baldwinian__s27,C4__baldwinian,C4,C4,baldwinian,27,1300,train,50,2.98,19,19,93.06398471301218,0.8541666666666666,0.5,static,0.49375,0.0,0.0,303.0,240.0,131.0,254.0,161.0,0.0,0.0,0.0,27.0,17.0,19.0,23.0,23.0,0.0,0.0,0.0,0.0,0.0,19.0,23.0,0.0,0.0,0.0,0.0
C4__baldwinian__s27,C4__baldwinian,C4,C4,baldwinian,27,1350,train,50,3.08,13,13,74.4546265939912,0.8541666666666666,0.5,static,0.4875,0.0,0.0,209.0,263.0,252.0,305.0,62.0,0.0,0.0,0.0,20.0,23.0,18.0,23.0,16.0,0.0,0.0,0.0,0.0,0.0,18.0,23.0,0.0,0.0,0.0,0.0
C4__baldwinian__s27,C4__baldwinian,C4,C4,baldwinian,27,1400,train,50,3.22,12,12,97.13302497423751,0.7708333333333334,0.5,static,0.4875,0.0,0.0,195.0,216.0,230.0,264.0,160.0,0.0,0.0,0.0,15.0,17.0,15.0,18.0,19.0,0.0,0.0,0.0,0.0,0.0,15.0,18.0,0.0,0.0,0.0,0.0
C4__baldwinian__s27,C4__baldwinian,C4,C4,baldwinian,27,1450,train,50,3.34,23,23,128.29769244000605,0.7083333333333334,0.5,static,0.4875,0.0,0.0,189.0,265.0,312.0,324.0,87.0,0.0,0.0,0.0,17.0,16.0,25.0,29.0,26.0,0.0,0.0,0.0,0.0,0.0,25.0,29.0,0.0,0.0,0.0,0.0
C4__baldwinian__s27,C4__baldwinian,C4,C4,baldwinian,27,1500,train,50,3.56,27,27,103.52698754257398,0.7708333333333334,0.5,static,0.51875,0.0,0.0,239.0,171.0,224.0,128.0,134.0,0.0,0.0,0.0,20.0,23.0,20.0,18.0,20.0,0.0,0.0,0.0,0.0,0.0,20.0,18.0,0.0,0.0,0.0,0.0
C4__baldwinian__s27,C4__baldwinian,C4,C4,baldwinian,27,1550,eval,50,3.74,20,20,127.24799304607879,0.75,0.5,static,0.5,0.0,0.0,253.0,122.0,142.0,253.0,6.0,71.0,63.0,8.0,28.0,5.0,18.0,25.0,2.0,4.0,9.0,2.0,0.0,0.0,18.0,25.0,0.0,0.0,9.0,2.0
C4__baldwinian__s27,C4__baldwinian,C4,C4,baldwinian,27,1600,eval,50,3.8,11,11,141.99441837717302,0.7291666666666666,0.5,static,0.505,0.0,0.0,231.0,234.0,184.0,134.0,92.0,32.0,10.0,60.0,17.0,32.0,8.0,12.0,2.0,10.0,2.0,6.0,0.0,0.0,8.0,12.0,0.0,0.0,2.0,6.0
C4__baldwinian__s27,C4__baldwinian,C4,C4,baldwinian,27,1650,eval,50,3.88,13,13,190.36928568815378,0.5208333333333334,0.5,static,0.495,0.0,0.0,175.0,300.0,168.0,208.0,62.0,24.0,64.0,7.0,8.0,33.0,6.0,11.0,1.0,2.0,2.0,3.0,0.0,0.0,6.0,11.0,0.0,0.0,2.0,3.0
C4__baldwinian__s27,C4__baldwinian,C4,C4,baldwinian,27,1700,eval,50,3.9,8,8,182.84405093698277,0.5,0.5,static,0.525,0.0,0.0,195.0,191.0,410.0,297.0,22.0,2.0,57.0,36.0,20.0,14.0,26.0,19.0,0.0,0.0,3.0,1.0,0.0,0.0,26.0,19.0,0.0,0.0,3.0,1.0
C4__baldwinian__s27,C4__baldwinian,C4,C4,baldwinian,27,1750,eval,50,3.96,18,18,174.77417136495353,0.5625,0.5,static,0.55,0.0,0.0,324.0,198.0,273.0,228.0,19.0,26.0,59.0,75.0,26.0,13.0,17.0,12.0,4.0,1.0,5.0,3.0,0.0,0.0,17.0,12.0,0.0,0.0,5.0,3.0
C4__baldwinian__s27,C4__baldwinian,C4,C4,baldwinian,27,1800,eval,50,4.02,9,9,214.18690215350932,0.4583333333333333,0.5,static,0.47,0.0,0.0,191.0,270.0,280.0,183.0,20.0,81.0,64.0,14.0,11.0,9.0,21.0,10.0,1.0,5.0,3.0,4.0,0.0,0.0,21.0,10.0,0.0,0.0,3.0,4.0
C4__baldwinian__s28,C4__baldwinian,C4,C4,baldwinian,28,50,train,50,0.76,38,8,76.31696668549615,0.875,0.5,static,0.45,0.0,0.0,106.0,110.0,165.0,143.0,71.0,0.0,0.0,0.0,26.0,23.0,37.0,19.0,14.0,0.0,0.0,0.0,0.0,0.0,37.0,19.0,0.0,0.0,0.0,0.0
C4__baldwinian__s28,C4__baldwinian,C4,C4,baldwinian,28,100,train,50,0.88,15,15,57.90362589351005,0.8958333333333334,0.5,static,0.54375,0.0,0.0,306.0,125.0,217.0,171.0,83.0,0.0,0.0,0.0,29.0,20.0,18.0,19.0,15.0,0.0,0.0,0.0,0.0,0.0,18.0,19.0,0.0,0.0,0.0,0.0
C4__baldwinian__s28,C4__baldwinian,C4,C4,baldwinian,28,150,train,50,1.12,22,22,113.70617867735729,0.75,0.5,static,0.5125,0.0,0.0,188.0,183.0,183.0,190.0,67.0,0.0,0.0,0.0,15.0,22.0,18.0,14.0,14.0,0.0,0.0,0.0,0.0,0.0,18.0,14.0,0.0,0.0,0.0,0.0
C4__baldwinian__s28,C4__baldwinian,C4,C4,baldwinian,28,200,train,50,1.22,16,16,65.90876304492187,0.875,0.5,static,0.5125,0.0,0.0,218.0,255.0,222.0,282.0,120.0,0.0,0.0,0.0,22.0,31.0,19.0,27.0,13.0,0.0,0.0,0.0,0.0,0.0,19.0,27.0,0.0,0.0,0.0,0.0
C4__baldwinian__s28,C4__baldwinian,C4,C4,baldwinian,28,250,train,50,1.2,14,14,71.30733751471578,0.8333333333333334,0.5,static,0.5125,0.0,0.0,299.0,207.0,186.0,225.0,155.0,0.0,0.0,0.0,22.0,26.0,20.0,12.0,19.0,0.0,0.0,0.0,0.0,0.0,20.0,12.0,0.0,0.0,0.0,0.0
C4__baldwinian__s28,C4__baldwinian,C4,C4,baldwinian,28,300,train,50,1.14,17,17,105.25290497962179,0.75,0.5,static,0.4875,0.0,0.0,304.0,157.0,150.0,404.0,51.0,0.0,0.0,0.0,16.0,19.0,15.0,40.0,7.0,0.0,0.0,0.0,0.0,0.0,15.0,40.0,0.0,0.0,0.0,0.0
C4__baldwinian__s28,C4__baldwinian,C4,C4,baldwinian,28,350,train,50,1.38,22,22,107.14814749487486,0.75,0.5,static,0.45625,0.0,0.0,214.0,346.0,203.0,229.0,115.0,0.0,0.0,0.0,17.0,30.0,25.0,13.0,9.0,0.0,0.0,0.0,0.0,0.0,25.0,13.0,0.0,0.0,0.0,0.0
C4__baldwinian__s28,C4__baldwinian,C4,C4,baldwinian,28,400,train,50,1.36,13,13,90.50576642666923,0.8541666666666666,0.5,static,0.5,0.0,0.0,282.0,130.0,239.0,339.0,161.0,0.0,0.0,0.0,20.0,14.0,19.0,30.0,17.0,0.0,0.0,0.0,0.0,0.0,19.0,30.0,0.0,0.0,0.0,0.0
C4__baldwinian__s28,C4__baldwinian,C4,C4,baldwinian,28,450,train,50,1.3,13,13,120.11494906784075,0.75,0.5,static,0.54375,0.0,0.0,283.0,386.0,298.0,185.0,87.0,0.0,0.0,0.0,14.0,23.0,28.0,17.0,11.0,0.0,0.0,0.0,0.0,0.0,28.0,17.0,0.0,0.0,0.0,0.0
C4__baldwinian__s28,C4__baldwinian,C4,C4,baldwinian,28,500,train,49,1.4081632653061225,20,21,93.48853627636458,0.7708333333333334,0.5,static,0.45,0.0,0.0,432.0,288.0,278.0,301.0,106.0,0.0,0.0,0.0,24.0,26.0,19.0,24.0,13.0,0.0,0.0,0.0,0.0,0.0,19.0,24.0,0.0,0.0,0.0,0.0
C4__baldwinian__s28,C4__baldwinian,C4,C4,baldwinian,28,550,train,50,1.76,21,20,93.9744534204287,0.8541666666666666,0.5,static,0.56875,0.0,0.0,325.0,161.0,219.0,337.0,70.0,0.0,0.0,0.0,24.0,11.0,21.0,28.0,25.0,0.0,0.0,0.0,0.0,0.0,21.0,28.0,0.0,0.0,0.0,0.0
C4__baldwinian__s28,C4__baldwinian,C4,C4,baldwinian,28,600,train,50,1.9,26,26,78.82072031631523,0.8333333333333334,0.5,static,0.49375,0.0,0.0,183.0,223.0,293.0,287.0,54.0,0.0,0.0,0.0,17.0,23.0,34.0,21.0,15.0,0.0,0.0,0.0,0.0,0.0,34.0,21.0,0.0,0.0,0.0,0.0
C4__baldwinian__s28,C4__baldwinian,C4,C4,baldwinian,28,650,train,50,1.94,10,10,99.11264967135796,0.7916666666666666,0.5,static,0.5,0.0,0.0,234.0,267.0,319.0,259.0,61.0,0.0,0.0,0.0,19.0,30.0,17.0,20.0,17.0,0.0,0.0,0.0,0.0,0.0,17.0,20.0,0.0,0.0,0.0,0.0
C4__baldwinian__s28,C4__baldwinian,C4,C4,baldwinian,28,700,train,50,1.98,16,16,84.790352950803,0.8125,0.5,static,0.55625,0.0,0.0,160.0,305.0,266.0,357.0,71.0,0.0,0.0,0.0,20.0,19.0,19.0,28.0,13.0,0.0,0.0,0.0,0.0,0.0,19.0,28.0,0.0,0.0,0.0,0.0
C4__baldwinian__s28,C4__baldwinian,C4,C4,baldwinian,28,750,train,50,2.06,20,20,102.02696303792398,0.75,0.5,static,0.58125,0.0,0.0,327.0,164.0,276.0,269.0,82.0,0.0,0.0,0.0,29.0,15.0,22.0,20.0,16.0,0.0,0.0,0.0,0.0,0.0,22.0,20.0,0.0,0.0,0.0,0.0
C4__baldwinian__s28,C4__baldwinian,C4,C4,baldwinian,28,800,train,50,2.04,17,17,87.19825436593456,0.8333333333333334,0.5,static,0.475,0.0,0.0,319.0,336.0,336.0,253.0,31.0,0.0,0.0,0.0,25.0,28.0,29.0,16.0,14.0,0.0,0.0,0.0,0.0,0.0,29.0,16.0,0.0,0.0,0.0,0.0
C4__baldwinian__s28,C4__baldwinian,C4,C4,baldwinian,28,850,train,50,2.04,18,18,51.44292841763206,0.9166666666666666,0.5,static,0.53125,0.0,0.0,265.0,242.0,298.0,150.0,89.0,0.0,0.0,0.0,23.0,28.0,29.0,13.0,21.0,0.0,0.0,0.0,0.0,0.0,29.0,13.0,0.0,0.0,0.0,0.0
C4__baldwinian__s28,C4__baldwinian,C4,C4,baldwinian,28,900,train,50,2.18,16,16,103.26858821939416,0.7708333333333334,0.5,static,0.5125,0.0,0.0,252.0,233.0,148.0,254.0,112.0,0.0,0.0,0.0,15.0,30.0,13.0,12.0,17.0,0.0,0.0,0.0,0.0,0.0,13.0,12.0,0.0,0.0,0.0,0.0
C4__baldwinian__s28,C4__baldwinian,C4,C4,baldwinian,28,950,train,50,2.36,16,16,72.59708042244355,0.8958333333333334,0.5,static,0.4875,0.0,0.0,137.0,210.0,201.0,123.0,72.0,0.0,0.0,0.0,24.0,29.0,23.0,6.0,23.0,0.0,0.0,0.0,0.0,0.0,23.0,6.0,0.0,0.0,0.0,0.0
C4__baldwinian__s28,C4__baldwinian,C4,C4,baldwinian,28,1000,train,50,2.58,21,21,81.9261623165126,0.8333333333333334,0.5,static,0.5,0.0,0.0,191.0,205.0,130.0,143.0,113.0,0.0,0.0,0.0,24.0,23.0,12.0,24.0,19.0,0.0,0.0,0.0,0.0,0.0,12.0,24.0,0.0,0.0,0.0,0.0
C4__baldwinian__s28,C4__baldwinian,C4,C4,baldwinian,28,1050,train,50,2.74,17,17,112.3150796061884,0.75,0.5,static,0.5125,0.0,0.0,272.0,231.0,245.0,253.0,97.0,0.0,0.0,0.0,29.0,14.0,26.0,20.0,5.0,0.0,0.0,0.0,0.0,0.0,26.0,20.0,0.0,0.0,0.0,0.0
C4__baldwinian__s28,C4__baldwinian,C4,C4,baldwinian,28,1100,train,50,2.84,19,19,115.54478753952829,0.7083333333333334,0.5,static,0.4625,0.0,0.0,204.0,238.0,256.0,251.0,175.0,0.0,0.0,0.0,29.0,19.0,18.0,21.0,10.0,0.0,0.0,0.0,0.0,0.0,18.0,21.0,0.0,0.0,0.0,0.0
C4__baldwinian__s28,C4__baldwinian,C4,C4,baldwinian,28,1150,train,50,2.94,13,13,94.45469768024628,0.8125,0.5,static,0.4875,0.0,0.0,211.0,331.0,159.0,217.0,125.0,0.0,0.0,0.0,31.0,28.0,13.0,26.0,13.0,0.0,0.0,0.0,0.0,0.0,13.0,26.0,0.0,0.0,0.0,0.0
C4__baldwinian__s28,C4__baldwinian,C4,C4,baldwinian,28,1200,train,50,2.98,13,13,99.70054223204727,0.7291666666666666,0.5,static,0.50625,0.0,0.0,265.0,188.0,207.0,280.0,143.0,0.0,0.0,0.0,21.0,20.0,12.0,14.0,19.0,0.0,0.0,0.0,0.0,0.0,12.0,14.0,0.0,0.0,0.0,0.0
C4__baldwinian__s28,C4__baldwinian,C4,C4,baldwinian,28,1250,train,50,3.14,16,16,113.65917428777138,0.7708333333333334,0.5,static,0.49375,0.0,0.0,204.0,212.0,265.0,290.0,44.0,0.0,0.0,0.0,20.0,17.0,16.0,22.0,17.0,0.0,0.0,0.0,0.0,0.0,16.0,22.0,0.0,0.0,0.0,0.0
C4__baldwinian__s28,C4__baldwinian,C4,C4,baldwinian,28,1300,train,50,3.36,10,10,89.54245785588944,0.7291666666666666,0.5,static,0.51875,0.0,0.0,312.0,286.0,297.0,175.0,30.0,0.0,0.0,0.0,27.0,30.0,22.0,17.0,21.0,0.0,0.0,0.0,0.0,0.0,22.0,17.0,0.0,0.0,0.0,0.0
C4__baldwinian__s28,C4__baldwinian,C4,C4,baldwinian,28,1350,train,50,3.36,20,20,115.208010311795,0.75,0.5,static,0.5375,0.0,0.0,201.0,189.0,353.0,281.0,47.0,0.0,0.0,0.0,16.0,16.0,25.0,23.0,23.0,0.0,0.0,0.0,0.0,0.0,25.0,23.0,0.0,0.0,0.0,0.0
C4__baldwinian__s28,C4__baldwinian,C4,C4,baldwinian,28,1400,train,50,3.34,17,17,102.70031201965944,0.75,0.5,static,0.4625,0.0,0.0,199.0,214.0,243.0,300.0,56.0,0.0,0.0,0.0,19.0,17.0,25.0,27.0,12.0,0.0,0.0,0.0,0.0,0.0,25.0,27.0,0.0,0.0,0.0,0.0
C4__baldwinian__s28,C4__baldwinian,C4,C4,baldwinian,28,1450,train,50,3.42,19,19,73.13913971317699,0.8541666666666666,0.5,static,0.49375,0.0,0.0,316.0,302.0,276.0,253.0,36.0,0.0,0.0,0.0,33.0,27.0,24.0,10.0,17.0,0.0,0.0,0.0,0.0,0.0,24.0,10.0,0.0,0.0,0.0,0.0
C4__baldwinian__s28,C4__baldwinian,C4,C4,baldwinian,28,1500,train,50,3.68,21,21,87.2014170009924,0.8125,0.5,static,0.5375,0.0,0.0,244.0,276.0,352.0,143.0,42.0,0.0,0.0,0.0,18.0,19.0,20.0,26.0,16.0,0.0,0.0,0.0,0.0,0.0,20.0,26.0,0.0,0.0,0.0,0.0
C4__baldwinian__s28,C4__baldwinian,C4,C4,baldwinian,28,1550,eval,50,3.96,25,25,94.55530834212925,0.7916666666666666,0.5,static,0.515,0.0,0.0,310.0,120.0,310.0,259.0,18.0,32.0,14.0,19.0,26.0,19.0,27.0,26.0,1.0,0.0,5.0,2.0,0.0,0.0,27.0,26.0,0.0,0.0,5.0,2.0
C4__baldwinian__s28,C4__baldwinian,C4,C4,baldwinian,28,1600,eval,50,4.08,20,20,136.72300329042613,0.6458333333333334,0.5,static,0.49,0.0,0.0,280.0,243.0,164.0,130.0,73.0,27.0,45.0,36.0,12.0,22.0,13.0,13.0,10.0,1.0,5.0,2.0,0.0,0.0,13.0,13.0,0.0,0.0,5.0,2.0
C4__baldwinian__s28,C4__baldwinian,C4,C4,baldwinian,28,1650,eval,50,4.12,11,11,168.0880711644872,0.5,0.5,static,0.47,0.0,0.0,322.0,196.0,206.0,211.0,16.0,52.0,25.0,35.0,16.0,16.0,11.0,17.0,4.0,1.0,2.0,6.0,0.0,0.0,11.0,17.0,0.0,0.0,2.0,6.0
C4__baldwinian__s28,C4__baldwinian,C4,C4,baldwinian,28,1700,eval,50,4.22,11,11,182.9726125900088,0.5625,0.5,static,0.45,0.0,0.0,332.0,195.0,322.0,169.0,39.0,56.0,42.0,62.0,22.0,20.0,15.0,14.0,4.0,7.0,3.0,2.0,0.0,0.0,15.0,14.0,0.0,0.0,3.0,2.0
C4__baldwinian__s28,C4__baldwinian,C4,C4,baldwinian,28,1750,eval,50,4.22,8,8,225.68502829466019,0.4583333333333333,0.5,static,0.525,0.0,0.0,209.0,244.0,312.0,256.0,31.0,75.0,3.0,13.0,6.0,19.0,15.0,24.0,0.0,5.0,0.0,1.0,0.0,0.0,15.0,24.0,0.0,0.0,0.0,1.0
C4__baldwinian__s28,C4__baldwinian,C4,C4,baldwinian,28,1800,eval,50,4.18,10,10,208.8642746207083,0.5208333333333334,0.5,static,0.485,0.0,0.0,205.0,260.0,383.0,306.0,44.0,28.0,38.0,0.0,5.0,18.0,18.0,15.0,2.0,2.0,2.0,0.0,0.0,0.0,18.0,15.0,0.0,0.0,2.0,0.0
C4__baldwinian__s29,C4__baldwinian,C4,C4,baldwinian,29,50,train,49,0.7142857142857143,35,6,63.23035396876897,0.8541666666666666,0.5,static,0.45625,0.0,0.0,86.0,137.0,153.0,151.0,59.0,0.0,0.0,0.0,11.0,24.0,30.0,27.0,28.0,0.0,0.0,0.0,0.0,0.0,30.0,27.0,0.0,0.0,0.0,0.0
C4__baldwinian__s29,C4__baldwinian,C4,C4,baldwinian,29,100,train,50,0.88,17,16,61.499600745990136,0.8958333333333334,0.5,static,0.5,0.0,0.0,249.0,194.0,132.0,192.0,114.0,0.0,0.0,0.0,29.0,19.0,17.0,16.0,25.0,0.0,0.0,0.0,0.0,0.0,17.0,16.0,0.0,0.0,0.0,0.0
C4__baldwinian__s29,C4__baldwinian,C4,C4,baldwinian,29,150,train,50,0.86,11,11,40.104878836127995,0.9375,0.5,static,0.5375,0.0,0.0,198.0,175.0,145.0,243.0,124.0,0.0,0.0,0.0,29.0,26.0,16.0,22.0,20.0,0.0,0.0,0.0,0.0,0.0,16.0,22.0,0.0,0.0,0.0,0.0
C4__baldwinian__s29,C4__baldwinian,C4,C4,baldwinian,29,200,train,48,0.8958333333333334,18,20,72.79120902981956,0.8333333333333334,0.5,static,0.5125,0.0,0.0,266.0,268.0,253.0,161.0,73.0,0.0,0.0,0.0,25.0,17.0,21.0,13.0,23.0,0.0,0.0,0.0,0.0,0.0,21.0,13.0,0.0,0.0,0.0,0.0
C4__baldwinian__s29,C4__baldwinian,C4,C4,baldwinian,29,250,train,50,1.12,17,15,77.27649336842862,0.8541666666666666,0.5,static,0.59375,0.0,0.0,211.0,156.0,206.0,227.0,126.0,0.0,0.0,0.0,24.0,18.0,25.0,14.0,18.0,0.0,0.0,0.0,0.0,0.0,25.0,14.0,0.0,0.0,0.0,0.0
C4__baldwinian__s29,C4__baldwinian,C4,C4,baldwinian,29,300,train,50,1.18,20,20,94.82430428478683,0.8333333333333334,0.5,static,0.5,0.0,0.0,234.0,188.0,190.0,162.0,110.0,0.0,0.0,0.0,24.0,15.0,16.0,19.0,21.0,0.0,0.0,0.0,0.0,0.0,16.0,19.0,0.0,0.0,0.0,0.0
C4__baldwinian__s29,C4__baldwinian,C4,C4,baldwinian,29,350,train,50,1.08,16,16,84.33539905757524,0.8125,0.5,static,0.4375,0.0,0.0,122.0,198.0,313.0,250.0,154.0,0.0,0.0,0.0,14.0,24.0,22.0,20.0,20.0,0.0,0.0,0.0,0.0,0.0,22.0,20.0,0.0,0.0,0.0,0.0
C4__baldwinian__s29,C4__baldwinian,C4,C4,baldwinian,29,400,train,50,1.22,19,19,86.29696873804507,0.8333333333333334,0.5,static,0.51875,0.0,0.0,164.0,199.0,188.0,251.0,172.0,0.0,0.0,0.0,20.0,23.0,16.0,25.0,37.0,0.0,0.0,0.0,0.0,0.0,16.0,25.0,0.0,0.0,0.0,0.0
C4__baldwinian__s29,C4__baldwinian,C4,C4,baldwinian,29,450,train,50,1.2,16,16,79.9727980389548,0.8125,0.5,static,0.53125,0.0,0.0,231.0,158.0,79.0,116.0,130.0,0.0,0.0,0.0,26.0,24.0,13.0,12.0,12.0,0.0,0.0,0.0,0.0,0.0,13.0,12.0,0.0,0.0,0.0,0.0
C4__baldwinian__s29,C4__baldwinian,C4,C4,baldwinian,29,500,train,45,1.4444444444444444,21,26,126.71311258849676,0.7083333333333334,0.5,static,0.5,0.0,0.0,217.0,233.0,169.0,132.0,186.0,0.0,0.0,0.0,16.0,21.0,16.0,15.0,22.0,0.0,0.0,0.0,0.0,0.0,16.0,15.0,0.0,0.0,0.0,0.0
C4__baldwinian__s29,C4__baldwinian,C4,C4,baldwinian,29,550,train,50,1.9,25,20,88.0964680602132,0.7916666666666666,0.5,static,0.48125,0.0,0.0,132.0,174.0,119.0,206.0,228.0,0.0,0.0,0.0,24.0,15.0,19.0,17.0,26.0,0.0,0.0,0.0,0.0,0.0,19.0,17.0,0.0,0.0,0.0,0.0
C4__baldwinian__s29,C4__baldwinian,C4,C4,baldwinian,29,600,train,50,1.96,20,20,64.70755818126838,0.8541666666666666,0.5,static,0.525,0.0,0.0,163.0,190.0,232.0,175.0,107.0,0.0,0.0,0.0,22.0,33.0,20.0,14.0,13.0,0.0,0.0,0.0,0.0,0.0,20.0,14.0,0.0,0.0,0.0,0.0
C4__baldwinian__s29,C4__baldwinian,C4,C4,baldwinian,29,650,train,46,2.108695652173913,19,23,75.56436267798928,0.875,0.5,static,0.48125,0.0,0.0,124.0,156.0,193.0,233.0,111.0,0.0,0.0,0.0,18.0,16.0,23.0,16.0,20.0,0.0,0.0,0.0,0.0,0.0,23.0,16.0,0.0,0.0,0.0,0.0
C4__baldwinian__s29,C4__baldwinian,C4,C4,baldwinian,29,700,train,46,2.108695652173913,16,16,96.97135938201978,0.7708333333333334,0.5,static,0.5,0.0,0.0,275.0,258.0,196.0,254.0,124.0,0.0,0.0,0.0,25.0,20.0,19.0,19.0,19.0,0.0,0.0,0.0,0.0,0.0,19.0,19.0,0.0,0.0,0.0,0.0
C4__baldwinian__s29,C4__baldwinian,C4,C4,baldwinian,29,750,train,50,2.14,16,12,67.49419310364024,0.8125,0.5,static,0.55,0.0,0.0,257.0,172.0,138.0,398.0,172.0,0.0,0.0,0.0,26.0,20.0,7.0,18.0,24.0,0.0,0.0,0.0,0.0,0.0,7.0,18.0,0.0,0.0,0.0,0.0
C4__baldwinian__s29,C4__baldwinian,C4,C4,baldwinian,29,800,train,50,2.1,20,20,70.52364754699119,0.875,0.5,static,0.525,0.0,0.0,246.0,234.0,128.0,215.0,105.0,0.0,0.0,0.0,33.0,21.0,10.0,23.0,23.0,0.0,0.0,0.0,0.0,0.0,10.0,23.0,0.0,0.0,0.0,0.0
C4__baldwinian__s29,C4__baldwinian,C4,C4,baldwinian,29,850,train,50,2.32,18,18,94.78982173941533,0.8333333333333334,0.5,static,0.5125,0.0,0.0,224.0,237.0,123.0,142.0,82.0,0.0,0.0,0.0,27.0,28.0,23.0,8.0,18.0,0.0,0.0,0.0,0.0,0.0,23.0,8.0,0.0,0.0,0.0,0.0
C4__baldwinian__s29,C4__baldwinian,C4,C4,baldwinian,29,900,train,50,2.54,24,24,70.04187026942373,0.8125,0.5,static,0.45625,0.0,0.0,199.0,237.0,146.0,304.0,153.0,0.0,0.0,0.0,20.0,21.0,14.0,19.0,33.0,0.0,0.0,0.0,0.0,0.0,14.0,19.0,0.0,0.0,0.0,0.0
C4__baldwinian__s29,C4__baldwinian,C4,C4,baldwinian,29,950,train,50,2.96,24,24,52.201945316520465,0.9375,0.5,static,0.5375,0.0,0.0,173.0,232.0,183.0,187.0,110.0,0.0,0.0,0.0,22.0,18.0,18.0,26.0,27.0,0.0,0.0,0.0,0.0,0.0,18.0,26.0,0.0,0.0,0.0,0.0
C4__baldwinian__s29,C4__baldwinian,C4,C4,baldwinian,29,1000,train,48,3.1041666666666665,15,17,71.07141533585892,0.8541666666666666,0.5,static,0.48125,0.0,0.0,185.0,125.0,76.0,178.0,128.0,0.0,0.0,0.0,28.0,21.0,11.0,14.0,23.0,0.0,0.0,0.0,0.0,0.0,11.0,14.0,0.0,0.0,0.0,0.0
C4__baldwinian__s29,C4__baldwinian,C4,C4,baldwinian,29,1050,train,48,3.1875,17,17,103.38541696787604,0.8333333333333334,0.5,static,0.48125,0.0,0.0,155.0,300.0,149.0,225.0,53.0,0.0,0.0,0.0,17.0,32.0,16.0,17.0,15.0,0.0,0.0,0.0,0.0,0.0,16.0,17.0,0.0,0.0,0.0,0.0
C4__baldwinian__s29,C4__baldwinian,C4,C4,baldwinian,29,1100,train,43,3.255813953488372,16,21,74.09334203665507,0.875,0.5,static,0.51875,0.0,0.0,247.0,164.0,177.0,140.0,91.0,0.0,0.0,0.0,21.0,27.0,15.0,20.0,30.0,0.0,0.0,0.0,0.0,0.0,15.0,20.0,0.0,0.0,0.0,0.0
C4__baldwinian__s29,C4__baldwinian,C4,C4,baldwinian,29,1150,train,50,3.44,22,15,79.3015928897282,0.8333333333333334,0.5,static,0.53125,0.0,0.0,126.0,225.0,137.0,121.0,260.0,0.0,0.0,0.0,17.0,31.0,20.0,9.0,28.0,0.0,0.0,0.0,0.0,0.0,20.0,9.0,0.0,0.0,0.0,0.0
C4__baldwinian__s29,C4__baldwinian,C4,C4,baldwinian,29,1200,train,48,3.6875,17,19,75.47650525316949,0.875,0.5,static,0.5375,0.0,0.0,234.0,111.0,111.0,205.0,133.0,0.0,0.0,0.0,23.0,26.0,18.0,19.0,15.0,0.0,0.0,0.0,0.0,0.0,18.0,19.0,0.0,0.0,0.0,0.0
C4__baldwinian__s29,C4__baldwinian,C4,C4,baldwinian,29,1250,train,50,3.92,17,15,68.12941275421012,0.8541666666666666,0.5,static,0.53125,0.0,0.0,193.0,317.0,284.0,164.0,172.0,0.0,0.0,0.0,19.0,29.0,28.0,10.0,28.0,0.0,0.0,0.0,0.0,0.0,28.0,10.0,0.0,0.0,0.0,0.0
C4__baldwinian__s29,C4__baldwinian,C4,C4,baldwinian,29,1300,train,50,4.02,17,17,108.72106189184674,0.75,0.5,static,0.5125,0.0,0.0,182.0,113.0,177.0,293.0,147.0,0.0,0.0,0.0,23.0,11.0,15.0,20.0,23.0,0.0,0.0,0.0,0.0,0.0,15.0,20.0,0.0,0.0,0.0,0.0
C4__baldwinian__s29,C4__baldwinian,C4,C4,baldwinian,29,1350,train,50,4.08,19,19,78.50372847001272,0.8958333333333334,0.5,static,0.45,0.0,0.0,188.0,245.0,286.0,183.0,87.0,0.0,0.0,0.0,25.0,32.0,17.0,18.0,21.0,0.0,0.0,0.0,0.0,0.0,17.0,18.0,0.0,0.0,0.0,0.0
C4__baldwinian__s29,C4__baldwinian,C4,C4,baldwinian,29,1400,train,50,4.34,21,21,51.22950949130127,0.9375,0.5,static,0.5375,0.0,0.0,123.0,215.0,192.0,242.0,133.0,0.0,0.0,0.0,9.0,30.0,15.0,20.0,29.0,0.0,0.0,0.0,0.0,0.0,15.0,20.0,0.0,0.0,0.0,0.0
C4__baldwinian__s29,C4__baldwinian,C4,C4,baldwinian,29,1450,train,50,4.38,19,19,148.64655948111965,0.6666666666666666,0.5,static,0.53125,0.0,0.0,140.0,133.0,143.0,310.0,85.0,0.0,0.0,0.0,21.0,14.0,15.0,17.0,15.0,0.0,0.0,0.0,0.0,0.0,15.0,17.0,0.0,0.0,0.0,0.0
C4__baldwinian__s29,C4__baldwinian,C4,C4,baldwinian,29,1500,train,50,4.44,15,15,52.32650494663723,0.9375,0.5,static,0.525,0.0,0.0,193.0,212.0,218.0,243.0,198.0,0.0,0.0,0.0,23.0,29.0,24.0,21.0,28.0,0.0,0.0,0.0,0.0,0.0,24.0,21.0,0.0,0.0,0.0,0.0
C4__baldwinian__s29,C4__baldwinian,C4,C4,baldwinian,29,1550,eval,50,4.8,28,28,118.16207325013201,0.75,0.5,static,0.51,0.0,0.0,123.0,155.0,272.0,184.0,15.0,20.0,9.0,0.0,10.0,18.0,22.0,16.0,3.0,5.0,5.0,0.0,0.0,0.0,22.0,16.0,0.0,0.0,5.0,0.0
C4__baldwinian__s29,C4__baldwinian,C4,C4,baldwinian,29,1600,eval,50,5.18,22,22,94.7123282797875,0.8333333333333334,0.5,static,0.52,0.0,0.0,232.0,194.0,136.0,211.0,23.0,28.0,52.0,37.0,28.0,19.0,14.0,23.0,8.0,6.0,3.0,3.0,0.0,0.0,14.0,23.0,0.0,0.0,3.0,3.0
C4__baldwinian__s29,C4__baldwinian,C4,C4,baldwinian,29,1650,eval,50,5.3,20,20,111.40353918125436,0.6875,0.5,static,0.515,0.0,0.0,283.0,206.0,376.0,131.0,43.0,71.0,124.0,32.0,13.0,17.0,17.0,19.0,13.0,7.0,10.0,4.0,0.0,0.0,17.0,19.0,0.0,0.0,10.0,4.0
C4__baldwinian__s29,C4__baldwinian,C4,C4,baldwinian,29,1700,eval,50,5.36,12,12,152.08009214419212,0.625,0.5,static,0.475,0.0,0.0,240.0,379.0,219.0,364.0,37.0,49.0,48.0,9.0,11.0,28.0,11.0,20.0,0.0,3.0,6.0,0.0,0.0,0.0,11.0,20.0,0.0,0.0,6.0,0.0
C4__baldwinian__s29,C4__baldwinian,C4,C4,baldwinian,29,1750,eval,50,5.5,12,12,159.13952253918956,0.5833333333333334,0.5,static,0.52,0.0,0.0,349.0,340.0,329.0,272.0,82.0,6.0,67.0,20.0,13.0,20.0,16.0,15.0,2.0,3.0,7.0,4.0,0.0,0.0,16.0,15.0,0.0,0.0,7.0,4.0
C4__baldwinian__s29,C4__baldwinian,C4,C4,baldwinian,29,1800,eval,50,5.62,15,15,147.55218366827023,0.6458333333333334,0.5,static,0.51,0.0,0.0,270.0,299.0,308.0,214.0,141.0,87.0,113.0,75.0,11.0,16.0,26.0,12.0,10.0,8.0,9.0,4.0,0.0,0.0,26.0,12.0,0.0,0.0,9.0,4.0
C4__baldwinian__s30,C4__baldwinian,C4,C4,baldwinian,30,50,train,50,0.82,31,1,164.45359350838774,0.625,0.5,static,0.54375,0.0,0.0,82.0,97.0,140.0,98.0,153.0,0.0,0.0,0.0,14.0,20.0,15.0,15.0,21.0,0.0,0.0,0.0,0.0,0.0,15.0,15.0,0.0,0.0,0.0,0.0
C4__baldwinian__s30,C4__baldwinian,C4,C4,baldwinian,30,100,train,50,0.84,13,13,82.73108220084922,0.8333333333333334,0.5,static,0.49375,0.0,0.0,173.0,145.0,156.0,199.0,168.0,0.0,0.0,0.0,22.0,19.0,13.0,29.0,21.0,0.0,0.0,0.0,0.0,0.0,13.0,29.0,0.0,0.0,0.0,0.0
C4__baldwinian__s30,C4__baldwinian,C4,C4,baldwinian,30,150,train,50,0.82,14,14,77.6805621465106,0.8333333333333334,0.5,static,0.53125,0.0,0.0,251.0,259.0,271.0,259.0,132.0,0.0,0.0,0.0,15.0,21.0,24.0,13.0,17.0,0.0,0.0,0.0,0.0,0.0,24.0,13.0,0.0,0.0,0.0,0.0
C4__baldwinian__s30,C4__baldwinian,C4,C4,baldwinian,30,200,train,50,0.82,9,9,173.78366085412438,0.5416666666666666,0.5,static,0.50625,0.0,0.0,337.0,237.0,156.0,232.0,101.0,0.0,0.0,0.0,22.0,21.0,13.0,17.0,5.0,0.0,0.0,0.0,0.0,0.0,13.0,17.0,0.0,0.0,0.0,0.0
C4__baldwinian__s30,C4__baldwinian,C4,C4,baldwinian,30,250,train,50,0.8,8,8,66.52741470545354,0.875,0.5,static,0.4375,0.0,0.0,225.0,185.0,299.0,220.0,223.0,0.0,0.0,0.0,32.0,9.0,37.0,16.0,29.0,0.0,0.0,0.0,0.0,0.0,37.0,16.0,0.0,0.0,0.0,0.0
C4__baldwinian__s30,C4__baldwinian,C4,C4,baldwinian,30,300,train,50,0.82,11,11,81.21886449582716,0.7916666666666666,0.5,static,0.5625,0.0,0.0,173.0,242.0,251.0,191.0,301.0,0.0,0.0,0.0,19.0,14.0,21.0,9.0,23.0,0.0,0.0,0.0,0.0,0.0,21.0,9.0,0.0,0.0,0.0,0.0
C4__baldwinian__s30,C4__baldwinian,C4,C4,baldwinian,30,350,train,50,0.82,9,9,116.8819215763192,0.6666666666666666,0.5,static,0.49375,0.0,0.0,411.0,170.0,353.0,314.0,108.0,0.0,0.0,0.0,31.0,11.0,16.0,19.0,16.0,0.0,0.0,0.0,0.0,0.0,16.0,19.0,0.0,0.0,0.0,0.0
C4__baldwinian__s30,C4__baldwinian,C4,C4,baldwinian,30,400,train,50,0.82,11,11,110.78871179807945,0.6875,0.5,static,0.48125,0.0,0.0,348.0,285.0,350.0,236.0,195.0,0.0,0.0,0.0,30.0,15.0,16.0,8.0,20.0,0.0,0.0,0.0,0.0,0.0,16.0,8.0,0.0,0.0,0.0,0.0
C4__baldwinian__s30,C4__baldwinian,C4,C4,baldwinian,30,450,train,50,0.82,12,12,76.79496638021918,0.8958333333333334,0.5,static,0.55625,0.0,0.0,236.0,332.0,239.0,361.0,115.0,0.0,0.0,0.0,14.0,32.0,28.0,21.0,17.0,0.0,0.0,0.0,0.0,0.0,28.0,21.0,0.0,0.0,0.0,0.0
C4__baldwinian__s30,C4__baldwinian,C4,C4,baldwinian,30,500,train,47,1.2553191489361701,18,21,71.08644577447875,0.8333333333333334,0.5,static,0.4875,0.0,0.0,196.0,161.0,292.0,232.0,164.0,0.0,0.0,0.0,17.0,23.0,18.0,18.0,27.0,0.0,0.0,0.0,0.0,0.0,18.0,18.0,0.0,0.0,0.0,0.0
C4__baldwinian__s30,C4__baldwinian,C4,C4,baldwinian,30,550,train,50,1.72,30,27,81.08870365935185,0.8333333333333334,0.5,static,0.4625,0.0,0.0,186.0,129.0,133.0,200.0,136.0,0.0,0.0,0.0,28.0,14.0,17.0,20.0,15.0,0.0,0.0,0.0,0.0,0.0,17.0,20.0,0.0,0.0,0.0,0.0
C4__baldwinian__s30,C4__baldwinian,C4,C4,baldwinian,30,600,train,50,1.76,13,13,105.19834195528553,0.8125,0.5,static,0.5125,0.0,0.0,213.0,170.0,132.0,184.0,92.0,0.0,0.0,0.0,34.0,18.0,10.0,13.0,19.0,0.0,0.0,0.0,0.0,0.0,10.0,13.0,0.0,0.0,0.0,0.0
C4__baldwinian__s30,C4__baldwinian,C4,C4,baldwinian,30,650,train,50,1.88,20,20,68.47413786643085,0.8958333333333334,0.5,static,0.48125,0.0,0.0,167.0,217.0,166.0,127.0,130.0,0.0,0.0,0.0,33.0,27.0,16.0,15.0,20.0,0.0,0.0,0.0,0.0,0.0,16.0,15.0,0.0,0.0,0.0,0.0
C4__baldwinian__s30,C4__baldwinian,C4,C4,baldwinian,30,700,train,50,1.92,14,14,101.82193638771818,0.75,0.5,static,0.4875,0.0,0.0,80.0,230.0,187.0,158.0,93.0,0.0,0.0,0.0,16.0,20.0,17.0,15.0,13.0,0.0,0.0,0.0,0.0,0.0,17.0,15.0,0.0,0.0,0.0,0.0
C4__baldwinian__s30,C4__baldwinian,C4,C4,baldwinian,30,750,train,50,1.88,11,11,100.53341308206032,0.7708333333333334,0.5,static,0.5625,0.0,0.0,260.0,258.0,164.0,130.0,159.0,0.0,0.0,0.0,24.0,20.0,20.0,17.0,24.0,0.0,0.0,0.0,0.0,0.0,20.0,17.0,0.0,0.0,0.0,0.0
C4__baldwinian__s30,C4__baldwinian,C4,C4,baldwinian,30,800,train,50,2.0,21,21,63.93440976756797,0.8541666666666666,0.5,static,0.5,0.0,0.0,218.0,184.0,287.0,185.0,94.0,0.0,0.0,0.0,23.0,18.0,30.0,20.0,24.0,0.0,0.0,0.0,0.0,0.0,30.0,20.0,0.0,0.0,0.0,0.0
C4__baldwinian__s30,C4__baldwinian,C4,C4,baldwinian,30,850,train,50,2.1,11,11,85.85059078854451,0.8333333333333334,0.5,static,0.5375,0.0,0.0,187.0,219.0,268.0,201.0,101.0,0.0,0.0,0.0,31.0,18.0,20.0,17.0,23.0,0.0,0.0,0.0,0.0,0.0,20.0,17.0,0.0,0.0,0.0,0.0
C4__baldwinian__s30,C4__baldwinian,C4,C4,baldwinian,30,900,train,50,2.1,17,17,69.78301122557413,0.8541666666666666,0.5,static,0.50625,0.0,0.0,199.0,250.0,365.0,222.0,144.0,0.0,0.0,0.0,16.0,18.0,26.0,21.0,29.0,0.0,0.0,0.0,0.0,0.0,26.0,21.0,0.0,0.0,0.0,0.0
C4__baldwinian__s30,C4__baldwinian,C4,C4,baldwinian,30,950,train,50,2.18,12,12,87.00207168746503,0.7916666666666666,0.5,static,0.475,0.0,0.0,141.0,182.0,190.0,205.0,140.0,0.0,0.0,0.0,32.0,15.0,15.0,24.0,22.0,0.0,0.0,0.0,0.0,0.0,15.0,24.0,0.0,0.0,0.0,0.0
C4__baldwinian__s30,C4__baldwinian,C4,C4,baldwinian,30,1000,train,50,2.36,11,11,128.00191326190594,0.6875,0.5,static,0.46875,0.0,0.0,186.0,333.0,193.0,207.0,68.0,0.0,0.0,0.0,23.0,25.0,17.0,15.0,17.0,0.0,0.0,0.0,0.0,0.0,17.0,15.0,0.0,0.0,0.0,0.0
C4__baldwinian__s30,C4__baldwinian,C4,C4,baldwinian,30,1050,train,50,2.5,16,16,118.0423079574952,0.7291666666666666,0.5,static,0.55,0.0,0.0,247.0,250.0,245.0,114.0,53.0,0.0,0.0,0.0,18.0,21.0,23.0,8.0,16.0,0.0,0.0,0.0,0.0,0.0,23.0,8.0,0.0,0.0,0.0,0.0
C4__baldwinian__s30,C4__baldwinian,C4,C4,baldwinian,30,1100,train,50,2.6,17,17,85.59099978788322,0.75,0.5,static,0.51875,0.0,0.0,212.0,244.0,242.0,278.0,70.0,0.0,0.0,0.0,21.0,16.0,17.0,25.0,20.0,0.0,0.0,0.0,0.0,0.0,17.0,25.0,0.0,0.0,0.0,0.0
C4__baldwinian__s30,C4__baldwinian,C4,C4,baldwinian,30,1150,train,50,2.74,20,20,127.70444084901352,0.6666666666666666,0.5,static,0.4875,0.0,0.0,340.0,184.0,314.0,260.0,56.0,0.0,0.0,0.0,14.0,18.0,29.0,27.0,10.0,0.0,0.0,0.0,0.0,0.0,29.0,27.0,0.0,0.0,0.0,0.0
C4__baldwinian__s30,C4__baldwinian,C4,C4,baldwinian,30,1200,train,50,2.9,17,17,97.4908947528256,0.8333333333333334,0.5,static,0.4875,0.0,0.0,153.0,237.0,229.0,270.0,173.0,0.0,0.0,0.0,15.0,21.0,19.0,19.0,31.0,0.0,0.0,0.0,0.0,0.0,19.0,19.0,0.0,0.0,0.0,0.0
C4__baldwinian__s30,C4__baldwinian,C4,C4,baldwinian,30,1250,train,50,3.06,18,18,101.64287812302375,0.7708333333333334,0.5,static,0.5,0.0,0.0,194.0,106.0,175.0,310.0,98.0,0.0,0.0,0.0,18.0,18.0,19.0,22.0,19.0,0.0,0.0,0.0,0.0,0.0,19.0,22.0,0.0,0.0,0.0,0.0
C4__baldwinian__s30,C4__baldwinian,C4,C4,baldwinian,30,1300,train,50,3.2,20,20,65.85089098490872,0.8541666666666666,0.5,static,0.51875,0.0,0.0,184.0,313.0,172.0,212.0,111.0,0.0,0.0,0.0,22.0,22.0,19.0,19.0,17.0,0.0,0.0,0.0,0.0,0.0,19.0,19.0,0.0,0.0,0.0,0.0
C4__baldwinian__s30,C4__baldwinian,C4,C4,baldwinian,30,1350,train,50,3.08,12,12,141.40291133583955,0.7083333333333334,0.5,static,0.50625,0.0,0.0,269.0,190.0,120.0,225.0,80.0,0.0,0.0,0.0,16.0,15.0,15.0,10.0,16.0,0.0,0.0,0.0,0.0,0.0,15.0,10.0,0.0,0.0,0.0,0.0
C4__baldwinian__s30,C4__baldwinian,C4,C4,baldwinian,30,1400,train,50,3.28,20,20,75.60229167623265,0.8541666666666666,0.5,static,0.53125,0.0,0.0,182.0,326.0,210.0,252.0,64.0,0.0,0.0,0.0,19.0,33.0,21.0,18.0,20.0,0.0,0.0,0.0,0.0,0.0,21.0,18.0,0.0,0.0,0.0,0.0
C4__baldwinian__s30,C4__baldwinian,C4,C4,baldwinian,30,1450,train,50,3.4,12,12,89.36332353013441,0.75,0.5,static,0.51875,0.0,0.0,195.0,389.0,205.0,151.0,101.0,0.0,0.0,0.0,16.0,28.0,17.0,13.0,21.0,0.0,0.0,0.0,0.0,0.0,17.0,13.0,0.0,0.0,0.0,0.0
C4__baldwinian__s30,C4__baldwinian,C4,C4,baldwinian,30,1500,train,50,3.62,16,16,121.84688956110332,0.6666666666666666,0.5,static,0.48125,0.0,0.0,294.0,297.0,256.0,198.0,100.0,0.0,0.0,0.0,15.0,22.0,17.0,17.0,26.0,0.0,0.0,0.0,0.0,0.0,17.0,17.0,0.0,0.0,0.0,0.0
C4__baldwinian__s30,C4__baldwinian,C4,C4,baldwinian,30,1550,eval,50,3.76,21,21,109.52527722061107,0.7708333333333334,0.5,static,0.455,0.0,0.0,170.0,231.0,197.0,194.0,18.0,60.0,30.0,21.0,30.0,19.0,19.0,17.0,1.0,13.0,6.0,3.0,0.0,0.0,19.0,17.0,0.0,0.0,6.0,3.0
C4__baldwinian__s30,C4__baldwinian,C4,C4,baldwinian,30,1600,eval,50,3.78,18,18,106.99167462440275,0.7083333333333334,0.5,static,0.485,0.0,0.0,256.0,225.0,138.0,248.0,7.0,52.0,11.0,30.0,17.0,15.0,17.0,19.0,4.0,10.0,2.0,3.0,0.0,0.0,17.0,19.0,0.0,0.0,2.0,3.0
C4__baldwinian__s30,C4__baldwinian,C4,C4,baldwinian,30,1650,eval,50,3.84,14,14,134.1290985774764,0.7083333333333334,0.5,static,0.475,0.0,0.0,355.0,226.0,211.0,206.0,30.0,37.0,55.0,54.0,34.0,15.0,12.0,15.0,3.0,9.0,4.0,5.0,0.0,0.0,12.0,15.0,0.0,0.0,4.0,5.0
C4__baldwinian__s30,C4__baldwinian,C4,C4,baldwinian,30,1700,eval,50,4.04,13,13,166.63833965197566,0.5833333333333334,0.5,static,0.515,0.0,0.0,170.0,239.0,105.0,186.0,8.0,8.0,7.0,18.0,8.0,8.0,5.0,23.0,4.0,6.0,1.0,5.0,0.0,0.0,5.0,23.0,0.0,0.0,1.0,5.0
C4__baldwinian__s30,C4__baldwinian,C4,C4,baldwinian,30,1750,eval,50,4.18,9,9,239.0396731707999,0.3333333333333333,0.5,static,0.535,0.0,0.0,184.0,332.0,260.0,188.0,0.0,14.0,55.0,41.0,9.0,17.0,7.0,13.0,0.0,2.0,0.0,6.0,0.0,0.0,7.0,13.0,0.0,0.0,0.0,6.0
C4__baldwinian__s30,C4__baldwinian,C4,C4,baldwinian,30,1800,eval,50,4.32,14,14,209.2459295048923,0.4583333333333333,0.5,static,0.48,0.0,0.0,274.0,249.0,300.0,212.0,24.0,18.0,4.0,38.0,13.0,14.0,18.0,10.0,3.0,0.0,2.0,5.0,0.0,0.0,18.0,10.0,0.0,0.0,2.0,5.0
