run_id,cell_id,condition,family,inheritance_mode,seed,window_end_tick,phase,population,mean_generation,births,deaths,total_stock,suppressed_fraction,coverage_realised,opportunities__train__m0__c0,opportunities__train__m0__c1,opportunities__train__m1__c0,opportunities__train__m1__c1,opportunities__heldout__m0__c0,opportunities__heldout__m0__c1,opportunities__heldout__m1__c0,opportunities__heldout__m1__c1,defections__train__m0__c0,defections__train__m0__c1,defections__train__m1__c0,defections__train__m1__c1,defections__heldout__m0__c0,defections__heldout__m0__c1,defections__heldout__m1__c0,defections__heldout__m1__c1,penalties__train__m0__c0,penalties__train__m0__c1,penalties__train__m1__c0,penalties__train__m1__c1,penalties__heldout__m0__c0,penalties__heldout__m0__c1,penalties__heldout__m1__c0,penalties__heldout__m1__c1
C2_p9__lamarckian__s1,C2_p9__lamarckian,C2_p9,C2,lamarckian,1,50,train,50,0.84,38,8,87.96389123472173,0.8333333333333334,0.5,385.0,0.0,0.0,227.0,126.0,0.0,0.0,0.0,49.0,0.0,0.0,32.0,31.0,0.0,0.0,0.0,0.0,0.0,0.0,32.0,0.0,0.0,0.0,0.0
C2_p9__lamarckian__s1,C2_p9__lamarckian,C2_p9,C2,lamarckian,1,100,train,50,1.02,12,12,67.49620089086577,0.875,0.5,333.0,0.0,0.0,264.0,96.0,0.0,0.0,0.0,46.0,0.0,0.0,25.0,19.0,0.0,0.0,0.0,0.0,0.0,0.0,25.0,0.0,0.0,0.0,0.0
C2_p9__lamarckian__s1,C2_p9__lamarckian,C2_p9,C2,lamarckian,1,150,train,50,1.2,20,20,62.41958077642053,0.8958333333333334,0.5,426.0,0.0,0.0,401.0,71.0,0.0,0.0,0.0,46.0,0.0,0.0,36.0,23.0,0.0,0.0,0.0,0.0,0.0,0.0,36.0,0.0,0.0,0.0,0.0
C2_p9__lamarckian__s1,C2_p9__lamarckian,C2_p9,C2,lamarckian,1,200,train,50,1.4,25,25,108.15663435386868,0.7291666666666666,0.5,388.0,0.0,0.0,374.0,108.0,0.0,0.0,0.0,45.0,0.0,0.0,31.0,21.0,0.0,0.0,0.0,0.0,0.0,0.0,31.0,0.0,0.0,0.0,0.0
C2_p9__lamarckian__s1,C2_p9__lamarckian,C2_p9,C2,lamarckian,1,250,train,50,1.64,22,22,60.52906405855753,0.9166666666666666,0.5,453.0,0.0,0.0,381.0,95.0,0.0,0.0,0.0,47.0,0.0,0.0,29.0,23.0,0.0,0.0,0.0,0.0,0.0,0.0,29.0,0.0,0.0,0.0,0.0
C2_p9__lamarckian__s1,C2_p9__lamarckian,C2_p9,C2,lamarckian,1,300,train,50,1.56,11,11,75.14462717801027,0.8333333333333334,0.5,362.0,0.0,0.0,514.0,150.0,0.0,0.0,0.0,66.0,0.0,0.0,21.0,12.0,0.0,0.0,0.0,0.0,0.0,0.0,21.0,0.0,0.0,0.0,0.0
C2_p9__lamarckian__s1,C2_p9__lamarckian,C2_p9,C2,lamarckian,1,350,train,50,1.48,15,15,124.00088863525858,0.625,0.5,441.0,0.0,0.0,383.0,107.0,0.0,0.0,0.0,50.0,0.0,0.0,16.0,20.0,0.0,0.0,0.0,0.0,0.0,0.0,16.0,0.0,0.0,0.0,0.0
C2_p9__lamarckian__s1,C2_p9__lamarckian,C2_p9,C2,lamarckian,1,400,train,50,1.44,11,11,66.62304926591426,0.8958333333333334,0.5,505.0,0.0,0.0,555.0,96.0,0.0,0.0,0.0,88.0,0.0,0.0,22.0,18.0,0.0,0.0,0.0,0.0,0.0,0.0,22.0,0.0,0.0,0.0,0.0
C2_p9__lamarckian__s1,C2_p9__lamarckian,C2_p9,C2,lamarckian,1,450,train,50,1.34,10,10,58.159570966267665,0.8333333333333334,0.5,497.0,0.0,0.0,597.0,64.0,0.0,0.0,0.0,71.0,0.0,0.0,18.0,19.0,0.0,0.0,0.0,0.0,0.0,0.0,18.0,0.0,0.0,0.0,0.0
C2_p9__lamarckian__s1,C2_p9__lamarckian,C2_p9,C2,lamarckian,1,500,train,50,1.58,15,15,82.37180813127719,0.7708333333333334,0.5,526.0,0.0,0.0,506.0,39.0,0.0,0.0,0.0,61.0,0.0,0.0,18.0,22.0,0.0,0.0,0.0,0.0,0.0,0.0,18.0,0.0,0.0,0.0,0.0
C2_p9__lamarckian__s1,C2_p9__lamarckian,C2_p9,C2,lamarckian,1,550,train,50,1.88,16,16,59.983877442741544,0.8958333333333334,0.5,387.0,0.0,0.0,445.0,46.0,0.0,0.0,0.0,73.0,0.0,0.0,22.0,19.0,0.0,0.0,0.0,0.0,0.0,0.0,22.0,0.0,0.0,0.0,0.0
C2_p9__lamarckian__s1,C2_p9__lamarckian,C2_p9,C2,lamarckian,1,600,train,50,2.18,20,20,55.71015509776948,0.9166666666666666,0.5,338.0,0.0,0.0,534.0,39.0,0.0,0.0,0.0,78.0,0.0,0.0,19.0,23.0,0.0,0.0,0.0,0.0,0.0,0.0,19.0,0.0,0.0,0.0,0.0
C2_p9__lamarckian__s1,C2_p9__lamarckian,C2_p9,C2,lamarckian,1,650,train,50,2.08,9,9,55.5881511872668,0.8958333333333334,0.5,247.0,0.0,0.0,437.0,70.0,0.0,0.0,0.0,78.0,0.0,0.0,22.0,21.0,0.0,0.0,0.0,0.0,0.0,0.0,22.0,0.0,0.0,0.0,0.0
C2_p9__lamarckian__s1,C2_p9__lamarckian,C2_p9,C2,lamarckian,1,700,train,50,2.1,20,20,35.52860414069435,0.9375,0.5,210.0,0.0,0.0,339.0,50.0,0.0,0.0,0.0,71.0,0.0,0.0,21.0,22.0,0.0,0.0,0.0,0.0,0.0,0.0,21.0,0.0,0.0,0.0,0.0
C2_p9__lamarckian__s1,C2_p9__lamarckian,C2_p9,C2,lamarckian,1,750,train,38,2.210526315789474,9,21,53.44123790673818,0.9583333333333334,0.5,310.0,0.0,0.0,309.0,32.0,0.0,0.0,0.0,71.0,0.0,0.0,18.0,19.0,0.0,0.0,0.0,0.0,0.0,0.0,18.0,0.0,0.0,0.0,0.0
C2_p9__lamarckian__s1,C2_p9__lamarckian,C2_p9,C2,lamarckian,1,800,train,33,2.5454545454545454,13,18,63.73243182691726,0.8958333333333334,0.5,244.0,0.0,0.0,330.0,48.0,0.0,0.0,0.0,76.0,0.0,0.0,11.0,23.0,0.0,0.0,0.0,0.0,0.0,0.0,11.0,0.0,0.0,0.0,0.0
C2_p9__lamarckian__s1,C2_p9__lamarckian,C2_p9,C2,lamarckian,1,850,train,33,2.727272727272727,10,10,102.59259738423759,0.7708333333333334,0.5,163.0,0.0,0.0,204.0,31.0,0.0,0.0,0.0,80.0,0.0,0.0,11.0,16.0,0.0,0.0,0.0,0.0,0.0,0.0,11.0,0.0,0.0,0.0,0.0
C2_p9__lamarckian__s1,C2_p9__lamarckian,C2_p9,C2,lamarckian,1,900,train,39,2.769230769230769,16,10,75.80236992143637,0.875,0.5,218.0,0.0,0.0,299.0,45.0,0.0,0.0,0.0,89.0,0.0,0.0,10.0,29.0,0.0,0.0,0.0,0.0,0.0,0.0,10.0,0.0,0.0,0.0,0.0
C2_p9__lamarckian__s1,C2_p9__lamarckian,C2_p9,C2,lamarckian,1,950,train,41,2.975609756097561,8,6,47.10448212215299,0.9375,0.5,242.0,0.0,0.0,254.0,25.0,0.0,0.0,0.0,111.0,0.0,0.0,10.0,17.0,0.0,0.0,0.0,0.0,0.0,0.0,10.0,0.0,0.0,0.0,0.0
C2_p9__lamarckian__s1,C2_p9__lamarckian,C2_p9,C2,lamarckian,1,1000,train,38,3.0,5,8,48.3312211629119,0.9375,0.5,226.0,0.0,0.0,274.0,36.0,0.0,0.0,0.0,89.0,0.0,0.0,11.0,20.0,0.0,0.0,0.0,0.0,0.0,0.0,11.0,0.0,0.0,0.0,0.0
C2_p9__lamarckian__s1,C2_p9__lamarckian,C2_p9,C2,lamarckian,1,1050,train,33,3.090909090909091,4,9,76.01808820468155,0.8958333333333334,0.5,166.0,0.0,0.0,397.0,37.0,0.0,0.0,0.0,76.0,0.0,0.0,14.0,25.0,0.0,0.0,0.0,0.0,0.0,0.0,14.0,0.0,0.0,0.0,0.0
C2_p9__lamarckian__s1,C2_p9__lamarckian,C2_p9,C2,lamarckian,1,1100,train,36,3.361111111111111,12,9,54.24355120530866,0.8958333333333334,0.5,208.0,0.0,0.0,223.0,43.0,0.0,0.0,0.0,97.0,0.0,0.0,9.0,21.0,0.0,0.0,0.0,0.0,0.0,0.0,9.0,0.0,0.0,0.0,0.0
C2_p9__lamarckian__s1,C2_p9__lamarckian,C2_p9,C2,lamarckian,1,1150,train,37,3.5135135135135136,8,7,45.13026455174748,0.9583333333333334,0.5,176.0,0.0,0.0,493.0,41.0,0.0,0.0,0.0,93.0,0.0,0.0,17.0,16.0,0.0,0.0,0.0,0.0,0.0,0.0,17.0,0.0,0.0,0.0,0.0
C2_p9__lamarckian__s1,C2_p9__lamarckian,C2_p9,C2,lamarckian,1,1200,train,39,3.6923076923076925,12,10,54.0043880680101,0.9166666666666666,0.5,160.0,0.0,0.0,321.0,69.0,0.0,0.0,0.0,73.0,0.0,0.0,8.0,24.0,0.0,0.0,0.0,0.0,0.0,0.0,8.0,0.0,0.0,0.0,0.0
C2_p9__lamarckian__s1,C2_p9__lamarckian,C2_p9,C2,lamarckian,1,1250,train,34,3.6470588235294117,8,13,55.81135137620807,0.9583333333333334,0.5,195.0,0.0,0.0,253.0,57.0,0.0,0.0,0.0,87.0,0.0,0.0,11.0,21.0,0.0,0.0,0.0,0.0,0.0,0.0,11.0,0.0,0.0,0.0,0.0
C2_p9__lamarckian__s1,C2_p9__lamarckian,C2_p9,C2,lamarckian,1,1300,train,33,4.242424242424242,11,12,50.918298185313546,0.9166666666666666,0.5,206.0,0.0,0.0,254.0,38.0,0.0,0.0,0.0,92.0,0.0,0.0,11.0,19.0,0.0,0.0,0.0,0.0,0.0,0.0,11.0,0.0,0.0,0.0,0.0
C2_p9__lamarckian__s1,C2_p9__lamarckian,C2_p9,C2,lamarckian,1,1350,train,34,4.294117647058823,8,7,58.76236242751486,0.9166666666666666,0.5,209.0,0.0,0.0,419.0,36.0,0.0,0.0,0.0,90.0,0.0,0.0,13.0,25.0,0.0,0.0,0.0,0.0,0.0,0.0,13.0,0.0,0.0,0.0,0.0
C2_p9__lamarckian__s1,C2_p9__lamarckian,C2_p9,C2,lamarckian,1,1400,train,33,4.575757575757576,9,10,39.435424057521566,0.9791666666666666,0.5,206.0,0.0,0.0,276.0,44.0,0.0,0.0,0.0,104.0,0.0,0.0,10.0,18.0,0.0,0.0,0.0,0.0,0.0,0.0,10.0,0.0,0.0,0.0,0.0
C2_p9__lamarckian__s1,C2_p9__lamarckian,C2_p9,C2,lamarckian,1,1450,train,35,4.885714285714286,11,9,104.8696949097952,0.7916666666666666,0.5,134.0,0.0,0.0,262.0,62.0,0.0,0.0,0.0,66.0,0.0,0.0,12.0,20.0,0.0,0.0,0.0,0.0,0.0,0.0,12.0,0.0,0.0,0.0,0.0
C2_p9__lamarckian__s1,C2_p9__lamarckian,C2_p9,C2,lamarckian,1,1500,train,45,4.844444444444444,20,10,35.17697273741307,1.0,0.5,207.0,0.0,0.0,437.0,43.0,0.0,0.0,0.0,96.0,0.0,0.0,15.0,23.0,0.0,0.0,0.0,0.0,0.0,0.0,15.0,0.0,0.0,0.0,0.0
C2_p9__lamarckian__s1,C2_p9__lamarckian,C2_p9,C2,lamarckian,1,1550,eval,39,4.923076923076923,8,14,82.21107753542888,0.8125,0.5,145.0,0.0,0.0,320.0,41.0,0.0,0.0,88.0,71.0,0.0,0.0,11.0,20.0,0.0,0.0,2.0,0.0,0.0,0.0,11.0,0.0,0.0,0.0,2.0
C2_p9__lamarckian__s1,C2_p9__lamarckian,C2_p9,C2,lamarckian,1,1600,eval,38,5.2105263157894735,12,13,61.757460604515394,0.875,0.5,229.0,0.0,0.0,323.0,27.0,0.0,0.0,56.0,92.0,0.0,0.0,6.0,17.0,0.0,0.0,3.0,0.0,0.0,0.0,6.0,0.0,0.0,0.0,3.0
C2_p9__lamarckian__s1,C2_p9__lamarckian,C2_p9,C2,lamarckian,1,1650,eval,42,5.404761904761905,12,8,56.33582641650246,0.9375,0.5,282.0,0.0,0.0,314.0,31.0,0.0,0.0,55.0,100.0,0.0,0.0,11.0,17.0,0.0,0.0,2.0,0.0,0.0,0.0,11.0,0.0,0.0,0.0,2.0
C2_p9__lamarckian__s1,C2_p9__lamarckian,C2_p9,C2,lamarckian,1,1700,eval,41,5.585365853658536,9,10,63.792953678578016,0.9375,0.5,259.0,0.0,0.0,321.0,42.0,0.0,0.0,43.0,97.0,0.0,0.0,11.0,17.0,0.0,0.0,2.0,0.0,0.0,0.0,11.0,0.0,0.0,0.0,2.0
C2_p9__lamarckian__s1,C2_p9__lamarckian,C2_p9,C2,lamarckian,1,1750,eval,37,5.675675675675675,7,11,79.66560693440015,0.875,0.5,255.0,0.0,0.0,343.0,24.0,0.0,0.0,94.0,99.0,0.0,0.0,10.0,11.0,0.0,0.0,3.0,0.0,0.0,0.0,10.0,0.0,0.0,0.0,3.0
C2_p9__lamarckian__s1,C2_p9__lamarckian,C2_p9,C2,lamarckian,1,1800,eval,40,6.125,11,8,45.205773581598024,0.9583333333333334,0.5,285.0,0.0,0.0,201.0,32.0,0.0,0.0,158.0,120.0,0.0,0.0,6.0,18.0,0.0,0.0,2.0,0.0,0.0,0.0,6.0,0.0,0.0,0.0,2.0
C2_p9__lamarckian__s2,C2_p9__lamarckian,C2_p9,C2,lamarckian,2,50,train,37,0.6486486486486487,24,7,109.93819958810826,0.7916666666666666,0.5,172.0,0.0,0.0,102.0,63.0,0.0,0.0,0.0,47.0,0.0,0.0,31.0,25.0,0.0,0.0,0.0,0.0,0.0,0.0,31.0,0.0,0.0,0.0,0.0
C2_p9__lamarckian__s2,C2_p9__lamarckian,C2_p9,C2,lamarckian,2,100,train,34,0.8235294117647058,13,16,77.58543966666497,0.875,0.5,260.0,0.0,0.0,358.0,87.0,0.0,0.0,0.0,48.0,0.0,0.0,38.0,20.0,0.0,0.0,0.0,0.0,0.0,0.0,38.0,0.0,0.0,0.0,0.0
C2_p9__lamarckian__s2,C2_p9__lamarckian,C2_p9,C2,lamarckian,2,150,train,47,1.297872340425532,26,13,81.95752751373418,0.875,0.5,348.0,0.0,0.0,570.0,69.0,0.0,0.0,0.0,56.0,0.0,0.0,29.0,21.0,0.0,0.0,0.0,0.0,0.0,0.0,29.0,0.0,0.0,0.0,0.0
C2_p9__lamarckian__s2,C2_p9__lamarckian,C2_p9,C2,lamarckian,2,200,train,49,1.510204081632653,20,18,92.41605953397311,0.7291666666666666,0.5,411.0,0.0,0.0,464.0,93.0,0.0,0.0,0.0,35.0,0.0,0.0,39.0,26.0,0.0,0.0,0.0,0.0,0.0,0.0,39.0,0.0,0.0,0.0,0.0
C2_p9__lamarckian__s2,C2_p9__lamarckian,C2_p9,C2,lamarckian,2,250,train,50,1.4,12,11,103.58672201223875,0.8333333333333334,0.5,434.0,0.0,0.0,495.0,131.0,0.0,0.0,0.0,60.0,0.0,0.0,23.0,28.0,0.0,0.0,0.0,0.0,0.0,0.0,23.0,0.0,0.0,0.0,0.0
C2_p9__lamarckian__s2,C2_p9__lamarckian,C2_p9,C2,lamarckian,2,300,train,50,1.34,11,11,87.2002396621357,0.8541666666666666,0.5,415.0,0.0,0.0,501.0,186.0,0.0,0.0,0.0,68.0,0.0,0.0,20.0,23.0,0.0,0.0,0.0,0.0,0.0,0.0,20.0,0.0,0.0,0.0,0.0
C2_p9__lamarckian__s2,C2_p9__lamarckian,C2_p9,C2,lamarckian,2,350,train,50,1.28,11,11,80.9824669858576,0.75,0.5,315.0,0.0,0.0,466.0,153.0,0.0,0.0,0.0,56.0,0.0,0.0,17.0,25.0,0.0,0.0,0.0,0.0,0.0,0.0,17.0,0.0,0.0,0.0,0.0
C2_p9__lamarckian__s2,C2_p9__lamarckian,C2_p9,C2,lamarckian,2,400,train,50,1.24,5,5,64.13594815518988,0.875,0.5,558.0,0.0,0.0,462.0,96.0,0.0,0.0,0.0,78.0,0.0,0.0,15.0,15.0,0.0,0.0,0.0,0.0,0.0,0.0,15.0,0.0,0.0,0.0,0.0
C2_p9__lamarckian__s2,C2_p9__lamarckian,C2_p9,C2,lamarckian,2,450,train,50,1.26,16,16,86.12885150086312,0.8541666666666666,0.5,359.0,0.0,0.0,454.0,61.0,0.0,0.0,0.0,78.0,0.0,0.0,11.0,19.0,0.0,0.0,0.0,0.0,0.0,0.0,11.0,0.0,0.0,0.0,0.0
C2_p9__lamarckian__s2,C2_p9__lamarckian,C2_p9,C2,lamarckian,2,500,train,50,1.58,20,20,75.09581280916825,0.8541666666666666,0.5,268.0,0.0,0.0,313.0,56.0,0.0,0.0,0.0,65.0,0.0,0.0,17.0,30.0,0.0,0.0,0.0,0.0,0.0,0.0,17.0,0.0,0.0,0.0,0.0
C2_p9__lamarckian__s2,C2_p9__lamarckian,C2_p9,C2,lamarckian,2,550,train,50,1.72,16,16,62.3471630784674,0.9166666666666666,0.5,230.0,0.0,0.0,250.0,46.0,0.0,0.0,0.0,58.0,0.0,0.0,14.0,21.0,0.0,0.0,0.0,0.0,0.0,0.0,14.0,0.0,0.0,0.0,0.0
C2_p9__lamarckian__s2,C2_p9__lamarckian,C2_p9,C2,lamarckian,2,600,train,50,1.86,15,15,56.046595837550726,0.875,0.5,309.0,0.0,0.0,307.0,88.0,0.0,0.0,0.0,74.0,0.0,0.0,14.0,23.0,0.0,0.0,0.0,0.0,0.0,0.0,14.0,0.0,0.0,0.0,0.0
C2_p9__lamarckian__s2,C2_p9__lamarckian,C2_p9,C2,lamarckian,2,650,train,50,2.04,20,20,72.8209597880491,0.875,0.5,154.0,0.0,0.0,354.0,89.0,0.0,0.0,0.0,57.0,0.0,0.0,20.0,16.0,0.0,0.0,0.0,0.0,0.0,0.0,20.0,0.0,0.0,0.0,0.0
C2_p9__lamarckian__s2,C2_p9__lamarckian,C2_p9,C2,lamarckian,2,700,train,50,2.14,15,15,39.510528401925626,0.9583333333333334,0.5,310.0,0.0,0.0,330.0,57.0,0.0,0.0,0.0,89.0,0.0,0.0,11.0,24.0,0.0,0.0,0.0,0.0,0.0,0.0,11.0,0.0,0.0,0.0,0.0
C2_p9__lamarckian__s2,C2_p9__lamarckian,C2_p9,C2,lamarckian,2,750,train,50,2.36,14,14,58.31437328559028,0.9375,0.5,290.0,0.0,0.0,414.0,22.0,0.0,0.0,0.0,76.0,0.0,0.0,13.0,14.0,0.0,0.0,0.0,0.0,0.0,0.0,13.0,0.0,0.0,0.0,0.0
C2_p9__lamarckian__s2,C2_p9__lamarckian,C2_p9,C2,lamarckian,2,800,train,40,2.575,8,18,37.33470464127746,0.9791666666666666,0.5,192.0,0.0,0.0,291.0,92.0,0.0,0.0,0.0,71.0,0.0,0.0,16.0,39.0,0.0,0.0,0.0,0.0,0.0,0.0,16.0,0.0,0.0,0.0,0.0
C2_p9__lamarckian__s2,C2_p9__lamarckian,C2_p9,C2,lamarckian,2,850,train,34,2.9705882352941178,5,11,74.90468938918926,0.8958333333333334,0.5,181.0,0.0,0.0,396.0,90.0,0.0,0.0,0.0,68.0,0.0,0.0,12.0,29.0,0.0,0.0,0.0,0.0,0.0,0.0,12.0,0.0,0.0,0.0,0.0
C2_p9__lamarckian__s2,C2_p9__lamarckian,C2_p9,C2,lamarckian,2,900,train,40,3.25,16,10,56.15253605057467,0.9583333333333334,0.5,256.0,0.0,0.0,287.0,46.0,0.0,0.0,0.0,74.0,0.0,0.0,23.0,26.0,0.0,0.0,0.0,0.0,0.0,0.0,23.0,0.0,0.0,0.0,0.0
C2_p9__lamarckian__s2,C2_p9__lamarckian,C2_p9,C2,lamarckian,2,950,train,43,3.4186046511627906,14,11,61.91212818203647,0.9166666666666666,0.5,276.0,0.0,0.0,372.0,63.0,0.0,0.0,0.0,77.0,0.0,0.0,13.0,30.0,0.0,0.0,0.0,0.0,0.0,0.0,13.0,0.0,0.0,0.0,0.0
C2_p9__lamarckian__s2,C2_p9__lamarckian,C2_p9,C2,lamarckian,2,1000,train,50,3.66,18,11,55.075229542879505,0.8958333333333334,0.5,244.0,0.0,0.0,329.0,63.0,0.0,0.0,0.0,72.0,0.0,0.0,19.0,17.0,0.0,0.0,0.0,0.0,0.0,0.0,19.0,0.0,0.0,0.0,0.0
C2_p9__lamarckian__s2,C2_p9__lamarckian,C2_p9,C2,lamarckian,2,1050,train,46,3.9565217391304346,10,14,59.21699895806168,0.9375,0.5,224.0,0.0,0.0,302.0,87.0,0.0,0.0,0.0,80.0,0.0,0.0,13.0,23.0,0.0,0.0,0.0,0.0,0.0,0.0,13.0,0.0,0.0,0.0,0.0
C2_p9__lamarckian__s2,C2_p9__lamarckian,C2_p9,C2,lamarckian,2,1100,train,44,4.0,12,14,82.5527643225661,0.8333333333333334,0.5,246.0,0.0,0.0,296.0,104.0,0.0,0.0,0.0,83.0,0.0,0.0,12.0,30.0,0.0,0.0,0.0,0.0,0.0,0.0,12.0,0.0,0.0,0.0,0.0
C2_p9__lamarckian__s2,C2_p9__lamarckian,C2_p9,C2,lamarckian,2,1150,train,35,4.171428571428572,7,16,77.9364614625434,0.9375,0.5,258.0,0.0,0.0,283.0,103.0,0.0,0.0,0.0,79.0,0.0,0.0,16.0,34.0,0.0,0.0,0.0,0.0,0.0,0.0,16.0,0.0,0.0,0.0,0.0
C2_p9__lamarckian__s2,C2_p9__lamarckian,C2_p9,C2,lamarckian,2,1200,train,41,4.317073170731708,14,8,90.00108089006781,0.8125,0.5,216.0,0.0,0.0,306.0,74.0,0.0,0.0,0.0,79.0,0.0,0.0,14.0,28.0,0.0,0.0,0.0,0.0,0.0,0.0,14.0,0.0,0.0,0.0,0.0
C2_p9__lamarckian__s2,C2_p9__lamarckian,C2_p9,C2,lamarckian,2,1250,train,46,4.739130434782608,10,5,62.45405651170217,0.875,0.5,236.0,0.0,0.0,240.0,74.0,0.0,0.0,0.0,81.0,0.0,0.0,11.0,31.0,0.0,0.0,0.0,0.0,0.0,0.0,11.0,0.0,0.0,0.0,0.0
C2_p9__lamarckian__s2,C2_p9__lamarckian,C2_p9,C2,lamarckian,2,1300,train,46,5.021739130434782,10,10,53.65824692460023,0.9166666666666666,0.5,319.0,0.0,0.0,267.0,52.0,0.0,0.0,0.0,99.0,0.0,0.0,4.0,29.0,0.0,0.0,0.0,0.0,0.0,0.0,4.0,0.0,0.0,0.0,0.0
C2_p9__lamarckian__s2,C2_p9__lamarckian,C2_p9,C2,lamarckian,2,1350,train,41,5.195121951219512,7,12,31.2610059118063,1.0,0.5,220.0,0.0,0.0,391.0,80.0,0.0,0.0,0.0,81.0,0.0,0.0,14.0,30.0,0.0,0.0,0.0,0.0,0.0,0.0,14.0,0.0,0.0,0.0,0.0
C2_p9__lamarckian__s2,C2_p9__lamarckian,C2_p9,C2,lamarckian,2,1400,train,32,5.3125,3,12,54.16302301271857,0.875,0.5,193.0,0.0,0.0,240.0,79.0,0.0,0.0,0.0,80.0,0.0,0.0,11.0,34.0,0.0,0.0,0.0,0.0,0.0,0.0,11.0,0.0,0.0,0.0,0.0
C2_p9__lamarckian__s2,C2_p9__lamarckian,C2_p9,C2,lamarckian,2,1450,train,34,5.294117647058823,9,7,79.54240103987192,0.8333333333333334,0.5,209.0,0.0,0.0,218.0,53.0,0.0,0.0,0.0,86.0,0.0,0.0,7.0,25.0,0.0,0.0,0.0,0.0,0.0,0.0,7.0,0.0,0.0,0.0,0.0
C2_p9__lamarckian__s2,C2_p9__lamarckian,C2_p9,C2,lamarckian,2,1500,train,43,5.441860465116279,13,4,32.63478012056504,1.0,0.5,235.0,0.0,0.0,189.0,21.0,0.0,0.0,0.0,104.0,0.0,0.0,10.0,18.0,0.0,0.0,0.0,0.0,0.0,0.0,10.0,0.0,0.0,0.0,0.0
C2_p9__lamarckian__s2,C2_p9__lamarckian,C2_p9,C2,lamarckian,2,1550,eval,35,5.6,7,15,88.52546676332315,0.8125,0.5,241.0,0.0,0.0,312.0,20.0,0.0,0.0,71.0,83.0,0.0,0.0,10.0,12.0,0.0,0.0,2.0,0.0,0.0,0.0,10.0,0.0,0.0,0.0,2.0
C2_p9__lamarckian__s2,C2_p9__lamarckian,C2_p9,C2,lamarckian,2,1600,eval,41,5.853658536585366,16,10,67.15290105096405,0.875,0.5,179.0,0.0,0.0,378.0,31.0,0.0,0.0,78.0,81.0,0.0,0.0,12.0,24.0,0.0,0.0,2.0,0.0,0.0,0.0,12.0,0.0,0.0,0.0,2.0
C2_p9__lamarckian__s2,C2_p9__lamarckian,C2_p9,C2,lamarckian,2,1650,eval,45,5.888888888888889,14,10,41.763724505963324,0.9583333333333334,0.5,247.0,0.0,0.0,197.0,33.0,0.0,0.0,88.0,100.0,0.0,0.0,8.0,19.0,0.0,0.0,2.0,0.0,0.0,0.0,8.0,0.0,0.0,0.0,2.0
C2_p9__lamarckian__s2,C2_p9__lamarckian,C2_p9,C2,lamarckian,2,1700,eval,41,6.048780487804878,10,14,60.80856495060564,0.9375,0.5,281.0,0.0,0.0,160.0,43.0,0.0,0.0,63.0,83.0,0.0,0.0,7.0,27.0,0.0,0.0,0.0,0.0,0.0,0.0,7.0,0.0,0.0,0.0,0.0
C2_p9__lamarckian__s2,C2_p9__lamarckian,C2_p9,C2,lamarckian,2,1750,eval,40,6.35,10,11,64.13572537095975,0.8958333333333334,0.5,186.0,0.0,0.0,174.0,28.0,0.0,0.0,21.0,85.0,0.0,0.0,10.0,22.0,0.0,0.0,2.0,0.0,0.0,0.0,10.0,0.0,0.0,0.0,2.0
C2_p9__lamarckian__s2,C2_p9__lamarckian,C2_p9,C2,lamarckian,2,1800,eval,44,6.840909090909091,13,9,57.245411317293566,0.8541666666666666,0.5,190.0,0.0,0.0,289.0,22.0,0.0,0.0,57.0,77.0,0.0,0.0,11.0,18.0,0.0,0.0,2.0,0.0,0.0,0.0,11.0,0.0,0.0,0.0,2.0
C2_p9__lamarckian__s3,C2_p9__lamarckian,C2_p9,C2,lamarckian,3,50,train,50,0.96,40,10,78.86490758948173,0.7708333333333334,0.5,308.0,0.0,0.0,319.0,75.0,0.0,0.0,0.0,50.0,0.0,0.0,41.0,20.0,0.0,0.0,0.0,0.0,0.0,0.0,41.0,0.0,0.0,0.0,0.0
C2_p9__lamarckian__s3,C2_p9__lamarckian,C2_p9,C2,lamarckian,3,100,train,49,1.3877551020408163,15,16,81.44093106260983,0.8333333333333334,0.5,330.0,0.0,0.0,386.0,106.0,0.0,0.0,0.0,46.0,0.0,0.0,42.0,12.0,0.0,0.0,0.0,0.0,0.0,0.0,42.0,0.0,0.0,0.0,0.0
C2_p9__lamarckian__s3,C2_p9__lamarckian,C2_p9,C2,lamarckian,3,150,train,50,1.34,20,19,55.92708457903676,0.9375,0.5,617.0,0.0,0.0,511.0,148.0,0.0,0.0,0.0,56.0,0.0,0.0,27.0,19.0,0.0,0.0,0.0,0.0,0.0,0.0,27.0,0.0,0.0,0.0,0.0
C2_p9__lamarckian__s3,C2_p9__lamarckian,C2_p9,C2,lamarckian,3,200,train,50,1.26,11,11,94.03504767245502,0.8333333333333334,0.5,545.0,0.0,0.0,544.0,171.0,0.0,0.0,0.0,51.0,0.0,0.0,28.0,18.0,0.0,0.0,0.0,0.0,0.0,0.0,28.0,0.0,0.0,0.0,0.0
C2_p9__lamarckian__s3,C2_p9__lamarckian,C2_p9,C2,lamarckian,3,250,train,50,1.16,11,11,85.60077362349682,0.7916666666666666,0.5,616.0,0.0,0.0,482.0,118.0,0.0,0.0,0.0,67.0,0.0,0.0,15.0,15.0,0.0,0.0,0.0,0.0,0.0,0.0,15.0,0.0,0.0,0.0,0.0
C2_p9__lamarckian__s3,C2_p9__lamarckian,C2_p9,C2,lamarckian,3,300,train,50,1.12,15,15,68.6073822961277,0.875,0.5,566.0,0.0,0.0,554.0,175.0,0.0,0.0,0.0,69.0,0.0,0.0,29.0,20.0,0.0,0.0,0.0,0.0,0.0,0.0,29.0,0.0,0.0,0.0,0.0
C2_p9__lamarckian__s3,C2_p9__lamarckian,C2_p9,C2,lamarckian,3,350,train,50,1.22,14,14,70.23374290586598,0.9166666666666666,0.5,398.0,0.0,0.0,605.0,184.0,0.0,0.0,0.0,64.0,0.0,0.0,24.0,16.0,0.0,0.0,0.0,0.0,0.0,0.0,24.0,0.0,0.0,0.0,0.0
C2_p9__lamarckian__s3,C2_p9__lamarckian,C2_p9,C2,lamarckian,3,400,train,50,1.28,13,13,89.94561480488932,0.75,0.5,624.0,0.0,0.0,493.0,121.0,0.0,0.0,0.0,62.0,0.0,0.0,17.0,20.0,0.0,0.0,0.0,0.0,0.0,0.0,17.0,0.0,0.0,0.0,0.0
C2_p9__lamarckian__s3,C2_p9__lamarckian,C2_p9,C2,lamarckian,3,450,train,50,1.26,6,6,47.220871376095715,0.9583333333333334,0.5,474.0,0.0,0.0,481.0,56.0,0.0,0.0,0.0,73.0,0.0,0.0,20.0,25.0,0.0,0.0,0.0,0.0,0.0,0.0,20.0,0.0,0.0,0.0,0.0
C2_p9__lamarckian__s3,C2_p9__lamarckian,C2_p9,C2,lamarckian,3,500,train,50,1.54,14,14,72.37103512965183,0.875,0.5,435.0,0.0,0.0,387.0,54.0,0.0,0.0,0.0,77.0,0.0,0.0,13.0,20.0,0.0,0.0,0.0,0.0,0.0,0.0,13.0,0.0,0.0,0.0,0.0
C2_p9__lamarckian__s3,C2_p9__lamarckian,C2_p9,C2,lamarckian,3,550,train,50,1.9,17,17,61.721269499367814,0.875,0.5,289.0,0.0,0.0,337.0,47.0,0.0,0.0,0.0,65.0,0.0,0.0,30.0,22.0,0.0,0.0,0.0,0.0,0.0,0.0,30.0,0.0,0.0,0.0,0.0
C2_p9__lamarckian__s3,C2_p9__lamarckian,C2_p9,C2,lamarckian,3,600,train,50,2.08,15,15,54.07649106085829,0.9791666666666666,0.5,435.0,0.0,0.0,422.0,72.0,0.0,0.0,0.0,97.0,0.0,0.0,17.0,15.0,0.0,0.0,0.0,0.0,0.0,0.0,17.0,0.0,0.0,0.0,0.0
C2_p9__lamarckian__s3,C2_p9__lamarckian,C2_p9,C2,lamarckian,3,650,train,50,2.32,21,21,34.08058088905071,1.0,0.5,367.0,0.0,0.0,369.0,60.0,0.0,0.0,0.0,82.0,0.0,0.0,18.0,26.0,0.0,0.0,0.0,0.0,0.0,0.0,18.0,0.0,0.0,0.0,0.0
C2_p9__lamarckian__s3,C2_p9__lamarckian,C2_p9,C2,lamarckian,3,700,train,44,2.3863636363636362,19,25,55.6639101001454,0.9166666666666666,0.5,191.0,0.0,0.0,317.0,71.0,0.0,0.0,0.0,53.0,0.0,0.0,21.0,28.0,0.0,0.0,0.0,0.0,0.0,0.0,21.0,0.0,0.0,0.0,0.0
C2_p9__lamarckian__s3,C2_p9__lamarckian,C2_p9,C2,lamarckian,3,750,train,32,2.46875,7,19,58.14729158354577,0.9166666666666666,0.5,312.0,0.0,0.0,267.0,43.0,0.0,0.0,0.0,93.0,0.0,0.0,18.0,20.0,0.0,0.0,0.0,0.0,0.0,0.0,18.0,0.0,0.0,0.0,0.0
C2_p9__lamarckian__s3,C2_p9__lamarckian,C2_p9,C2,lamarckian,3,800,train,39,3.0256410256410255,16,9,85.76746703846837,0.8541666666666666,0.5,188.0,0.0,0.0,292.0,63.0,0.0,0.0,0.0,71.0,0.0,0.0,14.0,24.0,0.0,0.0,0.0,0.0,0.0,0.0,14.0,0.0,0.0,0.0,0.0
C2_p9__lamarckian__s3,C2_p9__lamarckian,C2_p9,C2,lamarckian,3,850,train,39,3.1538461538461537,6,6,63.90505138753703,0.9166666666666666,0.5,265.0,0.0,0.0,262.0,51.0,0.0,0.0,0.0,105.0,0.0,0.0,11.0,26.0,0.0,0.0,0.0,0.0,0.0,0.0,11.0,0.0,0.0,0.0,0.0
C2_p9__lamarckian__s3,C2_p9__lamarckian,C2_p9,C2,lamarckian,3,900,train,43,3.511627906976744,13,9,52.627217524030655,0.9583333333333334,0.5,212.0,0.0,0.0,265.0,53.0,0.0,0.0,0.0,84.0,0.0,0.0,16.0,24.0,0.0,0.0,0.0,0.0,0.0,0.0,16.0,0.0,0.0,0.0,0.0
C2_p9__lamarckian__s3,C2_p9__lamarckian,C2_p9,C2,lamarckian,3,950,train,34,3.5294117647058822,6,15,51.14511997253979,0.9583333333333334,0.5,202.0,0.0,0.0,369.0,44.0,0.0,0.0,0.0,87.0,0.0,0.0,21.0,22.0,0.0,0.0,0.0,0.0,0.0,0.0,21.0,0.0,0.0,0.0,0.0
C2_p9__lamarckian__s3,C2_p9__lamarckian,C2_p9,C2,lamarckian,3,1000,train,32,3.8125,8,10,71.32338005072049,0.875,0.5,220.0,0.0,0.0,288.0,83.0,0.0,0.0,0.0,72.0,0.0,0.0,17.0,24.0,0.0,0.0,0.0,0.0,0.0,0.0,17.0,0.0,0.0,0.0,0.0
C2_p9__lamarckian__s3,C2_p9__lamarckian,C2_p9,C2,lamarckian,3,1050,train,39,4.0,16,9,73.98836819572222,0.8541666666666666,0.5,233.0,0.0,0.0,365.0,59.0,0.0,0.0,0.0,84.0,0.0,0.0,18.0,21.0,0.0,0.0,0.0,0.0,0.0,0.0,18.0,0.0,0.0,0.0,0.0
C2_p9__lamarckian__s3,C2_p9__lamarckian,C2_p9,C2,lamarckian,3,1100,train,35,4.171428571428572,10,14,44.290151828296274,0.9166666666666666,0.5,256.0,0.0,0.0,305.0,81.0,0.0,0.0,0.0,82.0,0.0,0.0,21.0,23.0,0.0,0.0,0.0,0.0,0.0,0.0,21.0,0.0,0.0,0.0,0.0
C2_p9__lamarckian__s3,C2_p9__lamarckian,C2_p9,C2,lamarckian,3,1150,train,38,4.2105263157894735,9,6,43.94288568089586,0.9583333333333334,0.5,263.0,0.0,0.0,178.0,87.0,0.0,0.0,0.0,90.0,0.0,0.0,4.0,24.0,0.0,0.0,0.0,0.0,0.0,0.0,4.0,0.0,0.0,0.0,0.0
C2_p9__lamarckian__s3,C2_p9__lamarckian,C2_p9,C2,lamarckian,3,1200,train,36,4.25,9,11,55.287739721603934,0.9791666666666666,0.5,203.0,0.0,0.0,247.0,85.0,0.0,0.0,0.0,76.0,0.0,0.0,15.0,25.0,0.0,0.0,0.0,0.0,0.0,0.0,15.0,0.0,0.0,0.0,0.0
C2_p9__lamarckian__s3,C2_p9__lamarckian,C2_p9,C2,lamarckian,3,1250,train,42,4.642857142857143,15,9,59.62083356080248,0.875,0.5,202.0,0.0,0.0,322.0,84.0,0.0,0.0,0.0,70.0,0.0,0.0,14.0,32.0,0.0,0.0,0.0,0.0,0.0,0.0,14.0,0.0,0.0,0.0,0.0
C2_p9__lamarckian__s3,C2_p9__lamarckian,C2_p9,C2,lamarckian,3,1300,train,42,4.738095238095238,10,10,43.20715080904287,0.9583333333333334,0.5,250.0,0.0,0.0,363.0,34.0,0.0,0.0,0.0,90.0,0.0,0.0,14.0,21.0,0.0,0.0,0.0,0.0,0.0,0.0,14.0,0.0,0.0,0.0,0.0
C2_p9__lamarckian__s3,C2_p9__lamarckian,C2_p9,C2,lamarckian,3,1350,train,41,4.7317073170731705,7,8,60.49248350686515,0.8958333333333334,0.5,303.0,0.0,0.0,336.0,27.0,0.0,0.0,0.0,85.0,0.0,0.0,10.0,22.0,0.0,0.0,0.0,0.0,0.0,0.0,10.0,0.0,0.0,0.0,0.0
C2_p9__lamarckian__s3,C2_p9__lamarckian,C2_p9,C2,lamarckian,3,1400,train,42,4.714285714285714,7,6,63.41313165687001,0.8541666666666666,0.5,270.0,0.0,0.0,326.0,42.0,0.0,0.0,0.0,94.0,0.0,0.0,5.0,16.0,0.0,0.0,0.0,0.0,0.0,0.0,5.0,0.0,0.0,0.0,0.0
C2_p9__lamarckian__s3,C2_p9__lamarckian,C2_p9,C2,lamarckian,3,1450,train,32,4.8125,5,15,67.34755463021273,0.8958333333333334,0.5,214.0,0.0,0.0,405.0,51.0,0.0,0.0,0.0,85.0,0.0,0.0,15.0,25.0,0.0,0.0,0.0,0.0,0.0,0.0,15.0,0.0,0.0,0.0,0.0
C2_p9__lamarckian__s3,C2_p9__lamarckian,C2_p9,C2,lamarckian,3,1500,train,41,5.146341463414634,16,7,54.89326188593958,0.9166666666666666,0.5,237.0,0.0,0.0,322.0,44.0,0.0,0.0,0.0,96.0,0.0,0.0,13.0,21.0,0.0,0.0,0.0,0.0,0.0,0.0,13.0,0.0,0.0,0.0,0.0
C2_p9__lamarckian__s3,C2_p9__lamarckian,C2_p9,C2,lamarckian,3,1550,eval,37,5.378378378378378,10,14,87.35431333895892,0.8541666666666666,0.5,270.0,0.0,0.0,310.0,42.0,0.0,0.0,47.0,75.0,0.0,0.0,13.0,21.0,0.0,0.0,1.0,0.0,0.0,0.0,13.0,0.0,0.0,0.0,1.0
C2_p9__lamarckian__s3,C2_p9__lamarckian,C2_p9,C2,lamarckian,3,1600,eval,39,5.487179487179487,12,10,60.308516182335836,0.9375,0.5,316.0,0.0,0.0,317.0,29.0,0.0,0.0,114.0,97.0,0.0,0.0,13.0,18.0,0.0,0.0,7.0,0.0,0.0,0.0,13.0,0.0,0.0,0.0,7.0
C2_p9__lamarckian__s3,C2_p9__lamarckian,C2_p9,C2,lamarckian,3,1650,eval,39,5.538461538461538,6,6,62.00333559821713,0.9166666666666666,0.5,334.0,0.0,0.0,247.0,64.0,0.0,0.0,40.0,96.0,0.0,0.0,12.0,31.0,0.0,0.0,1.0,0.0,0.0,0.0,12.0,0.0,0.0,0.0,1.0
C2_p9__lamarckian__s3,C2_p9__lamarckian,C2_p9,C2,lamarckian,3,1700,eval,49,5.816326530612245,20,10,68.61291198924415,0.8541666666666666,0.5,313.0,0.0,0.0,483.0,30.0,0.0,0.0,88.0,91.0,0.0,0.0,12.0,15.0,0.0,0.0,7.0,0.0,0.0,0.0,12.0,0.0,0.0,0.0,7.0
C2_p9__lamarckian__s3,C2_p9__lamarckian,C2_p9,C2,lamarckian,3,1750,eval,44,5.818181818181818,10,15,41.92086976324883,0.9791666666666666,0.5,285.0,0.0,0.0,494.0,37.0,0.0,0.0,45.0,86.0,0.0,0.0,17.0,18.0,0.0,0.0,3.0,0.0,0.0,0.0,17.0,0.0,0.0,0.0,3.0
C2_p9__lamarckian__s3,C2_p9__lamarckian,C2_p9,C2,lamarckian,3,1800,eval,37,5.918918918918919,7,14,70.73055530332513,0.8958333333333334,0.5,372.0,0.0,0.0,340.0,68.0,0.0,0.0,91.0,82.0,0.0,0.0,14.0,23.0,0.0,0.0,2.0,0.0,0.0,0.0,14.0,0.0,0.0,0.0,2.0
C2_p9__lamarckian__s4,C2_p9__lamarckian,C2_p9,C2,lamarckian,4,50,train,47,0.8297872340425532,36,9,66.42750363059079,0.8958333333333334,0.5,287.0,0.0,0.0,335.0,105.0,0.0,0.0,0.0,49.0,0.0,0.0,51.0,28.0,0.0,0.0,0.0,0.0,0.0,0.0,51.0,0.0,0.0,0.0,0.0
C2_p9__lamarckian__s4,C2_p9__lamarckian,C2_p9,C2,lamarckian,4,100,train,46,1.1956521739130435,18,19,107.8966213691451,0.75,0.5,335.0,0.0,0.0,423.0,101.0,0.0,0.0,0.0,39.0,0.0,0.0,35.0,21.0,0.0,0.0,0.0,0.0,0.0,0.0,35.0,0.0,0.0,0.0,0.0
C2_p9__lamarckian__s4,C2_p9__lamarckian,C2_p9,C2,lamarckian,4,150,train,50,1.5,19,15,107.55639364948956,0.75,0.5,631.0,0.0,0.0,554.0,61.0,0.0,0.0,0.0,63.0,0.0,0.0,39.0,12.0,0.0,0.0,0.0,0.0,0.0,0.0,39.0,0.0,0.0,0.0,0.0
C2_p9__lamarckian__s4,C2_p9__lamarckian,C2_p9,C2,lamarckian,4,200,train,50,1.36,13,13,93.06726998345562,0.8125,0.5,562.0,0.0,0.0,437.0,140.0,0.0,0.0,0.0,56.0,0.0,0.0,29.0,22.0,0.0,0.0,0.0,0.0,0.0,0.0,29.0,0.0,0.0,0.0,0.0
C2_p9__lamarckian__s4,C2_p9__lamarckian,C2_p9,C2,lamarckian,4,250,train,50,1.42,18,18,87.07790604972163,0.8333333333333334,0.5,472.0,0.0,0.0,531.0,94.0,0.0,0.0,0.0,73.0,0.0,0.0,17.0,24.0,0.0,0.0,0.0,0.0,0.0,0.0,17.0,0.0,0.0,0.0,0.0
C2_p9__lamarckian__s4,C2_p9__lamarckian,C2_p9,C2,lamarckian,4,300,train,50,1.42,7,7,65.23198240240868,0.875,0.5,503.0,0.0,0.0,372.0,96.0,0.0,0.0,0.0,72.0,0.0,0.0,12.0,24.0,0.0,0.0,0.0,0.0,0.0,0.0,12.0,0.0,0.0,0.0,0.0
C2_p9__lamarckian__s4,C2_p9__lamarckian,C2_p9,C2,lamarckian,4,350,train,50,1.58,10,10,62.46727834868927,0.8333333333333334,0.5,359.0,0.0,0.0,609.0,72.0,0.0,0.0,0.0,59.0,0.0,0.0,24.0,26.0,0.0,0.0,0.0,0.0,0.0,0.0,24.0,0.0,0.0,0.0,0.0
C2_p9__lamarckian__s4,C2_p9__lamarckian,C2_p9,C2,lamarckian,4,400,train,50,1.4,15,15,95.02109861171725,0.875,0.5,386.0,0.0,0.0,576.0,109.0,0.0,0.0,0.0,58.0,0.0,0.0,26.0,21.0,0.0,0.0,0.0,0.0,0.0,0.0,26.0,0.0,0.0,0.0,0.0
C2_p9__lamarckian__s4,C2_p9__lamarckian,C2_p9,C2,lamarckian,4,450,train,50,1.52,8,8,63.85710226747972,0.9166666666666666,0.5,411.0,0.0,0.0,498.0,97.0,0.0,0.0,0.0,78.0,0.0,0.0,16.0,21.0,0.0,0.0,0.0,0.0,0.0,0.0,16.0,0.0,0.0,0.0,0.0
C2_p9__lamarckian__s4,C2_p9__lamarckian,C2_p9,C2,lamarckian,4,500,train,50,2.02,15,15,76.93104080356069,0.875,0.5,334.0,0.0,0.0,384.0,40.0,0.0,0.0,0.0,71.0,0.0,0.0,19.0,20.0,0.0,0.0,0.0,0.0,0.0,0.0,19.0,0.0,0.0,0.0,0.0
C2_p9__lamarckian__s4,C2_p9__lamarckian,C2_p9,C2,lamarckian,4,550,train,50,2.38,17,17,41.35379344793479,0.9791666666666666,0.5,294.0,0.0,0.0,340.0,64.0,0.0,0.0,0.0,83.0,0.0,0.0,9.0,29.0,0.0,0.0,0.0,0.0,0.0,0.0,9.0,0.0,0.0,0.0,0.0
C2_p9__lamarckian__s4,C2_p9__lamarckian,C2_p9,C2,lamarckian,4,600,train,50,2.4,14,14,42.70673829959325,0.9791666666666666,0.5,183.0,0.0,0.0,335.0,65.0,0.0,0.0,0.0,69.0,0.0,0.0,15.0,26.0,0.0,0.0,0.0,0.0,0.0,0.0,15.0,0.0,0.0,0.0,0.0
C2_p9__lamarckian__s4,C2_p9__lamarckian,C2_p9,C2,lamarckian,4,650,train,50,2.38,13,13,77.53063725686198,0.8541666666666666,0.5,183.0,0.0,0.0,269.0,50.0,0.0,0.0,0.0,69.0,0.0,0.0,11.0,22.0,0.0,0.0,0.0,0.0,0.0,0.0,11.0,0.0,0.0,0.0,0.0
C2_p9__lamarckian__s4,C2_p9__lamarckian,C2_p9,C2,lamarckian,4,700,train,50,2.48,16,16,75.44238848982641,0.8125,0.5,307.0,0.0,0.0,303.0,73.0,0.0,0.0,0.0,84.0,0.0,0.0,12.0,25.0,0.0,0.0,0.0,0.0,0.0,0.0,12.0,0.0,0.0,0.0,0.0
C2_p9__lamarckian__s4,C2_p9__lamarckian,C2_p9,C2,lamarckian,4,750,train,50,2.82,9,9,52.223266969643475,0.9166666666666666,0.5,303.0,0.0,0.0,335.0,81.0,0.0,0.0,0.0,87.0,0.0,0.0,9.0,26.0,0.0,0.0,0.0,0.0,0.0,0.0,9.0,0.0,0.0,0.0,0.0
C2_p9__lamarckian__s4,C2_p9__lamarckian,C2_p9,C2,lamarckian,4,800,train,50,3.12,17,17,58.024897386177344,0.9791666666666666,0.5,283.0,0.0,0.0,357.0,51.0,0.0,0.0,0.0,71.0,0.0,0.0,15.0,25.0,0.0,0.0,0.0,0.0,0.0,0.0,15.0,0.0,0.0,0.0,0.0
C2_p9__lamarckian__s4,C2_p9__lamarckian,C2_p9,C2,lamarckian,4,850,train,50,3.52,14,14,38.57444564845516,1.0,0.5,186.0,0.0,0.0,352.0,36.0,0.0,0.0,0.0,83.0,0.0,0.0,13.0,18.0,0.0,0.0,0.0,0.0,0.0,0.0,13.0,0.0,0.0,0.0,0.0
C2_p9__lamarckian__s4,C2_p9__lamarckian,C2_p9,C2,lamarckian,4,900,train,34,3.5294117647058822,2,18,65.32776674570418,0.9583333333333334,0.5,185.0,0.0,0.0,246.0,67.0,0.0,0.0,0.0,65.0,0.0,0.0,17.0,29.0,0.0,0.0,0.0,0.0,0.0,0.0,17.0,0.0,0.0,0.0,0.0
C2_p9__lamarckian__s4,C2_p9__lamarckian,C2_p9,C2,lamarckian,4,950,train,35,3.9714285714285715,10,9,49.10467231454368,0.9166666666666666,0.5,224.0,0.0,0.0,324.0,68.0,0.0,0.0,0.0,90.0,0.0,0.0,18.0,33.0,0.0,0.0,0.0,0.0,0.0,0.0,18.0,0.0,0.0,0.0,0.0
C2_p9__lamarckian__s4,C2_p9__lamarckian,C2_p9,C2,lamarckian,4,1000,train,40,4.075,13,8,60.10400961286935,0.9375,0.5,235.0,0.0,0.0,321.0,42.0,0.0,0.0,0.0,95.0,0.0,0.0,14.0,18.0,0.0,0.0,0.0,0.0,0.0,0.0,14.0,0.0,0.0,0.0,0.0
C2_p9__lamarckian__s4,C2_p9__lamarckian,C2_p9,C2,lamarckian,4,1050,train,44,4.045454545454546,11,7,45.35934115631967,0.9583333333333334,0.5,195.0,0.0,0.0,272.0,59.0,0.0,0.0,0.0,89.0,0.0,0.0,10.0,32.0,0.0,0.0,0.0,0.0,0.0,0.0,10.0,0.0,0.0,0.0,0.0
C2_p9__lamarckian__s4,C2_p9__lamarckian,C2_p9,C2,lamarckian,4,1100,train,41,4.195121951219512,7,10,44.1742299395177,0.9791666666666666,0.5,194.0,0.0,0.0,216.0,56.0,0.0,0.0,0.0,87.0,0.0,0.0,7.0,28.0,0.0,0.0,0.0,0.0,0.0,0.0,7.0,0.0,0.0,0.0,0.0
C2_p9__lamarckian__s4,C2_p9__lamarckian,C2_p9,C2,lamarckian,4,1150,train,34,4.4411764705882355,7,14,58.70402767390382,0.875,0.5,197.0,0.0,0.0,380.0,55.0,0.0,0.0,0.0,80.0,0.0,0.0,17.0,30.0,0.0,0.0,0.0,0.0,0.0,0.0,17.0,0.0,0.0,0.0,0.0
C2_p9__lamarckian__s4,C2_p9__lamarckian,C2_p9,C2,lamarckian,4,1200,train,38,4.684210526315789,10,6,63.79016086287328,0.8541666666666666,0.5,229.0,0.0,0.0,329.0,56.0,0.0,0.0,0.0,101.0,0.0,0.0,11.0,25.0,0.0,0.0,0.0,0.0,0.0,0.0,11.0,0.0,0.0,0.0,0.0
C2_p9__lamarckian__s4,C2_p9__lamarckian,C2_p9,C2,lamarckian,4,1250,train,43,4.837209302325581,12,7,70.58176317888515,0.8958333333333334,0.5,191.0,0.0,0.0,319.0,62.0,0.0,0.0,0.0,75.0,0.0,0.0,17.0,27.0,0.0,0.0,0.0,0.0,0.0,0.0,17.0,0.0,0.0,0.0,0.0
C2_p9__lamarckian__s4,C2_p9__lamarckian,C2_p9,C2,lamarckian,4,1300,train,47,4.851063829787234,12,8,42.74742125243186,1.0,0.5,261.0,0.0,0.0,347.0,68.0,0.0,0.0,0.0,86.0,0.0,0.0,13.0,30.0,0.0,0.0,0.0,0.0,0.0,0.0,13.0,0.0,0.0,0.0,0.0
C2_p9__lamarckian__s4,C2_p9__lamarckian,C2_p9,C2,lamarckian,4,1350,train,44,4.886363636363637,8,11,66.19459202781637,0.875,0.5,261.0,0.0,0.0,493.0,55.0,0.0,0.0,0.0,91.0,0.0,0.0,14.0,21.0,0.0,0.0,0.0,0.0,0.0,0.0,14.0,0.0,0.0,0.0,0.0
C2_p9__lamarckian__s4,C2_p9__lamarckian,C2_p9,C2,lamarckian,4,1400,train,42,5.023809523809524,11,13,68.28801540693883,0.8541666666666666,0.5,225.0,0.0,0.0,449.0,66.0,0.0,0.0,0.0,87.0,0.0,0.0,14.0,28.0,0.0,0.0,0.0,0.0,0.0,0.0,14.0,0.0,0.0,0.0,0.0
C2_p9__lamarckian__s4,C2_p9__lamarckian,C2_p9,C2,lamarckian,4,1450,train,37,5.0,7,12,71.20817639689919,0.8541666666666666,0.5,220.0,0.0,0.0,355.0,57.0,0.0,0.0,0.0,85.0,0.0,0.0,16.0,28.0,0.0,0.0,0.0,0.0,0.0,0.0,16.0,0.0,0.0,0.0,0.0
C2_p9__lamarckian__s4,C2_p9__lamarckian,C2_p9,C2,lamarckian,4,1500,train,50,5.2,19,6,62.68547268095334,0.875,0.5,208.0,0.0,0.0,385.0,47.0,0.0,0.0,0.0,90.0,0.0,0.0,11.0,27.0,0.0,0.0,0.0,0.0,0.0,0.0,11.0,0.0,0.0,0.0,0.0
C2_p9__lamarckian__s4,C2_p9__lamarckian,C2_p9,C2,lamarckian,4,1550,eval,43,5.27906976744186,7,14,78.57640819309248,0.875,0.5,206.0,0.0,0.0,339.0,24.0,0.0,0.0,67.0,87.0,0.0,0.0,8.0,16.0,0.0,0.0,5.0,0.0,0.0,0.0,8.0,0.0,0.0,0.0,5.0
C2_p9__lamarckian__s4,C2_p9__lamarckian,C2_p9,C2,lamarckian,4,1600,eval,50,5.58,15,8,52.23606667738312,0.8958333333333334,0.5,335.0,0.0,0.0,440.0,39.0,0.0,0.0,94.0,95.0,0.0,0.0,13.0,18.0,0.0,0.0,4.0,0.0,0.0,0.0,13.0,0.0,0.0,0.0,4.0
C2_p9__lamarckian__s4,C2_p9__lamarckian,C2_p9,C2,lamarckian,4,1650,eval,44,5.704545454545454,5,11,43.74903729488486,0.9583333333333334,0.5,256.0,0.0,0.0,466.0,34.0,0.0,0.0,65.0,78.0,0.0,0.0,19.0,22.0,0.0,0.0,4.0,0.0,0.0,0.0,19.0,0.0,0.0,0.0,4.0
C2_p9__lamarckian__s4,C2_p9__lamarckian,C2_p9,C2,lamarckian,4,1700,eval,39,6.051282051282051,17,22,90.72248078226086,0.7916666666666666,0.5,199.0,0.0,0.0,473.0,32.0,0.0,0.0,41.0,68.0,0.0,0.0,16.0,18.0,0.0,0.0,2.0,0.0,0.0,0.0,16.0,0.0,0.0,0.0,2.0
C2_p9__lamarckian__s4,C2_p9__lamarckian,C2_p9,C2,lamarckian,4,1750,eval,41,6.2682926829268295,12,10,49.606168189447764,0.9166666666666666,0.5,268.0,0.0,0.0,300.0,56.0,0.0,0.0,69.0,89.0,0.0,0.0,11.0,27.0,0.0,0.0,2.0,0.0,0.0,0.0,11.0,0.0,0.0,0.0,2.0
C2_p9__lamarckian__s4,C2_p9__lamarckian,C2_p9,C2,lamarckian,4,1800,eval,40,6.375,10,11,72.55656538638547,0.875,0.5,271.0,0.0,0.0,323.0,33.0,0.0,0.0,50.0,75.0,0.0,0.0,11.0,24.0,0.0,0.0,1.0,0.0,0.0,0.0,11.0,0.0,0.0,0.0,1.0
C2_p9__lamarckian__s5,C2_p9__lamarckian,C2_p9,C2,lamarckian,5,50,train,50,0.84,39,9,76.6338877430908,0.8125,0.5,331.0,0.0,0.0,295.0,54.0,0.0,0.0,0.0,49.0,0.0,0.0,40.0,26.0,0.0,0.0,0.0,0.0,0.0,0.0,40.0,0.0,0.0,0.0,0.0
C2_p9__lamarckian__s5,C2_p9__lamarckian,C2_p9,C2,lamarckian,5,100,train,49,1.163265306122449,17,18,78.72625722002903,0.8125,0.5,379.0,0.0,0.0,349.0,53.0,0.0,0.0,0.0,55.0,0.0,0.0,28.0,26.0,0.0,0.0,0.0,0.0,0.0,0.0,28.0,0.0,0.0,0.0,0.0
C2_p9__lamarckian__s5,C2_p9__lamarckian,C2_p9,C2,lamarckian,5,150,train,46,1.2608695652173914,16,19,74.7862325366681,0.875,0.5,385.0,0.0,0.0,365.0,57.0,0.0,0.0,0.0,52.0,0.0,0.0,32.0,6.0,0.0,0.0,0.0,0.0,0.0,0.0,32.0,0.0,0.0,0.0,0.0
C2_p9__lamarckian__s5,C2_p9__lamarckian,C2_p9,C2,lamarckian,5,200,train,50,1.48,21,17,98.32570506844522,0.7916666666666666,0.5,357.0,0.0,0.0,465.0,119.0,0.0,0.0,0.0,57.0,0.0,0.0,19.0,15.0,0.0,0.0,0.0,0.0,0.0,0.0,19.0,0.0,0.0,0.0,0.0
C2_p9__lamarckian__s5,C2_p9__lamarckian,C2_p9,C2,lamarckian,5,250,train,50,1.42,17,17,97.97758182288425,0.7083333333333334,0.5,507.0,0.0,0.0,632.0,125.0,0.0,0.0,0.0,37.0,0.0,0.0,31.0,26.0,0.0,0.0,0.0,0.0,0.0,0.0,31.0,0.0,0.0,0.0,0.0
C2_p9__lamarckian__s5,C2_p9__lamarckian,C2_p9,C2,lamarckian,5,300,train,50,1.38,13,13,133.2842560225273,0.7083333333333334,0.5,463.0,0.0,0.0,652.0,95.0,0.0,0.0,0.0,61.0,0.0,0.0,24.0,19.0,0.0,0.0,0.0,0.0,0.0,0.0,24.0,0.0,0.0,0.0,0.0
C2_p9__lamarckian__s5,C2_p9__lamarckian,C2_p9,C2,lamarckian,5,350,train,50,1.24,17,17,61.9862440750648,0.9375,0.5,523.0,0.0,0.0,574.0,79.0,0.0,0.0,0.0,64.0,0.0,0.0,33.0,20.0,0.0,0.0,0.0,0.0,0.0,0.0,33.0,0.0,0.0,0.0,0.0
C2_p9__lamarckian__s5,C2_p9__lamarckian,C2_p9,C2,lamarckian,5,400,train,50,1.42,12,12,61.921413833181475,0.9166666666666666,0.5,383.0,0.0,0.0,478.0,52.0,0.0,0.0,0.0,54.0,0.0,0.0,26.0,22.0,0.0,0.0,0.0,0.0,0.0,0.0,26.0,0.0,0.0,0.0,0.0
C2_p9__lamarckian__s5,C2_p9__lamarckian,C2_p9,C2,lamarckian,5,450,train,50,1.56,8,8,110.48163272380417,0.7083333333333334,0.5,382.0,0.0,0.0,519.0,119.0,0.0,0.0,0.0,47.0,0.0,0.0,16.0,23.0,0.0,0.0,0.0,0.0,0.0,0.0,16.0,0.0,0.0,0.0,0.0
C2_p9__lamarckian__s5,C2_p9__lamarckian,C2_p9,C2,lamarckian,5,500,train,50,1.66,8,8,86.92790929042087,0.7916666666666666,0.5,521.0,0.0,0.0,596.0,133.0,0.0,0.0,0.0,55.0,0.0,0.0,20.0,26.0,0.0,0.0,0.0,0.0,0.0,0.0,20.0,0.0,0.0,0.0,0.0
C2_p9__lamarckian__s5,C2_p9__lamarckian,C2_p9,C2,lamarckian,5,550,train,50,1.78,8,8,97.31033796028011,0.7708333333333334,0.5,538.0,0.0,0.0,462.0,78.0,0.0,0.0,0.0,60.0,0.0,0.0,17.0,23.0,0.0,0.0,0.0,0.0,0.0,0.0,17.0,0.0,0.0,0.0,0.0
C2_p9__lamarckian__s5,C2_p9__lamarckian,C2_p9,C2,lamarckian,5,600,train,50,1.92,8,8,98.45397743244057,0.7916666666666666,0.5,508.0,0.0,0.0,571.0,41.0,0.0,0.0,0.0,61.0,0.0,0.0,25.0,19.0,0.0,0.0,0.0,0.0,0.0,0.0,25.0,0.0,0.0,0.0,0.0
C2_p9__lamarckian__s5,C2_p9__lamarckian,C2_p9,C2,lamarckian,5,650,train,50,2.06,7,7,66.32323581072262,0.875,0.5,393.0,0.0,0.0,502.0,106.0,0.0,0.0,0.0,73.0,0.0,0.0,23.0,23.0,0.0,0.0,0.0,0.0,0.0,0.0,23.0,0.0,0.0,0.0,0.0
C2_p9__lamarckian__s5,C2_p9__lamarckian,C2_p9,C2,lamarckian,5,700,train,50,2.22,16,16,58.860267037027036,0.9375,0.5,397.0,0.0,0.0,400.0,86.0,0.0,0.0,0.0,73.0,0.0,0.0,18.0,18.0,0.0,0.0,0.0,0.0,0.0,0.0,18.0,0.0,0.0,0.0,0.0
C2_p9__lamarckian__s5,C2_p9__lamarckian,C2_p9,C2,lamarckian,5,750,train,50,2.12,14,14,81.06264602414501,0.8541666666666666,0.5,409.0,0.0,0.0,252.0,57.0,0.0,0.0,0.0,72.0,0.0,0.0,16.0,16.0,0.0,0.0,0.0,0.0,0.0,0.0,16.0,0.0,0.0,0.0,0.0
C2_p9__lamarckian__s5,C2_p9__lamarckian,C2_p9,C2,lamarckian,5,800,train,50,2.14,9,9,81.4018574913662,0.875,0.5,433.0,0.0,0.0,314.0,73.0,0.0,0.0,0.0,80.0,0.0,0.0,16.0,19.0,0.0,0.0,0.0,0.0,0.0,0.0,16.0,0.0,0.0,0.0,0.0
C2_p9__lamarckian__s5,C2_p9__lamarckian,C2_p9,C2,lamarckian,5,850,train,50,2.22,4,4,90.83988147020989,0.8125,0.5,355.0,0.0,0.0,348.0,31.0,0.0,0.0,0.0,92.0,0.0,0.0,8.0,15.0,0.0,0.0,0.0,0.0,0.0,0.0,8.0,0.0,0.0,0.0,0.0
C2_p9__lamarckian__s5,C2_p9__lamarckian,C2_p9,C2,lamarckian,5,900,train,50,2.26,6,6,48.1532250495232,0.9583333333333334,0.5,465.0,0.0,0.0,260.0,88.0,0.0,0.0,0.0,103.0,0.0,0.0,11.0,25.0,0.0,0.0,0.0,0.0,0.0,0.0,11.0,0.0,0.0,0.0,0.0
C2_p9__lamarckian__s5,C2_p9__lamarckian,C2_p9,C2,lamarckian,5,950,train,50,2.3,11,11,54.57042289729813,0.9166666666666666,0.5,337.0,0.0,0.0,368.0,44.0,0.0,0.0,0.0,82.0,0.0,0.0,16.0,15.0,0.0,0.0,0.0,0.0,0.0,0.0,16.0,0.0,0.0,0.0,0.0
C2_p9__lamarckian__s5,C2_p9__lamarckian,C2_p9,C2,lamarckian,5,1000,train,50,2.56,20,20,76.53382565887227,0.8333333333333334,0.5,274.0,0.0,0.0,281.0,94.0,0.0,0.0,0.0,65.0,0.0,0.0,18.0,16.0,0.0,0.0,0.0,0.0,0.0,0.0,18.0,0.0,0.0,0.0,0.0
C2_p9__lamarckian__s5,C2_p9__lamarckian,C2_p9,C2,lamarckian,5,1050,train,50,2.78,17,17,67.27764847591624,0.9166666666666666,0.5,217.0,0.0,0.0,486.0,125.0,0.0,0.0,0.0,79.0,0.0,0.0,17.0,23.0,0.0,0.0,0.0,0.0,0.0,0.0,17.0,0.0,0.0,0.0,0.0
C2_p9__lamarckian__s5,C2_p9__lamarckian,C2_p9,C2,lamarckian,5,1100,train,50,2.9,10,10,65.81388973225704,0.8958333333333334,0.5,199.0,0.0,0.0,396.0,82.0,0.0,0.0,0.0,82.0,0.0,0.0,16.0,23.0,0.0,0.0,0.0,0.0,0.0,0.0,16.0,0.0,0.0,0.0,0.0
C2_p9__lamarckian__s5,C2_p9__lamarckian,C2_p9,C2,lamarckian,5,1150,train,50,3.02,7,7,60.835580454687104,0.9166666666666666,0.5,279.0,0.0,0.0,286.0,86.0,0.0,0.0,0.0,96.0,0.0,0.0,13.0,23.0,0.0,0.0,0.0,0.0,0.0,0.0,13.0,0.0,0.0,0.0,0.0
C2_p9__lamarckian__s5,C2_p9__lamarckian,C2_p9,C2,lamarckian,5,1200,train,50,3.08,12,12,59.71982238851281,0.9166666666666666,0.5,249.0,0.0,0.0,427.0,89.0,0.0,0.0,0.0,73.0,0.0,0.0,25.0,28.0,0.0,0.0,0.0,0.0,0.0,0.0,25.0,0.0,0.0,0.0,0.0
C2_p9__lamarckian__s5,C2_p9__lamarckian,C2_p9,C2,lamarckian,5,1250,train,50,3.22,21,21,70.1156299645038,0.9375,0.5,280.0,0.0,0.0,277.0,63.0,0.0,0.0,0.0,78.0,0.0,0.0,11.0,23.0,0.0,0.0,0.0,0.0,0.0,0.0,11.0,0.0,0.0,0.0,0.0
C2_p9__lamarckian__s5,C2_p9__lamarckian,C2_p9,C2,lamarckian,5,1300,train,50,3.28,7,7,61.85549450902577,0.8958333333333334,0.5,251.0,0.0,0.0,347.0,79.0,0.0,0.0,0.0,93.0,0.0,0.0,10.0,25.0,0.0,0.0,0.0,0.0,0.0,0.0,10.0,0.0,0.0,0.0,0.0
C2_p9__lamarckian__s5,C2_p9__lamarckian,C2_p9,C2,lamarckian,5,1350,train,50,3.48,17,17,40.373430411706565,0.9375,0.5,190.0,0.0,0.0,436.0,49.0,0.0,0.0,0.0,70.0,0.0,0.0,13.0,31.0,0.0,0.0,0.0,0.0,0.0,0.0,13.0,0.0,0.0,0.0,0.0
C2_p9__lamarckian__s5,C2_p9__lamarckian,C2_p9,C2,lamarckian,5,1400,train,40,3.575,6,16,93.27497363226226,0.8125,0.5,152.0,0.0,0.0,284.0,39.0,0.0,0.0,0.0,72.0,0.0,0.0,11.0,23.0,0.0,0.0,0.0,0.0,0.0,0.0,11.0,0.0,0.0,0.0,0.0
C2_p9__lamarckian__s5,C2_p9__lamarckian,C2_p9,C2,lamarckian,5,1450,train,41,3.7804878048780486,12,11,45.00747510290937,0.9583333333333334,0.5,203.0,0.0,0.0,222.0,45.0,0.0,0.0,0.0,97.0,0.0,0.0,9.0,24.0,0.0,0.0,0.0,0.0,0.0,0.0,9.0,0.0,0.0,0.0,0.0
C2_p9__lamarckian__s5,C2_p9__lamarckian,C2_p9,C2,lamarckian,5,1500,train,34,4.0,5,12,52.66497524540959,0.9166666666666666,0.5,171.0,0.0,0.0,216.0,69.0,0.0,0.0,0.0,86.0,0.0,0.0,13.0,29.0,0.0,0.0,0.0,0.0,0.0,0.0,13.0,0.0,0.0,0.0,0.0
C2_p9__lamarckian__s5,C2_p9__lamarckian,C2_p9,C2,lamarckian,5,1550,eval,34,3.9411764705882355,13,13,68.29543407394439,0.8958333333333334,0.5,256.0,0.0,0.0,281.0,27.0,0.0,0.0,120.0,87.0,0.0,0.0,13.0,14.0,0.0,0.0,3.0,0.0,0.0,0.0,13.0,0.0,0.0,0.0,3.0
C2_p9__lamarckian__s5,C2_p9__lamarckian,C2_p9,C2,lamarckian,5,1600,eval,40,4.2,14,8,67.84165179467239,0.8958333333333334,0.5,302.0,0.0,0.0,319.0,48.0,0.0,0.0,78.0,104.0,0.0,0.0,15.0,27.0,0.0,0.0,1.0,0.0,0.0,0.0,15.0,0.0,0.0,0.0,1.0
C2_p9__lamarckian__s5,C2_p9__lamarckian,C2_p9,C2,lamarckian,5,1650,eval,44,4.409090909090909,14,10,67.96375448103656,0.8958333333333334,0.5,257.0,0.0,0.0,260.0,40.0,0.0,0.0,89.0,92.0,0.0,0.0,6.0,21.0,0.0,0.0,8.0,0.0,0.0,0.0,6.0,0.0,0.0,0.0,8.0
C2_p9__lamarckian__s5,C2_p9__lamarckian,C2_p9,C2,lamarckian,5,1700,eval,43,4.441860465116279,7,8,55.61436397026576,0.9166666666666666,0.5,271.0,0.0,0.0,258.0,43.0,0.0,0.0,59.0,89.0,0.0,0.0,15.0,23.0,0.0,0.0,1.0,0.0,0.0,0.0,15.0,0.0,0.0,0.0,1.0
C2_p9__lamarckian__s5,C2_p9__lamarckian,C2_p9,C2,lamarckian,5,1750,eval,38,4.7105263157894735,7,12,55.62138505803357,0.9375,0.5,310.0,0.0,0.0,253.0,34.0,0.0,0.0,79.0,99.0,0.0,0.0,16.0,19.0,0.0,0.0,5.0,0.0,0.0,0.0,16.0,0.0,0.0,0.0,5.0
C2_p9__lamarckian__s5,C2_p9__lamarckian,C2_p9,C2,lamarckian,5,1800,eval,41,4.902439024390244,11,8,60.563485914550114,0.8958333333333334,0.5,287.0,0.0,0.0,264.0,49.0,0.0,0.0,79.0,93.0,0.0,0.0,10.0,21.0,0.0,0.0,1.0,0.0,0.0,0.0,10.0,0.0,0.0,0.0,1.0
C2_p9__lamarckian__s6,C2_p9__lamarckian,C2_p9,C2,lamarckian,6,50,train,45,1.0222222222222221,35,10,123.8659593470436,0.6875,0.5,145.0,0.0,0.0,224.0,179.0,0.0,0.0,0.0,34.0,0.0,0.0,35.0,36.0,0.0,0.0,0.0,0.0,0.0,0.0,35.0,0.0,0.0,0.0,0.0
C2_p9__lamarckian__s6,C2_p9__lamarckian,C2_p9,C2,lamarckian,6,100,train,50,1.08,18,13,125.82679764020294,0.7083333333333334,0.5,494.0,0.0,0.0,424.0,46.0,0.0,0.0,0.0,35.0,0.0,0.0,42.0,13.0,0.0,0.0,0.0,0.0,0.0,0.0,42.0,0.0,0.0,0.0,0.0
C2_p9__lamarckian__s6,C2_p9__lamarckian,C2_p9,C2,lamarckian,6,150,train,50,1.66,24,24,84.2871440363327,0.8541666666666666,0.5,459.0,0.0,0.0,435.0,111.0,0.0,0.0,0.0,43.0,0.0,0.0,35.0,32.0,0.0,0.0,0.0,0.0,0.0,0.0,35.0,0.0,0.0,0.0,0.0
C2_p9__lamarckian__s6,C2_p9__lamarckian,C2_p9,C2,lamarckian,6,200,train,50,1.52,20,20,80.93562229879504,0.8958333333333334,0.5,337.0,0.0,0.0,414.0,63.0,0.0,0.0,0.0,56.0,0.0,0.0,19.0,21.0,0.0,0.0,0.0,0.0,0.0,0.0,19.0,0.0,0.0,0.0,0.0
C2_p9__lamarckian__s6,C2_p9__lamarckian,C2_p9,C2,lamarckian,6,250,train,45,1.711111111111111,19,24,63.29061085555678,0.9166666666666666,0.5,340.0,0.0,0.0,369.0,74.0,0.0,0.0,0.0,44.0,0.0,0.0,35.0,23.0,0.0,0.0,0.0,0.0,0.0,0.0,35.0,0.0,0.0,0.0,0.0
C2_p9__lamarckian__s6,C2_p9__lamarckian,C2_p9,C2,lamarckian,6,300,train,46,1.7391304347826086,18,17,69.82434965962597,0.8541666666666666,0.5,369.0,0.0,0.0,288.0,129.0,0.0,0.0,0.0,52.0,0.0,0.0,26.0,32.0,0.0,0.0,0.0,0.0,0.0,0.0,26.0,0.0,0.0,0.0,0.0
C2_p9__lamarckian__s6,C2_p9__lamarckian,C2_p9,C2,lamarckian,6,350,train,49,1.816326530612245,21,18,69.81398386316503,0.8958333333333334,0.5,242.0,0.0,0.0,389.0,80.0,0.0,0.0,0.0,52.0,0.0,0.0,27.0,22.0,0.0,0.0,0.0,0.0,0.0,0.0,27.0,0.0,0.0,0.0,0.0
C2_p9__lamarckian__s6,C2_p9__lamarckian,C2_p9,C2,lamarckian,6,400,train,50,1.74,10,9,81.73078974695943,0.8541666666666666,0.5,285.0,0.0,0.0,429.0,144.0,0.0,0.0,0.0,49.0,0.0,0.0,20.0,20.0,0.0,0.0,0.0,0.0,0.0,0.0,20.0,0.0,0.0,0.0,0.0
C2_p9__lamarckian__s6,C2_p9__lamarckian,C2_p9,C2,lamarckian,6,450,train,50,1.8,16,16,57.4232076314233,0.9375,0.5,312.0,0.0,0.0,279.0,96.0,0.0,0.0,0.0,61.0,0.0,0.0,24.0,32.0,0.0,0.0,0.0,0.0,0.0,0.0,24.0,0.0,0.0,0.0,0.0
C2_p9__lamarckian__s6,C2_p9__lamarckian,C2_p9,C2,lamarckian,6,500,train,50,2.02,15,15,40.642058029133054,0.9791666666666666,0.5,424.0,0.0,0.0,382.0,64.0,0.0,0.0,0.0,78.0,0.0,0.0,14.0,24.0,0.0,0.0,0.0,0.0,0.0,0.0,14.0,0.0,0.0,0.0,0.0
C2_p9__lamarckian__s6,C2_p9__lamarckian,C2_p9,C2,lamarckian,6,550,train,47,2.25531914893617,12,15,53.95848630225221,0.9583333333333334,0.5,301.0,0.0,0.0,371.0,66.0,0.0,0.0,0.0,63.0,0.0,0.0,18.0,24.0,0.0,0.0,0.0,0.0,0.0,0.0,18.0,0.0,0.0,0.0,0.0
C2_p9__lamarckian__s6,C2_p9__lamarckian,C2_p9,C2,lamarckian,6,600,train,44,2.227272727272727,14,17,105.26828341379392,0.7083333333333334,0.5,255.0,0.0,0.0,340.0,116.0,0.0,0.0,0.0,52.0,0.0,0.0,15.0,23.0,0.0,0.0,0.0,0.0,0.0,0.0,15.0,0.0,0.0,0.0,0.0
C2_p9__lamarckian__s6,C2_p9__lamarckian,C2_p9,C2,lamarckian,6,650,train,50,2.44,12,6,52.28656033764247,0.9375,0.5,281.0,0.0,0.0,323.0,103.0,0.0,0.0,0.0,88.0,0.0,0.0,13.0,33.0,0.0,0.0,0.0,0.0,0.0,0.0,13.0,0.0,0.0,0.0,0.0
C2_p9__lamarckian__s6,C2_p9__lamarckian,C2_p9,C2,lamarckian,6,700,train,50,2.7,13,13,43.661855934777904,0.9791666666666666,0.5,256.0,0.0,0.0,386.0,48.0,0.0,0.0,0.0,76.0,0.0,0.0,16.0,30.0,0.0,0.0,0.0,0.0,0.0,0.0,16.0,0.0,0.0,0.0,0.0
C2_p9__lamarckian__s6,C2_p9__lamarckian,C2_p9,C2,lamarckian,6,750,train,41,2.731707317073171,5,14,45.427378579044024,0.9375,0.5,197.0,0.0,0.0,193.0,47.0,0.0,0.0,0.0,70.0,0.0,0.0,9.0,30.0,0.0,0.0,0.0,0.0,0.0,0.0,9.0,0.0,0.0,0.0,0.0
C2_p9__lamarckian__s6,C2_p9__lamarckian,C2_p9,C2,lamarckian,6,800,train,40,2.775,7,8,64.17768374374569,0.8958333333333334,0.5,252.0,0.0,0.0,286.0,41.0,0.0,0.0,0.0,74.0,0.0,0.0,14.0,25.0,0.0,0.0,0.0,0.0,0.0,0.0,14.0,0.0,0.0,0.0,0.0
C2_p9__lamarckian__s6,C2_p9__lamarckian,C2_p9,C2,lamarckian,6,850,train,40,2.9,13,13,55.1039995353392,0.8958333333333334,0.5,295.0,0.0,0.0,268.0,49.0,0.0,0.0,0.0,95.0,0.0,0.0,15.0,31.0,0.0,0.0,0.0,0.0,0.0,0.0,15.0,0.0,0.0,0.0,0.0
C2_p9__lamarckian__s6,C2_p9__lamarckian,C2_p9,C2,lamarckian,6,900,train,37,3.2162162162162162,9,12,51.25026480520398,0.9583333333333334,0.5,209.0,0.0,0.0,248.0,43.0,0.0,0.0,0.0,78.0,0.0,0.0,9.0,30.0,0.0,0.0,0.0,0.0,0.0,0.0,9.0,0.0,0.0,0.0,0.0
C2_p9__lamarckian__s6,C2_p9__lamarckian,C2_p9,C2,lamarckian,6,950,train,36,3.4166666666666665,10,11,59.46808454297198,0.9375,0.5,215.0,0.0,0.0,284.0,32.0,0.0,0.0,0.0,77.0,0.0,0.0,17.0,26.0,0.0,0.0,0.0,0.0,0.0,0.0,17.0,0.0,0.0,0.0,0.0
C2_p9__lamarckian__s6,C2_p9__lamarckian,C2_p9,C2,lamarckian,6,1000,train,38,3.6052631578947367,7,5,65.02384538202787,0.9166666666666666,0.5,284.0,0.0,0.0,239.0,68.0,0.0,0.0,0.0,78.0,0.0,0.0,13.0,39.0,0.0,0.0,0.0,0.0,0.0,0.0,13.0,0.0,0.0,0.0,0.0
C2_p9__lamarckian__s6,C2_p9__lamarckian,C2_p9,C2,lamarckian,6,1050,train,39,3.8461538461538463,15,14,90.45192941180653,0.8333333333333334,0.5,254.0,0.0,0.0,339.0,64.0,0.0,0.0,0.0,59.0,0.0,0.0,16.0,36.0,0.0,0.0,0.0,0.0,0.0,0.0,16.0,0.0,0.0,0.0,0.0
C2_p9__lamarckian__s6,C2_p9__lamarckian,C2_p9,C2,lamarckian,6,1100,train,37,3.945945945945946,11,13,61.69255538414659,0.9583333333333334,0.5,228.0,0.0,0.0,250.0,68.0,0.0,0.0,0.0,91.0,0.0,0.0,25.0,30.0,0.0,0.0,0.0,0.0,0.0,0.0,25.0,0.0,0.0,0.0,0.0
C2_p9__lamarckian__s6,C2_p9__lamarckian,C2_p9,C2,lamarckian,6,1150,train,38,4.052631578947368,10,9,55.327483946433986,0.9583333333333334,0.5,182.0,0.0,0.0,308.0,88.0,0.0,0.0,0.0,76.0,0.0,0.0,13.0,38.0,0.0,0.0,0.0,0.0,0.0,0.0,13.0,0.0,0.0,0.0,0.0
C2_p9__lamarckian__s6,C2_p9__lamarckian,C2_p9,C2,lamarckian,6,1200,train,36,4.444444444444445,8,10,50.74550518686733,0.9791666666666666,0.5,202.0,0.0,0.0,195.0,79.0,0.0,0.0,0.0,91.0,0.0,0.0,10.0,36.0,0.0,0.0,0.0,0.0,0.0,0.0,10.0,0.0,0.0,0.0,0.0
C2_p9__lamarckian__s6,C2_p9__lamarckian,C2_p9,C2,lamarckian,6,1250,train,41,4.7317073170731705,13,8,52.38327184157792,0.9791666666666666,0.5,158.0,0.0,0.0,302.0,43.0,0.0,0.0,0.0,79.0,0.0,0.0,10.0,28.0,0.0,0.0,0.0,0.0,0.0,0.0,10.0,0.0,0.0,0.0,0.0
C2_p9__lamarckian__s6,C2_p9__lamarckian,C2_p9,C2,lamarckian,6,1300,train,38,5.026315789473684,8,11,63.15769507233402,0.8541666666666666,0.5,177.0,0.0,0.0,360.0,92.0,0.0,0.0,0.0,71.0,0.0,0.0,15.0,38.0,0.0,0.0,0.0,0.0,0.0,0.0,15.0,0.0,0.0,0.0,0.0
C2_p9__lamarckian__s6,C2_p9__lamarckian,C2_p9,C2,lamarckian,6,1350,train,37,5.486486486486487,10,11,53.32627421555328,0.9791666666666666,0.5,162.0,0.0,0.0,275.0,58.0,0.0,0.0,0.0,77.0,0.0,0.0,8.0,31.0,0.0,0.0,0.0,0.0,0.0,0.0,8.0,0.0,0.0,0.0,0.0
C2_p9__lamarckian__s6,C2_p9__lamarckian,C2_p9,C2,lamarckian,6,1400,train,40,5.575,8,5,73.6574222900517,0.8541666666666666,0.5,172.0,0.0,0.0,236.0,71.0,0.0,0.0,0.0,82.0,0.0,0.0,10.0,34.0,0.0,0.0,0.0,0.0,0.0,0.0,10.0,0.0,0.0,0.0,0.0
C2_p9__lamarckian__s6,C2_p9__lamarckian,C2_p9,C2,lamarckian,6,1450,train,34,5.705882352941177,8,14,61.10434846073899,0.9375,0.5,153.0,0.0,0.0,221.0,65.0,0.0,0.0,0.0,79.0,0.0,0.0,11.0,35.0,0.0,0.0,0.0,0.0,0.0,0.0,11.0,0.0,0.0,0.0,0.0
C2_p9__lamarckian__s6,C2_p9__lamarckian,C2_p9,C2,lamarckian,6,1500,train,33,5.787878787878788,5,6,56.61885265813143,0.9375,0.5,125.0,0.0,0.0,172.0,70.0,0.0,0.0,0.0,77.0,0.0,0.0,11.0,36.0,0.0,0.0,0.0,0.0,0.0,0.0,11.0,0.0,0.0,0.0,0.0
C2_p9__lamarckian__s6,C2_p9__lamarckian,C2_p9,C2,lamarckian,6,1550,eval,40,5.925,18,11,38.02564686217965,0.9375,0.5,176.0,0.0,0.0,300.0,39.0,0.0,0.0,89.0,80.0,0.0,0.0,14.0,24.0,0.0,0.0,0.0,0.0,0.0,0.0,14.0,0.0,0.0,0.0,0.0
C2_p9__lamarckian__s6,C2_p9__lamarckian,C2_p9,C2,lamarckian,6,1600,eval,34,6.088235294117647,12,18,85.12444680874934,0.875,0.5,180.0,0.0,0.0,265.0,49.0,0.0,0.0,81.0,60.0,0.0,0.0,16.0,25.0,0.0,0.0,3.0,0.0,0.0,0.0,16.0,0.0,0.0,0.0,3.0
C2_p9__lamarckian__s6,C2_p9__lamarckian,C2_p9,C2,lamarckian,6,1650,eval,41,6.317073170731708,17,10,51.979598738312596,0.9375,0.5,217.0,0.0,0.0,257.0,39.0,0.0,0.0,142.0,80.0,0.0,0.0,13.0,23.0,0.0,0.0,6.0,0.0,0.0,0.0,13.0,0.0,0.0,0.0,6.0
C2_p9__lamarckian__s6,C2_p9__lamarckian,C2_p9,C2,lamarckian,6,1700,eval,33,6.363636363636363,9,17,66.52578294822737,0.875,0.5,166.0,0.0,0.0,342.0,41.0,0.0,0.0,103.0,68.0,0.0,0.0,18.0,27.0,0.0,0.0,5.0,0.0,0.0,0.0,18.0,0.0,0.0,0.0,5.0
C2_p9__lamarckian__s6,C2_p9__lamarckian,C2_p9,C2,lamarckian,6,1750,eval,39,6.615384615384615,15,9,79.17270997248853,0.8958333333333334,0.5,192.0,0.0,0.0,339.0,43.0,0.0,0.0,118.0,75.0,0.0,0.0,12.0,26.0,0.0,0.0,7.0,0.0,0.0,0.0,12.0,0.0,0.0,0.0,7.0
C2_p9__lamarckian__s6,C2_p9__lamarckian,C2_p9,C2,lamarckian,6,1800,eval,38,6.684210526315789,10,11,55.316043975452615,0.9791666666666666,0.5,269.0,0.0,0.0,391.0,56.0,0.0,0.0,38.0,87.0,0.0,0.0,17.0,23.0,0.0,0.0,3.0,0.0,0.0,0.0,17.0,0.0,0.0,0.0,3.0
C2_p9__lamarckian__s7,C2_p9__lamarckian,C2_p9,C2,lamarckian,7,50,train,39,0.8974358974358975,32,13,84.38503204538759,0.8541666666666666,0.5,220.0,0.0,0.0,175.0,108.0,0.0,0.0,0.0,47.0,0.0,0.0,46.0,20.0,0.0,0.0,0.0,0.0,0.0,0.0,46.0,0.0,0.0,0.0,0.0
C2_p9__lamarckian__s7,C2_p9__lamarckian,C2_p9,C2,lamarckian,7,100,train,36,1.1388888888888888,13,16,80.44774176888401,0.8333333333333334,0.5,287.0,0.0,0.0,247.0,98.0,0.0,0.0,0.0,55.0,0.0,0.0,27.0,9.0,0.0,0.0,0.0,0.0,0.0,0.0,27.0,0.0,0.0,0.0,0.0
C2_p9__lamarckian__s7,C2_p9__lamarckian,C2_p9,C2,lamarckian,7,150,train,49,1.346938775510204,32,19,93.95620390626274,0.7916666666666666,0.5,466.0,0.0,0.0,537.0,51.0,0.0,0.0,0.0,40.0,0.0,0.0,43.0,20.0,0.0,0.0,0.0,0.0,0.0,0.0,43.0,0.0,0.0,0.0,0.0
C2_p9__lamarckian__s7,C2_p9__lamarckian,C2_p9,C2,lamarckian,7,200,train,50,1.3,15,14,61.632735025556364,0.875,0.5,491.0,0.0,0.0,464.0,113.0,0.0,0.0,0.0,57.0,0.0,0.0,27.0,19.0,0.0,0.0,0.0,0.0,0.0,0.0,27.0,0.0,0.0,0.0,0.0
C2_p9__lamarckian__s7,C2_p9__lamarckian,C2_p9,C2,lamarckian,7,250,train,50,1.46,16,16,76.14148402800231,0.8125,0.5,393.0,0.0,0.0,643.0,144.0,0.0,0.0,0.0,54.0,0.0,0.0,38.0,21.0,0.0,0.0,0.0,0.0,0.0,0.0,38.0,0.0,0.0,0.0,0.0
C2_p9__lamarckian__s7,C2_p9__lamarckian,C2_p9,C2,lamarckian,7,300,train,50,1.6,12,12,64.00715012941444,0.9166666666666666,0.5,461.0,0.0,0.0,472.0,121.0,0.0,0.0,0.0,62.0,0.0,0.0,21.0,19.0,0.0,0.0,0.0,0.0,0.0,0.0,21.0,0.0,0.0,0.0,0.0
C2_p9__lamarckian__s7,C2_p9__lamarckian,C2_p9,C2,lamarckian,7,350,train,50,1.56,10,10,98.1904221777342,0.7916666666666666,0.5,417.0,0.0,0.0,523.0,68.0,0.0,0.0,0.0,71.0,0.0,0.0,15.0,11.0,0.0,0.0,0.0,0.0,0.0,0.0,15.0,0.0,0.0,0.0,0.0
C2_p9__lamarckian__s7,C2_p9__lamarckian,C2_p9,C2,lamarckian,7,400,train,50,1.48,9,9,70.1185806897264,0.9166666666666666,0.5,439.0,0.0,0.0,487.0,35.0,0.0,0.0,0.0,85.0,0.0,0.0,16.0,11.0,0.0,0.0,0.0,0.0,0.0,0.0,16.0,0.0,0.0,0.0,0.0
C2_p9__lamarckian__s7,C2_p9__lamarckian,C2_p9,C2,lamarckian,7,450,train,50,1.54,11,11,53.8924711993073,0.875,0.5,382.0,0.0,0.0,465.0,99.0,0.0,0.0,0.0,68.0,0.0,0.0,12.0,24.0,0.0,0.0,0.0,0.0,0.0,0.0,12.0,0.0,0.0,0.0,0.0
C2_p9__lamarckian__s7,C2_p9__lamarckian,C2_p9,C2,lamarckian,7,500,train,50,1.64,13,13,56.12955900664267,0.9791666666666666,0.5,316.0,0.0,0.0,437.0,110.0,0.0,0.0,0.0,81.0,0.0,0.0,13.0,22.0,0.0,0.0,0.0,0.0,0.0,0.0,13.0,0.0,0.0,0.0,0.0
C2_p9__lamarckian__s7,C2_p9__lamarckian,C2_p9,C2,lamarckian,7,550,train,50,1.82,14,14,70.05470528268249,0.8541666666666666,0.5,273.0,0.0,0.0,405.0,114.0,0.0,0.0,0.0,66.0,0.0,0.0,14.0,20.0,0.0,0.0,0.0,0.0,0.0,0.0,14.0,0.0,0.0,0.0,0.0
C2_p9__lamarckian__s7,C2_p9__lamarckian,C2_p9,C2,lamarckian,7,600,train,50,1.92,18,18,39.5339362818696,1.0,0.5,296.0,0.0,0.0,399.0,93.0,0.0,0.0,0.0,84.0,0.0,0.0,19.0,23.0,0.0,0.0,0.0,0.0,0.0,0.0,19.0,0.0,0.0,0.0,0.0
C2_p9__lamarckian__s7,C2_p9__lamarckian,C2_p9,C2,lamarckian,7,650,train,45,2.2444444444444445,11,16,58.29185698900724,0.9166666666666666,0.5,215.0,0.0,0.0,326.0,28.0,0.0,0.0,0.0,82.0,0.0,0.0,12.0,16.0,0.0,0.0,0.0,0.0,0.0,0.0,12.0,0.0,0.0,0.0,0.0
C2_p9__lamarckian__s7,C2_p9__lamarckian,C2_p9,C2,lamarckian,7,700,train,40,2.3,10,15,53.49690650090558,0.8958333333333334,0.5,200.0,0.0,0.0,302.0,39.0,0.0,0.0,0.0,85.0,0.0,0.0,12.0,19.0,0.0,0.0,0.0,0.0,0.0,0.0,12.0,0.0,0.0,0.0,0.0
C2_p9__lamarckian__s7,C2_p9__lamarckian,C2_p9,C2,lamarckian,7,750,train,33,2.3636363636363638,7,14,53.69826531718698,0.9166666666666666,0.5,245.0,0.0,0.0,245.0,58.0,0.0,0.0,0.0,91.0,0.0,0.0,13.0,18.0,0.0,0.0,0.0,0.0,0.0,0.0,13.0,0.0,0.0,0.0,0.0
C2_p9__lamarckian__s7,C2_p9__lamarckian,C2_p9,C2,lamarckian,7,800,train,29,2.6206896551724137,6,10,112.84702221085286,0.75,0.5,181.0,0.0,0.0,224.0,56.0,0.0,0.0,0.0,73.0,0.0,0.0,9.0,22.0,0.0,0.0,0.0,0.0,0.0,0.0,9.0,0.0,0.0,0.0,0.0
C2_p9__lamarckian__s7,C2_p9__lamarckian,C2_p9,C2,lamarckian,7,850,train,45,2.9555555555555557,23,7,52.84372343238783,0.9375,0.5,235.0,0.0,0.0,388.0,71.0,0.0,0.0,0.0,98.0,0.0,0.0,16.0,24.0,0.0,0.0,0.0,0.0,0.0,0.0,16.0,0.0,0.0,0.0,0.0
C2_p9__lamarckian__s7,C2_p9__lamarckian,C2_p9,C2,lamarckian,7,900,train,40,3.05,8,13,42.09013990141355,0.9791666666666666,0.5,253.0,0.0,0.0,290.0,48.0,0.0,0.0,0.0,87.0,0.0,0.0,20.0,21.0,0.0,0.0,0.0,0.0,0.0,0.0,20.0,0.0,0.0,0.0,0.0
C2_p9__lamarckian__s7,C2_p9__lamarckian,C2_p9,C2,lamarckian,7,950,train,40,3.05,7,7,49.014804704669544,0.9583333333333334,0.5,188.0,0.0,0.0,254.0,63.0,0.0,0.0,0.0,78.0,0.0,0.0,10.0,26.0,0.0,0.0,0.0,0.0,0.0,0.0,10.0,0.0,0.0,0.0,0.0
C2_p9__lamarckian__s7,C2_p9__lamarckian,C2_p9,C2,lamarckian,7,1000,train,33,3.121212121212121,8,15,52.141348384282175,0.9375,0.5,215.0,0.0,0.0,291.0,34.0,0.0,0.0,0.0,86.0,0.0,0.0,13.0,21.0,0.0,0.0,0.0,0.0,0.0,0.0,13.0,0.0,0.0,0.0,0.0
C2_p9__lamarckian__s7,C2_p9__lamarckian,C2_p9,C2,lamarckian,7,1050,train,38,3.210526315789474,12,7,43.14532561497373,1.0,0.5,259.0,0.0,0.0,285.0,41.0,0.0,0.0,0.0,83.0,0.0,0.0,12.0,23.0,0.0,0.0,0.0,0.0,0.0,0.0,12.0,0.0,0.0,0.0,0.0
C2_p9__lamarckian__s7,C2_p9__lamarckian,C2_p9,C2,lamarckian,7,1100,train,34,3.735294117647059,10,14,66.70933853979741,0.9166666666666666,0.5,206.0,0.0,0.0,341.0,34.0,0.0,0.0,0.0,84.0,0.0,0.0,13.0,21.0,0.0,0.0,0.0,0.0,0.0,0.0,13.0,0.0,0.0,0.0,0.0
C2_p9__lamarckian__s7,C2_p9__lamarckian,C2_p9,C2,lamarckian,7,1150,train,41,4.0,12,5,58.92584414747952,0.8541666666666666,0.5,210.0,0.0,0.0,373.0,76.0,0.0,0.0,0.0,89.0,0.0,0.0,11.0,28.0,0.0,0.0,0.0,0.0,0.0,0.0,11.0,0.0,0.0,0.0,0.0
C2_p9__lamarckian__s7,C2_p9__lamarckian,C2_p9,C2,lamarckian,7,1200,train,41,4.2926829268292686,7,7,53.74653604621459,0.9375,0.5,183.0,0.0,0.0,235.0,43.0,0.0,0.0,0.0,77.0,0.0,0.0,15.0,19.0,0.0,0.0,0.0,0.0,0.0,0.0,15.0,0.0,0.0,0.0,0.0
C2_p9__lamarckian__s7,C2_p9__lamarckian,C2_p9,C2,lamarckian,7,1250,train,38,4.342105263157895,8,11,51.91975051550389,1.0,0.5,203.0,0.0,0.0,187.0,57.0,0.0,0.0,0.0,85.0,0.0,0.0,11.0,23.0,0.0,0.0,0.0,0.0,0.0,0.0,11.0,0.0,0.0,0.0,0.0
C2_p9__lamarckian__s7,C2_p9__lamarckian,C2_p9,C2,lamarckian,7,1300,train,40,4.425,8,6,49.75250569996817,0.9166666666666666,0.5,172.0,0.0,0.0,186.0,44.0,0.0,0.0,0.0,98.0,0.0,0.0,8.0,18.0,0.0,0.0,0.0,0.0,0.0,0.0,8.0,0.0,0.0,0.0,0.0
C2_p9__lamarckian__s7,C2_p9__lamarckian,C2_p9,C2,lamarckian,7,1350,train,31,4.838709677419355,6,15,75.08451758903081,0.875,0.5,137.0,0.0,0.0,300.0,43.0,0.0,0.0,0.0,73.0,0.0,0.0,11.0,23.0,0.0,0.0,0.0,0.0,0.0,0.0,11.0,0.0,0.0,0.0,0.0
C2_p9__lamarckian__s7,C2_p9__lamarckian,C2_p9,C2,lamarckian,7,1400,train,36,4.972222222222222,12,7,35.56672346912354,0.9583333333333334,0.5,168.0,0.0,0.0,348.0,75.0,0.0,0.0,0.0,90.0,0.0,0.0,12.0,28.0,0.0,0.0,0.0,0.0,0.0,0.0,12.0,0.0,0.0,0.0,0.0
C2_p9__lamarckian__s7,C2_p9__lamarckian,C2_p9,C2,lamarckian,7,1450,train,34,5.323529411764706,10,12,52.69624215598486,0.9583333333333334,0.5,151.0,0.0,0.0,335.0,30.0,0.0,0.0,0.0,89.0,0.0,0.0,14.0,14.0,0.0,0.0,0.0,0.0,0.0,0.0,14.0,0.0,0.0,0.0,0.0
C2_p9__lamarckian__s7,C2_p9__lamarckian,C2_p9,C2,lamarckian,7,1500,train,37,5.297297297297297,6,3,38.83398037510085,1.0,0.5,158.0,0.0,0.0,223.0,59.0,0.0,0.0,0.0,97.0,0.0,0.0,8.0,26.0,0.0,0.0,0.0,0.0,0.0,0.0,8.0,0.0,0.0,0.0,0.0
C2_p9__lamarckian__s7,C2_p9__lamarckian,C2_p9,C2,lamarckian,7,1550,eval,35,5.4,6,8,57.22098379102776,0.8958333333333334,0.5,210.0,0.0,0.0,191.0,38.0,0.0,0.0,117.0,84.0,0.0,0.0,5.0,22.0,0.0,0.0,5.0,0.0,0.0,0.0,5.0,0.0,0.0,0.0,5.0
C2_p9__lamarckian__s7,C2_p9__lamarckian,C2_p9,C2,lamarckian,7,1600,eval,38,5.605263157894737,11,8,53.11458347564265,0.9166666666666666,0.5,255.0,0.0,0.0,354.0,30.0,0.0,0.0,137.0,93.0,0.0,0.0,15.0,14.0,0.0,0.0,3.0,0.0,0.0,0.0,15.0,0.0,0.0,0.0,3.0
C2_p9__lamarckian__s7,C2_p9__lamarckian,C2_p9,C2,lamarckian,7,1650,eval,38,5.842105263157895,13,13,51.661544086016164,0.9583333333333334,0.5,266.0,0.0,0.0,323.0,24.0,0.0,0.0,39.0,99.0,0.0,0.0,11.0,12.0,0.0,0.0,0.0,0.0,0.0,0.0,11.0,0.0,0.0,0.0,0.0
C2_p9__lamarckian__s7,C2_p9__lamarckian,C2_p9,C2,lamarckian,7,1700,eval,47,5.9361702127659575,14,5,39.31358661023168,0.9375,0.5,265.0,0.0,0.0,320.0,35.0,0.0,0.0,82.0,100.0,0.0,0.0,9.0,13.0,0.0,0.0,2.0,0.0,0.0,0.0,9.0,0.0,0.0,0.0,2.0
C2_p9__lamarckian__s7,C2_p9__lamarckian,C2_p9,C2,lamarckian,7,1750,eval,48,6.083333333333333,10,9,54.159278390926474,0.9583333333333334,0.5,225.0,0.0,0.0,248.0,32.0,0.0,0.0,39.0,89.0,0.0,0.0,11.0,18.0,0.0,0.0,1.0,0.0,0.0,0.0,11.0,0.0,0.0,0.0,1.0
C2_p9__lamarckian__s7,C2_p9__lamarckian,C2_p9,C2,lamarckian,7,1800,eval,40,6.25,3,11,44.09569761798656,0.9583333333333334,0.5,264.0,0.0,0.0,274.0,44.0,0.0,0.0,26.0,84.0,0.0,0.0,10.0,28.0,0.0,0.0,1.0,0.0,0.0,0.0,10.0,0.0,0.0,0.0,1.0
C2_p9__lamarckian__s8,C2_p9__lamarckian,C2_p9,C2,lamarckian,8,50,train,41,0.9024390243902439,33,12,125.26447451047525,0.75,0.5,287.0,0.0,0.0,283.0,4.0,0.0,0.0,0.0,55.0,0.0,0.0,49.0,0.0,0.0,0.0,0.0,0.0,0.0,0.0,49.0,0.0,0.0,0.0,0.0
C2_p9__lamarckian__s8,C2_p9__lamarckian,C2_p9,C2,lamarckian,8,100,train,48,1.1458333333333333,21,14,72.68820176925641,0.8958333333333334,0.5,388.0,0.0,0.0,393.0,209.0,0.0,0.0,0.0,64.0,0.0,0.0,26.0,13.0,0.0,0.0,0.0,0.0,0.0,0.0,26.0,0.0,0.0,0.0,0.0
C2_p9__lamarckian__s8,C2_p9__lamarckian,C2_p9,C2,lamarckian,8,150,train,50,1.14,19,17,75.75521485199693,0.7916666666666666,0.5,541.0,0.0,0.0,418.0,59.0,0.0,0.0,0.0,67.0,0.0,0.0,28.0,9.0,0.0,0.0,0.0,0.0,0.0,0.0,28.0,0.0,0.0,0.0,0.0
C2_p9__lamarckian__s8,C2_p9__lamarckian,C2_p9,C2,lamarckian,8,200,train,50,1.06,12,12,46.30022403288035,0.8958333333333334,0.5,575.0,0.0,0.0,373.0,78.0,0.0,0.0,0.0,75.0,0.0,0.0,22.0,15.0,0.0,0.0,0.0,0.0,0.0,0.0,22.0,0.0,0.0,0.0,0.0
C2_p9__lamarckian__s8,C2_p9__lamarckian,C2_p9,C2,lamarckian,8,250,train,50,1.14,12,12,81.75256624145874,0.8541666666666666,0.5,590.0,0.0,0.0,427.0,46.0,0.0,0.0,0.0,71.0,0.0,0.0,22.0,15.0,0.0,0.0,0.0,0.0,0.0,0.0,22.0,0.0,0.0,0.0,0.0
C2_p9__lamarckian__s8,C2_p9__lamarckian,C2_p9,C2,lamarckian,8,300,train,50,1.34,15,15,60.21824375598017,0.9166666666666666,0.5,470.0,0.0,0.0,519.0,78.0,0.0,0.0,0.0,65.0,0.0,0.0,23.0,19.0,0.0,0.0,0.0,0.0,0.0,0.0,23.0,0.0,0.0,0.0,0.0
C2_p9__lamarckian__s8,C2_p9__lamarckian,C2_p9,C2,lamarckian,8,350,train,50,1.5,12,12,115.90748356052003,0.625,0.5,397.0,0.0,0.0,567.0,41.0,0.0,0.0,0.0,52.0,0.0,0.0,17.0,12.0,0.0,0.0,0.0,0.0,0.0,0.0,17.0,0.0,0.0,0.0,0.0
C2_p9__lamarckian__s8,C2_p9__lamarckian,C2_p9,C2,lamarckian,8,400,train,50,1.42,7,7,80.2457556970053,0.8541666666666666,0.5,717.0,0.0,0.0,414.0,60.0,0.0,0.0,0.0,87.0,0.0,0.0,12.0,16.0,0.0,0.0,0.0,0.0,0.0,0.0,12.0,0.0,0.0,0.0,0.0
C2_p9__lamarckian__s8,C2_p9__lamarckian,C2_p9,C2,lamarckian,8,450,train,50,1.36,7,7,50.6239237998004,0.9375,0.5,470.0,0.0,0.0,551.0,92.0,0.0,0.0,0.0,79.0,0.0,0.0,20.0,16.0,0.0,0.0,0.0,0.0,0.0,0.0,20.0,0.0,0.0,0.0,0.0
C2_p9__lamarckian__s8,C2_p9__lamarckian,C2_p9,C2,lamarckian,8,500,train,50,1.54,13,13,57.37030701845795,0.8958333333333334,0.5,291.0,0.0,0.0,552.0,94.0,0.0,0.0,0.0,71.0,0.0,0.0,18.0,17.0,0.0,0.0,0.0,0.0,0.0,0.0,18.0,0.0,0.0,0.0,0.0
C2_p9__lamarckian__s8,C2_p9__lamarckian,C2_p9,C2,lamarckian,8,550,train,50,2.06,20,20,45.617417718548005,0.9375,0.5,340.0,0.0,0.0,307.0,60.0,0.0,0.0,0.0,71.0,0.0,0.0,12.0,22.0,0.0,0.0,0.0,0.0,0.0,0.0,12.0,0.0,0.0,0.0,0.0
C2_p9__lamarckian__s8,C2_p9__lamarckian,C2_p9,C2,lamarckian,8,600,train,50,2.18,12,12,46.90619039918993,0.9583333333333334,0.5,336.0,0.0,0.0,328.0,44.0,0.0,0.0,0.0,87.0,0.0,0.0,16.0,16.0,0.0,0.0,0.0,0.0,0.0,0.0,16.0,0.0,0.0,0.0,0.0
C2_p9__lamarckian__s8,C2_p9__lamarckian,C2_p9,C2,lamarckian,8,650,train,48,2.375,15,17,29.34064546120382,0.9583333333333334,0.5,340.0,0.0,0.0,296.0,64.0,0.0,0.0,0.0,87.0,0.0,0.0,11.0,18.0,0.0,0.0,0.0,0.0,0.0,0.0,11.0,0.0,0.0,0.0,0.0
C2_p9__lamarckian__s8,C2_p9__lamarckian,C2_p9,C2,lamarckian,8,700,train,36,2.4166666666666665,10,22,52.0737486760835,0.9375,0.5,237.0,0.0,0.0,329.0,38.0,0.0,0.0,0.0,78.0,0.0,0.0,18.0,14.0,0.0,0.0,0.0,0.0,0.0,0.0,18.0,0.0,0.0,0.0,0.0
C2_p9__lamarckian__s8,C2_p9__lamarckian,C2_p9,C2,lamarckian,8,750,train,34,2.735294117647059,12,14,56.979994420616045,0.9166666666666666,0.5,238.0,0.0,0.0,367.0,42.0,0.0,0.0,0.0,92.0,0.0,0.0,17.0,14.0,0.0,0.0,0.0,0.0,0.0,0.0,17.0,0.0,0.0,0.0,0.0
C2_p9__lamarckian__s8,C2_p9__lamarckian,C2_p9,C2,lamarckian,8,800,train,42,3.119047619047619,16,8,67.9406937178766,0.8958333333333334,0.5,316.0,0.0,0.0,413.0,66.0,0.0,0.0,0.0,94.0,0.0,0.0,9.0,15.0,0.0,0.0,0.0,0.0,0.0,0.0,9.0,0.0,0.0,0.0,0.0
C2_p9__lamarckian__s8,C2_p9__lamarckian,C2_p9,C2,lamarckian,8,850,train,40,3.275,8,10,43.492610020007206,0.9583333333333334,0.5,282.0,0.0,0.0,236.0,48.0,0.0,0.0,0.0,89.0,0.0,0.0,13.0,22.0,0.0,0.0,0.0,0.0,0.0,0.0,13.0,0.0,0.0,0.0,0.0
C2_p9__lamarckian__s8,C2_p9__lamarckian,C2_p9,C2,lamarckian,8,900,train,39,3.3076923076923075,6,7,40.275926234493326,0.9583333333333334,0.5,310.0,0.0,0.0,267.0,28.0,0.0,0.0,0.0,110.0,0.0,0.0,8.0,16.0,0.0,0.0,0.0,0.0,0.0,0.0,8.0,0.0,0.0,0.0,0.0
C2_p9__lamarckian__s8,C2_p9__lamarckian,C2_p9,C2,lamarckian,8,950,train,33,3.242424242424242,4,10,77.48564719710394,0.8541666666666666,0.5,265.0,0.0,0.0,363.0,32.0,0.0,0.0,0.0,86.0,0.0,0.0,12.0,14.0,0.0,0.0,0.0,0.0,0.0,0.0,12.0,0.0,0.0,0.0,0.0
C2_p9__lamarckian__s8,C2_p9__lamarckian,C2_p9,C2,lamarckian,8,1000,train,36,3.6944444444444446,13,10,32.983011890852296,0.9583333333333334,0.5,260.0,0.0,0.0,359.0,39.0,0.0,0.0,0.0,98.0,0.0,0.0,12.0,18.0,0.0,0.0,0.0,0.0,0.0,0.0,12.0,0.0,0.0,0.0,0.0
C2_p9__lamarckian__s8,C2_p9__lamarckian,C2_p9,C2,lamarckian,8,1050,train,37,4.081081081081081,7,6,31.619367764026634,0.9791666666666666,0.5,324.0,0.0,0.0,149.0,59.0,0.0,0.0,0.0,101.0,0.0,0.0,4.0,23.0,0.0,0.0,0.0,0.0,0.0,0.0,4.0,0.0,0.0,0.0,0.0
C2_p9__lamarckian__s8,C2_p9__lamarckian,C2_p9,C2,lamarckian,8,1100,train,36,4.388888888888889,5,6,46.87268291328475,0.9791666666666666,0.5,210.0,0.0,0.0,304.0,36.0,0.0,0.0,0.0,94.0,0.0,0.0,11.0,14.0,0.0,0.0,0.0,0.0,0.0,0.0,11.0,0.0,0.0,0.0,0.0
C2_p9__lamarckian__s8,C2_p9__lamarckian,C2_p9,C2,lamarckian,8,1150,train,42,4.523809523809524,12,6,54.30810825435965,0.9166666666666666,0.5,210.0,0.0,0.0,268.0,30.0,0.0,0.0,0.0,85.0,0.0,0.0,10.0,17.0,0.0,0.0,0.0,0.0,0.0,0.0,10.0,0.0,0.0,0.0,0.0
C2_p9__lamarckian__s8,C2_p9__lamarckian,C2_p9,C2,lamarckian,8,1200,train,36,4.361111111111111,8,14,49.59632604747439,0.9166666666666666,0.5,175.0,0.0,0.0,280.0,58.0,0.0,0.0,0.0,82.0,0.0,0.0,21.0,22.0,0.0,0.0,0.0,0.0,0.0,0.0,21.0,0.0,0.0,0.0,0.0
C2_p9__lamarckian__s8,C2_p9__lamarckian,C2_p9,C2,lamarckian,8,1250,train,28,4.714285714285714,5,13,52.800204547704354,0.9166666666666666,0.5,240.0,0.0,0.0,280.0,46.0,0.0,0.0,0.0,87.0,0.0,0.0,12.0,20.0,0.0,0.0,0.0,0.0,0.0,0.0,12.0,0.0,0.0,0.0,0.0
C2_p9__lamarckian__s8,C2_p9__lamarckian,C2_p9,C2,lamarckian,8,1300,train,33,5.090909090909091,15,10,96.12754844347718,0.8541666666666666,0.5,219.0,0.0,0.0,239.0,25.0,0.0,0.0,0.0,74.0,0.0,0.0,13.0,14.0,0.0,0.0,0.0,0.0,0.0,0.0,13.0,0.0,0.0,0.0,0.0
C2_p9__lamarckian__s8,C2_p9__lamarckian,C2_p9,C2,lamarckian,8,1350,train,37,5.297297297297297,11,7,64.47722906286866,0.8958333333333334,0.5,291.0,0.0,0.0,240.0,68.0,0.0,0.0,0.0,105.0,0.0,0.0,10.0,22.0,0.0,0.0,0.0,0.0,0.0,0.0,10.0,0.0,0.0,0.0,0.0
C2_p9__lamarckian__s8,C2_p9__lamarckian,C2_p9,C2,lamarckian,8,1400,train,36,5.333333333333333,7,8,61.73796627658075,0.9583333333333334,0.5,288.0,0.0,0.0,298.0,53.0,0.0,0.0,0.0,87.0,0.0,0.0,13.0,21.0,0.0,0.0,0.0,0.0,0.0,0.0,13.0,0.0,0.0,0.0,0.0
C2_p9__lamarckian__s8,C2_p9__lamarckian,C2_p9,C2,lamarckian,8,1450,train,40,5.475,11,7,69.69344713408958,0.8541666666666666,0.5,259.0,0.0,0.0,244.0,29.0,0.0,0.0,0.0,85.0,0.0,0.0,10.0,18.0,0.0,0.0,0.0,0.0,0.0,0.0,10.0,0.0,0.0,0.0,0.0
C2_p9__lamarckian__s8,C2_p9__lamarckian,C2_p9,C2,lamarckian,8,1500,train,37,5.594594594594595,13,16,52.83864868585458,0.9375,0.5,216.0,0.0,0.0,341.0,55.0,0.0,0.0,0.0,87.0,0.0,0.0,18.0,19.0,0.0,0.0,0.0,0.0,0.0,0.0,18.0,0.0,0.0,0.0,0.0
C2_p9__lamarckian__s8,C2_p9__lamarckian,C2_p9,C2,lamarckian,8,1550,eval,38,5.868421052631579,11,10,31.33408847101172,1.0,0.5,291.0,0.0,0.0,228.0,27.0,0.0,0.0,56.0,115.0,0.0,0.0,9.0,10.0,0.0,0.0,6.0,0.0,0.0,0.0,9.0,0.0,0.0,0.0,6.0
C2_p9__lamarckian__s8,C2_p9__lamarckian,C2_p9,C2,lamarckian,8,1600,eval,32,6.125,6,12,51.94298665395438,0.9791666666666666,0.5,328.0,0.0,0.0,238.0,34.0,0.0,0.0,35.0,92.0,0.0,0.0,6.0,13.0,0.0,0.0,1.0,0.0,0.0,0.0,6.0,0.0,0.0,0.0,1.0
C2_p9__lamarckian__s8,C2_p9__lamarckian,C2_p9,C2,lamarckian,8,1650,eval,38,6.026315789473684,11,5,72.0522195787957,0.8333333333333334,0.5,268.0,0.0,0.0,338.0,49.0,0.0,0.0,40.0,89.0,0.0,0.0,14.0,15.0,0.0,0.0,2.0,0.0,0.0,0.0,14.0,0.0,0.0,0.0,2.0
C2_p9__lamarckian__s8,C2_p9__lamarckian,C2_p9,C2,lamarckian,8,1700,eval,46,6.1521739130434785,12,4,60.46829732705727,0.875,0.5,450.0,0.0,0.0,352.0,39.0,0.0,0.0,33.0,116.0,0.0,0.0,6.0,14.0,0.0,0.0,1.0,0.0,0.0,0.0,6.0,0.0,0.0,0.0,1.0
C2_p9__lamarckian__s8,C2_p9__lamarckian,C2_p9,C2,lamarckian,8,1750,eval,50,6.08,13,9,38.419000956381225,0.9583333333333334,0.5,393.0,0.0,0.0,538.0,55.0,0.0,0.0,46.0,102.0,0.0,0.0,16.0,18.0,0.0,0.0,2.0,0.0,0.0,0.0,16.0,0.0,0.0,0.0,2.0
C2_p9__lamarckian__s8,C2_p9__lamarckian,C2_p9,C2,lamarckian,8,1800,eval,34,6.235294117647059,6,22,58.04668300892033,0.9375,0.5,303.0,0.0,0.0,276.0,33.0,0.0,0.0,89.0,91.0,0.0,0.0,17.0,12.0,0.0,0.0,2.0,0.0,0.0,0.0,17.0,0.0,0.0,0.0,2.0
C2_p9__lamarckian__s9,C2_p9__lamarckian,C2_p9,C2,lamarckian,9,50,train,50,0.98,36,6,82.12134436983962,0.875,0.5,266.0,0.0,0.0,218.0,63.0,0.0,0.0,0.0,58.0,0.0,0.0,31.0,18.0,0.0,0.0,0.0,0.0,0.0,0.0,31.0,0.0,0.0,0.0,0.0
C2_p9__lamarckian__s9,C2_p9__lamarckian,C2_p9,C2,lamarckian,9,100,train,48,1.2708333333333333,14,16,46.45173454584461,0.9375,0.5,281.0,0.0,0.0,220.0,104.0,0.0,0.0,0.0,64.0,0.0,0.0,27.0,21.0,0.0,0.0,0.0,0.0,0.0,0.0,27.0,0.0,0.0,0.0,0.0
C2_p9__lamarckian__s9,C2_p9__lamarckian,C2_p9,C2,lamarckian,9,150,train,50,1.32,15,13,63.89289165834832,0.9375,0.5,310.0,0.0,0.0,352.0,151.0,0.0,0.0,0.0,60.0,0.0,0.0,20.0,23.0,0.0,0.0,0.0,0.0,0.0,0.0,20.0,0.0,0.0,0.0,0.0
C2_p9__lamarckian__s9,C2_p9__lamarckian,C2_p9,C2,lamarckian,9,200,train,43,1.372093023255814,7,14,92.88374493753679,0.8541666666666666,0.5,348.0,0.0,0.0,347.0,84.0,0.0,0.0,0.0,55.0,0.0,0.0,26.0,23.0,0.0,0.0,0.0,0.0,0.0,0.0,26.0,0.0,0.0,0.0,0.0
C2_p9__lamarckian__s9,C2_p9__lamarckian,C2_p9,C2,lamarckian,9,250,train,49,1.5714285714285714,19,13,97.02359060084147,0.7291666666666666,0.5,420.0,0.0,0.0,317.0,78.0,0.0,0.0,0.0,65.0,0.0,0.0,15.0,23.0,0.0,0.0,0.0,0.0,0.0,0.0,15.0,0.0,0.0,0.0,0.0
C2_p9__lamarckian__s9,C2_p9__lamarckian,C2_p9,C2,lamarckian,9,300,train,50,1.74,14,13,102.11727653940818,0.75,0.5,338.0,0.0,0.0,537.0,101.0,0.0,0.0,0.0,63.0,0.0,0.0,19.0,27.0,0.0,0.0,0.0,0.0,0.0,0.0,19.0,0.0,0.0,0.0,0.0
C2_p9__lamarckian__s9,C2_p9__lamarckian,C2_p9,C2,lamarckian,9,350,train,50,1.8,15,15,94.02462175335336,0.7916666666666666,0.5,312.0,0.0,0.0,349.0,133.0,0.0,0.0,0.0,59.0,0.0,0.0,21.0,24.0,0.0,0.0,0.0,0.0,0.0,0.0,21.0,0.0,0.0,0.0,0.0
C2_p9__lamarckian__s9,C2_p9__lamarckian,C2_p9,C2,lamarckian,9,400,train,50,1.8,14,14,90.8077925160544,0.8125,0.5,381.0,0.0,0.0,348.0,140.0,0.0,0.0,0.0,59.0,0.0,0.0,20.0,25.0,0.0,0.0,0.0,0.0,0.0,0.0,20.0,0.0,0.0,0.0,0.0
C2_p9__lamarckian__s9,C2_p9__lamarckian,C2_p9,C2,lamarckian,9,450,train,50,1.78,9,9,66.01253779301899,0.8541666666666666,0.5,495.0,0.0,0.0,446.0,127.0,0.0,0.0,0.0,70.0,0.0,0.0,15.0,21.0,0.0,0.0,0.0,0.0,0.0,0.0,15.0,0.0,0.0,0.0,0.0
C2_p9__lamarckian__s9,C2_p9__lamarckian,C2_p9,C2,lamarckian,9,500,train,50,1.92,13,13,91.65113803447346,0.8333333333333334,0.5,208.0,0.0,0.0,291.0,132.0,0.0,0.0,0.0,49.0,0.0,0.0,15.0,22.0,0.0,0.0,0.0,0.0,0.0,0.0,15.0,0.0,0.0,0.0,0.0
C2_p9__lamarckian__s9,C2_p9__lamarckian,C2_p9,C2,lamarckian,9,550,train,50,2.08,18,18,45.69978058583452,0.9375,0.5,272.0,0.0,0.0,390.0,64.0,0.0,0.0,0.0,69.0,0.0,0.0,18.0,23.0,0.0,0.0,0.0,0.0,0.0,0.0,18.0,0.0,0.0,0.0,0.0
C2_p9__lamarckian__s9,C2_p9__lamarckian,C2_p9,C2,lamarckian,9,600,train,50,1.98,14,14,59.28236072343837,0.875,0.5,331.0,0.0,0.0,291.0,138.0,0.0,0.0,0.0,68.0,0.0,0.0,10.0,24.0,0.0,0.0,0.0,0.0,0.0,0.0,10.0,0.0,0.0,0.0,0.0
C2_p9__lamarckian__s9,C2_p9__lamarckian,C2_p9,C2,lamarckian,9,650,train,50,2.12,12,12,83.13810689211398,0.8541666666666666,0.5,263.0,0.0,0.0,392.0,85.0,0.0,0.0,0.0,76.0,0.0,0.0,11.0,23.0,0.0,0.0,0.0,0.0,0.0,0.0,11.0,0.0,0.0,0.0,0.0
C2_p9__lamarckian__s9,C2_p9__lamarckian,C2_p9,C2,lamarckian,9,700,train,50,2.18,6,6,44.34627151804437,0.9583333333333334,0.5,352.0,0.0,0.0,288.0,54.0,0.0,0.0,0.0,88.0,0.0,0.0,14.0,26.0,0.0,0.0,0.0,0.0,0.0,0.0,14.0,0.0,0.0,0.0,0.0
C2_p9__lamarckian__s9,C2_p9__lamarckian,C2_p9,C2,lamarckian,9,750,train,50,2.32,11,11,75.60843646758775,0.8541666666666666,0.5,250.0,0.0,0.0,395.0,47.0,0.0,0.0,0.0,72.0,0.0,0.0,11.0,20.0,0.0,0.0,0.0,0.0,0.0,0.0,11.0,0.0,0.0,0.0,0.0
C2_p9__lamarckian__s9,C2_p9__lamarckian,C2_p9,C2,lamarckian,9,800,train,50,2.46,7,7,67.37777922883177,0.8541666666666666,0.5,211.0,0.0,0.0,323.0,73.0,0.0,0.0,0.0,87.0,0.0,0.0,8.0,25.0,0.0,0.0,0.0,0.0,0.0,0.0,8.0,0.0,0.0,0.0,0.0
C2_p9__lamarckian__s9,C2_p9__lamarckian,C2_p9,C2,lamarckian,9,850,train,50,2.5,12,12,65.02850886550107,0.8958333333333334,0.5,241.0,0.0,0.0,319.0,109.0,0.0,0.0,0.0,79.0,0.0,0.0,11.0,30.0,0.0,0.0,0.0,0.0,0.0,0.0,11.0,0.0,0.0,0.0,0.0
C2_p9__lamarckian__s9,C2_p9__lamarckian,C2_p9,C2,lamarckian,9,900,train,50,2.52,18,18,37.817049261261474,1.0,0.5,215.0,0.0,0.0,224.0,69.0,0.0,0.0,0.0,68.0,0.0,0.0,19.0,26.0,0.0,0.0,0.0,0.0,0.0,0.0,19.0,0.0,0.0,0.0,0.0
C2_p9__lamarckian__s9,C2_p9__lamarckian,C2_p9,C2,lamarckian,9,950,train,50,3.0,16,16,54.372954996609124,0.9166666666666666,0.5,209.0,0.0,0.0,307.0,69.0,0.0,0.0,0.0,87.0,0.0,0.0,11.0,28.0,0.0,0.0,0.0,0.0,0.0,0.0,11.0,0.0,0.0,0.0,0.0
C2_p9__lamarckian__s9,C2_p9__lamarckian,C2_p9,C2,lamarckian,9,1000,train,50,3.0,13,13,57.1228910294501,0.9375,0.5,235.0,0.0,0.0,297.0,47.0,0.0,0.0,0.0,91.0,0.0,0.0,11.0,26.0,0.0,0.0,0.0,0.0,0.0,0.0,11.0,0.0,0.0,0.0,0.0
C2_p9__lamarckian__s9,C2_p9__lamarckian,C2_p9,C2,lamarckian,9,1050,train,40,3.25,11,21,50.307340792182764,0.9791666666666666,0.5,204.0,0.0,0.0,454.0,57.0,0.0,0.0,0.0,86.0,0.0,0.0,15.0,32.0,0.0,0.0,0.0,0.0,0.0,0.0,15.0,0.0,0.0,0.0,0.0
C2_p9__lamarckian__s9,C2_p9__lamarckian,C2_p9,C2,lamarckian,9,1100,train,35,3.5714285714285716,9,14,99.53071434336613,0.7916666666666666,0.5,195.0,0.0,0.0,259.0,50.0,0.0,0.0,0.0,86.0,0.0,0.0,9.0,19.0,0.0,0.0,0.0,0.0,0.0,0.0,9.0,0.0,0.0,0.0,0.0
C2_p9__lamarckian__s9,C2_p9__lamarckian,C2_p9,C2,lamarckian,9,1150,train,39,3.8205128205128207,13,9,44.93976075647237,0.9791666666666666,0.5,178.0,0.0,0.0,338.0,57.0,0.0,0.0,0.0,85.0,0.0,0.0,18.0,23.0,0.0,0.0,0.0,0.0,0.0,0.0,18.0,0.0,0.0,0.0,0.0
C2_p9__lamarckian__s9,C2_p9__lamarckian,C2_p9,C2,lamarckian,9,1200,train,38,3.9210526315789473,9,10,55.04238309371385,0.8958333333333334,0.5,200.0,0.0,0.0,286.0,44.0,0.0,0.0,0.0,88.0,0.0,0.0,10.0,23.0,0.0,0.0,0.0,0.0,0.0,0.0,10.0,0.0,0.0,0.0,0.0
C2_p9__lamarckian__s9,C2_p9__lamarckian,C2_p9,C2,lamarckian,9,1250,train,42,4.0,13,9,53.86719723800779,0.9166666666666666,0.5,139.0,0.0,0.0,329.0,41.0,0.0,0.0,0.0,78.0,0.0,0.0,14.0,26.0,0.0,0.0,0.0,0.0,0.0,0.0,14.0,0.0,0.0,0.0,0.0
C2_p9__lamarckian__s9,C2_p9__lamarckian,C2_p9,C2,lamarckian,9,1300,train,42,4.238095238095238,8,8,47.01830253952578,0.9791666666666666,0.5,160.0,0.0,0.0,317.0,47.0,0.0,0.0,0.0,89.0,0.0,0.0,10.0,24.0,0.0,0.0,0.0,0.0,0.0,0.0,10.0,0.0,0.0,0.0,0.0
C2_p9__lamarckian__s9,C2_p9__lamarckian,C2_p9,C2,lamarckian,9,1350,train,43,4.325581395348837,10,9,46.446881414409404,0.9375,0.5,194.0,0.0,0.0,233.0,56.0,0.0,0.0,0.0,98.0,0.0,0.0,7.0,26.0,0.0,0.0,0.0,0.0,0.0,0.0,7.0,0.0,0.0,0.0,0.0
C2_p9__lamarckian__s9,C2_p9__lamarckian,C2_p9,C2,lamarckian,9,1400,train,45,4.533333333333333,10,8,43.86998928357845,0.9791666666666666,0.5,176.0,0.0,0.0,288.0,47.0,0.0,0.0,0.0,86.0,0.0,0.0,7.0,24.0,0.0,0.0,0.0,0.0,0.0,0.0,7.0,0.0,0.0,0.0,0.0
C2_p9__lamarckian__s9,C2_p9__lamarckian,C2_p9,C2,lamarckian,9,1450,train,38,4.7368421052631575,5,12,63.583801595052236,0.9166666666666666,0.5,165.0,0.0,0.0,438.0,37.0,0.0,0.0,0.0,76.0,0.0,0.0,15.0,24.0,0.0,0.0,0.0,0.0,0.0,0.0,15.0,0.0,0.0,0.0,0.0
C2_p9__lamarckian__s9,C2_p9__lamarckian,C2_p9,C2,lamarckian,9,1500,train,35,4.8,8,11,72.51268340406159,0.8958333333333334,0.5,187.0,0.0,0.0,220.0,49.0,0.0,0.0,0.0,83.0,0.0,0.0,13.0,26.0,0.0,0.0,0.0,0.0,0.0,0.0,13.0,0.0,0.0,0.0,0.0
C2_p9__lamarckian__s9,C2_p9__lamarckian,C2_p9,C2,lamarckian,9,1550,eval,33,5.090909090909091,13,15,56.794890765377765,0.9791666666666666,0.5,200.0,0.0,0.0,374.0,34.0,0.0,0.0,78.0,80.0,0.0,0.0,17.0,20.0,0.0,0.0,4.0,0.0,0.0,0.0,17.0,0.0,0.0,0.0,4.0
C2_p9__lamarckian__s9,C2_p9__lamarckian,C2_p9,C2,lamarckian,9,1600,eval,35,5.4,11,9,45.44063619772375,1.0,0.5,242.0,0.0,0.0,291.0,35.0,0.0,0.0,110.0,91.0,0.0,0.0,13.0,26.0,0.0,0.0,2.0,0.0,0.0,0.0,13.0,0.0,0.0,0.0,2.0
C2_p9__lamarckian__s9,C2_p9__lamarckian,C2_p9,C2,lamarckian,9,1650,eval,35,5.6571428571428575,9,9,44.22655444633318,0.9166666666666666,0.5,256.0,0.0,0.0,343.0,29.0,0.0,0.0,44.0,91.0,0.0,0.0,13.0,14.0,0.0,0.0,4.0,0.0,0.0,0.0,13.0,0.0,0.0,0.0,4.0
C2_p9__lamarckian__s9,C2_p9__lamarckian,C2_p9,C2,lamarckian,9,1700,eval,33,5.848484848484849,6,8,52.55865618796027,0.9791666666666666,0.5,253.0,0.0,0.0,196.0,37.0,0.0,0.0,62.0,83.0,0.0,0.0,6.0,23.0,0.0,0.0,3.0,0.0,0.0,0.0,6.0,0.0,0.0,0.0,3.0
C2_p9__lamarckian__s9,C2_p9__lamarckian,C2_p9,C2,lamarckian,9,1750,eval,40,6.35,12,5,59.147705342879476,0.875,0.5,329.0,0.0,0.0,318.0,36.0,0.0,0.0,97.0,101.0,0.0,0.0,8.0,18.0,0.0,0.0,2.0,0.0,0.0,0.0,8.0,0.0,0.0,0.0,2.0
C2_p9__lamarckian__s9,C2_p9__lamarckian,C2_p9,C2,lamarckian,9,1800,eval,47,6.553191489361702,12,5,47.4183294652195,0.9375,0.5,359.0,0.0,0.0,328.0,32.0,0.0,0.0,132.0,108.0,0.0,0.0,10.0,19.0,0.0,0.0,3.0,0.0,0.0,0.0,10.0,0.0,0.0,0.0,3.0
C2_p9__lamarckian__s10,C2_p9__lamarckian,C2_p9,C2,lamarckian,10,50,train,50,0.86,34,4,88.22906610608314,0.8541666666666666,0.5,252.0,0.0,0.0,192.0,112.0,0.0,0.0,0.0,60.0,0.0,0.0,24.0,22.0,0.0,0.0,0.0,0.0,0.0,0.0,24.0,0.0,0.0,0.0,0.0
C2_p9__lamarckian__s10,C2_p9__lamarckian,C2_p9,C2,lamarckian,10,100,train,42,0.9285714285714286,8,16,112.11574485207967,0.7916666666666666,0.5,199.0,0.0,0.0,318.0,85.0,0.0,0.0,0.0,38.0,0.0,0.0,31.0,15.0,0.0,0.0,0.0,0.0,0.0,0.0,31.0,0.0,0.0,0.0,0.0
C2_p9__lamarckian__s10,C2_p9__lamarckian,C2_p9,C2,lamarckian,10,150,train,50,1.32,21,13,99.65722530699327,0.7708333333333334,0.5,425.0,0.0,0.0,353.0,117.0,0.0,0.0,0.0,59.0,0.0,0.0,24.0,25.0,0.0,0.0,0.0,0.0,0.0,0.0,24.0,0.0,0.0,0.0,0.0
C2_p9__lamarckian__s10,C2_p9__lamarckian,C2_p9,C2,lamarckian,10,200,train,50,1.24,15,15,61.460111225332525,0.8958333333333334,0.5,463.0,0.0,0.0,507.0,98.0,0.0,0.0,0.0,58.0,0.0,0.0,29.0,26.0,0.0,0.0,0.0,0.0,0.0,0.0,29.0,0.0,0.0,0.0,0.0
C2_p9__lamarckian__s10,C2_p9__lamarckian,C2_p9,C2,lamarckian,10,250,train,50,1.2,17,17,77.67828960410566,0.7916666666666666,0.5,369.0,0.0,0.0,561.0,88.0,0.0,0.0,0.0,57.0,0.0,0.0,27.0,28.0,0.0,0.0,0.0,0.0,0.0,0.0,27.0,0.0,0.0,0.0,0.0
C2_p9__lamarckian__s10,C2_p9__lamarckian,C2_p9,C2,lamarckian,10,300,train,50,1.34,17,17,83.13771544599891,0.8333333333333334,0.5,406.0,0.0,0.0,484.0,69.0,0.0,0.0,0.0,57.0,0.0,0.0,24.0,22.0,0.0,0.0,0.0,0.0,0.0,0.0,24.0,0.0,0.0,0.0,0.0
C2_p9__lamarckian__s10,C2_p9__lamarckian,C2_p9,C2,lamarckian,10,350,train,50,1.32,8,8,82.13470865041687,0.8958333333333334,0.5,291.0,0.0,0.0,325.0,113.0,0.0,0.0,0.0,67.0,0.0,0.0,17.0,22.0,0.0,0.0,0.0,0.0,0.0,0.0,17.0,0.0,0.0,0.0,0.0
C2_p9__lamarckian__s10,C2_p9__lamarckian,C2_p9,C2,lamarckian,10,400,train,50,1.3,17,17,89.90548844956298,0.75,0.5,247.0,0.0,0.0,420.0,136.0,0.0,0.0,0.0,47.0,0.0,0.0,26.0,26.0,0.0,0.0,0.0,0.0,0.0,0.0,26.0,0.0,0.0,0.0,0.0
C2_p9__lamarckian__s10,C2_p9__lamarckian,C2_p9,C2,lamarckian,10,450,train,50,1.3,12,12,56.231363700332054,0.8958333333333334,0.5,380.0,0.0,0.0,419.0,128.0,0.0,0.0,0.0,73.0,0.0,0.0,23.0,25.0,0.0,0.0,0.0,0.0,0.0,0.0,23.0,0.0,0.0,0.0,0.0
C2_p9__lamarckian__s10,C2_p9__lamarckian,C2_p9,C2,lamarckian,10,500,train,47,1.574468085106383,14,17,90.91139476271351,0.7708333333333334,0.5,248.0,0.0,0.0,287.0,118.0,0.0,0.0,0.0,57.0,0.0,0.0,12.0,21.0,0.0,0.0,0.0,0.0,0.0,0.0,12.0,0.0,0.0,0.0,0.0
C2_p9__lamarckian__s10,C2_p9__lamarckian,C2_p9,C2,lamarckian,10,550,train,50,1.78,15,12,65.77167246771394,0.9166666666666666,0.5,331.0,0.0,0.0,390.0,89.0,0.0,0.0,0.0,74.0,0.0,0.0,10.0,20.0,0.0,0.0,0.0,0.0,0.0,0.0,10.0,0.0,0.0,0.0,0.0
C2_p9__lamarckian__s10,C2_p9__lamarckian,C2_p9,C2,lamarckian,10,600,train,50,1.82,15,15,62.97772933726355,0.9166666666666666,0.5,307.0,0.0,0.0,472.0,81.0,0.0,0.0,0.0,76.0,0.0,0.0,15.0,20.0,0.0,0.0,0.0,0.0,0.0,0.0,15.0,0.0,0.0,0.0,0.0
C2_p9__lamarckian__s10,C2_p9__lamarckian,C2_p9,C2,lamarckian,10,650,train,50,1.94,11,11,50.8021285019793,0.9375,0.5,312.0,0.0,0.0,360.0,118.0,0.0,0.0,0.0,81.0,0.0,0.0,19.0,27.0,0.0,0.0,0.0,0.0,0.0,0.0,19.0,0.0,0.0,0.0,0.0
C2_p9__lamarckian__s10,C2_p9__lamarckian,C2_p9,C2,lamarckian,10,700,train,50,2.02,9,9,74.27182728396849,0.8958333333333334,0.5,286.0,0.0,0.0,307.0,117.0,0.0,0.0,0.0,75.0,0.0,0.0,10.0,19.0,0.0,0.0,0.0,0.0,0.0,0.0,10.0,0.0,0.0,0.0,0.0
C2_p9__lamarckian__s10,C2_p9__lamarckian,C2_p9,C2,lamarckian,10,750,train,50,2.04,12,12,56.44356949237383,0.8958333333333334,0.5,237.0,0.0,0.0,288.0,148.0,0.0,0.0,0.0,73.0,0.0,0.0,16.0,29.0,0.0,0.0,0.0,0.0,0.0,0.0,16.0,0.0,0.0,0.0,0.0
C2_p9__lamarckian__s10,C2_p9__lamarckian,C2_p9,C2,lamarckian,10,800,train,50,2.08,15,15,72.2864347985429,0.875,0.5,191.0,0.0,0.0,313.0,144.0,0.0,0.0,0.0,64.0,0.0,0.0,12.0,32.0,0.0,0.0,0.0,0.0,0.0,0.0,12.0,0.0,0.0,0.0,0.0
C2_p9__lamarckian__s10,C2_p9__lamarckian,C2_p9,C2,lamarckian,10,850,train,50,2.08,10,10,100.45283348196689,0.7708333333333334,0.5,220.0,0.0,0.0,295.0,112.0,0.0,0.0,0.0,75.0,0.0,0.0,13.0,25.0,0.0,0.0,0.0,0.0,0.0,0.0,13.0,0.0,0.0,0.0,0.0
C2_p9__lamarckian__s10,C2_p9__lamarckian,C2_p9,C2,lamarckian,10,900,train,50,2.28,12,12,64.70943320382571,0.875,0.5,210.0,0.0,0.0,331.0,96.0,0.0,0.0,0.0,84.0,0.0,0.0,16.0,18.0,0.0,0.0,0.0,0.0,0.0,0.0,16.0,0.0,0.0,0.0,0.0
C2_p9__lamarckian__s10,C2_p9__lamarckian,C2_p9,C2,lamarckian,10,950,train,50,2.62,15,15,52.849978955102614,0.875,0.5,250.0,0.0,0.0,354.0,116.0,0.0,0.0,0.0,79.0,0.0,0.0,21.0,27.0,0.0,0.0,0.0,0.0,0.0,0.0,21.0,0.0,0.0,0.0,0.0
C2_p9__lamarckian__s10,C2_p9__lamarckian,C2_p9,C2,lamarckian,10,1000,train,50,2.98,16,16,58.8626383526759,0.875,0.5,177.0,0.0,0.0,231.0,105.0,0.0,0.0,0.0,75.0,0.0,0.0,7.0,24.0,0.0,0.0,0.0,0.0,0.0,0.0,7.0,0.0,0.0,0.0,0.0
C2_p9__lamarckian__s10,C2_p9__lamarckian,C2_p9,C2,lamarckian,10,1050,train,50,2.9,19,19,45.08592788916667,0.9583333333333334,0.5,200.0,0.0,0.0,294.0,65.0,0.0,0.0,0.0,75.0,0.0,0.0,9.0,28.0,0.0,0.0,0.0,0.0,0.0,0.0,9.0,0.0,0.0,0.0,0.0
C2_p9__lamarckian__s10,C2_p9__lamarckian,C2_p9,C2,lamarckian,10,1100,train,50,2.92,20,20,88.920797116399,0.8333333333333334,0.5,192.0,0.0,0.0,293.0,54.0,0.0,0.0,0.0,64.0,0.0,0.0,15.0,25.0,0.0,0.0,0.0,0.0,0.0,0.0,15.0,0.0,0.0,0.0,0.0
C2_p9__lamarckian__s10,C2_p9__lamarckian,C2_p9,C2,lamarckian,10,1150,train,50,2.98,8,8,39.65055115673146,0.9583333333333334,0.5,237.0,0.0,0.0,232.0,69.0,0.0,0.0,0.0,97.0,0.0,0.0,4.0,26.0,0.0,0.0,0.0,0.0,0.0,0.0,4.0,0.0,0.0,0.0,0.0
C2_p9__lamarckian__s10,C2_p9__lamarckian,C2_p9,C2,lamarckian,10,1200,train,46,3.1739130434782608,13,17,37.34568903073712,0.9791666666666666,0.5,170.0,0.0,0.0,342.0,81.0,0.0,0.0,0.0,61.0,0.0,0.0,24.0,28.0,0.0,0.0,0.0,0.0,0.0,0.0,24.0,0.0,0.0,0.0,0.0
C2_p9__lamarckian__s10,C2_p9__lamarckian,C2_p9,C2,lamarckian,10,1250,train,36,3.1944444444444446,8,18,41.070062268397876,0.9791666666666666,0.5,183.0,0.0,0.0,264.0,55.0,0.0,0.0,0.0,80.0,0.0,0.0,15.0,27.0,0.0,0.0,0.0,0.0,0.0,0.0,15.0,0.0,0.0,0.0,0.0
C2_p9__lamarckian__s10,C2_p9__lamarckian,C2_p9,C2,lamarckian,10,1300,train,34,3.2941176470588234,5,7,63.63022491074417,0.9166666666666666,0.5,176.0,0.0,0.0,196.0,43.0,0.0,0.0,0.0,81.0,0.0,0.0,7.0,27.0,0.0,0.0,0.0,0.0,0.0,0.0,7.0,0.0,0.0,0.0,0.0
C2_p9__lamarckian__s10,C2_p9__lamarckian,C2_p9,C2,lamarckian,10,1350,train,35,3.5142857142857142,8,7,87.25969139049462,0.8333333333333334,0.5,229.0,0.0,0.0,199.0,55.0,0.0,0.0,0.0,96.0,0.0,0.0,10.0,21.0,0.0,0.0,0.0,0.0,0.0,0.0,10.0,0.0,0.0,0.0,0.0
C2_p9__lamarckian__s10,C2_p9__lamarckian,C2_p9,C2,lamarckian,10,1400,train,40,3.9,16,11,56.33187450687927,0.8958333333333334,0.5,197.0,0.0,0.0,313.0,105.0,0.0,0.0,0.0,85.0,0.0,0.0,17.0,34.0,0.0,0.0,0.0,0.0,0.0,0.0,17.0,0.0,0.0,0.0,0.0
C2_p9__lamarckian__s10,C2_p9__lamarckian,C2_p9,C2,lamarckian,10,1450,train,40,4.275,12,12,105.59176502985608,0.8125,0.5,148.0,0.0,0.0,290.0,54.0,0.0,0.0,0.0,64.0,0.0,0.0,17.0,31.0,0.0,0.0,0.0,0.0,0.0,0.0,17.0,0.0,0.0,0.0,0.0
C2_p9__lamarckian__s10,C2_p9__lamarckian,C2_p9,C2,lamarckian,10,1500,train,44,4.454545454545454,20,16,38.540494620948735,0.9583333333333334,0.5,248.0,0.0,0.0,460.0,43.0,0.0,0.0,0.0,82.0,0.0,0.0,23.0,27.0,0.0,0.0,0.0,0.0,0.0,0.0,23.0,0.0,0.0,0.0,0.0
C2_p9__lamarckian__s10,C2_p9__lamarckian,C2_p9,C2,lamarckian,10,1550,eval,46,4.6521739130434785,16,14,44.70902652828016,0.9583333333333334,0.5,307.0,0.0,0.0,462.0,31.0,0.0,0.0,72.0,82.0,0.0,0.0,9.0,14.0,0.0,0.0,5.0,0.0,0.0,0.0,9.0,0.0,0.0,0.0,5.0
C2_p9__lamarckian__s10,C2_p9__lamarckian,C2_p9,C2,lamarckian,10,1600,eval,39,4.743589743589744,10,17,56.164197149205215,0.9583333333333334,0.5,342.0,0.0,0.0,230.0,65.0,0.0,0.0,56.0,85.0,0.0,0.0,11.0,21.0,0.0,0.0,3.0,0.0,0.0,0.0,11.0,0.0,0.0,0.0,3.0
C2_p9__lamarckian__s10,C2_p9__lamarckian,C2_p9,C2,lamarckian,10,1650,eval,38,4.921052631578948,13,14,67.79269872048982,0.8541666666666666,0.5,214.0,0.0,0.0,344.0,47.0,0.0,0.0,31.0,84.0,0.0,0.0,10.0,14.0,0.0,0.0,3.0,0.0,0.0,0.0,10.0,0.0,0.0,0.0,3.0
C2_p9__lamarckian__s10,C2_p9__lamarckian,C2_p9,C2,lamarckian,10,1700,eval,48,5.229166666666667,15,5,52.26594974432378,0.9583333333333334,0.5,263.0,0.0,0.0,229.0,89.0,0.0,0.0,100.0,99.0,0.0,0.0,10.0,22.0,0.0,0.0,2.0,0.0,0.0,0.0,10.0,0.0,0.0,0.0,2.0
C2_p9__lamarckian__s10,C2_p9__lamarckian,C2_p9,C2,lamarckian,10,1750,eval,42,5.380952380952381,10,16,60.32039593811648,0.8958333333333334,0.5,183.0,0.0,0.0,196.0,48.0,0.0,0.0,37.0,79.0,0.0,0.0,6.0,15.0,0.0,0.0,2.0,0.0,0.0,0.0,6.0,0.0,0.0,0.0,2.0
C2_p9__lamarckian__s10,C2_p9__lamarckian,C2_p9,C2,lamarckian,10,1800,eval,42,5.404761904761905,11,11,60.29385932620599,0.9375,0.5,237.0,0.0,0.0,305.0,87.0,0.0,0.0,12.0,84.0,0.0,0.0,13.0,22.0,0.0,0.0,0.0,0.0,0.0,0.0,13.0,0.0,0.0,0.0,0.0
C2_p9__lamarckian__s11,C2_p9__lamarckian,C2_p9,C2,lamarckian,11,50,train,50,1.08,42,12,100.15004284831156,0.8125,0.5,198.0,0.0,0.0,254.0,192.0,0.0,0.0,0.0,28.0,0.0,0.0,46.0,34.0,0.0,0.0,0.0,0.0,0.0,0.0,46.0,0.0,0.0,0.0,0.0
C2_p9__lamarckian__s11,C2_p9__lamarckian,C2_p9,C2,lamarckian,11,100,train,49,1.2857142857142858,24,25,57.36241077470783,0.8333333333333334,0.5,357.0,0.0,0.0,340.0,152.0,0.0,0.0,0.0,39.0,0.0,0.0,35.0,28.0,0.0,0.0,0.0,0.0,0.0,0.0,35.0,0.0,0.0,0.0,0.0
C2_p9__lamarckian__s11,C2_p9__lamarckian,C2_p9,C2,lamarckian,11,150,train,50,1.4,16,15,59.42921365113537,0.9166666666666666,0.5,454.0,0.0,0.0,498.0,141.0,0.0,0.0,0.0,45.0,0.0,0.0,28.0,31.0,0.0,0.0,0.0,0.0,0.0,0.0,28.0,0.0,0.0,0.0,0.0
C2_p9__lamarckian__s11,C2_p9__lamarckian,C2_p9,C2,lamarckian,11,200,train,50,1.24,15,15,62.65364093036639,0.875,0.5,352.0,0.0,0.0,514.0,177.0,0.0,0.0,0.0,48.0,0.0,0.0,28.0,35.0,0.0,0.0,0.0,0.0,0.0,0.0,28.0,0.0,0.0,0.0,0.0
C2_p9__lamarckian__s11,C2_p9__lamarckian,C2_p9,C2,lamarckian,11,250,train,50,1.52,16,16,110.18614095466081,0.7291666666666666,0.5,434.0,0.0,0.0,407.0,185.0,0.0,0.0,0.0,39.0,0.0,0.0,26.0,23.0,0.0,0.0,0.0,0.0,0.0,0.0,26.0,0.0,0.0,0.0,0.0
C2_p9__lamarckian__s11,C2_p9__lamarckian,C2_p9,C2,lamarckian,11,300,train,50,1.6,13,13,84.11712482257091,0.7916666666666666,0.5,540.0,0.0,0.0,474.0,117.0,0.0,0.0,0.0,50.0,0.0,0.0,21.0,30.0,0.0,0.0,0.0,0.0,0.0,0.0,21.0,0.0,0.0,0.0,0.0
C2_p9__lamarckian__s11,C2_p9__lamarckian,C2_p9,C2,lamarckian,11,350,train,50,1.56,12,12,74.82311849601672,0.8958333333333334,0.5,315.0,0.0,0.0,347.0,184.0,0.0,0.0,0.0,63.0,0.0,0.0,18.0,30.0,0.0,0.0,0.0,0.0,0.0,0.0,18.0,0.0,0.0,0.0,0.0
C2_p9__lamarckian__s11,C2_p9__lamarckian,C2_p9,C2,lamarckian,11,400,train,50,1.54,16,16,100.07110864871169,0.7708333333333334,0.5,397.0,0.0,0.0,526.0,60.0,0.0,0.0,0.0,46.0,0.0,0.0,25.0,22.0,0.0,0.0,0.0,0.0,0.0,0.0,25.0,0.0,0.0,0.0,0.0
C2_p9__lamarckian__s11,C2_p9__lamarckian,C2_p9,C2,lamarckian,11,450,train,50,1.76,21,21,64.86534200111579,0.8333333333333334,0.5,330.0,0.0,0.0,459.0,78.0,0.0,0.0,0.0,47.0,0.0,0.0,28.0,38.0,0.0,0.0,0.0,0.0,0.0,0.0,28.0,0.0,0.0,0.0,0.0
C2_p9__lamarckian__s11,C2_p9__lamarckian,C2_p9,C2,lamarckian,11,500,train,50,1.96,19,19,87.4013055263832,0.8541666666666666,0.5,320.0,0.0,0.0,364.0,103.0,0.0,0.0,0.0,50.0,0.0,0.0,23.0,29.0,0.0,0.0,0.0,0.0,0.0,0.0,23.0,0.0,0.0,0.0,0.0
C2_p9__lamarckian__s11,C2_p9__lamarckian,C2_p9,C2,lamarckian,11,550,train,50,2.06,15,15,67.88812298272381,0.8541666666666666,0.5,238.0,0.0,0.0,434.0,118.0,0.0,0.0,0.0,55.0,0.0,0.0,18.0,27.0,0.0,0.0,0.0,0.0,0.0,0.0,18.0,0.0,0.0,0.0,0.0
C2_p9__lamarckian__s11,C2_p9__lamarckian,C2_p9,C2,lamarckian,11,600,train,50,2.2,18,18,74.92084924643967,0.9166666666666666,0.5,297.0,0.0,0.0,413.0,146.0,0.0,0.0,0.0,51.0,0.0,0.0,18.0,28.0,0.0,0.0,0.0,0.0,0.0,0.0,18.0,0.0,0.0,0.0,0.0
C2_p9__lamarckian__s11,C2_p9__lamarckian,C2_p9,C2,lamarckian,11,650,train,50,2.46,18,18,45.399291866103624,0.9375,0.5,319.0,0.0,0.0,531.0,56.0,0.0,0.0,0.0,67.0,0.0,0.0,26.0,25.0,0.0,0.0,0.0,0.0,0.0,0.0,26.0,0.0,0.0,0.0,0.0
C2_p9__lamarckian__s11,C2_p9__lamarckian,C2_p9,C2,lamarckian,11,700,train,50,2.42,19,19,55.07008804121227,0.8958333333333334,0.5,221.0,0.0,0.0,398.0,104.0,0.0,0.0,0.0,61.0,0.0,0.0,16.0,43.0,0.0,0.0,0.0,0.0,0.0,0.0,16.0,0.0,0.0,0.0,0.0
C2_p9__lamarckian__s11,C2_p9__lamarckian,C2_p9,C2,lamarckian,11,750,train,50,2.68,21,21,37.995099366617076,0.9791666666666666,0.5,246.0,0.0,0.0,334.0,72.0,0.0,0.0,0.0,70.0,0.0,0.0,18.0,35.0,0.0,0.0,0.0,0.0,0.0,0.0,18.0,0.0,0.0,0.0,0.0
C2_p9__lamarckian__s11,C2_p9__lamarckian,C2_p9,C2,lamarckian,11,800,train,44,3.0454545454545454,6,12,52.614489602773574,0.9166666666666666,0.5,235.0,0.0,0.0,277.0,103.0,0.0,0.0,0.0,68.0,0.0,0.0,8.0,39.0,0.0,0.0,0.0,0.0,0.0,0.0,8.0,0.0,0.0,0.0,0.0
C2_p9__lamarckian__s11,C2_p9__lamarckian,C2_p9,C2,lamarckian,11,850,train,50,3.24,16,10,44.604875845366834,0.9375,0.5,181.0,0.0,0.0,442.0,89.0,0.0,0.0,0.0,83.0,0.0,0.0,9.0,35.0,0.0,0.0,0.0,0.0,0.0,0.0,9.0,0.0,0.0,0.0,0.0
C2_p9__lamarckian__s11,C2_p9__lamarckian,C2_p9,C2,lamarckian,11,900,train,39,3.3076923076923075,8,19,47.08902532089627,0.9583333333333334,0.5,167.0,0.0,0.0,398.0,70.0,0.0,0.0,0.0,68.0,0.0,0.0,16.0,37.0,0.0,0.0,0.0,0.0,0.0,0.0,16.0,0.0,0.0,0.0,0.0
C2_p9__lamarckian__s11,C2_p9__lamarckian,C2_p9,C2,lamarckian,11,950,train,32,3.78125,8,15,49.23012360979567,0.9583333333333334,0.5,148.0,0.0,0.0,288.0,60.0,0.0,0.0,0.0,75.0,0.0,0.0,18.0,32.0,0.0,0.0,0.0,0.0,0.0,0.0,18.0,0.0,0.0,0.0,0.0
C2_p9__lamarckian__s11,C2_p9__lamarckian,C2_p9,C2,lamarckian,11,1000,train,35,4.142857142857143,11,8,80.61563164006282,0.9166666666666666,0.5,188.0,0.0,0.0,296.0,85.0,0.0,0.0,0.0,72.0,0.0,0.0,7.0,38.0,0.0,0.0,0.0,0.0,0.0,0.0,7.0,0.0,0.0,0.0,0.0
C2_p9__lamarckian__s11,C2_p9__lamarckian,C2_p9,C2,lamarckian,11,1050,train,44,4.318181818181818,15,6,55.766868707578084,0.9583333333333334,0.5,171.0,0.0,0.0,378.0,85.0,0.0,0.0,0.0,70.0,0.0,0.0,16.0,40.0,0.0,0.0,0.0,0.0,0.0,0.0,16.0,0.0,0.0,0.0,0.0
C2_p9__lamarckian__s11,C2_p9__lamarckian,C2_p9,C2,lamarckian,11,1100,train,36,4.361111111111111,8,16,73.72717945671263,0.9166666666666666,0.5,162.0,0.0,0.0,410.0,50.0,0.0,0.0,0.0,57.0,0.0,0.0,18.0,37.0,0.0,0.0,0.0,0.0,0.0,0.0,18.0,0.0,0.0,0.0,0.0
C2_p9__lamarckian__s11,C2_p9__lamarckian,C2_p9,C2,lamarckian,11,1150,train,35,4.628571428571429,12,13,48.52562371704074,0.9583333333333334,0.5,165.0,0.0,0.0,224.0,73.0,0.0,0.0,0.0,80.0,0.0,0.0,15.0,42.0,0.0,0.0,0.0,0.0,0.0,0.0,15.0,0.0,0.0,0.0,0.0
C2_p9__lamarckian__s11,C2_p9__lamarckian,C2_p9,C2,lamarckian,11,1200,train,25,4.84,3,13,52.45628781154672,0.9583333333333334,0.5,121.0,0.0,0.0,246.0,66.0,0.0,0.0,0.0,63.0,0.0,0.0,18.0,43.0,0.0,0.0,0.0,0.0,0.0,0.0,18.0,0.0,0.0,0.0,0.0
C2_p9__lamarckian__s11,C2_p9__lamarckian,C2_p9,C2,lamarckian,11,1250,train,36,5.416666666666667,18,7,51.321106162247446,0.9166666666666666,0.5,240.0,0.0,0.0,215.0,76.0,0.0,0.0,0.0,90.0,0.0,0.0,10.0,42.0,0.0,0.0,0.0,0.0,0.0,0.0,10.0,0.0,0.0,0.0,0.0
C2_p9__lamarckian__s11,C2_p9__lamarckian,C2_p9,C2,lamarckian,11,1300,train,38,5.394736842105263,10,8,45.174526358571576,0.9583333333333334,0.5,191.0,0.0,0.0,189.0,102.0,0.0,0.0,0.0,75.0,0.0,0.0,8.0,40.0,0.0,0.0,0.0,0.0,0.0,0.0,8.0,0.0,0.0,0.0,0.0
C2_p9__lamarckian__s11,C2_p9__lamarckian,C2_p9,C2,lamarckian,11,1350,train,32,5.1875,4,10,64.5658627522532,0.9166666666666666,0.5,267.0,0.0,0.0,234.0,68.0,0.0,0.0,0.0,95.0,0.0,0.0,12.0,32.0,0.0,0.0,0.0,0.0,0.0,0.0,12.0,0.0,0.0,0.0,0.0
C2_p9__lamarckian__s11,C2_p9__lamarckian,C2_p9,C2,lamarckian,11,1400,train,39,5.435897435897436,17,10,68.240170618062,0.9375,0.5,148.0,0.0,0.0,316.0,47.0,0.0,0.0,0.0,76.0,0.0,0.0,15.0,34.0,0.0,0.0,0.0,0.0,0.0,0.0,15.0,0.0,0.0,0.0,0.0
C2_p9__lamarckian__s11,C2_p9__lamarckian,C2_p9,C2,lamarckian,11,1450,train,42,5.619047619047619,13,10,51.82496229773558,0.9166666666666666,0.5,182.0,0.0,0.0,462.0,48.0,0.0,0.0,0.0,77.0,0.0,0.0,15.0,31.0,0.0,0.0,0.0,0.0,0.0,0.0,15.0,0.0,0.0,0.0,0.0
C2_p9__lamarckian__s11,C2_p9__lamarckian,C2_p9,C2,lamarckian,11,1500,train,35,5.514285714285714,3,10,53.92102093406358,0.9166666666666666,0.5,176.0,0.0,0.0,359.0,72.0,0.0,0.0,0.0,78.0,0.0,0.0,12.0,38.0,0.0,0.0,0.0,0.0,0.0,0.0,12.0,0.0,0.0,0.0,0.0
C2_p9__lamarckian__s11,C2_p9__lamarckian,C2_p9,C2,lamarckian,11,1550,eval,31,5.935483870967742,9,13,57.04954109112894,0.9375,0.5,172.0,0.0,0.0,337.0,26.0,0.0,0.0,77.0,82.0,0.0,0.0,15.0,19.0,0.0,0.0,7.0,0.0,0.0,0.0,15.0,0.0,0.0,0.0,7.0
C2_p9__lamarckian__s11,C2_p9__lamarckian,C2_p9,C2,lamarckian,11,1600,eval,34,6.147058823529412,12,9,42.01142668884752,0.9375,0.5,208.0,0.0,0.0,315.0,50.0,0.0,0.0,64.0,74.0,0.0,0.0,13.0,35.0,0.0,0.0,3.0,0.0,0.0,0.0,13.0,0.0,0.0,0.0,3.0
C2_p9__lamarckian__s11,C2_p9__lamarckian,C2_p9,C2,lamarckian,11,1650,eval,35,6.314285714285714,14,13,44.82412000512452,0.9166666666666666,0.5,289.0,0.0,0.0,394.0,25.0,0.0,0.0,49.0,84.0,0.0,0.0,10.0,21.0,0.0,0.0,4.0,0.0,0.0,0.0,10.0,0.0,0.0,0.0,4.0
C2_p9__lamarckian__s11,C2_p9__lamarckian,C2_p9,C2,lamarckian,11,1700,eval,33,6.303030303030303,5,7,56.14012963465556,0.9583333333333334,0.5,323.0,0.0,0.0,268.0,30.0,0.0,0.0,90.0,92.0,0.0,0.0,10.0,21.0,0.0,0.0,5.0,0.0,0.0,0.0,10.0,0.0,0.0,0.0,5.0
C2_p9__lamarckian__s11,C2_p9__lamarckian,C2_p9,C2,lamarckian,11,1750,eval,39,6.538461538461538,9,3,74.62302451015498,0.875,0.5,224.0,0.0,0.0,333.0,68.0,0.0,0.0,59.0,84.0,0.0,0.0,4.0,33.0,0.0,0.0,2.0,0.0,0.0,0.0,4.0,0.0,0.0,0.0,2.0
C2_p9__lamarckian__s11,C2_p9__lamarckian,C2_p9,C2,lamarckian,11,1800,eval,41,6.780487804878049,11,9,68.75015109801144,0.8541666666666666,0.5,255.0,0.0,0.0,244.0,100.0,0.0,0.0,103.0,85.0,0.0,0.0,10.0,27.0,0.0,0.0,0.0,0.0,0.0,0.0,10.0,0.0,0.0,0.0,0.0
C2_p9__lamarckian__s12,C2_p9__lamarckian,C2_p9,C2,lamarckian,12,50,train,50,0.88,33,3,86.36490872956031,0.8541666666666666,0.5,218.0,0.0,0.0,313.0,61.0,0.0,0.0,0.0,49.0,0.0,0.0,26.0,26.0,0.0,0.0,0.0,0.0,0.0,0.0,26.0,0.0,0.0,0.0,0.0
C2_p9__lamarckian__s12,C2_p9__lamarckian,C2_p9,C2,lamarckian,12,100,train,49,1.1020408163265305,14,15,97.44789924509334,0.8125,0.5,300.0,0.0,0.0,280.0,69.0,0.0,0.0,0.0,38.0,0.0,0.0,36.0,25.0,0.0,0.0,0.0,0.0,0.0,0.0,36.0,0.0,0.0,0.0,0.0
C2_p9__lamarckian__s12,C2_p9__lamarckian,C2_p9,C2,lamarckian,12,150,train,50,1.18,17,16,72.69143959996902,0.9166666666666666,0.5,438.0,0.0,0.0,392.0,39.0,0.0,0.0,0.0,65.0,0.0,0.0,26.0,25.0,0.0,0.0,0.0,0.0,0.0,0.0,26.0,0.0,0.0,0.0,0.0
C2_p9__lamarckian__s12,C2_p9__lamarckian,C2_p9,C2,lamarckian,12,200,train,48,1.2083333333333333,19,21,123.20375426839571,0.7708333333333334,0.5,300.0,0.0,0.0,271.0,102.0,0.0,0.0,0.0,38.0,0.0,0.0,32.0,25.0,0.0,0.0,0.0,0.0,0.0,0.0,32.0,0.0,0.0,0.0,0.0
C2_p9__lamarckian__s12,C2_p9__lamarckian,C2_p9,C2,lamarckian,12,250,train,50,1.3,16,14,88.64352421013635,0.8125,0.5,282.0,0.0,0.0,399.0,97.0,0.0,0.0,0.0,48.0,0.0,0.0,19.0,29.0,0.0,0.0,0.0,0.0,0.0,0.0,19.0,0.0,0.0,0.0,0.0
C2_p9__lamarckian__s12,C2_p9__lamarckian,C2_p9,C2,lamarckian,12,300,train,50,1.3,20,20,109.5622251374945,0.7083333333333334,0.5,391.0,0.0,0.0,571.0,84.0,0.0,0.0,0.0,47.0,0.0,0.0,25.0,30.0,0.0,0.0,0.0,0.0,0.0,0.0,25.0,0.0,0.0,0.0,0.0
C2_p9__lamarckian__s12,C2_p9__lamarckian,C2_p9,C2,lamarckian,12,350,train,50,1.52,13,13,118.24240357074254,0.625,0.5,452.0,0.0,0.0,613.0,74.0,0.0,0.0,0.0,50.0,0.0,0.0,20.0,26.0,0.0,0.0,0.0,0.0,0.0,0.0,20.0,0.0,0.0,0.0,0.0
C2_p9__lamarckian__s12,C2_p9__lamarckian,C2_p9,C2,lamarckian,12,400,train,50,1.46,12,12,94.0314142668314,0.8333333333333334,0.5,662.0,0.0,0.0,523.0,75.0,0.0,0.0,0.0,68.0,0.0,0.0,24.0,24.0,0.0,0.0,0.0,0.0,0.0,0.0,24.0,0.0,0.0,0.0,0.0
C2_p9__lamarckian__s12,C2_p9__lamarckian,C2_p9,C2,lamarckian,12,450,train,50,1.38,7,7,66.25645815979433,0.8333333333333334,0.5,558.0,0.0,0.0,539.0,112.0,0.0,0.0,0.0,57.0,0.0,0.0,21.0,25.0,0.0,0.0,0.0,0.0,0.0,0.0,21.0,0.0,0.0,0.0,0.0
C2_p9__lamarckian__s12,C2_p9__lamarckian,C2_p9,C2,lamarckian,12,500,train,50,1.58,17,17,71.60200445672443,0.9166666666666666,0.5,555.0,0.0,0.0,377.0,196.0,0.0,0.0,0.0,65.0,0.0,0.0,20.0,28.0,0.0,0.0,0.0,0.0,0.0,0.0,20.0,0.0,0.0,0.0,0.0
C2_p9__lamarckian__s12,C2_p9__lamarckian,C2_p9,C2,lamarckian,12,550,train,50,1.8,12,12,53.082539062705926,0.875,0.5,397.0,0.0,0.0,400.0,130.0,0.0,0.0,0.0,58.0,0.0,0.0,13.0,32.0,0.0,0.0,0.0,0.0,0.0,0.0,13.0,0.0,0.0,0.0,0.0
C2_p9__lamarckian__s12,C2_p9__lamarckian,C2_p9,C2,lamarckian,12,600,train,50,1.82,6,6,49.473489518071574,0.9166666666666666,0.5,441.0,0.0,0.0,375.0,106.0,0.0,0.0,0.0,67.0,0.0,0.0,11.0,32.0,0.0,0.0,0.0,0.0,0.0,0.0,11.0,0.0,0.0,0.0,0.0
C2_p9__lamarckian__s12,C2_p9__lamarckian,C2_p9,C2,lamarckian,12,650,train,50,1.9,11,11,66.6033261670562,0.9166666666666666,0.5,292.0,0.0,0.0,402.0,156.0,0.0,0.0,0.0,65.0,0.0,0.0,16.0,30.0,0.0,0.0,0.0,0.0,0.0,0.0,16.0,0.0,0.0,0.0,0.0
C2_p9__lamarckian__s12,C2_p9__lamarckian,C2_p9,C2,lamarckian,12,700,train,50,2.0,12,12,50.80099418989317,0.8958333333333334,0.5,287.0,0.0,0.0,406.0,145.0,0.0,0.0,0.0,79.0,0.0,0.0,15.0,28.0,0.0,0.0,0.0,0.0,0.0,0.0,15.0,0.0,0.0,0.0,0.0
C2_p9__lamarckian__s12,C2_p9__lamarckian,C2_p9,C2,lamarckian,12,750,train,50,2.08,7,7,65.37956684571287,0.9166666666666666,0.5,349.0,0.0,0.0,296.0,65.0,0.0,0.0,0.0,73.0,0.0,0.0,9.0,24.0,0.0,0.0,0.0,0.0,0.0,0.0,9.0,0.0,0.0,0.0,0.0
C2_p9__lamarckian__s12,C2_p9__lamarckian,C2_p9,C2,lamarckian,12,800,train,50,2.26,17,17,65.7630948188492,0.9166666666666666,0.5,344.0,0.0,0.0,296.0,83.0,0.0,0.0,0.0,85.0,0.0,0.0,13.0,17.0,0.0,0.0,0.0,0.0,0.0,0.0,13.0,0.0,0.0,0.0,0.0
C2_p9__lamarckian__s12,C2_p9__lamarckian,C2_p9,C2,lamarckian,12,850,train,50,2.2,8,8,101.16642957660397,0.7291666666666666,0.5,365.0,0.0,0.0,307.0,106.0,0.0,0.0,0.0,72.0,0.0,0.0,8.0,32.0,0.0,0.0,0.0,0.0,0.0,0.0,8.0,0.0,0.0,0.0,0.0
C2_p9__lamarckian__s12,C2_p9__lamarckian,C2_p9,C2,lamarckian,12,900,train,50,2.4,16,16,56.520972629565236,0.9791666666666666,0.5,299.0,0.0,0.0,419.0,132.0,0.0,0.0,0.0,76.0,0.0,0.0,17.0,38.0,0.0,0.0,0.0,0.0,0.0,0.0,17.0,0.0,0.0,0.0,0.0
C2_p9__lamarckian__s12,C2_p9__lamarckian,C2_p9,C2,lamarckian,12,950,train,50,2.42,7,7,66.17661199835896,0.8958333333333334,0.5,216.0,0.0,0.0,392.0,98.0,0.0,0.0,0.0,77.0,0.0,0.0,17.0,31.0,0.0,0.0,0.0,0.0,0.0,0.0,17.0,0.0,0.0,0.0,0.0
C2_p9__lamarckian__s12,C2_p9__lamarckian,C2_p9,C2,lamarckian,12,1000,train,50,2.68,10,10,40.98550695023047,0.8958333333333334,0.5,261.0,0.0,0.0,360.0,123.0,0.0,0.0,0.0,91.0,0.0,0.0,16.0,33.0,0.0,0.0,0.0,0.0,0.0,0.0,16.0,0.0,0.0,0.0,0.0
C2_p9__lamarckian__s12,C2_p9__lamarckian,C2_p9,C2,lamarckian,12,1050,train,50,2.88,17,17,57.70143112821651,0.9583333333333334,0.5,165.0,0.0,0.0,316.0,65.0,0.0,0.0,0.0,61.0,0.0,0.0,19.0,26.0,0.0,0.0,0.0,0.0,0.0,0.0,19.0,0.0,0.0,0.0,0.0
C2_p9__lamarckian__s12,C2_p9__lamarckian,C2_p9,C2,lamarckian,12,1100,train,50,2.98,14,14,41.28285286699477,0.9583333333333334,0.5,228.0,0.0,0.0,361.0,59.0,0.0,0.0,0.0,84.0,0.0,0.0,14.0,27.0,0.0,0.0,0.0,0.0,0.0,0.0,14.0,0.0,0.0,0.0,0.0
C2_p9__lamarckian__s12,C2_p9__lamarckian,C2_p9,C2,lamarckian,12,1150,train,45,3.2,8,13,63.15542604545437,0.8958333333333334,0.5,207.0,0.0,0.0,210.0,32.0,0.0,0.0,0.0,86.0,0.0,0.0,9.0,18.0,0.0,0.0,0.0,0.0,0.0,0.0,9.0,0.0,0.0,0.0,0.0
C2_p9__lamarckian__s12,C2_p9__lamarckian,C2_p9,C2,lamarckian,12,1200,train,38,3.3947368421052633,9,16,66.07264427177067,0.9166666666666666,0.5,185.0,0.0,0.0,360.0,80.0,0.0,0.0,0.0,68.0,0.0,0.0,21.0,36.0,0.0,0.0,0.0,0.0,0.0,0.0,21.0,0.0,0.0,0.0,0.0
C2_p9__lamarckian__s12,C2_p9__lamarckian,C2_p9,C2,lamarckian,12,1250,train,40,3.775,9,7,72.45471324345519,0.8958333333333334,0.5,219.0,0.0,0.0,293.0,55.0,0.0,0.0,0.0,82.0,0.0,0.0,12.0,29.0,0.0,0.0,0.0,0.0,0.0,0.0,12.0,0.0,0.0,0.0,0.0
C2_p9__lamarckian__s12,C2_p9__lamarckian,C2_p9,C2,lamarckian,12,1300,train,42,4.214285714285714,14,12,63.95930722976178,0.9791666666666666,0.5,203.0,0.0,0.0,302.0,71.0,0.0,0.0,0.0,77.0,0.0,0.0,17.0,34.0,0.0,0.0,0.0,0.0,0.0,0.0,17.0,0.0,0.0,0.0,0.0
C2_p9__lamarckian__s12,C2_p9__lamarckian,C2_p9,C2,lamarckian,12,1350,train,40,4.4,11,13,45.713643496636784,0.9375,0.5,171.0,0.0,0.0,308.0,80.0,0.0,0.0,0.0,85.0,0.0,0.0,10.0,35.0,0.0,0.0,0.0,0.0,0.0,0.0,10.0,0.0,0.0,0.0,0.0
C2_p9__lamarckian__s12,C2_p9__lamarckian,C2_p9,C2,lamarckian,12,1400,train,44,4.5227272727272725,11,7,53.50984629550219,0.9791666666666666,0.5,182.0,0.0,0.0,304.0,112.0,0.0,0.0,0.0,71.0,0.0,0.0,14.0,39.0,0.0,0.0,0.0,0.0,0.0,0.0,14.0,0.0,0.0,0.0,0.0
C2_p9__lamarckian__s12,C2_p9__lamarckian,C2_p9,C2,lamarckian,12,1450,train,44,4.704545454545454,9,9,39.401572404214356,0.9791666666666666,0.5,185.0,0.0,0.0,370.0,75.0,0.0,0.0,0.0,79.0,0.0,0.0,18.0,31.0,0.0,0.0,0.0,0.0,0.0,0.0,18.0,0.0,0.0,0.0,0.0
C2_p9__lamarckian__s12,C2_p9__lamarckian,C2_p9,C2,lamarckian,12,1500,train,43,4.8604651162790695,11,12,51.008129963410454,0.9375,0.5,217.0,0.0,0.0,424.0,66.0,0.0,0.0,0.0,87.0,0.0,0.0,13.0,37.0,0.0,0.0,0.0,0.0,0.0,0.0,13.0,0.0,0.0,0.0,0.0
C2_p9__lamarckian__s12,C2_p9__lamarckian,C2_p9,C2,lamarckian,12,1550,eval,37,5.378378378378378,7,13,70.56138051687262,0.875,0.5,218.0,0.0,0.0,264.0,54.0,0.0,0.0,38.0,83.0,0.0,0.0,9.0,28.0,0.0,0.0,3.0,0.0,0.0,0.0,9.0,0.0,0.0,0.0,3.0
C2_p9__lamarckian__s12,C2_p9__lamarckian,C2_p9,C2,lamarckian,12,1600,eval,41,5.560975609756097,11,7,65.73125364415593,0.9166666666666666,0.5,246.0,0.0,0.0,214.0,31.0,0.0,0.0,60.0,85.0,0.0,0.0,5.0,23.0,0.0,0.0,3.0,0.0,0.0,0.0,5.0,0.0,0.0,0.0,3.0
C2_p9__lamarckian__s12,C2_p9__lamarckian,C2_p9,C2,lamarckian,12,1650,eval,44,5.795454545454546,13,10,63.14659129732766,0.9166666666666666,0.5,269.0,0.0,0.0,336.0,26.0,0.0,0.0,54.0,79.0,0.0,0.0,13.0,23.0,0.0,0.0,2.0,0.0,0.0,0.0,13.0,0.0,0.0,0.0,2.0
C2_p9__lamarckian__s12,C2_p9__lamarckian,C2_p9,C2,lamarckian,12,1700,eval,50,5.92,10,4,50.13821617612149,0.8958333333333334,0.5,257.0,0.0,0.0,276.0,53.0,0.0,0.0,61.0,81.0,0.0,0.0,5.0,36.0,0.0,0.0,4.0,0.0,0.0,0.0,5.0,0.0,0.0,0.0,4.0
C2_p9__lamarckian__s12,C2_p9__lamarckian,C2_p9,C2,lamarckian,12,1750,eval,50,5.96,6,6,50.510407398943364,0.8958333333333334,0.5,344.0,0.0,0.0,267.0,31.0,0.0,0.0,142.0,94.0,0.0,0.0,7.0,24.0,0.0,0.0,1.0,0.0,0.0,0.0,7.0,0.0,0.0,0.0,1.0
C2_p9__lamarckian__s12,C2_p9__lamarckian,C2_p9,C2,lamarckian,12,1800,eval,36,6.0,7,21,101.9660491134448,0.7708333333333334,0.5,243.0,0.0,0.0,393.0,22.0,0.0,0.0,60.0,77.0,0.0,0.0,11.0,14.0,0.0,0.0,7.0,0.0,0.0,0.0,11.0,0.0,0.0,0.0,7.0
C2_p9__lamarckian__s13,C2_p9__lamarckian,C2_p9,C2,lamarckian,13,50,train,50,1.22,41,11,117.04790484678138,0.7916666666666666,0.5,263.0,0.0,0.0,382.0,14.0,0.0,0.0,0.0,40.0,0.0,0.0,45.0,8.0,0.0,0.0,0.0,0.0,0.0,0.0,45.0,0.0,0.0,0.0,0.0
C2_p9__lamarckian__s13,C2_p9__lamarckian,C2_p9,C2,lamarckian,13,100,train,50,1.26,9,9,85.28943368591857,0.75,0.5,453.0,0.0,0.0,325.0,141.0,0.0,0.0,0.0,49.0,0.0,0.0,25.0,13.0,0.0,0.0,0.0,0.0,0.0,0.0,25.0,0.0,0.0,0.0,0.0
C2_p9__lamarckian__s13,C2_p9__lamarckian,C2_p9,C2,lamarckian,13,150,train,50,1.12,16,16,106.65264326182523,0.7708333333333334,0.5,550.0,0.0,0.0,508.0,136.0,0.0,0.0,0.0,49.0,0.0,0.0,32.0,19.0,0.0,0.0,0.0,0.0,0.0,0.0,32.0,0.0,0.0,0.0,0.0
C2_p9__lamarckian__s13,C2_p9__lamarckian,C2_p9,C2,lamarckian,13,200,train,50,1.44,24,24,63.795723019754746,0.8958333333333334,0.5,441.0,0.0,0.0,405.0,85.0,0.0,0.0,0.0,51.0,0.0,0.0,33.0,15.0,0.0,0.0,0.0,0.0,0.0,0.0,33.0,0.0,0.0,0.0,0.0
C2_p9__lamarckian__s13,C2_p9__lamarckian,C2_p9,C2,lamarckian,13,250,train,50,1.4,12,12,76.80295868973066,0.8333333333333334,0.5,502.0,0.0,0.0,615.0,61.0,0.0,0.0,0.0,70.0,0.0,0.0,14.0,12.0,0.0,0.0,0.0,0.0,0.0,0.0,14.0,0.0,0.0,0.0,0.0
C2_p9__lamarckian__s13,C2_p9__lamarckian,C2_p9,C2,lamarckian,13,300,train,50,1.46,23,23,75.27884605072408,0.8333333333333334,0.5,454.0,0.0,0.0,519.0,63.0,0.0,0.0,0.0,56.0,0.0,0.0,34.0,23.0,0.0,0.0,0.0,0.0,0.0,0.0,34.0,0.0,0.0,0.0,0.0
C2_p9__lamarckian__s13,C2_p9__lamarckian,C2_p9,C2,lamarckian,13,350,train,50,1.5,12,12,68.15987694769274,0.875,0.5,331.0,0.0,0.0,448.0,89.0,0.0,0.0,0.0,73.0,0.0,0.0,22.0,8.0,0.0,0.0,0.0,0.0,0.0,0.0,22.0,0.0,0.0,0.0,0.0
C2_p9__lamarckian__s13,C2_p9__lamarckian,C2_p9,C2,lamarckian,13,400,train,50,1.5,12,12,94.44988634545179,0.75,0.5,346.0,0.0,0.0,480.0,101.0,0.0,0.0,0.0,67.0,0.0,0.0,13.0,13.0,0.0,0.0,0.0,0.0,0.0,0.0,13.0,0.0,0.0,0.0,0.0
C2_p9__lamarckian__s13,C2_p9__lamarckian,C2_p9,C2,lamarckian,13,450,train,50,1.56,14,14,40.716624390089265,0.9583333333333334,0.5,430.0,0.0,0.0,362.0,70.0,0.0,0.0,0.0,90.0,0.0,0.0,23.0,19.0,0.0,0.0,0.0,0.0,0.0,0.0,23.0,0.0,0.0,0.0,0.0
C2_p9__lamarckian__s13,C2_p9__lamarckian,C2_p9,C2,lamarckian,13,500,train,50,1.88,22,22,41.559703282475596,0.9583333333333334,0.5,276.0,0.0,0.0,322.0,70.0,0.0,0.0,0.0,74.0,0.0,0.0,18.0,15.0,0.0,0.0,0.0,0.0,0.0,0.0,18.0,0.0,0.0,0.0,0.0
C2_p9__lamarckian__s13,C2_p9__lamarckian,C2_p9,C2,lamarckian,13,550,train,50,2.24,19,19,59.04170970017859,0.8541666666666666,0.5,271.0,0.0,0.0,339.0,111.0,0.0,0.0,0.0,79.0,0.0,0.0,17.0,19.0,0.0,0.0,0.0,0.0,0.0,0.0,17.0,0.0,0.0,0.0,0.0
C2_p9__lamarckian__s13,C2_p9__lamarckian,C2_p9,C2,lamarckian,13,600,train,39,2.3333333333333335,11,22,54.61737760825511,0.875,0.5,246.0,0.0,0.0,307.0,51.0,0.0,0.0,0.0,81.0,0.0,0.0,19.0,23.0,0.0,0.0,0.0,0.0,0.0,0.0,19.0,0.0,0.0,0.0,0.0
C2_p9__lamarckian__s13,C2_p9__lamarckian,C2_p9,C2,lamarckian,13,650,train,37,2.3513513513513513,14,16,71.19039677770604,0.875,0.5,181.0,0.0,0.0,307.0,48.0,0.0,0.0,0.0,74.0,0.0,0.0,12.0,20.0,0.0,0.0,0.0,0.0,0.0,0.0,12.0,0.0,0.0,0.0,0.0
C2_p9__lamarckian__s13,C2_p9__lamarckian,C2_p9,C2,lamarckian,13,700,train,43,2.488372093023256,16,10,49.16293256815198,0.9791666666666666,0.5,270.0,0.0,0.0,324.0,57.0,0.0,0.0,0.0,98.0,0.0,0.0,10.0,30.0,0.0,0.0,0.0,0.0,0.0,0.0,10.0,0.0,0.0,0.0,0.0
C2_p9__lamarckian__s13,C2_p9__lamarckian,C2_p9,C2,lamarckian,13,750,train,42,2.738095238095238,8,9,49.32813809730644,0.9375,0.5,273.0,0.0,0.0,235.0,29.0,0.0,0.0,0.0,97.0,0.0,0.0,15.0,17.0,0.0,0.0,0.0,0.0,0.0,0.0,15.0,0.0,0.0,0.0,0.0
C2_p9__lamarckian__s13,C2_p9__lamarckian,C2_p9,C2,lamarckian,13,800,train,40,2.825,7,9,62.24396446813037,0.9375,0.5,211.0,0.0,0.0,219.0,51.0,0.0,0.0,0.0,82.0,0.0,0.0,17.0,22.0,0.0,0.0,0.0,0.0,0.0,0.0,17.0,0.0,0.0,0.0,0.0
C2_p9__lamarckian__s13,C2_p9__lamarckian,C2_p9,C2,lamarckian,13,850,train,43,2.9302325581395348,10,7,60.52148168986345,0.9375,0.5,294.0,0.0,0.0,311.0,27.0,0.0,0.0,0.0,103.0,0.0,0.0,9.0,20.0,0.0,0.0,0.0,0.0,0.0,0.0,9.0,0.0,0.0,0.0,0.0
C2_p9__lamarckian__s13,C2_p9__lamarckian,C2_p9,C2,lamarckian,13,900,train,45,3.088888888888889,13,11,87.15508760209754,0.9166666666666666,0.5,218.0,0.0,0.0,402.0,35.0,0.0,0.0,0.0,79.0,0.0,0.0,13.0,19.0,0.0,0.0,0.0,0.0,0.0,0.0,13.0,0.0,0.0,0.0,0.0
C2_p9__lamarckian__s13,C2_p9__lamarckian,C2_p9,C2,lamarckian,13,950,train,45,3.2888888888888888,10,10,46.48339000810522,0.9583333333333334,0.5,339.0,0.0,0.0,412.0,39.0,0.0,0.0,0.0,95.0,0.0,0.0,16.0,24.0,0.0,0.0,0.0,0.0,0.0,0.0,16.0,0.0,0.0,0.0,0.0
C2_p9__lamarckian__s13,C2_p9__lamarckian,C2_p9,C2,lamarckian,13,1000,train,37,3.1621621621621623,5,13,46.899409625936244,0.9791666666666666,0.5,264.0,0.0,0.0,308.0,36.0,0.0,0.0,0.0,96.0,0.0,0.0,14.0,19.0,0.0,0.0,0.0,0.0,0.0,0.0,14.0,0.0,0.0,0.0,0.0
C2_p9__lamarckian__s13,C2_p9__lamarckian,C2_p9,C2,lamarckian,13,1050,train,39,3.4615384615384617,9,7,52.98858890386635,0.9375,0.5,335.0,0.0,0.0,305.0,48.0,0.0,0.0,0.0,101.0,0.0,0.0,7.0,21.0,0.0,0.0,0.0,0.0,0.0,0.0,7.0,0.0,0.0,0.0,0.0
C2_p9__lamarckian__s13,C2_p9__lamarckian,C2_p9,C2,lamarckian,13,1100,train,41,3.4390243902439024,9,7,44.78479694150454,0.9583333333333334,0.5,282.0,0.0,0.0,303.0,37.0,0.0,0.0,0.0,111.0,0.0,0.0,9.0,14.0,0.0,0.0,0.0,0.0,0.0,0.0,9.0,0.0,0.0,0.0,0.0
C2_p9__lamarckian__s13,C2_p9__lamarckian,C2_p9,C2,lamarckian,13,1150,train,36,3.611111111111111,6,11,61.676998705569844,0.9375,0.5,205.0,0.0,0.0,211.0,48.0,0.0,0.0,0.0,89.0,0.0,0.0,4.0,22.0,0.0,0.0,0.0,0.0,0.0,0.0,4.0,0.0,0.0,0.0,0.0
C2_p9__lamarckian__s13,C2_p9__lamarckian,C2_p9,C2,lamarckian,13,1200,train,36,3.861111111111111,12,12,61.2184292840059,0.9375,0.5,192.0,0.0,0.0,288.0,58.0,0.0,0.0,0.0,79.0,0.0,0.0,19.0,21.0,0.0,0.0,0.0,0.0,0.0,0.0,19.0,0.0,0.0,0.0,0.0
C2_p9__lamarckian__s13,C2_p9__lamarckian,C2_p9,C2,lamarckian,13,1250,train,37,4.405405405405405,9,8,42.80138490015521,0.9375,0.5,243.0,0.0,0.0,246.0,52.0,0.0,0.0,0.0,95.0,0.0,0.0,16.0,23.0,0.0,0.0,0.0,0.0,0.0,0.0,16.0,0.0,0.0,0.0,0.0
C2_p9__lamarckian__s13,C2_p9__lamarckian,C2_p9,C2,lamarckian,13,1300,train,36,4.777777777777778,9,10,53.09428183701961,0.9166666666666666,0.5,244.0,0.0,0.0,297.0,45.0,0.0,0.0,0.0,87.0,0.0,0.0,7.0,22.0,0.0,0.0,0.0,0.0,0.0,0.0,7.0,0.0,0.0,0.0,0.0
C2_p9__lamarckian__s13,C2_p9__lamarckian,C2_p9,C2,lamarckian,13,1350,train,38,4.894736842105263,13,11,69.28181914606888,0.8541666666666666,0.5,213.0,0.0,0.0,298.0,37.0,0.0,0.0,0.0,94.0,0.0,0.0,12.0,23.0,0.0,0.0,0.0,0.0,0.0,0.0,12.0,0.0,0.0,0.0,0.0
C2_p9__lamarckian__s13,C2_p9__lamarckian,C2_p9,C2,lamarckian,13,1400,train,36,5.083333333333333,10,12,72.04257033233317,0.9166666666666666,0.5,233.0,0.0,0.0,296.0,33.0,0.0,0.0,0.0,96.0,0.0,0.0,7.0,18.0,0.0,0.0,0.0,0.0,0.0,0.0,7.0,0.0,0.0,0.0,0.0
C2_p9__lamarckian__s13,C2_p9__lamarckian,C2_p9,C2,lamarckian,13,1450,train,42,5.4523809523809526,12,6,43.5388589468555,0.9583333333333334,0.5,190.0,0.0,0.0,271.0,27.0,0.0,0.0,0.0,88.0,0.0,0.0,8.0,16.0,0.0,0.0,0.0,0.0,0.0,0.0,8.0,0.0,0.0,0.0,0.0
C2_p9__lamarckian__s13,C2_p9__lamarckian,C2_p9,C2,lamarckian,13,1500,train,40,5.725,5,7,36.14548538633396,0.9583333333333334,0.5,260.0,0.0,0.0,215.0,50.0,0.0,0.0,0.0,97.0,0.0,0.0,7.0,25.0,0.0,0.0,0.0,0.0,0.0,0.0,7.0,0.0,0.0,0.0,0.0
C2_p9__lamarckian__s13,C2_p9__lamarckian,C2_p9,C2,lamarckian,13,1550,eval,37,5.864864864864865,6,9,50.05335465482725,0.9166666666666666,0.5,247.0,0.0,0.0,301.0,14.0,0.0,0.0,19.0,95.0,0.0,0.0,10.0,11.0,0.0,0.0,3.0,0.0,0.0,0.0,10.0,0.0,0.0,0.0,3.0
C2_p9__lamarckian__s13,C2_p9__lamarckian,C2_p9,C2,lamarckian,13,1600,eval,40,6.175,12,9,39.803243827376434,0.9583333333333334,0.5,223.0,0.0,0.0,195.0,40.0,0.0,0.0,27.0,90.0,0.0,0.0,5.0,22.0,0.0,0.0,1.0,0.0,0.0,0.0,5.0,0.0,0.0,0.0,1.0
C2_p9__lamarckian__s13,C2_p9__lamarckian,C2_p9,C2,lamarckian,13,1650,eval,40,6.275,15,15,35.04740201487837,1.0,0.5,247.0,0.0,0.0,221.0,26.0,0.0,0.0,29.0,93.0,0.0,0.0,11.0,15.0,0.0,0.0,1.0,0.0,0.0,0.0,11.0,0.0,0.0,0.0,1.0
C2_p9__lamarckian__s13,C2_p9__lamarckian,C2_p9,C2,lamarckian,13,1700,eval,33,6.454545454545454,4,11,63.97408781631162,0.9375,0.5,200.0,0.0,0.0,276.0,25.0,0.0,0.0,52.0,73.0,0.0,0.0,10.0,16.0,0.0,0.0,3.0,0.0,0.0,0.0,10.0,0.0,0.0,0.0,3.0
C2_p9__lamarckian__s13,C2_p9__lamarckian,C2_p9,C2,lamarckian,13,1750,eval,34,6.235294117647059,10,9,77.0608114660176,0.8333333333333334,0.5,255.0,0.0,0.0,317.0,42.0,0.0,0.0,34.0,94.0,0.0,0.0,15.0,23.0,0.0,0.0,1.0,0.0,0.0,0.0,15.0,0.0,0.0,0.0,1.0
C2_p9__lamarckian__s13,C2_p9__lamarckian,C2_p9,C2,lamarckian,13,1800,eval,42,6.595238095238095,12,4,66.3655507798918,0.8958333333333334,0.5,283.0,0.0,0.0,237.0,25.0,0.0,0.0,49.0,106.0,0.0,0.0,9.0,10.0,0.0,0.0,5.0,0.0,0.0,0.0,9.0,0.0,0.0,0.0,5.0
C2_p9__lamarckian__s14,C2_p9__lamarckian,C2_p9,C2,lamarckian,14,50,train,43,0.813953488372093,32,9,125.4825182020261,0.7291666666666666,0.5,209.0,0.0,0.0,162.0,140.0,0.0,0.0,0.0,35.0,0.0,0.0,32.0,33.0,0.0,0.0,0.0,0.0,0.0,0.0,32.0,0.0,0.0,0.0,0.0
C2_p9__lamarckian__s14,C2_p9__lamarckian,C2_p9,C2,lamarckian,14,100,train,45,0.9777777777777777,18,16,68.03172758752194,0.8958333333333334,0.5,235.0,0.0,0.0,460.0,93.0,0.0,0.0,0.0,44.0,0.0,0.0,35.0,28.0,0.0,0.0,0.0,0.0,0.0,0.0,35.0,0.0,0.0,0.0,0.0
C2_p9__lamarckian__s14,C2_p9__lamarckian,C2_p9,C2,lamarckian,14,150,train,45,1.0888888888888888,18,18,117.09295239760348,0.7916666666666666,0.5,482.0,0.0,0.0,433.0,128.0,0.0,0.0,0.0,51.0,0.0,0.0,34.0,30.0,0.0,0.0,0.0,0.0,0.0,0.0,34.0,0.0,0.0,0.0,0.0
C2_p9__lamarckian__s14,C2_p9__lamarckian,C2_p9,C2,lamarckian,14,200,train,48,1.125,16,13,113.1273444287139,0.7916666666666666,0.5,577.0,0.0,0.0,382.0,68.0,0.0,0.0,0.0,63.0,0.0,0.0,24.0,34.0,0.0,0.0,0.0,0.0,0.0,0.0,24.0,0.0,0.0,0.0,0.0
C2_p9__lamarckian__s14,C2_p9__lamarckian,C2_p9,C2,lamarckian,14,250,train,50,1.2,7,5,96.8136057872231,0.8125,0.5,436.0,0.0,0.0,593.0,123.0,0.0,0.0,0.0,49.0,0.0,0.0,17.0,33.0,0.0,0.0,0.0,0.0,0.0,0.0,17.0,0.0,0.0,0.0,0.0
C2_p9__lamarckian__s14,C2_p9__lamarckian,C2_p9,C2,lamarckian,14,300,train,50,1.18,3,3,109.54127351757316,0.7291666666666666,0.5,434.0,0.0,0.0,491.0,206.0,0.0,0.0,0.0,62.0,0.0,0.0,15.0,39.0,0.0,0.0,0.0,0.0,0.0,0.0,15.0,0.0,0.0,0.0,0.0
C2_p9__lamarckian__s14,C2_p9__lamarckian,C2_p9,C2,lamarckian,14,350,train,50,1.1,9,9,68.29577701106021,0.8541666666666666,0.5,332.0,0.0,0.0,519.0,202.0,0.0,0.0,0.0,54.0,0.0,0.0,24.0,35.0,0.0,0.0,0.0,0.0,0.0,0.0,24.0,0.0,0.0,0.0,0.0
C2_p9__lamarckian__s14,C2_p9__lamarckian,C2_p9,C2,lamarckian,14,400,train,50,1.06,8,8,90.22323740183002,0.8125,0.5,311.0,0.0,0.0,606.0,64.0,0.0,0.0,0.0,52.0,0.0,0.0,26.0,21.0,0.0,0.0,0.0,0.0,0.0,0.0,26.0,0.0,0.0,0.0,0.0
C2_p9__lamarckian__s14,C2_p9__lamarckian,C2_p9,C2,lamarckian,14,450,train,50,1.08,6,6,48.74694629955035,0.9166666666666666,0.5,422.0,0.0,0.0,566.0,91.0,0.0,0.0,0.0,61.0,0.0,0.0,23.0,25.0,0.0,0.0,0.0,0.0,0.0,0.0,23.0,0.0,0.0,0.0,0.0
C2_p9__lamarckian__s14,C2_p9__lamarckian,C2_p9,C2,lamarckian,14,500,train,50,1.38,11,11,109.85427236481112,0.75,0.5,434.0,0.0,0.0,693.0,100.0,0.0,0.0,0.0,55.0,0.0,0.0,16.0,21.0,0.0,0.0,0.0,0.0,0.0,0.0,16.0,0.0,0.0,0.0,0.0
C2_p9__lamarckian__s14,C2_p9__lamarckian,C2_p9,C2,lamarckian,14,550,train,50,1.6,14,14,83.26863766555267,0.7916666666666666,0.5,229.0,0.0,0.0,477.0,93.0,0.0,0.0,0.0,57.0,0.0,0.0,17.0,32.0,0.0,0.0,0.0,0.0,0.0,0.0,17.0,0.0,0.0,0.0,0.0
C2_p9__lamarckian__s14,C2_p9__lamarckian,C2_p9,C2,lamarckian,14,600,train,50,1.74,10,10,63.63768702423187,0.8541666666666666,0.5,323.0,0.0,0.0,439.0,88.0,0.0,0.0,0.0,74.0,0.0,0.0,7.0,44.0,0.0,0.0,0.0,0.0,0.0,0.0,7.0,0.0,0.0,0.0,0.0
C2_p9__lamarckian__s14,C2_p9__lamarckian,C2_p9,C2,lamarckian,14,650,train,50,1.84,10,10,70.00258678046536,0.875,0.5,269.0,0.0,0.0,385.0,172.0,0.0,0.0,0.0,57.0,0.0,0.0,11.0,44.0,0.0,0.0,0.0,0.0,0.0,0.0,11.0,0.0,0.0,0.0,0.0
C2_p9__lamarckian__s14,C2_p9__lamarckian,C2_p9,C2,lamarckian,14,700,train,50,1.96,13,13,65.79262369959646,0.8958333333333334,0.5,224.0,0.0,0.0,375.0,65.0,0.0,0.0,0.0,61.0,0.0,0.0,11.0,34.0,0.0,0.0,0.0,0.0,0.0,0.0,11.0,0.0,0.0,0.0,0.0
C2_p9__lamarckian__s14,C2_p9__lamarckian,C2_p9,C2,lamarckian,14,750,train,50,1.98,10,10,48.60508183424953,0.9375,0.5,225.0,0.0,0.0,506.0,162.0,0.0,0.0,0.0,64.0,0.0,0.0,16.0,45.0,0.0,0.0,0.0,0.0,0.0,0.0,16.0,0.0,0.0,0.0,0.0
C2_p9__lamarckian__s14,C2_p9__lamarckian,C2_p9,C2,lamarckian,14,800,train,50,2.04,10,10,34.68075713497588,0.9583333333333334,0.5,175.0,0.0,0.0,492.0,153.0,0.0,0.0,0.0,68.0,0.0,0.0,11.0,45.0,0.0,0.0,0.0,0.0,0.0,0.0,11.0,0.0,0.0,0.0,0.0
C2_p9__lamarckian__s14,C2_p9__lamarckian,C2_p9,C2,lamarckian,14,850,train,50,2.04,15,15,51.21660068019733,0.9583333333333334,0.5,220.0,0.0,0.0,465.0,56.0,0.0,0.0,0.0,66.0,0.0,0.0,17.0,34.0,0.0,0.0,0.0,0.0,0.0,0.0,17.0,0.0,0.0,0.0,0.0
C2_p9__lamarckian__s14,C2_p9__lamarckian,C2_p9,C2,lamarckian,14,900,train,50,2.16,16,16,53.94305309994101,0.875,0.5,208.0,0.0,0.0,223.0,60.0,0.0,0.0,0.0,76.0,0.0,0.0,15.0,39.0,0.0,0.0,0.0,0.0,0.0,0.0,15.0,0.0,0.0,0.0,0.0
C2_p9__lamarckian__s14,C2_p9__lamarckian,C2_p9,C2,lamarckian,14,950,train,50,2.2,8,8,68.12635810313122,0.875,0.5,226.0,0.0,0.0,242.0,83.0,0.0,0.0,0.0,74.0,0.0,0.0,9.0,28.0,0.0,0.0,0.0,0.0,0.0,0.0,9.0,0.0,0.0,0.0,0.0
C2_p9__lamarckian__s14,C2_p9__lamarckian,C2_p9,C2,lamarckian,14,1000,train,48,2.4583333333333335,12,14,79.58390304030121,0.8541666666666666,0.5,232.0,0.0,0.0,329.0,75.0,0.0,0.0,0.0,72.0,0.0,0.0,13.0,35.0,0.0,0.0,0.0,0.0,0.0,0.0,13.0,0.0,0.0,0.0,0.0
C2_p9__lamarckian__s14,C2_p9__lamarckian,C2_p9,C2,lamarckian,14,1050,train,49,2.7346938775510203,15,14,64.41972205494524,0.875,0.5,198.0,0.0,0.0,226.0,87.0,0.0,0.0,0.0,68.0,0.0,0.0,9.0,48.0,0.0,0.0,0.0,0.0,0.0,0.0,9.0,0.0,0.0,0.0,0.0
C2_p9__lamarckian__s14,C2_p9__lamarckian,C2_p9,C2,lamarckian,14,1100,train,43,3.046511627906977,9,15,94.50366598930808,0.7916666666666666,0.5,168.0,0.0,0.0,348.0,38.0,0.0,0.0,0.0,73.0,0.0,0.0,14.0,21.0,0.0,0.0,0.0,0.0,0.0,0.0,14.0,0.0,0.0,0.0,0.0
C2_p9__lamarckian__s14,C2_p9__lamarckian,C2_p9,C2,lamarckian,14,1150,train,47,3.276595744680851,12,8,65.12728898750831,0.8958333333333334,0.5,167.0,0.0,0.0,285.0,67.0,0.0,0.0,0.0,73.0,0.0,0.0,7.0,35.0,0.0,0.0,0.0,0.0,0.0,0.0,7.0,0.0,0.0,0.0,0.0
C2_p9__lamarckian__s14,C2_p9__lamarckian,C2_p9,C2,lamarckian,14,1200,train,44,3.5681818181818183,8,11,50.87865112575774,0.9583333333333334,0.5,158.0,0.0,0.0,279.0,54.0,0.0,0.0,0.0,88.0,0.0,0.0,12.0,32.0,0.0,0.0,0.0,0.0,0.0,0.0,12.0,0.0,0.0,0.0,0.0
C2_p9__lamarckian__s14,C2_p9__lamarckian,C2_p9,C2,lamarckian,14,1250,train,39,3.717948717948718,7,12,62.964659197308926,0.8958333333333334,0.5,159.0,0.0,0.0,309.0,77.0,0.0,0.0,0.0,70.0,0.0,0.0,14.0,40.0,0.0,0.0,0.0,0.0,0.0,0.0,14.0,0.0,0.0,0.0,0.0
C2_p9__lamarckian__s14,C2_p9__lamarckian,C2_p9,C2,lamarckian,14,1300,train,40,3.8,11,10,43.66631361370416,0.9791666666666666,0.5,172.0,0.0,0.0,262.0,71.0,0.0,0.0,0.0,83.0,0.0,0.0,9.0,45.0,0.0,0.0,0.0,0.0,0.0,0.0,9.0,0.0,0.0,0.0,0.0
C2_p9__lamarckian__s14,C2_p9__lamarckian,C2_p9,C2,lamarckian,14,1350,train,36,4.111111111111111,5,9,66.70504333423266,0.8958333333333334,0.5,151.0,0.0,0.0,209.0,68.0,0.0,0.0,0.0,73.0,0.0,0.0,10.0,46.0,0.0,0.0,0.0,0.0,0.0,0.0,10.0,0.0,0.0,0.0,0.0
C2_p9__lamarckian__s14,C2_p9__lamarckian,C2_p9,C2,lamarckian,14,1400,train,40,4.35,13,9,75.75180777180208,0.9166666666666666,0.5,146.0,0.0,0.0,263.0,58.0,0.0,0.0,0.0,70.0,0.0,0.0,16.0,35.0,0.0,0.0,0.0,0.0,0.0,0.0,16.0,0.0,0.0,0.0,0.0
C2_p9__lamarckian__s14,C2_p9__lamarckian,C2_p9,C2,lamarckian,14,1450,train,38,4.552631578947368,8,10,64.87897853999947,0.9166666666666666,0.5,148.0,0.0,0.0,218.0,64.0,0.0,0.0,0.0,79.0,0.0,0.0,13.0,36.0,0.0,0.0,0.0,0.0,0.0,0.0,13.0,0.0,0.0,0.0,0.0
C2_p9__lamarckian__s14,C2_p9__lamarckian,C2_p9,C2,lamarckian,14,1500,train,37,4.837837837837838,9,10,55.20544190302105,0.9166666666666666,0.5,162.0,0.0,0.0,330.0,88.0,0.0,0.0,0.0,76.0,0.0,0.0,14.0,47.0,0.0,0.0,0.0,0.0,0.0,0.0,14.0,0.0,0.0,0.0,0.0
C2_p9__lamarckian__s14,C2_p9__lamarckian,C2_p9,C2,lamarckian,14,1550,eval,40,5.05,8,5,57.442159256456804,0.9375,0.5,176.0,0.0,0.0,240.0,63.0,0.0,0.0,41.0,84.0,0.0,0.0,5.0,35.0,0.0,0.0,1.0,0.0,0.0,0.0,5.0,0.0,0.0,0.0,1.0
C2_p9__lamarckian__s14,C2_p9__lamarckian,C2_p9,C2,lamarckian,14,1600,eval,44,5.318181818181818,16,12,39.25685842774975,1.0,0.5,169.0,0.0,0.0,311.0,80.0,0.0,0.0,83.0,69.0,0.0,0.0,12.0,33.0,0.0,0.0,8.0,0.0,0.0,0.0,12.0,0.0,0.0,0.0,8.0
C2_p9__lamarckian__s14,C2_p9__lamarckian,C2_p9,C2,lamarckian,14,1650,eval,40,5.55,9,13,37.92456535200802,1.0,0.5,140.0,0.0,0.0,298.0,81.0,0.0,0.0,107.0,67.0,0.0,0.0,13.0,38.0,0.0,0.0,8.0,0.0,0.0,0.0,13.0,0.0,0.0,0.0,8.0
C2_p9__lamarckian__s14,C2_p9__lamarckian,C2_p9,C2,lamarckian,14,1700,eval,36,5.666666666666667,4,8,51.55348502921314,0.9583333333333334,0.5,201.0,0.0,0.0,173.0,93.0,0.0,0.0,72.0,77.0,0.0,0.0,4.0,32.0,0.0,0.0,4.0,0.0,0.0,0.0,4.0,0.0,0.0,0.0,4.0
C2_p9__lamarckian__s14,C2_p9__lamarckian,C2_p9,C2,lamarckian,14,1750,eval,38,5.868421052631579,11,9,65.37157357326481,0.9583333333333334,0.5,217.0,0.0,0.0,215.0,68.0,0.0,0.0,111.0,75.0,0.0,0.0,6.0,35.0,0.0,0.0,12.0,0.0,0.0,0.0,6.0,0.0,0.0,0.0,12.0
C2_p9__lamarckian__s14,C2_p9__lamarckian,C2_p9,C2,lamarckian,14,1800,eval,44,6.409090909090909,11,5,43.8269246686257,0.9791666666666666,0.5,232.0,0.0,0.0,259.0,82.0,0.0,0.0,77.0,95.0,0.0,0.0,8.0,40.0,0.0,0.0,3.0,0.0,0.0,0.0,8.0,0.0,0.0,0.0,3.0
C2_p9__lamarckian__s15,C2_p9__lamarckian,C2_p9,C2,lamarckian,15,50,train,42,0.8095238095238095,36,14,83.99964968265925,0.875,0.5,244.0,0.0,0.0,257.0,47.0,0.0,0.0,0.0,56.0,0.0,0.0,50.0,18.0,0.0,0.0,0.0,0.0,0.0,0.0,50.0,0.0,0.0,0.0,0.0
C2_p9__lamarckian__s15,C2_p9__lamarckian,C2_p9,C2,lamarckian,15,100,train,50,1.08,21,13,47.141294365114575,0.9166666666666666,0.5,315.0,0.0,0.0,393.0,93.0,0.0,0.0,0.0,56.0,0.0,0.0,26.0,16.0,0.0,0.0,0.0,0.0,0.0,0.0,26.0,0.0,0.0,0.0,0.0
C2_p9__lamarckian__s15,C2_p9__lamarckian,C2_p9,C2,lamarckian,15,150,train,38,1.0789473684210527,10,22,70.54134964409518,0.8541666666666666,0.5,290.0,0.0,0.0,385.0,100.0,0.0,0.0,0.0,55.0,0.0,0.0,32.0,26.0,0.0,0.0,0.0,0.0,0.0,0.0,32.0,0.0,0.0,0.0,0.0
C2_p9__lamarckian__s15,C2_p9__lamarckian,C2_p9,C2,lamarckian,15,200,train,40,1.3,19,17,76.69949439128774,0.8541666666666666,0.5,328.0,0.0,0.0,480.0,82.0,0.0,0.0,0.0,60.0,0.0,0.0,34.0,18.0,0.0,0.0,0.0,0.0,0.0,0.0,34.0,0.0,0.0,0.0,0.0
C2_p9__lamarckian__s15,C2_p9__lamarckian,C2_p9,C2,lamarckian,15,250,train,48,1.3958333333333333,22,14,89.66460344119459,0.8541666666666666,0.5,519.0,0.0,0.0,444.0,177.0,0.0,0.0,0.0,61.0,0.0,0.0,27.0,15.0,0.0,0.0,0.0,0.0,0.0,0.0,27.0,0.0,0.0,0.0,0.0
C2_p9__lamarckian__s15,C2_p9__lamarckian,C2_p9,C2,lamarckian,15,300,train,50,1.32,11,9,87.18932596700317,0.75,0.5,736.0,0.0,0.0,622.0,74.0,0.0,0.0,0.0,74.0,0.0,0.0,23.0,15.0,0.0,0.0,0.0,0.0,0.0,0.0,23.0,0.0,0.0,0.0,0.0
C2_p9__lamarckian__s15,C2_p9__lamarckian,C2_p9,C2,lamarckian,15,350,train,50,1.24,6,6,59.25031599094361,0.9375,0.5,587.0,0.0,0.0,389.0,68.0,0.0,0.0,0.0,85.0,0.0,0.0,11.0,7.0,0.0,0.0,0.0,0.0,0.0,0.0,11.0,0.0,0.0,0.0,0.0
C2_p9__lamarckian__s15,C2_p9__lamarckian,C2_p9,C2,lamarckian,15,400,train,50,1.18,10,10,83.99440011667198,0.7708333333333334,0.5,486.0,0.0,0.0,531.0,171.0,0.0,0.0,0.0,69.0,0.0,0.0,17.0,17.0,0.0,0.0,0.0,0.0,0.0,0.0,17.0,0.0,0.0,0.0,0.0
C2_p9__lamarckian__s15,C2_p9__lamarckian,C2_p9,C2,lamarckian,15,450,train,50,1.2,5,5,90.49748705765649,0.8333333333333334,0.5,490.0,0.0,0.0,506.0,149.0,0.0,0.0,0.0,78.0,0.0,0.0,13.0,15.0,0.0,0.0,0.0,0.0,0.0,0.0,13.0,0.0,0.0,0.0,0.0
C2_p9__lamarckian__s15,C2_p9__lamarckian,C2_p9,C2,lamarckian,15,500,train,50,1.42,15,15,81.12143434829844,0.7916666666666666,0.5,541.0,0.0,0.0,463.0,152.0,0.0,0.0,0.0,89.0,0.0,0.0,19.0,18.0,0.0,0.0,0.0,0.0,0.0,0.0,19.0,0.0,0.0,0.0,0.0
C2_p9__lamarckian__s15,C2_p9__lamarckian,C2_p9,C2,lamarckian,15,550,train,50,1.66,17,17,46.79273062036737,0.8958333333333334,0.5,317.0,0.0,0.0,366.0,65.0,0.0,0.0,0.0,74.0,0.0,0.0,22.0,18.0,0.0,0.0,0.0,0.0,0.0,0.0,22.0,0.0,0.0,0.0,0.0
C2_p9__lamarckian__s15,C2_p9__lamarckian,C2_p9,C2,lamarckian,15,600,train,50,1.94,15,15,54.2085264452682,0.9375,0.5,190.0,0.0,0.0,240.0,40.0,0.0,0.0,0.0,72.0,0.0,0.0,13.0,11.0,0.0,0.0,0.0,0.0,0.0,0.0,13.0,0.0,0.0,0.0,0.0
C2_p9__lamarckian__s15,C2_p9__lamarckian,C2_p9,C2,lamarckian,15,650,train,50,2.06,12,12,61.23741111651263,0.8541666666666666,0.5,265.0,0.0,0.0,392.0,47.0,0.0,0.0,0.0,77.0,0.0,0.0,12.0,22.0,0.0,0.0,0.0,0.0,0.0,0.0,12.0,0.0,0.0,0.0,0.0
C2_p9__lamarckian__s15,C2_p9__lamarckian,C2_p9,C2,lamarckian,15,700,train,50,2.22,21,21,69.87540693514018,0.875,0.5,246.0,0.0,0.0,348.0,76.0,0.0,0.0,0.0,77.0,0.0,0.0,13.0,12.0,0.0,0.0,0.0,0.0,0.0,0.0,13.0,0.0,0.0,0.0,0.0
C2_p9__lamarckian__s15,C2_p9__lamarckian,C2_p9,C2,lamarckian,15,750,train,48,2.2916666666666665,17,19,52.28184813230218,0.8958333333333334,0.5,220.0,0.0,0.0,335.0,89.0,0.0,0.0,0.0,70.0,0.0,0.0,17.0,16.0,0.0,0.0,0.0,0.0,0.0,0.0,17.0,0.0,0.0,0.0,0.0
C2_p9__lamarckian__s15,C2_p9__lamarckian,C2_p9,C2,lamarckian,15,800,train,33,2.606060606060606,5,20,73.73568774686817,0.8958333333333334,0.5,239.0,0.0,0.0,307.0,61.0,0.0,0.0,0.0,73.0,0.0,0.0,15.0,25.0,0.0,0.0,0.0,0.0,0.0,0.0,15.0,0.0,0.0,0.0,0.0
C2_p9__lamarckian__s15,C2_p9__lamarckian,C2_p9,C2,lamarckian,15,850,train,43,3.2093023255813953,21,11,33.474946786485816,0.9791666666666666,0.5,331.0,0.0,0.0,446.0,62.0,0.0,0.0,0.0,97.0,0.0,0.0,20.0,19.0,0.0,0.0,0.0,0.0,0.0,0.0,20.0,0.0,0.0,0.0,0.0
C2_p9__lamarckian__s15,C2_p9__lamarckian,C2_p9,C2,lamarckian,15,900,train,37,3.5945945945945947,6,12,51.59477896475115,0.9791666666666666,0.5,234.0,0.0,0.0,261.0,103.0,0.0,0.0,0.0,87.0,0.0,0.0,11.0,22.0,0.0,0.0,0.0,0.0,0.0,0.0,11.0,0.0,0.0,0.0,0.0
C2_p9__lamarckian__s15,C2_p9__lamarckian,C2_p9,C2,lamarckian,15,950,train,43,3.9069767441860463,12,6,62.01611206884808,0.9375,0.5,312.0,0.0,0.0,290.0,50.0,0.0,0.0,0.0,100.0,0.0,0.0,8.0,14.0,0.0,0.0,0.0,0.0,0.0,0.0,8.0,0.0,0.0,0.0,0.0
C2_p9__lamarckian__s15,C2_p9__lamarckian,C2_p9,C2,lamarckian,15,1000,train,42,4.023809523809524,8,9,47.358662461532006,0.9583333333333334,0.5,307.0,0.0,0.0,275.0,47.0,0.0,0.0,0.0,101.0,0.0,0.0,9.0,18.0,0.0,0.0,0.0,0.0,0.0,0.0,9.0,0.0,0.0,0.0,0.0
C2_p9__lamarckian__s15,C2_p9__lamarckian,C2_p9,C2,lamarckian,15,1050,train,47,4.404255319148936,14,9,82.2344964793159,0.8333333333333334,0.5,249.0,0.0,0.0,369.0,46.0,0.0,0.0,0.0,83.0,0.0,0.0,11.0,20.0,0.0,0.0,0.0,0.0,0.0,0.0,11.0,0.0,0.0,0.0,0.0
C2_p9__lamarckian__s15,C2_p9__lamarckian,C2_p9,C2,lamarckian,15,1100,train,42,4.357142857142857,13,18,50.631193491480886,0.9375,0.5,241.0,0.0,0.0,267.0,94.0,0.0,0.0,0.0,97.0,0.0,0.0,16.0,27.0,0.0,0.0,0.0,0.0,0.0,0.0,16.0,0.0,0.0,0.0,0.0
C2_p9__lamarckian__s15,C2_p9__lamarckian,C2_p9,C2,lamarckian,15,1150,train,39,4.589743589743589,7,10,66.583426064897,0.8333333333333334,0.5,275.0,0.0,0.0,266.0,51.0,0.0,0.0,0.0,88.0,0.0,0.0,10.0,21.0,0.0,0.0,0.0,0.0,0.0,0.0,10.0,0.0,0.0,0.0,0.0
C2_p9__lamarckian__s15,C2_p9__lamarckian,C2_p9,C2,lamarckian,15,1200,train,42,4.738095238095238,11,8,50.792202933772586,0.9375,0.5,304.0,0.0,0.0,390.0,75.0,0.0,0.0,0.0,98.0,0.0,0.0,12.0,23.0,0.0,0.0,0.0,0.0,0.0,0.0,12.0,0.0,0.0,0.0,0.0
C2_p9__lamarckian__s15,C2_p9__lamarckian,C2_p9,C2,lamarckian,15,1250,train,39,5.051282051282051,7,10,46.004829478718506,0.8958333333333334,0.5,201.0,0.0,0.0,324.0,88.0,0.0,0.0,0.0,89.0,0.0,0.0,4.0,22.0,0.0,0.0,0.0,0.0,0.0,0.0,4.0,0.0,0.0,0.0,0.0
C2_p9__lamarckian__s15,C2_p9__lamarckian,C2_p9,C2,lamarckian,15,1300,train,41,5.512195121951219,11,9,53.12878165153456,0.9375,0.5,167.0,0.0,0.0,323.0,51.0,0.0,0.0,0.0,82.0,0.0,0.0,12.0,20.0,0.0,0.0,0.0,0.0,0.0,0.0,12.0,0.0,0.0,0.0,0.0
C2_p9__lamarckian__s15,C2_p9__lamarckian,C2_p9,C2,lamarckian,15,1350,train,34,5.5588235294117645,11,18,59.51276719946822,0.9791666666666666,0.5,205.0,0.0,0.0,277.0,70.0,0.0,0.0,0.0,89.0,0.0,0.0,16.0,21.0,0.0,0.0,0.0,0.0,0.0,0.0,16.0,0.0,0.0,0.0,0.0
C2_p9__lamarckian__s15,C2_p9__lamarckian,C2_p9,C2,lamarckian,15,1400,train,48,5.979166666666667,19,5,44.7977836776849,0.9791666666666666,0.5,240.0,0.0,0.0,333.0,79.0,0.0,0.0,0.0,105.0,0.0,0.0,14.0,22.0,0.0,0.0,0.0,0.0,0.0,0.0,14.0,0.0,0.0,0.0,0.0
C2_p9__lamarckian__s15,C2_p9__lamarckian,C2_p9,C2,lamarckian,15,1450,train,46,6.086956521739131,8,10,40.84814569017804,0.9791666666666666,0.5,206.0,0.0,0.0,258.0,51.0,0.0,0.0,0.0,93.0,0.0,0.0,13.0,15.0,0.0,0.0,0.0,0.0,0.0,0.0,13.0,0.0,0.0,0.0,0.0
C2_p9__lamarckian__s15,C2_p9__lamarckian,C2_p9,C2,lamarckian,15,1500,train,43,6.232558139534884,4,7,58.73269139493401,0.8958333333333334,0.5,177.0,0.0,0.0,255.0,39.0,0.0,0.0,0.0,90.0,0.0,0.0,8.0,19.0,0.0,0.0,0.0,0.0,0.0,0.0,8.0,0.0,0.0,0.0,0.0
C2_p9__lamarckian__s15,C2_p9__lamarckian,C2_p9,C2,lamarckian,15,1550,eval,39,6.6923076923076925,16,20,41.93984635599615,0.9583333333333334,0.5,224.0,0.0,0.0,344.0,50.0,0.0,0.0,48.0,91.0,0.0,0.0,14.0,15.0,0.0,0.0,2.0,0.0,0.0,0.0,14.0,0.0,0.0,0.0,2.0
C2_p9__lamarckian__s15,C2_p9__lamarckian,C2_p9,C2,lamarckian,15,1600,eval,35,6.714285714285714,7,11,59.84733400634592,0.9375,0.5,298.0,0.0,0.0,278.0,37.0,0.0,0.0,46.0,92.0,0.0,0.0,15.0,17.0,0.0,0.0,0.0,0.0,0.0,0.0,15.0,0.0,0.0,0.0,0.0
C2_p9__lamarckian__s15,C2_p9__lamarckian,C2_p9,C2,lamarckian,15,1650,eval,44,6.840909090909091,18,9,34.01280905045932,0.9791666666666666,0.5,365.0,0.0,0.0,339.0,55.0,0.0,0.0,24.0,100.0,0.0,0.0,15.0,21.0,0.0,0.0,1.0,0.0,0.0,0.0,15.0,0.0,0.0,0.0,1.0
C2_p9__lamarckian__s15,C2_p9__lamarckian,C2_p9,C2,lamarckian,15,1700,eval,34,7.117647058823529,4,14,54.843980677426934,0.9166666666666666,0.5,274.0,0.0,0.0,248.0,20.0,0.0,0.0,37.0,94.0,0.0,0.0,11.0,15.0,0.0,0.0,0.0,0.0,0.0,0.0,11.0,0.0,0.0,0.0,0.0
C2_p9__lamarckian__s15,C2_p9__lamarckian,C2_p9,C2,lamarckian,15,1750,eval,37,7.4324324324324325,12,9,37.980450936964274,1.0,0.5,228.0,0.0,0.0,319.0,26.0,0.0,0.0,26.0,95.0,0.0,0.0,11.0,13.0,0.0,0.0,2.0,0.0,0.0,0.0,11.0,0.0,0.0,0.0,2.0
C2_p9__lamarckian__s15,C2_p9__lamarckian,C2_p9,C2,lamarckian,15,1800,eval,34,7.5,8,11,50.174905341877,0.9166666666666666,0.5,263.0,0.0,0.0,266.0,31.0,0.0,0.0,57.0,94.0,0.0,0.0,7.0,13.0,0.0,0.0,1.0,0.0,0.0,0.0,7.0,0.0,0.0,0.0,1.0
C2_p9__lamarckian__s16,C2_p9__lamarckian,C2_p9,C2,lamarckian,16,50,train,50,0.86,37,7,90.18799355400209,0.7708333333333334,0.5,301.0,0.0,0.0,256.0,88.0,0.0,0.0,0.0,43.0,0.0,0.0,35.0,22.0,0.0,0.0,0.0,0.0,0.0,0.0,35.0,0.0,0.0,0.0,0.0
C2_p9__lamarckian__s16,C2_p9__lamarckian,C2_p9,C2,lamarckian,16,100,train,49,1.0816326530612246,21,22,105.8847426184642,0.7708333333333334,0.5,394.0,0.0,0.0,381.0,71.0,0.0,0.0,0.0,43.0,0.0,0.0,39.0,18.0,0.0,0.0,0.0,0.0,0.0,0.0,39.0,0.0,0.0,0.0,0.0
C2_p9__lamarckian__s16,C2_p9__lamarckian,C2_p9,C2,lamarckian,16,150,train,50,1.22,18,17,93.67219086655852,0.8125,0.5,475.0,0.0,0.0,605.0,60.0,0.0,0.0,0.0,52.0,0.0,0.0,32.0,17.0,0.0,0.0,0.0,0.0,0.0,0.0,32.0,0.0,0.0,0.0,0.0
C2_p9__lamarckian__s16,C2_p9__lamarckian,C2_p9,C2,lamarckian,16,200,train,50,1.36,17,17,106.81227703850016,0.7916666666666666,0.5,654.0,0.0,0.0,523.0,87.0,0.0,0.0,0.0,61.0,0.0,0.0,31.0,13.0,0.0,0.0,0.0,0.0,0.0,0.0,31.0,0.0,0.0,0.0,0.0
C2_p9__lamarckian__s16,C2_p9__lamarckian,C2_p9,C2,lamarckian,16,250,train,50,1.36,12,12,102.39896533188285,0.7083333333333334,0.5,601.0,0.0,0.0,693.0,85.0,0.0,0.0,0.0,50.0,0.0,0.0,29.0,22.0,0.0,0.0,0.0,0.0,0.0,0.0,29.0,0.0,0.0,0.0,0.0
C2_p9__lamarckian__s16,C2_p9__lamarckian,C2_p9,C2,lamarckian,16,300,train,50,1.26,12,12,146.64044110182402,0.5833333333333334,0.5,602.0,0.0,0.0,590.0,116.0,0.0,0.0,0.0,54.0,0.0,0.0,29.0,7.0,0.0,0.0,0.0,0.0,0.0,0.0,29.0,0.0,0.0,0.0,0.0
C2_p9__lamarckian__s16,C2_p9__lamarckian,C2_p9,C2,lamarckian,16,350,train,50,1.24,8,8,112.00061609659875,0.6875,0.5,513.0,0.0,0.0,479.0,337.0,0.0,0.0,0.0,53.0,0.0,0.0,22.0,14.0,0.0,0.0,0.0,0.0,0.0,0.0,22.0,0.0,0.0,0.0,0.0
C2_p9__lamarckian__s16,C2_p9__lamarckian,C2_p9,C2,lamarckian,16,400,train,50,1.24,6,6,102.00860022094147,0.6875,0.5,562.0,0.0,0.0,574.0,127.0,0.0,0.0,0.0,70.0,0.0,0.0,12.0,20.0,0.0,0.0,0.0,0.0,0.0,0.0,12.0,0.0,0.0,0.0,0.0
C2_p9__lamarckian__s16,C2_p9__lamarckian,C2_p9,C2,lamarckian,16,450,train,50,1.24,2,2,94.44298075658297,0.7083333333333334,0.5,529.0,0.0,0.0,636.0,58.0,0.0,0.0,0.0,61.0,0.0,0.0,21.0,16.0,0.0,0.0,0.0,0.0,0.0,0.0,21.0,0.0,0.0,0.0,0.0
C2_p9__lamarckian__s16,C2_p9__lamarckian,C2_p9,C2,lamarckian,16,500,train,50,1.34,6,6,61.365803969813896,0.8333333333333334,0.5,481.0,0.0,0.0,509.0,103.0,0.0,0.0,0.0,90.0,0.0,0.0,12.0,19.0,0.0,0.0,0.0,0.0,0.0,0.0,12.0,0.0,0.0,0.0,0.0
C2_p9__lamarckian__s16,C2_p9__lamarckian,C2_p9,C2,lamarckian,16,550,train,50,1.58,14,14,83.42593337383377,0.8125,0.5,303.0,0.0,0.0,399.0,71.0,0.0,0.0,0.0,68.0,0.0,0.0,10.0,21.0,0.0,0.0,0.0,0.0,0.0,0.0,10.0,0.0,0.0,0.0,0.0
C2_p9__lamarckian__s16,C2_p9__lamarckian,C2_p9,C2,lamarckian,16,600,train,50,1.76,17,17,79.41036844326658,0.7916666666666666,0.5,379.0,0.0,0.0,472.0,93.0,0.0,0.0,0.0,61.0,0.0,0.0,22.0,24.0,0.0,0.0,0.0,0.0,0.0,0.0,22.0,0.0,0.0,0.0,0.0
C2_p9__lamarckian__s16,C2_p9__lamarckian,C2_p9,C2,lamarckian,16,650,train,50,1.94,15,15,72.2154499713271,0.8958333333333334,0.5,376.0,0.0,0.0,566.0,75.0,0.0,0.0,0.0,75.0,0.0,0.0,23.0,22.0,0.0,0.0,0.0,0.0,0.0,0.0,23.0,0.0,0.0,0.0,0.0
C2_p9__lamarckian__s16,C2_p9__lamarckian,C2_p9,C2,lamarckian,16,700,train,50,2.18,17,17,49.26611509440978,0.9375,0.5,409.0,0.0,0.0,420.0,57.0,0.0,0.0,0.0,80.0,0.0,0.0,21.0,22.0,0.0,0.0,0.0,0.0,0.0,0.0,21.0,0.0,0.0,0.0,0.0
C2_p9__lamarckian__s16,C2_p9__lamarckian,C2_p9,C2,lamarckian,16,750,train,50,2.3,15,15,65.9861194479767,0.9166666666666666,0.5,320.0,0.0,0.0,327.0,74.0,0.0,0.0,0.0,54.0,0.0,0.0,17.0,28.0,0.0,0.0,0.0,0.0,0.0,0.0,17.0,0.0,0.0,0.0,0.0
C2_p9__lamarckian__s16,C2_p9__lamarckian,C2_p9,C2,lamarckian,16,800,train,50,2.36,18,18,57.83375202725171,0.9166666666666666,0.5,370.0,0.0,0.0,383.0,54.0,0.0,0.0,0.0,84.0,0.0,0.0,18.0,27.0,0.0,0.0,0.0,0.0,0.0,0.0,18.0,0.0,0.0,0.0,0.0
C2_p9__lamarckian__s16,C2_p9__lamarckian,C2_p9,C2,lamarckian,16,850,train,50,2.64,16,16,49.57209174837321,0.8958333333333334,0.5,281.0,0.0,0.0,409.0,60.0,0.0,0.0,0.0,74.0,0.0,0.0,11.0,30.0,0.0,0.0,0.0,0.0,0.0,0.0,11.0,0.0,0.0,0.0,0.0
C2_p9__lamarckian__s16,C2_p9__lamarckian,C2_p9,C2,lamarckian,16,900,train,48,2.6875,13,15,58.4625824450424,0.9583333333333334,0.5,267.0,0.0,0.0,411.0,88.0,0.0,0.0,0.0,71.0,0.0,0.0,20.0,25.0,0.0,0.0,0.0,0.0,0.0,0.0,20.0,0.0,0.0,0.0,0.0
C2_p9__lamarckian__s16,C2_p9__lamarckian,C2_p9,C2,lamarckian,16,950,train,42,2.761904761904762,7,13,74.90468954341895,0.875,0.5,261.0,0.0,0.0,402.0,60.0,0.0,0.0,0.0,86.0,0.0,0.0,17.0,26.0,0.0,0.0,0.0,0.0,0.0,0.0,17.0,0.0,0.0,0.0,0.0
C2_p9__lamarckian__s16,C2_p9__lamarckian,C2_p9,C2,lamarckian,16,1000,train,45,2.9555555555555557,9,6,54.508236436812965,0.9375,0.5,334.0,0.0,0.0,367.0,50.0,0.0,0.0,0.0,104.0,0.0,0.0,13.0,30.0,0.0,0.0,0.0,0.0,0.0,0.0,13.0,0.0,0.0,0.0,0.0
C2_p9__lamarckian__s16,C2_p9__lamarckian,C2_p9,C2,lamarckian,16,1050,train,44,3.159090909090909,9,10,55.167133301793896,0.9375,0.5,321.0,0.0,0.0,403.0,43.0,0.0,0.0,0.0,95.0,0.0,0.0,16.0,21.0,0.0,0.0,0.0,0.0,0.0,0.0,16.0,0.0,0.0,0.0,0.0
C2_p9__lamarckian__s16,C2_p9__lamarckian,C2_p9,C2,lamarckian,16,1100,train,39,3.4615384615384617,7,12,65.93928147022672,0.875,0.5,190.0,0.0,0.0,341.0,75.0,0.0,0.0,0.0,81.0,0.0,0.0,15.0,23.0,0.0,0.0,0.0,0.0,0.0,0.0,15.0,0.0,0.0,0.0,0.0
C2_p9__lamarckian__s16,C2_p9__lamarckian,C2_p9,C2,lamarckian,16,1150,train,35,3.7714285714285714,10,14,63.57522118555584,0.875,0.5,176.0,0.0,0.0,260.0,51.0,0.0,0.0,0.0,86.0,0.0,0.0,11.0,20.0,0.0,0.0,0.0,0.0,0.0,0.0,11.0,0.0,0.0,0.0,0.0
C2_p9__lamarckian__s16,C2_p9__lamarckian,C2_p9,C2,lamarckian,16,1200,train,42,4.190476190476191,18,11,93.98956301772992,0.7916666666666666,0.5,161.0,0.0,0.0,314.0,53.0,0.0,0.0,0.0,67.0,0.0,0.0,17.0,27.0,0.0,0.0,0.0,0.0,0.0,0.0,17.0,0.0,0.0,0.0,0.0
C2_p9__lamarckian__s16,C2_p9__lamarckian,C2_p9,C2,lamarckian,16,1250,train,45,4.444444444444445,11,8,67.29931671125152,0.8541666666666666,0.5,219.0,0.0,0.0,259.0,69.0,0.0,0.0,0.0,95.0,0.0,0.0,14.0,26.0,0.0,0.0,0.0,0.0,0.0,0.0,14.0,0.0,0.0,0.0,0.0
C2_p9__lamarckian__s16,C2_p9__lamarckian,C2_p9,C2,lamarckian,16,1300,train,41,4.536585365853658,13,17,59.77451016708508,0.8958333333333334,0.5,201.0,0.0,0.0,299.0,76.0,0.0,0.0,0.0,82.0,0.0,0.0,10.0,29.0,0.0,0.0,0.0,0.0,0.0,0.0,10.0,0.0,0.0,0.0,0.0
C2_p9__lamarckian__s16,C2_p9__lamarckian,C2_p9,C2,lamarckian,16,1350,train,44,4.818181818181818,15,12,44.28405395231481,0.9583333333333334,0.5,228.0,0.0,0.0,208.0,74.0,0.0,0.0,0.0,80.0,0.0,0.0,8.0,28.0,0.0,0.0,0.0,0.0,0.0,0.0,8.0,0.0,0.0,0.0,0.0
C2_p9__lamarckian__s16,C2_p9__lamarckian,C2_p9,C2,lamarckian,16,1400,train,37,4.972972972972973,4,11,44.31633903759146,0.9375,0.5,252.0,0.0,0.0,262.0,75.0,0.0,0.0,0.0,94.0,0.0,0.0,9.0,26.0,0.0,0.0,0.0,0.0,0.0,0.0,9.0,0.0,0.0,0.0,0.0
C2_p9__lamarckian__s16,C2_p9__lamarckian,C2_p9,C2,lamarckian,16,1450,train,42,5.261904761904762,11,6,43.331060740129416,0.9375,0.5,234.0,0.0,0.0,250.0,44.0,0.0,0.0,0.0,94.0,0.0,0.0,11.0,24.0,0.0,0.0,0.0,0.0,0.0,0.0,11.0,0.0,0.0,0.0,0.0
C2_p9__lamarckian__s16,C2_p9__lamarckian,C2_p9,C2,lamarckian,16,1500,train,37,5.513513513513513,7,12,63.07215636657682,0.875,0.5,185.0,0.0,0.0,258.0,45.0,0.0,0.0,0.0,79.0,0.0,0.0,12.0,25.0,0.0,0.0,0.0,0.0,0.0,0.0,12.0,0.0,0.0,0.0,0.0
C2_p9__lamarckian__s16,C2_p9__lamarckian,C2_p9,C2,lamarckian,16,1550,eval,40,5.875,13,10,57.84557788174969,0.9375,0.5,211.0,0.0,0.0,368.0,30.0,0.0,0.0,41.0,87.0,0.0,0.0,11.0,19.0,0.0,0.0,3.0,0.0,0.0,0.0,11.0,0.0,0.0,0.0,3.0
C2_p9__lamarckian__s16,C2_p9__lamarckian,C2_p9,C2,lamarckian,16,1600,eval,36,6.138888888888889,8,12,63.10033414816418,0.9791666666666666,0.5,229.0,0.0,0.0,387.0,31.0,0.0,0.0,100.0,82.0,0.0,0.0,19.0,22.0,0.0,0.0,1.0,0.0,0.0,0.0,19.0,0.0,0.0,0.0,1.0
C2_p9__lamarckian__s16,C2_p9__lamarckian,C2_p9,C2,lamarckian,16,1650,eval,35,6.057142857142857,9,10,53.15003641556798,0.9791666666666666,0.5,314.0,0.0,0.0,267.0,23.0,0.0,0.0,77.0,108.0,0.0,0.0,9.0,17.0,0.0,0.0,3.0,0.0,0.0,0.0,9.0,0.0,0.0,0.0,3.0
C2_p9__lamarckian__s16,C2_p9__lamarckian,C2_p9,C2,lamarckian,16,1700,eval,40,6.175,11,6,54.62970755321096,0.9375,0.5,281.0,0.0,0.0,380.0,24.0,0.0,0.0,155.0,104.0,0.0,0.0,15.0,18.0,0.0,0.0,4.0,0.0,0.0,0.0,15.0,0.0,0.0,0.0,4.0
C2_p9__lamarckian__s16,C2_p9__lamarckian,C2_p9,C2,lamarckian,16,1750,eval,44,6.454545454545454,13,9,73.54673462544213,0.8541666666666666,0.5,352.0,0.0,0.0,379.0,40.0,0.0,0.0,119.0,99.0,0.0,0.0,13.0,20.0,0.0,0.0,3.0,0.0,0.0,0.0,13.0,0.0,0.0,0.0,3.0
C2_p9__lamarckian__s16,C2_p9__lamarckian,C2_p9,C2,lamarckian,16,1800,eval,39,6.846153846153846,9,14,57.88817451446795,0.9583333333333334,0.5,285.0,0.0,0.0,389.0,34.0,0.0,0.0,65.0,100.0,0.0,0.0,16.0,19.0,0.0,0.0,2.0,0.0,0.0,0.0,16.0,0.0,0.0,0.0,2.0
C2_p9__lamarckian__s17,C2_p9__lamarckian,C2_p9,C2,lamarckian,17,50,train,50,0.74,30,0,79.67872861229941,0.8333333333333334,0.5,255.0,0.0,0.0,246.0,177.0,0.0,0.0,0.0,53.0,0.0,0.0,20.0,33.0,0.0,0.0,0.0,0.0,0.0,0.0,20.0,0.0,0.0,0.0,0.0
C2_p9__lamarckian__s17,C2_p9__lamarckian,C2_p9,C2,lamarckian,17,100,train,50,0.82,8,8,74.16156452685571,0.8333333333333334,0.5,386.0,0.0,0.0,322.0,107.0,0.0,0.0,0.0,58.0,0.0,0.0,22.0,25.0,0.0,0.0,0.0,0.0,0.0,0.0,22.0,0.0,0.0,0.0,0.0
C2_p9__lamarckian__s17,C2_p9__lamarckian,C2_p9,C2,lamarckian,17,150,train,50,0.9,15,15,111.40311562930891,0.7916666666666666,0.5,315.0,0.0,0.0,418.0,100.0,0.0,0.0,0.0,54.0,0.0,0.0,24.0,18.0,0.0,0.0,0.0,0.0,0.0,0.0,24.0,0.0,0.0,0.0,0.0
C2_p9__lamarckian__s17,C2_p9__lamarckian,C2_p9,C2,lamarckian,17,200,train,50,1.04,10,10,83.03062456646697,0.875,0.5,434.0,0.0,0.0,287.0,123.0,0.0,0.0,0.0,57.0,0.0,0.0,16.0,28.0,0.0,0.0,0.0,0.0,0.0,0.0,16.0,0.0,0.0,0.0,0.0
C2_p9__lamarckian__s17,C2_p9__lamarckian,C2_p9,C2,lamarckian,17,250,train,50,1.06,13,13,55.493939079031726,0.9166666666666666,0.5,365.0,0.0,0.0,349.0,86.0,0.0,0.0,0.0,52.0,0.0,0.0,24.0,33.0,0.0,0.0,0.0,0.0,0.0,0.0,24.0,0.0,0.0,0.0,0.0
C2_p9__lamarckian__s17,C2_p9__lamarckian,C2_p9,C2,lamarckian,17,300,train,50,1.06,9,9,67.90415558331573,0.9375,0.5,503.0,0.0,0.0,465.0,85.0,0.0,0.0,0.0,66.0,0.0,0.0,19.0,27.0,0.0,0.0,0.0,0.0,0.0,0.0,19.0,0.0,0.0,0.0,0.0
C2_p9__lamarckian__s17,C2_p9__lamarckian,C2_p9,C2,lamarckian,17,350,train,50,1.06,11,11,59.376904210026716,0.8958333333333334,0.5,328.0,0.0,0.0,266.0,77.0,0.0,0.0,0.0,63.0,0.0,0.0,13.0,32.0,0.0,0.0,0.0,0.0,0.0,0.0,13.0,0.0,0.0,0.0,0.0
C2_p9__lamarckian__s17,C2_p9__lamarckian,C2_p9,C2,lamarckian,17,400,train,50,1.06,4,4,46.8908903928551,0.9583333333333334,0.5,332.0,0.0,0.0,362.0,137.0,0.0,0.0,0.0,68.0,0.0,0.0,21.0,35.0,0.0,0.0,0.0,0.0,0.0,0.0,21.0,0.0,0.0,0.0,0.0
C2_p9__lamarckian__s17,C2_p9__lamarckian,C2_p9,C2,lamarckian,17,450,train,50,1.16,8,8,80.61293766051662,0.8541666666666666,0.5,280.0,0.0,0.0,531.0,91.0,0.0,0.0,0.0,61.0,0.0,0.0,18.0,28.0,0.0,0.0,0.0,0.0,0.0,0.0,18.0,0.0,0.0,0.0,0.0
C2_p9__lamarckian__s17,C2_p9__lamarckian,C2_p9,C2,lamarckian,17,500,train,49,1.510204081632653,13,14,59.10305640893305,0.9375,0.5,426.0,0.0,0.0,291.0,109.0,0.0,0.0,0.0,86.0,0.0,0.0,10.0,35.0,0.0,0.0,0.0,0.0,0.0,0.0,10.0,0.0,0.0,0.0,0.0
C2_p9__lamarckian__s17,C2_p9__lamarckian,C2_p9,C2,lamarckian,17,550,train,50,1.82,19,18,52.03216513927332,0.9166666666666666,0.5,277.0,0.0,0.0,237.0,100.0,0.0,0.0,0.0,75.0,0.0,0.0,14.0,30.0,0.0,0.0,0.0,0.0,0.0,0.0,14.0,0.0,0.0,0.0,0.0
C2_p9__lamarckian__s17,C2_p9__lamarckian,C2_p9,C2,lamarckian,17,600,train,50,1.84,13,13,53.49638265167239,0.8958333333333334,0.5,224.0,0.0,0.0,294.0,69.0,0.0,0.0,0.0,62.0,0.0,0.0,16.0,34.0,0.0,0.0,0.0,0.0,0.0,0.0,16.0,0.0,0.0,0.0,0.0
C2_p9__lamarckian__s17,C2_p9__lamarckian,C2_p9,C2,lamarckian,17,650,train,50,1.92,16,16,55.3243576820872,0.9791666666666666,0.5,236.0,0.0,0.0,250.0,90.0,0.0,0.0,0.0,75.0,0.0,0.0,14.0,29.0,0.0,0.0,0.0,0.0,0.0,0.0,14.0,0.0,0.0,0.0,0.0
C2_p9__lamarckian__s17,C2_p9__lamarckian,C2_p9,C2,lamarckian,17,700,train,45,1.9777777777777779,11,16,49.997878147202016,0.9791666666666666,0.5,210.0,0.0,0.0,329.0,109.0,0.0,0.0,0.0,66.0,0.0,0.0,16.0,35.0,0.0,0.0,0.0,0.0,0.0,0.0,16.0,0.0,0.0,0.0,0.0
C2_p9__lamarckian__s17,C2_p9__lamarckian,C2_p9,C2,lamarckian,17,750,train,34,2.088235294117647,6,17,99.85889912601093,0.8333333333333334,0.5,178.0,0.0,0.0,230.0,81.0,0.0,0.0,0.0,67.0,0.0,0.0,12.0,34.0,0.0,0.0,0.0,0.0,0.0,0.0,12.0,0.0,0.0,0.0,0.0
C2_p9__lamarckian__s17,C2_p9__lamarckian,C2_p9,C2,lamarckian,17,800,train,41,2.4390243902439024,16,9,64.03852178383907,0.8541666666666666,0.5,200.0,0.0,0.0,241.0,106.0,0.0,0.0,0.0,87.0,0.0,0.0,13.0,41.0,0.0,0.0,0.0,0.0,0.0,0.0,13.0,0.0,0.0,0.0,0.0
C2_p9__lamarckian__s17,C2_p9__lamarckian,C2_p9,C2,lamarckian,17,850,train,45,2.7777777777777777,14,10,45.88544170863531,0.9583333333333334,0.5,223.0,0.0,0.0,244.0,66.0,0.0,0.0,0.0,83.0,0.0,0.0,11.0,39.0,0.0,0.0,0.0,0.0,0.0,0.0,11.0,0.0,0.0,0.0,0.0
C2_p9__lamarckian__s17,C2_p9__lamarckian,C2_p9,C2,lamarckian,17,900,train,41,2.8780487804878048,7,11,47.114756193041046,0.9375,0.5,182.0,0.0,0.0,341.0,68.0,0.0,0.0,0.0,72.0,0.0,0.0,15.0,37.0,0.0,0.0,0.0,0.0,0.0,0.0,15.0,0.0,0.0,0.0,0.0
C2_p9__lamarckian__s17,C2_p9__lamarckian,C2_p9,C2,lamarckian,17,950,train,41,3.0,10,10,52.238772325934306,0.9583333333333334,0.5,179.0,0.0,0.0,416.0,74.0,0.0,0.0,0.0,81.0,0.0,0.0,12.0,36.0,0.0,0.0,0.0,0.0,0.0,0.0,12.0,0.0,0.0,0.0,0.0
C2_p9__lamarckian__s17,C2_p9__lamarckian,C2_p9,C2,lamarckian,17,1000,train,31,3.4516129032258065,6,16,86.73783896046152,0.8333333333333334,0.5,175.0,0.0,0.0,273.0,94.0,0.0,0.0,0.0,76.0,0.0,0.0,11.0,39.0,0.0,0.0,0.0,0.0,0.0,0.0,11.0,0.0,0.0,0.0,0.0
C2_p9__lamarckian__s17,C2_p9__lamarckian,C2_p9,C2,lamarckian,17,1050,train,44,3.7045454545454546,18,5,56.315516463873436,0.9375,0.5,141.0,0.0,0.0,403.0,95.0,0.0,0.0,0.0,74.0,0.0,0.0,14.0,42.0,0.0,0.0,0.0,0.0,0.0,0.0,14.0,0.0,0.0,0.0,0.0
C2_p9__lamarckian__s17,C2_p9__lamarckian,C2_p9,C2,lamarckian,17,1100,train,32,3.84375,3,15,68.67124691002489,0.8541666666666666,0.5,121.0,0.0,0.0,175.0,80.0,0.0,0.0,0.0,68.0,0.0,0.0,13.0,37.0,0.0,0.0,0.0,0.0,0.0,0.0,13.0,0.0,0.0,0.0,0.0
C2_p9__lamarckian__s17,C2_p9__lamarckian,C2_p9,C2,lamarckian,17,1150,train,30,4.033333333333333,7,9,75.97246093869546,0.8958333333333334,0.5,160.0,0.0,0.0,285.0,66.0,0.0,0.0,0.0,77.0,0.0,0.0,13.0,37.0,0.0,0.0,0.0,0.0,0.0,0.0,13.0,0.0,0.0,0.0,0.0
C2_p9__lamarckian__s17,C2_p9__lamarckian,C2_p9,C2,lamarckian,17,1200,train,40,4.4,17,7,87.28325590335024,0.875,0.5,125.0,0.0,0.0,299.0,63.0,0.0,0.0,0.0,71.0,0.0,0.0,14.0,35.0,0.0,0.0,0.0,0.0,0.0,0.0,14.0,0.0,0.0,0.0,0.0
C2_p9__lamarckian__s17,C2_p9__lamarckian,C2_p9,C2,lamarckian,17,1250,train,49,4.857142857142857,15,6,51.85494462532287,0.8958333333333334,0.5,157.0,0.0,0.0,333.0,91.0,0.0,0.0,0.0,74.0,0.0,0.0,10.0,44.0,0.0,0.0,0.0,0.0,0.0,0.0,10.0,0.0,0.0,0.0,0.0
C2_p9__lamarckian__s17,C2_p9__lamarckian,C2_p9,C2,lamarckian,17,1300,train,41,5.121951219512195,6,14,57.88001019718444,0.9375,0.5,154.0,0.0,0.0,342.0,72.0,0.0,0.0,0.0,60.0,0.0,0.0,20.0,39.0,0.0,0.0,0.0,0.0,0.0,0.0,20.0,0.0,0.0,0.0,0.0
C2_p9__lamarckian__s17,C2_p9__lamarckian,C2_p9,C2,lamarckian,17,1350,train,36,5.083333333333333,5,10,53.26452246607373,0.9583333333333334,0.5,182.0,0.0,0.0,289.0,55.0,0.0,0.0,0.0,81.0,0.0,0.0,8.0,33.0,0.0,0.0,0.0,0.0,0.0,0.0,8.0,0.0,0.0,0.0,0.0
C2_p9__lamarckian__s17,C2_p9__lamarckian,C2_p9,C2,lamarckian,17,1400,train,36,5.305555555555555,6,6,68.54643004261507,0.8958333333333334,0.5,194.0,0.0,0.0,224.0,51.0,0.0,0.0,0.0,79.0,0.0,0.0,8.0,34.0,0.0,0.0,0.0,0.0,0.0,0.0,8.0,0.0,0.0,0.0,0.0
C2_p9__lamarckian__s17,C2_p9__lamarckian,C2_p9,C2,lamarckian,17,1450,train,35,5.485714285714286,7,8,46.70988330697826,0.9166666666666666,0.5,162.0,0.0,0.0,361.0,48.0,0.0,0.0,0.0,83.0,0.0,0.0,15.0,37.0,0.0,0.0,0.0,0.0,0.0,0.0,15.0,0.0,0.0,0.0,0.0
C2_p9__lamarckian__s17,C2_p9__lamarckian,C2_p9,C2,lamarckian,17,1500,train,35,5.942857142857143,8,8,54.4445942213139,0.9375,0.5,122.0,0.0,0.0,164.0,93.0,0.0,0.0,0.0,79.0,0.0,0.0,7.0,38.0,0.0,0.0,0.0,0.0,0.0,0.0,7.0,0.0,0.0,0.0,0.0
C2_p9__lamarckian__s17,C2_p9__lamarckian,C2_p9,C2,lamarckian,17,1550,eval,39,6.102564102564102,14,10,65.87087238514403,0.875,0.5,142.0,0.0,0.0,413.0,55.0,0.0,0.0,96.0,74.0,0.0,0.0,12.0,33.0,0.0,0.0,2.0,0.0,0.0,0.0,12.0,0.0,0.0,0.0,2.0
C2_p9__lamarckian__s17,C2_p9__lamarckian,C2_p9,C2,lamarckian,17,1600,eval,38,6.078947368421052,6,7,40.99444091813546,0.9583333333333334,0.5,162.0,0.0,0.0,298.0,44.0,0.0,0.0,97.0,86.0,0.0,0.0,13.0,36.0,0.0,0.0,0.0,0.0,0.0,0.0,13.0,0.0,0.0,0.0,0.0
C2_p9__lamarckian__s17,C2_p9__lamarckian,C2_p9,C2,lamarckian,17,1650,eval,40,6.075,8,6,68.74938706193959,0.8958333333333334,0.5,170.0,0.0,0.0,233.0,48.0,0.0,0.0,220.0,74.0,0.0,0.0,7.0,26.0,0.0,0.0,6.0,0.0,0.0,0.0,7.0,0.0,0.0,0.0,6.0
C2_p9__lamarckian__s17,C2_p9__lamarckian,C2_p9,C2,lamarckian,17,1700,eval,34,6.411764705882353,7,13,79.92381466708875,0.9166666666666666,0.5,124.0,0.0,0.0,163.0,77.0,0.0,0.0,118.0,82.0,0.0,0.0,5.0,33.0,0.0,0.0,3.0,0.0,0.0,0.0,5.0,0.0,0.0,0.0,3.0
C2_p9__lamarckian__s17,C2_p9__lamarckian,C2_p9,C2,lamarckian,17,1750,eval,32,6.46875,11,13,103.83362820977098,0.7916666666666666,0.5,164.0,0.0,0.0,260.0,43.0,0.0,0.0,73.0,80.0,0.0,0.0,10.0,25.0,0.0,0.0,6.0,0.0,0.0,0.0,10.0,0.0,0.0,0.0,6.0
C2_p9__lamarckian__s17,C2_p9__lamarckian,C2_p9,C2,lamarckian,17,1800,eval,38,6.7105263157894735,14,8,63.129290019541045,0.8958333333333334,0.5,201.0,0.0,0.0,253.0,74.0,0.0,0.0,91.0,95.0,0.0,0.0,14.0,32.0,0.0,0.0,5.0,0.0,0.0,0.0,14.0,0.0,0.0,0.0,5.0
C2_p9__lamarckian__s18,C2_p9__lamarckian,C2_p9,C2,lamarckian,18,50,train,50,0.82,39,9,69.2304136281284,0.8333333333333334,0.5,271.0,0.0,0.0,253.0,105.0,0.0,0.0,0.0,60.0,0.0,0.0,37.0,29.0,0.0,0.0,0.0,0.0,0.0,0.0,37.0,0.0,0.0,0.0,0.0
C2_p9__lamarckian__s18,C2_p9__lamarckian,C2_p9,C2,lamarckian,18,100,train,44,0.9772727272727273,15,21,65.6035543329799,0.8958333333333334,0.5,258.0,0.0,0.0,372.0,47.0,0.0,0.0,0.0,50.0,0.0,0.0,43.0,18.0,0.0,0.0,0.0,0.0,0.0,0.0,43.0,0.0,0.0,0.0,0.0
C2_p9__lamarckian__s18,C2_p9__lamarckian,C2_p9,C2,lamarckian,18,150,train,47,1.1702127659574468,15,12,96.72462955371752,0.8541666666666666,0.5,277.0,0.0,0.0,261.0,101.0,0.0,0.0,0.0,55.0,0.0,0.0,20.0,26.0,0.0,0.0,0.0,0.0,0.0,0.0,20.0,0.0,0.0,0.0,0.0
C2_p9__lamarckian__s18,C2_p9__lamarckian,C2_p9,C2,lamarckian,18,200,train,34,1.1764705882352942,9,22,164.88386900651034,0.7083333333333334,0.5,283.0,0.0,0.0,328.0,30.0,0.0,0.0,0.0,38.0,0.0,0.0,35.0,13.0,0.0,0.0,0.0,0.0,0.0,0.0,35.0,0.0,0.0,0.0,0.0
C2_p9__lamarckian__s18,C2_p9__lamarckian,C2_p9,C2,lamarckian,18,250,train,50,1.52,26,10,67.6765153988131,0.875,0.5,606.0,0.0,0.0,547.0,55.0,0.0,0.0,0.0,59.0,0.0,0.0,24.0,28.0,0.0,0.0,0.0,0.0,0.0,0.0,24.0,0.0,0.0,0.0,0.0
C2_p9__lamarckian__s18,C2_p9__lamarckian,C2_p9,C2,lamarckian,18,300,train,50,1.46,13,13,41.89950141771985,0.9166666666666666,0.5,675.0,0.0,0.0,315.0,44.0,0.0,0.0,0.0,70.0,0.0,0.0,22.0,21.0,0.0,0.0,0.0,0.0,0.0,0.0,22.0,0.0,0.0,0.0,0.0
C2_p9__lamarckian__s18,C2_p9__lamarckian,C2_p9,C2,lamarckian,18,350,train,49,1.8775510204081634,19,20,63.50224377043524,0.9791666666666666,0.5,325.0,0.0,0.0,278.0,61.0,0.0,0.0,0.0,47.0,0.0,0.0,22.0,32.0,0.0,0.0,0.0,0.0,0.0,0.0,22.0,0.0,0.0,0.0,0.0
C2_p9__lamarckian__s18,C2_p9__lamarckian,C2_p9,C2,lamarckian,18,400,train,50,2.14,15,14,63.90460667663244,0.875,0.5,415.0,0.0,0.0,371.0,65.0,0.0,0.0,0.0,66.0,0.0,0.0,24.0,20.0,0.0,0.0,0.0,0.0,0.0,0.0,24.0,0.0,0.0,0.0,0.0
C2_p9__lamarckian__s18,C2_p9__lamarckian,C2_p9,C2,lamarckian,18,450,train,50,2.12,16,16,73.75948887162028,0.875,0.5,446.0,0.0,0.0,566.0,44.0,0.0,0.0,0.0,66.0,0.0,0.0,26.0,15.0,0.0,0.0,0.0,0.0,0.0,0.0,26.0,0.0,0.0,0.0,0.0
C2_p9__lamarckian__s18,C2_p9__lamarckian,C2_p9,C2,lamarckian,18,500,train,46,2.5,16,20,89.69960724321399,0.8125,0.5,398.0,0.0,0.0,409.0,38.0,0.0,0.0,0.0,63.0,0.0,0.0,20.0,19.0,0.0,0.0,0.0,0.0,0.0,0.0,20.0,0.0,0.0,0.0,0.0
C2_p9__lamarckian__s18,C2_p9__lamarckian,C2_p9,C2,lamarckian,18,550,train,47,2.7872340425531914,17,16,81.63946014419736,0.875,0.5,322.0,0.0,0.0,551.0,120.0,0.0,0.0,0.0,52.0,0.0,0.0,23.0,43.0,0.0,0.0,0.0,0.0,0.0,0.0,23.0,0.0,0.0,0.0,0.0
C2_p9__lamarckian__s18,C2_p9__lamarckian,C2_p9,C2,lamarckian,18,600,train,50,2.8,15,12,58.832359361032246,0.8958333333333334,0.5,366.0,0.0,0.0,473.0,60.0,0.0,0.0,0.0,68.0,0.0,0.0,20.0,26.0,0.0,0.0,0.0,0.0,0.0,0.0,20.0,0.0,0.0,0.0,0.0
C2_p9__lamarckian__s18,C2_p9__lamarckian,C2_p9,C2,lamarckian,18,650,train,50,3.24,11,11,65.09475697033996,0.9166666666666666,0.5,321.0,0.0,0.0,351.0,37.0,0.0,0.0,0.0,73.0,0.0,0.0,19.0,27.0,0.0,0.0,0.0,0.0,0.0,0.0,19.0,0.0,0.0,0.0,0.0
C2_p9__lamarckian__s18,C2_p9__lamarckian,C2_p9,C2,lamarckian,18,700,train,50,3.28,8,8,85.16155216320985,0.8541666666666666,0.5,231.0,0.0,0.0,376.0,75.0,0.0,0.0,0.0,63.0,0.0,0.0,12.0,34.0,0.0,0.0,0.0,0.0,0.0,0.0,12.0,0.0,0.0,0.0,0.0
C2_p9__lamarckian__s18,C2_p9__lamarckian,C2_p9,C2,lamarckian,18,750,train,50,3.68,18,18,90.60488945163235,0.7708333333333334,0.5,252.0,0.0,0.0,467.0,72.0,0.0,0.0,0.0,66.0,0.0,0.0,17.0,27.0,0.0,0.0,0.0,0.0,0.0,0.0,17.0,0.0,0.0,0.0,0.0
C2_p9__lamarckian__s18,C2_p9__lamarckian,C2_p9,C2,lamarckian,18,800,train,50,3.98,10,10,45.448863198344476,0.9375,0.5,197.0,0.0,0.0,567.0,85.0,0.0,0.0,0.0,71.0,0.0,0.0,26.0,33.0,0.0,0.0,0.0,0.0,0.0,0.0,26.0,0.0,0.0,0.0,0.0
C2_p9__lamarckian__s18,C2_p9__lamarckian,C2_p9,C2,lamarckian,18,850,train,50,3.98,17,17,55.167939946665804,0.8958333333333334,0.5,284.0,0.0,0.0,252.0,60.0,0.0,0.0,0.0,74.0,0.0,0.0,10.0,34.0,0.0,0.0,0.0,0.0,0.0,0.0,10.0,0.0,0.0,0.0,0.0
C2_p9__lamarckian__s18,C2_p9__lamarckian,C2_p9,C2,lamarckian,18,900,train,39,4.153846153846154,6,17,69.94622893830923,0.8958333333333334,0.5,206.0,0.0,0.0,324.0,58.0,0.0,0.0,0.0,70.0,0.0,0.0,15.0,31.0,0.0,0.0,0.0,0.0,0.0,0.0,15.0,0.0,0.0,0.0,0.0
C2_p9__lamarckian__s18,C2_p9__lamarckian,C2_p9,C2,lamarckian,18,950,train,49,4.489795918367347,16,6,88.91172730022795,0.8333333333333334,0.5,230.0,0.0,0.0,392.0,68.0,0.0,0.0,0.0,75.0,0.0,0.0,22.0,21.0,0.0,0.0,0.0,0.0,0.0,0.0,22.0,0.0,0.0,0.0,0.0
C2_p9__lamarckian__s18,C2_p9__lamarckian,C2_p9,C2,lamarckian,18,1000,train,50,4.82,17,16,42.224899101776586,0.9375,0.5,263.0,0.0,0.0,352.0,93.0,0.0,0.0,0.0,88.0,0.0,0.0,13.0,31.0,0.0,0.0,0.0,0.0,0.0,0.0,13.0,0.0,0.0,0.0,0.0
C2_p9__lamarckian__s18,C2_p9__lamarckian,C2_p9,C2,lamarckian,18,1050,train,39,5.230769230769231,8,19,42.90104885452469,0.9583333333333334,0.5,213.0,0.0,0.0,318.0,94.0,0.0,0.0,0.0,78.0,0.0,0.0,18.0,25.0,0.0,0.0,0.0,0.0,0.0,0.0,18.0,0.0,0.0,0.0,0.0
C2_p9__lamarckian__s18,C2_p9__lamarckian,C2_p9,C2,lamarckian,18,1100,train,37,5.54054054054054,10,12,89.49752555441732,0.8333333333333334,0.5,247.0,0.0,0.0,385.0,45.0,0.0,0.0,0.0,69.0,0.0,0.0,9.0,29.0,0.0,0.0,0.0,0.0,0.0,0.0,9.0,0.0,0.0,0.0,0.0
C2_p9__lamarckian__s18,C2_p9__lamarckian,C2_p9,C2,lamarckian,18,1150,train,50,5.84,22,9,59.81338566944307,0.8958333333333334,0.5,357.0,0.0,0.0,448.0,36.0,0.0,0.0,0.0,83.0,0.0,0.0,12.0,27.0,0.0,0.0,0.0,0.0,0.0,0.0,12.0,0.0,0.0,0.0,0.0
C2_p9__lamarckian__s18,C2_p9__lamarckian,C2_p9,C2,lamarckian,18,1200,train,48,6.041666666666667,10,12,46.12900573369524,0.9583333333333334,0.5,302.0,0.0,0.0,292.0,78.0,0.0,0.0,0.0,81.0,0.0,0.0,18.0,35.0,0.0,0.0,0.0,0.0,0.0,0.0,18.0,0.0,0.0,0.0,0.0
C2_p9__lamarckian__s18,C2_p9__lamarckian,C2_p9,C2,lamarckian,18,1250,train,48,6.125,8,8,51.10252910336199,0.9375,0.5,320.0,0.0,0.0,317.0,84.0,0.0,0.0,0.0,89.0,0.0,0.0,11.0,35.0,0.0,0.0,0.0,0.0,0.0,0.0,11.0,0.0,0.0,0.0,0.0
C2_p9__lamarckian__s18,C2_p9__lamarckian,C2_p9,C2,lamarckian,18,1300,train,42,6.309523809523809,5,11,27.966109640211734,1.0,0.5,215.0,0.0,0.0,278.0,111.0,0.0,0.0,0.0,92.0,0.0,0.0,12.0,37.0,0.0,0.0,0.0,0.0,0.0,0.0,12.0,0.0,0.0,0.0,0.0
C2_p9__lamarckian__s18,C2_p9__lamarckian,C2_p9,C2,lamarckian,18,1350,train,32,6.3125,2,12,49.573845637515134,0.9375,0.5,229.0,0.0,0.0,297.0,53.0,0.0,0.0,0.0,90.0,0.0,0.0,8.0,24.0,0.0,0.0,0.0,0.0,0.0,0.0,8.0,0.0,0.0,0.0,0.0
C2_p9__lamarckian__s18,C2_p9__lamarckian,C2_p9,C2,lamarckian,18,1400,train,36,6.5,10,6,69.69752106373176,0.9166666666666666,0.5,184.0,0.0,0.0,304.0,72.0,0.0,0.0,0.0,74.0,0.0,0.0,12.0,31.0,0.0,0.0,0.0,0.0,0.0,0.0,12.0,0.0,0.0,0.0,0.0
C2_p9__lamarckian__s18,C2_p9__lamarckian,C2_p9,C2,lamarckian,18,1450,train,43,6.558139534883721,17,10,99.52334956161349,0.8125,0.5,246.0,0.0,0.0,279.0,67.0,0.0,0.0,0.0,76.0,0.0,0.0,7.0,28.0,0.0,0.0,0.0,0.0,0.0,0.0,7.0,0.0,0.0,0.0,0.0
C2_p9__lamarckian__s18,C2_p9__lamarckian,C2_p9,C2,lamarckian,18,1500,train,45,6.733333333333333,10,8,46.48016182880578,0.9583333333333334,0.5,228.0,0.0,0.0,239.0,89.0,0.0,0.0,0.0,86.0,0.0,0.0,12.0,34.0,0.0,0.0,0.0,0.0,0.0,0.0,12.0,0.0,0.0,0.0,0.0
C2_p9__lamarckian__s18,C2_p9__lamarckian,C2_p9,C2,lamarckian,18,1550,eval,38,6.7631578947368425,5,12,66.01169166054645,0.9166666666666666,0.5,207.0,0.0,0.0,261.0,39.0,0.0,0.0,194.0,78.0,0.0,0.0,10.0,18.0,0.0,0.0,5.0,0.0,0.0,0.0,10.0,0.0,0.0,0.0,5.0
C2_p9__lamarckian__s18,C2_p9__lamarckian,C2_p9,C2,lamarckian,18,1600,eval,35,7.085714285714285,10,13,51.954494726802736,0.9583333333333334,0.5,307.0,0.0,0.0,242.0,40.0,0.0,0.0,188.0,103.0,0.0,0.0,13.0,19.0,0.0,0.0,5.0,0.0,0.0,0.0,13.0,0.0,0.0,0.0,5.0
C2_p9__lamarckian__s18,C2_p9__lamarckian,C2_p9,C2,lamarckian,18,1650,eval,32,7.34375,14,17,126.58777118858322,0.7083333333333334,0.5,203.0,0.0,0.0,385.0,53.0,0.0,0.0,183.0,64.0,0.0,0.0,18.0,27.0,0.0,0.0,3.0,0.0,0.0,0.0,18.0,0.0,0.0,0.0,3.0
C2_p9__lamarckian__s18,C2_p9__lamarckian,C2_p9,C2,lamarckian,18,1700,eval,44,7.7727272727272725,24,12,61.0452621773762,0.9166666666666666,0.5,272.0,0.0,0.0,283.0,19.0,0.0,0.0,186.0,88.0,0.0,0.0,18.0,12.0,0.0,0.0,12.0,0.0,0.0,0.0,18.0,0.0,0.0,0.0,12.0
C2_p9__lamarckian__s18,C2_p9__lamarckian,C2_p9,C2,lamarckian,18,1750,eval,35,7.885714285714286,6,15,59.980303398819856,0.9375,0.5,249.0,0.0,0.0,278.0,54.0,0.0,0.0,162.0,91.0,0.0,0.0,13.0,29.0,0.0,0.0,3.0,0.0,0.0,0.0,13.0,0.0,0.0,0.0,3.0
C2_p9__lamarckian__s18,C2_p9__lamarckian,C2_p9,C2,lamarckian,18,1800,eval,44,7.863636363636363,17,8,81.96099162726141,0.8333333333333334,0.5,221.0,0.0,0.0,433.0,31.0,0.0,0.0,102.0,85.0,0.0,0.0,15.0,14.0,0.0,0.0,6.0,0.0,0.0,0.0,15.0,0.0,0.0,0.0,6.0
C2_p9__lamarckian__s19,C2_p9__lamarckian,C2_p9,C2,lamarckian,19,50,train,50,0.94,42,12,95.84753431113023,0.7916666666666666,0.5,223.0,0.0,0.0,264.0,146.0,0.0,0.0,0.0,47.0,0.0,0.0,36.0,28.0,0.0,0.0,0.0,0.0,0.0,0.0,36.0,0.0,0.0,0.0,0.0
C2_p9__lamarckian__s19,C2_p9__lamarckian,C2_p9,C2,lamarckian,19,100,train,45,1.0888888888888888,12,17,98.05634404350772,0.8333333333333334,0.5,291.0,0.0,0.0,446.0,123.0,0.0,0.0,0.0,44.0,0.0,0.0,33.0,21.0,0.0,0.0,0.0,0.0,0.0,0.0,33.0,0.0,0.0,0.0,0.0
C2_p9__lamarckian__s19,C2_p9__lamarckian,C2_p9,C2,lamarckian,19,150,train,46,1.5869565217391304,23,22,91.62068086804734,0.8333333333333334,0.5,415.0,0.0,0.0,440.0,132.0,0.0,0.0,0.0,45.0,0.0,0.0,31.0,22.0,0.0,0.0,0.0,0.0,0.0,0.0,31.0,0.0,0.0,0.0,0.0
C2_p9__lamarckian__s19,C2_p9__lamarckian,C2_p9,C2,lamarckian,19,200,train,50,1.84,19,15,109.2787409174002,0.7916666666666666,0.5,405.0,0.0,0.0,345.0,112.0,0.0,0.0,0.0,48.0,0.0,0.0,23.0,23.0,0.0,0.0,0.0,0.0,0.0,0.0,23.0,0.0,0.0,0.0,0.0
C2_p9__lamarckian__s19,C2_p9__lamarckian,C2_p9,C2,lamarckian,19,250,train,50,1.96,16,16,165.74133808646653,0.5625,0.5,393.0,0.0,0.0,654.0,185.0,0.0,0.0,0.0,38.0,0.0,0.0,30.0,16.0,0.0,0.0,0.0,0.0,0.0,0.0,30.0,0.0,0.0,0.0,0.0
C2_p9__lamarckian__s19,C2_p9__lamarckian,C2_p9,C2,lamarckian,19,300,train,50,2.0,9,9,77.82840729419323,0.8333333333333334,0.5,361.0,0.0,0.0,534.0,252.0,0.0,0.0,0.0,59.0,0.0,0.0,21.0,24.0,0.0,0.0,0.0,0.0,0.0,0.0,21.0,0.0,0.0,0.0,0.0
C2_p9__lamarckian__s19,C2_p9__lamarckian,C2_p9,C2,lamarckian,19,350,train,50,1.94,6,6,107.1219247829992,0.7916666666666666,0.5,356.0,0.0,0.0,484.0,249.0,0.0,0.0,0.0,45.0,0.0,0.0,26.0,31.0,0.0,0.0,0.0,0.0,0.0,0.0,26.0,0.0,0.0,0.0,0.0
C2_p9__lamarckian__s19,C2_p9__lamarckian,C2_p9,C2,lamarckian,19,400,train,50,2.08,8,8,85.99025525929326,0.8541666666666666,0.5,303.0,0.0,0.0,449.0,152.0,0.0,0.0,0.0,58.0,0.0,0.0,17.0,17.0,0.0,0.0,0.0,0.0,0.0,0.0,17.0,0.0,0.0,0.0,0.0
C2_p9__lamarckian__s19,C2_p9__lamarckian,C2_p9,C2,lamarckian,19,450,train,50,2.1,13,13,72.65664201208281,0.8958333333333334,0.5,362.0,0.0,0.0,594.0,90.0,0.0,0.0,0.0,61.0,0.0,0.0,18.0,21.0,0.0,0.0,0.0,0.0,0.0,0.0,18.0,0.0,0.0,0.0,0.0
C2_p9__lamarckian__s19,C2_p9__lamarckian,C2_p9,C2,lamarckian,19,500,train,50,2.3,16,16,87.30594623362693,0.7916666666666666,0.5,310.0,0.0,0.0,443.0,42.0,0.0,0.0,0.0,52.0,0.0,0.0,20.0,12.0,0.0,0.0,0.0,0.0,0.0,0.0,20.0,0.0,0.0,0.0,0.0
C2_p9__lamarckian__s19,C2_p9__lamarckian,C2_p9,C2,lamarckian,19,550,train,50,2.68,15,15,80.28324923541214,0.875,0.5,319.0,0.0,0.0,503.0,68.0,0.0,0.0,0.0,51.0,0.0,0.0,23.0,18.0,0.0,0.0,0.0,0.0,0.0,0.0,23.0,0.0,0.0,0.0,0.0
C2_p9__lamarckian__s19,C2_p9__lamarckian,C2_p9,C2,lamarckian,19,600,train,50,2.86,14,14,100.44145894935633,0.8125,0.5,326.0,0.0,0.0,454.0,206.0,0.0,0.0,0.0,49.0,0.0,0.0,24.0,28.0,0.0,0.0,0.0,0.0,0.0,0.0,24.0,0.0,0.0,0.0,0.0
C2_p9__lamarckian__s19,C2_p9__lamarckian,C2_p9,C2,lamarckian,19,650,train,50,2.88,19,19,103.97767586714335,0.8333333333333334,0.5,367.0,0.0,0.0,543.0,160.0,0.0,0.0,0.0,61.0,0.0,0.0,21.0,19.0,0.0,0.0,0.0,0.0,0.0,0.0,21.0,0.0,0.0,0.0,0.0
C2_p9__lamarckian__s19,C2_p9__lamarckian,C2_p9,C2,lamarckian,19,700,train,50,3.06,15,15,52.86020297317801,0.9375,0.5,283.0,0.0,0.0,520.0,95.0,0.0,0.0,0.0,74.0,0.0,0.0,24.0,23.0,0.0,0.0,0.0,0.0,0.0,0.0,24.0,0.0,0.0,0.0,0.0
C2_p9__lamarckian__s19,C2_p9__lamarckian,C2_p9,C2,lamarckian,19,750,train,50,3.1,15,15,85.77647643173759,0.875,0.5,287.0,0.0,0.0,410.0,112.0,0.0,0.0,0.0,59.0,0.0,0.0,17.0,29.0,0.0,0.0,0.0,0.0,0.0,0.0,17.0,0.0,0.0,0.0,0.0
C2_p9__lamarckian__s19,C2_p9__lamarckian,C2_p9,C2,lamarckian,19,800,train,50,3.08,7,7,64.00956756533216,0.8958333333333334,0.5,326.0,0.0,0.0,490.0,85.0,0.0,0.0,0.0,77.0,0.0,0.0,15.0,25.0,0.0,0.0,0.0,0.0,0.0,0.0,15.0,0.0,0.0,0.0,0.0
C2_p9__lamarckian__s19,C2_p9__lamarckian,C2_p9,C2,lamarckian,19,850,train,50,3.48,18,18,72.80391229518399,0.875,0.5,263.0,0.0,0.0,602.0,92.0,0.0,0.0,0.0,52.0,0.0,0.0,22.0,25.0,0.0,0.0,0.0,0.0,0.0,0.0,22.0,0.0,0.0,0.0,0.0
C2_p9__lamarckian__s19,C2_p9__lamarckian,C2_p9,C2,lamarckian,19,900,train,50,3.56,16,16,52.15588040932843,0.8958333333333334,0.5,383.0,0.0,0.0,533.0,60.0,0.0,0.0,0.0,62.0,0.0,0.0,21.0,31.0,0.0,0.0,0.0,0.0,0.0,0.0,21.0,0.0,0.0,0.0,0.0
C2_p9__lamarckian__s19,C2_p9__lamarckian,C2_p9,C2,lamarckian,19,950,train,50,3.7,16,16,88.54748621870033,0.8541666666666666,0.5,341.0,0.0,0.0,463.0,51.0,0.0,0.0,0.0,58.0,0.0,0.0,16.0,15.0,0.0,0.0,0.0,0.0,0.0,0.0,16.0,0.0,0.0,0.0,0.0
C2_p9__lamarckian__s19,C2_p9__lamarckian,C2_p9,C2,lamarckian,19,1000,train,50,3.9,17,17,93.76820741576304,0.8125,0.5,252.0,0.0,0.0,433.0,50.0,0.0,0.0,0.0,52.0,0.0,0.0,16.0,26.0,0.0,0.0,0.0,0.0,0.0,0.0,16.0,0.0,0.0,0.0,0.0
C2_p9__lamarckian__s19,C2_p9__lamarckian,C2_p9,C2,lamarckian,19,1050,train,50,4.06,14,14,43.190963594162326,0.9583333333333334,0.5,216.0,0.0,0.0,328.0,122.0,0.0,0.0,0.0,74.0,0.0,0.0,17.0,25.0,0.0,0.0,0.0,0.0,0.0,0.0,17.0,0.0,0.0,0.0,0.0
C2_p9__lamarckian__s19,C2_p9__lamarckian,C2_p9,C2,lamarckian,19,1100,train,50,4.06,16,16,61.7058681839769,0.875,0.5,199.0,0.0,0.0,367.0,70.0,0.0,0.0,0.0,52.0,0.0,0.0,12.0,30.0,0.0,0.0,0.0,0.0,0.0,0.0,12.0,0.0,0.0,0.0,0.0
C2_p9__lamarckian__s19,C2_p9__lamarckian,C2_p9,C2,lamarckian,19,1150,train,50,4.1,14,14,45.59364503527646,0.9375,0.5,225.0,0.0,0.0,377.0,60.0,0.0,0.0,0.0,85.0,0.0,0.0,17.0,22.0,0.0,0.0,0.0,0.0,0.0,0.0,17.0,0.0,0.0,0.0,0.0
C2_p9__lamarckian__s19,C2_p9__lamarckian,C2_p9,C2,lamarckian,19,1200,train,50,4.2,10,10,43.80637954372797,0.9375,0.5,192.0,0.0,0.0,298.0,95.0,0.0,0.0,0.0,75.0,0.0,0.0,7.0,29.0,0.0,0.0,0.0,0.0,0.0,0.0,7.0,0.0,0.0,0.0,0.0
C2_p9__lamarckian__s19,C2_p9__lamarckian,C2_p9,C2,lamarckian,19,1250,train,50,4.62,15,15,85.61388197362072,0.8333333333333334,0.5,176.0,0.0,0.0,247.0,120.0,0.0,0.0,0.0,61.0,0.0,0.0,13.0,27.0,0.0,0.0,0.0,0.0,0.0,0.0,13.0,0.0,0.0,0.0,0.0
C2_p9__lamarckian__s19,C2_p9__lamarckian,C2_p9,C2,lamarckian,19,1300,train,50,4.82,9,9,59.000194630167115,0.9166666666666666,0.5,261.0,0.0,0.0,351.0,58.0,0.0,0.0,0.0,82.0,0.0,0.0,9.0,25.0,0.0,0.0,0.0,0.0,0.0,0.0,9.0,0.0,0.0,0.0,0.0
C2_p9__lamarckian__s19,C2_p9__lamarckian,C2_p9,C2,lamarckian,19,1350,train,50,5.06,12,12,38.76815169527505,1.0,0.5,303.0,0.0,0.0,249.0,138.0,0.0,0.0,0.0,90.0,0.0,0.0,9.0,22.0,0.0,0.0,0.0,0.0,0.0,0.0,9.0,0.0,0.0,0.0,0.0
C2_p9__lamarckian__s19,C2_p9__lamarckian,C2_p9,C2,lamarckian,19,1400,train,42,5.0,5,13,38.534212107148164,0.9583333333333334,0.5,176.0,0.0,0.0,482.0,57.0,0.0,0.0,0.0,66.0,0.0,0.0,21.0,25.0,0.0,0.0,0.0,0.0,0.0,0.0,21.0,0.0,0.0,0.0,0.0
C2_p9__lamarckian__s19,C2_p9__lamarckian,C2_p9,C2,lamarckian,19,1450,train,35,5.057142857142857,9,16,77.25385219959647,0.8541666666666666,0.5,191.0,0.0,0.0,441.0,59.0,0.0,0.0,0.0,74.0,0.0,0.0,20.0,20.0,0.0,0.0,0.0,0.0,0.0,0.0,20.0,0.0,0.0,0.0,0.0
C2_p9__lamarckian__s19,C2_p9__lamarckian,C2_p9,C2,lamarckian,19,1500,train,39,5.410256410256411,16,12,99.54681072195348,0.8333333333333334,0.5,215.0,0.0,0.0,256.0,50.0,0.0,0.0,0.0,82.0,0.0,0.0,8.0,27.0,0.0,0.0,0.0,0.0,0.0,0.0,8.0,0.0,0.0,0.0,0.0
C2_p9__lamarckian__s19,C2_p9__lamarckian,C2_p9,C2,lamarckian,19,1550,eval,40,5.675,12,11,56.7039681775546,0.9166666666666666,0.5,166.0,0.0,0.0,185.0,29.0,0.0,0.0,62.0,82.0,0.0,0.0,13.0,18.0,0.0,0.0,5.0,0.0,0.0,0.0,13.0,0.0,0.0,0.0,5.0
C2_p9__lamarckian__s19,C2_p9__lamarckian,C2_p9,C2,lamarckian,19,1600,eval,39,5.82051282051282,9,10,98.69366270814902,0.75,0.5,157.0,0.0,0.0,336.0,26.0,0.0,0.0,85.0,80.0,0.0,0.0,14.0,20.0,0.0,0.0,4.0,0.0,0.0,0.0,14.0,0.0,0.0,0.0,4.0
C2_p9__lamarckian__s19,C2_p9__lamarckian,C2_p9,C2,lamarckian,19,1650,eval,47,6.382978723404255,17,9,68.55739989643095,0.9166666666666666,0.5,260.0,0.0,0.0,457.0,47.0,0.0,0.0,60.0,81.0,0.0,0.0,12.0,30.0,0.0,0.0,3.0,0.0,0.0,0.0,12.0,0.0,0.0,0.0,3.0
C2_p9__lamarckian__s19,C2_p9__lamarckian,C2_p9,C2,lamarckian,19,1700,eval,50,6.54,12,9,57.35686650641753,0.9375,0.5,240.0,0.0,0.0,370.0,48.0,0.0,0.0,179.0,79.0,0.0,0.0,15.0,25.0,0.0,0.0,5.0,0.0,0.0,0.0,15.0,0.0,0.0,0.0,5.0
C2_p9__lamarckian__s19,C2_p9__lamarckian,C2_p9,C2,lamarckian,19,1750,eval,50,6.4,10,10,68.93421940291893,0.9375,0.5,273.0,0.0,0.0,356.0,49.0,0.0,0.0,84.0,83.0,0.0,0.0,6.0,25.0,0.0,0.0,1.0,0.0,0.0,0.0,6.0,0.0,0.0,0.0,1.0
C2_p9__lamarckian__s19,C2_p9__lamarckian,C2_p9,C2,lamarckian,19,1800,eval,50,6.5,10,10,63.24736508696328,0.9166666666666666,0.5,425.0,0.0,0.0,375.0,31.0,0.0,0.0,89.0,92.0,0.0,0.0,10.0,19.0,0.0,0.0,5.0,0.0,0.0,0.0,10.0,0.0,0.0,0.0,5.0
C2_p9__lamarckian__s20,C2_p9__lamarckian,C2_p9,C2,lamarckian,20,50,train,50,0.84,37,7,51.70019793735649,0.9583333333333334,0.5,296.0,0.0,0.0,181.0,48.0,0.0,0.0,0.0,57.0,0.0,0.0,36.0,30.0,0.0,0.0,0.0,0.0,0.0,0.0,36.0,0.0,0.0,0.0,0.0
C2_p9__lamarckian__s20,C2_p9__lamarckian,C2_p9,C2,lamarckian,20,100,train,42,0.9523809523809523,9,17,93.22875796945075,0.8125,0.5,318.0,0.0,0.0,428.0,55.0,0.0,0.0,0.0,43.0,0.0,0.0,34.0,25.0,0.0,0.0,0.0,0.0,0.0,0.0,34.0,0.0,0.0,0.0,0.0
C2_p9__lamarckian__s20,C2_p9__lamarckian,C2_p9,C2,lamarckian,20,150,train,47,1.4042553191489362,21,16,74.52032518274824,0.8958333333333334,0.5,480.0,0.0,0.0,398.0,44.0,0.0,0.0,0.0,49.0,0.0,0.0,28.0,30.0,0.0,0.0,0.0,0.0,0.0,0.0,28.0,0.0,0.0,0.0,0.0
C2_p9__lamarckian__s20,C2_p9__lamarckian,C2_p9,C2,lamarckian,20,200,train,43,1.441860465116279,15,19,70.04742051677259,0.9166666666666666,0.5,362.0,0.0,0.0,362.0,142.0,0.0,0.0,0.0,54.0,0.0,0.0,22.0,27.0,0.0,0.0,0.0,0.0,0.0,0.0,22.0,0.0,0.0,0.0,0.0
C2_p9__lamarckian__s20,C2_p9__lamarckian,C2_p9,C2,lamarckian,20,250,train,50,1.6,19,12,116.51985142445832,0.7083333333333334,0.5,457.0,0.0,0.0,409.0,169.0,0.0,0.0,0.0,35.0,0.0,0.0,23.0,33.0,0.0,0.0,0.0,0.0,0.0,0.0,23.0,0.0,0.0,0.0,0.0
C2_p9__lamarckian__s20,C2_p9__lamarckian,C2_p9,C2,lamarckian,20,300,train,50,1.44,7,7,89.42400180347713,0.8541666666666666,0.5,580.0,0.0,0.0,644.0,104.0,0.0,0.0,0.0,61.0,0.0,0.0,20.0,27.0,0.0,0.0,0.0,0.0,0.0,0.0,20.0,0.0,0.0,0.0,0.0
C2_p9__lamarckian__s20,C2_p9__lamarckian,C2_p9,C2,lamarckian,20,350,train,50,1.32,12,12,75.39857323274552,0.875,0.5,330.0,0.0,0.0,698.0,169.0,0.0,0.0,0.0,50.0,0.0,0.0,26.0,43.0,0.0,0.0,0.0,0.0,0.0,0.0,26.0,0.0,0.0,0.0,0.0
C2_p9__lamarckian__s20,C2_p9__lamarckian,C2_p9,C2,lamarckian,20,400,train,50,1.34,13,13,110.71017224957518,0.75,0.5,473.0,0.0,0.0,453.0,142.0,0.0,0.0,0.0,51.0,0.0,0.0,23.0,27.0,0.0,0.0,0.0,0.0,0.0,0.0,23.0,0.0,0.0,0.0,0.0
C2_p9__lamarckian__s20,C2_p9__lamarckian,C2_p9,C2,lamarckian,20,450,train,50,1.34,9,9,77.30724752603027,0.875,0.5,518.0,0.0,0.0,546.0,120.0,0.0,0.0,0.0,56.0,0.0,0.0,15.0,32.0,0.0,0.0,0.0,0.0,0.0,0.0,15.0,0.0,0.0,0.0,0.0
C2_p9__lamarckian__s20,C2_p9__lamarckian,C2_p9,C2,lamarckian,20,500,train,50,1.72,12,12,90.15223177420182,0.8125,0.5,417.0,0.0,0.0,535.0,85.0,0.0,0.0,0.0,63.0,0.0,0.0,11.0,30.0,0.0,0.0,0.0,0.0,0.0,0.0,11.0,0.0,0.0,0.0,0.0
C2_p9__lamarckian__s20,C2_p9__lamarckian,C2_p9,C2,lamarckian,20,550,train,50,2.04,17,17,67.14295503418796,0.875,0.5,274.0,0.0,0.0,407.0,68.0,0.0,0.0,0.0,58.0,0.0,0.0,19.0,28.0,0.0,0.0,0.0,0.0,0.0,0.0,19.0,0.0,0.0,0.0,0.0
C2_p9__lamarckian__s20,C2_p9__lamarckian,C2_p9,C2,lamarckian,20,600,train,50,2.64,20,20,92.66314465738446,0.8333333333333334,0.5,265.0,0.0,0.0,450.0,60.0,0.0,0.0,0.0,61.0,0.0,0.0,21.0,23.0,0.0,0.0,0.0,0.0,0.0,0.0,21.0,0.0,0.0,0.0,0.0
C2_p9__lamarckian__s20,C2_p9__lamarckian,C2_p9,C2,lamarckian,20,650,train,50,2.74,17,17,65.44452325310691,0.9375,0.5,192.0,0.0,0.0,235.0,61.0,0.0,0.0,0.0,60.0,0.0,0.0,8.0,18.0,0.0,0.0,0.0,0.0,0.0,0.0,8.0,0.0,0.0,0.0,0.0
C2_p9__lamarckian__s20,C2_p9__lamarckian,C2_p9,C2,lamarckian,20,700,train,50,2.7,17,17,75.09170606996676,0.8333333333333334,0.5,166.0,0.0,0.0,278.0,100.0,0.0,0.0,0.0,66.0,0.0,0.0,11.0,32.0,0.0,0.0,0.0,0.0,0.0,0.0,11.0,0.0,0.0,0.0,0.0
C2_p9__lamarckian__s20,C2_p9__lamarckian,C2_p9,C2,lamarckian,20,750,train,50,2.72,14,14,61.08961141846902,0.9166666666666666,0.5,274.0,0.0,0.0,357.0,86.0,0.0,0.0,0.0,72.0,0.0,0.0,7.0,33.0,0.0,0.0,0.0,0.0,0.0,0.0,7.0,0.0,0.0,0.0,0.0
C2_p9__lamarckian__s20,C2_p9__lamarckian,C2_p9,C2,lamarckian,20,800,train,50,2.82,9,9,45.68660814231363,0.9791666666666666,0.5,224.0,0.0,0.0,199.0,71.0,0.0,0.0,0.0,76.0,0.0,0.0,6.0,31.0,0.0,0.0,0.0,0.0,0.0,0.0,6.0,0.0,0.0,0.0,0.0
C2_p9__lamarckian__s20,C2_p9__lamarckian,C2_p9,C2,lamarckian,20,850,train,50,2.88,12,12,65.41172577717812,0.9583333333333334,0.5,199.0,0.0,0.0,285.0,74.0,0.0,0.0,0.0,64.0,0.0,0.0,12.0,30.0,0.0,0.0,0.0,0.0,0.0,0.0,12.0,0.0,0.0,0.0,0.0
C2_p9__lamarckian__s20,C2_p9__lamarckian,C2_p9,C2,lamarckian,20,900,train,50,3.08,14,14,42.67657897809387,0.9583333333333334,0.5,132.0,0.0,0.0,422.0,126.0,0.0,0.0,0.0,59.0,0.0,0.0,19.0,36.0,0.0,0.0,0.0,0.0,0.0,0.0,19.0,0.0,0.0,0.0,0.0
C2_p9__lamarckian__s20,C2_p9__lamarckian,C2_p9,C2,lamarckian,20,950,train,50,3.16,9,9,54.66455987110617,0.9166666666666666,0.5,247.0,0.0,0.0,206.0,83.0,0.0,0.0,0.0,68.0,0.0,0.0,12.0,31.0,0.0,0.0,0.0,0.0,0.0,0.0,12.0,0.0,0.0,0.0,0.0
C2_p9__lamarckian__s20,C2_p9__lamarckian,C2_p9,C2,lamarckian,20,1000,train,50,3.16,13,13,54.08666377895159,0.9583333333333334,0.5,250.0,0.0,0.0,364.0,86.0,0.0,0.0,0.0,74.0,0.0,0.0,9.0,36.0,0.0,0.0,0.0,0.0,0.0,0.0,9.0,0.0,0.0,0.0,0.0
C2_p9__lamarckian__s20,C2_p9__lamarckian,C2_p9,C2,lamarckian,20,1050,train,45,3.5555555555555554,11,16,47.627758461397406,0.9166666666666666,0.5,232.0,0.0,0.0,317.0,70.0,0.0,0.0,0.0,75.0,0.0,0.0,16.0,37.0,0.0,0.0,0.0,0.0,0.0,0.0,16.0,0.0,0.0,0.0,0.0
C2_p9__lamarckian__s20,C2_p9__lamarckian,C2_p9,C2,lamarckian,20,1100,train,41,3.682926829268293,7,11,69.0765841599748,0.875,0.5,194.0,0.0,0.0,294.0,64.0,0.0,0.0,0.0,71.0,0.0,0.0,9.0,34.0,0.0,0.0,0.0,0.0,0.0,0.0,9.0,0.0,0.0,0.0,0.0
C2_p9__lamarckian__s20,C2_p9__lamarckian,C2_p9,C2,lamarckian,20,1150,train,35,3.942857142857143,5,11,55.54315954756311,0.9166666666666666,0.5,192.0,0.0,0.0,276.0,82.0,0.0,0.0,0.0,84.0,0.0,0.0,9.0,37.0,0.0,0.0,0.0,0.0,0.0,0.0,9.0,0.0,0.0,0.0,0.0
C2_p9__lamarckian__s20,C2_p9__lamarckian,C2_p9,C2,lamarckian,20,1200,train,32,4.34375,7,10,87.84945004803889,0.8333333333333334,0.5,175.0,0.0,0.0,293.0,56.0,0.0,0.0,0.0,74.0,0.0,0.0,9.0,28.0,0.0,0.0,0.0,0.0,0.0,0.0,9.0,0.0,0.0,0.0,0.0
C2_p9__lamarckian__s20,C2_p9__lamarckian,C2_p9,C2,lamarckian,20,1250,train,37,4.945945945945946,12,7,72.21055617003663,0.9166666666666666,0.5,215.0,0.0,0.0,310.0,57.0,0.0,0.0,0.0,65.0,0.0,0.0,16.0,40.0,0.0,0.0,0.0,0.0,0.0,0.0,16.0,0.0,0.0,0.0,0.0
C2_p9__lamarckian__s20,C2_p9__lamarckian,C2_p9,C2,lamarckian,20,1300,train,41,4.902439024390244,13,9,54.973522649006355,0.9375,0.5,175.0,0.0,0.0,277.0,50.0,0.0,0.0,0.0,75.0,0.0,0.0,12.0,30.0,0.0,0.0,0.0,0.0,0.0,0.0,12.0,0.0,0.0,0.0,0.0
C2_p9__lamarckian__s20,C2_p9__lamarckian,C2_p9,C2,lamarckian,20,1350,train,36,4.833333333333333,5,10,61.01002112486515,0.8541666666666666,0.5,134.0,0.0,0.0,368.0,56.0,0.0,0.0,0.0,71.0,0.0,0.0,13.0,37.0,0.0,0.0,0.0,0.0,0.0,0.0,13.0,0.0,0.0,0.0,0.0
C2_p9__lamarckian__s20,C2_p9__lamarckian,C2_p9,C2,lamarckian,20,1400,train,40,5.325,17,13,48.65354814132277,0.9583333333333334,0.5,172.0,0.0,0.0,429.0,31.0,0.0,0.0,0.0,81.0,0.0,0.0,19.0,21.0,0.0,0.0,0.0,0.0,0.0,0.0,19.0,0.0,0.0,0.0,0.0
C2_p9__lamarckian__s20,C2_p9__lamarckian,C2_p9,C2,lamarckian,20,1450,train,32,5.34375,7,15,56.51884301750936,0.9583333333333334,0.5,121.0,0.0,0.0,250.0,52.0,0.0,0.0,0.0,67.0,0.0,0.0,13.0,37.0,0.0,0.0,0.0,0.0,0.0,0.0,13.0,0.0,0.0,0.0,0.0
C2_p9__lamarckian__s20,C2_p9__lamarckian,C2_p9,C2,lamarckian,20,1500,train,34,5.294117647058823,13,11,57.826347011980864,0.9375,0.5,150.0,0.0,0.0,332.0,56.0,0.0,0.0,0.0,70.0,0.0,0.0,23.0,36.0,0.0,0.0,0.0,0.0,0.0,0.0,23.0,0.0,0.0,0.0,0.0
C2_p9__lamarckian__s20,C2_p9__lamarckian,C2_p9,C2,lamarckian,20,1550,eval,34,5.0588235294117645,12,12,53.745831675601266,0.8958333333333334,0.5,251.0,0.0,0.0,262.0,57.0,0.0,0.0,52.0,94.0,0.0,0.0,11.0,30.0,0.0,0.0,4.0,0.0,0.0,0.0,11.0,0.0,0.0,0.0,4.0
C2_p9__lamarckian__s20,C2_p9__lamarckian,C2_p9,C2,lamarckian,20,1600,eval,41,5.2926829268292686,14,7,89.1231640083872,0.8541666666666666,0.5,221.0,0.0,0.0,255.0,55.0,0.0,0.0,90.0,80.0,0.0,0.0,11.0,29.0,0.0,0.0,0.0,0.0,0.0,0.0,11.0,0.0,0.0,0.0,0.0
C2_p9__lamarckian__s20,C2_p9__lamarckian,C2_p9,C2,lamarckian,20,1650,eval,44,5.2727272727272725,8,5,49.58678452471086,0.9791666666666666,0.5,245.0,0.0,0.0,260.0,61.0,0.0,0.0,78.0,90.0,0.0,0.0,9.0,30.0,0.0,0.0,4.0,0.0,0.0,0.0,9.0,0.0,0.0,0.0,4.0
C2_p9__lamarckian__s20,C2_p9__lamarckian,C2_p9,C2,lamarckian,20,1700,eval,40,5.3,5,9,74.36284532009088,0.8958333333333334,0.5,159.0,0.0,0.0,315.0,73.0,0.0,0.0,86.0,73.0,0.0,0.0,9.0,27.0,0.0,0.0,3.0,0.0,0.0,0.0,9.0,0.0,0.0,0.0,3.0
C2_p9__lamarckian__s20,C2_p9__lamarckian,C2_p9,C2,lamarckian,20,1750,eval,43,5.604651162790698,12,9,62.18576760684094,0.9791666666666666,0.5,242.0,0.0,0.0,289.0,51.0,0.0,0.0,104.0,78.0,0.0,0.0,13.0,22.0,0.0,0.0,2.0,0.0,0.0,0.0,13.0,0.0,0.0,0.0,2.0
C2_p9__lamarckian__s20,C2_p9__lamarckian,C2_p9,C2,lamarckian,20,1800,eval,43,5.627906976744186,10,10,63.087731620279754,0.9166666666666666,0.5,205.0,0.0,0.0,323.0,63.0,0.0,0.0,111.0,87.0,0.0,0.0,7.0,28.0,0.0,0.0,6.0,0.0,0.0,0.0,7.0,0.0,0.0,0.0,6.0
C2_p9__lamarckian__s21,C2_p9__lamarckian,C2_p9,C2,lamarckian,21,50,train,48,0.8125,41,13,108.25946967138054,0.7708333333333334,0.5,243.0,0.0,0.0,310.0,117.0,0.0,0.0,0.0,42.0,0.0,0.0,43.0,10.0,0.0,0.0,0.0,0.0,0.0,0.0,43.0,0.0,0.0,0.0,0.0
C2_p9__lamarckian__s21,C2_p9__lamarckian,C2_p9,C2,lamarckian,21,100,train,43,1.1627906976744187,18,23,71.32941491947469,0.9375,0.5,429.0,0.0,0.0,363.0,66.0,0.0,0.0,0.0,54.0,0.0,0.0,37.0,18.0,0.0,0.0,0.0,0.0,0.0,0.0,37.0,0.0,0.0,0.0,0.0
C2_p9__lamarckian__s21,C2_p9__lamarckian,C2_p9,C2,lamarckian,21,150,train,49,1.4081632653061225,19,13,131.7852435777214,0.7083333333333334,0.5,472.0,0.0,0.0,433.0,56.0,0.0,0.0,0.0,49.0,0.0,0.0,32.0,4.0,0.0,0.0,0.0,0.0,0.0,0.0,32.0,0.0,0.0,0.0,0.0
C2_p9__lamarckian__s21,C2_p9__lamarckian,C2_p9,C2,lamarckian,21,200,train,49,1.6122448979591837,17,17,89.47590575109409,0.8333333333333334,0.5,345.0,0.0,0.0,487.0,65.0,0.0,0.0,0.0,70.0,0.0,0.0,22.0,15.0,0.0,0.0,0.0,0.0,0.0,0.0,22.0,0.0,0.0,0.0,0.0
C2_p9__lamarckian__s21,C2_p9__lamarckian,C2_p9,C2,lamarckian,21,250,train,47,1.6808510638297873,14,16,75.95909343654344,0.875,0.5,383.0,0.0,0.0,412.0,144.0,0.0,0.0,0.0,62.0,0.0,0.0,18.0,17.0,0.0,0.0,0.0,0.0,0.0,0.0,18.0,0.0,0.0,0.0,0.0
C2_p9__lamarckian__s21,C2_p9__lamarckian,C2_p9,C2,lamarckian,21,300,train,49,1.836734693877551,18,16,61.47886365240565,0.9166666666666666,0.5,336.0,0.0,0.0,442.0,88.0,0.0,0.0,0.0,66.0,0.0,0.0,22.0,17.0,0.0,0.0,0.0,0.0,0.0,0.0,22.0,0.0,0.0,0.0,0.0
C2_p9__lamarckian__s21,C2_p9__lamarckian,C2_p9,C2,lamarckian,21,350,train,50,1.98,15,14,49.14954310592227,0.9583333333333334,0.5,418.0,0.0,0.0,368.0,58.0,0.0,0.0,0.0,75.0,0.0,0.0,20.0,9.0,0.0,0.0,0.0,0.0,0.0,0.0,20.0,0.0,0.0,0.0,0.0
C2_p9__lamarckian__s21,C2_p9__lamarckian,C2_p9,C2,lamarckian,21,400,train,41,2.2195121951219514,8,17,101.83629167683847,0.8333333333333334,0.5,215.0,0.0,0.0,383.0,50.0,0.0,0.0,0.0,57.0,0.0,0.0,23.0,8.0,0.0,0.0,0.0,0.0,0.0,0.0,23.0,0.0,0.0,0.0,0.0
C2_p9__lamarckian__s21,C2_p9__lamarckian,C2_p9,C2,lamarckian,21,450,train,44,2.4318181818181817,18,15,81.79304279099294,0.8333333333333334,0.5,246.0,0.0,0.0,425.0,44.0,0.0,0.0,0.0,83.0,0.0,0.0,14.0,16.0,0.0,0.0,0.0,0.0,0.0,0.0,14.0,0.0,0.0,0.0,0.0
C2_p9__lamarckian__s21,C2_p9__lamarckian,C2_p9,C2,lamarckian,21,500,train,46,3.0652173913043477,15,13,45.33462115910464,0.9583333333333334,0.5,317.0,0.0,0.0,425.0,46.0,0.0,0.0,0.0,90.0,0.0,0.0,17.0,16.0,0.0,0.0,0.0,0.0,0.0,0.0,17.0,0.0,0.0,0.0,0.0
C2_p9__lamarckian__s21,C2_p9__lamarckian,C2_p9,C2,lamarckian,21,550,train,38,3.289473684210526,8,16,92.45692151127139,0.8333333333333334,0.5,199.0,0.0,0.0,496.0,14.0,0.0,0.0,0.0,81.0,0.0,0.0,20.0,12.0,0.0,0.0,0.0,0.0,0.0,0.0,20.0,0.0,0.0,0.0,0.0
C2_p9__lamarckian__s21,C2_p9__lamarckian,C2_p9,C2,lamarckian,21,600,train,36,3.5555555555555554,12,14,92.02398333735403,0.8125,0.5,185.0,0.0,0.0,289.0,49.0,0.0,0.0,0.0,80.0,0.0,0.0,19.0,24.0,0.0,0.0,0.0,0.0,0.0,0.0,19.0,0.0,0.0,0.0,0.0
C2_p9__lamarckian__s21,C2_p9__lamarckian,C2_p9,C2,lamarckian,21,650,train,43,3.7674418604651163,14,7,61.57827923982406,0.8958333333333334,0.5,259.0,0.0,0.0,384.0,91.0,0.0,0.0,0.0,94.0,0.0,0.0,19.0,19.0,0.0,0.0,0.0,0.0,0.0,0.0,19.0,0.0,0.0,0.0,0.0
C2_p9__lamarckian__s21,C2_p9__lamarckian,C2_p9,C2,lamarckian,21,700,train,43,4.0,10,10,50.194288610633365,0.9375,0.5,274.0,0.0,0.0,372.0,43.0,0.0,0.0,0.0,91.0,0.0,0.0,13.0,18.0,0.0,0.0,0.0,0.0,0.0,0.0,13.0,0.0,0.0,0.0,0.0
C2_p9__lamarckian__s21,C2_p9__lamarckian,C2_p9,C2,lamarckian,21,750,train,44,4.113636363636363,6,5,60.83284784883314,0.9583333333333334,0.5,287.0,0.0,0.0,294.0,26.0,0.0,0.0,0.0,92.0,0.0,0.0,7.0,15.0,0.0,0.0,0.0,0.0,0.0,0.0,7.0,0.0,0.0,0.0,0.0
C2_p9__lamarckian__s21,C2_p9__lamarckian,C2_p9,C2,lamarckian,21,800,train,41,4.195121951219512,9,12,57.24416089428475,0.9375,0.5,242.0,0.0,0.0,306.0,40.0,0.0,0.0,0.0,73.0,0.0,0.0,15.0,20.0,0.0,0.0,0.0,0.0,0.0,0.0,15.0,0.0,0.0,0.0,0.0
C2_p9__lamarckian__s21,C2_p9__lamarckian,C2_p9,C2,lamarckian,21,850,train,33,4.121212121212121,3,11,53.043105981017746,0.9375,0.5,237.0,0.0,0.0,253.0,49.0,0.0,0.0,0.0,92.0,0.0,0.0,14.0,17.0,0.0,0.0,0.0,0.0,0.0,0.0,14.0,0.0,0.0,0.0,0.0
C2_p9__lamarckian__s21,C2_p9__lamarckian,C2_p9,C2,lamarckian,21,900,train,36,4.166666666666667,9,6,58.76727746678738,0.9583333333333334,0.5,176.0,0.0,0.0,313.0,30.0,0.0,0.0,0.0,97.0,0.0,0.0,10.0,14.0,0.0,0.0,0.0,0.0,0.0,0.0,10.0,0.0,0.0,0.0,0.0
C2_p9__lamarckian__s21,C2_p9__lamarckian,C2_p9,C2,lamarckian,21,950,train,38,4.657894736842105,12,10,49.93836543356264,0.9166666666666666,0.5,203.0,0.0,0.0,397.0,43.0,0.0,0.0,0.0,87.0,0.0,0.0,17.0,23.0,0.0,0.0,0.0,0.0,0.0,0.0,17.0,0.0,0.0,0.0,0.0
C2_p9__lamarckian__s21,C2_p9__lamarckian,C2_p9,C2,lamarckian,21,1000,train,34,4.794117647058823,10,14,68.74487873003255,0.8958333333333334,0.5,182.0,0.0,0.0,342.0,74.0,0.0,0.0,0.0,79.0,0.0,0.0,12.0,24.0,0.0,0.0,0.0,0.0,0.0,0.0,12.0,0.0,0.0,0.0,0.0
C2_p9__lamarckian__s21,C2_p9__lamarckian,C2_p9,C2,lamarckian,21,1050,train,34,5.029411764705882,11,11,48.37710297270067,0.9375,0.5,158.0,0.0,0.0,250.0,64.0,0.0,0.0,0.0,92.0,0.0,0.0,10.0,21.0,0.0,0.0,0.0,0.0,0.0,0.0,10.0,0.0,0.0,0.0,0.0
C2_p9__lamarckian__s21,C2_p9__lamarckian,C2_p9,C2,lamarckian,21,1100,train,37,5.297297297297297,11,8,60.118009880983266,0.9375,0.5,155.0,0.0,0.0,324.0,35.0,0.0,0.0,0.0,89.0,0.0,0.0,12.0,20.0,0.0,0.0,0.0,0.0,0.0,0.0,12.0,0.0,0.0,0.0,0.0
C2_p9__lamarckian__s21,C2_p9__lamarckian,C2_p9,C2,lamarckian,21,1150,train,37,5.54054054054054,10,10,57.73183534964086,0.875,0.5,226.0,0.0,0.0,351.0,21.0,0.0,0.0,0.0,88.0,0.0,0.0,15.0,13.0,0.0,0.0,0.0,0.0,0.0,0.0,15.0,0.0,0.0,0.0,0.0
C2_p9__lamarckian__s21,C2_p9__lamarckian,C2_p9,C2,lamarckian,21,1200,train,34,5.735294117647059,8,11,52.054714237965996,0.9375,0.5,216.0,0.0,0.0,308.0,20.0,0.0,0.0,0.0,96.0,0.0,0.0,13.0,13.0,0.0,0.0,0.0,0.0,0.0,0.0,13.0,0.0,0.0,0.0,0.0
C2_p9__lamarckian__s21,C2_p9__lamarckian,C2_p9,C2,lamarckian,21,1250,train,37,5.891891891891892,9,6,46.527559222282015,0.9583333333333334,0.5,183.0,0.0,0.0,174.0,38.0,0.0,0.0,0.0,101.0,0.0,0.0,8.0,19.0,0.0,0.0,0.0,0.0,0.0,0.0,8.0,0.0,0.0,0.0,0.0
C2_p9__lamarckian__s21,C2_p9__lamarckian,C2_p9,C2,lamarckian,21,1300,train,40,5.975,11,8,48.55968369892217,0.9166666666666666,0.5,187.0,0.0,0.0,284.0,35.0,0.0,0.0,0.0,95.0,0.0,0.0,12.0,22.0,0.0,0.0,0.0,0.0,0.0,0.0,12.0,0.0,0.0,0.0,0.0
C2_p9__lamarckian__s21,C2_p9__lamarckian,C2_p9,C2,lamarckian,21,1350,train,39,6.0,5,6,56.96500746459465,0.9166666666666666,0.5,205.0,0.0,0.0,298.0,41.0,0.0,0.0,0.0,95.0,0.0,0.0,12.0,22.0,0.0,0.0,0.0,0.0,0.0,0.0,12.0,0.0,0.0,0.0,0.0
C2_p9__lamarckian__s21,C2_p9__lamarckian,C2_p9,C2,lamarckian,21,1400,train,35,6.428571428571429,7,11,50.94851694643442,0.9791666666666666,0.5,203.0,0.0,0.0,323.0,29.0,0.0,0.0,0.0,100.0,0.0,0.0,18.0,17.0,0.0,0.0,0.0,0.0,0.0,0.0,18.0,0.0,0.0,0.0,0.0
C2_p9__lamarckian__s21,C2_p9__lamarckian,C2_p9,C2,lamarckian,21,1450,train,41,6.658536585365853,12,6,49.11517584414445,0.9166666666666666,0.5,175.0,0.0,0.0,366.0,52.0,0.0,0.0,0.0,90.0,0.0,0.0,15.0,27.0,0.0,0.0,0.0,0.0,0.0,0.0,15.0,0.0,0.0,0.0,0.0
C2_p9__lamarckian__s21,C2_p9__lamarckian,C2_p9,C2,lamarckian,21,1500,train,33,6.818181818181818,7,15,51.08273811494301,0.9791666666666666,0.5,195.0,0.0,0.0,299.0,34.0,0.0,0.0,0.0,102.0,0.0,0.0,9.0,19.0,0.0,0.0,0.0,0.0,0.0,0.0,9.0,0.0,0.0,0.0,0.0
C2_p9__lamarckian__s21,C2_p9__lamarckian,C2_p9,C2,lamarckian,21,1550,eval,41,7.121951219512195,13,5,59.448613190327805,0.9375,0.5,244.0,0.0,0.0,262.0,31.0,0.0,0.0,52.0,104.0,0.0,0.0,9.0,12.0,0.0,0.0,1.0,0.0,0.0,0.0,9.0,0.0,0.0,0.0,1.0
C2_p9__lamarckian__s21,C2_p9__lamarckian,C2_p9,C2,lamarckian,21,1600,eval,35,7.171428571428572,4,10,55.97701561426091,0.9583333333333334,0.5,274.0,0.0,0.0,248.0,49.0,0.0,0.0,7.0,103.0,0.0,0.0,11.0,23.0,0.0,0.0,0.0,0.0,0.0,0.0,11.0,0.0,0.0,0.0,0.0
C2_p9__lamarckian__s21,C2_p9__lamarckian,C2_p9,C2,lamarckian,21,1650,eval,35,7.3428571428571425,8,8,53.25632966667865,0.9166666666666666,0.5,226.0,0.0,0.0,280.0,41.0,0.0,0.0,49.0,92.0,0.0,0.0,14.0,21.0,0.0,0.0,2.0,0.0,0.0,0.0,14.0,0.0,0.0,0.0,2.0
C2_p9__lamarckian__s21,C2_p9__lamarckian,C2_p9,C2,lamarckian,21,1700,eval,27,7.7407407407407405,5,13,82.13996252733833,0.8333333333333334,0.5,225.0,0.0,0.0,265.0,25.0,0.0,0.0,71.0,99.0,0.0,0.0,11.0,13.0,0.0,0.0,1.0,0.0,0.0,0.0,11.0,0.0,0.0,0.0,1.0
C2_p9__lamarckian__s21,C2_p9__lamarckian,C2_p9,C2,lamarckian,21,1750,eval,36,8.194444444444445,15,6,70.63089776771923,0.8541666666666666,0.5,227.0,0.0,0.0,227.0,34.0,0.0,0.0,64.0,108.0,0.0,0.0,10.0,11.0,0.0,0.0,5.0,0.0,0.0,0.0,10.0,0.0,0.0,0.0,5.0
C2_p9__lamarckian__s21,C2_p9__lamarckian,C2_p9,C2,lamarckian,21,1800,eval,39,8.23076923076923,9,6,88.20496034674747,0.8541666666666666,0.5,199.0,0.0,0.0,332.0,61.0,0.0,0.0,42.0,91.0,0.0,0.0,11.0,22.0,0.0,0.0,1.0,0.0,0.0,0.0,11.0,0.0,0.0,0.0,1.0
C2_p9__lamarckian__s22,C2_p9__lamarckian,C2_p9,C2,lamarckian,22,50,train,50,0.9,42,12,98.60033164664794,0.8333333333333334,0.5,288.0,0.0,0.0,294.0,142.0,0.0,0.0,0.0,36.0,0.0,0.0,49.0,24.0,0.0,0.0,0.0,0.0,0.0,0.0,49.0,0.0,0.0,0.0,0.0
C2_p9__lamarckian__s22,C2_p9__lamarckian,C2_p9,C2,lamarckian,22,100,train,50,1.0,16,16,88.70033676182459,0.7916666666666666,0.5,419.0,0.0,0.0,409.0,164.0,0.0,0.0,0.0,42.0,0.0,0.0,32.0,28.0,0.0,0.0,0.0,0.0,0.0,0.0,32.0,0.0,0.0,0.0,0.0
C2_p9__lamarckian__s22,C2_p9__lamarckian,C2_p9,C2,lamarckian,22,150,train,50,1.14,21,21,60.39919187828492,0.8958333333333334,0.5,627.0,0.0,0.0,658.0,112.0,0.0,0.0,0.0,46.0,0.0,0.0,43.0,19.0,0.0,0.0,0.0,0.0,0.0,0.0,43.0,0.0,0.0,0.0,0.0
C2_p9__lamarckian__s22,C2_p9__lamarckian,C2_p9,C2,lamarckian,22,200,train,50,1.24,12,12,97.01370106733444,0.7291666666666666,0.5,534.0,0.0,0.0,490.0,164.0,0.0,0.0,0.0,53.0,0.0,0.0,19.0,22.0,0.0,0.0,0.0,0.0,0.0,0.0,19.0,0.0,0.0,0.0,0.0
C2_p9__lamarckian__s22,C2_p9__lamarckian,C2_p9,C2,lamarckian,22,250,train,50,1.38,11,11,91.75193268113476,0.8125,0.5,460.0,0.0,0.0,290.0,189.0,0.0,0.0,0.0,63.0,0.0,0.0,20.0,20.0,0.0,0.0,0.0,0.0,0.0,0.0,20.0,0.0,0.0,0.0,0.0
C2_p9__lamarckian__s22,C2_p9__lamarckian,C2_p9,C2,lamarckian,22,300,train,50,1.4,7,7,133.98343255174387,0.5625,0.5,430.0,0.0,0.0,480.0,187.0,0.0,0.0,0.0,37.0,0.0,0.0,21.0,24.0,0.0,0.0,0.0,0.0,0.0,0.0,21.0,0.0,0.0,0.0,0.0
C2_p9__lamarckian__s22,C2_p9__lamarckian,C2_p9,C2,lamarckian,22,350,train,50,1.36,8,8,77.4188803837487,0.7916666666666666,0.5,517.0,0.0,0.0,661.0,165.0,0.0,0.0,0.0,60.0,0.0,0.0,21.0,16.0,0.0,0.0,0.0,0.0,0.0,0.0,21.0,0.0,0.0,0.0,0.0
C2_p9__lamarckian__s22,C2_p9__lamarckian,C2_p9,C2,lamarckian,22,400,train,50,1.36,8,8,87.80938591714963,0.8125,0.5,398.0,0.0,0.0,539.0,184.0,0.0,0.0,0.0,59.0,0.0,0.0,23.0,26.0,0.0,0.0,0.0,0.0,0.0,0.0,23.0,0.0,0.0,0.0,0.0
C2_p9__lamarckian__s22,C2_p9__lamarckian,C2_p9,C2,lamarckian,22,450,train,50,1.36,2,2,105.00256565160423,0.75,0.5,403.0,0.0,0.0,282.0,88.0,0.0,0.0,0.0,76.0,0.0,0.0,2.0,27.0,0.0,0.0,0.0,0.0,0.0,0.0,2.0,0.0,0.0,0.0,0.0
C2_p9__lamarckian__s22,C2_p9__lamarckian,C2_p9,C2,lamarckian,22,500,train,50,1.6,10,10,88.63477899213112,0.875,0.5,310.0,0.0,0.0,431.0,30.0,0.0,0.0,0.0,68.0,0.0,0.0,12.0,21.0,0.0,0.0,0.0,0.0,0.0,0.0,12.0,0.0,0.0,0.0,0.0
C2_p9__lamarckian__s22,C2_p9__lamarckian,C2_p9,C2,lamarckian,22,550,train,50,1.96,16,16,33.92855131568444,0.9791666666666666,0.5,321.0,0.0,0.0,413.0,94.0,0.0,0.0,0.0,81.0,0.0,0.0,9.0,31.0,0.0,0.0,0.0,0.0,0.0,0.0,9.0,0.0,0.0,0.0,0.0
C2_p9__lamarckian__s22,C2_p9__lamarckian,C2_p9,C2,lamarckian,22,600,train,50,2.14,21,21,80.39427908135198,0.875,0.5,220.0,0.0,0.0,367.0,67.0,0.0,0.0,0.0,53.0,0.0,0.0,17.0,24.0,0.0,0.0,0.0,0.0,0.0,0.0,17.0,0.0,0.0,0.0,0.0
C2_p9__lamarckian__s22,C2_p9__lamarckian,C2_p9,C2,lamarckian,22,650,train,50,2.38,16,16,61.512655422855204,0.8958333333333334,0.5,264.0,0.0,0.0,327.0,79.0,0.0,0.0,0.0,73.0,0.0,0.0,26.0,34.0,0.0,0.0,0.0,0.0,0.0,0.0,26.0,0.0,0.0,0.0,0.0
C2_p9__lamarckian__s22,C2_p9__lamarckian,C2_p9,C2,lamarckian,22,700,train,50,2.6,13,13,48.53653703814406,0.8541666666666666,0.5,322.0,0.0,0.0,246.0,48.0,0.0,0.0,0.0,68.0,0.0,0.0,14.0,26.0,0.0,0.0,0.0,0.0,0.0,0.0,14.0,0.0,0.0,0.0,0.0
C2_p9__lamarckian__s22,C2_p9__lamarckian,C2_p9,C2,lamarckian,22,750,train,50,2.68,11,11,81.90337968258683,0.8541666666666666,0.5,240.0,0.0,0.0,217.0,40.0,0.0,0.0,0.0,70.0,0.0,0.0,7.0,22.0,0.0,0.0,0.0,0.0,0.0,0.0,7.0,0.0,0.0,0.0,0.0
C2_p9__lamarckian__s22,C2_p9__lamarckian,C2_p9,C2,lamarckian,22,800,train,50,2.82,14,14,51.025705541890204,0.9375,0.5,194.0,0.0,0.0,242.0,76.0,0.0,0.0,0.0,78.0,0.0,0.0,10.0,28.0,0.0,0.0,0.0,0.0,0.0,0.0,10.0,0.0,0.0,0.0,0.0
C2_p9__lamarckian__s22,C2_p9__lamarckian,C2_p9,C2,lamarckian,22,850,train,50,2.9,16,16,43.60029224688243,0.9791666666666666,0.5,189.0,0.0,0.0,370.0,59.0,0.0,0.0,0.0,78.0,0.0,0.0,12.0,27.0,0.0,0.0,0.0,0.0,0.0,0.0,12.0,0.0,0.0,0.0,0.0
C2_p9__lamarckian__s22,C2_p9__lamarckian,C2_p9,C2,lamarckian,22,900,train,50,2.94,8,8,61.304396961886845,0.875,0.5,263.0,0.0,0.0,322.0,96.0,0.0,0.0,0.0,82.0,0.0,0.0,10.0,25.0,0.0,0.0,0.0,0.0,0.0,0.0,10.0,0.0,0.0,0.0,0.0
C2_p9__lamarckian__s22,C2_p9__lamarckian,C2_p9,C2,lamarckian,22,950,train,50,3.14,6,6,48.539464623289845,0.9166666666666666,0.5,232.0,0.0,0.0,252.0,90.0,0.0,0.0,0.0,86.0,0.0,0.0,6.0,33.0,0.0,0.0,0.0,0.0,0.0,0.0,6.0,0.0,0.0,0.0,0.0
C2_p9__lamarckian__s22,C2_p9__lamarckian,C2_p9,C2,lamarckian,22,1000,train,46,3.4782608695652173,9,13,46.48683874747101,0.9375,0.5,155.0,0.0,0.0,444.0,63.0,0.0,0.0,0.0,66.0,0.0,0.0,9.0,26.0,0.0,0.0,0.0,0.0,0.0,0.0,9.0,0.0,0.0,0.0,0.0
C2_p9__lamarckian__s22,C2_p9__lamarckian,C2_p9,C2,lamarckian,22,1050,train,39,3.6666666666666665,9,16,76.81203092071054,0.8958333333333334,0.5,185.0,0.0,0.0,382.0,65.0,0.0,0.0,0.0,73.0,0.0,0.0,19.0,26.0,0.0,0.0,0.0,0.0,0.0,0.0,19.0,0.0,0.0,0.0,0.0
C2_p9__lamarckian__s22,C2_p9__lamarckian,C2_p9,C2,lamarckian,22,1100,train,32,3.875,6,13,85.25577847635469,0.8333333333333334,0.5,193.0,0.0,0.0,206.0,67.0,0.0,0.0,0.0,78.0,0.0,0.0,11.0,34.0,0.0,0.0,0.0,0.0,0.0,0.0,11.0,0.0,0.0,0.0,0.0
C2_p9__lamarckian__s22,C2_p9__lamarckian,C2_p9,C2,lamarckian,22,1150,train,45,4.266666666666667,19,6,68.83013767515467,0.9166666666666666,0.5,301.0,0.0,0.0,287.0,46.0,0.0,0.0,0.0,92.0,0.0,0.0,9.0,30.0,0.0,0.0,0.0,0.0,0.0,0.0,9.0,0.0,0.0,0.0,0.0
C2_p9__lamarckian__s22,C2_p9__lamarckian,C2_p9,C2,lamarckian,22,1200,train,49,4.489795918367347,9,5,39.43300950699997,0.9375,0.5,156.0,0.0,0.0,187.0,73.0,0.0,0.0,0.0,80.0,0.0,0.0,4.0,38.0,0.0,0.0,0.0,0.0,0.0,0.0,4.0,0.0,0.0,0.0,0.0
C2_p9__lamarckian__s22,C2_p9__lamarckian,C2_p9,C2,lamarckian,22,1250,train,40,4.675,2,11,62.88739266939055,0.9583333333333334,0.5,139.0,0.0,0.0,232.0,63.0,0.0,0.0,0.0,67.0,0.0,0.0,6.0,34.0,0.0,0.0,0.0,0.0,0.0,0.0,6.0,0.0,0.0,0.0,0.0
C2_p9__lamarckian__s22,C2_p9__lamarckian,C2_p9,C2,lamarckian,22,1300,train,43,5.046511627906977,13,10,56.74149329276172,0.8958333333333334,0.5,198.0,0.0,0.0,338.0,67.0,0.0,0.0,0.0,88.0,0.0,0.0,7.0,28.0,0.0,0.0,0.0,0.0,0.0,0.0,7.0,0.0,0.0,0.0,0.0
C2_p9__lamarckian__s22,C2_p9__lamarckian,C2_p9,C2,lamarckian,22,1350,train,47,5.76595744680851,14,10,63.440777345172904,0.8333333333333334,0.5,198.0,0.0,0.0,326.0,79.0,0.0,0.0,0.0,83.0,0.0,0.0,7.0,27.0,0.0,0.0,0.0,0.0,0.0,0.0,7.0,0.0,0.0,0.0,0.0
C2_p9__lamarckian__s22,C2_p9__lamarckian,C2_p9,C2,lamarckian,22,1400,train,48,5.833333333333333,6,5,31.304855398270245,1.0,0.5,172.0,0.0,0.0,202.0,62.0,0.0,0.0,0.0,92.0,0.0,0.0,6.0,25.0,0.0,0.0,0.0,0.0,0.0,0.0,6.0,0.0,0.0,0.0,0.0
C2_p9__lamarckian__s22,C2_p9__lamarckian,C2_p9,C2,lamarckian,22,1450,train,42,5.880952380952381,3,9,55.7534908583778,0.9166666666666666,0.5,192.0,0.0,0.0,188.0,68.0,0.0,0.0,0.0,68.0,0.0,0.0,8.0,26.0,0.0,0.0,0.0,0.0,0.0,0.0,8.0,0.0,0.0,0.0,0.0
C2_p9__lamarckian__s22,C2_p9__lamarckian,C2_p9,C2,lamarckian,22,1500,train,35,6.0285714285714285,4,11,44.639204164933524,0.9791666666666666,0.5,196.0,0.0,0.0,268.0,68.0,0.0,0.0,0.0,89.0,0.0,0.0,9.0,33.0,0.0,0.0,0.0,0.0,0.0,0.0,9.0,0.0,0.0,0.0,0.0
C2_p9__lamarckian__s22,C2_p9__lamarckian,C2_p9,C2,lamarckian,22,1550,eval,39,6.17948717948718,10,6,52.634929584395024,0.9375,0.5,156.0,0.0,0.0,186.0,53.0,0.0,0.0,42.0,75.0,0.0,0.0,12.0,26.0,0.0,0.0,0.0,0.0,0.0,0.0,12.0,0.0,0.0,0.0,0.0
C2_p9__lamarckian__s22,C2_p9__lamarckian,C2_p9,C2,lamarckian,22,1600,eval,33,6.242424242424242,5,11,57.94050512202416,0.8958333333333334,0.5,224.0,0.0,0.0,208.0,43.0,0.0,0.0,82.0,97.0,0.0,0.0,9.0,21.0,0.0,0.0,4.0,0.0,0.0,0.0,9.0,0.0,0.0,0.0,4.0
C2_p9__lamarckian__s22,C2_p9__lamarckian,C2_p9,C2,lamarckian,22,1650,eval,35,6.742857142857143,13,11,77.2359221655974,0.875,0.5,193.0,0.0,0.0,214.0,49.0,0.0,0.0,60.0,85.0,0.0,0.0,7.0,21.0,0.0,0.0,4.0,0.0,0.0,0.0,7.0,0.0,0.0,0.0,4.0
C2_p9__lamarckian__s22,C2_p9__lamarckian,C2_p9,C2,lamarckian,22,1700,eval,41,6.926829268292683,13,7,82.36995860414622,0.8333333333333334,0.5,258.0,0.0,0.0,285.0,45.0,0.0,0.0,38.0,92.0,0.0,0.0,16.0,24.0,0.0,0.0,1.0,0.0,0.0,0.0,16.0,0.0,0.0,0.0,1.0
C2_p9__lamarckian__s22,C2_p9__lamarckian,C2_p9,C2,lamarckian,22,1750,eval,48,7.375,15,8,69.53431786986128,0.9166666666666666,0.5,272.0,0.0,0.0,240.0,58.0,0.0,0.0,87.0,89.0,0.0,0.0,14.0,24.0,0.0,0.0,7.0,0.0,0.0,0.0,14.0,0.0,0.0,0.0,7.0
C2_p9__lamarckian__s22,C2_p9__lamarckian,C2_p9,C2,lamarckian,22,1800,eval,44,7.681818181818182,7,11,43.7287695905024,0.9583333333333334,0.5,317.0,0.0,0.0,304.0,35.0,0.0,0.0,36.0,106.0,0.0,0.0,11.0,17.0,0.0,0.0,3.0,0.0,0.0,0.0,11.0,0.0,0.0,0.0,3.0
C2_p9__lamarckian__s23,C2_p9__lamarckian,C2_p9,C2,lamarckian,23,50,train,50,1.06,42,12,50.644657640264924,0.9375,0.5,273.0,0.0,0.0,313.0,130.0,0.0,0.0,0.0,56.0,0.0,0.0,42.0,24.0,0.0,0.0,0.0,0.0,0.0,0.0,42.0,0.0,0.0,0.0,0.0
C2_p9__lamarckian__s23,C2_p9__lamarckian,C2_p9,C2,lamarckian,23,100,train,44,1.1590909090909092,14,20,80.4151059815015,0.8125,0.5,352.0,0.0,0.0,437.0,89.0,0.0,0.0,0.0,53.0,0.0,0.0,35.0,22.0,0.0,0.0,0.0,0.0,0.0,0.0,35.0,0.0,0.0,0.0,0.0
C2_p9__lamarckian__s23,C2_p9__lamarckian,C2_p9,C2,lamarckian,23,150,train,42,1.5714285714285714,21,23,83.19875541898828,0.8958333333333334,0.5,411.0,0.0,0.0,504.0,36.0,0.0,0.0,0.0,52.0,0.0,0.0,41.0,9.0,0.0,0.0,0.0,0.0,0.0,0.0,41.0,0.0,0.0,0.0,0.0
C2_p9__lamarckian__s23,C2_p9__lamarckian,C2_p9,C2,lamarckian,23,200,train,46,2.0,24,20,101.64878715732323,0.7708333333333334,0.5,492.0,0.0,0.0,469.0,74.0,0.0,0.0,0.0,58.0,0.0,0.0,31.0,17.0,0.0,0.0,0.0,0.0,0.0,0.0,31.0,0.0,0.0,0.0,0.0
C2_p9__lamarckian__s23,C2_p9__lamarckian,C2_p9,C2,lamarckian,23,250,train,50,2.12,15,11,89.40804822566454,0.875,0.5,561.0,0.0,0.0,377.0,44.0,0.0,0.0,0.0,75.0,0.0,0.0,17.0,14.0,0.0,0.0,0.0,0.0,0.0,0.0,17.0,0.0,0.0,0.0,0.0
C2_p9__lamarckian__s23,C2_p9__lamarckian,C2_p9,C2,lamarckian,23,300,train,50,2.04,16,16,126.49934260122161,0.75,0.5,359.0,0.0,0.0,438.0,115.0,0.0,0.0,0.0,50.0,0.0,0.0,29.0,22.0,0.0,0.0,0.0,0.0,0.0,0.0,29.0,0.0,0.0,0.0,0.0
C2_p9__lamarckian__s23,C2_p9__lamarckian,C2_p9,C2,lamarckian,23,350,train,50,2.08,11,11,139.33496200978735,0.625,0.5,488.0,0.0,0.0,409.0,91.0,0.0,0.0,0.0,48.0,0.0,0.0,15.0,25.0,0.0,0.0,0.0,0.0,0.0,0.0,15.0,0.0,0.0,0.0,0.0
C2_p9__lamarckian__s23,C2_p9__lamarckian,C2_p9,C2,lamarckian,23,400,train,50,2.12,7,7,75.0258643357302,0.8333333333333334,0.5,585.0,0.0,0.0,564.0,144.0,0.0,0.0,0.0,60.0,0.0,0.0,24.0,32.0,0.0,0.0,0.0,0.0,0.0,0.0,24.0,0.0,0.0,0.0,0.0
C2_p9__lamarckian__s23,C2_p9__lamarckian,C2_p9,C2,lamarckian,23,450,train,50,2.08,11,11,71.60368199429365,0.8333333333333334,0.5,518.0,0.0,0.0,489.0,115.0,0.0,0.0,0.0,60.0,0.0,0.0,22.0,20.0,0.0,0.0,0.0,0.0,0.0,0.0,22.0,0.0,0.0,0.0,0.0
C2_p9__lamarckian__s23,C2_p9__lamarckian,C2_p9,C2,lamarckian,23,500,train,50,2.22,5,5,69.54734619270485,0.875,0.5,479.0,0.0,0.0,390.0,103.0,0.0,0.0,0.0,80.0,0.0,0.0,10.0,22.0,0.0,0.0,0.0,0.0,0.0,0.0,10.0,0.0,0.0,0.0,0.0
C2_p9__lamarckian__s23,C2_p9__lamarckian,C2_p9,C2,lamarckian,23,550,train,50,2.38,13,13,69.1104832148494,0.8541666666666666,0.5,474.0,0.0,0.0,366.0,49.0,0.0,0.0,0.0,75.0,0.0,0.0,20.0,20.0,0.0,0.0,0.0,0.0,0.0,0.0,20.0,0.0,0.0,0.0,0.0
C2_p9__lamarckian__s23,C2_p9__lamarckian,C2_p9,C2,lamarckian,23,600,train,50,2.64,13,13,54.44815383308466,0.9166666666666666,0.5,405.0,0.0,0.0,313.0,67.0,0.0,0.0,0.0,66.0,0.0,0.0,16.0,16.0,0.0,0.0,0.0,0.0,0.0,0.0,16.0,0.0,0.0,0.0,0.0
C2_p9__lamarckian__s23,C2_p9__lamarckian,C2_p9,C2,lamarckian,23,650,train,50,3.18,21,21,63.20409589743353,0.875,0.5,278.0,0.0,0.0,319.0,45.0,0.0,0.0,0.0,59.0,0.0,0.0,15.0,20.0,0.0,0.0,0.0,0.0,0.0,0.0,15.0,0.0,0.0,0.0,0.0
C2_p9__lamarckian__s23,C2_p9__lamarckian,C2_p9,C2,lamarckian,23,700,train,50,3.2,20,20,47.51002501541568,0.9583333333333334,0.5,318.0,0.0,0.0,326.0,61.0,0.0,0.0,0.0,77.0,0.0,0.0,21.0,24.0,0.0,0.0,0.0,0.0,0.0,0.0,21.0,0.0,0.0,0.0,0.0
C2_p9__lamarckian__s23,C2_p9__lamarckian,C2_p9,C2,lamarckian,23,750,train,50,3.04,12,12,68.71583837509121,0.8958333333333334,0.5,289.0,0.0,0.0,357.0,57.0,0.0,0.0,0.0,74.0,0.0,0.0,14.0,24.0,0.0,0.0,0.0,0.0,0.0,0.0,14.0,0.0,0.0,0.0,0.0
C2_p9__lamarckian__s23,C2_p9__lamarckian,C2_p9,C2,lamarckian,23,800,train,50,2.94,20,20,68.94433424199288,0.8541666666666666,0.5,271.0,0.0,0.0,300.0,60.0,0.0,0.0,0.0,78.0,0.0,0.0,10.0,25.0,0.0,0.0,0.0,0.0,0.0,0.0,10.0,0.0,0.0,0.0,0.0
C2_p9__lamarckian__s23,C2_p9__lamarckian,C2_p9,C2,lamarckian,23,850,train,50,3.26,12,12,48.16077416534428,0.9583333333333334,0.5,326.0,0.0,0.0,396.0,63.0,0.0,0.0,0.0,79.0,0.0,0.0,20.0,28.0,0.0,0.0,0.0,0.0,0.0,0.0,20.0,0.0,0.0,0.0,0.0
C2_p9__lamarckian__s23,C2_p9__lamarckian,C2_p9,C2,lamarckian,23,900,train,46,3.391304347826087,19,23,52.048168919810706,0.9166666666666666,0.5,293.0,0.0,0.0,413.0,66.0,0.0,0.0,0.0,71.0,0.0,0.0,16.0,16.0,0.0,0.0,0.0,0.0,0.0,0.0,16.0,0.0,0.0,0.0,0.0
C2_p9__lamarckian__s23,C2_p9__lamarckian,C2_p9,C2,lamarckian,23,950,train,46,3.717391304347826,11,11,49.21176809349845,0.9375,0.5,241.0,0.0,0.0,322.0,56.0,0.0,0.0,0.0,70.0,0.0,0.0,13.0,31.0,0.0,0.0,0.0,0.0,0.0,0.0,13.0,0.0,0.0,0.0,0.0
C2_p9__lamarckian__s23,C2_p9__lamarckian,C2_p9,C2,lamarckian,23,1000,train,43,3.744186046511628,7,10,61.50762192469122,0.9375,0.5,213.0,0.0,0.0,308.0,52.0,0.0,0.0,0.0,79.0,0.0,0.0,13.0,16.0,0.0,0.0,0.0,0.0,0.0,0.0,13.0,0.0,0.0,0.0,0.0
C2_p9__lamarckian__s23,C2_p9__lamarckian,C2_p9,C2,lamarckian,23,1050,train,43,3.7674418604651163,10,10,37.39280073753533,0.9791666666666666,0.5,262.0,0.0,0.0,347.0,52.0,0.0,0.0,0.0,95.0,0.0,0.0,11.0,22.0,0.0,0.0,0.0,0.0,0.0,0.0,11.0,0.0,0.0,0.0,0.0
C2_p9__lamarckian__s23,C2_p9__lamarckian,C2_p9,C2,lamarckian,23,1100,train,39,3.871794871794872,9,13,56.50300143798072,0.9166666666666666,0.5,154.0,0.0,0.0,277.0,67.0,0.0,0.0,0.0,70.0,0.0,0.0,9.0,29.0,0.0,0.0,0.0,0.0,0.0,0.0,9.0,0.0,0.0,0.0,0.0
C2_p9__lamarckian__s23,C2_p9__lamarckian,C2_p9,C2,lamarckian,23,1150,train,30,3.966666666666667,5,14,71.58850359937135,0.9166666666666666,0.5,182.0,0.0,0.0,263.0,99.0,0.0,0.0,0.0,82.0,0.0,0.0,14.0,19.0,0.0,0.0,0.0,0.0,0.0,0.0,14.0,0.0,0.0,0.0,0.0
C2_p9__lamarckian__s23,C2_p9__lamarckian,C2_p9,C2,lamarckian,23,1200,train,39,4.384615384615385,13,4,39.42111788284111,0.9791666666666666,0.5,287.0,0.0,0.0,284.0,137.0,0.0,0.0,0.0,91.0,0.0,0.0,11.0,28.0,0.0,0.0,0.0,0.0,0.0,0.0,11.0,0.0,0.0,0.0,0.0
C2_p9__lamarckian__s23,C2_p9__lamarckian,C2_p9,C2,lamarckian,23,1250,train,46,4.521739130434782,11,4,52.32146667490575,0.9166666666666666,0.5,180.0,0.0,0.0,393.0,138.0,0.0,0.0,0.0,84.0,0.0,0.0,8.0,27.0,0.0,0.0,0.0,0.0,0.0,0.0,8.0,0.0,0.0,0.0,0.0
C2_p9__lamarckian__s23,C2_p9__lamarckian,C2_p9,C2,lamarckian,23,1300,train,48,4.854166666666667,13,11,57.036993449077315,0.8958333333333334,0.5,268.0,0.0,0.0,349.0,76.0,0.0,0.0,0.0,86.0,0.0,0.0,7.0,22.0,0.0,0.0,0.0,0.0,0.0,0.0,7.0,0.0,0.0,0.0,0.0
C2_p9__lamarckian__s23,C2_p9__lamarckian,C2_p9,C2,lamarckian,23,1350,train,39,5.0,2,11,49.44061190059698,0.9375,0.5,181.0,0.0,0.0,197.0,89.0,0.0,0.0,0.0,77.0,0.0,0.0,5.0,29.0,0.0,0.0,0.0,0.0,0.0,0.0,5.0,0.0,0.0,0.0,0.0
C2_p9__lamarckian__s23,C2_p9__lamarckian,C2_p9,C2,lamarckian,23,1400,train,37,5.135135135135135,8,10,57.09537877222712,0.9375,0.5,178.0,0.0,0.0,338.0,75.0,0.0,0.0,0.0,84.0,0.0,0.0,4.0,29.0,0.0,0.0,0.0,0.0,0.0,0.0,4.0,0.0,0.0,0.0,0.0
C2_p9__lamarckian__s23,C2_p9__lamarckian,C2_p9,C2,lamarckian,23,1450,train,42,5.285714285714286,13,8,39.13199381276051,0.9583333333333334,0.5,235.0,0.0,0.0,296.0,28.0,0.0,0.0,0.0,101.0,0.0,0.0,12.0,18.0,0.0,0.0,0.0,0.0,0.0,0.0,12.0,0.0,0.0,0.0,0.0
C2_p9__lamarckian__s23,C2_p9__lamarckian,C2_p9,C2,lamarckian,23,1500,train,37,5.27027027027027,4,9,73.8642361781382,0.9166666666666666,0.5,194.0,0.0,0.0,358.0,54.0,0.0,0.0,0.0,77.0,0.0,0.0,11.0,25.0,0.0,0.0,0.0,0.0,0.0,0.0,11.0,0.0,0.0,0.0,0.0
C2_p9__lamarckian__s23,C2_p9__lamarckian,C2_p9,C2,lamarckian,23,1550,eval,38,5.552631578947368,13,12,109.67503170760939,0.7916666666666666,0.5,201.0,0.0,0.0,372.0,43.0,0.0,0.0,51.0,73.0,0.0,0.0,15.0,20.0,0.0,0.0,3.0,0.0,0.0,0.0,15.0,0.0,0.0,0.0,3.0
C2_p9__lamarckian__s23,C2_p9__lamarckian,C2_p9,C2,lamarckian,23,1600,eval,40,5.75,14,12,51.948053516473614,0.9583333333333334,0.5,241.0,0.0,0.0,442.0,32.0,0.0,0.0,52.0,101.0,0.0,0.0,17.0,16.0,0.0,0.0,4.0,0.0,0.0,0.0,17.0,0.0,0.0,0.0,4.0
C2_p9__lamarckian__s23,C2_p9__lamarckian,C2_p9,C2,lamarckian,23,1650,eval,33,5.96969696969697,6,13,76.54408279718976,0.8541666666666666,0.5,264.0,0.0,0.0,258.0,45.0,0.0,0.0,66.0,94.0,0.0,0.0,11.0,17.0,0.0,0.0,1.0,0.0,0.0,0.0,11.0,0.0,0.0,0.0,1.0
C2_p9__lamarckian__s23,C2_p9__lamarckian,C2_p9,C2,lamarckian,23,1700,eval,35,6.457142857142857,13,11,59.16996068104902,0.8541666666666666,0.5,267.0,0.0,0.0,289.0,55.0,0.0,0.0,88.0,110.0,0.0,0.0,16.0,16.0,0.0,0.0,3.0,0.0,0.0,0.0,16.0,0.0,0.0,0.0,3.0
C2_p9__lamarckian__s23,C2_p9__lamarckian,C2_p9,C2,lamarckian,23,1750,eval,31,6.258064516129032,11,15,68.20063056497231,0.8958333333333334,0.5,257.0,0.0,0.0,344.0,76.0,0.0,0.0,75.0,82.0,0.0,0.0,23.0,27.0,0.0,0.0,5.0,0.0,0.0,0.0,23.0,0.0,0.0,0.0,5.0
C2_p9__lamarckian__s23,C2_p9__lamarckian,C2_p9,C2,lamarckian,23,1800,eval,35,6.371428571428571,13,9,65.32684550271608,0.9166666666666666,0.5,241.0,0.0,0.0,275.0,58.0,0.0,0.0,81.0,96.0,0.0,0.0,9.0,26.0,0.0,0.0,2.0,0.0,0.0,0.0,9.0,0.0,0.0,0.0,2.0
C2_p9__lamarckian__s24,C2_p9__lamarckian,C2_p9,C2,lamarckian,24,50,train,50,0.88,40,10,109.34670623154865,0.7916666666666666,0.5,249.0,0.0,0.0,265.0,197.0,0.0,0.0,0.0,40.0,0.0,0.0,38.0,27.0,0.0,0.0,0.0,0.0,0.0,0.0,38.0,0.0,0.0,0.0,0.0
C2_p9__lamarckian__s24,C2_p9__lamarckian,C2_p9,C2,lamarckian,24,100,train,49,0.9795918367346939,14,15,80.03504443498574,0.875,0.5,433.0,0.0,0.0,444.0,106.0,0.0,0.0,0.0,52.0,0.0,0.0,30.0,19.0,0.0,0.0,0.0,0.0,0.0,0.0,30.0,0.0,0.0,0.0,0.0
C2_p9__lamarckian__s24,C2_p9__lamarckian,C2_p9,C2,lamarckian,24,150,train,50,1.06,18,17,153.93805596704001,0.6875,0.5,383.0,0.0,0.0,518.0,119.0,0.0,0.0,0.0,46.0,0.0,0.0,29.0,19.0,0.0,0.0,0.0,0.0,0.0,0.0,29.0,0.0,0.0,0.0,0.0
C2_p9__lamarckian__s24,C2_p9__lamarckian,C2_p9,C2,lamarckian,24,200,train,50,1.06,9,9,104.91720541382706,0.7708333333333334,0.5,380.0,0.0,0.0,424.0,138.0,0.0,0.0,0.0,60.0,0.0,0.0,19.0,26.0,0.0,0.0,0.0,0.0,0.0,0.0,19.0,0.0,0.0,0.0,0.0
C2_p9__lamarckian__s24,C2_p9__lamarckian,C2_p9,C2,lamarckian,24,250,train,50,1.02,12,12,75.27294144446876,0.875,0.5,403.0,0.0,0.0,494.0,81.0,0.0,0.0,0.0,67.0,0.0,0.0,23.0,16.0,0.0,0.0,0.0,0.0,0.0,0.0,23.0,0.0,0.0,0.0,0.0
C2_p9__lamarckian__s24,C2_p9__lamarckian,C2_p9,C2,lamarckian,24,300,train,50,1.06,12,12,80.528768535241,0.8333333333333334,0.5,473.0,0.0,0.0,410.0,180.0,0.0,0.0,0.0,58.0,0.0,0.0,23.0,29.0,0.0,0.0,0.0,0.0,0.0,0.0,23.0,0.0,0.0,0.0,0.0
C2_p9__lamarckian__s24,C2_p9__lamarckian,C2_p9,C2,lamarckian,24,350,train,50,1.0,16,16,79.68908713588381,0.875,0.5,433.0,0.0,0.0,484.0,114.0,0.0,0.0,0.0,49.0,0.0,0.0,32.0,26.0,0.0,0.0,0.0,0.0,0.0,0.0,32.0,0.0,0.0,0.0,0.0
C2_p9__lamarckian__s24,C2_p9__lamarckian,C2_p9,C2,lamarckian,24,400,train,50,1.02,14,14,63.57047773241145,0.9166666666666666,0.5,465.0,0.0,0.0,426.0,186.0,0.0,0.0,0.0,48.0,0.0,0.0,24.0,29.0,0.0,0.0,0.0,0.0,0.0,0.0,24.0,0.0,0.0,0.0,0.0
C2_p9__lamarckian__s24,C2_p9__lamarckian,C2_p9,C2,lamarckian,24,450,train,50,1.04,13,13,76.31052333191448,0.8958333333333334,0.5,474.0,0.0,0.0,369.0,109.0,0.0,0.0,0.0,61.0,0.0,0.0,25.0,20.0,0.0,0.0,0.0,0.0,0.0,0.0,25.0,0.0,0.0,0.0,0.0
C2_p9__lamarckian__s24,C2_p9__lamarckian,C2_p9,C2,lamarckian,24,500,train,50,1.4,16,16,95.67779156418933,0.7916666666666666,0.5,418.0,0.0,0.0,622.0,135.0,0.0,0.0,0.0,55.0,0.0,0.0,22.0,26.0,0.0,0.0,0.0,0.0,0.0,0.0,22.0,0.0,0.0,0.0,0.0
C2_p9__lamarckian__s24,C2_p9__lamarckian,C2_p9,C2,lamarckian,24,550,train,50,1.72,22,22,85.98115423940884,0.7708333333333334,0.5,432.0,0.0,0.0,481.0,114.0,0.0,0.0,0.0,59.0,0.0,0.0,25.0,22.0,0.0,0.0,0.0,0.0,0.0,0.0,25.0,0.0,0.0,0.0,0.0
C2_p9__lamarckian__s24,C2_p9__lamarckian,C2_p9,C2,lamarckian,24,600,train,50,1.74,14,14,96.77938742002502,0.8125,0.5,345.0,0.0,0.0,429.0,105.0,0.0,0.0,0.0,57.0,0.0,0.0,27.0,23.0,0.0,0.0,0.0,0.0,0.0,0.0,27.0,0.0,0.0,0.0,0.0
C2_p9__lamarckian__s24,C2_p9__lamarckian,C2_p9,C2,lamarckian,24,650,train,50,1.82,17,17,73.32724279874779,0.8541666666666666,0.5,404.0,0.0,0.0,401.0,122.0,0.0,0.0,0.0,75.0,0.0,0.0,15.0,22.0,0.0,0.0,0.0,0.0,0.0,0.0,15.0,0.0,0.0,0.0,0.0
C2_p9__lamarckian__s24,C2_p9__lamarckian,C2_p9,C2,lamarckian,24,700,train,50,1.94,12,12,65.02806367436088,0.8958333333333334,0.5,254.0,0.0,0.0,372.0,102.0,0.0,0.0,0.0,63.0,0.0,0.0,19.0,27.0,0.0,0.0,0.0,0.0,0.0,0.0,19.0,0.0,0.0,0.0,0.0
C2_p9__lamarckian__s24,C2_p9__lamarckian,C2_p9,C2,lamarckian,24,750,train,50,1.96,10,10,81.50986792508286,0.8333333333333334,0.5,322.0,0.0,0.0,275.0,78.0,0.0,0.0,0.0,58.0,0.0,0.0,17.0,22.0,0.0,0.0,0.0,0.0,0.0,0.0,17.0,0.0,0.0,0.0,0.0
C2_p9__lamarckian__s24,C2_p9__lamarckian,C2_p9,C2,lamarckian,24,800,train,50,2.14,15,15,44.72043272798316,1.0,0.5,247.0,0.0,0.0,362.0,97.0,0.0,0.0,0.0,86.0,0.0,0.0,17.0,27.0,0.0,0.0,0.0,0.0,0.0,0.0,17.0,0.0,0.0,0.0,0.0
C2_p9__lamarckian__s24,C2_p9__lamarckian,C2_p9,C2,lamarckian,24,850,train,50,2.24,15,15,49.716446761797215,0.8958333333333334,0.5,295.0,0.0,0.0,388.0,54.0,0.0,0.0,0.0,71.0,0.0,0.0,13.0,30.0,0.0,0.0,0.0,0.0,0.0,0.0,13.0,0.0,0.0,0.0,0.0
C2_p9__lamarckian__s24,C2_p9__lamarckian,C2_p9,C2,lamarckian,24,900,train,48,2.5416666666666665,17,19,66.0286572255454,0.9375,0.5,236.0,0.0,0.0,330.0,59.0,0.0,0.0,0.0,60.0,0.0,0.0,17.0,27.0,0.0,0.0,0.0,0.0,0.0,0.0,17.0,0.0,0.0,0.0,0.0
C2_p9__lamarckian__s24,C2_p9__lamarckian,C2_p9,C2,lamarckian,24,950,train,46,2.6739130434782608,9,11,66.26987651716175,0.7916666666666666,0.5,309.0,0.0,0.0,334.0,66.0,0.0,0.0,0.0,78.0,0.0,0.0,12.0,28.0,0.0,0.0,0.0,0.0,0.0,0.0,12.0,0.0,0.0,0.0,0.0
C2_p9__lamarckian__s24,C2_p9__lamarckian,C2_p9,C2,lamarckian,24,1000,train,46,3.0434782608695654,12,12,34.391420462640355,1.0,0.5,246.0,0.0,0.0,304.0,53.0,0.0,0.0,0.0,87.0,0.0,0.0,11.0,25.0,0.0,0.0,0.0,0.0,0.0,0.0,11.0,0.0,0.0,0.0,0.0
C2_p9__lamarckian__s24,C2_p9__lamarckian,C2_p9,C2,lamarckian,24,1050,train,35,3.342857142857143,10,21,52.722087930364296,0.8958333333333334,0.5,211.0,0.0,0.0,407.0,71.0,0.0,0.0,0.0,83.0,0.0,0.0,14.0,33.0,0.0,0.0,0.0,0.0,0.0,0.0,14.0,0.0,0.0,0.0,0.0
C2_p9__lamarckian__s24,C2_p9__lamarckian,C2_p9,C2,lamarckian,24,1100,train,29,3.5517241379310347,7,13,68.72536136831256,0.8958333333333334,0.5,170.0,0.0,0.0,225.0,47.0,0.0,0.0,0.0,71.0,0.0,0.0,11.0,27.0,0.0,0.0,0.0,0.0,0.0,0.0,11.0,0.0,0.0,0.0,0.0
C2_p9__lamarckian__s24,C2_p9__lamarckian,C2_p9,C2,lamarckian,24,1150,train,34,3.823529411764706,14,9,37.343138282325384,0.9791666666666666,0.5,187.0,0.0,0.0,348.0,61.0,0.0,0.0,0.0,81.0,0.0,0.0,17.0,32.0,0.0,0.0,0.0,0.0,0.0,0.0,17.0,0.0,0.0,0.0,0.0
C2_p9__lamarckian__s24,C2_p9__lamarckian,C2_p9,C2,lamarckian,24,1200,train,36,3.9722222222222223,8,6,40.37945442736281,0.9583333333333334,0.5,158.0,0.0,0.0,134.0,44.0,0.0,0.0,0.0,81.0,0.0,0.0,12.0,26.0,0.0,0.0,0.0,0.0,0.0,0.0,12.0,0.0,0.0,0.0,0.0
C2_p9__lamarckian__s24,C2_p9__lamarckian,C2_p9,C2,lamarckian,24,1250,train,36,4.111111111111111,9,9,49.67712139061257,0.9791666666666666,0.5,240.0,0.0,0.0,201.0,72.0,0.0,0.0,0.0,85.0,0.0,0.0,7.0,32.0,0.0,0.0,0.0,0.0,0.0,0.0,7.0,0.0,0.0,0.0,0.0
C2_p9__lamarckian__s24,C2_p9__lamarckian,C2_p9,C2,lamarckian,24,1300,train,42,4.119047619047619,12,6,66.14027133501628,0.9375,0.5,171.0,0.0,0.0,359.0,70.0,0.0,0.0,0.0,75.0,0.0,0.0,11.0,32.0,0.0,0.0,0.0,0.0,0.0,0.0,11.0,0.0,0.0,0.0,0.0
C2_p9__lamarckian__s24,C2_p9__lamarckian,C2_p9,C2,lamarckian,24,1350,train,41,4.317073170731708,7,8,51.7507885368874,0.9375,0.5,179.0,0.0,0.0,293.0,69.0,0.0,0.0,0.0,88.0,0.0,0.0,8.0,36.0,0.0,0.0,0.0,0.0,0.0,0.0,8.0,0.0,0.0,0.0,0.0
C2_p9__lamarckian__s24,C2_p9__lamarckian,C2_p9,C2,lamarckian,24,1400,train,42,4.428571428571429,7,6,46.27575864869688,0.9583333333333334,0.5,194.0,0.0,0.0,273.0,64.0,0.0,0.0,0.0,92.0,0.0,0.0,10.0,31.0,0.0,0.0,0.0,0.0,0.0,0.0,10.0,0.0,0.0,0.0,0.0
C2_p9__lamarckian__s24,C2_p9__lamarckian,C2_p9,C2,lamarckian,24,1450,train,40,4.575,7,9,46.241964656165166,0.8958333333333334,0.5,198.0,0.0,0.0,359.0,80.0,0.0,0.0,0.0,79.0,0.0,0.0,9.0,36.0,0.0,0.0,0.0,0.0,0.0,0.0,9.0,0.0,0.0,0.0,0.0
C2_p9__lamarckian__s24,C2_p9__lamarckian,C2_p9,C2,lamarckian,24,1500,train,43,4.674418604651163,11,8,69.24149232798403,0.9166666666666666,0.5,175.0,0.0,0.0,290.0,69.0,0.0,0.0,0.0,76.0,0.0,0.0,8.0,26.0,0.0,0.0,0.0,0.0,0.0,0.0,8.0,0.0,0.0,0.0,0.0
C2_p9__lamarckian__s24,C2_p9__lamarckian,C2_p9,C2,lamarckian,24,1550,eval,41,5.073170731707317,13,15,63.87988195315269,0.875,0.5,239.0,0.0,0.0,400.0,38.0,0.0,0.0,34.0,86.0,0.0,0.0,13.0,21.0,0.0,0.0,1.0,0.0,0.0,0.0,13.0,0.0,0.0,0.0,1.0
C2_p9__lamarckian__s24,C2_p9__lamarckian,C2_p9,C2,lamarckian,24,1600,eval,42,5.071428571428571,7,6,44.480739985746396,0.9583333333333334,0.5,230.0,0.0,0.0,323.0,52.0,0.0,0.0,71.0,90.0,0.0,0.0,11.0,33.0,0.0,0.0,3.0,0.0,0.0,0.0,11.0,0.0,0.0,0.0,3.0
C2_p9__lamarckian__s24,C2_p9__lamarckian,C2_p9,C2,lamarckian,24,1650,eval,41,5.317073170731708,12,13,53.21089137229394,0.9166666666666666,0.5,206.0,0.0,0.0,420.0,57.0,0.0,0.0,66.0,73.0,0.0,0.0,10.0,21.0,0.0,0.0,4.0,0.0,0.0,0.0,10.0,0.0,0.0,0.0,4.0
C2_p9__lamarckian__s24,C2_p9__lamarckian,C2_p9,C2,lamarckian,24,1700,eval,47,5.48936170212766,15,9,47.02244885351957,0.9583333333333334,0.5,255.0,0.0,0.0,317.0,41.0,0.0,0.0,79.0,97.0,0.0,0.0,9.0,25.0,0.0,0.0,2.0,0.0,0.0,0.0,9.0,0.0,0.0,0.0,2.0
C2_p9__lamarckian__s24,C2_p9__lamarckian,C2_p9,C2,lamarckian,24,1750,eval,39,5.461538461538462,6,14,59.11713246286672,0.8958333333333334,0.5,251.0,0.0,0.0,348.0,34.0,0.0,0.0,69.0,84.0,0.0,0.0,14.0,25.0,0.0,0.0,1.0,0.0,0.0,0.0,14.0,0.0,0.0,0.0,1.0
C2_p9__lamarckian__s24,C2_p9__lamarckian,C2_p9,C2,lamarckian,24,1800,eval,35,5.628571428571429,8,12,96.76492226054494,0.8541666666666666,0.5,176.0,0.0,0.0,306.0,40.0,0.0,0.0,114.0,63.0,0.0,0.0,11.0,21.0,0.0,0.0,4.0,0.0,0.0,0.0,11.0,0.0,0.0,0.0,4.0
C2_p9__lamarckian__s25,C2_p9__lamarckian,C2_p9,C2,lamarckian,25,50,train,50,1.0,39,9,81.29067396747482,0.875,0.5,203.0,0.0,0.0,291.0,67.0,0.0,0.0,0.0,39.0,0.0,0.0,42.0,41.0,0.0,0.0,0.0,0.0,0.0,0.0,42.0,0.0,0.0,0.0,0.0
C2_p9__lamarckian__s25,C2_p9__lamarckian,C2_p9,C2,lamarckian,25,100,train,45,1.2444444444444445,20,25,49.66336335598486,0.9375,0.5,351.0,0.0,0.0,489.0,77.0,0.0,0.0,0.0,38.0,0.0,0.0,44.0,35.0,0.0,0.0,0.0,0.0,0.0,0.0,44.0,0.0,0.0,0.0,0.0
C2_p9__lamarckian__s25,C2_p9__lamarckian,C2_p9,C2,lamarckian,25,150,train,37,1.3243243243243243,15,23,89.34400701816134,0.875,0.5,290.0,0.0,0.0,322.0,73.0,0.0,0.0,0.0,47.0,0.0,0.0,25.0,37.0,0.0,0.0,0.0,0.0,0.0,0.0,25.0,0.0,0.0,0.0,0.0
C2_p9__lamarckian__s25,C2_p9__lamarckian,C2_p9,C2,lamarckian,25,200,train,37,1.4324324324324325,16,16,123.0594896514497,0.6458333333333334,0.5,281.0,0.0,0.0,374.0,77.0,0.0,0.0,0.0,41.0,0.0,0.0,30.0,35.0,0.0,0.0,0.0,0.0,0.0,0.0,30.0,0.0,0.0,0.0,0.0
C2_p9__lamarckian__s25,C2_p9__lamarckian,C2_p9,C2,lamarckian,25,250,train,50,1.84,29,16,87.69454592517475,0.8333333333333334,0.5,288.0,0.0,0.0,500.0,75.0,0.0,0.0,0.0,44.0,0.0,0.0,27.0,37.0,0.0,0.0,0.0,0.0,0.0,0.0,27.0,0.0,0.0,0.0,0.0
C2_p9__lamarckian__s25,C2_p9__lamarckian,C2_p9,C2,lamarckian,25,300,train,50,1.92,14,14,63.92920383573457,0.9166666666666666,0.5,418.0,0.0,0.0,441.0,77.0,0.0,0.0,0.0,56.0,0.0,0.0,23.0,37.0,0.0,0.0,0.0,0.0,0.0,0.0,23.0,0.0,0.0,0.0,0.0
C2_p9__lamarckian__s25,C2_p9__lamarckian,C2_p9,C2,lamarckian,25,350,train,50,2.12,15,15,68.48072743868855,0.8125,0.5,354.0,0.0,0.0,390.0,110.0,0.0,0.0,0.0,49.0,0.0,0.0,23.0,35.0,0.0,0.0,0.0,0.0,0.0,0.0,23.0,0.0,0.0,0.0,0.0
C2_p9__lamarckian__s25,C2_p9__lamarckian,C2_p9,C2,lamarckian,25,400,train,50,2.24,18,18,64.70647103008719,0.8958333333333334,0.5,494.0,0.0,0.0,522.0,117.0,0.0,0.0,0.0,56.0,0.0,0.0,30.0,29.0,0.0,0.0,0.0,0.0,0.0,0.0,30.0,0.0,0.0,0.0,0.0
C2_p9__lamarckian__s25,C2_p9__lamarckian,C2_p9,C2,lamarckian,25,450,train,48,2.4791666666666665,16,18,85.57871956375368,0.8125,0.5,274.0,0.0,0.0,493.0,94.0,0.0,0.0,0.0,51.0,0.0,0.0,31.0,38.0,0.0,0.0,0.0,0.0,0.0,0.0,31.0,0.0,0.0,0.0,0.0
C2_p9__lamarckian__s25,C2_p9__lamarckian,C2_p9,C2,lamarckian,25,500,train,49,2.6122448979591835,13,12,48.35766070459375,0.9583333333333334,0.5,359.0,0.0,0.0,293.0,129.0,0.0,0.0,0.0,79.0,0.0,0.0,11.0,47.0,0.0,0.0,0.0,0.0,0.0,0.0,11.0,0.0,0.0,0.0,0.0
C2_p9__lamarckian__s25,C2_p9__lamarckian,C2_p9,C2,lamarckian,25,550,train,50,3.08,12,11,79.47346417252174,0.8541666666666666,0.5,241.0,0.0,0.0,396.0,36.0,0.0,0.0,0.0,72.0,0.0,0.0,13.0,21.0,0.0,0.0,0.0,0.0,0.0,0.0,13.0,0.0,0.0,0.0,0.0
C2_p9__lamarckian__s25,C2_p9__lamarckian,C2_p9,C2,lamarckian,25,600,train,50,3.36,11,11,38.92977098735584,0.9791666666666666,0.5,224.0,0.0,0.0,244.0,90.0,0.0,0.0,0.0,76.0,0.0,0.0,10.0,40.0,0.0,0.0,0.0,0.0,0.0,0.0,10.0,0.0,0.0,0.0,0.0
C2_p9__lamarckian__s25,C2_p9__lamarckian,C2_p9,C2,lamarckian,25,650,train,48,3.625,8,10,49.29474931030893,0.9166666666666666,0.5,210.0,0.0,0.0,259.0,59.0,0.0,0.0,0.0,67.0,0.0,0.0,8.0,34.0,0.0,0.0,0.0,0.0,0.0,0.0,8.0,0.0,0.0,0.0,0.0
C2_p9__lamarckian__s25,C2_p9__lamarckian,C2_p9,C2,lamarckian,25,700,train,33,3.5757575757575757,5,20,95.9251877519257,0.8541666666666666,0.5,112.0,0.0,0.0,314.0,93.0,0.0,0.0,0.0,51.0,0.0,0.0,15.0,41.0,0.0,0.0,0.0,0.0,0.0,0.0,15.0,0.0,0.0,0.0,0.0
C2_p9__lamarckian__s25,C2_p9__lamarckian,C2_p9,C2,lamarckian,25,750,train,47,4.1063829787234045,20,6,56.401516995040566,0.8958333333333334,0.5,242.0,0.0,0.0,428.0,72.0,0.0,0.0,0.0,73.0,0.0,0.0,12.0,36.0,0.0,0.0,0.0,0.0,0.0,0.0,12.0,0.0,0.0,0.0,0.0
C2_p9__lamarckian__s25,C2_p9__lamarckian,C2_p9,C2,lamarckian,25,800,train,50,4.44,14,11,40.797722767030265,0.9166666666666666,0.5,256.0,0.0,0.0,376.0,64.0,0.0,0.0,0.0,77.0,0.0,0.0,19.0,35.0,0.0,0.0,0.0,0.0,0.0,0.0,19.0,0.0,0.0,0.0,0.0
C2_p9__lamarckian__s25,C2_p9__lamarckian,C2_p9,C2,lamarckian,25,850,train,48,4.479166666666667,8,10,47.17605447416756,0.9166666666666666,0.5,258.0,0.0,0.0,303.0,66.0,0.0,0.0,0.0,85.0,0.0,0.0,6.0,29.0,0.0,0.0,0.0,0.0,0.0,0.0,6.0,0.0,0.0,0.0,0.0
C2_p9__lamarckian__s25,C2_p9__lamarckian,C2_p9,C2,lamarckian,25,900,train,39,4.641025641025641,5,14,48.02513592337186,0.9375,0.5,173.0,0.0,0.0,313.0,79.0,0.0,0.0,0.0,73.0,0.0,0.0,11.0,38.0,0.0,0.0,0.0,0.0,0.0,0.0,11.0,0.0,0.0,0.0,0.0
C2_p9__lamarckian__s25,C2_p9__lamarckian,C2_p9,C2,lamarckian,25,950,train,32,4.6875,6,13,66.61466710582064,0.9375,0.5,145.0,0.0,0.0,205.0,85.0,0.0,0.0,0.0,66.0,0.0,0.0,13.0,43.0,0.0,0.0,0.0,0.0,0.0,0.0,13.0,0.0,0.0,0.0,0.0
C2_p9__lamarckian__s25,C2_p9__lamarckian,C2_p9,C2,lamarckian,25,1000,train,35,5.085714285714285,10,7,60.408635423507434,0.9583333333333334,0.5,139.0,0.0,0.0,288.0,96.0,0.0,0.0,0.0,68.0,0.0,0.0,17.0,40.0,0.0,0.0,0.0,0.0,0.0,0.0,17.0,0.0,0.0,0.0,0.0
C2_p9__lamarckian__s25,C2_p9__lamarckian,C2_p9,C2,lamarckian,25,1050,train,38,5.578947368421052,14,11,74.2785036116451,0.9166666666666666,0.5,243.0,0.0,0.0,281.0,114.0,0.0,0.0,0.0,81.0,0.0,0.0,13.0,44.0,0.0,0.0,0.0,0.0,0.0,0.0,13.0,0.0,0.0,0.0,0.0
C2_p9__lamarckian__s25,C2_p9__lamarckian,C2_p9,C2,lamarckian,25,1100,train,45,5.977777777777778,13,6,40.81191971047575,1.0,0.5,228.0,0.0,0.0,230.0,81.0,0.0,0.0,0.0,97.0,0.0,0.0,6.0,40.0,0.0,0.0,0.0,0.0,0.0,0.0,6.0,0.0,0.0,0.0,0.0
C2_p9__lamarckian__s25,C2_p9__lamarckian,C2_p9,C2,lamarckian,25,1150,train,37,5.945945945945946,1,9,26.836095675294324,1.0,0.5,221.0,0.0,0.0,177.0,138.0,0.0,0.0,0.0,89.0,0.0,0.0,12.0,46.0,0.0,0.0,0.0,0.0,0.0,0.0,12.0,0.0,0.0,0.0,0.0
C2_p9__lamarckian__s25,C2_p9__lamarckian,C2_p9,C2,lamarckian,25,1200,train,41,6.0,10,6,73.00567152019744,0.8541666666666666,0.5,201.0,0.0,0.0,326.0,95.0,0.0,0.0,0.0,83.0,0.0,0.0,9.0,32.0,0.0,0.0,0.0,0.0,0.0,0.0,9.0,0.0,0.0,0.0,0.0
C2_p9__lamarckian__s25,C2_p9__lamarckian,C2_p9,C2,lamarckian,25,1250,train,43,6.209302325581396,11,9,59.39209549733598,0.9166666666666666,0.5,219.0,0.0,0.0,271.0,99.0,0.0,0.0,0.0,80.0,0.0,0.0,7.0,50.0,0.0,0.0,0.0,0.0,0.0,0.0,7.0,0.0,0.0,0.0,0.0
C2_p9__lamarckian__s25,C2_p9__lamarckian,C2_p9,C2,lamarckian,25,1300,train,46,6.586956521739131,13,10,73.71030707028085,0.8958333333333334,0.5,156.0,0.0,0.0,311.0,75.0,0.0,0.0,0.0,76.0,0.0,0.0,10.0,34.0,0.0,0.0,0.0,0.0,0.0,0.0,10.0,0.0,0.0,0.0,0.0
C2_p9__lamarckian__s25,C2_p9__lamarckian,C2_p9,C2,lamarckian,25,1350,train,42,6.976190476190476,8,12,68.31397160813874,0.9583333333333334,0.5,168.0,0.0,0.0,268.0,70.0,0.0,0.0,0.0,75.0,0.0,0.0,8.0,42.0,0.0,0.0,0.0,0.0,0.0,0.0,8.0,0.0,0.0,0.0,0.0
C2_p9__lamarckian__s25,C2_p9__lamarckian,C2_p9,C2,lamarckian,25,1400,train,40,6.9,8,10,47.63602105682905,0.9583333333333334,0.5,172.0,0.0,0.0,228.0,81.0,0.0,0.0,0.0,86.0,0.0,0.0,13.0,37.0,0.0,0.0,0.0,0.0,0.0,0.0,13.0,0.0,0.0,0.0,0.0
C2_p9__lamarckian__s25,C2_p9__lamarckian,C2_p9,C2,lamarckian,25,1450,train,43,7.1395348837209305,14,11,61.2025394334791,0.9166666666666666,0.5,177.0,0.0,0.0,291.0,84.0,0.0,0.0,0.0,79.0,0.0,0.0,12.0,36.0,0.0,0.0,0.0,0.0,0.0,0.0,12.0,0.0,0.0,0.0,0.0
C2_p9__lamarckian__s25,C2_p9__lamarckian,C2_p9,C2,lamarckian,25,1500,train,41,7.219512195121951,10,12,48.49741461746044,0.9791666666666666,0.5,142.0,0.0,0.0,315.0,99.0,0.0,0.0,0.0,64.0,0.0,0.0,19.0,43.0,0.0,0.0,0.0,0.0,0.0,0.0,19.0,0.0,0.0,0.0,0.0
C2_p9__lamarckian__s25,C2_p9__lamarckian,C2_p9,C2,lamarckian,25,1550,eval,39,7.153846153846154,11,13,66.25518687215848,0.9166666666666666,0.5,145.0,0.0,0.0,256.0,56.0,0.0,0.0,80.0,62.0,0.0,0.0,17.0,36.0,0.0,0.0,4.0,0.0,0.0,0.0,17.0,0.0,0.0,0.0,4.0
C2_p9__lamarckian__s25,C2_p9__lamarckian,C2_p9,C2,lamarckian,25,1600,eval,35,7.3428571428571425,8,12,54.395019751167695,0.8958333333333334,0.5,179.0,0.0,0.0,204.0,84.0,0.0,0.0,118.0,78.0,0.0,0.0,10.0,35.0,0.0,0.0,2.0,0.0,0.0,0.0,10.0,0.0,0.0,0.0,2.0
C2_p9__lamarckian__s25,C2_p9__lamarckian,C2_p9,C2,lamarckian,25,1650,eval,41,7.560975609756097,10,4,51.527032530229825,0.9166666666666666,0.5,178.0,0.0,0.0,158.0,69.0,0.0,0.0,80.0,79.0,0.0,0.0,6.0,35.0,0.0,0.0,4.0,0.0,0.0,0.0,6.0,0.0,0.0,0.0,4.0
C2_p9__lamarckian__s25,C2_p9__lamarckian,C2_p9,C2,lamarckian,25,1700,eval,44,7.75,9,6,57.97862024738232,0.875,0.5,180.0,0.0,0.0,347.0,79.0,0.0,0.0,102.0,83.0,0.0,0.0,6.0,33.0,0.0,0.0,3.0,0.0,0.0,0.0,6.0,0.0,0.0,0.0,3.0
C2_p9__lamarckian__s25,C2_p9__lamarckian,C2_p9,C2,lamarckian,25,1750,eval,39,7.871794871794871,8,13,60.62012654405417,0.9375,0.5,218.0,0.0,0.0,298.0,40.0,0.0,0.0,119.0,87.0,0.0,0.0,12.0,23.0,0.0,0.0,6.0,0.0,0.0,0.0,12.0,0.0,0.0,0.0,6.0
C2_p9__lamarckian__s25,C2_p9__lamarckian,C2_p9,C2,lamarckian,25,1800,eval,45,8.133333333333333,13,7,41.928834264378395,0.9791666666666666,0.5,273.0,0.0,0.0,313.0,112.0,0.0,0.0,140.0,95.0,0.0,0.0,4.0,43.0,0.0,0.0,3.0,0.0,0.0,0.0,4.0,0.0,0.0,0.0,3.0
C2_p9__lamarckian__s26,C2_p9__lamarckian,C2_p9,C2,lamarckian,26,50,train,50,0.88,37,7,87.1455342992667,0.7291666666666666,0.5,224.0,0.0,0.0,265.0,190.0,0.0,0.0,0.0,39.0,0.0,0.0,41.0,24.0,0.0,0.0,0.0,0.0,0.0,0.0,41.0,0.0,0.0,0.0,0.0
C2_p9__lamarckian__s26,C2_p9__lamarckian,C2_p9,C2,lamarckian,26,100,train,50,0.96,14,14,93.6629748633188,0.8125,0.5,342.0,0.0,0.0,543.0,103.0,0.0,0.0,0.0,48.0,0.0,0.0,34.0,17.0,0.0,0.0,0.0,0.0,0.0,0.0,34.0,0.0,0.0,0.0,0.0
C2_p9__lamarckian__s26,C2_p9__lamarckian,C2_p9,C2,lamarckian,26,150,train,50,0.9,12,12,105.30859766058234,0.75,0.5,576.0,0.0,0.0,556.0,106.0,0.0,0.0,0.0,57.0,0.0,0.0,27.0,18.0,0.0,0.0,0.0,0.0,0.0,0.0,27.0,0.0,0.0,0.0,0.0
C2_p9__lamarckian__s26,C2_p9__lamarckian,C2_p9,C2,lamarckian,26,200,train,50,0.92,12,12,77.2379007085191,0.9166666666666666,0.5,390.0,0.0,0.0,369.0,106.0,0.0,0.0,0.0,55.0,0.0,0.0,28.0,18.0,0.0,0.0,0.0,0.0,0.0,0.0,28.0,0.0,0.0,0.0,0.0
C2_p9__lamarckian__s26,C2_p9__lamarckian,C2_p9,C2,lamarckian,26,250,train,50,0.94,13,13,83.01170434698325,0.8541666666666666,0.5,547.0,0.0,0.0,451.0,141.0,0.0,0.0,0.0,55.0,0.0,0.0,28.0,25.0,0.0,0.0,0.0,0.0,0.0,0.0,28.0,0.0,0.0,0.0,0.0
C2_p9__lamarckian__s26,C2_p9__lamarckian,C2_p9,C2,lamarckian,26,300,train,50,0.92,8,8,94.11849019048293,0.7708333333333334,0.5,516.0,0.0,0.0,445.0,63.0,0.0,0.0,0.0,63.0,0.0,0.0,18.0,19.0,0.0,0.0,0.0,0.0,0.0,0.0,18.0,0.0,0.0,0.0,0.0
C2_p9__lamarckian__s26,C2_p9__lamarckian,C2_p9,C2,lamarckian,26,350,train,50,0.92,8,8,124.84390730810351,0.7083333333333334,0.5,504.0,0.0,0.0,578.0,65.0,0.0,0.0,0.0,63.0,0.0,0.0,11.0,24.0,0.0,0.0,0.0,0.0,0.0,0.0,11.0,0.0,0.0,0.0,0.0
C2_p9__lamarckian__s26,C2_p9__lamarckian,C2_p9,C2,lamarckian,26,400,train,50,0.94,6,6,96.95691209995826,0.8333333333333334,0.5,487.0,0.0,0.0,408.0,255.0,0.0,0.0,0.0,67.0,0.0,0.0,19.0,23.0,0.0,0.0,0.0,0.0,0.0,0.0,19.0,0.0,0.0,0.0,0.0
C2_p9__lamarckian__s26,C2_p9__lamarckian,C2_p9,C2,lamarckian,26,450,train,50,0.94,3,3,104.01404437314164,0.75,0.5,358.0,0.0,0.0,264.0,168.0,0.0,0.0,0.0,72.0,0.0,0.0,14.0,32.0,0.0,0.0,0.0,0.0,0.0,0.0,14.0,0.0,0.0,0.0,0.0
C2_p9__lamarckian__s26,C2_p9__lamarckian,C2_p9,C2,lamarckian,26,500,train,50,1.28,13,13,76.61580183779635,0.875,0.5,325.0,0.0,0.0,399.0,112.0,0.0,0.0,0.0,77.0,0.0,0.0,16.0,25.0,0.0,0.0,0.0,0.0,0.0,0.0,16.0,0.0,0.0,0.0,0.0
C2_p9__lamarckian__s26,C2_p9__lamarckian,C2_p9,C2,lamarckian,26,550,train,50,1.68,22,22,87.99569239789072,0.875,0.5,295.0,0.0,0.0,453.0,97.0,0.0,0.0,0.0,69.0,0.0,0.0,20.0,23.0,0.0,0.0,0.0,0.0,0.0,0.0,20.0,0.0,0.0,0.0,0.0
C2_p9__lamarckian__s26,C2_p9__lamarckian,C2_p9,C2,lamarckian,26,600,train,50,1.72,9,9,90.06504506187042,0.8541666666666666,0.5,319.0,0.0,0.0,363.0,68.0,0.0,0.0,0.0,76.0,0.0,0.0,20.0,24.0,0.0,0.0,0.0,0.0,0.0,0.0,20.0,0.0,0.0,0.0,0.0
C2_p9__lamarckian__s26,C2_p9__lamarckian,C2_p9,C2,lamarckian,26,650,train,50,1.72,10,10,44.7557184822451,0.9791666666666666,0.5,390.0,0.0,0.0,548.0,81.0,0.0,0.0,0.0,92.0,0.0,0.0,15.0,27.0,0.0,0.0,0.0,0.0,0.0,0.0,15.0,0.0,0.0,0.0,0.0
C2_p9__lamarckian__s26,C2_p9__lamarckian,C2_p9,C2,lamarckian,26,700,train,50,1.74,14,14,40.311280105672374,0.9583333333333334,0.5,282.0,0.0,0.0,389.0,55.0,0.0,0.0,0.0,71.0,0.0,0.0,16.0,27.0,0.0,0.0,0.0,0.0,0.0,0.0,16.0,0.0,0.0,0.0,0.0
C2_p9__lamarckian__s26,C2_p9__lamarckian,C2_p9,C2,lamarckian,26,750,train,50,1.78,10,10,75.42366275299193,0.8541666666666666,0.5,187.0,0.0,0.0,153.0,76.0,0.0,0.0,0.0,76.0,0.0,0.0,4.0,23.0,0.0,0.0,0.0,0.0,0.0,0.0,4.0,0.0,0.0,0.0,0.0
C2_p9__lamarckian__s26,C2_p9__lamarckian,C2_p9,C2,lamarckian,26,800,train,50,1.9,9,9,59.04505272509755,0.9166666666666666,0.5,301.0,0.0,0.0,285.0,62.0,0.0,0.0,0.0,86.0,0.0,0.0,15.0,22.0,0.0,0.0,0.0,0.0,0.0,0.0,15.0,0.0,0.0,0.0,0.0
C2_p9__lamarckian__s26,C2_p9__lamarckian,C2_p9,C2,lamarckian,26,850,train,50,2.2,16,16,76.66937188641543,0.875,0.5,293.0,0.0,0.0,353.0,108.0,0.0,0.0,0.0,75.0,0.0,0.0,16.0,31.0,0.0,0.0,0.0,0.0,0.0,0.0,16.0,0.0,0.0,0.0,0.0
C2_p9__lamarckian__s26,C2_p9__lamarckian,C2_p9,C2,lamarckian,26,900,train,50,2.34,9,9,48.56267459997534,0.9166666666666666,0.5,303.0,0.0,0.0,315.0,82.0,0.0,0.0,0.0,93.0,0.0,0.0,14.0,30.0,0.0,0.0,0.0,0.0,0.0,0.0,14.0,0.0,0.0,0.0,0.0
C2_p9__lamarckian__s26,C2_p9__lamarckian,C2_p9,C2,lamarckian,26,950,train,50,2.54,11,11,73.23673974774255,0.8333333333333334,0.5,307.0,0.0,0.0,254.0,129.0,0.0,0.0,0.0,80.0,0.0,0.0,8.0,29.0,0.0,0.0,0.0,0.0,0.0,0.0,8.0,0.0,0.0,0.0,0.0
C2_p9__lamarckian__s26,C2_p9__lamarckian,C2_p9,C2,lamarckian,26,1000,train,50,2.62,11,11,54.575549227439645,0.9375,0.5,252.0,0.0,0.0,304.0,41.0,0.0,0.0,0.0,89.0,0.0,0.0,13.0,25.0,0.0,0.0,0.0,0.0,0.0,0.0,13.0,0.0,0.0,0.0,0.0
C2_p9__lamarckian__s26,C2_p9__lamarckian,C2_p9,C2,lamarckian,26,1050,train,49,2.857142857142857,13,14,44.90538635031152,0.9375,0.5,203.0,0.0,0.0,335.0,61.0,0.0,0.0,0.0,95.0,0.0,0.0,9.0,18.0,0.0,0.0,0.0,0.0,0.0,0.0,9.0,0.0,0.0,0.0,0.0
C2_p9__lamarckian__s26,C2_p9__lamarckian,C2_p9,C2,lamarckian,26,1100,train,44,2.977272727272727,8,13,46.40111798009161,1.0,0.5,203.0,0.0,0.0,385.0,66.0,0.0,0.0,0.0,92.0,0.0,0.0,15.0,24.0,0.0,0.0,0.0,0.0,0.0,0.0,15.0,0.0,0.0,0.0,0.0
C2_p9__lamarckian__s26,C2_p9__lamarckian,C2_p9,C2,lamarckian,26,1150,train,34,3.1176470588235294,2,12,62.555650392257114,0.9583333333333334,0.5,214.0,0.0,0.0,297.0,70.0,0.0,0.0,0.0,90.0,0.0,0.0,13.0,26.0,0.0,0.0,0.0,0.0,0.0,0.0,13.0,0.0,0.0,0.0,0.0
C2_p9__lamarckian__s26,C2_p9__lamarckian,C2_p9,C2,lamarckian,26,1200,train,37,3.1621621621621623,10,7,59.942238174408715,0.9375,0.5,177.0,0.0,0.0,184.0,63.0,0.0,0.0,0.0,100.0,0.0,0.0,6.0,29.0,0.0,0.0,0.0,0.0,0.0,0.0,6.0,0.0,0.0,0.0,0.0
C2_p9__lamarckian__s26,C2_p9__lamarckian,C2_p9,C2,lamarckian,26,1250,train,39,3.4615384615384617,10,8,50.75931694831506,0.9583333333333334,0.5,213.0,0.0,0.0,312.0,36.0,0.0,0.0,0.0,87.0,0.0,0.0,21.0,22.0,0.0,0.0,0.0,0.0,0.0,0.0,21.0,0.0,0.0,0.0,0.0
C2_p9__lamarckian__s26,C2_p9__lamarckian,C2_p9,C2,lamarckian,26,1300,train,46,3.630434782608696,15,8,45.709782393532905,0.9583333333333334,0.5,151.0,0.0,0.0,336.0,60.0,0.0,0.0,0.0,81.0,0.0,0.0,13.0,31.0,0.0,0.0,0.0,0.0,0.0,0.0,13.0,0.0,0.0,0.0,0.0
C2_p9__lamarckian__s26,C2_p9__lamarckian,C2_p9,C2,lamarckian,26,1350,train,41,3.8048780487804876,7,12,76.57751240910162,0.8958333333333334,0.5,162.0,0.0,0.0,322.0,71.0,0.0,0.0,0.0,80.0,0.0,0.0,11.0,24.0,0.0,0.0,0.0,0.0,0.0,0.0,11.0,0.0,0.0,0.0,0.0
C2_p9__lamarckian__s26,C2_p9__lamarckian,C2_p9,C2,lamarckian,26,1400,train,39,4.128205128205129,11,13,51.35965677660006,0.9583333333333334,0.5,232.0,0.0,0.0,221.0,40.0,0.0,0.0,0.0,95.0,0.0,0.0,14.0,23.0,0.0,0.0,0.0,0.0,0.0,0.0,14.0,0.0,0.0,0.0,0.0
C2_p9__lamarckian__s26,C2_p9__lamarckian,C2_p9,C2,lamarckian,26,1450,train,39,4.256410256410256,11,11,43.65383467289888,0.9583333333333334,0.5,211.0,0.0,0.0,261.0,34.0,0.0,0.0,0.0,95.0,0.0,0.0,15.0,22.0,0.0,0.0,0.0,0.0,0.0,0.0,15.0,0.0,0.0,0.0,0.0
C2_p9__lamarckian__s26,C2_p9__lamarckian,C2_p9,C2,lamarckian,26,1500,train,40,4.6,11,10,51.61353911187686,0.9791666666666666,0.5,180.0,0.0,0.0,287.0,39.0,0.0,0.0,0.0,75.0,0.0,0.0,13.0,31.0,0.0,0.0,0.0,0.0,0.0,0.0,13.0,0.0,0.0,0.0,0.0
C2_p9__lamarckian__s26,C2_p9__lamarckian,C2_p9,C2,lamarckian,26,1550,eval,37,4.837837837837838,10,13,64.27456099112484,0.9375,0.5,172.0,0.0,0.0,289.0,26.0,0.0,0.0,52.0,83.0,0.0,0.0,8.0,20.0,0.0,0.0,6.0,0.0,0.0,0.0,8.0,0.0,0.0,0.0,6.0
C2_p9__lamarckian__s26,C2_p9__lamarckian,C2_p9,C2,lamarckian,26,1600,eval,45,5.066666666666666,15,7,51.76841569057457,0.8958333333333334,0.5,213.0,0.0,0.0,310.0,20.0,0.0,0.0,49.0,88.0,0.0,0.0,9.0,17.0,0.0,0.0,3.0,0.0,0.0,0.0,9.0,0.0,0.0,0.0,3.0
C2_p9__lamarckian__s26,C2_p9__lamarckian,C2_p9,C2,lamarckian,26,1650,eval,45,5.2,10,10,73.60273255793157,0.8958333333333334,0.5,260.0,0.0,0.0,288.0,34.0,0.0,0.0,64.0,86.0,0.0,0.0,9.0,20.0,0.0,0.0,2.0,0.0,0.0,0.0,9.0,0.0,0.0,0.0,2.0
C2_p9__lamarckian__s26,C2_p9__lamarckian,C2_p9,C2,lamarckian,26,1700,eval,45,5.488888888888889,15,15,37.798361266374535,0.9583333333333334,0.5,218.0,0.0,0.0,383.0,31.0,0.0,0.0,90.0,85.0,0.0,0.0,10.0,22.0,0.0,0.0,3.0,0.0,0.0,0.0,10.0,0.0,0.0,0.0,3.0
C2_p9__lamarckian__s26,C2_p9__lamarckian,C2_p9,C2,lamarckian,26,1750,eval,46,5.608695652173913,9,8,87.71891839158486,0.9375,0.5,216.0,0.0,0.0,273.0,29.0,0.0,0.0,116.0,72.0,0.0,0.0,11.0,12.0,0.0,0.0,5.0,0.0,0.0,0.0,11.0,0.0,0.0,0.0,5.0
C2_p9__lamarckian__s26,C2_p9__lamarckian,C2_p9,C2,lamarckian,26,1800,eval,38,5.842105263157895,6,14,57.919279139799485,0.9166666666666666,0.5,287.0,0.0,0.0,332.0,50.0,0.0,0.0,44.0,102.0,0.0,0.0,13.0,18.0,0.0,0.0,1.0,0.0,0.0,0.0,13.0,0.0,0.0,0.0,1.0
C2_p9__lamarckian__s27,C2_p9__lamarckian,C2_p9,C2,lamarckian,27,50,train,50,0.84,39,9,90.83296361731449,0.75,0.5,320.0,0.0,0.0,278.0,121.0,0.0,0.0,0.0,47.0,0.0,0.0,36.0,20.0,0.0,0.0,0.0,0.0,0.0,0.0,36.0,0.0,0.0,0.0,0.0
C2_p9__lamarckian__s27,C2_p9__lamarckian,C2_p9,C2,lamarckian,27,100,train,50,0.98,20,20,87.40235919873324,0.8333333333333334,0.5,415.0,0.0,0.0,353.0,118.0,0.0,0.0,0.0,51.0,0.0,0.0,43.0,15.0,0.0,0.0,0.0,0.0,0.0,0.0,43.0,0.0,0.0,0.0,0.0
C2_p9__lamarckian__s27,C2_p9__lamarckian,C2_p9,C2,lamarckian,27,150,train,50,0.96,15,15,120.37149419722272,0.6875,0.5,460.0,0.0,0.0,505.0,104.0,0.0,0.0,0.0,41.0,0.0,0.0,29.0,29.0,0.0,0.0,0.0,0.0,0.0,0.0,29.0,0.0,0.0,0.0,0.0
C2_p9__lamarckian__s27,C2_p9__lamarckian,C2_p9,C2,lamarckian,27,200,train,50,1.02,15,15,102.99052968284161,0.75,0.5,571.0,0.0,0.0,360.0,92.0,0.0,0.0,0.0,49.0,0.0,0.0,32.0,20.0,0.0,0.0,0.0,0.0,0.0,0.0,32.0,0.0,0.0,0.0,0.0
C2_p9__lamarckian__s27,C2_p9__lamarckian,C2_p9,C2,lamarckian,27,250,train,50,1.02,13,13,81.96805071748523,0.75,0.5,663.0,0.0,0.0,504.0,85.0,0.0,0.0,0.0,49.0,0.0,0.0,26.0,22.0,0.0,0.0,0.0,0.0,0.0,0.0,26.0,0.0,0.0,0.0,0.0
C2_p9__lamarckian__s27,C2_p9__lamarckian,C2_p9,C2,lamarckian,27,300,train,50,1.02,9,9,88.55355835539562,0.75,0.5,497.0,0.0,0.0,497.0,118.0,0.0,0.0,0.0,66.0,0.0,0.0,14.0,11.0,0.0,0.0,0.0,0.0,0.0,0.0,14.0,0.0,0.0,0.0,0.0
C2_p9__lamarckian__s27,C2_p9__lamarckian,C2_p9,C2,lamarckian,27,350,train,50,1.0,11,11,71.20421177457717,0.8958333333333334,0.5,410.0,0.0,0.0,468.0,144.0,0.0,0.0,0.0,55.0,0.0,0.0,30.0,19.0,0.0,0.0,0.0,0.0,0.0,0.0,30.0,0.0,0.0,0.0,0.0
C2_p9__lamarckian__s27,C2_p9__lamarckian,C2_p9,C2,lamarckian,27,400,train,50,1.04,8,8,50.74692482120141,0.8541666666666666,0.5,345.0,0.0,0.0,530.0,200.0,0.0,0.0,0.0,79.0,0.0,0.0,15.0,16.0,0.0,0.0,0.0,0.0,0.0,0.0,15.0,0.0,0.0,0.0,0.0
C2_p9__lamarckian__s27,C2_p9__lamarckian,C2_p9,C2,lamarckian,27,450,train,50,1.04,14,14,76.00599810582105,0.8958333333333334,0.5,407.0,0.0,0.0,442.0,74.0,0.0,0.0,0.0,59.0,0.0,0.0,20.0,24.0,0.0,0.0,0.0,0.0,0.0,0.0,20.0,0.0,0.0,0.0,0.0
C2_p9__lamarckian__s27,C2_p9__lamarckian,C2_p9,C2,lamarckian,27,500,train,50,1.24,13,13,71.54426157323718,0.8333333333333334,0.5,458.0,0.0,0.0,499.0,131.0,0.0,0.0,0.0,59.0,0.0,0.0,25.0,25.0,0.0,0.0,0.0,0.0,0.0,0.0,25.0,0.0,0.0,0.0,0.0
C2_p9__lamarckian__s27,C2_p9__lamarckian,C2_p9,C2,lamarckian,27,550,train,50,1.46,20,20,36.02375473916558,0.9583333333333334,0.5,322.0,0.0,0.0,476.0,86.0,0.0,0.0,0.0,76.0,0.0,0.0,20.0,23.0,0.0,0.0,0.0,0.0,0.0,0.0,20.0,0.0,0.0,0.0,0.0
C2_p9__lamarckian__s27,C2_p9__lamarckian,C2_p9,C2,lamarckian,27,600,train,50,1.64,14,14,72.8456924946769,0.875,0.5,252.0,0.0,0.0,456.0,54.0,0.0,0.0,0.0,63.0,0.0,0.0,11.0,21.0,0.0,0.0,0.0,0.0,0.0,0.0,11.0,0.0,0.0,0.0,0.0
C2_p9__lamarckian__s27,C2_p9__lamarckian,C2_p9,C2,lamarckian,27,650,train,50,1.7,12,12,80.37829868812997,0.8333333333333334,0.5,241.0,0.0,0.0,400.0,92.0,0.0,0.0,0.0,73.0,0.0,0.0,9.0,28.0,0.0,0.0,0.0,0.0,0.0,0.0,9.0,0.0,0.0,0.0,0.0
C2_p9__lamarckian__s27,C2_p9__lamarckian,C2_p9,C2,lamarckian,27,700,train,50,1.76,10,10,58.285442737420865,0.9166666666666666,0.5,399.0,0.0,0.0,320.0,80.0,0.0,0.0,0.0,93.0,0.0,0.0,10.0,30.0,0.0,0.0,0.0,0.0,0.0,0.0,10.0,0.0,0.0,0.0,0.0
C2_p9__lamarckian__s27,C2_p9__lamarckian,C2_p9,C2,lamarckian,27,750,train,50,1.84,14,14,41.671605252982005,0.9375,0.5,221.0,0.0,0.0,347.0,87.0,0.0,0.0,0.0,66.0,0.0,0.0,21.0,30.0,0.0,0.0,0.0,0.0,0.0,0.0,21.0,0.0,0.0,0.0,0.0
C2_p9__lamarckian__s27,C2_p9__lamarckian,C2_p9,C2,lamarckian,27,800,train,50,1.94,13,13,38.90517840346212,0.9583333333333334,0.5,255.0,0.0,0.0,279.0,42.0,0.0,0.0,0.0,72.0,0.0,0.0,11.0,26.0,0.0,0.0,0.0,0.0,0.0,0.0,11.0,0.0,0.0,0.0,0.0
C2_p9__lamarckian__s27,C2_p9__lamarckian,C2_p9,C2,lamarckian,27,850,train,50,2.18,15,15,43.21932216277962,1.0,0.5,164.0,0.0,0.0,354.0,42.0,0.0,0.0,0.0,65.0,0.0,0.0,18.0,20.0,0.0,0.0,0.0,0.0,0.0,0.0,18.0,0.0,0.0,0.0,0.0
C2_p9__lamarckian__s27,C2_p9__lamarckian,C2_p9,C2,lamarckian,27,900,train,45,2.3333333333333335,12,17,62.120714494641724,0.9166666666666666,0.5,206.0,0.0,0.0,223.0,58.0,0.0,0.0,0.0,81.0,0.0,0.0,9.0,28.0,0.0,0.0,0.0,0.0,0.0,0.0,9.0,0.0,0.0,0.0,0.0
C2_p9__lamarckian__s27,C2_p9__lamarckian,C2_p9,C2,lamarckian,27,950,train,45,2.466666666666667,14,14,42.496918672789654,0.9583333333333334,0.5,221.0,0.0,0.0,271.0,94.0,0.0,0.0,0.0,83.0,0.0,0.0,15.0,34.0,0.0,0.0,0.0,0.0,0.0,0.0,15.0,0.0,0.0,0.0,0.0
C2_p9__lamarckian__s27,C2_p9__lamarckian,C2_p9,C2,lamarckian,27,1000,train,34,2.6176470588235294,7,18,81.1594200263709,0.8541666666666666,0.5,163.0,0.0,0.0,338.0,50.0,0.0,0.0,0.0,66.0,0.0,0.0,18.0,24.0,0.0,0.0,0.0,0.0,0.0,0.0,18.0,0.0,0.0,0.0,0.0
C2_p9__lamarckian__s27,C2_p9__lamarckian,C2_p9,C2,lamarckian,27,1050,train,36,2.9166666666666665,11,9,72.55556187373979,0.9166666666666666,0.5,221.0,0.0,0.0,319.0,65.0,0.0,0.0,0.0,91.0,0.0,0.0,15.0,27.0,0.0,0.0,0.0,0.0,0.0,0.0,15.0,0.0,0.0,0.0,0.0
C2_p9__lamarckian__s27,C2_p9__lamarckian,C2_p9,C2,lamarckian,27,1100,train,42,3.2142857142857144,12,6,73.26731378653065,0.8541666666666666,0.5,193.0,0.0,0.0,354.0,74.0,0.0,0.0,0.0,87.0,0.0,0.0,11.0,29.0,0.0,0.0,0.0,0.0,0.0,0.0,11.0,0.0,0.0,0.0,0.0
C2_p9__lamarckian__s27,C2_p9__lamarckian,C2_p9,C2,lamarckian,27,1150,train,40,3.425,13,15,42.603527670230136,0.9375,0.5,253.0,0.0,0.0,451.0,55.0,0.0,0.0,0.0,93.0,0.0,0.0,20.0,22.0,0.0,0.0,0.0,0.0,0.0,0.0,20.0,0.0,0.0,0.0,0.0
C2_p9__lamarckian__s27,C2_p9__lamarckian,C2_p9,C2,lamarckian,27,1200,train,41,3.4878048780487805,9,8,74.62723812137526,0.9375,0.5,199.0,0.0,0.0,395.0,51.0,0.0,0.0,0.0,69.0,0.0,0.0,22.0,22.0,0.0,0.0,0.0,0.0,0.0,0.0,22.0,0.0,0.0,0.0,0.0
C2_p9__lamarckian__s27,C2_p9__lamarckian,C2_p9,C2,lamarckian,27,1250,train,34,3.6176470588235294,7,14,52.20150516844254,0.9791666666666666,0.5,221.0,0.0,0.0,272.0,55.0,0.0,0.0,0.0,83.0,0.0,0.0,15.0,35.0,0.0,0.0,0.0,0.0,0.0,0.0,15.0,0.0,0.0,0.0,0.0
C2_p9__lamarckian__s27,C2_p9__lamarckian,C2_p9,C2,lamarckian,27,1300,train,37,3.7837837837837838,11,8,93.23516589038539,0.875,0.5,238.0,0.0,0.0,350.0,35.0,0.0,0.0,0.0,85.0,0.0,0.0,8.0,25.0,0.0,0.0,0.0,0.0,0.0,0.0,8.0,0.0,0.0,0.0,0.0
C2_p9__lamarckian__s27,C2_p9__lamarckian,C2_p9,C2,lamarckian,27,1350,train,45,3.9555555555555557,15,7,49.92524709962131,0.9166666666666666,0.5,235.0,0.0,0.0,379.0,59.0,0.0,0.0,0.0,101.0,0.0,0.0,14.0,30.0,0.0,0.0,0.0,0.0,0.0,0.0,14.0,0.0,0.0,0.0,0.0
C2_p9__lamarckian__s27,C2_p9__lamarckian,C2_p9,C2,lamarckian,27,1400,train,37,4.162162162162162,8,16,68.05391396592626,0.8541666666666666,0.5,214.0,0.0,0.0,174.0,48.0,0.0,0.0,0.0,79.0,0.0,0.0,13.0,23.0,0.0,0.0,0.0,0.0,0.0,0.0,13.0,0.0,0.0,0.0,0.0
C2_p9__lamarckian__s27,C2_p9__lamarckian,C2_p9,C2,lamarckian,27,1450,train,36,4.361111111111111,12,13,66.53149151978987,0.9583333333333334,0.5,157.0,0.0,0.0,391.0,60.0,0.0,0.0,0.0,70.0,0.0,0.0,20.0,25.0,0.0,0.0,0.0,0.0,0.0,0.0,20.0,0.0,0.0,0.0,0.0
C2_p9__lamarckian__s27,C2_p9__lamarckian,C2_p9,C2,lamarckian,27,1500,train,39,4.769230769230769,13,10,46.96738110749473,0.9375,0.5,206.0,0.0,0.0,281.0,98.0,0.0,0.0,0.0,90.0,0.0,0.0,11.0,27.0,0.0,0.0,0.0,0.0,0.0,0.0,11.0,0.0,0.0,0.0,0.0
C2_p9__lamarckian__s27,C2_p9__lamarckian,C2_p9,C2,lamarckian,27,1550,eval,43,4.976744186046512,13,9,38.467136299857025,0.9375,0.5,189.0,0.0,0.0,446.0,61.0,0.0,0.0,37.0,76.0,0.0,0.0,10.0,30.0,0.0,0.0,2.0,0.0,0.0,0.0,10.0,0.0,0.0,0.0,2.0
C2_p9__lamarckian__s27,C2_p9__lamarckian,C2_p9,C2,lamarckian,27,1600,eval,40,5.025,10,13,73.4536121350827,0.8541666666666666,0.5,124.0,0.0,0.0,401.0,49.0,0.0,0.0,64.0,70.0,0.0,0.0,11.0,21.0,0.0,0.0,1.0,0.0,0.0,0.0,11.0,0.0,0.0,0.0,1.0
C2_p9__lamarckian__s27,C2_p9__lamarckian,C2_p9,C2,lamarckian,27,1650,eval,45,5.2,15,10,39.66293305714625,0.9583333333333334,0.5,231.0,0.0,0.0,413.0,59.0,0.0,0.0,29.0,90.0,0.0,0.0,10.0,21.0,0.0,0.0,3.0,0.0,0.0,0.0,10.0,0.0,0.0,0.0,3.0
C2_p9__lamarckian__s27,C2_p9__lamarckian,C2_p9,C2,lamarckian,27,1700,eval,35,5.228571428571429,5,15,64.86238686988519,0.9375,0.5,245.0,0.0,0.0,365.0,40.0,0.0,0.0,64.0,78.0,0.0,0.0,13.0,20.0,0.0,0.0,1.0,0.0,0.0,0.0,13.0,0.0,0.0,0.0,1.0
C2_p9__lamarckian__s27,C2_p9__lamarckian,C2_p9,C2,lamarckian,27,1750,eval,38,5.052631578947368,10,7,81.46846016355047,0.8333333333333334,0.5,270.0,0.0,0.0,422.0,37.0,0.0,0.0,90.0,99.0,0.0,0.0,10.0,14.0,0.0,0.0,4.0,0.0,0.0,0.0,10.0,0.0,0.0,0.0,4.0
C2_p9__lamarckian__s27,C2_p9__lamarckian,C2_p9,C2,lamarckian,27,1800,eval,40,5.325,10,8,45.099259775297696,0.9375,0.5,211.0,0.0,0.0,386.0,41.0,0.0,0.0,39.0,86.0,0.0,0.0,19.0,28.0,0.0,0.0,2.0,0.0,0.0,0.0,19.0,0.0,0.0,0.0,2.0
C2_p9__lamarckian__s28,C2_p9__lamarckian,C2_p9,C2,lamarckian,28,50,train,50,0.94,42,12,58.59354774132758,0.8958333333333334,0.5,412.0,0.0,0.0,244.0,138.0,0.0,0.0,0.0,54.0,0.0,0.0,50.0,20.0,0.0,0.0,0.0,0.0,0.0,0.0,50.0,0.0,0.0,0.0,0.0
C2_p9__lamarckian__s28,C2_p9__lamarckian,C2_p9,C2,lamarckian,28,100,train,50,1.26,18,18,97.97095055999304,0.7916666666666666,0.5,324.0,0.0,0.0,311.0,83.0,0.0,0.0,0.0,52.0,0.0,0.0,36.0,9.0,0.0,0.0,0.0,0.0,0.0,0.0,36.0,0.0,0.0,0.0,0.0
C2_p9__lamarckian__s28,C2_p9__lamarckian,C2_p9,C2,lamarckian,28,150,train,49,1.3673469387755102,19,20,88.72196269157526,0.875,0.5,415.0,0.0,0.0,580.0,90.0,0.0,0.0,0.0,51.0,0.0,0.0,36.0,16.0,0.0,0.0,0.0,0.0,0.0,0.0,36.0,0.0,0.0,0.0,0.0
C2_p9__lamarckian__s28,C2_p9__lamarckian,C2_p9,C2,lamarckian,28,200,train,50,1.86,20,19,114.70462815331513,0.7916666666666666,0.5,348.0,0.0,0.0,425.0,63.0,0.0,0.0,0.0,50.0,0.0,0.0,28.0,7.0,0.0,0.0,0.0,0.0,0.0,0.0,28.0,0.0,0.0,0.0,0.0
C2_p9__lamarckian__s28,C2_p9__lamarckian,C2_p9,C2,lamarckian,28,250,train,50,1.86,14,14,81.90700782236604,0.8125,0.5,410.0,0.0,0.0,523.0,89.0,0.0,0.0,0.0,64.0,0.0,0.0,24.0,12.0,0.0,0.0,0.0,0.0,0.0,0.0,24.0,0.0,0.0,0.0,0.0
C2_p9__lamarckian__s28,C2_p9__lamarckian,C2_p9,C2,lamarckian,28,300,train,50,2.02,14,14,51.98623292483859,0.9166666666666666,0.5,379.0,0.0,0.0,446.0,75.0,0.0,0.0,0.0,82.0,0.0,0.0,19.0,14.0,0.0,0.0,0.0,0.0,0.0,0.0,19.0,0.0,0.0,0.0,0.0
C2_p9__lamarckian__s28,C2_p9__lamarckian,C2_p9,C2,lamarckian,28,350,train,50,2.18,19,19,61.84294195308256,0.9166666666666666,0.5,289.0,0.0,0.0,360.0,46.0,0.0,0.0,0.0,65.0,0.0,0.0,20.0,22.0,0.0,0.0,0.0,0.0,0.0,0.0,20.0,0.0,0.0,0.0,0.0
C2_p9__lamarckian__s28,C2_p9__lamarckian,C2_p9,C2,lamarckian,28,400,train,49,2.2857142857142856,19,20,56.71636297309468,0.9583333333333334,0.5,305.0,0.0,0.0,339.0,69.0,0.0,0.0,0.0,75.0,0.0,0.0,18.0,14.0,0.0,0.0,0.0,0.0,0.0,0.0,18.0,0.0,0.0,0.0,0.0
C2_p9__lamarckian__s28,C2_p9__lamarckian,C2_p9,C2,lamarckian,28,450,train,48,2.4583333333333335,16,17,73.85669920672188,0.875,0.5,217.0,0.0,0.0,409.0,106.0,0.0,0.0,0.0,63.0,0.0,0.0,26.0,19.0,0.0,0.0,0.0,0.0,0.0,0.0,26.0,0.0,0.0,0.0,0.0
C2_p9__lamarckian__s28,C2_p9__lamarckian,C2_p9,C2,lamarckian,28,500,train,38,2.8421052631578947,7,17,54.120910393798916,0.9166666666666666,0.5,197.0,0.0,0.0,340.0,42.0,0.0,0.0,0.0,78.0,0.0,0.0,18.0,19.0,0.0,0.0,0.0,0.0,0.0,0.0,18.0,0.0,0.0,0.0,0.0
C2_p9__lamarckian__s28,C2_p9__lamarckian,C2_p9,C2,lamarckian,28,550,train,36,3.4444444444444446,13,15,91.48383273428419,0.8541666666666666,0.5,218.0,0.0,0.0,275.0,70.0,0.0,0.0,0.0,84.0,0.0,0.0,12.0,15.0,0.0,0.0,0.0,0.0,0.0,0.0,12.0,0.0,0.0,0.0,0.0
C2_p9__lamarckian__s28,C2_p9__lamarckian,C2_p9,C2,lamarckian,28,600,train,43,3.8372093023255816,17,10,49.16741831047359,0.9583333333333334,0.5,253.0,0.0,0.0,199.0,59.0,0.0,0.0,0.0,91.0,0.0,0.0,12.0,25.0,0.0,0.0,0.0,0.0,0.0,0.0,12.0,0.0,0.0,0.0,0.0
C2_p9__lamarckian__s28,C2_p9__lamarckian,C2_p9,C2,lamarckian,28,650,train,42,3.9761904761904763,13,14,52.65517997142676,0.9375,0.5,176.0,0.0,0.0,282.0,76.0,0.0,0.0,0.0,85.0,0.0,0.0,13.0,15.0,0.0,0.0,0.0,0.0,0.0,0.0,13.0,0.0,0.0,0.0,0.0
C2_p9__lamarckian__s28,C2_p9__lamarckian,C2_p9,C2,lamarckian,28,700,train,43,4.116279069767442,12,11,52.264481349938535,0.9791666666666666,0.5,236.0,0.0,0.0,345.0,67.0,0.0,0.0,0.0,90.0,0.0,0.0,13.0,19.0,0.0,0.0,0.0,0.0,0.0,0.0,13.0,0.0,0.0,0.0,0.0
C2_p9__lamarckian__s28,C2_p9__lamarckian,C2_p9,C2,lamarckian,28,750,train,36,4.305555555555555,8,15,63.13263415372418,0.8958333333333334,0.5,220.0,0.0,0.0,318.0,45.0,0.0,0.0,0.0,81.0,0.0,0.0,16.0,16.0,0.0,0.0,0.0,0.0,0.0,0.0,16.0,0.0,0.0,0.0,0.0
C2_p9__lamarckian__s28,C2_p9__lamarckian,C2_p9,C2,lamarckian,28,800,train,29,4.689655172413793,9,16,72.56879672144771,0.8333333333333334,0.5,181.0,0.0,0.0,339.0,31.0,0.0,0.0,0.0,79.0,0.0,0.0,19.0,22.0,0.0,0.0,0.0,0.0,0.0,0.0,19.0,0.0,0.0,0.0,0.0
C2_p9__lamarckian__s28,C2_p9__lamarckian,C2_p9,C2,lamarckian,28,850,train,35,5.0285714285714285,13,7,41.26040012829709,0.9791666666666666,0.5,178.0,0.0,0.0,267.0,22.0,0.0,0.0,0.0,95.0,0.0,0.0,17.0,15.0,0.0,0.0,0.0,0.0,0.0,0.0,17.0,0.0,0.0,0.0,0.0
C2_p9__lamarckian__s28,C2_p9__lamarckian,C2_p9,C2,lamarckian,28,900,train,37,4.837837837837838,9,7,48.859264949900215,0.9583333333333334,0.5,224.0,0.0,0.0,319.0,59.0,0.0,0.0,0.0,91.0,0.0,0.0,13.0,16.0,0.0,0.0,0.0,0.0,0.0,0.0,13.0,0.0,0.0,0.0,0.0
C2_p9__lamarckian__s28,C2_p9__lamarckian,C2_p9,C2,lamarckian,28,950,train,32,4.84375,3,8,57.476404292045515,0.9375,0.5,228.0,0.0,0.0,281.0,54.0,0.0,0.0,0.0,84.0,0.0,0.0,10.0,18.0,0.0,0.0,0.0,0.0,0.0,0.0,10.0,0.0,0.0,0.0,0.0
C2_p9__lamarckian__s28,C2_p9__lamarckian,C2_p9,C2,lamarckian,28,1000,train,32,5.15625,6,6,57.44893320908902,0.9375,0.5,203.0,0.0,0.0,278.0,32.0,0.0,0.0,0.0,98.0,0.0,0.0,12.0,17.0,0.0,0.0,0.0,0.0,0.0,0.0,12.0,0.0,0.0,0.0,0.0
C2_p9__lamarckian__s28,C2_p9__lamarckian,C2_p9,C2,lamarckian,28,1050,train,31,5.387096774193548,10,11,63.5904854408049,0.9375,0.5,191.0,0.0,0.0,234.0,32.0,0.0,0.0,0.0,90.0,0.0,0.0,8.0,15.0,0.0,0.0,0.0,0.0,0.0,0.0,8.0,0.0,0.0,0.0,0.0
C2_p9__lamarckian__s28,C2_p9__lamarckian,C2_p9,C2,lamarckian,28,1100,train,31,5.903225806451613,16,16,73.66825456262399,0.9166666666666666,0.5,197.0,0.0,0.0,359.0,15.0,0.0,0.0,0.0,91.0,0.0,0.0,24.0,11.0,0.0,0.0,0.0,0.0,0.0,0.0,24.0,0.0,0.0,0.0,0.0
C2_p9__lamarckian__s28,C2_p9__lamarckian,C2_p9,C2,lamarckian,28,1150,train,32,6.5625,11,10,73.07225408835345,0.9166666666666666,0.5,215.0,0.0,0.0,254.0,51.0,0.0,0.0,0.0,100.0,0.0,0.0,16.0,20.0,0.0,0.0,0.0,0.0,0.0,0.0,16.0,0.0,0.0,0.0,0.0
C2_p9__lamarckian__s28,C2_p9__lamarckian,C2_p9,C2,lamarckian,28,1200,train,36,7.055555555555555,7,3,61.50441368250594,0.8541666666666666,0.5,201.0,0.0,0.0,181.0,29.0,0.0,0.0,0.0,91.0,0.0,0.0,9.0,17.0,0.0,0.0,0.0,0.0,0.0,0.0,9.0,0.0,0.0,0.0,0.0
C2_p9__lamarckian__s28,C2_p9__lamarckian,C2_p9,C2,lamarckian,28,1250,train,39,7.333333333333333,14,11,43.93645844800008,0.9375,0.5,223.0,0.0,0.0,291.0,47.0,0.0,0.0,0.0,92.0,0.0,0.0,18.0,18.0,0.0,0.0,0.0,0.0,0.0,0.0,18.0,0.0,0.0,0.0,0.0
C2_p9__lamarckian__s28,C2_p9__lamarckian,C2_p9,C2,lamarckian,28,1300,train,38,7.342105263157895,11,12,60.32031613145189,0.9166666666666666,0.5,205.0,0.0,0.0,327.0,38.0,0.0,0.0,0.0,91.0,0.0,0.0,17.0,19.0,0.0,0.0,0.0,0.0,0.0,0.0,17.0,0.0,0.0,0.0,0.0
C2_p9__lamarckian__s28,C2_p9__lamarckian,C2_p9,C2,lamarckian,28,1350,train,34,7.676470588235294,6,10,89.3869461725989,0.8541666666666666,0.5,178.0,0.0,0.0,316.0,36.0,0.0,0.0,0.0,84.0,0.0,0.0,9.0,11.0,0.0,0.0,0.0,0.0,0.0,0.0,9.0,0.0,0.0,0.0,0.0
C2_p9__lamarckian__s28,C2_p9__lamarckian,C2_p9,C2,lamarckian,28,1400,train,38,7.684210526315789,12,8,65.22770232651726,0.9166666666666666,0.5,233.0,0.0,0.0,323.0,32.0,0.0,0.0,0.0,102.0,0.0,0.0,16.0,17.0,0.0,0.0,0.0,0.0,0.0,0.0,16.0,0.0,0.0,0.0,0.0
C2_p9__lamarckian__s28,C2_p9__lamarckian,C2_p9,C2,lamarckian,28,1450,train,42,7.9523809523809526,9,5,55.859487603492475,0.9375,0.5,174.0,0.0,0.0,161.0,35.0,0.0,0.0,0.0,95.0,0.0,0.0,9.0,17.0,0.0,0.0,0.0,0.0,0.0,0.0,9.0,0.0,0.0,0.0,0.0
C2_p9__lamarckian__s28,C2_p9__lamarckian,C2_p9,C2,lamarckian,28,1500,train,40,8.125,8,10,48.884725693033594,1.0,0.5,160.0,0.0,0.0,340.0,39.0,0.0,0.0,0.0,85.0,0.0,0.0,8.0,17.0,0.0,0.0,0.0,0.0,0.0,0.0,8.0,0.0,0.0,0.0,0.0
C2_p9__lamarckian__s28,C2_p9__lamarckian,C2_p9,C2,lamarckian,28,1550,eval,28,8.071428571428571,4,16,51.6623020408754,0.9166666666666666,0.5,151.0,0.0,0.0,274.0,18.0,0.0,0.0,50.0,78.0,0.0,0.0,10.0,11.0,0.0,0.0,3.0,0.0,0.0,0.0,10.0,0.0,0.0,0.0,3.0
C2_p9__lamarckian__s28,C2_p9__lamarckian,C2_p9,C2,lamarckian,28,1600,eval,29,8.724137931034482,12,11,73.7103184996418,0.875,0.5,208.0,0.0,0.0,262.0,18.0,0.0,0.0,30.0,93.0,0.0,0.0,8.0,12.0,0.0,0.0,3.0,0.0,0.0,0.0,8.0,0.0,0.0,0.0,3.0
C2_p9__lamarckian__s28,C2_p9__lamarckian,C2_p9,C2,lamarckian,28,1650,eval,36,8.88888888888889,14,7,59.077166618565826,0.9166666666666666,0.5,251.0,0.0,0.0,366.0,36.0,0.0,0.0,18.0,98.0,0.0,0.0,14.0,16.0,0.0,0.0,2.0,0.0,0.0,0.0,14.0,0.0,0.0,0.0,2.0
C2_p9__lamarckian__s28,C2_p9__lamarckian,C2_p9,C2,lamarckian,28,1700,eval,45,9.133333333333333,15,6,53.22254639815297,0.9166666666666666,0.5,263.0,0.0,0.0,290.0,34.0,0.0,0.0,81.0,103.0,0.0,0.0,9.0,9.0,0.0,0.0,5.0,0.0,0.0,0.0,9.0,0.0,0.0,0.0,5.0
C2_p9__lamarckian__s28,C2_p9__lamarckian,C2_p9,C2,lamarckian,28,1750,eval,41,9.170731707317072,8,12,47.2170635299378,0.9375,0.5,245.0,0.0,0.0,408.0,23.0,0.0,0.0,28.0,93.0,0.0,0.0,12.0,18.0,0.0,0.0,2.0,0.0,0.0,0.0,12.0,0.0,0.0,0.0,2.0
C2_p9__lamarckian__s28,C2_p9__lamarckian,C2_p9,C2,lamarckian,28,1800,eval,39,9.23076923076923,6,8,65.43276678538427,0.9166666666666666,0.5,242.0,0.0,0.0,344.0,18.0,0.0,0.0,60.0,99.0,0.0,0.0,10.0,9.0,0.0,0.0,2.0,0.0,0.0,0.0,10.0,0.0,0.0,0.0,2.0
C2_p9__lamarckian__s29,C2_p9__lamarckian,C2_p9,C2,lamarckian,29,50,train,50,0.84,40,10,55.294628639604994,0.8958333333333334,0.5,208.0,0.0,0.0,334.0,94.0,0.0,0.0,0.0,47.0,0.0,0.0,47.0,26.0,0.0,0.0,0.0,0.0,0.0,0.0,47.0,0.0,0.0,0.0,0.0
C2_p9__lamarckian__s29,C2_p9__lamarckian,C2_p9,C2,lamarckian,29,100,train,50,0.9,9,9,135.387810869466,0.75,0.5,393.0,0.0,0.0,251.0,55.0,0.0,0.0,0.0,61.0,0.0,0.0,19.0,8.0,0.0,0.0,0.0,0.0,0.0,0.0,19.0,0.0,0.0,0.0,0.0
C2_p9__lamarckian__s29,C2_p9__lamarckian,C2_p9,C2,lamarckian,29,150,train,50,0.88,17,17,99.26672709689649,0.7708333333333334,0.5,525.0,0.0,0.0,589.0,114.0,0.0,0.0,0.0,46.0,0.0,0.0,31.0,30.0,0.0,0.0,0.0,0.0,0.0,0.0,31.0,0.0,0.0,0.0,0.0
C2_p9__lamarckian__s29,C2_p9__lamarckian,C2_p9,C2,lamarckian,29,200,train,50,0.86,9,9,70.26845419318244,0.8541666666666666,0.5,557.0,0.0,0.0,458.0,98.0,0.0,0.0,0.0,68.0,0.0,0.0,22.0,27.0,0.0,0.0,0.0,0.0,0.0,0.0,22.0,0.0,0.0,0.0,0.0
C2_p9__lamarckian__s29,C2_p9__lamarckian,C2_p9,C2,lamarckian,29,250,train,50,0.82,13,13,54.10301248943688,0.9375,0.5,568.0,0.0,0.0,477.0,80.0,0.0,0.0,0.0,61.0,0.0,0.0,26.0,26.0,0.0,0.0,0.0,0.0,0.0,0.0,26.0,0.0,0.0,0.0,0.0
C2_p9__lamarckian__s29,C2_p9__lamarckian,C2_p9,C2,lamarckian,29,300,train,50,0.82,11,11,82.78582554598235,0.8541666666666666,0.5,491.0,0.0,0.0,516.0,70.0,0.0,0.0,0.0,60.0,0.0,0.0,15.0,16.0,0.0,0.0,0.0,0.0,0.0,0.0,15.0,0.0,0.0,0.0,0.0
C2_p9__lamarckian__s29,C2_p9__lamarckian,C2_p9,C2,lamarckian,29,350,train,50,0.84,4,4,64.24527505177429,0.8541666666666666,0.5,506.0,0.0,0.0,409.0,174.0,0.0,0.0,0.0,64.0,0.0,0.0,9.0,26.0,0.0,0.0,0.0,0.0,0.0,0.0,9.0,0.0,0.0,0.0,0.0
C2_p9__lamarckian__s29,C2_p9__lamarckian,C2_p9,C2,lamarckian,29,400,train,50,0.84,13,13,66.06462422926265,0.8125,0.5,571.0,0.0,0.0,330.0,224.0,0.0,0.0,0.0,69.0,0.0,0.0,15.0,17.0,0.0,0.0,0.0,0.0,0.0,0.0,15.0,0.0,0.0,0.0,0.0
C2_p9__lamarckian__s29,C2_p9__lamarckian,C2_p9,C2,lamarckian,29,450,train,50,0.84,7,7,78.94337640489353,0.875,0.5,346.0,0.0,0.0,390.0,157.0,0.0,0.0,0.0,75.0,0.0,0.0,10.0,27.0,0.0,0.0,0.0,0.0,0.0,0.0,10.0,0.0,0.0,0.0,0.0
C2_p9__lamarckian__s29,C2_p9__lamarckian,C2_p9,C2,lamarckian,29,500,train,49,1.2448979591836735,19,20,51.19000828861875,0.9375,0.5,435.0,0.0,0.0,372.0,151.0,0.0,0.0,0.0,75.0,0.0,0.0,10.0,26.0,0.0,0.0,0.0,0.0,0.0,0.0,10.0,0.0,0.0,0.0,0.0
C2_p9__lamarckian__s29,C2_p9__lamarckian,C2_p9,C2,lamarckian,29,550,train,50,1.54,17,16,56.49113436347853,0.9166666666666666,0.5,375.0,0.0,0.0,384.0,130.0,0.0,0.0,0.0,58.0,0.0,0.0,23.0,27.0,0.0,0.0,0.0,0.0,0.0,0.0,23.0,0.0,0.0,0.0,0.0
C2_p9__lamarckian__s29,C2_p9__lamarckian,C2_p9,C2,lamarckian,29,600,train,50,1.66,10,10,59.57678079495831,0.8958333333333334,0.5,369.0,0.0,0.0,447.0,104.0,0.0,0.0,0.0,64.0,0.0,0.0,17.0,28.0,0.0,0.0,0.0,0.0,0.0,0.0,17.0,0.0,0.0,0.0,0.0
C2_p9__lamarckian__s29,C2_p9__lamarckian,C2_p9,C2,lamarckian,29,650,train,50,1.78,14,14,57.472084275061775,0.8958333333333334,0.5,346.0,0.0,0.0,330.0,80.0,0.0,0.0,0.0,75.0,0.0,0.0,12.0,31.0,0.0,0.0,0.0,0.0,0.0,0.0,12.0,0.0,0.0,0.0,0.0
C2_p9__lamarckian__s29,C2_p9__lamarckian,C2_p9,C2,lamarckian,29,700,train,50,1.86,15,15,66.02602491599085,0.8541666666666666,0.5,337.0,0.0,0.0,472.0,102.0,0.0,0.0,0.0,61.0,0.0,0.0,19.0,30.0,0.0,0.0,0.0,0.0,0.0,0.0,19.0,0.0,0.0,0.0,0.0
C2_p9__lamarckian__s29,C2_p9__lamarckian,C2_p9,C2,lamarckian,29,750,train,50,1.96,10,10,53.57520931336707,0.8958333333333334,0.5,275.0,0.0,0.0,237.0,101.0,0.0,0.0,0.0,74.0,0.0,0.0,5.0,25.0,0.0,0.0,0.0,0.0,0.0,0.0,5.0,0.0,0.0,0.0,0.0
C2_p9__lamarckian__s29,C2_p9__lamarckian,C2_p9,C2,lamarckian,29,800,train,50,2.12,15,15,67.3704174314094,0.875,0.5,254.0,0.0,0.0,228.0,113.0,0.0,0.0,0.0,78.0,0.0,0.0,12.0,22.0,0.0,0.0,0.0,0.0,0.0,0.0,12.0,0.0,0.0,0.0,0.0
C2_p9__lamarckian__s29,C2_p9__lamarckian,C2_p9,C2,lamarckian,29,850,train,50,2.36,15,15,55.40146170710775,0.8958333333333334,0.5,205.0,0.0,0.0,411.0,68.0,0.0,0.0,0.0,73.0,0.0,0.0,11.0,30.0,0.0,0.0,0.0,0.0,0.0,0.0,11.0,0.0,0.0,0.0,0.0
C2_p9__lamarckian__s29,C2_p9__lamarckian,C2_p9,C2,lamarckian,29,900,train,50,2.54,22,22,47.47488271467101,0.9166666666666666,0.5,347.0,0.0,0.0,372.0,56.0,0.0,0.0,0.0,67.0,0.0,0.0,16.0,33.0,0.0,0.0,0.0,0.0,0.0,0.0,16.0,0.0,0.0,0.0,0.0
C2_p9__lamarckian__s29,C2_p9__lamarckian,C2_p9,C2,lamarckian,29,950,train,47,2.723404255319149,10,13,55.212632579061975,0.9375,0.5,170.0,0.0,0.0,388.0,40.0,0.0,0.0,0.0,82.0,0.0,0.0,11.0,20.0,0.0,0.0,0.0,0.0,0.0,0.0,11.0,0.0,0.0,0.0,0.0
C2_p9__lamarckian__s29,C2_p9__lamarckian,C2_p9,C2,lamarckian,29,1000,train,46,2.8260869565217392,11,12,54.58563028283396,0.9375,0.5,200.0,0.0,0.0,388.0,61.0,0.0,0.0,0.0,75.0,0.0,0.0,9.0,32.0,0.0,0.0,0.0,0.0,0.0,0.0,9.0,0.0,0.0,0.0,0.0
C2_p9__lamarckian__s29,C2_p9__lamarckian,C2_p9,C2,lamarckian,29,1050,train,38,3.1578947368421053,11,19,44.51037622504232,0.9375,0.5,200.0,0.0,0.0,331.0,59.0,0.0,0.0,0.0,79.0,0.0,0.0,16.0,36.0,0.0,0.0,0.0,0.0,0.0,0.0,16.0,0.0,0.0,0.0,0.0
C2_p9__lamarckian__s29,C2_p9__lamarckian,C2_p9,C2,lamarckian,29,1100,train,33,3.242424242424242,9,14,46.33501103856214,0.9166666666666666,0.5,213.0,0.0,0.0,356.0,75.0,0.0,0.0,0.0,85.0,0.0,0.0,19.0,38.0,0.0,0.0,0.0,0.0,0.0,0.0,19.0,0.0,0.0,0.0,0.0
C2_p9__lamarckian__s29,C2_p9__lamarckian,C2_p9,C2,lamarckian,29,1150,train,42,3.4047619047619047,12,3,45.362107912803424,0.9791666666666666,0.5,202.0,0.0,0.0,197.0,82.0,0.0,0.0,0.0,86.0,0.0,0.0,6.0,31.0,0.0,0.0,0.0,0.0,0.0,0.0,6.0,0.0,0.0,0.0,0.0
C2_p9__lamarckian__s29,C2_p9__lamarckian,C2_p9,C2,lamarckian,29,1200,train,43,3.511627906976744,7,6,44.21757579115736,0.9166666666666666,0.5,206.0,0.0,0.0,257.0,53.0,0.0,0.0,0.0,79.0,0.0,0.0,11.0,28.0,0.0,0.0,0.0,0.0,0.0,0.0,11.0,0.0,0.0,0.0,0.0
C2_p9__lamarckian__s29,C2_p9__lamarckian,C2_p9,C2,lamarckian,29,1250,train,36,3.75,4,11,62.796760787452016,0.9166666666666666,0.5,221.0,0.0,0.0,418.0,49.0,0.0,0.0,0.0,84.0,0.0,0.0,15.0,30.0,0.0,0.0,0.0,0.0,0.0,0.0,15.0,0.0,0.0,0.0,0.0
C2_p9__lamarckian__s29,C2_p9__lamarckian,C2_p9,C2,lamarckian,29,1300,train,35,4.057142857142857,12,13,48.65668489946447,0.9583333333333334,0.5,226.0,0.0,0.0,232.0,41.0,0.0,0.0,0.0,90.0,0.0,0.0,10.0,22.0,0.0,0.0,0.0,0.0,0.0,0.0,10.0,0.0,0.0,0.0,0.0
C2_p9__lamarckian__s29,C2_p9__lamarckian,C2_p9,C2,lamarckian,29,1350,train,39,4.256410256410256,10,6,52.32444540829627,0.8958333333333334,0.5,193.0,0.0,0.0,245.0,69.0,0.0,0.0,0.0,71.0,0.0,0.0,12.0,36.0,0.0,0.0,0.0,0.0,0.0,0.0,12.0,0.0,0.0,0.0,0.0
C2_p9__lamarckian__s29,C2_p9__lamarckian,C2_p9,C2,lamarckian,29,1400,train,35,4.428571428571429,11,15,55.20097012308028,0.8958333333333334,0.5,152.0,0.0,0.0,373.0,66.0,0.0,0.0,0.0,69.0,0.0,0.0,17.0,34.0,0.0,0.0,0.0,0.0,0.0,0.0,17.0,0.0,0.0,0.0,0.0
C2_p9__lamarckian__s29,C2_p9__lamarckian,C2_p9,C2,lamarckian,29,1450,train,41,4.780487804878049,13,7,41.114983040301944,0.9375,0.5,248.0,0.0,0.0,244.0,59.0,0.0,0.0,0.0,90.0,0.0,0.0,10.0,33.0,0.0,0.0,0.0,0.0,0.0,0.0,10.0,0.0,0.0,0.0,0.0
C2_p9__lamarckian__s29,C2_p9__lamarckian,C2_p9,C2,lamarckian,29,1500,train,39,4.9743589743589745,7,9,43.24848160106853,1.0,0.5,185.0,0.0,0.0,268.0,81.0,0.0,0.0,0.0,71.0,0.0,0.0,13.0,30.0,0.0,0.0,0.0,0.0,0.0,0.0,13.0,0.0,0.0,0.0,0.0
C2_p9__lamarckian__s29,C2_p9__lamarckian,C2_p9,C2,lamarckian,29,1550,eval,34,5.088235294117647,7,12,55.447221659995805,0.8958333333333334,0.5,199.0,0.0,0.0,291.0,49.0,0.0,0.0,137.0,89.0,0.0,0.0,14.0,29.0,0.0,0.0,1.0,0.0,0.0,0.0,14.0,0.0,0.0,0.0,1.0
C2_p9__lamarckian__s29,C2_p9__lamarckian,C2_p9,C2,lamarckian,29,1600,eval,47,5.531914893617022,20,7,71.36951999833674,0.875,0.5,196.0,0.0,0.0,470.0,19.0,0.0,0.0,49.0,80.0,0.0,0.0,6.0,16.0,0.0,0.0,2.0,0.0,0.0,0.0,6.0,0.0,0.0,0.0,2.0
C2_p9__lamarckian__s29,C2_p9__lamarckian,C2_p9,C2,lamarckian,29,1650,eval,50,5.9,17,14,45.63640253608084,0.9375,0.5,232.0,0.0,0.0,394.0,73.0,0.0,0.0,135.0,90.0,0.0,0.0,11.0,25.0,0.0,0.0,2.0,0.0,0.0,0.0,11.0,0.0,0.0,0.0,2.0
C2_p9__lamarckian__s29,C2_p9__lamarckian,C2_p9,C2,lamarckian,29,1700,eval,50,6.0,12,12,54.584230452853475,0.8958333333333334,0.5,223.0,0.0,0.0,493.0,32.0,0.0,0.0,63.0,82.0,0.0,0.0,15.0,19.0,0.0,0.0,1.0,0.0,0.0,0.0,15.0,0.0,0.0,0.0,1.0
C2_p9__lamarckian__s29,C2_p9__lamarckian,C2_p9,C2,lamarckian,29,1750,eval,47,6.319148936170213,13,16,41.331305574895325,0.9166666666666666,0.5,220.0,0.0,0.0,347.0,42.0,0.0,0.0,122.0,75.0,0.0,0.0,13.0,20.0,0.0,0.0,3.0,0.0,0.0,0.0,13.0,0.0,0.0,0.0,3.0
C2_p9__lamarckian__s29,C2_p9__lamarckian,C2_p9,C2,lamarckian,29,1800,eval,34,6.352941176470588,5,18,63.76452598262124,0.9375,0.5,215.0,0.0,0.0,316.0,46.0,0.0,0.0,100.0,83.0,0.0,0.0,16.0,22.0,0.0,0.0,1.0,0.0,0.0,0.0,16.0,0.0,0.0,0.0,1.0
C2_p9__lamarckian__s30,C2_p9__lamarckian,C2_p9,C2,lamarckian,30,50,train,50,0.98,36,6,168.10223938626655,0.6666666666666666,0.5,195.0,0.0,0.0,278.0,279.0,0.0,0.0,0.0,24.0,0.0,0.0,35.0,22.0,0.0,0.0,0.0,0.0,0.0,0.0,35.0,0.0,0.0,0.0,0.0
C2_p9__lamarckian__s30,C2_p9__lamarckian,C2_p9,C2,lamarckian,30,100,train,50,1.26,21,21,60.82684992663364,0.875,0.5,358.0,0.0,0.0,334.0,98.0,0.0,0.0,0.0,48.0,0.0,0.0,33.0,18.0,0.0,0.0,0.0,0.0,0.0,0.0,33.0,0.0,0.0,0.0,0.0
C2_p9__lamarckian__s30,C2_p9__lamarckian,C2_p9,C2,lamarckian,30,150,train,50,1.38,18,18,133.4791760596674,0.6458333333333334,0.5,272.0,0.0,0.0,408.0,39.0,0.0,0.0,0.0,46.0,0.0,0.0,23.0,7.0,0.0,0.0,0.0,0.0,0.0,0.0,23.0,0.0,0.0,0.0,0.0
C2_p9__lamarckian__s30,C2_p9__lamarckian,C2_p9,C2,lamarckian,30,200,train,50,1.42,12,12,72.00909305096174,0.8333333333333334,0.5,503.0,0.0,0.0,378.0,122.0,0.0,0.0,0.0,65.0,0.0,0.0,28.0,25.0,0.0,0.0,0.0,0.0,0.0,0.0,28.0,0.0,0.0,0.0,0.0
C2_p9__lamarckian__s30,C2_p9__lamarckian,C2_p9,C2,lamarckian,30,250,train,50,1.68,18,18,58.15162869093888,0.9791666666666666,0.5,355.0,0.0,0.0,473.0,52.0,0.0,0.0,0.0,60.0,0.0,0.0,27.0,19.0,0.0,0.0,0.0,0.0,0.0,0.0,27.0,0.0,0.0,0.0,0.0
C2_p9__lamarckian__s30,C2_p9__lamarckian,C2_p9,C2,lamarckian,30,300,train,50,1.72,17,17,78.92538940324776,0.8333333333333334,0.5,248.0,0.0,0.0,476.0,118.0,0.0,0.0,0.0,61.0,0.0,0.0,22.0,20.0,0.0,0.0,0.0,0.0,0.0,0.0,22.0,0.0,0.0,0.0,0.0
C2_p9__lamarckian__s30,C2_p9__lamarckian,C2_p9,C2,lamarckian,30,350,train,43,1.8604651162790697,15,22,70.46989834349353,0.8958333333333334,0.5,290.0,0.0,0.0,406.0,121.0,0.0,0.0,0.0,51.0,0.0,0.0,34.0,23.0,0.0,0.0,0.0,0.0,0.0,0.0,34.0,0.0,0.0,0.0,0.0
C2_p9__lamarckian__s30,C2_p9__lamarckian,C2_p9,C2,lamarckian,30,400,train,43,2.0930232558139537,12,12,54.17715210540487,0.9166666666666666,0.5,302.0,0.0,0.0,399.0,65.0,0.0,0.0,0.0,78.0,0.0,0.0,22.0,21.0,0.0,0.0,0.0,0.0,0.0,0.0,22.0,0.0,0.0,0.0,0.0
C2_p9__lamarckian__s30,C2_p9__lamarckian,C2_p9,C2,lamarckian,30,450,train,47,2.25531914893617,17,13,98.3557556158313,0.7916666666666666,0.5,273.0,0.0,0.0,357.0,48.0,0.0,0.0,0.0,67.0,0.0,0.0,18.0,11.0,0.0,0.0,0.0,0.0,0.0,0.0,18.0,0.0,0.0,0.0,0.0
C2_p9__lamarckian__s30,C2_p9__lamarckian,C2_p9,C2,lamarckian,30,500,train,47,2.5106382978723403,15,15,90.52926133301204,0.8125,0.5,288.0,0.0,0.0,264.0,74.0,0.0,0.0,0.0,69.0,0.0,0.0,18.0,26.0,0.0,0.0,0.0,0.0,0.0,0.0,18.0,0.0,0.0,0.0,0.0
C2_p9__lamarckian__s30,C2_p9__lamarckian,C2_p9,C2,lamarckian,30,550,train,48,2.6666666666666665,12,11,57.18995629723899,0.9375,0.5,323.0,0.0,0.0,324.0,44.0,0.0,0.0,0.0,82.0,0.0,0.0,20.0,21.0,0.0,0.0,0.0,0.0,0.0,0.0,20.0,0.0,0.0,0.0,0.0
C2_p9__lamarckian__s30,C2_p9__lamarckian,C2_p9,C2,lamarckian,30,600,train,37,2.5135135135135136,7,18,119.01983019058368,0.75,0.5,245.0,0.0,0.0,459.0,75.0,0.0,0.0,0.0,68.0,0.0,0.0,22.0,21.0,0.0,0.0,0.0,0.0,0.0,0.0,22.0,0.0,0.0,0.0,0.0
C2_p9__lamarckian__s30,C2_p9__lamarckian,C2_p9,C2,lamarckian,30,650,train,43,2.6511627906976742,18,12,66.66383206434651,0.8958333333333334,0.5,218.0,0.0,0.0,305.0,108.0,0.0,0.0,0.0,75.0,0.0,0.0,19.0,29.0,0.0,0.0,0.0,0.0,0.0,0.0,19.0,0.0,0.0,0.0,0.0
C2_p9__lamarckian__s30,C2_p9__lamarckian,C2_p9,C2,lamarckian,30,700,train,40,2.875,7,10,43.708797179188025,0.9791666666666666,0.5,285.0,0.0,0.0,276.0,82.0,0.0,0.0,0.0,87.0,0.0,0.0,14.0,25.0,0.0,0.0,0.0,0.0,0.0,0.0,14.0,0.0,0.0,0.0,0.0
C2_p9__lamarckian__s30,C2_p9__lamarckian,C2_p9,C2,lamarckian,30,750,train,39,3.128205128205128,8,9,72.7584482256221,0.9166666666666666,0.5,230.0,0.0,0.0,250.0,72.0,0.0,0.0,0.0,85.0,0.0,0.0,8.0,27.0,0.0,0.0,0.0,0.0,0.0,0.0,8.0,0.0,0.0,0.0,0.0
C2_p9__lamarckian__s30,C2_p9__lamarckian,C2_p9,C2,lamarckian,30,800,train,42,3.4523809523809526,14,11,80.46563205012986,0.8333333333333334,0.5,206.0,0.0,0.0,203.0,39.0,0.0,0.0,0.0,81.0,0.0,0.0,16.0,25.0,0.0,0.0,0.0,0.0,0.0,0.0,16.0,0.0,0.0,0.0,0.0
C2_p9__lamarckian__s30,C2_p9__lamarckian,C2_p9,C2,lamarckian,30,850,train,41,3.707317073170732,12,13,55.25395261561805,0.9583333333333334,0.5,195.0,0.0,0.0,340.0,66.0,0.0,0.0,0.0,87.0,0.0,0.0,20.0,25.0,0.0,0.0,0.0,0.0,0.0,0.0,20.0,0.0,0.0,0.0,0.0
C2_p9__lamarckian__s30,C2_p9__lamarckian,C2_p9,C2,lamarckian,30,900,train,34,3.8529411764705883,8,15,91.89495188842591,0.75,0.5,195.0,0.0,0.0,243.0,49.0,0.0,0.0,0.0,81.0,0.0,0.0,12.0,23.0,0.0,0.0,0.0,0.0,0.0,0.0,12.0,0.0,0.0,0.0,0.0
C2_p9__lamarckian__s30,C2_p9__lamarckian,C2_p9,C2,lamarckian,30,950,train,36,4.166666666666667,12,10,75.08325452336612,0.8333333333333334,0.5,191.0,0.0,0.0,258.0,48.0,0.0,0.0,0.0,76.0,0.0,0.0,18.0,24.0,0.0,0.0,0.0,0.0,0.0,0.0,18.0,0.0,0.0,0.0,0.0
C2_p9__lamarckian__s30,C2_p9__lamarckian,C2_p9,C2,lamarckian,30,1000,train,42,4.333333333333333,13,7,61.58650826500183,0.9375,0.5,245.0,0.0,0.0,301.0,64.0,0.0,0.0,0.0,81.0,0.0,0.0,13.0,26.0,0.0,0.0,0.0,0.0,0.0,0.0,13.0,0.0,0.0,0.0,0.0
C2_p9__lamarckian__s30,C2_p9__lamarckian,C2_p9,C2,lamarckian,30,1050,train,49,4.63265306122449,15,8,59.05552033753905,0.9166666666666666,0.5,266.0,0.0,0.0,355.0,66.0,0.0,0.0,0.0,84.0,0.0,0.0,11.0,21.0,0.0,0.0,0.0,0.0,0.0,0.0,11.0,0.0,0.0,0.0,0.0
C2_p9__lamarckian__s30,C2_p9__lamarckian,C2_p9,C2,lamarckian,30,1100,train,44,4.75,8,13,44.50389431997081,0.9375,0.5,239.0,0.0,0.0,256.0,71.0,0.0,0.0,0.0,82.0,0.0,0.0,20.0,29.0,0.0,0.0,0.0,0.0,0.0,0.0,20.0,0.0,0.0,0.0,0.0
C2_p9__lamarckian__s30,C2_p9__lamarckian,C2_p9,C2,lamarckian,30,1150,train,34,4.852941176470588,4,14,77.5772026103202,0.875,0.5,180.0,0.0,0.0,165.0,112.0,0.0,0.0,0.0,75.0,0.0,0.0,6.0,27.0,0.0,0.0,0.0,0.0,0.0,0.0,6.0,0.0,0.0,0.0,0.0
C2_p9__lamarckian__s30,C2_p9__lamarckian,C2_p9,C2,lamarckian,30,1200,train,38,5.157894736842105,15,11,75.70573290098656,0.9166666666666666,0.5,175.0,0.0,0.0,303.0,82.0,0.0,0.0,0.0,74.0,0.0,0.0,16.0,29.0,0.0,0.0,0.0,0.0,0.0,0.0,16.0,0.0,0.0,0.0,0.0
C2_p9__lamarckian__s30,C2_p9__lamarckian,C2_p9,C2,lamarckian,30,1250,train,43,5.465116279069767,12,7,69.88426902280096,0.8333333333333334,0.5,217.0,0.0,0.0,278.0,102.0,0.0,0.0,0.0,85.0,0.0,0.0,16.0,33.0,0.0,0.0,0.0,0.0,0.0,0.0,16.0,0.0,0.0,0.0,0.0
C2_p9__lamarckian__s30,C2_p9__lamarckian,C2_p9,C2,lamarckian,30,1300,train,47,5.51063829787234,11,7,52.68262492889514,0.9583333333333334,0.5,213.0,0.0,0.0,289.0,93.0,0.0,0.0,0.0,81.0,0.0,0.0,13.0,31.0,0.0,0.0,0.0,0.0,0.0,0.0,13.0,0.0,0.0,0.0,0.0
C2_p9__lamarckian__s30,C2_p9__lamarckian,C2_p9,C2,lamarckian,30,1350,train,45,5.644444444444445,9,11,29.513017439488667,1.0,0.5,233.0,0.0,0.0,265.0,92.0,0.0,0.0,0.0,91.0,0.0,0.0,13.0,27.0,0.0,0.0,0.0,0.0,0.0,0.0,13.0,0.0,0.0,0.0,0.0
C2_p9__lamarckian__s30,C2_p9__lamarckian,C2_p9,C2,lamarckian,30,1400,train,45,5.711111111111111,7,7,43.964144582856456,0.9375,0.5,233.0,0.0,0.0,190.0,95.0,0.0,0.0,0.0,76.0,0.0,0.0,8.0,31.0,0.0,0.0,0.0,0.0,0.0,0.0,8.0,0.0,0.0,0.0,0.0
C2_p9__lamarckian__s30,C2_p9__lamarckian,C2_p9,C2,lamarckian,30,1450,train,29,5.758620689655173,3,19,90.8065621779613,0.7916666666666666,0.5,186.0,0.0,0.0,268.0,78.0,0.0,0.0,0.0,73.0,0.0,0.0,13.0,30.0,0.0,0.0,0.0,0.0,0.0,0.0,13.0,0.0,0.0,0.0,0.0
C2_p9__lamarckian__s30,C2_p9__lamarckian,C2_p9,C2,lamarckian,30,1500,train,39,6.230769230769231,16,6,70.57860271294487,0.875,0.5,227.0,0.0,0.0,262.0,52.0,0.0,0.0,0.0,85.0,0.0,0.0,8.0,26.0,0.0,0.0,0.0,0.0,0.0,0.0,8.0,0.0,0.0,0.0,0.0
C2_p9__lamarckian__s30,C2_p9__lamarckian,C2_p9,C2,lamarckian,30,1550,eval,41,6.390243902439025,14,12,67.94783270337246,0.8541666666666666,0.5,238.0,0.0,0.0,315.0,41.0,0.0,0.0,59.0,90.0,0.0,0.0,11.0,22.0,0.0,0.0,1.0,0.0,0.0,0.0,11.0,0.0,0.0,0.0,1.0
C2_p9__lamarckian__s30,C2_p9__lamarckian,C2_p9,C2,lamarckian,30,1600,eval,45,6.622222222222222,14,10,67.01402663425131,0.8333333333333334,0.5,241.0,0.0,0.0,315.0,25.0,0.0,0.0,43.0,94.0,0.0,0.0,10.0,14.0,0.0,0.0,1.0,0.0,0.0,0.0,10.0,0.0,0.0,0.0,1.0
C2_p9__lamarckian__s30,C2_p9__lamarckian,C2_p9,C2,lamarckian,30,1650,eval,49,6.816326530612245,14,10,51.474721499116306,0.9375,0.5,276.0,0.0,0.0,316.0,73.0,0.0,0.0,110.0,94.0,0.0,0.0,10.0,27.0,0.0,0.0,3.0,0.0,0.0,0.0,10.0,0.0,0.0,0.0,3.0
C2_p9__lamarckian__s30,C2_p9__lamarckian,C2_p9,C2,lamarckian,30,1700,eval,50,6.9,11,10,49.0310035965891,0.9166666666666666,0.5,227.0,0.0,0.0,379.0,133.0,0.0,0.0,84.0,83.0,0.0,0.0,10.0,30.0,0.0,0.0,2.0,0.0,0.0,0.0,10.0,0.0,0.0,0.0,2.0
C2_p9__lamarckian__s30,C2_p9__lamarckian,C2_p9,C2,lamarckian,30,1750,eval,48,7.020833333333333,12,14,75.57239626389607,0.875,0.5,272.0,0.0,0.0,436.0,90.0,0.0,0.0,37.0,82.0,0.0,0.0,14.0,21.0,0.0,0.0,3.0,0.0,0.0,0.0,14.0,0.0,0.0,0.0,3.0
C2_p9__lamarckian__s30,C2_p9__lamarckian,C2_p9,C2,lamarckian,30,1800,eval,46,7.043478260869565,10,12,51.489596565809435,0.9583333333333334,0.5,357.0,0.0,0.0,279.0,73.0,0.0,0.0,73.0,108.0,0.0,0.0,9.0,23.0,0.0,0.0,2.0,0.0,0.0,0.0,9.0,0.0,0.0,0.0,2.0
