run_id,cell_id,condition,family,inheritance_mode,seed,window_end_tick,phase,population,mean_generation,births,deaths,total_stock,suppressed_fraction,coverage_realised,opportunities__train__m0__c0,opportunities__train__m0__c1,opportunities__train__m1__c0,opportunities__train__m1__c1,opportunities__heldout__m0__c0,opportunities__heldout__m0__c1,opportunities__heldout__m1__c0,opportunities__heldout__m1__c1,defections__train__m0__c0,defections__train__m0__c1,defections__train__m1__c0,defections__train__m1__c1,defections__heldout__m0__c0,defections__heldout__m0__c1,defections__heldout__m1__c0,defections__heldout__m1__c1,penalties__train__m0__c0,penalties__train__m0__c1,penalties__train__m1__c0,penalties__train__m1__c1,penalties__heldout__m0__c0,penalties__heldout__m0__c1,penalties__heldout__m1__c0,penalties__heldout__m1__c1
C2_p9__baldwinian__s1,C2_p9__baldwinian,C2_p9,C2,baldwinian,1,50,train,49,0.8163265306122449,40,11,99.94163522427687,0.7916666666666666,0.5,249.0,0.0,0.0,277.0,61.0,0.0,0.0,0.0,42.0,0.0,0.0,47.0,19.0,0.0,0.0,0.0,0.0,0.0,0.0,47.0,0.0,0.0,0.0,0.0
C2_p9__baldwinian__s1,C2_p9__baldwinian,C2_p9,C2,baldwinian,1,100,train,45,1.0,15,19,91.3139414496298,0.8541666666666666,0.5,242.0,0.0,0.0,309.0,80.0,0.0,0.0,0.0,34.0,0.0,0.0,35.0,19.0,0.0,0.0,0.0,0.0,0.0,0.0,35.0,0.0,0.0,0.0,0.0
C2_p9__baldwinian__s1,C2_p9__baldwinian,C2_p9,C2,baldwinian,1,150,train,44,1.1818181818181819,21,22,73.95560541546598,0.8958333333333334,0.5,436.0,0.0,0.0,308.0,69.0,0.0,0.0,0.0,73.0,0.0,0.0,33.0,20.0,0.0,0.0,0.0,0.0,0.0,0.0,33.0,0.0,0.0,0.0,0.0
C2_p9__baldwinian__s1,C2_p9__baldwinian,C2_p9,C2,baldwinian,1,200,train,49,1.346938775510204,22,17,66.34235311233034,0.8958333333333334,0.5,423.0,0.0,0.0,293.0,49.0,0.0,0.0,0.0,66.0,0.0,0.0,19.0,20.0,0.0,0.0,0.0,0.0,0.0,0.0,19.0,0.0,0.0,0.0,0.0
C2_p9__baldwinian__s1,C2_p9__baldwinian,C2_p9,C2,baldwinian,1,250,train,50,1.32,18,17,62.44190225055323,0.8958333333333334,0.5,300.0,0.0,0.0,345.0,146.0,0.0,0.0,0.0,63.0,0.0,0.0,23.0,24.0,0.0,0.0,0.0,0.0,0.0,0.0,23.0,0.0,0.0,0.0,0.0
C2_p9__baldwinian__s1,C2_p9__baldwinian,C2_p9,C2,baldwinian,1,300,train,50,1.32,20,20,94.14847011988024,0.7916666666666666,0.5,410.0,0.0,0.0,468.0,79.0,0.0,0.0,0.0,53.0,0.0,0.0,27.0,18.0,0.0,0.0,0.0,0.0,0.0,0.0,27.0,0.0,0.0,0.0,0.0
C2_p9__baldwinian__s1,C2_p9__baldwinian,C2_p9,C2,baldwinian,1,350,train,50,1.42,23,23,71.73835704472714,0.8541666666666666,0.5,445.0,0.0,0.0,542.0,105.0,0.0,0.0,0.0,79.0,0.0,0.0,29.0,21.0,0.0,0.0,0.0,0.0,0.0,0.0,29.0,0.0,0.0,0.0,0.0
C2_p9__baldwinian__s1,C2_p9__baldwinian,C2_p9,C2,baldwinian,1,400,train,49,1.4285714285714286,16,17,70.12498778757049,0.8541666666666666,0.5,417.0,0.0,0.0,383.0,113.0,0.0,0.0,0.0,62.0,0.0,0.0,26.0,25.0,0.0,0.0,0.0,0.0,0.0,0.0,26.0,0.0,0.0,0.0,0.0
C2_p9__baldwinian__s1,C2_p9__baldwinian,C2_p9,C2,baldwinian,1,450,train,48,1.3541666666666667,21,22,87.1393063653642,0.8125,0.5,469.0,0.0,0.0,558.0,106.0,0.0,0.0,0.0,64.0,0.0,0.0,23.0,19.0,0.0,0.0,0.0,0.0,0.0,0.0,23.0,0.0,0.0,0.0,0.0
C2_p9__baldwinian__s1,C2_p9__baldwinian,C2_p9,C2,baldwinian,1,500,train,39,1.4102564102564104,15,24,65.26407711149241,0.8958333333333334,0.5,385.0,0.0,0.0,410.0,103.0,0.0,0.0,0.0,76.0,0.0,0.0,26.0,14.0,0.0,0.0,0.0,0.0,0.0,0.0,26.0,0.0,0.0,0.0,0.0
C2_p9__baldwinian__s1,C2_p9__baldwinian,C2_p9,C2,baldwinian,1,550,train,32,1.90625,18,25,177.6015726715203,0.6041666666666666,0.5,217.0,0.0,0.0,249.0,185.0,0.0,0.0,0.0,35.0,0.0,0.0,23.0,21.0,0.0,0.0,0.0,0.0,0.0,0.0,23.0,0.0,0.0,0.0,0.0
C2_p9__baldwinian__s1,C2_p9__baldwinian,C2_p9,C2,baldwinian,1,600,train,43,2.2790697674418605,34,23,103.95162948072607,0.75,0.5,380.0,0.0,0.0,301.0,130.0,0.0,0.0,0.0,40.0,0.0,0.0,46.0,18.0,0.0,0.0,0.0,0.0,0.0,0.0,46.0,0.0,0.0,0.0,0.0
C2_p9__baldwinian__s1,C2_p9__baldwinian,C2_p9,C2,baldwinian,1,650,train,50,2.54,32,25,94.90577238221854,0.7916666666666666,0.5,452.0,0.0,0.0,370.0,105.0,0.0,0.0,0.0,42.0,0.0,0.0,31.0,15.0,0.0,0.0,0.0,0.0,0.0,0.0,31.0,0.0,0.0,0.0,0.0
C2_p9__baldwinian__s1,C2_p9__baldwinian,C2_p9,C2,baldwinian,1,700,train,50,2.52,24,24,27.807327803626304,0.9791666666666666,0.5,399.0,0.0,0.0,439.0,152.0,0.0,0.0,0.0,60.0,0.0,0.0,44.0,21.0,0.0,0.0,0.0,0.0,0.0,0.0,44.0,0.0,0.0,0.0,0.0
C2_p9__baldwinian__s1,C2_p9__baldwinian,C2_p9,C2,baldwinian,1,750,train,50,2.72,17,17,112.16610271181004,0.7083333333333334,0.5,418.0,0.0,0.0,454.0,38.0,0.0,0.0,0.0,39.0,0.0,0.0,30.0,4.0,0.0,0.0,0.0,0.0,0.0,0.0,30.0,0.0,0.0,0.0,0.0
C2_p9__baldwinian__s1,C2_p9__baldwinian,C2_p9,C2,baldwinian,1,800,train,50,2.7,14,14,132.8598444959991,0.75,0.5,422.0,0.0,0.0,384.0,129.0,0.0,0.0,0.0,49.0,0.0,0.0,20.0,28.0,0.0,0.0,0.0,0.0,0.0,0.0,20.0,0.0,0.0,0.0,0.0
C2_p9__baldwinian__s1,C2_p9__baldwinian,C2_p9,C2,baldwinian,1,850,train,50,2.96,21,21,54.69089832572617,0.9166666666666666,0.5,390.0,0.0,0.0,373.0,145.0,0.0,0.0,0.0,66.0,0.0,0.0,33.0,12.0,0.0,0.0,0.0,0.0,0.0,0.0,33.0,0.0,0.0,0.0,0.0
C2_p9__baldwinian__s1,C2_p9__baldwinian,C2_p9,C2,baldwinian,1,900,train,50,3.38,20,20,117.47850448951333,0.7708333333333334,0.5,280.0,0.0,0.0,413.0,129.0,0.0,0.0,0.0,39.0,0.0,0.0,29.0,17.0,0.0,0.0,0.0,0.0,0.0,0.0,29.0,0.0,0.0,0.0,0.0
C2_p9__baldwinian__s1,C2_p9__baldwinian,C2_p9,C2,baldwinian,1,950,train,50,3.36,26,26,71.50971444057734,0.8958333333333334,0.5,372.0,0.0,0.0,445.0,78.0,0.0,0.0,0.0,58.0,0.0,0.0,35.0,19.0,0.0,0.0,0.0,0.0,0.0,0.0,35.0,0.0,0.0,0.0,0.0
C2_p9__baldwinian__s1,C2_p9__baldwinian,C2_p9,C2,baldwinian,1,1000,train,44,3.6136363636363638,14,20,84.34888488154914,0.9166666666666666,0.5,267.0,0.0,0.0,273.0,95.0,0.0,0.0,0.0,53.0,0.0,0.0,28.0,18.0,0.0,0.0,0.0,0.0,0.0,0.0,28.0,0.0,0.0,0.0,0.0
C2_p9__baldwinian__s1,C2_p9__baldwinian,C2_p9,C2,baldwinian,1,1050,train,47,3.702127659574468,32,29,103.1383256681226,0.7291666666666666,0.5,337.0,0.0,0.0,373.0,155.0,0.0,0.0,0.0,49.0,0.0,0.0,36.0,16.0,0.0,0.0,0.0,0.0,0.0,0.0,36.0,0.0,0.0,0.0,0.0
C2_p9__baldwinian__s1,C2_p9__baldwinian,C2_p9,C2,baldwinian,1,1100,train,47,3.765957446808511,20,20,60.84707312235619,0.9375,0.5,422.0,0.0,0.0,320.0,82.0,0.0,0.0,0.0,69.0,0.0,0.0,26.0,16.0,0.0,0.0,0.0,0.0,0.0,0.0,26.0,0.0,0.0,0.0,0.0
C2_p9__baldwinian__s1,C2_p9__baldwinian,C2_p9,C2,baldwinian,1,1150,train,39,4.282051282051282,19,27,77.91899701537889,0.8541666666666666,0.5,351.0,0.0,0.0,384.0,76.0,0.0,0.0,0.0,62.0,0.0,0.0,30.0,18.0,0.0,0.0,0.0,0.0,0.0,0.0,30.0,0.0,0.0,0.0,0.0
C2_p9__baldwinian__s1,C2_p9__baldwinian,C2_p9,C2,baldwinian,1,1200,train,35,4.742857142857143,18,22,113.538847423248,0.8125,0.5,268.0,0.0,0.0,519.0,45.0,0.0,0.0,0.0,45.0,0.0,0.0,39.0,14.0,0.0,0.0,0.0,0.0,0.0,0.0,39.0,0.0,0.0,0.0,0.0
C2_p9__baldwinian__s1,C2_p9__baldwinian,C2_p9,C2,baldwinian,1,1250,train,41,4.7073170731707314,24,18,73.81698329675501,0.9166666666666666,0.5,352.0,0.0,0.0,284.0,58.0,0.0,0.0,0.0,56.0,0.0,0.0,31.0,13.0,0.0,0.0,0.0,0.0,0.0,0.0,31.0,0.0,0.0,0.0,0.0
C2_p9__baldwinian__s1,C2_p9__baldwinian,C2_p9,C2,baldwinian,1,1300,train,49,4.918367346938775,28,20,72.56465545424587,0.8125,0.5,395.0,0.0,0.0,346.0,63.0,0.0,0.0,0.0,58.0,0.0,0.0,28.0,14.0,0.0,0.0,0.0,0.0,0.0,0.0,28.0,0.0,0.0,0.0,0.0
C2_p9__baldwinian__s1,C2_p9__baldwinian,C2_p9,C2,baldwinian,1,1350,train,44,4.704545454545454,17,22,94.48637746090517,0.875,0.5,246.0,0.0,0.0,367.0,113.0,0.0,0.0,0.0,46.0,0.0,0.0,23.0,17.0,0.0,0.0,0.0,0.0,0.0,0.0,23.0,0.0,0.0,0.0,0.0
C2_p9__baldwinian__s1,C2_p9__baldwinian,C2_p9,C2,baldwinian,1,1400,train,36,4.861111111111111,12,20,94.56149862906577,0.875,0.5,307.0,0.0,0.0,433.0,44.0,0.0,0.0,0.0,42.0,0.0,0.0,44.0,10.0,0.0,0.0,0.0,0.0,0.0,0.0,44.0,0.0,0.0,0.0,0.0
C2_p9__baldwinian__s1,C2_p9__baldwinian,C2_p9,C2,baldwinian,1,1450,train,49,4.979591836734694,33,20,105.96295274235301,0.7708333333333334,0.5,436.0,0.0,0.0,420.0,98.0,0.0,0.0,0.0,55.0,0.0,0.0,34.0,9.0,0.0,0.0,0.0,0.0,0.0,0.0,34.0,0.0,0.0,0.0,0.0
C2_p9__baldwinian__s1,C2_p9__baldwinian,C2_p9,C2,baldwinian,1,1500,train,50,5.08,20,19,72.30050198068687,0.875,0.5,367.0,0.0,0.0,390.0,126.0,0.0,0.0,0.0,71.0,0.0,0.0,26.0,21.0,0.0,0.0,0.0,0.0,0.0,0.0,26.0,0.0,0.0,0.0,0.0
C2_p9__baldwinian__s1,C2_p9__baldwinian,C2_p9,C2,baldwinian,1,1550,eval,50,5.64,29,29,105.42384939152649,0.7291666666666666,0.5,345.0,0.0,0.0,351.0,66.0,0.0,0.0,87.0,37.0,0.0,0.0,31.0,8.0,0.0,0.0,6.0,0.0,0.0,0.0,31.0,0.0,0.0,0.0,6.0
C2_p9__baldwinian__s1,C2_p9__baldwinian,C2_p9,C2,baldwinian,1,1600,eval,50,5.88,13,13,102.35378196589497,0.7291666666666666,0.5,453.0,0.0,0.0,382.0,145.0,0.0,0.0,121.0,66.0,0.0,0.0,27.0,8.0,0.0,0.0,4.0,0.0,0.0,0.0,27.0,0.0,0.0,0.0,4.0
C2_p9__baldwinian__s1,C2_p9__baldwinian,C2_p9,C2,baldwinian,1,1650,eval,50,5.74,16,16,140.57327368427366,0.7083333333333334,0.5,473.0,0.0,0.0,289.0,96.0,0.0,0.0,114.0,43.0,0.0,0.0,13.0,14.0,0.0,0.0,4.0,0.0,0.0,0.0,13.0,0.0,0.0,0.0,4.0
C2_p9__baldwinian__s1,C2_p9__baldwinian,C2_p9,C2,baldwinian,1,1700,eval,50,5.66,23,23,182.32493305076355,0.4375,0.5,452.0,0.0,0.0,464.0,43.0,0.0,0.0,139.0,29.0,0.0,0.0,23.0,4.0,0.0,0.0,8.0,0.0,0.0,0.0,23.0,0.0,0.0,0.0,8.0
C2_p9__baldwinian__s1,C2_p9__baldwinian,C2_p9,C2,baldwinian,1,1750,eval,50,5.56,20,20,160.7193194599829,0.5,0.5,637.0,0.0,0.0,581.0,75.0,0.0,0.0,104.0,37.0,0.0,0.0,31.0,1.0,0.0,0.0,6.0,0.0,0.0,0.0,31.0,0.0,0.0,0.0,6.0
C2_p9__baldwinian__s1,C2_p9__baldwinian,C2_p9,C2,baldwinian,1,1800,eval,50,5.62,13,13,142.95575929519225,0.6041666666666666,0.5,504.0,0.0,0.0,542.0,108.0,0.0,0.0,192.0,34.0,0.0,0.0,33.0,8.0,0.0,0.0,12.0,0.0,0.0,0.0,33.0,0.0,0.0,0.0,12.0
C2_p9__baldwinian__s2,C2_p9__baldwinian,C2_p9,C2,baldwinian,2,50,train,38,0.6842105263157895,25,7,114.58338183064413,0.7291666666666666,0.5,126.0,0.0,0.0,122.0,65.0,0.0,0.0,0.0,42.0,0.0,0.0,34.0,26.0,0.0,0.0,0.0,0.0,0.0,0.0,34.0,0.0,0.0,0.0,0.0
C2_p9__baldwinian__s2,C2_p9__baldwinian,C2_p9,C2,baldwinian,2,100,train,40,0.775,18,16,74.9173830713392,0.875,0.5,289.0,0.0,0.0,191.0,85.0,0.0,0.0,0.0,55.0,0.0,0.0,29.0,21.0,0.0,0.0,0.0,0.0,0.0,0.0,29.0,0.0,0.0,0.0,0.0
C2_p9__baldwinian__s2,C2_p9__baldwinian,C2_p9,C2,baldwinian,2,150,train,40,1.1,20,20,121.74747680179445,0.7708333333333334,0.5,383.0,0.0,0.0,233.0,27.0,0.0,0.0,0.0,44.0,0.0,0.0,24.0,12.0,0.0,0.0,0.0,0.0,0.0,0.0,24.0,0.0,0.0,0.0,0.0
C2_p9__baldwinian__s2,C2_p9__baldwinian,C2_p9,C2,baldwinian,2,200,train,45,1.4,24,19,90.76337172309142,0.8125,0.5,270.0,0.0,0.0,407.0,90.0,0.0,0.0,0.0,49.0,0.0,0.0,40.0,23.0,0.0,0.0,0.0,0.0,0.0,0.0,40.0,0.0,0.0,0.0,0.0
C2_p9__baldwinian__s2,C2_p9__baldwinian,C2_p9,C2,baldwinian,2,250,train,44,1.5909090909090908,16,17,110.15302971723538,0.8125,0.5,356.0,0.0,0.0,346.0,95.0,0.0,0.0,0.0,47.0,0.0,0.0,31.0,21.0,0.0,0.0,0.0,0.0,0.0,0.0,31.0,0.0,0.0,0.0,0.0
C2_p9__baldwinian__s2,C2_p9__baldwinian,C2_p9,C2,baldwinian,2,300,train,50,1.72,21,15,76.61294371159525,0.8958333333333334,0.5,445.0,0.0,0.0,556.0,106.0,0.0,0.0,0.0,55.0,0.0,0.0,31.0,24.0,0.0,0.0,0.0,0.0,0.0,0.0,31.0,0.0,0.0,0.0,0.0
C2_p9__baldwinian__s2,C2_p9__baldwinian,C2_p9,C2,baldwinian,2,350,train,50,1.6,23,23,145.81431693995017,0.6666666666666666,0.5,365.0,0.0,0.0,556.0,113.0,0.0,0.0,0.0,41.0,0.0,0.0,33.0,19.0,0.0,0.0,0.0,0.0,0.0,0.0,33.0,0.0,0.0,0.0,0.0
C2_p9__baldwinian__s2,C2_p9__baldwinian,C2_p9,C2,baldwinian,2,400,train,50,1.64,19,19,49.68477437266279,0.9166666666666666,0.5,403.0,0.0,0.0,391.0,52.0,0.0,0.0,0.0,75.0,0.0,0.0,23.0,30.0,0.0,0.0,0.0,0.0,0.0,0.0,23.0,0.0,0.0,0.0,0.0
C2_p9__baldwinian__s2,C2_p9__baldwinian,C2_p9,C2,baldwinian,2,450,train,44,1.8636363636363635,18,24,134.9599002488642,0.7083333333333334,0.5,258.0,0.0,0.0,351.0,25.0,0.0,0.0,0.0,48.0,0.0,0.0,28.0,9.0,0.0,0.0,0.0,0.0,0.0,0.0,28.0,0.0,0.0,0.0,0.0
C2_p9__baldwinian__s2,C2_p9__baldwinian,C2_p9,C2,baldwinian,2,500,train,35,2.057142857142857,12,21,74.1100572812145,0.8958333333333334,0.5,302.0,0.0,0.0,354.0,86.0,0.0,0.0,0.0,53.0,0.0,0.0,35.0,19.0,0.0,0.0,0.0,0.0,0.0,0.0,35.0,0.0,0.0,0.0,0.0
C2_p9__baldwinian__s2,C2_p9__baldwinian,C2_p9,C2,baldwinian,2,550,train,40,2.3,24,19,158.32079605007996,0.6041666666666666,0.5,299.0,0.0,0.0,416.0,45.0,0.0,0.0,0.0,31.0,0.0,0.0,31.0,18.0,0.0,0.0,0.0,0.0,0.0,0.0,31.0,0.0,0.0,0.0,0.0
C2_p9__baldwinian__s2,C2_p9__baldwinian,C2_p9,C2,baldwinian,2,600,train,50,2.72,30,20,51.41812908674856,0.9166666666666666,0.5,526.0,0.0,0.0,387.0,111.0,0.0,0.0,0.0,54.0,0.0,0.0,40.0,27.0,0.0,0.0,0.0,0.0,0.0,0.0,40.0,0.0,0.0,0.0,0.0
C2_p9__baldwinian__s2,C2_p9__baldwinian,C2_p9,C2,baldwinian,2,650,train,47,2.872340425531915,22,25,114.48581390482934,0.7291666666666666,0.5,344.0,0.0,0.0,367.0,104.0,0.0,0.0,0.0,31.0,0.0,0.0,25.0,20.0,0.0,0.0,0.0,0.0,0.0,0.0,25.0,0.0,0.0,0.0,0.0
C2_p9__baldwinian__s2,C2_p9__baldwinian,C2_p9,C2,baldwinian,2,700,train,49,2.7346938775510203,18,16,44.029191430853494,0.9375,0.5,481.0,0.0,0.0,417.0,105.0,0.0,0.0,0.0,61.0,0.0,0.0,30.0,25.0,0.0,0.0,0.0,0.0,0.0,0.0,30.0,0.0,0.0,0.0,0.0
C2_p9__baldwinian__s2,C2_p9__baldwinian,C2_p9,C2,baldwinian,2,750,train,43,2.813953488372093,17,23,119.26048366442946,0.7083333333333334,0.5,424.0,0.0,0.0,304.0,85.0,0.0,0.0,0.0,39.0,0.0,0.0,26.0,24.0,0.0,0.0,0.0,0.0,0.0,0.0,26.0,0.0,0.0,0.0,0.0
C2_p9__baldwinian__s2,C2_p9__baldwinian,C2_p9,C2,baldwinian,2,800,train,42,3.142857142857143,24,25,128.25174592768283,0.6875,0.5,273.0,0.0,0.0,328.0,123.0,0.0,0.0,0.0,43.0,0.0,0.0,38.0,23.0,0.0,0.0,0.0,0.0,0.0,0.0,38.0,0.0,0.0,0.0,0.0
C2_p9__baldwinian__s2,C2_p9__baldwinian,C2_p9,C2,baldwinian,2,850,train,41,3.4878048780487805,29,30,98.5146751095725,0.7708333333333334,0.5,318.0,0.0,0.0,450.0,73.0,0.0,0.0,0.0,44.0,0.0,0.0,49.0,16.0,0.0,0.0,0.0,0.0,0.0,0.0,49.0,0.0,0.0,0.0,0.0
C2_p9__baldwinian__s2,C2_p9__baldwinian,C2_p9,C2,baldwinian,2,900,train,49,3.5714285714285716,30,22,91.69329354586023,0.8125,0.5,444.0,0.0,0.0,363.0,108.0,0.0,0.0,0.0,50.0,0.0,0.0,32.0,23.0,0.0,0.0,0.0,0.0,0.0,0.0,32.0,0.0,0.0,0.0,0.0
C2_p9__baldwinian__s2,C2_p9__baldwinian,C2_p9,C2,baldwinian,2,950,train,48,3.6875,19,20,77.47976996740829,0.875,0.5,304.0,0.0,0.0,382.0,128.0,0.0,0.0,0.0,52.0,0.0,0.0,31.0,22.0,0.0,0.0,0.0,0.0,0.0,0.0,31.0,0.0,0.0,0.0,0.0
C2_p9__baldwinian__s2,C2_p9__baldwinian,C2_p9,C2,baldwinian,2,1000,train,42,3.8095238095238093,15,21,117.30236231129098,0.7291666666666666,0.5,357.0,0.0,0.0,238.0,101.0,0.0,0.0,0.0,43.0,0.0,0.0,28.0,19.0,0.0,0.0,0.0,0.0,0.0,0.0,28.0,0.0,0.0,0.0,0.0
C2_p9__baldwinian__s2,C2_p9__baldwinian,C2_p9,C2,baldwinian,2,1050,train,50,4.0,30,22,82.37618198149252,0.7916666666666666,0.5,396.0,0.0,0.0,386.0,102.0,0.0,0.0,0.0,61.0,0.0,0.0,33.0,19.0,0.0,0.0,0.0,0.0,0.0,0.0,33.0,0.0,0.0,0.0,0.0
C2_p9__baldwinian__s2,C2_p9__baldwinian,C2_p9,C2,baldwinian,2,1100,train,47,4.042553191489362,19,22,70.22890436711464,0.875,0.5,428.0,0.0,0.0,430.0,116.0,0.0,0.0,0.0,57.0,0.0,0.0,30.0,21.0,0.0,0.0,0.0,0.0,0.0,0.0,30.0,0.0,0.0,0.0,0.0
C2_p9__baldwinian__s2,C2_p9__baldwinian,C2_p9,C2,baldwinian,2,1150,train,41,4.439024390243903,14,20,89.25382339321999,0.8125,0.5,361.0,0.0,0.0,379.0,101.0,0.0,0.0,0.0,50.0,0.0,0.0,28.0,28.0,0.0,0.0,0.0,0.0,0.0,0.0,28.0,0.0,0.0,0.0,0.0
C2_p9__baldwinian__s2,C2_p9__baldwinian,C2_p9,C2,baldwinian,2,1200,train,39,4.487179487179487,20,22,133.8766196485702,0.7083333333333334,0.5,360.0,0.0,0.0,364.0,62.0,0.0,0.0,0.0,36.0,0.0,0.0,44.0,17.0,0.0,0.0,0.0,0.0,0.0,0.0,44.0,0.0,0.0,0.0,0.0
C2_p9__baldwinian__s2,C2_p9__baldwinian,C2_p9,C2,baldwinian,2,1250,train,42,5.142857142857143,27,24,122.00100144474993,0.7291666666666666,0.5,314.0,0.0,0.0,406.0,103.0,0.0,0.0,0.0,37.0,0.0,0.0,42.0,15.0,0.0,0.0,0.0,0.0,0.0,0.0,42.0,0.0,0.0,0.0,0.0
C2_p9__baldwinian__s2,C2_p9__baldwinian,C2_p9,C2,baldwinian,2,1300,train,50,5.56,27,19,104.31216232607935,0.7916666666666666,0.5,500.0,0.0,0.0,398.0,218.0,0.0,0.0,0.0,53.0,0.0,0.0,31.0,26.0,0.0,0.0,0.0,0.0,0.0,0.0,31.0,0.0,0.0,0.0,0.0
C2_p9__baldwinian__s2,C2_p9__baldwinian,C2_p9,C2,baldwinian,2,1350,train,50,5.64,23,23,73.96846831431452,0.875,0.5,522.0,0.0,0.0,300.0,138.0,0.0,0.0,0.0,48.0,0.0,0.0,25.0,25.0,0.0,0.0,0.0,0.0,0.0,0.0,25.0,0.0,0.0,0.0,0.0
C2_p9__baldwinian__s2,C2_p9__baldwinian,C2_p9,C2,baldwinian,2,1400,train,44,5.75,22,28,104.99928535014737,0.8125,0.5,340.0,0.0,0.0,388.0,70.0,0.0,0.0,0.0,46.0,0.0,0.0,32.0,10.0,0.0,0.0,0.0,0.0,0.0,0.0,32.0,0.0,0.0,0.0,0.0
C2_p9__baldwinian__s2,C2_p9__baldwinian,C2_p9,C2,baldwinian,2,1450,train,44,5.909090909090909,21,21,100.40963318084326,0.8125,0.5,278.0,0.0,0.0,383.0,94.0,0.0,0.0,0.0,49.0,0.0,0.0,30.0,30.0,0.0,0.0,0.0,0.0,0.0,0.0,30.0,0.0,0.0,0.0,0.0
C2_p9__baldwinian__s2,C2_p9__baldwinian,C2_p9,C2,baldwinian,2,1500,train,43,5.883720930232558,21,22,104.02095781019804,0.8333333333333334,0.5,432.0,0.0,0.0,501.0,44.0,0.0,0.0,0.0,48.0,0.0,0.0,38.0,21.0,0.0,0.0,0.0,0.0,0.0,0.0,38.0,0.0,0.0,0.0,0.0
C2_p9__baldwinian__s2,C2_p9__baldwinian,C2_p9,C2,baldwinian,2,1550,eval,48,6.270833333333333,29,24,100.80874624460671,0.8333333333333334,0.5,518.0,0.0,0.0,351.0,49.0,0.0,0.0,36.0,49.0,0.0,0.0,30.0,12.0,0.0,0.0,10.0,0.0,0.0,0.0,30.0,0.0,0.0,0.0,10.0
C2_p9__baldwinian__s2,C2_p9__baldwinian,C2_p9,C2,baldwinian,2,1600,eval,49,6.448979591836735,25,24,146.54436171357912,0.7083333333333334,0.5,423.0,0.0,0.0,285.0,82.0,0.0,0.0,96.0,49.0,0.0,0.0,20.0,9.0,0.0,0.0,5.0,0.0,0.0,0.0,20.0,0.0,0.0,0.0,5.0
C2_p9__baldwinian__s2,C2_p9__baldwinian,C2_p9,C2,baldwinian,2,1650,eval,50,6.44,23,22,155.08127479849304,0.5833333333333334,0.5,747.0,0.0,0.0,388.0,30.0,0.0,0.0,182.0,57.0,0.0,0.0,23.0,8.0,0.0,0.0,5.0,0.0,0.0,0.0,23.0,0.0,0.0,0.0,5.0
C2_p9__baldwinian__s2,C2_p9__baldwinian,C2_p9,C2,baldwinian,2,1700,eval,50,6.42,10,10,125.68146206229899,0.7291666666666666,0.5,609.0,0.0,0.0,458.0,150.0,0.0,0.0,79.0,57.0,0.0,0.0,28.0,7.0,0.0,0.0,7.0,0.0,0.0,0.0,28.0,0.0,0.0,0.0,7.0
C2_p9__baldwinian__s2,C2_p9__baldwinian,C2_p9,C2,baldwinian,2,1750,eval,50,6.38,14,14,121.6855147493653,0.75,0.5,531.0,0.0,0.0,509.0,83.0,0.0,0.0,133.0,55.0,0.0,0.0,26.0,7.0,0.0,0.0,9.0,0.0,0.0,0.0,26.0,0.0,0.0,0.0,9.0
C2_p9__baldwinian__s2,C2_p9__baldwinian,C2_p9,C2,baldwinian,2,1800,eval,50,6.46,18,18,197.3865384036389,0.5416666666666666,0.5,563.0,0.0,0.0,426.0,98.0,0.0,0.0,82.0,37.0,0.0,0.0,22.0,1.0,0.0,0.0,11.0,0.0,0.0,0.0,22.0,0.0,0.0,0.0,11.0
C2_p9__baldwinian__s3,C2_p9__baldwinian,C2_p9,C2,baldwinian,3,50,train,46,1.0,43,17,81.40251724713465,0.8541666666666666,0.5,207.0,0.0,0.0,284.0,100.0,0.0,0.0,0.0,47.0,0.0,0.0,48.0,25.0,0.0,0.0,0.0,0.0,0.0,0.0,48.0,0.0,0.0,0.0,0.0
C2_p9__baldwinian__s3,C2_p9__baldwinian,C2_p9,C2,baldwinian,3,100,train,36,1.1388888888888888,10,20,106.76098043660073,0.8333333333333334,0.5,269.0,0.0,0.0,348.0,41.0,0.0,0.0,0.0,38.0,0.0,0.0,38.0,13.0,0.0,0.0,0.0,0.0,0.0,0.0,38.0,0.0,0.0,0.0,0.0
C2_p9__baldwinian__s3,C2_p9__baldwinian,C2_p9,C2,baldwinian,3,150,train,41,1.2926829268292683,25,20,77.9776904537872,0.9166666666666666,0.5,373.0,0.0,0.0,365.0,42.0,0.0,0.0,0.0,52.0,0.0,0.0,33.0,24.0,0.0,0.0,0.0,0.0,0.0,0.0,33.0,0.0,0.0,0.0,0.0
C2_p9__baldwinian__s3,C2_p9__baldwinian,C2_p9,C2,baldwinian,3,200,train,44,1.5454545454545454,19,16,83.15602380223825,0.9166666666666666,0.5,376.0,0.0,0.0,337.0,38.0,0.0,0.0,0.0,57.0,0.0,0.0,28.0,24.0,0.0,0.0,0.0,0.0,0.0,0.0,28.0,0.0,0.0,0.0,0.0
C2_p9__baldwinian__s3,C2_p9__baldwinian,C2_p9,C2,baldwinian,3,250,train,47,1.6808510638297873,21,18,76.52579798171062,0.875,0.5,410.0,0.0,0.0,489.0,99.0,0.0,0.0,0.0,62.0,0.0,0.0,31.0,23.0,0.0,0.0,0.0,0.0,0.0,0.0,31.0,0.0,0.0,0.0,0.0
C2_p9__baldwinian__s3,C2_p9__baldwinian,C2_p9,C2,baldwinian,3,300,train,50,1.78,22,19,98.22069843353731,0.8333333333333334,0.5,296.0,0.0,0.0,525.0,88.0,0.0,0.0,0.0,53.0,0.0,0.0,26.0,12.0,0.0,0.0,0.0,0.0,0.0,0.0,26.0,0.0,0.0,0.0,0.0
C2_p9__baldwinian__s3,C2_p9__baldwinian,C2_p9,C2,baldwinian,3,350,train,46,2.0,16,20,69.76919110371,0.8541666666666666,0.5,293.0,0.0,0.0,328.0,159.0,0.0,0.0,0.0,58.0,0.0,0.0,25.0,19.0,0.0,0.0,0.0,0.0,0.0,0.0,25.0,0.0,0.0,0.0,0.0
C2_p9__baldwinian__s3,C2_p9__baldwinian,C2_p9,C2,baldwinian,3,400,train,40,2.075,15,21,130.0344633110408,0.75,0.5,211.0,0.0,0.0,318.0,96.0,0.0,0.0,0.0,51.0,0.0,0.0,27.0,17.0,0.0,0.0,0.0,0.0,0.0,0.0,27.0,0.0,0.0,0.0,0.0
C2_p9__baldwinian__s3,C2_p9__baldwinian,C2_p9,C2,baldwinian,3,450,train,47,2.127659574468085,30,23,71.44931532424877,0.8958333333333334,0.5,411.0,0.0,0.0,420.0,67.0,0.0,0.0,0.0,48.0,0.0,0.0,36.0,17.0,0.0,0.0,0.0,0.0,0.0,0.0,36.0,0.0,0.0,0.0,0.0
C2_p9__baldwinian__s3,C2_p9__baldwinian,C2_p9,C2,baldwinian,3,500,train,49,2.36734693877551,21,19,40.51850960016244,0.9583333333333334,0.5,418.0,0.0,0.0,333.0,80.0,0.0,0.0,0.0,72.0,0.0,0.0,20.0,21.0,0.0,0.0,0.0,0.0,0.0,0.0,20.0,0.0,0.0,0.0,0.0
C2_p9__baldwinian__s3,C2_p9__baldwinian,C2_p9,C2,baldwinian,3,550,train,36,2.6666666666666665,11,24,95.0352242340351,0.8125,0.5,307.0,0.0,0.0,240.0,125.0,0.0,0.0,0.0,54.0,0.0,0.0,19.0,25.0,0.0,0.0,0.0,0.0,0.0,0.0,19.0,0.0,0.0,0.0,0.0
C2_p9__baldwinian__s3,C2_p9__baldwinian,C2_p9,C2,baldwinian,3,600,train,44,3.1363636363636362,23,15,91.61079243616467,0.8541666666666666,0.5,328.0,0.0,0.0,407.0,53.0,0.0,0.0,0.0,60.0,0.0,0.0,23.0,12.0,0.0,0.0,0.0,0.0,0.0,0.0,23.0,0.0,0.0,0.0,0.0
C2_p9__baldwinian__s3,C2_p9__baldwinian,C2_p9,C2,baldwinian,3,650,train,35,3.2,20,29,97.14656725501168,0.7708333333333334,0.5,226.0,0.0,0.0,453.0,63.0,0.0,0.0,0.0,36.0,0.0,0.0,36.0,21.0,0.0,0.0,0.0,0.0,0.0,0.0,36.0,0.0,0.0,0.0,0.0
C2_p9__baldwinian__s3,C2_p9__baldwinian,C2_p9,C2,baldwinian,3,700,train,34,3.323529411764706,24,25,124.63791192846381,0.7291666666666666,0.5,324.0,0.0,0.0,397.0,35.0,0.0,0.0,0.0,32.0,0.0,0.0,46.0,7.0,0.0,0.0,0.0,0.0,0.0,0.0,46.0,0.0,0.0,0.0,0.0
C2_p9__baldwinian__s3,C2_p9__baldwinian,C2_p9,C2,baldwinian,3,750,train,50,3.74,31,15,69.06670770757766,0.875,0.5,337.0,0.0,0.0,345.0,176.0,0.0,0.0,0.0,52.0,0.0,0.0,22.0,23.0,0.0,0.0,0.0,0.0,0.0,0.0,22.0,0.0,0.0,0.0,0.0
C2_p9__baldwinian__s3,C2_p9__baldwinian,C2_p9,C2,baldwinian,3,800,train,44,3.909090909090909,20,26,84.61886124032813,0.9375,0.5,338.0,0.0,0.0,409.0,61.0,0.0,0.0,0.0,41.0,0.0,0.0,37.0,21.0,0.0,0.0,0.0,0.0,0.0,0.0,37.0,0.0,0.0,0.0,0.0
C2_p9__baldwinian__s3,C2_p9__baldwinian,C2_p9,C2,baldwinian,3,850,train,49,4.326530612244898,23,18,113.47018911515099,0.75,0.5,383.0,0.0,0.0,485.0,110.0,0.0,0.0,0.0,46.0,0.0,0.0,36.0,19.0,0.0,0.0,0.0,0.0,0.0,0.0,36.0,0.0,0.0,0.0,0.0
C2_p9__baldwinian__s3,C2_p9__baldwinian,C2_p9,C2,baldwinian,3,900,train,50,4.38,16,15,50.965842564750545,0.9583333333333334,0.5,523.0,0.0,0.0,284.0,90.0,0.0,0.0,0.0,69.0,0.0,0.0,19.0,22.0,0.0,0.0,0.0,0.0,0.0,0.0,19.0,0.0,0.0,0.0,0.0
C2_p9__baldwinian__s3,C2_p9__baldwinian,C2_p9,C2,baldwinian,3,950,train,46,4.456521739130435,19,23,97.02174539214357,0.8333333333333334,0.5,340.0,0.0,0.0,381.0,112.0,0.0,0.0,0.0,40.0,0.0,0.0,35.0,15.0,0.0,0.0,0.0,0.0,0.0,0.0,35.0,0.0,0.0,0.0,0.0
C2_p9__baldwinian__s3,C2_p9__baldwinian,C2_p9,C2,baldwinian,3,1000,train,50,4.66,21,17,66.41009844140353,0.8541666666666666,0.5,427.0,0.0,0.0,516.0,108.0,0.0,0.0,0.0,54.0,0.0,0.0,31.0,26.0,0.0,0.0,0.0,0.0,0.0,0.0,31.0,0.0,0.0,0.0,0.0
C2_p9__baldwinian__s3,C2_p9__baldwinian,C2_p9,C2,baldwinian,3,1050,train,50,4.68,26,26,66.32857961508768,0.9166666666666666,0.5,371.0,0.0,0.0,440.0,81.0,0.0,0.0,0.0,50.0,0.0,0.0,35.0,16.0,0.0,0.0,0.0,0.0,0.0,0.0,35.0,0.0,0.0,0.0,0.0
C2_p9__baldwinian__s3,C2_p9__baldwinian,C2_p9,C2,baldwinian,3,1100,train,34,4.911764705882353,13,29,125.40629633688528,0.7916666666666666,0.5,337.0,0.0,0.0,417.0,54.0,0.0,0.0,0.0,40.0,0.0,0.0,34.0,16.0,0.0,0.0,0.0,0.0,0.0,0.0,34.0,0.0,0.0,0.0,0.0
C2_p9__baldwinian__s3,C2_p9__baldwinian,C2_p9,C2,baldwinian,3,1150,train,43,5.116279069767442,24,15,91.82724147101541,0.8333333333333334,0.5,402.0,0.0,0.0,323.0,77.0,0.0,0.0,0.0,59.0,0.0,0.0,20.0,20.0,0.0,0.0,0.0,0.0,0.0,0.0,20.0,0.0,0.0,0.0,0.0
C2_p9__baldwinian__s3,C2_p9__baldwinian,C2_p9,C2,baldwinian,3,1200,train,43,5.395348837209302,18,18,83.65153706272199,0.875,0.5,313.0,0.0,0.0,338.0,167.0,0.0,0.0,0.0,47.0,0.0,0.0,34.0,16.0,0.0,0.0,0.0,0.0,0.0,0.0,34.0,0.0,0.0,0.0,0.0
C2_p9__baldwinian__s3,C2_p9__baldwinian,C2_p9,C2,baldwinian,3,1250,train,39,5.666666666666667,17,21,163.98075355262006,0.6875,0.5,300.0,0.0,0.0,320.0,104.0,0.0,0.0,0.0,45.0,0.0,0.0,33.0,12.0,0.0,0.0,0.0,0.0,0.0,0.0,33.0,0.0,0.0,0.0,0.0
C2_p9__baldwinian__s3,C2_p9__baldwinian,C2_p9,C2,baldwinian,3,1300,train,50,5.68,32,21,124.59579840850094,0.7708333333333334,0.5,392.0,0.0,0.0,464.0,148.0,0.0,0.0,0.0,43.0,0.0,0.0,32.0,22.0,0.0,0.0,0.0,0.0,0.0,0.0,32.0,0.0,0.0,0.0,0.0
C2_p9__baldwinian__s3,C2_p9__baldwinian,C2_p9,C2,baldwinian,3,1350,train,50,5.68,16,16,80.40423708535121,0.8958333333333334,0.5,486.0,0.0,0.0,398.0,64.0,0.0,0.0,0.0,58.0,0.0,0.0,28.0,17.0,0.0,0.0,0.0,0.0,0.0,0.0,28.0,0.0,0.0,0.0,0.0
C2_p9__baldwinian__s3,C2_p9__baldwinian,C2_p9,C2,baldwinian,3,1400,train,50,5.68,21,21,54.3648333760331,0.9166666666666666,0.5,381.0,0.0,0.0,431.0,65.0,0.0,0.0,0.0,57.0,0.0,0.0,29.0,18.0,0.0,0.0,0.0,0.0,0.0,0.0,29.0,0.0,0.0,0.0,0.0
C2_p9__baldwinian__s3,C2_p9__baldwinian,C2_p9,C2,baldwinian,3,1450,train,50,5.88,16,16,120.40458128100153,0.6875,0.5,462.0,0.0,0.0,472.0,83.0,0.0,0.0,0.0,49.0,0.0,0.0,24.0,10.0,0.0,0.0,0.0,0.0,0.0,0.0,24.0,0.0,0.0,0.0,0.0
C2_p9__baldwinian__s3,C2_p9__baldwinian,C2_p9,C2,baldwinian,3,1500,train,50,5.98,17,17,94.38484103238876,0.7291666666666666,0.5,687.0,0.0,0.0,614.0,128.0,0.0,0.0,0.0,57.0,0.0,0.0,33.0,21.0,0.0,0.0,0.0,0.0,0.0,0.0,33.0,0.0,0.0,0.0,0.0
C2_p9__baldwinian__s3,C2_p9__baldwinian,C2_p9,C2,baldwinian,3,1550,eval,50,6.28,23,23,149.30765677716087,0.6458333333333334,0.5,414.0,0.0,0.0,528.0,176.0,0.0,0.0,187.0,35.0,0.0,0.0,30.0,7.0,0.0,0.0,5.0,0.0,0.0,0.0,30.0,0.0,0.0,0.0,5.0
C2_p9__baldwinian__s3,C2_p9__baldwinian,C2_p9,C2,baldwinian,3,1600,eval,50,6.42,17,17,175.93021034244248,0.4583333333333333,0.5,551.0,0.0,0.0,456.0,70.0,0.0,0.0,163.0,27.0,0.0,0.0,32.0,7.0,0.0,0.0,12.0,0.0,0.0,0.0,32.0,0.0,0.0,0.0,12.0
C2_p9__baldwinian__s3,C2_p9__baldwinian,C2_p9,C2,baldwinian,3,1650,eval,50,6.36,20,20,167.1305722586984,0.5208333333333334,0.5,539.0,0.0,0.0,462.0,122.0,0.0,0.0,64.0,37.0,0.0,0.0,31.0,8.0,0.0,0.0,5.0,0.0,0.0,0.0,31.0,0.0,0.0,0.0,5.0
C2_p9__baldwinian__s3,C2_p9__baldwinian,C2_p9,C2,baldwinian,3,1700,eval,50,6.28,13,13,173.89984932939603,0.4791666666666667,0.5,555.0,0.0,0.0,562.0,64.0,0.0,0.0,133.0,22.0,0.0,0.0,37.0,7.0,0.0,0.0,7.0,0.0,0.0,0.0,37.0,0.0,0.0,0.0,7.0
C2_p9__baldwinian__s3,C2_p9__baldwinian,C2_p9,C2,baldwinian,3,1750,eval,50,6.34,15,15,185.14228667165926,0.5,0.5,402.0,0.0,0.0,517.0,139.0,0.0,0.0,26.0,35.0,0.0,0.0,28.0,4.0,0.0,0.0,3.0,0.0,0.0,0.0,28.0,0.0,0.0,0.0,3.0
C2_p9__baldwinian__s3,C2_p9__baldwinian,C2_p9,C2,baldwinian,3,1800,eval,50,6.54,17,17,182.38863068905812,0.5625,0.5,478.0,0.0,0.0,545.0,86.0,0.0,0.0,49.0,33.0,0.0,0.0,34.0,4.0,0.0,0.0,0.0,0.0,0.0,0.0,34.0,0.0,0.0,0.0,0.0
C2_p9__baldwinian__s4,C2_p9__baldwinian,C2_p9,C2,baldwinian,4,50,train,50,0.8,40,10,54.02613490155938,0.9375,0.5,241.0,0.0,0.0,273.0,137.0,0.0,0.0,0.0,47.0,0.0,0.0,43.0,30.0,0.0,0.0,0.0,0.0,0.0,0.0,43.0,0.0,0.0,0.0,0.0
C2_p9__baldwinian__s4,C2_p9__baldwinian,C2_p9,C2,baldwinian,4,100,train,50,0.86,18,18,80.40856154695234,0.8541666666666666,0.5,284.0,0.0,0.0,242.0,98.0,0.0,0.0,0.0,39.0,0.0,0.0,34.0,20.0,0.0,0.0,0.0,0.0,0.0,0.0,34.0,0.0,0.0,0.0,0.0
C2_p9__baldwinian__s4,C2_p9__baldwinian,C2_p9,C2,baldwinian,4,150,train,44,0.8636363636363636,12,18,97.81296615599308,0.7916666666666666,0.5,321.0,0.0,0.0,457.0,65.0,0.0,0.0,0.0,49.0,0.0,0.0,37.0,11.0,0.0,0.0,0.0,0.0,0.0,0.0,37.0,0.0,0.0,0.0,0.0
C2_p9__baldwinian__s4,C2_p9__baldwinian,C2_p9,C2,baldwinian,4,200,train,50,1.0,24,18,74.14934257612273,0.875,0.5,454.0,0.0,0.0,398.0,148.0,0.0,0.0,0.0,57.0,0.0,0.0,33.0,24.0,0.0,0.0,0.0,0.0,0.0,0.0,33.0,0.0,0.0,0.0,0.0
C2_p9__baldwinian__s4,C2_p9__baldwinian,C2_p9,C2,baldwinian,4,250,train,50,1.0,23,23,88.03228063057907,0.7708333333333334,0.5,374.0,0.0,0.0,418.0,107.0,0.0,0.0,0.0,54.0,0.0,0.0,34.0,22.0,0.0,0.0,0.0,0.0,0.0,0.0,34.0,0.0,0.0,0.0,0.0
C2_p9__baldwinian__s4,C2_p9__baldwinian,C2_p9,C2,baldwinian,4,300,train,50,1.1,13,13,113.89348362260286,0.7708333333333334,0.5,363.0,0.0,0.0,374.0,94.0,0.0,0.0,0.0,48.0,0.0,0.0,20.0,15.0,0.0,0.0,0.0,0.0,0.0,0.0,20.0,0.0,0.0,0.0,0.0
C2_p9__baldwinian__s4,C2_p9__baldwinian,C2_p9,C2,baldwinian,4,350,train,50,1.24,15,15,74.99988318450909,0.8541666666666666,0.5,298.0,0.0,0.0,387.0,156.0,0.0,0.0,0.0,57.0,0.0,0.0,25.0,19.0,0.0,0.0,0.0,0.0,0.0,0.0,25.0,0.0,0.0,0.0,0.0
C2_p9__baldwinian__s4,C2_p9__baldwinian,C2_p9,C2,baldwinian,4,400,train,50,1.26,21,21,79.83474353887667,0.7708333333333334,0.5,348.0,0.0,0.0,493.0,109.0,0.0,0.0,0.0,56.0,0.0,0.0,33.0,17.0,0.0,0.0,0.0,0.0,0.0,0.0,33.0,0.0,0.0,0.0,0.0
C2_p9__baldwinian__s4,C2_p9__baldwinian,C2_p9,C2,baldwinian,4,450,train,50,1.36,19,19,82.9500103095593,0.8125,0.5,331.0,0.0,0.0,407.0,138.0,0.0,0.0,0.0,54.0,0.0,0.0,32.0,24.0,0.0,0.0,0.0,0.0,0.0,0.0,32.0,0.0,0.0,0.0,0.0
C2_p9__baldwinian__s4,C2_p9__baldwinian,C2_p9,C2,baldwinian,4,500,train,46,1.5217391304347827,25,29,62.44012764145261,0.9166666666666666,0.5,480.0,0.0,0.0,578.0,92.0,0.0,0.0,0.0,52.0,0.0,0.0,40.0,20.0,0.0,0.0,0.0,0.0,0.0,0.0,40.0,0.0,0.0,0.0,0.0
C2_p9__baldwinian__s4,C2_p9__baldwinian,C2_p9,C2,baldwinian,4,550,train,50,2.1,28,24,151.70412840989138,0.7083333333333334,0.5,433.0,0.0,0.0,374.0,55.0,0.0,0.0,0.0,51.0,0.0,0.0,24.0,10.0,0.0,0.0,0.0,0.0,0.0,0.0,24.0,0.0,0.0,0.0,0.0
C2_p9__baldwinian__s4,C2_p9__baldwinian,C2_p9,C2,baldwinian,4,600,train,50,2.22,17,17,92.54216000409826,0.7708333333333334,0.5,396.0,0.0,0.0,457.0,117.0,0.0,0.0,0.0,48.0,0.0,0.0,26.0,25.0,0.0,0.0,0.0,0.0,0.0,0.0,26.0,0.0,0.0,0.0,0.0
C2_p9__baldwinian__s4,C2_p9__baldwinian,C2_p9,C2,baldwinian,4,650,train,50,2.2,21,21,75.0179436981694,0.875,0.5,426.0,0.0,0.0,368.0,53.0,0.0,0.0,0.0,59.0,0.0,0.0,30.0,17.0,0.0,0.0,0.0,0.0,0.0,0.0,30.0,0.0,0.0,0.0,0.0
C2_p9__baldwinian__s4,C2_p9__baldwinian,C2_p9,C2,baldwinian,4,700,train,50,2.36,20,20,68.7740722179372,0.9166666666666666,0.5,349.0,0.0,0.0,471.0,50.0,0.0,0.0,0.0,60.0,0.0,0.0,29.0,25.0,0.0,0.0,0.0,0.0,0.0,0.0,29.0,0.0,0.0,0.0,0.0
C2_p9__baldwinian__s4,C2_p9__baldwinian,C2_p9,C2,baldwinian,4,750,train,50,2.62,18,18,88.70854186667214,0.8333333333333334,0.5,419.0,0.0,0.0,249.0,81.0,0.0,0.0,0.0,52.0,0.0,0.0,26.0,23.0,0.0,0.0,0.0,0.0,0.0,0.0,26.0,0.0,0.0,0.0,0.0
C2_p9__baldwinian__s4,C2_p9__baldwinian,C2_p9,C2,baldwinian,4,800,train,50,2.72,21,21,96.41741399134614,0.8125,0.5,344.0,0.0,0.0,320.0,94.0,0.0,0.0,0.0,55.0,0.0,0.0,28.0,14.0,0.0,0.0,0.0,0.0,0.0,0.0,28.0,0.0,0.0,0.0,0.0
C2_p9__baldwinian__s4,C2_p9__baldwinian,C2_p9,C2,baldwinian,4,850,train,50,2.6,16,16,81.19287766124269,0.875,0.5,415.0,0.0,0.0,354.0,119.0,0.0,0.0,0.0,54.0,0.0,0.0,28.0,19.0,0.0,0.0,0.0,0.0,0.0,0.0,28.0,0.0,0.0,0.0,0.0
C2_p9__baldwinian__s4,C2_p9__baldwinian,C2_p9,C2,baldwinian,4,900,train,50,2.88,17,17,132.55452510874363,0.75,0.5,299.0,0.0,0.0,298.0,108.0,0.0,0.0,0.0,53.0,0.0,0.0,20.0,18.0,0.0,0.0,0.0,0.0,0.0,0.0,20.0,0.0,0.0,0.0,0.0
C2_p9__baldwinian__s4,C2_p9__baldwinian,C2_p9,C2,baldwinian,4,950,train,50,2.78,16,16,106.99793301986467,0.75,0.5,497.0,0.0,0.0,503.0,178.0,0.0,0.0,0.0,42.0,0.0,0.0,32.0,24.0,0.0,0.0,0.0,0.0,0.0,0.0,32.0,0.0,0.0,0.0,0.0
C2_p9__baldwinian__s4,C2_p9__baldwinian,C2_p9,C2,baldwinian,4,1000,train,50,2.88,19,19,81.56820270169159,0.8541666666666666,0.5,457.0,0.0,0.0,538.0,101.0,0.0,0.0,0.0,67.0,0.0,0.0,28.0,22.0,0.0,0.0,0.0,0.0,0.0,0.0,28.0,0.0,0.0,0.0,0.0
C2_p9__baldwinian__s4,C2_p9__baldwinian,C2_p9,C2,baldwinian,4,1050,train,50,3.04,19,19,91.67936513777687,0.8125,0.5,266.0,0.0,0.0,545.0,102.0,0.0,0.0,0.0,40.0,0.0,0.0,31.0,23.0,0.0,0.0,0.0,0.0,0.0,0.0,31.0,0.0,0.0,0.0,0.0
C2_p9__baldwinian__s4,C2_p9__baldwinian,C2_p9,C2,baldwinian,4,1100,train,50,3.16,17,17,58.608825267967184,0.8958333333333334,0.5,431.0,0.0,0.0,394.0,144.0,0.0,0.0,0.0,68.0,0.0,0.0,25.0,25.0,0.0,0.0,0.0,0.0,0.0,0.0,25.0,0.0,0.0,0.0,0.0
C2_p9__baldwinian__s4,C2_p9__baldwinian,C2_p9,C2,baldwinian,4,1150,train,50,3.44,24,24,119.82782380697262,0.7708333333333334,0.5,304.0,0.0,0.0,394.0,114.0,0.0,0.0,0.0,36.0,0.0,0.0,34.0,12.0,0.0,0.0,0.0,0.0,0.0,0.0,34.0,0.0,0.0,0.0,0.0
C2_p9__baldwinian__s4,C2_p9__baldwinian,C2_p9,C2,baldwinian,4,1200,train,50,3.6,23,23,63.65444492672708,0.8333333333333334,0.5,514.0,0.0,0.0,413.0,204.0,0.0,0.0,0.0,44.0,0.0,0.0,41.0,21.0,0.0,0.0,0.0,0.0,0.0,0.0,41.0,0.0,0.0,0.0,0.0
C2_p9__baldwinian__s4,C2_p9__baldwinian,C2_p9,C2,baldwinian,4,1250,train,50,3.86,25,25,90.97125660089836,0.8541666666666666,0.5,410.0,0.0,0.0,371.0,65.0,0.0,0.0,0.0,46.0,0.0,0.0,27.0,16.0,0.0,0.0,0.0,0.0,0.0,0.0,27.0,0.0,0.0,0.0,0.0
C2_p9__baldwinian__s4,C2_p9__baldwinian,C2_p9,C2,baldwinian,4,1300,train,50,3.88,19,19,97.34276918436187,0.8333333333333334,0.5,430.0,0.0,0.0,398.0,104.0,0.0,0.0,0.0,49.0,0.0,0.0,34.0,21.0,0.0,0.0,0.0,0.0,0.0,0.0,34.0,0.0,0.0,0.0,0.0
C2_p9__baldwinian__s4,C2_p9__baldwinian,C2_p9,C2,baldwinian,4,1350,train,50,3.94,16,16,70.23500036286039,0.875,0.5,381.0,0.0,0.0,345.0,148.0,0.0,0.0,0.0,46.0,0.0,0.0,31.0,33.0,0.0,0.0,0.0,0.0,0.0,0.0,31.0,0.0,0.0,0.0,0.0
C2_p9__baldwinian__s4,C2_p9__baldwinian,C2_p9,C2,baldwinian,4,1400,train,50,3.86,22,22,56.598817814681084,0.9375,0.5,344.0,0.0,0.0,280.0,51.0,0.0,0.0,0.0,64.0,0.0,0.0,24.0,18.0,0.0,0.0,0.0,0.0,0.0,0.0,24.0,0.0,0.0,0.0,0.0
C2_p9__baldwinian__s4,C2_p9__baldwinian,C2_p9,C2,baldwinian,4,1450,train,50,3.92,18,18,94.42299937279873,0.75,0.5,352.0,0.0,0.0,292.0,149.0,0.0,0.0,0.0,44.0,0.0,0.0,21.0,24.0,0.0,0.0,0.0,0.0,0.0,0.0,21.0,0.0,0.0,0.0,0.0
C2_p9__baldwinian__s4,C2_p9__baldwinian,C2_p9,C2,baldwinian,4,1500,train,50,3.9,15,15,91.03332132844886,0.8333333333333334,0.5,323.0,0.0,0.0,631.0,73.0,0.0,0.0,0.0,50.0,0.0,0.0,28.0,26.0,0.0,0.0,0.0,0.0,0.0,0.0,28.0,0.0,0.0,0.0,0.0
C2_p9__baldwinian__s4,C2_p9__baldwinian,C2_p9,C2,baldwinian,4,1550,eval,50,4.3,24,24,90.32756412250308,0.7916666666666666,0.5,320.0,0.0,0.0,464.0,65.0,0.0,0.0,45.0,54.0,0.0,0.0,25.0,15.0,0.0,0.0,12.0,0.0,0.0,0.0,25.0,0.0,0.0,0.0,12.0
C2_p9__baldwinian__s4,C2_p9__baldwinian,C2_p9,C2,baldwinian,4,1600,eval,50,4.78,26,26,174.34868486053284,0.6041666666666666,0.5,573.0,0.0,0.0,441.0,48.0,0.0,0.0,40.0,47.0,0.0,0.0,35.0,1.0,0.0,0.0,3.0,0.0,0.0,0.0,35.0,0.0,0.0,0.0,3.0
C2_p9__baldwinian__s4,C2_p9__baldwinian,C2_p9,C2,baldwinian,4,1650,eval,50,4.72,13,13,216.41053800221437,0.375,0.5,465.0,0.0,0.0,502.0,53.0,0.0,0.0,85.0,40.0,0.0,0.0,24.0,1.0,0.0,0.0,6.0,0.0,0.0,0.0,24.0,0.0,0.0,0.0,6.0
C2_p9__baldwinian__s4,C2_p9__baldwinian,C2_p9,C2,baldwinian,4,1700,eval,50,4.92,16,16,195.30298781975353,0.4583333333333333,0.5,581.0,0.0,0.0,722.0,76.0,0.0,0.0,91.0,29.0,0.0,0.0,34.0,3.0,0.0,0.0,3.0,0.0,0.0,0.0,34.0,0.0,0.0,0.0,3.0
C2_p9__baldwinian__s4,C2_p9__baldwinian,C2_p9,C2,baldwinian,4,1750,eval,50,5.22,16,16,193.82724166907389,0.3958333333333333,0.5,537.0,0.0,0.0,553.0,71.0,0.0,0.0,121.0,32.0,0.0,0.0,27.0,2.0,0.0,0.0,5.0,0.0,0.0,0.0,27.0,0.0,0.0,0.0,5.0
C2_p9__baldwinian__s4,C2_p9__baldwinian,C2_p9,C2,baldwinian,4,1800,eval,50,4.98,14,14,233.80723676547416,0.3333333333333333,0.5,551.0,0.0,0.0,590.0,73.0,0.0,0.0,47.0,33.0,0.0,0.0,20.0,4.0,0.0,0.0,2.0,0.0,0.0,0.0,20.0,0.0,0.0,0.0,2.0
C2_p9__baldwinian__s5,C2_p9__baldwinian,C2_p9,C2,baldwinian,5,50,train,50,0.88,42,12,74.05978922632201,0.8333333333333334,0.5,313.0,0.0,0.0,313.0,83.0,0.0,0.0,0.0,56.0,0.0,0.0,47.0,27.0,0.0,0.0,0.0,0.0,0.0,0.0,47.0,0.0,0.0,0.0,0.0
C2_p9__baldwinian__s5,C2_p9__baldwinian,C2_p9,C2,baldwinian,5,100,train,47,0.9787234042553191,15,18,81.19939539126838,0.875,0.5,284.0,0.0,0.0,346.0,73.0,0.0,0.0,0.0,38.0,0.0,0.0,30.0,23.0,0.0,0.0,0.0,0.0,0.0,0.0,30.0,0.0,0.0,0.0,0.0
C2_p9__baldwinian__s5,C2_p9__baldwinian,C2_p9,C2,baldwinian,5,150,train,49,0.9795918367346939,19,17,56.812661174130966,0.9166666666666666,0.5,401.0,0.0,0.0,467.0,75.0,0.0,0.0,0.0,56.0,0.0,0.0,33.0,20.0,0.0,0.0,0.0,0.0,0.0,0.0,33.0,0.0,0.0,0.0,0.0
C2_p9__baldwinian__s5,C2_p9__baldwinian,C2_p9,C2,baldwinian,5,200,train,38,0.9736842105263158,12,23,94.62365963750534,0.8541666666666666,0.5,254.0,0.0,0.0,319.0,61.0,0.0,0.0,0.0,39.0,0.0,0.0,27.0,29.0,0.0,0.0,0.0,0.0,0.0,0.0,27.0,0.0,0.0,0.0,0.0
C2_p9__baldwinian__s5,C2_p9__baldwinian,C2_p9,C2,baldwinian,5,250,train,42,1.1666666666666667,26,22,100.73135490841607,0.8333333333333334,0.5,436.0,0.0,0.0,426.0,108.0,0.0,0.0,0.0,48.0,0.0,0.0,38.0,13.0,0.0,0.0,0.0,0.0,0.0,0.0,38.0,0.0,0.0,0.0,0.0
C2_p9__baldwinian__s5,C2_p9__baldwinian,C2_p9,C2,baldwinian,5,300,train,38,1.1842105263157894,19,23,160.05813076839027,0.625,0.5,263.0,0.0,0.0,395.0,79.0,0.0,0.0,0.0,37.0,0.0,0.0,43.0,13.0,0.0,0.0,0.0,0.0,0.0,0.0,43.0,0.0,0.0,0.0,0.0
C2_p9__baldwinian__s5,C2_p9__baldwinian,C2_p9,C2,baldwinian,5,350,train,50,1.4,27,15,126.17365411767622,0.7291666666666666,0.5,349.0,0.0,0.0,506.0,119.0,0.0,0.0,0.0,48.0,0.0,0.0,34.0,21.0,0.0,0.0,0.0,0.0,0.0,0.0,34.0,0.0,0.0,0.0,0.0
C2_p9__baldwinian__s5,C2_p9__baldwinian,C2_p9,C2,baldwinian,5,400,train,50,1.34,12,12,139.2374761536987,0.6041666666666666,0.5,353.0,0.0,0.0,471.0,144.0,0.0,0.0,0.0,42.0,0.0,0.0,30.0,13.0,0.0,0.0,0.0,0.0,0.0,0.0,30.0,0.0,0.0,0.0,0.0
C2_p9__baldwinian__s5,C2_p9__baldwinian,C2_p9,C2,baldwinian,5,450,train,50,1.32,25,25,69.11199199626496,0.8958333333333334,0.5,480.0,0.0,0.0,490.0,123.0,0.0,0.0,0.0,71.0,0.0,0.0,41.0,22.0,0.0,0.0,0.0,0.0,0.0,0.0,41.0,0.0,0.0,0.0,0.0
C2_p9__baldwinian__s5,C2_p9__baldwinian,C2_p9,C2,baldwinian,5,500,train,50,1.58,23,23,147.12181317515316,0.6458333333333334,0.5,376.0,0.0,0.0,544.0,90.0,0.0,0.0,0.0,46.0,0.0,0.0,29.0,6.0,0.0,0.0,0.0,0.0,0.0,0.0,29.0,0.0,0.0,0.0,0.0
C2_p9__baldwinian__s5,C2_p9__baldwinian,C2_p9,C2,baldwinian,5,550,train,50,1.78,15,15,103.43045548557481,0.7916666666666666,0.5,473.0,0.0,0.0,383.0,142.0,0.0,0.0,0.0,60.0,0.0,0.0,25.0,17.0,0.0,0.0,0.0,0.0,0.0,0.0,25.0,0.0,0.0,0.0,0.0
C2_p9__baldwinian__s5,C2_p9__baldwinian,C2_p9,C2,baldwinian,5,600,train,50,1.8,12,12,119.88136811293374,0.6666666666666666,0.5,442.0,0.0,0.0,467.0,75.0,0.0,0.0,0.0,50.0,0.0,0.0,30.0,9.0,0.0,0.0,0.0,0.0,0.0,0.0,30.0,0.0,0.0,0.0,0.0
C2_p9__baldwinian__s5,C2_p9__baldwinian,C2_p9,C2,baldwinian,5,650,train,50,1.94,27,27,78.42360750437608,0.875,0.5,362.0,0.0,0.0,583.0,112.0,0.0,0.0,0.0,48.0,0.0,0.0,33.0,23.0,0.0,0.0,0.0,0.0,0.0,0.0,33.0,0.0,0.0,0.0,0.0
C2_p9__baldwinian__s5,C2_p9__baldwinian,C2_p9,C2,baldwinian,5,700,train,50,2.04,16,16,87.41862682667713,0.8125,0.5,480.0,0.0,0.0,483.0,39.0,0.0,0.0,0.0,55.0,0.0,0.0,22.0,15.0,0.0,0.0,0.0,0.0,0.0,0.0,22.0,0.0,0.0,0.0,0.0
C2_p9__baldwinian__s5,C2_p9__baldwinian,C2_p9,C2,baldwinian,5,750,train,50,2.32,25,25,62.60871491710377,0.8958333333333334,0.5,464.0,0.0,0.0,473.0,62.0,0.0,0.0,0.0,57.0,0.0,0.0,36.0,19.0,0.0,0.0,0.0,0.0,0.0,0.0,36.0,0.0,0.0,0.0,0.0
C2_p9__baldwinian__s5,C2_p9__baldwinian,C2_p9,C2,baldwinian,5,800,train,50,2.46,17,17,143.23207828656294,0.6875,0.5,284.0,0.0,0.0,248.0,128.0,0.0,0.0,0.0,44.0,0.0,0.0,20.0,17.0,0.0,0.0,0.0,0.0,0.0,0.0,20.0,0.0,0.0,0.0,0.0
C2_p9__baldwinian__s5,C2_p9__baldwinian,C2_p9,C2,baldwinian,5,850,train,50,2.34,25,25,91.80020820170574,0.8125,0.5,421.0,0.0,0.0,357.0,134.0,0.0,0.0,0.0,49.0,0.0,0.0,38.0,21.0,0.0,0.0,0.0,0.0,0.0,0.0,38.0,0.0,0.0,0.0,0.0
C2_p9__baldwinian__s5,C2_p9__baldwinian,C2_p9,C2,baldwinian,5,900,train,50,2.42,22,22,81.83726920975822,0.7916666666666666,0.5,376.0,0.0,0.0,500.0,151.0,0.0,0.0,0.0,45.0,0.0,0.0,35.0,15.0,0.0,0.0,0.0,0.0,0.0,0.0,35.0,0.0,0.0,0.0,0.0
C2_p9__baldwinian__s5,C2_p9__baldwinian,C2_p9,C2,baldwinian,5,950,train,50,2.76,16,16,102.96280305794426,0.7708333333333334,0.5,415.0,0.0,0.0,529.0,80.0,0.0,0.0,0.0,46.0,0.0,0.0,26.0,13.0,0.0,0.0,0.0,0.0,0.0,0.0,26.0,0.0,0.0,0.0,0.0
C2_p9__baldwinian__s5,C2_p9__baldwinian,C2_p9,C2,baldwinian,5,1000,train,50,3.02,22,22,65.91934904373848,0.9166666666666666,0.5,459.0,0.0,0.0,412.0,109.0,0.0,0.0,0.0,60.0,0.0,0.0,40.0,20.0,0.0,0.0,0.0,0.0,0.0,0.0,40.0,0.0,0.0,0.0,0.0
C2_p9__baldwinian__s5,C2_p9__baldwinian,C2_p9,C2,baldwinian,5,1050,train,50,3.14,20,20,109.1910835986988,0.75,0.5,410.0,0.0,0.0,527.0,32.0,0.0,0.0,0.0,45.0,0.0,0.0,30.0,15.0,0.0,0.0,0.0,0.0,0.0,0.0,30.0,0.0,0.0,0.0,0.0
C2_p9__baldwinian__s5,C2_p9__baldwinian,C2_p9,C2,baldwinian,5,1100,train,50,3.3,18,18,79.3959168716597,0.8125,0.5,347.0,0.0,0.0,396.0,73.0,0.0,0.0,0.0,67.0,0.0,0.0,16.0,21.0,0.0,0.0,0.0,0.0,0.0,0.0,16.0,0.0,0.0,0.0,0.0
C2_p9__baldwinian__s5,C2_p9__baldwinian,C2_p9,C2,baldwinian,5,1150,train,50,3.36,18,18,106.32320807880481,0.7708333333333334,0.5,311.0,0.0,0.0,264.0,70.0,0.0,0.0,0.0,56.0,0.0,0.0,21.0,25.0,0.0,0.0,0.0,0.0,0.0,0.0,21.0,0.0,0.0,0.0,0.0
C2_p9__baldwinian__s5,C2_p9__baldwinian,C2_p9,C2,baldwinian,5,1200,train,50,3.46,22,22,91.928854381659,0.8125,0.5,214.0,0.0,0.0,347.0,45.0,0.0,0.0,0.0,39.0,0.0,0.0,31.0,20.0,0.0,0.0,0.0,0.0,0.0,0.0,31.0,0.0,0.0,0.0,0.0
C2_p9__baldwinian__s5,C2_p9__baldwinian,C2_p9,C2,baldwinian,5,1250,train,50,3.6,20,20,99.79500553700113,0.875,0.5,377.0,0.0,0.0,384.0,89.0,0.0,0.0,0.0,56.0,0.0,0.0,21.0,16.0,0.0,0.0,0.0,0.0,0.0,0.0,21.0,0.0,0.0,0.0,0.0
C2_p9__baldwinian__s5,C2_p9__baldwinian,C2_p9,C2,baldwinian,5,1300,train,50,3.54,25,25,99.90763120485033,0.7708333333333334,0.5,406.0,0.0,0.0,475.0,124.0,0.0,0.0,0.0,50.0,0.0,0.0,37.0,14.0,0.0,0.0,0.0,0.0,0.0,0.0,37.0,0.0,0.0,0.0,0.0
C2_p9__baldwinian__s5,C2_p9__baldwinian,C2_p9,C2,baldwinian,5,1350,train,50,3.58,14,14,130.14912773009334,0.7083333333333334,0.5,392.0,0.0,0.0,514.0,123.0,0.0,0.0,0.0,40.0,0.0,0.0,29.0,17.0,0.0,0.0,0.0,0.0,0.0,0.0,29.0,0.0,0.0,0.0,0.0
C2_p9__baldwinian__s5,C2_p9__baldwinian,C2_p9,C2,baldwinian,5,1400,train,50,4.0,17,17,102.7564658119613,0.7291666666666666,0.5,430.0,0.0,0.0,541.0,126.0,0.0,0.0,0.0,52.0,0.0,0.0,37.0,12.0,0.0,0.0,0.0,0.0,0.0,0.0,37.0,0.0,0.0,0.0,0.0
C2_p9__baldwinian__s5,C2_p9__baldwinian,C2_p9,C2,baldwinian,5,1450,train,50,4.2,16,16,86.11175380412608,0.7708333333333334,0.5,529.0,0.0,0.0,499.0,57.0,0.0,0.0,0.0,47.0,0.0,0.0,35.0,23.0,0.0,0.0,0.0,0.0,0.0,0.0,35.0,0.0,0.0,0.0,0.0
C2_p9__baldwinian__s5,C2_p9__baldwinian,C2_p9,C2,baldwinian,5,1500,train,50,4.26,16,16,108.2673272467186,0.6875,0.5,442.0,0.0,0.0,609.0,101.0,0.0,0.0,0.0,41.0,0.0,0.0,30.0,17.0,0.0,0.0,0.0,0.0,0.0,0.0,30.0,0.0,0.0,0.0,0.0
C2_p9__baldwinian__s5,C2_p9__baldwinian,C2_p9,C2,baldwinian,5,1550,eval,50,4.28,12,12,146.20170297779566,0.6666666666666666,0.5,622.0,0.0,0.0,459.0,107.0,0.0,0.0,88.0,55.0,0.0,0.0,23.0,12.0,0.0,0.0,7.0,0.0,0.0,0.0,23.0,0.0,0.0,0.0,7.0
C2_p9__baldwinian__s5,C2_p9__baldwinian,C2_p9,C2,baldwinian,5,1600,eval,50,4.34,12,12,204.4278425062708,0.5,0.5,502.0,0.0,0.0,539.0,102.0,0.0,0.0,99.0,37.0,0.0,0.0,28.0,14.0,0.0,0.0,3.0,0.0,0.0,0.0,28.0,0.0,0.0,0.0,3.0
C2_p9__baldwinian__s5,C2_p9__baldwinian,C2_p9,C2,baldwinian,5,1650,eval,50,4.38,15,15,187.17845187786304,0.5416666666666666,0.5,505.0,0.0,0.0,360.0,56.0,0.0,0.0,224.0,43.0,0.0,0.0,22.0,7.0,0.0,0.0,3.0,0.0,0.0,0.0,22.0,0.0,0.0,0.0,3.0
C2_p9__baldwinian__s5,C2_p9__baldwinian,C2_p9,C2,baldwinian,5,1700,eval,50,4.48,17,17,189.54213333568444,0.5625,0.5,471.0,0.0,0.0,350.0,99.0,0.0,0.0,66.0,45.0,0.0,0.0,17.0,8.0,0.0,0.0,3.0,0.0,0.0,0.0,17.0,0.0,0.0,0.0,3.0
C2_p9__baldwinian__s5,C2_p9__baldwinian,C2_p9,C2,baldwinian,5,1750,eval,50,4.5,23,23,193.39046017147564,0.5,0.5,432.0,0.0,0.0,427.0,143.0,0.0,0.0,92.0,35.0,0.0,0.0,16.0,4.0,0.0,0.0,6.0,0.0,0.0,0.0,16.0,0.0,0.0,0.0,6.0
C2_p9__baldwinian__s5,C2_p9__baldwinian,C2_p9,C2,baldwinian,5,1800,eval,50,4.6,18,18,175.78939225666622,0.625,0.5,556.0,0.0,0.0,444.0,102.0,0.0,0.0,145.0,31.0,0.0,0.0,33.0,14.0,0.0,0.0,11.0,0.0,0.0,0.0,33.0,0.0,0.0,0.0,11.0
C2_p9__baldwinian__s6,C2_p9__baldwinian,C2_p9,C2,baldwinian,6,50,train,49,0.9387755102040817,33,4,161.43480828016567,0.6041666666666666,0.5,128.0,0.0,0.0,164.0,124.0,0.0,0.0,0.0,22.0,0.0,0.0,22.0,30.0,0.0,0.0,0.0,0.0,0.0,0.0,22.0,0.0,0.0,0.0,0.0
C2_p9__baldwinian__s6,C2_p9__baldwinian,C2_p9,C2,baldwinian,6,100,train,47,1.2553191489361701,18,20,118.33581906772912,0.7083333333333334,0.5,304.0,0.0,0.0,278.0,115.0,0.0,0.0,0.0,49.0,0.0,0.0,34.0,17.0,0.0,0.0,0.0,0.0,0.0,0.0,34.0,0.0,0.0,0.0,0.0
C2_p9__baldwinian__s6,C2_p9__baldwinian,C2_p9,C2,baldwinian,6,150,train,50,1.5,20,17,87.09153930505997,0.8541666666666666,0.5,309.0,0.0,0.0,444.0,182.0,0.0,0.0,0.0,35.0,0.0,0.0,43.0,27.0,0.0,0.0,0.0,0.0,0.0,0.0,43.0,0.0,0.0,0.0,0.0
C2_p9__baldwinian__s6,C2_p9__baldwinian,C2_p9,C2,baldwinian,6,200,train,48,1.5,18,20,48.423959587120905,0.9375,0.5,401.0,0.0,0.0,407.0,119.0,0.0,0.0,0.0,57.0,0.0,0.0,29.0,27.0,0.0,0.0,0.0,0.0,0.0,0.0,29.0,0.0,0.0,0.0,0.0
C2_p9__baldwinian__s6,C2_p9__baldwinian,C2_p9,C2,baldwinian,6,250,train,43,1.3488372093023255,12,17,133.97570540859044,0.7291666666666666,0.5,372.0,0.0,0.0,403.0,71.0,0.0,0.0,0.0,27.0,0.0,0.0,36.0,20.0,0.0,0.0,0.0,0.0,0.0,0.0,36.0,0.0,0.0,0.0,0.0
C2_p9__baldwinian__s6,C2_p9__baldwinian,C2_p9,C2,baldwinian,6,300,train,50,1.42,25,18,136.76580273372497,0.7083333333333334,0.5,416.0,0.0,0.0,522.0,97.0,0.0,0.0,0.0,41.0,0.0,0.0,37.0,20.0,0.0,0.0,0.0,0.0,0.0,0.0,37.0,0.0,0.0,0.0,0.0
C2_p9__baldwinian__s6,C2_p9__baldwinian,C2_p9,C2,baldwinian,6,350,train,50,1.38,16,16,116.09710205333164,0.7291666666666666,0.5,387.0,0.0,0.0,440.0,294.0,0.0,0.0,0.0,33.0,0.0,0.0,32.0,25.0,0.0,0.0,0.0,0.0,0.0,0.0,32.0,0.0,0.0,0.0,0.0
C2_p9__baldwinian__s6,C2_p9__baldwinian,C2_p9,C2,baldwinian,6,400,train,50,1.4,15,15,121.21759908403072,0.7291666666666666,0.5,333.0,0.0,0.0,300.0,128.0,0.0,0.0,0.0,38.0,0.0,0.0,24.0,25.0,0.0,0.0,0.0,0.0,0.0,0.0,24.0,0.0,0.0,0.0,0.0
C2_p9__baldwinian__s6,C2_p9__baldwinian,C2_p9,C2,baldwinian,6,450,train,50,1.44,16,16,85.43219534499036,0.8125,0.5,438.0,0.0,0.0,327.0,136.0,0.0,0.0,0.0,53.0,0.0,0.0,23.0,16.0,0.0,0.0,0.0,0.0,0.0,0.0,23.0,0.0,0.0,0.0,0.0
C2_p9__baldwinian__s6,C2_p9__baldwinian,C2_p9,C2,baldwinian,6,500,train,50,1.64,21,21,62.10036397191818,0.9375,0.5,390.0,0.0,0.0,453.0,96.0,0.0,0.0,0.0,48.0,0.0,0.0,29.0,32.0,0.0,0.0,0.0,0.0,0.0,0.0,29.0,0.0,0.0,0.0,0.0
C2_p9__baldwinian__s6,C2_p9__baldwinian,C2_p9,C2,baldwinian,6,550,train,50,2.1,25,25,68.59535180851368,0.8541666666666666,0.5,295.0,0.0,0.0,473.0,59.0,0.0,0.0,0.0,44.0,0.0,0.0,37.0,17.0,0.0,0.0,0.0,0.0,0.0,0.0,37.0,0.0,0.0,0.0,0.0
C2_p9__baldwinian__s6,C2_p9__baldwinian,C2_p9,C2,baldwinian,6,600,train,50,2.24,19,19,76.23632737230668,0.8541666666666666,0.5,314.0,0.0,0.0,381.0,181.0,0.0,0.0,0.0,46.0,0.0,0.0,26.0,26.0,0.0,0.0,0.0,0.0,0.0,0.0,26.0,0.0,0.0,0.0,0.0
C2_p9__baldwinian__s6,C2_p9__baldwinian,C2_p9,C2,baldwinian,6,650,train,50,2.38,21,21,72.81499105111533,0.875,0.5,299.0,0.0,0.0,379.0,94.0,0.0,0.0,0.0,50.0,0.0,0.0,26.0,22.0,0.0,0.0,0.0,0.0,0.0,0.0,26.0,0.0,0.0,0.0,0.0
C2_p9__baldwinian__s6,C2_p9__baldwinian,C2_p9,C2,baldwinian,6,700,train,50,2.46,17,17,70.50589913916879,0.8958333333333334,0.5,260.0,0.0,0.0,280.0,161.0,0.0,0.0,0.0,60.0,0.0,0.0,21.0,23.0,0.0,0.0,0.0,0.0,0.0,0.0,21.0,0.0,0.0,0.0,0.0
C2_p9__baldwinian__s6,C2_p9__baldwinian,C2_p9,C2,baldwinian,6,750,train,50,2.4,21,21,91.5139021592188,0.8333333333333334,0.5,290.0,0.0,0.0,341.0,132.0,0.0,0.0,0.0,63.0,0.0,0.0,28.0,18.0,0.0,0.0,0.0,0.0,0.0,0.0,28.0,0.0,0.0,0.0,0.0
C2_p9__baldwinian__s6,C2_p9__baldwinian,C2_p9,C2,baldwinian,6,800,train,50,2.7,26,26,127.76303236187977,0.7916666666666666,0.5,208.0,0.0,0.0,351.0,137.0,0.0,0.0,0.0,42.0,0.0,0.0,35.0,22.0,0.0,0.0,0.0,0.0,0.0,0.0,35.0,0.0,0.0,0.0,0.0
C2_p9__baldwinian__s6,C2_p9__baldwinian,C2_p9,C2,baldwinian,6,850,train,45,3.2,31,36,62.11946659535802,0.9583333333333334,0.5,251.0,0.0,0.0,316.0,123.0,0.0,0.0,0.0,38.0,0.0,0.0,41.0,25.0,0.0,0.0,0.0,0.0,0.0,0.0,41.0,0.0,0.0,0.0,0.0
C2_p9__baldwinian__s6,C2_p9__baldwinian,C2_p9,C2,baldwinian,6,900,train,39,3.5384615384615383,17,23,92.74436737263107,0.8125,0.5,216.0,0.0,0.0,286.0,126.0,0.0,0.0,0.0,41.0,0.0,0.0,31.0,30.0,0.0,0.0,0.0,0.0,0.0,0.0,31.0,0.0,0.0,0.0,0.0
C2_p9__baldwinian__s6,C2_p9__baldwinian,C2_p9,C2,baldwinian,6,950,train,46,3.8260869565217392,23,16,123.71408188616253,0.7708333333333334,0.5,370.0,0.0,0.0,281.0,137.0,0.0,0.0,0.0,52.0,0.0,0.0,25.0,22.0,0.0,0.0,0.0,0.0,0.0,0.0,25.0,0.0,0.0,0.0,0.0
C2_p9__baldwinian__s6,C2_p9__baldwinian,C2_p9,C2,baldwinian,6,1000,train,44,3.772727272727273,18,20,89.14220876842393,0.8333333333333334,0.5,235.0,0.0,0.0,346.0,162.0,0.0,0.0,0.0,59.0,0.0,0.0,31.0,26.0,0.0,0.0,0.0,0.0,0.0,0.0,31.0,0.0,0.0,0.0,0.0
C2_p9__baldwinian__s6,C2_p9__baldwinian,C2_p9,C2,baldwinian,6,1050,train,41,4.2682926829268295,19,22,93.98880733549036,0.8333333333333334,0.5,331.0,0.0,0.0,254.0,137.0,0.0,0.0,0.0,58.0,0.0,0.0,32.0,23.0,0.0,0.0,0.0,0.0,0.0,0.0,32.0,0.0,0.0,0.0,0.0
C2_p9__baldwinian__s6,C2_p9__baldwinian,C2_p9,C2,baldwinian,6,1100,train,35,4.428571428571429,15,21,130.515999052081,0.7708333333333334,0.5,238.0,0.0,0.0,275.0,60.0,0.0,0.0,0.0,42.0,0.0,0.0,26.0,15.0,0.0,0.0,0.0,0.0,0.0,0.0,26.0,0.0,0.0,0.0,0.0
C2_p9__baldwinian__s6,C2_p9__baldwinian,C2_p9,C2,baldwinian,6,1150,train,41,5.0,28,22,157.1754383698725,0.6666666666666666,0.5,260.0,0.0,0.0,446.0,167.0,0.0,0.0,0.0,35.0,0.0,0.0,39.0,29.0,0.0,0.0,0.0,0.0,0.0,0.0,39.0,0.0,0.0,0.0,0.0
C2_p9__baldwinian__s6,C2_p9__baldwinian,C2_p9,C2,baldwinian,6,1200,train,50,5.06,25,16,107.3012339699232,0.7291666666666666,0.5,409.0,0.0,0.0,407.0,68.0,0.0,0.0,0.0,45.0,0.0,0.0,35.0,13.0,0.0,0.0,0.0,0.0,0.0,0.0,35.0,0.0,0.0,0.0,0.0
C2_p9__baldwinian__s6,C2_p9__baldwinian,C2_p9,C2,baldwinian,6,1250,train,50,5.24,21,21,72.34411521825595,0.8958333333333334,0.5,370.0,0.0,0.0,390.0,156.0,0.0,0.0,0.0,58.0,0.0,0.0,23.0,26.0,0.0,0.0,0.0,0.0,0.0,0.0,23.0,0.0,0.0,0.0,0.0
C2_p9__baldwinian__s6,C2_p9__baldwinian,C2_p9,C2,baldwinian,6,1300,train,50,5.82,24,24,88.23204837412212,0.8541666666666666,0.5,310.0,0.0,0.0,371.0,109.0,0.0,0.0,0.0,39.0,0.0,0.0,28.0,25.0,0.0,0.0,0.0,0.0,0.0,0.0,28.0,0.0,0.0,0.0,0.0
C2_p9__baldwinian__s6,C2_p9__baldwinian,C2_p9,C2,baldwinian,6,1350,train,50,6.06,20,20,85.59181991235033,0.8541666666666666,0.5,447.0,0.0,0.0,401.0,189.0,0.0,0.0,0.0,46.0,0.0,0.0,30.0,23.0,0.0,0.0,0.0,0.0,0.0,0.0,30.0,0.0,0.0,0.0,0.0
C2_p9__baldwinian__s6,C2_p9__baldwinian,C2_p9,C2,baldwinian,6,1400,train,50,6.24,17,17,110.85825229038868,0.75,0.5,329.0,0.0,0.0,306.0,98.0,0.0,0.0,0.0,47.0,0.0,0.0,26.0,25.0,0.0,0.0,0.0,0.0,0.0,0.0,26.0,0.0,0.0,0.0,0.0
C2_p9__baldwinian__s6,C2_p9__baldwinian,C2_p9,C2,baldwinian,6,1450,train,50,6.32,18,18,94.18698492092713,0.8333333333333334,0.5,337.0,0.0,0.0,329.0,118.0,0.0,0.0,0.0,47.0,0.0,0.0,25.0,25.0,0.0,0.0,0.0,0.0,0.0,0.0,25.0,0.0,0.0,0.0,0.0
C2_p9__baldwinian__s6,C2_p9__baldwinian,C2_p9,C2,baldwinian,6,1500,train,50,6.34,12,12,130.37367519699288,0.6458333333333334,0.5,495.0,0.0,0.0,377.0,140.0,0.0,0.0,0.0,55.0,0.0,0.0,20.0,31.0,0.0,0.0,0.0,0.0,0.0,0.0,20.0,0.0,0.0,0.0,0.0
C2_p9__baldwinian__s6,C2_p9__baldwinian,C2_p9,C2,baldwinian,6,1550,eval,50,6.24,23,23,89.12729124434699,0.8125,0.5,426.0,0.0,0.0,466.0,81.0,0.0,0.0,48.0,45.0,0.0,0.0,34.0,19.0,0.0,0.0,7.0,0.0,0.0,0.0,34.0,0.0,0.0,0.0,7.0
C2_p9__baldwinian__s6,C2_p9__baldwinian,C2_p9,C2,baldwinian,6,1600,eval,50,6.44,24,24,103.56846242398203,0.75,0.5,314.0,0.0,0.0,389.0,104.0,0.0,0.0,30.0,45.0,0.0,0.0,22.0,18.0,0.0,0.0,4.0,0.0,0.0,0.0,22.0,0.0,0.0,0.0,4.0
C2_p9__baldwinian__s6,C2_p9__baldwinian,C2_p9,C2,baldwinian,6,1650,eval,50,6.9,28,28,152.75980913531652,0.6458333333333334,0.5,380.0,0.0,0.0,283.0,82.0,0.0,0.0,94.0,59.0,0.0,0.0,21.0,5.0,0.0,0.0,11.0,0.0,0.0,0.0,21.0,0.0,0.0,0.0,11.0
C2_p9__baldwinian__s6,C2_p9__baldwinian,C2_p9,C2,baldwinian,6,1700,eval,50,7.06,21,21,207.24491132741952,0.5416666666666666,0.5,377.0,0.0,0.0,483.0,123.0,0.0,0.0,94.0,26.0,0.0,0.0,42.0,10.0,0.0,0.0,8.0,0.0,0.0,0.0,42.0,0.0,0.0,0.0,8.0
C2_p9__baldwinian__s6,C2_p9__baldwinian,C2_p9,C2,baldwinian,6,1750,eval,50,7.24,24,24,173.30697759739948,0.6875,0.5,427.0,0.0,0.0,296.0,35.0,0.0,0.0,63.0,27.0,0.0,0.0,30.0,4.0,0.0,0.0,8.0,0.0,0.0,0.0,30.0,0.0,0.0,0.0,8.0
C2_p9__baldwinian__s6,C2_p9__baldwinian,C2_p9,C2,baldwinian,6,1800,eval,50,7.42,22,22,225.59541211717038,0.375,0.5,362.0,0.0,0.0,577.0,150.0,0.0,0.0,82.0,22.0,0.0,0.0,40.0,9.0,0.0,0.0,6.0,0.0,0.0,0.0,40.0,0.0,0.0,0.0,6.0
C2_p9__baldwinian__s7,C2_p9__baldwinian,C2_p9,C2,baldwinian,7,50,train,48,0.9375,36,8,58.06544102073608,0.9375,0.5,216.0,0.0,0.0,122.0,82.0,0.0,0.0,0.0,56.0,0.0,0.0,37.0,22.0,0.0,0.0,0.0,0.0,0.0,0.0,37.0,0.0,0.0,0.0,0.0
C2_p9__baldwinian__s7,C2_p9__baldwinian,C2_p9,C2,baldwinian,7,100,train,30,1.0666666666666667,7,25,77.7586597686099,0.8541666666666666,0.5,311.0,0.0,0.0,255.0,150.0,0.0,0.0,0.0,42.0,0.0,0.0,36.0,22.0,0.0,0.0,0.0,0.0,0.0,0.0,36.0,0.0,0.0,0.0,0.0
C2_p9__baldwinian__s7,C2_p9__baldwinian,C2_p9,C2,baldwinian,7,150,train,40,1.25,24,14,136.33248783443545,0.7083333333333334,0.5,326.0,0.0,0.0,433.0,25.0,0.0,0.0,0.0,37.0,0.0,0.0,37.0,15.0,0.0,0.0,0.0,0.0,0.0,0.0,37.0,0.0,0.0,0.0,0.0
C2_p9__baldwinian__s7,C2_p9__baldwinian,C2_p9,C2,baldwinian,7,200,train,50,1.36,24,14,62.31489131225139,0.875,0.5,484.0,0.0,0.0,435.0,106.0,0.0,0.0,0.0,69.0,0.0,0.0,31.0,16.0,0.0,0.0,0.0,0.0,0.0,0.0,31.0,0.0,0.0,0.0,0.0
C2_p9__baldwinian__s7,C2_p9__baldwinian,C2_p9,C2,baldwinian,7,250,train,50,1.38,21,21,60.67975377538315,0.8541666666666666,0.5,330.0,0.0,0.0,513.0,61.0,0.0,0.0,0.0,51.0,0.0,0.0,37.0,18.0,0.0,0.0,0.0,0.0,0.0,0.0,37.0,0.0,0.0,0.0,0.0
C2_p9__baldwinian__s7,C2_p9__baldwinian,C2_p9,C2,baldwinian,7,300,train,44,1.5454545454545454,14,20,114.79429978002977,0.75,0.5,340.0,0.0,0.0,277.0,32.0,0.0,0.0,0.0,62.0,0.0,0.0,14.0,16.0,0.0,0.0,0.0,0.0,0.0,0.0,14.0,0.0,0.0,0.0,0.0
C2_p9__baldwinian__s7,C2_p9__baldwinian,C2_p9,C2,baldwinian,7,350,train,48,1.6458333333333333,25,21,54.641754613158156,0.9166666666666666,0.5,363.0,0.0,0.0,395.0,89.0,0.0,0.0,0.0,54.0,0.0,0.0,35.0,16.0,0.0,0.0,0.0,0.0,0.0,0.0,35.0,0.0,0.0,0.0,0.0
C2_p9__baldwinian__s7,C2_p9__baldwinian,C2_p9,C2,baldwinian,7,400,train,41,1.4878048780487805,15,22,97.82722283564156,0.7708333333333334,0.5,427.0,0.0,0.0,416.0,70.0,0.0,0.0,0.0,51.0,0.0,0.0,26.0,16.0,0.0,0.0,0.0,0.0,0.0,0.0,26.0,0.0,0.0,0.0,0.0
C2_p9__baldwinian__s7,C2_p9__baldwinian,C2_p9,C2,baldwinian,7,450,train,46,1.5,22,17,87.77107327612798,0.875,0.5,417.0,0.0,0.0,469.0,125.0,0.0,0.0,0.0,64.0,0.0,0.0,36.0,19.0,0.0,0.0,0.0,0.0,0.0,0.0,36.0,0.0,0.0,0.0,0.0
C2_p9__baldwinian__s7,C2_p9__baldwinian,C2_p9,C2,baldwinian,7,500,train,43,1.8372093023255813,20,23,73.13561741751283,0.875,0.5,396.0,0.0,0.0,360.0,83.0,0.0,0.0,0.0,57.0,0.0,0.0,21.0,19.0,0.0,0.0,0.0,0.0,0.0,0.0,21.0,0.0,0.0,0.0,0.0
C2_p9__baldwinian__s7,C2_p9__baldwinian,C2_p9,C2,baldwinian,7,550,train,43,2.441860465116279,23,23,65.38307535799183,0.8958333333333334,0.5,434.0,0.0,0.0,405.0,76.0,0.0,0.0,0.0,54.0,0.0,0.0,37.0,20.0,0.0,0.0,0.0,0.0,0.0,0.0,37.0,0.0,0.0,0.0,0.0
C2_p9__baldwinian__s7,C2_p9__baldwinian,C2_p9,C2,baldwinian,7,600,train,38,2.9210526315789473,21,26,75.87615574610834,0.8541666666666666,0.5,543.0,0.0,0.0,323.0,52.0,0.0,0.0,0.0,53.0,0.0,0.0,35.0,7.0,0.0,0.0,0.0,0.0,0.0,0.0,35.0,0.0,0.0,0.0,0.0
C2_p9__baldwinian__s7,C2_p9__baldwinian,C2_p9,C2,baldwinian,7,650,train,42,2.857142857142857,25,21,61.95328336859816,0.8958333333333334,0.5,345.0,0.0,0.0,402.0,95.0,0.0,0.0,0.0,43.0,0.0,0.0,39.0,23.0,0.0,0.0,0.0,0.0,0.0,0.0,39.0,0.0,0.0,0.0,0.0
C2_p9__baldwinian__s7,C2_p9__baldwinian,C2_p9,C2,baldwinian,7,700,train,36,2.75,15,21,109.79610044990486,0.7708333333333334,0.5,398.0,0.0,0.0,488.0,71.0,0.0,0.0,0.0,41.0,0.0,0.0,41.0,21.0,0.0,0.0,0.0,0.0,0.0,0.0,41.0,0.0,0.0,0.0,0.0
C2_p9__baldwinian__s7,C2_p9__baldwinian,C2_p9,C2,baldwinian,7,750,train,42,2.857142857142857,27,21,68.80843615467472,0.8541666666666666,0.5,369.0,0.0,0.0,348.0,96.0,0.0,0.0,0.0,57.0,0.0,0.0,30.0,16.0,0.0,0.0,0.0,0.0,0.0,0.0,30.0,0.0,0.0,0.0,0.0
C2_p9__baldwinian__s7,C2_p9__baldwinian,C2_p9,C2,baldwinian,7,800,train,44,2.909090909090909,24,22,71.0432274657151,0.875,0.5,412.0,0.0,0.0,405.0,41.0,0.0,0.0,0.0,52.0,0.0,0.0,37.0,18.0,0.0,0.0,0.0,0.0,0.0,0.0,37.0,0.0,0.0,0.0,0.0
C2_p9__baldwinian__s7,C2_p9__baldwinian,C2_p9,C2,baldwinian,7,850,train,33,3.212121212121212,11,22,102.56631559916785,0.8125,0.5,292.0,0.0,0.0,425.0,74.0,0.0,0.0,0.0,52.0,0.0,0.0,30.0,20.0,0.0,0.0,0.0,0.0,0.0,0.0,30.0,0.0,0.0,0.0,0.0
C2_p9__baldwinian__s7,C2_p9__baldwinian,C2_p9,C2,baldwinian,7,900,train,34,3.6470588235294117,23,22,102.70312098237638,0.8333333333333334,0.5,358.0,0.0,0.0,370.0,45.0,0.0,0.0,0.0,58.0,0.0,0.0,38.0,13.0,0.0,0.0,0.0,0.0,0.0,0.0,38.0,0.0,0.0,0.0,0.0
C2_p9__baldwinian__s7,C2_p9__baldwinian,C2_p9,C2,baldwinian,7,950,train,42,3.9523809523809526,28,20,91.01694206938589,0.8541666666666666,0.5,293.0,0.0,0.0,357.0,86.0,0.0,0.0,0.0,48.0,0.0,0.0,33.0,14.0,0.0,0.0,0.0,0.0,0.0,0.0,33.0,0.0,0.0,0.0,0.0
C2_p9__baldwinian__s7,C2_p9__baldwinian,C2_p9,C2,baldwinian,7,1000,train,36,4.444444444444445,19,25,96.4705323212545,0.8333333333333334,0.5,372.0,0.0,0.0,294.0,46.0,0.0,0.0,0.0,50.0,0.0,0.0,35.0,14.0,0.0,0.0,0.0,0.0,0.0,0.0,35.0,0.0,0.0,0.0,0.0
C2_p9__baldwinian__s7,C2_p9__baldwinian,C2_p9,C2,baldwinian,7,1050,train,37,4.675675675675675,21,20,93.8974611613066,0.7916666666666666,0.5,275.0,0.0,0.0,289.0,77.0,0.0,0.0,0.0,57.0,0.0,0.0,27.0,20.0,0.0,0.0,0.0,0.0,0.0,0.0,27.0,0.0,0.0,0.0,0.0
C2_p9__baldwinian__s7,C2_p9__baldwinian,C2_p9,C2,baldwinian,7,1100,train,44,5.2727272727272725,28,21,46.22949707709824,0.9583333333333334,0.5,434.0,0.0,0.0,412.0,56.0,0.0,0.0,0.0,66.0,0.0,0.0,40.0,13.0,0.0,0.0,0.0,0.0,0.0,0.0,40.0,0.0,0.0,0.0,0.0
C2_p9__baldwinian__s7,C2_p9__baldwinian,C2_p9,C2,baldwinian,7,1150,train,35,5.3428571428571425,13,22,132.4550100715058,0.6458333333333334,0.5,267.0,0.0,0.0,237.0,72.0,0.0,0.0,0.0,32.0,0.0,0.0,28.0,12.0,0.0,0.0,0.0,0.0,0.0,0.0,28.0,0.0,0.0,0.0,0.0
C2_p9__baldwinian__s7,C2_p9__baldwinian,C2_p9,C2,baldwinian,7,1200,train,44,5.659090909090909,29,20,128.40805405854343,0.75,0.5,349.0,0.0,0.0,391.0,23.0,0.0,0.0,0.0,55.0,0.0,0.0,31.0,10.0,0.0,0.0,0.0,0.0,0.0,0.0,31.0,0.0,0.0,0.0,0.0
C2_p9__baldwinian__s7,C2_p9__baldwinian,C2_p9,C2,baldwinian,7,1250,train,45,5.511111111111111,30,29,84.08816139116908,0.7916666666666666,0.5,310.0,0.0,0.0,412.0,54.0,0.0,0.0,0.0,46.0,0.0,0.0,41.0,14.0,0.0,0.0,0.0,0.0,0.0,0.0,41.0,0.0,0.0,0.0,0.0
C2_p9__baldwinian__s7,C2_p9__baldwinian,C2_p9,C2,baldwinian,7,1300,train,42,5.785714285714286,25,28,63.121067363983364,0.875,0.5,400.0,0.0,0.0,335.0,75.0,0.0,0.0,0.0,55.0,0.0,0.0,30.0,9.0,0.0,0.0,0.0,0.0,0.0,0.0,30.0,0.0,0.0,0.0,0.0
C2_p9__baldwinian__s7,C2_p9__baldwinian,C2_p9,C2,baldwinian,7,1350,train,43,6.046511627906977,17,16,98.06312749821063,0.8541666666666666,0.5,382.0,0.0,0.0,378.0,39.0,0.0,0.0,0.0,51.0,0.0,0.0,28.0,9.0,0.0,0.0,0.0,0.0,0.0,0.0,28.0,0.0,0.0,0.0,0.0
C2_p9__baldwinian__s7,C2_p9__baldwinian,C2_p9,C2,baldwinian,7,1400,train,46,6.6521739130434785,25,22,77.30722766392358,0.8333333333333334,0.5,381.0,0.0,0.0,316.0,121.0,0.0,0.0,0.0,65.0,0.0,0.0,39.0,13.0,0.0,0.0,0.0,0.0,0.0,0.0,39.0,0.0,0.0,0.0,0.0
C2_p9__baldwinian__s7,C2_p9__baldwinian,C2_p9,C2,baldwinian,7,1450,train,45,6.866666666666666,19,20,118.42043557271396,0.75,0.5,482.0,0.0,0.0,435.0,37.0,0.0,0.0,0.0,46.0,0.0,0.0,35.0,6.0,0.0,0.0,0.0,0.0,0.0,0.0,35.0,0.0,0.0,0.0,0.0
C2_p9__baldwinian__s7,C2_p9__baldwinian,C2_p9,C2,baldwinian,7,1500,train,50,7.24,29,24,48.173407264846944,0.9166666666666666,0.5,424.0,0.0,0.0,398.0,79.0,0.0,0.0,0.0,60.0,0.0,0.0,31.0,14.0,0.0,0.0,0.0,0.0,0.0,0.0,31.0,0.0,0.0,0.0,0.0
C2_p9__baldwinian__s7,C2_p9__baldwinian,C2_p9,C2,baldwinian,7,1550,eval,38,7.368421052631579,17,29,161.63464055912493,0.625,0.5,379.0,0.0,0.0,425.0,32.0,0.0,0.0,12.0,41.0,0.0,0.0,25.0,8.0,0.0,0.0,3.0,0.0,0.0,0.0,25.0,0.0,0.0,0.0,3.0
C2_p9__baldwinian__s7,C2_p9__baldwinian,C2_p9,C2,baldwinian,7,1600,eval,50,8.0,30,18,157.5900976439305,0.6458333333333334,0.5,545.0,0.0,0.0,549.0,5.0,0.0,0.0,0.0,55.0,0.0,0.0,34.0,0.0,0.0,0.0,0.0,0.0,0.0,0.0,34.0,0.0,0.0,0.0,0.0
C2_p9__baldwinian__s7,C2_p9__baldwinian,C2_p9,C2,baldwinian,7,1650,eval,50,8.06,15,15,152.41521841011817,0.5625,0.5,586.0,0.0,0.0,479.0,81.0,0.0,0.0,59.0,45.0,0.0,0.0,24.0,8.0,0.0,0.0,4.0,0.0,0.0,0.0,24.0,0.0,0.0,0.0,4.0
C2_p9__baldwinian__s7,C2_p9__baldwinian,C2_p9,C2,baldwinian,7,1700,eval,50,8.2,30,30,180.52578903053563,0.6041666666666666,0.5,441.0,0.0,0.0,584.0,142.0,0.0,0.0,85.0,27.0,0.0,0.0,48.0,10.0,0.0,0.0,10.0,0.0,0.0,0.0,48.0,0.0,0.0,0.0,10.0
C2_p9__baldwinian__s7,C2_p9__baldwinian,C2_p9,C2,baldwinian,7,1750,eval,50,8.16,16,16,176.20190327215306,0.5416666666666666,0.5,563.0,0.0,0.0,707.0,40.0,0.0,0.0,35.0,50.0,0.0,0.0,30.0,2.0,0.0,0.0,2.0,0.0,0.0,0.0,30.0,0.0,0.0,0.0,2.0
C2_p9__baldwinian__s7,C2_p9__baldwinian,C2_p9,C2,baldwinian,7,1800,eval,50,8.14,12,12,178.74318432661022,0.5416666666666666,0.5,568.0,0.0,0.0,480.0,167.0,0.0,0.0,41.0,42.0,0.0,0.0,31.0,10.0,0.0,0.0,1.0,0.0,0.0,0.0,31.0,0.0,0.0,0.0,1.0
C2_p9__baldwinian__s8,C2_p9__baldwinian,C2_p9,C2,baldwinian,8,50,train,50,0.88,38,8,107.31862522424365,0.7291666666666666,0.5,244.0,0.0,0.0,180.0,24.0,0.0,0.0,0.0,62.0,0.0,0.0,33.0,2.0,0.0,0.0,0.0,0.0,0.0,0.0,33.0,0.0,0.0,0.0,0.0
C2_p9__baldwinian__s8,C2_p9__baldwinian,C2_p9,C2,baldwinian,8,100,train,47,0.9787234042553191,18,21,72.48388194693484,0.875,0.5,236.0,0.0,0.0,305.0,107.0,0.0,0.0,0.0,44.0,0.0,0.0,28.0,22.0,0.0,0.0,0.0,0.0,0.0,0.0,28.0,0.0,0.0,0.0,0.0
C2_p9__baldwinian__s8,C2_p9__baldwinian,C2_p9,C2,baldwinian,8,150,train,42,1.0714285714285714,15,20,120.80694097213464,0.7083333333333334,0.5,368.0,0.0,0.0,382.0,62.0,0.0,0.0,0.0,54.0,0.0,0.0,33.0,10.0,0.0,0.0,0.0,0.0,0.0,0.0,33.0,0.0,0.0,0.0,0.0
C2_p9__baldwinian__s8,C2_p9__baldwinian,C2_p9,C2,baldwinian,8,200,train,49,1.2653061224489797,22,15,101.22908475755929,0.7916666666666666,0.5,341.0,0.0,0.0,496.0,124.0,0.0,0.0,0.0,54.0,0.0,0.0,29.0,13.0,0.0,0.0,0.0,0.0,0.0,0.0,29.0,0.0,0.0,0.0,0.0
C2_p9__baldwinian__s8,C2_p9__baldwinian,C2_p9,C2,baldwinian,8,250,train,50,1.48,20,19,47.97890191110359,0.9375,0.5,351.0,0.0,0.0,480.0,88.0,0.0,0.0,0.0,65.0,0.0,0.0,37.0,11.0,0.0,0.0,0.0,0.0,0.0,0.0,37.0,0.0,0.0,0.0,0.0
C2_p9__baldwinian__s8,C2_p9__baldwinian,C2_p9,C2,baldwinian,8,300,train,44,1.7045454545454546,19,25,81.34140036685385,0.8333333333333334,0.5,376.0,0.0,0.0,445.0,79.0,0.0,0.0,0.0,47.0,0.0,0.0,29.0,12.0,0.0,0.0,0.0,0.0,0.0,0.0,29.0,0.0,0.0,0.0,0.0
C2_p9__baldwinian__s8,C2_p9__baldwinian,C2_p9,C2,baldwinian,8,350,train,48,2.0625,27,23,96.76440895601954,0.8333333333333334,0.5,366.0,0.0,0.0,628.0,67.0,0.0,0.0,0.0,56.0,0.0,0.0,32.0,11.0,0.0,0.0,0.0,0.0,0.0,0.0,32.0,0.0,0.0,0.0,0.0
C2_p9__baldwinian__s8,C2_p9__baldwinian,C2_p9,C2,baldwinian,8,400,train,44,1.6590909090909092,21,25,82.64103903233311,0.8541666666666666,0.5,359.0,0.0,0.0,459.0,106.0,0.0,0.0,0.0,61.0,0.0,0.0,38.0,9.0,0.0,0.0,0.0,0.0,0.0,0.0,38.0,0.0,0.0,0.0,0.0
C2_p9__baldwinian__s8,C2_p9__baldwinian,C2_p9,C2,baldwinian,8,450,train,45,1.488888888888889,21,20,66.04533694761915,0.9166666666666666,0.5,380.0,0.0,0.0,377.0,81.0,0.0,0.0,0.0,58.0,0.0,0.0,24.0,14.0,0.0,0.0,0.0,0.0,0.0,0.0,24.0,0.0,0.0,0.0,0.0
C2_p9__baldwinian__s8,C2_p9__baldwinian,C2_p9,C2,baldwinian,8,500,train,36,1.6944444444444444,21,30,85.72298454473653,0.7916666666666666,0.5,362.0,0.0,0.0,484.0,20.0,0.0,0.0,0.0,44.0,0.0,0.0,41.0,14.0,0.0,0.0,0.0,0.0,0.0,0.0,41.0,0.0,0.0,0.0,0.0
C2_p9__baldwinian__s8,C2_p9__baldwinian,C2_p9,C2,baldwinian,8,550,train,37,2.3783783783783785,28,27,138.30031384133102,0.625,0.5,398.0,0.0,0.0,385.0,107.0,0.0,0.0,0.0,29.0,0.0,0.0,43.0,12.0,0.0,0.0,0.0,0.0,0.0,0.0,43.0,0.0,0.0,0.0,0.0
C2_p9__baldwinian__s8,C2_p9__baldwinian,C2_p9,C2,baldwinian,8,600,train,50,2.66,25,12,155.7460428707565,0.6458333333333334,0.5,435.0,0.0,0.0,545.0,79.0,0.0,0.0,0.0,39.0,0.0,0.0,36.0,12.0,0.0,0.0,0.0,0.0,0.0,0.0,36.0,0.0,0.0,0.0,0.0
C2_p9__baldwinian__s8,C2_p9__baldwinian,C2_p9,C2,baldwinian,8,650,train,50,2.48,21,21,72.67396103126828,0.8541666666666666,0.5,537.0,0.0,0.0,579.0,49.0,0.0,0.0,0.0,48.0,0.0,0.0,49.0,14.0,0.0,0.0,0.0,0.0,0.0,0.0,49.0,0.0,0.0,0.0,0.0
C2_p9__baldwinian__s8,C2_p9__baldwinian,C2_p9,C2,baldwinian,8,700,train,50,2.68,21,21,81.17898560499754,0.8125,0.5,452.0,0.0,0.0,465.0,89.0,0.0,0.0,0.0,52.0,0.0,0.0,40.0,9.0,0.0,0.0,0.0,0.0,0.0,0.0,40.0,0.0,0.0,0.0,0.0
C2_p9__baldwinian__s8,C2_p9__baldwinian,C2_p9,C2,baldwinian,8,750,train,50,2.84,17,17,98.4446045125403,0.7916666666666666,0.5,446.0,0.0,0.0,300.0,126.0,0.0,0.0,0.0,62.0,0.0,0.0,20.0,14.0,0.0,0.0,0.0,0.0,0.0,0.0,20.0,0.0,0.0,0.0,0.0
C2_p9__baldwinian__s8,C2_p9__baldwinian,C2_p9,C2,baldwinian,8,800,train,50,2.88,21,21,52.757505684275884,0.9166666666666666,0.5,364.0,0.0,0.0,466.0,117.0,0.0,0.0,0.0,62.0,0.0,0.0,35.0,17.0,0.0,0.0,0.0,0.0,0.0,0.0,35.0,0.0,0.0,0.0,0.0
C2_p9__baldwinian__s8,C2_p9__baldwinian,C2_p9,C2,baldwinian,8,850,train,50,2.88,21,21,47.1218979180626,0.9166666666666666,0.5,405.0,0.0,0.0,354.0,33.0,0.0,0.0,0.0,68.0,0.0,0.0,23.0,9.0,0.0,0.0,0.0,0.0,0.0,0.0,23.0,0.0,0.0,0.0,0.0
C2_p9__baldwinian__s8,C2_p9__baldwinian,C2_p9,C2,baldwinian,8,900,train,50,3.06,17,17,90.6563711461217,0.8125,0.5,346.0,0.0,0.0,369.0,70.0,0.0,0.0,0.0,72.0,0.0,0.0,15.0,18.0,0.0,0.0,0.0,0.0,0.0,0.0,15.0,0.0,0.0,0.0,0.0
C2_p9__baldwinian__s8,C2_p9__baldwinian,C2_p9,C2,baldwinian,8,950,train,50,3.28,22,22,88.6430573895394,0.8333333333333334,0.5,368.0,0.0,0.0,376.0,70.0,0.0,0.0,0.0,54.0,0.0,0.0,34.0,14.0,0.0,0.0,0.0,0.0,0.0,0.0,34.0,0.0,0.0,0.0,0.0
C2_p9__baldwinian__s8,C2_p9__baldwinian,C2_p9,C2,baldwinian,8,1000,train,48,3.5208333333333335,22,24,112.95557822168463,0.7291666666666666,0.5,435.0,0.0,0.0,274.0,131.0,0.0,0.0,0.0,48.0,0.0,0.0,28.0,15.0,0.0,0.0,0.0,0.0,0.0,0.0,28.0,0.0,0.0,0.0,0.0
C2_p9__baldwinian__s8,C2_p9__baldwinian,C2_p9,C2,baldwinian,8,1050,train,41,3.7560975609756095,21,28,76.11827068341756,0.8541666666666666,0.5,347.0,0.0,0.0,513.0,133.0,0.0,0.0,0.0,40.0,0.0,0.0,48.0,20.0,0.0,0.0,0.0,0.0,0.0,0.0,48.0,0.0,0.0,0.0,0.0
C2_p9__baldwinian__s8,C2_p9__baldwinian,C2_p9,C2,baldwinian,8,1100,train,43,4.046511627906977,23,21,92.13800787279023,0.7916666666666666,0.5,493.0,0.0,0.0,309.0,62.0,0.0,0.0,0.0,68.0,0.0,0.0,25.0,8.0,0.0,0.0,0.0,0.0,0.0,0.0,25.0,0.0,0.0,0.0,0.0
C2_p9__baldwinian__s8,C2_p9__baldwinian,C2_p9,C2,baldwinian,8,1150,train,47,4.148936170212766,23,19,106.03824599492965,0.75,0.5,317.0,0.0,0.0,423.0,136.0,0.0,0.0,0.0,44.0,0.0,0.0,32.0,14.0,0.0,0.0,0.0,0.0,0.0,0.0,32.0,0.0,0.0,0.0,0.0
C2_p9__baldwinian__s8,C2_p9__baldwinian,C2_p9,C2,baldwinian,8,1200,train,50,4.42,20,17,74.23024595151954,0.7916666666666666,0.5,393.0,0.0,0.0,428.0,113.0,0.0,0.0,0.0,66.0,0.0,0.0,29.0,10.0,0.0,0.0,0.0,0.0,0.0,0.0,29.0,0.0,0.0,0.0,0.0
C2_p9__baldwinian__s8,C2_p9__baldwinian,C2_p9,C2,baldwinian,8,1250,train,44,4.636363636363637,24,30,66.0620349912839,0.8333333333333334,0.5,445.0,0.0,0.0,379.0,74.0,0.0,0.0,0.0,58.0,0.0,0.0,39.0,10.0,0.0,0.0,0.0,0.0,0.0,0.0,39.0,0.0,0.0,0.0,0.0
C2_p9__baldwinian__s8,C2_p9__baldwinian,C2_p9,C2,baldwinian,8,1300,train,49,5.0,24,19,92.79558948581038,0.7708333333333334,0.5,345.0,0.0,0.0,374.0,89.0,0.0,0.0,0.0,45.0,0.0,0.0,31.0,13.0,0.0,0.0,0.0,0.0,0.0,0.0,31.0,0.0,0.0,0.0,0.0
C2_p9__baldwinian__s8,C2_p9__baldwinian,C2_p9,C2,baldwinian,8,1350,train,41,5.048780487804878,26,34,72.9505570208317,0.875,0.5,365.0,0.0,0.0,438.0,66.0,0.0,0.0,0.0,50.0,0.0,0.0,42.0,17.0,0.0,0.0,0.0,0.0,0.0,0.0,42.0,0.0,0.0,0.0,0.0
C2_p9__baldwinian__s8,C2_p9__baldwinian,C2_p9,C2,baldwinian,8,1400,train,50,5.52,24,15,80.40810807436625,0.7708333333333334,0.5,366.0,0.0,0.0,352.0,64.0,0.0,0.0,0.0,54.0,0.0,0.0,28.0,13.0,0.0,0.0,0.0,0.0,0.0,0.0,28.0,0.0,0.0,0.0,0.0
C2_p9__baldwinian__s8,C2_p9__baldwinian,C2_p9,C2,baldwinian,8,1450,train,50,5.44,28,28,63.0501166299595,0.9166666666666666,0.5,371.0,0.0,0.0,471.0,24.0,0.0,0.0,0.0,48.0,0.0,0.0,40.0,7.0,0.0,0.0,0.0,0.0,0.0,0.0,40.0,0.0,0.0,0.0,0.0
C2_p9__baldwinian__s8,C2_p9__baldwinian,C2_p9,C2,baldwinian,8,1500,train,49,5.551020408163265,20,21,62.382693196968276,0.8958333333333334,0.5,284.0,0.0,0.0,401.0,120.0,0.0,0.0,0.0,52.0,0.0,0.0,32.0,19.0,0.0,0.0,0.0,0.0,0.0,0.0,32.0,0.0,0.0,0.0,0.0
C2_p9__baldwinian__s8,C2_p9__baldwinian,C2_p9,C2,baldwinian,8,1550,eval,46,5.695652173913044,23,26,90.21597537087301,0.8125,0.5,421.0,0.0,0.0,393.0,44.0,0.0,0.0,64.0,47.0,0.0,0.0,25.0,5.0,0.0,0.0,9.0,0.0,0.0,0.0,25.0,0.0,0.0,0.0,9.0
C2_p9__baldwinian__s8,C2_p9__baldwinian,C2_p9,C2,baldwinian,8,1600,eval,44,5.863636363636363,24,26,173.30141488787274,0.5833333333333334,0.5,443.0,0.0,0.0,534.0,80.0,0.0,0.0,37.0,51.0,0.0,0.0,39.0,3.0,0.0,0.0,2.0,0.0,0.0,0.0,39.0,0.0,0.0,0.0,2.0
C2_p9__baldwinian__s8,C2_p9__baldwinian,C2_p9,C2,baldwinian,8,1650,eval,50,6.04,30,24,120.90098684001119,0.7083333333333334,0.5,413.0,0.0,0.0,540.0,116.0,0.0,0.0,97.0,42.0,0.0,0.0,39.0,10.0,0.0,0.0,8.0,0.0,0.0,0.0,39.0,0.0,0.0,0.0,8.0
C2_p9__baldwinian__s8,C2_p9__baldwinian,C2_p9,C2,baldwinian,8,1700,eval,47,6.191489361702128,24,27,132.53910909601993,0.6875,0.5,419.0,0.0,0.0,573.0,81.0,0.0,0.0,16.0,43.0,0.0,0.0,31.0,3.0,0.0,0.0,4.0,0.0,0.0,0.0,31.0,0.0,0.0,0.0,4.0
C2_p9__baldwinian__s8,C2_p9__baldwinian,C2_p9,C2,baldwinian,8,1750,eval,50,6.32,19,16,177.96677118356033,0.6041666666666666,0.5,542.0,0.0,0.0,387.0,151.0,0.0,0.0,134.0,44.0,0.0,0.0,34.0,9.0,0.0,0.0,5.0,0.0,0.0,0.0,34.0,0.0,0.0,0.0,5.0
C2_p9__baldwinian__s8,C2_p9__baldwinian,C2_p9,C2,baldwinian,8,1800,eval,50,6.44,12,12,184.23515822796537,0.5,0.5,486.0,0.0,0.0,531.0,110.0,0.0,0.0,118.0,38.0,0.0,0.0,15.0,12.0,0.0,0.0,6.0,0.0,0.0,0.0,15.0,0.0,0.0,0.0,6.0
C2_p9__baldwinian__s9,C2_p9__baldwinian,C2_p9,C2,baldwinian,9,50,train,50,0.96,33,3,86.40270871462859,0.8541666666666666,0.5,218.0,0.0,0.0,166.0,44.0,0.0,0.0,0.0,58.0,0.0,0.0,31.0,16.0,0.0,0.0,0.0,0.0,0.0,0.0,31.0,0.0,0.0,0.0,0.0
C2_p9__baldwinian__s9,C2_p9__baldwinian,C2_p9,C2,baldwinian,9,100,train,50,1.04,15,15,60.83223857341602,0.9166666666666666,0.5,263.0,0.0,0.0,239.0,65.0,0.0,0.0,0.0,40.0,0.0,0.0,26.0,22.0,0.0,0.0,0.0,0.0,0.0,0.0,26.0,0.0,0.0,0.0,0.0
C2_p9__baldwinian__s9,C2_p9__baldwinian,C2_p9,C2,baldwinian,9,150,train,49,1.1224489795918366,17,18,139.45891452336022,0.6666666666666666,0.5,294.0,0.0,0.0,369.0,75.0,0.0,0.0,0.0,54.0,0.0,0.0,25.0,19.0,0.0,0.0,0.0,0.0,0.0,0.0,25.0,0.0,0.0,0.0,0.0
C2_p9__baldwinian__s9,C2_p9__baldwinian,C2_p9,C2,baldwinian,9,200,train,49,1.3877551020408163,25,25,116.52141669672781,0.6875,0.5,400.0,0.0,0.0,321.0,161.0,0.0,0.0,0.0,42.0,0.0,0.0,37.0,23.0,0.0,0.0,0.0,0.0,0.0,0.0,37.0,0.0,0.0,0.0,0.0
C2_p9__baldwinian__s9,C2_p9__baldwinian,C2_p9,C2,baldwinian,9,250,train,50,1.78,25,24,86.73630355173964,0.8333333333333334,0.5,468.0,0.0,0.0,224.0,144.0,0.0,0.0,0.0,64.0,0.0,0.0,23.0,13.0,0.0,0.0,0.0,0.0,0.0,0.0,23.0,0.0,0.0,0.0,0.0
C2_p9__baldwinian__s9,C2_p9__baldwinian,C2_p9,C2,baldwinian,9,300,train,50,1.9,15,15,146.88266059248778,0.6875,0.5,242.0,0.0,0.0,386.0,145.0,0.0,0.0,0.0,30.0,0.0,0.0,25.0,19.0,0.0,0.0,0.0,0.0,0.0,0.0,25.0,0.0,0.0,0.0,0.0
C2_p9__baldwinian__s9,C2_p9__baldwinian,C2_p9,C2,baldwinian,9,350,train,50,1.76,29,29,66.29494582169029,0.8958333333333334,0.5,408.0,0.0,0.0,377.0,75.0,0.0,0.0,0.0,65.0,0.0,0.0,36.0,17.0,0.0,0.0,0.0,0.0,0.0,0.0,36.0,0.0,0.0,0.0,0.0
C2_p9__baldwinian__s9,C2_p9__baldwinian,C2_p9,C2,baldwinian,9,400,train,50,1.96,22,22,93.68902508944761,0.8333333333333334,0.5,305.0,0.0,0.0,342.0,136.0,0.0,0.0,0.0,35.0,0.0,0.0,31.0,18.0,0.0,0.0,0.0,0.0,0.0,0.0,31.0,0.0,0.0,0.0,0.0
C2_p9__baldwinian__s9,C2_p9__baldwinian,C2_p9,C2,baldwinian,9,450,train,50,2.16,14,14,69.49546387456658,0.8541666666666666,0.5,421.0,0.0,0.0,420.0,92.0,0.0,0.0,0.0,47.0,0.0,0.0,31.0,23.0,0.0,0.0,0.0,0.0,0.0,0.0,31.0,0.0,0.0,0.0,0.0
C2_p9__baldwinian__s9,C2_p9__baldwinian,C2_p9,C2,baldwinian,9,500,train,50,2.4,18,18,76.88623819393584,0.8333333333333334,0.5,519.0,0.0,0.0,458.0,91.0,0.0,0.0,0.0,64.0,0.0,0.0,28.0,23.0,0.0,0.0,0.0,0.0,0.0,0.0,28.0,0.0,0.0,0.0,0.0
C2_p9__baldwinian__s9,C2_p9__baldwinian,C2_p9,C2,baldwinian,9,550,train,50,2.8,21,21,62.5614921540865,0.8333333333333334,0.5,499.0,0.0,0.0,358.0,139.0,0.0,0.0,0.0,58.0,0.0,0.0,25.0,21.0,0.0,0.0,0.0,0.0,0.0,0.0,25.0,0.0,0.0,0.0,0.0
C2_p9__baldwinian__s9,C2_p9__baldwinian,C2_p9,C2,baldwinian,9,600,train,50,3.18,23,23,67.7169129390021,0.9166666666666666,0.5,268.0,0.0,0.0,478.0,115.0,0.0,0.0,0.0,42.0,0.0,0.0,35.0,17.0,0.0,0.0,0.0,0.0,0.0,0.0,35.0,0.0,0.0,0.0,0.0
C2_p9__baldwinian__s9,C2_p9__baldwinian,C2_p9,C2,baldwinian,9,650,train,50,3.54,30,30,70.22270491895227,0.875,0.5,405.0,0.0,0.0,398.0,131.0,0.0,0.0,0.0,54.0,0.0,0.0,34.0,28.0,0.0,0.0,0.0,0.0,0.0,0.0,34.0,0.0,0.0,0.0,0.0
C2_p9__baldwinian__s9,C2_p9__baldwinian,C2_p9,C2,baldwinian,9,700,train,50,3.58,24,24,82.56644944481916,0.875,0.5,252.0,0.0,0.0,337.0,100.0,0.0,0.0,0.0,45.0,0.0,0.0,28.0,18.0,0.0,0.0,0.0,0.0,0.0,0.0,28.0,0.0,0.0,0.0,0.0
C2_p9__baldwinian__s9,C2_p9__baldwinian,C2_p9,C2,baldwinian,9,750,train,44,3.5454545454545454,20,26,58.82067606394812,0.9166666666666666,0.5,353.0,0.0,0.0,305.0,73.0,0.0,0.0,0.0,56.0,0.0,0.0,31.0,23.0,0.0,0.0,0.0,0.0,0.0,0.0,31.0,0.0,0.0,0.0,0.0
C2_p9__baldwinian__s9,C2_p9__baldwinian,C2_p9,C2,baldwinian,9,800,train,38,4.131578947368421,18,24,62.61879031543229,0.9583333333333334,0.5,371.0,0.0,0.0,306.0,89.0,0.0,0.0,0.0,55.0,0.0,0.0,30.0,24.0,0.0,0.0,0.0,0.0,0.0,0.0,30.0,0.0,0.0,0.0,0.0
C2_p9__baldwinian__s9,C2_p9__baldwinian,C2_p9,C2,baldwinian,9,850,train,48,4.270833333333333,21,11,105.32925010386626,0.7916666666666666,0.5,411.0,0.0,0.0,386.0,29.0,0.0,0.0,0.0,65.0,0.0,0.0,22.0,13.0,0.0,0.0,0.0,0.0,0.0,0.0,22.0,0.0,0.0,0.0,0.0
C2_p9__baldwinian__s9,C2_p9__baldwinian,C2_p9,C2,baldwinian,9,900,train,50,4.5,17,15,122.47302413627175,0.7083333333333334,0.5,334.0,0.0,0.0,366.0,56.0,0.0,0.0,0.0,38.0,0.0,0.0,26.0,19.0,0.0,0.0,0.0,0.0,0.0,0.0,26.0,0.0,0.0,0.0,0.0
C2_p9__baldwinian__s9,C2_p9__baldwinian,C2_p9,C2,baldwinian,9,950,train,50,4.52,22,22,93.13964991420079,0.7708333333333334,0.5,407.0,0.0,0.0,522.0,81.0,0.0,0.0,0.0,53.0,0.0,0.0,27.0,21.0,0.0,0.0,0.0,0.0,0.0,0.0,27.0,0.0,0.0,0.0,0.0
C2_p9__baldwinian__s9,C2_p9__baldwinian,C2_p9,C2,baldwinian,9,1000,train,49,4.530612244897959,21,22,44.06710226998278,0.9583333333333334,0.5,285.0,0.0,0.0,489.0,97.0,0.0,0.0,0.0,58.0,0.0,0.0,39.0,24.0,0.0,0.0,0.0,0.0,0.0,0.0,39.0,0.0,0.0,0.0,0.0
C2_p9__baldwinian__s9,C2_p9__baldwinian,C2_p9,C2,baldwinian,9,1050,train,44,4.909090909090909,18,23,56.88617720153363,0.9583333333333334,0.5,235.0,0.0,0.0,342.0,125.0,0.0,0.0,0.0,49.0,0.0,0.0,24.0,23.0,0.0,0.0,0.0,0.0,0.0,0.0,24.0,0.0,0.0,0.0,0.0
C2_p9__baldwinian__s9,C2_p9__baldwinian,C2_p9,C2,baldwinian,9,1100,train,50,5.24,22,16,90.63892561541206,0.7708333333333334,0.5,442.0,0.0,0.0,311.0,108.0,0.0,0.0,0.0,57.0,0.0,0.0,28.0,18.0,0.0,0.0,0.0,0.0,0.0,0.0,28.0,0.0,0.0,0.0,0.0
C2_p9__baldwinian__s9,C2_p9__baldwinian,C2_p9,C2,baldwinian,9,1150,train,39,5.564102564102564,18,29,76.78816182435013,0.8958333333333334,0.5,306.0,0.0,0.0,434.0,44.0,0.0,0.0,0.0,55.0,0.0,0.0,31.0,16.0,0.0,0.0,0.0,0.0,0.0,0.0,31.0,0.0,0.0,0.0,0.0
C2_p9__baldwinian__s9,C2_p9__baldwinian,C2_p9,C2,baldwinian,9,1200,train,50,5.48,25,14,128.78457650534705,0.7291666666666666,0.5,274.0,0.0,0.0,396.0,59.0,0.0,0.0,0.0,36.0,0.0,0.0,25.0,17.0,0.0,0.0,0.0,0.0,0.0,0.0,25.0,0.0,0.0,0.0,0.0
C2_p9__baldwinian__s9,C2_p9__baldwinian,C2_p9,C2,baldwinian,9,1250,train,50,5.54,20,20,50.00577206501647,0.8958333333333334,0.5,519.0,0.0,0.0,378.0,158.0,0.0,0.0,0.0,67.0,0.0,0.0,31.0,25.0,0.0,0.0,0.0,0.0,0.0,0.0,31.0,0.0,0.0,0.0,0.0
C2_p9__baldwinian__s9,C2_p9__baldwinian,C2_p9,C2,baldwinian,9,1300,train,47,5.595744680851064,20,23,88.62921544846593,0.7916666666666666,0.5,308.0,0.0,0.0,380.0,114.0,0.0,0.0,0.0,40.0,0.0,0.0,32.0,21.0,0.0,0.0,0.0,0.0,0.0,0.0,32.0,0.0,0.0,0.0,0.0
C2_p9__baldwinian__s9,C2_p9__baldwinian,C2_p9,C2,baldwinian,9,1350,train,37,5.837837837837838,20,30,108.4333841127901,0.7916666666666666,0.5,328.0,0.0,0.0,417.0,99.0,0.0,0.0,0.0,47.0,0.0,0.0,34.0,11.0,0.0,0.0,0.0,0.0,0.0,0.0,34.0,0.0,0.0,0.0,0.0
C2_p9__baldwinian__s9,C2_p9__baldwinian,C2_p9,C2,baldwinian,9,1400,train,36,6.25,26,27,114.543660405924,0.75,0.5,262.0,0.0,0.0,401.0,86.0,0.0,0.0,0.0,30.0,0.0,0.0,44.0,24.0,0.0,0.0,0.0,0.0,0.0,0.0,44.0,0.0,0.0,0.0,0.0
C2_p9__baldwinian__s9,C2_p9__baldwinian,C2_p9,C2,baldwinian,9,1450,train,37,6.594594594594595,19,18,182.74412241304415,0.6458333333333334,0.5,241.0,0.0,0.0,275.0,50.0,0.0,0.0,0.0,40.0,0.0,0.0,26.0,21.0,0.0,0.0,0.0,0.0,0.0,0.0,26.0,0.0,0.0,0.0,0.0
C2_p9__baldwinian__s9,C2_p9__baldwinian,C2_p9,C2,baldwinian,9,1500,train,45,6.911111111111111,28,20,109.96531603228618,0.7708333333333334,0.5,331.0,0.0,0.0,274.0,139.0,0.0,0.0,0.0,53.0,0.0,0.0,25.0,16.0,0.0,0.0,0.0,0.0,0.0,0.0,25.0,0.0,0.0,0.0,0.0
C2_p9__baldwinian__s9,C2_p9__baldwinian,C2_p9,C2,baldwinian,9,1550,eval,46,6.6521739130434785,26,25,114.80274003084281,0.7291666666666666,0.5,377.0,0.0,0.0,327.0,54.0,0.0,0.0,70.0,52.0,0.0,0.0,25.0,9.0,0.0,0.0,8.0,0.0,0.0,0.0,25.0,0.0,0.0,0.0,8.0
C2_p9__baldwinian__s9,C2_p9__baldwinian,C2_p9,C2,baldwinian,9,1600,eval,50,6.78,21,17,192.53717494182206,0.5416666666666666,0.5,341.0,0.0,0.0,371.0,105.0,0.0,0.0,125.0,25.0,0.0,0.0,23.0,13.0,0.0,0.0,8.0,0.0,0.0,0.0,23.0,0.0,0.0,0.0,8.0
C2_p9__baldwinian__s9,C2_p9__baldwinian,C2_p9,C2,baldwinian,9,1650,eval,50,7.18,24,24,132.49056924382228,0.7083333333333334,0.5,296.0,0.0,0.0,434.0,90.0,0.0,0.0,52.0,47.0,0.0,0.0,40.0,7.0,0.0,0.0,3.0,0.0,0.0,0.0,40.0,0.0,0.0,0.0,3.0
C2_p9__baldwinian__s9,C2_p9__baldwinian,C2_p9,C2,baldwinian,9,1700,eval,50,7.26,18,18,123.2839146085439,0.7083333333333334,0.5,308.0,0.0,0.0,452.0,81.0,0.0,0.0,70.0,31.0,0.0,0.0,24.0,10.0,0.0,0.0,5.0,0.0,0.0,0.0,24.0,0.0,0.0,0.0,5.0
C2_p9__baldwinian__s9,C2_p9__baldwinian,C2_p9,C2,baldwinian,9,1750,eval,50,7.26,17,17,149.09831094634313,0.6875,0.5,420.0,0.0,0.0,402.0,58.0,0.0,0.0,81.0,45.0,0.0,0.0,20.0,5.0,0.0,0.0,3.0,0.0,0.0,0.0,20.0,0.0,0.0,0.0,3.0
C2_p9__baldwinian__s9,C2_p9__baldwinian,C2_p9,C2,baldwinian,9,1800,eval,50,7.34,19,19,210.35774246895153,0.4791666666666667,0.5,411.0,0.0,0.0,508.0,85.0,0.0,0.0,132.0,22.0,0.0,0.0,27.0,6.0,0.0,0.0,12.0,0.0,0.0,0.0,27.0,0.0,0.0,0.0,12.0
C2_p9__baldwinian__s10,C2_p9__baldwinian,C2_p9,C2,baldwinian,10,50,train,48,0.875,36,8,72.14750976694332,0.875,0.5,274.0,0.0,0.0,188.0,65.0,0.0,0.0,0.0,60.0,0.0,0.0,33.0,18.0,0.0,0.0,0.0,0.0,0.0,0.0,33.0,0.0,0.0,0.0,0.0
C2_p9__baldwinian__s10,C2_p9__baldwinian,C2_p9,C2,baldwinian,10,100,train,43,1.0232558139534884,10,15,101.91266808363189,0.8541666666666666,0.5,206.0,0.0,0.0,243.0,84.0,0.0,0.0,0.0,47.0,0.0,0.0,29.0,16.0,0.0,0.0,0.0,0.0,0.0,0.0,29.0,0.0,0.0,0.0,0.0
C2_p9__baldwinian__s10,C2_p9__baldwinian,C2_p9,C2,baldwinian,10,150,train,50,1.2,28,21,102.29400326196824,0.7916666666666666,0.5,319.0,0.0,0.0,420.0,174.0,0.0,0.0,0.0,49.0,0.0,0.0,26.0,25.0,0.0,0.0,0.0,0.0,0.0,0.0,26.0,0.0,0.0,0.0,0.0
C2_p9__baldwinian__s10,C2_p9__baldwinian,C2_p9,C2,baldwinian,10,200,train,50,1.18,18,18,86.91660393698601,0.8333333333333334,0.5,335.0,0.0,0.0,408.0,153.0,0.0,0.0,0.0,65.0,0.0,0.0,37.0,20.0,0.0,0.0,0.0,0.0,0.0,0.0,37.0,0.0,0.0,0.0,0.0
C2_p9__baldwinian__s10,C2_p9__baldwinian,C2_p9,C2,baldwinian,10,250,train,50,1.3,20,20,78.75302978602761,0.9166666666666666,0.5,286.0,0.0,0.0,402.0,82.0,0.0,0.0,0.0,44.0,0.0,0.0,36.0,23.0,0.0,0.0,0.0,0.0,0.0,0.0,36.0,0.0,0.0,0.0,0.0
C2_p9__baldwinian__s10,C2_p9__baldwinian,C2_p9,C2,baldwinian,10,300,train,50,1.58,17,17,51.52961094590537,0.9375,0.5,425.0,0.0,0.0,336.0,105.0,0.0,0.0,0.0,59.0,0.0,0.0,24.0,31.0,0.0,0.0,0.0,0.0,0.0,0.0,24.0,0.0,0.0,0.0,0.0
C2_p9__baldwinian__s10,C2_p9__baldwinian,C2_p9,C2,baldwinian,10,350,train,50,1.54,18,18,78.72536130157911,0.8333333333333334,0.5,387.0,0.0,0.0,385.0,73.0,0.0,0.0,0.0,60.0,0.0,0.0,22.0,11.0,0.0,0.0,0.0,0.0,0.0,0.0,22.0,0.0,0.0,0.0,0.0
C2_p9__baldwinian__s10,C2_p9__baldwinian,C2_p9,C2,baldwinian,10,400,train,47,1.7234042553191489,19,22,78.9300774490046,0.8333333333333334,0.5,272.0,0.0,0.0,450.0,115.0,0.0,0.0,0.0,58.0,0.0,0.0,29.0,20.0,0.0,0.0,0.0,0.0,0.0,0.0,29.0,0.0,0.0,0.0,0.0
C2_p9__baldwinian__s10,C2_p9__baldwinian,C2_p9,C2,baldwinian,10,450,train,50,1.64,16,13,74.99101256312974,0.8541666666666666,0.5,333.0,0.0,0.0,466.0,154.0,0.0,0.0,0.0,47.0,0.0,0.0,20.0,25.0,0.0,0.0,0.0,0.0,0.0,0.0,20.0,0.0,0.0,0.0,0.0
C2_p9__baldwinian__s10,C2_p9__baldwinian,C2_p9,C2,baldwinian,10,500,train,50,1.86,25,25,79.26901006504926,0.8541666666666666,0.5,394.0,0.0,0.0,332.0,138.0,0.0,0.0,0.0,43.0,0.0,0.0,30.0,21.0,0.0,0.0,0.0,0.0,0.0,0.0,30.0,0.0,0.0,0.0,0.0
C2_p9__baldwinian__s10,C2_p9__baldwinian,C2_p9,C2,baldwinian,10,550,train,50,2.08,21,21,61.6781258451428,0.9375,0.5,430.0,0.0,0.0,444.0,49.0,0.0,0.0,0.0,55.0,0.0,0.0,30.0,21.0,0.0,0.0,0.0,0.0,0.0,0.0,30.0,0.0,0.0,0.0,0.0
C2_p9__baldwinian__s10,C2_p9__baldwinian,C2_p9,C2,baldwinian,10,600,train,50,2.26,19,19,123.69392281409007,0.7291666666666666,0.5,268.0,0.0,0.0,374.0,117.0,0.0,0.0,0.0,43.0,0.0,0.0,26.0,28.0,0.0,0.0,0.0,0.0,0.0,0.0,26.0,0.0,0.0,0.0,0.0
C2_p9__baldwinian__s10,C2_p9__baldwinian,C2_p9,C2,baldwinian,10,650,train,50,2.5,22,22,89.99371944868858,0.8125,0.5,335.0,0.0,0.0,457.0,50.0,0.0,0.0,0.0,48.0,0.0,0.0,37.0,15.0,0.0,0.0,0.0,0.0,0.0,0.0,37.0,0.0,0.0,0.0,0.0
C2_p9__baldwinian__s10,C2_p9__baldwinian,C2_p9,C2,baldwinian,10,700,train,50,2.74,21,21,68.97608199337735,0.875,0.5,346.0,0.0,0.0,487.0,130.0,0.0,0.0,0.0,54.0,0.0,0.0,34.0,24.0,0.0,0.0,0.0,0.0,0.0,0.0,34.0,0.0,0.0,0.0,0.0
C2_p9__baldwinian__s10,C2_p9__baldwinian,C2_p9,C2,baldwinian,10,750,train,50,3.22,22,22,93.42109632045317,0.7291666666666666,0.5,294.0,0.0,0.0,390.0,89.0,0.0,0.0,0.0,25.0,0.0,0.0,29.0,21.0,0.0,0.0,0.0,0.0,0.0,0.0,29.0,0.0,0.0,0.0,0.0
C2_p9__baldwinian__s10,C2_p9__baldwinian,C2_p9,C2,baldwinian,10,800,train,50,3.3,20,20,84.9413726856344,0.8125,0.5,304.0,0.0,0.0,511.0,141.0,0.0,0.0,0.0,48.0,0.0,0.0,36.0,22.0,0.0,0.0,0.0,0.0,0.0,0.0,36.0,0.0,0.0,0.0,0.0
C2_p9__baldwinian__s10,C2_p9__baldwinian,C2_p9,C2,baldwinian,10,850,train,50,3.38,14,14,126.75391888258123,0.6875,0.5,409.0,0.0,0.0,553.0,147.0,0.0,0.0,0.0,39.0,0.0,0.0,27.0,15.0,0.0,0.0,0.0,0.0,0.0,0.0,27.0,0.0,0.0,0.0,0.0
C2_p9__baldwinian__s10,C2_p9__baldwinian,C2_p9,C2,baldwinian,10,900,train,50,3.3,8,8,124.55360556661914,0.6458333333333334,0.5,544.0,0.0,0.0,468.0,171.0,0.0,0.0,0.0,49.0,0.0,0.0,22.0,22.0,0.0,0.0,0.0,0.0,0.0,0.0,22.0,0.0,0.0,0.0,0.0
C2_p9__baldwinian__s10,C2_p9__baldwinian,C2_p9,C2,baldwinian,10,950,train,50,3.4,16,16,68.80763633869688,0.9166666666666666,0.5,465.0,0.0,0.0,420.0,127.0,0.0,0.0,0.0,52.0,0.0,0.0,32.0,27.0,0.0,0.0,0.0,0.0,0.0,0.0,32.0,0.0,0.0,0.0,0.0
C2_p9__baldwinian__s10,C2_p9__baldwinian,C2_p9,C2,baldwinian,10,1000,train,50,3.6,17,17,83.30711275435384,0.8125,0.5,339.0,0.0,0.0,410.0,47.0,0.0,0.0,0.0,47.0,0.0,0.0,26.0,19.0,0.0,0.0,0.0,0.0,0.0,0.0,26.0,0.0,0.0,0.0,0.0
C2_p9__baldwinian__s10,C2_p9__baldwinian,C2_p9,C2,baldwinian,10,1050,train,50,3.52,16,16,110.10894537304803,0.7708333333333334,0.5,306.0,0.0,0.0,591.0,54.0,0.0,0.0,0.0,57.0,0.0,0.0,27.0,18.0,0.0,0.0,0.0,0.0,0.0,0.0,27.0,0.0,0.0,0.0,0.0
C2_p9__baldwinian__s10,C2_p9__baldwinian,C2_p9,C2,baldwinian,10,1100,train,50,3.64,15,15,119.24496072508744,0.7083333333333334,0.5,435.0,0.0,0.0,449.0,52.0,0.0,0.0,0.0,46.0,0.0,0.0,30.0,20.0,0.0,0.0,0.0,0.0,0.0,0.0,30.0,0.0,0.0,0.0,0.0
C2_p9__baldwinian__s10,C2_p9__baldwinian,C2_p9,C2,baldwinian,10,1150,train,50,3.72,17,17,81.20434802760789,0.8125,0.5,538.0,0.0,0.0,449.0,84.0,0.0,0.0,0.0,62.0,0.0,0.0,25.0,15.0,0.0,0.0,0.0,0.0,0.0,0.0,25.0,0.0,0.0,0.0,0.0
C2_p9__baldwinian__s10,C2_p9__baldwinian,C2_p9,C2,baldwinian,10,1200,train,50,4.1,21,21,52.418976165221125,0.9166666666666666,0.5,417.0,0.0,0.0,325.0,104.0,0.0,0.0,0.0,64.0,0.0,0.0,22.0,22.0,0.0,0.0,0.0,0.0,0.0,0.0,22.0,0.0,0.0,0.0,0.0
C2_p9__baldwinian__s10,C2_p9__baldwinian,C2_p9,C2,baldwinian,10,1250,train,50,4.16,18,18,72.48144081210278,0.875,0.5,303.0,0.0,0.0,278.0,166.0,0.0,0.0,0.0,55.0,0.0,0.0,22.0,22.0,0.0,0.0,0.0,0.0,0.0,0.0,22.0,0.0,0.0,0.0,0.0
C2_p9__baldwinian__s10,C2_p9__baldwinian,C2_p9,C2,baldwinian,10,1300,train,50,4.22,25,25,84.1106287847901,0.7916666666666666,0.5,278.0,0.0,0.0,392.0,114.0,0.0,0.0,0.0,58.0,0.0,0.0,36.0,23.0,0.0,0.0,0.0,0.0,0.0,0.0,36.0,0.0,0.0,0.0,0.0
C2_p9__baldwinian__s10,C2_p9__baldwinian,C2_p9,C2,baldwinian,10,1350,train,50,4.28,19,19,82.2043136847885,0.875,0.5,349.0,0.0,0.0,436.0,87.0,0.0,0.0,0.0,60.0,0.0,0.0,29.0,24.0,0.0,0.0,0.0,0.0,0.0,0.0,29.0,0.0,0.0,0.0,0.0
C2_p9__baldwinian__s10,C2_p9__baldwinian,C2_p9,C2,baldwinian,10,1400,train,50,4.32,16,16,112.40956486196697,0.7708333333333334,0.5,383.0,0.0,0.0,413.0,124.0,0.0,0.0,0.0,49.0,0.0,0.0,26.0,13.0,0.0,0.0,0.0,0.0,0.0,0.0,26.0,0.0,0.0,0.0,0.0
C2_p9__baldwinian__s10,C2_p9__baldwinian,C2_p9,C2,baldwinian,10,1450,train,50,4.22,18,18,102.1033773823697,0.75,0.5,409.0,0.0,0.0,287.0,103.0,0.0,0.0,0.0,63.0,0.0,0.0,26.0,27.0,0.0,0.0,0.0,0.0,0.0,0.0,26.0,0.0,0.0,0.0,0.0
C2_p9__baldwinian__s10,C2_p9__baldwinian,C2_p9,C2,baldwinian,10,1500,train,50,4.52,23,23,93.60682177271383,0.75,0.5,347.0,0.0,0.0,442.0,116.0,0.0,0.0,0.0,42.0,0.0,0.0,42.0,20.0,0.0,0.0,0.0,0.0,0.0,0.0,42.0,0.0,0.0,0.0,0.0
C2_p9__baldwinian__s10,C2_p9__baldwinian,C2_p9,C2,baldwinian,10,1550,eval,50,4.36,26,26,113.92865151310397,0.8125,0.5,355.0,0.0,0.0,311.0,74.0,0.0,0.0,81.0,37.0,0.0,0.0,37.0,10.0,0.0,0.0,3.0,0.0,0.0,0.0,37.0,0.0,0.0,0.0,3.0
C2_p9__baldwinian__s10,C2_p9__baldwinian,C2_p9,C2,baldwinian,10,1600,eval,50,4.64,29,29,135.28588593556935,0.7291666666666666,0.5,368.0,0.0,0.0,254.0,107.0,0.0,0.0,65.0,36.0,0.0,0.0,28.0,12.0,0.0,0.0,7.0,0.0,0.0,0.0,28.0,0.0,0.0,0.0,7.0
C2_p9__baldwinian__s10,C2_p9__baldwinian,C2_p9,C2,baldwinian,10,1650,eval,50,4.78,14,14,122.86938560432225,0.7291666666666666,0.5,395.0,0.0,0.0,291.0,50.0,0.0,0.0,76.0,50.0,0.0,0.0,24.0,12.0,0.0,0.0,5.0,0.0,0.0,0.0,24.0,0.0,0.0,0.0,5.0
C2_p9__baldwinian__s10,C2_p9__baldwinian,C2_p9,C2,baldwinian,10,1700,eval,50,4.82,22,22,137.0799062749017,0.6666666666666666,0.5,443.0,0.0,0.0,423.0,105.0,0.0,0.0,159.0,47.0,0.0,0.0,36.0,6.0,0.0,0.0,9.0,0.0,0.0,0.0,36.0,0.0,0.0,0.0,9.0
C2_p9__baldwinian__s10,C2_p9__baldwinian,C2_p9,C2,baldwinian,10,1750,eval,50,4.98,17,17,129.1528804531591,0.7083333333333334,0.5,504.0,0.0,0.0,386.0,94.0,0.0,0.0,119.0,61.0,0.0,0.0,20.0,6.0,0.0,0.0,9.0,0.0,0.0,0.0,20.0,0.0,0.0,0.0,9.0
C2_p9__baldwinian__s10,C2_p9__baldwinian,C2_p9,C2,baldwinian,10,1800,eval,50,5.12,22,22,194.31106279628938,0.5416666666666666,0.5,590.0,0.0,0.0,439.0,53.0,0.0,0.0,125.0,47.0,0.0,0.0,21.0,10.0,0.0,0.0,8.0,0.0,0.0,0.0,21.0,0.0,0.0,0.0,8.0
C2_p9__baldwinian__s11,C2_p9__baldwinian,C2_p9,C2,baldwinian,11,50,train,50,0.94,42,12,52.738873851952135,0.8958333333333334,0.5,199.0,0.0,0.0,178.0,150.0,0.0,0.0,0.0,37.0,0.0,0.0,35.0,36.0,0.0,0.0,0.0,0.0,0.0,0.0,35.0,0.0,0.0,0.0,0.0
C2_p9__baldwinian__s11,C2_p9__baldwinian,C2_p9,C2,baldwinian,11,100,train,48,1.0625,14,16,109.1092952963393,0.7916666666666666,0.5,284.0,0.0,0.0,381.0,62.0,0.0,0.0,0.0,31.0,0.0,0.0,30.0,19.0,0.0,0.0,0.0,0.0,0.0,0.0,30.0,0.0,0.0,0.0,0.0
C2_p9__baldwinian__s11,C2_p9__baldwinian,C2_p9,C2,baldwinian,11,150,train,47,1.2340425531914894,15,16,102.9472145443505,0.7708333333333334,0.5,290.0,0.0,0.0,292.0,186.0,0.0,0.0,0.0,42.0,0.0,0.0,34.0,27.0,0.0,0.0,0.0,0.0,0.0,0.0,34.0,0.0,0.0,0.0,0.0
C2_p9__baldwinian__s11,C2_p9__baldwinian,C2_p9,C2,baldwinian,11,200,train,50,1.54,22,19,82.87163109749234,0.8333333333333334,0.5,351.0,0.0,0.0,421.0,203.0,0.0,0.0,0.0,52.0,0.0,0.0,29.0,35.0,0.0,0.0,0.0,0.0,0.0,0.0,29.0,0.0,0.0,0.0,0.0
C2_p9__baldwinian__s11,C2_p9__baldwinian,C2_p9,C2,baldwinian,11,250,train,48,1.4791666666666667,22,24,66.61908109547682,0.8541666666666666,0.5,375.0,0.0,0.0,421.0,150.0,0.0,0.0,0.0,35.0,0.0,0.0,45.0,29.0,0.0,0.0,0.0,0.0,0.0,0.0,45.0,0.0,0.0,0.0,0.0
C2_p9__baldwinian__s11,C2_p9__baldwinian,C2_p9,C2,baldwinian,11,300,train,50,1.34,12,10,103.42713322639193,0.75,0.5,409.0,0.0,0.0,329.0,144.0,0.0,0.0,0.0,36.0,0.0,0.0,12.0,36.0,0.0,0.0,0.0,0.0,0.0,0.0,12.0,0.0,0.0,0.0,0.0
C2_p9__baldwinian__s11,C2_p9__baldwinian,C2_p9,C2,baldwinian,11,350,train,50,1.44,18,18,94.18615905514028,0.7916666666666666,0.5,410.0,0.0,0.0,396.0,91.0,0.0,0.0,0.0,50.0,0.0,0.0,31.0,18.0,0.0,0.0,0.0,0.0,0.0,0.0,31.0,0.0,0.0,0.0,0.0
C2_p9__baldwinian__s11,C2_p9__baldwinian,C2_p9,C2,baldwinian,11,400,train,50,1.42,17,17,99.74226898477387,0.75,0.5,305.0,0.0,0.0,270.0,192.0,0.0,0.0,0.0,38.0,0.0,0.0,21.0,29.0,0.0,0.0,0.0,0.0,0.0,0.0,21.0,0.0,0.0,0.0,0.0
C2_p9__baldwinian__s11,C2_p9__baldwinian,C2_p9,C2,baldwinian,11,450,train,50,1.58,19,19,70.15323182339125,0.875,0.5,433.0,0.0,0.0,345.0,109.0,0.0,0.0,0.0,56.0,0.0,0.0,33.0,16.0,0.0,0.0,0.0,0.0,0.0,0.0,33.0,0.0,0.0,0.0,0.0
C2_p9__baldwinian__s11,C2_p9__baldwinian,C2_p9,C2,baldwinian,11,500,train,48,1.7708333333333333,23,25,62.76988231933392,0.8958333333333334,0.5,251.0,0.0,0.0,312.0,103.0,0.0,0.0,0.0,41.0,0.0,0.0,33.0,23.0,0.0,0.0,0.0,0.0,0.0,0.0,33.0,0.0,0.0,0.0,0.0
C2_p9__baldwinian__s11,C2_p9__baldwinian,C2_p9,C2,baldwinian,11,550,train,47,2.297872340425532,28,29,65.30555827786173,0.875,0.5,269.0,0.0,0.0,212.0,131.0,0.0,0.0,0.0,51.0,0.0,0.0,26.0,25.0,0.0,0.0,0.0,0.0,0.0,0.0,26.0,0.0,0.0,0.0,0.0
C2_p9__baldwinian__s11,C2_p9__baldwinian,C2_p9,C2,baldwinian,11,600,train,47,2.404255319148936,14,14,91.14443722742485,0.8333333333333334,0.5,255.0,0.0,0.0,273.0,93.0,0.0,0.0,0.0,45.0,0.0,0.0,18.0,25.0,0.0,0.0,0.0,0.0,0.0,0.0,18.0,0.0,0.0,0.0,0.0
C2_p9__baldwinian__s11,C2_p9__baldwinian,C2_p9,C2,baldwinian,11,650,train,40,2.675,19,26,82.4883532653242,0.8125,0.5,309.0,0.0,0.0,300.0,141.0,0.0,0.0,0.0,50.0,0.0,0.0,31.0,33.0,0.0,0.0,0.0,0.0,0.0,0.0,31.0,0.0,0.0,0.0,0.0
C2_p9__baldwinian__s11,C2_p9__baldwinian,C2_p9,C2,baldwinian,11,700,train,45,2.8444444444444446,28,23,117.75149983702977,0.7083333333333334,0.5,277.0,0.0,0.0,409.0,138.0,0.0,0.0,0.0,30.0,0.0,0.0,28.0,31.0,0.0,0.0,0.0,0.0,0.0,0.0,28.0,0.0,0.0,0.0,0.0
C2_p9__baldwinian__s11,C2_p9__baldwinian,C2_p9,C2,baldwinian,11,750,train,49,3.142857142857143,26,22,76.0366642024149,0.875,0.5,403.0,0.0,0.0,311.0,149.0,0.0,0.0,0.0,46.0,0.0,0.0,30.0,33.0,0.0,0.0,0.0,0.0,0.0,0.0,30.0,0.0,0.0,0.0,0.0
C2_p9__baldwinian__s11,C2_p9__baldwinian,C2_p9,C2,baldwinian,11,800,train,42,3.642857142857143,17,24,83.53485446298168,0.9166666666666666,0.5,236.0,0.0,0.0,406.0,98.0,0.0,0.0,0.0,40.0,0.0,0.0,30.0,27.0,0.0,0.0,0.0,0.0,0.0,0.0,30.0,0.0,0.0,0.0,0.0
C2_p9__baldwinian__s11,C2_p9__baldwinian,C2_p9,C2,baldwinian,11,850,train,50,3.9,23,15,92.74785221488239,0.7916666666666666,0.5,426.0,0.0,0.0,308.0,128.0,0.0,0.0,0.0,49.0,0.0,0.0,33.0,26.0,0.0,0.0,0.0,0.0,0.0,0.0,33.0,0.0,0.0,0.0,0.0
C2_p9__baldwinian__s11,C2_p9__baldwinian,C2_p9,C2,baldwinian,11,900,train,43,4.325581395348837,18,25,85.36435720347183,0.8541666666666666,0.5,306.0,0.0,0.0,342.0,152.0,0.0,0.0,0.0,54.0,0.0,0.0,27.0,22.0,0.0,0.0,0.0,0.0,0.0,0.0,27.0,0.0,0.0,0.0,0.0
C2_p9__baldwinian__s11,C2_p9__baldwinian,C2_p9,C2,baldwinian,11,950,train,48,4.583333333333333,21,16,139.20539902157793,0.6458333333333334,0.5,290.0,0.0,0.0,370.0,136.0,0.0,0.0,0.0,46.0,0.0,0.0,23.0,19.0,0.0,0.0,0.0,0.0,0.0,0.0,23.0,0.0,0.0,0.0,0.0
C2_p9__baldwinian__s11,C2_p9__baldwinian,C2_p9,C2,baldwinian,11,1000,train,50,4.46,18,16,76.93911057665184,0.8125,0.5,338.0,0.0,0.0,281.0,166.0,0.0,0.0,0.0,49.0,0.0,0.0,27.0,34.0,0.0,0.0,0.0,0.0,0.0,0.0,27.0,0.0,0.0,0.0,0.0
C2_p9__baldwinian__s11,C2_p9__baldwinian,C2_p9,C2,baldwinian,11,1050,train,45,4.688888888888889,20,25,71.07526694605039,0.8958333333333334,0.5,279.0,0.0,0.0,429.0,100.0,0.0,0.0,0.0,40.0,0.0,0.0,30.0,28.0,0.0,0.0,0.0,0.0,0.0,0.0,30.0,0.0,0.0,0.0,0.0
C2_p9__baldwinian__s11,C2_p9__baldwinian,C2_p9,C2,baldwinian,11,1100,train,42,5.0,22,25,87.9049644679936,0.8333333333333334,0.5,260.0,0.0,0.0,331.0,99.0,0.0,0.0,0.0,39.0,0.0,0.0,39.0,28.0,0.0,0.0,0.0,0.0,0.0,0.0,39.0,0.0,0.0,0.0,0.0
C2_p9__baldwinian__s11,C2_p9__baldwinian,C2_p9,C2,baldwinian,11,1150,train,39,5.102564102564102,15,18,73.66315101098681,0.9375,0.5,254.0,0.0,0.0,424.0,123.0,0.0,0.0,0.0,45.0,0.0,0.0,34.0,34.0,0.0,0.0,0.0,0.0,0.0,0.0,34.0,0.0,0.0,0.0,0.0
C2_p9__baldwinian__s11,C2_p9__baldwinian,C2_p9,C2,baldwinian,11,1200,train,44,5.181818181818182,22,17,58.37380072248033,0.875,0.5,346.0,0.0,0.0,349.0,172.0,0.0,0.0,0.0,49.0,0.0,0.0,31.0,32.0,0.0,0.0,0.0,0.0,0.0,0.0,31.0,0.0,0.0,0.0,0.0
C2_p9__baldwinian__s11,C2_p9__baldwinian,C2_p9,C2,baldwinian,11,1250,train,48,5.333333333333333,19,15,67.08342761188096,0.8958333333333334,0.5,279.0,0.0,0.0,160.0,140.0,0.0,0.0,0.0,59.0,0.0,0.0,11.0,23.0,0.0,0.0,0.0,0.0,0.0,0.0,11.0,0.0,0.0,0.0,0.0
C2_p9__baldwinian__s11,C2_p9__baldwinian,C2_p9,C2,baldwinian,11,1300,train,36,5.5,12,24,105.96269497849953,0.75,0.5,268.0,0.0,0.0,291.0,82.0,0.0,0.0,0.0,53.0,0.0,0.0,24.0,17.0,0.0,0.0,0.0,0.0,0.0,0.0,24.0,0.0,0.0,0.0,0.0
C2_p9__baldwinian__s11,C2_p9__baldwinian,C2_p9,C2,baldwinian,11,1350,train,44,5.954545454545454,24,16,83.65100576878373,0.875,0.5,264.0,0.0,0.0,226.0,100.0,0.0,0.0,0.0,45.0,0.0,0.0,25.0,29.0,0.0,0.0,0.0,0.0,0.0,0.0,25.0,0.0,0.0,0.0,0.0
C2_p9__baldwinian__s11,C2_p9__baldwinian,C2_p9,C2,baldwinian,11,1400,train,40,5.975,18,22,115.10211736047158,0.8125,0.5,351.0,0.0,0.0,367.0,89.0,0.0,0.0,0.0,45.0,0.0,0.0,26.0,35.0,0.0,0.0,0.0,0.0,0.0,0.0,26.0,0.0,0.0,0.0,0.0
C2_p9__baldwinian__s11,C2_p9__baldwinian,C2_p9,C2,baldwinian,11,1450,train,50,6.34,27,17,48.32374627327379,0.9583333333333334,0.5,318.0,0.0,0.0,344.0,125.0,0.0,0.0,0.0,68.0,0.0,0.0,27.0,23.0,0.0,0.0,0.0,0.0,0.0,0.0,27.0,0.0,0.0,0.0,0.0
C2_p9__baldwinian__s11,C2_p9__baldwinian,C2_p9,C2,baldwinian,11,1500,train,40,6.4,11,21,85.48130873400018,0.8541666666666666,0.5,271.0,0.0,0.0,114.0,197.0,0.0,0.0,0.0,53.0,0.0,0.0,14.0,33.0,0.0,0.0,0.0,0.0,0.0,0.0,14.0,0.0,0.0,0.0,0.0
C2_p9__baldwinian__s11,C2_p9__baldwinian,C2_p9,C2,baldwinian,11,1550,eval,39,6.333333333333333,20,21,165.96519873891953,0.7083333333333334,0.5,131.0,0.0,0.0,316.0,57.0,0.0,0.0,70.0,26.0,0.0,0.0,23.0,11.0,0.0,0.0,8.0,0.0,0.0,0.0,23.0,0.0,0.0,0.0,8.0
C2_p9__baldwinian__s11,C2_p9__baldwinian,C2_p9,C2,baldwinian,11,1600,eval,42,6.380952380952381,28,25,93.71710072516647,0.7708333333333334,0.5,288.0,0.0,0.0,327.0,54.0,0.0,0.0,48.0,46.0,0.0,0.0,23.0,11.0,0.0,0.0,11.0,0.0,0.0,0.0,23.0,0.0,0.0,0.0,11.0
C2_p9__baldwinian__s11,C2_p9__baldwinian,C2_p9,C2,baldwinian,11,1650,eval,47,6.808510638297872,24,19,172.5925781262754,0.625,0.5,485.0,0.0,0.0,268.0,26.0,0.0,0.0,50.0,57.0,0.0,0.0,26.0,1.0,0.0,0.0,9.0,0.0,0.0,0.0,26.0,0.0,0.0,0.0,9.0
C2_p9__baldwinian__s11,C2_p9__baldwinian,C2_p9,C2,baldwinian,11,1700,eval,50,7.0,25,22,129.15000560363285,0.75,0.5,462.0,0.0,0.0,486.0,143.0,0.0,0.0,55.0,45.0,0.0,0.0,26.0,12.0,0.0,0.0,10.0,0.0,0.0,0.0,26.0,0.0,0.0,0.0,10.0
C2_p9__baldwinian__s11,C2_p9__baldwinian,C2_p9,C2,baldwinian,11,1750,eval,50,7.12,13,13,183.76693209360008,0.5,0.5,517.0,0.0,0.0,391.0,55.0,0.0,0.0,117.0,43.0,0.0,0.0,25.0,7.0,0.0,0.0,4.0,0.0,0.0,0.0,25.0,0.0,0.0,0.0,4.0
C2_p9__baldwinian__s11,C2_p9__baldwinian,C2_p9,C2,baldwinian,11,1800,eval,50,7.32,9,9,208.97607127457127,0.5,0.5,480.0,0.0,0.0,393.0,127.0,0.0,0.0,46.0,26.0,0.0,0.0,15.0,11.0,0.0,0.0,6.0,0.0,0.0,0.0,15.0,0.0,0.0,0.0,6.0
C2_p9__baldwinian__s12,C2_p9__baldwinian,C2_p9,C2,baldwinian,12,50,train,48,0.8541666666666666,39,11,111.13496009938703,0.8125,0.5,174.0,0.0,0.0,206.0,87.0,0.0,0.0,0.0,35.0,0.0,0.0,36.0,24.0,0.0,0.0,0.0,0.0,0.0,0.0,36.0,0.0,0.0,0.0,0.0
C2_p9__baldwinian__s12,C2_p9__baldwinian,C2_p9,C2,baldwinian,12,100,train,48,1.2291666666666667,18,18,80.02115182672043,0.8958333333333334,0.5,314.0,0.0,0.0,325.0,80.0,0.0,0.0,0.0,47.0,0.0,0.0,37.0,18.0,0.0,0.0,0.0,0.0,0.0,0.0,37.0,0.0,0.0,0.0,0.0
C2_p9__baldwinian__s12,C2_p9__baldwinian,C2_p9,C2,baldwinian,12,150,train,41,1.3658536585365855,17,24,64.86196984670892,0.9166666666666666,0.5,311.0,0.0,0.0,393.0,120.0,0.0,0.0,0.0,47.0,0.0,0.0,35.0,25.0,0.0,0.0,0.0,0.0,0.0,0.0,35.0,0.0,0.0,0.0,0.0
C2_p9__baldwinian__s12,C2_p9__baldwinian,C2_p9,C2,baldwinian,12,200,train,49,1.7959183673469388,32,24,97.87686907747795,0.7916666666666666,0.5,388.0,0.0,0.0,314.0,86.0,0.0,0.0,0.0,42.0,0.0,0.0,31.0,23.0,0.0,0.0,0.0,0.0,0.0,0.0,31.0,0.0,0.0,0.0,0.0
C2_p9__baldwinian__s12,C2_p9__baldwinian,C2_p9,C2,baldwinian,12,250,train,49,1.7959183673469388,14,14,90.28545198835715,0.8541666666666666,0.5,269.0,0.0,0.0,326.0,158.0,0.0,0.0,0.0,44.0,0.0,0.0,33.0,24.0,0.0,0.0,0.0,0.0,0.0,0.0,33.0,0.0,0.0,0.0,0.0
C2_p9__baldwinian__s12,C2_p9__baldwinian,C2_p9,C2,baldwinian,12,300,train,50,1.86,26,25,89.36550424261804,0.7708333333333334,0.5,376.0,0.0,0.0,464.0,259.0,0.0,0.0,0.0,42.0,0.0,0.0,34.0,20.0,0.0,0.0,0.0,0.0,0.0,0.0,34.0,0.0,0.0,0.0,0.0
C2_p9__baldwinian__s12,C2_p9__baldwinian,C2_p9,C2,baldwinian,12,350,train,50,1.94,15,15,107.49069612355923,0.75,0.5,420.0,0.0,0.0,405.0,117.0,0.0,0.0,0.0,42.0,0.0,0.0,35.0,13.0,0.0,0.0,0.0,0.0,0.0,0.0,35.0,0.0,0.0,0.0,0.0
C2_p9__baldwinian__s12,C2_p9__baldwinian,C2_p9,C2,baldwinian,12,400,train,50,1.84,18,18,68.01901162013864,0.8958333333333334,0.5,322.0,0.0,0.0,447.0,131.0,0.0,0.0,0.0,38.0,0.0,0.0,35.0,21.0,0.0,0.0,0.0,0.0,0.0,0.0,35.0,0.0,0.0,0.0,0.0
C2_p9__baldwinian__s12,C2_p9__baldwinian,C2_p9,C2,baldwinian,12,450,train,50,1.9,16,16,103.23156376769151,0.7083333333333334,0.5,385.0,0.0,0.0,582.0,112.0,0.0,0.0,0.0,40.0,0.0,0.0,31.0,20.0,0.0,0.0,0.0,0.0,0.0,0.0,31.0,0.0,0.0,0.0,0.0
C2_p9__baldwinian__s12,C2_p9__baldwinian,C2_p9,C2,baldwinian,12,500,train,50,2.34,21,21,76.4714949450914,0.875,0.5,392.0,0.0,0.0,405.0,122.0,0.0,0.0,0.0,53.0,0.0,0.0,33.0,28.0,0.0,0.0,0.0,0.0,0.0,0.0,33.0,0.0,0.0,0.0,0.0
C2_p9__baldwinian__s12,C2_p9__baldwinian,C2_p9,C2,baldwinian,12,550,train,50,2.76,19,19,113.82669619311591,0.7083333333333334,0.5,356.0,0.0,0.0,399.0,67.0,0.0,0.0,0.0,35.0,0.0,0.0,27.0,27.0,0.0,0.0,0.0,0.0,0.0,0.0,27.0,0.0,0.0,0.0,0.0
C2_p9__baldwinian__s12,C2_p9__baldwinian,C2_p9,C2,baldwinian,12,600,train,50,2.86,12,12,90.1606040554645,0.8333333333333334,0.5,411.0,0.0,0.0,385.0,109.0,0.0,0.0,0.0,72.0,0.0,0.0,21.0,18.0,0.0,0.0,0.0,0.0,0.0,0.0,21.0,0.0,0.0,0.0,0.0
C2_p9__baldwinian__s12,C2_p9__baldwinian,C2_p9,C2,baldwinian,12,650,train,50,2.88,21,21,93.24603635662626,0.8125,0.5,406.0,0.0,0.0,384.0,87.0,0.0,0.0,0.0,55.0,0.0,0.0,32.0,27.0,0.0,0.0,0.0,0.0,0.0,0.0,32.0,0.0,0.0,0.0,0.0
C2_p9__baldwinian__s12,C2_p9__baldwinian,C2_p9,C2,baldwinian,12,700,train,50,2.82,17,17,78.80498056466794,0.8541666666666666,0.5,359.0,0.0,0.0,266.0,110.0,0.0,0.0,0.0,63.0,0.0,0.0,21.0,25.0,0.0,0.0,0.0,0.0,0.0,0.0,21.0,0.0,0.0,0.0,0.0
C2_p9__baldwinian__s12,C2_p9__baldwinian,C2_p9,C2,baldwinian,12,750,train,50,3.0,19,19,68.1896224332021,0.9375,0.5,263.0,0.0,0.0,256.0,93.0,0.0,0.0,0.0,59.0,0.0,0.0,18.0,24.0,0.0,0.0,0.0,0.0,0.0,0.0,18.0,0.0,0.0,0.0,0.0
C2_p9__baldwinian__s12,C2_p9__baldwinian,C2_p9,C2,baldwinian,12,800,train,50,3.34,25,25,89.3634335501777,0.8333333333333334,0.5,373.0,0.0,0.0,281.0,107.0,0.0,0.0,0.0,47.0,0.0,0.0,29.0,22.0,0.0,0.0,0.0,0.0,0.0,0.0,29.0,0.0,0.0,0.0,0.0
C2_p9__baldwinian__s12,C2_p9__baldwinian,C2_p9,C2,baldwinian,12,850,train,50,3.16,20,20,77.62962075888373,0.8333333333333334,0.5,252.0,0.0,0.0,251.0,90.0,0.0,0.0,0.0,52.0,0.0,0.0,24.0,28.0,0.0,0.0,0.0,0.0,0.0,0.0,24.0,0.0,0.0,0.0,0.0
C2_p9__baldwinian__s12,C2_p9__baldwinian,C2_p9,C2,baldwinian,12,900,train,50,3.04,18,18,74.6464710646326,0.9166666666666666,0.5,390.0,0.0,0.0,308.0,94.0,0.0,0.0,0.0,49.0,0.0,0.0,24.0,20.0,0.0,0.0,0.0,0.0,0.0,0.0,24.0,0.0,0.0,0.0,0.0
C2_p9__baldwinian__s12,C2_p9__baldwinian,C2_p9,C2,baldwinian,12,950,train,50,3.26,22,22,45.37639083539926,0.9583333333333334,0.5,287.0,0.0,0.0,389.0,150.0,0.0,0.0,0.0,60.0,0.0,0.0,31.0,32.0,0.0,0.0,0.0,0.0,0.0,0.0,31.0,0.0,0.0,0.0,0.0
C2_p9__baldwinian__s12,C2_p9__baldwinian,C2_p9,C2,baldwinian,12,1000,train,50,3.36,23,23,158.0453335862353,0.6041666666666666,0.5,240.0,0.0,0.0,349.0,47.0,0.0,0.0,0.0,27.0,0.0,0.0,25.0,17.0,0.0,0.0,0.0,0.0,0.0,0.0,25.0,0.0,0.0,0.0,0.0
C2_p9__baldwinian__s12,C2_p9__baldwinian,C2_p9,C2,baldwinian,12,1050,train,50,3.72,25,25,101.61054120863304,0.7708333333333334,0.5,395.0,0.0,0.0,444.0,43.0,0.0,0.0,0.0,45.0,0.0,0.0,33.0,18.0,0.0,0.0,0.0,0.0,0.0,0.0,33.0,0.0,0.0,0.0,0.0
C2_p9__baldwinian__s12,C2_p9__baldwinian,C2_p9,C2,baldwinian,12,1100,train,50,3.68,22,22,109.71362260753406,0.7916666666666666,0.5,384.0,0.0,0.0,473.0,132.0,0.0,0.0,0.0,54.0,0.0,0.0,24.0,24.0,0.0,0.0,0.0,0.0,0.0,0.0,24.0,0.0,0.0,0.0,0.0
C2_p9__baldwinian__s12,C2_p9__baldwinian,C2_p9,C2,baldwinian,12,1150,train,50,3.58,16,16,103.58011376396405,0.8333333333333334,0.5,332.0,0.0,0.0,488.0,168.0,0.0,0.0,0.0,46.0,0.0,0.0,31.0,27.0,0.0,0.0,0.0,0.0,0.0,0.0,31.0,0.0,0.0,0.0,0.0
C2_p9__baldwinian__s12,C2_p9__baldwinian,C2_p9,C2,baldwinian,12,1200,train,50,3.64,17,17,128.56731877258986,0.7291666666666666,0.5,301.0,0.0,0.0,411.0,78.0,0.0,0.0,0.0,36.0,0.0,0.0,19.0,24.0,0.0,0.0,0.0,0.0,0.0,0.0,19.0,0.0,0.0,0.0,0.0
C2_p9__baldwinian__s12,C2_p9__baldwinian,C2_p9,C2,baldwinian,12,1250,train,50,3.76,17,17,70.42639931477038,0.8958333333333334,0.5,372.0,0.0,0.0,390.0,108.0,0.0,0.0,0.0,62.0,0.0,0.0,27.0,28.0,0.0,0.0,0.0,0.0,0.0,0.0,27.0,0.0,0.0,0.0,0.0
C2_p9__baldwinian__s12,C2_p9__baldwinian,C2_p9,C2,baldwinian,12,1300,train,50,3.78,16,16,93.23363904776815,0.8125,0.5,326.0,0.0,0.0,448.0,128.0,0.0,0.0,0.0,61.0,0.0,0.0,21.0,12.0,0.0,0.0,0.0,0.0,0.0,0.0,21.0,0.0,0.0,0.0,0.0
C2_p9__baldwinian__s12,C2_p9__baldwinian,C2_p9,C2,baldwinian,12,1350,train,50,3.8,17,17,68.65224454625073,0.8333333333333334,0.5,239.0,0.0,0.0,366.0,156.0,0.0,0.0,0.0,53.0,0.0,0.0,29.0,34.0,0.0,0.0,0.0,0.0,0.0,0.0,29.0,0.0,0.0,0.0,0.0
C2_p9__baldwinian__s12,C2_p9__baldwinian,C2_p9,C2,baldwinian,12,1400,train,50,4.16,21,21,132.98663951955388,0.7291666666666666,0.5,346.0,0.0,0.0,452.0,73.0,0.0,0.0,0.0,32.0,0.0,0.0,35.0,20.0,0.0,0.0,0.0,0.0,0.0,0.0,35.0,0.0,0.0,0.0,0.0
C2_p9__baldwinian__s12,C2_p9__baldwinian,C2_p9,C2,baldwinian,12,1450,train,50,4.44,21,21,161.05042496053338,0.5833333333333334,0.5,373.0,0.0,0.0,573.0,66.0,0.0,0.0,0.0,27.0,0.0,0.0,37.0,6.0,0.0,0.0,0.0,0.0,0.0,0.0,37.0,0.0,0.0,0.0,0.0
C2_p9__baldwinian__s12,C2_p9__baldwinian,C2_p9,C2,baldwinian,12,1500,train,50,4.7,21,21,81.1924506524316,0.7916666666666666,0.5,444.0,0.0,0.0,468.0,106.0,0.0,0.0,0.0,62.0,0.0,0.0,25.0,27.0,0.0,0.0,0.0,0.0,0.0,0.0,25.0,0.0,0.0,0.0,0.0
C2_p9__baldwinian__s12,C2_p9__baldwinian,C2_p9,C2,baldwinian,12,1550,eval,50,4.56,19,19,133.26837946228417,0.6875,0.5,464.0,0.0,0.0,366.0,60.0,0.0,0.0,23.0,42.0,0.0,0.0,27.0,15.0,0.0,0.0,2.0,0.0,0.0,0.0,27.0,0.0,0.0,0.0,2.0
C2_p9__baldwinian__s12,C2_p9__baldwinian,C2_p9,C2,baldwinian,12,1600,eval,50,4.62,21,21,155.10893437972445,0.6458333333333334,0.5,550.0,0.0,0.0,470.0,100.0,0.0,0.0,79.0,47.0,0.0,0.0,27.0,13.0,0.0,0.0,8.0,0.0,0.0,0.0,27.0,0.0,0.0,0.0,8.0
C2_p9__baldwinian__s12,C2_p9__baldwinian,C2_p9,C2,baldwinian,12,1650,eval,50,4.48,24,24,203.84939895527415,0.4583333333333333,0.5,457.0,0.0,0.0,481.0,79.0,0.0,0.0,197.0,30.0,0.0,0.0,33.0,5.0,0.0,0.0,6.0,0.0,0.0,0.0,33.0,0.0,0.0,0.0,6.0
C2_p9__baldwinian__s12,C2_p9__baldwinian,C2_p9,C2,baldwinian,12,1700,eval,50,4.44,15,15,211.56731191540717,0.3958333333333333,0.5,513.0,0.0,0.0,398.0,135.0,0.0,0.0,49.0,39.0,0.0,0.0,16.0,15.0,0.0,0.0,1.0,0.0,0.0,0.0,16.0,0.0,0.0,0.0,1.0
C2_p9__baldwinian__s12,C2_p9__baldwinian,C2_p9,C2,baldwinian,12,1750,eval,50,4.74,23,23,157.77714695494163,0.5625,0.5,572.0,0.0,0.0,552.0,72.0,0.0,0.0,21.0,34.0,0.0,0.0,38.0,9.0,0.0,0.0,5.0,0.0,0.0,0.0,38.0,0.0,0.0,0.0,5.0
C2_p9__baldwinian__s12,C2_p9__baldwinian,C2_p9,C2,baldwinian,12,1800,eval,50,5.0,23,23,168.08775975861082,0.5833333333333334,0.5,382.0,0.0,0.0,669.0,128.0,0.0,0.0,97.0,33.0,0.0,0.0,49.0,10.0,0.0,0.0,11.0,0.0,0.0,0.0,49.0,0.0,0.0,0.0,11.0
C2_p9__baldwinian__s13,C2_p9__baldwinian,C2_p9,C2,baldwinian,13,50,train,50,0.82,37,7,93.64682391310589,0.7916666666666666,0.5,229.0,0.0,0.0,273.0,71.0,0.0,0.0,0.0,37.0,0.0,0.0,40.0,21.0,0.0,0.0,0.0,0.0,0.0,0.0,40.0,0.0,0.0,0.0,0.0
C2_p9__baldwinian__s13,C2_p9__baldwinian,C2_p9,C2,baldwinian,13,100,train,50,0.82,10,10,97.88183850366387,0.8541666666666666,0.5,350.0,0.0,0.0,290.0,54.0,0.0,0.0,0.0,54.0,0.0,0.0,21.0,16.0,0.0,0.0,0.0,0.0,0.0,0.0,21.0,0.0,0.0,0.0,0.0
C2_p9__baldwinian__s13,C2_p9__baldwinian,C2_p9,C2,baldwinian,13,150,train,50,0.98,19,19,76.1209737707511,0.8541666666666666,0.5,347.0,0.0,0.0,476.0,59.0,0.0,0.0,0.0,57.0,0.0,0.0,29.0,16.0,0.0,0.0,0.0,0.0,0.0,0.0,29.0,0.0,0.0,0.0,0.0
C2_p9__baldwinian__s13,C2_p9__baldwinian,C2_p9,C2,baldwinian,13,200,train,50,1.12,20,20,50.24764173902041,0.875,0.5,345.0,0.0,0.0,372.0,108.0,0.0,0.0,0.0,64.0,0.0,0.0,29.0,20.0,0.0,0.0,0.0,0.0,0.0,0.0,29.0,0.0,0.0,0.0,0.0
C2_p9__baldwinian__s13,C2_p9__baldwinian,C2_p9,C2,baldwinian,13,250,train,50,1.02,20,20,56.669066158377184,0.9166666666666666,0.5,517.0,0.0,0.0,508.0,62.0,0.0,0.0,0.0,54.0,0.0,0.0,27.0,20.0,0.0,0.0,0.0,0.0,0.0,0.0,27.0,0.0,0.0,0.0,0.0
C2_p9__baldwinian__s13,C2_p9__baldwinian,C2_p9,C2,baldwinian,13,300,train,41,1.1219512195121952,14,23,73.91495742013402,0.8958333333333334,0.5,392.0,0.0,0.0,447.0,42.0,0.0,0.0,0.0,57.0,0.0,0.0,32.0,16.0,0.0,0.0,0.0,0.0,0.0,0.0,32.0,0.0,0.0,0.0,0.0
C2_p9__baldwinian__s13,C2_p9__baldwinian,C2_p9,C2,baldwinian,13,350,train,42,1.2619047619047619,20,19,73.94119567237135,0.875,0.5,393.0,0.0,0.0,444.0,62.0,0.0,0.0,0.0,51.0,0.0,0.0,28.0,17.0,0.0,0.0,0.0,0.0,0.0,0.0,28.0,0.0,0.0,0.0,0.0
C2_p9__baldwinian__s13,C2_p9__baldwinian,C2_p9,C2,baldwinian,13,400,train,50,1.38,26,18,102.72285991355238,0.7916666666666666,0.5,343.0,0.0,0.0,470.0,45.0,0.0,0.0,0.0,52.0,0.0,0.0,32.0,16.0,0.0,0.0,0.0,0.0,0.0,0.0,32.0,0.0,0.0,0.0,0.0
C2_p9__baldwinian__s13,C2_p9__baldwinian,C2_p9,C2,baldwinian,13,450,train,50,1.46,27,27,94.04390992085983,0.7916666666666666,0.5,402.0,0.0,0.0,461.0,102.0,0.0,0.0,0.0,47.0,0.0,0.0,37.0,17.0,0.0,0.0,0.0,0.0,0.0,0.0,37.0,0.0,0.0,0.0,0.0
C2_p9__baldwinian__s13,C2_p9__baldwinian,C2_p9,C2,baldwinian,13,500,train,41,1.8048780487804879,23,32,81.15753808719231,0.875,0.5,253.0,0.0,0.0,359.0,58.0,0.0,0.0,0.0,47.0,0.0,0.0,35.0,14.0,0.0,0.0,0.0,0.0,0.0,0.0,35.0,0.0,0.0,0.0,0.0
C2_p9__baldwinian__s13,C2_p9__baldwinian,C2_p9,C2,baldwinian,13,550,train,38,2.026315789473684,16,19,112.677253285192,0.8333333333333334,0.5,354.0,0.0,0.0,276.0,104.0,0.0,0.0,0.0,57.0,0.0,0.0,24.0,12.0,0.0,0.0,0.0,0.0,0.0,0.0,24.0,0.0,0.0,0.0,0.0
C2_p9__baldwinian__s13,C2_p9__baldwinian,C2_p9,C2,baldwinian,13,600,train,46,2.239130434782609,24,16,90.69107023823148,0.8125,0.5,361.0,0.0,0.0,324.0,115.0,0.0,0.0,0.0,57.0,0.0,0.0,30.0,13.0,0.0,0.0,0.0,0.0,0.0,0.0,30.0,0.0,0.0,0.0,0.0
C2_p9__baldwinian__s13,C2_p9__baldwinian,C2_p9,C2,baldwinian,13,650,train,38,2.263157894736842,18,26,84.97977165683697,0.875,0.5,207.0,0.0,0.0,395.0,79.0,0.0,0.0,0.0,57.0,0.0,0.0,33.0,14.0,0.0,0.0,0.0,0.0,0.0,0.0,33.0,0.0,0.0,0.0,0.0
C2_p9__baldwinian__s13,C2_p9__baldwinian,C2_p9,C2,baldwinian,13,700,train,47,2.297872340425532,20,11,70.74315675585945,0.875,0.5,417.0,0.0,0.0,279.0,136.0,0.0,0.0,0.0,65.0,0.0,0.0,17.0,17.0,0.0,0.0,0.0,0.0,0.0,0.0,17.0,0.0,0.0,0.0,0.0
C2_p9__baldwinian__s13,C2_p9__baldwinian,C2_p9,C2,baldwinian,13,750,train,43,2.3255813953488373,16,20,75.1201132729363,0.9166666666666666,0.5,361.0,0.0,0.0,306.0,137.0,0.0,0.0,0.0,64.0,0.0,0.0,26.0,18.0,0.0,0.0,0.0,0.0,0.0,0.0,26.0,0.0,0.0,0.0,0.0
C2_p9__baldwinian__s13,C2_p9__baldwinian,C2_p9,C2,baldwinian,13,800,train,48,2.5,23,18,80.35801567945354,0.875,0.5,355.0,0.0,0.0,437.0,113.0,0.0,0.0,0.0,57.0,0.0,0.0,34.0,19.0,0.0,0.0,0.0,0.0,0.0,0.0,34.0,0.0,0.0,0.0,0.0
C2_p9__baldwinian__s13,C2_p9__baldwinian,C2_p9,C2,baldwinian,13,850,train,44,2.7045454545454546,23,27,97.96015979994255,0.7708333333333334,0.5,343.0,0.0,0.0,406.0,56.0,0.0,0.0,0.0,51.0,0.0,0.0,33.0,16.0,0.0,0.0,0.0,0.0,0.0,0.0,33.0,0.0,0.0,0.0,0.0
C2_p9__baldwinian__s13,C2_p9__baldwinian,C2_p9,C2,baldwinian,13,900,train,42,2.8095238095238093,21,23,86.20562312565195,0.7916666666666666,0.5,294.0,0.0,0.0,312.0,132.0,0.0,0.0,0.0,51.0,0.0,0.0,32.0,23.0,0.0,0.0,0.0,0.0,0.0,0.0,32.0,0.0,0.0,0.0,0.0
C2_p9__baldwinian__s13,C2_p9__baldwinian,C2_p9,C2,baldwinian,13,950,train,33,2.9393939393939394,17,26,105.62422149859576,0.8333333333333334,0.5,278.0,0.0,0.0,441.0,85.0,0.0,0.0,0.0,44.0,0.0,0.0,47.0,14.0,0.0,0.0,0.0,0.0,0.0,0.0,47.0,0.0,0.0,0.0,0.0
C2_p9__baldwinian__s13,C2_p9__baldwinian,C2_p9,C2,baldwinian,13,1000,train,47,3.382978723404255,37,23,71.76483635507162,0.875,0.5,418.0,0.0,0.0,508.0,94.0,0.0,0.0,0.0,51.0,0.0,0.0,42.0,13.0,0.0,0.0,0.0,0.0,0.0,0.0,42.0,0.0,0.0,0.0,0.0
C2_p9__baldwinian__s13,C2_p9__baldwinian,C2_p9,C2,baldwinian,13,1050,train,43,3.302325581395349,19,23,94.01368727014379,0.8125,0.5,404.0,0.0,0.0,448.0,76.0,0.0,0.0,0.0,54.0,0.0,0.0,34.0,13.0,0.0,0.0,0.0,0.0,0.0,0.0,34.0,0.0,0.0,0.0,0.0
C2_p9__baldwinian__s13,C2_p9__baldwinian,C2_p9,C2,baldwinian,13,1100,train,41,3.5121951219512195,20,22,57.41576161469841,0.8541666666666666,0.5,395.0,0.0,0.0,321.0,114.0,0.0,0.0,0.0,53.0,0.0,0.0,36.0,9.0,0.0,0.0,0.0,0.0,0.0,0.0,36.0,0.0,0.0,0.0,0.0
C2_p9__baldwinian__s13,C2_p9__baldwinian,C2_p9,C2,baldwinian,13,1150,train,44,3.7045454545454546,21,18,111.00163910942294,0.8125,0.5,307.0,0.0,0.0,355.0,78.0,0.0,0.0,0.0,45.0,0.0,0.0,27.0,14.0,0.0,0.0,0.0,0.0,0.0,0.0,27.0,0.0,0.0,0.0,0.0
C2_p9__baldwinian__s13,C2_p9__baldwinian,C2_p9,C2,baldwinian,13,1200,train,31,3.838709677419355,17,30,96.93482919684254,0.8333333333333334,0.5,294.0,0.0,0.0,359.0,93.0,0.0,0.0,0.0,39.0,0.0,0.0,41.0,17.0,0.0,0.0,0.0,0.0,0.0,0.0,41.0,0.0,0.0,0.0,0.0
C2_p9__baldwinian__s13,C2_p9__baldwinian,C2_p9,C2,baldwinian,13,1250,train,40,4.275,23,14,77.41204433710371,0.875,0.5,343.0,0.0,0.0,367.0,110.0,0.0,0.0,0.0,62.0,0.0,0.0,29.0,13.0,0.0,0.0,0.0,0.0,0.0,0.0,29.0,0.0,0.0,0.0,0.0
C2_p9__baldwinian__s13,C2_p9__baldwinian,C2_p9,C2,baldwinian,13,1300,train,42,4.333333333333333,22,20,73.90296493461086,0.875,0.5,384.0,0.0,0.0,382.0,154.0,0.0,0.0,0.0,43.0,0.0,0.0,33.0,20.0,0.0,0.0,0.0,0.0,0.0,0.0,33.0,0.0,0.0,0.0,0.0
C2_p9__baldwinian__s13,C2_p9__baldwinian,C2_p9,C2,baldwinian,13,1350,train,42,4.4523809523809526,21,21,80.58616401887559,0.8541666666666666,0.5,297.0,0.0,0.0,446.0,73.0,0.0,0.0,0.0,53.0,0.0,0.0,39.0,16.0,0.0,0.0,0.0,0.0,0.0,0.0,39.0,0.0,0.0,0.0,0.0
C2_p9__baldwinian__s13,C2_p9__baldwinian,C2_p9,C2,baldwinian,13,1400,train,39,4.589743589743589,21,24,78.98304840789325,0.8958333333333334,0.5,327.0,0.0,0.0,482.0,61.0,0.0,0.0,0.0,56.0,0.0,0.0,34.0,15.0,0.0,0.0,0.0,0.0,0.0,0.0,34.0,0.0,0.0,0.0,0.0
C2_p9__baldwinian__s13,C2_p9__baldwinian,C2_p9,C2,baldwinian,13,1450,train,49,4.816326530612245,27,17,116.2936959849427,0.7291666666666666,0.5,277.0,0.0,0.0,466.0,75.0,0.0,0.0,0.0,44.0,0.0,0.0,35.0,13.0,0.0,0.0,0.0,0.0,0.0,0.0,35.0,0.0,0.0,0.0,0.0
C2_p9__baldwinian__s13,C2_p9__baldwinian,C2_p9,C2,baldwinian,13,1500,train,46,5.130434782608695,14,17,61.444623198957274,0.9166666666666666,0.5,326.0,0.0,0.0,360.0,186.0,0.0,0.0,0.0,59.0,0.0,0.0,34.0,16.0,0.0,0.0,0.0,0.0,0.0,0.0,34.0,0.0,0.0,0.0,0.0
C2_p9__baldwinian__s13,C2_p9__baldwinian,C2_p9,C2,baldwinian,13,1550,eval,47,5.382978723404255,23,22,152.78095304826292,0.6458333333333334,0.5,443.0,0.0,0.0,483.0,32.0,0.0,0.0,96.0,49.0,0.0,0.0,19.0,1.0,0.0,0.0,5.0,0.0,0.0,0.0,19.0,0.0,0.0,0.0,5.0
C2_p9__baldwinian__s13,C2_p9__baldwinian,C2_p9,C2,baldwinian,13,1600,eval,50,5.58,20,17,120.86021129959231,0.75,0.5,569.0,0.0,0.0,452.0,56.0,0.0,0.0,85.0,55.0,0.0,0.0,25.0,9.0,0.0,0.0,10.0,0.0,0.0,0.0,25.0,0.0,0.0,0.0,10.0
C2_p9__baldwinian__s13,C2_p9__baldwinian,C2_p9,C2,baldwinian,13,1650,eval,50,5.82,23,23,126.62080250327031,0.7083333333333334,0.5,350.0,0.0,0.0,448.0,62.0,0.0,0.0,11.0,50.0,0.0,0.0,32.0,7.0,0.0,0.0,4.0,0.0,0.0,0.0,32.0,0.0,0.0,0.0,4.0
C2_p9__baldwinian__s13,C2_p9__baldwinian,C2_p9,C2,baldwinian,13,1700,eval,50,5.76,19,19,162.43145161523432,0.625,0.5,465.0,0.0,0.0,500.0,40.0,0.0,0.0,19.0,41.0,0.0,0.0,32.0,6.0,0.0,0.0,2.0,0.0,0.0,0.0,32.0,0.0,0.0,0.0,2.0
C2_p9__baldwinian__s13,C2_p9__baldwinian,C2_p9,C2,baldwinian,13,1750,eval,50,5.72,18,18,174.03698921794762,0.6041666666666666,0.5,517.0,0.0,0.0,665.0,78.0,0.0,0.0,146.0,30.0,0.0,0.0,47.0,15.0,0.0,0.0,5.0,0.0,0.0,0.0,47.0,0.0,0.0,0.0,5.0
C2_p9__baldwinian__s13,C2_p9__baldwinian,C2_p9,C2,baldwinian,13,1800,eval,50,5.8,21,21,152.42079616643218,0.6875,0.5,618.0,0.0,0.0,609.0,116.0,0.0,0.0,99.0,53.0,0.0,0.0,40.0,3.0,0.0,0.0,6.0,0.0,0.0,0.0,40.0,0.0,0.0,0.0,6.0
C2_p9__baldwinian__s14,C2_p9__baldwinian,C2_p9,C2,baldwinian,14,50,train,50,0.84,34,4,80.26772500856771,0.8333333333333334,0.5,269.0,0.0,0.0,144.0,149.0,0.0,0.0,0.0,56.0,0.0,0.0,25.0,39.0,0.0,0.0,0.0,0.0,0.0,0.0,25.0,0.0,0.0,0.0,0.0
C2_p9__baldwinian__s14,C2_p9__baldwinian,C2_p9,C2,baldwinian,14,100,train,45,0.9111111111111111,8,13,72.21839517068605,0.8541666666666666,0.5,338.0,0.0,0.0,243.0,113.0,0.0,0.0,0.0,45.0,0.0,0.0,25.0,31.0,0.0,0.0,0.0,0.0,0.0,0.0,25.0,0.0,0.0,0.0,0.0
C2_p9__baldwinian__s14,C2_p9__baldwinian,C2_p9,C2,baldwinian,14,150,train,50,1.14,21,16,86.50897499073464,0.8541666666666666,0.5,428.0,0.0,0.0,239.0,106.0,0.0,0.0,0.0,59.0,0.0,0.0,22.0,24.0,0.0,0.0,0.0,0.0,0.0,0.0,22.0,0.0,0.0,0.0,0.0
C2_p9__baldwinian__s14,C2_p9__baldwinian,C2_p9,C2,baldwinian,14,200,train,50,1.22,16,16,61.284072325530346,0.8541666666666666,0.5,352.0,0.0,0.0,309.0,167.0,0.0,0.0,0.0,43.0,0.0,0.0,18.0,37.0,0.0,0.0,0.0,0.0,0.0,0.0,18.0,0.0,0.0,0.0,0.0
C2_p9__baldwinian__s14,C2_p9__baldwinian,C2_p9,C2,baldwinian,14,250,train,49,1.2653061224489797,16,17,78.91263221558489,0.9166666666666666,0.5,371.0,0.0,0.0,335.0,211.0,0.0,0.0,0.0,33.0,0.0,0.0,37.0,30.0,0.0,0.0,0.0,0.0,0.0,0.0,37.0,0.0,0.0,0.0,0.0
C2_p9__baldwinian__s14,C2_p9__baldwinian,C2_p9,C2,baldwinian,14,300,train,50,1.2,17,16,108.27971829723839,0.7708333333333334,0.5,357.0,0.0,0.0,433.0,79.0,0.0,0.0,0.0,47.0,0.0,0.0,26.0,26.0,0.0,0.0,0.0,0.0,0.0,0.0,26.0,0.0,0.0,0.0,0.0
C2_p9__baldwinian__s14,C2_p9__baldwinian,C2_p9,C2,baldwinian,14,350,train,50,1.1,23,23,110.8796527011587,0.7708333333333334,0.5,344.0,0.0,0.0,479.0,118.0,0.0,0.0,0.0,42.0,0.0,0.0,40.0,14.0,0.0,0.0,0.0,0.0,0.0,0.0,40.0,0.0,0.0,0.0,0.0
C2_p9__baldwinian__s14,C2_p9__baldwinian,C2_p9,C2,baldwinian,14,400,train,50,1.48,22,22,70.6874055637346,0.8541666666666666,0.5,286.0,0.0,0.0,344.0,210.0,0.0,0.0,0.0,41.0,0.0,0.0,30.0,36.0,0.0,0.0,0.0,0.0,0.0,0.0,30.0,0.0,0.0,0.0,0.0
C2_p9__baldwinian__s14,C2_p9__baldwinian,C2_p9,C2,baldwinian,14,450,train,50,1.52,15,15,78.0154921612821,0.8125,0.5,463.0,0.0,0.0,338.0,143.0,0.0,0.0,0.0,47.0,0.0,0.0,21.0,29.0,0.0,0.0,0.0,0.0,0.0,0.0,21.0,0.0,0.0,0.0,0.0
C2_p9__baldwinian__s14,C2_p9__baldwinian,C2_p9,C2,baldwinian,14,500,train,46,1.9782608695652173,15,19,122.21352149544248,0.6875,0.5,345.0,0.0,0.0,401.0,133.0,0.0,0.0,0.0,24.0,0.0,0.0,27.0,29.0,0.0,0.0,0.0,0.0,0.0,0.0,27.0,0.0,0.0,0.0,0.0
C2_p9__baldwinian__s14,C2_p9__baldwinian,C2_p9,C2,baldwinian,14,550,train,50,2.24,20,16,122.20408706775652,0.7083333333333334,0.5,377.0,0.0,0.0,258.0,150.0,0.0,0.0,0.0,45.0,0.0,0.0,20.0,30.0,0.0,0.0,0.0,0.0,0.0,0.0,20.0,0.0,0.0,0.0,0.0
C2_p9__baldwinian__s14,C2_p9__baldwinian,C2_p9,C2,baldwinian,14,600,train,50,2.28,22,22,85.87044804436803,0.8333333333333334,0.5,432.0,0.0,0.0,393.0,45.0,0.0,0.0,0.0,42.0,0.0,0.0,32.0,24.0,0.0,0.0,0.0,0.0,0.0,0.0,32.0,0.0,0.0,0.0,0.0
C2_p9__baldwinian__s14,C2_p9__baldwinian,C2_p9,C2,baldwinian,14,650,train,50,2.24,19,19,73.24269085374947,0.8958333333333334,0.5,339.0,0.0,0.0,319.0,111.0,0.0,0.0,0.0,41.0,0.0,0.0,29.0,32.0,0.0,0.0,0.0,0.0,0.0,0.0,29.0,0.0,0.0,0.0,0.0
C2_p9__baldwinian__s14,C2_p9__baldwinian,C2_p9,C2,baldwinian,14,700,train,50,2.46,19,19,67.24245451251232,0.875,0.5,404.0,0.0,0.0,356.0,106.0,0.0,0.0,0.0,45.0,0.0,0.0,28.0,37.0,0.0,0.0,0.0,0.0,0.0,0.0,28.0,0.0,0.0,0.0,0.0
C2_p9__baldwinian__s14,C2_p9__baldwinian,C2_p9,C2,baldwinian,14,750,train,50,2.48,10,10,68.83870914090147,0.875,0.5,401.0,0.0,0.0,363.0,202.0,0.0,0.0,0.0,52.0,0.0,0.0,25.0,28.0,0.0,0.0,0.0,0.0,0.0,0.0,25.0,0.0,0.0,0.0,0.0
C2_p9__baldwinian__s14,C2_p9__baldwinian,C2_p9,C2,baldwinian,14,800,train,50,2.7,26,26,88.39786431536393,0.8125,0.5,340.0,0.0,0.0,463.0,78.0,0.0,0.0,0.0,34.0,0.0,0.0,40.0,28.0,0.0,0.0,0.0,0.0,0.0,0.0,40.0,0.0,0.0,0.0,0.0
C2_p9__baldwinian__s14,C2_p9__baldwinian,C2_p9,C2,baldwinian,14,850,train,50,2.76,19,19,60.702052676652784,0.9166666666666666,0.5,275.0,0.0,0.0,343.0,122.0,0.0,0.0,0.0,48.0,0.0,0.0,24.0,32.0,0.0,0.0,0.0,0.0,0.0,0.0,24.0,0.0,0.0,0.0,0.0
C2_p9__baldwinian__s14,C2_p9__baldwinian,C2_p9,C2,baldwinian,14,900,train,50,3.26,29,29,67.6486254458926,0.875,0.5,212.0,0.0,0.0,582.0,168.0,0.0,0.0,0.0,38.0,0.0,0.0,41.0,35.0,0.0,0.0,0.0,0.0,0.0,0.0,41.0,0.0,0.0,0.0,0.0
C2_p9__baldwinian__s14,C2_p9__baldwinian,C2_p9,C2,baldwinian,14,950,train,50,3.56,25,25,92.87381361913924,0.8125,0.5,269.0,0.0,0.0,481.0,148.0,0.0,0.0,0.0,36.0,0.0,0.0,31.0,27.0,0.0,0.0,0.0,0.0,0.0,0.0,31.0,0.0,0.0,0.0,0.0
C2_p9__baldwinian__s14,C2_p9__baldwinian,C2_p9,C2,baldwinian,14,1000,train,50,3.66,18,18,122.20220398469479,0.7083333333333334,0.5,339.0,0.0,0.0,329.0,212.0,0.0,0.0,0.0,31.0,0.0,0.0,24.0,35.0,0.0,0.0,0.0,0.0,0.0,0.0,24.0,0.0,0.0,0.0,0.0
C2_p9__baldwinian__s14,C2_p9__baldwinian,C2_p9,C2,baldwinian,14,1050,train,50,3.82,18,18,76.02863194127008,0.8541666666666666,0.5,349.0,0.0,0.0,427.0,116.0,0.0,0.0,0.0,53.0,0.0,0.0,21.0,28.0,0.0,0.0,0.0,0.0,0.0,0.0,21.0,0.0,0.0,0.0,0.0
C2_p9__baldwinian__s14,C2_p9__baldwinian,C2_p9,C2,baldwinian,14,1100,train,50,3.96,14,14,64.01759391586421,0.9166666666666666,0.5,327.0,0.0,0.0,501.0,153.0,0.0,0.0,0.0,49.0,0.0,0.0,24.0,32.0,0.0,0.0,0.0,0.0,0.0,0.0,24.0,0.0,0.0,0.0,0.0
C2_p9__baldwinian__s14,C2_p9__baldwinian,C2_p9,C2,baldwinian,14,1150,train,50,3.94,13,13,105.34036454502478,0.7291666666666666,0.5,446.0,0.0,0.0,383.0,116.0,0.0,0.0,0.0,40.0,0.0,0.0,9.0,30.0,0.0,0.0,0.0,0.0,0.0,0.0,9.0,0.0,0.0,0.0,0.0
C2_p9__baldwinian__s14,C2_p9__baldwinian,C2_p9,C2,baldwinian,14,1200,train,50,4.06,19,19,116.01208430142647,0.7916666666666666,0.5,445.0,0.0,0.0,455.0,102.0,0.0,0.0,0.0,52.0,0.0,0.0,31.0,22.0,0.0,0.0,0.0,0.0,0.0,0.0,31.0,0.0,0.0,0.0,0.0
C2_p9__baldwinian__s14,C2_p9__baldwinian,C2_p9,C2,baldwinian,14,1250,train,50,4.24,15,15,51.52687382182627,0.9375,0.5,312.0,0.0,0.0,269.0,119.0,0.0,0.0,0.0,55.0,0.0,0.0,17.0,37.0,0.0,0.0,0.0,0.0,0.0,0.0,17.0,0.0,0.0,0.0,0.0
C2_p9__baldwinian__s14,C2_p9__baldwinian,C2_p9,C2,baldwinian,14,1300,train,50,4.28,18,18,97.512701322644,0.8125,0.5,363.0,0.0,0.0,375.0,202.0,0.0,0.0,0.0,51.0,0.0,0.0,24.0,27.0,0.0,0.0,0.0,0.0,0.0,0.0,24.0,0.0,0.0,0.0,0.0
C2_p9__baldwinian__s14,C2_p9__baldwinian,C2_p9,C2,baldwinian,14,1350,train,50,4.7,18,18,118.12973312929333,0.75,0.5,262.0,0.0,0.0,376.0,187.0,0.0,0.0,0.0,45.0,0.0,0.0,20.0,23.0,0.0,0.0,0.0,0.0,0.0,0.0,20.0,0.0,0.0,0.0,0.0
C2_p9__baldwinian__s14,C2_p9__baldwinian,C2_p9,C2,baldwinian,14,1400,train,50,4.9,26,26,84.2481188850886,0.7708333333333334,0.5,306.0,0.0,0.0,374.0,116.0,0.0,0.0,0.0,34.0,0.0,0.0,35.0,29.0,0.0,0.0,0.0,0.0,0.0,0.0,35.0,0.0,0.0,0.0,0.0
C2_p9__baldwinian__s14,C2_p9__baldwinian,C2_p9,C2,baldwinian,14,1450,train,50,4.84,19,19,48.59301536616572,0.9583333333333334,0.5,443.0,0.0,0.0,303.0,140.0,0.0,0.0,0.0,59.0,0.0,0.0,27.0,25.0,0.0,0.0,0.0,0.0,0.0,0.0,27.0,0.0,0.0,0.0,0.0
C2_p9__baldwinian__s14,C2_p9__baldwinian,C2_p9,C2,baldwinian,14,1500,train,50,4.78,20,20,76.41328556463034,0.8541666666666666,0.5,254.0,0.0,0.0,244.0,148.0,0.0,0.0,0.0,55.0,0.0,0.0,24.0,22.0,0.0,0.0,0.0,0.0,0.0,0.0,24.0,0.0,0.0,0.0,0.0
C2_p9__baldwinian__s14,C2_p9__baldwinian,C2_p9,C2,baldwinian,14,1550,eval,50,5.46,32,32,112.81578811018954,0.7708333333333334,0.5,253.0,0.0,0.0,277.0,39.0,0.0,0.0,41.0,23.0,0.0,0.0,27.0,13.0,0.0,0.0,6.0,0.0,0.0,0.0,27.0,0.0,0.0,0.0,6.0
C2_p9__baldwinian__s14,C2_p9__baldwinian,C2_p9,C2,baldwinian,14,1600,eval,44,5.7727272727272725,24,30,121.0295863265042,0.7708333333333334,0.5,316.0,0.0,0.0,327.0,72.0,0.0,0.0,52.0,39.0,0.0,0.0,28.0,14.0,0.0,0.0,7.0,0.0,0.0,0.0,28.0,0.0,0.0,0.0,7.0
C2_p9__baldwinian__s14,C2_p9__baldwinian,C2_p9,C2,baldwinian,14,1650,eval,46,5.934782608695652,31,29,157.64868029531632,0.6875,0.5,264.0,0.0,0.0,453.0,46.0,0.0,0.0,205.0,21.0,0.0,0.0,39.0,9.0,0.0,0.0,9.0,0.0,0.0,0.0,39.0,0.0,0.0,0.0,9.0
C2_p9__baldwinian__s14,C2_p9__baldwinian,C2_p9,C2,baldwinian,14,1700,eval,50,5.82,21,17,180.6168116988963,0.5833333333333334,0.5,349.0,0.0,0.0,425.0,136.0,0.0,0.0,103.0,32.0,0.0,0.0,26.0,19.0,0.0,0.0,9.0,0.0,0.0,0.0,26.0,0.0,0.0,0.0,9.0
C2_p9__baldwinian__s14,C2_p9__baldwinian,C2_p9,C2,baldwinian,14,1750,eval,50,5.82,14,14,226.49089223651848,0.375,0.5,441.0,0.0,0.0,473.0,204.0,0.0,0.0,226.0,25.0,0.0,0.0,27.0,14.0,0.0,0.0,8.0,0.0,0.0,0.0,27.0,0.0,0.0,0.0,8.0
C2_p9__baldwinian__s14,C2_p9__baldwinian,C2_p9,C2,baldwinian,14,1800,eval,50,6.02,18,18,153.19550187725747,0.625,0.5,466.0,0.0,0.0,427.0,240.0,0.0,0.0,157.0,44.0,0.0,0.0,26.0,9.0,0.0,0.0,12.0,0.0,0.0,0.0,26.0,0.0,0.0,0.0,12.0
C2_p9__baldwinian__s15,C2_p9__baldwinian,C2_p9,C2,baldwinian,15,50,train,50,0.92,40,10,73.58760652287629,0.8541666666666666,0.5,260.0,0.0,0.0,225.0,74.0,0.0,0.0,0.0,61.0,0.0,0.0,42.0,17.0,0.0,0.0,0.0,0.0,0.0,0.0,42.0,0.0,0.0,0.0,0.0
C2_p9__baldwinian__s15,C2_p9__baldwinian,C2_p9,C2,baldwinian,15,100,train,47,0.9787234042553191,21,24,66.31047094322747,0.875,0.5,302.0,0.0,0.0,371.0,62.0,0.0,0.0,0.0,42.0,0.0,0.0,37.0,17.0,0.0,0.0,0.0,0.0,0.0,0.0,37.0,0.0,0.0,0.0,0.0
C2_p9__baldwinian__s15,C2_p9__baldwinian,C2_p9,C2,baldwinian,15,150,train,39,1.0256410256410255,17,25,63.4385840164435,0.8958333333333334,0.5,379.0,0.0,0.0,473.0,78.0,0.0,0.0,0.0,54.0,0.0,0.0,40.0,11.0,0.0,0.0,0.0,0.0,0.0,0.0,40.0,0.0,0.0,0.0,0.0
C2_p9__baldwinian__s15,C2_p9__baldwinian,C2_p9,C2,baldwinian,15,200,train,47,1.446808510638298,23,15,102.10359679864169,0.75,0.5,348.0,0.0,0.0,432.0,55.0,0.0,0.0,0.0,55.0,0.0,0.0,28.0,19.0,0.0,0.0,0.0,0.0,0.0,0.0,28.0,0.0,0.0,0.0,0.0
C2_p9__baldwinian__s15,C2_p9__baldwinian,C2_p9,C2,baldwinian,15,250,train,48,1.6666666666666667,21,20,47.77157051784002,0.9583333333333334,0.5,423.0,0.0,0.0,347.0,57.0,0.0,0.0,0.0,69.0,0.0,0.0,31.0,14.0,0.0,0.0,0.0,0.0,0.0,0.0,31.0,0.0,0.0,0.0,0.0
C2_p9__baldwinian__s15,C2_p9__baldwinian,C2_p9,C2,baldwinian,15,300,train,50,1.86,17,15,102.92658850524911,0.75,0.5,257.0,0.0,0.0,236.0,97.0,0.0,0.0,0.0,41.0,0.0,0.0,21.0,18.0,0.0,0.0,0.0,0.0,0.0,0.0,21.0,0.0,0.0,0.0,0.0
C2_p9__baldwinian__s15,C2_p9__baldwinian,C2_p9,C2,baldwinian,15,350,train,50,2.2,19,19,64.39350871485476,0.875,0.5,441.0,0.0,0.0,475.0,54.0,0.0,0.0,0.0,80.0,0.0,0.0,26.0,9.0,0.0,0.0,0.0,0.0,0.0,0.0,26.0,0.0,0.0,0.0,0.0
C2_p9__baldwinian__s15,C2_p9__baldwinian,C2_p9,C2,baldwinian,15,400,train,47,2.1702127659574466,14,17,60.43106533691575,0.8958333333333334,0.5,290.0,0.0,0.0,330.0,166.0,0.0,0.0,0.0,54.0,0.0,0.0,29.0,19.0,0.0,0.0,0.0,0.0,0.0,0.0,29.0,0.0,0.0,0.0,0.0
C2_p9__baldwinian__s15,C2_p9__baldwinian,C2_p9,C2,baldwinian,15,450,train,47,2.021276595744681,24,24,95.37256037301003,0.7916666666666666,0.5,537.0,0.0,0.0,384.0,132.0,0.0,0.0,0.0,54.0,0.0,0.0,36.0,15.0,0.0,0.0,0.0,0.0,0.0,0.0,36.0,0.0,0.0,0.0,0.0
C2_p9__baldwinian__s15,C2_p9__baldwinian,C2_p9,C2,baldwinian,15,500,train,49,2.122448979591837,25,23,83.62376858629548,0.8125,0.5,410.0,0.0,0.0,551.0,63.0,0.0,0.0,0.0,63.0,0.0,0.0,29.0,18.0,0.0,0.0,0.0,0.0,0.0,0.0,29.0,0.0,0.0,0.0,0.0
C2_p9__baldwinian__s15,C2_p9__baldwinian,C2_p9,C2,baldwinian,15,550,train,50,2.38,25,24,99.84982569960248,0.8333333333333334,0.5,577.0,0.0,0.0,429.0,67.0,0.0,0.0,0.0,58.0,0.0,0.0,24.0,15.0,0.0,0.0,0.0,0.0,0.0,0.0,24.0,0.0,0.0,0.0,0.0
C2_p9__baldwinian__s15,C2_p9__baldwinian,C2_p9,C2,baldwinian,15,600,train,50,2.4,19,19,68.00000904525609,0.8333333333333334,0.5,467.0,0.0,0.0,376.0,68.0,0.0,0.0,0.0,59.0,0.0,0.0,20.0,23.0,0.0,0.0,0.0,0.0,0.0,0.0,20.0,0.0,0.0,0.0,0.0
C2_p9__baldwinian__s15,C2_p9__baldwinian,C2_p9,C2,baldwinian,15,650,train,50,2.62,12,12,93.34995681084973,0.75,0.5,493.0,0.0,0.0,539.0,45.0,0.0,0.0,0.0,52.0,0.0,0.0,33.0,18.0,0.0,0.0,0.0,0.0,0.0,0.0,33.0,0.0,0.0,0.0,0.0
C2_p9__baldwinian__s15,C2_p9__baldwinian,C2_p9,C2,baldwinian,15,700,train,50,2.98,17,17,112.88786315473607,0.7708333333333334,0.5,529.0,0.0,0.0,354.0,108.0,0.0,0.0,0.0,43.0,0.0,0.0,30.0,19.0,0.0,0.0,0.0,0.0,0.0,0.0,30.0,0.0,0.0,0.0,0.0
C2_p9__baldwinian__s15,C2_p9__baldwinian,C2_p9,C2,baldwinian,15,750,train,50,3.18,20,20,90.01484212560429,0.8333333333333334,0.5,349.0,0.0,0.0,441.0,26.0,0.0,0.0,0.0,49.0,0.0,0.0,32.0,14.0,0.0,0.0,0.0,0.0,0.0,0.0,32.0,0.0,0.0,0.0,0.0
C2_p9__baldwinian__s15,C2_p9__baldwinian,C2_p9,C2,baldwinian,15,800,train,50,3.18,20,20,57.234973929379066,0.9791666666666666,0.5,384.0,0.0,0.0,356.0,39.0,0.0,0.0,0.0,64.0,0.0,0.0,25.0,11.0,0.0,0.0,0.0,0.0,0.0,0.0,25.0,0.0,0.0,0.0,0.0
C2_p9__baldwinian__s15,C2_p9__baldwinian,C2_p9,C2,baldwinian,15,850,train,50,3.1,23,23,61.69213312260492,0.8541666666666666,0.5,423.0,0.0,0.0,517.0,114.0,0.0,0.0,0.0,47.0,0.0,0.0,31.0,11.0,0.0,0.0,0.0,0.0,0.0,0.0,31.0,0.0,0.0,0.0,0.0
C2_p9__baldwinian__s15,C2_p9__baldwinian,C2_p9,C2,baldwinian,15,900,train,50,3.14,21,21,68.51290627532005,0.8541666666666666,0.5,421.0,0.0,0.0,295.0,49.0,0.0,0.0,0.0,62.0,0.0,0.0,25.0,12.0,0.0,0.0,0.0,0.0,0.0,0.0,25.0,0.0,0.0,0.0,0.0
C2_p9__baldwinian__s15,C2_p9__baldwinian,C2_p9,C2,baldwinian,15,950,train,50,3.62,18,18,56.27097796827053,0.8958333333333334,0.5,404.0,0.0,0.0,366.0,45.0,0.0,0.0,0.0,78.0,0.0,0.0,32.0,14.0,0.0,0.0,0.0,0.0,0.0,0.0,32.0,0.0,0.0,0.0,0.0
C2_p9__baldwinian__s15,C2_p9__baldwinian,C2_p9,C2,baldwinian,15,1000,train,50,4.04,20,20,102.10542686334503,0.7916666666666666,0.5,255.0,0.0,0.0,297.0,62.0,0.0,0.0,0.0,57.0,0.0,0.0,19.0,11.0,0.0,0.0,0.0,0.0,0.0,0.0,19.0,0.0,0.0,0.0,0.0
C2_p9__baldwinian__s15,C2_p9__baldwinian,C2_p9,C2,baldwinian,15,1050,train,50,4.2,27,27,86.81802440070558,0.8333333333333334,0.5,336.0,0.0,0.0,496.0,56.0,0.0,0.0,0.0,52.0,0.0,0.0,33.0,23.0,0.0,0.0,0.0,0.0,0.0,0.0,33.0,0.0,0.0,0.0,0.0
C2_p9__baldwinian__s15,C2_p9__baldwinian,C2_p9,C2,baldwinian,15,1100,train,50,4.54,22,22,63.24887405058506,0.9166666666666666,0.5,284.0,0.0,0.0,377.0,94.0,0.0,0.0,0.0,55.0,0.0,0.0,34.0,20.0,0.0,0.0,0.0,0.0,0.0,0.0,34.0,0.0,0.0,0.0,0.0
C2_p9__baldwinian__s15,C2_p9__baldwinian,C2_p9,C2,baldwinian,15,1150,train,48,4.875,25,27,64.04801563749254,0.8958333333333334,0.5,308.0,0.0,0.0,335.0,21.0,0.0,0.0,0.0,70.0,0.0,0.0,25.0,9.0,0.0,0.0,0.0,0.0,0.0,0.0,25.0,0.0,0.0,0.0,0.0
C2_p9__baldwinian__s15,C2_p9__baldwinian,C2_p9,C2,baldwinian,15,1200,train,46,4.934782608695652,14,16,113.90018725841314,0.7916666666666666,0.5,368.0,0.0,0.0,219.0,91.0,0.0,0.0,0.0,50.0,0.0,0.0,24.0,24.0,0.0,0.0,0.0,0.0,0.0,0.0,24.0,0.0,0.0,0.0,0.0
C2_p9__baldwinian__s15,C2_p9__baldwinian,C2_p9,C2,baldwinian,15,1250,train,50,4.98,23,19,91.51708468974795,0.75,0.5,517.0,0.0,0.0,487.0,100.0,0.0,0.0,0.0,60.0,0.0,0.0,24.0,26.0,0.0,0.0,0.0,0.0,0.0,0.0,24.0,0.0,0.0,0.0,0.0
C2_p9__baldwinian__s15,C2_p9__baldwinian,C2_p9,C2,baldwinian,15,1300,train,50,5.0,21,21,125.90871675489143,0.6666666666666666,0.5,445.0,0.0,0.0,569.0,77.0,0.0,0.0,0.0,47.0,0.0,0.0,36.0,13.0,0.0,0.0,0.0,0.0,0.0,0.0,36.0,0.0,0.0,0.0,0.0
C2_p9__baldwinian__s15,C2_p9__baldwinian,C2_p9,C2,baldwinian,15,1350,train,50,5.16,18,18,107.5125578975165,0.7291666666666666,0.5,489.0,0.0,0.0,620.0,47.0,0.0,0.0,0.0,48.0,0.0,0.0,31.0,12.0,0.0,0.0,0.0,0.0,0.0,0.0,31.0,0.0,0.0,0.0,0.0
C2_p9__baldwinian__s15,C2_p9__baldwinian,C2_p9,C2,baldwinian,15,1400,train,50,5.38,11,11,58.975738255875626,0.8958333333333334,0.5,465.0,0.0,0.0,348.0,110.0,0.0,0.0,0.0,63.0,0.0,0.0,21.0,21.0,0.0,0.0,0.0,0.0,0.0,0.0,21.0,0.0,0.0,0.0,0.0
C2_p9__baldwinian__s15,C2_p9__baldwinian,C2_p9,C2,baldwinian,15,1450,train,50,5.4,17,17,155.18613577924523,0.5833333333333334,0.5,465.0,0.0,0.0,520.0,45.0,0.0,0.0,0.0,41.0,0.0,0.0,23.0,11.0,0.0,0.0,0.0,0.0,0.0,0.0,23.0,0.0,0.0,0.0,0.0
C2_p9__baldwinian__s15,C2_p9__baldwinian,C2_p9,C2,baldwinian,15,1500,train,50,5.38,15,15,73.23277431583679,0.8541666666666666,0.5,408.0,0.0,0.0,738.0,49.0,0.0,0.0,0.0,55.0,0.0,0.0,35.0,19.0,0.0,0.0,0.0,0.0,0.0,0.0,35.0,0.0,0.0,0.0,0.0
C2_p9__baldwinian__s15,C2_p9__baldwinian,C2_p9,C2,baldwinian,15,1550,eval,50,5.6,22,22,124.66139197319303,0.75,0.5,407.0,0.0,0.0,425.0,12.0,0.0,0.0,26.0,53.0,0.0,0.0,23.0,3.0,0.0,0.0,7.0,0.0,0.0,0.0,23.0,0.0,0.0,0.0,7.0
C2_p9__baldwinian__s15,C2_p9__baldwinian,C2_p9,C2,baldwinian,15,1600,eval,50,5.84,19,19,126.90308806968892,0.6666666666666666,0.5,448.0,0.0,0.0,481.0,35.0,0.0,0.0,82.0,45.0,0.0,0.0,34.0,4.0,0.0,0.0,5.0,0.0,0.0,0.0,34.0,0.0,0.0,0.0,5.0
C2_p9__baldwinian__s15,C2_p9__baldwinian,C2_p9,C2,baldwinian,15,1650,eval,50,6.16,16,16,146.96969810890658,0.625,0.5,491.0,0.0,0.0,630.0,29.0,0.0,0.0,54.0,49.0,0.0,0.0,25.0,8.0,0.0,0.0,5.0,0.0,0.0,0.0,25.0,0.0,0.0,0.0,5.0
C2_p9__baldwinian__s15,C2_p9__baldwinian,C2_p9,C2,baldwinian,15,1700,eval,50,6.38,15,15,197.69964240649412,0.4583333333333333,0.5,692.0,0.0,0.0,560.0,2.0,0.0,0.0,32.0,32.0,0.0,0.0,28.0,1.0,0.0,0.0,0.0,0.0,0.0,0.0,28.0,0.0,0.0,0.0,0.0
C2_p9__baldwinian__s15,C2_p9__baldwinian,C2_p9,C2,baldwinian,15,1750,eval,50,6.38,16,16,208.5050172280404,0.3958333333333333,0.5,715.0,0.0,0.0,808.0,30.0,0.0,0.0,101.0,38.0,0.0,0.0,31.0,7.0,0.0,0.0,10.0,0.0,0.0,0.0,31.0,0.0,0.0,0.0,10.0
C2_p9__baldwinian__s15,C2_p9__baldwinian,C2_p9,C2,baldwinian,15,1800,eval,50,6.62,13,13,269.3691388937231,0.3333333333333333,0.5,642.0,0.0,0.0,635.0,44.0,0.0,0.0,17.0,20.0,0.0,0.0,30.0,1.0,0.0,0.0,1.0,0.0,0.0,0.0,30.0,0.0,0.0,0.0,1.0
C2_p9__baldwinian__s16,C2_p9__baldwinian,C2_p9,C2,baldwinian,16,50,train,50,0.88,38,8,105.26137306370873,0.7708333333333334,0.5,272.0,0.0,0.0,270.0,71.0,0.0,0.0,0.0,39.0,0.0,0.0,44.0,20.0,0.0,0.0,0.0,0.0,0.0,0.0,44.0,0.0,0.0,0.0,0.0
C2_p9__baldwinian__s16,C2_p9__baldwinian,C2_p9,C2,baldwinian,16,100,train,44,1.0,20,26,96.22241300280331,0.7916666666666666,0.5,287.0,0.0,0.0,487.0,74.0,0.0,0.0,0.0,37.0,0.0,0.0,50.0,21.0,0.0,0.0,0.0,0.0,0.0,0.0,50.0,0.0,0.0,0.0,0.0
C2_p9__baldwinian__s16,C2_p9__baldwinian,C2_p9,C2,baldwinian,16,150,train,43,1.2093023255813953,20,21,102.73307063363958,0.8333333333333334,0.5,320.0,0.0,0.0,335.0,91.0,0.0,0.0,0.0,53.0,0.0,0.0,28.0,11.0,0.0,0.0,0.0,0.0,0.0,0.0,28.0,0.0,0.0,0.0,0.0
C2_p9__baldwinian__s16,C2_p9__baldwinian,C2_p9,C2,baldwinian,16,200,train,48,1.3958333333333333,20,15,71.34938605529453,0.9166666666666666,0.5,401.0,0.0,0.0,380.0,47.0,0.0,0.0,0.0,73.0,0.0,0.0,30.0,17.0,0.0,0.0,0.0,0.0,0.0,0.0,30.0,0.0,0.0,0.0,0.0
C2_p9__baldwinian__s16,C2_p9__baldwinian,C2_p9,C2,baldwinian,16,250,train,43,1.3255813953488371,15,20,99.30592389298876,0.7916666666666666,0.5,426.0,0.0,0.0,294.0,133.0,0.0,0.0,0.0,36.0,0.0,0.0,30.0,20.0,0.0,0.0,0.0,0.0,0.0,0.0,30.0,0.0,0.0,0.0,0.0
C2_p9__baldwinian__s16,C2_p9__baldwinian,C2_p9,C2,baldwinian,16,300,train,50,1.4,32,25,121.8372108159927,0.6875,0.5,348.0,0.0,0.0,467.0,188.0,0.0,0.0,0.0,42.0,0.0,0.0,32.0,17.0,0.0,0.0,0.0,0.0,0.0,0.0,32.0,0.0,0.0,0.0,0.0
C2_p9__baldwinian__s16,C2_p9__baldwinian,C2_p9,C2,baldwinian,16,350,train,50,1.52,19,19,67.93337486132076,0.8958333333333334,0.5,373.0,0.0,0.0,397.0,107.0,0.0,0.0,0.0,52.0,0.0,0.0,32.0,17.0,0.0,0.0,0.0,0.0,0.0,0.0,32.0,0.0,0.0,0.0,0.0
C2_p9__baldwinian__s16,C2_p9__baldwinian,C2_p9,C2,baldwinian,16,400,train,46,1.673913043478261,22,26,84.09842731153657,0.8958333333333334,0.5,293.0,0.0,0.0,327.0,51.0,0.0,0.0,0.0,56.0,0.0,0.0,27.0,18.0,0.0,0.0,0.0,0.0,0.0,0.0,27.0,0.0,0.0,0.0,0.0
C2_p9__baldwinian__s16,C2_p9__baldwinian,C2_p9,C2,baldwinian,16,450,train,45,1.5333333333333334,19,20,104.79432161671141,0.75,0.5,243.0,0.0,0.0,416.0,115.0,0.0,0.0,0.0,39.0,0.0,0.0,33.0,21.0,0.0,0.0,0.0,0.0,0.0,0.0,33.0,0.0,0.0,0.0,0.0
C2_p9__baldwinian__s16,C2_p9__baldwinian,C2_p9,C2,baldwinian,16,500,train,50,1.66,24,19,57.55389247200145,0.9375,0.5,456.0,0.0,0.0,364.0,86.0,0.0,0.0,0.0,65.0,0.0,0.0,26.0,18.0,0.0,0.0,0.0,0.0,0.0,0.0,26.0,0.0,0.0,0.0,0.0
C2_p9__baldwinian__s16,C2_p9__baldwinian,C2_p9,C2,baldwinian,16,550,train,39,2.0256410256410255,17,28,157.40760914697603,0.6666666666666666,0.5,195.0,0.0,0.0,381.0,76.0,0.0,0.0,0.0,28.0,0.0,0.0,35.0,20.0,0.0,0.0,0.0,0.0,0.0,0.0,35.0,0.0,0.0,0.0,0.0
C2_p9__baldwinian__s16,C2_p9__baldwinian,C2_p9,C2,baldwinian,16,600,train,50,2.46,28,17,111.30396911167429,0.75,0.5,472.0,0.0,0.0,347.0,144.0,0.0,0.0,0.0,48.0,0.0,0.0,32.0,16.0,0.0,0.0,0.0,0.0,0.0,0.0,32.0,0.0,0.0,0.0,0.0
C2_p9__baldwinian__s16,C2_p9__baldwinian,C2_p9,C2,baldwinian,16,650,train,50,2.46,17,17,69.4529070161353,0.875,0.5,399.0,0.0,0.0,380.0,79.0,0.0,0.0,0.0,65.0,0.0,0.0,28.0,17.0,0.0,0.0,0.0,0.0,0.0,0.0,28.0,0.0,0.0,0.0,0.0
C2_p9__baldwinian__s16,C2_p9__baldwinian,C2_p9,C2,baldwinian,16,700,train,50,2.42,15,15,95.36266877793545,0.8125,0.5,458.0,0.0,0.0,461.0,48.0,0.0,0.0,0.0,51.0,0.0,0.0,32.0,15.0,0.0,0.0,0.0,0.0,0.0,0.0,32.0,0.0,0.0,0.0,0.0
C2_p9__baldwinian__s16,C2_p9__baldwinian,C2_p9,C2,baldwinian,16,750,train,50,2.42,23,23,55.131628560824915,0.9166666666666666,0.5,329.0,0.0,0.0,402.0,144.0,0.0,0.0,0.0,62.0,0.0,0.0,26.0,22.0,0.0,0.0,0.0,0.0,0.0,0.0,26.0,0.0,0.0,0.0,0.0
C2_p9__baldwinian__s16,C2_p9__baldwinian,C2_p9,C2,baldwinian,16,800,train,50,2.8,33,33,102.8549698824281,0.7291666666666666,0.5,223.0,0.0,0.0,416.0,118.0,0.0,0.0,0.0,32.0,0.0,0.0,44.0,12.0,0.0,0.0,0.0,0.0,0.0,0.0,44.0,0.0,0.0,0.0,0.0
C2_p9__baldwinian__s16,C2_p9__baldwinian,C2_p9,C2,baldwinian,16,850,train,50,2.84,10,10,91.65494680477813,0.7708333333333334,0.5,363.0,0.0,0.0,379.0,70.0,0.0,0.0,0.0,63.0,0.0,0.0,26.0,12.0,0.0,0.0,0.0,0.0,0.0,0.0,26.0,0.0,0.0,0.0,0.0
C2_p9__baldwinian__s16,C2_p9__baldwinian,C2_p9,C2,baldwinian,16,900,train,50,2.88,19,19,88.26040783500048,0.75,0.5,275.0,0.0,0.0,271.0,106.0,0.0,0.0,0.0,55.0,0.0,0.0,19.0,20.0,0.0,0.0,0.0,0.0,0.0,0.0,19.0,0.0,0.0,0.0,0.0
C2_p9__baldwinian__s16,C2_p9__baldwinian,C2_p9,C2,baldwinian,16,950,train,50,3.16,25,25,105.87733935620999,0.7291666666666666,0.5,358.0,0.0,0.0,473.0,180.0,0.0,0.0,0.0,46.0,0.0,0.0,30.0,20.0,0.0,0.0,0.0,0.0,0.0,0.0,30.0,0.0,0.0,0.0,0.0
C2_p9__baldwinian__s16,C2_p9__baldwinian,C2_p9,C2,baldwinian,16,1000,train,50,3.48,25,25,104.16071302302947,0.8125,0.5,271.0,0.0,0.0,333.0,97.0,0.0,0.0,0.0,43.0,0.0,0.0,32.0,16.0,0.0,0.0,0.0,0.0,0.0,0.0,32.0,0.0,0.0,0.0,0.0
C2_p9__baldwinian__s16,C2_p9__baldwinian,C2_p9,C2,baldwinian,16,1050,train,48,3.6875,23,25,84.81520409414313,0.8958333333333334,0.5,395.0,0.0,0.0,320.0,90.0,0.0,0.0,0.0,61.0,0.0,0.0,32.0,15.0,0.0,0.0,0.0,0.0,0.0,0.0,32.0,0.0,0.0,0.0,0.0
C2_p9__baldwinian__s16,C2_p9__baldwinian,C2_p9,C2,baldwinian,16,1100,train,50,3.98,17,15,88.22791583326477,0.7916666666666666,0.5,384.0,0.0,0.0,330.0,169.0,0.0,0.0,0.0,54.0,0.0,0.0,26.0,21.0,0.0,0.0,0.0,0.0,0.0,0.0,26.0,0.0,0.0,0.0,0.0
C2_p9__baldwinian__s16,C2_p9__baldwinian,C2_p9,C2,baldwinian,16,1150,train,50,4.08,19,19,110.67705674513635,0.75,0.5,306.0,0.0,0.0,403.0,150.0,0.0,0.0,0.0,41.0,0.0,0.0,34.0,16.0,0.0,0.0,0.0,0.0,0.0,0.0,34.0,0.0,0.0,0.0,0.0
C2_p9__baldwinian__s16,C2_p9__baldwinian,C2_p9,C2,baldwinian,16,1200,train,50,4.18,21,21,86.8916088631648,0.8125,0.5,333.0,0.0,0.0,420.0,171.0,0.0,0.0,0.0,44.0,0.0,0.0,34.0,22.0,0.0,0.0,0.0,0.0,0.0,0.0,34.0,0.0,0.0,0.0,0.0
C2_p9__baldwinian__s16,C2_p9__baldwinian,C2_p9,C2,baldwinian,16,1250,train,50,4.36,16,16,70.34686993778698,0.875,0.5,470.0,0.0,0.0,379.0,53.0,0.0,0.0,0.0,68.0,0.0,0.0,18.0,16.0,0.0,0.0,0.0,0.0,0.0,0.0,18.0,0.0,0.0,0.0,0.0
C2_p9__baldwinian__s16,C2_p9__baldwinian,C2_p9,C2,baldwinian,16,1300,train,50,4.64,27,27,108.28130487798198,0.8125,0.5,293.0,0.0,0.0,348.0,97.0,0.0,0.0,0.0,44.0,0.0,0.0,35.0,24.0,0.0,0.0,0.0,0.0,0.0,0.0,35.0,0.0,0.0,0.0,0.0
C2_p9__baldwinian__s16,C2_p9__baldwinian,C2_p9,C2,baldwinian,16,1350,train,50,4.84,14,14,87.94108226583582,0.8333333333333334,0.5,389.0,0.0,0.0,406.0,68.0,0.0,0.0,0.0,66.0,0.0,0.0,19.0,19.0,0.0,0.0,0.0,0.0,0.0,0.0,19.0,0.0,0.0,0.0,0.0
C2_p9__baldwinian__s16,C2_p9__baldwinian,C2_p9,C2,baldwinian,16,1400,train,50,4.9,19,19,138.85578992311298,0.6875,0.5,376.0,0.0,0.0,358.0,53.0,0.0,0.0,0.0,57.0,0.0,0.0,26.0,10.0,0.0,0.0,0.0,0.0,0.0,0.0,26.0,0.0,0.0,0.0,0.0
C2_p9__baldwinian__s16,C2_p9__baldwinian,C2_p9,C2,baldwinian,16,1450,train,50,5.08,15,15,111.4301872427239,0.7083333333333334,0.5,476.0,0.0,0.0,295.0,140.0,0.0,0.0,0.0,59.0,0.0,0.0,21.0,21.0,0.0,0.0,0.0,0.0,0.0,0.0,21.0,0.0,0.0,0.0,0.0
C2_p9__baldwinian__s16,C2_p9__baldwinian,C2_p9,C2,baldwinian,16,1500,train,50,5.0,20,20,109.51234905255373,0.7291666666666666,0.5,449.0,0.0,0.0,503.0,66.0,0.0,0.0,0.0,53.0,0.0,0.0,35.0,13.0,0.0,0.0,0.0,0.0,0.0,0.0,35.0,0.0,0.0,0.0,0.0
C2_p9__baldwinian__s16,C2_p9__baldwinian,C2_p9,C2,baldwinian,16,1550,eval,50,5.06,18,18,180.38219635135587,0.4791666666666667,0.5,542.0,0.0,0.0,562.0,91.0,0.0,0.0,59.0,33.0,0.0,0.0,15.0,8.0,0.0,0.0,4.0,0.0,0.0,0.0,15.0,0.0,0.0,0.0,4.0
C2_p9__baldwinian__s16,C2_p9__baldwinian,C2_p9,C2,baldwinian,16,1600,eval,50,5.16,18,18,148.12776370968425,0.625,0.5,487.0,0.0,0.0,659.0,49.0,0.0,0.0,16.0,49.0,0.0,0.0,32.0,13.0,0.0,0.0,5.0,0.0,0.0,0.0,32.0,0.0,0.0,0.0,5.0
C2_p9__baldwinian__s16,C2_p9__baldwinian,C2_p9,C2,baldwinian,16,1650,eval,50,5.1,16,16,172.22758486575577,0.5625,0.5,772.0,0.0,0.0,517.0,17.0,0.0,0.0,89.0,46.0,0.0,0.0,28.0,1.0,0.0,0.0,2.0,0.0,0.0,0.0,28.0,0.0,0.0,0.0,2.0
C2_p9__baldwinian__s16,C2_p9__baldwinian,C2_p9,C2,baldwinian,16,1700,eval,50,5.32,21,21,168.9276741587667,0.6041666666666666,0.5,644.0,0.0,0.0,553.0,81.0,0.0,0.0,72.0,35.0,0.0,0.0,30.0,11.0,0.0,0.0,16.0,0.0,0.0,0.0,30.0,0.0,0.0,0.0,16.0
C2_p9__baldwinian__s16,C2_p9__baldwinian,C2_p9,C2,baldwinian,16,1750,eval,50,5.44,9,9,210.51892363231434,0.3958333333333333,0.5,550.0,0.0,0.0,543.0,62.0,0.0,0.0,18.0,40.0,0.0,0.0,24.0,2.0,0.0,0.0,1.0,0.0,0.0,0.0,24.0,0.0,0.0,0.0,1.0
C2_p9__baldwinian__s16,C2_p9__baldwinian,C2_p9,C2,baldwinian,16,1800,eval,50,5.52,15,15,169.68040325571553,0.5416666666666666,0.5,645.0,0.0,0.0,527.0,45.0,0.0,0.0,33.0,38.0,0.0,0.0,27.0,2.0,0.0,0.0,3.0,0.0,0.0,0.0,27.0,0.0,0.0,0.0,3.0
C2_p9__baldwinian__s17,C2_p9__baldwinian,C2_p9,C2,baldwinian,17,50,train,50,0.7,38,8,89.09638103687794,0.8333333333333334,0.5,324.0,0.0,0.0,263.0,159.0,0.0,0.0,0.0,40.0,0.0,0.0,38.0,31.0,0.0,0.0,0.0,0.0,0.0,0.0,38.0,0.0,0.0,0.0,0.0
C2_p9__baldwinian__s17,C2_p9__baldwinian,C2_p9,C2,baldwinian,17,100,train,50,0.94,18,18,78.64877089742176,0.8541666666666666,0.5,302.0,0.0,0.0,278.0,171.0,0.0,0.0,0.0,42.0,0.0,0.0,32.0,23.0,0.0,0.0,0.0,0.0,0.0,0.0,32.0,0.0,0.0,0.0,0.0
C2_p9__baldwinian__s17,C2_p9__baldwinian,C2_p9,C2,baldwinian,17,150,train,50,1.2,22,22,108.03820910139996,0.7916666666666666,0.5,307.0,0.0,0.0,246.0,88.0,0.0,0.0,0.0,49.0,0.0,0.0,28.0,22.0,0.0,0.0,0.0,0.0,0.0,0.0,28.0,0.0,0.0,0.0,0.0
C2_p9__baldwinian__s17,C2_p9__baldwinian,C2_p9,C2,baldwinian,17,200,train,50,1.4,21,21,70.175099832699,0.8541666666666666,0.5,294.0,0.0,0.0,285.0,83.0,0.0,0.0,0.0,47.0,0.0,0.0,26.0,31.0,0.0,0.0,0.0,0.0,0.0,0.0,26.0,0.0,0.0,0.0,0.0
C2_p9__baldwinian__s17,C2_p9__baldwinian,C2_p9,C2,baldwinian,17,250,train,50,1.8,15,15,87.17025257800547,0.8333333333333334,0.5,395.0,0.0,0.0,233.0,99.0,0.0,0.0,0.0,59.0,0.0,0.0,11.0,28.0,0.0,0.0,0.0,0.0,0.0,0.0,11.0,0.0,0.0,0.0,0.0
C2_p9__baldwinian__s17,C2_p9__baldwinian,C2_p9,C2,baldwinian,17,300,train,50,1.84,24,24,82.94879239158792,0.8541666666666666,0.5,343.0,0.0,0.0,280.0,96.0,0.0,0.0,0.0,35.0,0.0,0.0,32.0,23.0,0.0,0.0,0.0,0.0,0.0,0.0,32.0,0.0,0.0,0.0,0.0
C2_p9__baldwinian__s17,C2_p9__baldwinian,C2_p9,C2,baldwinian,17,350,train,50,2.0,13,13,99.13526746173521,0.7916666666666666,0.5,419.0,0.0,0.0,436.0,118.0,0.0,0.0,0.0,45.0,0.0,0.0,29.0,27.0,0.0,0.0,0.0,0.0,0.0,0.0,29.0,0.0,0.0,0.0,0.0
C2_p9__baldwinian__s17,C2_p9__baldwinian,C2_p9,C2,baldwinian,17,400,train,50,2.18,20,20,63.29201755666023,0.8958333333333334,0.5,323.0,0.0,0.0,310.0,187.0,0.0,0.0,0.0,53.0,0.0,0.0,21.0,26.0,0.0,0.0,0.0,0.0,0.0,0.0,21.0,0.0,0.0,0.0,0.0
C2_p9__baldwinian__s17,C2_p9__baldwinian,C2_p9,C2,baldwinian,17,450,train,50,2.46,14,14,92.68761787639805,0.8333333333333334,0.5,379.0,0.0,0.0,439.0,192.0,0.0,0.0,0.0,48.0,0.0,0.0,28.0,32.0,0.0,0.0,0.0,0.0,0.0,0.0,28.0,0.0,0.0,0.0,0.0
C2_p9__baldwinian__s17,C2_p9__baldwinian,C2_p9,C2,baldwinian,17,500,train,50,2.82,26,26,101.40992834169887,0.8125,0.5,392.0,0.0,0.0,370.0,123.0,0.0,0.0,0.0,51.0,0.0,0.0,31.0,25.0,0.0,0.0,0.0,0.0,0.0,0.0,31.0,0.0,0.0,0.0,0.0
C2_p9__baldwinian__s17,C2_p9__baldwinian,C2_p9,C2,baldwinian,17,550,train,50,3.38,22,22,67.67650978613312,0.8958333333333334,0.5,327.0,0.0,0.0,366.0,125.0,0.0,0.0,0.0,52.0,0.0,0.0,31.0,29.0,0.0,0.0,0.0,0.0,0.0,0.0,31.0,0.0,0.0,0.0,0.0
C2_p9__baldwinian__s17,C2_p9__baldwinian,C2_p9,C2,baldwinian,17,600,train,50,3.6,11,11,87.24368189384444,0.8125,0.5,418.0,0.0,0.0,305.0,148.0,0.0,0.0,0.0,48.0,0.0,0.0,14.0,33.0,0.0,0.0,0.0,0.0,0.0,0.0,14.0,0.0,0.0,0.0,0.0
C2_p9__baldwinian__s17,C2_p9__baldwinian,C2_p9,C2,baldwinian,17,650,train,50,3.88,22,22,71.51979293088343,0.8333333333333334,0.5,277.0,0.0,0.0,403.0,132.0,0.0,0.0,0.0,45.0,0.0,0.0,27.0,25.0,0.0,0.0,0.0,0.0,0.0,0.0,27.0,0.0,0.0,0.0,0.0
C2_p9__baldwinian__s17,C2_p9__baldwinian,C2_p9,C2,baldwinian,17,700,train,50,4.1,16,16,88.89987188134761,0.8541666666666666,0.5,321.0,0.0,0.0,245.0,130.0,0.0,0.0,0.0,45.0,0.0,0.0,24.0,36.0,0.0,0.0,0.0,0.0,0.0,0.0,24.0,0.0,0.0,0.0,0.0
C2_p9__baldwinian__s17,C2_p9__baldwinian,C2_p9,C2,baldwinian,17,750,train,50,4.38,23,23,94.64899792677062,0.8541666666666666,0.5,305.0,0.0,0.0,307.0,169.0,0.0,0.0,0.0,51.0,0.0,0.0,33.0,30.0,0.0,0.0,0.0,0.0,0.0,0.0,33.0,0.0,0.0,0.0,0.0
C2_p9__baldwinian__s17,C2_p9__baldwinian,C2_p9,C2,baldwinian,17,800,train,47,4.361702127659575,21,24,97.05749517458446,0.7916666666666666,0.5,207.0,0.0,0.0,339.0,172.0,0.0,0.0,0.0,43.0,0.0,0.0,39.0,25.0,0.0,0.0,0.0,0.0,0.0,0.0,39.0,0.0,0.0,0.0,0.0
C2_p9__baldwinian__s17,C2_p9__baldwinian,C2_p9,C2,baldwinian,17,850,train,45,4.5777777777777775,24,26,69.25469847568311,0.8958333333333334,0.5,284.0,0.0,0.0,334.0,137.0,0.0,0.0,0.0,48.0,0.0,0.0,34.0,31.0,0.0,0.0,0.0,0.0,0.0,0.0,34.0,0.0,0.0,0.0,0.0
C2_p9__baldwinian__s17,C2_p9__baldwinian,C2_p9,C2,baldwinian,17,900,train,46,4.586956521739131,20,19,79.15437722696532,0.8125,0.5,272.0,0.0,0.0,445.0,108.0,0.0,0.0,0.0,47.0,0.0,0.0,30.0,32.0,0.0,0.0,0.0,0.0,0.0,0.0,30.0,0.0,0.0,0.0,0.0
C2_p9__baldwinian__s17,C2_p9__baldwinian,C2_p9,C2,baldwinian,17,950,train,44,4.590909090909091,22,24,136.3262146148207,0.7083333333333334,0.5,314.0,0.0,0.0,374.0,153.0,0.0,0.0,0.0,39.0,0.0,0.0,29.0,27.0,0.0,0.0,0.0,0.0,0.0,0.0,29.0,0.0,0.0,0.0,0.0
C2_p9__baldwinian__s17,C2_p9__baldwinian,C2_p9,C2,baldwinian,17,1000,train,50,4.74,22,16,79.37615743776686,0.8125,0.5,330.0,0.0,0.0,341.0,124.0,0.0,0.0,0.0,52.0,0.0,0.0,28.0,26.0,0.0,0.0,0.0,0.0,0.0,0.0,28.0,0.0,0.0,0.0,0.0
C2_p9__baldwinian__s17,C2_p9__baldwinian,C2_p9,C2,baldwinian,17,1050,train,44,4.863636363636363,22,28,90.200832316765,0.875,0.5,322.0,0.0,0.0,365.0,90.0,0.0,0.0,0.0,49.0,0.0,0.0,38.0,22.0,0.0,0.0,0.0,0.0,0.0,0.0,38.0,0.0,0.0,0.0,0.0
C2_p9__baldwinian__s17,C2_p9__baldwinian,C2_p9,C2,baldwinian,17,1100,train,50,5.26,26,20,156.43357196177038,0.6041666666666666,0.5,306.0,0.0,0.0,332.0,140.0,0.0,0.0,0.0,24.0,0.0,0.0,26.0,26.0,0.0,0.0,0.0,0.0,0.0,0.0,26.0,0.0,0.0,0.0,0.0
C2_p9__baldwinian__s17,C2_p9__baldwinian,C2_p9,C2,baldwinian,17,1150,train,47,5.468085106382978,24,27,66.45021457294882,0.8958333333333334,0.5,432.0,0.0,0.0,360.0,109.0,0.0,0.0,0.0,42.0,0.0,0.0,40.0,39.0,0.0,0.0,0.0,0.0,0.0,0.0,40.0,0.0,0.0,0.0,0.0
C2_p9__baldwinian__s17,C2_p9__baldwinian,C2_p9,C2,baldwinian,17,1200,train,50,5.46,13,10,99.48601331768471,0.8125,0.5,273.0,0.0,0.0,420.0,83.0,0.0,0.0,0.0,46.0,0.0,0.0,19.0,21.0,0.0,0.0,0.0,0.0,0.0,0.0,19.0,0.0,0.0,0.0,0.0
C2_p9__baldwinian__s17,C2_p9__baldwinian,C2_p9,C2,baldwinian,17,1250,train,50,5.24,23,23,60.718353466878455,0.9375,0.5,372.0,0.0,0.0,322.0,175.0,0.0,0.0,0.0,54.0,0.0,0.0,27.0,31.0,0.0,0.0,0.0,0.0,0.0,0.0,27.0,0.0,0.0,0.0,0.0
C2_p9__baldwinian__s17,C2_p9__baldwinian,C2_p9,C2,baldwinian,17,1300,train,50,5.44,24,24,80.99503888622617,0.8333333333333334,0.5,391.0,0.0,0.0,382.0,86.0,0.0,0.0,0.0,46.0,0.0,0.0,32.0,20.0,0.0,0.0,0.0,0.0,0.0,0.0,32.0,0.0,0.0,0.0,0.0
C2_p9__baldwinian__s17,C2_p9__baldwinian,C2_p9,C2,baldwinian,17,1350,train,50,5.68,19,19,71.52612035216461,0.875,0.5,404.0,0.0,0.0,211.0,111.0,0.0,0.0,0.0,57.0,0.0,0.0,16.0,28.0,0.0,0.0,0.0,0.0,0.0,0.0,16.0,0.0,0.0,0.0,0.0
C2_p9__baldwinian__s17,C2_p9__baldwinian,C2_p9,C2,baldwinian,17,1400,train,49,5.73469387755102,17,18,84.62981294349308,0.8541666666666666,0.5,374.0,0.0,0.0,342.0,109.0,0.0,0.0,0.0,56.0,0.0,0.0,26.0,26.0,0.0,0.0,0.0,0.0,0.0,0.0,26.0,0.0,0.0,0.0,0.0
C2_p9__baldwinian__s17,C2_p9__baldwinian,C2_p9,C2,baldwinian,17,1450,train,43,5.790697674418604,18,24,72.67685123224592,0.8958333333333334,0.5,268.0,0.0,0.0,222.0,152.0,0.0,0.0,0.0,54.0,0.0,0.0,27.0,28.0,0.0,0.0,0.0,0.0,0.0,0.0,27.0,0.0,0.0,0.0,0.0
C2_p9__baldwinian__s17,C2_p9__baldwinian,C2_p9,C2,baldwinian,17,1500,train,46,6.130434782608695,22,19,103.50193426979598,0.8125,0.5,248.0,0.0,0.0,229.0,137.0,0.0,0.0,0.0,39.0,0.0,0.0,22.0,34.0,0.0,0.0,0.0,0.0,0.0,0.0,22.0,0.0,0.0,0.0,0.0
C2_p9__baldwinian__s17,C2_p9__baldwinian,C2_p9,C2,baldwinian,17,1550,eval,41,6.512195121951219,23,28,96.05378371451283,0.8541666666666666,0.5,291.0,0.0,0.0,437.0,35.0,0.0,0.0,31.0,49.0,0.0,0.0,33.0,10.0,0.0,0.0,8.0,0.0,0.0,0.0,33.0,0.0,0.0,0.0,8.0
C2_p9__baldwinian__s17,C2_p9__baldwinian,C2_p9,C2,baldwinian,17,1600,eval,50,7.12,26,17,171.63511021788923,0.6458333333333334,0.5,385.0,0.0,0.0,275.0,87.0,0.0,0.0,68.0,46.0,0.0,0.0,21.0,18.0,0.0,0.0,5.0,0.0,0.0,0.0,21.0,0.0,0.0,0.0,5.0
C2_p9__baldwinian__s17,C2_p9__baldwinian,C2_p9,C2,baldwinian,17,1650,eval,48,7.208333333333333,20,22,135.1421556981117,0.7083333333333334,0.5,438.0,0.0,0.0,349.0,37.0,0.0,0.0,79.0,49.0,0.0,0.0,26.0,16.0,0.0,0.0,8.0,0.0,0.0,0.0,26.0,0.0,0.0,0.0,8.0
C2_p9__baldwinian__s17,C2_p9__baldwinian,C2_p9,C2,baldwinian,17,1700,eval,50,7.5,18,16,186.5202286909796,0.5833333333333334,0.5,567.0,0.0,0.0,255.0,95.0,0.0,0.0,46.0,44.0,0.0,0.0,24.0,10.0,0.0,0.0,2.0,0.0,0.0,0.0,24.0,0.0,0.0,0.0,2.0
C2_p9__baldwinian__s17,C2_p9__baldwinian,C2_p9,C2,baldwinian,17,1750,eval,50,7.76,16,16,152.6622310155303,0.6666666666666666,0.5,463.0,0.0,0.0,360.0,69.0,0.0,0.0,61.0,37.0,0.0,0.0,18.0,19.0,0.0,0.0,11.0,0.0,0.0,0.0,18.0,0.0,0.0,0.0,11.0
C2_p9__baldwinian__s17,C2_p9__baldwinian,C2_p9,C2,baldwinian,17,1800,eval,50,7.82,10,10,226.2480747844402,0.4583333333333333,0.5,591.0,0.0,0.0,501.0,97.0,0.0,0.0,79.0,37.0,0.0,0.0,18.0,8.0,0.0,0.0,2.0,0.0,0.0,0.0,18.0,0.0,0.0,0.0,2.0
C2_p9__baldwinian__s18,C2_p9__baldwinian,C2_p9,C2,baldwinian,18,50,train,50,0.74,40,10,46.599385715087024,0.8958333333333334,0.5,290.0,0.0,0.0,127.0,107.0,0.0,0.0,0.0,67.0,0.0,0.0,32.0,26.0,0.0,0.0,0.0,0.0,0.0,0.0,32.0,0.0,0.0,0.0,0.0
C2_p9__baldwinian__s18,C2_p9__baldwinian,C2_p9,C2,baldwinian,18,100,train,46,0.782608695652174,14,18,91.47186267515056,0.8125,0.5,244.0,0.0,0.0,344.0,117.0,0.0,0.0,0.0,43.0,0.0,0.0,26.0,21.0,0.0,0.0,0.0,0.0,0.0,0.0,26.0,0.0,0.0,0.0,0.0
C2_p9__baldwinian__s18,C2_p9__baldwinian,C2_p9,C2,baldwinian,18,150,train,38,0.8421052631578947,16,24,75.80385565529858,0.8125,0.5,187.0,0.0,0.0,316.0,116.0,0.0,0.0,0.0,37.0,0.0,0.0,38.0,27.0,0.0,0.0,0.0,0.0,0.0,0.0,38.0,0.0,0.0,0.0,0.0
C2_p9__baldwinian__s18,C2_p9__baldwinian,C2_p9,C2,baldwinian,18,200,train,41,0.926829268292683,19,16,142.54091468510165,0.6458333333333334,0.5,375.0,0.0,0.0,285.0,186.0,0.0,0.0,0.0,44.0,0.0,0.0,26.0,23.0,0.0,0.0,0.0,0.0,0.0,0.0,26.0,0.0,0.0,0.0,0.0
C2_p9__baldwinian__s18,C2_p9__baldwinian,C2_p9,C2,baldwinian,18,250,train,49,1.1428571428571428,26,18,82.35131580327402,0.8541666666666666,0.5,401.0,0.0,0.0,290.0,138.0,0.0,0.0,0.0,57.0,0.0,0.0,27.0,28.0,0.0,0.0,0.0,0.0,0.0,0.0,27.0,0.0,0.0,0.0,0.0
C2_p9__baldwinian__s18,C2_p9__baldwinian,C2_p9,C2,baldwinian,18,300,train,37,1.1891891891891893,10,22,76.69799562034717,0.8958333333333334,0.5,363.0,0.0,0.0,223.0,73.0,0.0,0.0,0.0,57.0,0.0,0.0,27.0,20.0,0.0,0.0,0.0,0.0,0.0,0.0,27.0,0.0,0.0,0.0,0.0
C2_p9__baldwinian__s18,C2_p9__baldwinian,C2_p9,C2,baldwinian,18,350,train,39,1.2307692307692308,17,15,85.89239902365925,0.7916666666666666,0.5,280.0,0.0,0.0,432.0,35.0,0.0,0.0,0.0,63.0,0.0,0.0,28.0,13.0,0.0,0.0,0.0,0.0,0.0,0.0,28.0,0.0,0.0,0.0,0.0
C2_p9__baldwinian__s18,C2_p9__baldwinian,C2_p9,C2,baldwinian,18,400,train,50,1.28,25,14,99.93998312586348,0.7916666666666666,0.5,312.0,0.0,0.0,435.0,105.0,0.0,0.0,0.0,52.0,0.0,0.0,23.0,26.0,0.0,0.0,0.0,0.0,0.0,0.0,23.0,0.0,0.0,0.0,0.0
C2_p9__baldwinian__s18,C2_p9__baldwinian,C2_p9,C2,baldwinian,18,450,train,50,1.52,26,26,78.6109405339017,0.8125,0.5,245.0,0.0,0.0,368.0,127.0,0.0,0.0,0.0,46.0,0.0,0.0,24.0,24.0,0.0,0.0,0.0,0.0,0.0,0.0,24.0,0.0,0.0,0.0,0.0
C2_p9__baldwinian__s18,C2_p9__baldwinian,C2_p9,C2,baldwinian,18,500,train,47,1.7659574468085106,18,21,91.85592306904724,0.8541666666666666,0.5,325.0,0.0,0.0,344.0,92.0,0.0,0.0,0.0,41.0,0.0,0.0,27.0,23.0,0.0,0.0,0.0,0.0,0.0,0.0,27.0,0.0,0.0,0.0,0.0
C2_p9__baldwinian__s18,C2_p9__baldwinian,C2_p9,C2,baldwinian,18,550,train,50,2.04,24,21,91.14741796758955,0.8333333333333334,0.5,377.0,0.0,0.0,328.0,125.0,0.0,0.0,0.0,58.0,0.0,0.0,27.0,25.0,0.0,0.0,0.0,0.0,0.0,0.0,27.0,0.0,0.0,0.0,0.0
C2_p9__baldwinian__s18,C2_p9__baldwinian,C2_p9,C2,baldwinian,18,600,train,50,2.36,16,16,82.5308151708461,0.8333333333333334,0.5,294.0,0.0,0.0,404.0,134.0,0.0,0.0,0.0,34.0,0.0,0.0,29.0,25.0,0.0,0.0,0.0,0.0,0.0,0.0,29.0,0.0,0.0,0.0,0.0
C2_p9__baldwinian__s18,C2_p9__baldwinian,C2_p9,C2,baldwinian,18,650,train,50,2.54,16,16,89.59168109864692,0.7916666666666666,0.5,350.0,0.0,0.0,388.0,95.0,0.0,0.0,0.0,42.0,0.0,0.0,29.0,21.0,0.0,0.0,0.0,0.0,0.0,0.0,29.0,0.0,0.0,0.0,0.0
C2_p9__baldwinian__s18,C2_p9__baldwinian,C2_p9,C2,baldwinian,18,700,train,50,2.46,17,17,68.38398269753596,0.9375,0.5,499.0,0.0,0.0,495.0,59.0,0.0,0.0,0.0,51.0,0.0,0.0,29.0,25.0,0.0,0.0,0.0,0.0,0.0,0.0,29.0,0.0,0.0,0.0,0.0
C2_p9__baldwinian__s18,C2_p9__baldwinian,C2_p9,C2,baldwinian,18,750,train,50,2.8,26,26,89.00570612177455,0.875,0.5,343.0,0.0,0.0,446.0,124.0,0.0,0.0,0.0,35.0,0.0,0.0,40.0,24.0,0.0,0.0,0.0,0.0,0.0,0.0,40.0,0.0,0.0,0.0,0.0
C2_p9__baldwinian__s18,C2_p9__baldwinian,C2_p9,C2,baldwinian,18,800,train,50,2.96,29,29,76.86380237157022,0.8125,0.5,254.0,0.0,0.0,429.0,126.0,0.0,0.0,0.0,34.0,0.0,0.0,40.0,25.0,0.0,0.0,0.0,0.0,0.0,0.0,40.0,0.0,0.0,0.0,0.0
C2_p9__baldwinian__s18,C2_p9__baldwinian,C2_p9,C2,baldwinian,18,850,train,50,2.82,10,10,136.2452862892262,0.625,0.5,588.0,0.0,0.0,430.0,117.0,0.0,0.0,0.0,40.0,0.0,0.0,19.0,18.0,0.0,0.0,0.0,0.0,0.0,0.0,19.0,0.0,0.0,0.0,0.0
C2_p9__baldwinian__s18,C2_p9__baldwinian,C2_p9,C2,baldwinian,18,900,train,50,2.72,14,14,121.11948226493656,0.625,0.5,427.0,0.0,0.0,653.0,175.0,0.0,0.0,0.0,46.0,0.0,0.0,30.0,24.0,0.0,0.0,0.0,0.0,0.0,0.0,30.0,0.0,0.0,0.0,0.0
C2_p9__baldwinian__s18,C2_p9__baldwinian,C2_p9,C2,baldwinian,18,950,train,50,3.0,19,19,105.20109888085483,0.7291666666666666,0.5,487.0,0.0,0.0,477.0,83.0,0.0,0.0,0.0,53.0,0.0,0.0,34.0,21.0,0.0,0.0,0.0,0.0,0.0,0.0,34.0,0.0,0.0,0.0,0.0
C2_p9__baldwinian__s18,C2_p9__baldwinian,C2_p9,C2,baldwinian,18,1000,train,50,3.26,20,20,52.27025825306957,0.9166666666666666,0.5,391.0,0.0,0.0,473.0,50.0,0.0,0.0,0.0,53.0,0.0,0.0,33.0,25.0,0.0,0.0,0.0,0.0,0.0,0.0,33.0,0.0,0.0,0.0,0.0
C2_p9__baldwinian__s18,C2_p9__baldwinian,C2_p9,C2,baldwinian,18,1050,train,50,3.72,23,23,80.3448386651136,0.9166666666666666,0.5,297.0,0.0,0.0,357.0,79.0,0.0,0.0,0.0,45.0,0.0,0.0,28.0,26.0,0.0,0.0,0.0,0.0,0.0,0.0,28.0,0.0,0.0,0.0,0.0
C2_p9__baldwinian__s18,C2_p9__baldwinian,C2_p9,C2,baldwinian,18,1100,train,50,4.0,25,25,122.38445649873414,0.7083333333333334,0.5,315.0,0.0,0.0,402.0,53.0,0.0,0.0,0.0,37.0,0.0,0.0,36.0,15.0,0.0,0.0,0.0,0.0,0.0,0.0,36.0,0.0,0.0,0.0,0.0
C2_p9__baldwinian__s18,C2_p9__baldwinian,C2_p9,C2,baldwinian,18,1150,train,50,4.02,17,17,59.92868257477921,0.875,0.5,253.0,0.0,0.0,311.0,138.0,0.0,0.0,0.0,63.0,0.0,0.0,28.0,22.0,0.0,0.0,0.0,0.0,0.0,0.0,28.0,0.0,0.0,0.0,0.0
C2_p9__baldwinian__s18,C2_p9__baldwinian,C2_p9,C2,baldwinian,18,1200,train,50,3.98,12,12,76.03137861202086,0.8333333333333334,0.5,378.0,0.0,0.0,320.0,142.0,0.0,0.0,0.0,64.0,0.0,0.0,18.0,28.0,0.0,0.0,0.0,0.0,0.0,0.0,18.0,0.0,0.0,0.0,0.0
C2_p9__baldwinian__s18,C2_p9__baldwinian,C2_p9,C2,baldwinian,18,1250,train,50,4.04,29,29,73.07164359617147,0.8958333333333334,0.5,217.0,0.0,0.0,391.0,55.0,0.0,0.0,0.0,54.0,0.0,0.0,34.0,19.0,0.0,0.0,0.0,0.0,0.0,0.0,34.0,0.0,0.0,0.0,0.0
C2_p9__baldwinian__s18,C2_p9__baldwinian,C2_p9,C2,baldwinian,18,1300,train,50,4.42,29,29,103.45925930028513,0.7708333333333334,0.5,234.0,0.0,0.0,350.0,81.0,0.0,0.0,0.0,37.0,0.0,0.0,29.0,30.0,0.0,0.0,0.0,0.0,0.0,0.0,29.0,0.0,0.0,0.0,0.0
C2_p9__baldwinian__s18,C2_p9__baldwinian,C2_p9,C2,baldwinian,18,1350,train,50,4.76,17,17,86.3354653739517,0.8541666666666666,0.5,346.0,0.0,0.0,334.0,64.0,0.0,0.0,0.0,49.0,0.0,0.0,29.0,20.0,0.0,0.0,0.0,0.0,0.0,0.0,29.0,0.0,0.0,0.0,0.0
C2_p9__baldwinian__s18,C2_p9__baldwinian,C2_p9,C2,baldwinian,18,1400,train,50,4.82,17,17,87.4257096086417,0.8333333333333334,0.5,320.0,0.0,0.0,327.0,84.0,0.0,0.0,0.0,58.0,0.0,0.0,22.0,19.0,0.0,0.0,0.0,0.0,0.0,0.0,22.0,0.0,0.0,0.0,0.0
C2_p9__baldwinian__s18,C2_p9__baldwinian,C2_p9,C2,baldwinian,18,1450,train,50,5.24,21,21,105.19139969397459,0.7708333333333334,0.5,443.0,0.0,0.0,282.0,80.0,0.0,0.0,0.0,44.0,0.0,0.0,29.0,23.0,0.0,0.0,0.0,0.0,0.0,0.0,29.0,0.0,0.0,0.0,0.0
C2_p9__baldwinian__s18,C2_p9__baldwinian,C2_p9,C2,baldwinian,18,1500,train,50,5.38,19,19,120.17967931561672,0.6875,0.5,424.0,0.0,0.0,532.0,126.0,0.0,0.0,0.0,47.0,0.0,0.0,29.0,28.0,0.0,0.0,0.0,0.0,0.0,0.0,29.0,0.0,0.0,0.0,0.0
C2_p9__baldwinian__s18,C2_p9__baldwinian,C2_p9,C2,baldwinian,18,1550,eval,50,5.1,28,28,154.2187778468874,0.7083333333333334,0.5,726.0,0.0,0.0,498.0,98.0,0.0,0.0,42.0,56.0,0.0,0.0,36.0,5.0,0.0,0.0,6.0,0.0,0.0,0.0,36.0,0.0,0.0,0.0,6.0
C2_p9__baldwinian__s18,C2_p9__baldwinian,C2_p9,C2,baldwinian,18,1600,eval,50,5.12,11,11,123.88898591533855,0.6666666666666666,0.5,676.0,0.0,0.0,454.0,55.0,0.0,0.0,71.0,52.0,0.0,0.0,26.0,7.0,0.0,0.0,5.0,0.0,0.0,0.0,26.0,0.0,0.0,0.0,5.0
C2_p9__baldwinian__s18,C2_p9__baldwinian,C2_p9,C2,baldwinian,18,1650,eval,50,5.16,15,15,133.08589540033387,0.6875,0.5,503.0,0.0,0.0,716.0,129.0,0.0,0.0,95.0,28.0,0.0,0.0,27.0,10.0,0.0,0.0,9.0,0.0,0.0,0.0,27.0,0.0,0.0,0.0,9.0
C2_p9__baldwinian__s18,C2_p9__baldwinian,C2_p9,C2,baldwinian,18,1700,eval,50,5.1,18,18,110.49952863247182,0.7708333333333334,0.5,509.0,0.0,0.0,565.0,165.0,0.0,0.0,69.0,52.0,0.0,0.0,29.0,12.0,0.0,0.0,5.0,0.0,0.0,0.0,29.0,0.0,0.0,0.0,5.0
C2_p9__baldwinian__s18,C2_p9__baldwinian,C2_p9,C2,baldwinian,18,1750,eval,50,5.3,16,16,186.36440351678468,0.5,0.5,622.0,0.0,0.0,643.0,82.0,0.0,0.0,113.0,41.0,0.0,0.0,34.0,3.0,0.0,0.0,6.0,0.0,0.0,0.0,34.0,0.0,0.0,0.0,6.0
C2_p9__baldwinian__s18,C2_p9__baldwinian,C2_p9,C2,baldwinian,18,1800,eval,50,5.64,14,14,158.80947455344676,0.6041666666666666,0.5,536.0,0.0,0.0,596.0,85.0,0.0,0.0,119.0,38.0,0.0,0.0,28.0,11.0,0.0,0.0,6.0,0.0,0.0,0.0,28.0,0.0,0.0,0.0,6.0
C2_p9__baldwinian__s19,C2_p9__baldwinian,C2_p9,C2,baldwinian,19,50,train,46,0.8695652173913043,38,12,125.712709501572,0.7083333333333334,0.5,113.0,0.0,0.0,220.0,122.0,0.0,0.0,0.0,44.0,0.0,0.0,39.0,18.0,0.0,0.0,0.0,0.0,0.0,0.0,39.0,0.0,0.0,0.0,0.0
C2_p9__baldwinian__s19,C2_p9__baldwinian,C2_p9,C2,baldwinian,19,100,train,39,0.9743589743589743,11,18,95.20654216002058,0.8541666666666666,0.5,246.0,0.0,0.0,387.0,108.0,0.0,0.0,0.0,35.0,0.0,0.0,43.0,21.0,0.0,0.0,0.0,0.0,0.0,0.0,43.0,0.0,0.0,0.0,0.0
C2_p9__baldwinian__s19,C2_p9__baldwinian,C2_p9,C2,baldwinian,19,150,train,47,1.5106382978723405,27,19,99.40759396325663,0.7708333333333334,0.5,405.0,0.0,0.0,308.0,158.0,0.0,0.0,0.0,44.0,0.0,0.0,30.0,26.0,0.0,0.0,0.0,0.0,0.0,0.0,30.0,0.0,0.0,0.0,0.0
C2_p9__baldwinian__s19,C2_p9__baldwinian,C2_p9,C2,baldwinian,19,200,train,50,1.62,16,13,86.3645608402814,0.8333333333333334,0.5,289.0,0.0,0.0,312.0,98.0,0.0,0.0,0.0,49.0,0.0,0.0,24.0,27.0,0.0,0.0,0.0,0.0,0.0,0.0,24.0,0.0,0.0,0.0,0.0
C2_p9__baldwinian__s19,C2_p9__baldwinian,C2_p9,C2,baldwinian,19,250,train,50,1.52,23,23,71.04892248504115,0.875,0.5,352.0,0.0,0.0,544.0,74.0,0.0,0.0,0.0,52.0,0.0,0.0,32.0,21.0,0.0,0.0,0.0,0.0,0.0,0.0,32.0,0.0,0.0,0.0,0.0
C2_p9__baldwinian__s19,C2_p9__baldwinian,C2_p9,C2,baldwinian,19,300,train,50,1.66,15,15,101.02798442800577,0.75,0.5,252.0,0.0,0.0,364.0,61.0,0.0,0.0,0.0,44.0,0.0,0.0,21.0,16.0,0.0,0.0,0.0,0.0,0.0,0.0,21.0,0.0,0.0,0.0,0.0
C2_p9__baldwinian__s19,C2_p9__baldwinian,C2_p9,C2,baldwinian,19,350,train,50,1.7,18,18,82.02468134213201,0.8125,0.5,325.0,0.0,0.0,440.0,117.0,0.0,0.0,0.0,48.0,0.0,0.0,33.0,27.0,0.0,0.0,0.0,0.0,0.0,0.0,33.0,0.0,0.0,0.0,0.0
C2_p9__baldwinian__s19,C2_p9__baldwinian,C2_p9,C2,baldwinian,19,400,train,50,1.78,19,19,114.05687404121497,0.7291666666666666,0.5,511.0,0.0,0.0,535.0,118.0,0.0,0.0,0.0,43.0,0.0,0.0,35.0,18.0,0.0,0.0,0.0,0.0,0.0,0.0,35.0,0.0,0.0,0.0,0.0
C2_p9__baldwinian__s19,C2_p9__baldwinian,C2_p9,C2,baldwinian,19,450,train,50,1.8,17,17,69.186198519389,0.875,0.5,351.0,0.0,0.0,392.0,94.0,0.0,0.0,0.0,58.0,0.0,0.0,22.0,29.0,0.0,0.0,0.0,0.0,0.0,0.0,22.0,0.0,0.0,0.0,0.0
C2_p9__baldwinian__s19,C2_p9__baldwinian,C2_p9,C2,baldwinian,19,500,train,50,1.92,18,18,72.51923106831988,0.875,0.5,453.0,0.0,0.0,570.0,101.0,0.0,0.0,0.0,47.0,0.0,0.0,27.0,30.0,0.0,0.0,0.0,0.0,0.0,0.0,27.0,0.0,0.0,0.0,0.0
C2_p9__baldwinian__s19,C2_p9__baldwinian,C2_p9,C2,baldwinian,19,550,train,50,2.14,26,26,66.71260532314221,0.9166666666666666,0.5,507.0,0.0,0.0,361.0,87.0,0.0,0.0,0.0,52.0,0.0,0.0,32.0,30.0,0.0,0.0,0.0,0.0,0.0,0.0,32.0,0.0,0.0,0.0,0.0
C2_p9__baldwinian__s19,C2_p9__baldwinian,C2_p9,C2,baldwinian,19,600,train,50,2.2,22,22,63.17051385949486,0.875,0.5,348.0,0.0,0.0,328.0,63.0,0.0,0.0,0.0,58.0,0.0,0.0,33.0,19.0,0.0,0.0,0.0,0.0,0.0,0.0,33.0,0.0,0.0,0.0,0.0
C2_p9__baldwinian__s19,C2_p9__baldwinian,C2_p9,C2,baldwinian,19,650,train,50,2.38,25,25,89.84061410838326,0.8541666666666666,0.5,438.0,0.0,0.0,409.0,122.0,0.0,0.0,0.0,40.0,0.0,0.0,31.0,26.0,0.0,0.0,0.0,0.0,0.0,0.0,31.0,0.0,0.0,0.0,0.0
C2_p9__baldwinian__s19,C2_p9__baldwinian,C2_p9,C2,baldwinian,19,700,train,50,2.82,20,20,77.10384045042136,0.8541666666666666,0.5,279.0,0.0,0.0,347.0,114.0,0.0,0.0,0.0,56.0,0.0,0.0,27.0,34.0,0.0,0.0,0.0,0.0,0.0,0.0,27.0,0.0,0.0,0.0,0.0
C2_p9__baldwinian__s19,C2_p9__baldwinian,C2_p9,C2,baldwinian,19,750,train,50,3.0,18,18,110.24207189670048,0.7083333333333334,0.5,361.0,0.0,0.0,353.0,98.0,0.0,0.0,0.0,49.0,0.0,0.0,29.0,14.0,0.0,0.0,0.0,0.0,0.0,0.0,29.0,0.0,0.0,0.0,0.0
C2_p9__baldwinian__s19,C2_p9__baldwinian,C2_p9,C2,baldwinian,19,800,train,50,3.02,24,24,110.95702691425056,0.7708333333333334,0.5,280.0,0.0,0.0,393.0,150.0,0.0,0.0,0.0,41.0,0.0,0.0,30.0,23.0,0.0,0.0,0.0,0.0,0.0,0.0,30.0,0.0,0.0,0.0,0.0
C2_p9__baldwinian__s19,C2_p9__baldwinian,C2_p9,C2,baldwinian,19,850,train,50,3.4,26,26,80.034573913423,0.8541666666666666,0.5,318.0,0.0,0.0,501.0,165.0,0.0,0.0,0.0,45.0,0.0,0.0,32.0,26.0,0.0,0.0,0.0,0.0,0.0,0.0,32.0,0.0,0.0,0.0,0.0
C2_p9__baldwinian__s19,C2_p9__baldwinian,C2_p9,C2,baldwinian,19,900,train,50,3.34,17,17,111.76956011504095,0.7291666666666666,0.5,418.0,0.0,0.0,465.0,154.0,0.0,0.0,0.0,43.0,0.0,0.0,24.0,20.0,0.0,0.0,0.0,0.0,0.0,0.0,24.0,0.0,0.0,0.0,0.0
C2_p9__baldwinian__s19,C2_p9__baldwinian,C2_p9,C2,baldwinian,19,950,train,50,3.36,19,19,74.50062453806471,0.8125,0.5,436.0,0.0,0.0,444.0,58.0,0.0,0.0,0.0,53.0,0.0,0.0,27.0,25.0,0.0,0.0,0.0,0.0,0.0,0.0,27.0,0.0,0.0,0.0,0.0
C2_p9__baldwinian__s19,C2_p9__baldwinian,C2_p9,C2,baldwinian,19,1000,train,50,3.52,20,20,93.72759516440564,0.8541666666666666,0.5,190.0,0.0,0.0,352.0,154.0,0.0,0.0,0.0,54.0,0.0,0.0,23.0,24.0,0.0,0.0,0.0,0.0,0.0,0.0,23.0,0.0,0.0,0.0,0.0
C2_p9__baldwinian__s19,C2_p9__baldwinian,C2_p9,C2,baldwinian,19,1050,train,50,3.64,21,21,45.713117438578664,0.9375,0.5,382.0,0.0,0.0,337.0,164.0,0.0,0.0,0.0,47.0,0.0,0.0,37.0,23.0,0.0,0.0,0.0,0.0,0.0,0.0,37.0,0.0,0.0,0.0,0.0
C2_p9__baldwinian__s19,C2_p9__baldwinian,C2_p9,C2,baldwinian,19,1100,train,45,3.7333333333333334,21,26,94.93044599672689,0.8333333333333334,0.5,389.0,0.0,0.0,426.0,74.0,0.0,0.0,0.0,43.0,0.0,0.0,28.0,18.0,0.0,0.0,0.0,0.0,0.0,0.0,28.0,0.0,0.0,0.0,0.0
C2_p9__baldwinian__s19,C2_p9__baldwinian,C2_p9,C2,baldwinian,19,1150,train,41,4.0,25,29,53.505690014783305,0.9375,0.5,380.0,0.0,0.0,389.0,151.0,0.0,0.0,0.0,68.0,0.0,0.0,32.0,26.0,0.0,0.0,0.0,0.0,0.0,0.0,32.0,0.0,0.0,0.0,0.0
C2_p9__baldwinian__s19,C2_p9__baldwinian,C2_p9,C2,baldwinian,19,1200,train,44,4.2272727272727275,21,18,87.75264036940759,0.8958333333333334,0.5,262.0,0.0,0.0,317.0,52.0,0.0,0.0,0.0,47.0,0.0,0.0,30.0,16.0,0.0,0.0,0.0,0.0,0.0,0.0,30.0,0.0,0.0,0.0,0.0
C2_p9__baldwinian__s19,C2_p9__baldwinian,C2_p9,C2,baldwinian,19,1250,train,49,4.673469387755102,21,16,68.58626574682393,0.875,0.5,278.0,0.0,0.0,283.0,137.0,0.0,0.0,0.0,45.0,0.0,0.0,20.0,28.0,0.0,0.0,0.0,0.0,0.0,0.0,20.0,0.0,0.0,0.0,0.0
C2_p9__baldwinian__s19,C2_p9__baldwinian,C2_p9,C2,baldwinian,19,1300,train,41,4.975609756097561,13,21,121.77840674485432,0.7291666666666666,0.5,227.0,0.0,0.0,307.0,82.0,0.0,0.0,0.0,47.0,0.0,0.0,28.0,14.0,0.0,0.0,0.0,0.0,0.0,0.0,28.0,0.0,0.0,0.0,0.0
C2_p9__baldwinian__s19,C2_p9__baldwinian,C2_p9,C2,baldwinian,19,1350,train,49,5.163265306122449,24,16,54.55688382404682,0.9166666666666666,0.5,309.0,0.0,0.0,303.0,243.0,0.0,0.0,0.0,68.0,0.0,0.0,28.0,28.0,0.0,0.0,0.0,0.0,0.0,0.0,28.0,0.0,0.0,0.0,0.0
C2_p9__baldwinian__s19,C2_p9__baldwinian,C2_p9,C2,baldwinian,19,1400,train,36,5.305555555555555,9,22,128.7033307529251,0.7708333333333334,0.5,191.0,0.0,0.0,170.0,192.0,0.0,0.0,0.0,35.0,0.0,0.0,25.0,24.0,0.0,0.0,0.0,0.0,0.0,0.0,25.0,0.0,0.0,0.0,0.0
C2_p9__baldwinian__s19,C2_p9__baldwinian,C2_p9,C2,baldwinian,19,1450,train,41,5.512195121951219,22,17,110.27701225512492,0.7916666666666666,0.5,251.0,0.0,0.0,261.0,198.0,0.0,0.0,0.0,49.0,0.0,0.0,26.0,27.0,0.0,0.0,0.0,0.0,0.0,0.0,26.0,0.0,0.0,0.0,0.0
C2_p9__baldwinian__s19,C2_p9__baldwinian,C2_p9,C2,baldwinian,19,1500,train,40,5.725,16,17,109.6602598715057,0.7708333333333334,0.5,256.0,0.0,0.0,381.0,121.0,0.0,0.0,0.0,49.0,0.0,0.0,30.0,17.0,0.0,0.0,0.0,0.0,0.0,0.0,30.0,0.0,0.0,0.0,0.0
C2_p9__baldwinian__s19,C2_p9__baldwinian,C2_p9,C2,baldwinian,19,1550,eval,39,5.794871794871795,21,22,82.72904947773745,0.8333333333333334,0.5,424.0,0.0,0.0,291.0,81.0,0.0,0.0,61.0,58.0,0.0,0.0,19.0,12.0,0.0,0.0,6.0,0.0,0.0,0.0,19.0,0.0,0.0,0.0,6.0
C2_p9__baldwinian__s19,C2_p9__baldwinian,C2_p9,C2,baldwinian,19,1600,eval,40,6.15,22,21,179.23291570921117,0.625,0.5,376.0,0.0,0.0,315.0,95.0,0.0,0.0,161.0,41.0,0.0,0.0,28.0,12.0,0.0,0.0,15.0,0.0,0.0,0.0,28.0,0.0,0.0,0.0,15.0
C2_p9__baldwinian__s19,C2_p9__baldwinian,C2_p9,C2,baldwinian,19,1650,eval,50,6.42,30,20,166.08526379578075,0.6041666666666666,0.5,395.0,0.0,0.0,586.0,76.0,0.0,0.0,41.0,40.0,0.0,0.0,40.0,6.0,0.0,0.0,4.0,0.0,0.0,0.0,40.0,0.0,0.0,0.0,4.0
C2_p9__baldwinian__s19,C2_p9__baldwinian,C2_p9,C2,baldwinian,19,1700,eval,50,6.46,11,11,162.8107934291646,0.5625,0.5,408.0,0.0,0.0,448.0,46.0,0.0,0.0,22.0,50.0,0.0,0.0,29.0,12.0,0.0,0.0,2.0,0.0,0.0,0.0,29.0,0.0,0.0,0.0,2.0
C2_p9__baldwinian__s19,C2_p9__baldwinian,C2_p9,C2,baldwinian,19,1750,eval,50,6.5,24,24,186.990008928647,0.5208333333333334,0.5,494.0,0.0,0.0,496.0,86.0,0.0,0.0,76.0,34.0,0.0,0.0,29.0,14.0,0.0,0.0,11.0,0.0,0.0,0.0,29.0,0.0,0.0,0.0,11.0
C2_p9__baldwinian__s19,C2_p9__baldwinian,C2_p9,C2,baldwinian,19,1800,eval,50,6.4,17,17,135.87185930705448,0.7291666666666666,0.5,598.0,0.0,0.0,381.0,76.0,0.0,0.0,64.0,67.0,0.0,0.0,20.0,13.0,0.0,0.0,9.0,0.0,0.0,0.0,20.0,0.0,0.0,0.0,9.0
C2_p9__baldwinian__s20,C2_p9__baldwinian,C2_p9,C2,baldwinian,20,50,train,50,0.9,38,8,83.61730326604018,0.8125,0.5,228.0,0.0,0.0,221.0,128.0,0.0,0.0,0.0,52.0,0.0,0.0,28.0,22.0,0.0,0.0,0.0,0.0,0.0,0.0,28.0,0.0,0.0,0.0,0.0
C2_p9__baldwinian__s20,C2_p9__baldwinian,C2_p9,C2,baldwinian,20,100,train,47,1.1914893617021276,20,23,55.472677647239294,0.9166666666666666,0.5,246.0,0.0,0.0,325.0,132.0,0.0,0.0,0.0,40.0,0.0,0.0,41.0,25.0,0.0,0.0,0.0,0.0,0.0,0.0,41.0,0.0,0.0,0.0,0.0
C2_p9__baldwinian__s20,C2_p9__baldwinian,C2_p9,C2,baldwinian,20,150,train,42,1.2619047619047619,16,21,91.08527336705023,0.7916666666666666,0.5,268.0,0.0,0.0,322.0,105.0,0.0,0.0,0.0,37.0,0.0,0.0,34.0,25.0,0.0,0.0,0.0,0.0,0.0,0.0,34.0,0.0,0.0,0.0,0.0
C2_p9__baldwinian__s20,C2_p9__baldwinian,C2_p9,C2,baldwinian,20,200,train,36,1.5555555555555556,17,23,89.8205770170038,0.8333333333333334,0.5,398.0,0.0,0.0,264.0,156.0,0.0,0.0,0.0,49.0,0.0,0.0,32.0,30.0,0.0,0.0,0.0,0.0,0.0,0.0,32.0,0.0,0.0,0.0,0.0
C2_p9__baldwinian__s20,C2_p9__baldwinian,C2_p9,C2,baldwinian,20,250,train,42,1.4285714285714286,20,14,125.34925697825402,0.6875,0.5,283.0,0.0,0.0,348.0,85.0,0.0,0.0,0.0,40.0,0.0,0.0,33.0,21.0,0.0,0.0,0.0,0.0,0.0,0.0,33.0,0.0,0.0,0.0,0.0
C2_p9__baldwinian__s20,C2_p9__baldwinian,C2_p9,C2,baldwinian,20,300,train,49,1.6122448979591837,29,22,109.68489240801495,0.7916666666666666,0.5,324.0,0.0,0.0,408.0,103.0,0.0,0.0,0.0,48.0,0.0,0.0,31.0,26.0,0.0,0.0,0.0,0.0,0.0,0.0,31.0,0.0,0.0,0.0,0.0
C2_p9__baldwinian__s20,C2_p9__baldwinian,C2_p9,C2,baldwinian,20,350,train,50,1.68,20,19,70.13282487820628,0.8333333333333334,0.5,284.0,0.0,0.0,498.0,231.0,0.0,0.0,0.0,40.0,0.0,0.0,31.0,29.0,0.0,0.0,0.0,0.0,0.0,0.0,31.0,0.0,0.0,0.0,0.0
C2_p9__baldwinian__s20,C2_p9__baldwinian,C2_p9,C2,baldwinian,20,400,train,50,1.68,17,17,58.01340245121086,0.9375,0.5,320.0,0.0,0.0,398.0,119.0,0.0,0.0,0.0,44.0,0.0,0.0,30.0,31.0,0.0,0.0,0.0,0.0,0.0,0.0,30.0,0.0,0.0,0.0,0.0
C2_p9__baldwinian__s20,C2_p9__baldwinian,C2_p9,C2,baldwinian,20,450,train,50,1.52,22,22,64.48774752305086,0.9166666666666666,0.5,408.0,0.0,0.0,280.0,157.0,0.0,0.0,0.0,55.0,0.0,0.0,26.0,25.0,0.0,0.0,0.0,0.0,0.0,0.0,26.0,0.0,0.0,0.0,0.0
C2_p9__baldwinian__s20,C2_p9__baldwinian,C2_p9,C2,baldwinian,20,500,train,46,1.8043478260869565,18,22,73.86804696593981,0.875,0.5,314.0,0.0,0.0,325.0,188.0,0.0,0.0,0.0,44.0,0.0,0.0,25.0,32.0,0.0,0.0,0.0,0.0,0.0,0.0,25.0,0.0,0.0,0.0,0.0
C2_p9__baldwinian__s20,C2_p9__baldwinian,C2_p9,C2,baldwinian,20,550,train,33,2.0,16,29,118.92598850497144,0.7708333333333334,0.5,257.0,0.0,0.0,283.0,63.0,0.0,0.0,0.0,43.0,0.0,0.0,27.0,25.0,0.0,0.0,0.0,0.0,0.0,0.0,27.0,0.0,0.0,0.0,0.0
C2_p9__baldwinian__s20,C2_p9__baldwinian,C2_p9,C2,baldwinian,20,600,train,47,2.5531914893617023,31,17,164.93832200694823,0.5625,0.5,253.0,0.0,0.0,378.0,115.0,0.0,0.0,0.0,32.0,0.0,0.0,30.0,28.0,0.0,0.0,0.0,0.0,0.0,0.0,30.0,0.0,0.0,0.0,0.0
C2_p9__baldwinian__s20,C2_p9__baldwinian,C2_p9,C2,baldwinian,20,650,train,49,2.836734693877551,20,18,118.12364871053995,0.7708333333333334,0.5,316.0,0.0,0.0,333.0,125.0,0.0,0.0,0.0,42.0,0.0,0.0,40.0,20.0,0.0,0.0,0.0,0.0,0.0,0.0,40.0,0.0,0.0,0.0,0.0
C2_p9__baldwinian__s20,C2_p9__baldwinian,C2_p9,C2,baldwinian,20,700,train,44,2.977272727272727,16,21,127.43682798116775,0.75,0.5,306.0,0.0,0.0,288.0,194.0,0.0,0.0,0.0,36.0,0.0,0.0,21.0,29.0,0.0,0.0,0.0,0.0,0.0,0.0,21.0,0.0,0.0,0.0,0.0
C2_p9__baldwinian__s20,C2_p9__baldwinian,C2_p9,C2,baldwinian,20,750,train,39,3.0,19,24,111.9635847352028,0.7291666666666666,0.5,311.0,0.0,0.0,289.0,81.0,0.0,0.0,0.0,45.0,0.0,0.0,32.0,19.0,0.0,0.0,0.0,0.0,0.0,0.0,32.0,0.0,0.0,0.0,0.0
C2_p9__baldwinian__s20,C2_p9__baldwinian,C2_p9,C2,baldwinian,20,800,train,49,3.4081632653061225,30,20,93.25336316613279,0.8125,0.5,354.0,0.0,0.0,420.0,108.0,0.0,0.0,0.0,40.0,0.0,0.0,32.0,25.0,0.0,0.0,0.0,0.0,0.0,0.0,32.0,0.0,0.0,0.0,0.0
C2_p9__baldwinian__s20,C2_p9__baldwinian,C2_p9,C2,baldwinian,20,850,train,50,3.7,22,21,72.89460043346708,0.875,0.5,330.0,0.0,0.0,485.0,141.0,0.0,0.0,0.0,46.0,0.0,0.0,41.0,25.0,0.0,0.0,0.0,0.0,0.0,0.0,41.0,0.0,0.0,0.0,0.0
C2_p9__baldwinian__s20,C2_p9__baldwinian,C2_p9,C2,baldwinian,20,900,train,42,3.7142857142857144,17,25,94.09519704287133,0.8333333333333334,0.5,390.0,0.0,0.0,257.0,108.0,0.0,0.0,0.0,42.0,0.0,0.0,33.0,34.0,0.0,0.0,0.0,0.0,0.0,0.0,33.0,0.0,0.0,0.0,0.0
C2_p9__baldwinian__s20,C2_p9__baldwinian,C2_p9,C2,baldwinian,20,950,train,48,3.8958333333333335,22,16,85.3449725324343,0.8541666666666666,0.5,422.0,0.0,0.0,428.0,132.0,0.0,0.0,0.0,36.0,0.0,0.0,28.0,29.0,0.0,0.0,0.0,0.0,0.0,0.0,28.0,0.0,0.0,0.0,0.0
C2_p9__baldwinian__s20,C2_p9__baldwinian,C2_p9,C2,baldwinian,20,1000,train,46,3.9347826086956523,17,19,46.48996772716917,1.0,0.5,315.0,0.0,0.0,490.0,141.0,0.0,0.0,0.0,49.0,0.0,0.0,30.0,35.0,0.0,0.0,0.0,0.0,0.0,0.0,30.0,0.0,0.0,0.0,0.0
C2_p9__baldwinian__s20,C2_p9__baldwinian,C2_p9,C2,baldwinian,20,1050,train,41,4.439024390243903,16,21,98.08084098316584,0.875,0.5,247.0,0.0,0.0,405.0,96.0,0.0,0.0,0.0,43.0,0.0,0.0,25.0,21.0,0.0,0.0,0.0,0.0,0.0,0.0,25.0,0.0,0.0,0.0,0.0
C2_p9__baldwinian__s20,C2_p9__baldwinian,C2_p9,C2,baldwinian,20,1100,train,40,5.025,21,22,108.69642987200366,0.7916666666666666,0.5,262.0,0.0,0.0,329.0,152.0,0.0,0.0,0.0,41.0,0.0,0.0,29.0,32.0,0.0,0.0,0.0,0.0,0.0,0.0,29.0,0.0,0.0,0.0,0.0
C2_p9__baldwinian__s20,C2_p9__baldwinian,C2_p9,C2,baldwinian,20,1150,train,50,4.98,25,15,81.0349628063789,0.8333333333333334,0.5,428.0,0.0,0.0,403.0,122.0,0.0,0.0,0.0,59.0,0.0,0.0,24.0,23.0,0.0,0.0,0.0,0.0,0.0,0.0,24.0,0.0,0.0,0.0,0.0
C2_p9__baldwinian__s20,C2_p9__baldwinian,C2_p9,C2,baldwinian,20,1200,train,50,4.84,17,17,91.53832876296875,0.8125,0.5,420.0,0.0,0.0,333.0,162.0,0.0,0.0,0.0,38.0,0.0,0.0,31.0,32.0,0.0,0.0,0.0,0.0,0.0,0.0,31.0,0.0,0.0,0.0,0.0
C2_p9__baldwinian__s20,C2_p9__baldwinian,C2_p9,C2,baldwinian,20,1250,train,50,5.08,22,22,69.35947731253779,0.875,0.5,432.0,0.0,0.0,375.0,151.0,0.0,0.0,0.0,49.0,0.0,0.0,26.0,32.0,0.0,0.0,0.0,0.0,0.0,0.0,26.0,0.0,0.0,0.0,0.0
C2_p9__baldwinian__s20,C2_p9__baldwinian,C2_p9,C2,baldwinian,20,1300,train,43,5.232558139534884,20,27,71.1626837071191,0.8958333333333334,0.5,345.0,0.0,0.0,263.0,92.0,0.0,0.0,0.0,52.0,0.0,0.0,24.0,23.0,0.0,0.0,0.0,0.0,0.0,0.0,24.0,0.0,0.0,0.0,0.0
C2_p9__baldwinian__s20,C2_p9__baldwinian,C2_p9,C2,baldwinian,20,1350,train,34,5.352941176470588,19,28,51.76074445741831,0.9583333333333334,0.5,235.0,0.0,0.0,253.0,163.0,0.0,0.0,0.0,45.0,0.0,0.0,34.0,27.0,0.0,0.0,0.0,0.0,0.0,0.0,34.0,0.0,0.0,0.0,0.0
C2_p9__baldwinian__s20,C2_p9__baldwinian,C2_p9,C2,baldwinian,20,1400,train,38,5.684210526315789,19,15,120.88644438947173,0.75,0.5,234.0,0.0,0.0,165.0,123.0,0.0,0.0,0.0,44.0,0.0,0.0,25.0,13.0,0.0,0.0,0.0,0.0,0.0,0.0,25.0,0.0,0.0,0.0,0.0
C2_p9__baldwinian__s20,C2_p9__baldwinian,C2_p9,C2,baldwinian,20,1450,train,34,6.117647058823529,15,19,98.68211594373925,0.8541666666666666,0.5,249.0,0.0,0.0,163.0,158.0,0.0,0.0,0.0,60.0,0.0,0.0,30.0,25.0,0.0,0.0,0.0,0.0,0.0,0.0,30.0,0.0,0.0,0.0,0.0
C2_p9__baldwinian__s20,C2_p9__baldwinian,C2_p9,C2,baldwinian,20,1500,train,36,6.5,17,15,81.93937496942235,0.8333333333333334,0.5,231.0,0.0,0.0,225.0,171.0,0.0,0.0,0.0,53.0,0.0,0.0,27.0,34.0,0.0,0.0,0.0,0.0,0.0,0.0,27.0,0.0,0.0,0.0,0.0
C2_p9__baldwinian__s20,C2_p9__baldwinian,C2_p9,C2,baldwinian,20,1550,eval,34,6.852941176470588,18,20,175.7044558137036,0.6041666666666666,0.5,186.0,0.0,0.0,231.0,29.0,0.0,0.0,15.0,33.0,0.0,0.0,29.0,11.0,0.0,0.0,0.0,0.0,0.0,0.0,29.0,0.0,0.0,0.0,0.0
C2_p9__baldwinian__s20,C2_p9__baldwinian,C2_p9,C2,baldwinian,20,1600,eval,44,6.931818181818182,28,18,223.17141248089695,0.4583333333333333,0.5,273.0,0.0,0.0,416.0,135.0,0.0,0.0,111.0,27.0,0.0,0.0,32.0,12.0,0.0,0.0,11.0,0.0,0.0,0.0,32.0,0.0,0.0,0.0,11.0
C2_p9__baldwinian__s20,C2_p9__baldwinian,C2_p9,C2,baldwinian,20,1650,eval,50,7.34,29,23,107.71419760923081,0.7708333333333334,0.5,479.0,0.0,0.0,505.0,137.0,0.0,0.0,81.0,41.0,0.0,0.0,47.0,11.0,0.0,0.0,12.0,0.0,0.0,0.0,47.0,0.0,0.0,0.0,12.0
C2_p9__baldwinian__s20,C2_p9__baldwinian,C2_p9,C2,baldwinian,20,1700,eval,50,7.26,21,21,184.75998321464974,0.6041666666666666,0.5,469.0,0.0,0.0,610.0,246.0,0.0,0.0,157.0,26.0,0.0,0.0,31.0,13.0,0.0,0.0,7.0,0.0,0.0,0.0,31.0,0.0,0.0,0.0,7.0
C2_p9__baldwinian__s20,C2_p9__baldwinian,C2_p9,C2,baldwinian,20,1750,eval,50,7.42,17,17,253.04362069514247,0.3333333333333333,0.5,543.0,0.0,0.0,619.0,129.0,0.0,0.0,180.0,24.0,0.0,0.0,34.0,10.0,0.0,0.0,12.0,0.0,0.0,0.0,34.0,0.0,0.0,0.0,12.0
C2_p9__baldwinian__s20,C2_p9__baldwinian,C2_p9,C2,baldwinian,20,1800,eval,50,7.56,13,13,157.15997419236336,0.6875,0.5,492.0,0.0,0.0,509.0,80.0,0.0,0.0,108.0,49.0,0.0,0.0,27.0,15.0,0.0,0.0,7.0,0.0,0.0,0.0,27.0,0.0,0.0,0.0,7.0
C2_p9__baldwinian__s21,C2_p9__baldwinian,C2_p9,C2,baldwinian,21,50,train,47,0.8936170212765957,41,14,91.32729584994578,0.8541666666666666,0.5,251.0,0.0,0.0,212.0,109.0,0.0,0.0,0.0,60.0,0.0,0.0,39.0,13.0,0.0,0.0,0.0,0.0,0.0,0.0,39.0,0.0,0.0,0.0,0.0
C2_p9__baldwinian__s21,C2_p9__baldwinian,C2_p9,C2,baldwinian,21,100,train,45,1.2,14,16,113.17678213316478,0.7708333333333334,0.5,311.0,0.0,0.0,334.0,49.0,0.0,0.0,0.0,50.0,0.0,0.0,27.0,13.0,0.0,0.0,0.0,0.0,0.0,0.0,27.0,0.0,0.0,0.0,0.0
C2_p9__baldwinian__s21,C2_p9__baldwinian,C2_p9,C2,baldwinian,21,150,train,42,1.2142857142857142,23,26,80.84743187647052,0.8958333333333334,0.5,393.0,0.0,0.0,452.0,57.0,0.0,0.0,0.0,54.0,0.0,0.0,51.0,14.0,0.0,0.0,0.0,0.0,0.0,0.0,51.0,0.0,0.0,0.0,0.0
C2_p9__baldwinian__s21,C2_p9__baldwinian,C2_p9,C2,baldwinian,21,200,train,50,1.54,30,22,78.57065295906851,0.875,0.5,446.0,0.0,0.0,512.0,130.0,0.0,0.0,0.0,52.0,0.0,0.0,33.0,19.0,0.0,0.0,0.0,0.0,0.0,0.0,33.0,0.0,0.0,0.0,0.0
C2_p9__baldwinian__s21,C2_p9__baldwinian,C2_p9,C2,baldwinian,21,250,train,49,1.3673469387755102,21,22,66.76761375508323,0.875,0.5,346.0,0.0,0.0,423.0,120.0,0.0,0.0,0.0,52.0,0.0,0.0,40.0,13.0,0.0,0.0,0.0,0.0,0.0,0.0,40.0,0.0,0.0,0.0,0.0
C2_p9__baldwinian__s21,C2_p9__baldwinian,C2_p9,C2,baldwinian,21,300,train,47,1.7234042553191489,18,20,98.81478910095049,0.7916666666666666,0.5,428.0,0.0,0.0,418.0,81.0,0.0,0.0,0.0,63.0,0.0,0.0,23.0,8.0,0.0,0.0,0.0,0.0,0.0,0.0,23.0,0.0,0.0,0.0,0.0
C2_p9__baldwinian__s21,C2_p9__baldwinian,C2_p9,C2,baldwinian,21,350,train,50,1.68,25,22,102.881801513427,0.75,0.5,331.0,0.0,0.0,361.0,77.0,0.0,0.0,0.0,43.0,0.0,0.0,29.0,12.0,0.0,0.0,0.0,0.0,0.0,0.0,29.0,0.0,0.0,0.0,0.0
C2_p9__baldwinian__s21,C2_p9__baldwinian,C2_p9,C2,baldwinian,21,400,train,50,1.58,16,16,107.48862663884064,0.7083333333333334,0.5,507.0,0.0,0.0,470.0,62.0,0.0,0.0,0.0,53.0,0.0,0.0,31.0,12.0,0.0,0.0,0.0,0.0,0.0,0.0,31.0,0.0,0.0,0.0,0.0
C2_p9__baldwinian__s21,C2_p9__baldwinian,C2_p9,C2,baldwinian,21,450,train,50,1.5,13,13,76.387982302936,0.875,0.5,394.0,0.0,0.0,523.0,108.0,0.0,0.0,0.0,55.0,0.0,0.0,27.0,17.0,0.0,0.0,0.0,0.0,0.0,0.0,27.0,0.0,0.0,0.0,0.0
C2_p9__baldwinian__s21,C2_p9__baldwinian,C2_p9,C2,baldwinian,21,500,train,49,2.0408163265306123,28,29,84.71927677264739,0.8125,0.5,353.0,0.0,0.0,563.0,67.0,0.0,0.0,0.0,59.0,0.0,0.0,38.0,10.0,0.0,0.0,0.0,0.0,0.0,0.0,38.0,0.0,0.0,0.0,0.0
C2_p9__baldwinian__s21,C2_p9__baldwinian,C2_p9,C2,baldwinian,21,550,train,50,2.5,28,27,75.60459787437668,0.8333333333333334,0.5,331.0,0.0,0.0,464.0,176.0,0.0,0.0,0.0,42.0,0.0,0.0,38.0,11.0,0.0,0.0,0.0,0.0,0.0,0.0,38.0,0.0,0.0,0.0,0.0
C2_p9__baldwinian__s21,C2_p9__baldwinian,C2_p9,C2,baldwinian,21,600,train,50,2.64,20,20,81.98216361040004,0.8125,0.5,430.0,0.0,0.0,423.0,95.0,0.0,0.0,0.0,55.0,0.0,0.0,33.0,13.0,0.0,0.0,0.0,0.0,0.0,0.0,33.0,0.0,0.0,0.0,0.0
C2_p9__baldwinian__s21,C2_p9__baldwinian,C2_p9,C2,baldwinian,21,650,train,50,2.5,21,21,74.87586667265839,0.8958333333333334,0.5,431.0,0.0,0.0,413.0,101.0,0.0,0.0,0.0,63.0,0.0,0.0,29.0,16.0,0.0,0.0,0.0,0.0,0.0,0.0,29.0,0.0,0.0,0.0,0.0
C2_p9__baldwinian__s21,C2_p9__baldwinian,C2_p9,C2,baldwinian,21,700,train,50,2.86,26,26,80.19017731215217,0.875,0.5,278.0,0.0,0.0,374.0,107.0,0.0,0.0,0.0,48.0,0.0,0.0,41.0,18.0,0.0,0.0,0.0,0.0,0.0,0.0,41.0,0.0,0.0,0.0,0.0
C2_p9__baldwinian__s21,C2_p9__baldwinian,C2_p9,C2,baldwinian,21,750,train,48,3.0,26,28,69.84875777196072,0.8541666666666666,0.5,278.0,0.0,0.0,516.0,80.0,0.0,0.0,0.0,54.0,0.0,0.0,42.0,13.0,0.0,0.0,0.0,0.0,0.0,0.0,42.0,0.0,0.0,0.0,0.0
C2_p9__baldwinian__s21,C2_p9__baldwinian,C2_p9,C2,baldwinian,21,800,train,41,3.268292682926829,18,25,119.61343264923062,0.7083333333333334,0.5,302.0,0.0,0.0,346.0,62.0,0.0,0.0,0.0,50.0,0.0,0.0,24.0,16.0,0.0,0.0,0.0,0.0,0.0,0.0,24.0,0.0,0.0,0.0,0.0
C2_p9__baldwinian__s21,C2_p9__baldwinian,C2_p9,C2,baldwinian,21,850,train,47,3.74468085106383,33,27,119.99269708309818,0.7291666666666666,0.5,392.0,0.0,0.0,493.0,91.0,0.0,0.0,0.0,55.0,0.0,0.0,40.0,15.0,0.0,0.0,0.0,0.0,0.0,0.0,40.0,0.0,0.0,0.0,0.0
C2_p9__baldwinian__s21,C2_p9__baldwinian,C2_p9,C2,baldwinian,21,900,train,49,4.26530612244898,23,21,103.15953667247884,0.7708333333333334,0.5,307.0,0.0,0.0,506.0,41.0,0.0,0.0,0.0,52.0,0.0,0.0,29.0,15.0,0.0,0.0,0.0,0.0,0.0,0.0,29.0,0.0,0.0,0.0,0.0
C2_p9__baldwinian__s21,C2_p9__baldwinian,C2_p9,C2,baldwinian,21,950,train,45,4.133333333333334,24,28,59.89187129922407,0.9375,0.5,349.0,0.0,0.0,553.0,57.0,0.0,0.0,0.0,50.0,0.0,0.0,35.0,17.0,0.0,0.0,0.0,0.0,0.0,0.0,35.0,0.0,0.0,0.0,0.0
C2_p9__baldwinian__s21,C2_p9__baldwinian,C2_p9,C2,baldwinian,21,1000,train,35,4.057142857142857,14,24,127.37533764274534,0.7708333333333334,0.5,316.0,0.0,0.0,378.0,72.0,0.0,0.0,0.0,46.0,0.0,0.0,35.0,18.0,0.0,0.0,0.0,0.0,0.0,0.0,35.0,0.0,0.0,0.0,0.0
C2_p9__baldwinian__s21,C2_p9__baldwinian,C2_p9,C2,baldwinian,21,1050,train,42,4.285714285714286,33,26,93.15527242122546,0.7708333333333334,0.5,385.0,0.0,0.0,345.0,100.0,0.0,0.0,0.0,49.0,0.0,0.0,46.0,11.0,0.0,0.0,0.0,0.0,0.0,0.0,46.0,0.0,0.0,0.0,0.0
C2_p9__baldwinian__s21,C2_p9__baldwinian,C2_p9,C2,baldwinian,21,1100,train,50,4.48,31,23,85.8130652533199,0.7916666666666666,0.5,394.0,0.0,0.0,564.0,113.0,0.0,0.0,0.0,52.0,0.0,0.0,41.0,14.0,0.0,0.0,0.0,0.0,0.0,0.0,41.0,0.0,0.0,0.0,0.0
C2_p9__baldwinian__s21,C2_p9__baldwinian,C2_p9,C2,baldwinian,21,1150,train,50,4.9,23,23,78.4188410307193,0.8541666666666666,0.5,416.0,0.0,0.0,295.0,108.0,0.0,0.0,0.0,52.0,0.0,0.0,34.0,15.0,0.0,0.0,0.0,0.0,0.0,0.0,34.0,0.0,0.0,0.0,0.0
C2_p9__baldwinian__s21,C2_p9__baldwinian,C2_p9,C2,baldwinian,21,1200,train,50,5.06,26,26,72.96477105156097,0.875,0.5,456.0,0.0,0.0,427.0,119.0,0.0,0.0,0.0,54.0,0.0,0.0,36.0,11.0,0.0,0.0,0.0,0.0,0.0,0.0,36.0,0.0,0.0,0.0,0.0
C2_p9__baldwinian__s21,C2_p9__baldwinian,C2_p9,C2,baldwinian,21,1250,train,50,5.22,23,23,104.64128276953794,0.8333333333333334,0.5,348.0,0.0,0.0,466.0,213.0,0.0,0.0,0.0,46.0,0.0,0.0,31.0,15.0,0.0,0.0,0.0,0.0,0.0,0.0,31.0,0.0,0.0,0.0,0.0
C2_p9__baldwinian__s21,C2_p9__baldwinian,C2_p9,C2,baldwinian,21,1300,train,50,5.26,19,19,87.79084124006633,0.8125,0.5,530.0,0.0,0.0,476.0,116.0,0.0,0.0,0.0,61.0,0.0,0.0,33.0,11.0,0.0,0.0,0.0,0.0,0.0,0.0,33.0,0.0,0.0,0.0,0.0
C2_p9__baldwinian__s21,C2_p9__baldwinian,C2_p9,C2,baldwinian,21,1350,train,50,5.54,11,11,59.989492845454045,0.8958333333333334,0.5,387.0,0.0,0.0,445.0,119.0,0.0,0.0,0.0,66.0,0.0,0.0,27.0,16.0,0.0,0.0,0.0,0.0,0.0,0.0,27.0,0.0,0.0,0.0,0.0
C2_p9__baldwinian__s21,C2_p9__baldwinian,C2_p9,C2,baldwinian,21,1400,train,50,5.2,22,22,105.79033870791041,0.7708333333333334,0.5,276.0,0.0,0.0,444.0,25.0,0.0,0.0,0.0,54.0,0.0,0.0,30.0,8.0,0.0,0.0,0.0,0.0,0.0,0.0,30.0,0.0,0.0,0.0,0.0
C2_p9__baldwinian__s21,C2_p9__baldwinian,C2_p9,C2,baldwinian,21,1450,train,49,6.285714285714286,30,31,98.30728953139311,0.875,0.5,399.0,0.0,0.0,513.0,79.0,0.0,0.0,0.0,48.0,0.0,0.0,40.0,11.0,0.0,0.0,0.0,0.0,0.0,0.0,40.0,0.0,0.0,0.0,0.0
C2_p9__baldwinian__s21,C2_p9__baldwinian,C2_p9,C2,baldwinian,21,1500,train,50,6.4,21,20,95.13686579925081,0.8125,0.5,416.0,0.0,0.0,562.0,54.0,0.0,0.0,0.0,57.0,0.0,0.0,38.0,16.0,0.0,0.0,0.0,0.0,0.0,0.0,38.0,0.0,0.0,0.0,0.0
C2_p9__baldwinian__s21,C2_p9__baldwinian,C2_p9,C2,baldwinian,21,1550,eval,50,6.4,23,23,110.48600133162512,0.7708333333333334,0.5,484.0,0.0,0.0,416.0,44.0,0.0,0.0,73.0,48.0,0.0,0.0,20.0,4.0,0.0,0.0,8.0,0.0,0.0,0.0,20.0,0.0,0.0,0.0,8.0
C2_p9__baldwinian__s21,C2_p9__baldwinian,C2_p9,C2,baldwinian,21,1600,eval,50,6.96,31,31,96.89991260588596,0.8333333333333334,0.5,447.0,0.0,0.0,513.0,90.0,0.0,0.0,88.0,52.0,0.0,0.0,30.0,11.0,0.0,0.0,9.0,0.0,0.0,0.0,30.0,0.0,0.0,0.0,9.0
C2_p9__baldwinian__s21,C2_p9__baldwinian,C2_p9,C2,baldwinian,21,1650,eval,50,7.12,26,26,162.99739227589154,0.6041666666666666,0.5,367.0,0.0,0.0,412.0,112.0,0.0,0.0,64.0,42.0,0.0,0.0,26.0,6.0,0.0,0.0,7.0,0.0,0.0,0.0,26.0,0.0,0.0,0.0,7.0
C2_p9__baldwinian__s21,C2_p9__baldwinian,C2_p9,C2,baldwinian,21,1700,eval,50,7.14,16,16,168.5197808607823,0.5833333333333334,0.5,397.0,0.0,0.0,445.0,91.0,0.0,0.0,105.0,37.0,0.0,0.0,28.0,4.0,0.0,0.0,7.0,0.0,0.0,0.0,28.0,0.0,0.0,0.0,7.0
C2_p9__baldwinian__s21,C2_p9__baldwinian,C2_p9,C2,baldwinian,21,1750,eval,50,7.54,17,17,179.0488493981221,0.5208333333333334,0.5,456.0,0.0,0.0,448.0,109.0,0.0,0.0,74.0,36.0,0.0,0.0,25.0,9.0,0.0,0.0,6.0,0.0,0.0,0.0,25.0,0.0,0.0,0.0,6.0
C2_p9__baldwinian__s21,C2_p9__baldwinian,C2_p9,C2,baldwinian,21,1800,eval,50,7.58,8,8,208.51432900811133,0.4583333333333333,0.5,596.0,0.0,0.0,509.0,116.0,0.0,0.0,81.0,38.0,0.0,0.0,24.0,6.0,0.0,0.0,2.0,0.0,0.0,0.0,24.0,0.0,0.0,0.0,2.0
C2_p9__baldwinian__s22,C2_p9__baldwinian,C2_p9,C2,baldwinian,22,50,train,50,0.9,43,13,89.52485653491752,0.8333333333333334,0.5,199.0,0.0,0.0,201.0,118.0,0.0,0.0,0.0,46.0,0.0,0.0,39.0,23.0,0.0,0.0,0.0,0.0,0.0,0.0,39.0,0.0,0.0,0.0,0.0
C2_p9__baldwinian__s22,C2_p9__baldwinian,C2_p9,C2,baldwinian,22,100,train,42,1.0714285714285714,18,26,82.59552510567141,0.8958333333333334,0.5,298.0,0.0,0.0,380.0,168.0,0.0,0.0,0.0,39.0,0.0,0.0,41.0,23.0,0.0,0.0,0.0,0.0,0.0,0.0,41.0,0.0,0.0,0.0,0.0
C2_p9__baldwinian__s22,C2_p9__baldwinian,C2_p9,C2,baldwinian,22,150,train,42,1.0476190476190477,17,17,48.68044358266064,0.8958333333333334,0.5,269.0,0.0,0.0,392.0,157.0,0.0,0.0,0.0,55.0,0.0,0.0,35.0,28.0,0.0,0.0,0.0,0.0,0.0,0.0,35.0,0.0,0.0,0.0,0.0
C2_p9__baldwinian__s22,C2_p9__baldwinian,C2_p9,C2,baldwinian,22,200,train,42,1.0476190476190477,18,18,117.15950860966996,0.7291666666666666,0.5,262.0,0.0,0.0,274.0,93.0,0.0,0.0,0.0,39.0,0.0,0.0,23.0,20.0,0.0,0.0,0.0,0.0,0.0,0.0,23.0,0.0,0.0,0.0,0.0
C2_p9__baldwinian__s22,C2_p9__baldwinian,C2_p9,C2,baldwinian,22,250,train,50,1.26,28,20,124.95066266906052,0.6458333333333334,0.5,348.0,0.0,0.0,543.0,116.0,0.0,0.0,0.0,38.0,0.0,0.0,27.0,21.0,0.0,0.0,0.0,0.0,0.0,0.0,27.0,0.0,0.0,0.0,0.0
C2_p9__baldwinian__s22,C2_p9__baldwinian,C2_p9,C2,baldwinian,22,300,train,50,1.28,18,18,80.37333597112027,0.8333333333333334,0.5,408.0,0.0,0.0,429.0,92.0,0.0,0.0,0.0,51.0,0.0,0.0,27.0,24.0,0.0,0.0,0.0,0.0,0.0,0.0,27.0,0.0,0.0,0.0,0.0
C2_p9__baldwinian__s22,C2_p9__baldwinian,C2_p9,C2,baldwinian,22,350,train,50,1.32,19,19,83.7636975699927,0.7708333333333334,0.5,459.0,0.0,0.0,399.0,91.0,0.0,0.0,0.0,45.0,0.0,0.0,34.0,28.0,0.0,0.0,0.0,0.0,0.0,0.0,34.0,0.0,0.0,0.0,0.0
C2_p9__baldwinian__s22,C2_p9__baldwinian,C2_p9,C2,baldwinian,22,400,train,50,1.5,22,22,123.4403400289655,0.7291666666666666,0.5,420.0,0.0,0.0,366.0,131.0,0.0,0.0,0.0,43.0,0.0,0.0,23.0,26.0,0.0,0.0,0.0,0.0,0.0,0.0,23.0,0.0,0.0,0.0,0.0
C2_p9__baldwinian__s22,C2_p9__baldwinian,C2_p9,C2,baldwinian,22,450,train,50,1.7,19,19,74.36118412063244,0.8541666666666666,0.5,345.0,0.0,0.0,389.0,130.0,0.0,0.0,0.0,39.0,0.0,0.0,30.0,28.0,0.0,0.0,0.0,0.0,0.0,0.0,30.0,0.0,0.0,0.0,0.0
C2_p9__baldwinian__s22,C2_p9__baldwinian,C2_p9,C2,baldwinian,22,500,train,50,1.9,18,18,73.59313353051039,0.7916666666666666,0.5,351.0,0.0,0.0,351.0,135.0,0.0,0.0,0.0,56.0,0.0,0.0,23.0,19.0,0.0,0.0,0.0,0.0,0.0,0.0,23.0,0.0,0.0,0.0,0.0
C2_p9__baldwinian__s22,C2_p9__baldwinian,C2_p9,C2,baldwinian,22,550,train,50,2.06,19,19,88.04782691386141,0.8541666666666666,0.5,314.0,0.0,0.0,395.0,78.0,0.0,0.0,0.0,57.0,0.0,0.0,28.0,13.0,0.0,0.0,0.0,0.0,0.0,0.0,28.0,0.0,0.0,0.0,0.0
C2_p9__baldwinian__s22,C2_p9__baldwinian,C2_p9,C2,baldwinian,22,600,train,50,2.06,18,18,121.83355638550796,0.6875,0.5,380.0,0.0,0.0,531.0,190.0,0.0,0.0,0.0,43.0,0.0,0.0,23.0,27.0,0.0,0.0,0.0,0.0,0.0,0.0,23.0,0.0,0.0,0.0,0.0
C2_p9__baldwinian__s22,C2_p9__baldwinian,C2_p9,C2,baldwinian,22,650,train,50,2.14,18,18,82.96388881099801,0.8958333333333334,0.5,415.0,0.0,0.0,660.0,161.0,0.0,0.0,0.0,42.0,0.0,0.0,42.0,26.0,0.0,0.0,0.0,0.0,0.0,0.0,42.0,0.0,0.0,0.0,0.0
C2_p9__baldwinian__s22,C2_p9__baldwinian,C2_p9,C2,baldwinian,22,700,train,50,2.16,17,17,55.036214897380646,0.9791666666666666,0.5,398.0,0.0,0.0,394.0,150.0,0.0,0.0,0.0,71.0,0.0,0.0,28.0,27.0,0.0,0.0,0.0,0.0,0.0,0.0,28.0,0.0,0.0,0.0,0.0
C2_p9__baldwinian__s22,C2_p9__baldwinian,C2_p9,C2,baldwinian,22,750,train,50,2.3,21,21,77.35022796838322,0.8541666666666666,0.5,417.0,0.0,0.0,491.0,139.0,0.0,0.0,0.0,56.0,0.0,0.0,30.0,17.0,0.0,0.0,0.0,0.0,0.0,0.0,30.0,0.0,0.0,0.0,0.0
C2_p9__baldwinian__s22,C2_p9__baldwinian,C2_p9,C2,baldwinian,22,800,train,50,2.48,21,21,102.96330454329919,0.8125,0.5,423.0,0.0,0.0,376.0,122.0,0.0,0.0,0.0,39.0,0.0,0.0,27.0,26.0,0.0,0.0,0.0,0.0,0.0,0.0,27.0,0.0,0.0,0.0,0.0
C2_p9__baldwinian__s22,C2_p9__baldwinian,C2_p9,C2,baldwinian,22,850,train,50,2.66,21,21,80.18413026539335,0.8541666666666666,0.5,271.0,0.0,0.0,444.0,103.0,0.0,0.0,0.0,51.0,0.0,0.0,33.0,25.0,0.0,0.0,0.0,0.0,0.0,0.0,33.0,0.0,0.0,0.0,0.0
C2_p9__baldwinian__s22,C2_p9__baldwinian,C2_p9,C2,baldwinian,22,900,train,50,2.72,18,18,75.17221311105834,0.9166666666666666,0.5,350.0,0.0,0.0,378.0,75.0,0.0,0.0,0.0,54.0,0.0,0.0,24.0,21.0,0.0,0.0,0.0,0.0,0.0,0.0,24.0,0.0,0.0,0.0,0.0
C2_p9__baldwinian__s22,C2_p9__baldwinian,C2_p9,C2,baldwinian,22,950,train,50,2.9,20,20,93.47224951862802,0.8125,0.5,394.0,0.0,0.0,518.0,68.0,0.0,0.0,0.0,54.0,0.0,0.0,27.0,23.0,0.0,0.0,0.0,0.0,0.0,0.0,27.0,0.0,0.0,0.0,0.0
C2_p9__baldwinian__s22,C2_p9__baldwinian,C2_p9,C2,baldwinian,22,1000,train,50,3.1,20,20,90.9545020970528,0.8333333333333334,0.5,373.0,0.0,0.0,506.0,70.0,0.0,0.0,0.0,47.0,0.0,0.0,32.0,22.0,0.0,0.0,0.0,0.0,0.0,0.0,32.0,0.0,0.0,0.0,0.0
C2_p9__baldwinian__s22,C2_p9__baldwinian,C2_p9,C2,baldwinian,22,1050,train,50,3.24,25,25,79.79011389748305,0.8541666666666666,0.5,346.0,0.0,0.0,290.0,69.0,0.0,0.0,0.0,61.0,0.0,0.0,22.0,17.0,0.0,0.0,0.0,0.0,0.0,0.0,22.0,0.0,0.0,0.0,0.0
C2_p9__baldwinian__s22,C2_p9__baldwinian,C2_p9,C2,baldwinian,22,1100,train,50,3.48,25,25,75.28279539160403,0.8958333333333334,0.5,370.0,0.0,0.0,261.0,78.0,0.0,0.0,0.0,60.0,0.0,0.0,33.0,19.0,0.0,0.0,0.0,0.0,0.0,0.0,33.0,0.0,0.0,0.0,0.0
C2_p9__baldwinian__s22,C2_p9__baldwinian,C2_p9,C2,baldwinian,22,1150,train,50,3.64,20,20,93.72166052494612,0.8125,0.5,373.0,0.0,0.0,504.0,69.0,0.0,0.0,0.0,46.0,0.0,0.0,28.0,18.0,0.0,0.0,0.0,0.0,0.0,0.0,28.0,0.0,0.0,0.0,0.0
C2_p9__baldwinian__s22,C2_p9__baldwinian,C2_p9,C2,baldwinian,22,1200,train,50,3.8,22,22,101.09700337810892,0.75,0.5,432.0,0.0,0.0,251.0,84.0,0.0,0.0,0.0,42.0,0.0,0.0,19.0,31.0,0.0,0.0,0.0,0.0,0.0,0.0,19.0,0.0,0.0,0.0,0.0
C2_p9__baldwinian__s22,C2_p9__baldwinian,C2_p9,C2,baldwinian,22,1250,train,50,3.92,25,25,92.66104839008659,0.8541666666666666,0.5,388.0,0.0,0.0,368.0,73.0,0.0,0.0,0.0,57.0,0.0,0.0,25.0,23.0,0.0,0.0,0.0,0.0,0.0,0.0,25.0,0.0,0.0,0.0,0.0
C2_p9__baldwinian__s22,C2_p9__baldwinian,C2_p9,C2,baldwinian,22,1300,train,50,3.96,22,22,101.82974969345017,0.8333333333333334,0.5,318.0,0.0,0.0,263.0,100.0,0.0,0.0,0.0,41.0,0.0,0.0,27.0,23.0,0.0,0.0,0.0,0.0,0.0,0.0,27.0,0.0,0.0,0.0,0.0
C2_p9__baldwinian__s22,C2_p9__baldwinian,C2_p9,C2,baldwinian,22,1350,train,50,4.12,18,18,121.25151811880545,0.7291666666666666,0.5,302.0,0.0,0.0,395.0,72.0,0.0,0.0,0.0,41.0,0.0,0.0,32.0,17.0,0.0,0.0,0.0,0.0,0.0,0.0,32.0,0.0,0.0,0.0,0.0
C2_p9__baldwinian__s22,C2_p9__baldwinian,C2_p9,C2,baldwinian,22,1400,train,50,4.18,30,30,71.80594857517377,0.8541666666666666,0.5,428.0,0.0,0.0,423.0,111.0,0.0,0.0,0.0,51.0,0.0,0.0,37.0,22.0,0.0,0.0,0.0,0.0,0.0,0.0,37.0,0.0,0.0,0.0,0.0
C2_p9__baldwinian__s22,C2_p9__baldwinian,C2_p9,C2,baldwinian,22,1450,train,50,4.2,19,19,56.15014462745226,0.9375,0.5,326.0,0.0,0.0,339.0,185.0,0.0,0.0,0.0,52.0,0.0,0.0,25.0,26.0,0.0,0.0,0.0,0.0,0.0,0.0,25.0,0.0,0.0,0.0,0.0
C2_p9__baldwinian__s22,C2_p9__baldwinian,C2_p9,C2,baldwinian,22,1500,train,50,4.26,13,13,139.54871400115633,0.6875,0.5,271.0,0.0,0.0,441.0,38.0,0.0,0.0,0.0,40.0,0.0,0.0,24.0,15.0,0.0,0.0,0.0,0.0,0.0,0.0,24.0,0.0,0.0,0.0,0.0
C2_p9__baldwinian__s22,C2_p9__baldwinian,C2_p9,C2,baldwinian,22,1550,eval,50,4.44,20,20,178.3056250392508,0.6041666666666666,0.5,516.0,0.0,0.0,532.0,122.0,0.0,0.0,82.0,42.0,0.0,0.0,23.0,10.0,0.0,0.0,6.0,0.0,0.0,0.0,23.0,0.0,0.0,0.0,6.0
C2_p9__baldwinian__s22,C2_p9__baldwinian,C2_p9,C2,baldwinian,22,1600,eval,50,4.68,30,30,157.39926349252687,0.6875,0.5,412.0,0.0,0.0,468.0,64.0,0.0,0.0,117.0,51.0,0.0,0.0,28.0,11.0,0.0,0.0,10.0,0.0,0.0,0.0,28.0,0.0,0.0,0.0,10.0
C2_p9__baldwinian__s22,C2_p9__baldwinian,C2_p9,C2,baldwinian,22,1650,eval,50,4.78,22,22,203.08227295427488,0.625,0.5,312.0,0.0,0.0,343.0,71.0,0.0,0.0,130.0,40.0,0.0,0.0,21.0,15.0,0.0,0.0,4.0,0.0,0.0,0.0,21.0,0.0,0.0,0.0,4.0
C2_p9__baldwinian__s22,C2_p9__baldwinian,C2_p9,C2,baldwinian,22,1700,eval,50,4.84,18,18,189.4532894534498,0.5208333333333334,0.5,277.0,0.0,0.0,302.0,106.0,0.0,0.0,155.0,33.0,0.0,0.0,23.0,9.0,0.0,0.0,10.0,0.0,0.0,0.0,23.0,0.0,0.0,0.0,10.0
C2_p9__baldwinian__s22,C2_p9__baldwinian,C2_p9,C2,baldwinian,22,1750,eval,50,4.86,14,14,175.46778348317878,0.625,0.5,469.0,0.0,0.0,295.0,187.0,0.0,0.0,180.0,42.0,0.0,0.0,21.0,11.0,0.0,0.0,9.0,0.0,0.0,0.0,21.0,0.0,0.0,0.0,9.0
C2_p9__baldwinian__s22,C2_p9__baldwinian,C2_p9,C2,baldwinian,22,1800,eval,50,4.98,23,23,144.7030880475716,0.7083333333333334,0.5,287.0,0.0,0.0,409.0,104.0,0.0,0.0,251.0,39.0,0.0,0.0,34.0,15.0,0.0,0.0,9.0,0.0,0.0,0.0,34.0,0.0,0.0,0.0,9.0
C2_p9__baldwinian__s23,C2_p9__baldwinian,C2_p9,C2,baldwinian,23,50,train,50,0.86,40,10,62.86926137474502,0.875,0.5,228.0,0.0,0.0,193.0,92.0,0.0,0.0,0.0,61.0,0.0,0.0,35.0,25.0,0.0,0.0,0.0,0.0,0.0,0.0,35.0,0.0,0.0,0.0,0.0
C2_p9__baldwinian__s23,C2_p9__baldwinian,C2_p9,C2,baldwinian,23,100,train,50,0.98,15,15,81.17265901720015,0.875,0.5,229.0,0.0,0.0,340.0,104.0,0.0,0.0,0.0,39.0,0.0,0.0,32.0,12.0,0.0,0.0,0.0,0.0,0.0,0.0,32.0,0.0,0.0,0.0,0.0
C2_p9__baldwinian__s23,C2_p9__baldwinian,C2_p9,C2,baldwinian,23,150,train,39,1.1025641025641026,16,27,91.83840298871986,0.8125,0.5,284.0,0.0,0.0,344.0,118.0,0.0,0.0,0.0,45.0,0.0,0.0,38.0,25.0,0.0,0.0,0.0,0.0,0.0,0.0,38.0,0.0,0.0,0.0,0.0
C2_p9__baldwinian__s23,C2_p9__baldwinian,C2_p9,C2,baldwinian,23,200,train,42,1.2380952380952381,20,17,89.493064718134,0.7708333333333334,0.5,311.0,0.0,0.0,340.0,164.0,0.0,0.0,0.0,55.0,0.0,0.0,26.0,25.0,0.0,0.0,0.0,0.0,0.0,0.0,26.0,0.0,0.0,0.0,0.0
C2_p9__baldwinian__s23,C2_p9__baldwinian,C2_p9,C2,baldwinian,23,250,train,40,1.3,18,20,84.01305493718985,0.8333333333333334,0.5,384.0,0.0,0.0,280.0,127.0,0.0,0.0,0.0,58.0,0.0,0.0,31.0,25.0,0.0,0.0,0.0,0.0,0.0,0.0,31.0,0.0,0.0,0.0,0.0
C2_p9__baldwinian__s23,C2_p9__baldwinian,C2_p9,C2,baldwinian,23,300,train,45,1.5555555555555556,26,21,72.5735613798127,0.8541666666666666,0.5,448.0,0.0,0.0,344.0,138.0,0.0,0.0,0.0,59.0,0.0,0.0,30.0,18.0,0.0,0.0,0.0,0.0,0.0,0.0,30.0,0.0,0.0,0.0,0.0
C2_p9__baldwinian__s23,C2_p9__baldwinian,C2_p9,C2,baldwinian,23,350,train,49,1.6734693877551021,17,13,64.7928048658454,0.875,0.5,291.0,0.0,0.0,339.0,130.0,0.0,0.0,0.0,59.0,0.0,0.0,27.0,17.0,0.0,0.0,0.0,0.0,0.0,0.0,27.0,0.0,0.0,0.0,0.0
C2_p9__baldwinian__s23,C2_p9__baldwinian,C2_p9,C2,baldwinian,23,400,train,45,1.7555555555555555,19,23,72.39405447813252,0.875,0.5,314.0,0.0,0.0,302.0,135.0,0.0,0.0,0.0,49.0,0.0,0.0,27.0,30.0,0.0,0.0,0.0,0.0,0.0,0.0,27.0,0.0,0.0,0.0,0.0
C2_p9__baldwinian__s23,C2_p9__baldwinian,C2_p9,C2,baldwinian,23,450,train,40,1.9,15,20,108.92889927081777,0.7916666666666666,0.5,312.0,0.0,0.0,273.0,79.0,0.0,0.0,0.0,51.0,0.0,0.0,26.0,16.0,0.0,0.0,0.0,0.0,0.0,0.0,26.0,0.0,0.0,0.0,0.0
C2_p9__baldwinian__s23,C2_p9__baldwinian,C2_p9,C2,baldwinian,23,500,train,40,2.3,19,19,99.92673136586062,0.8333333333333334,0.5,294.0,0.0,0.0,277.0,137.0,0.0,0.0,0.0,51.0,0.0,0.0,28.0,20.0,0.0,0.0,0.0,0.0,0.0,0.0,28.0,0.0,0.0,0.0,0.0
C2_p9__baldwinian__s23,C2_p9__baldwinian,C2_p9,C2,baldwinian,23,550,train,44,2.977272727272727,25,21,128.68402467421484,0.7083333333333334,0.5,343.0,0.0,0.0,314.0,78.0,0.0,0.0,0.0,50.0,0.0,0.0,27.0,19.0,0.0,0.0,0.0,0.0,0.0,0.0,27.0,0.0,0.0,0.0,0.0
C2_p9__baldwinian__s23,C2_p9__baldwinian,C2_p9,C2,baldwinian,23,600,train,50,3.16,19,13,86.822042185626,0.8125,0.5,330.0,0.0,0.0,224.0,98.0,0.0,0.0,0.0,59.0,0.0,0.0,20.0,15.0,0.0,0.0,0.0,0.0,0.0,0.0,20.0,0.0,0.0,0.0,0.0
C2_p9__baldwinian__s23,C2_p9__baldwinian,C2_p9,C2,baldwinian,23,650,train,46,3.4565217391304346,20,24,95.30322549944802,0.75,0.5,414.0,0.0,0.0,422.0,103.0,0.0,0.0,0.0,48.0,0.0,0.0,34.0,22.0,0.0,0.0,0.0,0.0,0.0,0.0,34.0,0.0,0.0,0.0,0.0
C2_p9__baldwinian__s23,C2_p9__baldwinian,C2_p9,C2,baldwinian,23,700,train,50,3.64,23,19,87.20318625342186,0.8541666666666666,0.5,362.0,0.0,0.0,398.0,111.0,0.0,0.0,0.0,59.0,0.0,0.0,30.0,17.0,0.0,0.0,0.0,0.0,0.0,0.0,30.0,0.0,0.0,0.0,0.0
C2_p9__baldwinian__s23,C2_p9__baldwinian,C2_p9,C2,baldwinian,23,750,train,47,4.0638297872340425,19,22,87.59025764277635,0.8125,0.5,269.0,0.0,0.0,268.0,69.0,0.0,0.0,0.0,55.0,0.0,0.0,24.0,22.0,0.0,0.0,0.0,0.0,0.0,0.0,24.0,0.0,0.0,0.0,0.0
C2_p9__baldwinian__s23,C2_p9__baldwinian,C2_p9,C2,baldwinian,23,800,train,44,3.590909090909091,17,20,93.80194165763841,0.8125,0.5,380.0,0.0,0.0,340.0,129.0,0.0,0.0,0.0,70.0,0.0,0.0,25.0,13.0,0.0,0.0,0.0,0.0,0.0,0.0,25.0,0.0,0.0,0.0,0.0
C2_p9__baldwinian__s23,C2_p9__baldwinian,C2_p9,C2,baldwinian,23,850,train,41,3.5609756097560976,24,27,119.83018077607039,0.75,0.5,278.0,0.0,0.0,542.0,81.0,0.0,0.0,0.0,32.0,0.0,0.0,48.0,19.0,0.0,0.0,0.0,0.0,0.0,0.0,48.0,0.0,0.0,0.0,0.0
C2_p9__baldwinian__s23,C2_p9__baldwinian,C2_p9,C2,baldwinian,23,900,train,42,3.642857142857143,19,18,92.83902960337792,0.875,0.5,279.0,0.0,0.0,293.0,48.0,0.0,0.0,0.0,54.0,0.0,0.0,27.0,19.0,0.0,0.0,0.0,0.0,0.0,0.0,27.0,0.0,0.0,0.0,0.0
C2_p9__baldwinian__s23,C2_p9__baldwinian,C2_p9,C2,baldwinian,23,950,train,35,3.3142857142857145,21,28,143.92826832007958,0.6458333333333334,0.5,251.0,0.0,0.0,388.0,64.0,0.0,0.0,0.0,26.0,0.0,0.0,32.0,22.0,0.0,0.0,0.0,0.0,0.0,0.0,32.0,0.0,0.0,0.0,0.0
C2_p9__baldwinian__s23,C2_p9__baldwinian,C2_p9,C2,baldwinian,23,1000,train,48,4.083333333333333,33,20,132.28905646726662,0.7291666666666666,0.5,413.0,0.0,0.0,326.0,119.0,0.0,0.0,0.0,39.0,0.0,0.0,36.0,19.0,0.0,0.0,0.0,0.0,0.0,0.0,36.0,0.0,0.0,0.0,0.0
C2_p9__baldwinian__s23,C2_p9__baldwinian,C2_p9,C2,baldwinian,23,1050,train,50,4.34,16,14,82.89675530579059,0.875,0.5,447.0,0.0,0.0,437.0,124.0,0.0,0.0,0.0,60.0,0.0,0.0,24.0,13.0,0.0,0.0,0.0,0.0,0.0,0.0,24.0,0.0,0.0,0.0,0.0
C2_p9__baldwinian__s23,C2_p9__baldwinian,C2_p9,C2,baldwinian,23,1100,train,50,4.3,22,22,62.41775679131848,0.8958333333333334,0.5,397.0,0.0,0.0,335.0,153.0,0.0,0.0,0.0,52.0,0.0,0.0,30.0,23.0,0.0,0.0,0.0,0.0,0.0,0.0,30.0,0.0,0.0,0.0,0.0
C2_p9__baldwinian__s23,C2_p9__baldwinian,C2_p9,C2,baldwinian,23,1150,train,42,4.261904761904762,12,20,77.70663852166739,0.8958333333333334,0.5,241.0,0.0,0.0,288.0,116.0,0.0,0.0,0.0,42.0,0.0,0.0,27.0,23.0,0.0,0.0,0.0,0.0,0.0,0.0,27.0,0.0,0.0,0.0,0.0
C2_p9__baldwinian__s23,C2_p9__baldwinian,C2_p9,C2,baldwinian,23,1200,train,43,4.511627906976744,17,16,106.72685940985734,0.8333333333333334,0.5,239.0,0.0,0.0,234.0,61.0,0.0,0.0,0.0,56.0,0.0,0.0,24.0,23.0,0.0,0.0,0.0,0.0,0.0,0.0,24.0,0.0,0.0,0.0,0.0
C2_p9__baldwinian__s23,C2_p9__baldwinian,C2_p9,C2,baldwinian,23,1250,train,38,4.447368421052632,18,23,129.15677465635332,0.7083333333333334,0.5,216.0,0.0,0.0,313.0,88.0,0.0,0.0,0.0,51.0,0.0,0.0,26.0,25.0,0.0,0.0,0.0,0.0,0.0,0.0,26.0,0.0,0.0,0.0,0.0
C2_p9__baldwinian__s23,C2_p9__baldwinian,C2_p9,C2,baldwinian,23,1300,train,39,4.461538461538462,23,22,93.44680024967144,0.8125,0.5,333.0,0.0,0.0,313.0,67.0,0.0,0.0,0.0,58.0,0.0,0.0,32.0,15.0,0.0,0.0,0.0,0.0,0.0,0.0,32.0,0.0,0.0,0.0,0.0
C2_p9__baldwinian__s23,C2_p9__baldwinian,C2_p9,C2,baldwinian,23,1350,train,48,5.041666666666667,29,20,108.14000538465764,0.7708333333333334,0.5,465.0,0.0,0.0,387.0,115.0,0.0,0.0,0.0,45.0,0.0,0.0,36.0,23.0,0.0,0.0,0.0,0.0,0.0,0.0,36.0,0.0,0.0,0.0,0.0
C2_p9__baldwinian__s23,C2_p9__baldwinian,C2_p9,C2,baldwinian,23,1400,train,40,5.125,21,29,64.64609165279663,0.8958333333333334,0.5,446.0,0.0,0.0,427.0,97.0,0.0,0.0,0.0,49.0,0.0,0.0,42.0,23.0,0.0,0.0,0.0,0.0,0.0,0.0,42.0,0.0,0.0,0.0,0.0
C2_p9__baldwinian__s23,C2_p9__baldwinian,C2_p9,C2,baldwinian,23,1450,train,45,5.711111111111111,24,19,87.18949619443607,0.8125,0.5,401.0,0.0,0.0,509.0,101.0,0.0,0.0,0.0,52.0,0.0,0.0,30.0,23.0,0.0,0.0,0.0,0.0,0.0,0.0,30.0,0.0,0.0,0.0,0.0
C2_p9__baldwinian__s23,C2_p9__baldwinian,C2_p9,C2,baldwinian,23,1500,train,44,6.636363636363637,24,25,115.00594274067703,0.7083333333333334,0.5,353.0,0.0,0.0,482.0,90.0,0.0,0.0,0.0,39.0,0.0,0.0,38.0,16.0,0.0,0.0,0.0,0.0,0.0,0.0,38.0,0.0,0.0,0.0,0.0
C2_p9__baldwinian__s23,C2_p9__baldwinian,C2_p9,C2,baldwinian,23,1550,eval,50,6.14,26,20,110.74459266418555,0.75,0.5,419.0,0.0,0.0,482.0,59.0,0.0,0.0,51.0,35.0,0.0,0.0,24.0,5.0,0.0,0.0,5.0,0.0,0.0,0.0,24.0,0.0,0.0,0.0,5.0
C2_p9__baldwinian__s23,C2_p9__baldwinian,C2_p9,C2,baldwinian,23,1600,eval,50,6.22,21,21,132.21252727850913,0.7083333333333334,0.5,366.0,0.0,0.0,488.0,80.0,0.0,0.0,114.0,26.0,0.0,0.0,27.0,8.0,0.0,0.0,14.0,0.0,0.0,0.0,27.0,0.0,0.0,0.0,14.0
C2_p9__baldwinian__s23,C2_p9__baldwinian,C2_p9,C2,baldwinian,23,1650,eval,50,6.28,17,17,189.7438958067646,0.5833333333333334,0.5,449.0,0.0,0.0,518.0,84.0,0.0,0.0,56.0,43.0,0.0,0.0,29.0,5.0,0.0,0.0,6.0,0.0,0.0,0.0,29.0,0.0,0.0,0.0,6.0
C2_p9__baldwinian__s23,C2_p9__baldwinian,C2_p9,C2,baldwinian,23,1700,eval,50,6.3,9,9,208.12061665704968,0.4375,0.5,498.0,0.0,0.0,567.0,65.0,0.0,0.0,119.0,36.0,0.0,0.0,19.0,6.0,0.0,0.0,5.0,0.0,0.0,0.0,19.0,0.0,0.0,0.0,5.0
C2_p9__baldwinian__s23,C2_p9__baldwinian,C2_p9,C2,baldwinian,23,1750,eval,50,6.18,14,14,214.4174002263831,0.5,0.5,421.0,0.0,0.0,565.0,109.0,0.0,0.0,41.0,17.0,0.0,0.0,29.0,5.0,0.0,0.0,2.0,0.0,0.0,0.0,29.0,0.0,0.0,0.0,2.0
C2_p9__baldwinian__s23,C2_p9__baldwinian,C2_p9,C2,baldwinian,23,1800,eval,50,6.46,9,9,204.06376358298843,0.4166666666666667,0.5,698.0,0.0,0.0,684.0,168.0,0.0,0.0,50.0,38.0,0.0,0.0,24.0,3.0,0.0,0.0,2.0,0.0,0.0,0.0,24.0,0.0,0.0,0.0,2.0
C2_p9__baldwinian__s24,C2_p9__baldwinian,C2_p9,C2,baldwinian,24,50,train,50,0.94,40,10,126.85205724878584,0.7083333333333334,0.5,211.0,0.0,0.0,204.0,192.0,0.0,0.0,0.0,34.0,0.0,0.0,34.0,32.0,0.0,0.0,0.0,0.0,0.0,0.0,34.0,0.0,0.0,0.0,0.0
C2_p9__baldwinian__s24,C2_p9__baldwinian,C2_p9,C2,baldwinian,24,100,train,50,0.96,19,19,80.4697076187032,0.8125,0.5,387.0,0.0,0.0,373.0,103.0,0.0,0.0,0.0,40.0,0.0,0.0,37.0,21.0,0.0,0.0,0.0,0.0,0.0,0.0,37.0,0.0,0.0,0.0,0.0
C2_p9__baldwinian__s24,C2_p9__baldwinian,C2_p9,C2,baldwinian,24,150,train,50,0.98,19,19,94.6121220732336,0.7916666666666666,0.5,423.0,0.0,0.0,532.0,97.0,0.0,0.0,0.0,51.0,0.0,0.0,27.0,25.0,0.0,0.0,0.0,0.0,0.0,0.0,27.0,0.0,0.0,0.0,0.0
C2_p9__baldwinian__s24,C2_p9__baldwinian,C2_p9,C2,baldwinian,24,200,train,50,1.18,26,26,112.26970160897304,0.7708333333333334,0.5,443.0,0.0,0.0,435.0,103.0,0.0,0.0,0.0,47.0,0.0,0.0,39.0,16.0,0.0,0.0,0.0,0.0,0.0,0.0,39.0,0.0,0.0,0.0,0.0
C2_p9__baldwinian__s24,C2_p9__baldwinian,C2_p9,C2,baldwinian,24,250,train,50,1.16,20,20,82.51804971590211,0.875,0.5,370.0,0.0,0.0,342.0,145.0,0.0,0.0,0.0,47.0,0.0,0.0,31.0,26.0,0.0,0.0,0.0,0.0,0.0,0.0,31.0,0.0,0.0,0.0,0.0
C2_p9__baldwinian__s24,C2_p9__baldwinian,C2_p9,C2,baldwinian,24,300,train,49,1.346938775510204,20,21,72.55024016170671,0.8333333333333334,0.5,275.0,0.0,0.0,434.0,98.0,0.0,0.0,0.0,49.0,0.0,0.0,26.0,28.0,0.0,0.0,0.0,0.0,0.0,0.0,26.0,0.0,0.0,0.0,0.0
C2_p9__baldwinian__s24,C2_p9__baldwinian,C2_p9,C2,baldwinian,24,350,train,48,1.4583333333333333,17,18,66.36359143086298,0.8958333333333334,0.5,237.0,0.0,0.0,299.0,114.0,0.0,0.0,0.0,52.0,0.0,0.0,18.0,19.0,0.0,0.0,0.0,0.0,0.0,0.0,18.0,0.0,0.0,0.0,0.0
C2_p9__baldwinian__s24,C2_p9__baldwinian,C2_p9,C2,baldwinian,24,400,train,50,1.38,18,16,76.2765859199614,0.8125,0.5,355.0,0.0,0.0,404.0,103.0,0.0,0.0,0.0,59.0,0.0,0.0,27.0,28.0,0.0,0.0,0.0,0.0,0.0,0.0,27.0,0.0,0.0,0.0,0.0
C2_p9__baldwinian__s24,C2_p9__baldwinian,C2_p9,C2,baldwinian,24,450,train,50,1.28,18,18,59.51095858467488,0.9166666666666666,0.5,435.0,0.0,0.0,411.0,85.0,0.0,0.0,0.0,55.0,0.0,0.0,20.0,20.0,0.0,0.0,0.0,0.0,0.0,0.0,20.0,0.0,0.0,0.0,0.0
C2_p9__baldwinian__s24,C2_p9__baldwinian,C2_p9,C2,baldwinian,24,500,train,40,1.6,20,30,91.10503998880944,0.8333333333333334,0.5,276.0,0.0,0.0,416.0,111.0,0.0,0.0,0.0,55.0,0.0,0.0,34.0,19.0,0.0,0.0,0.0,0.0,0.0,0.0,34.0,0.0,0.0,0.0,0.0
C2_p9__baldwinian__s24,C2_p9__baldwinian,C2_p9,C2,baldwinian,24,550,train,35,1.8,17,22,69.67330021297727,0.8958333333333334,0.5,198.0,0.0,0.0,328.0,103.0,0.0,0.0,0.0,48.0,0.0,0.0,28.0,23.0,0.0,0.0,0.0,0.0,0.0,0.0,28.0,0.0,0.0,0.0,0.0
C2_p9__baldwinian__s24,C2_p9__baldwinian,C2_p9,C2,baldwinian,24,600,train,35,2.2857142857142856,22,22,132.21110075568805,0.6666666666666666,0.5,268.0,0.0,0.0,272.0,112.0,0.0,0.0,0.0,29.0,0.0,0.0,32.0,25.0,0.0,0.0,0.0,0.0,0.0,0.0,32.0,0.0,0.0,0.0,0.0
C2_p9__baldwinian__s24,C2_p9__baldwinian,C2_p9,C2,baldwinian,24,650,train,50,2.62,26,11,161.79576005797693,0.5833333333333334,0.5,312.0,0.0,0.0,363.0,86.0,0.0,0.0,0.0,27.0,0.0,0.0,29.0,18.0,0.0,0.0,0.0,0.0,0.0,0.0,29.0,0.0,0.0,0.0,0.0
C2_p9__baldwinian__s24,C2_p9__baldwinian,C2_p9,C2,baldwinian,24,700,train,50,2.66,13,13,94.57547309111642,0.7708333333333334,0.5,448.0,0.0,0.0,477.0,101.0,0.0,0.0,0.0,45.0,0.0,0.0,31.0,26.0,0.0,0.0,0.0,0.0,0.0,0.0,31.0,0.0,0.0,0.0,0.0
C2_p9__baldwinian__s24,C2_p9__baldwinian,C2_p9,C2,baldwinian,24,750,train,50,2.6,16,16,87.71642351882684,0.8333333333333334,0.5,510.0,0.0,0.0,655.0,174.0,0.0,0.0,0.0,39.0,0.0,0.0,35.0,29.0,0.0,0.0,0.0,0.0,0.0,0.0,35.0,0.0,0.0,0.0,0.0
C2_p9__baldwinian__s24,C2_p9__baldwinian,C2_p9,C2,baldwinian,24,800,train,50,2.6,19,19,100.59952643420911,0.7291666666666666,0.5,698.0,0.0,0.0,518.0,94.0,0.0,0.0,0.0,45.0,0.0,0.0,35.0,19.0,0.0,0.0,0.0,0.0,0.0,0.0,35.0,0.0,0.0,0.0,0.0
C2_p9__baldwinian__s24,C2_p9__baldwinian,C2_p9,C2,baldwinian,24,850,train,50,2.62,15,15,83.55340256779584,0.8333333333333334,0.5,542.0,0.0,0.0,381.0,122.0,0.0,0.0,0.0,54.0,0.0,0.0,26.0,21.0,0.0,0.0,0.0,0.0,0.0,0.0,26.0,0.0,0.0,0.0,0.0
C2_p9__baldwinian__s24,C2_p9__baldwinian,C2_p9,C2,baldwinian,24,900,train,50,2.8,19,19,122.91598921045957,0.6875,0.5,441.0,0.0,0.0,516.0,122.0,0.0,0.0,0.0,30.0,0.0,0.0,31.0,24.0,0.0,0.0,0.0,0.0,0.0,0.0,31.0,0.0,0.0,0.0,0.0
C2_p9__baldwinian__s24,C2_p9__baldwinian,C2_p9,C2,baldwinian,24,950,train,50,2.94,19,19,89.76514205427551,0.7916666666666666,0.5,531.0,0.0,0.0,409.0,115.0,0.0,0.0,0.0,41.0,0.0,0.0,28.0,23.0,0.0,0.0,0.0,0.0,0.0,0.0,28.0,0.0,0.0,0.0,0.0
C2_p9__baldwinian__s24,C2_p9__baldwinian,C2_p9,C2,baldwinian,24,1000,train,50,3.18,25,25,105.85682293092816,0.8541666666666666,0.5,413.0,0.0,0.0,456.0,90.0,0.0,0.0,0.0,50.0,0.0,0.0,39.0,12.0,0.0,0.0,0.0,0.0,0.0,0.0,39.0,0.0,0.0,0.0,0.0
C2_p9__baldwinian__s24,C2_p9__baldwinian,C2_p9,C2,baldwinian,24,1050,train,50,3.34,14,14,106.57674301230657,0.7291666666666666,0.5,453.0,0.0,0.0,671.0,86.0,0.0,0.0,0.0,44.0,0.0,0.0,22.0,21.0,0.0,0.0,0.0,0.0,0.0,0.0,22.0,0.0,0.0,0.0,0.0
C2_p9__baldwinian__s24,C2_p9__baldwinian,C2_p9,C2,baldwinian,24,1100,train,50,3.6,18,18,75.37194302282742,0.8541666666666666,0.5,483.0,0.0,0.0,378.0,78.0,0.0,0.0,0.0,61.0,0.0,0.0,25.0,22.0,0.0,0.0,0.0,0.0,0.0,0.0,25.0,0.0,0.0,0.0,0.0
C2_p9__baldwinian__s24,C2_p9__baldwinian,C2_p9,C2,baldwinian,24,1150,train,50,3.76,28,28,128.60687739387566,0.7083333333333334,0.5,309.0,0.0,0.0,268.0,102.0,0.0,0.0,0.0,37.0,0.0,0.0,19.0,23.0,0.0,0.0,0.0,0.0,0.0,0.0,19.0,0.0,0.0,0.0,0.0
C2_p9__baldwinian__s24,C2_p9__baldwinian,C2_p9,C2,baldwinian,24,1200,train,50,3.84,17,17,88.01400321761841,0.8541666666666666,0.5,347.0,0.0,0.0,348.0,69.0,0.0,0.0,0.0,54.0,0.0,0.0,31.0,19.0,0.0,0.0,0.0,0.0,0.0,0.0,31.0,0.0,0.0,0.0,0.0
C2_p9__baldwinian__s24,C2_p9__baldwinian,C2_p9,C2,baldwinian,24,1250,train,50,4.02,21,21,75.26335145795944,0.8125,0.5,266.0,0.0,0.0,301.0,134.0,0.0,0.0,0.0,40.0,0.0,0.0,30.0,25.0,0.0,0.0,0.0,0.0,0.0,0.0,30.0,0.0,0.0,0.0,0.0
C2_p9__baldwinian__s24,C2_p9__baldwinian,C2_p9,C2,baldwinian,24,1300,train,50,4.18,25,25,59.550125285115875,0.9166666666666666,0.5,394.0,0.0,0.0,457.0,87.0,0.0,0.0,0.0,50.0,0.0,0.0,32.0,25.0,0.0,0.0,0.0,0.0,0.0,0.0,32.0,0.0,0.0,0.0,0.0
C2_p9__baldwinian__s24,C2_p9__baldwinian,C2_p9,C2,baldwinian,24,1350,train,50,4.46,20,20,104.10919694816204,0.8333333333333334,0.5,266.0,0.0,0.0,496.0,110.0,0.0,0.0,0.0,31.0,0.0,0.0,34.0,23.0,0.0,0.0,0.0,0.0,0.0,0.0,34.0,0.0,0.0,0.0,0.0
C2_p9__baldwinian__s24,C2_p9__baldwinian,C2_p9,C2,baldwinian,24,1400,train,50,4.4,13,13,105.135346416821,0.75,0.5,447.0,0.0,0.0,499.0,126.0,0.0,0.0,0.0,39.0,0.0,0.0,31.0,25.0,0.0,0.0,0.0,0.0,0.0,0.0,31.0,0.0,0.0,0.0,0.0
C2_p9__baldwinian__s24,C2_p9__baldwinian,C2_p9,C2,baldwinian,24,1450,train,50,4.4,22,22,107.59672958813215,0.7916666666666666,0.5,386.0,0.0,0.0,510.0,135.0,0.0,0.0,0.0,52.0,0.0,0.0,34.0,22.0,0.0,0.0,0.0,0.0,0.0,0.0,34.0,0.0,0.0,0.0,0.0
C2_p9__baldwinian__s24,C2_p9__baldwinian,C2_p9,C2,baldwinian,24,1500,train,50,4.48,25,25,100.21093543759547,0.8125,0.5,343.0,0.0,0.0,426.0,157.0,0.0,0.0,0.0,53.0,0.0,0.0,36.0,17.0,0.0,0.0,0.0,0.0,0.0,0.0,36.0,0.0,0.0,0.0,0.0
C2_p9__baldwinian__s24,C2_p9__baldwinian,C2_p9,C2,baldwinian,24,1550,eval,50,4.82,25,25,125.68720737803282,0.6875,0.5,472.0,0.0,0.0,399.0,80.0,0.0,0.0,170.0,37.0,0.0,0.0,25.0,6.0,0.0,0.0,13.0,0.0,0.0,0.0,25.0,0.0,0.0,0.0,13.0
C2_p9__baldwinian__s24,C2_p9__baldwinian,C2_p9,C2,baldwinian,24,1600,eval,50,5.0,22,22,148.0417106633812,0.6041666666666666,0.5,530.0,0.0,0.0,478.0,134.0,0.0,0.0,98.0,33.0,0.0,0.0,31.0,12.0,0.0,0.0,8.0,0.0,0.0,0.0,31.0,0.0,0.0,0.0,8.0
C2_p9__baldwinian__s24,C2_p9__baldwinian,C2_p9,C2,baldwinian,24,1650,eval,50,5.1,22,22,160.77136342584868,0.6666666666666666,0.5,549.0,0.0,0.0,446.0,149.0,0.0,0.0,159.0,46.0,0.0,0.0,20.0,15.0,0.0,0.0,10.0,0.0,0.0,0.0,20.0,0.0,0.0,0.0,10.0
C2_p9__baldwinian__s24,C2_p9__baldwinian,C2_p9,C2,baldwinian,24,1700,eval,50,5.04,14,14,132.11260376340547,0.7291666666666666,0.5,414.0,0.0,0.0,450.0,210.0,0.0,0.0,49.0,38.0,0.0,0.0,31.0,12.0,0.0,0.0,5.0,0.0,0.0,0.0,31.0,0.0,0.0,0.0,5.0
C2_p9__baldwinian__s24,C2_p9__baldwinian,C2_p9,C2,baldwinian,24,1750,eval,50,5.22,22,22,157.90899665131548,0.6041666666666666,0.5,509.0,0.0,0.0,492.0,141.0,0.0,0.0,159.0,26.0,0.0,0.0,46.0,14.0,0.0,0.0,14.0,0.0,0.0,0.0,46.0,0.0,0.0,0.0,14.0
C2_p9__baldwinian__s24,C2_p9__baldwinian,C2_p9,C2,baldwinian,24,1800,eval,50,5.5,25,25,166.13815985241385,0.6041666666666666,0.5,483.0,0.0,0.0,493.0,152.0,0.0,0.0,62.0,30.0,0.0,0.0,34.0,12.0,0.0,0.0,5.0,0.0,0.0,0.0,34.0,0.0,0.0,0.0,5.0
C2_p9__baldwinian__s25,C2_p9__baldwinian,C2_p9,C2,baldwinian,25,50,train,47,0.9787234042553191,39,12,89.30254131532955,0.8333333333333334,0.5,185.0,0.0,0.0,247.0,123.0,0.0,0.0,0.0,42.0,0.0,0.0,41.0,39.0,0.0,0.0,0.0,0.0,0.0,0.0,41.0,0.0,0.0,0.0,0.0
C2_p9__baldwinian__s25,C2_p9__baldwinian,C2_p9,C2,baldwinian,25,100,train,36,1.0,9,20,78.50329233273115,0.8541666666666666,0.5,214.0,0.0,0.0,227.0,97.0,0.0,0.0,0.0,43.0,0.0,0.0,35.0,23.0,0.0,0.0,0.0,0.0,0.0,0.0,35.0,0.0,0.0,0.0,0.0
C2_p9__baldwinian__s25,C2_p9__baldwinian,C2_p9,C2,baldwinian,25,150,train,32,1.09375,17,21,85.17241555716053,0.8541666666666666,0.5,307.0,0.0,0.0,305.0,83.0,0.0,0.0,0.0,48.0,0.0,0.0,38.0,27.0,0.0,0.0,0.0,0.0,0.0,0.0,38.0,0.0,0.0,0.0,0.0
C2_p9__baldwinian__s25,C2_p9__baldwinian,C2_p9,C2,baldwinian,25,200,train,46,1.4782608695652173,26,12,131.25240699809177,0.6875,0.5,231.0,0.0,0.0,229.0,184.0,0.0,0.0,0.0,40.0,0.0,0.0,24.0,35.0,0.0,0.0,0.0,0.0,0.0,0.0,24.0,0.0,0.0,0.0,0.0
C2_p9__baldwinian__s25,C2_p9__baldwinian,C2_p9,C2,baldwinian,25,250,train,47,1.4893617021276595,12,11,81.84419089869004,0.8333333333333334,0.5,335.0,0.0,0.0,368.0,126.0,0.0,0.0,0.0,62.0,0.0,0.0,25.0,32.0,0.0,0.0,0.0,0.0,0.0,0.0,25.0,0.0,0.0,0.0,0.0
C2_p9__baldwinian__s25,C2_p9__baldwinian,C2_p9,C2,baldwinian,25,300,train,46,1.4782608695652173,15,16,74.42932930854748,0.8958333333333334,0.5,273.0,0.0,0.0,358.0,148.0,0.0,0.0,0.0,46.0,0.0,0.0,31.0,27.0,0.0,0.0,0.0,0.0,0.0,0.0,31.0,0.0,0.0,0.0,0.0
C2_p9__baldwinian__s25,C2_p9__baldwinian,C2_p9,C2,baldwinian,25,350,train,49,1.5714285714285714,21,18,102.47107840518541,0.7916666666666666,0.5,346.0,0.0,0.0,522.0,104.0,0.0,0.0,0.0,45.0,0.0,0.0,27.0,22.0,0.0,0.0,0.0,0.0,0.0,0.0,27.0,0.0,0.0,0.0,0.0
C2_p9__baldwinian__s25,C2_p9__baldwinian,C2_p9,C2,baldwinian,25,400,train,50,1.44,11,10,61.62942362842841,0.9166666666666666,0.5,403.0,0.0,0.0,284.0,153.0,0.0,0.0,0.0,65.0,0.0,0.0,16.0,29.0,0.0,0.0,0.0,0.0,0.0,0.0,16.0,0.0,0.0,0.0,0.0
C2_p9__baldwinian__s25,C2_p9__baldwinian,C2_p9,C2,baldwinian,25,450,train,50,1.42,18,18,40.23461418313853,0.9583333333333334,0.5,202.0,0.0,0.0,219.0,172.0,0.0,0.0,0.0,61.0,0.0,0.0,21.0,33.0,0.0,0.0,0.0,0.0,0.0,0.0,21.0,0.0,0.0,0.0,0.0
C2_p9__baldwinian__s25,C2_p9__baldwinian,C2_p9,C2,baldwinian,25,500,train,45,1.711111111111111,13,18,47.03179785081099,0.9375,0.5,212.0,0.0,0.0,340.0,80.0,0.0,0.0,0.0,45.0,0.0,0.0,19.0,26.0,0.0,0.0,0.0,0.0,0.0,0.0,19.0,0.0,0.0,0.0,0.0
C2_p9__baldwinian__s25,C2_p9__baldwinian,C2_p9,C2,baldwinian,25,550,train,33,2.242424242424242,16,28,151.56380518466932,0.6458333333333334,0.5,242.0,0.0,0.0,236.0,166.0,0.0,0.0,0.0,27.0,0.0,0.0,32.0,27.0,0.0,0.0,0.0,0.0,0.0,0.0,32.0,0.0,0.0,0.0,0.0
C2_p9__baldwinian__s25,C2_p9__baldwinian,C2_p9,C2,baldwinian,25,600,train,40,2.45,23,16,99.01596677654078,0.8333333333333334,0.5,238.0,0.0,0.0,301.0,116.0,0.0,0.0,0.0,51.0,0.0,0.0,27.0,29.0,0.0,0.0,0.0,0.0,0.0,0.0,27.0,0.0,0.0,0.0,0.0
C2_p9__baldwinian__s25,C2_p9__baldwinian,C2_p9,C2,baldwinian,25,650,train,50,2.84,30,20,73.30935702263864,0.8541666666666666,0.5,303.0,0.0,0.0,381.0,154.0,0.0,0.0,0.0,42.0,0.0,0.0,33.0,26.0,0.0,0.0,0.0,0.0,0.0,0.0,33.0,0.0,0.0,0.0,0.0
C2_p9__baldwinian__s25,C2_p9__baldwinian,C2_p9,C2,baldwinian,25,700,train,41,3.268292682926829,16,25,105.09672040626506,0.7916666666666666,0.5,213.0,0.0,0.0,446.0,160.0,0.0,0.0,0.0,25.0,0.0,0.0,33.0,35.0,0.0,0.0,0.0,0.0,0.0,0.0,33.0,0.0,0.0,0.0,0.0
C2_p9__baldwinian__s25,C2_p9__baldwinian,C2_p9,C2,baldwinian,25,750,train,42,3.642857142857143,24,23,148.05684899561746,0.6666666666666666,0.5,319.0,0.0,0.0,452.0,149.0,0.0,0.0,0.0,38.0,0.0,0.0,40.0,13.0,0.0,0.0,0.0,0.0,0.0,0.0,40.0,0.0,0.0,0.0,0.0
C2_p9__baldwinian__s25,C2_p9__baldwinian,C2_p9,C2,baldwinian,25,800,train,48,4.125,26,20,100.24181612626677,0.8125,0.5,392.0,0.0,0.0,333.0,191.0,0.0,0.0,0.0,41.0,0.0,0.0,33.0,33.0,0.0,0.0,0.0,0.0,0.0,0.0,33.0,0.0,0.0,0.0,0.0
C2_p9__baldwinian__s25,C2_p9__baldwinian,C2_p9,C2,baldwinian,25,850,train,50,4.24,14,12,76.89568904557606,0.875,0.5,359.0,0.0,0.0,326.0,159.0,0.0,0.0,0.0,50.0,0.0,0.0,21.0,36.0,0.0,0.0,0.0,0.0,0.0,0.0,21.0,0.0,0.0,0.0,0.0
C2_p9__baldwinian__s25,C2_p9__baldwinian,C2_p9,C2,baldwinian,25,900,train,50,4.22,15,15,104.2274108023807,0.7291666666666666,0.5,295.0,0.0,0.0,322.0,80.0,0.0,0.0,0.0,40.0,0.0,0.0,21.0,29.0,0.0,0.0,0.0,0.0,0.0,0.0,21.0,0.0,0.0,0.0,0.0
C2_p9__baldwinian__s25,C2_p9__baldwinian,C2_p9,C2,baldwinian,25,950,train,50,4.18,14,14,113.97194909698239,0.7291666666666666,0.5,383.0,0.0,0.0,451.0,107.0,0.0,0.0,0.0,45.0,0.0,0.0,25.0,41.0,0.0,0.0,0.0,0.0,0.0,0.0,25.0,0.0,0.0,0.0,0.0
C2_p9__baldwinian__s25,C2_p9__baldwinian,C2_p9,C2,baldwinian,25,1000,train,50,4.06,16,16,87.14270123688145,0.8541666666666666,0.5,452.0,0.0,0.0,383.0,94.0,0.0,0.0,0.0,48.0,0.0,0.0,26.0,27.0,0.0,0.0,0.0,0.0,0.0,0.0,26.0,0.0,0.0,0.0,0.0
C2_p9__baldwinian__s25,C2_p9__baldwinian,C2_p9,C2,baldwinian,25,1050,train,50,4.16,14,14,120.28880784181487,0.6666666666666666,0.5,421.0,0.0,0.0,419.0,125.0,0.0,0.0,0.0,39.0,0.0,0.0,20.0,29.0,0.0,0.0,0.0,0.0,0.0,0.0,20.0,0.0,0.0,0.0,0.0
C2_p9__baldwinian__s25,C2_p9__baldwinian,C2_p9,C2,baldwinian,25,1100,train,50,4.36,14,14,112.34926713165646,0.7708333333333334,0.5,433.0,0.0,0.0,395.0,172.0,0.0,0.0,0.0,64.0,0.0,0.0,21.0,19.0,0.0,0.0,0.0,0.0,0.0,0.0,21.0,0.0,0.0,0.0,0.0
C2_p9__baldwinian__s25,C2_p9__baldwinian,C2_p9,C2,baldwinian,25,1150,train,50,4.74,16,16,62.1576281591104,0.9375,0.5,270.0,0.0,0.0,287.0,294.0,0.0,0.0,0.0,51.0,0.0,0.0,27.0,41.0,0.0,0.0,0.0,0.0,0.0,0.0,27.0,0.0,0.0,0.0,0.0
C2_p9__baldwinian__s25,C2_p9__baldwinian,C2_p9,C2,baldwinian,25,1200,train,50,4.76,18,18,105.07815042381168,0.75,0.5,277.0,0.0,0.0,330.0,190.0,0.0,0.0,0.0,52.0,0.0,0.0,21.0,24.0,0.0,0.0,0.0,0.0,0.0,0.0,21.0,0.0,0.0,0.0,0.0
C2_p9__baldwinian__s25,C2_p9__baldwinian,C2_p9,C2,baldwinian,25,1250,train,50,4.98,17,17,74.91599055945622,0.8125,0.5,264.0,0.0,0.0,279.0,304.0,0.0,0.0,0.0,49.0,0.0,0.0,25.0,34.0,0.0,0.0,0.0,0.0,0.0,0.0,25.0,0.0,0.0,0.0,0.0
C2_p9__baldwinian__s25,C2_p9__baldwinian,C2_p9,C2,baldwinian,25,1300,train,50,5.06,24,24,85.67873491989421,0.8541666666666666,0.5,379.0,0.0,0.0,439.0,58.0,0.0,0.0,0.0,43.0,0.0,0.0,30.0,31.0,0.0,0.0,0.0,0.0,0.0,0.0,30.0,0.0,0.0,0.0,0.0
C2_p9__baldwinian__s25,C2_p9__baldwinian,C2_p9,C2,baldwinian,25,1350,train,50,5.16,21,21,113.9383154703813,0.7708333333333334,0.5,248.0,0.0,0.0,245.0,63.0,0.0,0.0,0.0,47.0,0.0,0.0,25.0,30.0,0.0,0.0,0.0,0.0,0.0,0.0,25.0,0.0,0.0,0.0,0.0
C2_p9__baldwinian__s25,C2_p9__baldwinian,C2_p9,C2,baldwinian,25,1400,train,50,5.24,19,19,101.3995807026104,0.7291666666666666,0.5,308.0,0.0,0.0,380.0,92.0,0.0,0.0,0.0,39.0,0.0,0.0,25.0,33.0,0.0,0.0,0.0,0.0,0.0,0.0,25.0,0.0,0.0,0.0,0.0
C2_p9__baldwinian__s25,C2_p9__baldwinian,C2_p9,C2,baldwinian,25,1450,train,50,5.22,17,17,101.58633555158853,0.8333333333333334,0.5,280.0,0.0,0.0,407.0,108.0,0.0,0.0,0.0,42.0,0.0,0.0,31.0,30.0,0.0,0.0,0.0,0.0,0.0,0.0,31.0,0.0,0.0,0.0,0.0
C2_p9__baldwinian__s25,C2_p9__baldwinian,C2_p9,C2,baldwinian,25,1500,train,50,5.6,17,17,80.60364098962063,0.8541666666666666,0.5,362.0,0.0,0.0,288.0,90.0,0.0,0.0,0.0,51.0,0.0,0.0,24.0,20.0,0.0,0.0,0.0,0.0,0.0,0.0,24.0,0.0,0.0,0.0,0.0
C2_p9__baldwinian__s25,C2_p9__baldwinian,C2_p9,C2,baldwinian,25,1550,eval,50,5.76,24,24,125.50517396003455,0.6666666666666666,0.5,260.0,0.0,0.0,444.0,99.0,0.0,0.0,132.0,39.0,0.0,0.0,27.0,10.0,0.0,0.0,15.0,0.0,0.0,0.0,27.0,0.0,0.0,0.0,15.0
C2_p9__baldwinian__s25,C2_p9__baldwinian,C2_p9,C2,baldwinian,25,1600,eval,50,5.8,19,19,149.1202540496253,0.625,0.5,419.0,0.0,0.0,254.0,143.0,0.0,0.0,207.0,46.0,0.0,0.0,19.0,6.0,0.0,0.0,23.0,0.0,0.0,0.0,19.0,0.0,0.0,0.0,23.0
C2_p9__baldwinian__s25,C2_p9__baldwinian,C2_p9,C2,baldwinian,25,1650,eval,50,5.9,16,16,171.91368532865764,0.6458333333333334,0.5,338.0,0.0,0.0,321.0,204.0,0.0,0.0,111.0,44.0,0.0,0.0,27.0,22.0,0.0,0.0,6.0,0.0,0.0,0.0,27.0,0.0,0.0,0.0,6.0
C2_p9__baldwinian__s25,C2_p9__baldwinian,C2_p9,C2,baldwinian,25,1700,eval,50,6.08,15,15,205.27096727221084,0.4791666666666667,0.5,433.0,0.0,0.0,416.0,192.0,0.0,0.0,144.0,33.0,0.0,0.0,22.0,10.0,0.0,0.0,3.0,0.0,0.0,0.0,22.0,0.0,0.0,0.0,3.0
C2_p9__baldwinian__s25,C2_p9__baldwinian,C2_p9,C2,baldwinian,25,1750,eval,50,6.02,8,8,219.22371461309152,0.4166666666666667,0.5,359.0,0.0,0.0,575.0,152.0,0.0,0.0,149.0,39.0,0.0,0.0,30.0,5.0,0.0,0.0,4.0,0.0,0.0,0.0,30.0,0.0,0.0,0.0,4.0
C2_p9__baldwinian__s25,C2_p9__baldwinian,C2_p9,C2,baldwinian,25,1800,eval,50,6.04,9,9,207.21028019021125,0.4583333333333333,0.5,531.0,0.0,0.0,502.0,173.0,0.0,0.0,185.0,44.0,0.0,0.0,21.0,3.0,0.0,0.0,14.0,0.0,0.0,0.0,21.0,0.0,0.0,0.0,14.0
C2_p9__baldwinian__s26,C2_p9__baldwinian,C2_p9,C2,baldwinian,26,50,train,50,0.82,37,7,119.38861898570778,0.7291666666666666,0.5,252.0,0.0,0.0,282.0,120.0,0.0,0.0,0.0,46.0,0.0,0.0,38.0,17.0,0.0,0.0,0.0,0.0,0.0,0.0,38.0,0.0,0.0,0.0,0.0
C2_p9__baldwinian__s26,C2_p9__baldwinian,C2_p9,C2,baldwinian,26,100,train,50,0.88,9,9,79.18011095436663,0.875,0.5,428.0,0.0,0.0,555.0,90.0,0.0,0.0,0.0,50.0,0.0,0.0,40.0,23.0,0.0,0.0,0.0,0.0,0.0,0.0,40.0,0.0,0.0,0.0,0.0
C2_p9__baldwinian__s26,C2_p9__baldwinian,C2_p9,C2,baldwinian,26,150,train,50,0.84,18,18,111.6322334718556,0.7083333333333334,0.5,433.0,0.0,0.0,611.0,64.0,0.0,0.0,0.0,40.0,0.0,0.0,42.0,22.0,0.0,0.0,0.0,0.0,0.0,0.0,42.0,0.0,0.0,0.0,0.0
C2_p9__baldwinian__s26,C2_p9__baldwinian,C2_p9,C2,baldwinian,26,200,train,50,0.86,20,20,77.77942472511029,0.875,0.5,447.0,0.0,0.0,520.0,82.0,0.0,0.0,0.0,41.0,0.0,0.0,36.0,23.0,0.0,0.0,0.0,0.0,0.0,0.0,36.0,0.0,0.0,0.0,0.0
C2_p9__baldwinian__s26,C2_p9__baldwinian,C2_p9,C2,baldwinian,26,250,train,50,0.88,14,14,104.745978091847,0.7291666666666666,0.5,458.0,0.0,0.0,493.0,109.0,0.0,0.0,0.0,32.0,0.0,0.0,37.0,24.0,0.0,0.0,0.0,0.0,0.0,0.0,37.0,0.0,0.0,0.0,0.0
C2_p9__baldwinian__s26,C2_p9__baldwinian,C2_p9,C2,baldwinian,26,300,train,50,0.9,15,15,107.966370812256,0.75,0.5,548.0,0.0,0.0,612.0,145.0,0.0,0.0,0.0,57.0,0.0,0.0,24.0,21.0,0.0,0.0,0.0,0.0,0.0,0.0,24.0,0.0,0.0,0.0,0.0
C2_p9__baldwinian__s26,C2_p9__baldwinian,C2_p9,C2,baldwinian,26,350,train,50,0.88,12,12,75.09432478111194,0.875,0.5,617.0,0.0,0.0,409.0,93.0,0.0,0.0,0.0,60.0,0.0,0.0,27.0,16.0,0.0,0.0,0.0,0.0,0.0,0.0,27.0,0.0,0.0,0.0,0.0
C2_p9__baldwinian__s26,C2_p9__baldwinian,C2_p9,C2,baldwinian,26,400,train,50,0.88,14,14,117.09502157920085,0.7708333333333334,0.5,312.0,0.0,0.0,388.0,177.0,0.0,0.0,0.0,35.0,0.0,0.0,25.0,29.0,0.0,0.0,0.0,0.0,0.0,0.0,25.0,0.0,0.0,0.0,0.0
C2_p9__baldwinian__s26,C2_p9__baldwinian,C2_p9,C2,baldwinian,26,450,train,50,0.9,13,13,118.01152638773044,0.7291666666666666,0.5,570.0,0.0,0.0,454.0,52.0,0.0,0.0,0.0,65.0,0.0,0.0,17.0,15.0,0.0,0.0,0.0,0.0,0.0,0.0,17.0,0.0,0.0,0.0,0.0
C2_p9__baldwinian__s26,C2_p9__baldwinian,C2_p9,C2,baldwinian,26,500,train,50,1.26,22,22,67.44932376914089,0.875,0.5,456.0,0.0,0.0,557.0,59.0,0.0,0.0,0.0,56.0,0.0,0.0,30.0,21.0,0.0,0.0,0.0,0.0,0.0,0.0,30.0,0.0,0.0,0.0,0.0
C2_p9__baldwinian__s26,C2_p9__baldwinian,C2_p9,C2,baldwinian,26,550,train,50,1.82,33,33,100.5703689554583,0.7291666666666666,0.5,324.0,0.0,0.0,364.0,60.0,0.0,0.0,0.0,42.0,0.0,0.0,39.0,14.0,0.0,0.0,0.0,0.0,0.0,0.0,39.0,0.0,0.0,0.0,0.0
C2_p9__baldwinian__s26,C2_p9__baldwinian,C2_p9,C2,baldwinian,26,600,train,50,1.74,15,15,103.95964668285836,0.7291666666666666,0.5,301.0,0.0,0.0,351.0,155.0,0.0,0.0,0.0,51.0,0.0,0.0,28.0,19.0,0.0,0.0,0.0,0.0,0.0,0.0,28.0,0.0,0.0,0.0,0.0
C2_p9__baldwinian__s26,C2_p9__baldwinian,C2_p9,C2,baldwinian,26,650,train,50,1.72,21,21,132.6774147939334,0.6666666666666666,0.5,365.0,0.0,0.0,469.0,141.0,0.0,0.0,0.0,38.0,0.0,0.0,30.0,20.0,0.0,0.0,0.0,0.0,0.0,0.0,30.0,0.0,0.0,0.0,0.0
C2_p9__baldwinian__s26,C2_p9__baldwinian,C2_p9,C2,baldwinian,26,700,train,50,1.78,16,16,134.3403084701852,0.7083333333333334,0.5,425.0,0.0,0.0,425.0,101.0,0.0,0.0,0.0,44.0,0.0,0.0,33.0,22.0,0.0,0.0,0.0,0.0,0.0,0.0,33.0,0.0,0.0,0.0,0.0
C2_p9__baldwinian__s26,C2_p9__baldwinian,C2_p9,C2,baldwinian,26,750,train,50,1.84,19,19,137.33448670583994,0.6041666666666666,0.5,312.0,0.0,0.0,370.0,126.0,0.0,0.0,0.0,45.0,0.0,0.0,24.0,14.0,0.0,0.0,0.0,0.0,0.0,0.0,24.0,0.0,0.0,0.0,0.0
C2_p9__baldwinian__s26,C2_p9__baldwinian,C2_p9,C2,baldwinian,26,800,train,50,1.88,15,15,77.34950410831223,0.8333333333333334,0.5,498.0,0.0,0.0,459.0,134.0,0.0,0.0,0.0,66.0,0.0,0.0,23.0,26.0,0.0,0.0,0.0,0.0,0.0,0.0,23.0,0.0,0.0,0.0,0.0
C2_p9__baldwinian__s26,C2_p9__baldwinian,C2_p9,C2,baldwinian,26,850,train,50,1.96,21,21,136.98081676812268,0.7083333333333334,0.5,381.0,0.0,0.0,311.0,117.0,0.0,0.0,0.0,45.0,0.0,0.0,25.0,20.0,0.0,0.0,0.0,0.0,0.0,0.0,25.0,0.0,0.0,0.0,0.0
C2_p9__baldwinian__s26,C2_p9__baldwinian,C2_p9,C2,baldwinian,26,900,train,50,1.94,10,10,108.06639232501095,0.7291666666666666,0.5,336.0,0.0,0.0,386.0,115.0,0.0,0.0,0.0,48.0,0.0,0.0,25.0,11.0,0.0,0.0,0.0,0.0,0.0,0.0,25.0,0.0,0.0,0.0,0.0
C2_p9__baldwinian__s26,C2_p9__baldwinian,C2_p9,C2,baldwinian,26,950,train,50,2.0,17,17,132.3208576754129,0.625,0.5,344.0,0.0,0.0,495.0,123.0,0.0,0.0,0.0,41.0,0.0,0.0,27.0,23.0,0.0,0.0,0.0,0.0,0.0,0.0,27.0,0.0,0.0,0.0,0.0
C2_p9__baldwinian__s26,C2_p9__baldwinian,C2_p9,C2,baldwinian,26,1000,train,50,2.3,21,21,107.26031220838456,0.7291666666666666,0.5,252.0,0.0,0.0,557.0,107.0,0.0,0.0,0.0,65.0,0.0,0.0,29.0,23.0,0.0,0.0,0.0,0.0,0.0,0.0,29.0,0.0,0.0,0.0,0.0
C2_p9__baldwinian__s26,C2_p9__baldwinian,C2_p9,C2,baldwinian,26,1050,train,50,2.6,22,22,116.944868215367,0.7916666666666666,0.5,292.0,0.0,0.0,338.0,46.0,0.0,0.0,0.0,56.0,0.0,0.0,23.0,13.0,0.0,0.0,0.0,0.0,0.0,0.0,23.0,0.0,0.0,0.0,0.0
C2_p9__baldwinian__s26,C2_p9__baldwinian,C2_p9,C2,baldwinian,26,1100,train,50,2.68,22,22,85.93996926985635,0.8125,0.5,325.0,0.0,0.0,426.0,66.0,0.0,0.0,0.0,57.0,0.0,0.0,27.0,10.0,0.0,0.0,0.0,0.0,0.0,0.0,27.0,0.0,0.0,0.0,0.0
C2_p9__baldwinian__s26,C2_p9__baldwinian,C2_p9,C2,baldwinian,26,1150,train,50,2.78,21,21,97.71359286206264,0.7291666666666666,0.5,423.0,0.0,0.0,318.0,166.0,0.0,0.0,0.0,54.0,0.0,0.0,21.0,24.0,0.0,0.0,0.0,0.0,0.0,0.0,21.0,0.0,0.0,0.0,0.0
C2_p9__baldwinian__s26,C2_p9__baldwinian,C2_p9,C2,baldwinian,26,1200,train,50,2.86,25,25,76.73703434291374,0.8541666666666666,0.5,380.0,0.0,0.0,414.0,144.0,0.0,0.0,0.0,57.0,0.0,0.0,30.0,12.0,0.0,0.0,0.0,0.0,0.0,0.0,30.0,0.0,0.0,0.0,0.0
C2_p9__baldwinian__s26,C2_p9__baldwinian,C2_p9,C2,baldwinian,26,1250,train,50,2.94,15,15,124.2598246149701,0.75,0.5,200.0,0.0,0.0,353.0,159.0,0.0,0.0,0.0,29.0,0.0,0.0,26.0,22.0,0.0,0.0,0.0,0.0,0.0,0.0,26.0,0.0,0.0,0.0,0.0
C2_p9__baldwinian__s26,C2_p9__baldwinian,C2_p9,C2,baldwinian,26,1300,train,50,3.04,15,15,121.47169638211527,0.7083333333333334,0.5,342.0,0.0,0.0,478.0,30.0,0.0,0.0,0.0,71.0,0.0,0.0,23.0,14.0,0.0,0.0,0.0,0.0,0.0,0.0,23.0,0.0,0.0,0.0,0.0
C2_p9__baldwinian__s26,C2_p9__baldwinian,C2_p9,C2,baldwinian,26,1350,train,50,3.0,19,19,170.20838325726496,0.6041666666666666,0.5,435.0,0.0,0.0,408.0,48.0,0.0,0.0,0.0,27.0,0.0,0.0,29.0,16.0,0.0,0.0,0.0,0.0,0.0,0.0,29.0,0.0,0.0,0.0,0.0
C2_p9__baldwinian__s26,C2_p9__baldwinian,C2_p9,C2,baldwinian,26,1400,train,50,3.06,16,16,118.20774620902341,0.6458333333333334,0.5,534.0,0.0,0.0,447.0,95.0,0.0,0.0,0.0,53.0,0.0,0.0,19.0,21.0,0.0,0.0,0.0,0.0,0.0,0.0,19.0,0.0,0.0,0.0,0.0
C2_p9__baldwinian__s26,C2_p9__baldwinian,C2_p9,C2,baldwinian,26,1450,train,50,3.26,21,21,118.08881717438956,0.7708333333333334,0.5,403.0,0.0,0.0,368.0,73.0,0.0,0.0,0.0,58.0,0.0,0.0,33.0,16.0,0.0,0.0,0.0,0.0,0.0,0.0,33.0,0.0,0.0,0.0,0.0
C2_p9__baldwinian__s26,C2_p9__baldwinian,C2_p9,C2,baldwinian,26,1500,train,50,3.48,21,21,117.0429334699244,0.7708333333333334,0.5,430.0,0.0,0.0,361.0,22.0,0.0,0.0,0.0,46.0,0.0,0.0,33.0,9.0,0.0,0.0,0.0,0.0,0.0,0.0,33.0,0.0,0.0,0.0,0.0
C2_p9__baldwinian__s26,C2_p9__baldwinian,C2_p9,C2,baldwinian,26,1550,eval,50,3.56,20,20,129.70049935466426,0.625,0.5,520.0,0.0,0.0,429.0,41.0,0.0,0.0,36.0,60.0,0.0,0.0,27.0,10.0,0.0,0.0,4.0,0.0,0.0,0.0,27.0,0.0,0.0,0.0,4.0
C2_p9__baldwinian__s26,C2_p9__baldwinian,C2_p9,C2,baldwinian,26,1600,eval,50,3.68,27,27,129.55434890853198,0.7708333333333334,0.5,579.0,0.0,0.0,438.0,50.0,0.0,0.0,110.0,48.0,0.0,0.0,38.0,8.0,0.0,0.0,12.0,0.0,0.0,0.0,38.0,0.0,0.0,0.0,12.0
C2_p9__baldwinian__s26,C2_p9__baldwinian,C2_p9,C2,baldwinian,26,1650,eval,50,3.76,14,14,184.1360614587602,0.5208333333333334,0.5,513.0,0.0,0.0,494.0,80.0,0.0,0.0,87.0,38.0,0.0,0.0,25.0,4.0,0.0,0.0,8.0,0.0,0.0,0.0,25.0,0.0,0.0,0.0,8.0
C2_p9__baldwinian__s26,C2_p9__baldwinian,C2_p9,C2,baldwinian,26,1700,eval,50,3.84,16,16,164.2017265293785,0.625,0.5,569.0,0.0,0.0,494.0,91.0,0.0,0.0,145.0,57.0,0.0,0.0,25.0,9.0,0.0,0.0,4.0,0.0,0.0,0.0,25.0,0.0,0.0,0.0,4.0
C2_p9__baldwinian__s26,C2_p9__baldwinian,C2_p9,C2,baldwinian,26,1750,eval,50,3.88,14,14,213.40038614277,0.4375,0.5,426.0,0.0,0.0,417.0,70.0,0.0,0.0,110.0,25.0,0.0,0.0,27.0,11.0,0.0,0.0,7.0,0.0,0.0,0.0,27.0,0.0,0.0,0.0,7.0
C2_p9__baldwinian__s26,C2_p9__baldwinian,C2_p9,C2,baldwinian,26,1800,eval,50,3.98,12,12,234.3757454746349,0.2916666666666667,0.5,466.0,0.0,0.0,363.0,54.0,0.0,0.0,104.0,24.0,0.0,0.0,27.0,1.0,0.0,0.0,8.0,0.0,0.0,0.0,27.0,0.0,0.0,0.0,8.0
C2_p9__baldwinian__s27,C2_p9__baldwinian,C2_p9,C2,baldwinian,27,50,train,50,0.88,44,14,71.51787318225763,0.8541666666666666,0.5,252.0,0.0,0.0,266.0,136.0,0.0,0.0,0.0,46.0,0.0,0.0,47.0,17.0,0.0,0.0,0.0,0.0,0.0,0.0,47.0,0.0,0.0,0.0,0.0
C2_p9__baldwinian__s27,C2_p9__baldwinian,C2_p9,C2,baldwinian,27,100,train,48,1.0,19,21,91.40659154686875,0.8125,0.5,401.0,0.0,0.0,280.0,155.0,0.0,0.0,0.0,37.0,0.0,0.0,36.0,17.0,0.0,0.0,0.0,0.0,0.0,0.0,36.0,0.0,0.0,0.0,0.0
C2_p9__baldwinian__s27,C2_p9__baldwinian,C2_p9,C2,baldwinian,27,150,train,49,1.2040816326530612,23,22,57.70345384414209,0.9166666666666666,0.5,426.0,0.0,0.0,381.0,205.0,0.0,0.0,0.0,57.0,0.0,0.0,34.0,24.0,0.0,0.0,0.0,0.0,0.0,0.0,34.0,0.0,0.0,0.0,0.0
C2_p9__baldwinian__s27,C2_p9__baldwinian,C2_p9,C2,baldwinian,27,200,train,47,1.2553191489361701,18,20,101.86047284418427,0.75,0.5,329.0,0.0,0.0,289.0,134.0,0.0,0.0,0.0,47.0,0.0,0.0,16.0,25.0,0.0,0.0,0.0,0.0,0.0,0.0,16.0,0.0,0.0,0.0,0.0
C2_p9__baldwinian__s27,C2_p9__baldwinian,C2_p9,C2,baldwinian,27,250,train,46,1.434782608695652,25,26,73.86157594775469,0.8958333333333334,0.5,298.0,0.0,0.0,452.0,94.0,0.0,0.0,0.0,50.0,0.0,0.0,42.0,15.0,0.0,0.0,0.0,0.0,0.0,0.0,42.0,0.0,0.0,0.0,0.0
C2_p9__baldwinian__s27,C2_p9__baldwinian,C2_p9,C2,baldwinian,27,300,train,50,1.44,17,13,79.03529881652283,0.875,0.5,236.0,0.0,0.0,397.0,117.0,0.0,0.0,0.0,55.0,0.0,0.0,24.0,21.0,0.0,0.0,0.0,0.0,0.0,0.0,24.0,0.0,0.0,0.0,0.0
C2_p9__baldwinian__s27,C2_p9__baldwinian,C2_p9,C2,baldwinian,27,350,train,50,1.6,20,20,58.67959166294263,0.9166666666666666,0.5,375.0,0.0,0.0,439.0,86.0,0.0,0.0,0.0,63.0,0.0,0.0,27.0,23.0,0.0,0.0,0.0,0.0,0.0,0.0,27.0,0.0,0.0,0.0,0.0
C2_p9__baldwinian__s27,C2_p9__baldwinian,C2_p9,C2,baldwinian,27,400,train,50,1.54,14,14,87.11988361848681,0.8333333333333334,0.5,360.0,0.0,0.0,355.0,87.0,0.0,0.0,0.0,56.0,0.0,0.0,24.0,22.0,0.0,0.0,0.0,0.0,0.0,0.0,24.0,0.0,0.0,0.0,0.0
C2_p9__baldwinian__s27,C2_p9__baldwinian,C2_p9,C2,baldwinian,27,450,train,50,1.88,24,24,101.6952110936346,0.75,0.5,413.0,0.0,0.0,320.0,78.0,0.0,0.0,0.0,52.0,0.0,0.0,21.0,24.0,0.0,0.0,0.0,0.0,0.0,0.0,21.0,0.0,0.0,0.0,0.0
C2_p9__baldwinian__s27,C2_p9__baldwinian,C2_p9,C2,baldwinian,27,500,train,50,2.02,15,15,53.52164322009702,0.8958333333333334,0.5,306.0,0.0,0.0,468.0,97.0,0.0,0.0,0.0,60.0,0.0,0.0,24.0,19.0,0.0,0.0,0.0,0.0,0.0,0.0,24.0,0.0,0.0,0.0,0.0
C2_p9__baldwinian__s27,C2_p9__baldwinian,C2_p9,C2,baldwinian,27,550,train,43,2.7209302325581395,23,30,79.82066284236117,0.8333333333333334,0.5,339.0,0.0,0.0,308.0,75.0,0.0,0.0,0.0,50.0,0.0,0.0,37.0,25.0,0.0,0.0,0.0,0.0,0.0,0.0,37.0,0.0,0.0,0.0,0.0
C2_p9__baldwinian__s27,C2_p9__baldwinian,C2_p9,C2,baldwinian,27,600,train,43,2.953488372093023,16,16,92.65163715987546,0.8541666666666666,0.5,313.0,0.0,0.0,260.0,84.0,0.0,0.0,0.0,50.0,0.0,0.0,27.0,22.0,0.0,0.0,0.0,0.0,0.0,0.0,27.0,0.0,0.0,0.0,0.0
C2_p9__baldwinian__s27,C2_p9__baldwinian,C2_p9,C2,baldwinian,27,650,train,46,3.0217391304347827,17,14,59.553046525434965,0.9166666666666666,0.5,321.0,0.0,0.0,232.0,85.0,0.0,0.0,0.0,62.0,0.0,0.0,17.0,26.0,0.0,0.0,0.0,0.0,0.0,0.0,17.0,0.0,0.0,0.0,0.0
C2_p9__baldwinian__s27,C2_p9__baldwinian,C2_p9,C2,baldwinian,27,700,train,40,3.275,17,23,104.76872814989851,0.7916666666666666,0.5,264.0,0.0,0.0,271.0,101.0,0.0,0.0,0.0,47.0,0.0,0.0,25.0,18.0,0.0,0.0,0.0,0.0,0.0,0.0,25.0,0.0,0.0,0.0,0.0
C2_p9__baldwinian__s27,C2_p9__baldwinian,C2_p9,C2,baldwinian,27,750,train,39,3.5384615384615383,15,16,113.7009692396434,0.7708333333333334,0.5,250.0,0.0,0.0,154.0,182.0,0.0,0.0,0.0,53.0,0.0,0.0,20.0,21.0,0.0,0.0,0.0,0.0,0.0,0.0,20.0,0.0,0.0,0.0,0.0
C2_p9__baldwinian__s27,C2_p9__baldwinian,C2_p9,C2,baldwinian,27,800,train,39,4.076923076923077,20,20,144.87342960120046,0.7083333333333334,0.5,228.0,0.0,0.0,199.0,111.0,0.0,0.0,0.0,48.0,0.0,0.0,24.0,14.0,0.0,0.0,0.0,0.0,0.0,0.0,24.0,0.0,0.0,0.0,0.0
C2_p9__baldwinian__s27,C2_p9__baldwinian,C2_p9,C2,baldwinian,27,850,train,41,4.2439024390243905,21,19,87.16191889810109,0.75,0.5,293.0,0.0,0.0,371.0,101.0,0.0,0.0,0.0,47.0,0.0,0.0,49.0,22.0,0.0,0.0,0.0,0.0,0.0,0.0,49.0,0.0,0.0,0.0,0.0
C2_p9__baldwinian__s27,C2_p9__baldwinian,C2_p9,C2,baldwinian,27,900,train,50,4.48,25,16,89.92608059389534,0.8541666666666666,0.5,449.0,0.0,0.0,382.0,151.0,0.0,0.0,0.0,58.0,0.0,0.0,29.0,18.0,0.0,0.0,0.0,0.0,0.0,0.0,29.0,0.0,0.0,0.0,0.0
C2_p9__baldwinian__s27,C2_p9__baldwinian,C2_p9,C2,baldwinian,27,950,train,50,4.48,23,23,129.48191809647616,0.7708333333333334,0.5,377.0,0.0,0.0,387.0,120.0,0.0,0.0,0.0,49.0,0.0,0.0,26.0,17.0,0.0,0.0,0.0,0.0,0.0,0.0,26.0,0.0,0.0,0.0,0.0
C2_p9__baldwinian__s27,C2_p9__baldwinian,C2_p9,C2,baldwinian,27,1000,train,50,4.44,16,16,84.96386803871374,0.75,0.5,464.0,0.0,0.0,445.0,63.0,0.0,0.0,0.0,55.0,0.0,0.0,30.0,21.0,0.0,0.0,0.0,0.0,0.0,0.0,30.0,0.0,0.0,0.0,0.0
C2_p9__baldwinian__s27,C2_p9__baldwinian,C2_p9,C2,baldwinian,27,1050,train,50,4.7,15,15,78.29529601712647,0.9166666666666666,0.5,481.0,0.0,0.0,264.0,111.0,0.0,0.0,0.0,72.0,0.0,0.0,22.0,15.0,0.0,0.0,0.0,0.0,0.0,0.0,22.0,0.0,0.0,0.0,0.0
C2_p9__baldwinian__s27,C2_p9__baldwinian,C2_p9,C2,baldwinian,27,1100,train,50,4.64,16,16,94.1882223191751,0.8125,0.5,370.0,0.0,0.0,520.0,155.0,0.0,0.0,0.0,55.0,0.0,0.0,27.0,23.0,0.0,0.0,0.0,0.0,0.0,0.0,27.0,0.0,0.0,0.0,0.0
C2_p9__baldwinian__s27,C2_p9__baldwinian,C2_p9,C2,baldwinian,27,1150,train,50,4.84,14,14,96.73204520388586,0.7083333333333334,0.5,307.0,0.0,0.0,412.0,143.0,0.0,0.0,0.0,57.0,0.0,0.0,22.0,16.0,0.0,0.0,0.0,0.0,0.0,0.0,22.0,0.0,0.0,0.0,0.0
C2_p9__baldwinian__s27,C2_p9__baldwinian,C2_p9,C2,baldwinian,27,1200,train,50,4.96,14,14,82.25700886330347,0.8125,0.5,374.0,0.0,0.0,491.0,163.0,0.0,0.0,0.0,62.0,0.0,0.0,29.0,22.0,0.0,0.0,0.0,0.0,0.0,0.0,29.0,0.0,0.0,0.0,0.0
C2_p9__baldwinian__s27,C2_p9__baldwinian,C2_p9,C2,baldwinian,27,1250,train,50,5.04,13,13,81.5363731657368,0.8541666666666666,0.5,373.0,0.0,0.0,216.0,147.0,0.0,0.0,0.0,78.0,0.0,0.0,14.0,19.0,0.0,0.0,0.0,0.0,0.0,0.0,14.0,0.0,0.0,0.0,0.0
C2_p9__baldwinian__s27,C2_p9__baldwinian,C2_p9,C2,baldwinian,27,1300,train,50,5.24,16,16,101.25379264561973,0.7916666666666666,0.5,296.0,0.0,0.0,389.0,117.0,0.0,0.0,0.0,42.0,0.0,0.0,29.0,19.0,0.0,0.0,0.0,0.0,0.0,0.0,29.0,0.0,0.0,0.0,0.0
C2_p9__baldwinian__s27,C2_p9__baldwinian,C2_p9,C2,baldwinian,27,1350,train,50,5.48,25,25,99.40645992203487,0.7708333333333334,0.5,396.0,0.0,0.0,428.0,148.0,0.0,0.0,0.0,48.0,0.0,0.0,35.0,22.0,0.0,0.0,0.0,0.0,0.0,0.0,35.0,0.0,0.0,0.0,0.0
C2_p9__baldwinian__s27,C2_p9__baldwinian,C2_p9,C2,baldwinian,27,1400,train,50,5.56,15,15,101.46295279571886,0.7916666666666666,0.5,262.0,0.0,0.0,352.0,118.0,0.0,0.0,0.0,58.0,0.0,0.0,26.0,21.0,0.0,0.0,0.0,0.0,0.0,0.0,26.0,0.0,0.0,0.0,0.0
C2_p9__baldwinian__s27,C2_p9__baldwinian,C2_p9,C2,baldwinian,27,1450,train,50,5.8,22,22,108.90453485228036,0.8125,0.5,384.0,0.0,0.0,378.0,73.0,0.0,0.0,0.0,55.0,0.0,0.0,30.0,20.0,0.0,0.0,0.0,0.0,0.0,0.0,30.0,0.0,0.0,0.0,0.0
C2_p9__baldwinian__s27,C2_p9__baldwinian,C2_p9,C2,baldwinian,27,1500,train,50,5.62,21,21,100.87549453412078,0.8333333333333334,0.5,384.0,0.0,0.0,394.0,116.0,0.0,0.0,0.0,48.0,0.0,0.0,27.0,22.0,0.0,0.0,0.0,0.0,0.0,0.0,27.0,0.0,0.0,0.0,0.0
C2_p9__baldwinian__s27,C2_p9__baldwinian,C2_p9,C2,baldwinian,27,1550,eval,50,5.8,19,19,159.08551937700042,0.6458333333333334,0.5,285.0,0.0,0.0,529.0,67.0,0.0,0.0,65.0,41.0,0.0,0.0,25.0,9.0,0.0,0.0,2.0,0.0,0.0,0.0,25.0,0.0,0.0,0.0,2.0
C2_p9__baldwinian__s27,C2_p9__baldwinian,C2_p9,C2,baldwinian,27,1600,eval,50,5.94,31,31,113.05444658129196,0.8125,0.5,493.0,0.0,0.0,414.0,78.0,0.0,0.0,79.0,50.0,0.0,0.0,33.0,12.0,0.0,0.0,2.0,0.0,0.0,0.0,33.0,0.0,0.0,0.0,2.0
C2_p9__baldwinian__s27,C2_p9__baldwinian,C2_p9,C2,baldwinian,27,1650,eval,50,5.9,22,22,134.6263308547347,0.6666666666666666,0.5,499.0,0.0,0.0,399.0,130.0,0.0,0.0,71.0,50.0,0.0,0.0,33.0,11.0,0.0,0.0,6.0,0.0,0.0,0.0,33.0,0.0,0.0,0.0,6.0
C2_p9__baldwinian__s27,C2_p9__baldwinian,C2_p9,C2,baldwinian,27,1700,eval,50,6.1,22,22,149.89624586610114,0.6458333333333334,0.5,489.0,0.0,0.0,540.0,99.0,0.0,0.0,78.0,33.0,0.0,0.0,38.0,6.0,0.0,0.0,4.0,0.0,0.0,0.0,38.0,0.0,0.0,0.0,4.0
C2_p9__baldwinian__s27,C2_p9__baldwinian,C2_p9,C2,baldwinian,27,1750,eval,50,6.24,13,13,241.43793467626932,0.3541666666666667,0.5,368.0,0.0,0.0,456.0,142.0,0.0,0.0,54.0,20.0,0.0,0.0,26.0,7.0,0.0,0.0,3.0,0.0,0.0,0.0,26.0,0.0,0.0,0.0,3.0
C2_p9__baldwinian__s27,C2_p9__baldwinian,C2_p9,C2,baldwinian,27,1800,eval,50,6.3,14,14,211.67471785609078,0.5416666666666666,0.5,468.0,0.0,0.0,379.0,192.0,0.0,0.0,133.0,29.0,0.0,0.0,31.0,7.0,0.0,0.0,5.0,0.0,0.0,0.0,31.0,0.0,0.0,0.0,5.0
C2_p9__baldwinian__s28,C2_p9__baldwinian,C2_p9,C2,baldwinian,28,50,train,50,0.86,47,17,54.10647531555229,0.9166666666666666,0.5,235.0,0.0,0.0,210.0,82.0,0.0,0.0,0.0,57.0,0.0,0.0,48.0,16.0,0.0,0.0,0.0,0.0,0.0,0.0,48.0,0.0,0.0,0.0,0.0
C2_p9__baldwinian__s28,C2_p9__baldwinian,C2_p9,C2,baldwinian,28,100,train,42,1.0238095238095237,10,18,114.24003056781444,0.7708333333333334,0.5,215.0,0.0,0.0,260.0,65.0,0.0,0.0,0.0,47.0,0.0,0.0,29.0,2.0,0.0,0.0,0.0,0.0,0.0,0.0,29.0,0.0,0.0,0.0,0.0
C2_p9__baldwinian__s28,C2_p9__baldwinian,C2_p9,C2,baldwinian,28,150,train,42,1.5,21,21,122.59088860687524,0.7291666666666666,0.5,333.0,0.0,0.0,288.0,95.0,0.0,0.0,0.0,37.0,0.0,0.0,35.0,20.0,0.0,0.0,0.0,0.0,0.0,0.0,35.0,0.0,0.0,0.0,0.0
C2_p9__baldwinian__s28,C2_p9__baldwinian,C2_p9,C2,baldwinian,28,200,train,50,1.68,28,20,103.10742812260453,0.75,0.5,514.0,0.0,0.0,594.0,114.0,0.0,0.0,0.0,46.0,0.0,0.0,47.0,11.0,0.0,0.0,0.0,0.0,0.0,0.0,47.0,0.0,0.0,0.0,0.0
C2_p9__baldwinian__s28,C2_p9__baldwinian,C2_p9,C2,baldwinian,28,250,train,50,1.48,19,19,99.70793139463946,0.7708333333333334,0.5,494.0,0.0,0.0,476.0,92.0,0.0,0.0,0.0,42.0,0.0,0.0,34.0,21.0,0.0,0.0,0.0,0.0,0.0,0.0,34.0,0.0,0.0,0.0,0.0
C2_p9__baldwinian__s28,C2_p9__baldwinian,C2_p9,C2,baldwinian,28,300,train,50,1.48,18,18,76.44061936416584,0.875,0.5,405.0,0.0,0.0,642.0,61.0,0.0,0.0,0.0,65.0,0.0,0.0,34.0,12.0,0.0,0.0,0.0,0.0,0.0,0.0,34.0,0.0,0.0,0.0,0.0
C2_p9__baldwinian__s28,C2_p9__baldwinian,C2_p9,C2,baldwinian,28,350,train,50,1.38,22,22,73.46221400738386,0.8541666666666666,0.5,378.0,0.0,0.0,485.0,145.0,0.0,0.0,0.0,53.0,0.0,0.0,37.0,22.0,0.0,0.0,0.0,0.0,0.0,0.0,37.0,0.0,0.0,0.0,0.0
C2_p9__baldwinian__s28,C2_p9__baldwinian,C2_p9,C2,baldwinian,28,400,train,50,1.46,15,15,78.54952728528994,0.8333333333333334,0.5,428.0,0.0,0.0,488.0,56.0,0.0,0.0,0.0,56.0,0.0,0.0,34.0,13.0,0.0,0.0,0.0,0.0,0.0,0.0,34.0,0.0,0.0,0.0,0.0
C2_p9__baldwinian__s28,C2_p9__baldwinian,C2_p9,C2,baldwinian,28,450,train,50,1.62,18,18,134.61353153470048,0.6666666666666666,0.5,379.0,0.0,0.0,379.0,145.0,0.0,0.0,0.0,41.0,0.0,0.0,24.0,13.0,0.0,0.0,0.0,0.0,0.0,0.0,24.0,0.0,0.0,0.0,0.0
C2_p9__baldwinian__s28,C2_p9__baldwinian,C2_p9,C2,baldwinian,28,500,train,50,1.74,23,23,79.93749544033614,0.8333333333333334,0.5,448.0,0.0,0.0,564.0,79.0,0.0,0.0,0.0,52.0,0.0,0.0,40.0,8.0,0.0,0.0,0.0,0.0,0.0,0.0,40.0,0.0,0.0,0.0,0.0
C2_p9__baldwinian__s28,C2_p9__baldwinian,C2_p9,C2,baldwinian,28,550,train,50,2.3,22,22,76.92973513966051,0.8958333333333334,0.5,439.0,0.0,0.0,437.0,72.0,0.0,0.0,0.0,55.0,0.0,0.0,36.0,15.0,0.0,0.0,0.0,0.0,0.0,0.0,36.0,0.0,0.0,0.0,0.0
C2_p9__baldwinian__s28,C2_p9__baldwinian,C2_p9,C2,baldwinian,28,600,train,50,2.3,18,18,124.10449279561524,0.6666666666666666,0.5,404.0,0.0,0.0,312.0,47.0,0.0,0.0,0.0,47.0,0.0,0.0,24.0,14.0,0.0,0.0,0.0,0.0,0.0,0.0,24.0,0.0,0.0,0.0,0.0
C2_p9__baldwinian__s28,C2_p9__baldwinian,C2_p9,C2,baldwinian,28,650,train,50,2.52,18,18,95.61243425413838,0.75,0.5,474.0,0.0,0.0,584.0,63.0,0.0,0.0,0.0,46.0,0.0,0.0,26.0,9.0,0.0,0.0,0.0,0.0,0.0,0.0,26.0,0.0,0.0,0.0,0.0
C2_p9__baldwinian__s28,C2_p9__baldwinian,C2_p9,C2,baldwinian,28,700,train,50,2.6,24,24,100.33063879479626,0.75,0.5,508.0,0.0,0.0,502.0,65.0,0.0,0.0,0.0,40.0,0.0,0.0,34.0,15.0,0.0,0.0,0.0,0.0,0.0,0.0,34.0,0.0,0.0,0.0,0.0
C2_p9__baldwinian__s28,C2_p9__baldwinian,C2_p9,C2,baldwinian,28,750,train,50,2.56,19,19,106.90596081608234,0.8541666666666666,0.5,453.0,0.0,0.0,435.0,108.0,0.0,0.0,0.0,46.0,0.0,0.0,33.0,14.0,0.0,0.0,0.0,0.0,0.0,0.0,33.0,0.0,0.0,0.0,0.0
C2_p9__baldwinian__s28,C2_p9__baldwinian,C2_p9,C2,baldwinian,28,800,train,50,2.6,17,17,106.31393554461795,0.7916666666666666,0.5,574.0,0.0,0.0,474.0,40.0,0.0,0.0,0.0,48.0,0.0,0.0,36.0,14.0,0.0,0.0,0.0,0.0,0.0,0.0,36.0,0.0,0.0,0.0,0.0
C2_p9__baldwinian__s28,C2_p9__baldwinian,C2_p9,C2,baldwinian,28,850,train,50,2.54,20,20,115.98549961664233,0.6458333333333334,0.5,521.0,0.0,0.0,504.0,55.0,0.0,0.0,0.0,48.0,0.0,0.0,27.0,18.0,0.0,0.0,0.0,0.0,0.0,0.0,27.0,0.0,0.0,0.0,0.0
C2_p9__baldwinian__s28,C2_p9__baldwinian,C2_p9,C2,baldwinian,28,900,train,50,2.48,25,25,71.82483420941844,0.8541666666666666,0.5,415.0,0.0,0.0,401.0,63.0,0.0,0.0,0.0,54.0,0.0,0.0,34.0,15.0,0.0,0.0,0.0,0.0,0.0,0.0,34.0,0.0,0.0,0.0,0.0
C2_p9__baldwinian__s28,C2_p9__baldwinian,C2_p9,C2,baldwinian,28,950,train,50,2.78,20,20,137.37306788529605,0.625,0.5,365.0,0.0,0.0,520.0,37.0,0.0,0.0,0.0,43.0,0.0,0.0,38.0,10.0,0.0,0.0,0.0,0.0,0.0,0.0,38.0,0.0,0.0,0.0,0.0
C2_p9__baldwinian__s28,C2_p9__baldwinian,C2_p9,C2,baldwinian,28,1000,train,50,2.96,20,20,42.70372129550132,0.9375,0.5,446.0,0.0,0.0,545.0,60.0,0.0,0.0,0.0,69.0,0.0,0.0,33.0,17.0,0.0,0.0,0.0,0.0,0.0,0.0,33.0,0.0,0.0,0.0,0.0
C2_p9__baldwinian__s28,C2_p9__baldwinian,C2_p9,C2,baldwinian,28,1050,train,50,3.18,22,22,95.34104287117827,0.7916666666666666,0.5,330.0,0.0,0.0,416.0,26.0,0.0,0.0,0.0,52.0,0.0,0.0,24.0,16.0,0.0,0.0,0.0,0.0,0.0,0.0,24.0,0.0,0.0,0.0,0.0
C2_p9__baldwinian__s28,C2_p9__baldwinian,C2_p9,C2,baldwinian,28,1100,train,50,3.54,23,23,55.14255312027383,0.9375,0.5,343.0,0.0,0.0,320.0,40.0,0.0,0.0,0.0,56.0,0.0,0.0,27.0,17.0,0.0,0.0,0.0,0.0,0.0,0.0,27.0,0.0,0.0,0.0,0.0
C2_p9__baldwinian__s28,C2_p9__baldwinian,C2_p9,C2,baldwinian,28,1150,train,50,3.58,26,26,82.05998524896415,0.8333333333333334,0.5,214.0,0.0,0.0,272.0,41.0,0.0,0.0,0.0,45.0,0.0,0.0,34.0,13.0,0.0,0.0,0.0,0.0,0.0,0.0,34.0,0.0,0.0,0.0,0.0
C2_p9__baldwinian__s28,C2_p9__baldwinian,C2_p9,C2,baldwinian,28,1200,train,41,3.731707317073171,22,31,129.7101993859498,0.7083333333333334,0.5,357.0,0.0,0.0,383.0,38.0,0.0,0.0,0.0,52.0,0.0,0.0,32.0,14.0,0.0,0.0,0.0,0.0,0.0,0.0,32.0,0.0,0.0,0.0,0.0
C2_p9__baldwinian__s28,C2_p9__baldwinian,C2_p9,C2,baldwinian,28,1250,train,50,4.02,29,20,106.76139388321111,0.8333333333333334,0.5,411.0,0.0,0.0,488.0,46.0,0.0,0.0,0.0,69.0,0.0,0.0,29.0,13.0,0.0,0.0,0.0,0.0,0.0,0.0,29.0,0.0,0.0,0.0,0.0
C2_p9__baldwinian__s28,C2_p9__baldwinian,C2_p9,C2,baldwinian,28,1300,train,50,4.04,17,17,84.73005977464052,0.8541666666666666,0.5,421.0,0.0,0.0,411.0,88.0,0.0,0.0,0.0,61.0,0.0,0.0,29.0,14.0,0.0,0.0,0.0,0.0,0.0,0.0,29.0,0.0,0.0,0.0,0.0
C2_p9__baldwinian__s28,C2_p9__baldwinian,C2_p9,C2,baldwinian,28,1350,train,47,4.297872340425532,21,24,89.94735456644234,0.8333333333333334,0.5,449.0,0.0,0.0,530.0,106.0,0.0,0.0,0.0,53.0,0.0,0.0,36.0,17.0,0.0,0.0,0.0,0.0,0.0,0.0,36.0,0.0,0.0,0.0,0.0
C2_p9__baldwinian__s28,C2_p9__baldwinian,C2_p9,C2,baldwinian,28,1400,train,48,4.520833333333333,25,24,99.02566417176511,0.7916666666666666,0.5,452.0,0.0,0.0,556.0,37.0,0.0,0.0,0.0,48.0,0.0,0.0,43.0,11.0,0.0,0.0,0.0,0.0,0.0,0.0,43.0,0.0,0.0,0.0,0.0
C2_p9__baldwinian__s28,C2_p9__baldwinian,C2_p9,C2,baldwinian,28,1450,train,50,4.66,22,20,78.7317664128639,0.7708333333333334,0.5,412.0,0.0,0.0,356.0,123.0,0.0,0.0,0.0,45.0,0.0,0.0,34.0,16.0,0.0,0.0,0.0,0.0,0.0,0.0,34.0,0.0,0.0,0.0,0.0
C2_p9__baldwinian__s28,C2_p9__baldwinian,C2_p9,C2,baldwinian,28,1500,train,50,4.96,31,31,149.15674160087715,0.6041666666666666,0.5,489.0,0.0,0.0,437.0,152.0,0.0,0.0,0.0,40.0,0.0,0.0,35.0,12.0,0.0,0.0,0.0,0.0,0.0,0.0,35.0,0.0,0.0,0.0,0.0
C2_p9__baldwinian__s28,C2_p9__baldwinian,C2_p9,C2,baldwinian,28,1550,eval,50,4.84,22,22,134.44129407248712,0.7291666666666666,0.5,521.0,0.0,0.0,499.0,67.0,0.0,0.0,59.0,48.0,0.0,0.0,31.0,7.0,0.0,0.0,5.0,0.0,0.0,0.0,31.0,0.0,0.0,0.0,5.0
C2_p9__baldwinian__s28,C2_p9__baldwinian,C2_p9,C2,baldwinian,28,1600,eval,50,4.92,14,14,125.32848642125413,0.6875,0.5,564.0,0.0,0.0,371.0,116.0,0.0,0.0,142.0,48.0,0.0,0.0,27.0,5.0,0.0,0.0,6.0,0.0,0.0,0.0,27.0,0.0,0.0,0.0,6.0
C2_p9__baldwinian__s28,C2_p9__baldwinian,C2_p9,C2,baldwinian,28,1650,eval,50,4.94,21,21,173.9453337289433,0.6041666666666666,0.5,332.0,0.0,0.0,456.0,85.0,0.0,0.0,137.0,34.0,0.0,0.0,27.0,8.0,0.0,0.0,5.0,0.0,0.0,0.0,27.0,0.0,0.0,0.0,5.0
C2_p9__baldwinian__s28,C2_p9__baldwinian,C2_p9,C2,baldwinian,28,1700,eval,50,5.08,19,19,229.1999050861068,0.4166666666666667,0.5,489.0,0.0,0.0,439.0,43.0,0.0,0.0,41.0,32.0,0.0,0.0,30.0,2.0,0.0,0.0,3.0,0.0,0.0,0.0,30.0,0.0,0.0,0.0,3.0
C2_p9__baldwinian__s28,C2_p9__baldwinian,C2_p9,C2,baldwinian,28,1750,eval,50,5.28,18,18,164.10853985110575,0.6666666666666666,0.5,474.0,0.0,0.0,479.0,70.0,0.0,0.0,63.0,44.0,0.0,0.0,28.0,7.0,0.0,0.0,9.0,0.0,0.0,0.0,28.0,0.0,0.0,0.0,9.0
C2_p9__baldwinian__s28,C2_p9__baldwinian,C2_p9,C2,baldwinian,28,1800,eval,50,5.4,10,10,261.7888577196976,0.3125,0.5,503.0,0.0,0.0,357.0,96.0,0.0,0.0,51.0,18.0,0.0,0.0,17.0,4.0,0.0,0.0,4.0,0.0,0.0,0.0,17.0,0.0,0.0,0.0,4.0
C2_p9__baldwinian__s29,C2_p9__baldwinian,C2_p9,C2,baldwinian,29,50,train,50,0.96,39,9,85.6778865463266,0.7708333333333334,0.5,228.0,0.0,0.0,298.0,105.0,0.0,0.0,0.0,32.0,0.0,0.0,42.0,32.0,0.0,0.0,0.0,0.0,0.0,0.0,42.0,0.0,0.0,0.0,0.0
C2_p9__baldwinian__s29,C2_p9__baldwinian,C2_p9,C2,baldwinian,29,100,train,48,1.1041666666666667,19,21,54.11534166221402,0.9166666666666666,0.5,436.0,0.0,0.0,397.0,79.0,0.0,0.0,0.0,51.0,0.0,0.0,37.0,24.0,0.0,0.0,0.0,0.0,0.0,0.0,37.0,0.0,0.0,0.0,0.0
C2_p9__baldwinian__s29,C2_p9__baldwinian,C2_p9,C2,baldwinian,29,150,train,39,1.1538461538461537,12,21,136.79448865398217,0.7083333333333334,0.5,326.0,0.0,0.0,224.0,76.0,0.0,0.0,0.0,46.0,0.0,0.0,22.0,19.0,0.0,0.0,0.0,0.0,0.0,0.0,22.0,0.0,0.0,0.0,0.0
C2_p9__baldwinian__s29,C2_p9__baldwinian,C2_p9,C2,baldwinian,29,200,train,32,1.46875,17,24,155.60458008362843,0.6666666666666666,0.5,280.0,0.0,0.0,248.0,115.0,0.0,0.0,0.0,35.0,0.0,0.0,36.0,24.0,0.0,0.0,0.0,0.0,0.0,0.0,36.0,0.0,0.0,0.0,0.0
C2_p9__baldwinian__s29,C2_p9__baldwinian,C2_p9,C2,baldwinian,29,250,train,47,1.9787234042553192,28,13,63.13095809905509,0.9166666666666666,0.5,335.0,0.0,0.0,293.0,153.0,0.0,0.0,0.0,51.0,0.0,0.0,28.0,26.0,0.0,0.0,0.0,0.0,0.0,0.0,28.0,0.0,0.0,0.0,0.0
C2_p9__baldwinian__s29,C2_p9__baldwinian,C2_p9,C2,baldwinian,29,300,train,40,2.2,13,20,155.14698933128847,0.7083333333333334,0.5,288.0,0.0,0.0,298.0,187.0,0.0,0.0,0.0,46.0,0.0,0.0,24.0,12.0,0.0,0.0,0.0,0.0,0.0,0.0,24.0,0.0,0.0,0.0,0.0
C2_p9__baldwinian__s29,C2_p9__baldwinian,C2_p9,C2,baldwinian,29,350,train,43,2.0930232558139537,19,16,110.83350277735704,0.7291666666666666,0.5,312.0,0.0,0.0,342.0,96.0,0.0,0.0,0.0,36.0,0.0,0.0,32.0,14.0,0.0,0.0,0.0,0.0,0.0,0.0,32.0,0.0,0.0,0.0,0.0
C2_p9__baldwinian__s29,C2_p9__baldwinian,C2_p9,C2,baldwinian,29,400,train,50,2.16,23,16,70.08033642210128,0.8958333333333334,0.5,329.0,0.0,0.0,407.0,72.0,0.0,0.0,0.0,54.0,0.0,0.0,24.0,26.0,0.0,0.0,0.0,0.0,0.0,0.0,24.0,0.0,0.0,0.0,0.0
C2_p9__baldwinian__s29,C2_p9__baldwinian,C2_p9,C2,baldwinian,29,450,train,38,2.0526315789473686,14,26,111.01329259966802,0.8125,0.5,329.0,0.0,0.0,384.0,14.0,0.0,0.0,0.0,47.0,0.0,0.0,29.0,12.0,0.0,0.0,0.0,0.0,0.0,0.0,29.0,0.0,0.0,0.0,0.0
C2_p9__baldwinian__s29,C2_p9__baldwinian,C2_p9,C2,baldwinian,29,500,train,50,2.4,28,16,73.32189362969382,0.7708333333333334,0.5,443.0,0.0,0.0,368.0,105.0,0.0,0.0,0.0,48.0,0.0,0.0,26.0,27.0,0.0,0.0,0.0,0.0,0.0,0.0,26.0,0.0,0.0,0.0,0.0
C2_p9__baldwinian__s29,C2_p9__baldwinian,C2_p9,C2,baldwinian,29,550,train,50,2.62,24,24,55.767626697567344,0.8958333333333334,0.5,410.0,0.0,0.0,421.0,126.0,0.0,0.0,0.0,50.0,0.0,0.0,30.0,22.0,0.0,0.0,0.0,0.0,0.0,0.0,30.0,0.0,0.0,0.0,0.0
C2_p9__baldwinian__s29,C2_p9__baldwinian,C2_p9,C2,baldwinian,29,600,train,34,3.0294117647058822,11,27,109.76524459273759,0.75,0.5,251.0,0.0,0.0,347.0,193.0,0.0,0.0,0.0,35.0,0.0,0.0,31.0,27.0,0.0,0.0,0.0,0.0,0.0,0.0,31.0,0.0,0.0,0.0,0.0
C2_p9__baldwinian__s29,C2_p9__baldwinian,C2_p9,C2,baldwinian,29,650,train,44,3.25,27,17,73.0390379811437,0.8541666666666666,0.5,444.0,0.0,0.0,275.0,128.0,0.0,0.0,0.0,59.0,0.0,0.0,29.0,21.0,0.0,0.0,0.0,0.0,0.0,0.0,29.0,0.0,0.0,0.0,0.0
C2_p9__baldwinian__s29,C2_p9__baldwinian,C2_p9,C2,baldwinian,29,700,train,37,3.324324324324324,20,27,91.05970902326101,0.8541666666666666,0.5,309.0,0.0,0.0,232.0,125.0,0.0,0.0,0.0,47.0,0.0,0.0,30.0,26.0,0.0,0.0,0.0,0.0,0.0,0.0,30.0,0.0,0.0,0.0,0.0
C2_p9__baldwinian__s29,C2_p9__baldwinian,C2_p9,C2,baldwinian,29,750,train,47,3.6808510638297873,30,20,83.60011507613518,0.8125,0.5,403.0,0.0,0.0,317.0,188.0,0.0,0.0,0.0,44.0,0.0,0.0,35.0,22.0,0.0,0.0,0.0,0.0,0.0,0.0,35.0,0.0,0.0,0.0,0.0
C2_p9__baldwinian__s29,C2_p9__baldwinian,C2_p9,C2,baldwinian,29,800,train,46,4.021739130434782,18,19,88.63294518965003,0.8125,0.5,318.0,0.0,0.0,249.0,110.0,0.0,0.0,0.0,44.0,0.0,0.0,21.0,21.0,0.0,0.0,0.0,0.0,0.0,0.0,21.0,0.0,0.0,0.0,0.0
C2_p9__baldwinian__s29,C2_p9__baldwinian,C2_p9,C2,baldwinian,29,850,train,50,4.14,18,14,89.10847797370259,0.8333333333333334,0.5,310.0,0.0,0.0,279.0,162.0,0.0,0.0,0.0,54.0,0.0,0.0,22.0,28.0,0.0,0.0,0.0,0.0,0.0,0.0,22.0,0.0,0.0,0.0,0.0
C2_p9__baldwinian__s29,C2_p9__baldwinian,C2_p9,C2,baldwinian,29,900,train,49,4.163265306122449,15,16,53.65810935634006,0.9166666666666666,0.5,301.0,0.0,0.0,315.0,168.0,0.0,0.0,0.0,49.0,0.0,0.0,27.0,26.0,0.0,0.0,0.0,0.0,0.0,0.0,27.0,0.0,0.0,0.0,0.0
C2_p9__baldwinian__s29,C2_p9__baldwinian,C2_p9,C2,baldwinian,29,950,train,50,4.12,18,17,109.07666859898754,0.7708333333333334,0.5,265.0,0.0,0.0,236.0,133.0,0.0,0.0,0.0,44.0,0.0,0.0,12.0,25.0,0.0,0.0,0.0,0.0,0.0,0.0,12.0,0.0,0.0,0.0,0.0
C2_p9__baldwinian__s29,C2_p9__baldwinian,C2_p9,C2,baldwinian,29,1000,train,50,4.2,20,20,90.5858997163882,0.8125,0.5,434.0,0.0,0.0,473.0,129.0,0.0,0.0,0.0,48.0,0.0,0.0,24.0,20.0,0.0,0.0,0.0,0.0,0.0,0.0,24.0,0.0,0.0,0.0,0.0
C2_p9__baldwinian__s29,C2_p9__baldwinian,C2_p9,C2,baldwinian,29,1050,train,50,4.4,15,15,105.83502147003009,0.8125,0.5,398.0,0.0,0.0,448.0,95.0,0.0,0.0,0.0,60.0,0.0,0.0,27.0,24.0,0.0,0.0,0.0,0.0,0.0,0.0,27.0,0.0,0.0,0.0,0.0
C2_p9__baldwinian__s29,C2_p9__baldwinian,C2_p9,C2,baldwinian,29,1100,train,50,4.64,16,16,103.57414244614574,0.7916666666666666,0.5,489.0,0.0,0.0,354.0,74.0,0.0,0.0,0.0,51.0,0.0,0.0,27.0,12.0,0.0,0.0,0.0,0.0,0.0,0.0,27.0,0.0,0.0,0.0,0.0
C2_p9__baldwinian__s29,C2_p9__baldwinian,C2_p9,C2,baldwinian,29,1150,train,50,4.54,16,16,93.38522609570026,0.8125,0.5,455.0,0.0,0.0,606.0,121.0,0.0,0.0,0.0,46.0,0.0,0.0,35.0,24.0,0.0,0.0,0.0,0.0,0.0,0.0,35.0,0.0,0.0,0.0,0.0
C2_p9__baldwinian__s29,C2_p9__baldwinian,C2_p9,C2,baldwinian,29,1200,train,50,4.58,25,25,57.55719919711842,0.8541666666666666,0.5,348.0,0.0,0.0,307.0,104.0,0.0,0.0,0.0,52.0,0.0,0.0,31.0,25.0,0.0,0.0,0.0,0.0,0.0,0.0,31.0,0.0,0.0,0.0,0.0
C2_p9__baldwinian__s29,C2_p9__baldwinian,C2_p9,C2,baldwinian,29,1250,train,50,4.84,20,20,100.61723608382694,0.75,0.5,479.0,0.0,0.0,344.0,197.0,0.0,0.0,0.0,53.0,0.0,0.0,16.0,16.0,0.0,0.0,0.0,0.0,0.0,0.0,16.0,0.0,0.0,0.0,0.0
C2_p9__baldwinian__s29,C2_p9__baldwinian,C2_p9,C2,baldwinian,29,1300,train,50,5.0,15,15,82.9095347019176,0.8541666666666666,0.5,299.0,0.0,0.0,263.0,178.0,0.0,0.0,0.0,53.0,0.0,0.0,28.0,21.0,0.0,0.0,0.0,0.0,0.0,0.0,28.0,0.0,0.0,0.0,0.0
C2_p9__baldwinian__s29,C2_p9__baldwinian,C2_p9,C2,baldwinian,29,1350,train,50,5.14,18,18,73.90931740601371,0.8958333333333334,0.5,373.0,0.0,0.0,474.0,122.0,0.0,0.0,0.0,46.0,0.0,0.0,27.0,26.0,0.0,0.0,0.0,0.0,0.0,0.0,27.0,0.0,0.0,0.0,0.0
C2_p9__baldwinian__s29,C2_p9__baldwinian,C2_p9,C2,baldwinian,29,1400,train,50,5.14,22,22,77.88924005552732,0.875,0.5,342.0,0.0,0.0,637.0,105.0,0.0,0.0,0.0,49.0,0.0,0.0,40.0,34.0,0.0,0.0,0.0,0.0,0.0,0.0,40.0,0.0,0.0,0.0,0.0
C2_p9__baldwinian__s29,C2_p9__baldwinian,C2_p9,C2,baldwinian,29,1450,train,50,5.46,28,28,72.30838788983706,0.875,0.5,286.0,0.0,0.0,387.0,124.0,0.0,0.0,0.0,40.0,0.0,0.0,32.0,32.0,0.0,0.0,0.0,0.0,0.0,0.0,32.0,0.0,0.0,0.0,0.0
C2_p9__baldwinian__s29,C2_p9__baldwinian,C2_p9,C2,baldwinian,29,1500,train,48,5.625,26,28,77.18023404607628,0.8541666666666666,0.5,369.0,0.0,0.0,462.0,143.0,0.0,0.0,0.0,52.0,0.0,0.0,36.0,24.0,0.0,0.0,0.0,0.0,0.0,0.0,36.0,0.0,0.0,0.0,0.0
C2_p9__baldwinian__s29,C2_p9__baldwinian,C2_p9,C2,baldwinian,29,1550,eval,48,5.395833333333333,30,30,92.35789417325815,0.8333333333333334,0.5,328.0,0.0,0.0,352.0,108.0,0.0,0.0,68.0,51.0,0.0,0.0,31.0,8.0,0.0,0.0,4.0,0.0,0.0,0.0,31.0,0.0,0.0,0.0,4.0
C2_p9__baldwinian__s29,C2_p9__baldwinian,C2_p9,C2,baldwinian,29,1600,eval,45,5.8,23,26,151.54715717432126,0.6458333333333334,0.5,279.0,0.0,0.0,391.0,107.0,0.0,0.0,85.0,33.0,0.0,0.0,24.0,10.0,0.0,0.0,7.0,0.0,0.0,0.0,24.0,0.0,0.0,0.0,7.0
C2_p9__baldwinian__s29,C2_p9__baldwinian,C2_p9,C2,baldwinian,29,1650,eval,50,6.26,27,22,163.98464588548964,0.625,0.5,291.0,0.0,0.0,380.0,100.0,0.0,0.0,48.0,42.0,0.0,0.0,27.0,9.0,0.0,0.0,2.0,0.0,0.0,0.0,27.0,0.0,0.0,0.0,2.0
C2_p9__baldwinian__s29,C2_p9__baldwinian,C2_p9,C2,baldwinian,29,1700,eval,50,6.38,20,20,234.24116521729547,0.4166666666666667,0.5,293.0,0.0,0.0,368.0,133.0,0.0,0.0,83.0,15.0,0.0,0.0,32.0,7.0,0.0,0.0,8.0,0.0,0.0,0.0,32.0,0.0,0.0,0.0,8.0
C2_p9__baldwinian__s29,C2_p9__baldwinian,C2_p9,C2,baldwinian,29,1750,eval,50,6.36,14,14,202.63786180562894,0.6041666666666666,0.5,445.0,0.0,0.0,355.0,70.0,0.0,0.0,106.0,32.0,0.0,0.0,21.0,14.0,0.0,0.0,4.0,0.0,0.0,0.0,21.0,0.0,0.0,0.0,4.0
C2_p9__baldwinian__s29,C2_p9__baldwinian,C2_p9,C2,baldwinian,29,1800,eval,50,6.24,17,17,212.78803716973547,0.5,0.5,340.0,0.0,0.0,409.0,65.0,0.0,0.0,31.0,16.0,0.0,0.0,21.0,12.0,0.0,0.0,8.0,0.0,0.0,0.0,21.0,0.0,0.0,0.0,8.0
C2_p9__baldwinian__s30,C2_p9__baldwinian,C2_p9,C2,baldwinian,30,50,train,50,0.82,33,3,187.07459093846796,0.5833333333333334,0.5,129.0,0.0,0.0,268.0,137.0,0.0,0.0,0.0,20.0,0.0,0.0,33.0,22.0,0.0,0.0,0.0,0.0,0.0,0.0,33.0,0.0,0.0,0.0,0.0
C2_p9__baldwinian__s30,C2_p9__baldwinian,C2_p9,C2,baldwinian,30,100,train,48,1.125,18,20,93.89943938692953,0.7708333333333334,0.5,287.0,0.0,0.0,305.0,103.0,0.0,0.0,0.0,37.0,0.0,0.0,39.0,14.0,0.0,0.0,0.0,0.0,0.0,0.0,39.0,0.0,0.0,0.0,0.0
C2_p9__baldwinian__s30,C2_p9__baldwinian,C2_p9,C2,baldwinian,30,150,train,39,1.2564102564102564,16,25,65.05870366799435,0.9166666666666666,0.5,349.0,0.0,0.0,388.0,96.0,0.0,0.0,0.0,58.0,0.0,0.0,34.0,20.0,0.0,0.0,0.0,0.0,0.0,0.0,34.0,0.0,0.0,0.0,0.0
C2_p9__baldwinian__s30,C2_p9__baldwinian,C2_p9,C2,baldwinian,30,200,train,39,1.4615384615384615,15,15,150.18575077668714,0.6875,0.5,262.0,0.0,0.0,393.0,104.0,0.0,0.0,0.0,50.0,0.0,0.0,23.0,25.0,0.0,0.0,0.0,0.0,0.0,0.0,23.0,0.0,0.0,0.0,0.0
C2_p9__baldwinian__s30,C2_p9__baldwinian,C2_p9,C2,baldwinian,30,250,train,50,1.72,28,17,74.67537896512431,0.8541666666666666,0.5,392.0,0.0,0.0,387.0,87.0,0.0,0.0,0.0,46.0,0.0,0.0,29.0,29.0,0.0,0.0,0.0,0.0,0.0,0.0,29.0,0.0,0.0,0.0,0.0
C2_p9__baldwinian__s30,C2_p9__baldwinian,C2_p9,C2,baldwinian,30,300,train,49,1.7755102040816326,21,22,82.4589341784676,0.8541666666666666,0.5,397.0,0.0,0.0,385.0,84.0,0.0,0.0,0.0,47.0,0.0,0.0,38.0,11.0,0.0,0.0,0.0,0.0,0.0,0.0,38.0,0.0,0.0,0.0,0.0
C2_p9__baldwinian__s30,C2_p9__baldwinian,C2_p9,C2,baldwinian,30,350,train,44,1.8409090909090908,21,26,100.48685169550484,0.7916666666666666,0.5,258.0,0.0,0.0,431.0,109.0,0.0,0.0,0.0,37.0,0.0,0.0,38.0,28.0,0.0,0.0,0.0,0.0,0.0,0.0,38.0,0.0,0.0,0.0,0.0
C2_p9__baldwinian__s30,C2_p9__baldwinian,C2_p9,C2,baldwinian,30,400,train,50,2.08,26,20,84.37140596536196,0.8333333333333334,0.5,282.0,0.0,0.0,446.0,65.0,0.0,0.0,0.0,44.0,0.0,0.0,29.0,24.0,0.0,0.0,0.0,0.0,0.0,0.0,29.0,0.0,0.0,0.0,0.0
C2_p9__baldwinian__s30,C2_p9__baldwinian,C2_p9,C2,baldwinian,30,450,train,46,2.217391304347826,16,20,71.53472411295418,0.8958333333333334,0.5,301.0,0.0,0.0,365.0,74.0,0.0,0.0,0.0,66.0,0.0,0.0,26.0,19.0,0.0,0.0,0.0,0.0,0.0,0.0,26.0,0.0,0.0,0.0,0.0
C2_p9__baldwinian__s30,C2_p9__baldwinian,C2_p9,C2,baldwinian,30,500,train,50,2.22,25,21,98.15360301102578,0.7291666666666666,0.5,336.0,0.0,0.0,353.0,158.0,0.0,0.0,0.0,58.0,0.0,0.0,29.0,17.0,0.0,0.0,0.0,0.0,0.0,0.0,29.0,0.0,0.0,0.0,0.0
C2_p9__baldwinian__s30,C2_p9__baldwinian,C2_p9,C2,baldwinian,30,550,train,47,2.893617021276596,22,25,101.63379753126225,0.7708333333333334,0.5,376.0,0.0,0.0,260.0,105.0,0.0,0.0,0.0,45.0,0.0,0.0,24.0,21.0,0.0,0.0,0.0,0.0,0.0,0.0,24.0,0.0,0.0,0.0,0.0
C2_p9__baldwinian__s30,C2_p9__baldwinian,C2_p9,C2,baldwinian,30,600,train,50,3.06,20,17,85.96602739912086,0.875,0.5,258.0,0.0,0.0,388.0,136.0,0.0,0.0,0.0,51.0,0.0,0.0,30.0,24.0,0.0,0.0,0.0,0.0,0.0,0.0,30.0,0.0,0.0,0.0,0.0
C2_p9__baldwinian__s30,C2_p9__baldwinian,C2_p9,C2,baldwinian,30,650,train,50,3.28,14,14,88.25795362539218,0.8333333333333334,0.5,335.0,0.0,0.0,381.0,142.0,0.0,0.0,0.0,50.0,0.0,0.0,23.0,14.0,0.0,0.0,0.0,0.0,0.0,0.0,23.0,0.0,0.0,0.0,0.0
C2_p9__baldwinian__s30,C2_p9__baldwinian,C2_p9,C2,baldwinian,30,700,train,50,3.24,18,18,114.30632538316524,0.75,0.5,426.0,0.0,0.0,348.0,81.0,0.0,0.0,0.0,43.0,0.0,0.0,26.0,26.0,0.0,0.0,0.0,0.0,0.0,0.0,26.0,0.0,0.0,0.0,0.0
C2_p9__baldwinian__s30,C2_p9__baldwinian,C2_p9,C2,baldwinian,30,750,train,50,3.5,21,21,91.21340294678464,0.7916666666666666,0.5,269.0,0.0,0.0,385.0,45.0,0.0,0.0,0.0,57.0,0.0,0.0,28.0,20.0,0.0,0.0,0.0,0.0,0.0,0.0,28.0,0.0,0.0,0.0,0.0
C2_p9__baldwinian__s30,C2_p9__baldwinian,C2_p9,C2,baldwinian,30,800,train,50,3.98,18,18,67.80481562531538,0.8958333333333334,0.5,317.0,0.0,0.0,470.0,75.0,0.0,0.0,0.0,52.0,0.0,0.0,31.0,22.0,0.0,0.0,0.0,0.0,0.0,0.0,31.0,0.0,0.0,0.0,0.0
C2_p9__baldwinian__s30,C2_p9__baldwinian,C2_p9,C2,baldwinian,30,850,train,50,4.32,17,17,142.63724878629864,0.6458333333333334,0.5,394.0,0.0,0.0,290.0,119.0,0.0,0.0,0.0,37.0,0.0,0.0,22.0,19.0,0.0,0.0,0.0,0.0,0.0,0.0,22.0,0.0,0.0,0.0,0.0
C2_p9__baldwinian__s30,C2_p9__baldwinian,C2_p9,C2,baldwinian,30,900,train,50,4.52,17,17,125.0704470931507,0.7083333333333334,0.5,481.0,0.0,0.0,520.0,102.0,0.0,0.0,0.0,41.0,0.0,0.0,38.0,22.0,0.0,0.0,0.0,0.0,0.0,0.0,38.0,0.0,0.0,0.0,0.0
C2_p9__baldwinian__s30,C2_p9__baldwinian,C2_p9,C2,baldwinian,30,950,train,50,4.34,18,18,88.35000108698074,0.8333333333333334,0.5,469.0,0.0,0.0,461.0,59.0,0.0,0.0,0.0,66.0,0.0,0.0,34.0,17.0,0.0,0.0,0.0,0.0,0.0,0.0,34.0,0.0,0.0,0.0,0.0
C2_p9__baldwinian__s30,C2_p9__baldwinian,C2_p9,C2,baldwinian,30,1000,train,50,4.46,20,20,69.54667817658563,0.875,0.5,259.0,0.0,0.0,311.0,116.0,0.0,0.0,0.0,49.0,0.0,0.0,27.0,22.0,0.0,0.0,0.0,0.0,0.0,0.0,27.0,0.0,0.0,0.0,0.0
C2_p9__baldwinian__s30,C2_p9__baldwinian,C2_p9,C2,baldwinian,30,1050,train,50,4.82,21,21,69.47308678399946,0.875,0.5,302.0,0.0,0.0,398.0,60.0,0.0,0.0,0.0,43.0,0.0,0.0,26.0,28.0,0.0,0.0,0.0,0.0,0.0,0.0,26.0,0.0,0.0,0.0,0.0
C2_p9__baldwinian__s30,C2_p9__baldwinian,C2_p9,C2,baldwinian,30,1100,train,50,5.1,20,20,112.23772523616447,0.7291666666666666,0.5,458.0,0.0,0.0,398.0,73.0,0.0,0.0,0.0,45.0,0.0,0.0,30.0,23.0,0.0,0.0,0.0,0.0,0.0,0.0,30.0,0.0,0.0,0.0,0.0
C2_p9__baldwinian__s30,C2_p9__baldwinian,C2_p9,C2,baldwinian,30,1150,train,50,5.52,26,26,107.17531102707741,0.7916666666666666,0.5,324.0,0.0,0.0,440.0,59.0,0.0,0.0,0.0,53.0,0.0,0.0,39.0,15.0,0.0,0.0,0.0,0.0,0.0,0.0,39.0,0.0,0.0,0.0,0.0
C2_p9__baldwinian__s30,C2_p9__baldwinian,C2_p9,C2,baldwinian,30,1200,train,50,5.9,21,21,111.57337693442136,0.7291666666666666,0.5,284.0,0.0,0.0,366.0,59.0,0.0,0.0,0.0,45.0,0.0,0.0,30.0,19.0,0.0,0.0,0.0,0.0,0.0,0.0,30.0,0.0,0.0,0.0,0.0
C2_p9__baldwinian__s30,C2_p9__baldwinian,C2_p9,C2,baldwinian,30,1250,train,50,5.7,16,16,82.52546978733784,0.7916666666666666,0.5,377.0,0.0,0.0,537.0,78.0,0.0,0.0,0.0,52.0,0.0,0.0,25.0,19.0,0.0,0.0,0.0,0.0,0.0,0.0,25.0,0.0,0.0,0.0,0.0
C2_p9__baldwinian__s30,C2_p9__baldwinian,C2_p9,C2,baldwinian,30,1300,train,50,5.78,14,14,89.17731616095891,0.7083333333333334,0.5,470.0,0.0,0.0,438.0,62.0,0.0,0.0,0.0,56.0,0.0,0.0,23.0,13.0,0.0,0.0,0.0,0.0,0.0,0.0,23.0,0.0,0.0,0.0,0.0
C2_p9__baldwinian__s30,C2_p9__baldwinian,C2_p9,C2,baldwinian,30,1350,train,50,5.46,18,18,77.3238624298376,0.7916666666666666,0.5,516.0,0.0,0.0,319.0,77.0,0.0,0.0,0.0,60.0,0.0,0.0,25.0,16.0,0.0,0.0,0.0,0.0,0.0,0.0,25.0,0.0,0.0,0.0,0.0
C2_p9__baldwinian__s30,C2_p9__baldwinian,C2_p9,C2,baldwinian,30,1400,train,50,5.68,22,22,87.00576305379562,0.8125,0.5,349.0,0.0,0.0,520.0,146.0,0.0,0.0,0.0,44.0,0.0,0.0,34.0,28.0,0.0,0.0,0.0,0.0,0.0,0.0,34.0,0.0,0.0,0.0,0.0
C2_p9__baldwinian__s30,C2_p9__baldwinian,C2_p9,C2,baldwinian,30,1450,train,50,5.88,20,20,146.38104743531704,0.6666666666666666,0.5,296.0,0.0,0.0,484.0,105.0,0.0,0.0,0.0,45.0,0.0,0.0,26.0,23.0,0.0,0.0,0.0,0.0,0.0,0.0,26.0,0.0,0.0,0.0,0.0
C2_p9__baldwinian__s30,C2_p9__baldwinian,C2_p9,C2,baldwinian,30,1500,train,50,6.1,17,17,88.22872310449276,0.8333333333333334,0.5,388.0,0.0,0.0,401.0,63.0,0.0,0.0,0.0,54.0,0.0,0.0,26.0,22.0,0.0,0.0,0.0,0.0,0.0,0.0,26.0,0.0,0.0,0.0,0.0
C2_p9__baldwinian__s30,C2_p9__baldwinian,C2_p9,C2,baldwinian,30,1550,eval,50,6.26,19,19,170.34596215046906,0.5625,0.5,427.0,0.0,0.0,436.0,62.0,0.0,0.0,67.0,38.0,0.0,0.0,17.0,13.0,0.0,0.0,2.0,0.0,0.0,0.0,17.0,0.0,0.0,0.0,2.0
C2_p9__baldwinian__s30,C2_p9__baldwinian,C2_p9,C2,baldwinian,30,1600,eval,50,6.54,18,18,127.98610202032991,0.75,0.5,502.0,0.0,0.0,644.0,32.0,0.0,0.0,0.0,66.0,0.0,0.0,35.0,14.0,0.0,0.0,0.0,0.0,0.0,0.0,35.0,0.0,0.0,0.0,0.0
C2_p9__baldwinian__s30,C2_p9__baldwinian,C2_p9,C2,baldwinian,30,1650,eval,50,7.1,16,16,158.9505898199191,0.5416666666666666,0.5,302.0,0.0,0.0,399.0,92.0,0.0,0.0,60.0,40.0,0.0,0.0,12.0,20.0,0.0,0.0,6.0,0.0,0.0,0.0,12.0,0.0,0.0,0.0,6.0
C2_p9__baldwinian__s30,C2_p9__baldwinian,C2_p9,C2,baldwinian,30,1700,eval,50,7.3,15,15,128.8586473151158,0.7291666666666666,0.5,461.0,0.0,0.0,447.0,115.0,0.0,0.0,64.0,49.0,0.0,0.0,16.0,13.0,0.0,0.0,7.0,0.0,0.0,0.0,16.0,0.0,0.0,0.0,7.0
C2_p9__baldwinian__s30,C2_p9__baldwinian,C2_p9,C2,baldwinian,30,1750,eval,50,6.98,16,16,173.46399188544063,0.5625,0.5,528.0,0.0,0.0,566.0,25.0,0.0,0.0,103.0,42.0,0.0,0.0,31.0,4.0,0.0,0.0,5.0,0.0,0.0,0.0,31.0,0.0,0.0,0.0,5.0
C2_p9__baldwinian__s30,C2_p9__baldwinian,C2_p9,C2,baldwinian,30,1800,eval,50,7.0,18,18,153.43896569780952,0.6041666666666666,0.5,495.0,0.0,0.0,466.0,84.0,0.0,0.0,154.0,38.0,0.0,0.0,30.0,9.0,0.0,0.0,13.0,0.0,0.0,0.0,30.0,0.0,0.0,0.0,13.0
