{
  "elapsed_seconds": 581.309,
  "num_steps_completed": 10000,
  "final_population": 28,
  "final_gene_statistics": {
    "learning_rate": {
      "mean": 0.25293717175591285,
      "median": 0.27411398122754227,
      "std": 0.157317066424643,
      "min": 0.05205765967313561,
      "max": 0.4716692293882968,
      "at_min_count": 0.0,
      "at_max_count": 0.0,
      "boundary_fraction": 0.0
    },
    "gamma": {
      "mean": 0.8464481012330038,
      "median": 0.8436722988734969,
      "std": 0.10060586392426576,
      "min": 0.6385946760447434,
      "max": 0.9967828096637724,
      "at_min_count": 0.0,
      "at_max_count": 0.0,
      "boundary_fraction": 0.0
    },
    "epsilon_decay": {
      "mean": 0.8298137093739872,
      "median": 0.8903081187728519,
      "std": 0.1302378107220547,
      "min": 0.6271880764605473,
      "max": 0.978498035457358,
      "at_min_count": 0.0,
      "at_max_count": 0.0,
      "boundary_fraction": 0.0
    }
  },
  "output_dir": "experiments/intrinsic_evolution"
}