{
  "config": {
    "temperature": 3.0,
    "temp_decay": 1.0,
    "alpha": 1.0,
    "learning_rate": 0.001,
    "epochs": 20,
    "batch_size": 64,
    "max_grad_norm": 1.0,
    "val_fraction": 0.1,
    "seed": 123,
    "loss_fn": "kl"
  },
  "metrics": {
    "train_losses": [
      0.4036805721228583,
      0.1542113747513085,
      0.10741271300796877,
      0.09292153086055789,
      0.08215204286470748,
      0.0769367196450108,
      0.07254338911489437,
      0.06699070458610852,
      0.062453397010502065,
      0.0586418764371621,
      0.055632767447254115,
      0.052713254303262944,
      0.04885161256319598,
      0.04630631280311367,
      0.045578802625338234,
      0.041287281991619816,
      0.040084595546910635,
      0.0373802055326993,
      0.03644636472719803,
      0.03358490314138563
    ],
    "train_soft_losses": [
      0.4036805721228583,
      0.1542113747513085,
      0.10741271300796877,
      0.09292153086055789,
      0.08215204286470748,
      0.0769367196450108,
      0.07254338911489437,
      0.06699070458610852,
      0.062453397010502065,
      0.0586418764371621,
      0.055632767447254115,
      0.052713254303262944,
      0.04885161256319598,
      0.04630631280311367,
      0.045578802625338234,
      0.041287281991619816,
      0.040084595546910635,
      0.0373802055326993,
      0.03644636472719803,
      0.03358490314138563
    ],
    "train_hard_losses": [],
    "val_losses": [
      0.18171427292483194,
      0.08378500704254423,
      0.0684408178286893,
      0.05552592288170542,
      0.04869141961847033,
      0.046977905822651725,
      0.041674121149948666,
      0.04008736514619419,
      0.03661144471594265,
      0.034931481150644164,
      0.028968742649470056,
      0.02661228126713208,
      0.023935637303761075,
      0.02384458695139204,
      0.01974388717540673,
      0.020305540412664413,
      0.01653549460960286,
      0.015122450489018644,
      0.012965309300592967,
      0.012069645603852612
    ],
    "action_agreements": [
      0.7625,
      0.8525,
      0.895,
      0.91,
      0.9125,
      0.92,
      0.9225,
      0.9125,
      0.925,
      0.925,
      0.9225,
      0.9175,
      0.9125,
      0.92,
      0.9275,
      0.9275,
      0.93,
      0.9275,
      0.9425,
      0.9425
    ],
    "mean_prob_similarities": [
      0.9615646260125297,
      0.9737480878829956,
      0.9766280736242022,
      0.9790487885475159,
      0.980583838054112,
      0.9808457238333566,
      0.9820311410086495,
      0.9823470456259591,
      0.9834041936056954,
      0.9836921777044024,
      0.9851145574024746,
      0.9857286810874939,
      0.9865890485899789,
      0.9867595434188843,
      0.9878666315759931,
      0.9878233756337848,
      0.9888046979904175,
      0.9893156630652291,
      0.9900671243667603,
      0.9904005101748875
    ],
    "best_val_loss": 0.012069645603852612,
    "best_epoch": 19
  }
}