run_id,cell_id,condition,family,inheritance_mode,seed,window_end_tick,phase,population,mean_generation,births,deaths,total_stock,suppressed_fraction,coverage_realised,opportunities__train__m0__c0,opportunities__train__m0__c1,opportunities__train__m1__c0,opportunities__train__m1__c1,opportunities__heldout__m0__c0,opportunities__heldout__m0__c1,opportunities__heldout__m1__c0,opportunities__heldout__m1__c1,defections__train__m0__c0,defections__train__m0__c1,defections__train__m1__c0,defections__train__m1__c1,defections__heldout__m0__c0,defections__heldout__m0__c1,defections__heldout__m1__c0,defections__heldout__m1__c1,penalties__train__m0__c0,penalties__train__m0__c1,penalties__train__m1__c0,penalties__train__m1__c1,penalties__heldout__m0__c0,penalties__heldout__m0__c1,penalties__heldout__m1__c0,penalties__heldout__m1__c1
C3_f0.1__lamarckian__s1,C3_f0.1__lamarckian,C3_f0.1,C3,lamarckian,1,50,train,50,0.72,32,2,95.59027254537554,0.8125,0.5,164.0,149.0,134.0,124.0,34.0,25.0,0.0,0.0,23.0,28.0,25.0,17.0,15.0,3.0,0.0,0.0,0.0,0.0,25.0,17.0,0.0,0.0,0.0,0.0
C3_f0.1__lamarckian__s1,C3_f0.1__lamarckian,C3_f0.1,C3,lamarckian,1,100,train,50,0.88,15,15,55.06167001752963,0.9166666666666666,0.5,229.0,195.0,172.0,176.0,28.0,29.0,0.0,0.0,25.0,19.0,25.0,18.0,9.0,4.0,0.0,0.0,0.0,0.0,25.0,18.0,0.0,0.0,0.0,0.0
C3_f0.1__lamarckian__s1,C3_f0.1__lamarckian,C3_f0.1,C3,lamarckian,1,150,train,50,0.88,12,12,58.75833054385498,0.8958333333333334,0.5,205.0,149.0,166.0,178.0,45.0,32.0,0.0,0.0,20.0,23.0,13.0,24.0,9.0,8.0,0.0,0.0,0.0,0.0,13.0,24.0,0.0,0.0,0.0,0.0
C3_f0.1__lamarckian__s1,C3_f0.1__lamarckian,C3_f0.1,C3,lamarckian,1,200,train,50,1.16,21,21,81.85456673388975,0.8125,0.5,192.0,161.0,201.0,260.0,48.0,30.0,0.0,0.0,21.0,16.0,19.0,26.0,10.0,7.0,0.0,0.0,0.0,0.0,19.0,26.0,0.0,0.0,0.0,0.0
C3_f0.1__lamarckian__s1,C3_f0.1__lamarckian,C3_f0.1,C3,lamarckian,1,250,train,50,1.14,13,13,71.66807019190733,0.8333333333333334,0.5,297.0,211.0,242.0,266.0,51.0,42.0,0.0,0.0,33.0,12.0,9.0,25.0,9.0,9.0,0.0,0.0,0.0,0.0,9.0,25.0,0.0,0.0,0.0,0.0
C3_f0.1__lamarckian__s1,C3_f0.1__lamarckian,C3_f0.1,C3,lamarckian,1,300,train,50,1.22,19,19,80.12053489717448,0.8125,0.5,303.0,282.0,271.0,303.0,37.0,35.0,0.0,0.0,29.0,21.0,22.0,17.0,8.0,12.0,0.0,0.0,0.0,0.0,22.0,17.0,0.0,0.0,0.0,0.0
C3_f0.1__lamarckian__s1,C3_f0.1__lamarckian,C3_f0.1,C3,lamarckian,1,350,train,50,1.16,7,7,78.36732839193374,0.875,0.5,367.0,278.0,188.0,231.0,34.0,21.0,0.0,0.0,34.0,23.0,16.0,16.0,10.0,10.0,0.0,0.0,0.0,0.0,16.0,16.0,0.0,0.0,0.0,0.0
C3_f0.1__lamarckian__s1,C3_f0.1__lamarckian,C3_f0.1,C3,lamarckian,1,400,train,50,1.18,10,10,95.21190898922534,0.7708333333333334,0.5,266.0,188.0,211.0,285.0,46.0,52.0,0.0,0.0,33.0,18.0,17.0,24.0,13.0,8.0,0.0,0.0,0.0,0.0,17.0,24.0,0.0,0.0,0.0,0.0
C3_f0.1__lamarckian__s1,C3_f0.1__lamarckian,C3_f0.1,C3,lamarckian,1,450,train,50,1.06,11,11,121.4123642872988,0.6458333333333334,0.5,409.0,392.0,236.0,310.0,46.0,43.0,0.0,0.0,21.0,14.0,14.0,28.0,11.0,9.0,0.0,0.0,0.0,0.0,14.0,28.0,0.0,0.0,0.0,0.0
C3_f0.1__lamarckian__s1,C3_f0.1__lamarckian,C3_f0.1,C3,lamarckian,1,500,train,50,1.52,13,13,140.59028245979636,0.5208333333333334,0.5,435.0,309.0,340.0,433.0,22.0,24.0,0.0,0.0,16.0,25.0,16.0,19.0,9.0,2.0,0.0,0.0,0.0,0.0,16.0,19.0,0.0,0.0,0.0,0.0
C3_f0.1__lamarckian__s1,C3_f0.1__lamarckian,C3_f0.1,C3,lamarckian,1,550,train,50,1.66,6,6,43.76224807894238,0.9791666666666666,0.5,386.0,294.0,265.0,315.0,27.0,26.0,0.0,0.0,51.0,32.0,28.0,14.0,11.0,12.0,0.0,0.0,0.0,0.0,28.0,14.0,0.0,0.0,0.0,0.0
C3_f0.1__lamarckian__s1,C3_f0.1__lamarckian,C3_f0.1,C3,lamarckian,1,600,train,50,1.9,14,14,66.72047246480938,0.8958333333333334,0.5,296.0,226.0,247.0,342.0,29.0,27.0,0.0,0.0,29.0,12.0,20.0,31.0,8.0,9.0,0.0,0.0,0.0,0.0,20.0,31.0,0.0,0.0,0.0,0.0
C3_f0.1__lamarckian__s1,C3_f0.1__lamarckian,C3_f0.1,C3,lamarckian,1,650,train,50,2.14,25,25,73.04752254046211,0.9166666666666666,0.5,303.0,263.0,248.0,321.0,30.0,27.0,0.0,0.0,26.0,23.0,22.0,22.0,8.0,7.0,0.0,0.0,0.0,0.0,22.0,22.0,0.0,0.0,0.0,0.0
C3_f0.1__lamarckian__s1,C3_f0.1__lamarckian,C3_f0.1,C3,lamarckian,1,700,train,50,2.12,13,13,96.27878784594316,0.7291666666666666,0.5,232.0,218.0,240.0,323.0,40.0,29.0,0.0,0.0,22.0,11.0,14.0,31.0,17.0,6.0,0.0,0.0,0.0,0.0,14.0,31.0,0.0,0.0,0.0,0.0
C3_f0.1__lamarckian__s1,C3_f0.1__lamarckian,C3_f0.1,C3,lamarckian,1,750,train,50,2.14,12,12,109.88165475142065,0.7291666666666666,0.5,351.0,306.0,359.0,401.0,63.0,68.0,0.0,0.0,20.0,13.0,25.0,21.0,8.0,9.0,0.0,0.0,0.0,0.0,25.0,21.0,0.0,0.0,0.0,0.0
C3_f0.1__lamarckian__s1,C3_f0.1__lamarckian,C3_f0.1,C3,lamarckian,1,800,train,50,2.36,10,10,70.74612599387208,0.8958333333333334,0.5,406.0,303.0,284.0,281.0,63.0,47.0,0.0,0.0,45.0,23.0,18.0,12.0,17.0,6.0,0.0,0.0,0.0,0.0,18.0,12.0,0.0,0.0,0.0,0.0
C3_f0.1__lamarckian__s1,C3_f0.1__lamarckian,C3_f0.1,C3,lamarckian,1,850,train,50,2.3,7,7,81.74450531066452,0.8541666666666666,0.5,358.0,273.0,285.0,347.0,45.0,34.0,0.0,0.0,19.0,26.0,17.0,23.0,6.0,6.0,0.0,0.0,0.0,0.0,17.0,23.0,0.0,0.0,0.0,0.0
C3_f0.1__lamarckian__s1,C3_f0.1__lamarckian,C3_f0.1,C3,lamarckian,1,900,train,50,2.32,9,9,81.20800450905568,0.8541666666666666,0.5,402.0,314.0,306.0,328.0,57.0,61.0,0.0,0.0,25.0,33.0,18.0,20.0,8.0,10.0,0.0,0.0,0.0,0.0,18.0,20.0,0.0,0.0,0.0,0.0
C3_f0.1__lamarckian__s1,C3_f0.1__lamarckian,C3_f0.1,C3,lamarckian,1,950,train,50,2.52,13,13,120.56467174299985,0.6666666666666666,0.5,423.0,328.0,274.0,367.0,37.0,36.0,0.0,0.0,22.0,22.0,13.0,24.0,9.0,8.0,0.0,0.0,0.0,0.0,13.0,24.0,0.0,0.0,0.0,0.0
C3_f0.1__lamarckian__s1,C3_f0.1__lamarckian,C3_f0.1,C3,lamarckian,1,1000,train,50,2.88,11,11,71.60206934367206,0.8541666666666666,0.5,340.0,268.0,253.0,344.0,40.0,18.0,0.0,0.0,27.0,16.0,18.0,26.0,16.0,6.0,0.0,0.0,0.0,0.0,18.0,26.0,0.0,0.0,0.0,0.0
C3_f0.1__lamarckian__s1,C3_f0.1__lamarckian,C3_f0.1,C3,lamarckian,1,1050,train,50,3.06,10,10,66.23565043112256,0.9166666666666666,0.5,319.0,254.0,293.0,406.0,30.0,30.0,0.0,0.0,21.0,24.0,19.0,32.0,10.0,9.0,0.0,0.0,0.0,0.0,19.0,32.0,0.0,0.0,0.0,0.0
C3_f0.1__lamarckian__s1,C3_f0.1__lamarckian,C3_f0.1,C3,lamarckian,1,1100,train,50,3.14,7,7,76.19128624701604,0.8333333333333334,0.5,304.0,257.0,285.0,361.0,16.0,20.0,0.0,0.0,25.0,23.0,18.0,18.0,6.0,8.0,0.0,0.0,0.0,0.0,18.0,18.0,0.0,0.0,0.0,0.0
C3_f0.1__lamarckian__s1,C3_f0.1__lamarckian,C3_f0.1,C3,lamarckian,1,1150,train,50,3.4,19,19,66.86410522398634,0.8958333333333334,0.5,400.0,315.0,300.0,359.0,72.0,55.0,0.0,0.0,35.0,27.0,18.0,19.0,13.0,3.0,0.0,0.0,0.0,0.0,18.0,19.0,0.0,0.0,0.0,0.0
C3_f0.1__lamarckian__s1,C3_f0.1__lamarckian,C3_f0.1,C3,lamarckian,1,1200,train,50,3.28,18,18,44.604449078047665,0.9791666666666666,0.5,298.0,252.0,271.0,347.0,50.0,23.0,0.0,0.0,16.0,25.0,30.0,33.0,12.0,10.0,0.0,0.0,0.0,0.0,30.0,33.0,0.0,0.0,0.0,0.0
C3_f0.1__lamarckian__s1,C3_f0.1__lamarckian,C3_f0.1,C3,lamarckian,1,1250,train,50,3.46,21,21,73.67666482007155,0.875,0.5,269.0,232.0,242.0,302.0,47.0,29.0,0.0,0.0,26.0,17.0,18.0,25.0,15.0,4.0,0.0,0.0,0.0,0.0,18.0,25.0,0.0,0.0,0.0,0.0
C3_f0.1__lamarckian__s1,C3_f0.1__lamarckian,C3_f0.1,C3,lamarckian,1,1300,train,50,3.82,22,22,84.43348417558917,0.8333333333333334,0.5,333.0,258.0,230.0,271.0,45.0,38.0,0.0,0.0,16.0,18.0,29.0,17.0,14.0,11.0,0.0,0.0,0.0,0.0,29.0,17.0,0.0,0.0,0.0,0.0
C3_f0.1__lamarckian__s1,C3_f0.1__lamarckian,C3_f0.1,C3,lamarckian,1,1350,train,50,3.98,13,13,65.80294635271645,0.875,0.5,351.0,239.0,225.0,247.0,61.0,64.0,0.0,0.0,29.0,22.0,20.0,18.0,8.0,19.0,0.0,0.0,0.0,0.0,20.0,18.0,0.0,0.0,0.0,0.0
C3_f0.1__lamarckian__s1,C3_f0.1__lamarckian,C3_f0.1,C3,lamarckian,1,1400,train,50,4.18,21,21,54.62885886481913,0.9166666666666666,0.5,262.0,221.0,275.0,351.0,49.0,30.0,0.0,0.0,25.0,19.0,27.0,35.0,11.0,4.0,0.0,0.0,0.0,0.0,27.0,35.0,0.0,0.0,0.0,0.0
C3_f0.1__lamarckian__s1,C3_f0.1__lamarckian,C3_f0.1,C3,lamarckian,1,1450,train,50,4.28,24,24,61.07744483247331,0.9375,0.5,301.0,259.0,198.0,236.0,54.0,45.0,0.0,0.0,22.0,27.0,23.0,23.0,15.0,9.0,0.0,0.0,0.0,0.0,23.0,23.0,0.0,0.0,0.0,0.0
C3_f0.1__lamarckian__s1,C3_f0.1__lamarckian,C3_f0.1,C3,lamarckian,1,1500,train,33,4.363636363636363,8,25,76.09792266820142,0.9166666666666666,0.5,211.0,197.0,231.0,251.0,57.0,40.0,0.0,0.0,18.0,16.0,23.0,38.0,8.0,7.0,0.0,0.0,0.0,0.0,23.0,38.0,0.0,0.0,0.0,0.0
C3_f0.1__lamarckian__s1,C3_f0.1__lamarckian,C3_f0.1,C3,lamarckian,1,1550,eval,50,4.64,26,9,205.9596260452122,0.3333333333333333,0.5,377.0,317.0,335.0,392.0,20.0,28.0,47.0,72.0,12.0,12.0,21.0,14.0,1.0,0.0,4.0,4.0,0.0,0.0,21.0,14.0,0.0,0.0,4.0,4.0
C3_f0.1__lamarckian__s1,C3_f0.1__lamarckian,C3_f0.1,C3,lamarckian,1,1600,eval,50,4.66,2,2,189.28645515042837,0.2708333333333333,0.5,567.0,464.0,356.0,473.0,93.0,68.0,56.0,99.0,17.0,18.0,7.0,18.0,5.0,3.0,0.0,8.0,0.0,0.0,7.0,18.0,0.0,0.0,0.0,8.0
C3_f0.1__lamarckian__s1,C3_f0.1__lamarckian,C3_f0.1,C3,lamarckian,1,1650,eval,50,4.7,1,1,211.0330488331794,0.16666666666666666,0.5,569.0,437.0,376.0,470.0,67.0,55.0,76.0,95.0,15.0,12.0,5.0,18.0,1.0,1.0,3.0,7.0,0.0,0.0,5.0,18.0,0.0,0.0,3.0,7.0
C3_f0.1__lamarckian__s1,C3_f0.1__lamarckian,C3_f0.1,C3,lamarckian,1,1700,eval,50,4.82,4,4,198.24062075739494,0.25,0.5,494.0,400.0,457.0,591.0,61.0,57.0,72.0,84.0,19.0,13.0,16.0,19.0,0.0,1.0,2.0,1.0,0.0,0.0,16.0,19.0,0.0,0.0,2.0,1.0
C3_f0.1__lamarckian__s1,C3_f0.1__lamarckian,C3_f0.1,C3,lamarckian,1,1750,eval,50,4.82,0,0,188.8665586961778,0.4166666666666667,0.5,557.0,432.0,352.0,529.0,54.0,60.0,80.0,105.0,18.0,17.0,12.0,23.0,5.0,3.0,4.0,2.0,0.0,0.0,12.0,23.0,0.0,0.0,4.0,2.0
C3_f0.1__lamarckian__s1,C3_f0.1__lamarckian,C3_f0.1,C3,lamarckian,1,1800,eval,50,4.86,2,2,201.52050144750925,0.22916666666666666,0.5,579.0,470.0,358.0,417.0,93.0,71.0,72.0,89.0,8.0,6.0,18.0,14.0,0.0,2.0,2.0,5.0,0.0,0.0,18.0,14.0,0.0,0.0,2.0,5.0
C3_f0.1__lamarckian__s2,C3_f0.1__lamarckian,C3_f0.1,C3,lamarckian,2,50,train,45,0.8222222222222222,27,2,88.27276865536732,0.8541666666666666,0.5,85.0,94.0,98.0,99.0,31.0,25.0,0.0,0.0,22.0,23.0,14.0,24.0,16.0,11.0,0.0,0.0,0.0,0.0,14.0,24.0,0.0,0.0,0.0,0.0
C3_f0.1__lamarckian__s2,C3_f0.1__lamarckian,C3_f0.1,C3,lamarckian,2,100,train,36,0.9166666666666666,6,15,80.94374051149123,0.8541666666666666,0.5,154.0,111.0,154.0,170.0,37.0,43.0,0.0,0.0,33.0,20.0,18.0,20.0,9.0,10.0,0.0,0.0,0.0,0.0,18.0,20.0,0.0,0.0,0.0,0.0
C3_f0.1__lamarckian__s2,C3_f0.1__lamarckian,C3_f0.1,C3,lamarckian,2,150,train,50,1.2,29,15,106.775136469664,0.7916666666666666,0.5,188.0,145.0,200.0,262.0,52.0,38.0,0.0,0.0,17.0,6.0,23.0,19.0,14.0,9.0,0.0,0.0,0.0,0.0,23.0,19.0,0.0,0.0,0.0,0.0
C3_f0.1__lamarckian__s2,C3_f0.1__lamarckian,C3_f0.1,C3,lamarckian,2,200,train,50,1.08,12,12,66.74859783745845,0.875,0.5,201.0,148.0,273.0,285.0,45.0,45.0,0.0,0.0,20.0,19.0,19.0,21.0,21.0,11.0,0.0,0.0,0.0,0.0,19.0,21.0,0.0,0.0,0.0,0.0
C3_f0.1__lamarckian__s2,C3_f0.1__lamarckian,C3_f0.1,C3,lamarckian,2,250,train,50,1.18,17,17,66.06701999788565,0.9583333333333334,0.5,300.0,226.0,231.0,260.0,67.0,51.0,0.0,0.0,25.0,16.0,25.0,20.0,18.0,11.0,0.0,0.0,0.0,0.0,25.0,20.0,0.0,0.0,0.0,0.0
C3_f0.1__lamarckian__s2,C3_f0.1__lamarckian,C3_f0.1,C3,lamarckian,2,300,train,50,1.3,12,12,118.0876686411909,0.625,0.5,281.0,205.0,202.0,230.0,41.0,33.0,0.0,0.0,16.0,17.0,21.0,15.0,16.0,5.0,0.0,0.0,0.0,0.0,21.0,15.0,0.0,0.0,0.0,0.0
C3_f0.1__lamarckian__s2,C3_f0.1__lamarckian,C3_f0.1,C3,lamarckian,2,350,train,50,1.3,10,10,116.57103660962397,0.75,0.5,374.0,275.0,346.0,375.0,20.0,12.0,0.0,0.0,35.0,12.0,23.0,17.0,15.0,3.0,0.0,0.0,0.0,0.0,23.0,17.0,0.0,0.0,0.0,0.0
C3_f0.1__lamarckian__s2,C3_f0.1__lamarckian,C3_f0.1,C3,lamarckian,2,400,train,50,1.22,4,4,142.2664604467755,0.5625,0.5,382.0,353.0,312.0,379.0,20.0,17.0,0.0,0.0,16.0,7.0,19.0,11.0,17.0,9.0,0.0,0.0,0.0,0.0,19.0,11.0,0.0,0.0,0.0,0.0
C3_f0.1__lamarckian__s2,C3_f0.1__lamarckian,C3_f0.1,C3,lamarckian,2,450,train,50,1.18,6,6,69.0162400340452,0.8541666666666666,0.5,446.0,374.0,291.0,374.0,50.0,42.0,0.0,0.0,34.0,20.0,17.0,21.0,15.0,11.0,0.0,0.0,0.0,0.0,17.0,21.0,0.0,0.0,0.0,0.0
C3_f0.1__lamarckian__s2,C3_f0.1__lamarckian,C3_f0.1,C3,lamarckian,2,500,train,50,1.48,9,9,99.51124274527784,0.7708333333333334,0.5,385.0,308.0,284.0,339.0,68.0,75.0,0.0,0.0,21.0,19.0,20.0,14.0,13.0,7.0,0.0,0.0,0.0,0.0,20.0,14.0,0.0,0.0,0.0,0.0
C3_f0.1__lamarckian__s2,C3_f0.1__lamarckian,C3_f0.1,C3,lamarckian,2,550,train,50,1.66,4,4,96.61313645615111,0.75,0.5,329.0,299.0,282.0,365.0,106.0,89.0,0.0,0.0,31.0,14.0,21.0,14.0,15.0,9.0,0.0,0.0,0.0,0.0,21.0,14.0,0.0,0.0,0.0,0.0
C3_f0.1__lamarckian__s2,C3_f0.1__lamarckian,C3_f0.1,C3,lamarckian,2,600,train,50,1.66,5,5,82.20618779611684,0.7708333333333334,0.5,416.0,352.0,236.0,269.0,138.0,112.0,0.0,0.0,36.0,9.0,20.0,14.0,22.0,10.0,0.0,0.0,0.0,0.0,20.0,14.0,0.0,0.0,0.0,0.0
C3_f0.1__lamarckian__s2,C3_f0.1__lamarckian,C3_f0.1,C3,lamarckian,2,650,train,50,1.86,12,12,90.61921152419467,0.7291666666666666,0.5,333.0,270.0,370.0,407.0,126.0,96.0,0.0,0.0,21.0,13.0,23.0,26.0,6.0,5.0,0.0,0.0,0.0,0.0,23.0,26.0,0.0,0.0,0.0,0.0
C3_f0.1__lamarckian__s2,C3_f0.1__lamarckian,C3_f0.1,C3,lamarckian,2,700,train,50,1.88,7,7,110.9636472501956,0.6041666666666666,0.5,360.0,316.0,271.0,335.0,105.0,89.0,0.0,0.0,18.0,11.0,16.0,17.0,9.0,11.0,0.0,0.0,0.0,0.0,16.0,17.0,0.0,0.0,0.0,0.0
C3_f0.1__lamarckian__s2,C3_f0.1__lamarckian,C3_f0.1,C3,lamarckian,2,750,train,50,2.26,14,14,64.66510017915002,0.875,0.5,401.0,367.0,352.0,384.0,51.0,57.0,0.0,0.0,26.0,13.0,27.0,14.0,6.0,20.0,0.0,0.0,0.0,0.0,27.0,14.0,0.0,0.0,0.0,0.0
C3_f0.1__lamarckian__s2,C3_f0.1__lamarckian,C3_f0.1,C3,lamarckian,2,800,train,50,2.3,12,12,66.50899933705473,0.8958333333333334,0.5,349.0,305.0,238.0,307.0,73.0,40.0,0.0,0.0,30.0,22.0,15.0,13.0,16.0,13.0,0.0,0.0,0.0,0.0,15.0,13.0,0.0,0.0,0.0,0.0
C3_f0.1__lamarckian__s2,C3_f0.1__lamarckian,C3_f0.1,C3,lamarckian,2,850,train,50,2.22,22,22,66.28601966950802,0.9375,0.5,300.0,235.0,261.0,309.0,61.0,40.0,0.0,0.0,29.0,13.0,23.0,31.0,8.0,12.0,0.0,0.0,0.0,0.0,23.0,31.0,0.0,0.0,0.0,0.0
C3_f0.1__lamarckian__s2,C3_f0.1__lamarckian,C3_f0.1,C3,lamarckian,2,900,train,50,2.24,20,20,55.10240978416152,0.9583333333333334,0.5,189.0,158.0,257.0,282.0,37.0,35.0,0.0,0.0,20.0,13.0,31.0,18.0,15.0,12.0,0.0,0.0,0.0,0.0,31.0,18.0,0.0,0.0,0.0,0.0
C3_f0.1__lamarckian__s2,C3_f0.1__lamarckian,C3_f0.1,C3,lamarckian,2,950,train,50,2.42,14,14,109.06725612146111,0.7083333333333334,0.5,277.0,208.0,243.0,299.0,76.0,61.0,0.0,0.0,24.0,11.0,17.0,20.0,10.0,11.0,0.0,0.0,0.0,0.0,17.0,20.0,0.0,0.0,0.0,0.0
C3_f0.1__lamarckian__s2,C3_f0.1__lamarckian,C3_f0.1,C3,lamarckian,2,1000,train,50,2.68,9,9,62.93862126877695,0.9583333333333334,0.5,247.0,207.0,203.0,279.0,100.0,68.0,0.0,0.0,45.0,23.0,20.0,12.0,15.0,10.0,0.0,0.0,0.0,0.0,20.0,12.0,0.0,0.0,0.0,0.0
C3_f0.1__lamarckian__s2,C3_f0.1__lamarckian,C3_f0.1,C3,lamarckian,2,1050,train,50,2.76,13,13,56.377958347276675,0.9791666666666666,0.5,296.0,221.0,200.0,261.0,73.0,40.0,0.0,0.0,27.0,21.0,29.0,24.0,10.0,8.0,0.0,0.0,0.0,0.0,29.0,24.0,0.0,0.0,0.0,0.0
C3_f0.1__lamarckian__s2,C3_f0.1__lamarckian,C3_f0.1,C3,lamarckian,2,1100,train,50,2.8,18,18,75.65744933904281,0.8125,0.5,222.0,198.0,228.0,242.0,44.0,37.0,0.0,0.0,27.0,10.0,23.0,20.0,17.0,8.0,0.0,0.0,0.0,0.0,23.0,20.0,0.0,0.0,0.0,0.0
C3_f0.1__lamarckian__s2,C3_f0.1__lamarckian,C3_f0.1,C3,lamarckian,2,1150,train,50,3.16,22,22,58.19180746247434,0.9375,0.5,298.0,288.0,209.0,242.0,60.0,46.0,0.0,0.0,30.0,19.0,22.0,22.0,14.0,6.0,0.0,0.0,0.0,0.0,22.0,22.0,0.0,0.0,0.0,0.0
C3_f0.1__lamarckian__s2,C3_f0.1__lamarckian,C3_f0.1,C3,lamarckian,2,1200,train,38,3.473684210526316,18,30,56.67249238553866,0.9375,0.5,149.0,117.0,226.0,269.0,86.0,81.0,0.0,0.0,18.0,18.0,31.0,23.0,17.0,8.0,0.0,0.0,0.0,0.0,31.0,23.0,0.0,0.0,0.0,0.0
C3_f0.1__lamarckian__s2,C3_f0.1__lamarckian,C3_f0.1,C3,lamarckian,2,1250,train,49,3.63265306122449,20,9,88.79446761455851,0.7916666666666666,0.5,249.0,210.0,215.0,257.0,69.0,52.0,0.0,0.0,22.0,18.0,15.0,19.0,16.0,11.0,0.0,0.0,0.0,0.0,15.0,19.0,0.0,0.0,0.0,0.0
C3_f0.1__lamarckian__s2,C3_f0.1__lamarckian,C3_f0.1,C3,lamarckian,2,1300,train,50,3.66,15,14,52.95760379420971,0.9791666666666666,0.5,275.0,215.0,214.0,273.0,26.0,25.0,0.0,0.0,34.0,33.0,14.0,16.0,13.0,12.0,0.0,0.0,0.0,0.0,14.0,16.0,0.0,0.0,0.0,0.0
C3_f0.1__lamarckian__s2,C3_f0.1__lamarckian,C3_f0.1,C3,lamarckian,2,1350,train,39,3.8461538461538463,14,25,76.61651356209387,0.9375,0.5,261.0,213.0,180.0,234.0,53.0,49.0,0.0,0.0,26.0,7.0,24.0,28.0,19.0,12.0,0.0,0.0,0.0,0.0,24.0,28.0,0.0,0.0,0.0,0.0
C3_f0.1__lamarckian__s2,C3_f0.1__lamarckian,C3_f0.1,C3,lamarckian,2,1400,train,48,4.083333333333333,20,11,72.0499616255523,0.875,0.5,248.0,200.0,196.0,206.0,29.0,16.0,0.0,0.0,26.0,18.0,26.0,18.0,17.0,10.0,0.0,0.0,0.0,0.0,26.0,18.0,0.0,0.0,0.0,0.0
C3_f0.1__lamarckian__s2,C3_f0.1__lamarckian,C3_f0.1,C3,lamarckian,2,1450,train,50,4.4,12,10,58.89375431937813,0.8958333333333334,0.5,321.0,281.0,195.0,251.0,33.0,27.0,0.0,0.0,24.0,31.0,20.0,23.0,14.0,11.0,0.0,0.0,0.0,0.0,20.0,23.0,0.0,0.0,0.0,0.0
C3_f0.1__lamarckian__s2,C3_f0.1__lamarckian,C3_f0.1,C3,lamarckian,2,1500,train,50,4.54,14,14,68.17075801867031,0.8541666666666666,0.5,322.0,287.0,194.0,219.0,61.0,47.0,0.0,0.0,31.0,16.0,19.0,14.0,16.0,11.0,0.0,0.0,0.0,0.0,19.0,14.0,0.0,0.0,0.0,0.0
C3_f0.1__lamarckian__s2,C3_f0.1__lamarckian,C3_f0.1,C3,lamarckian,2,1550,eval,50,4.76,12,12,112.72118622725498,0.7291666666666666,0.5,325.0,267.0,261.0,323.0,12.0,7.0,16.0,25.0,23.0,22.0,19.0,16.0,7.0,6.0,6.0,5.0,0.0,0.0,19.0,16.0,0.0,0.0,6.0,5.0
C3_f0.1__lamarckian__s2,C3_f0.1__lamarckian,C3_f0.1,C3,lamarckian,2,1600,eval,50,4.7,7,7,109.33926618999826,0.7291666666666666,0.5,338.0,297.0,358.0,424.0,42.0,24.0,17.0,21.0,18.0,19.0,20.0,24.0,10.0,4.0,9.0,1.0,0.0,0.0,20.0,24.0,0.0,0.0,9.0,1.0
C3_f0.1__lamarckian__s2,C3_f0.1__lamarckian,C3_f0.1,C3,lamarckian,2,1650,eval,50,4.78,8,8,154.4881228919039,0.5625,0.5,435.0,341.0,363.0,414.0,57.0,59.0,21.0,23.0,18.0,17.0,19.0,20.0,10.0,2.0,2.0,0.0,0.0,0.0,19.0,20.0,0.0,0.0,2.0,0.0
C3_f0.1__lamarckian__s2,C3_f0.1__lamarckian,C3_f0.1,C3,lamarckian,2,1700,eval,50,4.8,2,2,147.1508604545646,0.5416666666666666,0.5,470.0,412.0,363.0,423.0,69.0,52.0,24.0,44.0,18.0,13.0,11.0,11.0,17.0,3.0,3.0,7.0,0.0,0.0,11.0,11.0,0.0,0.0,3.0,7.0
C3_f0.1__lamarckian__s2,C3_f0.1__lamarckian,C3_f0.1,C3,lamarckian,2,1750,eval,50,4.86,5,5,192.46341989949485,0.4375,0.5,423.0,377.0,396.0,518.0,23.0,20.0,14.0,18.0,18.0,14.0,17.0,12.0,4.0,2.0,5.0,3.0,0.0,0.0,17.0,12.0,0.0,0.0,5.0,3.0
C3_f0.1__lamarckian__s2,C3_f0.1__lamarckian,C3_f0.1,C3,lamarckian,2,1800,eval,50,5.0,10,10,117.3876121767272,0.6458333333333334,0.5,487.0,364.0,337.0,417.0,38.0,40.0,23.0,22.0,15.0,12.0,15.0,20.0,11.0,6.0,7.0,5.0,0.0,0.0,15.0,20.0,0.0,0.0,7.0,5.0
C3_f0.1__lamarckian__s3,C3_f0.1__lamarckian,C3_f0.1,C3,lamarckian,3,50,train,50,0.8,35,5,87.81448017285824,0.8125,0.5,177.0,133.0,160.0,189.0,45.0,38.0,0.0,0.0,22.0,20.0,23.0,24.0,16.0,13.0,0.0,0.0,0.0,0.0,23.0,24.0,0.0,0.0,0.0,0.0
C3_f0.1__lamarckian__s3,C3_f0.1__lamarckian,C3_f0.1,C3,lamarckian,3,100,train,45,0.9333333333333333,9,14,72.86857404982274,0.875,0.5,300.0,247.0,154.0,189.0,31.0,16.0,0.0,0.0,20.0,31.0,21.0,22.0,9.0,3.0,0.0,0.0,0.0,0.0,21.0,22.0,0.0,0.0,0.0,0.0
C3_f0.1__lamarckian__s3,C3_f0.1__lamarckian,C3_f0.1,C3,lamarckian,3,150,train,46,1.108695652173913,12,11,88.58638158971277,0.8125,0.5,282.0,247.0,202.0,272.0,89.0,83.0,0.0,0.0,26.0,34.0,13.0,21.0,9.0,8.0,0.0,0.0,0.0,0.0,13.0,21.0,0.0,0.0,0.0,0.0
C3_f0.1__lamarckian__s3,C3_f0.1__lamarckian,C3_f0.1,C3,lamarckian,3,200,train,50,1.16,16,12,107.47284183756366,0.75,0.5,279.0,199.0,262.0,313.0,53.0,39.0,0.0,0.0,14.0,23.0,20.0,22.0,14.0,7.0,0.0,0.0,0.0,0.0,20.0,22.0,0.0,0.0,0.0,0.0
C3_f0.1__lamarckian__s3,C3_f0.1__lamarckian,C3_f0.1,C3,lamarckian,3,250,train,50,1.18,12,12,84.55215104698567,0.8333333333333334,0.5,352.0,323.0,215.0,320.0,52.0,59.0,0.0,0.0,23.0,27.0,23.0,32.0,6.0,11.0,0.0,0.0,0.0,0.0,23.0,32.0,0.0,0.0,0.0,0.0
C3_f0.1__lamarckian__s3,C3_f0.1__lamarckian,C3_f0.1,C3,lamarckian,3,300,train,50,1.2,12,12,112.3209376092874,0.7708333333333334,0.5,239.0,210.0,260.0,326.0,24.0,29.0,0.0,0.0,24.0,19.0,21.0,27.0,10.0,8.0,0.0,0.0,0.0,0.0,21.0,27.0,0.0,0.0,0.0,0.0
C3_f0.1__lamarckian__s3,C3_f0.1__lamarckian,C3_f0.1,C3,lamarckian,3,350,train,50,1.24,15,15,69.93013433799932,0.8541666666666666,0.5,264.0,230.0,330.0,410.0,47.0,40.0,0.0,0.0,23.0,26.0,17.0,27.0,15.0,7.0,0.0,0.0,0.0,0.0,17.0,27.0,0.0,0.0,0.0,0.0
C3_f0.1__lamarckian__s3,C3_f0.1__lamarckian,C3_f0.1,C3,lamarckian,3,400,train,50,1.22,13,13,61.44277060926696,0.8541666666666666,0.5,317.0,249.0,238.0,274.0,59.0,51.0,0.0,0.0,22.0,33.0,14.0,21.0,15.0,4.0,0.0,0.0,0.0,0.0,14.0,21.0,0.0,0.0,0.0,0.0
C3_f0.1__lamarckian__s3,C3_f0.1__lamarckian,C3_f0.1,C3,lamarckian,3,450,train,50,1.28,9,9,65.91340625727865,0.8958333333333334,0.5,359.0,299.0,160.0,198.0,40.0,34.0,0.0,0.0,30.0,25.0,16.0,20.0,8.0,11.0,0.0,0.0,0.0,0.0,16.0,20.0,0.0,0.0,0.0,0.0
C3_f0.1__lamarckian__s3,C3_f0.1__lamarckian,C3_f0.1,C3,lamarckian,3,500,train,49,1.6122448979591837,17,18,64.96067326565924,0.9166666666666666,0.5,343.0,267.0,294.0,364.0,70.0,63.0,0.0,0.0,29.0,22.0,24.0,24.0,15.0,8.0,0.0,0.0,0.0,0.0,24.0,24.0,0.0,0.0,0.0,0.0
C3_f0.1__lamarckian__s3,C3_f0.1__lamarckian,C3_f0.1,C3,lamarckian,3,550,train,50,2.16,18,17,69.7000657983033,0.8958333333333334,0.5,331.0,262.0,256.0,281.0,31.0,22.0,0.0,0.0,28.0,28.0,13.0,28.0,10.0,9.0,0.0,0.0,0.0,0.0,13.0,28.0,0.0,0.0,0.0,0.0
C3_f0.1__lamarckian__s3,C3_f0.1__lamarckian,C3_f0.1,C3,lamarckian,3,600,train,50,2.22,20,20,78.15521287417518,0.8958333333333334,0.5,217.0,201.0,149.0,159.0,41.0,31.0,0.0,0.0,23.0,17.0,21.0,20.0,10.0,5.0,0.0,0.0,0.0,0.0,21.0,20.0,0.0,0.0,0.0,0.0
C3_f0.1__lamarckian__s3,C3_f0.1__lamarckian,C3_f0.1,C3,lamarckian,3,650,train,50,2.24,13,13,99.24593027230506,0.8333333333333334,0.5,288.0,232.0,128.0,164.0,71.0,61.0,0.0,0.0,32.0,16.0,16.0,21.0,9.0,12.0,0.0,0.0,0.0,0.0,16.0,21.0,0.0,0.0,0.0,0.0
C3_f0.1__lamarckian__s3,C3_f0.1__lamarckian,C3_f0.1,C3,lamarckian,3,700,train,50,2.2,12,12,82.01304851320974,0.7708333333333334,0.5,284.0,258.0,269.0,320.0,103.0,101.0,0.0,0.0,35.0,18.0,23.0,20.0,12.0,10.0,0.0,0.0,0.0,0.0,23.0,20.0,0.0,0.0,0.0,0.0
C3_f0.1__lamarckian__s3,C3_f0.1__lamarckian,C3_f0.1,C3,lamarckian,3,750,train,50,2.24,17,17,58.26442600161274,0.8958333333333334,0.5,303.0,277.0,262.0,334.0,46.0,39.0,0.0,0.0,43.0,14.0,16.0,22.0,14.0,7.0,0.0,0.0,0.0,0.0,16.0,22.0,0.0,0.0,0.0,0.0
C3_f0.1__lamarckian__s3,C3_f0.1__lamarckian,C3_f0.1,C3,lamarckian,3,800,train,50,2.4,11,11,61.34190205877703,0.9166666666666666,0.5,249.0,211.0,300.0,348.0,49.0,52.0,0.0,0.0,38.0,10.0,22.0,19.0,11.0,11.0,0.0,0.0,0.0,0.0,22.0,19.0,0.0,0.0,0.0,0.0
C3_f0.1__lamarckian__s3,C3_f0.1__lamarckian,C3_f0.1,C3,lamarckian,3,850,train,50,2.44,8,8,64.77849967210891,0.8541666666666666,0.5,378.0,328.0,228.0,287.0,53.0,45.0,0.0,0.0,35.0,25.0,22.0,12.0,7.0,14.0,0.0,0.0,0.0,0.0,22.0,12.0,0.0,0.0,0.0,0.0
C3_f0.1__lamarckian__s3,C3_f0.1__lamarckian,C3_f0.1,C3,lamarckian,3,900,train,50,2.6,16,16,64.76659477366906,0.9375,0.5,407.0,356.0,194.0,236.0,46.0,27.0,0.0,0.0,37.0,24.0,20.0,16.0,17.0,7.0,0.0,0.0,0.0,0.0,20.0,16.0,0.0,0.0,0.0,0.0
C3_f0.1__lamarckian__s3,C3_f0.1__lamarckian,C3_f0.1,C3,lamarckian,3,950,train,50,2.78,13,13,57.0807258610615,0.9375,0.5,328.0,258.0,218.0,306.0,29.0,18.0,0.0,0.0,23.0,28.0,19.0,28.0,15.0,7.0,0.0,0.0,0.0,0.0,19.0,28.0,0.0,0.0,0.0,0.0
C3_f0.1__lamarckian__s3,C3_f0.1__lamarckian,C3_f0.1,C3,lamarckian,3,1000,train,50,3.02,20,20,61.796632431739035,0.8958333333333334,0.5,330.0,292.0,234.0,290.0,31.0,18.0,0.0,0.0,28.0,35.0,22.0,12.0,13.0,8.0,0.0,0.0,0.0,0.0,22.0,12.0,0.0,0.0,0.0,0.0
C3_f0.1__lamarckian__s3,C3_f0.1__lamarckian,C3_f0.1,C3,lamarckian,3,1050,train,50,3.16,22,22,58.635737630373015,0.9166666666666666,0.5,341.0,287.0,248.0,284.0,38.0,26.0,0.0,0.0,23.0,28.0,24.0,25.0,8.0,10.0,0.0,0.0,0.0,0.0,24.0,25.0,0.0,0.0,0.0,0.0
C3_f0.1__lamarckian__s3,C3_f0.1__lamarckian,C3_f0.1,C3,lamarckian,3,1100,train,50,3.36,20,20,82.00260000358261,0.8333333333333334,0.5,279.0,226.0,228.0,257.0,27.0,26.0,0.0,0.0,22.0,29.0,20.0,24.0,8.0,12.0,0.0,0.0,0.0,0.0,20.0,24.0,0.0,0.0,0.0,0.0
C3_f0.1__lamarckian__s3,C3_f0.1__lamarckian,C3_f0.1,C3,lamarckian,3,1150,train,49,3.4693877551020407,17,18,80.6844681790954,0.8958333333333334,0.5,282.0,207.0,133.0,179.0,79.0,69.0,0.0,0.0,31.0,24.0,19.0,23.0,15.0,12.0,0.0,0.0,0.0,0.0,19.0,23.0,0.0,0.0,0.0,0.0
C3_f0.1__lamarckian__s3,C3_f0.1__lamarckian,C3_f0.1,C3,lamarckian,3,1200,train,46,3.630434782608696,15,18,64.20421056249583,0.9583333333333334,0.5,272.0,218.0,195.0,213.0,25.0,32.0,0.0,0.0,17.0,28.0,14.0,25.0,7.0,13.0,0.0,0.0,0.0,0.0,14.0,25.0,0.0,0.0,0.0,0.0
C3_f0.1__lamarckian__s3,C3_f0.1__lamarckian,C3_f0.1,C3,lamarckian,3,1250,train,45,3.8,14,15,80.74661461198635,0.8333333333333334,0.5,271.0,212.0,236.0,268.0,34.0,27.0,0.0,0.0,27.0,32.0,18.0,21.0,11.0,6.0,0.0,0.0,0.0,0.0,18.0,21.0,0.0,0.0,0.0,0.0
C3_f0.1__lamarckian__s3,C3_f0.1__lamarckian,C3_f0.1,C3,lamarckian,3,1300,train,50,4.28,22,17,74.85112685019517,0.875,0.5,307.0,293.0,233.0,335.0,18.0,38.0,0.0,0.0,17.0,20.0,26.0,34.0,6.0,15.0,0.0,0.0,0.0,0.0,26.0,34.0,0.0,0.0,0.0,0.0
C3_f0.1__lamarckian__s3,C3_f0.1__lamarckian,C3_f0.1,C3,lamarckian,3,1350,train,50,4.38,17,17,46.75429500260927,0.9583333333333334,0.5,313.0,245.0,294.0,348.0,62.0,42.0,0.0,0.0,34.0,23.0,21.0,26.0,16.0,10.0,0.0,0.0,0.0,0.0,21.0,26.0,0.0,0.0,0.0,0.0
C3_f0.1__lamarckian__s3,C3_f0.1__lamarckian,C3_f0.1,C3,lamarckian,3,1400,train,47,4.51063829787234,14,17,61.7590282811224,0.8958333333333334,0.5,279.0,240.0,278.0,319.0,43.0,58.0,0.0,0.0,28.0,20.0,27.0,20.0,9.0,9.0,0.0,0.0,0.0,0.0,27.0,20.0,0.0,0.0,0.0,0.0
C3_f0.1__lamarckian__s3,C3_f0.1__lamarckian,C3_f0.1,C3,lamarckian,3,1450,train,50,4.58,16,13,63.27302986631788,0.8541666666666666,0.5,348.0,267.0,219.0,241.0,85.0,65.0,0.0,0.0,34.0,27.0,23.0,10.0,17.0,12.0,0.0,0.0,0.0,0.0,23.0,10.0,0.0,0.0,0.0,0.0
C3_f0.1__lamarckian__s3,C3_f0.1__lamarckian,C3_f0.1,C3,lamarckian,3,1500,train,50,4.62,16,16,71.39649019476494,0.8958333333333334,0.5,338.0,255.0,235.0,302.0,67.0,42.0,0.0,0.0,39.0,15.0,20.0,24.0,11.0,7.0,0.0,0.0,0.0,0.0,20.0,24.0,0.0,0.0,0.0,0.0
C3_f0.1__lamarckian__s3,C3_f0.1__lamarckian,C3_f0.1,C3,lamarckian,3,1550,eval,48,4.791666666666667,20,22,76.10009011884944,0.8333333333333334,0.5,296.0,251.0,244.0,288.0,33.0,28.0,28.0,57.0,32.0,22.0,18.0,26.0,6.0,3.0,4.0,6.0,0.0,0.0,18.0,26.0,0.0,0.0,4.0,6.0
C3_f0.1__lamarckian__s3,C3_f0.1__lamarckian,C3_f0.1,C3,lamarckian,3,1600,eval,38,4.7368421052631575,10,20,94.69162879945696,0.75,0.5,292.0,242.0,229.0,284.0,52.0,27.0,34.0,41.0,31.0,14.0,23.0,20.0,2.0,5.0,5.0,13.0,0.0,0.0,23.0,20.0,0.0,0.0,5.0,13.0
C3_f0.1__lamarckian__s3,C3_f0.1__lamarckian,C3_f0.1,C3,lamarckian,3,1650,eval,50,5.08,24,12,117.33055747219078,0.7083333333333334,0.5,428.0,350.0,274.0,332.0,132.0,82.0,56.0,59.0,22.0,16.0,28.0,22.0,4.0,2.0,1.0,5.0,0.0,0.0,28.0,22.0,0.0,0.0,1.0,5.0
C3_f0.1__lamarckian__s3,C3_f0.1__lamarckian,C3_f0.1,C3,lamarckian,3,1700,eval,50,5.16,10,10,143.9799849097027,0.5625,0.5,413.0,302.0,311.0,392.0,150.0,115.0,60.0,70.0,28.0,13.0,15.0,14.0,5.0,7.0,6.0,2.0,0.0,0.0,15.0,14.0,0.0,0.0,6.0,2.0
C3_f0.1__lamarckian__s3,C3_f0.1__lamarckian,C3_f0.1,C3,lamarckian,3,1750,eval,50,5.18,4,4,139.3816429605194,0.5208333333333334,0.5,387.0,304.0,334.0,467.0,156.0,127.0,92.0,111.0,20.0,12.0,22.0,25.0,3.0,5.0,1.0,5.0,0.0,0.0,22.0,25.0,0.0,0.0,1.0,5.0
C3_f0.1__lamarckian__s3,C3_f0.1__lamarckian,C3_f0.1,C3,lamarckian,3,1800,eval,50,5.22,5,5,137.99580777757564,0.5,0.5,446.0,342.0,314.0,412.0,110.0,110.0,135.0,152.0,28.0,12.0,16.0,13.0,1.0,4.0,3.0,5.0,0.0,0.0,16.0,13.0,0.0,0.0,3.0,5.0
C3_f0.1__lamarckian__s4,C3_f0.1__lamarckian,C3_f0.1,C3,lamarckian,4,50,train,50,0.76,32,2,80.83731530453085,0.8333333333333334,0.5,182.0,157.0,154.0,198.0,57.0,45.0,0.0,0.0,24.0,24.0,22.0,28.0,14.0,9.0,0.0,0.0,0.0,0.0,22.0,28.0,0.0,0.0,0.0,0.0
C3_f0.1__lamarckian__s4,C3_f0.1__lamarckian,C3_f0.1,C3,lamarckian,4,100,train,49,0.8163265306122449,10,11,68.50154329522204,0.9375,0.5,202.0,180.0,209.0,228.0,36.0,27.0,0.0,0.0,19.0,30.0,20.0,22.0,9.0,8.0,0.0,0.0,0.0,0.0,20.0,22.0,0.0,0.0,0.0,0.0
C3_f0.1__lamarckian__s4,C3_f0.1__lamarckian,C3_f0.1,C3,lamarckian,4,150,train,50,1.0,17,16,78.59489052971972,0.8125,0.5,262.0,217.0,255.0,333.0,108.0,96.0,0.0,0.0,24.0,21.0,12.0,22.0,10.0,10.0,0.0,0.0,0.0,0.0,12.0,22.0,0.0,0.0,0.0,0.0
C3_f0.1__lamarckian__s4,C3_f0.1__lamarckian,C3_f0.1,C3,lamarckian,4,200,train,50,0.98,11,11,149.55762240111892,0.5625,0.5,246.0,209.0,281.0,351.0,119.0,82.0,0.0,0.0,25.0,8.0,18.0,23.0,3.0,1.0,0.0,0.0,0.0,0.0,18.0,23.0,0.0,0.0,0.0,0.0
C3_f0.1__lamarckian__s4,C3_f0.1__lamarckian,C3_f0.1,C3,lamarckian,4,250,train,50,0.94,4,4,117.43770959820336,0.6666666666666666,0.5,326.0,269.0,164.0,236.0,173.0,124.0,0.0,0.0,33.0,15.0,13.0,10.0,9.0,9.0,0.0,0.0,0.0,0.0,13.0,10.0,0.0,0.0,0.0,0.0
C3_f0.1__lamarckian__s4,C3_f0.1__lamarckian,C3_f0.1,C3,lamarckian,4,300,train,50,0.96,4,4,74.37508131210541,0.7916666666666666,0.5,280.0,251.0,190.0,265.0,101.0,78.0,0.0,0.0,31.0,28.0,15.0,17.0,14.0,7.0,0.0,0.0,0.0,0.0,15.0,17.0,0.0,0.0,0.0,0.0
C3_f0.1__lamarckian__s4,C3_f0.1__lamarckian,C3_f0.1,C3,lamarckian,4,350,train,50,0.94,9,9,121.83314217744623,0.6458333333333334,0.5,192.0,173.0,314.0,368.0,94.0,87.0,0.0,0.0,16.0,16.0,24.0,25.0,3.0,5.0,0.0,0.0,0.0,0.0,24.0,25.0,0.0,0.0,0.0,0.0
C3_f0.1__lamarckian__s4,C3_f0.1__lamarckian,C3_f0.1,C3,lamarckian,4,400,train,50,0.94,3,3,98.11076701374682,0.7708333333333334,0.5,340.0,277.0,323.0,383.0,216.0,166.0,0.0,0.0,22.0,13.0,21.0,20.0,11.0,9.0,0.0,0.0,0.0,0.0,21.0,20.0,0.0,0.0,0.0,0.0
C3_f0.1__lamarckian__s4,C3_f0.1__lamarckian,C3_f0.1,C3,lamarckian,4,450,train,50,0.94,3,3,116.34722004517246,0.625,0.5,335.0,282.0,364.0,487.0,109.0,80.0,0.0,0.0,18.0,17.0,13.0,25.0,12.0,6.0,0.0,0.0,0.0,0.0,13.0,25.0,0.0,0.0,0.0,0.0
C3_f0.1__lamarckian__s4,C3_f0.1__lamarckian,C3_f0.1,C3,lamarckian,4,500,train,50,1.38,13,13,119.25871849966649,0.7083333333333334,0.5,442.0,349.0,364.0,423.0,143.0,117.0,0.0,0.0,25.0,14.0,18.0,15.0,12.0,5.0,0.0,0.0,0.0,0.0,18.0,15.0,0.0,0.0,0.0,0.0
C3_f0.1__lamarckian__s4,C3_f0.1__lamarckian,C3_f0.1,C3,lamarckian,4,550,train,50,1.68,17,17,76.58363089976152,0.8541666666666666,0.5,367.0,286.0,257.0,334.0,90.0,69.0,0.0,0.0,23.0,30.0,14.0,29.0,12.0,8.0,0.0,0.0,0.0,0.0,14.0,29.0,0.0,0.0,0.0,0.0
C3_f0.1__lamarckian__s4,C3_f0.1__lamarckian,C3_f0.1,C3,lamarckian,4,600,train,50,1.88,11,11,85.1038511175706,0.8333333333333334,0.5,243.0,231.0,229.0,256.0,73.0,75.0,0.0,0.0,23.0,25.0,15.0,19.0,9.0,5.0,0.0,0.0,0.0,0.0,15.0,19.0,0.0,0.0,0.0,0.0
C3_f0.1__lamarckian__s4,C3_f0.1__lamarckian,C3_f0.1,C3,lamarckian,4,650,train,50,2.04,19,19,98.4615140990893,0.75,0.5,222.0,142.0,263.0,278.0,61.0,51.0,0.0,0.0,36.0,15.0,20.0,17.0,4.0,8.0,0.0,0.0,0.0,0.0,20.0,17.0,0.0,0.0,0.0,0.0
C3_f0.1__lamarckian__s4,C3_f0.1__lamarckian,C3_f0.1,C3,lamarckian,4,700,train,50,2.06,14,14,83.2780194134113,0.8541666666666666,0.5,232.0,189.0,219.0,280.0,61.0,47.0,0.0,0.0,31.0,17.0,22.0,23.0,13.0,15.0,0.0,0.0,0.0,0.0,22.0,23.0,0.0,0.0,0.0,0.0
C3_f0.1__lamarckian__s4,C3_f0.1__lamarckian,C3_f0.1,C3,lamarckian,4,750,train,50,2.08,12,12,59.61679938302023,0.8958333333333334,0.5,274.0,232.0,225.0,245.0,35.0,40.0,0.0,0.0,38.0,21.0,26.0,12.0,11.0,12.0,0.0,0.0,0.0,0.0,26.0,12.0,0.0,0.0,0.0,0.0
C3_f0.1__lamarckian__s4,C3_f0.1__lamarckian,C3_f0.1,C3,lamarckian,4,800,train,50,2.32,19,19,80.31819130809124,0.8541666666666666,0.5,246.0,171.0,232.0,295.0,27.0,35.0,0.0,0.0,16.0,16.0,21.0,22.0,8.0,18.0,0.0,0.0,0.0,0.0,21.0,22.0,0.0,0.0,0.0,0.0
C3_f0.1__lamarckian__s4,C3_f0.1__lamarckian,C3_f0.1,C3,lamarckian,4,850,train,50,2.46,13,13,94.343689085656,0.7916666666666666,0.5,230.0,171.0,254.0,317.0,53.0,39.0,0.0,0.0,25.0,20.0,15.0,26.0,15.0,8.0,0.0,0.0,0.0,0.0,15.0,26.0,0.0,0.0,0.0,0.0
C3_f0.1__lamarckian__s4,C3_f0.1__lamarckian,C3_f0.1,C3,lamarckian,4,900,train,50,2.6,8,8,87.21599221257654,0.8333333333333334,0.5,388.0,302.0,319.0,358.0,52.0,36.0,0.0,0.0,24.0,20.0,18.0,26.0,10.0,11.0,0.0,0.0,0.0,0.0,18.0,26.0,0.0,0.0,0.0,0.0
C3_f0.1__lamarckian__s4,C3_f0.1__lamarckian,C3_f0.1,C3,lamarckian,4,950,train,50,2.6,14,14,110.84298293755555,0.6666666666666666,0.5,348.0,281.0,328.0,405.0,93.0,92.0,0.0,0.0,14.0,19.0,31.0,19.0,12.0,7.0,0.0,0.0,0.0,0.0,31.0,19.0,0.0,0.0,0.0,0.0
C3_f0.1__lamarckian__s4,C3_f0.1__lamarckian,C3_f0.1,C3,lamarckian,4,1000,train,50,2.7,10,10,102.67497791085205,0.75,0.5,305.0,233.0,389.0,505.0,92.0,65.0,0.0,0.0,20.0,11.0,25.0,16.0,9.0,12.0,0.0,0.0,0.0,0.0,25.0,16.0,0.0,0.0,0.0,0.0
C3_f0.1__lamarckian__s4,C3_f0.1__lamarckian,C3_f0.1,C3,lamarckian,4,1050,train,50,2.82,10,10,116.7005595863869,0.6875,0.5,321.0,268.0,370.0,433.0,58.0,42.0,0.0,0.0,18.0,21.0,23.0,29.0,13.0,10.0,0.0,0.0,0.0,0.0,23.0,29.0,0.0,0.0,0.0,0.0
C3_f0.1__lamarckian__s4,C3_f0.1__lamarckian,C3_f0.1,C3,lamarckian,4,1100,train,50,2.84,9,9,71.00037255170798,0.8125,0.5,408.0,317.0,285.0,377.0,81.0,68.0,0.0,0.0,20.0,21.0,21.0,29.0,19.0,8.0,0.0,0.0,0.0,0.0,21.0,29.0,0.0,0.0,0.0,0.0
C3_f0.1__lamarckian__s4,C3_f0.1__lamarckian,C3_f0.1,C3,lamarckian,4,1150,train,50,2.94,16,16,84.23483471850483,0.75,0.5,320.0,243.0,285.0,334.0,77.0,51.0,0.0,0.0,16.0,22.0,17.0,24.0,11.0,10.0,0.0,0.0,0.0,0.0,17.0,24.0,0.0,0.0,0.0,0.0
C3_f0.1__lamarckian__s4,C3_f0.1__lamarckian,C3_f0.1,C3,lamarckian,4,1200,train,50,3.08,12,12,129.19800527403515,0.5208333333333334,0.5,438.0,350.0,356.0,387.0,94.0,68.0,0.0,0.0,20.0,16.0,15.0,22.0,6.0,10.0,0.0,0.0,0.0,0.0,15.0,22.0,0.0,0.0,0.0,0.0
C3_f0.1__lamarckian__s4,C3_f0.1__lamarckian,C3_f0.1,C3,lamarckian,4,1250,train,50,3.14,7,7,100.90090625905546,0.7916666666666666,0.5,403.0,361.0,288.0,382.0,70.0,57.0,0.0,0.0,20.0,28.0,9.0,36.0,12.0,11.0,0.0,0.0,0.0,0.0,9.0,36.0,0.0,0.0,0.0,0.0
C3_f0.1__lamarckian__s4,C3_f0.1__lamarckian,C3_f0.1,C3,lamarckian,4,1300,train,50,3.28,18,18,63.15399081832655,0.9166666666666666,0.5,350.0,304.0,235.0,332.0,99.0,72.0,0.0,0.0,26.0,19.0,26.0,35.0,11.0,9.0,0.0,0.0,0.0,0.0,26.0,35.0,0.0,0.0,0.0,0.0
C3_f0.1__lamarckian__s4,C3_f0.1__lamarckian,C3_f0.1,C3,lamarckian,4,1350,train,50,3.46,22,22,80.92277229522256,0.8333333333333334,0.5,324.0,261.0,265.0,320.0,95.0,60.0,0.0,0.0,17.0,17.0,25.0,23.0,11.0,11.0,0.0,0.0,0.0,0.0,25.0,23.0,0.0,0.0,0.0,0.0
C3_f0.1__lamarckian__s4,C3_f0.1__lamarckian,C3_f0.1,C3,lamarckian,4,1400,train,50,3.54,10,10,78.94903985560444,0.7708333333333334,0.5,302.0,301.0,305.0,352.0,104.0,72.0,0.0,0.0,28.0,14.0,29.0,18.0,18.0,5.0,0.0,0.0,0.0,0.0,29.0,18.0,0.0,0.0,0.0,0.0
C3_f0.1__lamarckian__s4,C3_f0.1__lamarckian,C3_f0.1,C3,lamarckian,4,1450,train,50,3.68,14,14,100.08497645096489,0.8125,0.5,326.0,266.0,267.0,345.0,44.0,31.0,0.0,0.0,34.0,18.0,23.0,24.0,9.0,8.0,0.0,0.0,0.0,0.0,23.0,24.0,0.0,0.0,0.0,0.0
C3_f0.1__lamarckian__s4,C3_f0.1__lamarckian,C3_f0.1,C3,lamarckian,4,1500,train,50,3.76,10,10,70.48504767386393,0.8541666666666666,0.5,299.0,255.0,229.0,300.0,98.0,90.0,0.0,0.0,31.0,18.0,19.0,22.0,19.0,11.0,0.0,0.0,0.0,0.0,19.0,22.0,0.0,0.0,0.0,0.0
C3_f0.1__lamarckian__s4,C3_f0.1__lamarckian,C3_f0.1,C3,lamarckian,4,1550,eval,50,3.8,19,19,114.44661649785752,0.75,0.5,247.0,233.0,286.0,341.0,36.0,32.0,13.0,16.0,16.0,17.0,19.0,18.0,3.0,10.0,2.0,2.0,0.0,0.0,19.0,18.0,0.0,0.0,2.0,2.0
C3_f0.1__lamarckian__s4,C3_f0.1__lamarckian,C3_f0.1,C3,lamarckian,4,1600,eval,50,3.82,19,19,103.04092614284397,0.8125,0.5,355.0,302.0,236.0,307.0,61.0,50.0,12.0,16.0,23.0,18.0,21.0,26.0,8.0,6.0,5.0,1.0,0.0,0.0,21.0,26.0,0.0,0.0,5.0,1.0
C3_f0.1__lamarckian__s4,C3_f0.1__lamarckian,C3_f0.1,C3,lamarckian,4,1650,eval,50,3.9,20,20,147.51673725172424,0.6458333333333334,0.5,351.0,302.0,243.0,298.0,35.0,31.0,39.0,49.0,12.0,17.0,19.0,30.0,4.0,3.0,1.0,2.0,0.0,0.0,19.0,30.0,0.0,0.0,1.0,2.0
C3_f0.1__lamarckian__s4,C3_f0.1__lamarckian,C3_f0.1,C3,lamarckian,4,1700,eval,50,3.96,6,6,123.0239764128263,0.6041666666666666,0.5,352.0,283.0,361.0,508.0,39.0,36.0,63.0,60.0,14.0,28.0,9.0,23.0,1.0,2.0,2.0,3.0,0.0,0.0,9.0,23.0,0.0,0.0,2.0,3.0
C3_f0.1__lamarckian__s4,C3_f0.1__lamarckian,C3_f0.1,C3,lamarckian,4,1750,eval,50,3.94,8,8,118.83249101263186,0.7083333333333334,0.5,475.0,337.0,296.0,342.0,86.0,82.0,43.0,57.0,23.0,24.0,14.0,25.0,8.0,6.0,4.0,3.0,0.0,0.0,14.0,25.0,0.0,0.0,4.0,3.0
C3_f0.1__lamarckian__s4,C3_f0.1__lamarckian,C3_f0.1,C3,lamarckian,4,1800,eval,50,4.06,10,10,120.26990984413368,0.625,0.5,395.0,285.0,336.0,414.0,32.0,25.0,56.0,67.0,16.0,28.0,14.0,17.0,4.0,6.0,4.0,7.0,0.0,0.0,14.0,17.0,0.0,0.0,4.0,7.0
C3_f0.1__lamarckian__s5,C3_f0.1__lamarckian,C3_f0.1,C3,lamarckian,5,50,train,50,0.82,37,7,35.10136609574902,0.9583333333333334,0.5,165.0,122.0,146.0,141.0,19.0,29.0,0.0,0.0,33.0,21.0,28.0,26.0,12.0,15.0,0.0,0.0,0.0,0.0,28.0,26.0,0.0,0.0,0.0,0.0
C3_f0.1__lamarckian__s5,C3_f0.1__lamarckian,C3_f0.1,C3,lamarckian,5,100,train,49,1.0816326530612246,13,14,87.43139662481472,0.8541666666666666,0.5,221.0,184.0,140.0,171.0,17.0,30.0,0.0,0.0,22.0,16.0,12.0,17.0,9.0,8.0,0.0,0.0,0.0,0.0,12.0,17.0,0.0,0.0,0.0,0.0
C3_f0.1__lamarckian__s5,C3_f0.1__lamarckian,C3_f0.1,C3,lamarckian,5,150,train,45,1.1777777777777778,16,20,77.68698348677646,0.8541666666666666,0.5,246.0,207.0,178.0,212.0,21.0,16.0,0.0,0.0,26.0,20.0,19.0,23.0,14.0,8.0,0.0,0.0,0.0,0.0,19.0,23.0,0.0,0.0,0.0,0.0
C3_f0.1__lamarckian__s5,C3_f0.1__lamarckian,C3_f0.1,C3,lamarckian,5,200,train,50,1.44,19,14,114.0834641216982,0.75,0.5,248.0,211.0,256.0,321.0,44.0,31.0,0.0,0.0,25.0,18.0,15.0,16.0,13.0,7.0,0.0,0.0,0.0,0.0,15.0,16.0,0.0,0.0,0.0,0.0
C3_f0.1__lamarckian__s5,C3_f0.1__lamarckian,C3_f0.1,C3,lamarckian,5,250,train,50,1.58,13,13,76.36460437844319,0.8541666666666666,0.5,297.0,236.0,218.0,237.0,38.0,37.0,0.0,0.0,26.0,25.0,22.0,20.0,8.0,9.0,0.0,0.0,0.0,0.0,22.0,20.0,0.0,0.0,0.0,0.0
C3_f0.1__lamarckian__s5,C3_f0.1__lamarckian,C3_f0.1,C3,lamarckian,5,300,train,50,1.48,8,8,84.72702316712636,0.7708333333333334,0.5,301.0,242.0,163.0,235.0,46.0,52.0,0.0,0.0,24.0,30.0,12.0,18.0,14.0,3.0,0.0,0.0,0.0,0.0,12.0,18.0,0.0,0.0,0.0,0.0
C3_f0.1__lamarckian__s5,C3_f0.1__lamarckian,C3_f0.1,C3,lamarckian,5,350,train,50,1.46,14,14,87.90227487141087,0.7708333333333334,0.5,250.0,224.0,246.0,291.0,73.0,54.0,0.0,0.0,19.0,25.0,19.0,21.0,10.0,10.0,0.0,0.0,0.0,0.0,19.0,21.0,0.0,0.0,0.0,0.0
C3_f0.1__lamarckian__s5,C3_f0.1__lamarckian,C3_f0.1,C3,lamarckian,5,400,train,50,1.58,17,17,126.25112905007448,0.7083333333333334,0.5,326.0,257.0,236.0,257.0,11.0,17.0,0.0,0.0,18.0,21.0,23.0,29.0,0.0,1.0,0.0,0.0,0.0,0.0,23.0,29.0,0.0,0.0,0.0,0.0
C3_f0.1__lamarckian__s5,C3_f0.1__lamarckian,C3_f0.1,C3,lamarckian,5,450,train,50,1.48,5,5,170.96153001226236,0.4791666666666667,0.5,325.0,238.0,185.0,253.0,120.0,114.0,0.0,0.0,19.0,13.0,12.0,22.0,5.0,6.0,0.0,0.0,0.0,0.0,12.0,22.0,0.0,0.0,0.0,0.0
C3_f0.1__lamarckian__s5,C3_f0.1__lamarckian,C3_f0.1,C3,lamarckian,5,500,train,50,1.7,7,7,142.9800208319267,0.5,0.5,479.0,376.0,384.0,430.0,95.0,71.0,0.0,0.0,21.0,16.0,15.0,21.0,6.0,6.0,0.0,0.0,0.0,0.0,15.0,21.0,0.0,0.0,0.0,0.0
C3_f0.1__lamarckian__s5,C3_f0.1__lamarckian,C3_f0.1,C3,lamarckian,5,550,train,50,1.92,16,16,132.19817478550738,0.6458333333333334,0.5,331.0,326.0,305.0,404.0,144.0,119.0,0.0,0.0,17.0,16.0,21.0,23.0,12.0,9.0,0.0,0.0,0.0,0.0,21.0,23.0,0.0,0.0,0.0,0.0
C3_f0.1__lamarckian__s5,C3_f0.1__lamarckian,C3_f0.1,C3,lamarckian,5,600,train,50,2.02,6,6,119.4531155943865,0.6458333333333334,0.5,441.0,401.0,243.0,296.0,17.0,12.0,0.0,0.0,17.0,18.0,19.0,19.0,6.0,8.0,0.0,0.0,0.0,0.0,19.0,19.0,0.0,0.0,0.0,0.0
C3_f0.1__lamarckian__s5,C3_f0.1__lamarckian,C3_f0.1,C3,lamarckian,5,650,train,50,2.1,8,8,98.0556640946148,0.75,0.5,446.0,312.0,317.0,347.0,52.0,70.0,0.0,0.0,19.0,25.0,14.0,20.0,7.0,9.0,0.0,0.0,0.0,0.0,14.0,20.0,0.0,0.0,0.0,0.0
C3_f0.1__lamarckian__s5,C3_f0.1__lamarckian,C3_f0.1,C3,lamarckian,5,700,train,50,2.24,8,8,103.66137352097849,0.7708333333333334,0.5,329.0,312.0,329.0,340.0,69.0,74.0,0.0,0.0,16.0,23.0,22.0,23.0,11.0,8.0,0.0,0.0,0.0,0.0,22.0,23.0,0.0,0.0,0.0,0.0
C3_f0.1__lamarckian__s5,C3_f0.1__lamarckian,C3_f0.1,C3,lamarckian,5,750,train,50,2.18,8,8,103.03303309254692,0.7291666666666666,0.5,313.0,266.0,318.0,436.0,89.0,69.0,0.0,0.0,21.0,15.0,22.0,25.0,11.0,7.0,0.0,0.0,0.0,0.0,22.0,25.0,0.0,0.0,0.0,0.0
C3_f0.1__lamarckian__s5,C3_f0.1__lamarckian,C3_f0.1,C3,lamarckian,5,800,train,50,2.34,7,7,128.02782273582474,0.6666666666666666,0.5,481.0,395.0,219.0,317.0,29.0,28.0,0.0,0.0,27.0,21.0,10.0,19.0,8.0,9.0,0.0,0.0,0.0,0.0,10.0,19.0,0.0,0.0,0.0,0.0
C3_f0.1__lamarckian__s5,C3_f0.1__lamarckian,C3_f0.1,C3,lamarckian,5,850,train,50,2.36,7,7,104.46914885493324,0.7708333333333334,0.5,374.0,318.0,319.0,394.0,73.0,85.0,0.0,0.0,31.0,17.0,18.0,26.0,4.0,14.0,0.0,0.0,0.0,0.0,18.0,26.0,0.0,0.0,0.0,0.0
C3_f0.1__lamarckian__s5,C3_f0.1__lamarckian,C3_f0.1,C3,lamarckian,5,900,train,50,2.38,18,18,84.9672183380036,0.8333333333333334,0.5,315.0,275.0,332.0,410.0,163.0,121.0,0.0,0.0,26.0,15.0,31.0,31.0,16.0,6.0,0.0,0.0,0.0,0.0,31.0,31.0,0.0,0.0,0.0,0.0
C3_f0.1__lamarckian__s5,C3_f0.1__lamarckian,C3_f0.1,C3,lamarckian,5,950,train,50,2.68,16,16,84.64027149314491,0.7708333333333334,0.5,230.0,190.0,288.0,321.0,125.0,77.0,0.0,0.0,31.0,21.0,15.0,21.0,14.0,11.0,0.0,0.0,0.0,0.0,15.0,21.0,0.0,0.0,0.0,0.0
C3_f0.1__lamarckian__s5,C3_f0.1__lamarckian,C3_f0.1,C3,lamarckian,5,1000,train,50,2.72,8,8,120.43971595508629,0.7083333333333334,0.5,354.0,255.0,292.0,373.0,125.0,79.0,0.0,0.0,17.0,13.0,17.0,22.0,8.0,9.0,0.0,0.0,0.0,0.0,17.0,22.0,0.0,0.0,0.0,0.0
C3_f0.1__lamarckian__s5,C3_f0.1__lamarckian,C3_f0.1,C3,lamarckian,5,1050,train,50,3.1,13,13,74.59185919121106,0.7708333333333334,0.5,344.0,282.0,274.0,373.0,66.0,47.0,0.0,0.0,32.0,22.0,13.0,26.0,9.0,6.0,0.0,0.0,0.0,0.0,13.0,26.0,0.0,0.0,0.0,0.0
C3_f0.1__lamarckian__s5,C3_f0.1__lamarckian,C3_f0.1,C3,lamarckian,5,1100,train,50,3.2,10,10,66.69636854052581,0.875,0.5,261.0,215.0,243.0,263.0,61.0,60.0,0.0,0.0,29.0,21.0,15.0,12.0,16.0,6.0,0.0,0.0,0.0,0.0,15.0,12.0,0.0,0.0,0.0,0.0
C3_f0.1__lamarckian__s5,C3_f0.1__lamarckian,C3_f0.1,C3,lamarckian,5,1150,train,50,3.16,21,21,88.07847664713665,0.8125,0.5,274.0,232.0,233.0,289.0,31.0,41.0,0.0,0.0,15.0,24.0,21.0,25.0,13.0,12.0,0.0,0.0,0.0,0.0,21.0,25.0,0.0,0.0,0.0,0.0
C3_f0.1__lamarckian__s5,C3_f0.1__lamarckian,C3_f0.1,C3,lamarckian,5,1200,train,50,3.1,11,11,75.38259045371575,0.8958333333333334,0.5,276.0,276.0,305.0,388.0,62.0,49.0,0.0,0.0,19.0,30.0,24.0,28.0,9.0,9.0,0.0,0.0,0.0,0.0,24.0,28.0,0.0,0.0,0.0,0.0
C3_f0.1__lamarckian__s5,C3_f0.1__lamarckian,C3_f0.1,C3,lamarckian,5,1250,train,50,3.1,15,15,96.33656544528259,0.8541666666666666,0.5,381.0,327.0,271.0,320.0,42.0,28.0,0.0,0.0,30.0,23.0,23.0,19.0,8.0,7.0,0.0,0.0,0.0,0.0,23.0,19.0,0.0,0.0,0.0,0.0
C3_f0.1__lamarckian__s5,C3_f0.1__lamarckian,C3_f0.1,C3,lamarckian,5,1300,train,50,3.08,11,11,79.94907047079025,0.9375,0.5,305.0,315.0,296.0,336.0,43.0,33.0,0.0,0.0,24.0,15.0,23.0,35.0,9.0,14.0,0.0,0.0,0.0,0.0,23.0,35.0,0.0,0.0,0.0,0.0
C3_f0.1__lamarckian__s5,C3_f0.1__lamarckian,C3_f0.1,C3,lamarckian,5,1350,train,50,3.32,15,15,117.77193145343085,0.6666666666666666,0.5,345.0,281.0,346.0,373.0,41.0,33.0,0.0,0.0,29.0,17.0,19.0,16.0,8.0,14.0,0.0,0.0,0.0,0.0,19.0,16.0,0.0,0.0,0.0,0.0
C3_f0.1__lamarckian__s5,C3_f0.1__lamarckian,C3_f0.1,C3,lamarckian,5,1400,train,50,3.5,12,12,59.714701032475936,0.9166666666666666,0.5,317.0,259.0,281.0,309.0,58.0,49.0,0.0,0.0,34.0,15.0,21.0,20.0,18.0,13.0,0.0,0.0,0.0,0.0,21.0,20.0,0.0,0.0,0.0,0.0
C3_f0.1__lamarckian__s5,C3_f0.1__lamarckian,C3_f0.1,C3,lamarckian,5,1450,train,50,3.88,16,16,70.61536512966501,0.9166666666666666,0.5,320.0,244.0,168.0,247.0,43.0,29.0,0.0,0.0,32.0,21.0,18.0,27.0,10.0,8.0,0.0,0.0,0.0,0.0,18.0,27.0,0.0,0.0,0.0,0.0
C3_f0.1__lamarckian__s5,C3_f0.1__lamarckian,C3_f0.1,C3,lamarckian,5,1500,train,50,4.16,16,16,62.61976399427501,0.9166666666666666,0.5,264.0,191.0,161.0,198.0,40.0,39.0,0.0,0.0,37.0,17.0,19.0,24.0,8.0,11.0,0.0,0.0,0.0,0.0,19.0,24.0,0.0,0.0,0.0,0.0
C3_f0.1__lamarckian__s5,C3_f0.1__lamarckian,C3_f0.1,C3,lamarckian,5,1550,eval,50,4.1,26,26,67.8652088114659,0.875,0.5,272.0,231.0,147.0,223.0,21.0,13.0,17.0,38.0,34.0,24.0,15.0,24.0,9.0,7.0,2.0,6.0,0.0,0.0,15.0,24.0,0.0,0.0,2.0,6.0
C3_f0.1__lamarckian__s5,C3_f0.1__lamarckian,C3_f0.1,C3,lamarckian,5,1600,eval,49,4.285714285714286,22,23,84.74125842270915,0.8333333333333334,0.5,309.0,196.0,207.0,256.0,17.0,11.0,8.0,10.0,27.0,9.0,15.0,33.0,4.0,3.0,2.0,8.0,0.0,0.0,15.0,33.0,0.0,0.0,2.0,8.0
C3_f0.1__lamarckian__s5,C3_f0.1__lamarckian,C3_f0.1,C3,lamarckian,5,1650,eval,49,4.63265306122449,19,19,87.0869668584501,0.8541666666666666,0.5,325.0,308.0,268.0,299.0,37.0,40.0,21.0,22.0,31.0,22.0,24.0,17.0,9.0,3.0,2.0,7.0,0.0,0.0,24.0,17.0,0.0,0.0,2.0,7.0
C3_f0.1__lamarckian__s5,C3_f0.1__lamarckian,C3_f0.1,C3,lamarckian,5,1700,eval,50,4.92,13,12,130.86145649449452,0.6666666666666666,0.5,401.0,284.0,323.0,338.0,37.0,33.0,45.0,53.0,34.0,12.0,20.0,14.0,7.0,5.0,1.0,8.0,0.0,0.0,20.0,14.0,0.0,0.0,1.0,8.0
C3_f0.1__lamarckian__s5,C3_f0.1__lamarckian,C3_f0.1,C3,lamarckian,5,1750,eval,50,4.94,4,4,151.30795905416164,0.5208333333333334,0.5,567.0,450.0,340.0,423.0,41.0,23.0,46.0,62.0,23.0,12.0,14.0,10.0,3.0,6.0,2.0,7.0,0.0,0.0,14.0,10.0,0.0,0.0,2.0,7.0
C3_f0.1__lamarckian__s5,C3_f0.1__lamarckian,C3_f0.1,C3,lamarckian,5,1800,eval,50,4.94,5,5,157.46120927251675,0.4166666666666667,0.5,435.0,357.0,445.0,510.0,46.0,40.0,71.0,82.0,10.0,16.0,15.0,17.0,4.0,6.0,4.0,3.0,0.0,0.0,15.0,17.0,0.0,0.0,4.0,3.0
C3_f0.1__lamarckian__s6,C3_f0.1__lamarckian,C3_f0.1,C3,lamarckian,6,50,train,50,0.98,36,6,41.23856616794028,0.9583333333333334,0.5,88.0,77.0,90.0,118.0,107.0,74.0,0.0,0.0,22.0,18.0,20.0,28.0,16.0,11.0,0.0,0.0,0.0,0.0,20.0,28.0,0.0,0.0,0.0,0.0
C3_f0.1__lamarckian__s6,C3_f0.1__lamarckian,C3_f0.1,C3,lamarckian,6,100,train,40,1.15,7,17,94.63545030823096,0.7708333333333334,0.5,84.0,81.0,139.0,157.0,34.0,33.0,0.0,0.0,18.0,9.0,17.0,26.0,11.0,10.0,0.0,0.0,0.0,0.0,17.0,26.0,0.0,0.0,0.0,0.0
C3_f0.1__lamarckian__s6,C3_f0.1__lamarckian,C3_f0.1,C3,lamarckian,6,150,train,45,1.3333333333333333,18,13,135.80274243074132,0.7083333333333334,0.5,201.0,197.0,181.0,215.0,68.0,43.0,0.0,0.0,22.0,18.0,17.0,16.0,11.0,8.0,0.0,0.0,0.0,0.0,17.0,16.0,0.0,0.0,0.0,0.0
C3_f0.1__lamarckian__s6,C3_f0.1__lamarckian,C3_f0.1,C3,lamarckian,6,200,train,50,1.4,18,13,57.707858730017804,0.8958333333333334,0.5,265.0,184.0,243.0,304.0,46.0,45.0,0.0,0.0,17.0,22.0,22.0,23.0,16.0,14.0,0.0,0.0,0.0,0.0,22.0,23.0,0.0,0.0,0.0,0.0
C3_f0.1__lamarckian__s6,C3_f0.1__lamarckian,C3_f0.1,C3,lamarckian,6,250,train,50,1.52,17,17,97.39839280855409,0.8125,0.5,248.0,166.0,248.0,302.0,53.0,58.0,0.0,0.0,29.0,11.0,18.0,16.0,12.0,14.0,0.0,0.0,0.0,0.0,18.0,16.0,0.0,0.0,0.0,0.0
C3_f0.1__lamarckian__s6,C3_f0.1__lamarckian,C3_f0.1,C3,lamarckian,6,300,train,50,1.5,13,13,116.86309435639696,0.6666666666666666,0.5,312.0,265.0,292.0,387.0,113.0,72.0,0.0,0.0,19.0,12.0,15.0,21.0,19.0,11.0,0.0,0.0,0.0,0.0,15.0,21.0,0.0,0.0,0.0,0.0
C3_f0.1__lamarckian__s6,C3_f0.1__lamarckian,C3_f0.1,C3,lamarckian,6,350,train,50,1.42,8,8,97.02393411044292,0.7708333333333334,0.5,319.0,260.0,352.0,455.0,107.0,61.0,0.0,0.0,15.0,16.0,20.0,24.0,18.0,10.0,0.0,0.0,0.0,0.0,20.0,24.0,0.0,0.0,0.0,0.0
C3_f0.1__lamarckian__s6,C3_f0.1__lamarckian,C3_f0.1,C3,lamarckian,6,400,train,50,1.28,8,8,132.006077043789,0.7291666666666666,0.5,381.0,314.0,316.0,422.0,89.0,89.0,0.0,0.0,15.0,10.0,17.0,19.0,14.0,7.0,0.0,0.0,0.0,0.0,17.0,19.0,0.0,0.0,0.0,0.0
C3_f0.1__lamarckian__s6,C3_f0.1__lamarckian,C3_f0.1,C3,lamarckian,6,450,train,50,1.24,5,5,157.09079047980134,0.4791666666666667,0.5,537.0,427.0,369.0,486.0,71.0,68.0,0.0,0.0,19.0,13.0,22.0,16.0,12.0,15.0,0.0,0.0,0.0,0.0,22.0,16.0,0.0,0.0,0.0,0.0
C3_f0.1__lamarckian__s6,C3_f0.1__lamarckian,C3_f0.1,C3,lamarckian,6,500,train,50,1.3,8,8,100.4809511531143,0.8125,0.5,478.0,422.0,419.0,481.0,54.0,54.0,0.0,0.0,13.0,19.0,13.0,16.0,21.0,20.0,0.0,0.0,0.0,0.0,13.0,16.0,0.0,0.0,0.0,0.0
C3_f0.1__lamarckian__s6,C3_f0.1__lamarckian,C3_f0.1,C3,lamarckian,6,550,train,50,1.46,10,10,97.86233813196476,0.7916666666666666,0.5,336.0,275.0,381.0,446.0,64.0,54.0,0.0,0.0,22.0,22.0,23.0,22.0,14.0,12.0,0.0,0.0,0.0,0.0,23.0,22.0,0.0,0.0,0.0,0.0
C3_f0.1__lamarckian__s6,C3_f0.1__lamarckian,C3_f0.1,C3,lamarckian,6,600,train,50,1.6,10,10,97.79502154851068,0.7708333333333334,0.5,288.0,234.0,281.0,355.0,68.0,87.0,0.0,0.0,21.0,15.0,16.0,18.0,16.0,12.0,0.0,0.0,0.0,0.0,16.0,18.0,0.0,0.0,0.0,0.0
C3_f0.1__lamarckian__s6,C3_f0.1__lamarckian,C3_f0.1,C3,lamarckian,6,650,train,50,1.8,11,11,78.48769488348081,0.8333333333333334,0.5,286.0,230.0,316.0,344.0,62.0,54.0,0.0,0.0,21.0,12.0,21.0,21.0,24.0,15.0,0.0,0.0,0.0,0.0,21.0,21.0,0.0,0.0,0.0,0.0
C3_f0.1__lamarckian__s6,C3_f0.1__lamarckian,C3_f0.1,C3,lamarckian,6,700,train,50,1.88,16,16,119.41482305064001,0.7083333333333334,0.5,397.0,285.0,254.0,289.0,47.0,31.0,0.0,0.0,28.0,19.0,16.0,15.0,12.0,7.0,0.0,0.0,0.0,0.0,16.0,15.0,0.0,0.0,0.0,0.0
C3_f0.1__lamarckian__s6,C3_f0.1__lamarckian,C3_f0.1,C3,lamarckian,6,750,train,50,1.92,12,12,69.55876735302078,0.8958333333333334,0.5,261.0,234.0,284.0,352.0,132.0,108.0,0.0,0.0,29.0,15.0,21.0,23.0,16.0,18.0,0.0,0.0,0.0,0.0,21.0,23.0,0.0,0.0,0.0,0.0
C3_f0.1__lamarckian__s6,C3_f0.1__lamarckian,C3_f0.1,C3,lamarckian,6,800,train,50,2.02,16,16,72.61849992954501,0.9791666666666666,0.5,299.0,215.0,284.0,308.0,51.0,62.0,0.0,0.0,19.0,10.0,22.0,24.0,12.0,17.0,0.0,0.0,0.0,0.0,22.0,24.0,0.0,0.0,0.0,0.0
C3_f0.1__lamarckian__s6,C3_f0.1__lamarckian,C3_f0.1,C3,lamarckian,6,850,train,50,2.12,13,13,112.22529733524368,0.7708333333333334,0.5,333.0,237.0,212.0,255.0,41.0,36.0,0.0,0.0,19.0,6.0,29.0,20.0,19.0,8.0,0.0,0.0,0.0,0.0,29.0,20.0,0.0,0.0,0.0,0.0
C3_f0.1__lamarckian__s6,C3_f0.1__lamarckian,C3_f0.1,C3,lamarckian,6,900,train,50,2.16,7,7,90.39300185661781,0.7708333333333334,0.5,317.0,300.0,275.0,319.0,81.0,62.0,0.0,0.0,26.0,12.0,19.0,22.0,19.0,6.0,0.0,0.0,0.0,0.0,19.0,22.0,0.0,0.0,0.0,0.0
C3_f0.1__lamarckian__s6,C3_f0.1__lamarckian,C3_f0.1,C3,lamarckian,6,950,train,50,2.3,10,10,75.02301804795069,0.875,0.5,317.0,294.0,209.0,255.0,58.0,55.0,0.0,0.0,26.0,22.0,21.0,20.0,19.0,14.0,0.0,0.0,0.0,0.0,21.0,20.0,0.0,0.0,0.0,0.0
C3_f0.1__lamarckian__s6,C3_f0.1__lamarckian,C3_f0.1,C3,lamarckian,6,1000,train,50,2.42,5,5,66.42142323502014,0.9166666666666666,0.5,350.0,303.0,235.0,301.0,68.0,48.0,0.0,0.0,24.0,22.0,17.0,21.0,12.0,14.0,0.0,0.0,0.0,0.0,17.0,21.0,0.0,0.0,0.0,0.0
C3_f0.1__lamarckian__s6,C3_f0.1__lamarckian,C3_f0.1,C3,lamarckian,6,1050,train,50,2.56,14,14,79.79759364765434,0.875,0.5,347.0,276.0,268.0,304.0,52.0,54.0,0.0,0.0,19.0,21.0,23.0,20.0,19.0,10.0,0.0,0.0,0.0,0.0,23.0,20.0,0.0,0.0,0.0,0.0
C3_f0.1__lamarckian__s6,C3_f0.1__lamarckian,C3_f0.1,C3,lamarckian,6,1100,train,50,2.66,5,5,74.12968254017206,0.8541666666666666,0.5,323.0,276.0,265.0,334.0,87.0,54.0,0.0,0.0,27.0,18.0,17.0,25.0,18.0,9.0,0.0,0.0,0.0,0.0,17.0,25.0,0.0,0.0,0.0,0.0
C3_f0.1__lamarckian__s6,C3_f0.1__lamarckian,C3_f0.1,C3,lamarckian,6,1150,train,50,2.8,9,9,56.74176745568147,0.9166666666666666,0.5,308.0,239.0,334.0,350.0,64.0,71.0,0.0,0.0,35.0,18.0,19.0,15.0,18.0,20.0,0.0,0.0,0.0,0.0,19.0,15.0,0.0,0.0,0.0,0.0
C3_f0.1__lamarckian__s6,C3_f0.1__lamarckian,C3_f0.1,C3,lamarckian,6,1200,train,50,2.82,17,17,90.13546323373646,0.7916666666666666,0.5,298.0,257.0,196.0,218.0,73.0,43.0,0.0,0.0,27.0,12.0,13.0,21.0,23.0,18.0,0.0,0.0,0.0,0.0,13.0,21.0,0.0,0.0,0.0,0.0
C3_f0.1__lamarckian__s6,C3_f0.1__lamarckian,C3_f0.1,C3,lamarckian,6,1250,train,50,2.98,13,13,62.3604381741207,0.875,0.5,340.0,291.0,243.0,307.0,62.0,40.0,0.0,0.0,34.0,25.0,18.0,15.0,10.0,6.0,0.0,0.0,0.0,0.0,18.0,15.0,0.0,0.0,0.0,0.0
C3_f0.1__lamarckian__s6,C3_f0.1__lamarckian,C3_f0.1,C3,lamarckian,6,1300,train,50,3.0,20,20,35.15658448109568,1.0,0.5,190.0,154.0,168.0,207.0,78.0,76.0,0.0,0.0,25.0,14.0,17.0,30.0,19.0,13.0,0.0,0.0,0.0,0.0,17.0,30.0,0.0,0.0,0.0,0.0
C3_f0.1__lamarckian__s6,C3_f0.1__lamarckian,C3_f0.1,C3,lamarckian,6,1350,train,50,3.16,20,20,82.86384522126878,0.8541666666666666,0.5,345.0,264.0,193.0,227.0,33.0,33.0,0.0,0.0,34.0,21.0,18.0,19.0,15.0,6.0,0.0,0.0,0.0,0.0,18.0,19.0,0.0,0.0,0.0,0.0
C3_f0.1__lamarckian__s6,C3_f0.1__lamarckian,C3_f0.1,C3,lamarckian,6,1400,train,50,3.62,18,18,58.18566587374079,0.9166666666666666,0.5,251.0,176.0,199.0,241.0,43.0,35.0,0.0,0.0,30.0,19.0,30.0,12.0,13.0,8.0,0.0,0.0,0.0,0.0,30.0,12.0,0.0,0.0,0.0,0.0
C3_f0.1__lamarckian__s6,C3_f0.1__lamarckian,C3_f0.1,C3,lamarckian,6,1450,train,46,3.652173913043478,15,19,66.766731106353,0.8958333333333334,0.5,244.0,175.0,160.0,159.0,51.0,45.0,0.0,0.0,28.0,16.0,19.0,14.0,19.0,16.0,0.0,0.0,0.0,0.0,19.0,14.0,0.0,0.0,0.0,0.0
C3_f0.1__lamarckian__s6,C3_f0.1__lamarckian,C3_f0.1,C3,lamarckian,6,1500,train,39,3.6666666666666665,10,17,74.71708678846164,0.8958333333333334,0.5,229.0,180.0,133.0,170.0,32.0,31.0,0.0,0.0,35.0,28.0,13.0,16.0,9.0,9.0,0.0,0.0,0.0,0.0,13.0,16.0,0.0,0.0,0.0,0.0
C3_f0.1__lamarckian__s6,C3_f0.1__lamarckian,C3_f0.1,C3,lamarckian,6,1550,eval,37,4.0,20,22,130.9378710584341,0.75,0.5,229.0,213.0,151.0,176.0,46.0,37.0,18.0,18.0,14.0,14.0,28.0,13.0,13.0,11.0,8.0,3.0,0.0,0.0,28.0,13.0,0.0,0.0,8.0,3.0
C3_f0.1__lamarckian__s6,C3_f0.1__lamarckian,C3_f0.1,C3,lamarckian,6,1600,eval,45,4.355555555555555,23,15,103.59906189046507,0.8125,0.5,253.0,208.0,267.0,380.0,21.0,16.0,2.0,10.0,13.0,19.0,24.0,30.0,9.0,10.0,2.0,8.0,0.0,0.0,24.0,30.0,0.0,0.0,2.0,8.0
C3_f0.1__lamarckian__s6,C3_f0.1__lamarckian,C3_f0.1,C3,lamarckian,6,1650,eval,50,4.34,13,8,125.937738290264,0.625,0.5,521.0,434.0,311.0,399.0,59.0,35.0,23.0,38.0,14.0,14.0,19.0,18.0,10.0,6.0,5.0,5.0,0.0,0.0,19.0,18.0,0.0,0.0,5.0,5.0
C3_f0.1__lamarckian__s6,C3_f0.1__lamarckian,C3_f0.1,C3,lamarckian,6,1700,eval,50,4.38,11,11,137.22508629754162,0.6458333333333334,0.5,517.0,403.0,394.0,474.0,72.0,54.0,23.0,24.0,25.0,13.0,17.0,16.0,9.0,8.0,0.0,4.0,0.0,0.0,17.0,16.0,0.0,0.0,0.0,4.0
C3_f0.1__lamarckian__s6,C3_f0.1__lamarckian,C3_f0.1,C3,lamarckian,6,1750,eval,50,4.44,6,6,160.39287911610663,0.4791666666666667,0.5,538.0,404.0,406.0,521.0,61.0,45.0,48.0,58.0,23.0,15.0,11.0,13.0,11.0,3.0,5.0,7.0,0.0,0.0,11.0,13.0,0.0,0.0,5.0,7.0
C3_f0.1__lamarckian__s6,C3_f0.1__lamarckian,C3_f0.1,C3,lamarckian,6,1800,eval,50,4.42,6,6,135.5066264550447,0.625,0.5,455.0,394.0,419.0,598.0,43.0,35.0,36.0,39.0,19.0,9.0,15.0,19.0,8.0,9.0,5.0,8.0,0.0,0.0,15.0,19.0,0.0,0.0,5.0,8.0
C3_f0.1__lamarckian__s7,C3_f0.1__lamarckian,C3_f0.1,C3,lamarckian,7,50,train,50,0.82,34,4,71.3652645574621,0.9166666666666666,0.5,138.0,89.0,76.0,107.0,65.0,41.0,0.0,0.0,36.0,30.0,15.0,22.0,9.0,9.0,0.0,0.0,0.0,0.0,15.0,22.0,0.0,0.0,0.0,0.0
C3_f0.1__lamarckian__s7,C3_f0.1__lamarckian,C3_f0.1,C3,lamarckian,7,100,train,47,0.8936170212765957,8,11,79.07872598402399,0.8958333333333334,0.5,205.0,159.0,227.0,252.0,52.0,37.0,0.0,0.0,28.0,23.0,15.0,23.0,10.0,9.0,0.0,0.0,0.0,0.0,15.0,23.0,0.0,0.0,0.0,0.0
C3_f0.1__lamarckian__s7,C3_f0.1__lamarckian,C3_f0.1,C3,lamarckian,7,150,train,50,1.0,19,16,98.04724212822974,0.7916666666666666,0.5,220.0,163.0,174.0,210.0,79.0,63.0,0.0,0.0,27.0,27.0,15.0,11.0,9.0,6.0,0.0,0.0,0.0,0.0,15.0,11.0,0.0,0.0,0.0,0.0
C3_f0.1__lamarckian__s7,C3_f0.1__lamarckian,C3_f0.1,C3,lamarckian,7,200,train,50,1.2,16,16,72.00552860217182,0.875,0.5,256.0,239.0,166.0,207.0,92.0,69.0,0.0,0.0,35.0,21.0,24.0,14.0,13.0,5.0,0.0,0.0,0.0,0.0,24.0,14.0,0.0,0.0,0.0,0.0
C3_f0.1__lamarckian__s7,C3_f0.1__lamarckian,C3_f0.1,C3,lamarckian,7,250,train,45,1.3777777777777778,16,21,79.45313615266716,0.875,0.5,231.0,177.0,212.0,237.0,49.0,34.0,0.0,0.0,28.0,13.0,22.0,23.0,13.0,5.0,0.0,0.0,0.0,0.0,22.0,23.0,0.0,0.0,0.0,0.0
C3_f0.1__lamarckian__s7,C3_f0.1__lamarckian,C3_f0.1,C3,lamarckian,7,300,train,50,1.42,21,16,89.75689643721537,0.8541666666666666,0.5,311.0,285.0,295.0,300.0,35.0,28.0,0.0,0.0,34.0,13.0,22.0,14.0,11.0,3.0,0.0,0.0,0.0,0.0,22.0,14.0,0.0,0.0,0.0,0.0
C3_f0.1__lamarckian__s7,C3_f0.1__lamarckian,C3_f0.1,C3,lamarckian,7,350,train,50,1.58,19,19,68.95253477653901,0.9583333333333334,0.5,315.0,250.0,301.0,355.0,76.0,57.0,0.0,0.0,32.0,14.0,24.0,31.0,10.0,6.0,0.0,0.0,0.0,0.0,24.0,31.0,0.0,0.0,0.0,0.0
C3_f0.1__lamarckian__s7,C3_f0.1__lamarckian,C3_f0.1,C3,lamarckian,7,400,train,50,1.68,16,16,85.00515950010082,0.8125,0.5,347.0,284.0,300.0,433.0,71.0,77.0,0.0,0.0,23.0,17.0,25.0,21.0,11.0,12.0,0.0,0.0,0.0,0.0,25.0,21.0,0.0,0.0,0.0,0.0
C3_f0.1__lamarckian__s7,C3_f0.1__lamarckian,C3_f0.1,C3,lamarckian,7,450,train,50,1.78,14,14,101.64021227373729,0.8333333333333334,0.5,331.0,240.0,269.0,316.0,48.0,31.0,0.0,0.0,23.0,24.0,22.0,24.0,6.0,6.0,0.0,0.0,0.0,0.0,22.0,24.0,0.0,0.0,0.0,0.0
C3_f0.1__lamarckian__s7,C3_f0.1__lamarckian,C3_f0.1,C3,lamarckian,7,500,train,50,1.88,8,8,112.64850017928549,0.6666666666666666,0.5,423.0,316.0,282.0,385.0,77.0,65.0,0.0,0.0,22.0,12.0,17.0,30.0,9.0,7.0,0.0,0.0,0.0,0.0,17.0,30.0,0.0,0.0,0.0,0.0
C3_f0.1__lamarckian__s7,C3_f0.1__lamarckian,C3_f0.1,C3,lamarckian,7,550,train,50,1.98,11,11,91.79560058717732,0.7708333333333334,0.5,467.0,355.0,370.0,437.0,38.0,33.0,0.0,0.0,16.0,21.0,22.0,31.0,11.0,13.0,0.0,0.0,0.0,0.0,22.0,31.0,0.0,0.0,0.0,0.0
C3_f0.1__lamarckian__s7,C3_f0.1__lamarckian,C3_f0.1,C3,lamarckian,7,600,train,50,1.9,5,5,120.00524421772997,0.6458333333333334,0.5,524.0,408.0,333.0,398.0,52.0,32.0,0.0,0.0,20.0,24.0,20.0,14.0,6.0,12.0,0.0,0.0,0.0,0.0,20.0,14.0,0.0,0.0,0.0,0.0
C3_f0.1__lamarckian__s7,C3_f0.1__lamarckian,C3_f0.1,C3,lamarckian,7,650,train,50,1.94,9,9,93.90895710970872,0.7916666666666666,0.5,444.0,363.0,354.0,413.0,73.0,62.0,0.0,0.0,18.0,22.0,13.0,22.0,11.0,11.0,0.0,0.0,0.0,0.0,13.0,22.0,0.0,0.0,0.0,0.0
C3_f0.1__lamarckian__s7,C3_f0.1__lamarckian,C3_f0.1,C3,lamarckian,7,700,train,50,2.1,13,13,68.96999143769855,0.8333333333333334,0.5,370.0,321.0,296.0,464.0,24.0,16.0,0.0,0.0,16.0,24.0,19.0,39.0,10.0,5.0,0.0,0.0,0.0,0.0,19.0,39.0,0.0,0.0,0.0,0.0
C3_f0.1__lamarckian__s7,C3_f0.1__lamarckian,C3_f0.1,C3,lamarckian,7,750,train,50,2.2,12,12,95.33192196840889,0.75,0.5,361.0,280.0,318.0,422.0,50.0,43.0,0.0,0.0,22.0,21.0,21.0,20.0,6.0,4.0,0.0,0.0,0.0,0.0,21.0,20.0,0.0,0.0,0.0,0.0
C3_f0.1__lamarckian__s7,C3_f0.1__lamarckian,C3_f0.1,C3,lamarckian,7,800,train,50,2.38,15,15,64.80792172443074,0.9166666666666666,0.5,358.0,243.0,266.0,328.0,57.0,46.0,0.0,0.0,29.0,25.0,18.0,18.0,11.0,9.0,0.0,0.0,0.0,0.0,18.0,18.0,0.0,0.0,0.0,0.0
C3_f0.1__lamarckian__s7,C3_f0.1__lamarckian,C3_f0.1,C3,lamarckian,7,850,train,50,2.76,22,22,69.56052708850184,0.9166666666666666,0.5,238.0,200.0,280.0,363.0,28.0,24.0,0.0,0.0,19.0,18.0,30.0,31.0,9.0,3.0,0.0,0.0,0.0,0.0,30.0,31.0,0.0,0.0,0.0,0.0
C3_f0.1__lamarckian__s7,C3_f0.1__lamarckian,C3_f0.1,C3,lamarckian,7,900,train,50,2.92,25,25,85.61409819711379,0.7916666666666666,0.5,351.0,289.0,303.0,358.0,29.0,24.0,0.0,0.0,22.0,15.0,24.0,30.0,15.0,5.0,0.0,0.0,0.0,0.0,24.0,30.0,0.0,0.0,0.0,0.0
C3_f0.1__lamarckian__s7,C3_f0.1__lamarckian,C3_f0.1,C3,lamarckian,7,950,train,50,3.12,18,18,94.6629860084436,0.75,0.5,361.0,340.0,300.0,287.0,95.0,60.0,0.0,0.0,17.0,19.0,22.0,21.0,13.0,12.0,0.0,0.0,0.0,0.0,22.0,21.0,0.0,0.0,0.0,0.0
C3_f0.1__lamarckian__s7,C3_f0.1__lamarckian,C3_f0.1,C3,lamarckian,7,1000,train,50,3.32,14,14,73.05055200632472,0.7916666666666666,0.5,344.0,295.0,310.0,385.0,104.0,74.0,0.0,0.0,30.0,19.0,22.0,17.0,10.0,12.0,0.0,0.0,0.0,0.0,22.0,17.0,0.0,0.0,0.0,0.0
C3_f0.1__lamarckian__s7,C3_f0.1__lamarckian,C3_f0.1,C3,lamarckian,7,1050,train,50,3.3,11,11,59.081494703302425,0.8958333333333334,0.5,348.0,294.0,292.0,365.0,71.0,65.0,0.0,0.0,26.0,26.0,22.0,16.0,11.0,10.0,0.0,0.0,0.0,0.0,22.0,16.0,0.0,0.0,0.0,0.0
C3_f0.1__lamarckian__s7,C3_f0.1__lamarckian,C3_f0.1,C3,lamarckian,7,1100,train,50,3.46,18,18,56.32528866808654,0.8958333333333334,0.5,332.0,252.0,253.0,285.0,31.0,26.0,0.0,0.0,28.0,24.0,19.0,17.0,10.0,7.0,0.0,0.0,0.0,0.0,19.0,17.0,0.0,0.0,0.0,0.0
C3_f0.1__lamarckian__s7,C3_f0.1__lamarckian,C3_f0.1,C3,lamarckian,7,1150,train,50,3.56,11,11,89.1831707260871,0.8958333333333334,0.5,268.0,188.0,175.0,231.0,19.0,11.0,0.0,0.0,20.0,19.0,16.0,28.0,11.0,5.0,0.0,0.0,0.0,0.0,16.0,28.0,0.0,0.0,0.0,0.0
C3_f0.1__lamarckian__s7,C3_f0.1__lamarckian,C3_f0.1,C3,lamarckian,7,1200,train,50,3.72,15,15,59.52832825053405,0.8958333333333334,0.5,344.0,259.0,248.0,310.0,81.0,63.0,0.0,0.0,35.0,24.0,19.0,18.0,13.0,13.0,0.0,0.0,0.0,0.0,19.0,18.0,0.0,0.0,0.0,0.0
C3_f0.1__lamarckian__s7,C3_f0.1__lamarckian,C3_f0.1,C3,lamarckian,7,1250,train,50,3.76,15,15,64.7287509268206,0.8958333333333334,0.5,214.0,207.0,205.0,226.0,29.0,29.0,0.0,0.0,25.0,18.0,18.0,20.0,7.0,10.0,0.0,0.0,0.0,0.0,18.0,20.0,0.0,0.0,0.0,0.0
C3_f0.1__lamarckian__s7,C3_f0.1__lamarckian,C3_f0.1,C3,lamarckian,7,1300,train,50,3.88,18,18,31.180813975411116,1.0,0.5,340.0,273.0,212.0,255.0,37.0,30.0,0.0,0.0,25.0,35.0,24.0,21.0,8.0,11.0,0.0,0.0,0.0,0.0,24.0,21.0,0.0,0.0,0.0,0.0
C3_f0.1__lamarckian__s7,C3_f0.1__lamarckian,C3_f0.1,C3,lamarckian,7,1350,train,50,4.28,20,20,54.461849386047724,0.9583333333333334,0.5,293.0,219.0,164.0,216.0,17.0,13.0,0.0,0.0,25.0,32.0,14.0,15.0,8.0,5.0,0.0,0.0,0.0,0.0,14.0,15.0,0.0,0.0,0.0,0.0
C3_f0.1__lamarckian__s7,C3_f0.1__lamarckian,C3_f0.1,C3,lamarckian,7,1400,train,50,4.7,14,14,62.90188302642092,0.875,0.5,323.0,250.0,239.0,271.0,40.0,31.0,0.0,0.0,16.0,22.0,14.0,25.0,12.0,15.0,0.0,0.0,0.0,0.0,14.0,25.0,0.0,0.0,0.0,0.0
C3_f0.1__lamarckian__s7,C3_f0.1__lamarckian,C3_f0.1,C3,lamarckian,7,1450,train,45,4.866666666666666,21,26,74.91638793961513,0.875,0.5,307.0,238.0,243.0,318.0,31.0,29.0,0.0,0.0,28.0,21.0,25.0,24.0,10.0,11.0,0.0,0.0,0.0,0.0,25.0,24.0,0.0,0.0,0.0,0.0
C3_f0.1__lamarckian__s7,C3_f0.1__lamarckian,C3_f0.1,C3,lamarckian,7,1500,train,36,4.944444444444445,12,21,86.29834117308333,0.8958333333333334,0.5,265.0,225.0,251.0,312.0,12.0,7.0,0.0,0.0,15.0,28.0,18.0,30.0,7.0,2.0,0.0,0.0,0.0,0.0,18.0,30.0,0.0,0.0,0.0,0.0
C3_f0.1__lamarckian__s7,C3_f0.1__lamarckian,C3_f0.1,C3,lamarckian,7,1550,eval,38,5.2894736842105265,13,11,58.40728137395736,0.8958333333333334,0.5,228.0,224.0,225.0,266.0,22.0,36.0,11.0,8.0,20.0,31.0,8.0,34.0,9.0,14.0,6.0,1.0,0.0,0.0,8.0,34.0,0.0,0.0,6.0,1.0
C3_f0.1__lamarckian__s7,C3_f0.1__lamarckian,C3_f0.1,C3,lamarckian,7,1600,eval,43,5.395348837209302,22,17,112.32084385641235,0.7083333333333334,0.5,336.0,251.0,295.0,381.0,16.0,12.0,24.0,16.0,19.0,17.0,18.0,19.0,6.0,3.0,12.0,3.0,0.0,0.0,18.0,19.0,0.0,0.0,12.0,3.0
C3_f0.1__lamarckian__s7,C3_f0.1__lamarckian,C3_f0.1,C3,lamarckian,7,1650,eval,50,5.38,14,7,123.1836904304777,0.6875,0.5,533.0,499.0,358.0,385.0,20.0,21.0,23.0,39.0,27.0,24.0,19.0,18.0,4.0,8.0,3.0,4.0,0.0,0.0,19.0,18.0,0.0,0.0,3.0,4.0
C3_f0.1__lamarckian__s7,C3_f0.1__lamarckian,C3_f0.1,C3,lamarckian,7,1700,eval,50,5.34,8,8,139.9960058386107,0.5625,0.5,341.0,282.0,503.0,619.0,41.0,26.0,50.0,86.0,18.0,12.0,25.0,23.0,5.0,2.0,5.0,10.0,0.0,0.0,25.0,23.0,0.0,0.0,5.0,10.0
C3_f0.1__lamarckian__s7,C3_f0.1__lamarckian,C3_f0.1,C3,lamarckian,7,1750,eval,50,5.3,6,6,112.04100087914823,0.7083333333333334,0.5,525.0,420.0,444.0,496.0,73.0,55.0,55.0,66.0,19.0,16.0,23.0,17.0,6.0,6.0,12.0,6.0,0.0,0.0,23.0,17.0,0.0,0.0,12.0,6.0
C3_f0.1__lamarckian__s7,C3_f0.1__lamarckian,C3_f0.1,C3,lamarckian,7,1800,eval,50,5.36,9,9,146.3412934145206,0.5416666666666666,0.5,509.0,442.0,484.0,617.0,47.0,52.0,22.0,30.0,17.0,13.0,14.0,21.0,7.0,4.0,3.0,3.0,0.0,0.0,14.0,21.0,0.0,0.0,3.0,3.0
C3_f0.1__lamarckian__s8,C3_f0.1__lamarckian,C3_f0.1,C3,lamarckian,8,50,train,50,0.76,38,8,77.38156639467297,0.875,0.5,157.0,133.0,155.0,188.0,16.0,10.0,0.0,0.0,24.0,17.0,22.0,38.0,1.0,3.0,0.0,0.0,0.0,0.0,22.0,38.0,0.0,0.0,0.0,0.0
C3_f0.1__lamarckian__s8,C3_f0.1__lamarckian,C3_f0.1,C3,lamarckian,8,100,train,50,0.9,17,17,91.00291541063388,0.7291666666666666,0.5,292.0,257.0,197.0,254.0,34.0,33.0,0.0,0.0,20.0,14.0,17.0,26.0,5.0,11.0,0.0,0.0,0.0,0.0,17.0,26.0,0.0,0.0,0.0,0.0
C3_f0.1__lamarckian__s8,C3_f0.1__lamarckian,C3_f0.1,C3,lamarckian,8,150,train,50,0.92,10,10,95.59255174790762,0.8541666666666666,0.5,350.0,280.0,298.0,323.0,21.0,23.0,0.0,0.0,15.0,26.0,21.0,27.0,4.0,6.0,0.0,0.0,0.0,0.0,21.0,27.0,0.0,0.0,0.0,0.0
C3_f0.1__lamarckian__s8,C3_f0.1__lamarckian,C3_f0.1,C3,lamarckian,8,200,train,50,0.82,15,15,122.18426874209374,0.75,0.5,277.0,253.0,297.0,393.0,52.0,52.0,0.0,0.0,16.0,23.0,20.0,24.0,10.0,7.0,0.0,0.0,0.0,0.0,20.0,24.0,0.0,0.0,0.0,0.0
C3_f0.1__lamarckian__s8,C3_f0.1__lamarckian,C3_f0.1,C3,lamarckian,8,250,train,50,0.84,11,11,93.33510030255701,0.75,0.5,285.0,241.0,298.0,346.0,69.0,66.0,0.0,0.0,30.0,19.0,28.0,27.0,8.0,3.0,0.0,0.0,0.0,0.0,28.0,27.0,0.0,0.0,0.0,0.0
C3_f0.1__lamarckian__s8,C3_f0.1__lamarckian,C3_f0.1,C3,lamarckian,8,300,train,50,0.88,8,8,138.26251110392758,0.5833333333333334,0.5,365.0,305.0,278.0,333.0,56.0,51.0,0.0,0.0,29.0,11.0,19.0,18.0,4.0,6.0,0.0,0.0,0.0,0.0,19.0,18.0,0.0,0.0,0.0,0.0
C3_f0.1__lamarckian__s8,C3_f0.1__lamarckian,C3_f0.1,C3,lamarckian,8,350,train,50,0.9,11,11,77.29292344932693,0.8125,0.5,358.0,342.0,312.0,381.0,83.0,74.0,0.0,0.0,29.0,22.0,14.0,29.0,8.0,7.0,0.0,0.0,0.0,0.0,14.0,29.0,0.0,0.0,0.0,0.0
C3_f0.1__lamarckian__s8,C3_f0.1__lamarckian,C3_f0.1,C3,lamarckian,8,400,train,50,0.88,11,11,84.96087790267924,0.7916666666666666,0.5,330.0,267.0,294.0,355.0,136.0,101.0,0.0,0.0,23.0,21.0,21.0,20.0,12.0,9.0,0.0,0.0,0.0,0.0,21.0,20.0,0.0,0.0,0.0,0.0
C3_f0.1__lamarckian__s8,C3_f0.1__lamarckian,C3_f0.1,C3,lamarckian,8,450,train,50,0.88,1,1,137.54300949617033,0.5416666666666666,0.5,363.0,338.0,314.0,381.0,104.0,96.0,0.0,0.0,21.0,18.0,16.0,20.0,4.0,8.0,0.0,0.0,0.0,0.0,16.0,20.0,0.0,0.0,0.0,0.0
C3_f0.1__lamarckian__s8,C3_f0.1__lamarckian,C3_f0.1,C3,lamarckian,8,500,train,50,1.32,14,14,105.96815139871094,0.75,0.5,398.0,297.0,363.0,417.0,112.0,71.0,0.0,0.0,28.0,17.0,17.0,25.0,5.0,7.0,0.0,0.0,0.0,0.0,17.0,25.0,0.0,0.0,0.0,0.0
C3_f0.1__lamarckian__s8,C3_f0.1__lamarckian,C3_f0.1,C3,lamarckian,8,550,train,50,1.68,16,16,93.57264372543244,0.7291666666666666,0.5,279.0,242.0,252.0,345.0,51.0,23.0,0.0,0.0,28.0,19.0,22.0,19.0,7.0,10.0,0.0,0.0,0.0,0.0,22.0,19.0,0.0,0.0,0.0,0.0
C3_f0.1__lamarckian__s8,C3_f0.1__lamarckian,C3_f0.1,C3,lamarckian,8,600,train,50,1.88,19,19,88.18050843309142,0.8125,0.5,313.0,276.0,271.0,350.0,23.0,13.0,0.0,0.0,26.0,21.0,19.0,26.0,5.0,6.0,0.0,0.0,0.0,0.0,19.0,26.0,0.0,0.0,0.0,0.0
C3_f0.1__lamarckian__s8,C3_f0.1__lamarckian,C3_f0.1,C3,lamarckian,8,650,train,50,1.84,9,9,100.36128900545756,0.75,0.5,345.0,243.0,352.0,341.0,38.0,28.0,0.0,0.0,27.0,13.0,21.0,20.0,10.0,7.0,0.0,0.0,0.0,0.0,21.0,20.0,0.0,0.0,0.0,0.0
C3_f0.1__lamarckian__s8,C3_f0.1__lamarckian,C3_f0.1,C3,lamarckian,8,700,train,50,1.88,21,21,49.27173849773783,0.875,0.5,309.0,267.0,263.0,313.0,50.0,42.0,0.0,0.0,31.0,17.0,20.0,36.0,6.0,12.0,0.0,0.0,0.0,0.0,20.0,36.0,0.0,0.0,0.0,0.0
C3_f0.1__lamarckian__s8,C3_f0.1__lamarckian,C3_f0.1,C3,lamarckian,8,750,train,50,1.88,14,14,100.02871279046869,0.7916666666666666,0.5,346.0,270.0,257.0,360.0,45.0,31.0,0.0,0.0,25.0,18.0,19.0,22.0,6.0,6.0,0.0,0.0,0.0,0.0,19.0,22.0,0.0,0.0,0.0,0.0
C3_f0.1__lamarckian__s8,C3_f0.1__lamarckian,C3_f0.1,C3,lamarckian,8,800,train,50,1.92,7,7,81.65840393390432,0.8125,0.5,405.0,361.0,256.0,297.0,48.0,33.0,0.0,0.0,23.0,32.0,22.0,15.0,12.0,3.0,0.0,0.0,0.0,0.0,22.0,15.0,0.0,0.0,0.0,0.0
C3_f0.1__lamarckian__s8,C3_f0.1__lamarckian,C3_f0.1,C3,lamarckian,8,850,train,50,1.94,14,14,106.91141549167489,0.75,0.5,359.0,290.0,307.0,388.0,56.0,53.0,0.0,0.0,23.0,28.0,15.0,24.0,5.0,9.0,0.0,0.0,0.0,0.0,15.0,24.0,0.0,0.0,0.0,0.0
C3_f0.1__lamarckian__s8,C3_f0.1__lamarckian,C3_f0.1,C3,lamarckian,8,900,train,50,2.14,20,20,82.38738810008462,0.8958333333333334,0.5,268.0,232.0,241.0,290.0,44.0,39.0,0.0,0.0,30.0,24.0,15.0,20.0,11.0,10.0,0.0,0.0,0.0,0.0,15.0,20.0,0.0,0.0,0.0,0.0
C3_f0.1__lamarckian__s8,C3_f0.1__lamarckian,C3_f0.1,C3,lamarckian,8,950,train,50,2.26,5,5,111.73479703865354,0.7708333333333334,0.5,325.0,283.0,272.0,364.0,53.0,45.0,0.0,0.0,28.0,22.0,17.0,30.0,6.0,3.0,0.0,0.0,0.0,0.0,17.0,30.0,0.0,0.0,0.0,0.0
C3_f0.1__lamarckian__s8,C3_f0.1__lamarckian,C3_f0.1,C3,lamarckian,8,1000,train,50,2.56,18,18,72.30674155434785,0.9166666666666666,0.5,478.0,384.0,314.0,390.0,70.0,61.0,0.0,0.0,33.0,20.0,25.0,28.0,7.0,4.0,0.0,0.0,0.0,0.0,25.0,28.0,0.0,0.0,0.0,0.0
C3_f0.1__lamarckian__s8,C3_f0.1__lamarckian,C3_f0.1,C3,lamarckian,8,1050,train,50,2.76,9,9,119.12471440362513,0.625,0.5,453.0,339.0,371.0,429.0,24.0,21.0,0.0,0.0,22.0,14.0,18.0,22.0,9.0,4.0,0.0,0.0,0.0,0.0,18.0,22.0,0.0,0.0,0.0,0.0
C3_f0.1__lamarckian__s8,C3_f0.1__lamarckian,C3_f0.1,C3,lamarckian,8,1100,train,50,2.9,21,21,71.25994058637721,0.8541666666666666,0.5,376.0,312.0,248.0,287.0,45.0,46.0,0.0,0.0,40.0,24.0,18.0,17.0,5.0,12.0,0.0,0.0,0.0,0.0,18.0,17.0,0.0,0.0,0.0,0.0
C3_f0.1__lamarckian__s8,C3_f0.1__lamarckian,C3_f0.1,C3,lamarckian,8,1150,train,50,2.84,14,14,81.53863998098079,0.8541666666666666,0.5,344.0,273.0,288.0,304.0,34.0,28.0,0.0,0.0,35.0,20.0,20.0,25.0,8.0,6.0,0.0,0.0,0.0,0.0,20.0,25.0,0.0,0.0,0.0,0.0
C3_f0.1__lamarckian__s8,C3_f0.1__lamarckian,C3_f0.1,C3,lamarckian,8,1200,train,50,2.86,8,8,68.00169038590934,0.875,0.5,381.0,277.0,266.0,300.0,51.0,55.0,0.0,0.0,42.0,22.0,19.0,17.0,7.0,9.0,0.0,0.0,0.0,0.0,19.0,17.0,0.0,0.0,0.0,0.0
C3_f0.1__lamarckian__s8,C3_f0.1__lamarckian,C3_f0.1,C3,lamarckian,8,1250,train,50,2.92,13,13,74.54797229375451,0.9375,0.5,411.0,375.0,264.0,327.0,44.0,28.0,0.0,0.0,36.0,21.0,18.0,26.0,10.0,4.0,0.0,0.0,0.0,0.0,18.0,26.0,0.0,0.0,0.0,0.0
C3_f0.1__lamarckian__s8,C3_f0.1__lamarckian,C3_f0.1,C3,lamarckian,8,1300,train,50,3.04,22,22,77.69566241003223,0.7708333333333334,0.5,436.0,343.0,311.0,388.0,45.0,46.0,0.0,0.0,15.0,14.0,21.0,29.0,11.0,5.0,0.0,0.0,0.0,0.0,21.0,29.0,0.0,0.0,0.0,0.0
C3_f0.1__lamarckian__s8,C3_f0.1__lamarckian,C3_f0.1,C3,lamarckian,8,1350,train,50,3.0,7,7,123.63717683656279,0.6875,0.5,406.0,282.0,341.0,426.0,80.0,67.0,0.0,0.0,19.0,12.0,25.0,13.0,12.0,5.0,0.0,0.0,0.0,0.0,25.0,13.0,0.0,0.0,0.0,0.0
C3_f0.1__lamarckian__s8,C3_f0.1__lamarckian,C3_f0.1,C3,lamarckian,8,1400,train,50,3.24,20,20,88.05343166264353,0.8333333333333334,0.5,401.0,306.0,341.0,375.0,34.0,39.0,0.0,0.0,28.0,21.0,24.0,30.0,9.0,7.0,0.0,0.0,0.0,0.0,24.0,30.0,0.0,0.0,0.0,0.0
C3_f0.1__lamarckian__s8,C3_f0.1__lamarckian,C3_f0.1,C3,lamarckian,8,1450,train,50,3.36,13,13,104.51936575556195,0.7083333333333334,0.5,352.0,308.0,360.0,461.0,57.0,56.0,0.0,0.0,22.0,18.0,15.0,22.0,10.0,6.0,0.0,0.0,0.0,0.0,15.0,22.0,0.0,0.0,0.0,0.0
C3_f0.1__lamarckian__s8,C3_f0.1__lamarckian,C3_f0.1,C3,lamarckian,8,1500,train,50,3.62,18,18,54.7097996609858,0.875,0.5,306.0,286.0,302.0,437.0,51.0,42.0,0.0,0.0,18.0,38.0,21.0,33.0,3.0,2.0,0.0,0.0,0.0,0.0,21.0,33.0,0.0,0.0,0.0,0.0
C3_f0.1__lamarckian__s8,C3_f0.1__lamarckian,C3_f0.1,C3,lamarckian,8,1550,eval,50,3.74,12,12,85.02205846161867,0.8333333333333334,0.5,379.0,313.0,197.0,248.0,39.0,24.0,17.0,17.0,36.0,18.0,15.0,13.0,7.0,3.0,4.0,2.0,0.0,0.0,15.0,13.0,0.0,0.0,4.0,2.0
C3_f0.1__lamarckian__s8,C3_f0.1__lamarckian,C3_f0.1,C3,lamarckian,8,1600,eval,50,3.76,21,21,94.02382287139561,0.8125,0.5,389.0,309.0,354.0,405.0,10.0,9.0,10.0,5.0,36.0,17.0,21.0,17.0,5.0,1.0,1.0,2.0,0.0,0.0,21.0,17.0,0.0,0.0,1.0,2.0
C3_f0.1__lamarckian__s8,C3_f0.1__lamarckian,C3_f0.1,C3,lamarckian,8,1650,eval,50,3.78,11,11,133.41449606548264,0.5833333333333334,0.5,359.0,307.0,396.0,472.0,42.0,35.0,16.0,30.0,15.0,15.0,20.0,27.0,3.0,3.0,0.0,8.0,0.0,0.0,20.0,27.0,0.0,0.0,0.0,8.0
C3_f0.1__lamarckian__s8,C3_f0.1__lamarckian,C3_f0.1,C3,lamarckian,8,1700,eval,50,3.78,7,7,139.8526012768281,0.6041666666666666,0.5,495.0,382.0,372.0,486.0,50.0,43.0,22.0,23.0,23.0,20.0,15.0,31.0,5.0,5.0,5.0,4.0,0.0,0.0,15.0,31.0,0.0,0.0,5.0,4.0
C3_f0.1__lamarckian__s8,C3_f0.1__lamarckian,C3_f0.1,C3,lamarckian,8,1750,eval,50,3.84,6,6,135.6873332799828,0.5416666666666666,0.5,424.0,338.0,456.0,565.0,60.0,47.0,31.0,32.0,13.0,13.0,16.0,25.0,3.0,1.0,3.0,2.0,0.0,0.0,16.0,25.0,0.0,0.0,3.0,2.0
C3_f0.1__lamarckian__s8,C3_f0.1__lamarckian,C3_f0.1,C3,lamarckian,8,1800,eval,50,4.04,9,9,185.83465048299456,0.3958333333333333,0.5,413.0,356.0,412.0,499.0,33.0,30.0,69.0,82.0,13.0,13.0,12.0,23.0,2.0,1.0,3.0,4.0,0.0,0.0,12.0,23.0,0.0,0.0,3.0,4.0
C3_f0.1__lamarckian__s9,C3_f0.1__lamarckian,C3_f0.1,C3,lamarckian,9,50,train,50,0.86,33,3,68.51377987428819,0.9166666666666666,0.5,119.0,100.0,119.0,144.0,52.0,33.0,0.0,0.0,37.0,20.0,23.0,23.0,7.0,6.0,0.0,0.0,0.0,0.0,23.0,23.0,0.0,0.0,0.0,0.0
C3_f0.1__lamarckian__s9,C3_f0.1__lamarckian,C3_f0.1,C3,lamarckian,9,100,train,50,0.98,9,9,67.64547706857698,0.9166666666666666,0.5,152.0,116.0,101.0,118.0,59.0,35.0,0.0,0.0,34.0,18.0,10.0,18.0,10.0,7.0,0.0,0.0,0.0,0.0,10.0,18.0,0.0,0.0,0.0,0.0
C3_f0.1__lamarckian__s9,C3_f0.1__lamarckian,C3_f0.1,C3,lamarckian,9,150,train,39,1.1282051282051282,9,20,70.75892782777181,0.9375,0.5,163.0,144.0,103.0,138.0,54.0,59.0,0.0,0.0,24.0,26.0,16.0,13.0,8.0,12.0,0.0,0.0,0.0,0.0,16.0,13.0,0.0,0.0,0.0,0.0
C3_f0.1__lamarckian__s9,C3_f0.1__lamarckian,C3_f0.1,C3,lamarckian,9,200,train,45,1.4,19,13,107.40156504643974,0.8125,0.5,328.0,266.0,135.0,169.0,47.0,33.0,0.0,0.0,22.0,38.0,15.0,17.0,3.0,19.0,0.0,0.0,0.0,0.0,15.0,17.0,0.0,0.0,0.0,0.0
C3_f0.1__lamarckian__s9,C3_f0.1__lamarckian,C3_f0.1,C3,lamarckian,9,250,train,43,1.7674418604651163,13,15,72.01697880813288,0.8958333333333334,0.5,156.0,131.0,247.0,300.0,45.0,32.0,0.0,0.0,15.0,14.0,17.0,38.0,13.0,17.0,0.0,0.0,0.0,0.0,17.0,38.0,0.0,0.0,0.0,0.0
C3_f0.1__lamarckian__s9,C3_f0.1__lamarckian,C3_f0.1,C3,lamarckian,9,300,train,50,1.94,24,17,66.08738745280445,0.9375,0.5,280.0,279.0,219.0,282.0,26.0,37.0,0.0,0.0,31.0,17.0,17.0,26.0,7.0,13.0,0.0,0.0,0.0,0.0,17.0,26.0,0.0,0.0,0.0,0.0
C3_f0.1__lamarckian__s9,C3_f0.1__lamarckian,C3_f0.1,C3,lamarckian,9,350,train,50,1.88,16,16,62.69414481910652,0.8958333333333334,0.5,342.0,299.0,293.0,368.0,33.0,33.0,0.0,0.0,20.0,11.0,26.0,26.0,12.0,13.0,0.0,0.0,0.0,0.0,26.0,26.0,0.0,0.0,0.0,0.0
C3_f0.1__lamarckian__s9,C3_f0.1__lamarckian,C3_f0.1,C3,lamarckian,9,400,train,50,1.88,11,11,161.75738097977543,0.6458333333333334,0.5,282.0,227.0,206.0,250.0,36.0,21.0,0.0,0.0,18.0,19.0,11.0,13.0,13.0,6.0,0.0,0.0,0.0,0.0,11.0,13.0,0.0,0.0,0.0,0.0
C3_f0.1__lamarckian__s9,C3_f0.1__lamarckian,C3_f0.1,C3,lamarckian,9,450,train,50,1.76,11,11,84.4034710000821,0.8125,0.5,413.0,295.0,236.0,332.0,39.0,28.0,0.0,0.0,30.0,28.0,10.0,22.0,10.0,9.0,0.0,0.0,0.0,0.0,10.0,22.0,0.0,0.0,0.0,0.0
C3_f0.1__lamarckian__s9,C3_f0.1__lamarckian,C3_f0.1,C3,lamarckian,9,500,train,50,1.84,12,12,72.35678172752839,0.8541666666666666,0.5,399.0,296.0,287.0,318.0,117.0,94.0,0.0,0.0,29.0,19.0,16.0,23.0,16.0,5.0,0.0,0.0,0.0,0.0,16.0,23.0,0.0,0.0,0.0,0.0
C3_f0.1__lamarckian__s9,C3_f0.1__lamarckian,C3_f0.1,C3,lamarckian,9,550,train,50,1.86,11,11,90.63803904897686,0.8333333333333334,0.5,373.0,307.0,210.0,263.0,82.0,75.0,0.0,0.0,22.0,16.0,15.0,23.0,17.0,9.0,0.0,0.0,0.0,0.0,15.0,23.0,0.0,0.0,0.0,0.0
C3_f0.1__lamarckian__s9,C3_f0.1__lamarckian,C3_f0.1,C3,lamarckian,9,600,train,50,1.96,9,9,102.59845187270317,0.6875,0.5,322.0,268.0,324.0,378.0,115.0,117.0,0.0,0.0,17.0,16.0,17.0,20.0,9.0,13.0,0.0,0.0,0.0,0.0,17.0,20.0,0.0,0.0,0.0,0.0
C3_f0.1__lamarckian__s9,C3_f0.1__lamarckian,C3_f0.1,C3,lamarckian,9,650,train,50,1.98,5,5,92.66759461430269,0.7291666666666666,0.5,358.0,313.0,343.0,416.0,102.0,84.0,0.0,0.0,23.0,19.0,13.0,25.0,6.0,12.0,0.0,0.0,0.0,0.0,13.0,25.0,0.0,0.0,0.0,0.0
C3_f0.1__lamarckian__s9,C3_f0.1__lamarckian,C3_f0.1,C3,lamarckian,9,700,train,50,2.02,8,8,92.12723099046718,0.75,0.5,370.0,291.0,282.0,326.0,84.0,79.0,0.0,0.0,37.0,13.0,16.0,16.0,7.0,12.0,0.0,0.0,0.0,0.0,16.0,16.0,0.0,0.0,0.0,0.0
C3_f0.1__lamarckian__s9,C3_f0.1__lamarckian,C3_f0.1,C3,lamarckian,9,750,train,50,2.14,7,7,102.16658473678199,0.6875,0.5,351.0,288.0,236.0,300.0,64.0,49.0,0.0,0.0,24.0,15.0,21.0,17.0,3.0,14.0,0.0,0.0,0.0,0.0,21.0,17.0,0.0,0.0,0.0,0.0
C3_f0.1__lamarckian__s9,C3_f0.1__lamarckian,C3_f0.1,C3,lamarckian,9,800,train,50,2.28,8,8,83.78133191077987,0.7916666666666666,0.5,373.0,300.0,237.0,295.0,82.0,70.0,0.0,0.0,31.0,20.0,15.0,22.0,13.0,13.0,0.0,0.0,0.0,0.0,15.0,22.0,0.0,0.0,0.0,0.0
C3_f0.1__lamarckian__s9,C3_f0.1__lamarckian,C3_f0.1,C3,lamarckian,9,850,train,50,2.34,9,9,78.86539270721836,0.8125,0.5,299.0,250.0,231.0,264.0,102.0,73.0,0.0,0.0,26.0,26.0,23.0,16.0,11.0,12.0,0.0,0.0,0.0,0.0,23.0,16.0,0.0,0.0,0.0,0.0
C3_f0.1__lamarckian__s9,C3_f0.1__lamarckian,C3_f0.1,C3,lamarckian,9,900,train,50,2.36,14,14,74.03098180117544,0.8541666666666666,0.5,192.0,189.0,236.0,295.0,76.0,64.0,0.0,0.0,26.0,17.0,26.0,18.0,13.0,15.0,0.0,0.0,0.0,0.0,26.0,18.0,0.0,0.0,0.0,0.0
C3_f0.1__lamarckian__s9,C3_f0.1__lamarckian,C3_f0.1,C3,lamarckian,9,950,train,50,2.36,11,11,91.3472007197268,0.7916666666666666,0.5,323.0,273.0,263.0,356.0,70.0,77.0,0.0,0.0,27.0,10.0,25.0,29.0,8.0,8.0,0.0,0.0,0.0,0.0,25.0,29.0,0.0,0.0,0.0,0.0
C3_f0.1__lamarckian__s9,C3_f0.1__lamarckian,C3_f0.1,C3,lamarckian,9,1000,train,50,2.5,10,10,100.77778227136687,0.7708333333333334,0.5,336.0,309.0,280.0,315.0,53.0,44.0,0.0,0.0,17.0,26.0,20.0,15.0,16.0,5.0,0.0,0.0,0.0,0.0,20.0,15.0,0.0,0.0,0.0,0.0
C3_f0.1__lamarckian__s9,C3_f0.1__lamarckian,C3_f0.1,C3,lamarckian,9,1050,train,50,2.78,18,18,94.55770510897479,0.8125,0.5,322.0,247.0,255.0,322.0,55.0,67.0,0.0,0.0,21.0,18.0,29.0,27.0,10.0,10.0,0.0,0.0,0.0,0.0,29.0,27.0,0.0,0.0,0.0,0.0
C3_f0.1__lamarckian__s9,C3_f0.1__lamarckian,C3_f0.1,C3,lamarckian,9,1100,train,50,2.88,12,12,82.76353778401582,0.8125,0.5,356.0,266.0,224.0,278.0,73.0,53.0,0.0,0.0,31.0,19.0,18.0,26.0,15.0,6.0,0.0,0.0,0.0,0.0,18.0,26.0,0.0,0.0,0.0,0.0
C3_f0.1__lamarckian__s9,C3_f0.1__lamarckian,C3_f0.1,C3,lamarckian,9,1150,train,50,2.98,11,11,85.23732149700785,0.8125,0.5,212.0,147.0,282.0,368.0,47.0,40.0,0.0,0.0,22.0,20.0,21.0,18.0,13.0,12.0,0.0,0.0,0.0,0.0,21.0,18.0,0.0,0.0,0.0,0.0
C3_f0.1__lamarckian__s9,C3_f0.1__lamarckian,C3_f0.1,C3,lamarckian,9,1200,train,50,3.12,11,11,93.42129554495287,0.75,0.5,255.0,235.0,290.0,367.0,42.0,32.0,0.0,0.0,22.0,22.0,23.0,21.0,7.0,7.0,0.0,0.0,0.0,0.0,23.0,21.0,0.0,0.0,0.0,0.0
C3_f0.1__lamarckian__s9,C3_f0.1__lamarckian,C3_f0.1,C3,lamarckian,9,1250,train,50,3.18,10,10,113.84492884495214,0.6875,0.5,361.0,305.0,312.0,342.0,51.0,43.0,0.0,0.0,28.0,26.0,10.0,20.0,15.0,6.0,0.0,0.0,0.0,0.0,10.0,20.0,0.0,0.0,0.0,0.0
C3_f0.1__lamarckian__s9,C3_f0.1__lamarckian,C3_f0.1,C3,lamarckian,9,1300,train,50,3.12,11,11,70.83871200319517,0.8541666666666666,0.5,286.0,222.0,331.0,371.0,64.0,73.0,0.0,0.0,22.0,19.0,20.0,25.0,11.0,18.0,0.0,0.0,0.0,0.0,20.0,25.0,0.0,0.0,0.0,0.0
C3_f0.1__lamarckian__s9,C3_f0.1__lamarckian,C3_f0.1,C3,lamarckian,9,1350,train,50,3.26,13,13,107.2030657229422,0.6458333333333334,0.5,268.0,229.0,250.0,327.0,30.0,29.0,0.0,0.0,19.0,12.0,27.0,20.0,8.0,7.0,0.0,0.0,0.0,0.0,27.0,20.0,0.0,0.0,0.0,0.0
C3_f0.1__lamarckian__s9,C3_f0.1__lamarckian,C3_f0.1,C3,lamarckian,9,1400,train,50,3.34,8,8,149.28689764714713,0.5833333333333334,0.5,251.0,199.0,423.0,482.0,43.0,25.0,0.0,0.0,16.0,9.0,18.0,17.0,11.0,10.0,0.0,0.0,0.0,0.0,18.0,17.0,0.0,0.0,0.0,0.0
C3_f0.1__lamarckian__s9,C3_f0.1__lamarckian,C3_f0.1,C3,lamarckian,9,1450,train,50,3.56,11,11,117.70391688397079,0.7083333333333334,0.5,413.0,318.0,413.0,532.0,111.0,82.0,0.0,0.0,26.0,12.0,17.0,21.0,9.0,6.0,0.0,0.0,0.0,0.0,17.0,21.0,0.0,0.0,0.0,0.0
C3_f0.1__lamarckian__s9,C3_f0.1__lamarckian,C3_f0.1,C3,lamarckian,9,1500,train,50,3.66,4,4,91.26967696400314,0.8125,0.5,433.0,356.0,288.0,380.0,38.0,29.0,0.0,0.0,35.0,18.0,9.0,25.0,14.0,5.0,0.0,0.0,0.0,0.0,9.0,25.0,0.0,0.0,0.0,0.0
C3_f0.1__lamarckian__s9,C3_f0.1__lamarckian,C3_f0.1,C3,lamarckian,9,1550,eval,50,3.76,14,14,88.01848267230588,0.8541666666666666,0.5,424.0,357.0,207.0,272.0,47.0,27.0,34.0,27.0,24.0,22.0,13.0,31.0,7.0,2.0,9.0,3.0,0.0,0.0,13.0,31.0,0.0,0.0,9.0,3.0
C3_f0.1__lamarckian__s9,C3_f0.1__lamarckian,C3_f0.1,C3,lamarckian,9,1600,eval,50,3.94,15,15,98.59332276494123,0.6875,0.5,359.0,300.0,229.0,293.0,53.0,48.0,30.0,26.0,27.0,20.0,14.0,16.0,5.0,1.0,6.0,6.0,0.0,0.0,14.0,16.0,0.0,0.0,6.0,6.0
C3_f0.1__lamarckian__s9,C3_f0.1__lamarckian,C3_f0.1,C3,lamarckian,9,1650,eval,50,4.12,15,15,106.72053195223859,0.7708333333333334,0.5,432.0,357.0,272.0,348.0,28.0,20.0,38.0,48.0,25.0,21.0,25.0,19.0,2.0,1.0,4.0,5.0,0.0,0.0,25.0,19.0,0.0,0.0,4.0,5.0
C3_f0.1__lamarckian__s9,C3_f0.1__lamarckian,C3_f0.1,C3,lamarckian,9,1700,eval,50,4.2,14,14,115.33515125629363,0.6875,0.5,346.0,275.0,294.0,324.0,80.0,73.0,73.0,96.0,19.0,15.0,30.0,17.0,8.0,4.0,3.0,4.0,0.0,0.0,30.0,17.0,0.0,0.0,3.0,4.0
C3_f0.1__lamarckian__s9,C3_f0.1__lamarckian,C3_f0.1,C3,lamarckian,9,1750,eval,50,4.2,16,16,83.78408018272398,0.8333333333333334,0.5,419.0,308.0,252.0,296.0,104.0,92.0,61.0,60.0,37.0,16.0,24.0,18.0,5.0,8.0,7.0,5.0,0.0,0.0,24.0,18.0,0.0,0.0,7.0,5.0
C3_f0.1__lamarckian__s9,C3_f0.1__lamarckian,C3_f0.1,C3,lamarckian,9,1800,eval,50,4.26,10,10,114.45793184446597,0.7291666666666666,0.5,448.0,377.0,262.0,307.0,91.0,72.0,65.0,82.0,30.0,13.0,19.0,14.0,3.0,9.0,4.0,4.0,0.0,0.0,19.0,14.0,0.0,0.0,4.0,4.0
C3_f0.1__lamarckian__s10,C3_f0.1__lamarckian,C3_f0.1,C3,lamarckian,10,50,train,50,0.8,34,4,81.89091636337841,0.8333333333333334,0.5,137.0,98.0,89.0,108.0,64.0,57.0,0.0,0.0,32.0,9.0,25.0,23.0,13.0,7.0,0.0,0.0,0.0,0.0,25.0,23.0,0.0,0.0,0.0,0.0
C3_f0.1__lamarckian__s10,C3_f0.1__lamarckian,C3_f0.1,C3,lamarckian,10,100,train,50,1.04,16,16,102.7139290291443,0.7291666666666666,0.5,172.0,146.0,205.0,223.0,68.0,50.0,0.0,0.0,20.0,13.0,20.0,22.0,12.0,3.0,0.0,0.0,0.0,0.0,20.0,22.0,0.0,0.0,0.0,0.0
C3_f0.1__lamarckian__s10,C3_f0.1__lamarckian,C3_f0.1,C3,lamarckian,10,150,train,50,0.94,11,11,81.84928938354224,0.8541666666666666,0.5,277.0,222.0,246.0,305.0,121.0,118.0,0.0,0.0,31.0,27.0,16.0,30.0,10.0,8.0,0.0,0.0,0.0,0.0,16.0,30.0,0.0,0.0,0.0,0.0
C3_f0.1__lamarckian__s10,C3_f0.1__lamarckian,C3_f0.1,C3,lamarckian,10,200,train,50,0.9,9,9,161.43777839008067,0.5625,0.5,270.0,197.0,190.0,238.0,118.0,121.0,0.0,0.0,19.0,10.0,23.0,14.0,12.0,8.0,0.0,0.0,0.0,0.0,23.0,14.0,0.0,0.0,0.0,0.0
C3_f0.1__lamarckian__s10,C3_f0.1__lamarckian,C3_f0.1,C3,lamarckian,10,250,train,50,0.88,9,9,114.41158056246972,0.6875,0.5,294.0,262.0,325.0,376.0,124.0,82.0,0.0,0.0,19.0,17.0,19.0,21.0,14.0,13.0,0.0,0.0,0.0,0.0,19.0,21.0,0.0,0.0,0.0,0.0
C3_f0.1__lamarckian__s10,C3_f0.1__lamarckian,C3_f0.1,C3,lamarckian,10,300,train,50,0.88,3,3,129.9123690191693,0.625,0.5,341.0,268.0,354.0,444.0,34.0,40.0,0.0,0.0,17.0,21.0,17.0,22.0,10.0,6.0,0.0,0.0,0.0,0.0,17.0,22.0,0.0,0.0,0.0,0.0
C3_f0.1__lamarckian__s10,C3_f0.1__lamarckian,C3_f0.1,C3,lamarckian,10,350,train,50,0.86,5,5,103.18837981596633,0.75,0.5,375.0,315.0,254.0,341.0,59.0,52.0,0.0,0.0,24.0,19.0,12.0,19.0,13.0,9.0,0.0,0.0,0.0,0.0,12.0,19.0,0.0,0.0,0.0,0.0
C3_f0.1__lamarckian__s10,C3_f0.1__lamarckian,C3_f0.1,C3,lamarckian,10,400,train,50,0.84,5,5,114.16159341556941,0.7083333333333334,0.5,321.0,291.0,279.0,334.0,96.0,71.0,0.0,0.0,21.0,12.0,20.0,29.0,13.0,11.0,0.0,0.0,0.0,0.0,20.0,29.0,0.0,0.0,0.0,0.0
C3_f0.1__lamarckian__s10,C3_f0.1__lamarckian,C3_f0.1,C3,lamarckian,10,450,train,50,0.84,4,4,93.9064962768231,0.75,0.5,388.0,335.0,261.0,297.0,106.0,88.0,0.0,0.0,29.0,17.0,18.0,11.0,15.0,6.0,0.0,0.0,0.0,0.0,18.0,11.0,0.0,0.0,0.0,0.0
C3_f0.1__lamarckian__s10,C3_f0.1__lamarckian,C3_f0.1,C3,lamarckian,10,500,train,48,1.2916666666666667,12,14,63.81907520028997,0.8333333333333334,0.5,317.0,235.0,229.0,303.0,88.0,89.0,0.0,0.0,31.0,17.0,14.0,23.0,12.0,9.0,0.0,0.0,0.0,0.0,14.0,23.0,0.0,0.0,0.0,0.0
C3_f0.1__lamarckian__s10,C3_f0.1__lamarckian,C3_f0.1,C3,lamarckian,10,550,train,50,1.6,19,17,90.94494462791252,0.8125,0.5,279.0,213.0,212.0,280.0,92.0,64.0,0.0,0.0,29.0,17.0,14.0,22.0,10.0,7.0,0.0,0.0,0.0,0.0,14.0,22.0,0.0,0.0,0.0,0.0
C3_f0.1__lamarckian__s10,C3_f0.1__lamarckian,C3_f0.1,C3,lamarckian,10,600,train,50,1.7,13,13,51.420335474727885,0.9166666666666666,0.5,320.0,260.0,281.0,337.0,28.0,23.0,0.0,0.0,37.0,18.0,21.0,20.0,11.0,10.0,0.0,0.0,0.0,0.0,21.0,20.0,0.0,0.0,0.0,0.0
C3_f0.1__lamarckian__s10,C3_f0.1__lamarckian,C3_f0.1,C3,lamarckian,10,650,train,50,1.76,15,15,65.15189028425428,0.8958333333333334,0.5,228.0,185.0,181.0,247.0,53.0,46.0,0.0,0.0,27.0,19.0,21.0,21.0,10.0,11.0,0.0,0.0,0.0,0.0,21.0,21.0,0.0,0.0,0.0,0.0
C3_f0.1__lamarckian__s10,C3_f0.1__lamarckian,C3_f0.1,C3,lamarckian,10,700,train,50,1.92,21,21,60.322471875548665,0.9375,0.5,244.0,174.0,183.0,214.0,89.0,64.0,0.0,0.0,39.0,12.0,25.0,16.0,13.0,12.0,0.0,0.0,0.0,0.0,25.0,16.0,0.0,0.0,0.0,0.0
C3_f0.1__lamarckian__s10,C3_f0.1__lamarckian,C3_f0.1,C3,lamarckian,10,750,train,50,2.06,15,15,74.22394629152677,0.8958333333333334,0.5,206.0,155.0,100.0,141.0,89.0,63.0,0.0,0.0,31.0,21.0,20.0,17.0,10.0,12.0,0.0,0.0,0.0,0.0,20.0,17.0,0.0,0.0,0.0,0.0
C3_f0.1__lamarckian__s10,C3_f0.1__lamarckian,C3_f0.1,C3,lamarckian,10,800,train,50,2.36,20,20,66.56956466333439,0.875,0.5,196.0,166.0,229.0,255.0,86.0,60.0,0.0,0.0,28.0,13.0,28.0,21.0,18.0,9.0,0.0,0.0,0.0,0.0,28.0,21.0,0.0,0.0,0.0,0.0
C3_f0.1__lamarckian__s10,C3_f0.1__lamarckian,C3_f0.1,C3,lamarckian,10,850,train,50,2.44,11,11,94.41362268045665,0.8333333333333334,0.5,348.0,291.0,209.0,277.0,55.0,45.0,0.0,0.0,25.0,18.0,18.0,29.0,6.0,11.0,0.0,0.0,0.0,0.0,18.0,29.0,0.0,0.0,0.0,0.0
C3_f0.1__lamarckian__s10,C3_f0.1__lamarckian,C3_f0.1,C3,lamarckian,10,900,train,50,2.42,12,12,76.16007436380988,0.8333333333333334,0.5,314.0,293.0,302.0,381.0,87.0,81.0,0.0,0.0,20.0,19.0,27.0,16.0,8.0,11.0,0.0,0.0,0.0,0.0,27.0,16.0,0.0,0.0,0.0,0.0
C3_f0.1__lamarckian__s10,C3_f0.1__lamarckian,C3_f0.1,C3,lamarckian,10,950,train,50,2.64,10,10,95.98559390621872,0.7708333333333334,0.5,374.0,303.0,266.0,314.0,128.0,80.0,0.0,0.0,21.0,24.0,20.0,13.0,12.0,7.0,0.0,0.0,0.0,0.0,20.0,13.0,0.0,0.0,0.0,0.0
C3_f0.1__lamarckian__s10,C3_f0.1__lamarckian,C3_f0.1,C3,lamarckian,10,1000,train,50,2.68,6,6,88.62540807232588,0.7916666666666666,0.5,389.0,323.0,289.0,329.0,88.0,73.0,0.0,0.0,34.0,20.0,14.0,17.0,11.0,10.0,0.0,0.0,0.0,0.0,14.0,17.0,0.0,0.0,0.0,0.0
C3_f0.1__lamarckian__s10,C3_f0.1__lamarckian,C3_f0.1,C3,lamarckian,10,1050,train,50,2.82,17,17,92.39714003564572,0.7916666666666666,0.5,280.0,237.0,307.0,379.0,56.0,40.0,0.0,0.0,14.0,23.0,23.0,33.0,12.0,7.0,0.0,0.0,0.0,0.0,23.0,33.0,0.0,0.0,0.0,0.0
C3_f0.1__lamarckian__s10,C3_f0.1__lamarckian,C3_f0.1,C3,lamarckian,10,1100,train,50,2.86,13,13,82.44905663674,0.8333333333333334,0.5,306.0,260.0,280.0,305.0,59.0,62.0,0.0,0.0,20.0,22.0,19.0,31.0,13.0,6.0,0.0,0.0,0.0,0.0,19.0,31.0,0.0,0.0,0.0,0.0
C3_f0.1__lamarckian__s10,C3_f0.1__lamarckian,C3_f0.1,C3,lamarckian,10,1150,train,50,2.94,11,11,104.84034397586935,0.7708333333333334,0.5,295.0,264.0,285.0,359.0,134.0,114.0,0.0,0.0,24.0,16.0,18.0,21.0,23.0,9.0,0.0,0.0,0.0,0.0,18.0,21.0,0.0,0.0,0.0,0.0
C3_f0.1__lamarckian__s10,C3_f0.1__lamarckian,C3_f0.1,C3,lamarckian,10,1200,train,50,3.04,8,8,75.5190739066725,0.7916666666666666,0.5,325.0,254.0,341.0,388.0,43.0,41.0,0.0,0.0,24.0,15.0,26.0,21.0,12.0,8.0,0.0,0.0,0.0,0.0,26.0,21.0,0.0,0.0,0.0,0.0
C3_f0.1__lamarckian__s10,C3_f0.1__lamarckian,C3_f0.1,C3,lamarckian,10,1250,train,50,3.24,17,17,58.717789953335,0.9166666666666666,0.5,408.0,328.0,260.0,276.0,55.0,49.0,0.0,0.0,29.0,24.0,23.0,19.0,14.0,13.0,0.0,0.0,0.0,0.0,23.0,19.0,0.0,0.0,0.0,0.0
C3_f0.1__lamarckian__s10,C3_f0.1__lamarckian,C3_f0.1,C3,lamarckian,10,1300,train,50,3.38,14,14,58.51935658864478,0.9166666666666666,0.5,242.0,220.0,182.0,248.0,58.0,43.0,0.0,0.0,31.0,23.0,15.0,21.0,11.0,8.0,0.0,0.0,0.0,0.0,15.0,21.0,0.0,0.0,0.0,0.0
C3_f0.1__lamarckian__s10,C3_f0.1__lamarckian,C3_f0.1,C3,lamarckian,10,1350,train,50,3.46,13,13,77.89034459278275,0.8958333333333334,0.5,272.0,227.0,182.0,208.0,74.0,65.0,0.0,0.0,30.0,30.0,11.0,13.0,17.0,10.0,0.0,0.0,0.0,0.0,11.0,13.0,0.0,0.0,0.0,0.0
C3_f0.1__lamarckian__s10,C3_f0.1__lamarckian,C3_f0.1,C3,lamarckian,10,1400,train,50,3.58,19,19,97.42657981037553,0.7916666666666666,0.5,264.0,213.0,231.0,256.0,89.0,70.0,0.0,0.0,16.0,23.0,28.0,19.0,24.0,5.0,0.0,0.0,0.0,0.0,28.0,19.0,0.0,0.0,0.0,0.0
C3_f0.1__lamarckian__s10,C3_f0.1__lamarckian,C3_f0.1,C3,lamarckian,10,1450,train,50,3.72,14,14,82.5757234876919,0.8333333333333334,0.5,261.0,237.0,200.0,278.0,78.0,62.0,0.0,0.0,29.0,20.0,14.0,22.0,26.0,8.0,0.0,0.0,0.0,0.0,14.0,22.0,0.0,0.0,0.0,0.0
C3_f0.1__lamarckian__s10,C3_f0.1__lamarckian,C3_f0.1,C3,lamarckian,10,1500,train,50,3.82,16,16,77.2229229235655,0.9375,0.5,239.0,177.0,341.0,444.0,38.0,35.0,0.0,0.0,19.0,10.0,29.0,29.0,13.0,11.0,0.0,0.0,0.0,0.0,29.0,29.0,0.0,0.0,0.0,0.0
C3_f0.1__lamarckian__s10,C3_f0.1__lamarckian,C3_f0.1,C3,lamarckian,10,1550,eval,50,4.12,20,20,62.46576626620525,0.8958333333333334,0.5,294.0,238.0,255.0,268.0,18.0,16.0,16.0,20.0,32.0,16.0,24.0,17.0,6.0,2.0,4.0,6.0,0.0,0.0,24.0,17.0,0.0,0.0,4.0,6.0
C3_f0.1__lamarckian__s10,C3_f0.1__lamarckian,C3_f0.1,C3,lamarckian,10,1600,eval,50,4.22,20,20,67.8404548250343,0.8333333333333334,0.5,281.0,206.0,279.0,362.0,35.0,27.0,24.0,21.0,25.0,10.0,29.0,16.0,7.0,4.0,8.0,2.0,0.0,0.0,29.0,16.0,0.0,0.0,8.0,2.0
C3_f0.1__lamarckian__s10,C3_f0.1__lamarckian,C3_f0.1,C3,lamarckian,10,1650,eval,50,4.5,25,25,83.01327498504043,0.8541666666666666,0.5,268.0,236.0,251.0,335.0,54.0,40.0,11.0,10.0,22.0,21.0,20.0,27.0,16.0,4.0,2.0,1.0,0.0,0.0,20.0,27.0,0.0,0.0,2.0,1.0
C3_f0.1__lamarckian__s10,C3_f0.1__lamarckian,C3_f0.1,C3,lamarckian,10,1700,eval,50,4.64,23,23,105.27961128247982,0.75,0.5,323.0,264.0,208.0,288.0,31.0,26.0,40.0,47.0,22.0,19.0,22.0,18.0,3.0,3.0,7.0,5.0,0.0,0.0,22.0,18.0,0.0,0.0,7.0,5.0
C3_f0.1__lamarckian__s10,C3_f0.1__lamarckian,C3_f0.1,C3,lamarckian,10,1750,eval,50,4.74,17,17,114.26737170586952,0.7916666666666666,0.5,531.0,360.0,303.0,355.0,24.0,25.0,20.0,22.0,35.0,10.0,26.0,13.0,7.0,7.0,8.0,4.0,0.0,0.0,26.0,13.0,0.0,0.0,8.0,4.0
C3_f0.1__lamarckian__s10,C3_f0.1__lamarckian,C3_f0.1,C3,lamarckian,10,1800,eval,50,4.76,9,9,125.1039729816363,0.625,0.5,475.0,359.0,442.0,464.0,43.0,33.0,44.0,42.0,22.0,14.0,24.0,19.0,11.0,6.0,7.0,5.0,0.0,0.0,24.0,19.0,0.0,0.0,7.0,5.0
C3_f0.1__lamarckian__s11,C3_f0.1__lamarckian,C3_f0.1,C3,lamarckian,11,50,train,50,0.8,35,5,95.0377143397751,0.7708333333333334,0.5,126.0,104.0,83.0,141.0,94.0,59.0,0.0,0.0,18.0,18.0,15.0,25.0,20.0,7.0,0.0,0.0,0.0,0.0,15.0,25.0,0.0,0.0,0.0,0.0
C3_f0.1__lamarckian__s11,C3_f0.1__lamarckian,C3_f0.1,C3,lamarckian,11,100,train,50,0.9,9,9,55.639378565264686,0.9583333333333334,0.5,185.0,158.0,149.0,185.0,74.0,47.0,0.0,0.0,23.0,13.0,16.0,16.0,21.0,10.0,0.0,0.0,0.0,0.0,16.0,16.0,0.0,0.0,0.0,0.0
C3_f0.1__lamarckian__s11,C3_f0.1__lamarckian,C3_f0.1,C3,lamarckian,11,150,train,50,1.1,19,19,69.78433421225704,0.8333333333333334,0.5,228.0,176.0,242.0,304.0,84.0,68.0,0.0,0.0,17.0,11.0,30.0,22.0,23.0,17.0,0.0,0.0,0.0,0.0,30.0,22.0,0.0,0.0,0.0,0.0
C3_f0.1__lamarckian__s11,C3_f0.1__lamarckian,C3_f0.1,C3,lamarckian,11,200,train,50,1.32,17,17,97.4924049835726,0.6875,0.5,281.0,230.0,216.0,242.0,37.0,25.0,0.0,0.0,18.0,13.0,13.0,23.0,16.0,5.0,0.0,0.0,0.0,0.0,13.0,23.0,0.0,0.0,0.0,0.0
C3_f0.1__lamarckian__s11,C3_f0.1__lamarckian,C3_f0.1,C3,lamarckian,11,250,train,50,1.24,10,10,99.27819550530407,0.7708333333333334,0.5,338.0,254.0,263.0,332.0,65.0,56.0,0.0,0.0,19.0,17.0,20.0,17.0,22.0,6.0,0.0,0.0,0.0,0.0,20.0,17.0,0.0,0.0,0.0,0.0
C3_f0.1__lamarckian__s11,C3_f0.1__lamarckian,C3_f0.1,C3,lamarckian,11,300,train,50,1.14,7,7,135.51354620735412,0.5833333333333334,0.5,318.0,278.0,285.0,399.0,104.0,83.0,0.0,0.0,18.0,15.0,18.0,15.0,22.0,6.0,0.0,0.0,0.0,0.0,18.0,15.0,0.0,0.0,0.0,0.0
C3_f0.1__lamarckian__s11,C3_f0.1__lamarckian,C3_f0.1,C3,lamarckian,11,350,train,50,1.08,8,8,114.96658178935155,0.6666666666666666,0.5,382.0,355.0,296.0,401.0,110.0,83.0,0.0,0.0,20.0,24.0,22.0,12.0,16.0,16.0,0.0,0.0,0.0,0.0,22.0,12.0,0.0,0.0,0.0,0.0
C3_f0.1__lamarckian__s11,C3_f0.1__lamarckian,C3_f0.1,C3,lamarckian,11,400,train,50,1.0,7,7,103.22966004211064,0.6666666666666666,0.5,336.0,260.0,423.0,483.0,102.0,87.0,0.0,0.0,16.0,16.0,10.0,16.0,24.0,14.0,0.0,0.0,0.0,0.0,10.0,16.0,0.0,0.0,0.0,0.0
C3_f0.1__lamarckian__s11,C3_f0.1__lamarckian,C3_f0.1,C3,lamarckian,11,450,train,50,1.0,6,6,72.34097902277736,0.8958333333333334,0.5,376.0,306.0,175.0,232.0,77.0,78.0,0.0,0.0,26.0,26.0,14.0,16.0,13.0,13.0,0.0,0.0,0.0,0.0,14.0,16.0,0.0,0.0,0.0,0.0
C3_f0.1__lamarckian__s11,C3_f0.1__lamarckian,C3_f0.1,C3,lamarckian,11,500,train,50,1.48,18,18,75.11226863200213,0.7916666666666666,0.5,307.0,261.0,235.0,253.0,60.0,46.0,0.0,0.0,23.0,26.0,17.0,13.0,12.0,11.0,0.0,0.0,0.0,0.0,17.0,13.0,0.0,0.0,0.0,0.0
C3_f0.1__lamarckian__s11,C3_f0.1__lamarckian,C3_f0.1,C3,lamarckian,11,550,train,50,1.82,18,18,57.652164285353976,0.8958333333333334,0.5,228.0,179.0,199.0,267.0,40.0,25.0,0.0,0.0,15.0,30.0,21.0,25.0,15.0,16.0,0.0,0.0,0.0,0.0,21.0,25.0,0.0,0.0,0.0,0.0
C3_f0.1__lamarckian__s11,C3_f0.1__lamarckian,C3_f0.1,C3,lamarckian,11,600,train,50,1.94,22,22,72.90476599881407,0.875,0.5,254.0,180.0,167.0,200.0,54.0,41.0,0.0,0.0,24.0,11.0,12.0,22.0,20.0,15.0,0.0,0.0,0.0,0.0,12.0,22.0,0.0,0.0,0.0,0.0
C3_f0.1__lamarckian__s11,C3_f0.1__lamarckian,C3_f0.1,C3,lamarckian,11,650,train,50,2.18,19,19,70.3232034254537,0.8958333333333334,0.5,245.0,171.0,186.0,220.0,65.0,47.0,0.0,0.0,24.0,20.0,14.0,16.0,20.0,12.0,0.0,0.0,0.0,0.0,14.0,16.0,0.0,0.0,0.0,0.0
C3_f0.1__lamarckian__s11,C3_f0.1__lamarckian,C3_f0.1,C3,lamarckian,11,700,train,50,2.2,18,18,69.75253221784658,0.8958333333333334,0.5,222.0,186.0,208.0,268.0,64.0,56.0,0.0,0.0,19.0,17.0,13.0,23.0,14.0,15.0,0.0,0.0,0.0,0.0,13.0,23.0,0.0,0.0,0.0,0.0
C3_f0.1__lamarckian__s11,C3_f0.1__lamarckian,C3_f0.1,C3,lamarckian,11,750,train,50,2.18,14,14,62.61925494417481,0.9166666666666666,0.5,239.0,165.0,102.0,144.0,66.0,59.0,0.0,0.0,33.0,20.0,19.0,12.0,21.0,11.0,0.0,0.0,0.0,0.0,19.0,12.0,0.0,0.0,0.0,0.0
C3_f0.1__lamarckian__s11,C3_f0.1__lamarckian,C3_f0.1,C3,lamarckian,11,800,train,50,2.36,17,17,88.29865372207756,0.8125,0.5,214.0,164.0,234.0,274.0,75.0,56.0,0.0,0.0,14.0,12.0,25.0,26.0,16.0,13.0,0.0,0.0,0.0,0.0,25.0,26.0,0.0,0.0,0.0,0.0
C3_f0.1__lamarckian__s11,C3_f0.1__lamarckian,C3_f0.1,C3,lamarckian,11,850,train,50,2.44,12,12,59.30317506130159,0.9166666666666666,0.5,274.0,236.0,319.0,353.0,103.0,82.0,0.0,0.0,29.0,22.0,21.0,21.0,21.0,16.0,0.0,0.0,0.0,0.0,21.0,21.0,0.0,0.0,0.0,0.0
C3_f0.1__lamarckian__s11,C3_f0.1__lamarckian,C3_f0.1,C3,lamarckian,11,900,train,50,2.54,9,9,75.61901416751937,0.8958333333333334,0.5,308.0,208.0,261.0,267.0,47.0,41.0,0.0,0.0,26.0,19.0,12.0,14.0,16.0,13.0,0.0,0.0,0.0,0.0,12.0,14.0,0.0,0.0,0.0,0.0
C3_f0.1__lamarckian__s11,C3_f0.1__lamarckian,C3_f0.1,C3,lamarckian,11,950,train,50,2.46,12,12,62.231211381854855,0.8958333333333334,0.5,379.0,275.0,190.0,252.0,57.0,65.0,0.0,0.0,34.0,11.0,14.0,15.0,15.0,22.0,0.0,0.0,0.0,0.0,14.0,15.0,0.0,0.0,0.0,0.0
C3_f0.1__lamarckian__s11,C3_f0.1__lamarckian,C3_f0.1,C3,lamarckian,11,1000,train,50,2.6,12,12,63.171853882734084,0.875,0.5,331.0,272.0,134.0,149.0,106.0,97.0,0.0,0.0,29.0,22.0,17.0,16.0,17.0,13.0,0.0,0.0,0.0,0.0,17.0,16.0,0.0,0.0,0.0,0.0
C3_f0.1__lamarckian__s11,C3_f0.1__lamarckian,C3_f0.1,C3,lamarckian,11,1050,train,50,2.7,12,12,60.952313910569856,0.9166666666666666,0.5,214.0,181.0,192.0,261.0,138.0,117.0,0.0,0.0,20.0,20.0,24.0,17.0,18.0,13.0,0.0,0.0,0.0,0.0,24.0,17.0,0.0,0.0,0.0,0.0
C3_f0.1__lamarckian__s11,C3_f0.1__lamarckian,C3_f0.1,C3,lamarckian,11,1100,train,50,2.92,15,15,86.19820822687687,0.8958333333333334,0.5,213.0,169.0,249.0,297.0,116.0,97.0,0.0,0.0,12.0,14.0,12.0,26.0,22.0,12.0,0.0,0.0,0.0,0.0,12.0,26.0,0.0,0.0,0.0,0.0
C3_f0.1__lamarckian__s11,C3_f0.1__lamarckian,C3_f0.1,C3,lamarckian,11,1150,train,50,2.98,18,18,91.5623050849295,0.7708333333333334,0.5,411.0,359.0,250.0,308.0,80.0,75.0,0.0,0.0,30.0,17.0,14.0,20.0,17.0,12.0,0.0,0.0,0.0,0.0,14.0,20.0,0.0,0.0,0.0,0.0
C3_f0.1__lamarckian__s11,C3_f0.1__lamarckian,C3_f0.1,C3,lamarckian,11,1200,train,50,3.0,8,8,48.37335384825024,0.9166666666666666,0.5,329.0,233.0,332.0,411.0,119.0,94.0,0.0,0.0,24.0,18.0,21.0,28.0,25.0,15.0,0.0,0.0,0.0,0.0,21.0,28.0,0.0,0.0,0.0,0.0
C3_f0.1__lamarckian__s11,C3_f0.1__lamarckian,C3_f0.1,C3,lamarckian,11,1250,train,50,3.2,15,15,58.65015307379068,0.9166666666666666,0.5,262.0,235.0,179.0,169.0,122.0,87.0,0.0,0.0,34.0,20.0,13.0,13.0,16.0,16.0,0.0,0.0,0.0,0.0,13.0,13.0,0.0,0.0,0.0,0.0
C3_f0.1__lamarckian__s11,C3_f0.1__lamarckian,C3_f0.1,C3,lamarckian,11,1300,train,50,3.38,16,16,44.441092895023786,1.0,0.5,284.0,213.0,129.0,181.0,63.0,41.0,0.0,0.0,28.0,15.0,14.0,18.0,28.0,3.0,0.0,0.0,0.0,0.0,14.0,18.0,0.0,0.0,0.0,0.0
C3_f0.1__lamarckian__s11,C3_f0.1__lamarckian,C3_f0.1,C3,lamarckian,11,1350,train,50,3.56,18,18,41.49075011849512,0.9375,0.5,213.0,170.0,113.0,122.0,65.0,63.0,0.0,0.0,27.0,19.0,17.0,15.0,21.0,16.0,0.0,0.0,0.0,0.0,17.0,15.0,0.0,0.0,0.0,0.0
C3_f0.1__lamarckian__s11,C3_f0.1__lamarckian,C3_f0.1,C3,lamarckian,11,1400,train,50,3.68,17,17,73.08143515787486,0.8958333333333334,0.5,167.0,150.0,181.0,234.0,100.0,65.0,0.0,0.0,20.0,16.0,22.0,16.0,12.0,12.0,0.0,0.0,0.0,0.0,22.0,16.0,0.0,0.0,0.0,0.0
C3_f0.1__lamarckian__s11,C3_f0.1__lamarckian,C3_f0.1,C3,lamarckian,11,1450,train,50,3.8,19,19,47.79901517639687,0.9791666666666666,0.5,235.0,216.0,228.0,258.0,105.0,98.0,0.0,0.0,26.0,17.0,25.0,24.0,21.0,9.0,0.0,0.0,0.0,0.0,25.0,24.0,0.0,0.0,0.0,0.0
C3_f0.1__lamarckian__s11,C3_f0.1__lamarckian,C3_f0.1,C3,lamarckian,11,1500,train,44,4.0,13,19,74.02293882090552,0.9375,0.5,311.0,274.0,194.0,227.0,115.0,81.0,0.0,0.0,24.0,17.0,15.0,16.0,26.0,7.0,0.0,0.0,0.0,0.0,15.0,16.0,0.0,0.0,0.0,0.0
C3_f0.1__lamarckian__s11,C3_f0.1__lamarckian,C3_f0.1,C3,lamarckian,11,1550,eval,27,4.2592592592592595,8,25,134.66608337923384,0.7291666666666666,0.5,221.0,150.0,226.0,254.0,33.0,11.0,39.0,61.0,18.0,6.0,24.0,20.0,11.0,3.0,15.0,11.0,0.0,0.0,24.0,20.0,0.0,0.0,15.0,11.0
C3_f0.1__lamarckian__s11,C3_f0.1__lamarckian,C3_f0.1,C3,lamarckian,11,1600,eval,50,4.72,34,11,115.13815923173682,0.75,0.5,300.0,247.0,360.0,398.0,14.0,7.0,33.0,30.0,26.0,13.0,29.0,29.0,1.0,0.0,2.0,5.0,0.0,0.0,29.0,29.0,0.0,0.0,2.0,5.0
C3_f0.1__lamarckian__s11,C3_f0.1__lamarckian,C3_f0.1,C3,lamarckian,11,1650,eval,50,4.76,10,10,90.86291754008636,0.7916666666666666,0.5,369.0,288.0,191.0,221.0,96.0,104.0,53.0,77.0,24.0,12.0,19.0,17.0,13.0,10.0,5.0,5.0,0.0,0.0,19.0,17.0,0.0,0.0,5.0,5.0
C3_f0.1__lamarckian__s11,C3_f0.1__lamarckian,C3_f0.1,C3,lamarckian,11,1700,eval,50,4.78,10,10,89.34546809024187,0.7916666666666666,0.5,234.0,192.0,328.0,433.0,137.0,117.0,79.0,92.0,29.0,12.0,23.0,24.0,5.0,4.0,3.0,6.0,0.0,0.0,23.0,24.0,0.0,0.0,3.0,6.0
C3_f0.1__lamarckian__s11,C3_f0.1__lamarckian,C3_f0.1,C3,lamarckian,11,1750,eval,50,4.84,12,12,125.10628289222703,0.5625,0.5,349.0,308.0,174.0,226.0,181.0,153.0,98.0,135.0,24.0,17.0,12.0,15.0,9.0,6.0,3.0,9.0,0.0,0.0,12.0,15.0,0.0,0.0,3.0,9.0
C3_f0.1__lamarckian__s11,C3_f0.1__lamarckian,C3_f0.1,C3,lamarckian,11,1800,eval,50,4.86,6,6,126.67969574713162,0.625,0.5,350.0,334.0,316.0,347.0,157.0,124.0,158.0,163.0,24.0,14.0,14.0,13.0,4.0,6.0,3.0,1.0,0.0,0.0,14.0,13.0,0.0,0.0,3.0,1.0
C3_f0.1__lamarckian__s12,C3_f0.1__lamarckian,C3_f0.1,C3,lamarckian,12,50,train,50,0.78,35,5,72.17770043136213,0.8541666666666666,0.5,160.0,101.0,155.0,210.0,23.0,13.0,0.0,0.0,32.0,19.0,17.0,27.0,14.0,8.0,0.0,0.0,0.0,0.0,17.0,27.0,0.0,0.0,0.0,0.0
C3_f0.1__lamarckian__s12,C3_f0.1__lamarckian,C3_f0.1,C3,lamarckian,12,100,train,50,0.82,6,6,46.49027756295315,0.9583333333333334,0.5,170.0,142.0,151.0,199.0,26.0,14.0,0.0,0.0,29.0,26.0,18.0,11.0,14.0,8.0,0.0,0.0,0.0,0.0,18.0,11.0,0.0,0.0,0.0,0.0
C3_f0.1__lamarckian__s12,C3_f0.1__lamarckian,C3_f0.1,C3,lamarckian,12,150,train,45,1.0888888888888888,14,19,78.37776206689676,0.875,0.5,196.0,172.0,131.0,196.0,30.0,25.0,0.0,0.0,31.0,10.0,20.0,20.0,15.0,12.0,0.0,0.0,0.0,0.0,20.0,20.0,0.0,0.0,0.0,0.0
C3_f0.1__lamarckian__s12,C3_f0.1__lamarckian,C3_f0.1,C3,lamarckian,12,200,train,47,1.3617021276595744,16,14,82.40575583801629,0.8125,0.5,208.0,171.0,173.0,222.0,37.0,23.0,0.0,0.0,29.0,16.0,32.0,18.0,12.0,10.0,0.0,0.0,0.0,0.0,32.0,18.0,0.0,0.0,0.0,0.0
C3_f0.1__lamarckian__s12,C3_f0.1__lamarckian,C3_f0.1,C3,lamarckian,12,250,train,44,1.3636363636363635,9,12,125.4228401045214,0.7708333333333334,0.5,188.0,165.0,160.0,194.0,79.0,75.0,0.0,0.0,23.0,17.0,23.0,18.0,15.0,11.0,0.0,0.0,0.0,0.0,23.0,18.0,0.0,0.0,0.0,0.0
C3_f0.1__lamarckian__s12,C3_f0.1__lamarckian,C3_f0.1,C3,lamarckian,12,300,train,50,1.54,21,15,64.82190677640989,0.9166666666666666,0.5,195.0,199.0,198.0,235.0,111.0,95.0,0.0,0.0,29.0,19.0,23.0,24.0,15.0,9.0,0.0,0.0,0.0,0.0,23.0,24.0,0.0,0.0,0.0,0.0
C3_f0.1__lamarckian__s12,C3_f0.1__lamarckian,C3_f0.1,C3,lamarckian,12,350,train,50,1.42,13,13,72.85353035903059,0.875,0.5,336.0,269.0,231.0,305.0,67.0,69.0,0.0,0.0,23.0,21.0,22.0,25.0,19.0,14.0,0.0,0.0,0.0,0.0,22.0,25.0,0.0,0.0,0.0,0.0
C3_f0.1__lamarckian__s12,C3_f0.1__lamarckian,C3_f0.1,C3,lamarckian,12,400,train,50,1.44,12,12,124.82255321137558,0.5833333333333334,0.5,317.0,283.0,266.0,336.0,73.0,61.0,0.0,0.0,15.0,13.0,22.0,21.0,11.0,7.0,0.0,0.0,0.0,0.0,22.0,21.0,0.0,0.0,0.0,0.0
C3_f0.1__lamarckian__s12,C3_f0.1__lamarckian,C3_f0.1,C3,lamarckian,12,450,train,50,1.34,6,6,106.01550985951623,0.7083333333333334,0.5,385.0,306.0,308.0,385.0,112.0,115.0,0.0,0.0,20.0,16.0,14.0,16.0,12.0,13.0,0.0,0.0,0.0,0.0,14.0,16.0,0.0,0.0,0.0,0.0
C3_f0.1__lamarckian__s12,C3_f0.1__lamarckian,C3_f0.1,C3,lamarckian,12,500,train,50,1.66,12,12,94.13850774097037,0.6458333333333334,0.5,374.0,294.0,284.0,368.0,86.0,90.0,0.0,0.0,24.0,14.0,11.0,15.0,8.0,10.0,0.0,0.0,0.0,0.0,11.0,15.0,0.0,0.0,0.0,0.0
C3_f0.1__lamarckian__s12,C3_f0.1__lamarckian,C3_f0.1,C3,lamarckian,12,550,train,50,2.08,14,14,82.78464455689837,0.7916666666666666,0.5,367.0,257.0,289.0,309.0,50.0,48.0,0.0,0.0,18.0,16.0,19.0,23.0,14.0,16.0,0.0,0.0,0.0,0.0,19.0,23.0,0.0,0.0,0.0,0.0
C3_f0.1__lamarckian__s12,C3_f0.1__lamarckian,C3_f0.1,C3,lamarckian,12,600,train,50,2.08,1,1,89.47522030870836,0.7291666666666666,0.5,532.0,420.0,215.0,269.0,52.0,43.0,0.0,0.0,30.0,22.0,15.0,13.0,7.0,11.0,0.0,0.0,0.0,0.0,15.0,13.0,0.0,0.0,0.0,0.0
C3_f0.1__lamarckian__s12,C3_f0.1__lamarckian,C3_f0.1,C3,lamarckian,12,650,train,50,2.18,6,6,93.92085360004525,0.7916666666666666,0.5,288.0,259.0,299.0,371.0,73.0,45.0,0.0,0.0,19.0,17.0,11.0,26.0,11.0,11.0,0.0,0.0,0.0,0.0,11.0,26.0,0.0,0.0,0.0,0.0
C3_f0.1__lamarckian__s12,C3_f0.1__lamarckian,C3_f0.1,C3,lamarckian,12,700,train,50,2.22,7,7,105.92660510153189,0.7708333333333334,0.5,395.0,317.0,244.0,340.0,80.0,64.0,0.0,0.0,19.0,10.0,13.0,27.0,10.0,20.0,0.0,0.0,0.0,0.0,13.0,27.0,0.0,0.0,0.0,0.0
C3_f0.1__lamarckian__s12,C3_f0.1__lamarckian,C3_f0.1,C3,lamarckian,12,750,train,50,2.38,6,6,76.21264442702049,0.8958333333333334,0.5,335.0,254.0,311.0,374.0,65.0,38.0,0.0,0.0,32.0,16.0,22.0,30.0,16.0,11.0,0.0,0.0,0.0,0.0,22.0,30.0,0.0,0.0,0.0,0.0
C3_f0.1__lamarckian__s12,C3_f0.1__lamarckian,C3_f0.1,C3,lamarckian,12,800,train,50,2.38,10,10,96.14377618234836,0.75,0.5,447.0,346.0,194.0,250.0,113.0,95.0,0.0,0.0,23.0,17.0,12.0,19.0,10.0,24.0,0.0,0.0,0.0,0.0,12.0,19.0,0.0,0.0,0.0,0.0
C3_f0.1__lamarckian__s12,C3_f0.1__lamarckian,C3_f0.1,C3,lamarckian,12,850,train,50,2.56,11,11,74.11031030957389,0.8333333333333334,0.5,377.0,310.0,304.0,335.0,67.0,47.0,0.0,0.0,30.0,19.0,19.0,22.0,20.0,11.0,0.0,0.0,0.0,0.0,19.0,22.0,0.0,0.0,0.0,0.0
C3_f0.1__lamarckian__s12,C3_f0.1__lamarckian,C3_f0.1,C3,lamarckian,12,900,train,50,2.62,13,13,87.54198168984877,0.8958333333333334,0.5,253.0,214.0,173.0,260.0,99.0,71.0,0.0,0.0,20.0,20.0,17.0,20.0,15.0,9.0,0.0,0.0,0.0,0.0,17.0,20.0,0.0,0.0,0.0,0.0
C3_f0.1__lamarckian__s12,C3_f0.1__lamarckian,C3_f0.1,C3,lamarckian,12,950,train,50,2.74,9,9,116.08044388482115,0.7708333333333334,0.5,225.0,209.0,368.0,397.0,94.0,89.0,0.0,0.0,14.0,13.0,27.0,28.0,12.0,13.0,0.0,0.0,0.0,0.0,27.0,28.0,0.0,0.0,0.0,0.0
C3_f0.1__lamarckian__s12,C3_f0.1__lamarckian,C3_f0.1,C3,lamarckian,12,1000,train,50,3.08,11,11,126.30274561085406,0.625,0.5,389.0,304.0,345.0,439.0,102.0,94.0,0.0,0.0,19.0,19.0,11.0,28.0,18.0,4.0,0.0,0.0,0.0,0.0,11.0,28.0,0.0,0.0,0.0,0.0
C3_f0.1__lamarckian__s12,C3_f0.1__lamarckian,C3_f0.1,C3,lamarckian,12,1050,train,50,3.22,6,6,138.37768857976897,0.4791666666666667,0.5,308.0,286.0,427.0,497.0,118.0,98.0,0.0,0.0,4.0,17.0,9.0,22.0,20.0,14.0,0.0,0.0,0.0,0.0,9.0,22.0,0.0,0.0,0.0,0.0
C3_f0.1__lamarckian__s12,C3_f0.1__lamarckian,C3_f0.1,C3,lamarckian,12,1100,train,50,3.4,4,4,97.68805306440456,0.7291666666666666,0.5,412.0,328.0,402.0,494.0,105.0,84.0,0.0,0.0,18.0,18.0,19.0,27.0,20.0,9.0,0.0,0.0,0.0,0.0,19.0,27.0,0.0,0.0,0.0,0.0
C3_f0.1__lamarckian__s12,C3_f0.1__lamarckian,C3_f0.1,C3,lamarckian,12,1150,train,50,3.24,8,8,154.90774305876835,0.5416666666666666,0.5,467.0,381.0,344.0,427.0,50.0,63.0,0.0,0.0,15.0,10.0,14.0,19.0,15.0,15.0,0.0,0.0,0.0,0.0,14.0,19.0,0.0,0.0,0.0,0.0
C3_f0.1__lamarckian__s12,C3_f0.1__lamarckian,C3_f0.1,C3,lamarckian,12,1200,train,50,3.32,4,4,128.9333774571867,0.6666666666666666,0.5,489.0,371.0,401.0,494.0,20.0,29.0,0.0,0.0,35.0,20.0,25.0,22.0,3.0,11.0,0.0,0.0,0.0,0.0,25.0,22.0,0.0,0.0,0.0,0.0
C3_f0.1__lamarckian__s12,C3_f0.1__lamarckian,C3_f0.1,C3,lamarckian,12,1250,train,50,3.32,2,2,83.17971621482141,0.8958333333333334,0.5,382.0,332.0,321.0,412.0,66.0,36.0,0.0,0.0,27.0,16.0,20.0,18.0,11.0,9.0,0.0,0.0,0.0,0.0,20.0,18.0,0.0,0.0,0.0,0.0
C3_f0.1__lamarckian__s12,C3_f0.1__lamarckian,C3_f0.1,C3,lamarckian,12,1300,train,50,3.42,10,10,92.44242905392528,0.7916666666666666,0.5,307.0,287.0,249.0,295.0,98.0,80.0,0.0,0.0,28.0,15.0,18.0,16.0,17.0,14.0,0.0,0.0,0.0,0.0,18.0,16.0,0.0,0.0,0.0,0.0
C3_f0.1__lamarckian__s12,C3_f0.1__lamarckian,C3_f0.1,C3,lamarckian,12,1350,train,50,3.5,10,10,95.08090020332695,0.7291666666666666,0.5,380.0,284.0,283.0,304.0,72.0,55.0,0.0,0.0,25.0,13.0,24.0,17.0,17.0,9.0,0.0,0.0,0.0,0.0,24.0,17.0,0.0,0.0,0.0,0.0
C3_f0.1__lamarckian__s12,C3_f0.1__lamarckian,C3_f0.1,C3,lamarckian,12,1400,train,50,3.52,12,12,83.84474701148731,0.875,0.5,352.0,255.0,270.0,322.0,121.0,79.0,0.0,0.0,25.0,21.0,23.0,17.0,21.0,4.0,0.0,0.0,0.0,0.0,23.0,17.0,0.0,0.0,0.0,0.0
C3_f0.1__lamarckian__s12,C3_f0.1__lamarckian,C3_f0.1,C3,lamarckian,12,1450,train,50,3.66,17,17,126.141581915099,0.6458333333333334,0.5,277.0,214.0,364.0,449.0,109.0,71.0,0.0,0.0,12.0,9.0,16.0,33.0,14.0,7.0,0.0,0.0,0.0,0.0,16.0,33.0,0.0,0.0,0.0,0.0
C3_f0.1__lamarckian__s12,C3_f0.1__lamarckian,C3_f0.1,C3,lamarckian,12,1500,train,50,4.12,15,15,77.57471861197168,0.8541666666666666,0.5,428.0,381.0,246.0,333.0,125.0,85.0,0.0,0.0,21.0,22.0,17.0,24.0,14.0,18.0,0.0,0.0,0.0,0.0,17.0,24.0,0.0,0.0,0.0,0.0
C3_f0.1__lamarckian__s12,C3_f0.1__lamarckian,C3_f0.1,C3,lamarckian,12,1550,eval,50,4.18,16,16,87.81230898712765,0.8541666666666666,0.5,316.0,265.0,295.0,344.0,140.0,101.0,25.0,34.0,21.0,14.0,25.0,24.0,11.0,5.0,3.0,2.0,0.0,0.0,25.0,24.0,0.0,0.0,3.0,2.0
C3_f0.1__lamarckian__s12,C3_f0.1__lamarckian,C3_f0.1,C3,lamarckian,12,1600,eval,50,4.2,16,16,89.19797487244278,0.7916666666666666,0.5,328.0,242.0,295.0,305.0,65.0,66.0,125.0,145.0,28.0,15.0,16.0,21.0,5.0,5.0,9.0,4.0,0.0,0.0,16.0,21.0,0.0,0.0,9.0,4.0
C3_f0.1__lamarckian__s12,C3_f0.1__lamarckian,C3_f0.1,C3,lamarckian,12,1650,eval,50,4.2,16,16,120.89662381175405,0.6666666666666666,0.5,405.0,354.0,304.0,341.0,109.0,93.0,87.0,97.0,23.0,19.0,15.0,18.0,4.0,7.0,5.0,6.0,0.0,0.0,15.0,18.0,0.0,0.0,5.0,6.0
C3_f0.1__lamarckian__s12,C3_f0.1__lamarckian,C3_f0.1,C3,lamarckian,12,1700,eval,50,4.3,7,7,149.126203145947,0.5416666666666666,0.5,425.0,369.0,287.0,343.0,114.0,99.0,73.0,98.0,25.0,21.0,13.0,19.0,3.0,1.0,3.0,7.0,0.0,0.0,13.0,19.0,0.0,0.0,3.0,7.0
C3_f0.1__lamarckian__s12,C3_f0.1__lamarckian,C3_f0.1,C3,lamarckian,12,1750,eval,50,4.34,4,4,160.25721671121858,0.4791666666666667,0.5,423.0,377.0,350.0,441.0,96.0,72.0,108.0,123.0,19.0,14.0,10.0,19.0,6.0,4.0,5.0,3.0,0.0,0.0,10.0,19.0,0.0,0.0,5.0,3.0
C3_f0.1__lamarckian__s12,C3_f0.1__lamarckian,C3_f0.1,C3,lamarckian,12,1800,eval,50,4.38,4,4,134.72383490025294,0.625,0.5,462.0,307.0,264.0,341.0,111.0,90.0,121.0,160.0,34.0,14.0,13.0,13.0,5.0,7.0,9.0,6.0,0.0,0.0,13.0,13.0,0.0,0.0,9.0,6.0
C3_f0.1__lamarckian__s13,C3_f0.1__lamarckian,C3_f0.1,C3,lamarckian,13,50,train,50,0.86,34,4,96.48989237898164,0.8125,0.5,145.0,106.0,148.0,200.0,23.0,23.0,0.0,0.0,16.0,27.0,21.0,16.0,13.0,8.0,0.0,0.0,0.0,0.0,21.0,16.0,0.0,0.0,0.0,0.0
C3_f0.1__lamarckian__s13,C3_f0.1__lamarckian,C3_f0.1,C3,lamarckian,13,100,train,50,0.86,8,8,94.02283811603925,0.75,0.5,223.0,175.0,184.0,229.0,61.0,38.0,0.0,0.0,19.0,18.0,16.0,16.0,11.0,4.0,0.0,0.0,0.0,0.0,16.0,16.0,0.0,0.0,0.0,0.0
C3_f0.1__lamarckian__s13,C3_f0.1__lamarckian,C3_f0.1,C3,lamarckian,13,150,train,50,0.92,16,16,52.76454837131781,0.9583333333333334,0.5,303.0,234.0,281.0,328.0,29.0,25.0,0.0,0.0,37.0,22.0,29.0,22.0,8.0,8.0,0.0,0.0,0.0,0.0,29.0,22.0,0.0,0.0,0.0,0.0
C3_f0.1__lamarckian__s13,C3_f0.1__lamarckian,C3_f0.1,C3,lamarckian,13,200,train,50,1.04,16,16,89.79186569998186,0.8333333333333334,0.5,275.0,264.0,193.0,235.0,16.0,21.0,0.0,0.0,25.0,21.0,20.0,28.0,9.0,7.0,0.0,0.0,0.0,0.0,20.0,28.0,0.0,0.0,0.0,0.0
C3_f0.1__lamarckian__s13,C3_f0.1__lamarckian,C3_f0.1,C3,lamarckian,13,250,train,50,0.98,19,19,74.25911560120446,0.875,0.5,369.0,350.0,294.0,373.0,45.0,40.0,0.0,0.0,28.0,16.0,29.0,20.0,15.0,13.0,0.0,0.0,0.0,0.0,29.0,20.0,0.0,0.0,0.0,0.0
C3_f0.1__lamarckian__s13,C3_f0.1__lamarckian,C3_f0.1,C3,lamarckian,13,300,train,50,0.98,14,14,68.85426261890592,0.8958333333333334,0.5,275.0,248.0,284.0,326.0,24.0,20.0,0.0,0.0,21.0,32.0,27.0,17.0,7.0,7.0,0.0,0.0,0.0,0.0,27.0,17.0,0.0,0.0,0.0,0.0
C3_f0.1__lamarckian__s13,C3_f0.1__lamarckian,C3_f0.1,C3,lamarckian,13,350,train,50,1.08,15,15,82.48419437541229,0.8125,0.5,350.0,230.0,206.0,251.0,61.0,57.0,0.0,0.0,29.0,12.0,14.0,17.0,9.0,11.0,0.0,0.0,0.0,0.0,14.0,17.0,0.0,0.0,0.0,0.0
C3_f0.1__lamarckian__s13,C3_f0.1__lamarckian,C3_f0.1,C3,lamarckian,13,400,train,50,1.12,14,14,117.47358011203067,0.6458333333333334,0.5,327.0,296.0,333.0,459.0,80.0,53.0,0.0,0.0,18.0,16.0,12.0,20.0,10.0,6.0,0.0,0.0,0.0,0.0,12.0,20.0,0.0,0.0,0.0,0.0
C3_f0.1__lamarckian__s13,C3_f0.1__lamarckian,C3_f0.1,C3,lamarckian,13,450,train,50,1.08,8,8,118.2553582892352,0.6875,0.5,445.0,358.0,328.0,382.0,34.0,28.0,0.0,0.0,18.0,27.0,17.0,21.0,3.0,3.0,0.0,0.0,0.0,0.0,17.0,21.0,0.0,0.0,0.0,0.0
C3_f0.1__lamarckian__s13,C3_f0.1__lamarckian,C3_f0.1,C3,lamarckian,13,500,train,49,1.3673469387755102,20,21,73.71047961633053,0.9375,0.5,365.0,338.0,369.0,389.0,61.0,53.0,0.0,0.0,23.0,21.0,24.0,27.0,11.0,4.0,0.0,0.0,0.0,0.0,24.0,27.0,0.0,0.0,0.0,0.0
C3_f0.1__lamarckian__s13,C3_f0.1__lamarckian,C3_f0.1,C3,lamarckian,13,550,train,50,1.76,10,9,98.36605282197003,0.75,0.5,282.0,251.0,258.0,238.0,109.0,98.0,0.0,0.0,17.0,21.0,13.0,19.0,14.0,11.0,0.0,0.0,0.0,0.0,13.0,19.0,0.0,0.0,0.0,0.0
C3_f0.1__lamarckian__s13,C3_f0.1__lamarckian,C3_f0.1,C3,lamarckian,13,600,train,50,1.76,11,11,112.71221846014772,0.7291666666666666,0.5,287.0,258.0,318.0,384.0,106.0,79.0,0.0,0.0,21.0,15.0,21.0,25.0,13.0,6.0,0.0,0.0,0.0,0.0,21.0,25.0,0.0,0.0,0.0,0.0
C3_f0.1__lamarckian__s13,C3_f0.1__lamarckian,C3_f0.1,C3,lamarckian,13,650,train,50,1.72,10,10,92.30109253669983,0.75,0.5,372.0,317.0,307.0,355.0,91.0,68.0,0.0,0.0,29.0,14.0,25.0,17.0,9.0,6.0,0.0,0.0,0.0,0.0,25.0,17.0,0.0,0.0,0.0,0.0
C3_f0.1__lamarckian__s13,C3_f0.1__lamarckian,C3_f0.1,C3,lamarckian,13,700,train,50,1.66,14,14,95.97031555453805,0.625,0.5,414.0,353.0,317.0,381.0,42.0,34.0,0.0,0.0,27.0,14.0,23.0,20.0,7.0,4.0,0.0,0.0,0.0,0.0,23.0,20.0,0.0,0.0,0.0,0.0
C3_f0.1__lamarckian__s13,C3_f0.1__lamarckian,C3_f0.1,C3,lamarckian,13,750,train,50,1.74,15,15,74.77222022796872,0.8125,0.5,470.0,359.0,240.0,336.0,46.0,44.0,0.0,0.0,37.0,27.0,13.0,17.0,14.0,3.0,0.0,0.0,0.0,0.0,13.0,17.0,0.0,0.0,0.0,0.0
C3_f0.1__lamarckian__s13,C3_f0.1__lamarckian,C3_f0.1,C3,lamarckian,13,800,train,50,1.84,14,14,61.95754130995487,0.875,0.5,346.0,297.0,213.0,265.0,47.0,50.0,0.0,0.0,31.0,30.0,20.0,18.0,10.0,11.0,0.0,0.0,0.0,0.0,20.0,18.0,0.0,0.0,0.0,0.0
C3_f0.1__lamarckian__s13,C3_f0.1__lamarckian,C3_f0.1,C3,lamarckian,13,850,train,50,1.98,12,12,74.14077369532595,0.8125,0.5,345.0,261.0,277.0,377.0,58.0,52.0,0.0,0.0,30.0,21.0,16.0,19.0,12.0,6.0,0.0,0.0,0.0,0.0,16.0,19.0,0.0,0.0,0.0,0.0
C3_f0.1__lamarckian__s13,C3_f0.1__lamarckian,C3_f0.1,C3,lamarckian,13,900,train,50,2.02,14,14,78.2444599611446,0.8333333333333334,0.5,258.0,195.0,258.0,311.0,49.0,39.0,0.0,0.0,25.0,15.0,18.0,24.0,14.0,7.0,0.0,0.0,0.0,0.0,18.0,24.0,0.0,0.0,0.0,0.0
C3_f0.1__lamarckian__s13,C3_f0.1__lamarckian,C3_f0.1,C3,lamarckian,13,950,train,50,2.04,17,17,74.47821318451916,0.875,0.5,332.0,274.0,309.0,384.0,38.0,29.0,0.0,0.0,20.0,20.0,20.0,27.0,13.0,9.0,0.0,0.0,0.0,0.0,20.0,27.0,0.0,0.0,0.0,0.0
C3_f0.1__lamarckian__s13,C3_f0.1__lamarckian,C3_f0.1,C3,lamarckian,13,1000,train,50,2.44,20,20,68.77321305924625,0.8958333333333334,0.5,332.0,266.0,309.0,410.0,36.0,40.0,0.0,0.0,25.0,22.0,21.0,29.0,6.0,14.0,0.0,0.0,0.0,0.0,21.0,29.0,0.0,0.0,0.0,0.0
C3_f0.1__lamarckian__s13,C3_f0.1__lamarckian,C3_f0.1,C3,lamarckian,13,1050,train,50,2.64,16,16,83.63360609301654,0.8333333333333334,0.5,295.0,247.0,233.0,259.0,24.0,18.0,0.0,0.0,33.0,19.0,18.0,27.0,6.0,10.0,0.0,0.0,0.0,0.0,18.0,27.0,0.0,0.0,0.0,0.0
C3_f0.1__lamarckian__s13,C3_f0.1__lamarckian,C3_f0.1,C3,lamarckian,13,1100,train,50,2.68,22,22,87.4488921675179,0.8333333333333334,0.5,310.0,266.0,241.0,307.0,23.0,18.0,0.0,0.0,20.0,22.0,27.0,31.0,8.0,7.0,0.0,0.0,0.0,0.0,27.0,31.0,0.0,0.0,0.0,0.0
C3_f0.1__lamarckian__s13,C3_f0.1__lamarckian,C3_f0.1,C3,lamarckian,13,1150,train,50,2.76,16,16,81.19387487038107,0.8125,0.5,348.0,301.0,250.0,292.0,56.0,44.0,0.0,0.0,22.0,17.0,19.0,25.0,11.0,10.0,0.0,0.0,0.0,0.0,19.0,25.0,0.0,0.0,0.0,0.0
C3_f0.1__lamarckian__s13,C3_f0.1__lamarckian,C3_f0.1,C3,lamarckian,13,1200,train,50,2.8,9,9,73.67218481181166,0.875,0.5,414.0,281.0,332.0,429.0,30.0,19.0,0.0,0.0,39.0,14.0,14.0,23.0,15.0,7.0,0.0,0.0,0.0,0.0,14.0,23.0,0.0,0.0,0.0,0.0
C3_f0.1__lamarckian__s13,C3_f0.1__lamarckian,C3_f0.1,C3,lamarckian,13,1250,train,50,2.96,17,17,85.02728146842966,0.7708333333333334,0.5,381.0,320.0,269.0,315.0,44.0,35.0,0.0,0.0,34.0,18.0,18.0,19.0,13.0,4.0,0.0,0.0,0.0,0.0,18.0,19.0,0.0,0.0,0.0,0.0
C3_f0.1__lamarckian__s13,C3_f0.1__lamarckian,C3_f0.1,C3,lamarckian,13,1300,train,50,3.14,14,14,71.4737610998018,0.8958333333333334,0.5,353.0,241.0,259.0,307.0,34.0,29.0,0.0,0.0,31.0,24.0,14.0,22.0,8.0,9.0,0.0,0.0,0.0,0.0,14.0,22.0,0.0,0.0,0.0,0.0
C3_f0.1__lamarckian__s13,C3_f0.1__lamarckian,C3_f0.1,C3,lamarckian,13,1350,train,50,3.1,16,16,74.72186907557258,0.875,0.5,295.0,244.0,241.0,294.0,18.0,16.0,0.0,0.0,28.0,34.0,16.0,21.0,6.0,11.0,0.0,0.0,0.0,0.0,16.0,21.0,0.0,0.0,0.0,0.0
C3_f0.1__lamarckian__s13,C3_f0.1__lamarckian,C3_f0.1,C3,lamarckian,13,1400,train,50,3.08,6,6,62.866895723846184,0.9375,0.5,307.0,259.0,296.0,357.0,44.0,51.0,0.0,0.0,38.0,15.0,22.0,18.0,11.0,11.0,0.0,0.0,0.0,0.0,22.0,18.0,0.0,0.0,0.0,0.0
C3_f0.1__lamarckian__s13,C3_f0.1__lamarckian,C3_f0.1,C3,lamarckian,13,1450,train,50,3.24,21,21,56.69177091639471,0.9583333333333334,0.5,328.0,242.0,250.0,340.0,43.0,37.0,0.0,0.0,36.0,22.0,27.0,17.0,12.0,10.0,0.0,0.0,0.0,0.0,27.0,17.0,0.0,0.0,0.0,0.0
C3_f0.1__lamarckian__s13,C3_f0.1__lamarckian,C3_f0.1,C3,lamarckian,13,1500,train,50,3.44,14,14,72.12325628180074,0.8333333333333334,0.5,319.0,219.0,261.0,270.0,23.0,23.0,0.0,0.0,31.0,28.0,23.0,21.0,4.0,7.0,0.0,0.0,0.0,0.0,23.0,21.0,0.0,0.0,0.0,0.0
C3_f0.1__lamarckian__s13,C3_f0.1__lamarckian,C3_f0.1,C3,lamarckian,13,1550,eval,50,3.66,22,22,40.576232236136406,1.0,0.5,278.0,236.0,195.0,239.0,20.0,17.0,17.0,28.0,29.0,22.0,26.0,17.0,5.0,3.0,6.0,5.0,0.0,0.0,26.0,17.0,0.0,0.0,6.0,5.0
C3_f0.1__lamarckian__s13,C3_f0.1__lamarckian,C3_f0.1,C3,lamarckian,13,1600,eval,50,3.86,20,20,65.85269565037589,0.8333333333333334,0.5,272.0,228.0,209.0,230.0,59.0,41.0,33.0,41.0,28.0,23.0,16.0,11.0,5.0,6.0,3.0,4.0,0.0,0.0,16.0,11.0,0.0,0.0,3.0,4.0
C3_f0.1__lamarckian__s13,C3_f0.1__lamarckian,C3_f0.1,C3,lamarckian,13,1650,eval,44,4.045454545454546,14,20,85.766203096283,0.875,0.5,280.0,235.0,356.0,415.0,30.0,24.0,5.0,8.0,22.0,26.0,26.0,28.0,4.0,2.0,1.0,3.0,0.0,0.0,26.0,28.0,0.0,0.0,1.0,3.0
C3_f0.1__lamarckian__s13,C3_f0.1__lamarckian,C3_f0.1,C3,lamarckian,13,1700,eval,47,4.212765957446808,23,20,127.66075804979643,0.6666666666666666,0.5,396.0,343.0,304.0,368.0,13.0,20.0,24.0,20.0,25.0,17.0,25.0,15.0,6.0,6.0,6.0,4.0,0.0,0.0,25.0,15.0,0.0,0.0,6.0,4.0
C3_f0.1__lamarckian__s13,C3_f0.1__lamarckian,C3_f0.1,C3,lamarckian,13,1750,eval,50,4.28,13,10,92.69750331645308,0.8125,0.5,467.0,417.0,340.0,446.0,11.0,4.0,14.0,16.0,30.0,31.0,12.0,27.0,3.0,4.0,7.0,6.0,0.0,0.0,12.0,27.0,0.0,0.0,7.0,6.0
C3_f0.1__lamarckian__s13,C3_f0.1__lamarckian,C3_f0.1,C3,lamarckian,13,1800,eval,50,4.32,5,5,139.86894397134068,0.5,0.5,633.0,469.0,362.0,438.0,49.0,34.0,6.0,5.0,26.0,20.0,12.0,12.0,13.0,3.0,1.0,2.0,0.0,0.0,12.0,12.0,0.0,0.0,1.0,2.0
C3_f0.1__lamarckian__s14,C3_f0.1__lamarckian,C3_f0.1,C3,lamarckian,14,50,train,50,0.68,30,0,79.88929045527664,0.875,0.5,168.0,141.0,104.0,141.0,80.0,74.0,0.0,0.0,24.0,17.0,12.0,24.0,15.0,15.0,0.0,0.0,0.0,0.0,12.0,24.0,0.0,0.0,0.0,0.0
C3_f0.1__lamarckian__s14,C3_f0.1__lamarckian,C3_f0.1,C3,lamarckian,14,100,train,50,0.74,5,5,67.05572373231084,0.9375,0.5,178.0,128.0,172.0,181.0,76.0,63.0,0.0,0.0,21.0,9.0,16.0,20.0,15.0,15.0,0.0,0.0,0.0,0.0,16.0,20.0,0.0,0.0,0.0,0.0
C3_f0.1__lamarckian__s14,C3_f0.1__lamarckian,C3_f0.1,C3,lamarckian,14,150,train,50,0.78,12,12,89.39539266032503,0.7916666666666666,0.5,291.0,281.0,208.0,281.0,74.0,65.0,0.0,0.0,16.0,21.0,17.0,17.0,14.0,17.0,0.0,0.0,0.0,0.0,17.0,17.0,0.0,0.0,0.0,0.0
C3_f0.1__lamarckian__s14,C3_f0.1__lamarckian,C3_f0.1,C3,lamarckian,14,200,train,50,0.84,12,12,74.32342439278214,0.9166666666666666,0.5,289.0,226.0,218.0,262.0,76.0,57.0,0.0,0.0,19.0,16.0,26.0,11.0,23.0,16.0,0.0,0.0,0.0,0.0,26.0,11.0,0.0,0.0,0.0,0.0
C3_f0.1__lamarckian__s14,C3_f0.1__lamarckian,C3_f0.1,C3,lamarckian,14,250,train,50,0.86,9,9,78.88449474609759,0.7916666666666666,0.5,300.0,240.0,231.0,281.0,71.0,53.0,0.0,0.0,26.0,19.0,19.0,14.0,13.0,23.0,0.0,0.0,0.0,0.0,19.0,14.0,0.0,0.0,0.0,0.0
C3_f0.1__lamarckian__s14,C3_f0.1__lamarckian,C3_f0.1,C3,lamarckian,14,300,train,50,0.9,12,12,128.60550646872503,0.6666666666666666,0.5,295.0,247.0,262.0,315.0,60.0,63.0,0.0,0.0,15.0,18.0,16.0,14.0,12.0,13.0,0.0,0.0,0.0,0.0,16.0,14.0,0.0,0.0,0.0,0.0
C3_f0.1__lamarckian__s14,C3_f0.1__lamarckian,C3_f0.1,C3,lamarckian,14,350,train,50,0.9,7,7,106.2215510901703,0.7083333333333334,0.5,335.0,299.0,324.0,388.0,118.0,85.0,0.0,0.0,17.0,12.0,13.0,23.0,26.0,10.0,0.0,0.0,0.0,0.0,13.0,23.0,0.0,0.0,0.0,0.0
C3_f0.1__lamarckian__s14,C3_f0.1__lamarckian,C3_f0.1,C3,lamarckian,14,400,train,50,0.9,1,1,106.4101436929256,0.6458333333333334,0.5,299.0,286.0,372.0,411.0,94.0,72.0,0.0,0.0,14.0,14.0,13.0,19.0,17.0,5.0,0.0,0.0,0.0,0.0,13.0,19.0,0.0,0.0,0.0,0.0
C3_f0.1__lamarckian__s14,C3_f0.1__lamarckian,C3_f0.1,C3,lamarckian,14,450,train,50,0.9,3,3,111.51258823082118,0.7916666666666666,0.5,389.0,315.0,371.0,464.0,52.0,53.0,0.0,0.0,16.0,12.0,25.0,16.0,13.0,7.0,0.0,0.0,0.0,0.0,25.0,16.0,0.0,0.0,0.0,0.0
C3_f0.1__lamarckian__s14,C3_f0.1__lamarckian,C3_f0.1,C3,lamarckian,14,500,train,46,1.2173913043478262,6,10,120.82309227930268,0.6041666666666666,0.5,402.0,318.0,278.0,344.0,61.0,58.0,0.0,0.0,21.0,12.0,9.0,18.0,14.0,15.0,0.0,0.0,0.0,0.0,9.0,18.0,0.0,0.0,0.0,0.0
C3_f0.1__lamarckian__s14,C3_f0.1__lamarckian,C3_f0.1,C3,lamarckian,14,550,train,50,1.6,22,18,64.5612213690265,0.8541666666666666,0.5,291.0,244.0,257.0,315.0,97.0,71.0,0.0,0.0,26.0,15.0,16.0,17.0,20.0,10.0,0.0,0.0,0.0,0.0,16.0,17.0,0.0,0.0,0.0,0.0
C3_f0.1__lamarckian__s14,C3_f0.1__lamarckian,C3_f0.1,C3,lamarckian,14,600,train,50,1.58,10,10,81.96923633135066,0.75,0.5,187.0,162.0,200.0,254.0,57.0,48.0,0.0,0.0,17.0,13.0,21.0,16.0,14.0,9.0,0.0,0.0,0.0,0.0,21.0,16.0,0.0,0.0,0.0,0.0
C3_f0.1__lamarckian__s14,C3_f0.1__lamarckian,C3_f0.1,C3,lamarckian,14,650,train,50,1.68,16,16,134.42325656211085,0.625,0.5,312.0,245.0,318.0,452.0,54.0,36.0,0.0,0.0,20.0,13.0,22.0,22.0,11.0,6.0,0.0,0.0,0.0,0.0,22.0,22.0,0.0,0.0,0.0,0.0
C3_f0.1__lamarckian__s14,C3_f0.1__lamarckian,C3_f0.1,C3,lamarckian,14,700,train,50,1.72,11,11,147.9795819305697,0.5625,0.5,358.0,289.0,347.0,415.0,48.0,47.0,0.0,0.0,23.0,11.0,16.0,20.0,13.0,5.0,0.0,0.0,0.0,0.0,16.0,20.0,0.0,0.0,0.0,0.0
C3_f0.1__lamarckian__s14,C3_f0.1__lamarckian,C3_f0.1,C3,lamarckian,14,750,train,50,1.76,8,8,115.04316891300545,0.75,0.5,285.0,213.0,381.0,442.0,113.0,106.0,0.0,0.0,17.0,9.0,19.0,18.0,19.0,19.0,0.0,0.0,0.0,0.0,19.0,18.0,0.0,0.0,0.0,0.0
C3_f0.1__lamarckian__s14,C3_f0.1__lamarckian,C3_f0.1,C3,lamarckian,14,800,train,50,1.86,6,6,150.4368062743422,0.6041666666666666,0.5,300.0,246.0,183.0,216.0,68.0,42.0,0.0,0.0,16.0,20.0,10.0,18.0,18.0,10.0,0.0,0.0,0.0,0.0,10.0,18.0,0.0,0.0,0.0,0.0
C3_f0.1__lamarckian__s14,C3_f0.1__lamarckian,C3_f0.1,C3,lamarckian,14,850,train,50,2.02,9,9,76.13597940158542,0.8333333333333334,0.5,297.0,242.0,280.0,334.0,55.0,50.0,0.0,0.0,25.0,21.0,13.0,20.0,17.0,14.0,0.0,0.0,0.0,0.0,13.0,20.0,0.0,0.0,0.0,0.0
C3_f0.1__lamarckian__s14,C3_f0.1__lamarckian,C3_f0.1,C3,lamarckian,14,900,train,50,2.0,3,3,129.98194347009348,0.6458333333333334,0.5,317.0,254.0,318.0,355.0,95.0,80.0,0.0,0.0,11.0,13.0,20.0,15.0,15.0,13.0,0.0,0.0,0.0,0.0,20.0,15.0,0.0,0.0,0.0,0.0
C3_f0.1__lamarckian__s14,C3_f0.1__lamarckian,C3_f0.1,C3,lamarckian,14,950,train,50,2.12,7,7,53.17121771952703,0.9166666666666666,0.5,367.0,292.0,278.0,308.0,119.0,80.0,0.0,0.0,29.0,12.0,28.0,19.0,14.0,8.0,0.0,0.0,0.0,0.0,28.0,19.0,0.0,0.0,0.0,0.0
C3_f0.1__lamarckian__s14,C3_f0.1__lamarckian,C3_f0.1,C3,lamarckian,14,1000,train,50,2.26,7,7,91.61716298819991,0.8541666666666666,0.5,297.0,235.0,306.0,381.0,73.0,63.0,0.0,0.0,17.0,11.0,17.0,21.0,17.0,8.0,0.0,0.0,0.0,0.0,17.0,21.0,0.0,0.0,0.0,0.0
C3_f0.1__lamarckian__s14,C3_f0.1__lamarckian,C3_f0.1,C3,lamarckian,14,1050,train,50,2.42,11,11,134.6120858085289,0.5833333333333334,0.5,455.0,323.0,240.0,361.0,116.0,109.0,0.0,0.0,23.0,12.0,16.0,17.0,16.0,7.0,0.0,0.0,0.0,0.0,16.0,17.0,0.0,0.0,0.0,0.0
C3_f0.1__lamarckian__s14,C3_f0.1__lamarckian,C3_f0.1,C3,lamarckian,14,1100,train,50,2.5,10,10,93.5301007885355,0.7083333333333334,0.5,377.0,296.0,272.0,335.0,114.0,98.0,0.0,0.0,24.0,17.0,22.0,16.0,12.0,18.0,0.0,0.0,0.0,0.0,22.0,16.0,0.0,0.0,0.0,0.0
C3_f0.1__lamarckian__s14,C3_f0.1__lamarckian,C3_f0.1,C3,lamarckian,14,1150,train,50,2.62,10,10,53.33936297149622,0.9166666666666666,0.5,359.0,295.0,240.0,304.0,46.0,33.0,0.0,0.0,37.0,20.0,17.0,24.0,14.0,11.0,0.0,0.0,0.0,0.0,17.0,24.0,0.0,0.0,0.0,0.0
C3_f0.1__lamarckian__s14,C3_f0.1__lamarckian,C3_f0.1,C3,lamarckian,14,1200,train,50,2.8,14,14,76.00181385482975,0.9166666666666666,0.5,302.0,242.0,247.0,242.0,30.0,20.0,0.0,0.0,28.0,18.0,21.0,9.0,14.0,14.0,0.0,0.0,0.0,0.0,21.0,9.0,0.0,0.0,0.0,0.0
C3_f0.1__lamarckian__s14,C3_f0.1__lamarckian,C3_f0.1,C3,lamarckian,14,1250,train,50,2.9,12,12,77.71766392818336,0.8541666666666666,0.5,311.0,233.0,277.0,338.0,58.0,40.0,0.0,0.0,21.0,19.0,18.0,25.0,18.0,18.0,0.0,0.0,0.0,0.0,18.0,25.0,0.0,0.0,0.0,0.0
C3_f0.1__lamarckian__s14,C3_f0.1__lamarckian,C3_f0.1,C3,lamarckian,14,1300,train,50,3.0,14,14,71.78849624923541,0.875,0.5,283.0,264.0,202.0,227.0,106.0,67.0,0.0,0.0,30.0,28.0,16.0,15.0,19.0,15.0,0.0,0.0,0.0,0.0,16.0,15.0,0.0,0.0,0.0,0.0
C3_f0.1__lamarckian__s14,C3_f0.1__lamarckian,C3_f0.1,C3,lamarckian,14,1350,train,50,3.18,12,12,60.877432214463525,0.9375,0.5,271.0,202.0,187.0,210.0,110.0,88.0,0.0,0.0,25.0,18.0,13.0,20.0,22.0,28.0,0.0,0.0,0.0,0.0,13.0,20.0,0.0,0.0,0.0,0.0
C3_f0.1__lamarckian__s14,C3_f0.1__lamarckian,C3_f0.1,C3,lamarckian,14,1400,train,50,3.26,8,8,65.31875013353203,0.9166666666666666,0.5,244.0,184.0,232.0,250.0,70.0,44.0,0.0,0.0,25.0,24.0,23.0,20.0,20.0,7.0,0.0,0.0,0.0,0.0,23.0,20.0,0.0,0.0,0.0,0.0
C3_f0.1__lamarckian__s14,C3_f0.1__lamarckian,C3_f0.1,C3,lamarckian,14,1450,train,50,3.46,12,12,55.72398023981542,0.9375,0.5,368.0,308.0,143.0,162.0,88.0,64.0,0.0,0.0,37.0,24.0,16.0,20.0,25.0,8.0,0.0,0.0,0.0,0.0,16.0,20.0,0.0,0.0,0.0,0.0
C3_f0.1__lamarckian__s14,C3_f0.1__lamarckian,C3_f0.1,C3,lamarckian,14,1500,train,50,3.66,17,17,82.02139785633953,0.8333333333333334,0.5,265.0,191.0,213.0,309.0,44.0,28.0,0.0,0.0,22.0,13.0,16.0,24.0,21.0,12.0,0.0,0.0,0.0,0.0,16.0,24.0,0.0,0.0,0.0,0.0
C3_f0.1__lamarckian__s14,C3_f0.1__lamarckian,C3_f0.1,C3,lamarckian,14,1550,eval,50,3.82,19,19,81.7693058308166,0.8125,0.5,260.0,198.0,265.0,311.0,38.0,28.0,15.0,45.0,26.0,24.0,12.0,22.0,13.0,8.0,9.0,13.0,0.0,0.0,12.0,22.0,0.0,0.0,9.0,13.0
C3_f0.1__lamarckian__s14,C3_f0.1__lamarckian,C3_f0.1,C3,lamarckian,14,1600,eval,50,3.94,17,17,114.22667742711582,0.7083333333333334,0.5,382.0,329.0,269.0,295.0,69.0,49.0,29.0,44.0,15.0,11.0,25.0,18.0,12.0,9.0,7.0,6.0,0.0,0.0,25.0,18.0,0.0,0.0,7.0,6.0
C3_f0.1__lamarckian__s14,C3_f0.1__lamarckian,C3_f0.1,C3,lamarckian,14,1650,eval,50,3.96,8,8,115.20594056435019,0.6875,0.5,406.0,305.0,321.0,393.0,51.0,44.0,44.0,60.0,25.0,10.0,17.0,22.0,11.0,8.0,11.0,8.0,0.0,0.0,17.0,22.0,0.0,0.0,11.0,8.0
C3_f0.1__lamarckian__s14,C3_f0.1__lamarckian,C3_f0.1,C3,lamarckian,14,1700,eval,50,4.1,10,10,96.72990364398461,0.7916666666666666,0.5,285.0,209.0,269.0,347.0,73.0,56.0,43.0,47.0,25.0,15.0,15.0,24.0,15.0,10.0,4.0,3.0,0.0,0.0,15.0,24.0,0.0,0.0,4.0,3.0
C3_f0.1__lamarckian__s14,C3_f0.1__lamarckian,C3_f0.1,C3,lamarckian,14,1750,eval,50,4.16,10,10,87.42164119152352,0.7916666666666666,0.5,309.0,238.0,309.0,389.0,60.0,32.0,48.0,63.0,25.0,11.0,15.0,16.0,13.0,3.0,11.0,8.0,0.0,0.0,15.0,16.0,0.0,0.0,11.0,8.0
C3_f0.1__lamarckian__s14,C3_f0.1__lamarckian,C3_f0.1,C3,lamarckian,14,1800,eval,50,4.42,17,17,88.31121674668026,0.8125,0.5,413.0,289.0,299.0,365.0,22.0,20.0,38.0,49.0,33.0,13.0,18.0,19.0,3.0,8.0,5.0,10.0,0.0,0.0,18.0,19.0,0.0,0.0,5.0,10.0
C3_f0.1__lamarckian__s15,C3_f0.1__lamarckian,C3_f0.1,C3,lamarckian,15,50,train,50,0.8,33,3,32.85029804745095,0.9583333333333334,0.5,138.0,127.0,72.0,81.0,36.0,36.0,0.0,0.0,47.0,30.0,19.0,26.0,6.0,11.0,0.0,0.0,0.0,0.0,19.0,26.0,0.0,0.0,0.0,0.0
C3_f0.1__lamarckian__s15,C3_f0.1__lamarckian,C3_f0.1,C3,lamarckian,15,100,train,45,0.8666666666666667,11,16,59.18785311782581,0.9166666666666666,0.5,184.0,151.0,117.0,177.0,64.0,55.0,0.0,0.0,32.0,20.0,19.0,16.0,3.0,7.0,0.0,0.0,0.0,0.0,19.0,16.0,0.0,0.0,0.0,0.0
C3_f0.1__lamarckian__s15,C3_f0.1__lamarckian,C3_f0.1,C3,lamarckian,15,150,train,50,1.02,17,12,75.93986991647168,0.875,0.5,261.0,226.0,180.0,229.0,22.0,22.0,0.0,0.0,25.0,24.0,23.0,17.0,8.0,8.0,0.0,0.0,0.0,0.0,23.0,17.0,0.0,0.0,0.0,0.0
C3_f0.1__lamarckian__s15,C3_f0.1__lamarckian,C3_f0.1,C3,lamarckian,15,200,train,41,1.3414634146341464,15,24,72.46763901632046,0.8958333333333334,0.5,261.0,231.0,188.0,229.0,22.0,29.0,0.0,0.0,25.0,22.0,29.0,24.0,8.0,9.0,0.0,0.0,0.0,0.0,29.0,24.0,0.0,0.0,0.0,0.0
C3_f0.1__lamarckian__s15,C3_f0.1__lamarckian,C3_f0.1,C3,lamarckian,15,250,train,50,1.54,21,12,75.2499110048675,0.8333333333333334,0.5,312.0,259.0,170.0,194.0,40.0,53.0,0.0,0.0,25.0,30.0,14.0,13.0,7.0,7.0,0.0,0.0,0.0,0.0,14.0,13.0,0.0,0.0,0.0,0.0
C3_f0.1__lamarckian__s15,C3_f0.1__lamarckian,C3_f0.1,C3,lamarckian,15,300,train,50,1.6,13,13,81.77180223748286,0.8333333333333334,0.5,262.0,200.0,204.0,212.0,113.0,73.0,0.0,0.0,24.0,17.0,21.0,16.0,10.0,7.0,0.0,0.0,0.0,0.0,21.0,16.0,0.0,0.0,0.0,0.0
C3_f0.1__lamarckian__s15,C3_f0.1__lamarckian,C3_f0.1,C3,lamarckian,15,350,train,50,1.56,14,14,127.48373832846397,0.6458333333333334,0.5,282.0,248.0,195.0,268.0,63.0,47.0,0.0,0.0,22.0,21.0,9.0,19.0,6.0,4.0,0.0,0.0,0.0,0.0,9.0,19.0,0.0,0.0,0.0,0.0
C3_f0.1__lamarckian__s15,C3_f0.1__lamarckian,C3_f0.1,C3,lamarckian,15,400,train,50,1.8,12,12,116.88659204534822,0.6666666666666666,0.5,350.0,277.0,350.0,456.0,81.0,80.0,0.0,0.0,12.0,17.0,14.0,23.0,5.0,7.0,0.0,0.0,0.0,0.0,14.0,23.0,0.0,0.0,0.0,0.0
C3_f0.1__lamarckian__s15,C3_f0.1__lamarckian,C3_f0.1,C3,lamarckian,15,450,train,50,1.78,6,6,140.0651560049838,0.625,0.5,390.0,324.0,369.0,448.0,70.0,70.0,0.0,0.0,16.0,21.0,16.0,17.0,9.0,3.0,0.0,0.0,0.0,0.0,16.0,17.0,0.0,0.0,0.0,0.0
C3_f0.1__lamarckian__s15,C3_f0.1__lamarckian,C3_f0.1,C3,lamarckian,15,500,train,50,1.84,10,10,62.540082894553365,0.875,0.5,348.0,241.0,318.0,420.0,126.0,101.0,0.0,0.0,31.0,29.0,15.0,27.0,10.0,6.0,0.0,0.0,0.0,0.0,15.0,27.0,0.0,0.0,0.0,0.0
C3_f0.1__lamarckian__s15,C3_f0.1__lamarckian,C3_f0.1,C3,lamarckian,15,550,train,50,1.9,13,13,89.67397828932404,0.75,0.5,297.0,239.0,334.0,344.0,62.0,45.0,0.0,0.0,22.0,19.0,18.0,16.0,11.0,7.0,0.0,0.0,0.0,0.0,18.0,16.0,0.0,0.0,0.0,0.0
C3_f0.1__lamarckian__s15,C3_f0.1__lamarckian,C3_f0.1,C3,lamarckian,15,600,train,50,2.12,10,10,79.05690364498976,0.8125,0.5,444.0,359.0,325.0,431.0,36.0,31.0,0.0,0.0,27.0,21.0,22.0,23.0,6.0,8.0,0.0,0.0,0.0,0.0,22.0,23.0,0.0,0.0,0.0,0.0
C3_f0.1__lamarckian__s15,C3_f0.1__lamarckian,C3_f0.1,C3,lamarckian,15,650,train,50,2.24,10,10,69.01255493823967,0.8541666666666666,0.5,276.0,245.0,348.0,423.0,31.0,43.0,0.0,0.0,19.0,25.0,25.0,21.0,6.0,4.0,0.0,0.0,0.0,0.0,25.0,21.0,0.0,0.0,0.0,0.0
C3_f0.1__lamarckian__s15,C3_f0.1__lamarckian,C3_f0.1,C3,lamarckian,15,700,train,50,2.3,11,11,101.5084036821078,0.75,0.5,385.0,295.0,222.0,303.0,73.0,48.0,0.0,0.0,24.0,19.0,25.0,13.0,12.0,5.0,0.0,0.0,0.0,0.0,25.0,13.0,0.0,0.0,0.0,0.0
C3_f0.1__lamarckian__s15,C3_f0.1__lamarckian,C3_f0.1,C3,lamarckian,15,750,train,50,2.46,16,16,94.0008125129388,0.7708333333333334,0.5,359.0,314.0,253.0,288.0,62.0,35.0,0.0,0.0,26.0,20.0,20.0,19.0,16.0,7.0,0.0,0.0,0.0,0.0,20.0,19.0,0.0,0.0,0.0,0.0
C3_f0.1__lamarckian__s15,C3_f0.1__lamarckian,C3_f0.1,C3,lamarckian,15,800,train,50,2.66,17,17,100.9449463355496,0.7708333333333334,0.5,275.0,231.0,275.0,357.0,55.0,30.0,0.0,0.0,25.0,19.0,15.0,27.0,12.0,3.0,0.0,0.0,0.0,0.0,15.0,27.0,0.0,0.0,0.0,0.0
C3_f0.1__lamarckian__s15,C3_f0.1__lamarckian,C3_f0.1,C3,lamarckian,15,850,train,50,2.94,20,20,55.84469322823618,0.8958333333333334,0.5,280.0,213.0,172.0,209.0,57.0,45.0,0.0,0.0,32.0,19.0,23.0,19.0,10.0,3.0,0.0,0.0,0.0,0.0,23.0,19.0,0.0,0.0,0.0,0.0
C3_f0.1__lamarckian__s15,C3_f0.1__lamarckian,C3_f0.1,C3,lamarckian,15,900,train,50,3.08,21,21,75.72810651967626,0.8958333333333334,0.5,268.0,216.0,268.0,329.0,50.0,31.0,0.0,0.0,30.0,17.0,18.0,18.0,15.0,8.0,0.0,0.0,0.0,0.0,18.0,18.0,0.0,0.0,0.0,0.0
C3_f0.1__lamarckian__s15,C3_f0.1__lamarckian,C3_f0.1,C3,lamarckian,15,950,train,50,2.98,16,16,101.58370558081072,0.75,0.5,325.0,266.0,174.0,221.0,41.0,30.0,0.0,0.0,34.0,9.0,17.0,26.0,7.0,7.0,0.0,0.0,0.0,0.0,17.0,26.0,0.0,0.0,0.0,0.0
C3_f0.1__lamarckian__s15,C3_f0.1__lamarckian,C3_f0.1,C3,lamarckian,15,1000,train,50,2.98,10,10,98.8935774866815,0.8333333333333334,0.5,301.0,214.0,210.0,282.0,39.0,28.0,0.0,0.0,25.0,22.0,24.0,27.0,8.0,8.0,0.0,0.0,0.0,0.0,24.0,27.0,0.0,0.0,0.0,0.0
C3_f0.1__lamarckian__s15,C3_f0.1__lamarckian,C3_f0.1,C3,lamarckian,15,1050,train,50,3.22,11,11,128.77760970401349,0.6666666666666666,0.5,322.0,232.0,346.0,395.0,45.0,41.0,0.0,0.0,24.0,14.0,13.0,18.0,13.0,9.0,0.0,0.0,0.0,0.0,13.0,18.0,0.0,0.0,0.0,0.0
C3_f0.1__lamarckian__s15,C3_f0.1__lamarckian,C3_f0.1,C3,lamarckian,15,1100,train,50,3.3,11,11,71.26715058670463,0.8541666666666666,0.5,355.0,293.0,317.0,361.0,87.0,63.0,0.0,0.0,32.0,28.0,17.0,16.0,11.0,4.0,0.0,0.0,0.0,0.0,17.0,16.0,0.0,0.0,0.0,0.0
C3_f0.1__lamarckian__s15,C3_f0.1__lamarckian,C3_f0.1,C3,lamarckian,15,1150,train,50,3.52,15,15,102.51579224756259,0.7708333333333334,0.5,407.0,340.0,246.0,283.0,57.0,51.0,0.0,0.0,29.0,23.0,15.0,21.0,6.0,8.0,0.0,0.0,0.0,0.0,15.0,21.0,0.0,0.0,0.0,0.0
C3_f0.1__lamarckian__s15,C3_f0.1__lamarckian,C3_f0.1,C3,lamarckian,15,1200,train,50,3.58,10,10,59.11534964085993,0.8958333333333334,0.5,392.0,293.0,314.0,349.0,35.0,23.0,0.0,0.0,31.0,25.0,27.0,14.0,12.0,6.0,0.0,0.0,0.0,0.0,27.0,14.0,0.0,0.0,0.0,0.0
C3_f0.1__lamarckian__s15,C3_f0.1__lamarckian,C3_f0.1,C3,lamarckian,15,1250,train,50,3.58,10,10,54.85318279849393,0.8958333333333334,0.5,289.0,254.0,289.0,339.0,20.0,26.0,0.0,0.0,21.0,28.0,22.0,21.0,7.0,6.0,0.0,0.0,0.0,0.0,22.0,21.0,0.0,0.0,0.0,0.0
C3_f0.1__lamarckian__s15,C3_f0.1__lamarckian,C3_f0.1,C3,lamarckian,15,1300,train,50,3.64,14,14,89.33349820424255,0.8541666666666666,0.5,260.0,259.0,324.0,376.0,26.0,18.0,0.0,0.0,15.0,21.0,24.0,18.0,10.0,3.0,0.0,0.0,0.0,0.0,24.0,18.0,0.0,0.0,0.0,0.0
C3_f0.1__lamarckian__s15,C3_f0.1__lamarckian,C3_f0.1,C3,lamarckian,15,1350,train,50,3.7,13,13,117.13448315603452,0.7291666666666666,0.5,478.0,387.0,312.0,376.0,44.0,44.0,0.0,0.0,30.0,19.0,20.0,20.0,6.0,11.0,0.0,0.0,0.0,0.0,20.0,20.0,0.0,0.0,0.0,0.0
C3_f0.1__lamarckian__s15,C3_f0.1__lamarckian,C3_f0.1,C3,lamarckian,15,1400,train,50,3.94,18,18,61.63154295209726,0.9166666666666666,0.5,452.0,325.0,317.0,374.0,50.0,44.0,0.0,0.0,25.0,29.0,17.0,25.0,10.0,12.0,0.0,0.0,0.0,0.0,17.0,25.0,0.0,0.0,0.0,0.0
C3_f0.1__lamarckian__s15,C3_f0.1__lamarckian,C3_f0.1,C3,lamarckian,15,1450,train,50,4.08,16,16,59.01491081205868,0.9166666666666666,0.5,290.0,224.0,269.0,349.0,30.0,36.0,0.0,0.0,26.0,26.0,18.0,20.0,5.0,10.0,0.0,0.0,0.0,0.0,18.0,20.0,0.0,0.0,0.0,0.0
C3_f0.1__lamarckian__s15,C3_f0.1__lamarckian,C3_f0.1,C3,lamarckian,15,1500,train,50,4.2,10,10,71.50452154706616,0.875,0.5,358.0,276.0,210.0,261.0,57.0,38.0,0.0,0.0,17.0,23.0,14.0,32.0,9.0,11.0,0.0,0.0,0.0,0.0,14.0,32.0,0.0,0.0,0.0,0.0
C3_f0.1__lamarckian__s15,C3_f0.1__lamarckian,C3_f0.1,C3,lamarckian,15,1550,eval,50,4.4,20,20,107.9091090437439,0.75,0.5,351.0,316.0,359.0,364.0,7.0,14.0,21.0,23.0,19.0,19.0,26.0,17.0,4.0,3.0,2.0,3.0,0.0,0.0,26.0,17.0,0.0,0.0,2.0,3.0
C3_f0.1__lamarckian__s15,C3_f0.1__lamarckian,C3_f0.1,C3,lamarckian,15,1600,eval,50,4.52,15,15,108.37237870196728,0.6458333333333334,0.5,474.0,392.0,314.0,352.0,19.0,18.0,21.0,22.0,23.0,35.0,17.0,18.0,3.0,3.0,7.0,5.0,0.0,0.0,17.0,18.0,0.0,0.0,7.0,5.0
C3_f0.1__lamarckian__s15,C3_f0.1__lamarckian,C3_f0.1,C3,lamarckian,15,1650,eval,50,4.62,14,14,94.7046902554105,0.7708333333333334,0.5,419.0,404.0,306.0,376.0,27.0,32.0,11.0,16.0,23.0,18.0,19.0,25.0,10.0,3.0,4.0,3.0,0.0,0.0,19.0,25.0,0.0,0.0,4.0,3.0
C3_f0.1__lamarckian__s15,C3_f0.1__lamarckian,C3_f0.1,C3,lamarckian,15,1700,eval,50,4.66,5,5,144.42600890014705,0.5208333333333334,0.5,402.0,302.0,395.0,469.0,71.0,46.0,14.0,30.0,21.0,18.0,9.0,17.0,11.0,3.0,1.0,1.0,0.0,0.0,9.0,17.0,0.0,0.0,1.0,1.0
C3_f0.1__lamarckian__s15,C3_f0.1__lamarckian,C3_f0.1,C3,lamarckian,15,1750,eval,50,4.72,5,5,128.11826899023782,0.625,0.5,506.0,437.0,423.0,481.0,74.0,69.0,7.0,5.0,23.0,24.0,22.0,17.0,5.0,7.0,2.0,2.0,0.0,0.0,22.0,17.0,0.0,0.0,2.0,2.0
C3_f0.1__lamarckian__s15,C3_f0.1__lamarckian,C3_f0.1,C3,lamarckian,15,1800,eval,50,4.82,9,9,112.43383382394845,0.7083333333333334,0.5,473.0,410.0,384.0,468.0,28.0,21.0,35.0,47.0,26.0,14.0,23.0,23.0,8.0,1.0,8.0,6.0,0.0,0.0,23.0,23.0,0.0,0.0,8.0,6.0
C3_f0.1__lamarckian__s16,C3_f0.1__lamarckian,C3_f0.1,C3,lamarckian,16,50,train,50,0.9,34,4,68.80602598835193,0.8541666666666666,0.5,117.0,111.0,101.0,133.0,51.0,38.0,0.0,0.0,26.0,26.0,15.0,30.0,13.0,4.0,0.0,0.0,0.0,0.0,15.0,30.0,0.0,0.0,0.0,0.0
C3_f0.1__lamarckian__s16,C3_f0.1__lamarckian,C3_f0.1,C3,lamarckian,16,100,train,49,1.0204081632653061,14,15,92.39229389200588,0.8333333333333334,0.5,170.0,175.0,153.0,177.0,75.0,54.0,0.0,0.0,31.0,18.0,16.0,22.0,12.0,5.0,0.0,0.0,0.0,0.0,16.0,22.0,0.0,0.0,0.0,0.0
C3_f0.1__lamarckian__s16,C3_f0.1__lamarckian,C3_f0.1,C3,lamarckian,16,150,train,47,1.0425531914893618,16,18,79.44691603817927,0.8125,0.5,224.0,187.0,153.0,231.0,58.0,54.0,0.0,0.0,18.0,19.0,23.0,21.0,15.0,8.0,0.0,0.0,0.0,0.0,23.0,21.0,0.0,0.0,0.0,0.0
C3_f0.1__lamarckian__s16,C3_f0.1__lamarckian,C3_f0.1,C3,lamarckian,16,200,train,44,1.2045454545454546,11,14,107.88821716325734,0.7916666666666666,0.5,168.0,164.0,142.0,145.0,30.0,17.0,0.0,0.0,32.0,24.0,13.0,14.0,14.0,3.0,0.0,0.0,0.0,0.0,13.0,14.0,0.0,0.0,0.0,0.0
C3_f0.1__lamarckian__s16,C3_f0.1__lamarckian,C3_f0.1,C3,lamarckian,16,250,train,37,1.4054054054054055,14,21,134.53864635782662,0.6875,0.5,174.0,153.0,114.0,134.0,37.0,33.0,0.0,0.0,15.0,13.0,18.0,13.0,9.0,7.0,0.0,0.0,0.0,0.0,18.0,13.0,0.0,0.0,0.0,0.0
C3_f0.1__lamarckian__s16,C3_f0.1__lamarckian,C3_f0.1,C3,lamarckian,16,300,train,50,1.88,29,16,101.94077561484428,0.8125,0.5,259.0,216.0,159.0,183.0,77.0,70.0,0.0,0.0,25.0,20.0,19.0,26.0,10.0,9.0,0.0,0.0,0.0,0.0,19.0,26.0,0.0,0.0,0.0,0.0
C3_f0.1__lamarckian__s16,C3_f0.1__lamarckian,C3_f0.1,C3,lamarckian,16,350,train,50,2.02,9,9,153.9528983092701,0.625,0.5,310.0,256.0,201.0,273.0,19.0,21.0,0.0,0.0,25.0,15.0,14.0,19.0,3.0,3.0,0.0,0.0,0.0,0.0,14.0,19.0,0.0,0.0,0.0,0.0
C3_f0.1__lamarckian__s16,C3_f0.1__lamarckian,C3_f0.1,C3,lamarckian,16,400,train,50,2.02,10,10,135.2621507125379,0.6041666666666666,0.5,260.0,196.0,225.0,233.0,122.0,92.0,0.0,0.0,20.0,16.0,16.0,24.0,13.0,4.0,0.0,0.0,0.0,0.0,16.0,24.0,0.0,0.0,0.0,0.0
C3_f0.1__lamarckian__s16,C3_f0.1__lamarckian,C3_f0.1,C3,lamarckian,16,450,train,50,1.9,8,8,121.12171476045799,0.6041666666666666,0.5,361.0,309.0,242.0,302.0,87.0,69.0,0.0,0.0,26.0,19.0,14.0,27.0,10.0,9.0,0.0,0.0,0.0,0.0,14.0,27.0,0.0,0.0,0.0,0.0
C3_f0.1__lamarckian__s16,C3_f0.1__lamarckian,C3_f0.1,C3,lamarckian,16,500,train,50,2.0,9,9,104.8470224570272,0.7708333333333334,0.5,310.0,250.0,328.0,370.0,102.0,96.0,0.0,0.0,17.0,16.0,25.0,22.0,8.0,11.0,0.0,0.0,0.0,0.0,25.0,22.0,0.0,0.0,0.0,0.0
C3_f0.1__lamarckian__s16,C3_f0.1__lamarckian,C3_f0.1,C3,lamarckian,16,550,train,50,2.04,6,6,80.71726202129808,0.8958333333333334,0.5,298.0,268.0,257.0,298.0,56.0,38.0,0.0,0.0,37.0,29.0,12.0,11.0,9.0,8.0,0.0,0.0,0.0,0.0,12.0,11.0,0.0,0.0,0.0,0.0
C3_f0.1__lamarckian__s16,C3_f0.1__lamarckian,C3_f0.1,C3,lamarckian,16,600,train,50,2.14,5,5,87.66382855714797,0.8541666666666666,0.5,394.0,305.0,307.0,363.0,37.0,41.0,0.0,0.0,29.0,17.0,22.0,23.0,5.0,12.0,0.0,0.0,0.0,0.0,22.0,23.0,0.0,0.0,0.0,0.0
C3_f0.1__lamarckian__s16,C3_f0.1__lamarckian,C3_f0.1,C3,lamarckian,16,650,train,50,2.2,11,11,94.78472621273367,0.7916666666666666,0.5,252.0,164.0,243.0,258.0,80.0,58.0,0.0,0.0,19.0,20.0,20.0,20.0,9.0,14.0,0.0,0.0,0.0,0.0,20.0,20.0,0.0,0.0,0.0,0.0
C3_f0.1__lamarckian__s16,C3_f0.1__lamarckian,C3_f0.1,C3,lamarckian,16,700,train,50,2.16,5,5,117.64575293473379,0.7083333333333334,0.5,312.0,278.0,246.0,319.0,29.0,35.0,0.0,0.0,13.0,21.0,17.0,19.0,5.0,15.0,0.0,0.0,0.0,0.0,17.0,19.0,0.0,0.0,0.0,0.0
C3_f0.1__lamarckian__s16,C3_f0.1__lamarckian,C3_f0.1,C3,lamarckian,16,750,train,50,2.24,15,15,124.40894357291921,0.75,0.5,374.0,293.0,248.0,267.0,85.0,62.0,0.0,0.0,26.0,20.0,20.0,21.0,11.0,8.0,0.0,0.0,0.0,0.0,20.0,21.0,0.0,0.0,0.0,0.0
C3_f0.1__lamarckian__s16,C3_f0.1__lamarckian,C3_f0.1,C3,lamarckian,16,800,train,50,2.66,17,17,93.4757033595386,0.7291666666666666,0.5,301.0,245.0,311.0,362.0,45.0,32.0,0.0,0.0,21.0,21.0,20.0,23.0,12.0,11.0,0.0,0.0,0.0,0.0,20.0,23.0,0.0,0.0,0.0,0.0
C3_f0.1__lamarckian__s16,C3_f0.1__lamarckian,C3_f0.1,C3,lamarckian,16,850,train,50,2.84,9,9,69.98987367597816,0.8541666666666666,0.5,357.0,305.0,248.0,328.0,31.0,31.0,0.0,0.0,33.0,24.0,13.0,21.0,8.0,9.0,0.0,0.0,0.0,0.0,13.0,21.0,0.0,0.0,0.0,0.0
C3_f0.1__lamarckian__s16,C3_f0.1__lamarckian,C3_f0.1,C3,lamarckian,16,900,train,50,3.02,14,14,51.8347594955043,0.9375,0.5,324.0,260.0,160.0,214.0,88.0,84.0,0.0,0.0,36.0,24.0,21.0,21.0,11.0,13.0,0.0,0.0,0.0,0.0,21.0,21.0,0.0,0.0,0.0,0.0
C3_f0.1__lamarckian__s16,C3_f0.1__lamarckian,C3_f0.1,C3,lamarckian,16,950,train,50,2.94,21,21,65.82764580512611,0.8958333333333334,0.5,222.0,208.0,206.0,270.0,58.0,37.0,0.0,0.0,23.0,21.0,26.0,26.0,12.0,8.0,0.0,0.0,0.0,0.0,26.0,26.0,0.0,0.0,0.0,0.0
C3_f0.1__lamarckian__s16,C3_f0.1__lamarckian,C3_f0.1,C3,lamarckian,16,1000,train,50,2.94,20,20,108.02476407971176,0.75,0.5,213.0,184.0,290.0,353.0,41.0,39.0,0.0,0.0,17.0,13.0,31.0,24.0,5.0,13.0,0.0,0.0,0.0,0.0,31.0,24.0,0.0,0.0,0.0,0.0
C3_f0.1__lamarckian__s16,C3_f0.1__lamarckian,C3_f0.1,C3,lamarckian,16,1050,train,50,2.92,6,6,143.86103005297178,0.5625,0.5,397.0,330.0,353.0,455.0,113.0,68.0,0.0,0.0,19.0,18.0,8.0,21.0,9.0,5.0,0.0,0.0,0.0,0.0,8.0,21.0,0.0,0.0,0.0,0.0
C3_f0.1__lamarckian__s16,C3_f0.1__lamarckian,C3_f0.1,C3,lamarckian,16,1100,train,50,2.94,3,3,147.74026764568788,0.4583333333333333,0.5,445.0,364.0,383.0,475.0,102.0,76.0,0.0,0.0,18.0,16.0,18.0,22.0,10.0,10.0,0.0,0.0,0.0,0.0,18.0,22.0,0.0,0.0,0.0,0.0
C3_f0.1__lamarckian__s16,C3_f0.1__lamarckian,C3_f0.1,C3,lamarckian,16,1150,train,50,3.0,6,6,104.59224214530087,0.7708333333333334,0.5,530.0,403.0,379.0,402.0,66.0,58.0,0.0,0.0,21.0,18.0,18.0,17.0,7.0,16.0,0.0,0.0,0.0,0.0,18.0,17.0,0.0,0.0,0.0,0.0
C3_f0.1__lamarckian__s16,C3_f0.1__lamarckian,C3_f0.1,C3,lamarckian,16,1200,train,50,3.04,4,4,102.99641394777412,0.7291666666666666,0.5,344.0,303.0,404.0,524.0,61.0,63.0,0.0,0.0,15.0,24.0,22.0,22.0,8.0,12.0,0.0,0.0,0.0,0.0,22.0,22.0,0.0,0.0,0.0,0.0
C3_f0.1__lamarckian__s16,C3_f0.1__lamarckian,C3_f0.1,C3,lamarckian,16,1250,train,50,3.18,13,13,76.85930798097847,0.8541666666666666,0.5,327.0,270.0,292.0,338.0,89.0,66.0,0.0,0.0,22.0,22.0,25.0,20.0,11.0,7.0,0.0,0.0,0.0,0.0,25.0,20.0,0.0,0.0,0.0,0.0
C3_f0.1__lamarckian__s16,C3_f0.1__lamarckian,C3_f0.1,C3,lamarckian,16,1300,train,50,3.6,16,16,107.26075116964125,0.7916666666666666,0.5,285.0,261.0,361.0,426.0,37.0,23.0,0.0,0.0,14.0,18.0,23.0,26.0,11.0,9.0,0.0,0.0,0.0,0.0,23.0,26.0,0.0,0.0,0.0,0.0
C3_f0.1__lamarckian__s16,C3_f0.1__lamarckian,C3_f0.1,C3,lamarckian,16,1350,train,50,3.64,11,11,89.31621668952727,0.7708333333333334,0.5,348.0,316.0,294.0,389.0,41.0,33.0,0.0,0.0,21.0,34.0,15.0,22.0,13.0,9.0,0.0,0.0,0.0,0.0,15.0,22.0,0.0,0.0,0.0,0.0
C3_f0.1__lamarckian__s16,C3_f0.1__lamarckian,C3_f0.1,C3,lamarckian,16,1400,train,50,3.48,13,13,71.94175245430347,0.9375,0.5,394.0,311.0,251.0,289.0,45.0,38.0,0.0,0.0,34.0,23.0,27.0,20.0,16.0,10.0,0.0,0.0,0.0,0.0,27.0,20.0,0.0,0.0,0.0,0.0
C3_f0.1__lamarckian__s16,C3_f0.1__lamarckian,C3_f0.1,C3,lamarckian,16,1450,train,50,3.7,25,25,61.731465991464454,0.8958333333333334,0.5,340.0,288.0,343.0,411.0,47.0,34.0,0.0,0.0,18.0,27.0,22.0,33.0,8.0,11.0,0.0,0.0,0.0,0.0,22.0,33.0,0.0,0.0,0.0,0.0
C3_f0.1__lamarckian__s16,C3_f0.1__lamarckian,C3_f0.1,C3,lamarckian,16,1500,train,50,3.94,24,24,60.38359742446352,0.9166666666666666,0.5,274.0,209.0,301.0,358.0,38.0,34.0,0.0,0.0,20.0,30.0,21.0,29.0,11.0,9.0,0.0,0.0,0.0,0.0,21.0,29.0,0.0,0.0,0.0,0.0
C3_f0.1__lamarckian__s16,C3_f0.1__lamarckian,C3_f0.1,C3,lamarckian,16,1550,eval,42,4.238095238095238,16,24,62.53257248215486,0.8958333333333334,0.5,307.0,270.0,214.0,245.0,14.0,16.0,21.0,19.0,25.0,33.0,17.0,20.0,3.0,8.0,11.0,3.0,0.0,0.0,17.0,20.0,0.0,0.0,11.0,3.0
C3_f0.1__lamarckian__s16,C3_f0.1__lamarckian,C3_f0.1,C3,lamarckian,16,1600,eval,45,4.511111111111111,21,18,100.25959705176541,0.7916666666666666,0.5,313.0,274.0,260.0,338.0,39.0,35.0,21.0,23.0,22.0,26.0,14.0,30.0,7.0,3.0,1.0,3.0,0.0,0.0,14.0,30.0,0.0,0.0,1.0,3.0
C3_f0.1__lamarckian__s16,C3_f0.1__lamarckian,C3_f0.1,C3,lamarckian,16,1650,eval,50,4.6,15,10,168.17350982047572,0.5625,0.5,385.0,332.0,257.0,316.0,29.0,28.0,21.0,17.0,26.0,16.0,13.0,24.0,6.0,2.0,3.0,4.0,0.0,0.0,13.0,24.0,0.0,0.0,3.0,4.0
C3_f0.1__lamarckian__s16,C3_f0.1__lamarckian,C3_f0.1,C3,lamarckian,16,1700,eval,50,4.56,3,3,154.06666710708842,0.5,0.5,479.0,340.0,316.0,409.0,66.0,52.0,21.0,49.0,24.0,15.0,18.0,23.0,4.0,5.0,2.0,4.0,0.0,0.0,18.0,23.0,0.0,0.0,2.0,4.0
C3_f0.1__lamarckian__s16,C3_f0.1__lamarckian,C3_f0.1,C3,lamarckian,16,1750,eval,50,4.7,6,6,167.439572851141,0.4375,0.5,457.0,387.0,339.0,421.0,60.0,35.0,57.0,70.0,22.0,15.0,15.0,20.0,5.0,1.0,4.0,3.0,0.0,0.0,15.0,20.0,0.0,0.0,4.0,3.0
C3_f0.1__lamarckian__s16,C3_f0.1__lamarckian,C3_f0.1,C3,lamarckian,16,1800,eval,50,4.78,2,2,123.61509331769096,0.6875,0.5,441.0,339.0,410.0,534.0,86.0,54.0,47.0,52.0,24.0,21.0,22.0,24.0,8.0,6.0,2.0,8.0,0.0,0.0,22.0,24.0,0.0,0.0,2.0,8.0
C3_f0.1__lamarckian__s17,C3_f0.1__lamarckian,C3_f0.1,C3,lamarckian,17,50,train,50,0.78,31,1,84.69028703426484,0.8541666666666666,0.5,148.0,130.0,82.0,117.0,75.0,54.0,0.0,0.0,32.0,18.0,12.0,13.0,18.0,18.0,0.0,0.0,0.0,0.0,12.0,13.0,0.0,0.0,0.0,0.0
C3_f0.1__lamarckian__s17,C3_f0.1__lamarckian,C3_f0.1,C3,lamarckian,17,100,train,50,0.9,9,9,88.74566842143815,0.8541666666666666,0.5,178.0,139.0,100.0,116.0,42.0,31.0,0.0,0.0,28.0,15.0,20.0,12.0,14.0,11.0,0.0,0.0,0.0,0.0,20.0,12.0,0.0,0.0,0.0,0.0
C3_f0.1__lamarckian__s17,C3_f0.1__lamarckian,C3_f0.1,C3,lamarckian,17,150,train,50,1.0,10,10,71.75404683722553,0.8958333333333334,0.5,225.0,203.0,122.0,116.0,75.0,75.0,0.0,0.0,27.0,24.0,23.0,5.0,13.0,15.0,0.0,0.0,0.0,0.0,23.0,5.0,0.0,0.0,0.0,0.0
C3_f0.1__lamarckian__s17,C3_f0.1__lamarckian,C3_f0.1,C3,lamarckian,17,200,train,46,1.1956521739130435,17,21,88.86074734875692,0.875,0.5,245.0,189.0,175.0,177.0,46.0,34.0,0.0,0.0,25.0,17.0,23.0,20.0,15.0,6.0,0.0,0.0,0.0,0.0,23.0,20.0,0.0,0.0,0.0,0.0
C3_f0.1__lamarckian__s17,C3_f0.1__lamarckian,C3_f0.1,C3,lamarckian,17,250,train,47,1.425531914893617,20,19,61.46520391907849,0.875,0.5,217.0,196.0,155.0,168.0,53.0,49.0,0.0,0.0,19.0,20.0,24.0,14.0,23.0,14.0,0.0,0.0,0.0,0.0,24.0,14.0,0.0,0.0,0.0,0.0
C3_f0.1__lamarckian__s17,C3_f0.1__lamarckian,C3_f0.1,C3,lamarckian,17,300,train,46,1.5217391304347827,14,15,106.71012464798179,0.7083333333333334,0.5,240.0,187.0,211.0,244.0,65.0,34.0,0.0,0.0,21.0,13.0,16.0,20.0,24.0,9.0,0.0,0.0,0.0,0.0,16.0,20.0,0.0,0.0,0.0,0.0
C3_f0.1__lamarckian__s17,C3_f0.1__lamarckian,C3_f0.1,C3,lamarckian,17,350,train,50,1.62,17,13,56.9576818484547,0.9375,0.5,301.0,265.0,257.0,286.0,42.0,41.0,0.0,0.0,27.0,25.0,21.0,24.0,10.0,19.0,0.0,0.0,0.0,0.0,21.0,24.0,0.0,0.0,0.0,0.0
C3_f0.1__lamarckian__s17,C3_f0.1__lamarckian,C3_f0.1,C3,lamarckian,17,400,train,50,1.7,7,7,74.41221546541487,0.7916666666666666,0.5,274.0,218.0,277.0,290.0,74.0,53.0,0.0,0.0,20.0,20.0,13.0,11.0,23.0,12.0,0.0,0.0,0.0,0.0,13.0,11.0,0.0,0.0,0.0,0.0
C3_f0.1__lamarckian__s17,C3_f0.1__lamarckian,C3_f0.1,C3,lamarckian,17,450,train,50,1.9,14,14,88.20761630200099,0.7708333333333334,0.5,268.0,199.0,278.0,322.0,64.0,38.0,0.0,0.0,17.0,17.0,18.0,31.0,16.0,11.0,0.0,0.0,0.0,0.0,18.0,31.0,0.0,0.0,0.0,0.0
C3_f0.1__lamarckian__s17,C3_f0.1__lamarckian,C3_f0.1,C3,lamarckian,17,500,train,50,2.08,14,14,53.90794146078396,0.9375,0.5,313.0,274.0,287.0,382.0,108.0,96.0,0.0,0.0,25.0,24.0,14.0,23.0,19.0,15.0,0.0,0.0,0.0,0.0,14.0,23.0,0.0,0.0,0.0,0.0
C3_f0.1__lamarckian__s17,C3_f0.1__lamarckian,C3_f0.1,C3,lamarckian,17,550,train,50,2.26,12,12,61.906309063075426,0.8125,0.5,232.0,194.0,193.0,230.0,100.0,97.0,0.0,0.0,17.0,19.0,17.0,16.0,10.0,21.0,0.0,0.0,0.0,0.0,17.0,16.0,0.0,0.0,0.0,0.0
C3_f0.1__lamarckian__s17,C3_f0.1__lamarckian,C3_f0.1,C3,lamarckian,17,600,train,50,2.36,10,10,97.99753815684963,0.7083333333333334,0.5,328.0,271.0,197.0,265.0,72.0,69.0,0.0,0.0,17.0,18.0,9.0,22.0,11.0,12.0,0.0,0.0,0.0,0.0,9.0,22.0,0.0,0.0,0.0,0.0
C3_f0.1__lamarckian__s17,C3_f0.1__lamarckian,C3_f0.1,C3,lamarckian,17,650,train,50,2.46,6,6,103.40211266080811,0.6875,0.5,335.0,269.0,324.0,388.0,75.0,55.0,0.0,0.0,17.0,11.0,22.0,17.0,10.0,14.0,0.0,0.0,0.0,0.0,22.0,17.0,0.0,0.0,0.0,0.0
C3_f0.1__lamarckian__s17,C3_f0.1__lamarckian,C3_f0.1,C3,lamarckian,17,700,train,50,2.44,16,16,74.64937169728694,0.8958333333333334,0.5,344.0,255.0,301.0,362.0,69.0,45.0,0.0,0.0,17.0,24.0,19.0,26.0,12.0,17.0,0.0,0.0,0.0,0.0,19.0,26.0,0.0,0.0,0.0,0.0
C3_f0.1__lamarckian__s17,C3_f0.1__lamarckian,C3_f0.1,C3,lamarckian,17,750,train,50,2.58,12,12,72.97262664615207,0.8958333333333334,0.5,312.0,233.0,185.0,238.0,89.0,61.0,0.0,0.0,17.0,18.0,16.0,22.0,21.0,16.0,0.0,0.0,0.0,0.0,16.0,22.0,0.0,0.0,0.0,0.0
C3_f0.1__lamarckian__s17,C3_f0.1__lamarckian,C3_f0.1,C3,lamarckian,17,800,train,50,2.74,14,14,109.29395601963697,0.7916666666666666,0.5,339.0,261.0,282.0,376.0,64.0,44.0,0.0,0.0,19.0,18.0,11.0,22.0,21.0,13.0,0.0,0.0,0.0,0.0,11.0,22.0,0.0,0.0,0.0,0.0
C3_f0.1__lamarckian__s17,C3_f0.1__lamarckian,C3_f0.1,C3,lamarckian,17,850,train,50,2.9,10,10,65.10964657572146,0.9166666666666666,0.5,319.0,262.0,258.0,355.0,72.0,62.0,0.0,0.0,30.0,17.0,15.0,24.0,15.0,26.0,0.0,0.0,0.0,0.0,15.0,24.0,0.0,0.0,0.0,0.0
C3_f0.1__lamarckian__s17,C3_f0.1__lamarckian,C3_f0.1,C3,lamarckian,17,900,train,50,3.02,13,13,79.20130049244138,0.875,0.5,235.0,184.0,231.0,294.0,50.0,41.0,0.0,0.0,24.0,10.0,13.0,25.0,17.0,17.0,0.0,0.0,0.0,0.0,13.0,25.0,0.0,0.0,0.0,0.0
C3_f0.1__lamarckian__s17,C3_f0.1__lamarckian,C3_f0.1,C3,lamarckian,17,950,train,50,3.06,21,21,82.4584762589902,0.875,0.5,367.0,267.0,265.0,339.0,61.0,51.0,0.0,0.0,28.0,11.0,24.0,25.0,18.0,14.0,0.0,0.0,0.0,0.0,24.0,25.0,0.0,0.0,0.0,0.0
C3_f0.1__lamarckian__s17,C3_f0.1__lamarckian,C3_f0.1,C3,lamarckian,17,1000,train,50,3.2,13,13,73.44625938263273,0.875,0.5,323.0,281.0,270.0,311.0,85.0,49.0,0.0,0.0,31.0,15.0,19.0,23.0,20.0,10.0,0.0,0.0,0.0,0.0,19.0,23.0,0.0,0.0,0.0,0.0
C3_f0.1__lamarckian__s17,C3_f0.1__lamarckian,C3_f0.1,C3,lamarckian,17,1050,train,50,3.76,23,23,50.87096473580682,0.9166666666666666,0.5,265.0,191.0,195.0,254.0,62.0,64.0,0.0,0.0,30.0,20.0,27.0,17.0,20.0,9.0,0.0,0.0,0.0,0.0,27.0,17.0,0.0,0.0,0.0,0.0
C3_f0.1__lamarckian__s17,C3_f0.1__lamarckian,C3_f0.1,C3,lamarckian,17,1100,train,50,4.02,19,19,83.58349584623177,0.8541666666666666,0.5,196.0,148.0,206.0,254.0,39.0,38.0,0.0,0.0,18.0,14.0,18.0,22.0,17.0,13.0,0.0,0.0,0.0,0.0,18.0,22.0,0.0,0.0,0.0,0.0
C3_f0.1__lamarckian__s17,C3_f0.1__lamarckian,C3_f0.1,C3,lamarckian,17,1150,train,50,3.72,24,24,36.31574543549108,0.9583333333333334,0.5,162.0,140.0,207.0,279.0,75.0,74.0,0.0,0.0,31.0,15.0,20.0,30.0,15.0,21.0,0.0,0.0,0.0,0.0,20.0,30.0,0.0,0.0,0.0,0.0
C3_f0.1__lamarckian__s17,C3_f0.1__lamarckian,C3_f0.1,C3,lamarckian,17,1200,train,50,4.18,22,22,70.20747306525875,0.8541666666666666,0.5,242.0,172.0,197.0,202.0,79.0,51.0,0.0,0.0,22.0,16.0,18.0,22.0,16.0,17.0,0.0,0.0,0.0,0.0,18.0,22.0,0.0,0.0,0.0,0.0
C3_f0.1__lamarckian__s17,C3_f0.1__lamarckian,C3_f0.1,C3,lamarckian,17,1250,train,50,4.36,10,10,84.0682985254483,0.8333333333333334,0.5,257.0,222.0,253.0,305.0,25.0,25.0,0.0,0.0,22.0,23.0,16.0,14.0,10.0,7.0,0.0,0.0,0.0,0.0,16.0,14.0,0.0,0.0,0.0,0.0
C3_f0.1__lamarckian__s17,C3_f0.1__lamarckian,C3_f0.1,C3,lamarckian,17,1300,train,50,4.58,11,11,59.40402359320038,0.8958333333333334,0.5,265.0,206.0,303.0,360.0,104.0,83.0,0.0,0.0,19.0,26.0,18.0,23.0,16.0,19.0,0.0,0.0,0.0,0.0,18.0,23.0,0.0,0.0,0.0,0.0
C3_f0.1__lamarckian__s17,C3_f0.1__lamarckian,C3_f0.1,C3,lamarckian,17,1350,train,50,4.58,11,11,76.61217578307003,0.8333333333333334,0.5,362.0,322.0,273.0,300.0,57.0,43.0,0.0,0.0,26.0,17.0,18.0,20.0,21.0,7.0,0.0,0.0,0.0,0.0,18.0,20.0,0.0,0.0,0.0,0.0
C3_f0.1__lamarckian__s17,C3_f0.1__lamarckian,C3_f0.1,C3,lamarckian,17,1400,train,50,4.66,16,16,75.61457818482543,0.8333333333333334,0.5,278.0,196.0,275.0,377.0,89.0,91.0,0.0,0.0,22.0,16.0,16.0,24.0,22.0,20.0,0.0,0.0,0.0,0.0,16.0,24.0,0.0,0.0,0.0,0.0
C3_f0.1__lamarckian__s17,C3_f0.1__lamarckian,C3_f0.1,C3,lamarckian,17,1450,train,50,4.72,10,10,61.726033961474506,0.8541666666666666,0.5,344.0,255.0,254.0,314.0,97.0,63.0,0.0,0.0,26.0,22.0,17.0,27.0,17.0,18.0,0.0,0.0,0.0,0.0,17.0,27.0,0.0,0.0,0.0,0.0
C3_f0.1__lamarckian__s17,C3_f0.1__lamarckian,C3_f0.1,C3,lamarckian,17,1500,train,50,4.96,15,15,54.57948190935442,1.0,0.5,219.0,167.0,202.0,305.0,82.0,67.0,0.0,0.0,22.0,17.0,12.0,19.0,24.0,13.0,0.0,0.0,0.0,0.0,12.0,19.0,0.0,0.0,0.0,0.0
C3_f0.1__lamarckian__s17,C3_f0.1__lamarckian,C3_f0.1,C3,lamarckian,17,1550,eval,50,4.66,22,22,94.76116088902192,0.7708333333333334,0.5,247.0,229.0,203.0,304.0,47.0,28.0,38.0,60.0,16.0,15.0,10.0,34.0,9.0,5.0,9.0,8.0,0.0,0.0,10.0,34.0,0.0,0.0,9.0,8.0
C3_f0.1__lamarckian__s17,C3_f0.1__lamarckian,C3_f0.1,C3,lamarckian,17,1600,eval,50,4.74,23,23,93.51364232105018,0.8333333333333334,0.5,355.0,293.0,241.0,280.0,57.0,50.0,74.0,74.0,21.0,19.0,18.0,21.0,11.0,9.0,8.0,9.0,0.0,0.0,18.0,21.0,0.0,0.0,8.0,9.0
C3_f0.1__lamarckian__s17,C3_f0.1__lamarckian,C3_f0.1,C3,lamarckian,17,1650,eval,50,5.06,21,21,97.49177870461432,0.7708333333333334,0.5,365.0,299.0,285.0,353.0,91.0,79.0,91.0,129.0,30.0,15.0,16.0,27.0,3.0,5.0,8.0,12.0,0.0,0.0,16.0,27.0,0.0,0.0,8.0,12.0
C3_f0.1__lamarckian__s17,C3_f0.1__lamarckian,C3_f0.1,C3,lamarckian,17,1700,eval,50,5.46,17,17,90.71692309860723,0.8333333333333334,0.5,382.0,314.0,298.0,369.0,151.0,142.0,123.0,139.0,19.0,24.0,12.0,24.0,5.0,6.0,10.0,5.0,0.0,0.0,12.0,24.0,0.0,0.0,10.0,5.0
C3_f0.1__lamarckian__s17,C3_f0.1__lamarckian,C3_f0.1,C3,lamarckian,17,1750,eval,50,5.5,5,5,159.23402835422866,0.5208333333333334,0.5,422.0,345.0,304.0,344.0,159.0,146.0,105.0,166.0,24.0,14.0,15.0,11.0,9.0,7.0,4.0,4.0,0.0,0.0,15.0,11.0,0.0,0.0,4.0,4.0
C3_f0.1__lamarckian__s17,C3_f0.1__lamarckian,C3_f0.1,C3,lamarckian,17,1800,eval,50,5.52,1,1,176.48957470677064,0.375,0.5,439.0,360.0,330.0,418.0,152.0,130.0,159.0,211.0,24.0,16.0,11.0,9.0,6.0,2.0,6.0,2.0,0.0,0.0,11.0,9.0,0.0,0.0,6.0,2.0
C3_f0.1__lamarckian__s18,C3_f0.1__lamarckian,C3_f0.1,C3,lamarckian,18,50,train,50,0.76,38,8,56.961766575070044,0.9166666666666666,0.5,134.0,109.0,81.0,137.0,65.0,45.0,0.0,0.0,30.0,23.0,9.0,26.0,13.0,13.0,0.0,0.0,0.0,0.0,9.0,26.0,0.0,0.0,0.0,0.0
C3_f0.1__lamarckian__s18,C3_f0.1__lamarckian,C3_f0.1,C3,lamarckian,18,100,train,50,0.86,10,10,52.92344375903792,0.875,0.5,204.0,152.0,139.0,155.0,77.0,74.0,0.0,0.0,25.0,20.0,21.0,15.0,9.0,8.0,0.0,0.0,0.0,0.0,21.0,15.0,0.0,0.0,0.0,0.0
C3_f0.1__lamarckian__s18,C3_f0.1__lamarckian,C3_f0.1,C3,lamarckian,18,150,train,50,0.92,20,20,103.169050348859,0.7708333333333334,0.5,189.0,124.0,159.0,215.0,67.0,60.0,0.0,0.0,27.0,16.0,24.0,13.0,9.0,11.0,0.0,0.0,0.0,0.0,24.0,13.0,0.0,0.0,0.0,0.0
C3_f0.1__lamarckian__s18,C3_f0.1__lamarckian,C3_f0.1,C3,lamarckian,18,200,train,50,0.94,7,7,108.58311575848924,0.7916666666666666,0.5,248.0,205.0,192.0,250.0,112.0,85.0,0.0,0.0,22.0,24.0,13.0,13.0,11.0,7.0,0.0,0.0,0.0,0.0,13.0,13.0,0.0,0.0,0.0,0.0
C3_f0.1__lamarckian__s18,C3_f0.1__lamarckian,C3_f0.1,C3,lamarckian,18,250,train,50,0.94,15,15,104.55224596696635,0.7708333333333334,0.5,355.0,244.0,209.0,254.0,98.0,76.0,0.0,0.0,20.0,19.0,19.0,24.0,18.0,12.0,0.0,0.0,0.0,0.0,19.0,24.0,0.0,0.0,0.0,0.0
C3_f0.1__lamarckian__s18,C3_f0.1__lamarckian,C3_f0.1,C3,lamarckian,18,300,train,50,0.94,4,4,84.91346111155721,0.7916666666666666,0.5,386.0,306.0,187.0,216.0,52.0,59.0,0.0,0.0,36.0,25.0,14.0,15.0,11.0,4.0,0.0,0.0,0.0,0.0,14.0,15.0,0.0,0.0,0.0,0.0
C3_f0.1__lamarckian__s18,C3_f0.1__lamarckian,C3_f0.1,C3,lamarckian,18,350,train,50,0.96,8,8,72.18643855901053,0.8541666666666666,0.5,305.0,240.0,249.0,271.0,81.0,45.0,0.0,0.0,24.0,16.0,19.0,23.0,19.0,5.0,0.0,0.0,0.0,0.0,19.0,23.0,0.0,0.0,0.0,0.0
C3_f0.1__lamarckian__s18,C3_f0.1__lamarckian,C3_f0.1,C3,lamarckian,18,400,train,50,0.96,6,6,116.82601489255974,0.7291666666666666,0.5,274.0,268.0,244.0,330.0,59.0,44.0,0.0,0.0,18.0,17.0,15.0,19.0,12.0,13.0,0.0,0.0,0.0,0.0,15.0,19.0,0.0,0.0,0.0,0.0
C3_f0.1__lamarckian__s18,C3_f0.1__lamarckian,C3_f0.1,C3,lamarckian,18,450,train,50,0.96,5,5,78.43554977574803,0.8541666666666666,0.5,296.0,263.0,273.0,308.0,69.0,56.0,0.0,0.0,24.0,34.0,13.0,14.0,9.0,15.0,0.0,0.0,0.0,0.0,13.0,14.0,0.0,0.0,0.0,0.0
C3_f0.1__lamarckian__s18,C3_f0.1__lamarckian,C3_f0.1,C3,lamarckian,18,500,train,50,1.32,13,13,77.20569243336229,0.8541666666666666,0.5,361.0,261.0,254.0,301.0,73.0,46.0,0.0,0.0,26.0,21.0,10.0,15.0,17.0,13.0,0.0,0.0,0.0,0.0,10.0,15.0,0.0,0.0,0.0,0.0
C3_f0.1__lamarckian__s18,C3_f0.1__lamarckian,C3_f0.1,C3,lamarckian,18,550,train,50,1.62,16,16,50.98698522454712,0.9166666666666666,0.5,251.0,207.0,250.0,338.0,46.0,35.0,0.0,0.0,18.0,18.0,20.0,21.0,18.0,13.0,0.0,0.0,0.0,0.0,20.0,21.0,0.0,0.0,0.0,0.0
C3_f0.1__lamarckian__s18,C3_f0.1__lamarckian,C3_f0.1,C3,lamarckian,18,600,train,50,1.7,17,17,95.19954344058493,0.75,0.5,251.0,209.0,252.0,265.0,52.0,41.0,0.0,0.0,18.0,19.0,16.0,25.0,12.0,8.0,0.0,0.0,0.0,0.0,16.0,25.0,0.0,0.0,0.0,0.0
C3_f0.1__lamarckian__s18,C3_f0.1__lamarckian,C3_f0.1,C3,lamarckian,18,650,train,50,1.94,23,23,84.12533547844114,0.7916666666666666,0.5,387.0,278.0,252.0,296.0,55.0,49.0,0.0,0.0,32.0,24.0,20.0,26.0,11.0,10.0,0.0,0.0,0.0,0.0,20.0,26.0,0.0,0.0,0.0,0.0
C3_f0.1__lamarckian__s18,C3_f0.1__lamarckian,C3_f0.1,C3,lamarckian,18,700,train,50,1.92,14,14,90.95999158042548,0.8125,0.5,326.0,258.0,257.0,268.0,47.0,49.0,0.0,0.0,23.0,21.0,21.0,17.0,11.0,7.0,0.0,0.0,0.0,0.0,21.0,17.0,0.0,0.0,0.0,0.0
C3_f0.1__lamarckian__s18,C3_f0.1__lamarckian,C3_f0.1,C3,lamarckian,18,750,train,50,2.02,17,17,99.69272555930712,0.7916666666666666,0.5,251.0,223.0,334.0,390.0,43.0,40.0,0.0,0.0,13.0,6.0,23.0,26.0,13.0,13.0,0.0,0.0,0.0,0.0,23.0,26.0,0.0,0.0,0.0,0.0
C3_f0.1__lamarckian__s18,C3_f0.1__lamarckian,C3_f0.1,C3,lamarckian,18,800,train,50,2.06,7,7,103.9144285626767,0.7708333333333334,0.5,434.0,353.0,250.0,276.0,70.0,61.0,0.0,0.0,27.0,21.0,17.0,12.0,13.0,18.0,0.0,0.0,0.0,0.0,17.0,12.0,0.0,0.0,0.0,0.0
C3_f0.1__lamarckian__s18,C3_f0.1__lamarckian,C3_f0.1,C3,lamarckian,18,850,train,50,2.08,12,12,102.72077707028004,0.6666666666666666,0.5,379.0,353.0,243.0,303.0,79.0,66.0,0.0,0.0,12.0,18.0,16.0,12.0,12.0,13.0,0.0,0.0,0.0,0.0,16.0,12.0,0.0,0.0,0.0,0.0
C3_f0.1__lamarckian__s18,C3_f0.1__lamarckian,C3_f0.1,C3,lamarckian,18,900,train,50,2.26,9,9,126.74553102187934,0.6666666666666666,0.5,404.0,351.0,355.0,440.0,74.0,59.0,0.0,0.0,11.0,19.0,18.0,27.0,8.0,13.0,0.0,0.0,0.0,0.0,18.0,27.0,0.0,0.0,0.0,0.0
C3_f0.1__lamarckian__s18,C3_f0.1__lamarckian,C3_f0.1,C3,lamarckian,18,950,train,50,2.32,5,5,117.99319457662104,0.6666666666666666,0.5,413.0,336.0,328.0,393.0,61.0,54.0,0.0,0.0,26.0,19.0,19.0,20.0,15.0,12.0,0.0,0.0,0.0,0.0,19.0,20.0,0.0,0.0,0.0,0.0
C3_f0.1__lamarckian__s18,C3_f0.1__lamarckian,C3_f0.1,C3,lamarckian,18,1000,train,50,2.32,7,7,94.01843863758089,0.7708333333333334,0.5,451.0,334.0,323.0,387.0,89.0,63.0,0.0,0.0,25.0,15.0,11.0,22.0,21.0,10.0,0.0,0.0,0.0,0.0,11.0,22.0,0.0,0.0,0.0,0.0
C3_f0.1__lamarckian__s18,C3_f0.1__lamarckian,C3_f0.1,C3,lamarckian,18,1050,train,50,2.44,8,8,73.45065543389552,0.8125,0.5,361.0,303.0,325.0,399.0,53.0,42.0,0.0,0.0,25.0,18.0,21.0,19.0,13.0,13.0,0.0,0.0,0.0,0.0,21.0,19.0,0.0,0.0,0.0,0.0
C3_f0.1__lamarckian__s18,C3_f0.1__lamarckian,C3_f0.1,C3,lamarckian,18,1100,train,50,2.5,16,16,65.56488254135718,0.875,0.5,235.0,187.0,406.0,494.0,41.0,39.0,0.0,0.0,18.0,18.0,24.0,24.0,7.0,17.0,0.0,0.0,0.0,0.0,24.0,24.0,0.0,0.0,0.0,0.0
C3_f0.1__lamarckian__s18,C3_f0.1__lamarckian,C3_f0.1,C3,lamarckian,18,1150,train,50,2.64,18,18,70.66857751659064,0.8333333333333334,0.5,380.0,309.0,228.0,257.0,65.0,44.0,0.0,0.0,19.0,19.0,18.0,21.0,14.0,17.0,0.0,0.0,0.0,0.0,18.0,21.0,0.0,0.0,0.0,0.0
C3_f0.1__lamarckian__s18,C3_f0.1__lamarckian,C3_f0.1,C3,lamarckian,18,1200,train,50,2.8,19,19,86.93279320314271,0.7708333333333334,0.5,359.0,259.0,337.0,371.0,52.0,30.0,0.0,0.0,24.0,23.0,19.0,31.0,12.0,6.0,0.0,0.0,0.0,0.0,19.0,31.0,0.0,0.0,0.0,0.0
C3_f0.1__lamarckian__s18,C3_f0.1__lamarckian,C3_f0.1,C3,lamarckian,18,1250,train,50,2.92,20,20,76.33575037432611,0.8125,0.5,304.0,264.0,235.0,247.0,84.0,70.0,0.0,0.0,20.0,24.0,20.0,19.0,15.0,16.0,0.0,0.0,0.0,0.0,20.0,19.0,0.0,0.0,0.0,0.0
C3_f0.1__lamarckian__s18,C3_f0.1__lamarckian,C3_f0.1,C3,lamarckian,18,1300,train,50,2.92,9,9,78.0749230593018,0.8125,0.5,434.0,377.0,158.0,196.0,109.0,106.0,0.0,0.0,36.0,22.0,13.0,15.0,11.0,11.0,0.0,0.0,0.0,0.0,13.0,15.0,0.0,0.0,0.0,0.0
C3_f0.1__lamarckian__s18,C3_f0.1__lamarckian,C3_f0.1,C3,lamarckian,18,1350,train,50,3.14,13,13,56.700702162224445,0.8541666666666666,0.5,252.0,214.0,230.0,252.0,95.0,78.0,0.0,0.0,25.0,19.0,22.0,19.0,11.0,9.0,0.0,0.0,0.0,0.0,22.0,19.0,0.0,0.0,0.0,0.0
C3_f0.1__lamarckian__s18,C3_f0.1__lamarckian,C3_f0.1,C3,lamarckian,18,1400,train,50,3.4,17,17,52.51614632344811,0.9166666666666666,0.5,266.0,202.0,278.0,371.0,41.0,30.0,0.0,0.0,25.0,17.0,29.0,20.0,17.0,10.0,0.0,0.0,0.0,0.0,29.0,20.0,0.0,0.0,0.0,0.0
C3_f0.1__lamarckian__s18,C3_f0.1__lamarckian,C3_f0.1,C3,lamarckian,18,1450,train,50,3.56,10,10,106.39670852080909,0.875,0.5,296.0,223.0,268.0,302.0,67.0,63.0,0.0,0.0,26.0,15.0,20.0,17.0,15.0,11.0,0.0,0.0,0.0,0.0,20.0,17.0,0.0,0.0,0.0,0.0
C3_f0.1__lamarckian__s18,C3_f0.1__lamarckian,C3_f0.1,C3,lamarckian,18,1500,train,50,3.58,15,15,62.85419390143783,0.9583333333333334,0.5,360.0,288.0,363.0,442.0,38.0,46.0,0.0,0.0,24.0,21.0,22.0,37.0,10.0,15.0,0.0,0.0,0.0,0.0,22.0,37.0,0.0,0.0,0.0,0.0
C3_f0.1__lamarckian__s18,C3_f0.1__lamarckian,C3_f0.1,C3,lamarckian,18,1550,eval,50,3.66,21,21,55.001673128405756,0.9375,0.5,398.0,325.0,283.0,315.0,30.0,23.0,31.0,33.0,29.0,27.0,17.0,19.0,8.0,6.0,10.0,7.0,0.0,0.0,17.0,19.0,0.0,0.0,10.0,7.0
C3_f0.1__lamarckian__s18,C3_f0.1__lamarckian,C3_f0.1,C3,lamarckian,18,1600,eval,50,3.68,16,16,105.67262464538136,0.7916666666666666,0.5,325.0,265.0,287.0,314.0,36.0,23.0,48.0,43.0,19.0,17.0,19.0,17.0,5.0,1.0,8.0,6.0,0.0,0.0,19.0,17.0,0.0,0.0,8.0,6.0
C3_f0.1__lamarckian__s18,C3_f0.1__lamarckian,C3_f0.1,C3,lamarckian,18,1650,eval,50,3.84,15,15,118.11120849619479,0.7083333333333334,0.5,365.0,320.0,386.0,433.0,82.0,48.0,59.0,61.0,21.0,18.0,23.0,23.0,9.0,2.0,8.0,7.0,0.0,0.0,23.0,23.0,0.0,0.0,8.0,7.0
C3_f0.1__lamarckian__s18,C3_f0.1__lamarckian,C3_f0.1,C3,lamarckian,18,1700,eval,50,3.94,15,15,113.92814787901655,0.7291666666666666,0.5,430.0,364.0,331.0,437.0,61.0,50.0,47.0,59.0,17.0,23.0,25.0,22.0,4.0,7.0,7.0,6.0,0.0,0.0,25.0,22.0,0.0,0.0,7.0,6.0
C3_f0.1__lamarckian__s18,C3_f0.1__lamarckian,C3_f0.1,C3,lamarckian,18,1750,eval,50,3.98,8,8,154.17983943886202,0.5625,0.5,392.0,336.0,307.0,424.0,154.0,124.0,77.0,94.0,11.0,13.0,13.0,13.0,12.0,4.0,5.0,9.0,0.0,0.0,13.0,13.0,0.0,0.0,5.0,9.0
C3_f0.1__lamarckian__s18,C3_f0.1__lamarckian,C3_f0.1,C3,lamarckian,18,1800,eval,50,4.04,2,2,165.88716043032684,0.4375,0.5,515.0,370.0,403.0,495.0,95.0,64.0,60.0,95.0,15.0,19.0,4.0,15.0,1.0,3.0,7.0,7.0,0.0,0.0,4.0,15.0,0.0,0.0,7.0,7.0
C3_f0.1__lamarckian__s19,C3_f0.1__lamarckian,C3_f0.1,C3,lamarckian,19,50,train,50,0.9,31,1,136.47764060088446,0.7291666666666666,0.5,123.0,101.0,123.0,155.0,80.0,53.0,0.0,0.0,33.0,14.0,23.0,17.0,11.0,7.0,0.0,0.0,0.0,0.0,23.0,17.0,0.0,0.0,0.0,0.0
C3_f0.1__lamarckian__s19,C3_f0.1__lamarckian,C3_f0.1,C3,lamarckian,19,100,train,50,1.0,13,13,119.72253196912264,0.75,0.5,209.0,187.0,232.0,247.0,44.0,40.0,0.0,0.0,15.0,16.0,31.0,20.0,14.0,9.0,0.0,0.0,0.0,0.0,31.0,20.0,0.0,0.0,0.0,0.0
C3_f0.1__lamarckian__s19,C3_f0.1__lamarckian,C3_f0.1,C3,lamarckian,19,150,train,50,1.08,14,14,72.5507931497587,0.8541666666666666,0.5,257.0,186.0,223.0,312.0,89.0,68.0,0.0,0.0,18.0,21.0,26.0,24.0,11.0,12.0,0.0,0.0,0.0,0.0,26.0,24.0,0.0,0.0,0.0,0.0
C3_f0.1__lamarckian__s19,C3_f0.1__lamarckian,C3_f0.1,C3,lamarckian,19,200,train,50,1.08,12,12,97.49753879434414,0.7916666666666666,0.5,278.0,238.0,229.0,302.0,104.0,94.0,0.0,0.0,24.0,9.0,19.0,17.0,16.0,10.0,0.0,0.0,0.0,0.0,19.0,17.0,0.0,0.0,0.0,0.0
C3_f0.1__lamarckian__s19,C3_f0.1__lamarckian,C3_f0.1,C3,lamarckian,19,250,train,50,1.16,13,13,114.91056419353349,0.5625,0.5,392.0,321.0,231.0,218.0,109.0,77.0,0.0,0.0,12.0,15.0,18.0,10.0,16.0,11.0,0.0,0.0,0.0,0.0,18.0,10.0,0.0,0.0,0.0,0.0
C3_f0.1__lamarckian__s19,C3_f0.1__lamarckian,C3_f0.1,C3,lamarckian,19,300,train,50,1.08,12,12,56.062965746331756,0.8958333333333334,0.5,321.0,301.0,276.0,348.0,50.0,56.0,0.0,0.0,21.0,22.0,22.0,30.0,15.0,6.0,0.0,0.0,0.0,0.0,22.0,30.0,0.0,0.0,0.0,0.0
C3_f0.1__lamarckian__s19,C3_f0.1__lamarckian,C3_f0.1,C3,lamarckian,19,350,train,50,1.1,8,8,97.06222154586283,0.7708333333333334,0.5,352.0,262.0,179.0,195.0,47.0,41.0,0.0,0.0,23.0,26.0,12.0,15.0,23.0,2.0,0.0,0.0,0.0,0.0,12.0,15.0,0.0,0.0,0.0,0.0
C3_f0.1__lamarckian__s19,C3_f0.1__lamarckian,C3_f0.1,C3,lamarckian,19,400,train,50,1.1,6,6,121.95423381194902,0.7916666666666666,0.5,364.0,289.0,233.0,320.0,67.0,55.0,0.0,0.0,20.0,11.0,18.0,19.0,13.0,8.0,0.0,0.0,0.0,0.0,18.0,19.0,0.0,0.0,0.0,0.0
C3_f0.1__lamarckian__s19,C3_f0.1__lamarckian,C3_f0.1,C3,lamarckian,19,450,train,50,1.08,4,4,131.29570014985768,0.5625,0.5,331.0,244.0,343.0,378.0,91.0,73.0,0.0,0.0,26.0,8.0,20.0,13.0,16.0,6.0,0.0,0.0,0.0,0.0,20.0,13.0,0.0,0.0,0.0,0.0
C3_f0.1__lamarckian__s19,C3_f0.1__lamarckian,C3_f0.1,C3,lamarckian,19,500,train,50,1.5,13,13,121.84732004889102,0.6458333333333334,0.5,374.0,303.0,274.0,326.0,119.0,92.0,0.0,0.0,18.0,11.0,17.0,21.0,21.0,8.0,0.0,0.0,0.0,0.0,17.0,21.0,0.0,0.0,0.0,0.0
C3_f0.1__lamarckian__s19,C3_f0.1__lamarckian,C3_f0.1,C3,lamarckian,19,550,train,50,1.72,17,17,96.70972499653806,0.8333333333333334,0.5,332.0,296.0,241.0,331.0,59.0,42.0,0.0,0.0,30.0,17.0,19.0,26.0,10.0,6.0,0.0,0.0,0.0,0.0,19.0,26.0,0.0,0.0,0.0,0.0
C3_f0.1__lamarckian__s19,C3_f0.1__lamarckian,C3_f0.1,C3,lamarckian,19,600,train,50,1.82,14,14,93.4193215956935,0.7708333333333334,0.5,196.0,157.0,161.0,186.0,82.0,86.0,0.0,0.0,21.0,14.0,27.0,13.0,16.0,11.0,0.0,0.0,0.0,0.0,27.0,13.0,0.0,0.0,0.0,0.0
C3_f0.1__lamarckian__s19,C3_f0.1__lamarckian,C3_f0.1,C3,lamarckian,19,650,train,50,1.86,10,10,113.71091384919671,0.75,0.5,311.0,282.0,218.0,271.0,70.0,54.0,0.0,0.0,26.0,15.0,16.0,18.0,18.0,10.0,0.0,0.0,0.0,0.0,16.0,18.0,0.0,0.0,0.0,0.0
C3_f0.1__lamarckian__s19,C3_f0.1__lamarckian,C3_f0.1,C3,lamarckian,19,700,train,50,1.94,8,8,106.13883103951889,0.6875,0.5,394.0,328.0,184.0,248.0,64.0,39.0,0.0,0.0,24.0,21.0,17.0,17.0,19.0,5.0,0.0,0.0,0.0,0.0,17.0,17.0,0.0,0.0,0.0,0.0
C3_f0.1__lamarckian__s19,C3_f0.1__lamarckian,C3_f0.1,C3,lamarckian,19,750,train,50,2.0,9,9,88.15936595931103,0.7916666666666666,0.5,245.0,213.0,217.0,275.0,103.0,73.0,0.0,0.0,29.0,20.0,17.0,14.0,18.0,9.0,0.0,0.0,0.0,0.0,17.0,14.0,0.0,0.0,0.0,0.0
C3_f0.1__lamarckian__s19,C3_f0.1__lamarckian,C3_f0.1,C3,lamarckian,19,800,train,50,2.04,11,11,83.8099569366131,0.8125,0.5,259.0,190.0,228.0,270.0,70.0,55.0,0.0,0.0,28.0,14.0,15.0,21.0,12.0,9.0,0.0,0.0,0.0,0.0,15.0,21.0,0.0,0.0,0.0,0.0
C3_f0.1__lamarckian__s19,C3_f0.1__lamarckian,C3_f0.1,C3,lamarckian,19,850,train,50,2.12,13,13,81.35462496724685,0.875,0.5,280.0,241.0,221.0,249.0,70.0,45.0,0.0,0.0,17.0,24.0,12.0,19.0,14.0,11.0,0.0,0.0,0.0,0.0,12.0,19.0,0.0,0.0,0.0,0.0
C3_f0.1__lamarckian__s19,C3_f0.1__lamarckian,C3_f0.1,C3,lamarckian,19,900,train,50,2.18,12,12,94.12490040180543,0.7916666666666666,0.5,344.0,283.0,219.0,263.0,120.0,94.0,0.0,0.0,23.0,15.0,19.0,22.0,14.0,13.0,0.0,0.0,0.0,0.0,19.0,22.0,0.0,0.0,0.0,0.0
C3_f0.1__lamarckian__s19,C3_f0.1__lamarckian,C3_f0.1,C3,lamarckian,19,950,train,50,2.24,7,7,80.29568752013698,0.875,0.5,393.0,306.0,256.0,310.0,54.0,56.0,0.0,0.0,21.0,17.0,25.0,27.0,11.0,14.0,0.0,0.0,0.0,0.0,25.0,27.0,0.0,0.0,0.0,0.0
C3_f0.1__lamarckian__s19,C3_f0.1__lamarckian,C3_f0.1,C3,lamarckian,19,1000,train,50,2.62,16,16,75.4110333626634,0.8958333333333334,0.5,382.0,309.0,310.0,336.0,83.0,52.0,0.0,0.0,15.0,24.0,26.0,27.0,18.0,11.0,0.0,0.0,0.0,0.0,26.0,27.0,0.0,0.0,0.0,0.0
C3_f0.1__lamarckian__s19,C3_f0.1__lamarckian,C3_f0.1,C3,lamarckian,19,1050,train,50,2.8,13,13,100.20740559536355,0.75,0.5,301.0,263.0,277.0,314.0,116.0,78.0,0.0,0.0,14.0,20.0,21.0,22.0,25.0,5.0,0.0,0.0,0.0,0.0,21.0,22.0,0.0,0.0,0.0,0.0
C3_f0.1__lamarckian__s19,C3_f0.1__lamarckian,C3_f0.1,C3,lamarckian,19,1100,train,50,2.9,18,18,58.83526383483955,0.875,0.5,398.0,321.0,243.0,271.0,61.0,46.0,0.0,0.0,32.0,31.0,23.0,15.0,17.0,9.0,0.0,0.0,0.0,0.0,23.0,15.0,0.0,0.0,0.0,0.0
C3_f0.1__lamarckian__s19,C3_f0.1__lamarckian,C3_f0.1,C3,lamarckian,19,1150,train,50,2.92,19,19,74.07464092814097,0.875,0.5,307.0,256.0,243.0,267.0,52.0,55.0,0.0,0.0,18.0,20.0,19.0,23.0,10.0,16.0,0.0,0.0,0.0,0.0,19.0,23.0,0.0,0.0,0.0,0.0
C3_f0.1__lamarckian__s19,C3_f0.1__lamarckian,C3_f0.1,C3,lamarckian,19,1200,train,50,2.86,13,13,111.2613350474646,0.7291666666666666,0.5,316.0,236.0,314.0,371.0,58.0,51.0,0.0,0.0,28.0,14.0,22.0,24.0,12.0,12.0,0.0,0.0,0.0,0.0,22.0,24.0,0.0,0.0,0.0,0.0
C3_f0.1__lamarckian__s19,C3_f0.1__lamarckian,C3_f0.1,C3,lamarckian,19,1250,train,50,2.9,11,11,73.92073311383449,0.8125,0.5,411.0,363.0,200.0,283.0,57.0,52.0,0.0,0.0,32.0,20.0,13.0,17.0,6.0,14.0,0.0,0.0,0.0,0.0,13.0,17.0,0.0,0.0,0.0,0.0
C3_f0.1__lamarckian__s19,C3_f0.1__lamarckian,C3_f0.1,C3,lamarckian,19,1300,train,50,2.94,9,9,63.26687617163866,0.8958333333333334,0.5,310.0,208.0,297.0,320.0,68.0,55.0,0.0,0.0,34.0,12.0,16.0,24.0,15.0,15.0,0.0,0.0,0.0,0.0,16.0,24.0,0.0,0.0,0.0,0.0
C3_f0.1__lamarckian__s19,C3_f0.1__lamarckian,C3_f0.1,C3,lamarckian,19,1350,train,50,3.2,20,20,79.11366283563787,0.8333333333333334,0.5,308.0,256.0,220.0,296.0,62.0,55.0,0.0,0.0,27.0,15.0,21.0,18.0,19.0,11.0,0.0,0.0,0.0,0.0,21.0,18.0,0.0,0.0,0.0,0.0
C3_f0.1__lamarckian__s19,C3_f0.1__lamarckian,C3_f0.1,C3,lamarckian,19,1400,train,50,3.62,12,12,55.94922661522189,0.8958333333333334,0.5,287.0,236.0,204.0,295.0,66.0,58.0,0.0,0.0,37.0,13.0,22.0,17.0,16.0,14.0,0.0,0.0,0.0,0.0,22.0,17.0,0.0,0.0,0.0,0.0
C3_f0.1__lamarckian__s19,C3_f0.1__lamarckian,C3_f0.1,C3,lamarckian,19,1450,train,50,3.56,9,9,81.59473621694323,0.875,0.5,285.0,199.0,211.0,288.0,53.0,33.0,0.0,0.0,28.0,13.0,17.0,18.0,12.0,9.0,0.0,0.0,0.0,0.0,17.0,18.0,0.0,0.0,0.0,0.0
C3_f0.1__lamarckian__s19,C3_f0.1__lamarckian,C3_f0.1,C3,lamarckian,19,1500,train,50,3.64,9,9,97.95306312587373,0.7291666666666666,0.5,343.0,273.0,336.0,399.0,66.0,40.0,0.0,0.0,27.0,17.0,17.0,19.0,22.0,8.0,0.0,0.0,0.0,0.0,17.0,19.0,0.0,0.0,0.0,0.0
C3_f0.1__lamarckian__s19,C3_f0.1__lamarckian,C3_f0.1,C3,lamarckian,19,1550,eval,50,3.64,14,14,141.6924165084518,0.6041666666666666,0.5,434.0,332.0,300.0,385.0,30.0,23.0,39.0,47.0,17.0,17.0,16.0,16.0,5.0,5.0,6.0,3.0,0.0,0.0,16.0,16.0,0.0,0.0,6.0,3.0
C3_f0.1__lamarckian__s19,C3_f0.1__lamarckian,C3_f0.1,C3,lamarckian,19,1600,eval,50,3.7,8,8,141.74539474349746,0.7083333333333334,0.5,366.0,276.0,343.0,436.0,44.0,28.0,52.0,80.0,11.0,18.0,26.0,21.0,4.0,4.0,3.0,3.0,0.0,0.0,26.0,21.0,0.0,0.0,3.0,3.0
C3_f0.1__lamarckian__s19,C3_f0.1__lamarckian,C3_f0.1,C3,lamarckian,19,1650,eval,50,3.86,11,11,138.05616337586815,0.625,0.5,389.0,321.0,323.0,402.0,82.0,64.0,60.0,96.0,17.0,10.0,14.0,24.0,10.0,6.0,3.0,3.0,0.0,0.0,14.0,24.0,0.0,0.0,3.0,3.0
C3_f0.1__lamarckian__s19,C3_f0.1__lamarckian,C3_f0.1,C3,lamarckian,19,1700,eval,50,3.94,9,9,148.35671038811694,0.5625,0.5,486.0,357.0,342.0,400.0,118.0,114.0,23.0,42.0,13.0,16.0,15.0,21.0,5.0,5.0,1.0,7.0,0.0,0.0,15.0,21.0,0.0,0.0,1.0,7.0
C3_f0.1__lamarckian__s19,C3_f0.1__lamarckian,C3_f0.1,C3,lamarckian,19,1750,eval,50,3.98,4,4,142.0639081385237,0.5,0.5,573.0,470.0,297.0,390.0,119.0,110.0,79.0,73.0,16.0,18.0,10.0,14.0,5.0,4.0,4.0,6.0,0.0,0.0,10.0,14.0,0.0,0.0,4.0,6.0
C3_f0.1__lamarckian__s19,C3_f0.1__lamarckian,C3_f0.1,C3,lamarckian,19,1800,eval,50,4.02,4,4,161.99555963146955,0.4791666666666667,0.5,554.0,470.0,306.0,421.0,144.0,103.0,71.0,78.0,22.0,17.0,11.0,12.0,7.0,5.0,2.0,7.0,0.0,0.0,11.0,12.0,0.0,0.0,2.0,7.0
C3_f0.1__lamarckian__s20,C3_f0.1__lamarckian,C3_f0.1,C3,lamarckian,20,50,train,45,0.8666666666666667,33,8,73.03590607853008,0.875,0.5,141.0,123.0,128.0,157.0,17.0,19.0,0.0,0.0,32.0,14.0,16.0,33.0,14.0,14.0,0.0,0.0,0.0,0.0,16.0,33.0,0.0,0.0,0.0,0.0
C3_f0.1__lamarckian__s20,C3_f0.1__lamarckian,C3_f0.1,C3,lamarckian,20,100,train,41,0.8536585365853658,13,17,71.90734207350258,0.9166666666666666,0.5,208.0,163.0,132.0,187.0,35.0,28.0,0.0,0.0,16.0,16.0,23.0,24.0,15.0,12.0,0.0,0.0,0.0,0.0,23.0,24.0,0.0,0.0,0.0,0.0
C3_f0.1__lamarckian__s20,C3_f0.1__lamarckian,C3_f0.1,C3,lamarckian,20,150,train,48,1.1666666666666667,20,13,74.71693407145005,0.8541666666666666,0.5,234.0,164.0,249.0,265.0,39.0,31.0,0.0,0.0,17.0,17.0,24.0,20.0,13.0,10.0,0.0,0.0,0.0,0.0,24.0,20.0,0.0,0.0,0.0,0.0
C3_f0.1__lamarckian__s20,C3_f0.1__lamarckian,C3_f0.1,C3,lamarckian,20,200,train,50,1.36,17,15,54.11543261039111,0.875,0.5,303.0,230.0,229.0,252.0,67.0,54.0,0.0,0.0,25.0,21.0,28.0,22.0,15.0,8.0,0.0,0.0,0.0,0.0,28.0,22.0,0.0,0.0,0.0,0.0
C3_f0.1__lamarckian__s20,C3_f0.1__lamarckian,C3_f0.1,C3,lamarckian,20,250,train,50,1.38,18,18,66.82870258396794,0.8541666666666666,0.5,222.0,197.0,159.0,188.0,98.0,78.0,0.0,0.0,23.0,16.0,8.0,21.0,17.0,15.0,0.0,0.0,0.0,0.0,8.0,21.0,0.0,0.0,0.0,0.0
C3_f0.1__lamarckian__s20,C3_f0.1__lamarckian,C3_f0.1,C3,lamarckian,20,300,train,50,1.32,10,10,97.22113717076789,0.8125,0.5,318.0,278.0,250.0,321.0,58.0,47.0,0.0,0.0,17.0,19.0,15.0,17.0,10.0,14.0,0.0,0.0,0.0,0.0,15.0,17.0,0.0,0.0,0.0,0.0
C3_f0.1__lamarckian__s20,C3_f0.1__lamarckian,C3_f0.1,C3,lamarckian,20,350,train,50,1.22,10,10,76.07931478171744,0.8125,0.5,338.0,278.0,204.0,249.0,67.0,79.0,0.0,0.0,21.0,26.0,13.0,17.0,14.0,14.0,0.0,0.0,0.0,0.0,13.0,17.0,0.0,0.0,0.0,0.0
C3_f0.1__lamarckian__s20,C3_f0.1__lamarckian,C3_f0.1,C3,lamarckian,20,400,train,50,1.14,13,13,76.14811823857491,0.8541666666666666,0.5,334.0,250.0,230.0,304.0,78.0,64.0,0.0,0.0,22.0,12.0,15.0,22.0,28.0,9.0,0.0,0.0,0.0,0.0,15.0,22.0,0.0,0.0,0.0,0.0
C3_f0.1__lamarckian__s20,C3_f0.1__lamarckian,C3_f0.1,C3,lamarckian,20,450,train,50,1.1,10,10,84.65985141756691,0.7916666666666666,0.5,300.0,265.0,249.0,289.0,96.0,80.0,0.0,0.0,14.0,18.0,16.0,24.0,14.0,17.0,0.0,0.0,0.0,0.0,16.0,24.0,0.0,0.0,0.0,0.0
C3_f0.1__lamarckian__s20,C3_f0.1__lamarckian,C3_f0.1,C3,lamarckian,20,500,train,50,1.32,15,15,141.67926837546355,0.6041666666666666,0.5,403.0,334.0,258.0,347.0,50.0,31.0,0.0,0.0,16.0,11.0,12.0,21.0,10.0,5.0,0.0,0.0,0.0,0.0,12.0,21.0,0.0,0.0,0.0,0.0
C3_f0.1__lamarckian__s20,C3_f0.1__lamarckian,C3_f0.1,C3,lamarckian,20,550,train,50,1.54,13,13,79.12494016971345,0.8958333333333334,0.5,299.0,256.0,273.0,332.0,84.0,55.0,0.0,0.0,20.0,22.0,19.0,19.0,17.0,16.0,0.0,0.0,0.0,0.0,19.0,19.0,0.0,0.0,0.0,0.0
C3_f0.1__lamarckian__s20,C3_f0.1__lamarckian,C3_f0.1,C3,lamarckian,20,600,train,50,1.68,10,10,72.50619316706111,0.9166666666666666,0.5,238.0,161.0,269.0,320.0,72.0,66.0,0.0,0.0,20.0,17.0,18.0,20.0,17.0,18.0,0.0,0.0,0.0,0.0,18.0,20.0,0.0,0.0,0.0,0.0
C3_f0.1__lamarckian__s20,C3_f0.1__lamarckian,C3_f0.1,C3,lamarckian,20,650,train,50,1.88,18,18,83.7426909011196,0.8333333333333334,0.5,265.0,223.0,182.0,221.0,64.0,52.0,0.0,0.0,20.0,20.0,15.0,25.0,17.0,11.0,0.0,0.0,0.0,0.0,15.0,25.0,0.0,0.0,0.0,0.0
C3_f0.1__lamarckian__s20,C3_f0.1__lamarckian,C3_f0.1,C3,lamarckian,20,700,train,50,1.88,10,10,68.5000712123451,0.8958333333333334,0.5,309.0,246.0,288.0,312.0,42.0,32.0,0.0,0.0,24.0,23.0,20.0,17.0,19.0,8.0,0.0,0.0,0.0,0.0,20.0,17.0,0.0,0.0,0.0,0.0
C3_f0.1__lamarckian__s20,C3_f0.1__lamarckian,C3_f0.1,C3,lamarckian,20,750,train,50,1.86,17,17,75.93797436002356,0.8125,0.5,297.0,260.0,254.0,300.0,97.0,79.0,0.0,0.0,21.0,15.0,23.0,17.0,12.0,14.0,0.0,0.0,0.0,0.0,23.0,17.0,0.0,0.0,0.0,0.0
C3_f0.1__lamarckian__s20,C3_f0.1__lamarckian,C3_f0.1,C3,lamarckian,20,800,train,50,1.9,7,7,76.71209532067732,0.7708333333333334,0.5,312.0,273.0,198.0,232.0,79.0,74.0,0.0,0.0,24.0,19.0,19.0,9.0,16.0,17.0,0.0,0.0,0.0,0.0,19.0,9.0,0.0,0.0,0.0,0.0
C3_f0.1__lamarckian__s20,C3_f0.1__lamarckian,C3_f0.1,C3,lamarckian,20,850,train,50,1.92,15,15,81.85575117067596,0.7916666666666666,0.5,379.0,288.0,345.0,423.0,46.0,50.0,0.0,0.0,26.0,20.0,19.0,20.0,13.0,15.0,0.0,0.0,0.0,0.0,19.0,20.0,0.0,0.0,0.0,0.0
C3_f0.1__lamarckian__s20,C3_f0.1__lamarckian,C3_f0.1,C3,lamarckian,20,900,train,50,1.94,5,5,79.84237243189236,0.8125,0.5,289.0,215.0,257.0,349.0,44.0,43.0,0.0,0.0,13.0,17.0,20.0,24.0,19.0,15.0,0.0,0.0,0.0,0.0,20.0,24.0,0.0,0.0,0.0,0.0
C3_f0.1__lamarckian__s20,C3_f0.1__lamarckian,C3_f0.1,C3,lamarckian,20,950,train,50,2.08,14,14,97.94750288196904,0.7083333333333334,0.5,312.0,271.0,433.0,474.0,69.0,65.0,0.0,0.0,19.0,19.0,19.0,20.0,18.0,15.0,0.0,0.0,0.0,0.0,19.0,20.0,0.0,0.0,0.0,0.0
C3_f0.1__lamarckian__s20,C3_f0.1__lamarckian,C3_f0.1,C3,lamarckian,20,1000,train,50,2.3,12,12,71.95560823373873,0.8541666666666666,0.5,280.0,224.0,343.0,442.0,94.0,77.0,0.0,0.0,16.0,25.0,12.0,26.0,28.0,11.0,0.0,0.0,0.0,0.0,12.0,26.0,0.0,0.0,0.0,0.0
C3_f0.1__lamarckian__s20,C3_f0.1__lamarckian,C3_f0.1,C3,lamarckian,20,1050,train,50,2.48,12,12,71.55402468503871,0.8333333333333334,0.5,396.0,274.0,247.0,294.0,124.0,79.0,0.0,0.0,20.0,28.0,20.0,18.0,20.0,14.0,0.0,0.0,0.0,0.0,20.0,18.0,0.0,0.0,0.0,0.0
C3_f0.1__lamarckian__s20,C3_f0.1__lamarckian,C3_f0.1,C3,lamarckian,20,1100,train,50,2.66,16,16,89.4952064892316,0.7708333333333334,0.5,274.0,244.0,253.0,334.0,86.0,79.0,0.0,0.0,18.0,17.0,18.0,25.0,13.0,13.0,0.0,0.0,0.0,0.0,18.0,25.0,0.0,0.0,0.0,0.0
C3_f0.1__lamarckian__s20,C3_f0.1__lamarckian,C3_f0.1,C3,lamarckian,20,1150,train,50,2.78,18,18,77.00738717268209,0.9166666666666666,0.5,312.0,226.0,288.0,328.0,96.0,72.0,0.0,0.0,19.0,18.0,18.0,28.0,16.0,10.0,0.0,0.0,0.0,0.0,18.0,28.0,0.0,0.0,0.0,0.0
C3_f0.1__lamarckian__s20,C3_f0.1__lamarckian,C3_f0.1,C3,lamarckian,20,1200,train,50,2.78,11,11,70.8564566182464,0.8333333333333334,0.5,292.0,229.0,208.0,280.0,45.0,34.0,0.0,0.0,28.0,14.0,20.0,15.0,22.0,7.0,0.0,0.0,0.0,0.0,20.0,15.0,0.0,0.0,0.0,0.0
C3_f0.1__lamarckian__s20,C3_f0.1__lamarckian,C3_f0.1,C3,lamarckian,20,1250,train,50,2.8,17,17,61.570306928539914,0.8958333333333334,0.5,262.0,225.0,224.0,316.0,36.0,44.0,0.0,0.0,13.0,33.0,8.0,27.0,18.0,11.0,0.0,0.0,0.0,0.0,8.0,27.0,0.0,0.0,0.0,0.0
C3_f0.1__lamarckian__s20,C3_f0.1__lamarckian,C3_f0.1,C3,lamarckian,20,1300,train,50,2.82,14,14,86.80979432712391,0.8958333333333334,0.5,306.0,223.0,197.0,245.0,56.0,30.0,0.0,0.0,30.0,16.0,19.0,26.0,18.0,7.0,0.0,0.0,0.0,0.0,19.0,26.0,0.0,0.0,0.0,0.0
C3_f0.1__lamarckian__s20,C3_f0.1__lamarckian,C3_f0.1,C3,lamarckian,20,1350,train,50,3.02,22,22,90.1238904262874,0.8333333333333334,0.5,230.0,187.0,206.0,227.0,63.0,61.0,0.0,0.0,28.0,7.0,25.0,18.0,19.0,13.0,0.0,0.0,0.0,0.0,25.0,18.0,0.0,0.0,0.0,0.0
C3_f0.1__lamarckian__s20,C3_f0.1__lamarckian,C3_f0.1,C3,lamarckian,20,1400,train,50,3.28,18,18,38.061854006359894,0.9791666666666666,0.5,237.0,193.0,259.0,292.0,120.0,95.0,0.0,0.0,33.0,19.0,19.0,29.0,18.0,16.0,0.0,0.0,0.0,0.0,19.0,29.0,0.0,0.0,0.0,0.0
C3_f0.1__lamarckian__s20,C3_f0.1__lamarckian,C3_f0.1,C3,lamarckian,20,1450,train,49,3.5306122448979593,21,22,88.95708558336807,0.8541666666666666,0.5,237.0,179.0,210.0,264.0,82.0,61.0,0.0,0.0,18.0,15.0,25.0,14.0,18.0,12.0,0.0,0.0,0.0,0.0,25.0,14.0,0.0,0.0,0.0,0.0
C3_f0.1__lamarckian__s20,C3_f0.1__lamarckian,C3_f0.1,C3,lamarckian,20,1500,train,50,3.68,16,15,61.84197775633983,0.9375,0.5,275.0,220.0,227.0,295.0,50.0,41.0,0.0,0.0,31.0,11.0,20.0,23.0,21.0,15.0,0.0,0.0,0.0,0.0,20.0,23.0,0.0,0.0,0.0,0.0
C3_f0.1__lamarckian__s20,C3_f0.1__lamarckian,C3_f0.1,C3,lamarckian,20,1550,eval,50,3.78,10,10,97.05949582760167,0.8333333333333334,0.5,252.0,249.0,228.0,262.0,31.0,30.0,9.0,7.0,22.0,23.0,23.0,9.0,10.0,5.0,4.0,2.0,0.0,0.0,23.0,9.0,0.0,0.0,4.0,2.0
C3_f0.1__lamarckian__s20,C3_f0.1__lamarckian,C3_f0.1,C3,lamarckian,20,1600,eval,49,3.979591836734694,23,24,77.06404702257043,0.8541666666666666,0.5,297.0,265.0,191.0,236.0,40.0,39.0,34.0,26.0,26.0,19.0,24.0,17.0,8.0,13.0,12.0,5.0,0.0,0.0,24.0,17.0,0.0,0.0,12.0,5.0
C3_f0.1__lamarckian__s20,C3_f0.1__lamarckian,C3_f0.1,C3,lamarckian,20,1650,eval,49,4.224489795918367,17,17,78.25618197160847,0.9166666666666666,0.5,405.0,320.0,266.0,312.0,42.0,38.0,19.0,12.0,36.0,11.0,20.0,21.0,14.0,9.0,12.0,1.0,0.0,0.0,20.0,21.0,0.0,0.0,12.0,1.0
C3_f0.1__lamarckian__s20,C3_f0.1__lamarckian,C3_f0.1,C3,lamarckian,20,1700,eval,47,4.425531914893617,16,18,79.6881012674175,0.9166666666666666,0.5,342.0,281.0,267.0,316.0,22.0,18.0,25.0,33.0,25.0,15.0,21.0,23.0,15.0,7.0,7.0,8.0,0.0,0.0,21.0,23.0,0.0,0.0,7.0,8.0
C3_f0.1__lamarckian__s20,C3_f0.1__lamarckian,C3_f0.1,C3,lamarckian,20,1750,eval,45,4.488888888888889,19,21,139.67281272139576,0.7708333333333334,0.5,343.0,258.0,327.0,399.0,21.0,19.0,23.0,21.0,26.0,14.0,17.0,23.0,4.0,4.0,10.0,10.0,0.0,0.0,17.0,23.0,0.0,0.0,10.0,10.0
C3_f0.1__lamarckian__s20,C3_f0.1__lamarckian,C3_f0.1,C3,lamarckian,20,1800,eval,50,4.82,18,13,110.81419386525363,0.7291666666666666,0.5,411.0,354.0,241.0,322.0,59.0,52.0,28.0,40.0,27.0,21.0,14.0,18.0,11.0,14.0,3.0,10.0,0.0,0.0,14.0,18.0,0.0,0.0,3.0,10.0
C3_f0.1__lamarckian__s21,C3_f0.1__lamarckian,C3_f0.1,C3,lamarckian,21,50,train,50,0.74,35,5,86.67475974404215,0.8333333333333334,0.5,173.0,147.0,145.0,182.0,34.0,22.0,0.0,0.0,24.0,27.0,21.0,29.0,3.0,5.0,0.0,0.0,0.0,0.0,21.0,29.0,0.0,0.0,0.0,0.0
C3_f0.1__lamarckian__s21,C3_f0.1__lamarckian,C3_f0.1,C3,lamarckian,21,100,train,48,0.8541666666666666,11,13,98.66302851637336,0.8333333333333334,0.5,220.0,166.0,186.0,242.0,46.0,32.0,0.0,0.0,21.0,19.0,18.0,18.0,10.0,3.0,0.0,0.0,0.0,0.0,18.0,18.0,0.0,0.0,0.0,0.0
C3_f0.1__lamarckian__s21,C3_f0.1__lamarckian,C3_f0.1,C3,lamarckian,21,150,train,50,1.14,15,13,58.64967382966604,0.9166666666666666,0.5,239.0,185.0,201.0,265.0,32.0,19.0,0.0,0.0,26.0,26.0,16.0,29.0,6.0,8.0,0.0,0.0,0.0,0.0,16.0,29.0,0.0,0.0,0.0,0.0
C3_f0.1__lamarckian__s21,C3_f0.1__lamarckian,C3_f0.1,C3,lamarckian,21,200,train,50,1.38,17,17,103.91205322447581,0.7291666666666666,0.5,300.0,230.0,195.0,225.0,30.0,24.0,0.0,0.0,28.0,20.0,16.0,18.0,3.0,9.0,0.0,0.0,0.0,0.0,16.0,18.0,0.0,0.0,0.0,0.0
C3_f0.1__lamarckian__s21,C3_f0.1__lamarckian,C3_f0.1,C3,lamarckian,21,250,train,50,1.24,15,15,126.1143400402559,0.6458333333333334,0.5,309.0,213.0,362.0,403.0,43.0,33.0,0.0,0.0,25.0,9.0,31.0,14.0,5.0,6.0,0.0,0.0,0.0,0.0,31.0,14.0,0.0,0.0,0.0,0.0
C3_f0.1__lamarckian__s21,C3_f0.1__lamarckian,C3_f0.1,C3,lamarckian,21,300,train,50,1.14,6,6,79.9755832303965,0.8333333333333334,0.5,329.0,250.0,248.0,321.0,78.0,58.0,0.0,0.0,24.0,28.0,12.0,12.0,10.0,7.0,0.0,0.0,0.0,0.0,12.0,12.0,0.0,0.0,0.0,0.0
C3_f0.1__lamarckian__s21,C3_f0.1__lamarckian,C3_f0.1,C3,lamarckian,21,350,train,50,1.12,8,8,73.49168828943918,0.7916666666666666,0.5,329.0,296.0,241.0,300.0,75.0,60.0,0.0,0.0,44.0,16.0,19.0,11.0,9.0,8.0,0.0,0.0,0.0,0.0,19.0,11.0,0.0,0.0,0.0,0.0
C3_f0.1__lamarckian__s21,C3_f0.1__lamarckian,C3_f0.1,C3,lamarckian,21,400,train,50,1.12,5,5,103.54300491813768,0.7291666666666666,0.5,343.0,268.0,249.0,319.0,66.0,46.0,0.0,0.0,32.0,9.0,21.0,17.0,8.0,4.0,0.0,0.0,0.0,0.0,21.0,17.0,0.0,0.0,0.0,0.0
C3_f0.1__lamarckian__s21,C3_f0.1__lamarckian,C3_f0.1,C3,lamarckian,21,450,train,50,1.14,10,10,64.87860777167805,0.8541666666666666,0.5,342.0,288.0,281.0,362.0,105.0,66.0,0.0,0.0,35.0,13.0,32.0,20.0,14.0,2.0,0.0,0.0,0.0,0.0,32.0,20.0,0.0,0.0,0.0,0.0
C3_f0.1__lamarckian__s21,C3_f0.1__lamarckian,C3_f0.1,C3,lamarckian,21,500,train,50,1.46,14,14,100.47363919707294,0.7083333333333334,0.5,281.0,239.0,252.0,302.0,47.0,37.0,0.0,0.0,35.0,7.0,23.0,17.0,8.0,0.0,0.0,0.0,0.0,0.0,23.0,17.0,0.0,0.0,0.0,0.0
C3_f0.1__lamarckian__s21,C3_f0.1__lamarckian,C3_f0.1,C3,lamarckian,21,550,train,50,1.86,17,17,122.2822170342713,0.7083333333333334,0.5,295.0,233.0,252.0,280.0,129.0,95.0,0.0,0.0,33.0,10.0,26.0,19.0,9.0,9.0,0.0,0.0,0.0,0.0,26.0,19.0,0.0,0.0,0.0,0.0
C3_f0.1__lamarckian__s21,C3_f0.1__lamarckian,C3_f0.1,C3,lamarckian,21,600,train,50,1.96,7,7,95.23836070408751,0.7708333333333334,0.5,393.0,331.0,330.0,407.0,82.0,64.0,0.0,0.0,40.0,15.0,21.0,20.0,9.0,8.0,0.0,0.0,0.0,0.0,21.0,20.0,0.0,0.0,0.0,0.0
C3_f0.1__lamarckian__s21,C3_f0.1__lamarckian,C3_f0.1,C3,lamarckian,21,650,train,50,2.06,13,13,95.5017136297871,0.7708333333333334,0.5,320.0,238.0,305.0,351.0,55.0,51.0,0.0,0.0,30.0,18.0,28.0,11.0,5.0,7.0,0.0,0.0,0.0,0.0,28.0,11.0,0.0,0.0,0.0,0.0
C3_f0.1__lamarckian__s21,C3_f0.1__lamarckian,C3_f0.1,C3,lamarckian,21,700,train,50,2.08,19,19,116.98298890130675,0.6875,0.5,274.0,203.0,364.0,408.0,45.0,40.0,0.0,0.0,15.0,17.0,30.0,27.0,6.0,5.0,0.0,0.0,0.0,0.0,30.0,27.0,0.0,0.0,0.0,0.0
C3_f0.1__lamarckian__s21,C3_f0.1__lamarckian,C3_f0.1,C3,lamarckian,21,750,train,50,2.28,22,22,88.641545565895,0.7916666666666666,0.5,290.0,241.0,292.0,348.0,55.0,57.0,0.0,0.0,25.0,25.0,24.0,22.0,11.0,6.0,0.0,0.0,0.0,0.0,24.0,22.0,0.0,0.0,0.0,0.0
C3_f0.1__lamarckian__s21,C3_f0.1__lamarckian,C3_f0.1,C3,lamarckian,21,800,train,50,2.28,11,11,69.6817704877528,0.8541666666666666,0.5,292.0,263.0,159.0,191.0,76.0,54.0,0.0,0.0,35.0,14.0,25.0,19.0,7.0,5.0,0.0,0.0,0.0,0.0,25.0,19.0,0.0,0.0,0.0,0.0
C3_f0.1__lamarckian__s21,C3_f0.1__lamarckian,C3_f0.1,C3,lamarckian,21,850,train,50,2.26,12,12,62.91275121932789,0.9375,0.5,290.0,256.0,128.0,200.0,50.0,44.0,0.0,0.0,41.0,13.0,21.0,15.0,9.0,5.0,0.0,0.0,0.0,0.0,21.0,15.0,0.0,0.0,0.0,0.0
C3_f0.1__lamarckian__s21,C3_f0.1__lamarckian,C3_f0.1,C3,lamarckian,21,900,train,50,2.24,15,15,74.23141588588787,0.9375,0.5,296.0,241.0,172.0,186.0,44.0,40.0,0.0,0.0,36.0,16.0,22.0,17.0,11.0,6.0,0.0,0.0,0.0,0.0,22.0,17.0,0.0,0.0,0.0,0.0
C3_f0.1__lamarckian__s21,C3_f0.1__lamarckian,C3_f0.1,C3,lamarckian,21,950,train,50,2.28,14,14,74.52372516140858,0.8541666666666666,0.5,285.0,195.0,166.0,277.0,60.0,65.0,0.0,0.0,36.0,17.0,20.0,20.0,9.0,2.0,0.0,0.0,0.0,0.0,20.0,20.0,0.0,0.0,0.0,0.0
C3_f0.1__lamarckian__s21,C3_f0.1__lamarckian,C3_f0.1,C3,lamarckian,21,1000,train,50,2.68,20,20,76.9832702874375,0.8541666666666666,0.5,284.0,224.0,202.0,270.0,46.0,27.0,0.0,0.0,35.0,9.0,26.0,22.0,9.0,2.0,0.0,0.0,0.0,0.0,26.0,22.0,0.0,0.0,0.0,0.0
C3_f0.1__lamarckian__s21,C3_f0.1__lamarckian,C3_f0.1,C3,lamarckian,21,1050,train,50,2.94,12,12,100.99264466560464,0.7916666666666666,0.5,343.0,242.0,222.0,243.0,80.0,59.0,0.0,0.0,41.0,18.0,16.0,16.0,4.0,10.0,0.0,0.0,0.0,0.0,16.0,16.0,0.0,0.0,0.0,0.0
C3_f0.1__lamarckian__s21,C3_f0.1__lamarckian,C3_f0.1,C3,lamarckian,21,1100,train,50,2.92,11,11,85.03626748998016,0.8333333333333334,0.5,312.0,272.0,271.0,349.0,77.0,50.0,0.0,0.0,36.0,15.0,22.0,24.0,13.0,8.0,0.0,0.0,0.0,0.0,22.0,24.0,0.0,0.0,0.0,0.0
C3_f0.1__lamarckian__s21,C3_f0.1__lamarckian,C3_f0.1,C3,lamarckian,21,1150,train,50,3.0,15,15,67.82751909057073,0.875,0.5,276.0,207.0,208.0,274.0,78.0,35.0,0.0,0.0,44.0,13.0,14.0,24.0,7.0,5.0,0.0,0.0,0.0,0.0,14.0,24.0,0.0,0.0,0.0,0.0
C3_f0.1__lamarckian__s21,C3_f0.1__lamarckian,C3_f0.1,C3,lamarckian,21,1200,train,50,3.1,13,13,66.068066718815,0.9166666666666666,0.5,212.0,184.0,254.0,309.0,51.0,40.0,0.0,0.0,39.0,17.0,22.0,18.0,9.0,7.0,0.0,0.0,0.0,0.0,22.0,18.0,0.0,0.0,0.0,0.0
C3_f0.1__lamarckian__s21,C3_f0.1__lamarckian,C3_f0.1,C3,lamarckian,21,1250,train,50,3.28,19,19,74.35864005909522,0.9166666666666666,0.5,273.0,220.0,244.0,290.0,21.0,17.0,0.0,0.0,33.0,18.0,30.0,18.0,7.0,7.0,0.0,0.0,0.0,0.0,30.0,18.0,0.0,0.0,0.0,0.0
C3_f0.1__lamarckian__s21,C3_f0.1__lamarckian,C3_f0.1,C3,lamarckian,21,1300,train,50,3.2,19,19,103.42852443633616,0.6666666666666666,0.5,337.0,266.0,299.0,316.0,41.0,27.0,0.0,0.0,27.0,16.0,26.0,15.0,8.0,3.0,0.0,0.0,0.0,0.0,26.0,15.0,0.0,0.0,0.0,0.0
C3_f0.1__lamarckian__s21,C3_f0.1__lamarckian,C3_f0.1,C3,lamarckian,21,1350,train,50,3.26,12,12,112.39146184249955,0.6875,0.5,403.0,320.0,303.0,366.0,69.0,65.0,0.0,0.0,20.0,18.0,24.0,19.0,7.0,6.0,0.0,0.0,0.0,0.0,24.0,19.0,0.0,0.0,0.0,0.0
C3_f0.1__lamarckian__s21,C3_f0.1__lamarckian,C3_f0.1,C3,lamarckian,21,1400,train,50,3.24,5,5,117.11947019472359,0.625,0.5,348.0,262.0,301.0,421.0,51.0,48.0,0.0,0.0,22.0,14.0,25.0,23.0,4.0,7.0,0.0,0.0,0.0,0.0,25.0,23.0,0.0,0.0,0.0,0.0
C3_f0.1__lamarckian__s21,C3_f0.1__lamarckian,C3_f0.1,C3,lamarckian,21,1450,train,50,3.32,8,8,115.14217697474776,0.6666666666666666,0.5,358.0,307.0,348.0,435.0,40.0,43.0,0.0,0.0,28.0,13.0,19.0,24.0,4.0,16.0,0.0,0.0,0.0,0.0,19.0,24.0,0.0,0.0,0.0,0.0
C3_f0.1__lamarckian__s21,C3_f0.1__lamarckian,C3_f0.1,C3,lamarckian,21,1500,train,50,3.8,14,14,74.09935873268702,0.7916666666666666,0.5,435.0,330.0,358.0,428.0,39.0,42.0,0.0,0.0,37.0,11.0,22.0,19.0,8.0,16.0,0.0,0.0,0.0,0.0,22.0,19.0,0.0,0.0,0.0,0.0
C3_f0.1__lamarckian__s21,C3_f0.1__lamarckian,C3_f0.1,C3,lamarckian,21,1550,eval,50,3.92,12,12,86.91393466590463,0.7291666666666666,0.5,353.0,279.0,296.0,365.0,6.0,12.0,26.0,32.0,21.0,8.0,23.0,22.0,0.0,3.0,7.0,5.0,0.0,0.0,23.0,22.0,0.0,0.0,7.0,5.0
C3_f0.1__lamarckian__s21,C3_f0.1__lamarckian,C3_f0.1,C3,lamarckian,21,1600,eval,50,3.82,8,8,122.95324557714132,0.625,0.5,363.0,268.0,352.0,453.0,52.0,37.0,32.0,30.0,21.0,16.0,16.0,26.0,3.0,0.0,2.0,0.0,0.0,0.0,16.0,26.0,0.0,0.0,2.0,0.0
C3_f0.1__lamarckian__s21,C3_f0.1__lamarckian,C3_f0.1,C3,lamarckian,21,1650,eval,50,3.9,9,9,124.04969720626254,0.625,0.5,373.0,291.0,419.0,529.0,73.0,58.0,55.0,57.0,24.0,21.0,23.0,25.0,2.0,2.0,1.0,1.0,0.0,0.0,23.0,25.0,0.0,0.0,1.0,1.0
C3_f0.1__lamarckian__s21,C3_f0.1__lamarckian,C3_f0.1,C3,lamarckian,21,1700,eval,50,4.1,13,13,123.32018428967845,0.7291666666666666,0.5,488.0,385.0,330.0,421.0,14.0,14.0,77.0,83.0,20.0,21.0,17.0,26.0,1.0,1.0,8.0,10.0,0.0,0.0,17.0,26.0,0.0,0.0,8.0,10.0
C3_f0.1__lamarckian__s21,C3_f0.1__lamarckian,C3_f0.1,C3,lamarckian,21,1750,eval,50,4.24,8,8,111.30783698872153,0.6458333333333334,0.5,434.0,372.0,427.0,491.0,44.0,27.0,47.0,64.0,18.0,13.0,21.0,24.0,1.0,2.0,4.0,7.0,0.0,0.0,21.0,24.0,0.0,0.0,4.0,7.0
C3_f0.1__lamarckian__s21,C3_f0.1__lamarckian,C3_f0.1,C3,lamarckian,21,1800,eval,50,4.34,11,11,148.5953621949596,0.4791666666666667,0.5,392.0,351.0,400.0,512.0,39.0,34.0,15.0,25.0,28.0,15.0,17.0,16.0,4.0,4.0,1.0,2.0,0.0,0.0,17.0,16.0,0.0,0.0,1.0,2.0
C3_f0.1__lamarckian__s22,C3_f0.1__lamarckian,C3_f0.1,C3,lamarckian,22,50,train,50,0.8,33,3,100.47157092480981,0.7708333333333334,0.5,185.0,145.0,106.0,125.0,62.0,54.0,0.0,0.0,26.0,23.0,15.0,23.0,10.0,12.0,0.0,0.0,0.0,0.0,15.0,23.0,0.0,0.0,0.0,0.0
C3_f0.1__lamarckian__s22,C3_f0.1__lamarckian,C3_f0.1,C3,lamarckian,22,100,train,50,0.86,12,12,76.05830842487019,0.8541666666666666,0.5,155.0,116.0,182.0,206.0,60.0,68.0,0.0,0.0,24.0,19.0,15.0,19.0,8.0,12.0,0.0,0.0,0.0,0.0,15.0,19.0,0.0,0.0,0.0,0.0
C3_f0.1__lamarckian__s22,C3_f0.1__lamarckian,C3_f0.1,C3,lamarckian,22,150,train,50,0.92,12,12,77.59838770094288,0.875,0.5,216.0,170.0,210.0,242.0,34.0,52.0,0.0,0.0,29.0,17.0,16.0,28.0,14.0,9.0,0.0,0.0,0.0,0.0,16.0,28.0,0.0,0.0,0.0,0.0
C3_f0.1__lamarckian__s22,C3_f0.1__lamarckian,C3_f0.1,C3,lamarckian,22,200,train,50,0.98,17,17,100.28594390683828,0.8125,0.5,315.0,239.0,167.0,224.0,70.0,54.0,0.0,0.0,34.0,20.0,13.0,26.0,10.0,7.0,0.0,0.0,0.0,0.0,13.0,26.0,0.0,0.0,0.0,0.0
C3_f0.1__lamarckian__s22,C3_f0.1__lamarckian,C3_f0.1,C3,lamarckian,22,250,train,50,0.96,8,8,96.66822919076375,0.7291666666666666,0.5,217.0,208.0,230.0,274.0,94.0,105.0,0.0,0.0,25.0,21.0,17.0,12.0,15.0,12.0,0.0,0.0,0.0,0.0,17.0,12.0,0.0,0.0,0.0,0.0
C3_f0.1__lamarckian__s22,C3_f0.1__lamarckian,C3_f0.1,C3,lamarckian,22,300,train,50,0.96,5,5,112.93351787210933,0.6666666666666666,0.5,255.0,239.0,234.0,295.0,66.0,51.0,0.0,0.0,24.0,17.0,15.0,18.0,13.0,6.0,0.0,0.0,0.0,0.0,15.0,18.0,0.0,0.0,0.0,0.0
C3_f0.1__lamarckian__s22,C3_f0.1__lamarckian,C3_f0.1,C3,lamarckian,22,350,train,50,0.92,6,6,67.1700143330014,0.8125,0.5,338.0,298.0,245.0,274.0,75.0,38.0,0.0,0.0,35.0,18.0,17.0,17.0,30.0,4.0,0.0,0.0,0.0,0.0,17.0,17.0,0.0,0.0,0.0,0.0
C3_f0.1__lamarckian__s22,C3_f0.1__lamarckian,C3_f0.1,C3,lamarckian,22,400,train,50,0.92,5,5,80.56256988963324,0.8125,0.5,328.0,265.0,312.0,377.0,70.0,57.0,0.0,0.0,22.0,13.0,19.0,23.0,17.0,8.0,0.0,0.0,0.0,0.0,19.0,23.0,0.0,0.0,0.0,0.0
C3_f0.1__lamarckian__s22,C3_f0.1__lamarckian,C3_f0.1,C3,lamarckian,22,450,train,50,0.88,6,6,78.21026595564472,0.7708333333333334,0.5,355.0,295.0,235.0,277.0,77.0,44.0,0.0,0.0,23.0,19.0,15.0,16.0,21.0,6.0,0.0,0.0,0.0,0.0,15.0,16.0,0.0,0.0,0.0,0.0
C3_f0.1__lamarckian__s22,C3_f0.1__lamarckian,C3_f0.1,C3,lamarckian,22,500,train,50,1.38,16,16,113.91005531359642,0.7083333333333334,0.5,278.0,243.0,331.0,338.0,34.0,33.0,0.0,0.0,18.0,17.0,23.0,15.0,13.0,6.0,0.0,0.0,0.0,0.0,23.0,15.0,0.0,0.0,0.0,0.0
C3_f0.1__lamarckian__s22,C3_f0.1__lamarckian,C3_f0.1,C3,lamarckian,22,550,train,50,1.7,19,19,94.74536053082285,0.8333333333333334,0.5,349.0,241.0,236.0,323.0,48.0,50.0,0.0,0.0,23.0,21.0,19.0,25.0,11.0,14.0,0.0,0.0,0.0,0.0,19.0,25.0,0.0,0.0,0.0,0.0
C3_f0.1__lamarckian__s22,C3_f0.1__lamarckian,C3_f0.1,C3,lamarckian,22,600,train,50,1.74,9,9,94.98656797212803,0.7291666666666666,0.5,317.0,239.0,223.0,297.0,79.0,41.0,0.0,0.0,30.0,22.0,13.0,14.0,13.0,13.0,0.0,0.0,0.0,0.0,13.0,14.0,0.0,0.0,0.0,0.0
C3_f0.1__lamarckian__s22,C3_f0.1__lamarckian,C3_f0.1,C3,lamarckian,22,650,train,50,1.78,6,6,118.86742575091273,0.5833333333333334,0.5,325.0,266.0,254.0,301.0,83.0,61.0,0.0,0.0,18.0,16.0,9.0,14.0,15.0,13.0,0.0,0.0,0.0,0.0,9.0,14.0,0.0,0.0,0.0,0.0
C3_f0.1__lamarckian__s22,C3_f0.1__lamarckian,C3_f0.1,C3,lamarckian,22,700,train,50,1.92,15,15,77.41322281866344,0.875,0.5,306.0,288.0,323.0,351.0,51.0,42.0,0.0,0.0,32.0,15.0,24.0,22.0,10.0,16.0,0.0,0.0,0.0,0.0,24.0,22.0,0.0,0.0,0.0,0.0
C3_f0.1__lamarckian__s22,C3_f0.1__lamarckian,C3_f0.1,C3,lamarckian,22,750,train,50,2.02,13,13,119.18047464338912,0.75,0.5,261.0,208.0,197.0,236.0,51.0,41.0,0.0,0.0,24.0,18.0,19.0,19.0,10.0,11.0,0.0,0.0,0.0,0.0,19.0,19.0,0.0,0.0,0.0,0.0
C3_f0.1__lamarckian__s22,C3_f0.1__lamarckian,C3_f0.1,C3,lamarckian,22,800,train,50,2.0,10,10,108.08485569852347,0.7708333333333334,0.5,186.0,138.0,273.0,285.0,118.0,83.0,0.0,0.0,23.0,22.0,15.0,25.0,14.0,11.0,0.0,0.0,0.0,0.0,15.0,25.0,0.0,0.0,0.0,0.0
C3_f0.1__lamarckian__s22,C3_f0.1__lamarckian,C3_f0.1,C3,lamarckian,22,850,train,50,2.06,8,8,101.38591822866968,0.7291666666666666,0.5,321.0,208.0,231.0,302.0,92.0,80.0,0.0,0.0,18.0,16.0,19.0,22.0,20.0,7.0,0.0,0.0,0.0,0.0,19.0,22.0,0.0,0.0,0.0,0.0
C3_f0.1__lamarckian__s22,C3_f0.1__lamarckian,C3_f0.1,C3,lamarckian,22,900,train,50,2.12,6,6,80.95777939108085,0.8333333333333334,0.5,299.0,230.0,269.0,304.0,52.0,45.0,0.0,0.0,23.0,26.0,18.0,26.0,16.0,11.0,0.0,0.0,0.0,0.0,18.0,26.0,0.0,0.0,0.0,0.0
C3_f0.1__lamarckian__s22,C3_f0.1__lamarckian,C3_f0.1,C3,lamarckian,22,950,train,50,2.36,13,13,87.77935739490795,0.8125,0.5,246.0,181.0,279.0,321.0,35.0,35.0,0.0,0.0,16.0,16.0,27.0,27.0,14.0,14.0,0.0,0.0,0.0,0.0,27.0,27.0,0.0,0.0,0.0,0.0
C3_f0.1__lamarckian__s22,C3_f0.1__lamarckian,C3_f0.1,C3,lamarckian,22,1000,train,50,2.58,12,12,108.04090759632675,0.7291666666666666,0.5,292.0,232.0,304.0,355.0,61.0,62.0,0.0,0.0,25.0,13.0,8.0,23.0,16.0,10.0,0.0,0.0,0.0,0.0,8.0,23.0,0.0,0.0,0.0,0.0
C3_f0.1__lamarckian__s22,C3_f0.1__lamarckian,C3_f0.1,C3,lamarckian,22,1050,train,50,2.72,14,14,79.11810221236136,0.8333333333333334,0.5,444.0,364.0,203.0,303.0,65.0,48.0,0.0,0.0,32.0,21.0,20.0,24.0,17.0,7.0,0.0,0.0,0.0,0.0,20.0,24.0,0.0,0.0,0.0,0.0
C3_f0.1__lamarckian__s22,C3_f0.1__lamarckian,C3_f0.1,C3,lamarckian,22,1100,train,50,2.76,10,10,56.283208078006595,0.9375,0.5,269.0,220.0,223.0,264.0,51.0,40.0,0.0,0.0,28.0,18.0,19.0,20.0,19.0,11.0,0.0,0.0,0.0,0.0,19.0,20.0,0.0,0.0,0.0,0.0
C3_f0.1__lamarckian__s22,C3_f0.1__lamarckian,C3_f0.1,C3,lamarckian,22,1150,train,50,2.78,17,17,116.77823278669428,0.7708333333333334,0.5,262.0,216.0,228.0,264.0,50.0,60.0,0.0,0.0,26.0,11.0,17.0,16.0,13.0,11.0,0.0,0.0,0.0,0.0,17.0,16.0,0.0,0.0,0.0,0.0
C3_f0.1__lamarckian__s22,C3_f0.1__lamarckian,C3_f0.1,C3,lamarckian,22,1200,train,50,2.86,18,18,111.57914959135707,0.7291666666666666,0.5,257.0,251.0,225.0,324.0,68.0,70.0,0.0,0.0,27.0,15.0,21.0,24.0,8.0,8.0,0.0,0.0,0.0,0.0,21.0,24.0,0.0,0.0,0.0,0.0
C3_f0.1__lamarckian__s22,C3_f0.1__lamarckian,C3_f0.1,C3,lamarckian,22,1250,train,50,2.92,13,13,71.68975873986894,0.8333333333333334,0.5,299.0,237.0,269.0,298.0,89.0,77.0,0.0,0.0,17.0,20.0,26.0,17.0,14.0,9.0,0.0,0.0,0.0,0.0,26.0,17.0,0.0,0.0,0.0,0.0
C3_f0.1__lamarckian__s22,C3_f0.1__lamarckian,C3_f0.1,C3,lamarckian,22,1300,train,50,3.0,12,12,71.71147745180562,0.8333333333333334,0.5,337.0,297.0,231.0,244.0,39.0,48.0,0.0,0.0,26.0,20.0,16.0,16.0,18.0,12.0,0.0,0.0,0.0,0.0,16.0,16.0,0.0,0.0,0.0,0.0
C3_f0.1__lamarckian__s22,C3_f0.1__lamarckian,C3_f0.1,C3,lamarckian,22,1350,train,50,3.1,14,14,70.62701625643268,0.8541666666666666,0.5,281.0,213.0,307.0,358.0,60.0,31.0,0.0,0.0,22.0,25.0,19.0,29.0,13.0,11.0,0.0,0.0,0.0,0.0,19.0,29.0,0.0,0.0,0.0,0.0
C3_f0.1__lamarckian__s22,C3_f0.1__lamarckian,C3_f0.1,C3,lamarckian,22,1400,train,50,3.46,16,16,78.80179325922636,0.8541666666666666,0.5,389.0,339.0,225.0,263.0,52.0,40.0,0.0,0.0,25.0,22.0,22.0,15.0,17.0,14.0,0.0,0.0,0.0,0.0,22.0,15.0,0.0,0.0,0.0,0.0
C3_f0.1__lamarckian__s22,C3_f0.1__lamarckian,C3_f0.1,C3,lamarckian,22,1450,train,50,3.8,17,17,41.88108926406666,0.9791666666666666,0.5,339.0,258.0,177.0,246.0,61.0,57.0,0.0,0.0,31.0,19.0,22.0,26.0,18.0,12.0,0.0,0.0,0.0,0.0,22.0,26.0,0.0,0.0,0.0,0.0
C3_f0.1__lamarckian__s22,C3_f0.1__lamarckian,C3_f0.1,C3,lamarckian,22,1500,train,50,3.94,19,19,55.34424826539751,0.9375,0.5,164.0,141.0,179.0,219.0,40.0,41.0,0.0,0.0,30.0,11.0,21.0,15.0,14.0,15.0,0.0,0.0,0.0,0.0,21.0,15.0,0.0,0.0,0.0,0.0
C3_f0.1__lamarckian__s22,C3_f0.1__lamarckian,C3_f0.1,C3,lamarckian,22,1550,eval,50,3.74,18,18,78.1378293465266,0.8541666666666666,0.5,311.0,265.0,195.0,275.0,29.0,14.0,21.0,35.0,20.0,21.0,22.0,17.0,13.0,4.0,2.0,6.0,0.0,0.0,22.0,17.0,0.0,0.0,2.0,6.0
C3_f0.1__lamarckian__s22,C3_f0.1__lamarckian,C3_f0.1,C3,lamarckian,22,1600,eval,50,3.82,8,8,88.33288907584877,0.8541666666666666,0.5,353.0,315.0,277.0,335.0,21.0,14.0,32.0,50.0,29.0,23.0,19.0,16.0,7.0,2.0,7.0,9.0,0.0,0.0,19.0,16.0,0.0,0.0,7.0,9.0
C3_f0.1__lamarckian__s22,C3_f0.1__lamarckian,C3_f0.1,C3,lamarckian,22,1650,eval,50,3.9,15,15,117.7389613028304,0.6666666666666666,0.5,472.0,371.0,307.0,417.0,14.0,18.0,33.0,33.0,25.0,13.0,17.0,24.0,2.0,3.0,10.0,6.0,0.0,0.0,17.0,24.0,0.0,0.0,10.0,6.0
C3_f0.1__lamarckian__s22,C3_f0.1__lamarckian,C3_f0.1,C3,lamarckian,22,1700,eval,50,4.0,10,10,100.04095235870578,0.75,0.5,373.0,295.0,321.0,361.0,45.0,39.0,71.0,84.0,34.0,24.0,16.0,25.0,6.0,2.0,10.0,3.0,0.0,0.0,16.0,25.0,0.0,0.0,10.0,3.0
C3_f0.1__lamarckian__s22,C3_f0.1__lamarckian,C3_f0.1,C3,lamarckian,22,1750,eval,50,4.04,6,6,123.59739756840233,0.6875,0.5,376.0,304.0,264.0,352.0,90.0,66.0,42.0,49.0,21.0,21.0,13.0,15.0,7.0,3.0,6.0,6.0,0.0,0.0,13.0,15.0,0.0,0.0,6.0,6.0
C3_f0.1__lamarckian__s22,C3_f0.1__lamarckian,C3_f0.1,C3,lamarckian,22,1800,eval,50,4.14,6,6,162.6453099060431,0.4583333333333333,0.5,407.0,380.0,424.0,497.0,50.0,29.0,77.0,74.0,11.0,12.0,10.0,15.0,6.0,1.0,9.0,7.0,0.0,0.0,10.0,15.0,0.0,0.0,9.0,7.0
C3_f0.1__lamarckian__s23,C3_f0.1__lamarckian,C3_f0.1,C3,lamarckian,23,50,train,50,0.7,31,1,55.877470834570296,0.8958333333333334,0.5,169.0,133.0,103.0,123.0,55.0,41.0,0.0,0.0,31.0,24.0,13.0,20.0,9.0,13.0,0.0,0.0,0.0,0.0,13.0,20.0,0.0,0.0,0.0,0.0
C3_f0.1__lamarckian__s23,C3_f0.1__lamarckian,C3_f0.1,C3,lamarckian,23,100,train,50,0.78,9,9,65.57418789585293,0.8958333333333334,0.5,245.0,201.0,155.0,193.0,57.0,45.0,0.0,0.0,24.0,27.0,17.0,23.0,15.0,6.0,0.0,0.0,0.0,0.0,17.0,23.0,0.0,0.0,0.0,0.0
C3_f0.1__lamarckian__s23,C3_f0.1__lamarckian,C3_f0.1,C3,lamarckian,23,150,train,50,0.96,15,15,73.8180228328788,0.8958333333333334,0.5,244.0,208.0,218.0,315.0,54.0,53.0,0.0,0.0,26.0,18.0,18.0,29.0,11.0,8.0,0.0,0.0,0.0,0.0,18.0,29.0,0.0,0.0,0.0,0.0
C3_f0.1__lamarckian__s23,C3_f0.1__lamarckian,C3_f0.1,C3,lamarckian,23,200,train,50,1.06,15,15,89.45757201960247,0.8125,0.5,283.0,210.0,261.0,300.0,93.0,70.0,0.0,0.0,29.0,16.0,27.0,21.0,14.0,9.0,0.0,0.0,0.0,0.0,27.0,21.0,0.0,0.0,0.0,0.0
C3_f0.1__lamarckian__s23,C3_f0.1__lamarckian,C3_f0.1,C3,lamarckian,23,250,train,50,1.12,16,16,73.98161697030793,0.875,0.5,289.0,235.0,231.0,251.0,38.0,36.0,0.0,0.0,37.0,20.0,19.0,16.0,3.0,6.0,0.0,0.0,0.0,0.0,19.0,16.0,0.0,0.0,0.0,0.0
C3_f0.1__lamarckian__s23,C3_f0.1__lamarckian,C3_f0.1,C3,lamarckian,23,300,train,50,1.1,3,3,72.28330265207512,0.875,0.5,353.0,288.0,228.0,270.0,45.0,34.0,0.0,0.0,29.0,16.0,13.0,22.0,14.0,9.0,0.0,0.0,0.0,0.0,13.0,22.0,0.0,0.0,0.0,0.0
C3_f0.1__lamarckian__s23,C3_f0.1__lamarckian,C3_f0.1,C3,lamarckian,23,350,train,50,1.1,10,10,104.10364637222727,0.7916666666666666,0.5,248.0,218.0,330.0,392.0,17.0,17.0,0.0,0.0,24.0,10.0,31.0,27.0,11.0,3.0,0.0,0.0,0.0,0.0,31.0,27.0,0.0,0.0,0.0,0.0
C3_f0.1__lamarckian__s23,C3_f0.1__lamarckian,C3_f0.1,C3,lamarckian,23,400,train,50,1.16,9,9,83.56863048008466,0.8125,0.5,322.0,275.0,322.0,359.0,57.0,55.0,0.0,0.0,29.0,16.0,16.0,22.0,12.0,9.0,0.0,0.0,0.0,0.0,16.0,22.0,0.0,0.0,0.0,0.0
C3_f0.1__lamarckian__s23,C3_f0.1__lamarckian,C3_f0.1,C3,lamarckian,23,450,train,50,1.12,6,6,99.22240415037633,0.7916666666666666,0.5,389.0,312.0,235.0,297.0,50.0,40.0,0.0,0.0,24.0,25.0,22.0,17.0,6.0,10.0,0.0,0.0,0.0,0.0,22.0,17.0,0.0,0.0,0.0,0.0
C3_f0.1__lamarckian__s23,C3_f0.1__lamarckian,C3_f0.1,C3,lamarckian,23,500,train,50,1.44,13,13,84.36259825570065,0.7916666666666666,0.5,300.0,246.0,203.0,265.0,72.0,67.0,0.0,0.0,34.0,15.0,14.0,15.0,7.0,9.0,0.0,0.0,0.0,0.0,14.0,15.0,0.0,0.0,0.0,0.0
C3_f0.1__lamarckian__s23,C3_f0.1__lamarckian,C3_f0.1,C3,lamarckian,23,550,train,50,1.8,17,17,84.08259855721772,0.8541666666666666,0.5,273.0,238.0,210.0,248.0,73.0,64.0,0.0,0.0,21.0,23.0,18.0,25.0,10.0,10.0,0.0,0.0,0.0,0.0,18.0,25.0,0.0,0.0,0.0,0.0
C3_f0.1__lamarckian__s23,C3_f0.1__lamarckian,C3_f0.1,C3,lamarckian,23,600,train,50,1.88,10,10,81.74555591414239,0.8333333333333334,0.5,316.0,251.0,213.0,251.0,83.0,54.0,0.0,0.0,28.0,21.0,14.0,20.0,16.0,10.0,0.0,0.0,0.0,0.0,14.0,20.0,0.0,0.0,0.0,0.0
C3_f0.1__lamarckian__s23,C3_f0.1__lamarckian,C3_f0.1,C3,lamarckian,23,650,train,50,1.9,18,18,70.2754992318144,0.8541666666666666,0.5,229.0,188.0,265.0,370.0,45.0,41.0,0.0,0.0,19.0,13.0,19.0,23.0,7.0,14.0,0.0,0.0,0.0,0.0,19.0,23.0,0.0,0.0,0.0,0.0
C3_f0.1__lamarckian__s23,C3_f0.1__lamarckian,C3_f0.1,C3,lamarckian,23,700,train,50,1.96,16,16,52.14084303337636,0.9791666666666666,0.5,287.0,216.0,233.0,305.0,35.0,22.0,0.0,0.0,27.0,27.0,20.0,28.0,15.0,2.0,0.0,0.0,0.0,0.0,20.0,28.0,0.0,0.0,0.0,0.0
C3_f0.1__lamarckian__s23,C3_f0.1__lamarckian,C3_f0.1,C3,lamarckian,23,750,train,50,1.98,15,15,140.03091455539112,0.6458333333333334,0.5,206.0,162.0,259.0,281.0,105.0,83.0,0.0,0.0,15.0,12.0,26.0,19.0,10.0,4.0,0.0,0.0,0.0,0.0,26.0,19.0,0.0,0.0,0.0,0.0
C3_f0.1__lamarckian__s23,C3_f0.1__lamarckian,C3_f0.1,C3,lamarckian,23,800,train,50,2.0,7,7,80.06496347389466,0.875,0.5,421.0,274.0,246.0,274.0,111.0,93.0,0.0,0.0,41.0,23.0,23.0,13.0,13.0,11.0,0.0,0.0,0.0,0.0,23.0,13.0,0.0,0.0,0.0,0.0
C3_f0.1__lamarckian__s23,C3_f0.1__lamarckian,C3_f0.1,C3,lamarckian,23,850,train,50,2.24,12,12,85.0105129671878,0.8333333333333334,0.5,350.0,296.0,291.0,358.0,56.0,35.0,0.0,0.0,24.0,14.0,23.0,28.0,10.0,7.0,0.0,0.0,0.0,0.0,23.0,28.0,0.0,0.0,0.0,0.0
C3_f0.1__lamarckian__s23,C3_f0.1__lamarckian,C3_f0.1,C3,lamarckian,23,900,train,50,2.36,6,6,119.72022063570293,0.6458333333333334,0.5,377.0,307.0,282.0,379.0,39.0,33.0,0.0,0.0,10.0,14.0,17.0,21.0,9.0,16.0,0.0,0.0,0.0,0.0,17.0,21.0,0.0,0.0,0.0,0.0
C3_f0.1__lamarckian__s23,C3_f0.1__lamarckian,C3_f0.1,C3,lamarckian,23,950,train,50,2.42,6,6,124.7489133704535,0.6041666666666666,0.5,364.0,292.0,322.0,410.0,61.0,53.0,0.0,0.0,38.0,12.0,20.0,18.0,1.0,5.0,0.0,0.0,0.0,0.0,20.0,18.0,0.0,0.0,0.0,0.0
C3_f0.1__lamarckian__s23,C3_f0.1__lamarckian,C3_f0.1,C3,lamarckian,23,1000,train,50,2.62,13,13,105.76917717597317,0.7916666666666666,0.5,359.0,256.0,380.0,518.0,115.0,101.0,0.0,0.0,31.0,8.0,22.0,20.0,21.0,10.0,0.0,0.0,0.0,0.0,22.0,20.0,0.0,0.0,0.0,0.0
C3_f0.1__lamarckian__s23,C3_f0.1__lamarckian,C3_f0.1,C3,lamarckian,23,1050,train,50,2.64,6,6,91.53516661024929,0.8333333333333334,0.5,384.0,320.0,279.0,341.0,62.0,42.0,0.0,0.0,31.0,17.0,13.0,21.0,18.0,10.0,0.0,0.0,0.0,0.0,13.0,21.0,0.0,0.0,0.0,0.0
C3_f0.1__lamarckian__s23,C3_f0.1__lamarckian,C3_f0.1,C3,lamarckian,23,1100,train,50,2.7,7,7,62.6340838908227,0.875,0.5,324.0,263.0,243.0,285.0,63.0,36.0,0.0,0.0,40.0,22.0,11.0,15.0,20.0,8.0,0.0,0.0,0.0,0.0,11.0,15.0,0.0,0.0,0.0,0.0
C3_f0.1__lamarckian__s23,C3_f0.1__lamarckian,C3_f0.1,C3,lamarckian,23,1150,train,50,3.06,18,18,84.62728894344117,0.8333333333333334,0.5,307.0,270.0,255.0,315.0,56.0,41.0,0.0,0.0,32.0,20.0,18.0,25.0,18.0,6.0,0.0,0.0,0.0,0.0,18.0,25.0,0.0,0.0,0.0,0.0
C3_f0.1__lamarckian__s23,C3_f0.1__lamarckian,C3_f0.1,C3,lamarckian,23,1200,train,50,3.0,19,19,58.454783375771726,0.8958333333333334,0.5,359.0,299.0,272.0,293.0,56.0,47.0,0.0,0.0,43.0,19.0,17.0,20.0,18.0,7.0,0.0,0.0,0.0,0.0,17.0,20.0,0.0,0.0,0.0,0.0
C3_f0.1__lamarckian__s23,C3_f0.1__lamarckian,C3_f0.1,C3,lamarckian,23,1250,train,50,3.2,17,17,52.713679681089786,0.9583333333333334,0.5,311.0,271.0,157.0,243.0,24.0,33.0,0.0,0.0,28.0,15.0,18.0,22.0,15.0,8.0,0.0,0.0,0.0,0.0,18.0,22.0,0.0,0.0,0.0,0.0
C3_f0.1__lamarckian__s23,C3_f0.1__lamarckian,C3_f0.1,C3,lamarckian,23,1300,train,50,3.2,12,12,66.43433430907322,0.8958333333333334,0.5,239.0,213.0,216.0,259.0,50.0,34.0,0.0,0.0,20.0,20.0,18.0,21.0,20.0,7.0,0.0,0.0,0.0,0.0,18.0,21.0,0.0,0.0,0.0,0.0
C3_f0.1__lamarckian__s23,C3_f0.1__lamarckian,C3_f0.1,C3,lamarckian,23,1350,train,50,3.34,12,12,83.40349876567782,0.875,0.5,408.0,358.0,241.0,308.0,43.0,30.0,0.0,0.0,34.0,18.0,23.0,13.0,12.0,7.0,0.0,0.0,0.0,0.0,23.0,13.0,0.0,0.0,0.0,0.0
C3_f0.1__lamarckian__s23,C3_f0.1__lamarckian,C3_f0.1,C3,lamarckian,23,1400,train,50,3.4,17,17,47.584988890688706,0.9166666666666666,0.5,325.0,239.0,274.0,313.0,112.0,82.0,0.0,0.0,34.0,20.0,25.0,20.0,16.0,14.0,0.0,0.0,0.0,0.0,25.0,20.0,0.0,0.0,0.0,0.0
C3_f0.1__lamarckian__s23,C3_f0.1__lamarckian,C3_f0.1,C3,lamarckian,23,1450,train,50,3.68,13,13,49.557790372809535,0.9375,0.5,302.0,219.0,185.0,243.0,62.0,59.0,0.0,0.0,29.0,18.0,17.0,20.0,13.0,13.0,0.0,0.0,0.0,0.0,17.0,20.0,0.0,0.0,0.0,0.0
C3_f0.1__lamarckian__s23,C3_f0.1__lamarckian,C3_f0.1,C3,lamarckian,23,1500,train,46,4.1521739130434785,20,24,101.55682351237962,0.7708333333333334,0.5,270.0,264.0,253.0,268.0,43.0,39.0,0.0,0.0,27.0,23.0,26.0,19.0,8.0,5.0,0.0,0.0,0.0,0.0,26.0,19.0,0.0,0.0,0.0,0.0
C3_f0.1__lamarckian__s23,C3_f0.1__lamarckian,C3_f0.1,C3,lamarckian,23,1550,eval,50,4.32,22,18,98.9626488109287,0.8125,0.5,275.0,235.0,288.0,335.0,31.0,22.0,28.0,28.0,26.0,13.0,21.0,20.0,4.0,3.0,3.0,6.0,0.0,0.0,21.0,20.0,0.0,0.0,3.0,6.0
C3_f0.1__lamarckian__s23,C3_f0.1__lamarckian,C3_f0.1,C3,lamarckian,23,1600,eval,50,4.24,17,17,84.1256829378436,0.7708333333333334,0.5,443.0,327.0,238.0,321.0,38.0,34.0,38.0,47.0,35.0,24.0,13.0,27.0,13.0,4.0,6.0,5.0,0.0,0.0,13.0,27.0,0.0,0.0,6.0,5.0
C3_f0.1__lamarckian__s23,C3_f0.1__lamarckian,C3_f0.1,C3,lamarckian,23,1650,eval,50,4.32,12,12,113.8816800034177,0.7708333333333334,0.5,383.0,306.0,334.0,395.0,74.0,43.0,34.0,46.0,19.0,15.0,20.0,22.0,8.0,2.0,4.0,5.0,0.0,0.0,20.0,22.0,0.0,0.0,4.0,5.0
C3_f0.1__lamarckian__s23,C3_f0.1__lamarckian,C3_f0.1,C3,lamarckian,23,1700,eval,50,4.42,8,8,127.23918649351667,0.6458333333333334,0.5,468.0,350.0,317.0,374.0,60.0,56.0,72.0,86.0,28.0,12.0,22.0,18.0,9.0,5.0,8.0,3.0,0.0,0.0,22.0,18.0,0.0,0.0,8.0,3.0
C3_f0.1__lamarckian__s23,C3_f0.1__lamarckian,C3_f0.1,C3,lamarckian,23,1750,eval,50,4.6,13,13,112.39238538975954,0.625,0.5,468.0,343.0,344.0,432.0,48.0,38.0,27.0,38.0,22.0,18.0,22.0,16.0,8.0,4.0,5.0,3.0,0.0,0.0,22.0,16.0,0.0,0.0,5.0,3.0
C3_f0.1__lamarckian__s23,C3_f0.1__lamarckian,C3_f0.1,C3,lamarckian,23,1800,eval,50,4.76,7,7,137.8058868661647,0.6458333333333334,0.5,460.0,376.0,366.0,411.0,67.0,66.0,21.0,16.0,19.0,21.0,19.0,17.0,6.0,4.0,10.0,3.0,0.0,0.0,19.0,17.0,0.0,0.0,10.0,3.0
C3_f0.1__lamarckian__s24,C3_f0.1__lamarckian,C3_f0.1,C3,lamarckian,24,50,train,50,0.78,31,1,94.36201937950497,0.8125,0.5,93.0,72.0,130.0,136.0,109.0,77.0,0.0,0.0,21.0,19.0,18.0,17.0,12.0,16.0,0.0,0.0,0.0,0.0,18.0,17.0,0.0,0.0,0.0,0.0
C3_f0.1__lamarckian__s24,C3_f0.1__lamarckian,C3_f0.1,C3,lamarckian,24,100,train,50,0.78,11,11,69.8044348017428,0.8958333333333334,0.5,204.0,182.0,162.0,157.0,48.0,52.0,0.0,0.0,25.0,21.0,15.0,15.0,10.0,9.0,0.0,0.0,0.0,0.0,15.0,15.0,0.0,0.0,0.0,0.0
C3_f0.1__lamarckian__s24,C3_f0.1__lamarckian,C3_f0.1,C3,lamarckian,24,150,train,50,0.84,11,11,95.57211000255924,0.75,0.5,275.0,251.0,152.0,167.0,35.0,22.0,0.0,0.0,34.0,23.0,20.0,10.0,13.0,8.0,0.0,0.0,0.0,0.0,20.0,10.0,0.0,0.0,0.0,0.0
C3_f0.1__lamarckian__s24,C3_f0.1__lamarckian,C3_f0.1,C3,lamarckian,24,200,train,50,0.86,13,13,100.15566523471333,0.8541666666666666,0.5,254.0,225.0,180.0,238.0,79.0,76.0,0.0,0.0,21.0,20.0,14.0,28.0,16.0,16.0,0.0,0.0,0.0,0.0,14.0,28.0,0.0,0.0,0.0,0.0
C3_f0.1__lamarckian__s24,C3_f0.1__lamarckian,C3_f0.1,C3,lamarckian,24,250,train,50,0.92,19,19,112.5828686285948,0.7291666666666666,0.5,258.0,247.0,235.0,325.0,55.0,34.0,0.0,0.0,18.0,17.0,25.0,26.0,12.0,9.0,0.0,0.0,0.0,0.0,25.0,26.0,0.0,0.0,0.0,0.0
C3_f0.1__lamarckian__s24,C3_f0.1__lamarckian,C3_f0.1,C3,lamarckian,24,300,train,50,1.02,13,13,102.95795764537044,0.8125,0.5,377.0,304.0,318.0,419.0,68.0,48.0,0.0,0.0,23.0,18.0,25.0,28.0,15.0,9.0,0.0,0.0,0.0,0.0,25.0,28.0,0.0,0.0,0.0,0.0
C3_f0.1__lamarckian__s24,C3_f0.1__lamarckian,C3_f0.1,C3,lamarckian,24,350,train,50,1.02,4,4,126.17886792680771,0.7083333333333334,0.5,283.0,218.0,276.0,352.0,111.0,88.0,0.0,0.0,19.0,12.0,18.0,16.0,15.0,10.0,0.0,0.0,0.0,0.0,18.0,16.0,0.0,0.0,0.0,0.0
C3_f0.1__lamarckian__s24,C3_f0.1__lamarckian,C3_f0.1,C3,lamarckian,24,400,train,50,1.02,6,6,96.69953023770039,0.7083333333333334,0.5,457.0,340.0,320.0,367.0,96.0,69.0,0.0,0.0,28.0,12.0,22.0,19.0,14.0,11.0,0.0,0.0,0.0,0.0,22.0,19.0,0.0,0.0,0.0,0.0
C3_f0.1__lamarckian__s24,C3_f0.1__lamarckian,C3_f0.1,C3,lamarckian,24,450,train,50,1.02,1,1,93.72825063653926,0.75,0.5,306.0,232.0,336.0,435.0,124.0,79.0,0.0,0.0,11.0,22.0,12.0,12.0,21.0,9.0,0.0,0.0,0.0,0.0,12.0,12.0,0.0,0.0,0.0,0.0
C3_f0.1__lamarckian__s24,C3_f0.1__lamarckian,C3_f0.1,C3,lamarckian,24,500,train,50,1.42,10,10,81.27016480460964,0.8125,0.5,367.0,309.0,283.0,331.0,188.0,150.0,0.0,0.0,23.0,15.0,21.0,21.0,21.0,8.0,0.0,0.0,0.0,0.0,21.0,21.0,0.0,0.0,0.0,0.0
C3_f0.1__lamarckian__s24,C3_f0.1__lamarckian,C3_f0.1,C3,lamarckian,24,550,train,50,1.62,13,13,117.24586193007305,0.75,0.5,359.0,259.0,235.0,302.0,61.0,54.0,0.0,0.0,25.0,21.0,12.0,18.0,11.0,10.0,0.0,0.0,0.0,0.0,12.0,18.0,0.0,0.0,0.0,0.0
C3_f0.1__lamarckian__s24,C3_f0.1__lamarckian,C3_f0.1,C3,lamarckian,24,600,train,50,1.84,9,9,69.36282062668315,0.875,0.5,354.0,315.0,290.0,351.0,64.0,52.0,0.0,0.0,38.0,13.0,22.0,22.0,16.0,10.0,0.0,0.0,0.0,0.0,22.0,22.0,0.0,0.0,0.0,0.0
C3_f0.1__lamarckian__s24,C3_f0.1__lamarckian,C3_f0.1,C3,lamarckian,24,650,train,50,1.9,18,18,70.65269870841662,0.875,0.5,248.0,220.0,207.0,266.0,47.0,60.0,0.0,0.0,21.0,9.0,24.0,22.0,10.0,15.0,0.0,0.0,0.0,0.0,24.0,22.0,0.0,0.0,0.0,0.0
C3_f0.1__lamarckian__s24,C3_f0.1__lamarckian,C3_f0.1,C3,lamarckian,24,700,train,50,1.94,15,15,95.75579398014085,0.75,0.5,251.0,209.0,212.0,244.0,57.0,47.0,0.0,0.0,33.0,15.0,19.0,12.0,12.0,10.0,0.0,0.0,0.0,0.0,19.0,12.0,0.0,0.0,0.0,0.0
C3_f0.1__lamarckian__s24,C3_f0.1__lamarckian,C3_f0.1,C3,lamarckian,24,750,train,50,2.06,13,13,58.73237089484543,0.875,0.5,281.0,243.0,179.0,227.0,45.0,32.0,0.0,0.0,31.0,20.0,22.0,17.0,18.0,5.0,0.0,0.0,0.0,0.0,22.0,17.0,0.0,0.0,0.0,0.0
C3_f0.1__lamarckian__s24,C3_f0.1__lamarckian,C3_f0.1,C3,lamarckian,24,800,train,50,2.22,22,22,75.31385652625693,0.875,0.5,214.0,157.0,209.0,272.0,60.0,52.0,0.0,0.0,23.0,11.0,21.0,26.0,15.0,12.0,0.0,0.0,0.0,0.0,21.0,26.0,0.0,0.0,0.0,0.0
C3_f0.1__lamarckian__s24,C3_f0.1__lamarckian,C3_f0.1,C3,lamarckian,24,850,train,50,2.32,16,16,103.1568842070992,0.7291666666666666,0.5,202.0,151.0,267.0,318.0,24.0,40.0,0.0,0.0,21.0,11.0,26.0,17.0,10.0,14.0,0.0,0.0,0.0,0.0,26.0,17.0,0.0,0.0,0.0,0.0
C3_f0.1__lamarckian__s24,C3_f0.1__lamarckian,C3_f0.1,C3,lamarckian,24,900,train,50,2.46,11,11,79.52530990517735,0.8333333333333334,0.5,365.0,341.0,159.0,230.0,38.0,41.0,0.0,0.0,41.0,27.0,13.0,13.0,14.0,10.0,0.0,0.0,0.0,0.0,13.0,13.0,0.0,0.0,0.0,0.0
C3_f0.1__lamarckian__s24,C3_f0.1__lamarckian,C3_f0.1,C3,lamarckian,24,950,train,50,2.64,12,12,77.18770346396911,0.8958333333333334,0.5,258.0,194.0,302.0,371.0,55.0,39.0,0.0,0.0,22.0,20.0,19.0,27.0,11.0,15.0,0.0,0.0,0.0,0.0,19.0,27.0,0.0,0.0,0.0,0.0
C3_f0.1__lamarckian__s24,C3_f0.1__lamarckian,C3_f0.1,C3,lamarckian,24,1000,train,50,3.06,15,15,55.617322029766854,0.9375,0.5,270.0,224.0,311.0,375.0,59.0,46.0,0.0,0.0,16.0,17.0,17.0,33.0,15.0,11.0,0.0,0.0,0.0,0.0,17.0,33.0,0.0,0.0,0.0,0.0
C3_f0.1__lamarckian__s24,C3_f0.1__lamarckian,C3_f0.1,C3,lamarckian,24,1050,train,50,3.2,14,14,66.31816037857836,0.8958333333333334,0.5,326.0,248.0,268.0,360.0,32.0,25.0,0.0,0.0,20.0,28.0,11.0,24.0,13.0,9.0,0.0,0.0,0.0,0.0,11.0,24.0,0.0,0.0,0.0,0.0
C3_f0.1__lamarckian__s24,C3_f0.1__lamarckian,C3_f0.1,C3,lamarckian,24,1100,train,50,3.14,14,14,66.75257937430955,0.9166666666666666,0.5,300.0,233.0,208.0,214.0,27.0,8.0,0.0,0.0,23.0,31.0,15.0,19.0,12.0,4.0,0.0,0.0,0.0,0.0,15.0,19.0,0.0,0.0,0.0,0.0
C3_f0.1__lamarckian__s24,C3_f0.1__lamarckian,C3_f0.1,C3,lamarckian,24,1150,train,50,3.1,16,16,84.4385588705654,0.7916666666666666,0.5,301.0,246.0,148.0,176.0,40.0,29.0,0.0,0.0,21.0,23.0,18.0,21.0,14.0,12.0,0.0,0.0,0.0,0.0,18.0,21.0,0.0,0.0,0.0,0.0
C3_f0.1__lamarckian__s24,C3_f0.1__lamarckian,C3_f0.1,C3,lamarckian,24,1200,train,50,3.16,10,10,78.80791943070125,0.7916666666666666,0.5,332.0,280.0,232.0,263.0,108.0,73.0,0.0,0.0,23.0,26.0,20.0,17.0,13.0,12.0,0.0,0.0,0.0,0.0,20.0,17.0,0.0,0.0,0.0,0.0
C3_f0.1__lamarckian__s24,C3_f0.1__lamarckian,C3_f0.1,C3,lamarckian,24,1250,train,50,3.18,15,15,75.71567123655937,0.8958333333333334,0.5,305.0,267.0,223.0,267.0,84.0,64.0,0.0,0.0,22.0,25.0,24.0,16.0,13.0,10.0,0.0,0.0,0.0,0.0,24.0,16.0,0.0,0.0,0.0,0.0
C3_f0.1__lamarckian__s24,C3_f0.1__lamarckian,C3_f0.1,C3,lamarckian,24,1300,train,50,3.38,20,20,69.36047936601108,0.8958333333333334,0.5,196.0,166.0,145.0,200.0,76.0,98.0,0.0,0.0,20.0,21.0,19.0,24.0,16.0,14.0,0.0,0.0,0.0,0.0,19.0,24.0,0.0,0.0,0.0,0.0
C3_f0.1__lamarckian__s24,C3_f0.1__lamarckian,C3_f0.1,C3,lamarckian,24,1350,train,50,3.92,15,15,77.32244213529518,0.8333333333333334,0.5,345.0,254.0,174.0,183.0,81.0,63.0,0.0,0.0,26.0,17.0,17.0,16.0,20.0,8.0,0.0,0.0,0.0,0.0,17.0,16.0,0.0,0.0,0.0,0.0
C3_f0.1__lamarckian__s24,C3_f0.1__lamarckian,C3_f0.1,C3,lamarckian,24,1400,train,50,4.6,24,24,59.495287241774164,0.9375,0.5,243.0,206.0,190.0,230.0,45.0,33.0,0.0,0.0,24.0,24.0,24.0,25.0,17.0,12.0,0.0,0.0,0.0,0.0,24.0,25.0,0.0,0.0,0.0,0.0
C3_f0.1__lamarckian__s24,C3_f0.1__lamarckian,C3_f0.1,C3,lamarckian,24,1450,train,50,4.74,17,17,65.50073243963018,0.8541666666666666,0.5,292.0,222.0,213.0,242.0,53.0,35.0,0.0,0.0,33.0,18.0,14.0,20.0,20.0,15.0,0.0,0.0,0.0,0.0,14.0,20.0,0.0,0.0,0.0,0.0
C3_f0.1__lamarckian__s24,C3_f0.1__lamarckian,C3_f0.1,C3,lamarckian,24,1500,train,50,4.64,18,18,51.15944251784766,0.8958333333333334,0.5,248.0,194.0,281.0,314.0,47.0,44.0,0.0,0.0,23.0,28.0,26.0,19.0,16.0,13.0,0.0,0.0,0.0,0.0,26.0,19.0,0.0,0.0,0.0,0.0
C3_f0.1__lamarckian__s24,C3_f0.1__lamarckian,C3_f0.1,C3,lamarckian,24,1550,eval,45,4.644444444444445,20,25,79.52215731144226,0.8541666666666666,0.5,249.0,219.0,197.0,259.0,19.0,23.0,16.0,14.0,22.0,17.0,20.0,23.0,9.0,5.0,7.0,6.0,0.0,0.0,20.0,23.0,0.0,0.0,7.0,6.0
C3_f0.1__lamarckian__s24,C3_f0.1__lamarckian,C3_f0.1,C3,lamarckian,24,1600,eval,42,4.809523809523809,18,21,75.97506422517179,0.875,0.5,274.0,229.0,269.0,304.0,20.0,9.0,22.0,41.0,34.0,12.0,28.0,19.0,8.0,3.0,4.0,10.0,0.0,0.0,28.0,19.0,0.0,0.0,4.0,10.0
C3_f0.1__lamarckian__s24,C3_f0.1__lamarckian,C3_f0.1,C3,lamarckian,24,1650,eval,48,5.25,23,17,107.72396690093328,0.7083333333333334,0.5,371.0,268.0,231.0,317.0,22.0,24.0,18.0,33.0,29.0,12.0,21.0,23.0,7.0,5.0,0.0,7.0,0.0,0.0,21.0,23.0,0.0,0.0,0.0,7.0
C3_f0.1__lamarckian__s24,C3_f0.1__lamarckian,C3_f0.1,C3,lamarckian,24,1700,eval,50,5.28,10,8,111.78961416465609,0.6666666666666666,0.5,405.0,307.0,296.0,334.0,94.0,74.0,27.0,41.0,20.0,16.0,19.0,14.0,13.0,8.0,4.0,8.0,0.0,0.0,19.0,14.0,0.0,0.0,4.0,8.0
C3_f0.1__lamarckian__s24,C3_f0.1__lamarckian,C3_f0.1,C3,lamarckian,24,1750,eval,50,5.26,8,8,130.463581435099,0.7083333333333334,0.5,356.0,275.0,364.0,443.0,63.0,38.0,43.0,43.0,22.0,15.0,16.0,17.0,8.0,5.0,8.0,1.0,0.0,0.0,16.0,17.0,0.0,0.0,8.0,1.0
C3_f0.1__lamarckian__s24,C3_f0.1__lamarckian,C3_f0.1,C3,lamarckian,24,1800,eval,50,5.34,4,4,137.38188448485346,0.5833333333333334,0.5,460.0,412.0,349.0,394.0,77.0,63.0,33.0,67.0,23.0,14.0,17.0,20.0,6.0,2.0,3.0,10.0,0.0,0.0,17.0,20.0,0.0,0.0,3.0,10.0
C3_f0.1__lamarckian__s25,C3_f0.1__lamarckian,C3_f0.1,C3,lamarckian,25,50,train,49,0.9387755102040817,35,6,69.63699643740574,0.8333333333333334,0.5,133.0,91.0,100.0,155.0,64.0,41.0,0.0,0.0,31.0,21.0,17.0,27.0,23.0,19.0,0.0,0.0,0.0,0.0,17.0,27.0,0.0,0.0,0.0,0.0
C3_f0.1__lamarckian__s25,C3_f0.1__lamarckian,C3_f0.1,C3,lamarckian,25,100,train,39,1.1538461538461537,8,18,59.37607305544359,0.9375,0.5,132.0,107.0,126.0,160.0,51.0,40.0,0.0,0.0,24.0,18.0,18.0,15.0,21.0,11.0,0.0,0.0,0.0,0.0,18.0,15.0,0.0,0.0,0.0,0.0
C3_f0.1__lamarckian__s25,C3_f0.1__lamarckian,C3_f0.1,C3,lamarckian,25,150,train,32,1.53125,8,15,164.8067423898681,0.6458333333333334,0.5,205.0,163.0,144.0,187.0,35.0,29.0,0.0,0.0,19.0,15.0,18.0,17.0,11.0,16.0,0.0,0.0,0.0,0.0,18.0,17.0,0.0,0.0,0.0,0.0
C3_f0.1__lamarckian__s25,C3_f0.1__lamarckian,C3_f0.1,C3,lamarckian,25,200,train,50,1.78,26,8,74.66690216619241,0.8333333333333334,0.5,172.0,159.0,218.0,280.0,34.0,49.0,0.0,0.0,31.0,18.0,18.0,20.0,13.0,25.0,0.0,0.0,0.0,0.0,18.0,20.0,0.0,0.0,0.0,0.0
C3_f0.1__lamarckian__s25,C3_f0.1__lamarckian,C3_f0.1,C3,lamarckian,25,250,train,50,1.76,15,15,92.91736486487045,0.8125,0.5,298.0,218.0,309.0,354.0,28.0,29.0,0.0,0.0,24.0,13.0,20.0,25.0,12.0,12.0,0.0,0.0,0.0,0.0,20.0,25.0,0.0,0.0,0.0,0.0
C3_f0.1__lamarckian__s25,C3_f0.1__lamarckian,C3_f0.1,C3,lamarckian,25,300,train,49,1.8571428571428572,18,19,76.10295506039195,0.875,0.5,229.0,187.0,213.0,232.0,46.0,40.0,0.0,0.0,28.0,17.0,20.0,18.0,25.0,17.0,0.0,0.0,0.0,0.0,20.0,18.0,0.0,0.0,0.0,0.0
C3_f0.1__lamarckian__s25,C3_f0.1__lamarckian,C3_f0.1,C3,lamarckian,25,350,train,50,2.04,11,10,67.06451154149653,0.9166666666666666,0.5,243.0,190.0,166.0,186.0,58.0,63.0,0.0,0.0,26.0,16.0,24.0,12.0,19.0,13.0,0.0,0.0,0.0,0.0,24.0,12.0,0.0,0.0,0.0,0.0
C3_f0.1__lamarckian__s25,C3_f0.1__lamarckian,C3_f0.1,C3,lamarckian,25,400,train,50,2.1,13,13,63.67715866132643,0.875,0.5,304.0,226.0,245.0,323.0,76.0,70.0,0.0,0.0,34.0,24.0,19.0,15.0,26.0,8.0,0.0,0.0,0.0,0.0,19.0,15.0,0.0,0.0,0.0,0.0
C3_f0.1__lamarckian__s25,C3_f0.1__lamarckian,C3_f0.1,C3,lamarckian,25,450,train,50,2.02,10,10,62.1377387801376,0.8958333333333334,0.5,281.0,232.0,164.0,197.0,93.0,71.0,0.0,0.0,28.0,19.0,14.0,9.0,26.0,13.0,0.0,0.0,0.0,0.0,14.0,9.0,0.0,0.0,0.0,0.0
C3_f0.1__lamarckian__s25,C3_f0.1__lamarckian,C3_f0.1,C3,lamarckian,25,500,train,50,2.24,11,11,81.11213253169049,0.9166666666666666,0.5,253.0,204.0,121.0,126.0,46.0,33.0,0.0,0.0,31.0,16.0,12.0,12.0,16.0,12.0,0.0,0.0,0.0,0.0,12.0,12.0,0.0,0.0,0.0,0.0
C3_f0.1__lamarckian__s25,C3_f0.1__lamarckian,C3_f0.1,C3,lamarckian,25,550,train,50,2.64,17,17,60.13351364636918,0.875,0.5,260.0,198.0,201.0,274.0,83.0,56.0,0.0,0.0,28.0,21.0,25.0,22.0,21.0,10.0,0.0,0.0,0.0,0.0,25.0,22.0,0.0,0.0,0.0,0.0
C3_f0.1__lamarckian__s25,C3_f0.1__lamarckian,C3_f0.1,C3,lamarckian,25,600,train,50,2.84,16,16,66.65745497288594,0.8958333333333334,0.5,225.0,197.0,176.0,243.0,82.0,68.0,0.0,0.0,17.0,6.0,29.0,14.0,24.0,13.0,0.0,0.0,0.0,0.0,29.0,14.0,0.0,0.0,0.0,0.0
C3_f0.1__lamarckian__s25,C3_f0.1__lamarckian,C3_f0.1,C3,lamarckian,25,650,train,50,2.84,15,15,60.81601156865229,0.9375,0.5,233.0,223.0,184.0,253.0,56.0,67.0,0.0,0.0,15.0,22.0,16.0,21.0,16.0,16.0,0.0,0.0,0.0,0.0,16.0,21.0,0.0,0.0,0.0,0.0
C3_f0.1__lamarckian__s25,C3_f0.1__lamarckian,C3_f0.1,C3,lamarckian,25,700,train,50,2.9,11,11,88.66119106733593,0.8125,0.5,252.0,204.0,263.0,302.0,77.0,57.0,0.0,0.0,26.0,8.0,22.0,19.0,15.0,17.0,0.0,0.0,0.0,0.0,22.0,19.0,0.0,0.0,0.0,0.0
C3_f0.1__lamarckian__s25,C3_f0.1__lamarckian,C3_f0.1,C3,lamarckian,25,750,train,50,3.0,11,11,70.74431507349404,0.8958333333333334,0.5,292.0,254.0,284.0,342.0,81.0,66.0,0.0,0.0,25.0,16.0,16.0,23.0,24.0,13.0,0.0,0.0,0.0,0.0,16.0,23.0,0.0,0.0,0.0,0.0
C3_f0.1__lamarckian__s25,C3_f0.1__lamarckian,C3_f0.1,C3,lamarckian,25,800,train,50,3.12,9,9,87.90834734193223,0.8125,0.5,377.0,301.0,306.0,404.0,60.0,38.0,0.0,0.0,33.0,9.0,13.0,18.0,21.0,12.0,0.0,0.0,0.0,0.0,13.0,18.0,0.0,0.0,0.0,0.0
C3_f0.1__lamarckian__s25,C3_f0.1__lamarckian,C3_f0.1,C3,lamarckian,25,850,train,50,3.1,12,12,112.13574136047094,0.7083333333333334,0.5,417.0,414.0,257.0,311.0,108.0,81.0,0.0,0.0,22.0,12.0,22.0,11.0,22.0,12.0,0.0,0.0,0.0,0.0,22.0,11.0,0.0,0.0,0.0,0.0
C3_f0.1__lamarckian__s25,C3_f0.1__lamarckian,C3_f0.1,C3,lamarckian,25,900,train,50,3.02,9,9,76.5380906061542,0.8333333333333334,0.5,341.0,275.0,300.0,392.0,102.0,84.0,0.0,0.0,29.0,11.0,17.0,23.0,23.0,16.0,0.0,0.0,0.0,0.0,17.0,23.0,0.0,0.0,0.0,0.0
C3_f0.1__lamarckian__s25,C3_f0.1__lamarckian,C3_f0.1,C3,lamarckian,25,950,train,50,3.16,8,8,68.89861398295085,0.9375,0.5,258.0,217.0,249.0,295.0,80.0,58.0,0.0,0.0,26.0,16.0,23.0,25.0,16.0,10.0,0.0,0.0,0.0,0.0,23.0,25.0,0.0,0.0,0.0,0.0
C3_f0.1__lamarckian__s25,C3_f0.1__lamarckian,C3_f0.1,C3,lamarckian,25,1000,train,50,3.46,11,11,99.00947267404055,0.7291666666666666,0.5,325.0,245.0,307.0,369.0,96.0,89.0,0.0,0.0,23.0,13.0,14.0,17.0,24.0,7.0,0.0,0.0,0.0,0.0,14.0,17.0,0.0,0.0,0.0,0.0
C3_f0.1__lamarckian__s25,C3_f0.1__lamarckian,C3_f0.1,C3,lamarckian,25,1050,train,50,3.56,9,9,54.62051339375472,0.9166666666666666,0.5,382.0,268.0,253.0,289.0,113.0,78.0,0.0,0.0,42.0,14.0,16.0,9.0,35.0,11.0,0.0,0.0,0.0,0.0,16.0,9.0,0.0,0.0,0.0,0.0
C3_f0.1__lamarckian__s25,C3_f0.1__lamarckian,C3_f0.1,C3,lamarckian,25,1100,train,50,3.64,17,17,118.9087107734905,0.75,0.5,228.0,188.0,224.0,278.0,100.0,74.0,0.0,0.0,21.0,12.0,21.0,20.0,16.0,6.0,0.0,0.0,0.0,0.0,21.0,20.0,0.0,0.0,0.0,0.0
C3_f0.1__lamarckian__s25,C3_f0.1__lamarckian,C3_f0.1,C3,lamarckian,25,1150,train,50,3.88,21,21,82.97050580597657,0.8541666666666666,0.5,236.0,206.0,163.0,233.0,64.0,58.0,0.0,0.0,19.0,16.0,10.0,26.0,25.0,16.0,0.0,0.0,0.0,0.0,10.0,26.0,0.0,0.0,0.0,0.0
C3_f0.1__lamarckian__s25,C3_f0.1__lamarckian,C3_f0.1,C3,lamarckian,25,1200,train,50,4.06,11,11,51.609746044795294,0.9791666666666666,0.5,232.0,175.0,227.0,275.0,95.0,77.0,0.0,0.0,29.0,19.0,22.0,21.0,19.0,17.0,0.0,0.0,0.0,0.0,22.0,21.0,0.0,0.0,0.0,0.0
C3_f0.1__lamarckian__s25,C3_f0.1__lamarckian,C3_f0.1,C3,lamarckian,25,1250,train,50,4.1,19,19,63.22793585145401,0.9375,0.5,289.0,233.0,216.0,280.0,67.0,74.0,0.0,0.0,21.0,22.0,22.0,22.0,14.0,14.0,0.0,0.0,0.0,0.0,22.0,22.0,0.0,0.0,0.0,0.0
C3_f0.1__lamarckian__s25,C3_f0.1__lamarckian,C3_f0.1,C3,lamarckian,25,1300,train,50,4.16,20,20,101.467711084395,0.75,0.5,297.0,277.0,295.0,391.0,53.0,42.0,0.0,0.0,20.0,16.0,20.0,23.0,21.0,12.0,0.0,0.0,0.0,0.0,20.0,23.0,0.0,0.0,0.0,0.0
C3_f0.1__lamarckian__s25,C3_f0.1__lamarckian,C3_f0.1,C3,lamarckian,25,1350,train,50,4.16,17,17,58.747152328541716,0.9166666666666666,0.5,320.0,294.0,233.0,302.0,81.0,62.0,0.0,0.0,27.0,13.0,23.0,20.0,32.0,18.0,0.0,0.0,0.0,0.0,23.0,20.0,0.0,0.0,0.0,0.0
C3_f0.1__lamarckian__s25,C3_f0.1__lamarckian,C3_f0.1,C3,lamarckian,25,1400,train,50,4.2,9,9,69.05694659734029,0.875,0.5,304.0,275.0,221.0,253.0,72.0,67.0,0.0,0.0,28.0,26.0,12.0,18.0,23.0,18.0,0.0,0.0,0.0,0.0,12.0,18.0,0.0,0.0,0.0,0.0
C3_f0.1__lamarckian__s25,C3_f0.1__lamarckian,C3_f0.1,C3,lamarckian,25,1450,train,50,4.42,20,20,75.22759938141702,0.8125,0.5,248.0,194.0,289.0,288.0,102.0,75.0,0.0,0.0,19.0,10.0,26.0,22.0,30.0,11.0,0.0,0.0,0.0,0.0,26.0,22.0,0.0,0.0,0.0,0.0
C3_f0.1__lamarckian__s25,C3_f0.1__lamarckian,C3_f0.1,C3,lamarckian,25,1500,train,50,4.6,9,9,87.25865334460644,0.75,0.5,342.0,303.0,307.0,393.0,87.0,51.0,0.0,0.0,19.0,17.0,19.0,18.0,24.0,10.0,0.0,0.0,0.0,0.0,19.0,18.0,0.0,0.0,0.0,0.0
C3_f0.1__lamarckian__s25,C3_f0.1__lamarckian,C3_f0.1,C3,lamarckian,25,1550,eval,50,4.74,7,7,86.64630977503813,0.7708333333333334,0.5,323.0,278.0,369.0,452.0,38.0,18.0,40.0,50.0,25.0,21.0,20.0,17.0,14.0,4.0,10.0,5.0,0.0,0.0,20.0,17.0,0.0,0.0,10.0,5.0
C3_f0.1__lamarckian__s25,C3_f0.1__lamarckian,C3_f0.1,C3,lamarckian,25,1600,eval,50,4.78,11,11,94.03846659847525,0.75,0.5,371.0,269.0,368.0,454.0,103.0,71.0,22.0,13.0,23.0,17.0,16.0,19.0,12.0,8.0,8.0,4.0,0.0,0.0,16.0,19.0,0.0,0.0,8.0,4.0
C3_f0.1__lamarckian__s25,C3_f0.1__lamarckian,C3_f0.1,C3,lamarckian,25,1650,eval,50,4.74,11,11,133.40390889243506,0.625,0.5,445.0,352.0,260.0,345.0,78.0,68.0,76.0,88.0,26.0,16.0,15.0,18.0,5.0,5.0,10.0,6.0,0.0,0.0,15.0,18.0,0.0,0.0,10.0,6.0
C3_f0.1__lamarckian__s25,C3_f0.1__lamarckian,C3_f0.1,C3,lamarckian,25,1700,eval,50,4.82,9,9,130.27624052877584,0.625,0.5,346.0,270.0,310.0,388.0,140.0,92.0,62.0,82.0,16.0,17.0,17.0,18.0,16.0,4.0,6.0,5.0,0.0,0.0,17.0,18.0,0.0,0.0,6.0,5.0
C3_f0.1__lamarckian__s25,C3_f0.1__lamarckian,C3_f0.1,C3,lamarckian,25,1750,eval,50,4.94,11,11,118.54250344599296,0.6458333333333334,0.5,316.0,295.0,281.0,321.0,90.0,91.0,85.0,132.0,18.0,14.0,21.0,18.0,6.0,7.0,7.0,10.0,0.0,0.0,21.0,18.0,0.0,0.0,7.0,10.0
C3_f0.1__lamarckian__s25,C3_f0.1__lamarckian,C3_f0.1,C3,lamarckian,25,1800,eval,50,5.06,14,14,118.27216201428982,0.625,0.5,272.0,223.0,262.0,350.0,119.0,96.0,153.0,189.0,26.0,10.0,16.0,22.0,10.0,6.0,4.0,7.0,0.0,0.0,16.0,22.0,0.0,0.0,4.0,7.0
C3_f0.1__lamarckian__s26,C3_f0.1__lamarckian,C3_f0.1,C3,lamarckian,26,50,train,50,0.7,31,1,69.84151850898837,0.8125,0.5,156.0,128.0,79.0,94.0,65.0,60.0,0.0,0.0,36.0,27.0,13.0,14.0,12.0,9.0,0.0,0.0,0.0,0.0,13.0,14.0,0.0,0.0,0.0,0.0
C3_f0.1__lamarckian__s26,C3_f0.1__lamarckian,C3_f0.1,C3,lamarckian,26,100,train,50,0.72,14,14,62.077930174500445,0.9166666666666666,0.5,198.0,156.0,127.0,167.0,17.0,17.0,0.0,0.0,32.0,15.0,21.0,18.0,7.0,10.0,0.0,0.0,0.0,0.0,21.0,18.0,0.0,0.0,0.0,0.0
C3_f0.1__lamarckian__s26,C3_f0.1__lamarckian,C3_f0.1,C3,lamarckian,26,150,train,50,0.76,11,11,61.35019320693306,0.875,0.5,242.0,199.0,211.0,282.0,29.0,26.0,0.0,0.0,34.0,30.0,13.0,19.0,11.0,7.0,0.0,0.0,0.0,0.0,13.0,19.0,0.0,0.0,0.0,0.0
C3_f0.1__lamarckian__s26,C3_f0.1__lamarckian,C3_f0.1,C3,lamarckian,26,200,train,50,0.8,10,10,108.47648298259628,0.7708333333333334,0.5,247.0,202.0,226.0,238.0,7.0,15.0,0.0,0.0,22.0,22.0,21.0,19.0,5.0,8.0,0.0,0.0,0.0,0.0,21.0,19.0,0.0,0.0,0.0,0.0
C3_f0.1__lamarckian__s26,C3_f0.1__lamarckian,C3_f0.1,C3,lamarckian,26,250,train,50,0.86,14,14,107.92188204389275,0.8333333333333334,0.5,267.0,219.0,258.0,328.0,35.0,18.0,0.0,0.0,26.0,16.0,23.0,21.0,15.0,6.0,0.0,0.0,0.0,0.0,23.0,21.0,0.0,0.0,0.0,0.0
C3_f0.1__lamarckian__s26,C3_f0.1__lamarckian,C3_f0.1,C3,lamarckian,26,300,train,50,0.86,12,12,129.7930544486243,0.7083333333333334,0.5,267.0,203.0,168.0,246.0,51.0,34.0,0.0,0.0,31.0,13.0,8.0,19.0,13.0,11.0,0.0,0.0,0.0,0.0,8.0,19.0,0.0,0.0,0.0,0.0
C3_f0.1__lamarckian__s26,C3_f0.1__lamarckian,C3_f0.1,C3,lamarckian,26,350,train,50,0.9,9,9,92.80949743095778,0.8333333333333334,0.5,394.0,295.0,189.0,232.0,38.0,32.0,0.0,0.0,32.0,19.0,19.0,20.0,11.0,19.0,0.0,0.0,0.0,0.0,19.0,20.0,0.0,0.0,0.0,0.0
C3_f0.1__lamarckian__s26,C3_f0.1__lamarckian,C3_f0.1,C3,lamarckian,26,400,train,50,0.88,11,11,77.980287977547,0.8333333333333334,0.5,245.0,195.0,262.0,312.0,77.0,63.0,0.0,0.0,24.0,15.0,22.0,24.0,16.0,7.0,0.0,0.0,0.0,0.0,22.0,24.0,0.0,0.0,0.0,0.0
C3_f0.1__lamarckian__s26,C3_f0.1__lamarckian,C3_f0.1,C3,lamarckian,26,450,train,50,0.86,10,10,94.74768968107186,0.8333333333333334,0.5,307.0,240.0,247.0,307.0,53.0,47.0,0.0,0.0,25.0,9.0,20.0,22.0,11.0,8.0,0.0,0.0,0.0,0.0,20.0,22.0,0.0,0.0,0.0,0.0
C3_f0.1__lamarckian__s26,C3_f0.1__lamarckian,C3_f0.1,C3,lamarckian,26,500,train,50,1.18,16,16,104.72792025221477,0.75,0.5,378.0,283.0,249.0,290.0,61.0,68.0,0.0,0.0,36.0,19.0,27.0,18.0,7.0,9.0,0.0,0.0,0.0,0.0,27.0,18.0,0.0,0.0,0.0,0.0
C3_f0.1__lamarckian__s26,C3_f0.1__lamarckian,C3_f0.1,C3,lamarckian,26,550,train,50,1.42,17,17,108.74037015413685,0.75,0.5,261.0,223.0,194.0,281.0,50.0,45.0,0.0,0.0,19.0,20.0,20.0,22.0,16.0,11.0,0.0,0.0,0.0,0.0,20.0,22.0,0.0,0.0,0.0,0.0
C3_f0.1__lamarckian__s26,C3_f0.1__lamarckian,C3_f0.1,C3,lamarckian,26,600,train,50,1.54,10,10,80.67995929755315,0.875,0.5,340.0,261.0,165.0,194.0,66.0,58.0,0.0,0.0,38.0,27.0,16.0,12.0,12.0,11.0,0.0,0.0,0.0,0.0,16.0,12.0,0.0,0.0,0.0,0.0
C3_f0.1__lamarckian__s26,C3_f0.1__lamarckian,C3_f0.1,C3,lamarckian,26,650,train,50,1.6,8,8,97.49374629881436,0.7708333333333334,0.5,221.0,160.0,197.0,242.0,62.0,48.0,0.0,0.0,27.0,18.0,26.0,14.0,15.0,7.0,0.0,0.0,0.0,0.0,26.0,14.0,0.0,0.0,0.0,0.0
C3_f0.1__lamarckian__s26,C3_f0.1__lamarckian,C3_f0.1,C3,lamarckian,26,700,train,50,1.68,19,19,80.40653637141898,0.8333333333333334,0.5,246.0,199.0,221.0,290.0,55.0,41.0,0.0,0.0,28.0,28.0,16.0,28.0,11.0,5.0,0.0,0.0,0.0,0.0,16.0,28.0,0.0,0.0,0.0,0.0
C3_f0.1__lamarckian__s26,C3_f0.1__lamarckian,C3_f0.1,C3,lamarckian,26,750,train,50,1.72,8,8,108.55568488851608,0.7708333333333334,0.5,265.0,224.0,221.0,292.0,57.0,41.0,0.0,0.0,21.0,16.0,13.0,24.0,16.0,10.0,0.0,0.0,0.0,0.0,13.0,24.0,0.0,0.0,0.0,0.0
C3_f0.1__lamarckian__s26,C3_f0.1__lamarckian,C3_f0.1,C3,lamarckian,26,800,train,50,1.8,10,10,125.655579065437,0.6041666666666666,0.5,302.0,283.0,243.0,323.0,55.0,53.0,0.0,0.0,22.0,25.0,22.0,22.0,9.0,5.0,0.0,0.0,0.0,0.0,22.0,22.0,0.0,0.0,0.0,0.0
C3_f0.1__lamarckian__s26,C3_f0.1__lamarckian,C3_f0.1,C3,lamarckian,26,850,train,50,1.86,14,14,89.6449976351412,0.8541666666666666,0.5,327.0,264.0,331.0,408.0,53.0,60.0,0.0,0.0,31.0,16.0,31.0,19.0,11.0,14.0,0.0,0.0,0.0,0.0,31.0,19.0,0.0,0.0,0.0,0.0
C3_f0.1__lamarckian__s26,C3_f0.1__lamarckian,C3_f0.1,C3,lamarckian,26,900,train,50,1.98,12,12,81.26157451394135,0.875,0.5,280.0,231.0,249.0,282.0,61.0,57.0,0.0,0.0,28.0,14.0,21.0,12.0,19.0,7.0,0.0,0.0,0.0,0.0,21.0,12.0,0.0,0.0,0.0,0.0
C3_f0.1__lamarckian__s26,C3_f0.1__lamarckian,C3_f0.1,C3,lamarckian,26,950,train,50,1.98,8,8,84.85749029275618,0.8333333333333334,0.5,332.0,269.0,252.0,278.0,52.0,46.0,0.0,0.0,29.0,19.0,22.0,20.0,15.0,8.0,0.0,0.0,0.0,0.0,22.0,20.0,0.0,0.0,0.0,0.0
C3_f0.1__lamarckian__s26,C3_f0.1__lamarckian,C3_f0.1,C3,lamarckian,26,1000,train,50,2.22,15,15,101.82131429967885,0.75,0.5,399.0,354.0,187.0,203.0,62.0,50.0,0.0,0.0,31.0,14.0,17.0,18.0,11.0,10.0,0.0,0.0,0.0,0.0,17.0,18.0,0.0,0.0,0.0,0.0
C3_f0.1__lamarckian__s26,C3_f0.1__lamarckian,C3_f0.1,C3,lamarckian,26,1050,train,50,2.5,21,21,79.94399246558605,0.8333333333333334,0.5,252.0,200.0,271.0,298.0,60.0,43.0,0.0,0.0,28.0,13.0,32.0,21.0,18.0,11.0,0.0,0.0,0.0,0.0,32.0,21.0,0.0,0.0,0.0,0.0
C3_f0.1__lamarckian__s26,C3_f0.1__lamarckian,C3_f0.1,C3,lamarckian,26,1100,train,50,2.56,9,9,64.96067875400061,0.9166666666666666,0.5,292.0,232.0,254.0,291.0,83.0,59.0,0.0,0.0,30.0,27.0,18.0,20.0,16.0,10.0,0.0,0.0,0.0,0.0,18.0,20.0,0.0,0.0,0.0,0.0
C3_f0.1__lamarckian__s26,C3_f0.1__lamarckian,C3_f0.1,C3,lamarckian,26,1150,train,50,2.6,16,16,72.37353059310095,0.8958333333333334,0.5,296.0,295.0,287.0,385.0,71.0,58.0,0.0,0.0,31.0,13.0,27.0,22.0,13.0,7.0,0.0,0.0,0.0,0.0,27.0,22.0,0.0,0.0,0.0,0.0
C3_f0.1__lamarckian__s26,C3_f0.1__lamarckian,C3_f0.1,C3,lamarckian,26,1200,train,50,2.72,16,16,77.87497865436607,0.8958333333333334,0.5,241.0,225.0,338.0,358.0,44.0,37.0,0.0,0.0,25.0,19.0,21.0,28.0,12.0,10.0,0.0,0.0,0.0,0.0,21.0,28.0,0.0,0.0,0.0,0.0
C3_f0.1__lamarckian__s26,C3_f0.1__lamarckian,C3_f0.1,C3,lamarckian,26,1250,train,50,2.78,19,19,78.93387645048107,0.8125,0.5,288.0,237.0,207.0,278.0,53.0,46.0,0.0,0.0,28.0,14.0,17.0,18.0,12.0,11.0,0.0,0.0,0.0,0.0,17.0,18.0,0.0,0.0,0.0,0.0
C3_f0.1__lamarckian__s26,C3_f0.1__lamarckian,C3_f0.1,C3,lamarckian,26,1300,train,50,2.84,17,17,98.38918645701423,0.7708333333333334,0.5,272.0,219.0,240.0,296.0,64.0,48.0,0.0,0.0,23.0,12.0,27.0,24.0,9.0,10.0,0.0,0.0,0.0,0.0,27.0,24.0,0.0,0.0,0.0,0.0
C3_f0.1__lamarckian__s26,C3_f0.1__lamarckian,C3_f0.1,C3,lamarckian,26,1350,train,50,2.94,14,14,69.33221261012086,0.9166666666666666,0.5,319.0,276.0,231.0,346.0,60.0,52.0,0.0,0.0,32.0,26.0,21.0,16.0,20.0,17.0,0.0,0.0,0.0,0.0,21.0,16.0,0.0,0.0,0.0,0.0
C3_f0.1__lamarckian__s26,C3_f0.1__lamarckian,C3_f0.1,C3,lamarckian,26,1400,train,50,3.1,19,19,72.9022029132228,0.8958333333333334,0.5,282.0,224.0,214.0,237.0,35.0,32.0,0.0,0.0,30.0,14.0,25.0,27.0,15.0,10.0,0.0,0.0,0.0,0.0,25.0,27.0,0.0,0.0,0.0,0.0
C3_f0.1__lamarckian__s26,C3_f0.1__lamarckian,C3_f0.1,C3,lamarckian,26,1450,train,50,3.36,19,19,80.77511576942054,0.8333333333333334,0.5,308.0,246.0,267.0,319.0,26.0,23.0,0.0,0.0,22.0,14.0,30.0,24.0,12.0,7.0,0.0,0.0,0.0,0.0,30.0,24.0,0.0,0.0,0.0,0.0
C3_f0.1__lamarckian__s26,C3_f0.1__lamarckian,C3_f0.1,C3,lamarckian,26,1500,train,50,3.6,15,15,60.149216125221415,0.8958333333333334,0.5,305.0,241.0,284.0,363.0,42.0,19.0,0.0,0.0,30.0,27.0,23.0,22.0,19.0,6.0,0.0,0.0,0.0,0.0,23.0,22.0,0.0,0.0,0.0,0.0
C3_f0.1__lamarckian__s26,C3_f0.1__lamarckian,C3_f0.1,C3,lamarckian,26,1550,eval,50,3.72,16,16,64.26172074966291,0.9166666666666666,0.5,325.0,266.0,171.0,224.0,12.0,11.0,16.0,20.0,38.0,25.0,15.0,11.0,8.0,2.0,9.0,8.0,0.0,0.0,15.0,11.0,0.0,0.0,9.0,8.0
C3_f0.1__lamarckian__s26,C3_f0.1__lamarckian,C3_f0.1,C3,lamarckian,26,1600,eval,50,3.8,12,12,85.5960310777356,0.8333333333333334,0.5,286.0,250.0,243.0,276.0,20.0,19.0,12.0,23.0,16.0,23.0,16.0,23.0,3.0,5.0,5.0,10.0,0.0,0.0,16.0,23.0,0.0,0.0,5.0,10.0
C3_f0.1__lamarckian__s26,C3_f0.1__lamarckian,C3_f0.1,C3,lamarckian,26,1650,eval,50,3.84,12,12,155.05740386645112,0.5833333333333334,0.5,460.0,347.0,308.0,391.0,12.0,10.0,12.0,12.0,25.0,19.0,15.0,22.0,2.0,3.0,2.0,4.0,0.0,0.0,15.0,22.0,0.0,0.0,2.0,4.0
C3_f0.1__lamarckian__s26,C3_f0.1__lamarckian,C3_f0.1,C3,lamarckian,26,1700,eval,50,3.88,7,7,134.04218375873165,0.5833333333333334,0.5,399.0,313.0,279.0,349.0,63.0,42.0,31.0,43.0,20.0,20.0,21.0,19.0,2.0,2.0,7.0,7.0,0.0,0.0,21.0,19.0,0.0,0.0,7.0,7.0
C3_f0.1__lamarckian__s26,C3_f0.1__lamarckian,C3_f0.1,C3,lamarckian,26,1750,eval,50,3.98,7,7,143.7129242206272,0.5208333333333334,0.5,473.0,367.0,244.0,351.0,35.0,38.0,96.0,112.0,21.0,12.0,17.0,15.0,4.0,0.0,7.0,5.0,0.0,0.0,17.0,15.0,0.0,0.0,7.0,5.0
C3_f0.1__lamarckian__s26,C3_f0.1__lamarckian,C3_f0.1,C3,lamarckian,26,1800,eval,50,4.02,9,9,127.1663703316034,0.6041666666666666,0.5,446.0,347.0,319.0,361.0,93.0,86.0,89.0,82.0,28.0,16.0,20.0,17.0,3.0,3.0,5.0,1.0,0.0,0.0,20.0,17.0,0.0,0.0,5.0,1.0
C3_f0.1__lamarckian__s27,C3_f0.1__lamarckian,C3_f0.1,C3,lamarckian,27,50,train,50,0.88,34,4,43.11457601449365,0.9375,0.5,153.0,140.0,124.0,186.0,38.0,46.0,0.0,0.0,26.0,31.0,14.0,35.0,12.0,13.0,0.0,0.0,0.0,0.0,14.0,35.0,0.0,0.0,0.0,0.0
C3_f0.1__lamarckian__s27,C3_f0.1__lamarckian,C3_f0.1,C3,lamarckian,27,100,train,50,0.96,10,10,97.14846913143663,0.7916666666666666,0.5,162.0,147.0,157.0,176.0,78.0,56.0,0.0,0.0,19.0,16.0,13.0,22.0,15.0,8.0,0.0,0.0,0.0,0.0,13.0,22.0,0.0,0.0,0.0,0.0
C3_f0.1__lamarckian__s27,C3_f0.1__lamarckian,C3_f0.1,C3,lamarckian,27,150,train,50,1.08,11,11,60.04871859310704,0.875,0.5,170.0,152.0,237.0,252.0,83.0,81.0,0.0,0.0,21.0,20.0,19.0,27.0,14.0,13.0,0.0,0.0,0.0,0.0,19.0,27.0,0.0,0.0,0.0,0.0
C3_f0.1__lamarckian__s27,C3_f0.1__lamarckian,C3_f0.1,C3,lamarckian,27,200,train,50,1.24,19,19,72.09946175512604,0.8541666666666666,0.5,193.0,193.0,209.0,278.0,55.0,54.0,0.0,0.0,12.0,19.0,23.0,23.0,9.0,14.0,0.0,0.0,0.0,0.0,23.0,23.0,0.0,0.0,0.0,0.0
C3_f0.1__lamarckian__s27,C3_f0.1__lamarckian,C3_f0.1,C3,lamarckian,27,250,train,50,1.3,16,16,119.9808542217348,0.7083333333333334,0.5,246.0,215.0,241.0,289.0,40.0,26.0,0.0,0.0,19.0,19.0,20.0,16.0,16.0,15.0,0.0,0.0,0.0,0.0,20.0,16.0,0.0,0.0,0.0,0.0
C3_f0.1__lamarckian__s27,C3_f0.1__lamarckian,C3_f0.1,C3,lamarckian,27,300,train,50,1.54,11,11,82.35963988604763,0.7916666666666666,0.5,350.0,295.0,231.0,276.0,67.0,54.0,0.0,0.0,24.0,18.0,24.0,22.0,13.0,9.0,0.0,0.0,0.0,0.0,24.0,22.0,0.0,0.0,0.0,0.0
C3_f0.1__lamarckian__s27,C3_f0.1__lamarckian,C3_f0.1,C3,lamarckian,27,350,train,50,1.52,8,8,90.1565871510066,0.7708333333333334,0.5,346.0,284.0,256.0,292.0,54.0,42.0,0.0,0.0,31.0,20.0,18.0,15.0,11.0,11.0,0.0,0.0,0.0,0.0,18.0,15.0,0.0,0.0,0.0,0.0
C3_f0.1__lamarckian__s27,C3_f0.1__lamarckian,C3_f0.1,C3,lamarckian,27,400,train,50,1.4,8,8,87.91584865168886,0.8125,0.5,355.0,282.0,259.0,298.0,44.0,34.0,0.0,0.0,25.0,19.0,23.0,25.0,12.0,14.0,0.0,0.0,0.0,0.0,23.0,25.0,0.0,0.0,0.0,0.0
C3_f0.1__lamarckian__s27,C3_f0.1__lamarckian,C3_f0.1,C3,lamarckian,27,450,train,50,1.36,7,7,79.82342132872887,0.8125,0.5,286.0,251.0,355.0,443.0,49.0,34.0,0.0,0.0,23.0,13.0,29.0,17.0,12.0,9.0,0.0,0.0,0.0,0.0,29.0,17.0,0.0,0.0,0.0,0.0
C3_f0.1__lamarckian__s27,C3_f0.1__lamarckian,C3_f0.1,C3,lamarckian,27,500,train,50,1.72,16,16,95.1877890423812,0.7708333333333334,0.5,332.0,247.0,283.0,353.0,56.0,32.0,0.0,0.0,23.0,16.0,29.0,16.0,12.0,12.0,0.0,0.0,0.0,0.0,29.0,16.0,0.0,0.0,0.0,0.0
C3_f0.1__lamarckian__s27,C3_f0.1__lamarckian,C3_f0.1,C3,lamarckian,27,550,train,50,1.9,11,11,108.24207277066128,0.7291666666666666,0.5,312.0,263.0,318.0,417.0,34.0,22.0,0.0,0.0,32.0,13.0,21.0,24.0,14.0,10.0,0.0,0.0,0.0,0.0,21.0,24.0,0.0,0.0,0.0,0.0
C3_f0.1__lamarckian__s27,C3_f0.1__lamarckian,C3_f0.1,C3,lamarckian,27,600,train,50,2.04,11,11,75.70124265980975,0.8333333333333334,0.5,273.0,215.0,291.0,330.0,34.0,35.0,0.0,0.0,30.0,19.0,23.0,26.0,9.0,10.0,0.0,0.0,0.0,0.0,23.0,26.0,0.0,0.0,0.0,0.0
C3_f0.1__lamarckian__s27,C3_f0.1__lamarckian,C3_f0.1,C3,lamarckian,27,650,train,50,2.2,14,14,135.48587240494237,0.6458333333333334,0.5,321.0,234.0,188.0,256.0,43.0,41.0,0.0,0.0,19.0,10.0,19.0,19.0,11.0,12.0,0.0,0.0,0.0,0.0,19.0,19.0,0.0,0.0,0.0,0.0
C3_f0.1__lamarckian__s27,C3_f0.1__lamarckian,C3_f0.1,C3,lamarckian,27,700,train,50,2.44,9,9,76.68128727354967,0.8125,0.5,349.0,313.0,246.0,314.0,34.0,34.0,0.0,0.0,32.0,16.0,25.0,14.0,12.0,11.0,0.0,0.0,0.0,0.0,25.0,14.0,0.0,0.0,0.0,0.0
C3_f0.1__lamarckian__s27,C3_f0.1__lamarckian,C3_f0.1,C3,lamarckian,27,750,train,50,2.62,13,13,109.9574881488353,0.7291666666666666,0.5,372.0,322.0,187.0,236.0,62.0,44.0,0.0,0.0,31.0,22.0,13.0,13.0,12.0,9.0,0.0,0.0,0.0,0.0,13.0,13.0,0.0,0.0,0.0,0.0
C3_f0.1__lamarckian__s27,C3_f0.1__lamarckian,C3_f0.1,C3,lamarckian,27,800,train,50,2.82,16,16,74.60318811257937,0.8541666666666666,0.5,238.0,176.0,250.0,269.0,57.0,49.0,0.0,0.0,20.0,8.0,25.0,26.0,16.0,10.0,0.0,0.0,0.0,0.0,25.0,26.0,0.0,0.0,0.0,0.0
C3_f0.1__lamarckian__s27,C3_f0.1__lamarckian,C3_f0.1,C3,lamarckian,27,850,train,50,2.68,9,9,67.96211936953895,0.875,0.5,273.0,216.0,252.0,306.0,72.0,77.0,0.0,0.0,27.0,18.0,24.0,20.0,13.0,13.0,0.0,0.0,0.0,0.0,24.0,20.0,0.0,0.0,0.0,0.0
C3_f0.1__lamarckian__s27,C3_f0.1__lamarckian,C3_f0.1,C3,lamarckian,27,900,train,50,2.74,13,13,117.58068242339303,0.75,0.5,420.0,307.0,274.0,339.0,87.0,61.0,0.0,0.0,34.0,15.0,19.0,17.0,18.0,3.0,0.0,0.0,0.0,0.0,19.0,17.0,0.0,0.0,0.0,0.0
C3_f0.1__lamarckian__s27,C3_f0.1__lamarckian,C3_f0.1,C3,lamarckian,27,950,train,50,2.9,10,10,67.28176252236948,0.8958333333333334,0.5,321.0,262.0,245.0,327.0,66.0,50.0,0.0,0.0,26.0,18.0,22.0,21.0,23.0,9.0,0.0,0.0,0.0,0.0,22.0,21.0,0.0,0.0,0.0,0.0
C3_f0.1__lamarckian__s27,C3_f0.1__lamarckian,C3_f0.1,C3,lamarckian,27,1000,train,50,3.02,13,13,88.57367761821914,0.8333333333333334,0.5,283.0,260.0,314.0,358.0,39.0,37.0,0.0,0.0,21.0,19.0,18.0,18.0,18.0,9.0,0.0,0.0,0.0,0.0,18.0,18.0,0.0,0.0,0.0,0.0
C3_f0.1__lamarckian__s27,C3_f0.1__lamarckian,C3_f0.1,C3,lamarckian,27,1050,train,50,3.38,13,13,84.82379526706973,0.8333333333333334,0.5,374.0,297.0,310.0,439.0,28.0,20.0,0.0,0.0,31.0,20.0,21.0,25.0,13.0,10.0,0.0,0.0,0.0,0.0,21.0,25.0,0.0,0.0,0.0,0.0
C3_f0.1__lamarckian__s27,C3_f0.1__lamarckian,C3_f0.1,C3,lamarckian,27,1100,train,50,3.36,7,7,116.93657116685608,0.6875,0.5,235.0,181.0,257.0,303.0,43.0,31.0,0.0,0.0,20.0,16.0,9.0,18.0,23.0,6.0,0.0,0.0,0.0,0.0,9.0,18.0,0.0,0.0,0.0,0.0
C3_f0.1__lamarckian__s27,C3_f0.1__lamarckian,C3_f0.1,C3,lamarckian,27,1150,train,50,3.6,12,12,73.63921268459974,0.875,0.5,354.0,286.0,269.0,307.0,49.0,49.0,0.0,0.0,29.0,20.0,23.0,23.0,8.0,12.0,0.0,0.0,0.0,0.0,23.0,23.0,0.0,0.0,0.0,0.0
C3_f0.1__lamarckian__s27,C3_f0.1__lamarckian,C3_f0.1,C3,lamarckian,27,1200,train,50,3.6,17,17,79.72277871371672,0.875,0.5,298.0,264.0,274.0,329.0,96.0,67.0,0.0,0.0,21.0,11.0,27.0,27.0,16.0,10.0,0.0,0.0,0.0,0.0,27.0,27.0,0.0,0.0,0.0,0.0
C3_f0.1__lamarckian__s27,C3_f0.1__lamarckian,C3_f0.1,C3,lamarckian,27,1250,train,50,3.74,10,10,82.46093347815105,0.8125,0.5,345.0,287.0,203.0,241.0,66.0,53.0,0.0,0.0,22.0,21.0,17.0,22.0,13.0,12.0,0.0,0.0,0.0,0.0,17.0,22.0,0.0,0.0,0.0,0.0
C3_f0.1__lamarckian__s27,C3_f0.1__lamarckian,C3_f0.1,C3,lamarckian,27,1300,train,50,3.42,11,11,103.57492098164667,0.75,0.5,291.0,249.0,286.0,348.0,47.0,40.0,0.0,0.0,21.0,26.0,16.0,27.0,13.0,8.0,0.0,0.0,0.0,0.0,16.0,27.0,0.0,0.0,0.0,0.0
C3_f0.1__lamarckian__s27,C3_f0.1__lamarckian,C3_f0.1,C3,lamarckian,27,1350,train,50,3.42,10,10,106.5432385063097,0.6875,0.5,357.0,294.0,283.0,352.0,64.0,50.0,0.0,0.0,27.0,16.0,12.0,21.0,13.0,8.0,0.0,0.0,0.0,0.0,12.0,21.0,0.0,0.0,0.0,0.0
C3_f0.1__lamarckian__s27,C3_f0.1__lamarckian,C3_f0.1,C3,lamarckian,27,1400,train,50,3.62,13,13,65.97931442659308,0.875,0.5,341.0,274.0,339.0,391.0,77.0,48.0,0.0,0.0,28.0,16.0,26.0,21.0,14.0,10.0,0.0,0.0,0.0,0.0,26.0,21.0,0.0,0.0,0.0,0.0
C3_f0.1__lamarckian__s27,C3_f0.1__lamarckian,C3_f0.1,C3,lamarckian,27,1450,train,50,3.62,13,13,69.74419657801846,0.8958333333333334,0.5,265.0,220.0,287.0,361.0,96.0,79.0,0.0,0.0,37.0,10.0,20.0,23.0,18.0,9.0,0.0,0.0,0.0,0.0,20.0,23.0,0.0,0.0,0.0,0.0
C3_f0.1__lamarckian__s27,C3_f0.1__lamarckian,C3_f0.1,C3,lamarckian,27,1500,train,50,3.84,12,12,82.50716610785085,0.8958333333333334,0.5,277.0,259.0,311.0,365.0,39.0,38.0,0.0,0.0,31.0,23.0,19.0,17.0,19.0,9.0,0.0,0.0,0.0,0.0,19.0,17.0,0.0,0.0,0.0,0.0
C3_f0.1__lamarckian__s27,C3_f0.1__lamarckian,C3_f0.1,C3,lamarckian,27,1550,eval,50,3.94,18,18,99.15074898901452,0.7916666666666666,0.5,230.0,176.0,337.0,409.0,37.0,36.0,10.0,26.0,28.0,15.0,35.0,22.0,6.0,4.0,5.0,6.0,0.0,0.0,35.0,22.0,0.0,0.0,5.0,6.0
C3_f0.1__lamarckian__s27,C3_f0.1__lamarckian,C3_f0.1,C3,lamarckian,27,1600,eval,50,4.1,16,16,114.52214495639411,0.75,0.5,275.0,252.0,241.0,334.0,79.0,52.0,24.0,15.0,25.0,21.0,18.0,22.0,10.0,8.0,6.0,1.0,0.0,0.0,18.0,22.0,0.0,0.0,6.0,1.0
C3_f0.1__lamarckian__s27,C3_f0.1__lamarckian,C3_f0.1,C3,lamarckian,27,1650,eval,50,3.94,9,9,79.18728806265919,0.875,0.5,335.0,255.0,291.0,329.0,48.0,50.0,67.0,70.0,42.0,17.0,31.0,17.0,6.0,4.0,16.0,2.0,0.0,0.0,31.0,17.0,0.0,0.0,16.0,2.0
C3_f0.1__lamarckian__s27,C3_f0.1__lamarckian,C3_f0.1,C3,lamarckian,27,1700,eval,50,4.24,19,19,120.15495825885051,0.625,0.5,288.0,254.0,255.0,332.0,42.0,48.0,50.0,62.0,14.0,8.0,18.0,19.0,12.0,6.0,13.0,4.0,0.0,0.0,18.0,19.0,0.0,0.0,13.0,4.0
C3_f0.1__lamarckian__s27,C3_f0.1__lamarckian,C3_f0.1,C3,lamarckian,27,1750,eval,50,4.14,8,8,165.70073986617837,0.5,0.5,585.0,450.0,345.0,359.0,53.0,28.0,25.0,35.0,17.0,13.0,17.0,14.0,10.0,0.0,5.0,2.0,0.0,0.0,17.0,14.0,0.0,0.0,5.0,2.0
C3_f0.1__lamarckian__s27,C3_f0.1__lamarckian,C3_f0.1,C3,lamarckian,27,1800,eval,50,4.26,8,8,169.70893188673563,0.3541666666666667,0.5,605.0,520.0,293.0,374.0,45.0,42.0,29.0,53.0,14.0,18.0,14.0,17.0,3.0,4.0,2.0,5.0,0.0,0.0,14.0,17.0,0.0,0.0,2.0,5.0
C3_f0.1__lamarckian__s28,C3_f0.1__lamarckian,C3_f0.1,C3,lamarckian,28,50,train,50,0.76,31,1,56.86471933405149,0.8958333333333334,0.5,167.0,147.0,145.0,157.0,66.0,51.0,0.0,0.0,27.0,26.0,29.0,26.0,8.0,6.0,0.0,0.0,0.0,0.0,29.0,26.0,0.0,0.0,0.0,0.0
C3_f0.1__lamarckian__s28,C3_f0.1__lamarckian,C3_f0.1,C3,lamarckian,28,100,train,50,0.8,13,13,97.68979739511408,0.7916666666666666,0.5,200.0,194.0,155.0,187.0,55.0,26.0,0.0,0.0,25.0,22.0,22.0,20.0,10.0,1.0,0.0,0.0,0.0,0.0,22.0,20.0,0.0,0.0,0.0,0.0
C3_f0.1__lamarckian__s28,C3_f0.1__lamarckian,C3_f0.1,C3,lamarckian,28,150,train,50,1.0,19,19,134.35846868672294,0.6458333333333334,0.5,305.0,238.0,272.0,309.0,60.0,45.0,0.0,0.0,24.0,11.0,18.0,25.0,13.0,2.0,0.0,0.0,0.0,0.0,18.0,25.0,0.0,0.0,0.0,0.0
C3_f0.1__lamarckian__s28,C3_f0.1__lamarckian,C3_f0.1,C3,lamarckian,28,200,train,50,0.98,9,9,99.63453551318905,0.7291666666666666,0.5,363.0,281.0,332.0,453.0,42.0,46.0,0.0,0.0,28.0,17.0,20.0,25.0,10.0,8.0,0.0,0.0,0.0,0.0,20.0,25.0,0.0,0.0,0.0,0.0
C3_f0.1__lamarckian__s28,C3_f0.1__lamarckian,C3_f0.1,C3,lamarckian,28,250,train,50,0.94,3,3,117.03400107393884,0.6458333333333334,0.5,304.0,249.0,360.0,381.0,65.0,45.0,0.0,0.0,31.0,18.0,25.0,18.0,7.0,2.0,0.0,0.0,0.0,0.0,25.0,18.0,0.0,0.0,0.0,0.0
C3_f0.1__lamarckian__s28,C3_f0.1__lamarckian,C3_f0.1,C3,lamarckian,28,300,train,50,0.94,8,8,100.82426962932853,0.8333333333333334,0.5,324.0,248.0,288.0,396.0,42.0,50.0,0.0,0.0,18.0,15.0,21.0,27.0,8.0,8.0,0.0,0.0,0.0,0.0,21.0,27.0,0.0,0.0,0.0,0.0
C3_f0.1__lamarckian__s28,C3_f0.1__lamarckian,C3_f0.1,C3,lamarckian,28,350,train,50,0.94,6,6,85.8294121181095,0.75,0.5,435.0,309.0,265.0,320.0,52.0,44.0,0.0,0.0,36.0,14.0,27.0,17.0,4.0,6.0,0.0,0.0,0.0,0.0,27.0,17.0,0.0,0.0,0.0,0.0
C3_f0.1__lamarckian__s28,C3_f0.1__lamarckian,C3_f0.1,C3,lamarckian,28,400,train,50,0.94,2,2,127.22091432160744,0.6458333333333334,0.5,407.0,325.0,266.0,323.0,113.0,79.0,0.0,0.0,36.0,17.0,16.0,11.0,12.0,4.0,0.0,0.0,0.0,0.0,16.0,11.0,0.0,0.0,0.0,0.0
C3_f0.1__lamarckian__s28,C3_f0.1__lamarckian,C3_f0.1,C3,lamarckian,28,450,train,50,0.94,3,3,95.57022634032485,0.7916666666666666,0.5,332.0,261.0,279.0,284.0,87.0,69.0,0.0,0.0,23.0,27.0,19.0,15.0,17.0,5.0,0.0,0.0,0.0,0.0,19.0,15.0,0.0,0.0,0.0,0.0
C3_f0.1__lamarckian__s28,C3_f0.1__lamarckian,C3_f0.1,C3,lamarckian,28,500,train,50,1.32,11,11,121.51850666432466,0.6041666666666666,0.5,325.0,278.0,290.0,316.0,71.0,53.0,0.0,0.0,25.0,16.0,22.0,15.0,12.0,3.0,0.0,0.0,0.0,0.0,22.0,15.0,0.0,0.0,0.0,0.0
C3_f0.1__lamarckian__s28,C3_f0.1__lamarckian,C3_f0.1,C3,lamarckian,28,550,train,50,1.54,12,12,98.51636426235153,0.8541666666666666,0.5,340.0,291.0,213.0,267.0,92.0,57.0,0.0,0.0,29.0,26.0,14.0,21.0,14.0,5.0,0.0,0.0,0.0,0.0,14.0,21.0,0.0,0.0,0.0,0.0
C3_f0.1__lamarckian__s28,C3_f0.1__lamarckian,C3_f0.1,C3,lamarckian,28,600,train,50,1.78,17,17,85.58247950788228,0.7708333333333334,0.5,326.0,238.0,253.0,260.0,91.0,63.0,0.0,0.0,31.0,14.0,21.0,22.0,7.0,7.0,0.0,0.0,0.0,0.0,21.0,22.0,0.0,0.0,0.0,0.0
C3_f0.1__lamarckian__s28,C3_f0.1__lamarckian,C3_f0.1,C3,lamarckian,28,650,train,50,1.98,20,20,79.63650127714274,0.8125,0.5,280.0,255.0,215.0,271.0,91.0,70.0,0.0,0.0,23.0,26.0,16.0,20.0,6.0,16.0,0.0,0.0,0.0,0.0,16.0,20.0,0.0,0.0,0.0,0.0
C3_f0.1__lamarckian__s28,C3_f0.1__lamarckian,C3_f0.1,C3,lamarckian,28,700,train,50,1.92,18,18,78.19396408042687,0.8541666666666666,0.5,319.0,258.0,201.0,244.0,34.0,31.0,0.0,0.0,23.0,20.0,21.0,21.0,10.0,7.0,0.0,0.0,0.0,0.0,21.0,21.0,0.0,0.0,0.0,0.0
C3_f0.1__lamarckian__s28,C3_f0.1__lamarckian,C3_f0.1,C3,lamarckian,28,750,train,50,1.96,13,13,69.94834869903949,0.8333333333333334,0.5,319.0,296.0,209.0,243.0,43.0,24.0,0.0,0.0,30.0,34.0,21.0,18.0,1.0,8.0,0.0,0.0,0.0,0.0,21.0,18.0,0.0,0.0,0.0,0.0
C3_f0.1__lamarckian__s28,C3_f0.1__lamarckian,C3_f0.1,C3,lamarckian,28,800,train,50,2.08,14,14,77.74019645809183,0.8541666666666666,0.5,329.0,253.0,182.0,244.0,62.0,63.0,0.0,0.0,38.0,23.0,18.0,21.0,3.0,13.0,0.0,0.0,0.0,0.0,18.0,21.0,0.0,0.0,0.0,0.0
C3_f0.1__lamarckian__s28,C3_f0.1__lamarckian,C3_f0.1,C3,lamarckian,28,850,train,50,2.34,16,16,70.93079258584041,0.9166666666666666,0.5,209.0,188.0,226.0,278.0,57.0,37.0,0.0,0.0,34.0,19.0,23.0,19.0,15.0,4.0,0.0,0.0,0.0,0.0,23.0,19.0,0.0,0.0,0.0,0.0
C3_f0.1__lamarckian__s28,C3_f0.1__lamarckian,C3_f0.1,C3,lamarckian,28,900,train,50,2.42,10,10,67.22651000087905,0.8958333333333334,0.5,266.0,217.0,228.0,294.0,33.0,32.0,0.0,0.0,32.0,27.0,12.0,24.0,10.0,8.0,0.0,0.0,0.0,0.0,12.0,24.0,0.0,0.0,0.0,0.0
C3_f0.1__lamarckian__s28,C3_f0.1__lamarckian,C3_f0.1,C3,lamarckian,28,950,train,50,2.46,12,12,75.35767739894588,0.875,0.5,258.0,210.0,342.0,363.0,27.0,14.0,0.0,0.0,20.0,27.0,20.0,34.0,11.0,3.0,0.0,0.0,0.0,0.0,20.0,34.0,0.0,0.0,0.0,0.0
C3_f0.1__lamarckian__s28,C3_f0.1__lamarckian,C3_f0.1,C3,lamarckian,28,1000,train,50,2.6,14,14,82.39684615849932,0.875,0.5,380.0,294.0,288.0,378.0,46.0,26.0,0.0,0.0,33.0,21.0,18.0,15.0,8.0,9.0,0.0,0.0,0.0,0.0,18.0,15.0,0.0,0.0,0.0,0.0
C3_f0.1__lamarckian__s28,C3_f0.1__lamarckian,C3_f0.1,C3,lamarckian,28,1050,train,50,2.72,15,15,59.63931280022385,0.9166666666666666,0.5,330.0,246.0,285.0,360.0,58.0,55.0,0.0,0.0,43.0,20.0,31.0,17.0,10.0,6.0,0.0,0.0,0.0,0.0,31.0,17.0,0.0,0.0,0.0,0.0
C3_f0.1__lamarckian__s28,C3_f0.1__lamarckian,C3_f0.1,C3,lamarckian,28,1100,train,50,3.0,17,17,54.05153155751556,0.9375,0.5,220.0,195.0,235.0,269.0,41.0,32.0,0.0,0.0,25.0,18.0,29.0,25.0,11.0,7.0,0.0,0.0,0.0,0.0,29.0,25.0,0.0,0.0,0.0,0.0
C3_f0.1__lamarckian__s28,C3_f0.1__lamarckian,C3_f0.1,C3,lamarckian,28,1150,train,50,3.12,21,21,107.0191746046752,0.7083333333333334,0.5,339.0,281.0,241.0,270.0,23.0,24.0,0.0,0.0,23.0,17.0,26.0,23.0,5.0,5.0,0.0,0.0,0.0,0.0,26.0,23.0,0.0,0.0,0.0,0.0
C3_f0.1__lamarckian__s28,C3_f0.1__lamarckian,C3_f0.1,C3,lamarckian,28,1200,train,50,3.26,14,14,75.84069376650295,0.9166666666666666,0.5,346.0,297.0,247.0,300.0,61.0,53.0,0.0,0.0,22.0,32.0,21.0,21.0,12.0,9.0,0.0,0.0,0.0,0.0,21.0,21.0,0.0,0.0,0.0,0.0
C3_f0.1__lamarckian__s28,C3_f0.1__lamarckian,C3_f0.1,C3,lamarckian,28,1250,train,50,3.4,9,9,110.18371539459375,0.7916666666666666,0.5,311.0,271.0,235.0,309.0,49.0,36.0,0.0,0.0,19.0,19.0,17.0,28.0,11.0,4.0,0.0,0.0,0.0,0.0,17.0,28.0,0.0,0.0,0.0,0.0
C3_f0.1__lamarckian__s28,C3_f0.1__lamarckian,C3_f0.1,C3,lamarckian,28,1300,train,50,3.42,10,10,135.55606002891187,0.625,0.5,392.0,322.0,281.0,337.0,26.0,14.0,0.0,0.0,28.0,31.0,11.0,19.0,12.0,3.0,0.0,0.0,0.0,0.0,11.0,19.0,0.0,0.0,0.0,0.0
C3_f0.1__lamarckian__s28,C3_f0.1__lamarckian,C3_f0.1,C3,lamarckian,28,1350,train,50,3.6,17,17,102.36823511461432,0.75,0.5,342.0,326.0,353.0,410.0,57.0,43.0,0.0,0.0,12.0,21.0,20.0,38.0,8.0,8.0,0.0,0.0,0.0,0.0,20.0,38.0,0.0,0.0,0.0,0.0
C3_f0.1__lamarckian__s28,C3_f0.1__lamarckian,C3_f0.1,C3,lamarckian,28,1400,train,50,3.62,11,11,119.85909032030128,0.6458333333333334,0.5,428.0,319.0,327.0,384.0,49.0,49.0,0.0,0.0,28.0,12.0,17.0,22.0,6.0,11.0,0.0,0.0,0.0,0.0,17.0,22.0,0.0,0.0,0.0,0.0
C3_f0.1__lamarckian__s28,C3_f0.1__lamarckian,C3_f0.1,C3,lamarckian,28,1450,train,50,3.62,11,11,68.57207523226629,0.8541666666666666,0.5,431.0,358.0,258.0,330.0,101.0,84.0,0.0,0.0,31.0,22.0,22.0,26.0,15.0,7.0,0.0,0.0,0.0,0.0,22.0,26.0,0.0,0.0,0.0,0.0
C3_f0.1__lamarckian__s28,C3_f0.1__lamarckian,C3_f0.1,C3,lamarckian,28,1500,train,50,3.78,8,8,66.14558562865992,0.8958333333333334,0.5,360.0,297.0,272.0,343.0,67.0,59.0,0.0,0.0,35.0,16.0,25.0,17.0,14.0,7.0,0.0,0.0,0.0,0.0,25.0,17.0,0.0,0.0,0.0,0.0
C3_f0.1__lamarckian__s28,C3_f0.1__lamarckian,C3_f0.1,C3,lamarckian,28,1550,eval,50,4.02,15,15,104.57187905611971,0.8125,0.5,367.0,294.0,378.0,404.0,17.0,13.0,36.0,60.0,21.0,20.0,18.0,20.0,1.0,2.0,7.0,7.0,0.0,0.0,18.0,20.0,0.0,0.0,7.0,7.0
C3_f0.1__lamarckian__s28,C3_f0.1__lamarckian,C3_f0.1,C3,lamarckian,28,1600,eval,50,4.1,18,18,113.22227566886637,0.7708333333333334,0.5,381.0,348.0,341.0,419.0,50.0,35.0,19.0,20.0,20.0,19.0,26.0,22.0,8.0,6.0,4.0,3.0,0.0,0.0,26.0,22.0,0.0,0.0,4.0,3.0
C3_f0.1__lamarckian__s28,C3_f0.1__lamarckian,C3_f0.1,C3,lamarckian,28,1650,eval,50,4.34,20,20,89.16478791742358,0.7708333333333334,0.5,329.0,288.0,369.0,470.0,46.0,39.0,20.0,12.0,34.0,14.0,34.0,17.0,7.0,8.0,0.0,1.0,0.0,0.0,34.0,17.0,0.0,0.0,0.0,1.0
C3_f0.1__lamarckian__s28,C3_f0.1__lamarckian,C3_f0.1,C3,lamarckian,28,1700,eval,50,4.5,20,20,102.99108411738854,0.7916666666666666,0.5,317.0,267.0,290.0,379.0,69.0,44.0,56.0,55.0,34.0,7.0,32.0,20.0,4.0,3.0,2.0,7.0,0.0,0.0,32.0,20.0,0.0,0.0,2.0,7.0
C3_f0.1__lamarckian__s28,C3_f0.1__lamarckian,C3_f0.1,C3,lamarckian,28,1750,eval,50,4.68,17,17,132.17183516317067,0.6458333333333334,0.5,351.0,300.0,301.0,352.0,49.0,37.0,15.0,18.0,29.0,14.0,27.0,18.0,9.0,0.0,2.0,2.0,0.0,0.0,27.0,18.0,0.0,0.0,2.0,2.0
C3_f0.1__lamarckian__s28,C3_f0.1__lamarckian,C3_f0.1,C3,lamarckian,28,1800,eval,50,4.74,10,10,149.22312167688352,0.5416666666666666,0.5,378.0,302.0,364.0,514.0,41.0,26.0,51.0,59.0,18.0,14.0,24.0,25.0,0.0,3.0,1.0,3.0,0.0,0.0,24.0,25.0,0.0,0.0,1.0,3.0
C3_f0.1__lamarckian__s29,C3_f0.1__lamarckian,C3_f0.1,C3,lamarckian,29,50,train,50,0.8,34,4,74.5365651606482,0.7708333333333334,0.5,132.0,94.0,237.0,240.0,54.0,44.0,0.0,0.0,15.0,18.0,26.0,30.0,19.0,7.0,0.0,0.0,0.0,0.0,26.0,30.0,0.0,0.0,0.0,0.0
C3_f0.1__lamarckian__s29,C3_f0.1__lamarckian,C3_f0.1,C3,lamarckian,29,100,train,50,0.82,7,7,96.91148350709422,0.7708333333333334,0.5,235.0,196.0,198.0,249.0,42.0,22.0,0.0,0.0,24.0,17.0,18.0,22.0,13.0,7.0,0.0,0.0,0.0,0.0,18.0,22.0,0.0,0.0,0.0,0.0
C3_f0.1__lamarckian__s29,C3_f0.1__lamarckian,C3_f0.1,C3,lamarckian,29,150,train,50,0.86,12,12,121.36688050270985,0.6666666666666666,0.5,365.0,339.0,245.0,303.0,29.0,27.0,0.0,0.0,26.0,26.0,10.0,20.0,13.0,6.0,0.0,0.0,0.0,0.0,10.0,20.0,0.0,0.0,0.0,0.0
C3_f0.1__lamarckian__s29,C3_f0.1__lamarckian,C3_f0.1,C3,lamarckian,29,200,train,50,0.84,16,16,86.597988826429,0.75,0.5,256.0,232.0,262.0,408.0,55.0,55.0,0.0,0.0,26.0,17.0,13.0,27.0,10.0,13.0,0.0,0.0,0.0,0.0,13.0,27.0,0.0,0.0,0.0,0.0
C3_f0.1__lamarckian__s29,C3_f0.1__lamarckian,C3_f0.1,C3,lamarckian,29,250,train,50,0.82,10,10,77.82950304701836,0.8333333333333334,0.5,365.0,295.0,129.0,203.0,98.0,71.0,0.0,0.0,33.0,18.0,10.0,11.0,19.0,7.0,0.0,0.0,0.0,0.0,10.0,11.0,0.0,0.0,0.0,0.0
C3_f0.1__lamarckian__s29,C3_f0.1__lamarckian,C3_f0.1,C3,lamarckian,29,300,train,50,0.8,10,10,85.88243677755264,0.7708333333333334,0.5,350.0,295.0,267.0,342.0,39.0,38.0,0.0,0.0,20.0,17.0,19.0,18.0,12.0,7.0,0.0,0.0,0.0,0.0,19.0,18.0,0.0,0.0,0.0,0.0
C3_f0.1__lamarckian__s29,C3_f0.1__lamarckian,C3_f0.1,C3,lamarckian,29,350,train,50,0.8,12,12,69.2860740735995,0.8333333333333334,0.5,386.0,337.0,249.0,296.0,43.0,32.0,0.0,0.0,23.0,20.0,26.0,14.0,19.0,10.0,0.0,0.0,0.0,0.0,26.0,14.0,0.0,0.0,0.0,0.0
C3_f0.1__lamarckian__s29,C3_f0.1__lamarckian,C3_f0.1,C3,lamarckian,29,400,train,50,0.8,10,10,67.35253859517573,0.875,0.5,299.0,186.0,208.0,248.0,54.0,52.0,0.0,0.0,18.0,23.0,14.0,16.0,21.0,6.0,0.0,0.0,0.0,0.0,14.0,16.0,0.0,0.0,0.0,0.0
C3_f0.1__lamarckian__s29,C3_f0.1__lamarckian,C3_f0.1,C3,lamarckian,29,450,train,50,0.8,12,12,94.61360354602638,0.8333333333333334,0.5,249.0,190.0,198.0,252.0,66.0,36.0,0.0,0.0,23.0,16.0,16.0,20.0,15.0,7.0,0.0,0.0,0.0,0.0,16.0,20.0,0.0,0.0,0.0,0.0
C3_f0.1__lamarckian__s29,C3_f0.1__lamarckian,C3_f0.1,C3,lamarckian,29,500,train,43,1.255813953488372,16,23,85.85474964063425,0.8125,0.5,316.0,276.0,231.0,292.0,62.0,38.0,0.0,0.0,23.0,13.0,15.0,25.0,21.0,7.0,0.0,0.0,0.0,0.0,15.0,25.0,0.0,0.0,0.0,0.0
C3_f0.1__lamarckian__s29,C3_f0.1__lamarckian,C3_f0.1,C3,lamarckian,29,550,train,50,1.86,28,21,70.68624156963406,0.9166666666666666,0.5,260.0,210.0,231.0,249.0,54.0,53.0,0.0,0.0,37.0,17.0,25.0,21.0,16.0,12.0,0.0,0.0,0.0,0.0,25.0,21.0,0.0,0.0,0.0,0.0
C3_f0.1__lamarckian__s29,C3_f0.1__lamarckian,C3_f0.1,C3,lamarckian,29,600,train,49,2.0,15,16,47.338361957733426,0.9375,0.5,201.0,168.0,182.0,193.0,50.0,49.0,0.0,0.0,28.0,20.0,23.0,16.0,10.0,14.0,0.0,0.0,0.0,0.0,23.0,16.0,0.0,0.0,0.0,0.0
C3_f0.1__lamarckian__s29,C3_f0.1__lamarckian,C3_f0.1,C3,lamarckian,29,650,train,37,2.081081081081081,13,25,46.11617928761588,0.9583333333333334,0.5,284.0,174.0,166.0,230.0,74.0,54.0,0.0,0.0,52.0,7.0,16.0,11.0,18.0,13.0,0.0,0.0,0.0,0.0,16.0,11.0,0.0,0.0,0.0,0.0
C3_f0.1__lamarckian__s29,C3_f0.1__lamarckian,C3_f0.1,C3,lamarckian,29,700,train,40,2.275,13,10,71.06846914857293,0.8958333333333334,0.5,266.0,216.0,132.0,128.0,62.0,42.0,0.0,0.0,30.0,21.0,21.0,11.0,13.0,10.0,0.0,0.0,0.0,0.0,21.0,11.0,0.0,0.0,0.0,0.0
C3_f0.1__lamarckian__s29,C3_f0.1__lamarckian,C3_f0.1,C3,lamarckian,29,750,train,43,2.511627906976744,17,14,66.90994069165006,0.8958333333333334,0.5,291.0,230.0,199.0,208.0,52.0,50.0,0.0,0.0,44.0,17.0,16.0,15.0,13.0,14.0,0.0,0.0,0.0,0.0,16.0,15.0,0.0,0.0,0.0,0.0
C3_f0.1__lamarckian__s29,C3_f0.1__lamarckian,C3_f0.1,C3,lamarckian,29,800,train,48,2.625,16,11,49.470433637987085,0.9583333333333334,0.5,296.0,230.0,140.0,171.0,49.0,44.0,0.0,0.0,29.0,24.0,21.0,16.0,14.0,11.0,0.0,0.0,0.0,0.0,21.0,16.0,0.0,0.0,0.0,0.0
C3_f0.1__lamarckian__s29,C3_f0.1__lamarckian,C3_f0.1,C3,lamarckian,29,850,train,36,2.7222222222222223,6,18,87.40596209304076,0.875,0.5,193.0,173.0,134.0,170.0,58.0,51.0,0.0,0.0,32.0,12.0,20.0,17.0,13.0,12.0,0.0,0.0,0.0,0.0,20.0,17.0,0.0,0.0,0.0,0.0
C3_f0.1__lamarckian__s29,C3_f0.1__lamarckian,C3_f0.1,C3,lamarckian,29,900,train,37,2.945945945945946,15,14,93.64169628905526,0.7291666666666666,0.5,264.0,200.0,133.0,159.0,105.0,76.0,0.0,0.0,32.0,9.0,23.0,12.0,23.0,5.0,0.0,0.0,0.0,0.0,23.0,12.0,0.0,0.0,0.0,0.0
C3_f0.1__lamarckian__s29,C3_f0.1__lamarckian,C3_f0.1,C3,lamarckian,29,950,train,41,3.048780487804878,18,14,84.4259445697618,0.8541666666666666,0.5,298.0,244.0,220.0,305.0,80.0,60.0,0.0,0.0,34.0,21.0,23.0,24.0,15.0,6.0,0.0,0.0,0.0,0.0,23.0,24.0,0.0,0.0,0.0,0.0
C3_f0.1__lamarckian__s29,C3_f0.1__lamarckian,C3_f0.1,C3,lamarckian,29,1000,train,46,3.347826086956522,24,19,57.39244938132546,0.9166666666666666,0.5,272.0,182.0,203.0,282.0,130.0,108.0,0.0,0.0,29.0,11.0,19.0,20.0,22.0,19.0,0.0,0.0,0.0,0.0,19.0,20.0,0.0,0.0,0.0,0.0
C3_f0.1__lamarckian__s29,C3_f0.1__lamarckian,C3_f0.1,C3,lamarckian,29,1050,train,50,3.82,17,13,86.12920702663061,0.8125,0.5,349.0,317.0,246.0,269.0,71.0,63.0,0.0,0.0,23.0,23.0,29.0,21.0,11.0,10.0,0.0,0.0,0.0,0.0,29.0,21.0,0.0,0.0,0.0,0.0
C3_f0.1__lamarckian__s29,C3_f0.1__lamarckian,C3_f0.1,C3,lamarckian,29,1100,train,50,4.04,17,17,57.13715742637632,0.8958333333333334,0.5,315.0,226.0,262.0,280.0,100.0,85.0,0.0,0.0,25.0,16.0,27.0,18.0,23.0,6.0,0.0,0.0,0.0,0.0,27.0,18.0,0.0,0.0,0.0,0.0
C3_f0.1__lamarckian__s29,C3_f0.1__lamarckian,C3_f0.1,C3,lamarckian,29,1150,train,50,4.04,17,17,56.4474761058421,0.9375,0.5,271.0,230.0,271.0,306.0,86.0,70.0,0.0,0.0,20.0,22.0,16.0,26.0,23.0,9.0,0.0,0.0,0.0,0.0,16.0,26.0,0.0,0.0,0.0,0.0
C3_f0.1__lamarckian__s29,C3_f0.1__lamarckian,C3_f0.1,C3,lamarckian,29,1200,train,50,4.16,15,15,58.80941116439799,0.8958333333333334,0.5,326.0,280.0,200.0,253.0,90.0,68.0,0.0,0.0,28.0,19.0,17.0,17.0,15.0,16.0,0.0,0.0,0.0,0.0,17.0,17.0,0.0,0.0,0.0,0.0
C3_f0.1__lamarckian__s29,C3_f0.1__lamarckian,C3_f0.1,C3,lamarckian,29,1250,train,50,4.48,21,21,65.59648588899796,0.875,0.5,254.0,214.0,265.0,290.0,76.0,84.0,0.0,0.0,26.0,23.0,16.0,22.0,18.0,14.0,0.0,0.0,0.0,0.0,16.0,22.0,0.0,0.0,0.0,0.0
C3_f0.1__lamarckian__s29,C3_f0.1__lamarckian,C3_f0.1,C3,lamarckian,29,1300,train,46,4.326086956521739,12,16,61.02936378135652,0.9375,0.5,366.0,296.0,241.0,251.0,62.0,42.0,0.0,0.0,30.0,16.0,25.0,19.0,14.0,14.0,0.0,0.0,0.0,0.0,25.0,19.0,0.0,0.0,0.0,0.0
C3_f0.1__lamarckian__s29,C3_f0.1__lamarckian,C3_f0.1,C3,lamarckian,29,1350,train,40,4.475,13,19,71.97603193099997,0.8333333333333334,0.5,186.0,179.0,256.0,325.0,102.0,72.0,0.0,0.0,22.0,18.0,24.0,17.0,18.0,7.0,0.0,0.0,0.0,0.0,24.0,17.0,0.0,0.0,0.0,0.0
C3_f0.1__lamarckian__s29,C3_f0.1__lamarckian,C3_f0.1,C3,lamarckian,29,1400,train,41,4.463414634146342,20,19,67.04057620045775,0.875,0.5,310.0,266.0,211.0,241.0,38.0,27.0,0.0,0.0,19.0,24.0,27.0,25.0,16.0,10.0,0.0,0.0,0.0,0.0,27.0,25.0,0.0,0.0,0.0,0.0
C3_f0.1__lamarckian__s29,C3_f0.1__lamarckian,C3_f0.1,C3,lamarckian,29,1450,train,36,4.638888888888889,11,16,114.20564357658714,0.7708333333333334,0.5,261.0,205.0,231.0,312.0,32.0,33.0,0.0,0.0,14.0,15.0,19.0,33.0,11.0,14.0,0.0,0.0,0.0,0.0,19.0,33.0,0.0,0.0,0.0,0.0
C3_f0.1__lamarckian__s29,C3_f0.1__lamarckian,C3_f0.1,C3,lamarckian,29,1500,train,42,5.023809523809524,22,16,77.05768996841235,0.8958333333333334,0.5,279.0,216.0,175.0,263.0,58.0,42.0,0.0,0.0,37.0,18.0,23.0,21.0,16.0,15.0,0.0,0.0,0.0,0.0,23.0,21.0,0.0,0.0,0.0,0.0
C3_f0.1__lamarckian__s29,C3_f0.1__lamarckian,C3_f0.1,C3,lamarckian,29,1550,eval,46,5.195652173913044,17,13,86.38109858019591,0.875,0.5,270.0,226.0,207.0,300.0,59.0,56.0,24.0,39.0,23.0,16.0,11.0,21.0,14.0,13.0,2.0,3.0,0.0,0.0,11.0,21.0,0.0,0.0,2.0,3.0
C3_f0.1__lamarckian__s29,C3_f0.1__lamarckian,C3_f0.1,C3,lamarckian,29,1600,eval,50,5.22,17,13,96.9632621723487,0.875,0.5,324.0,271.0,201.0,276.0,49.0,42.0,44.0,28.0,36.0,14.0,19.0,16.0,8.0,7.0,10.0,4.0,0.0,0.0,19.0,16.0,0.0,0.0,10.0,4.0
C3_f0.1__lamarckian__s29,C3_f0.1__lamarckian,C3_f0.1,C3,lamarckian,29,1650,eval,50,5.54,18,18,95.36867675420228,0.7291666666666666,0.5,377.0,330.0,279.0,352.0,65.0,60.0,61.0,74.0,27.0,20.0,19.0,14.0,8.0,11.0,3.0,10.0,0.0,0.0,19.0,14.0,0.0,0.0,3.0,10.0
C3_f0.1__lamarckian__s29,C3_f0.1__lamarckian,C3_f0.1,C3,lamarckian,29,1700,eval,50,5.46,11,11,138.9995281080861,0.6041666666666666,0.5,410.0,372.0,302.0,406.0,88.0,76.0,67.0,89.0,18.0,28.0,15.0,16.0,6.0,8.0,2.0,3.0,0.0,0.0,15.0,16.0,0.0,0.0,2.0,3.0
C3_f0.1__lamarckian__s29,C3_f0.1__lamarckian,C3_f0.1,C3,lamarckian,29,1750,eval,50,5.28,6,6,103.98285492183837,0.7708333333333334,0.5,500.0,383.0,340.0,409.0,62.0,37.0,71.0,92.0,23.0,20.0,21.0,20.0,9.0,6.0,8.0,7.0,0.0,0.0,21.0,20.0,0.0,0.0,8.0,7.0
C3_f0.1__lamarckian__s29,C3_f0.1__lamarckian,C3_f0.1,C3,lamarckian,29,1800,eval,50,5.26,10,10,121.79472753791795,0.6458333333333334,0.5,525.0,429.0,275.0,351.0,66.0,62.0,40.0,50.0,17.0,20.0,9.0,20.0,7.0,7.0,4.0,6.0,0.0,0.0,9.0,20.0,0.0,0.0,4.0,6.0
C3_f0.1__lamarckian__s30,C3_f0.1__lamarckian,C3_f0.1,C3,lamarckian,30,50,train,50,0.8,31,1,159.69707879209477,0.6875,0.5,117.0,61.0,161.0,174.0,171.0,142.0,0.0,0.0,19.0,5.0,19.0,24.0,10.0,13.0,0.0,0.0,0.0,0.0,19.0,24.0,0.0,0.0,0.0,0.0
C3_f0.1__lamarckian__s30,C3_f0.1__lamarckian,C3_f0.1,C3,lamarckian,30,100,train,50,0.94,10,10,60.34579563835865,0.8541666666666666,0.5,291.0,201.0,178.0,217.0,53.0,32.0,0.0,0.0,31.0,21.0,14.0,29.0,10.0,6.0,0.0,0.0,0.0,0.0,14.0,29.0,0.0,0.0,0.0,0.0
C3_f0.1__lamarckian__s30,C3_f0.1__lamarckian,C3_f0.1,C3,lamarckian,30,150,train,50,0.9,8,8,102.22275093787093,0.7916666666666666,0.5,264.0,224.0,183.0,259.0,79.0,71.0,0.0,0.0,25.0,10.0,16.0,25.0,10.0,3.0,0.0,0.0,0.0,0.0,16.0,25.0,0.0,0.0,0.0,0.0
C3_f0.1__lamarckian__s30,C3_f0.1__lamarckian,C3_f0.1,C3,lamarckian,30,200,train,50,0.92,6,6,117.57876411015977,0.6875,0.5,320.0,249.0,253.0,280.0,117.0,111.0,0.0,0.0,24.0,15.0,19.0,17.0,13.0,12.0,0.0,0.0,0.0,0.0,19.0,17.0,0.0,0.0,0.0,0.0
C3_f0.1__lamarckian__s30,C3_f0.1__lamarckian,C3_f0.1,C3,lamarckian,30,250,train,50,0.9,13,13,96.69374142595285,0.7916666666666666,0.5,221.0,169.0,217.0,284.0,55.0,39.0,0.0,0.0,26.0,12.0,15.0,31.0,14.0,9.0,0.0,0.0,0.0,0.0,15.0,31.0,0.0,0.0,0.0,0.0
C3_f0.1__lamarckian__s30,C3_f0.1__lamarckian,C3_f0.1,C3,lamarckian,30,300,train,50,0.9,3,3,119.22160238392837,0.6666666666666666,0.5,260.0,234.0,214.0,250.0,56.0,45.0,0.0,0.0,21.0,17.0,18.0,14.0,17.0,6.0,0.0,0.0,0.0,0.0,18.0,14.0,0.0,0.0,0.0,0.0
C3_f0.1__lamarckian__s30,C3_f0.1__lamarckian,C3_f0.1,C3,lamarckian,30,350,train,50,0.9,8,8,94.37140671947182,0.8333333333333334,0.5,279.0,251.0,254.0,348.0,44.0,36.0,0.0,0.0,30.0,19.0,23.0,22.0,8.0,7.0,0.0,0.0,0.0,0.0,23.0,22.0,0.0,0.0,0.0,0.0
C3_f0.1__lamarckian__s30,C3_f0.1__lamarckian,C3_f0.1,C3,lamarckian,30,400,train,50,0.86,5,5,129.25180727287133,0.75,0.5,286.0,232.0,251.0,311.0,85.0,79.0,0.0,0.0,30.0,14.0,23.0,20.0,14.0,8.0,0.0,0.0,0.0,0.0,23.0,20.0,0.0,0.0,0.0,0.0
C3_f0.1__lamarckian__s30,C3_f0.1__lamarckian,C3_f0.1,C3,lamarckian,30,450,train,50,0.88,6,6,72.8575525859253,0.8333333333333334,0.5,302.0,278.0,297.0,306.0,118.0,103.0,0.0,0.0,34.0,13.0,27.0,18.0,11.0,8.0,0.0,0.0,0.0,0.0,27.0,18.0,0.0,0.0,0.0,0.0
C3_f0.1__lamarckian__s30,C3_f0.1__lamarckian,C3_f0.1,C3,lamarckian,30,500,train,50,1.26,10,10,128.17331462924633,0.6875,0.5,215.0,204.0,297.0,335.0,142.0,100.0,0.0,0.0,18.0,18.0,20.0,15.0,12.0,10.0,0.0,0.0,0.0,0.0,20.0,15.0,0.0,0.0,0.0,0.0
C3_f0.1__lamarckian__s30,C3_f0.1__lamarckian,C3_f0.1,C3,lamarckian,30,550,train,50,1.52,19,19,68.32750286960768,0.8958333333333334,0.5,284.0,242.0,223.0,269.0,69.0,63.0,0.0,0.0,35.0,34.0,17.0,14.0,9.0,15.0,0.0,0.0,0.0,0.0,17.0,14.0,0.0,0.0,0.0,0.0
C3_f0.1__lamarckian__s30,C3_f0.1__lamarckian,C3_f0.1,C3,lamarckian,30,600,train,50,1.56,11,11,73.85515828559852,0.7916666666666666,0.5,199.0,154.0,184.0,230.0,54.0,44.0,0.0,0.0,26.0,14.0,21.0,28.0,6.0,11.0,0.0,0.0,0.0,0.0,21.0,28.0,0.0,0.0,0.0,0.0
C3_f0.1__lamarckian__s30,C3_f0.1__lamarckian,C3_f0.1,C3,lamarckian,30,650,train,50,1.68,20,20,86.02272586830401,0.8333333333333334,0.5,270.0,219.0,216.0,265.0,62.0,40.0,0.0,0.0,26.0,15.0,21.0,27.0,11.0,7.0,0.0,0.0,0.0,0.0,21.0,27.0,0.0,0.0,0.0,0.0
C3_f0.1__lamarckian__s30,C3_f0.1__lamarckian,C3_f0.1,C3,lamarckian,30,700,train,50,1.7,10,10,109.86502081763228,0.7291666666666666,0.5,284.0,260.0,208.0,231.0,108.0,73.0,0.0,0.0,26.0,15.0,16.0,9.0,11.0,13.0,0.0,0.0,0.0,0.0,16.0,9.0,0.0,0.0,0.0,0.0
C3_f0.1__lamarckian__s30,C3_f0.1__lamarckian,C3_f0.1,C3,lamarckian,30,750,train,50,1.78,12,12,101.07510707642135,0.75,0.5,238.0,202.0,226.0,291.0,107.0,94.0,0.0,0.0,24.0,18.0,27.0,18.0,13.0,15.0,0.0,0.0,0.0,0.0,27.0,18.0,0.0,0.0,0.0,0.0
C3_f0.1__lamarckian__s30,C3_f0.1__lamarckian,C3_f0.1,C3,lamarckian,30,800,train,50,1.82,10,10,85.85445954333863,0.7916666666666666,0.5,295.0,259.0,284.0,303.0,66.0,71.0,0.0,0.0,25.0,18.0,20.0,21.0,16.0,10.0,0.0,0.0,0.0,0.0,20.0,21.0,0.0,0.0,0.0,0.0
C3_f0.1__lamarckian__s30,C3_f0.1__lamarckian,C3_f0.1,C3,lamarckian,30,850,train,50,1.9,9,9,114.33256405575929,0.6666666666666666,0.5,259.0,258.0,358.0,477.0,44.0,37.0,0.0,0.0,17.0,18.0,20.0,17.0,18.0,8.0,0.0,0.0,0.0,0.0,20.0,17.0,0.0,0.0,0.0,0.0
C3_f0.1__lamarckian__s30,C3_f0.1__lamarckian,C3_f0.1,C3,lamarckian,30,900,train,50,1.94,8,8,92.38280308768063,0.875,0.5,409.0,331.0,241.0,326.0,42.0,40.0,0.0,0.0,36.0,21.0,20.0,21.0,16.0,11.0,0.0,0.0,0.0,0.0,20.0,21.0,0.0,0.0,0.0,0.0
C3_f0.1__lamarckian__s30,C3_f0.1__lamarckian,C3_f0.1,C3,lamarckian,30,950,train,50,2.02,5,5,92.37681128005129,0.8958333333333334,0.5,429.0,294.0,196.0,227.0,40.0,39.0,0.0,0.0,39.0,26.0,16.0,21.0,8.0,10.0,0.0,0.0,0.0,0.0,16.0,21.0,0.0,0.0,0.0,0.0
C3_f0.1__lamarckian__s30,C3_f0.1__lamarckian,C3_f0.1,C3,lamarckian,30,1000,train,50,2.16,8,8,78.4341309606238,0.8541666666666666,0.5,322.0,241.0,188.0,226.0,29.0,17.0,0.0,0.0,34.0,9.0,17.0,17.0,15.0,11.0,0.0,0.0,0.0,0.0,17.0,17.0,0.0,0.0,0.0,0.0
C3_f0.1__lamarckian__s30,C3_f0.1__lamarckian,C3_f0.1,C3,lamarckian,30,1050,train,50,2.38,15,15,77.43894267943966,0.8333333333333334,0.5,236.0,212.0,208.0,248.0,21.0,24.0,0.0,0.0,18.0,18.0,25.0,21.0,10.0,7.0,0.0,0.0,0.0,0.0,25.0,21.0,0.0,0.0,0.0,0.0
C3_f0.1__lamarckian__s30,C3_f0.1__lamarckian,C3_f0.1,C3,lamarckian,30,1100,train,50,2.46,10,10,72.39271218082158,0.8541666666666666,0.5,306.0,233.0,277.0,317.0,21.0,22.0,0.0,0.0,28.0,21.0,22.0,19.0,12.0,17.0,0.0,0.0,0.0,0.0,22.0,19.0,0.0,0.0,0.0,0.0
C3_f0.1__lamarckian__s30,C3_f0.1__lamarckian,C3_f0.1,C3,lamarckian,30,1150,train,50,2.58,12,12,65.56641491528107,0.8541666666666666,0.5,356.0,306.0,278.0,346.0,36.0,34.0,0.0,0.0,28.0,19.0,24.0,22.0,10.0,8.0,0.0,0.0,0.0,0.0,24.0,22.0,0.0,0.0,0.0,0.0
C3_f0.1__lamarckian__s30,C3_f0.1__lamarckian,C3_f0.1,C3,lamarckian,30,1200,train,50,2.7,17,17,93.25543881636693,0.7916666666666666,0.5,322.0,274.0,315.0,374.0,32.0,37.0,0.0,0.0,15.0,13.0,31.0,27.0,14.0,10.0,0.0,0.0,0.0,0.0,31.0,27.0,0.0,0.0,0.0,0.0
C3_f0.1__lamarckian__s30,C3_f0.1__lamarckian,C3_f0.1,C3,lamarckian,30,1250,train,50,2.84,15,15,79.39080910416772,0.7916666666666666,0.5,414.0,360.0,281.0,362.0,71.0,56.0,0.0,0.0,35.0,21.0,17.0,19.0,14.0,9.0,0.0,0.0,0.0,0.0,17.0,19.0,0.0,0.0,0.0,0.0
C3_f0.1__lamarckian__s30,C3_f0.1__lamarckian,C3_f0.1,C3,lamarckian,30,1300,train,50,2.94,11,11,84.41769245083563,0.8125,0.5,297.0,224.0,276.0,338.0,65.0,68.0,0.0,0.0,25.0,15.0,20.0,24.0,12.0,13.0,0.0,0.0,0.0,0.0,20.0,24.0,0.0,0.0,0.0,0.0
C3_f0.1__lamarckian__s30,C3_f0.1__lamarckian,C3_f0.1,C3,lamarckian,30,1350,train,50,3.06,14,14,88.92381427127475,0.7708333333333334,0.5,395.0,314.0,243.0,271.0,102.0,85.0,0.0,0.0,38.0,12.0,20.0,15.0,17.0,6.0,0.0,0.0,0.0,0.0,20.0,15.0,0.0,0.0,0.0,0.0
C3_f0.1__lamarckian__s30,C3_f0.1__lamarckian,C3_f0.1,C3,lamarckian,30,1400,train,50,3.16,9,9,46.7068515192488,0.9375,0.5,320.0,263.0,235.0,284.0,84.0,65.0,0.0,0.0,34.0,21.0,25.0,19.0,12.0,9.0,0.0,0.0,0.0,0.0,25.0,19.0,0.0,0.0,0.0,0.0
C3_f0.1__lamarckian__s30,C3_f0.1__lamarckian,C3_f0.1,C3,lamarckian,30,1450,train,50,3.26,8,8,75.14044516004994,0.8958333333333334,0.5,300.0,292.0,275.0,340.0,42.0,33.0,0.0,0.0,32.0,19.0,15.0,12.0,16.0,8.0,0.0,0.0,0.0,0.0,15.0,12.0,0.0,0.0,0.0,0.0
C3_f0.1__lamarckian__s30,C3_f0.1__lamarckian,C3_f0.1,C3,lamarckian,30,1500,train,50,3.34,7,7,76.02516295712516,0.9166666666666666,0.5,334.0,275.0,287.0,335.0,47.0,26.0,0.0,0.0,22.0,25.0,24.0,20.0,15.0,11.0,0.0,0.0,0.0,0.0,24.0,20.0,0.0,0.0,0.0,0.0
C3_f0.1__lamarckian__s30,C3_f0.1__lamarckian,C3_f0.1,C3,lamarckian,30,1550,eval,50,3.54,19,19,117.6383858289926,0.6666666666666666,0.5,394.0,323.0,311.0,354.0,16.0,14.0,20.0,24.0,22.0,21.0,11.0,23.0,9.0,6.0,5.0,6.0,0.0,0.0,11.0,23.0,0.0,0.0,5.0,6.0
C3_f0.1__lamarckian__s30,C3_f0.1__lamarckian,C3_f0.1,C3,lamarckian,30,1600,eval,50,3.62,6,6,101.12810278970233,0.75,0.5,443.0,360.0,312.0,454.0,23.0,19.0,9.0,11.0,26.0,29.0,16.0,17.0,6.0,4.0,4.0,4.0,0.0,0.0,16.0,17.0,0.0,0.0,4.0,4.0
C3_f0.1__lamarckian__s30,C3_f0.1__lamarckian,C3_f0.1,C3,lamarckian,30,1650,eval,50,3.68,9,9,100.46238416045375,0.7708333333333334,0.5,450.0,418.0,303.0,385.0,23.0,20.0,27.0,47.0,22.0,22.0,18.0,22.0,0.0,0.0,7.0,10.0,0.0,0.0,18.0,22.0,0.0,0.0,7.0,10.0
C3_f0.1__lamarckian__s30,C3_f0.1__lamarckian,C3_f0.1,C3,lamarckian,30,1700,eval,50,3.86,14,14,116.0345933650035,0.7291666666666666,0.5,548.0,426.0,316.0,374.0,59.0,29.0,32.0,47.0,23.0,22.0,13.0,18.0,8.0,3.0,7.0,2.0,0.0,0.0,13.0,18.0,0.0,0.0,7.0,2.0
C3_f0.1__lamarckian__s30,C3_f0.1__lamarckian,C3_f0.1,C3,lamarckian,30,1750,eval,50,3.98,11,11,124.40517277007181,0.6666666666666666,0.5,403.0,359.0,283.0,331.0,48.0,51.0,18.0,22.0,24.0,15.0,14.0,24.0,3.0,3.0,5.0,6.0,0.0,0.0,14.0,24.0,0.0,0.0,5.0,6.0
C3_f0.1__lamarckian__s30,C3_f0.1__lamarckian,C3_f0.1,C3,lamarckian,30,1800,eval,50,4.02,7,7,158.19968557671666,0.5625,0.5,493.0,411.0,309.0,412.0,38.0,27.0,18.0,21.0,18.0,19.0,13.0,15.0,1.0,0.0,3.0,5.0,0.0,0.0,13.0,15.0,0.0,0.0,3.0,5.0
