run_id,cell_id,condition,family,inheritance_mode,seed,window_end_tick,phase,population,mean_generation,births,deaths,total_stock,suppressed_fraction,coverage_realised,opportunities__train__m0__c0,opportunities__train__m0__c1,opportunities__train__m1__c0,opportunities__train__m1__c1,opportunities__heldout__m0__c0,opportunities__heldout__m0__c1,opportunities__heldout__m1__c0,opportunities__heldout__m1__c1,defections__train__m0__c0,defections__train__m0__c1,defections__train__m1__c0,defections__train__m1__c1,defections__heldout__m0__c0,defections__heldout__m0__c1,defections__heldout__m1__c0,defections__heldout__m1__c1,penalties__train__m0__c0,penalties__train__m0__c1,penalties__train__m1__c0,penalties__train__m1__c1,penalties__heldout__m0__c0,penalties__heldout__m0__c1,penalties__heldout__m1__c0,penalties__heldout__m1__c1
C2_p3__lamarckian__s1,C2_p3__lamarckian,C2_p3,C2,lamarckian,1,50,train,50,0.74,30,0,107.41708598988916,0.7708333333333334,0.5,336.0,0.0,0.0,270.0,96.0,0.0,0.0,0.0,40.0,0.0,0.0,39.0,31.0,0.0,0.0,0.0,0.0,0.0,0.0,39.0,0.0,0.0,0.0,0.0
C2_p3__lamarckian__s1,C2_p3__lamarckian,C2_p3,C2,lamarckian,1,100,train,50,0.72,3,3,51.89732886969844,0.9166666666666666,0.5,243.0,0.0,0.0,341.0,60.0,0.0,0.0,0.0,50.0,0.0,0.0,39.0,15.0,0.0,0.0,0.0,0.0,0.0,0.0,39.0,0.0,0.0,0.0,0.0
C2_p3__lamarckian__s1,C2_p3__lamarckian,C2_p3,C2,lamarckian,1,150,train,50,0.76,10,10,85.72700837251114,0.8333333333333334,0.5,367.0,0.0,0.0,368.0,150.0,0.0,0.0,0.0,61.0,0.0,0.0,30.0,17.0,0.0,0.0,0.0,0.0,0.0,0.0,30.0,0.0,0.0,0.0,0.0
C2_p3__lamarckian__s1,C2_p3__lamarckian,C2_p3,C2,lamarckian,1,200,train,50,0.82,5,5,69.25309990054018,0.8958333333333334,0.5,398.0,0.0,0.0,332.0,64.0,0.0,0.0,0.0,70.0,0.0,0.0,23.0,18.0,0.0,0.0,0.0,0.0,0.0,0.0,23.0,0.0,0.0,0.0,0.0
C2_p3__lamarckian__s1,C2_p3__lamarckian,C2_p3,C2,lamarckian,1,250,train,50,0.86,7,7,70.43921080668983,0.8541666666666666,0.5,247.0,0.0,0.0,267.0,123.0,0.0,0.0,0.0,58.0,0.0,0.0,27.0,23.0,0.0,0.0,0.0,0.0,0.0,0.0,27.0,0.0,0.0,0.0,0.0
C2_p3__lamarckian__s1,C2_p3__lamarckian,C2_p3,C2,lamarckian,1,300,train,50,0.9,8,8,55.22531478464366,0.8958333333333334,0.5,347.0,0.0,0.0,348.0,79.0,0.0,0.0,0.0,69.0,0.0,0.0,27.0,14.0,0.0,0.0,0.0,0.0,0.0,0.0,27.0,0.0,0.0,0.0,0.0
C2_p3__lamarckian__s1,C2_p3__lamarckian,C2_p3,C2,lamarckian,1,350,train,50,0.96,4,4,48.77786487908158,0.9166666666666666,0.5,323.0,0.0,0.0,379.0,57.0,0.0,0.0,0.0,73.0,0.0,0.0,26.0,13.0,0.0,0.0,0.0,0.0,0.0,0.0,26.0,0.0,0.0,0.0,0.0
C2_p3__lamarckian__s1,C2_p3__lamarckian,C2_p3,C2,lamarckian,1,400,train,50,1.04,10,10,58.890197592123506,0.9166666666666666,0.5,232.0,0.0,0.0,427.0,88.0,0.0,0.0,0.0,74.0,0.0,0.0,18.0,21.0,0.0,0.0,0.0,0.0,0.0,0.0,18.0,0.0,0.0,0.0,0.0
C2_p3__lamarckian__s1,C2_p3__lamarckian,C2_p3,C2,lamarckian,1,450,train,50,1.1,5,5,53.64726051206629,0.9166666666666666,0.5,301.0,0.0,0.0,354.0,51.0,0.0,0.0,0.0,75.0,0.0,0.0,23.0,22.0,0.0,0.0,0.0,0.0,0.0,0.0,23.0,0.0,0.0,0.0,0.0
C2_p3__lamarckian__s1,C2_p3__lamarckian,C2_p3,C2,lamarckian,1,500,train,50,1.52,15,15,42.271809275698544,0.9791666666666666,0.5,226.0,0.0,0.0,318.0,58.0,0.0,0.0,0.0,84.0,0.0,0.0,17.0,21.0,0.0,0.0,0.0,0.0,0.0,0.0,17.0,0.0,0.0,0.0,0.0
C2_p3__lamarckian__s1,C2_p3__lamarckian,C2_p3,C2,lamarckian,1,550,train,50,1.8,17,17,30.629535768477748,1.0,0.5,213.0,0.0,0.0,230.0,88.0,0.0,0.0,0.0,72.0,0.0,0.0,20.0,18.0,0.0,0.0,0.0,0.0,0.0,0.0,20.0,0.0,0.0,0.0,0.0
C2_p3__lamarckian__s1,C2_p3__lamarckian,C2_p3,C2,lamarckian,1,600,train,49,1.8571428571428572,10,11,51.517098042018326,0.9583333333333334,0.5,179.0,0.0,0.0,413.0,110.0,0.0,0.0,0.0,56.0,0.0,0.0,30.0,26.0,0.0,0.0,0.0,0.0,0.0,0.0,30.0,0.0,0.0,0.0,0.0
C2_p3__lamarckian__s1,C2_p3__lamarckian,C2_p3,C2,lamarckian,1,650,train,38,1.894736842105263,5,16,50.14230075405892,0.9166666666666666,0.5,134.0,0.0,0.0,267.0,41.0,0.0,0.0,0.0,58.0,0.0,0.0,30.0,22.0,0.0,0.0,0.0,0.0,0.0,0.0,30.0,0.0,0.0,0.0,0.0
C2_p3__lamarckian__s1,C2_p3__lamarckian,C2_p3,C2,lamarckian,1,700,train,31,1.8064516129032258,3,10,70.85597529013573,0.875,0.5,192.0,0.0,0.0,276.0,47.0,0.0,0.0,0.0,82.0,0.0,0.0,27.0,17.0,0.0,0.0,0.0,0.0,0.0,0.0,27.0,0.0,0.0,0.0,0.0
C2_p3__lamarckian__s1,C2_p3__lamarckian,C2_p3,C2,lamarckian,1,750,train,39,2.051282051282051,12,4,68.35640118186377,0.9583333333333334,0.5,180.0,0.0,0.0,279.0,64.0,0.0,0.0,0.0,81.0,0.0,0.0,16.0,24.0,0.0,0.0,0.0,0.0,0.0,0.0,16.0,0.0,0.0,0.0,0.0
C2_p3__lamarckian__s1,C2_p3__lamarckian,C2_p3,C2,lamarckian,1,800,train,45,2.1555555555555554,7,1,27.986888212618496,1.0,0.5,156.0,0.0,0.0,297.0,65.0,0.0,0.0,0.0,91.0,0.0,0.0,22.0,29.0,0.0,0.0,0.0,0.0,0.0,0.0,22.0,0.0,0.0,0.0,0.0
C2_p3__lamarckian__s1,C2_p3__lamarckian,C2_p3,C2,lamarckian,1,850,train,43,2.2790697674418605,4,6,30.829820072649436,0.9583333333333334,0.5,183.0,0.0,0.0,355.0,50.0,0.0,0.0,0.0,85.0,0.0,0.0,23.0,25.0,0.0,0.0,0.0,0.0,0.0,0.0,23.0,0.0,0.0,0.0,0.0
C2_p3__lamarckian__s1,C2_p3__lamarckian,C2_p3,C2,lamarckian,1,900,train,32,2.21875,4,15,44.09038570373738,1.0,0.5,220.0,0.0,0.0,273.0,56.0,0.0,0.0,0.0,89.0,0.0,0.0,12.0,27.0,0.0,0.0,0.0,0.0,0.0,0.0,12.0,0.0,0.0,0.0,0.0
C2_p3__lamarckian__s1,C2_p3__lamarckian,C2_p3,C2,lamarckian,1,950,train,35,2.4,6,3,44.76651373902294,0.9583333333333334,0.5,154.0,0.0,0.0,301.0,63.0,0.0,0.0,0.0,87.0,0.0,0.0,20.0,27.0,0.0,0.0,0.0,0.0,0.0,0.0,20.0,0.0,0.0,0.0,0.0
C2_p3__lamarckian__s1,C2_p3__lamarckian,C2_p3,C2,lamarckian,1,1000,train,39,2.7435897435897436,9,5,46.231825649612205,0.9375,0.5,143.0,0.0,0.0,303.0,44.0,0.0,0.0,0.0,83.0,0.0,0.0,15.0,25.0,0.0,0.0,0.0,0.0,0.0,0.0,15.0,0.0,0.0,0.0,0.0
C2_p3__lamarckian__s1,C2_p3__lamarckian,C2_p3,C2,lamarckian,1,1050,train,35,2.8285714285714287,1,5,68.24248692340643,0.875,0.5,149.0,0.0,0.0,349.0,48.0,0.0,0.0,0.0,84.0,0.0,0.0,17.0,23.0,0.0,0.0,0.0,0.0,0.0,0.0,17.0,0.0,0.0,0.0,0.0
C2_p3__lamarckian__s1,C2_p3__lamarckian,C2_p3,C2,lamarckian,1,1100,train,36,2.9166666666666665,5,4,53.841279512880675,0.9166666666666666,0.5,185.0,0.0,0.0,279.0,39.0,0.0,0.0,0.0,101.0,0.0,0.0,24.0,19.0,0.0,0.0,0.0,0.0,0.0,0.0,24.0,0.0,0.0,0.0,0.0
C2_p3__lamarckian__s1,C2_p3__lamarckian,C2_p3,C2,lamarckian,1,1150,train,40,3.1,8,4,33.58626208004366,0.9583333333333334,0.5,241.0,0.0,0.0,260.0,56.0,0.0,0.0,0.0,115.0,0.0,0.0,12.0,25.0,0.0,0.0,0.0,0.0,0.0,0.0,12.0,0.0,0.0,0.0,0.0
C2_p3__lamarckian__s1,C2_p3__lamarckian,C2_p3,C2,lamarckian,1,1200,train,33,3.121212121212121,2,9,54.669169314539246,0.9375,0.5,140.0,0.0,0.0,262.0,43.0,0.0,0.0,0.0,86.0,0.0,0.0,14.0,23.0,0.0,0.0,0.0,0.0,0.0,0.0,14.0,0.0,0.0,0.0,0.0
C2_p3__lamarckian__s1,C2_p3__lamarckian,C2_p3,C2,lamarckian,1,1250,train,33,3.3333333333333335,8,8,51.4477439680911,0.9791666666666666,0.5,156.0,0.0,0.0,243.0,46.0,0.0,0.0,0.0,94.0,0.0,0.0,16.0,20.0,0.0,0.0,0.0,0.0,0.0,0.0,16.0,0.0,0.0,0.0,0.0
C2_p3__lamarckian__s1,C2_p3__lamarckian,C2_p3,C2,lamarckian,1,1300,train,36,3.611111111111111,7,4,52.78312026621411,0.9791666666666666,0.5,187.0,0.0,0.0,274.0,46.0,0.0,0.0,0.0,81.0,0.0,0.0,19.0,27.0,0.0,0.0,0.0,0.0,0.0,0.0,19.0,0.0,0.0,0.0,0.0
C2_p3__lamarckian__s1,C2_p3__lamarckian,C2_p3,C2,lamarckian,1,1350,train,37,3.7567567567567566,7,6,40.383112569717014,0.9375,0.5,199.0,0.0,0.0,323.0,61.0,0.0,0.0,0.0,97.0,0.0,0.0,20.0,35.0,0.0,0.0,0.0,0.0,0.0,0.0,20.0,0.0,0.0,0.0,0.0
C2_p3__lamarckian__s1,C2_p3__lamarckian,C2_p3,C2,lamarckian,1,1400,train,37,3.864864864864865,3,3,54.172884422408124,0.9375,0.5,245.0,0.0,0.0,301.0,51.0,0.0,0.0,0.0,101.0,0.0,0.0,15.0,21.0,0.0,0.0,0.0,0.0,0.0,0.0,15.0,0.0,0.0,0.0,0.0
C2_p3__lamarckian__s1,C2_p3__lamarckian,C2_p3,C2,lamarckian,1,1450,train,37,4.027027027027027,6,6,34.5776237389866,0.9583333333333334,0.5,271.0,0.0,0.0,366.0,55.0,0.0,0.0,0.0,123.0,0.0,0.0,21.0,20.0,0.0,0.0,0.0,0.0,0.0,0.0,21.0,0.0,0.0,0.0,0.0
C2_p3__lamarckian__s1,C2_p3__lamarckian,C2_p3,C2,lamarckian,1,1500,train,30,4.033333333333333,1,8,73.21835350663451,0.8333333333333334,0.5,201.0,0.0,0.0,239.0,36.0,0.0,0.0,0.0,89.0,0.0,0.0,14.0,22.0,0.0,0.0,0.0,0.0,0.0,0.0,14.0,0.0,0.0,0.0,0.0
C2_p3__lamarckian__s1,C2_p3__lamarckian,C2_p3,C2,lamarckian,1,1550,eval,39,4.461538461538462,12,3,79.89712929683567,0.875,0.5,206.0,0.0,0.0,344.0,15.0,0.0,0.0,58.0,92.0,0.0,0.0,19.0,11.0,0.0,0.0,5.0,0.0,0.0,0.0,19.0,0.0,0.0,0.0,5.0
C2_p3__lamarckian__s1,C2_p3__lamarckian,C2_p3,C2,lamarckian,1,1600,eval,43,4.5813953488372094,9,5,42.92718012077392,0.9791666666666666,0.5,267.0,0.0,0.0,438.0,36.0,0.0,0.0,65.0,98.0,0.0,0.0,27.0,15.0,0.0,0.0,7.0,0.0,0.0,0.0,27.0,0.0,0.0,0.0,7.0
C2_p3__lamarckian__s1,C2_p3__lamarckian,C2_p3,C2,lamarckian,1,1650,eval,32,4.625,2,13,53.0541890269464,0.8958333333333334,0.5,227.0,0.0,0.0,347.0,54.0,0.0,0.0,97.0,93.0,0.0,0.0,18.0,16.0,0.0,0.0,8.0,0.0,0.0,0.0,18.0,0.0,0.0,0.0,8.0
C2_p3__lamarckian__s1,C2_p3__lamarckian,C2_p3,C2,lamarckian,1,1700,eval,35,4.857142857142857,5,2,59.18512034563916,0.9166666666666666,0.5,227.0,0.0,0.0,408.0,53.0,0.0,0.0,14.0,83.0,0.0,0.0,21.0,23.0,0.0,0.0,2.0,0.0,0.0,0.0,21.0,0.0,0.0,0.0,2.0
C2_p3__lamarckian__s1,C2_p3__lamarckian,C2_p3,C2,lamarckian,1,1750,eval,39,4.923076923076923,9,5,59.32763325013169,0.875,0.5,298.0,0.0,0.0,389.0,11.0,0.0,0.0,63.0,114.0,0.0,0.0,18.0,9.0,0.0,0.0,3.0,0.0,0.0,0.0,18.0,0.0,0.0,0.0,3.0
C2_p3__lamarckian__s1,C2_p3__lamarckian,C2_p3,C2,lamarckian,1,1800,eval,37,4.945945945945946,5,7,45.72780768585771,0.9583333333333334,0.5,314.0,0.0,0.0,317.0,9.0,0.0,0.0,161.0,109.0,0.0,0.0,19.0,4.0,0.0,0.0,12.0,0.0,0.0,0.0,19.0,0.0,0.0,0.0,12.0
C2_p3__lamarckian__s2,C2_p3__lamarckian,C2_p3,C2,lamarckian,2,50,train,50,0.7,30,0,78.58905248592906,0.8541666666666666,0.5,152.0,0.0,0.0,212.0,94.0,0.0,0.0,0.0,36.0,0.0,0.0,50.0,29.0,0.0,0.0,0.0,0.0,0.0,0.0,50.0,0.0,0.0,0.0,0.0
C2_p3__lamarckian__s2,C2_p3__lamarckian,C2_p3,C2,lamarckian,2,100,train,50,0.78,7,7,50.453736602268286,0.9375,0.5,295.0,0.0,0.0,414.0,151.0,0.0,0.0,0.0,51.0,0.0,0.0,55.0,19.0,0.0,0.0,0.0,0.0,0.0,0.0,55.0,0.0,0.0,0.0,0.0
C2_p3__lamarckian__s2,C2_p3__lamarckian,C2_p3,C2,lamarckian,2,150,train,50,0.82,11,11,108.1651021590828,0.8125,0.5,299.0,0.0,0.0,321.0,119.0,0.0,0.0,0.0,48.0,0.0,0.0,29.0,17.0,0.0,0.0,0.0,0.0,0.0,0.0,29.0,0.0,0.0,0.0,0.0
C2_p3__lamarckian__s2,C2_p3__lamarckian,C2_p3,C2,lamarckian,2,200,train,50,0.82,6,6,72.01421870502833,0.8958333333333334,0.5,342.0,0.0,0.0,409.0,45.0,0.0,0.0,0.0,53.0,0.0,0.0,40.0,25.0,0.0,0.0,0.0,0.0,0.0,0.0,40.0,0.0,0.0,0.0,0.0
C2_p3__lamarckian__s2,C2_p3__lamarckian,C2_p3,C2,lamarckian,2,250,train,50,0.84,9,9,77.03752870180912,0.875,0.5,203.0,0.0,0.0,304.0,226.0,0.0,0.0,0.0,55.0,0.0,0.0,26.0,19.0,0.0,0.0,0.0,0.0,0.0,0.0,26.0,0.0,0.0,0.0,0.0
C2_p3__lamarckian__s2,C2_p3__lamarckian,C2_p3,C2,lamarckian,2,300,train,50,1.04,9,9,37.465631642607114,0.9791666666666666,0.5,254.0,0.0,0.0,448.0,179.0,0.0,0.0,0.0,68.0,0.0,0.0,47.0,26.0,0.0,0.0,0.0,0.0,0.0,0.0,47.0,0.0,0.0,0.0,0.0
C2_p3__lamarckian__s2,C2_p3__lamarckian,C2_p3,C2,lamarckian,2,350,train,50,1.02,6,6,44.26799267783105,0.9375,0.5,304.0,0.0,0.0,296.0,59.0,0.0,0.0,0.0,57.0,0.0,0.0,23.0,21.0,0.0,0.0,0.0,0.0,0.0,0.0,23.0,0.0,0.0,0.0,0.0
C2_p3__lamarckian__s2,C2_p3__lamarckian,C2_p3,C2,lamarckian,2,400,train,50,1.02,5,5,56.38246219326614,0.9166666666666666,0.5,266.0,0.0,0.0,428.0,89.0,0.0,0.0,0.0,66.0,0.0,0.0,22.0,28.0,0.0,0.0,0.0,0.0,0.0,0.0,22.0,0.0,0.0,0.0,0.0
C2_p3__lamarckian__s2,C2_p3__lamarckian,C2_p3,C2,lamarckian,2,450,train,50,1.16,8,8,66.41247519469403,0.9166666666666666,0.5,276.0,0.0,0.0,475.0,60.0,0.0,0.0,0.0,63.0,0.0,0.0,17.0,27.0,0.0,0.0,0.0,0.0,0.0,0.0,17.0,0.0,0.0,0.0,0.0
C2_p3__lamarckian__s2,C2_p3__lamarckian,C2_p3,C2,lamarckian,2,500,train,42,1.6428571428571428,10,18,60.53500816451734,0.9166666666666666,0.5,291.0,0.0,0.0,362.0,80.0,0.0,0.0,0.0,83.0,0.0,0.0,21.0,25.0,0.0,0.0,0.0,0.0,0.0,0.0,21.0,0.0,0.0,0.0,0.0
C2_p3__lamarckian__s2,C2_p3__lamarckian,C2_p3,C2,lamarckian,2,550,train,50,2.0,17,9,57.359234096168535,0.8958333333333334,0.5,206.0,0.0,0.0,333.0,118.0,0.0,0.0,0.0,71.0,0.0,0.0,25.0,23.0,0.0,0.0,0.0,0.0,0.0,0.0,25.0,0.0,0.0,0.0,0.0
C2_p3__lamarckian__s2,C2_p3__lamarckian,C2_p3,C2,lamarckian,2,600,train,39,2.076923076923077,2,13,46.48333485139423,0.9583333333333334,0.5,160.0,0.0,0.0,207.0,47.0,0.0,0.0,0.0,84.0,0.0,0.0,17.0,21.0,0.0,0.0,0.0,0.0,0.0,0.0,17.0,0.0,0.0,0.0,0.0
C2_p3__lamarckian__s2,C2_p3__lamarckian,C2_p3,C2,lamarckian,2,650,train,37,2.2162162162162162,8,10,61.88326508104144,0.875,0.5,104.0,0.0,0.0,286.0,74.0,0.0,0.0,0.0,64.0,0.0,0.0,23.0,24.0,0.0,0.0,0.0,0.0,0.0,0.0,23.0,0.0,0.0,0.0,0.0
C2_p3__lamarckian__s2,C2_p3__lamarckian,C2_p3,C2,lamarckian,2,700,train,47,2.6595744680851063,14,4,45.4321887175939,0.9583333333333334,0.5,132.0,0.0,0.0,379.0,156.0,0.0,0.0,0.0,66.0,0.0,0.0,20.0,27.0,0.0,0.0,0.0,0.0,0.0,0.0,20.0,0.0,0.0,0.0,0.0
C2_p3__lamarckian__s2,C2_p3__lamarckian,C2_p3,C2,lamarckian,2,750,train,44,2.772727272727273,2,5,57.53963989955329,0.9166666666666666,0.5,140.0,0.0,0.0,205.0,40.0,0.0,0.0,0.0,79.0,0.0,0.0,13.0,23.0,0.0,0.0,0.0,0.0,0.0,0.0,13.0,0.0,0.0,0.0,0.0
C2_p3__lamarckian__s2,C2_p3__lamarckian,C2_p3,C2,lamarckian,2,800,train,42,3.0714285714285716,7,9,47.78299058821109,0.9375,0.5,187.0,0.0,0.0,205.0,85.0,0.0,0.0,0.0,79.0,0.0,0.0,17.0,32.0,0.0,0.0,0.0,0.0,0.0,0.0,17.0,0.0,0.0,0.0,0.0
C2_p3__lamarckian__s2,C2_p3__lamarckian,C2_p3,C2,lamarckian,2,850,train,32,3.0625,1,11,65.6354147620469,0.9166666666666666,0.5,144.0,0.0,0.0,259.0,64.0,0.0,0.0,0.0,68.0,0.0,0.0,27.0,20.0,0.0,0.0,0.0,0.0,0.0,0.0,27.0,0.0,0.0,0.0,0.0
C2_p3__lamarckian__s2,C2_p3__lamarckian,C2_p3,C2,lamarckian,2,900,train,36,3.4444444444444446,9,5,53.4003350273722,0.9375,0.5,186.0,0.0,0.0,309.0,29.0,0.0,0.0,0.0,85.0,0.0,0.0,22.0,23.0,0.0,0.0,0.0,0.0,0.0,0.0,22.0,0.0,0.0,0.0,0.0
C2_p3__lamarckian__s2,C2_p3__lamarckian,C2_p3,C2,lamarckian,2,950,train,34,3.588235294117647,3,5,59.48745982400056,0.9375,0.5,140.0,0.0,0.0,186.0,56.0,0.0,0.0,0.0,78.0,0.0,0.0,19.0,24.0,0.0,0.0,0.0,0.0,0.0,0.0,19.0,0.0,0.0,0.0,0.0
C2_p3__lamarckian__s2,C2_p3__lamarckian,C2_p3,C2,lamarckian,2,1000,train,33,3.6363636363636362,3,4,41.82825532887186,0.9791666666666666,0.5,100.0,0.0,0.0,355.0,50.0,0.0,0.0,0.0,69.0,0.0,0.0,32.0,26.0,0.0,0.0,0.0,0.0,0.0,0.0,32.0,0.0,0.0,0.0,0.0
C2_p3__lamarckian__s2,C2_p3__lamarckian,C2_p3,C2,lamarckian,2,1050,train,34,3.8823529411764706,4,3,75.46059458806621,0.8958333333333334,0.5,120.0,0.0,0.0,196.0,44.0,0.0,0.0,0.0,71.0,0.0,0.0,24.0,26.0,0.0,0.0,0.0,0.0,0.0,0.0,24.0,0.0,0.0,0.0,0.0
C2_p3__lamarckian__s2,C2_p3__lamarckian,C2_p3,C2,lamarckian,2,1100,train,38,3.8947368421052633,6,2,72.65716137419389,0.9166666666666666,0.5,152.0,0.0,0.0,244.0,26.0,0.0,0.0,0.0,86.0,0.0,0.0,16.0,23.0,0.0,0.0,0.0,0.0,0.0,0.0,16.0,0.0,0.0,0.0,0.0
C2_p3__lamarckian__s2,C2_p3__lamarckian,C2_p3,C2,lamarckian,2,1150,train,33,4.0,4,9,55.83551206260343,0.9791666666666666,0.5,147.0,0.0,0.0,327.0,65.0,0.0,0.0,0.0,65.0,0.0,0.0,27.0,35.0,0.0,0.0,0.0,0.0,0.0,0.0,27.0,0.0,0.0,0.0,0.0
C2_p3__lamarckian__s2,C2_p3__lamarckian,C2_p3,C2,lamarckian,2,1200,train,30,4.266666666666667,6,9,61.00509265653281,0.9583333333333334,0.5,117.0,0.0,0.0,192.0,82.0,0.0,0.0,0.0,78.0,0.0,0.0,14.0,31.0,0.0,0.0,0.0,0.0,0.0,0.0,14.0,0.0,0.0,0.0,0.0
C2_p3__lamarckian__s2,C2_p3__lamarckian,C2_p3,C2,lamarckian,2,1250,train,43,4.372093023255814,13,0,56.239330664949286,0.9166666666666666,0.5,151.0,0.0,0.0,261.0,41.0,0.0,0.0,0.0,88.0,0.0,0.0,16.0,30.0,0.0,0.0,0.0,0.0,0.0,0.0,16.0,0.0,0.0,0.0,0.0
C2_p3__lamarckian__s2,C2_p3__lamarckian,C2_p3,C2,lamarckian,2,1300,train,38,4.421052631578948,4,9,31.8088529556562,1.0,0.5,154.0,0.0,0.0,164.0,69.0,0.0,0.0,0.0,94.0,0.0,0.0,17.0,30.0,0.0,0.0,0.0,0.0,0.0,0.0,17.0,0.0,0.0,0.0,0.0
C2_p3__lamarckian__s2,C2_p3__lamarckian,C2_p3,C2,lamarckian,2,1350,train,34,4.5,1,5,57.52783136315357,0.8958333333333334,0.5,109.0,0.0,0.0,215.0,62.0,0.0,0.0,0.0,61.0,0.0,0.0,20.0,33.0,0.0,0.0,0.0,0.0,0.0,0.0,20.0,0.0,0.0,0.0,0.0
C2_p3__lamarckian__s2,C2_p3__lamarckian,C2_p3,C2,lamarckian,2,1400,train,32,4.65625,6,8,60.78052040673213,0.9375,0.5,106.0,0.0,0.0,347.0,52.0,0.0,0.0,0.0,67.0,0.0,0.0,31.0,27.0,0.0,0.0,0.0,0.0,0.0,0.0,31.0,0.0,0.0,0.0,0.0
C2_p3__lamarckian__s2,C2_p3__lamarckian,C2_p3,C2,lamarckian,2,1450,train,34,5.029411764705882,7,5,44.88387088766168,0.9791666666666666,0.5,172.0,0.0,0.0,306.0,50.0,0.0,0.0,0.0,88.0,0.0,0.0,15.0,32.0,0.0,0.0,0.0,0.0,0.0,0.0,15.0,0.0,0.0,0.0,0.0
C2_p3__lamarckian__s2,C2_p3__lamarckian,C2_p3,C2,lamarckian,2,1500,train,38,5.2894736842105265,8,4,47.625846765734025,0.9375,0.5,152.0,0.0,0.0,221.0,29.0,0.0,0.0,0.0,95.0,0.0,0.0,14.0,20.0,0.0,0.0,0.0,0.0,0.0,0.0,14.0,0.0,0.0,0.0,0.0
C2_p3__lamarckian__s2,C2_p3__lamarckian,C2_p3,C2,lamarckian,2,1550,eval,43,5.441860465116279,9,4,42.647790863128314,0.9583333333333334,0.5,125.0,0.0,0.0,317.0,36.0,0.0,0.0,46.0,72.0,0.0,0.0,20.0,23.0,0.0,0.0,7.0,0.0,0.0,0.0,20.0,0.0,0.0,0.0,7.0
C2_p3__lamarckian__s2,C2_p3__lamarckian,C2_p3,C2,lamarckian,2,1600,eval,34,5.5588235294117645,3,12,60.277320522908,0.9166666666666666,0.5,142.0,0.0,0.0,324.0,17.0,0.0,0.0,36.0,78.0,0.0,0.0,24.0,14.0,0.0,0.0,6.0,0.0,0.0,0.0,24.0,0.0,0.0,0.0,6.0
C2_p3__lamarckian__s2,C2_p3__lamarckian,C2_p3,C2,lamarckian,2,1650,eval,33,5.666666666666667,6,7,102.27901914585676,0.8125,0.5,171.0,0.0,0.0,250.0,26.0,0.0,0.0,78.0,79.0,0.0,0.0,15.0,20.0,0.0,0.0,9.0,0.0,0.0,0.0,15.0,0.0,0.0,0.0,9.0
C2_p3__lamarckian__s2,C2_p3__lamarckian,C2_p3,C2,lamarckian,2,1700,eval,36,5.861111111111111,7,4,66.86643776262098,0.9583333333333334,0.5,194.0,0.0,0.0,263.0,18.0,0.0,0.0,41.0,88.0,0.0,0.0,17.0,16.0,0.0,0.0,6.0,0.0,0.0,0.0,17.0,0.0,0.0,0.0,6.0
C2_p3__lamarckian__s2,C2_p3__lamarckian,C2_p3,C2,lamarckian,2,1750,eval,36,6.194444444444445,5,5,77.15121421432569,0.875,0.5,171.0,0.0,0.0,302.0,35.0,0.0,0.0,17.0,70.0,0.0,0.0,28.0,20.0,0.0,0.0,6.0,0.0,0.0,0.0,28.0,0.0,0.0,0.0,6.0
C2_p3__lamarckian__s2,C2_p3__lamarckian,C2_p3,C2,lamarckian,2,1800,eval,40,6.325,10,6,75.49338712286051,0.8958333333333334,0.5,178.0,0.0,0.0,350.0,40.0,0.0,0.0,49.0,81.0,0.0,0.0,20.0,23.0,0.0,0.0,5.0,0.0,0.0,0.0,20.0,0.0,0.0,0.0,5.0
C2_p3__lamarckian__s3,C2_p3__lamarckian,C2_p3,C2,lamarckian,3,50,train,50,0.76,31,1,47.283272972492796,0.8958333333333334,0.5,312.0,0.0,0.0,226.0,91.0,0.0,0.0,0.0,54.0,0.0,0.0,51.0,22.0,0.0,0.0,0.0,0.0,0.0,0.0,51.0,0.0,0.0,0.0,0.0
C2_p3__lamarckian__s3,C2_p3__lamarckian,C2_p3,C2,lamarckian,3,100,train,50,0.76,4,4,51.152644654882664,0.9375,0.5,243.0,0.0,0.0,346.0,71.0,0.0,0.0,0.0,45.0,0.0,0.0,35.0,15.0,0.0,0.0,0.0,0.0,0.0,0.0,35.0,0.0,0.0,0.0,0.0
C2_p3__lamarckian__s3,C2_p3__lamarckian,C2_p3,C2,lamarckian,3,150,train,50,0.84,6,6,85.75878612002927,0.875,0.5,371.0,0.0,0.0,373.0,77.0,0.0,0.0,0.0,56.0,0.0,0.0,35.0,19.0,0.0,0.0,0.0,0.0,0.0,0.0,35.0,0.0,0.0,0.0,0.0
C2_p3__lamarckian__s3,C2_p3__lamarckian,C2_p3,C2,lamarckian,3,200,train,50,1.08,9,9,88.32304850033266,0.8125,0.5,264.0,0.0,0.0,407.0,55.0,0.0,0.0,0.0,53.0,0.0,0.0,35.0,16.0,0.0,0.0,0.0,0.0,0.0,0.0,35.0,0.0,0.0,0.0,0.0
C2_p3__lamarckian__s3,C2_p3__lamarckian,C2_p3,C2,lamarckian,3,250,train,50,1.12,6,6,75.05090402954201,0.8333333333333334,0.5,302.0,0.0,0.0,336.0,46.0,0.0,0.0,0.0,70.0,0.0,0.0,21.0,19.0,0.0,0.0,0.0,0.0,0.0,0.0,21.0,0.0,0.0,0.0,0.0
C2_p3__lamarckian__s3,C2_p3__lamarckian,C2_p3,C2,lamarckian,3,300,train,50,1.12,12,12,58.60310689359418,0.9375,0.5,345.0,0.0,0.0,383.0,76.0,0.0,0.0,0.0,67.0,0.0,0.0,23.0,22.0,0.0,0.0,0.0,0.0,0.0,0.0,23.0,0.0,0.0,0.0,0.0
C2_p3__lamarckian__s3,C2_p3__lamarckian,C2_p3,C2,lamarckian,3,350,train,50,1.06,5,5,51.22560537461578,0.9791666666666666,0.5,365.0,0.0,0.0,404.0,77.0,0.0,0.0,0.0,85.0,0.0,0.0,19.0,20.0,0.0,0.0,0.0,0.0,0.0,0.0,19.0,0.0,0.0,0.0,0.0
C2_p3__lamarckian__s3,C2_p3__lamarckian,C2_p3,C2,lamarckian,3,400,train,50,1.06,6,6,42.415388460772675,0.9375,0.5,376.0,0.0,0.0,324.0,57.0,0.0,0.0,0.0,80.0,0.0,0.0,22.0,29.0,0.0,0.0,0.0,0.0,0.0,0.0,22.0,0.0,0.0,0.0,0.0
C2_p3__lamarckian__s3,C2_p3__lamarckian,C2_p3,C2,lamarckian,3,450,train,50,1.18,6,6,63.241614461120854,0.8958333333333334,0.5,304.0,0.0,0.0,360.0,77.0,0.0,0.0,0.0,80.0,0.0,0.0,23.0,21.0,0.0,0.0,0.0,0.0,0.0,0.0,23.0,0.0,0.0,0.0,0.0
C2_p3__lamarckian__s3,C2_p3__lamarckian,C2_p3,C2,lamarckian,3,500,train,47,1.4893617021276595,11,14,46.43200426024354,0.9791666666666666,0.5,399.0,0.0,0.0,319.0,84.0,0.0,0.0,0.0,80.0,0.0,0.0,16.0,23.0,0.0,0.0,0.0,0.0,0.0,0.0,16.0,0.0,0.0,0.0,0.0
C2_p3__lamarckian__s3,C2_p3__lamarckian,C2_p3,C2,lamarckian,3,550,train,50,1.8,18,15,47.7644659726614,0.8958333333333334,0.5,213.0,0.0,0.0,402.0,97.0,0.0,0.0,0.0,57.0,0.0,0.0,27.0,21.0,0.0,0.0,0.0,0.0,0.0,0.0,27.0,0.0,0.0,0.0,0.0
C2_p3__lamarckian__s3,C2_p3__lamarckian,C2_p3,C2,lamarckian,3,600,train,50,1.88,7,7,56.18215522626862,0.9375,0.5,337.0,0.0,0.0,312.0,90.0,0.0,0.0,0.0,67.0,0.0,0.0,27.0,24.0,0.0,0.0,0.0,0.0,0.0,0.0,27.0,0.0,0.0,0.0,0.0
C2_p3__lamarckian__s3,C2_p3__lamarckian,C2_p3,C2,lamarckian,3,650,train,50,2.0,12,12,60.24336427120491,1.0,0.5,376.0,0.0,0.0,226.0,60.0,0.0,0.0,0.0,63.0,0.0,0.0,21.0,22.0,0.0,0.0,0.0,0.0,0.0,0.0,21.0,0.0,0.0,0.0,0.0
C2_p3__lamarckian__s3,C2_p3__lamarckian,C2_p3,C2,lamarckian,3,700,train,46,1.9782608695652173,6,10,92.97263124620815,0.8333333333333334,0.5,319.0,0.0,0.0,405.0,20.0,0.0,0.0,0.0,75.0,0.0,0.0,29.0,15.0,0.0,0.0,0.0,0.0,0.0,0.0,29.0,0.0,0.0,0.0,0.0
C2_p3__lamarckian__s3,C2_p3__lamarckian,C2_p3,C2,lamarckian,3,750,train,40,2.2,5,11,71.75082302012257,0.875,0.5,303.0,0.0,0.0,389.0,39.0,0.0,0.0,0.0,76.0,0.0,0.0,22.0,26.0,0.0,0.0,0.0,0.0,0.0,0.0,22.0,0.0,0.0,0.0,0.0
C2_p3__lamarckian__s3,C2_p3__lamarckian,C2_p3,C2,lamarckian,3,800,train,48,2.5,15,7,53.60625954057129,0.8958333333333334,0.5,331.0,0.0,0.0,465.0,40.0,0.0,0.0,0.0,73.0,0.0,0.0,30.0,21.0,0.0,0.0,0.0,0.0,0.0,0.0,30.0,0.0,0.0,0.0,0.0
C2_p3__lamarckian__s3,C2_p3__lamarckian,C2_p3,C2,lamarckian,3,850,train,47,2.6595744680851063,6,7,47.677563302981625,0.9375,0.5,443.0,0.0,0.0,430.0,79.0,0.0,0.0,0.0,82.0,0.0,0.0,20.0,25.0,0.0,0.0,0.0,0.0,0.0,0.0,20.0,0.0,0.0,0.0,0.0
C2_p3__lamarckian__s3,C2_p3__lamarckian,C2_p3,C2,lamarckian,3,900,train,43,2.7674418604651163,5,9,55.713941405776474,0.9583333333333334,0.5,305.0,0.0,0.0,307.0,43.0,0.0,0.0,0.0,73.0,0.0,0.0,22.0,21.0,0.0,0.0,0.0,0.0,0.0,0.0,22.0,0.0,0.0,0.0,0.0
C2_p3__lamarckian__s3,C2_p3__lamarckian,C2_p3,C2,lamarckian,3,950,train,39,2.871794871794872,5,9,54.830628920655066,0.9375,0.5,271.0,0.0,0.0,427.0,38.0,0.0,0.0,0.0,83.0,0.0,0.0,33.0,19.0,0.0,0.0,0.0,0.0,0.0,0.0,33.0,0.0,0.0,0.0,0.0
C2_p3__lamarckian__s3,C2_p3__lamarckian,C2_p3,C2,lamarckian,3,1000,train,36,3.1944444444444446,5,8,47.22038251131214,0.9375,0.5,245.0,0.0,0.0,295.0,86.0,0.0,0.0,0.0,71.0,0.0,0.0,24.0,31.0,0.0,0.0,0.0,0.0,0.0,0.0,24.0,0.0,0.0,0.0,0.0
C2_p3__lamarckian__s3,C2_p3__lamarckian,C2_p3,C2,lamarckian,3,1050,train,34,3.411764705882353,5,7,72.675652420577,0.875,0.5,275.0,0.0,0.0,287.0,65.0,0.0,0.0,0.0,81.0,0.0,0.0,21.0,26.0,0.0,0.0,0.0,0.0,0.0,0.0,21.0,0.0,0.0,0.0,0.0
C2_p3__lamarckian__s3,C2_p3__lamarckian,C2_p3,C2,lamarckian,3,1100,train,32,3.5625,3,5,44.39048032751567,1.0,0.5,204.0,0.0,0.0,387.0,48.0,0.0,0.0,0.0,82.0,0.0,0.0,33.0,23.0,0.0,0.0,0.0,0.0,0.0,0.0,33.0,0.0,0.0,0.0,0.0
C2_p3__lamarckian__s3,C2_p3__lamarckian,C2_p3,C2,lamarckian,3,1150,train,36,3.9444444444444446,10,6,55.15680552135733,0.9375,0.5,278.0,0.0,0.0,353.0,45.0,0.0,0.0,0.0,87.0,0.0,0.0,18.0,24.0,0.0,0.0,0.0,0.0,0.0,0.0,18.0,0.0,0.0,0.0,0.0
C2_p3__lamarckian__s3,C2_p3__lamarckian,C2_p3,C2,lamarckian,3,1200,train,43,4.046511627906977,10,3,40.96833293584025,0.9791666666666666,0.5,231.0,0.0,0.0,209.0,25.0,0.0,0.0,0.0,103.0,0.0,0.0,12.0,19.0,0.0,0.0,0.0,0.0,0.0,0.0,12.0,0.0,0.0,0.0,0.0
C2_p3__lamarckian__s3,C2_p3__lamarckian,C2_p3,C2,lamarckian,3,1250,train,43,4.1395348837209305,4,4,42.03512682751212,0.9791666666666666,0.5,183.0,0.0,0.0,305.0,47.0,0.0,0.0,0.0,87.0,0.0,0.0,14.0,28.0,0.0,0.0,0.0,0.0,0.0,0.0,14.0,0.0,0.0,0.0,0.0
C2_p3__lamarckian__s3,C2_p3__lamarckian,C2_p3,C2,lamarckian,3,1300,train,35,4.314285714285714,3,11,59.49799072804073,0.9375,0.5,169.0,0.0,0.0,240.0,60.0,0.0,0.0,0.0,82.0,0.0,0.0,13.0,26.0,0.0,0.0,0.0,0.0,0.0,0.0,13.0,0.0,0.0,0.0,0.0
C2_p3__lamarckian__s3,C2_p3__lamarckian,C2_p3,C2,lamarckian,3,1350,train,33,4.424242424242424,6,8,67.34728568687058,0.9583333333333334,0.5,179.0,0.0,0.0,175.0,64.0,0.0,0.0,0.0,77.0,0.0,0.0,13.0,27.0,0.0,0.0,0.0,0.0,0.0,0.0,13.0,0.0,0.0,0.0,0.0
C2_p3__lamarckian__s3,C2_p3__lamarckian,C2_p3,C2,lamarckian,3,1400,train,36,4.75,7,4,39.499551437034704,0.9583333333333334,0.5,161.0,0.0,0.0,303.0,61.0,0.0,0.0,0.0,91.0,0.0,0.0,22.0,24.0,0.0,0.0,0.0,0.0,0.0,0.0,22.0,0.0,0.0,0.0,0.0
C2_p3__lamarckian__s3,C2_p3__lamarckian,C2_p3,C2,lamarckian,3,1450,train,34,4.852941176470588,2,4,47.731491459940266,0.9791666666666666,0.5,171.0,0.0,0.0,278.0,85.0,0.0,0.0,0.0,82.0,0.0,0.0,19.0,35.0,0.0,0.0,0.0,0.0,0.0,0.0,19.0,0.0,0.0,0.0,0.0
C2_p3__lamarckian__s3,C2_p3__lamarckian,C2_p3,C2,lamarckian,3,1500,train,40,5.05,9,3,43.9884197882501,0.9791666666666666,0.5,188.0,0.0,0.0,257.0,75.0,0.0,0.0,0.0,90.0,0.0,0.0,18.0,28.0,0.0,0.0,0.0,0.0,0.0,0.0,18.0,0.0,0.0,0.0,0.0
C2_p3__lamarckian__s3,C2_p3__lamarckian,C2_p3,C2,lamarckian,3,1550,eval,36,5.472222222222222,6,10,80.3078637696857,0.8125,0.5,157.0,0.0,0.0,392.0,22.0,0.0,0.0,71.0,76.0,0.0,0.0,23.0,14.0,0.0,0.0,8.0,0.0,0.0,0.0,23.0,0.0,0.0,0.0,8.0
C2_p3__lamarckian__s3,C2_p3__lamarckian,C2_p3,C2,lamarckian,3,1600,eval,46,5.456521739130435,13,3,43.028131860215595,0.9583333333333334,0.5,166.0,0.0,0.0,314.0,53.0,0.0,0.0,44.0,82.0,0.0,0.0,22.0,22.0,0.0,0.0,6.0,0.0,0.0,0.0,22.0,0.0,0.0,0.0,6.0
C2_p3__lamarckian__s3,C2_p3__lamarckian,C2_p3,C2,lamarckian,3,1650,eval,39,5.564102564102564,3,10,56.81092153144088,0.9166666666666666,0.5,175.0,0.0,0.0,309.0,74.0,0.0,0.0,34.0,75.0,0.0,0.0,22.0,23.0,0.0,0.0,2.0,0.0,0.0,0.0,22.0,0.0,0.0,0.0,2.0
C2_p3__lamarckian__s3,C2_p3__lamarckian,C2_p3,C2,lamarckian,3,1700,eval,32,5.84375,6,13,55.31973617493636,0.9375,0.5,177.0,0.0,0.0,341.0,45.0,0.0,0.0,32.0,83.0,0.0,0.0,18.0,23.0,0.0,0.0,2.0,0.0,0.0,0.0,18.0,0.0,0.0,0.0,2.0
C2_p3__lamarckian__s3,C2_p3__lamarckian,C2_p3,C2,lamarckian,3,1750,eval,37,5.864864864864865,10,5,56.73493617441965,1.0,0.5,133.0,0.0,0.0,356.0,35.0,0.0,0.0,91.0,70.0,0.0,0.0,28.0,17.0,0.0,0.0,9.0,0.0,0.0,0.0,28.0,0.0,0.0,0.0,9.0
C2_p3__lamarckian__s3,C2_p3__lamarckian,C2_p3,C2,lamarckian,3,1800,eval,42,5.833333333333333,8,3,69.65325827153835,0.9166666666666666,0.5,168.0,0.0,0.0,335.0,33.0,0.0,0.0,76.0,80.0,0.0,0.0,19.0,15.0,0.0,0.0,7.0,0.0,0.0,0.0,19.0,0.0,0.0,0.0,7.0
C2_p3__lamarckian__s4,C2_p3__lamarckian,C2_p3,C2,lamarckian,4,50,train,50,0.78,30,0,73.31728280136845,0.875,0.5,270.0,0.0,0.0,269.0,135.0,0.0,0.0,0.0,57.0,0.0,0.0,50.0,27.0,0.0,0.0,0.0,0.0,0.0,0.0,50.0,0.0,0.0,0.0,0.0
C2_p3__lamarckian__s4,C2_p3__lamarckian,C2_p3,C2,lamarckian,4,100,train,50,0.78,2,2,70.90103020193041,0.8958333333333334,0.5,310.0,0.0,0.0,559.0,55.0,0.0,0.0,0.0,48.0,0.0,0.0,39.0,18.0,0.0,0.0,0.0,0.0,0.0,0.0,39.0,0.0,0.0,0.0,0.0
C2_p3__lamarckian__s4,C2_p3__lamarckian,C2_p3,C2,lamarckian,4,150,train,50,0.8,6,6,65.14058807884263,0.9583333333333334,0.5,404.0,0.0,0.0,352.0,66.0,0.0,0.0,0.0,66.0,0.0,0.0,30.0,19.0,0.0,0.0,0.0,0.0,0.0,0.0,30.0,0.0,0.0,0.0,0.0
C2_p3__lamarckian__s4,C2_p3__lamarckian,C2_p3,C2,lamarckian,4,200,train,50,0.76,7,7,111.17897048322706,0.7916666666666666,0.5,334.0,0.0,0.0,469.0,105.0,0.0,0.0,0.0,67.0,0.0,0.0,24.0,23.0,0.0,0.0,0.0,0.0,0.0,0.0,24.0,0.0,0.0,0.0,0.0
C2_p3__lamarckian__s4,C2_p3__lamarckian,C2_p3,C2,lamarckian,4,250,train,50,0.74,4,4,89.38663942909463,0.875,0.5,312.0,0.0,0.0,368.0,38.0,0.0,0.0,0.0,59.0,0.0,0.0,25.0,20.0,0.0,0.0,0.0,0.0,0.0,0.0,25.0,0.0,0.0,0.0,0.0
C2_p3__lamarckian__s4,C2_p3__lamarckian,C2_p3,C2,lamarckian,4,300,train,50,0.78,5,5,67.77001250430827,0.8333333333333334,0.5,255.0,0.0,0.0,466.0,102.0,0.0,0.0,0.0,76.0,0.0,0.0,22.0,23.0,0.0,0.0,0.0,0.0,0.0,0.0,22.0,0.0,0.0,0.0,0.0
C2_p3__lamarckian__s4,C2_p3__lamarckian,C2_p3,C2,lamarckian,4,350,train,50,0.8,3,3,36.429673695762496,0.9791666666666666,0.5,376.0,0.0,0.0,395.0,94.0,0.0,0.0,0.0,83.0,0.0,0.0,22.0,25.0,0.0,0.0,0.0,0.0,0.0,0.0,22.0,0.0,0.0,0.0,0.0
C2_p3__lamarckian__s4,C2_p3__lamarckian,C2_p3,C2,lamarckian,4,400,train,50,0.8,7,7,57.18620941141006,0.9166666666666666,0.5,291.0,0.0,0.0,342.0,95.0,0.0,0.0,0.0,84.0,0.0,0.0,14.0,19.0,0.0,0.0,0.0,0.0,0.0,0.0,14.0,0.0,0.0,0.0,0.0
C2_p3__lamarckian__s4,C2_p3__lamarckian,C2_p3,C2,lamarckian,4,450,train,50,0.8,5,5,53.23972320167559,0.875,0.5,253.0,0.0,0.0,413.0,183.0,0.0,0.0,0.0,69.0,0.0,0.0,23.0,27.0,0.0,0.0,0.0,0.0,0.0,0.0,23.0,0.0,0.0,0.0,0.0
C2_p3__lamarckian__s4,C2_p3__lamarckian,C2_p3,C2,lamarckian,4,500,train,47,1.2765957446808511,13,16,48.98383573754363,0.9583333333333334,0.5,329.0,0.0,0.0,365.0,112.0,0.0,0.0,0.0,89.0,0.0,0.0,18.0,27.0,0.0,0.0,0.0,0.0,0.0,0.0,18.0,0.0,0.0,0.0,0.0
C2_p3__lamarckian__s4,C2_p3__lamarckian,C2_p3,C2,lamarckian,4,550,train,50,1.58,17,14,71.42756062477164,0.8958333333333334,0.5,227.0,0.0,0.0,220.0,74.0,0.0,0.0,0.0,77.0,0.0,0.0,18.0,25.0,0.0,0.0,0.0,0.0,0.0,0.0,18.0,0.0,0.0,0.0,0.0
C2_p3__lamarckian__s4,C2_p3__lamarckian,C2_p3,C2,lamarckian,4,600,train,50,1.68,10,10,62.168640585013115,0.875,0.5,257.0,0.0,0.0,313.0,36.0,0.0,0.0,0.0,61.0,0.0,0.0,31.0,18.0,0.0,0.0,0.0,0.0,0.0,0.0,31.0,0.0,0.0,0.0,0.0
C2_p3__lamarckian__s4,C2_p3__lamarckian,C2_p3,C2,lamarckian,4,650,train,45,1.7777777777777777,8,13,57.3908675392781,0.9166666666666666,0.5,309.0,0.0,0.0,356.0,77.0,0.0,0.0,0.0,98.0,0.0,0.0,22.0,22.0,0.0,0.0,0.0,0.0,0.0,0.0,22.0,0.0,0.0,0.0,0.0
C2_p3__lamarckian__s4,C2_p3__lamarckian,C2_p3,C2,lamarckian,4,700,train,44,1.9090909090909092,5,6,50.54674999677846,0.9375,0.5,316.0,0.0,0.0,306.0,73.0,0.0,0.0,0.0,88.0,0.0,0.0,18.0,29.0,0.0,0.0,0.0,0.0,0.0,0.0,18.0,0.0,0.0,0.0,0.0
C2_p3__lamarckian__s4,C2_p3__lamarckian,C2_p3,C2,lamarckian,4,750,train,43,2.0,7,8,36.89396137735032,0.9791666666666666,0.5,321.0,0.0,0.0,333.0,66.0,0.0,0.0,0.0,91.0,0.0,0.0,23.0,32.0,0.0,0.0,0.0,0.0,0.0,0.0,23.0,0.0,0.0,0.0,0.0
C2_p3__lamarckian__s4,C2_p3__lamarckian,C2_p3,C2,lamarckian,4,800,train,39,2.076923076923077,2,6,45.92088231923515,0.9791666666666666,0.5,330.0,0.0,0.0,297.0,65.0,0.0,0.0,0.0,81.0,0.0,0.0,18.0,24.0,0.0,0.0,0.0,0.0,0.0,0.0,18.0,0.0,0.0,0.0,0.0
C2_p3__lamarckian__s4,C2_p3__lamarckian,C2_p3,C2,lamarckian,4,850,train,39,2.3333333333333335,9,9,58.55698394011628,0.8958333333333334,0.5,242.0,0.0,0.0,277.0,79.0,0.0,0.0,0.0,86.0,0.0,0.0,15.0,27.0,0.0,0.0,0.0,0.0,0.0,0.0,15.0,0.0,0.0,0.0,0.0
C2_p3__lamarckian__s4,C2_p3__lamarckian,C2_p3,C2,lamarckian,4,900,train,46,2.4130434782608696,10,3,59.5775781290295,0.9375,0.5,250.0,0.0,0.0,324.0,76.0,0.0,0.0,0.0,74.0,0.0,0.0,26.0,23.0,0.0,0.0,0.0,0.0,0.0,0.0,26.0,0.0,0.0,0.0,0.0
C2_p3__lamarckian__s4,C2_p3__lamarckian,C2_p3,C2,lamarckian,4,950,train,46,2.4782608695652173,5,5,31.881335764658097,1.0,0.5,230.0,0.0,0.0,347.0,78.0,0.0,0.0,0.0,88.0,0.0,0.0,28.0,33.0,0.0,0.0,0.0,0.0,0.0,0.0,28.0,0.0,0.0,0.0,0.0
C2_p3__lamarckian__s4,C2_p3__lamarckian,C2_p3,C2,lamarckian,4,1000,train,45,2.7111111111111112,6,7,49.07191943892639,0.9375,0.5,239.0,0.0,0.0,261.0,95.0,0.0,0.0,0.0,90.0,0.0,0.0,13.0,27.0,0.0,0.0,0.0,0.0,0.0,0.0,13.0,0.0,0.0,0.0,0.0
C2_p3__lamarckian__s4,C2_p3__lamarckian,C2_p3,C2,lamarckian,4,1050,train,41,3.024390243902439,7,11,50.763041668497465,0.8958333333333334,0.5,225.0,0.0,0.0,328.0,92.0,0.0,0.0,0.0,88.0,0.0,0.0,12.0,35.0,0.0,0.0,0.0,0.0,0.0,0.0,12.0,0.0,0.0,0.0,0.0
C2_p3__lamarckian__s4,C2_p3__lamarckian,C2_p3,C2,lamarckian,4,1100,train,33,3.272727272727273,6,14,67.97760375975999,0.9166666666666666,0.5,208.0,0.0,0.0,272.0,35.0,0.0,0.0,0.0,82.0,0.0,0.0,17.0,18.0,0.0,0.0,0.0,0.0,0.0,0.0,17.0,0.0,0.0,0.0,0.0
C2_p3__lamarckian__s4,C2_p3__lamarckian,C2_p3,C2,lamarckian,4,1150,train,43,3.6744186046511627,14,4,68.87921029992015,0.8958333333333334,0.5,206.0,0.0,0.0,247.0,57.0,0.0,0.0,0.0,82.0,0.0,0.0,12.0,28.0,0.0,0.0,0.0,0.0,0.0,0.0,12.0,0.0,0.0,0.0,0.0
C2_p3__lamarckian__s4,C2_p3__lamarckian,C2_p3,C2,lamarckian,4,1200,train,46,3.782608695652174,8,5,41.96669435244906,0.9791666666666666,0.5,246.0,0.0,0.0,234.0,67.0,0.0,0.0,0.0,94.0,0.0,0.0,20.0,26.0,0.0,0.0,0.0,0.0,0.0,0.0,20.0,0.0,0.0,0.0,0.0
C2_p3__lamarckian__s4,C2_p3__lamarckian,C2_p3,C2,lamarckian,4,1250,train,44,3.7954545454545454,4,6,47.144094510808145,0.9375,0.5,189.0,0.0,0.0,296.0,63.0,0.0,0.0,0.0,90.0,0.0,0.0,9.0,25.0,0.0,0.0,0.0,0.0,0.0,0.0,9.0,0.0,0.0,0.0,0.0
C2_p3__lamarckian__s4,C2_p3__lamarckian,C2_p3,C2,lamarckian,4,1300,train,36,3.8055555555555554,3,11,49.96571618954995,0.9166666666666666,0.5,192.0,0.0,0.0,359.0,51.0,0.0,0.0,0.0,86.0,0.0,0.0,24.0,25.0,0.0,0.0,0.0,0.0,0.0,0.0,24.0,0.0,0.0,0.0,0.0
C2_p3__lamarckian__s4,C2_p3__lamarckian,C2_p3,C2,lamarckian,4,1350,train,37,3.8378378378378377,5,4,59.26282474821922,0.8958333333333334,0.5,245.0,0.0,0.0,254.0,40.0,0.0,0.0,0.0,81.0,0.0,0.0,19.0,24.0,0.0,0.0,0.0,0.0,0.0,0.0,19.0,0.0,0.0,0.0,0.0
C2_p3__lamarckian__s4,C2_p3__lamarckian,C2_p3,C2,lamarckian,4,1400,train,39,4.128205128205129,7,5,58.077585890141506,0.8958333333333334,0.5,287.0,0.0,0.0,240.0,65.0,0.0,0.0,0.0,102.0,0.0,0.0,12.0,34.0,0.0,0.0,0.0,0.0,0.0,0.0,12.0,0.0,0.0,0.0,0.0
C2_p3__lamarckian__s4,C2_p3__lamarckian,C2_p3,C2,lamarckian,4,1450,train,39,4.256410256410256,4,4,41.77998573559066,0.9583333333333334,0.5,177.0,0.0,0.0,258.0,45.0,0.0,0.0,0.0,84.0,0.0,0.0,23.0,29.0,0.0,0.0,0.0,0.0,0.0,0.0,23.0,0.0,0.0,0.0,0.0
C2_p3__lamarckian__s4,C2_p3__lamarckian,C2_p3,C2,lamarckian,4,1500,train,31,4.354838709677419,3,11,68.9754674953844,0.875,0.5,167.0,0.0,0.0,259.0,60.0,0.0,0.0,0.0,71.0,0.0,0.0,21.0,29.0,0.0,0.0,0.0,0.0,0.0,0.0,21.0,0.0,0.0,0.0,0.0
C2_p3__lamarckian__s4,C2_p3__lamarckian,C2_p3,C2,lamarckian,4,1550,eval,40,4.725,13,4,46.41934292870528,0.8958333333333334,0.5,213.0,0.0,0.0,267.0,72.0,0.0,0.0,55.0,95.0,0.0,0.0,16.0,29.0,0.0,0.0,2.0,0.0,0.0,0.0,16.0,0.0,0.0,0.0,2.0
C2_p3__lamarckian__s4,C2_p3__lamarckian,C2_p3,C2,lamarckian,4,1600,eval,48,4.9375,12,4,50.390982285090104,0.9375,0.5,243.0,0.0,0.0,446.0,66.0,0.0,0.0,25.0,80.0,0.0,0.0,20.0,28.0,0.0,0.0,2.0,0.0,0.0,0.0,20.0,0.0,0.0,0.0,2.0
C2_p3__lamarckian__s4,C2_p3__lamarckian,C2_p3,C2,lamarckian,4,1650,eval,41,4.951219512195122,3,10,54.51013755491003,0.9791666666666666,0.5,272.0,0.0,0.0,391.0,30.0,0.0,0.0,37.0,90.0,0.0,0.0,17.0,17.0,0.0,0.0,5.0,0.0,0.0,0.0,17.0,0.0,0.0,0.0,5.0
C2_p3__lamarckian__s4,C2_p3__lamarckian,C2_p3,C2,lamarckian,4,1700,eval,43,5.0,8,6,64.58970888933021,0.8958333333333334,0.5,251.0,0.0,0.0,399.0,27.0,0.0,0.0,43.0,86.0,0.0,0.0,13.0,22.0,0.0,0.0,2.0,0.0,0.0,0.0,13.0,0.0,0.0,0.0,2.0
C2_p3__lamarckian__s4,C2_p3__lamarckian,C2_p3,C2,lamarckian,4,1750,eval,39,5.358974358974359,7,11,54.70523884383684,0.9791666666666666,0.5,235.0,0.0,0.0,341.0,59.0,0.0,0.0,69.0,87.0,0.0,0.0,21.0,24.0,0.0,0.0,3.0,0.0,0.0,0.0,21.0,0.0,0.0,0.0,3.0
C2_p3__lamarckian__s4,C2_p3__lamarckian,C2_p3,C2,lamarckian,4,1800,eval,40,5.65,7,6,64.85662417234745,0.9375,0.5,301.0,0.0,0.0,280.0,24.0,0.0,0.0,49.0,94.0,0.0,0.0,18.0,15.0,0.0,0.0,0.0,0.0,0.0,0.0,18.0,0.0,0.0,0.0,0.0
C2_p3__lamarckian__s5,C2_p3__lamarckian,C2_p3,C2,lamarckian,5,50,train,50,0.84,31,1,97.57973163583767,0.8333333333333334,0.5,259.0,0.0,0.0,296.0,33.0,0.0,0.0,0.0,44.0,0.0,0.0,46.0,20.0,0.0,0.0,0.0,0.0,0.0,0.0,46.0,0.0,0.0,0.0,0.0
C2_p3__lamarckian__s5,C2_p3__lamarckian,C2_p3,C2,lamarckian,5,100,train,50,0.94,7,7,112.84434684172426,0.75,0.5,273.0,0.0,0.0,362.0,52.0,0.0,0.0,0.0,48.0,0.0,0.0,30.0,21.0,0.0,0.0,0.0,0.0,0.0,0.0,30.0,0.0,0.0,0.0,0.0
C2_p3__lamarckian__s5,C2_p3__lamarckian,C2_p3,C2,lamarckian,5,150,train,50,0.92,6,6,80.29289187949632,0.8958333333333334,0.5,371.0,0.0,0.0,527.0,64.0,0.0,0.0,0.0,56.0,0.0,0.0,37.0,17.0,0.0,0.0,0.0,0.0,0.0,0.0,37.0,0.0,0.0,0.0,0.0
C2_p3__lamarckian__s5,C2_p3__lamarckian,C2_p3,C2,lamarckian,5,200,train,50,0.94,6,6,45.037248328644154,0.9583333333333334,0.5,329.0,0.0,0.0,398.0,95.0,0.0,0.0,0.0,66.0,0.0,0.0,36.0,21.0,0.0,0.0,0.0,0.0,0.0,0.0,36.0,0.0,0.0,0.0,0.0
C2_p3__lamarckian__s5,C2_p3__lamarckian,C2_p3,C2,lamarckian,5,250,train,50,1.0,5,5,100.00205363103876,0.8333333333333334,0.5,253.0,0.0,0.0,304.0,51.0,0.0,0.0,0.0,63.0,0.0,0.0,25.0,19.0,0.0,0.0,0.0,0.0,0.0,0.0,25.0,0.0,0.0,0.0,0.0
C2_p3__lamarckian__s5,C2_p3__lamarckian,C2_p3,C2,lamarckian,5,300,train,50,1.02,2,2,57.41567920006435,0.9166666666666666,0.5,273.0,0.0,0.0,311.0,99.0,0.0,0.0,0.0,75.0,0.0,0.0,18.0,27.0,0.0,0.0,0.0,0.0,0.0,0.0,18.0,0.0,0.0,0.0,0.0
C2_p3__lamarckian__s5,C2_p3__lamarckian,C2_p3,C2,lamarckian,5,350,train,50,0.98,6,6,41.53728753253059,0.9791666666666666,0.5,221.0,0.0,0.0,265.0,49.0,0.0,0.0,0.0,76.0,0.0,0.0,29.0,15.0,0.0,0.0,0.0,0.0,0.0,0.0,29.0,0.0,0.0,0.0,0.0
C2_p3__lamarckian__s5,C2_p3__lamarckian,C2_p3,C2,lamarckian,5,400,train,50,1.08,9,9,45.111450183999295,0.9583333333333334,0.5,312.0,0.0,0.0,298.0,36.0,0.0,0.0,0.0,82.0,0.0,0.0,21.0,24.0,0.0,0.0,0.0,0.0,0.0,0.0,21.0,0.0,0.0,0.0,0.0
C2_p3__lamarckian__s5,C2_p3__lamarckian,C2_p3,C2,lamarckian,5,450,train,50,1.24,12,12,71.08943374580542,0.8958333333333334,0.5,240.0,0.0,0.0,175.0,33.0,0.0,0.0,0.0,65.0,0.0,0.0,25.0,17.0,0.0,0.0,0.0,0.0,0.0,0.0,25.0,0.0,0.0,0.0,0.0
C2_p3__lamarckian__s5,C2_p3__lamarckian,C2_p3,C2,lamarckian,5,500,train,48,1.6666666666666667,12,14,33.77043595609466,1.0,0.5,188.0,0.0,0.0,371.0,41.0,0.0,0.0,0.0,71.0,0.0,0.0,24.0,24.0,0.0,0.0,0.0,0.0,0.0,0.0,24.0,0.0,0.0,0.0,0.0
C2_p3__lamarckian__s5,C2_p3__lamarckian,C2_p3,C2,lamarckian,5,550,train,48,2.0208333333333335,20,20,56.85491518220106,0.9791666666666666,0.5,222.0,0.0,0.0,278.0,51.0,0.0,0.0,0.0,79.0,0.0,0.0,19.0,18.0,0.0,0.0,0.0,0.0,0.0,0.0,19.0,0.0,0.0,0.0,0.0
C2_p3__lamarckian__s5,C2_p3__lamarckian,C2_p3,C2,lamarckian,5,600,train,48,2.125,4,4,45.22984960079991,0.9583333333333334,0.5,216.0,0.0,0.0,194.0,45.0,0.0,0.0,0.0,94.0,0.0,0.0,18.0,25.0,0.0,0.0,0.0,0.0,0.0,0.0,18.0,0.0,0.0,0.0,0.0
C2_p3__lamarckian__s5,C2_p3__lamarckian,C2_p3,C2,lamarckian,5,650,train,36,2.0833333333333335,3,15,63.966081335648575,0.9166666666666666,0.5,225.0,0.0,0.0,235.0,38.0,0.0,0.0,0.0,81.0,0.0,0.0,23.0,24.0,0.0,0.0,0.0,0.0,0.0,0.0,23.0,0.0,0.0,0.0,0.0
C2_p3__lamarckian__s5,C2_p3__lamarckian,C2_p3,C2,lamarckian,5,700,train,37,2.2162162162162162,7,6,50.82949944997552,0.9583333333333334,0.5,170.0,0.0,0.0,290.0,62.0,0.0,0.0,0.0,84.0,0.0,0.0,24.0,31.0,0.0,0.0,0.0,0.0,0.0,0.0,24.0,0.0,0.0,0.0,0.0
C2_p3__lamarckian__s5,C2_p3__lamarckian,C2_p3,C2,lamarckian,5,750,train,38,2.3157894736842106,5,4,31.387262408307624,1.0,0.5,239.0,0.0,0.0,301.0,59.0,0.0,0.0,0.0,97.0,0.0,0.0,23.0,31.0,0.0,0.0,0.0,0.0,0.0,0.0,23.0,0.0,0.0,0.0,0.0
C2_p3__lamarckian__s5,C2_p3__lamarckian,C2_p3,C2,lamarckian,5,800,train,42,2.5952380952380953,8,4,46.45174158402173,0.9375,0.5,198.0,0.0,0.0,266.0,39.0,0.0,0.0,0.0,89.0,0.0,0.0,21.0,18.0,0.0,0.0,0.0,0.0,0.0,0.0,21.0,0.0,0.0,0.0,0.0
C2_p3__lamarckian__s5,C2_p3__lamarckian,C2_p3,C2,lamarckian,5,850,train,45,2.7777777777777777,4,1,39.91757338842596,0.9166666666666666,0.5,199.0,0.0,0.0,292.0,69.0,0.0,0.0,0.0,79.0,0.0,0.0,17.0,31.0,0.0,0.0,0.0,0.0,0.0,0.0,17.0,0.0,0.0,0.0,0.0
C2_p3__lamarckian__s5,C2_p3__lamarckian,C2_p3,C2,lamarckian,5,900,train,40,3.0,5,10,55.7786245940307,0.9166666666666666,0.5,195.0,0.0,0.0,359.0,46.0,0.0,0.0,0.0,83.0,0.0,0.0,19.0,24.0,0.0,0.0,0.0,0.0,0.0,0.0,19.0,0.0,0.0,0.0,0.0
C2_p3__lamarckian__s5,C2_p3__lamarckian,C2_p3,C2,lamarckian,5,950,train,36,3.0833333333333335,5,9,57.55444327681039,0.8958333333333334,0.5,177.0,0.0,0.0,336.0,58.0,0.0,0.0,0.0,86.0,0.0,0.0,26.0,31.0,0.0,0.0,0.0,0.0,0.0,0.0,26.0,0.0,0.0,0.0,0.0
C2_p3__lamarckian__s5,C2_p3__lamarckian,C2_p3,C2,lamarckian,5,1000,train,39,3.4615384615384617,11,8,58.71979460541028,0.9375,0.5,182.0,0.0,0.0,306.0,61.0,0.0,0.0,0.0,94.0,0.0,0.0,18.0,32.0,0.0,0.0,0.0,0.0,0.0,0.0,18.0,0.0,0.0,0.0,0.0
C2_p3__lamarckian__s5,C2_p3__lamarckian,C2_p3,C2,lamarckian,5,1050,train,39,3.6666666666666665,6,6,49.119722465653666,0.9375,0.5,305.0,0.0,0.0,296.0,39.0,0.0,0.0,0.0,99.0,0.0,0.0,16.0,18.0,0.0,0.0,0.0,0.0,0.0,0.0,16.0,0.0,0.0,0.0,0.0
C2_p3__lamarckian__s5,C2_p3__lamarckian,C2_p3,C2,lamarckian,5,1100,train,38,3.789473684210526,2,3,59.839782559783345,0.8958333333333334,0.5,208.0,0.0,0.0,250.0,32.0,0.0,0.0,0.0,99.0,0.0,0.0,15.0,21.0,0.0,0.0,0.0,0.0,0.0,0.0,15.0,0.0,0.0,0.0,0.0
C2_p3__lamarckian__s5,C2_p3__lamarckian,C2_p3,C2,lamarckian,5,1150,train,42,4.0476190476190474,9,5,44.58953537611085,0.9791666666666666,0.5,169.0,0.0,0.0,315.0,31.0,0.0,0.0,0.0,84.0,0.0,0.0,22.0,19.0,0.0,0.0,0.0,0.0,0.0,0.0,22.0,0.0,0.0,0.0,0.0
C2_p3__lamarckian__s5,C2_p3__lamarckian,C2_p3,C2,lamarckian,5,1200,train,39,4.230769230769231,3,6,63.05187527370003,0.8958333333333334,0.5,192.0,0.0,0.0,392.0,43.0,0.0,0.0,0.0,72.0,0.0,0.0,20.0,27.0,0.0,0.0,0.0,0.0,0.0,0.0,20.0,0.0,0.0,0.0,0.0
C2_p3__lamarckian__s5,C2_p3__lamarckian,C2_p3,C2,lamarckian,5,1250,train,45,4.4222222222222225,10,4,47.05116726456956,0.9375,0.5,195.0,0.0,0.0,439.0,70.0,0.0,0.0,0.0,83.0,0.0,0.0,27.0,30.0,0.0,0.0,0.0,0.0,0.0,0.0,27.0,0.0,0.0,0.0,0.0
C2_p3__lamarckian__s5,C2_p3__lamarckian,C2_p3,C2,lamarckian,5,1300,train,42,4.619047619047619,5,8,52.604708942081444,0.9791666666666666,0.5,222.0,0.0,0.0,384.0,53.0,0.0,0.0,0.0,83.0,0.0,0.0,21.0,27.0,0.0,0.0,0.0,0.0,0.0,0.0,21.0,0.0,0.0,0.0,0.0
C2_p3__lamarckian__s5,C2_p3__lamarckian,C2_p3,C2,lamarckian,5,1350,train,44,4.75,7,5,50.419668486664435,0.9375,0.5,201.0,0.0,0.0,315.0,36.0,0.0,0.0,0.0,93.0,0.0,0.0,19.0,24.0,0.0,0.0,0.0,0.0,0.0,0.0,19.0,0.0,0.0,0.0,0.0
C2_p3__lamarckian__s5,C2_p3__lamarckian,C2_p3,C2,lamarckian,5,1400,train,35,4.9714285714285715,3,12,59.50402573915528,0.875,0.5,149.0,0.0,0.0,368.0,40.0,0.0,0.0,0.0,77.0,0.0,0.0,29.0,25.0,0.0,0.0,0.0,0.0,0.0,0.0,29.0,0.0,0.0,0.0,0.0
C2_p3__lamarckian__s5,C2_p3__lamarckian,C2_p3,C2,lamarckian,5,1450,train,38,5.368421052631579,12,9,31.7335391426261,1.0,0.5,197.0,0.0,0.0,325.0,64.0,0.0,0.0,0.0,84.0,0.0,0.0,24.0,32.0,0.0,0.0,0.0,0.0,0.0,0.0,24.0,0.0,0.0,0.0,0.0
C2_p3__lamarckian__s5,C2_p3__lamarckian,C2_p3,C2,lamarckian,5,1500,train,39,5.717948717948718,7,6,57.244990823489275,0.875,0.5,247.0,0.0,0.0,287.0,64.0,0.0,0.0,0.0,88.0,0.0,0.0,16.0,25.0,0.0,0.0,0.0,0.0,0.0,0.0,16.0,0.0,0.0,0.0,0.0
C2_p3__lamarckian__s5,C2_p3__lamarckian,C2_p3,C2,lamarckian,5,1550,eval,38,5.973684210526316,7,8,64.11077638935588,0.8958333333333334,0.5,275.0,0.0,0.0,275.0,25.0,0.0,0.0,105.0,99.0,0.0,0.0,11.0,16.0,0.0,0.0,6.0,0.0,0.0,0.0,11.0,0.0,0.0,0.0,6.0
C2_p3__lamarckian__s5,C2_p3__lamarckian,C2_p3,C2,lamarckian,5,1600,eval,42,5.976190476190476,8,4,61.598802809928344,0.875,0.5,233.0,0.0,0.0,273.0,31.0,0.0,0.0,126.0,88.0,0.0,0.0,17.0,14.0,0.0,0.0,7.0,0.0,0.0,0.0,17.0,0.0,0.0,0.0,7.0
C2_p3__lamarckian__s5,C2_p3__lamarckian,C2_p3,C2,lamarckian,5,1650,eval,45,6.133333333333334,8,5,45.1246101038053,1.0,0.5,239.0,0.0,0.0,199.0,22.0,0.0,0.0,111.0,86.0,0.0,0.0,12.0,19.0,0.0,0.0,10.0,0.0,0.0,0.0,12.0,0.0,0.0,0.0,10.0
C2_p3__lamarckian__s5,C2_p3__lamarckian,C2_p3,C2,lamarckian,5,1700,eval,41,6.170731707317073,1,5,58.44516924468301,0.8958333333333334,0.5,242.0,0.0,0.0,321.0,23.0,0.0,0.0,85.0,92.0,0.0,0.0,14.0,13.0,0.0,0.0,5.0,0.0,0.0,0.0,14.0,0.0,0.0,0.0,5.0
C2_p3__lamarckian__s5,C2_p3__lamarckian,C2_p3,C2,lamarckian,5,1750,eval,32,6.4375,4,13,68.00032492576565,0.9375,0.5,258.0,0.0,0.0,342.0,58.0,0.0,0.0,16.0,89.0,0.0,0.0,12.0,32.0,0.0,0.0,0.0,0.0,0.0,0.0,12.0,0.0,0.0,0.0,0.0
C2_p3__lamarckian__s5,C2_p3__lamarckian,C2_p3,C2,lamarckian,5,1800,eval,40,6.675,10,2,81.64192902185457,0.875,0.5,245.0,0.0,0.0,382.0,26.0,0.0,0.0,83.0,84.0,0.0,0.0,20.0,14.0,0.0,0.0,2.0,0.0,0.0,0.0,20.0,0.0,0.0,0.0,2.0
C2_p3__lamarckian__s6,C2_p3__lamarckian,C2_p3,C2,lamarckian,6,50,train,50,0.84,30,0,53.51426916822326,0.8958333333333334,0.5,184.0,0.0,0.0,207.0,126.0,0.0,0.0,0.0,40.0,0.0,0.0,46.0,31.0,0.0,0.0,0.0,0.0,0.0,0.0,46.0,0.0,0.0,0.0,0.0
C2_p3__lamarckian__s6,C2_p3__lamarckian,C2_p3,C2,lamarckian,6,100,train,50,0.86,5,5,62.4382601244922,0.9166666666666666,0.5,293.0,0.0,0.0,310.0,102.0,0.0,0.0,0.0,42.0,0.0,0.0,29.0,24.0,0.0,0.0,0.0,0.0,0.0,0.0,29.0,0.0,0.0,0.0,0.0
C2_p3__lamarckian__s6,C2_p3__lamarckian,C2_p3,C2,lamarckian,6,150,train,50,0.92,6,6,80.3388681093173,0.8958333333333334,0.5,339.0,0.0,0.0,265.0,116.0,0.0,0.0,0.0,57.0,0.0,0.0,31.0,32.0,0.0,0.0,0.0,0.0,0.0,0.0,31.0,0.0,0.0,0.0,0.0
C2_p3__lamarckian__s6,C2_p3__lamarckian,C2_p3,C2,lamarckian,6,200,train,50,1.04,11,11,95.69216842095658,0.8333333333333334,0.5,290.0,0.0,0.0,398.0,62.0,0.0,0.0,0.0,60.0,0.0,0.0,26.0,23.0,0.0,0.0,0.0,0.0,0.0,0.0,26.0,0.0,0.0,0.0,0.0
C2_p3__lamarckian__s6,C2_p3__lamarckian,C2_p3,C2,lamarckian,6,250,train,50,1.06,9,9,70.57809169012255,0.8541666666666666,0.5,333.0,0.0,0.0,294.0,149.0,0.0,0.0,0.0,44.0,0.0,0.0,30.0,28.0,0.0,0.0,0.0,0.0,0.0,0.0,30.0,0.0,0.0,0.0,0.0
C2_p3__lamarckian__s6,C2_p3__lamarckian,C2_p3,C2,lamarckian,6,300,train,50,1.1,9,9,48.95245493443946,0.9375,0.5,337.0,0.0,0.0,358.0,114.0,0.0,0.0,0.0,75.0,0.0,0.0,25.0,28.0,0.0,0.0,0.0,0.0,0.0,0.0,25.0,0.0,0.0,0.0,0.0
C2_p3__lamarckian__s6,C2_p3__lamarckian,C2_p3,C2,lamarckian,6,350,train,50,1.2,9,9,50.713573230883796,0.9583333333333334,0.5,241.0,0.0,0.0,395.0,121.0,0.0,0.0,0.0,56.0,0.0,0.0,36.0,36.0,0.0,0.0,0.0,0.0,0.0,0.0,36.0,0.0,0.0,0.0,0.0
C2_p3__lamarckian__s6,C2_p3__lamarckian,C2_p3,C2,lamarckian,6,400,train,50,1.3,4,4,47.632372100265925,0.9583333333333334,0.5,305.0,0.0,0.0,340.0,109.0,0.0,0.0,0.0,68.0,0.0,0.0,27.0,36.0,0.0,0.0,0.0,0.0,0.0,0.0,27.0,0.0,0.0,0.0,0.0
C2_p3__lamarckian__s6,C2_p3__lamarckian,C2_p3,C2,lamarckian,6,450,train,50,1.4,6,6,37.48830499598054,1.0,0.5,351.0,0.0,0.0,266.0,135.0,0.0,0.0,0.0,80.0,0.0,0.0,20.0,36.0,0.0,0.0,0.0,0.0,0.0,0.0,20.0,0.0,0.0,0.0,0.0
C2_p3__lamarckian__s6,C2_p3__lamarckian,C2_p3,C2,lamarckian,6,500,train,44,1.3863636363636365,8,14,42.998707193074836,0.9375,0.5,218.0,0.0,0.0,430.0,95.0,0.0,0.0,0.0,69.0,0.0,0.0,24.0,29.0,0.0,0.0,0.0,0.0,0.0,0.0,24.0,0.0,0.0,0.0,0.0
C2_p3__lamarckian__s6,C2_p3__lamarckian,C2_p3,C2,lamarckian,6,550,train,35,1.6285714285714286,5,14,83.12993222409453,0.9375,0.5,158.0,0.0,0.0,306.0,86.0,0.0,0.0,0.0,61.0,0.0,0.0,20.0,30.0,0.0,0.0,0.0,0.0,0.0,0.0,20.0,0.0,0.0,0.0,0.0
C2_p3__lamarckian__s6,C2_p3__lamarckian,C2_p3,C2,lamarckian,6,600,train,37,1.7567567567567568,11,9,50.56186485273291,0.9583333333333334,0.5,163.0,0.0,0.0,275.0,58.0,0.0,0.0,0.0,71.0,0.0,0.0,28.0,32.0,0.0,0.0,0.0,0.0,0.0,0.0,28.0,0.0,0.0,0.0,0.0
C2_p3__lamarckian__s6,C2_p3__lamarckian,C2_p3,C2,lamarckian,6,650,train,40,2.0,9,6,63.47633585056175,0.8541666666666666,0.5,166.0,0.0,0.0,283.0,104.0,0.0,0.0,0.0,65.0,0.0,0.0,25.0,30.0,0.0,0.0,0.0,0.0,0.0,0.0,25.0,0.0,0.0,0.0,0.0
C2_p3__lamarckian__s6,C2_p3__lamarckian,C2_p3,C2,lamarckian,6,700,train,41,2.1951219512195124,5,4,53.54332349740993,0.9166666666666666,0.5,205.0,0.0,0.0,218.0,93.0,0.0,0.0,0.0,77.0,0.0,0.0,21.0,28.0,0.0,0.0,0.0,0.0,0.0,0.0,21.0,0.0,0.0,0.0,0.0
C2_p3__lamarckian__s6,C2_p3__lamarckian,C2_p3,C2,lamarckian,6,750,train,44,2.3863636363636362,9,6,35.91904608431747,0.9791666666666666,0.5,208.0,0.0,0.0,322.0,109.0,0.0,0.0,0.0,88.0,0.0,0.0,19.0,39.0,0.0,0.0,0.0,0.0,0.0,0.0,19.0,0.0,0.0,0.0,0.0
C2_p3__lamarckian__s6,C2_p3__lamarckian,C2_p3,C2,lamarckian,6,800,train,41,2.4878048780487805,4,7,49.93986484066509,0.9375,0.5,157.0,0.0,0.0,256.0,76.0,0.0,0.0,0.0,66.0,0.0,0.0,18.0,29.0,0.0,0.0,0.0,0.0,0.0,0.0,18.0,0.0,0.0,0.0,0.0
C2_p3__lamarckian__s6,C2_p3__lamarckian,C2_p3,C2,lamarckian,6,850,train,39,2.58974358974359,5,7,43.48109968361415,0.9583333333333334,0.5,193.0,0.0,0.0,264.0,62.0,0.0,0.0,0.0,90.0,0.0,0.0,12.0,32.0,0.0,0.0,0.0,0.0,0.0,0.0,12.0,0.0,0.0,0.0,0.0
C2_p3__lamarckian__s6,C2_p3__lamarckian,C2_p3,C2,lamarckian,6,900,train,42,2.7142857142857144,7,4,44.949552254729866,0.9583333333333334,0.5,128.0,0.0,0.0,196.0,102.0,0.0,0.0,0.0,83.0,0.0,0.0,12.0,34.0,0.0,0.0,0.0,0.0,0.0,0.0,12.0,0.0,0.0,0.0,0.0
C2_p3__lamarckian__s6,C2_p3__lamarckian,C2_p3,C2,lamarckian,6,950,train,43,3.0232558139534884,6,5,50.334130865758794,0.9166666666666666,0.5,219.0,0.0,0.0,244.0,102.0,0.0,0.0,0.0,85.0,0.0,0.0,17.0,34.0,0.0,0.0,0.0,0.0,0.0,0.0,17.0,0.0,0.0,0.0,0.0
C2_p3__lamarckian__s6,C2_p3__lamarckian,C2_p3,C2,lamarckian,6,1000,train,46,3.217391304347826,5,2,31.44487406724677,1.0,0.5,209.0,0.0,0.0,191.0,81.0,0.0,0.0,0.0,75.0,0.0,0.0,17.0,42.0,0.0,0.0,0.0,0.0,0.0,0.0,17.0,0.0,0.0,0.0,0.0
C2_p3__lamarckian__s6,C2_p3__lamarckian,C2_p3,C2,lamarckian,6,1050,train,42,3.261904761904762,4,8,52.745562447754736,0.9375,0.5,260.0,0.0,0.0,259.0,52.0,0.0,0.0,0.0,74.0,0.0,0.0,15.0,37.0,0.0,0.0,0.0,0.0,0.0,0.0,15.0,0.0,0.0,0.0,0.0
C2_p3__lamarckian__s6,C2_p3__lamarckian,C2_p3,C2,lamarckian,6,1100,train,34,3.264705882352941,5,13,50.94186708323174,0.9791666666666666,0.5,233.0,0.0,0.0,352.0,63.0,0.0,0.0,0.0,83.0,0.0,0.0,21.0,38.0,0.0,0.0,0.0,0.0,0.0,0.0,21.0,0.0,0.0,0.0,0.0
C2_p3__lamarckian__s6,C2_p3__lamarckian,C2_p3,C2,lamarckian,6,1150,train,35,3.6857142857142855,10,9,53.885942132788074,0.9791666666666666,0.5,174.0,0.0,0.0,177.0,45.0,0.0,0.0,0.0,85.0,0.0,0.0,16.0,29.0,0.0,0.0,0.0,0.0,0.0,0.0,16.0,0.0,0.0,0.0,0.0
C2_p3__lamarckian__s6,C2_p3__lamarckian,C2_p3,C2,lamarckian,6,1200,train,34,3.911764705882353,3,4,62.36168637364189,0.9166666666666666,0.5,213.0,0.0,0.0,250.0,73.0,0.0,0.0,0.0,81.0,0.0,0.0,18.0,29.0,0.0,0.0,0.0,0.0,0.0,0.0,18.0,0.0,0.0,0.0,0.0
C2_p3__lamarckian__s6,C2_p3__lamarckian,C2_p3,C2,lamarckian,6,1250,train,40,4.1,10,4,46.46167278392316,0.9166666666666666,0.5,213.0,0.0,0.0,248.0,89.0,0.0,0.0,0.0,75.0,0.0,0.0,22.0,39.0,0.0,0.0,0.0,0.0,0.0,0.0,22.0,0.0,0.0,0.0,0.0
C2_p3__lamarckian__s6,C2_p3__lamarckian,C2_p3,C2,lamarckian,6,1300,train,45,4.2444444444444445,6,1,55.03674201383819,0.9166666666666666,0.5,162.0,0.0,0.0,250.0,84.0,0.0,0.0,0.0,65.0,0.0,0.0,18.0,38.0,0.0,0.0,0.0,0.0,0.0,0.0,18.0,0.0,0.0,0.0,0.0
C2_p3__lamarckian__s6,C2_p3__lamarckian,C2_p3,C2,lamarckian,6,1350,train,39,4.487179487179487,5,11,61.09080479860424,0.9166666666666666,0.5,198.0,0.0,0.0,319.0,59.0,0.0,0.0,0.0,78.0,0.0,0.0,19.0,28.0,0.0,0.0,0.0,0.0,0.0,0.0,19.0,0.0,0.0,0.0,0.0
C2_p3__lamarckian__s6,C2_p3__lamarckian,C2_p3,C2,lamarckian,6,1400,train,36,4.722222222222222,5,8,47.23962775611045,0.9166666666666666,0.5,210.0,0.0,0.0,309.0,60.0,0.0,0.0,0.0,82.0,0.0,0.0,18.0,35.0,0.0,0.0,0.0,0.0,0.0,0.0,18.0,0.0,0.0,0.0,0.0
C2_p3__lamarckian__s6,C2_p3__lamarckian,C2_p3,C2,lamarckian,6,1450,train,34,4.852941176470588,5,7,61.02702544455614,0.9375,0.5,192.0,0.0,0.0,309.0,62.0,0.0,0.0,0.0,78.0,0.0,0.0,17.0,31.0,0.0,0.0,0.0,0.0,0.0,0.0,17.0,0.0,0.0,0.0,0.0
C2_p3__lamarckian__s6,C2_p3__lamarckian,C2_p3,C2,lamarckian,6,1500,train,43,5.162790697674419,10,1,39.71215005947188,0.9583333333333334,0.5,195.0,0.0,0.0,319.0,72.0,0.0,0.0,0.0,88.0,0.0,0.0,19.0,36.0,0.0,0.0,0.0,0.0,0.0,0.0,19.0,0.0,0.0,0.0,0.0
C2_p3__lamarckian__s6,C2_p3__lamarckian,C2_p3,C2,lamarckian,6,1550,eval,42,5.357142857142857,4,5,74.10133865670343,0.8541666666666666,0.5,192.0,0.0,0.0,304.0,51.0,0.0,0.0,27.0,74.0,0.0,0.0,18.0,28.0,0.0,0.0,4.0,0.0,0.0,0.0,18.0,0.0,0.0,0.0,4.0
C2_p3__lamarckian__s6,C2_p3__lamarckian,C2_p3,C2,lamarckian,6,1600,eval,46,5.6521739130434785,11,7,45.08361221430569,0.9583333333333334,0.5,266.0,0.0,0.0,307.0,39.0,0.0,0.0,91.0,92.0,0.0,0.0,16.0,25.0,0.0,0.0,5.0,0.0,0.0,0.0,16.0,0.0,0.0,0.0,5.0
C2_p3__lamarckian__s6,C2_p3__lamarckian,C2_p3,C2,lamarckian,6,1650,eval,37,5.8108108108108105,2,11,42.34150002519875,1.0,0.5,295.0,0.0,0.0,278.0,41.0,0.0,0.0,82.0,96.0,0.0,0.0,5.0,22.0,0.0,0.0,10.0,0.0,0.0,0.0,5.0,0.0,0.0,0.0,10.0
C2_p3__lamarckian__s6,C2_p3__lamarckian,C2_p3,C2,lamarckian,6,1700,eval,42,5.928571428571429,9,4,42.9792598694822,1.0,0.5,326.0,0.0,0.0,360.0,82.0,0.0,0.0,34.0,89.0,0.0,0.0,16.0,26.0,0.0,0.0,5.0,0.0,0.0,0.0,16.0,0.0,0.0,0.0,5.0
C2_p3__lamarckian__s6,C2_p3__lamarckian,C2_p3,C2,lamarckian,6,1750,eval,49,6.183673469387755,15,8,47.47498346300934,0.8958333333333334,0.5,284.0,0.0,0.0,451.0,84.0,0.0,0.0,82.0,86.0,0.0,0.0,16.0,30.0,0.0,0.0,4.0,0.0,0.0,0.0,16.0,0.0,0.0,0.0,4.0
C2_p3__lamarckian__s6,C2_p3__lamarckian,C2_p3,C2,lamarckian,6,1800,eval,46,6.326086956521739,6,9,44.340755413942915,0.9375,0.5,304.0,0.0,0.0,409.0,68.0,0.0,0.0,76.0,86.0,0.0,0.0,20.0,25.0,0.0,0.0,5.0,0.0,0.0,0.0,20.0,0.0,0.0,0.0,5.0
C2_p3__lamarckian__s7,C2_p3__lamarckian,C2_p3,C2,lamarckian,7,50,train,50,0.76,31,1,74.32514253524644,0.8541666666666666,0.5,146.0,0.0,0.0,156.0,158.0,0.0,0.0,0.0,40.0,0.0,0.0,50.0,19.0,0.0,0.0,0.0,0.0,0.0,0.0,50.0,0.0,0.0,0.0,0.0
C2_p3__lamarckian__s7,C2_p3__lamarckian,C2_p3,C2,lamarckian,7,100,train,50,0.82,7,7,76.2053365275512,0.8958333333333334,0.5,381.0,0.0,0.0,383.0,97.0,0.0,0.0,0.0,49.0,0.0,0.0,38.0,17.0,0.0,0.0,0.0,0.0,0.0,0.0,38.0,0.0,0.0,0.0,0.0
C2_p3__lamarckian__s7,C2_p3__lamarckian,C2_p3,C2,lamarckian,7,150,train,50,0.88,10,10,82.89132570781972,0.8333333333333334,0.5,372.0,0.0,0.0,603.0,53.0,0.0,0.0,0.0,49.0,0.0,0.0,42.0,19.0,0.0,0.0,0.0,0.0,0.0,0.0,42.0,0.0,0.0,0.0,0.0
C2_p3__lamarckian__s7,C2_p3__lamarckian,C2_p3,C2,lamarckian,7,200,train,50,0.82,6,6,79.66111397923305,0.875,0.5,420.0,0.0,0.0,396.0,30.0,0.0,0.0,0.0,72.0,0.0,0.0,32.0,10.0,0.0,0.0,0.0,0.0,0.0,0.0,32.0,0.0,0.0,0.0,0.0
C2_p3__lamarckian__s7,C2_p3__lamarckian,C2_p3,C2,lamarckian,7,250,train,50,0.88,11,11,55.89503251195487,0.9375,0.5,265.0,0.0,0.0,524.0,72.0,0.0,0.0,0.0,64.0,0.0,0.0,25.0,18.0,0.0,0.0,0.0,0.0,0.0,0.0,25.0,0.0,0.0,0.0,0.0
C2_p3__lamarckian__s7,C2_p3__lamarckian,C2_p3,C2,lamarckian,7,300,train,50,0.86,8,8,44.84035106057877,0.9583333333333334,0.5,306.0,0.0,0.0,399.0,60.0,0.0,0.0,0.0,82.0,0.0,0.0,26.0,17.0,0.0,0.0,0.0,0.0,0.0,0.0,26.0,0.0,0.0,0.0,0.0
C2_p3__lamarckian__s7,C2_p3__lamarckian,C2_p3,C2,lamarckian,7,350,train,50,0.88,6,6,65.77637130222182,0.8541666666666666,0.5,274.0,0.0,0.0,397.0,21.0,0.0,0.0,0.0,72.0,0.0,0.0,31.0,14.0,0.0,0.0,0.0,0.0,0.0,0.0,31.0,0.0,0.0,0.0,0.0
C2_p3__lamarckian__s7,C2_p3__lamarckian,C2_p3,C2,lamarckian,7,400,train,50,0.9,5,5,60.533561518703806,0.9583333333333334,0.5,292.0,0.0,0.0,356.0,65.0,0.0,0.0,0.0,81.0,0.0,0.0,21.0,22.0,0.0,0.0,0.0,0.0,0.0,0.0,21.0,0.0,0.0,0.0,0.0
C2_p3__lamarckian__s7,C2_p3__lamarckian,C2_p3,C2,lamarckian,7,450,train,50,1.04,8,8,47.462441616051834,0.9791666666666666,0.5,278.0,0.0,0.0,431.0,58.0,0.0,0.0,0.0,79.0,0.0,0.0,21.0,21.0,0.0,0.0,0.0,0.0,0.0,0.0,21.0,0.0,0.0,0.0,0.0
C2_p3__lamarckian__s7,C2_p3__lamarckian,C2_p3,C2,lamarckian,7,500,train,42,1.4285714285714286,12,20,44.40954993297758,0.9583333333333334,0.5,228.0,0.0,0.0,474.0,34.0,0.0,0.0,0.0,81.0,0.0,0.0,29.0,13.0,0.0,0.0,0.0,0.0,0.0,0.0,29.0,0.0,0.0,0.0,0.0
C2_p3__lamarckian__s7,C2_p3__lamarckian,C2_p3,C2,lamarckian,7,550,train,34,1.6470588235294117,5,13,48.64018087484007,0.9583333333333334,0.5,252.0,0.0,0.0,308.0,67.0,0.0,0.0,0.0,69.0,0.0,0.0,26.0,27.0,0.0,0.0,0.0,0.0,0.0,0.0,26.0,0.0,0.0,0.0,0.0
C2_p3__lamarckian__s7,C2_p3__lamarckian,C2_p3,C2,lamarckian,7,600,train,35,1.8,6,5,70.61249073905776,0.875,0.5,258.0,0.0,0.0,326.0,25.0,0.0,0.0,0.0,88.0,0.0,0.0,25.0,20.0,0.0,0.0,0.0,0.0,0.0,0.0,25.0,0.0,0.0,0.0,0.0
C2_p3__lamarckian__s7,C2_p3__lamarckian,C2_p3,C2,lamarckian,7,650,train,38,2.1052631578947367,9,6,67.41321373915721,0.8958333333333334,0.5,198.0,0.0,0.0,391.0,27.0,0.0,0.0,0.0,77.0,0.0,0.0,31.0,19.0,0.0,0.0,0.0,0.0,0.0,0.0,31.0,0.0,0.0,0.0,0.0
C2_p3__lamarckian__s7,C2_p3__lamarckian,C2_p3,C2,lamarckian,7,700,train,36,2.25,7,9,107.14589873361828,0.8333333333333334,0.5,207.0,0.0,0.0,272.0,28.0,0.0,0.0,0.0,78.0,0.0,0.0,22.0,19.0,0.0,0.0,0.0,0.0,0.0,0.0,22.0,0.0,0.0,0.0,0.0
C2_p3__lamarckian__s7,C2_p3__lamarckian,C2_p3,C2,lamarckian,7,750,train,41,2.6341463414634148,11,6,52.196323301615706,0.9375,0.5,179.0,0.0,0.0,353.0,23.0,0.0,0.0,0.0,81.0,0.0,0.0,29.0,17.0,0.0,0.0,0.0,0.0,0.0,0.0,29.0,0.0,0.0,0.0,0.0
C2_p3__lamarckian__s7,C2_p3__lamarckian,C2_p3,C2,lamarckian,7,800,train,41,2.707317073170732,4,4,50.347623542958374,0.9166666666666666,0.5,264.0,0.0,0.0,374.0,34.0,0.0,0.0,0.0,98.0,0.0,0.0,15.0,19.0,0.0,0.0,0.0,0.0,0.0,0.0,15.0,0.0,0.0,0.0,0.0
C2_p3__lamarckian__s7,C2_p3__lamarckian,C2_p3,C2,lamarckian,7,850,train,40,2.775,5,6,53.93786980924152,0.9583333333333334,0.5,138.0,0.0,0.0,378.0,34.0,0.0,0.0,0.0,65.0,0.0,0.0,34.0,24.0,0.0,0.0,0.0,0.0,0.0,0.0,34.0,0.0,0.0,0.0,0.0
C2_p3__lamarckian__s7,C2_p3__lamarckian,C2_p3,C2,lamarckian,7,900,train,42,2.857142857142857,9,7,51.75043978577138,0.9375,0.5,243.0,0.0,0.0,368.0,40.0,0.0,0.0,0.0,80.0,0.0,0.0,23.0,22.0,0.0,0.0,0.0,0.0,0.0,0.0,23.0,0.0,0.0,0.0,0.0
C2_p3__lamarckian__s7,C2_p3__lamarckian,C2_p3,C2,lamarckian,7,950,train,36,3.0,4,10,63.50152058620614,0.875,0.5,282.0,0.0,0.0,346.0,19.0,0.0,0.0,0.0,87.0,0.0,0.0,15.0,15.0,0.0,0.0,0.0,0.0,0.0,0.0,15.0,0.0,0.0,0.0,0.0
C2_p3__lamarckian__s7,C2_p3__lamarckian,C2_p3,C2,lamarckian,7,1000,train,34,3.2941176470588234,6,8,63.426106943201944,0.8125,0.5,224.0,0.0,0.0,231.0,38.0,0.0,0.0,0.0,86.0,0.0,0.0,13.0,25.0,0.0,0.0,0.0,0.0,0.0,0.0,13.0,0.0,0.0,0.0,0.0
C2_p3__lamarckian__s7,C2_p3__lamarckian,C2_p3,C2,lamarckian,7,1050,train,36,3.5,7,5,69.93422990945373,0.9375,0.5,144.0,0.0,0.0,234.0,34.0,0.0,0.0,0.0,87.0,0.0,0.0,16.0,16.0,0.0,0.0,0.0,0.0,0.0,0.0,16.0,0.0,0.0,0.0,0.0
C2_p3__lamarckian__s7,C2_p3__lamarckian,C2_p3,C2,lamarckian,7,1100,train,40,3.925,14,10,46.99894071161732,0.9375,0.5,143.0,0.0,0.0,372.0,58.0,0.0,0.0,0.0,86.0,0.0,0.0,19.0,26.0,0.0,0.0,0.0,0.0,0.0,0.0,19.0,0.0,0.0,0.0,0.0
C2_p3__lamarckian__s7,C2_p3__lamarckian,C2_p3,C2,lamarckian,7,1150,train,41,4.195121951219512,8,7,30.002138317883166,0.9791666666666666,0.5,172.0,0.0,0.0,332.0,32.0,0.0,0.0,0.0,89.0,0.0,0.0,23.0,22.0,0.0,0.0,0.0,0.0,0.0,0.0,23.0,0.0,0.0,0.0,0.0
C2_p3__lamarckian__s7,C2_p3__lamarckian,C2_p3,C2,lamarckian,7,1200,train,40,4.3,3,4,52.39547530687241,0.9791666666666666,0.5,131.0,0.0,0.0,271.0,33.0,0.0,0.0,0.0,77.0,0.0,0.0,18.0,17.0,0.0,0.0,0.0,0.0,0.0,0.0,18.0,0.0,0.0,0.0,0.0
C2_p3__lamarckian__s7,C2_p3__lamarckian,C2_p3,C2,lamarckian,7,1250,train,35,4.371428571428571,4,9,53.901222275069244,0.9375,0.5,168.0,0.0,0.0,329.0,31.0,0.0,0.0,0.0,87.0,0.0,0.0,23.0,21.0,0.0,0.0,0.0,0.0,0.0,0.0,23.0,0.0,0.0,0.0,0.0
C2_p3__lamarckian__s7,C2_p3__lamarckian,C2_p3,C2,lamarckian,7,1300,train,33,4.515151515151516,4,6,65.60347777587847,0.9166666666666666,0.5,135.0,0.0,0.0,308.0,40.0,0.0,0.0,0.0,92.0,0.0,0.0,17.0,20.0,0.0,0.0,0.0,0.0,0.0,0.0,17.0,0.0,0.0,0.0,0.0
C2_p3__lamarckian__s7,C2_p3__lamarckian,C2_p3,C2,lamarckian,7,1350,train,37,4.72972972972973,7,3,48.71306370626418,0.9375,0.5,167.0,0.0,0.0,219.0,48.0,0.0,0.0,0.0,95.0,0.0,0.0,12.0,23.0,0.0,0.0,0.0,0.0,0.0,0.0,12.0,0.0,0.0,0.0,0.0
C2_p3__lamarckian__s7,C2_p3__lamarckian,C2_p3,C2,lamarckian,7,1400,train,41,4.878048780487805,5,1,38.16800400615336,0.9791666666666666,0.5,213.0,0.0,0.0,271.0,47.0,0.0,0.0,0.0,94.0,0.0,0.0,16.0,23.0,0.0,0.0,0.0,0.0,0.0,0.0,16.0,0.0,0.0,0.0,0.0
C2_p3__lamarckian__s7,C2_p3__lamarckian,C2_p3,C2,lamarckian,7,1450,train,38,5.026315789473684,5,8,37.87920483881231,0.9791666666666666,0.5,160.0,0.0,0.0,240.0,29.0,0.0,0.0,0.0,88.0,0.0,0.0,17.0,18.0,0.0,0.0,0.0,0.0,0.0,0.0,17.0,0.0,0.0,0.0,0.0
C2_p3__lamarckian__s7,C2_p3__lamarckian,C2_p3,C2,lamarckian,7,1500,train,33,5.242424242424242,3,8,34.6567496487766,1.0,0.5,143.0,0.0,0.0,232.0,35.0,0.0,0.0,0.0,85.0,0.0,0.0,17.0,21.0,0.0,0.0,0.0,0.0,0.0,0.0,17.0,0.0,0.0,0.0,0.0
C2_p3__lamarckian__s7,C2_p3__lamarckian,C2_p3,C2,lamarckian,7,1550,eval,27,5.2592592592592595,2,8,60.30974731237647,0.875,0.5,142.0,0.0,0.0,253.0,16.0,0.0,0.0,13.0,76.0,0.0,0.0,18.0,14.0,0.0,0.0,0.0,0.0,0.0,0.0,18.0,0.0,0.0,0.0,0.0
C2_p3__lamarckian__s7,C2_p3__lamarckian,C2_p3,C2,lamarckian,7,1600,eval,30,5.566666666666666,9,6,64.3792319031049,0.9375,0.5,129.0,0.0,0.0,309.0,29.0,0.0,0.0,71.0,72.0,0.0,0.0,20.0,18.0,0.0,0.0,3.0,0.0,0.0,0.0,20.0,0.0,0.0,0.0,3.0
C2_p3__lamarckian__s7,C2_p3__lamarckian,C2_p3,C2,lamarckian,7,1650,eval,39,6.0256410256410255,14,5,60.61025118261412,0.9166666666666666,0.5,129.0,0.0,0.0,327.0,18.0,0.0,0.0,73.0,77.0,0.0,0.0,29.0,13.0,0.0,0.0,1.0,0.0,0.0,0.0,29.0,0.0,0.0,0.0,1.0
C2_p3__lamarckian__s7,C2_p3__lamarckian,C2_p3,C2,lamarckian,7,1700,eval,42,6.142857142857143,5,2,43.57005456059446,0.9583333333333334,0.5,176.0,0.0,0.0,323.0,50.0,0.0,0.0,42.0,89.0,0.0,0.0,22.0,21.0,0.0,0.0,1.0,0.0,0.0,0.0,22.0,0.0,0.0,0.0,1.0
C2_p3__lamarckian__s7,C2_p3__lamarckian,C2_p3,C2,lamarckian,7,1750,eval,40,6.25,5,7,55.72188629098963,0.9791666666666666,0.5,172.0,0.0,0.0,206.0,31.0,0.0,0.0,17.0,92.0,0.0,0.0,14.0,15.0,0.0,0.0,2.0,0.0,0.0,0.0,14.0,0.0,0.0,0.0,2.0
C2_p3__lamarckian__s7,C2_p3__lamarckian,C2_p3,C2,lamarckian,7,1800,eval,36,6.194444444444445,2,6,45.029130398201964,0.9791666666666666,0.5,196.0,0.0,0.0,302.0,42.0,0.0,0.0,14.0,98.0,0.0,0.0,24.0,23.0,0.0,0.0,1.0,0.0,0.0,0.0,24.0,0.0,0.0,0.0,1.0
C2_p3__lamarckian__s8,C2_p3__lamarckian,C2_p3,C2,lamarckian,8,50,train,50,0.8,30,0,85.67920386960154,0.8333333333333334,0.5,205.0,0.0,0.0,269.0,11.0,0.0,0.0,0.0,55.0,0.0,0.0,45.0,6.0,0.0,0.0,0.0,0.0,0.0,0.0,45.0,0.0,0.0,0.0,0.0
C2_p3__lamarckian__s8,C2_p3__lamarckian,C2_p3,C2,lamarckian,8,100,train,50,0.78,4,4,56.29185613879583,0.9166666666666666,0.5,333.0,0.0,0.0,373.0,47.0,0.0,0.0,0.0,57.0,0.0,0.0,40.0,19.0,0.0,0.0,0.0,0.0,0.0,0.0,40.0,0.0,0.0,0.0,0.0
C2_p3__lamarckian__s8,C2_p3__lamarckian,C2_p3,C2,lamarckian,8,150,train,50,0.88,9,9,106.76047374895863,0.75,0.5,499.0,0.0,0.0,377.0,68.0,0.0,0.0,0.0,53.0,0.0,0.0,31.0,17.0,0.0,0.0,0.0,0.0,0.0,0.0,31.0,0.0,0.0,0.0,0.0
C2_p3__lamarckian__s8,C2_p3__lamarckian,C2_p3,C2,lamarckian,8,200,train,50,0.96,8,8,52.935045600019976,0.9166666666666666,0.5,374.0,0.0,0.0,406.0,97.0,0.0,0.0,0.0,73.0,0.0,0.0,33.0,13.0,0.0,0.0,0.0,0.0,0.0,0.0,33.0,0.0,0.0,0.0,0.0
C2_p3__lamarckian__s8,C2_p3__lamarckian,C2_p3,C2,lamarckian,8,250,train,50,0.94,6,6,83.40114663916555,0.8125,0.5,376.0,0.0,0.0,423.0,55.0,0.0,0.0,0.0,59.0,0.0,0.0,34.0,12.0,0.0,0.0,0.0,0.0,0.0,0.0,34.0,0.0,0.0,0.0,0.0
C2_p3__lamarckian__s8,C2_p3__lamarckian,C2_p3,C2,lamarckian,8,300,train,50,0.98,9,9,81.26974892436559,0.8333333333333334,0.5,343.0,0.0,0.0,406.0,44.0,0.0,0.0,0.0,89.0,0.0,0.0,27.0,9.0,0.0,0.0,0.0,0.0,0.0,0.0,27.0,0.0,0.0,0.0,0.0
C2_p3__lamarckian__s8,C2_p3__lamarckian,C2_p3,C2,lamarckian,8,350,train,50,1.04,9,9,66.64351000195734,0.8958333333333334,0.5,367.0,0.0,0.0,504.0,46.0,0.0,0.0,0.0,60.0,0.0,0.0,33.0,19.0,0.0,0.0,0.0,0.0,0.0,0.0,33.0,0.0,0.0,0.0,0.0
C2_p3__lamarckian__s8,C2_p3__lamarckian,C2_p3,C2,lamarckian,8,400,train,50,1.1,6,6,51.10845090809235,0.8958333333333334,0.5,325.0,0.0,0.0,491.0,23.0,0.0,0.0,0.0,82.0,0.0,0.0,27.0,12.0,0.0,0.0,0.0,0.0,0.0,0.0,27.0,0.0,0.0,0.0,0.0
C2_p3__lamarckian__s8,C2_p3__lamarckian,C2_p3,C2,lamarckian,8,450,train,50,1.14,8,8,39.239783198031596,0.9583333333333334,0.5,310.0,0.0,0.0,701.0,26.0,0.0,0.0,0.0,76.0,0.0,0.0,33.0,13.0,0.0,0.0,0.0,0.0,0.0,0.0,33.0,0.0,0.0,0.0,0.0
C2_p3__lamarckian__s8,C2_p3__lamarckian,C2_p3,C2,lamarckian,8,500,train,49,1.5714285714285714,13,14,93.30579155086437,0.8333333333333334,0.5,332.0,0.0,0.0,512.0,14.0,0.0,0.0,0.0,67.0,0.0,0.0,31.0,11.0,0.0,0.0,0.0,0.0,0.0,0.0,31.0,0.0,0.0,0.0,0.0
C2_p3__lamarckian__s8,C2_p3__lamarckian,C2_p3,C2,lamarckian,8,550,train,50,2.1,19,18,45.75207544644667,0.9791666666666666,0.5,290.0,0.0,0.0,428.0,51.0,0.0,0.0,0.0,79.0,0.0,0.0,30.0,20.0,0.0,0.0,0.0,0.0,0.0,0.0,30.0,0.0,0.0,0.0,0.0
C2_p3__lamarckian__s8,C2_p3__lamarckian,C2_p3,C2,lamarckian,8,600,train,50,2.12,4,4,50.306465567683624,0.8958333333333334,0.5,287.0,0.0,0.0,324.0,40.0,0.0,0.0,0.0,88.0,0.0,0.0,20.0,14.0,0.0,0.0,0.0,0.0,0.0,0.0,20.0,0.0,0.0,0.0,0.0
C2_p3__lamarckian__s8,C2_p3__lamarckian,C2_p3,C2,lamarckian,8,650,train,44,2.0681818181818183,8,14,52.09512639447902,0.9375,0.5,264.0,0.0,0.0,398.0,54.0,0.0,0.0,0.0,78.0,0.0,0.0,21.0,22.0,0.0,0.0,0.0,0.0,0.0,0.0,21.0,0.0,0.0,0.0,0.0
C2_p3__lamarckian__s8,C2_p3__lamarckian,C2_p3,C2,lamarckian,8,700,train,44,2.2045454545454546,8,8,54.4900000951006,0.9583333333333334,0.5,247.0,0.0,0.0,386.0,42.0,0.0,0.0,0.0,84.0,0.0,0.0,22.0,19.0,0.0,0.0,0.0,0.0,0.0,0.0,22.0,0.0,0.0,0.0,0.0
C2_p3__lamarckian__s8,C2_p3__lamarckian,C2_p3,C2,lamarckian,8,750,train,48,2.3333333333333335,8,4,38.57314973407229,0.9375,0.5,223.0,0.0,0.0,453.0,50.0,0.0,0.0,0.0,95.0,0.0,0.0,19.0,16.0,0.0,0.0,0.0,0.0,0.0,0.0,19.0,0.0,0.0,0.0,0.0
C2_p3__lamarckian__s8,C2_p3__lamarckian,C2_p3,C2,lamarckian,8,800,train,42,2.357142857142857,5,11,46.05522842398638,1.0,0.5,253.0,0.0,0.0,315.0,44.0,0.0,0.0,0.0,83.0,0.0,0.0,20.0,19.0,0.0,0.0,0.0,0.0,0.0,0.0,20.0,0.0,0.0,0.0,0.0
C2_p3__lamarckian__s8,C2_p3__lamarckian,C2_p3,C2,lamarckian,8,850,train,39,2.358974358974359,5,8,71.1482471653604,0.8958333333333334,0.5,176.0,0.0,0.0,335.0,38.0,0.0,0.0,0.0,91.0,0.0,0.0,14.0,19.0,0.0,0.0,0.0,0.0,0.0,0.0,14.0,0.0,0.0,0.0,0.0
C2_p3__lamarckian__s8,C2_p3__lamarckian,C2_p3,C2,lamarckian,8,900,train,40,2.65,8,7,31.063511703892374,0.9791666666666666,0.5,224.0,0.0,0.0,379.0,19.0,0.0,0.0,0.0,111.0,0.0,0.0,19.0,11.0,0.0,0.0,0.0,0.0,0.0,0.0,19.0,0.0,0.0,0.0,0.0
C2_p3__lamarckian__s8,C2_p3__lamarckian,C2_p3,C2,lamarckian,8,950,train,35,2.8,3,8,37.53707473501563,0.9791666666666666,0.5,225.0,0.0,0.0,322.0,49.0,0.0,0.0,0.0,100.0,0.0,0.0,14.0,17.0,0.0,0.0,0.0,0.0,0.0,0.0,14.0,0.0,0.0,0.0,0.0
C2_p3__lamarckian__s8,C2_p3__lamarckian,C2_p3,C2,lamarckian,8,1000,train,34,3.0294117647058822,6,7,71.57893658810522,0.8958333333333334,0.5,173.0,0.0,0.0,288.0,44.0,0.0,0.0,0.0,84.0,0.0,0.0,20.0,18.0,0.0,0.0,0.0,0.0,0.0,0.0,20.0,0.0,0.0,0.0,0.0
C2_p3__lamarckian__s8,C2_p3__lamarckian,C2_p3,C2,lamarckian,8,1050,train,40,3.425,15,9,52.26843581380045,0.9583333333333334,0.5,149.0,0.0,0.0,329.0,41.0,0.0,0.0,0.0,83.0,0.0,0.0,20.0,20.0,0.0,0.0,0.0,0.0,0.0,0.0,20.0,0.0,0.0,0.0,0.0
C2_p3__lamarckian__s8,C2_p3__lamarckian,C2_p3,C2,lamarckian,8,1100,train,42,3.5238095238095237,6,4,48.728121262555035,0.9166666666666666,0.5,178.0,0.0,0.0,298.0,21.0,0.0,0.0,0.0,86.0,0.0,0.0,16.0,13.0,0.0,0.0,0.0,0.0,0.0,0.0,16.0,0.0,0.0,0.0,0.0
C2_p3__lamarckian__s8,C2_p3__lamarckian,C2_p3,C2,lamarckian,8,1150,train,43,3.7209302325581395,7,6,60.5620905737411,0.9375,0.5,164.0,0.0,0.0,486.0,16.0,0.0,0.0,0.0,79.0,0.0,0.0,19.0,14.0,0.0,0.0,0.0,0.0,0.0,0.0,19.0,0.0,0.0,0.0,0.0
C2_p3__lamarckian__s8,C2_p3__lamarckian,C2_p3,C2,lamarckian,8,1200,train,41,3.8536585365853657,8,10,42.05069110740594,0.9583333333333334,0.5,209.0,0.0,0.0,280.0,32.0,0.0,0.0,0.0,97.0,0.0,0.0,15.0,24.0,0.0,0.0,0.0,0.0,0.0,0.0,15.0,0.0,0.0,0.0,0.0
C2_p3__lamarckian__s8,C2_p3__lamarckian,C2_p3,C2,lamarckian,8,1250,train,38,4.052631578947368,4,7,53.00696732589199,0.9791666666666666,0.5,204.0,0.0,0.0,274.0,30.0,0.0,0.0,0.0,93.0,0.0,0.0,19.0,13.0,0.0,0.0,0.0,0.0,0.0,0.0,19.0,0.0,0.0,0.0,0.0
C2_p3__lamarckian__s8,C2_p3__lamarckian,C2_p3,C2,lamarckian,8,1300,train,39,4.17948717948718,4,3,45.10792084198407,0.9375,0.5,179.0,0.0,0.0,248.0,31.0,0.0,0.0,0.0,99.0,0.0,0.0,16.0,16.0,0.0,0.0,0.0,0.0,0.0,0.0,16.0,0.0,0.0,0.0,0.0
C2_p3__lamarckian__s8,C2_p3__lamarckian,C2_p3,C2,lamarckian,8,1350,train,39,4.487179487179487,5,5,42.68525469364246,0.9375,0.5,193.0,0.0,0.0,308.0,33.0,0.0,0.0,0.0,95.0,0.0,0.0,19.0,14.0,0.0,0.0,0.0,0.0,0.0,0.0,19.0,0.0,0.0,0.0,0.0
C2_p3__lamarckian__s8,C2_p3__lamarckian,C2_p3,C2,lamarckian,8,1400,train,34,4.764705882352941,3,8,38.524654843101786,0.9791666666666666,0.5,170.0,0.0,0.0,341.0,36.0,0.0,0.0,0.0,91.0,0.0,0.0,21.0,16.0,0.0,0.0,0.0,0.0,0.0,0.0,21.0,0.0,0.0,0.0,0.0
C2_p3__lamarckian__s8,C2_p3__lamarckian,C2_p3,C2,lamarckian,8,1450,train,31,4.903225806451613,2,5,83.13462932917678,0.8125,0.5,161.0,0.0,0.0,382.0,43.0,0.0,0.0,0.0,84.0,0.0,0.0,23.0,17.0,0.0,0.0,0.0,0.0,0.0,0.0,23.0,0.0,0.0,0.0,0.0
C2_p3__lamarckian__s8,C2_p3__lamarckian,C2_p3,C2,lamarckian,8,1500,train,39,5.205128205128205,12,4,58.39371721558609,0.9583333333333334,0.5,157.0,0.0,0.0,495.0,34.0,0.0,0.0,0.0,88.0,0.0,0.0,35.0,11.0,0.0,0.0,0.0,0.0,0.0,0.0,35.0,0.0,0.0,0.0,0.0
C2_p3__lamarckian__s8,C2_p3__lamarckian,C2_p3,C2,lamarckian,8,1550,eval,37,5.324324324324325,4,6,57.07757836739536,0.8958333333333334,0.5,201.0,0.0,0.0,306.0,20.0,0.0,0.0,74.0,106.0,0.0,0.0,7.0,14.0,0.0,0.0,3.0,0.0,0.0,0.0,7.0,0.0,0.0,0.0,3.0
C2_p3__lamarckian__s8,C2_p3__lamarckian,C2_p3,C2,lamarckian,8,1600,eval,43,5.488372093023256,12,6,36.48362635152235,0.9791666666666666,0.5,199.0,0.0,0.0,550.0,18.0,0.0,0.0,81.0,95.0,0.0,0.0,30.0,11.0,0.0,0.0,6.0,0.0,0.0,0.0,30.0,0.0,0.0,0.0,6.0
C2_p3__lamarckian__s8,C2_p3__lamarckian,C2_p3,C2,lamarckian,8,1650,eval,38,5.578947368421052,2,7,44.41213434782162,0.8958333333333334,0.5,207.0,0.0,0.0,546.0,31.0,0.0,0.0,22.0,82.0,0.0,0.0,25.0,16.0,0.0,0.0,2.0,0.0,0.0,0.0,25.0,0.0,0.0,0.0,2.0
C2_p3__lamarckian__s8,C2_p3__lamarckian,C2_p3,C2,lamarckian,8,1700,eval,35,5.685714285714286,5,8,67.66653271444532,0.875,0.5,260.0,0.0,0.0,305.0,12.0,0.0,0.0,15.0,102.0,0.0,0.0,11.0,9.0,0.0,0.0,2.0,0.0,0.0,0.0,11.0,0.0,0.0,0.0,2.0
C2_p3__lamarckian__s8,C2_p3__lamarckian,C2_p3,C2,lamarckian,8,1750,eval,44,5.931818181818182,10,1,53.58601330553364,0.9166666666666666,0.5,220.0,0.0,0.0,359.0,22.0,0.0,0.0,23.0,107.0,0.0,0.0,12.0,16.0,0.0,0.0,1.0,0.0,0.0,0.0,12.0,0.0,0.0,0.0,1.0
C2_p3__lamarckian__s8,C2_p3__lamarckian,C2_p3,C2,lamarckian,8,1800,eval,46,6.108695652173913,7,5,47.9463757192775,0.9375,0.5,174.0,0.0,0.0,447.0,20.0,0.0,0.0,104.0,85.0,0.0,0.0,15.0,11.0,0.0,0.0,7.0,0.0,0.0,0.0,15.0,0.0,0.0,0.0,7.0
C2_p3__lamarckian__s9,C2_p3__lamarckian,C2_p3,C2,lamarckian,9,50,train,50,0.8,30,0,68.79910485557613,0.8958333333333334,0.5,212.0,0.0,0.0,206.0,58.0,0.0,0.0,0.0,62.0,0.0,0.0,36.0,17.0,0.0,0.0,0.0,0.0,0.0,0.0,36.0,0.0,0.0,0.0,0.0
C2_p3__lamarckian__s9,C2_p3__lamarckian,C2_p3,C2,lamarckian,9,100,train,50,0.9,6,6,47.00081896051516,0.9583333333333334,0.5,175.0,0.0,0.0,356.0,90.0,0.0,0.0,0.0,58.0,0.0,0.0,33.0,25.0,0.0,0.0,0.0,0.0,0.0,0.0,33.0,0.0,0.0,0.0,0.0
C2_p3__lamarckian__s9,C2_p3__lamarckian,C2_p3,C2,lamarckian,9,150,train,50,0.94,11,11,58.312707378277295,0.9375,0.5,250.0,0.0,0.0,336.0,111.0,0.0,0.0,0.0,59.0,0.0,0.0,29.0,20.0,0.0,0.0,0.0,0.0,0.0,0.0,29.0,0.0,0.0,0.0,0.0
C2_p3__lamarckian__s9,C2_p3__lamarckian,C2_p3,C2,lamarckian,9,200,train,49,0.9183673469387755,12,13,69.47095329149806,0.8958333333333334,0.5,254.0,0.0,0.0,268.0,112.0,0.0,0.0,0.0,60.0,0.0,0.0,20.0,22.0,0.0,0.0,0.0,0.0,0.0,0.0,20.0,0.0,0.0,0.0,0.0
C2_p3__lamarckian__s9,C2_p3__lamarckian,C2_p3,C2,lamarckian,9,250,train,49,0.9795918367346939,11,11,59.379299838082936,0.9375,0.5,288.0,0.0,0.0,339.0,63.0,0.0,0.0,0.0,67.0,0.0,0.0,27.0,26.0,0.0,0.0,0.0,0.0,0.0,0.0,27.0,0.0,0.0,0.0,0.0
C2_p3__lamarckian__s9,C2_p3__lamarckian,C2_p3,C2,lamarckian,9,300,train,50,0.98,10,9,51.300563156378665,0.9375,0.5,250.0,0.0,0.0,300.0,71.0,0.0,0.0,0.0,70.0,0.0,0.0,22.0,21.0,0.0,0.0,0.0,0.0,0.0,0.0,22.0,0.0,0.0,0.0,0.0
C2_p3__lamarckian__s9,C2_p3__lamarckian,C2_p3,C2,lamarckian,9,350,train,43,1.1395348837209303,8,15,70.50313893020758,0.9375,0.5,206.0,0.0,0.0,320.0,80.0,0.0,0.0,0.0,53.0,0.0,0.0,34.0,19.0,0.0,0.0,0.0,0.0,0.0,0.0,34.0,0.0,0.0,0.0,0.0
C2_p3__lamarckian__s9,C2_p3__lamarckian,C2_p3,C2,lamarckian,9,400,train,50,1.44,10,3,46.13576735139932,0.9166666666666666,0.5,269.0,0.0,0.0,342.0,93.0,0.0,0.0,0.0,90.0,0.0,0.0,25.0,19.0,0.0,0.0,0.0,0.0,0.0,0.0,25.0,0.0,0.0,0.0,0.0
C2_p3__lamarckian__s9,C2_p3__lamarckian,C2_p3,C2,lamarckian,9,450,train,50,1.58,8,8,61.83204686942641,0.9375,0.5,241.0,0.0,0.0,396.0,50.0,0.0,0.0,0.0,58.0,0.0,0.0,33.0,23.0,0.0,0.0,0.0,0.0,0.0,0.0,33.0,0.0,0.0,0.0,0.0
C2_p3__lamarckian__s9,C2_p3__lamarckian,C2_p3,C2,lamarckian,9,500,train,40,1.925,6,16,42.41313847955551,1.0,0.5,239.0,0.0,0.0,343.0,61.0,0.0,0.0,0.0,78.0,0.0,0.0,26.0,33.0,0.0,0.0,0.0,0.0,0.0,0.0,26.0,0.0,0.0,0.0,0.0
C2_p3__lamarckian__s9,C2_p3__lamarckian,C2_p3,C2,lamarckian,9,550,train,35,2.2285714285714286,7,12,54.981729159443695,0.9791666666666666,0.5,141.0,0.0,0.0,331.0,38.0,0.0,0.0,0.0,72.0,0.0,0.0,32.0,21.0,0.0,0.0,0.0,0.0,0.0,0.0,32.0,0.0,0.0,0.0,0.0
C2_p3__lamarckian__s9,C2_p3__lamarckian,C2_p3,C2,lamarckian,9,600,train,38,2.473684210526316,8,5,58.462303705175586,0.8958333333333334,0.5,167.0,0.0,0.0,195.0,45.0,0.0,0.0,0.0,85.0,0.0,0.0,18.0,21.0,0.0,0.0,0.0,0.0,0.0,0.0,18.0,0.0,0.0,0.0,0.0
C2_p3__lamarckian__s9,C2_p3__lamarckian,C2_p3,C2,lamarckian,9,650,train,45,2.688888888888889,9,2,34.031093941940355,1.0,0.5,135.0,0.0,0.0,214.0,35.0,0.0,0.0,0.0,79.0,0.0,0.0,20.0,25.0,0.0,0.0,0.0,0.0,0.0,0.0,20.0,0.0,0.0,0.0,0.0
C2_p3__lamarckian__s9,C2_p3__lamarckian,C2_p3,C2,lamarckian,9,700,train,43,2.744186046511628,5,7,44.10749923435071,0.9583333333333334,0.5,174.0,0.0,0.0,173.0,39.0,0.0,0.0,0.0,91.0,0.0,0.0,12.0,24.0,0.0,0.0,0.0,0.0,0.0,0.0,12.0,0.0,0.0,0.0,0.0
C2_p3__lamarckian__s9,C2_p3__lamarckian,C2_p3,C2,lamarckian,9,750,train,42,2.8333333333333335,3,4,37.63609772803352,0.9583333333333334,0.5,138.0,0.0,0.0,210.0,44.0,0.0,0.0,0.0,92.0,0.0,0.0,16.0,26.0,0.0,0.0,0.0,0.0,0.0,0.0,16.0,0.0,0.0,0.0,0.0
C2_p3__lamarckian__s9,C2_p3__lamarckian,C2_p3,C2,lamarckian,9,800,train,41,2.975609756097561,3,4,33.104546645371414,0.9791666666666666,0.5,164.0,0.0,0.0,295.0,39.0,0.0,0.0,0.0,83.0,0.0,0.0,18.0,25.0,0.0,0.0,0.0,0.0,0.0,0.0,18.0,0.0,0.0,0.0,0.0
C2_p3__lamarckian__s9,C2_p3__lamarckian,C2_p3,C2,lamarckian,9,850,train,37,3.2162162162162162,4,8,57.350849443081884,0.9583333333333334,0.5,161.0,0.0,0.0,169.0,28.0,0.0,0.0,0.0,95.0,0.0,0.0,13.0,19.0,0.0,0.0,0.0,0.0,0.0,0.0,13.0,0.0,0.0,0.0,0.0
C2_p3__lamarckian__s9,C2_p3__lamarckian,C2_p3,C2,lamarckian,9,900,train,36,3.5833333333333335,8,9,74.5092467343718,0.8541666666666666,0.5,144.0,0.0,0.0,302.0,30.0,0.0,0.0,0.0,87.0,0.0,0.0,17.0,21.0,0.0,0.0,0.0,0.0,0.0,0.0,17.0,0.0,0.0,0.0,0.0
C2_p3__lamarckian__s9,C2_p3__lamarckian,C2_p3,C2,lamarckian,9,950,train,39,3.641025641025641,5,2,39.12363921157919,0.9791666666666666,0.5,104.0,0.0,0.0,225.0,59.0,0.0,0.0,0.0,73.0,0.0,0.0,15.0,34.0,0.0,0.0,0.0,0.0,0.0,0.0,15.0,0.0,0.0,0.0,0.0
C2_p3__lamarckian__s9,C2_p3__lamarckian,C2_p3,C2,lamarckian,9,1000,train,36,3.75,4,7,55.994645080455825,0.8958333333333334,0.5,157.0,0.0,0.0,274.0,22.0,0.0,0.0,0.0,85.0,0.0,0.0,21.0,13.0,0.0,0.0,0.0,0.0,0.0,0.0,21.0,0.0,0.0,0.0,0.0
C2_p3__lamarckian__s9,C2_p3__lamarckian,C2_p3,C2,lamarckian,9,1050,train,37,3.972972972972973,8,7,50.64333158739356,0.9375,0.5,173.0,0.0,0.0,193.0,45.0,0.0,0.0,0.0,95.0,0.0,0.0,14.0,24.0,0.0,0.0,0.0,0.0,0.0,0.0,14.0,0.0,0.0,0.0,0.0
C2_p3__lamarckian__s9,C2_p3__lamarckian,C2_p3,C2,lamarckian,9,1100,train,38,4.157894736842105,8,7,50.695996955179886,0.9375,0.5,124.0,0.0,0.0,308.0,59.0,0.0,0.0,0.0,64.0,0.0,0.0,25.0,33.0,0.0,0.0,0.0,0.0,0.0,0.0,25.0,0.0,0.0,0.0,0.0
C2_p3__lamarckian__s9,C2_p3__lamarckian,C2_p3,C2,lamarckian,9,1150,train,40,4.275,8,6,49.583004775557356,0.9583333333333334,0.5,189.0,0.0,0.0,256.0,71.0,0.0,0.0,0.0,94.0,0.0,0.0,10.0,24.0,0.0,0.0,0.0,0.0,0.0,0.0,10.0,0.0,0.0,0.0,0.0
C2_p3__lamarckian__s9,C2_p3__lamarckian,C2_p3,C2,lamarckian,9,1200,train,39,4.435897435897436,6,7,74.2553506226311,0.9166666666666666,0.5,108.0,0.0,0.0,323.0,37.0,0.0,0.0,0.0,67.0,0.0,0.0,14.0,23.0,0.0,0.0,0.0,0.0,0.0,0.0,14.0,0.0,0.0,0.0,0.0
C2_p3__lamarckian__s9,C2_p3__lamarckian,C2_p3,C2,lamarckian,9,1250,train,42,4.642857142857143,7,4,53.59830424845887,0.9375,0.5,127.0,0.0,0.0,296.0,47.0,0.0,0.0,0.0,80.0,0.0,0.0,23.0,25.0,0.0,0.0,0.0,0.0,0.0,0.0,23.0,0.0,0.0,0.0,0.0
C2_p3__lamarckian__s9,C2_p3__lamarckian,C2_p3,C2,lamarckian,9,1300,train,42,4.809523809523809,2,2,50.60413280467725,0.9375,0.5,135.0,0.0,0.0,350.0,40.0,0.0,0.0,0.0,75.0,0.0,0.0,13.0,24.0,0.0,0.0,0.0,0.0,0.0,0.0,13.0,0.0,0.0,0.0,0.0
C2_p3__lamarckian__s9,C2_p3__lamarckian,C2_p3,C2,lamarckian,9,1350,train,37,4.972972972972973,3,8,45.70192215268113,0.9791666666666666,0.5,132.0,0.0,0.0,371.0,39.0,0.0,0.0,0.0,78.0,0.0,0.0,27.0,26.0,0.0,0.0,0.0,0.0,0.0,0.0,27.0,0.0,0.0,0.0,0.0
C2_p3__lamarckian__s9,C2_p3__lamarckian,C2_p3,C2,lamarckian,9,1400,train,38,5.184210526315789,9,8,50.874841090266514,0.9375,0.5,156.0,0.0,0.0,340.0,45.0,0.0,0.0,0.0,84.0,0.0,0.0,15.0,25.0,0.0,0.0,0.0,0.0,0.0,0.0,15.0,0.0,0.0,0.0,0.0
C2_p3__lamarckian__s9,C2_p3__lamarckian,C2_p3,C2,lamarckian,9,1450,train,40,5.475,11,9,61.06201539963524,0.9375,0.5,118.0,0.0,0.0,284.0,41.0,0.0,0.0,0.0,65.0,0.0,0.0,25.0,26.0,0.0,0.0,0.0,0.0,0.0,0.0,25.0,0.0,0.0,0.0,0.0
C2_p3__lamarckian__s9,C2_p3__lamarckian,C2_p3,C2,lamarckian,9,1500,train,46,5.586956521739131,9,3,47.96767313562917,0.9583333333333334,0.5,132.0,0.0,0.0,296.0,23.0,0.0,0.0,0.0,80.0,0.0,0.0,18.0,16.0,0.0,0.0,0.0,0.0,0.0,0.0,18.0,0.0,0.0,0.0,0.0
C2_p3__lamarckian__s9,C2_p3__lamarckian,C2_p3,C2,lamarckian,9,1550,eval,40,5.775,3,9,55.55619145658681,0.9583333333333334,0.5,172.0,0.0,0.0,186.0,30.0,0.0,0.0,57.0,77.0,0.0,0.0,17.0,22.0,0.0,0.0,6.0,0.0,0.0,0.0,17.0,0.0,0.0,0.0,6.0
C2_p3__lamarckian__s9,C2_p3__lamarckian,C2_p3,C2,lamarckian,9,1600,eval,37,5.918918918918919,5,8,41.65340543947778,0.9791666666666666,0.5,182.0,0.0,0.0,262.0,34.0,0.0,0.0,79.0,98.0,0.0,0.0,9.0,20.0,0.0,0.0,8.0,0.0,0.0,0.0,9.0,0.0,0.0,0.0,8.0
C2_p3__lamarckian__s9,C2_p3__lamarckian,C2_p3,C2,lamarckian,9,1650,eval,37,6.297297297297297,6,6,60.7744424615765,0.8958333333333334,0.5,168.0,0.0,0.0,280.0,34.0,0.0,0.0,60.0,78.0,0.0,0.0,22.0,19.0,0.0,0.0,6.0,0.0,0.0,0.0,22.0,0.0,0.0,0.0,6.0
C2_p3__lamarckian__s9,C2_p3__lamarckian,C2_p3,C2,lamarckian,9,1700,eval,42,6.666666666666667,10,5,61.501909362391345,0.9375,0.5,215.0,0.0,0.0,245.0,44.0,0.0,0.0,104.0,92.0,0.0,0.0,11.0,21.0,0.0,0.0,5.0,0.0,0.0,0.0,11.0,0.0,0.0,0.0,5.0
C2_p3__lamarckian__s9,C2_p3__lamarckian,C2_p3,C2,lamarckian,9,1750,eval,38,6.894736842105263,5,9,47.768732207403175,0.9375,0.5,223.0,0.0,0.0,334.0,24.0,0.0,0.0,41.0,92.0,0.0,0.0,15.0,17.0,0.0,0.0,3.0,0.0,0.0,0.0,15.0,0.0,0.0,0.0,3.0
C2_p3__lamarckian__s9,C2_p3__lamarckian,C2_p3,C2,lamarckian,9,1800,eval,45,6.955555555555556,10,3,47.84582243882191,0.9791666666666666,0.5,272.0,0.0,0.0,334.0,32.0,0.0,0.0,77.0,78.0,0.0,0.0,19.0,20.0,0.0,0.0,3.0,0.0,0.0,0.0,19.0,0.0,0.0,0.0,3.0
C2_p3__lamarckian__s10,C2_p3__lamarckian,C2_p3,C2,lamarckian,10,50,train,50,0.72,31,1,116.02690125177537,0.75,0.5,267.0,0.0,0.0,203.0,68.0,0.0,0.0,0.0,49.0,0.0,0.0,41.0,18.0,0.0,0.0,0.0,0.0,0.0,0.0,41.0,0.0,0.0,0.0,0.0
C2_p3__lamarckian__s10,C2_p3__lamarckian,C2_p3,C2,lamarckian,10,100,train,50,0.78,3,3,74.04436090471488,0.8125,0.5,211.0,0.0,0.0,372.0,54.0,0.0,0.0,0.0,43.0,0.0,0.0,41.0,22.0,0.0,0.0,0.0,0.0,0.0,0.0,41.0,0.0,0.0,0.0,0.0
C2_p3__lamarckian__s10,C2_p3__lamarckian,C2_p3,C2,lamarckian,10,150,train,50,0.84,8,8,64.168915260193,0.9166666666666666,0.5,350.0,0.0,0.0,324.0,123.0,0.0,0.0,0.0,64.0,0.0,0.0,31.0,24.0,0.0,0.0,0.0,0.0,0.0,0.0,31.0,0.0,0.0,0.0,0.0
C2_p3__lamarckian__s10,C2_p3__lamarckian,C2_p3,C2,lamarckian,10,200,train,50,0.76,8,8,74.37384931329164,0.8125,0.5,472.0,0.0,0.0,350.0,41.0,0.0,0.0,0.0,63.0,0.0,0.0,35.0,20.0,0.0,0.0,0.0,0.0,0.0,0.0,35.0,0.0,0.0,0.0,0.0
C2_p3__lamarckian__s10,C2_p3__lamarckian,C2_p3,C2,lamarckian,10,250,train,50,0.76,7,7,44.159099565095936,0.9375,0.5,318.0,0.0,0.0,471.0,65.0,0.0,0.0,0.0,56.0,0.0,0.0,30.0,23.0,0.0,0.0,0.0,0.0,0.0,0.0,30.0,0.0,0.0,0.0,0.0
C2_p3__lamarckian__s10,C2_p3__lamarckian,C2_p3,C2,lamarckian,10,300,train,50,0.78,8,8,63.55661444830453,0.9166666666666666,0.5,271.0,0.0,0.0,273.0,43.0,0.0,0.0,0.0,66.0,0.0,0.0,26.0,16.0,0.0,0.0,0.0,0.0,0.0,0.0,26.0,0.0,0.0,0.0,0.0
C2_p3__lamarckian__s10,C2_p3__lamarckian,C2_p3,C2,lamarckian,10,350,train,50,0.78,3,3,84.93951731851755,0.8125,0.5,315.0,0.0,0.0,260.0,36.0,0.0,0.0,0.0,78.0,0.0,0.0,18.0,19.0,0.0,0.0,0.0,0.0,0.0,0.0,18.0,0.0,0.0,0.0,0.0
C2_p3__lamarckian__s10,C2_p3__lamarckian,C2_p3,C2,lamarckian,10,400,train,50,0.84,10,10,67.22590876573915,0.8958333333333334,0.5,241.0,0.0,0.0,287.0,69.0,0.0,0.0,0.0,59.0,0.0,0.0,25.0,31.0,0.0,0.0,0.0,0.0,0.0,0.0,25.0,0.0,0.0,0.0,0.0
C2_p3__lamarckian__s10,C2_p3__lamarckian,C2_p3,C2,lamarckian,10,450,train,50,0.84,7,7,66.20941990733326,0.875,0.5,278.0,0.0,0.0,261.0,45.0,0.0,0.0,0.0,66.0,0.0,0.0,33.0,21.0,0.0,0.0,0.0,0.0,0.0,0.0,33.0,0.0,0.0,0.0,0.0
C2_p3__lamarckian__s10,C2_p3__lamarckian,C2_p3,C2,lamarckian,10,500,train,50,1.32,15,15,53.280393642294214,0.8958333333333334,0.5,320.0,0.0,0.0,376.0,48.0,0.0,0.0,0.0,82.0,0.0,0.0,29.0,22.0,0.0,0.0,0.0,0.0,0.0,0.0,29.0,0.0,0.0,0.0,0.0
C2_p3__lamarckian__s10,C2_p3__lamarckian,C2_p3,C2,lamarckian,10,550,train,50,1.7,16,16,59.64111358090568,0.8958333333333334,0.5,319.0,0.0,0.0,288.0,56.0,0.0,0.0,0.0,81.0,0.0,0.0,22.0,23.0,0.0,0.0,0.0,0.0,0.0,0.0,22.0,0.0,0.0,0.0,0.0
C2_p3__lamarckian__s10,C2_p3__lamarckian,C2_p3,C2,lamarckian,10,600,train,50,1.76,5,5,57.87649946940786,0.9375,0.5,307.0,0.0,0.0,316.0,49.0,0.0,0.0,0.0,73.0,0.0,0.0,22.0,23.0,0.0,0.0,0.0,0.0,0.0,0.0,22.0,0.0,0.0,0.0,0.0
C2_p3__lamarckian__s10,C2_p3__lamarckian,C2_p3,C2,lamarckian,10,650,train,50,1.88,9,9,52.27559482142736,0.9375,0.5,300.0,0.0,0.0,279.0,38.0,0.0,0.0,0.0,88.0,0.0,0.0,26.0,20.0,0.0,0.0,0.0,0.0,0.0,0.0,26.0,0.0,0.0,0.0,0.0
C2_p3__lamarckian__s10,C2_p3__lamarckian,C2_p3,C2,lamarckian,10,700,train,49,2.0,7,8,56.15256436955598,0.9166666666666666,0.5,228.0,0.0,0.0,258.0,53.0,0.0,0.0,0.0,81.0,0.0,0.0,19.0,26.0,0.0,0.0,0.0,0.0,0.0,0.0,19.0,0.0,0.0,0.0,0.0
C2_p3__lamarckian__s10,C2_p3__lamarckian,C2_p3,C2,lamarckian,10,750,train,50,2.08,7,6,56.32665624448214,0.9166666666666666,0.5,278.0,0.0,0.0,210.0,40.0,0.0,0.0,0.0,90.0,0.0,0.0,18.0,26.0,0.0,0.0,0.0,0.0,0.0,0.0,18.0,0.0,0.0,0.0,0.0
C2_p3__lamarckian__s10,C2_p3__lamarckian,C2_p3,C2,lamarckian,10,800,train,50,2.22,7,7,61.70607638586277,0.9166666666666666,0.5,241.0,0.0,0.0,383.0,57.0,0.0,0.0,0.0,71.0,0.0,0.0,18.0,28.0,0.0,0.0,0.0,0.0,0.0,0.0,18.0,0.0,0.0,0.0,0.0
C2_p3__lamarckian__s10,C2_p3__lamarckian,C2_p3,C2,lamarckian,10,850,train,50,2.3,10,10,58.98750094986627,0.9166666666666666,0.5,212.0,0.0,0.0,297.0,60.0,0.0,0.0,0.0,75.0,0.0,0.0,20.0,29.0,0.0,0.0,0.0,0.0,0.0,0.0,20.0,0.0,0.0,0.0,0.0
C2_p3__lamarckian__s10,C2_p3__lamarckian,C2_p3,C2,lamarckian,10,900,train,45,2.3777777777777778,8,13,61.90661380079989,0.875,0.5,197.0,0.0,0.0,340.0,50.0,0.0,0.0,0.0,73.0,0.0,0.0,26.0,24.0,0.0,0.0,0.0,0.0,0.0,0.0,26.0,0.0,0.0,0.0,0.0
C2_p3__lamarckian__s10,C2_p3__lamarckian,C2_p3,C2,lamarckian,10,950,train,50,2.66,13,8,49.22400214954672,0.9583333333333334,0.5,236.0,0.0,0.0,393.0,60.0,0.0,0.0,0.0,74.0,0.0,0.0,21.0,29.0,0.0,0.0,0.0,0.0,0.0,0.0,21.0,0.0,0.0,0.0,0.0
C2_p3__lamarckian__s10,C2_p3__lamarckian,C2_p3,C2,lamarckian,10,1000,train,42,2.7142857142857144,6,14,40.02630446655785,0.9791666666666666,0.5,262.0,0.0,0.0,260.0,37.0,0.0,0.0,0.0,94.0,0.0,0.0,16.0,27.0,0.0,0.0,0.0,0.0,0.0,0.0,16.0,0.0,0.0,0.0,0.0
C2_p3__lamarckian__s10,C2_p3__lamarckian,C2_p3,C2,lamarckian,10,1050,train,38,3.0,8,12,46.58353770631558,0.9583333333333334,0.5,209.0,0.0,0.0,236.0,45.0,0.0,0.0,0.0,85.0,0.0,0.0,21.0,27.0,0.0,0.0,0.0,0.0,0.0,0.0,21.0,0.0,0.0,0.0,0.0
C2_p3__lamarckian__s10,C2_p3__lamarckian,C2_p3,C2,lamarckian,10,1100,train,33,3.0,4,9,56.161454293267816,0.9583333333333334,0.5,133.0,0.0,0.0,259.0,37.0,0.0,0.0,0.0,65.0,0.0,0.0,20.0,27.0,0.0,0.0,0.0,0.0,0.0,0.0,20.0,0.0,0.0,0.0,0.0
C2_p3__lamarckian__s10,C2_p3__lamarckian,C2_p3,C2,lamarckian,10,1150,train,37,3.2432432432432434,11,7,52.06645969663905,0.9583333333333334,0.5,182.0,0.0,0.0,202.0,36.0,0.0,0.0,0.0,88.0,0.0,0.0,14.0,27.0,0.0,0.0,0.0,0.0,0.0,0.0,14.0,0.0,0.0,0.0,0.0
C2_p3__lamarckian__s10,C2_p3__lamarckian,C2_p3,C2,lamarckian,10,1200,train,46,3.760869565217391,14,5,43.676298158363316,0.9583333333333334,0.5,173.0,0.0,0.0,237.0,44.0,0.0,0.0,0.0,91.0,0.0,0.0,17.0,29.0,0.0,0.0,0.0,0.0,0.0,0.0,17.0,0.0,0.0,0.0,0.0
C2_p3__lamarckian__s10,C2_p3__lamarckian,C2_p3,C2,lamarckian,10,1250,train,47,3.723404255319149,4,3,50.61472056880065,0.9375,0.5,158.0,0.0,0.0,221.0,49.0,0.0,0.0,0.0,80.0,0.0,0.0,15.0,30.0,0.0,0.0,0.0,0.0,0.0,0.0,15.0,0.0,0.0,0.0,0.0
C2_p3__lamarckian__s10,C2_p3__lamarckian,C2_p3,C2,lamarckian,10,1300,train,49,3.9591836734693877,8,6,43.28112528221101,0.9791666666666666,0.5,212.0,0.0,0.0,236.0,62.0,0.0,0.0,0.0,100.0,0.0,0.0,14.0,26.0,0.0,0.0,0.0,0.0,0.0,0.0,14.0,0.0,0.0,0.0,0.0
C2_p3__lamarckian__s10,C2_p3__lamarckian,C2_p3,C2,lamarckian,10,1350,train,40,4.075,2,11,59.4552405589299,0.9375,0.5,145.0,0.0,0.0,226.0,36.0,0.0,0.0,0.0,74.0,0.0,0.0,22.0,27.0,0.0,0.0,0.0,0.0,0.0,0.0,22.0,0.0,0.0,0.0,0.0
C2_p3__lamarckian__s10,C2_p3__lamarckian,C2_p3,C2,lamarckian,10,1400,train,36,4.444444444444445,5,9,53.76010103469527,0.9375,0.5,146.0,0.0,0.0,163.0,59.0,0.0,0.0,0.0,77.0,0.0,0.0,15.0,31.0,0.0,0.0,0.0,0.0,0.0,0.0,15.0,0.0,0.0,0.0,0.0
C2_p3__lamarckian__s10,C2_p3__lamarckian,C2_p3,C2,lamarckian,10,1450,train,38,4.947368421052632,8,6,74.86959859111852,0.875,0.5,203.0,0.0,0.0,213.0,39.0,0.0,0.0,0.0,88.0,0.0,0.0,11.0,25.0,0.0,0.0,0.0,0.0,0.0,0.0,11.0,0.0,0.0,0.0,0.0
C2_p3__lamarckian__s10,C2_p3__lamarckian,C2_p3,C2,lamarckian,10,1500,train,45,5.088888888888889,8,1,49.40598596916733,0.9791666666666666,0.5,149.0,0.0,0.0,433.0,52.0,0.0,0.0,0.0,82.0,0.0,0.0,30.0,28.0,0.0,0.0,0.0,0.0,0.0,0.0,30.0,0.0,0.0,0.0,0.0
C2_p3__lamarckian__s10,C2_p3__lamarckian,C2_p3,C2,lamarckian,10,1550,eval,43,5.1395348837209305,5,7,52.81607953030132,0.9791666666666666,0.5,164.0,0.0,0.0,297.0,38.0,0.0,0.0,20.0,77.0,0.0,0.0,16.0,27.0,0.0,0.0,2.0,0.0,0.0,0.0,16.0,0.0,0.0,0.0,2.0
C2_p3__lamarckian__s10,C2_p3__lamarckian,C2_p3,C2,lamarckian,10,1600,eval,45,5.066666666666666,8,6,38.572941108207075,0.9791666666666666,0.5,185.0,0.0,0.0,290.0,37.0,0.0,0.0,37.0,90.0,0.0,0.0,23.0,21.0,0.0,0.0,4.0,0.0,0.0,0.0,23.0,0.0,0.0,0.0,4.0
C2_p3__lamarckian__s10,C2_p3__lamarckian,C2_p3,C2,lamarckian,10,1650,eval,38,5.157894736842105,2,9,44.38209513064426,0.9583333333333334,0.5,192.0,0.0,0.0,274.0,36.0,0.0,0.0,36.0,83.0,0.0,0.0,19.0,15.0,0.0,0.0,6.0,0.0,0.0,0.0,19.0,0.0,0.0,0.0,6.0
C2_p3__lamarckian__s10,C2_p3__lamarckian,C2_p3,C2,lamarckian,10,1700,eval,29,5.206896551724138,3,12,51.47112182421334,0.9583333333333334,0.5,187.0,0.0,0.0,286.0,32.0,0.0,0.0,106.0,86.0,0.0,0.0,18.0,17.0,0.0,0.0,12.0,0.0,0.0,0.0,18.0,0.0,0.0,0.0,12.0
C2_p3__lamarckian__s10,C2_p3__lamarckian,C2_p3,C2,lamarckian,10,1750,eval,32,5.40625,6,3,55.32788930834086,0.9583333333333334,0.5,228.0,0.0,0.0,255.0,42.0,0.0,0.0,47.0,90.0,0.0,0.0,16.0,23.0,0.0,0.0,3.0,0.0,0.0,0.0,16.0,0.0,0.0,0.0,3.0
C2_p3__lamarckian__s10,C2_p3__lamarckian,C2_p3,C2,lamarckian,10,1800,eval,39,5.871794871794871,11,4,43.59160119078854,0.9791666666666666,0.5,208.0,0.0,0.0,230.0,61.0,0.0,0.0,55.0,94.0,0.0,0.0,19.0,23.0,0.0,0.0,4.0,0.0,0.0,0.0,19.0,0.0,0.0,0.0,4.0
C2_p3__lamarckian__s11,C2_p3__lamarckian,C2_p3,C2,lamarckian,11,50,train,50,0.7,30,0,71.445874545133,0.8333333333333334,0.5,278.0,0.0,0.0,301.0,202.0,0.0,0.0,0.0,40.0,0.0,0.0,42.0,33.0,0.0,0.0,0.0,0.0,0.0,0.0,42.0,0.0,0.0,0.0,0.0
C2_p3__lamarckian__s11,C2_p3__lamarckian,C2_p3,C2,lamarckian,11,100,train,50,0.72,4,4,70.5660910145312,0.8958333333333334,0.5,197.0,0.0,0.0,344.0,96.0,0.0,0.0,0.0,40.0,0.0,0.0,36.0,26.0,0.0,0.0,0.0,0.0,0.0,0.0,36.0,0.0,0.0,0.0,0.0
C2_p3__lamarckian__s11,C2_p3__lamarckian,C2_p3,C2,lamarckian,11,150,train,50,0.72,4,4,94.09396859951886,0.8541666666666666,0.5,323.0,0.0,0.0,502.0,78.0,0.0,0.0,0.0,59.0,0.0,0.0,30.0,26.0,0.0,0.0,0.0,0.0,0.0,0.0,30.0,0.0,0.0,0.0,0.0
C2_p3__lamarckian__s11,C2_p3__lamarckian,C2_p3,C2,lamarckian,11,200,train,50,0.74,11,11,78.83818353769146,0.875,0.5,296.0,0.0,0.0,384.0,69.0,0.0,0.0,0.0,57.0,0.0,0.0,25.0,30.0,0.0,0.0,0.0,0.0,0.0,0.0,25.0,0.0,0.0,0.0,0.0
C2_p3__lamarckian__s11,C2_p3__lamarckian,C2_p3,C2,lamarckian,11,250,train,50,0.74,6,6,82.05761981588901,0.8333333333333334,0.5,321.0,0.0,0.0,316.0,55.0,0.0,0.0,0.0,73.0,0.0,0.0,20.0,14.0,0.0,0.0,0.0,0.0,0.0,0.0,20.0,0.0,0.0,0.0,0.0
C2_p3__lamarckian__s11,C2_p3__lamarckian,C2_p3,C2,lamarckian,11,300,train,50,0.74,6,6,51.09317158158795,0.9583333333333334,0.5,294.0,0.0,0.0,269.0,147.0,0.0,0.0,0.0,67.0,0.0,0.0,18.0,35.0,0.0,0.0,0.0,0.0,0.0,0.0,18.0,0.0,0.0,0.0,0.0
C2_p3__lamarckian__s11,C2_p3__lamarckian,C2_p3,C2,lamarckian,11,350,train,50,0.74,5,5,59.75711715258446,0.9166666666666666,0.5,255.0,0.0,0.0,427.0,158.0,0.0,0.0,0.0,56.0,0.0,0.0,30.0,29.0,0.0,0.0,0.0,0.0,0.0,0.0,30.0,0.0,0.0,0.0,0.0
C2_p3__lamarckian__s11,C2_p3__lamarckian,C2_p3,C2,lamarckian,11,400,train,50,0.78,5,5,33.89623170196302,0.9583333333333334,0.5,271.0,0.0,0.0,476.0,141.0,0.0,0.0,0.0,74.0,0.0,0.0,19.0,37.0,0.0,0.0,0.0,0.0,0.0,0.0,19.0,0.0,0.0,0.0,0.0
C2_p3__lamarckian__s11,C2_p3__lamarckian,C2_p3,C2,lamarckian,11,450,train,50,0.8,3,3,42.245579783936634,0.9791666666666666,0.5,247.0,0.0,0.0,317.0,137.0,0.0,0.0,0.0,75.0,0.0,0.0,17.0,29.0,0.0,0.0,0.0,0.0,0.0,0.0,17.0,0.0,0.0,0.0,0.0
C2_p3__lamarckian__s11,C2_p3__lamarckian,C2_p3,C2,lamarckian,11,500,train,44,1.2045454545454546,11,17,70.4887577772081,0.8125,0.5,213.0,0.0,0.0,352.0,171.0,0.0,0.0,0.0,57.0,0.0,0.0,21.0,26.0,0.0,0.0,0.0,0.0,0.0,0.0,21.0,0.0,0.0,0.0,0.0
C2_p3__lamarckian__s11,C2_p3__lamarckian,C2_p3,C2,lamarckian,11,550,train,50,1.56,20,14,59.394644851831174,0.9166666666666666,0.5,169.0,0.0,0.0,340.0,121.0,0.0,0.0,0.0,50.0,0.0,0.0,33.0,28.0,0.0,0.0,0.0,0.0,0.0,0.0,33.0,0.0,0.0,0.0,0.0
C2_p3__lamarckian__s11,C2_p3__lamarckian,C2_p3,C2,lamarckian,11,600,train,50,1.6,5,5,55.89012801519928,1.0,0.5,264.0,0.0,0.0,330.0,121.0,0.0,0.0,0.0,70.0,0.0,0.0,17.0,33.0,0.0,0.0,0.0,0.0,0.0,0.0,17.0,0.0,0.0,0.0,0.0
C2_p3__lamarckian__s11,C2_p3__lamarckian,C2_p3,C2,lamarckian,11,650,train,50,1.68,8,8,31.289816011698402,0.9791666666666666,0.5,233.0,0.0,0.0,318.0,83.0,0.0,0.0,0.0,85.0,0.0,0.0,15.0,30.0,0.0,0.0,0.0,0.0,0.0,0.0,15.0,0.0,0.0,0.0,0.0
C2_p3__lamarckian__s11,C2_p3__lamarckian,C2_p3,C2,lamarckian,11,700,train,40,1.75,7,17,43.58566167252363,1.0,0.5,197.0,0.0,0.0,347.0,92.0,0.0,0.0,0.0,67.0,0.0,0.0,21.0,44.0,0.0,0.0,0.0,0.0,0.0,0.0,21.0,0.0,0.0,0.0,0.0
C2_p3__lamarckian__s11,C2_p3__lamarckian,C2_p3,C2,lamarckian,11,750,train,34,1.8235294117647058,4,10,57.33008403652356,0.9583333333333334,0.5,91.0,0.0,0.0,151.0,88.0,0.0,0.0,0.0,63.0,0.0,0.0,12.0,33.0,0.0,0.0,0.0,0.0,0.0,0.0,12.0,0.0,0.0,0.0,0.0
C2_p3__lamarckian__s11,C2_p3__lamarckian,C2_p3,C2,lamarckian,11,800,train,33,2.090909090909091,7,8,74.28960789302577,0.8958333333333334,0.5,125.0,0.0,0.0,261.0,81.0,0.0,0.0,0.0,74.0,0.0,0.0,21.0,30.0,0.0,0.0,0.0,0.0,0.0,0.0,21.0,0.0,0.0,0.0,0.0
C2_p3__lamarckian__s11,C2_p3__lamarckian,C2_p3,C2,lamarckian,11,850,train,39,2.3076923076923075,11,5,53.400768431281726,0.9583333333333334,0.5,166.0,0.0,0.0,272.0,75.0,0.0,0.0,0.0,78.0,0.0,0.0,15.0,42.0,0.0,0.0,0.0,0.0,0.0,0.0,15.0,0.0,0.0,0.0,0.0
C2_p3__lamarckian__s11,C2_p3__lamarckian,C2_p3,C2,lamarckian,11,900,train,39,2.41025641025641,7,7,39.178974311235365,0.9791666666666666,0.5,170.0,0.0,0.0,256.0,75.0,0.0,0.0,0.0,76.0,0.0,0.0,22.0,39.0,0.0,0.0,0.0,0.0,0.0,0.0,22.0,0.0,0.0,0.0,0.0
C2_p3__lamarckian__s11,C2_p3__lamarckian,C2_p3,C2,lamarckian,11,950,train,41,2.4878048780487805,4,2,42.554690261328005,0.9583333333333334,0.5,178.0,0.0,0.0,288.0,71.0,0.0,0.0,0.0,80.0,0.0,0.0,18.0,35.0,0.0,0.0,0.0,0.0,0.0,0.0,18.0,0.0,0.0,0.0,0.0
C2_p3__lamarckian__s11,C2_p3__lamarckian,C2_p3,C2,lamarckian,11,1000,train,36,2.5555555555555554,3,8,54.88738360629862,0.9166666666666666,0.5,164.0,0.0,0.0,283.0,68.0,0.0,0.0,0.0,77.0,0.0,0.0,16.0,42.0,0.0,0.0,0.0,0.0,0.0,0.0,16.0,0.0,0.0,0.0,0.0
C2_p3__lamarckian__s11,C2_p3__lamarckian,C2_p3,C2,lamarckian,11,1050,train,37,2.7837837837837838,7,6,33.45505267257019,1.0,0.5,192.0,0.0,0.0,315.0,67.0,0.0,0.0,0.0,92.0,0.0,0.0,22.0,37.0,0.0,0.0,0.0,0.0,0.0,0.0,22.0,0.0,0.0,0.0,0.0
C2_p3__lamarckian__s11,C2_p3__lamarckian,C2_p3,C2,lamarckian,11,1100,train,36,2.888888888888889,5,6,35.19399534733297,1.0,0.5,175.0,0.0,0.0,211.0,100.0,0.0,0.0,0.0,78.0,0.0,0.0,18.0,44.0,0.0,0.0,0.0,0.0,0.0,0.0,18.0,0.0,0.0,0.0,0.0
C2_p3__lamarckian__s11,C2_p3__lamarckian,C2_p3,C2,lamarckian,11,1150,train,39,3.1794871794871793,8,5,44.23006669901007,0.9791666666666666,0.5,143.0,0.0,0.0,260.0,102.0,0.0,0.0,0.0,74.0,0.0,0.0,14.0,46.0,0.0,0.0,0.0,0.0,0.0,0.0,14.0,0.0,0.0,0.0,0.0
C2_p3__lamarckian__s11,C2_p3__lamarckian,C2_p3,C2,lamarckian,11,1200,train,42,3.3333333333333335,7,4,43.85227523276437,0.9791666666666666,0.5,113.0,0.0,0.0,280.0,65.0,0.0,0.0,0.0,64.0,0.0,0.0,20.0,38.0,0.0,0.0,0.0,0.0,0.0,0.0,20.0,0.0,0.0,0.0,0.0
C2_p3__lamarckian__s11,C2_p3__lamarckian,C2_p3,C2,lamarckian,11,1250,train,34,3.3823529411764706,2,10,38.49964239792793,0.9791666666666666,0.5,173.0,0.0,0.0,206.0,81.0,0.0,0.0,0.0,75.0,0.0,0.0,15.0,51.0,0.0,0.0,0.0,0.0,0.0,0.0,15.0,0.0,0.0,0.0,0.0
C2_p3__lamarckian__s11,C2_p3__lamarckian,C2_p3,C2,lamarckian,11,1300,train,30,3.5,2,6,58.58682581046778,0.9583333333333334,0.5,165.0,0.0,0.0,276.0,53.0,0.0,0.0,0.0,83.0,0.0,0.0,19.0,26.0,0.0,0.0,0.0,0.0,0.0,0.0,19.0,0.0,0.0,0.0,0.0
C2_p3__lamarckian__s11,C2_p3__lamarckian,C2_p3,C2,lamarckian,11,1350,train,34,3.8529411764705883,10,6,34.58325490628245,0.9791666666666666,0.5,206.0,0.0,0.0,272.0,58.0,0.0,0.0,0.0,86.0,0.0,0.0,17.0,32.0,0.0,0.0,0.0,0.0,0.0,0.0,17.0,0.0,0.0,0.0,0.0
C2_p3__lamarckian__s11,C2_p3__lamarckian,C2_p3,C2,lamarckian,11,1400,train,34,3.9411764705882355,6,6,54.88089093270547,0.9583333333333334,0.5,132.0,0.0,0.0,255.0,77.0,0.0,0.0,0.0,73.0,0.0,0.0,16.0,41.0,0.0,0.0,0.0,0.0,0.0,0.0,16.0,0.0,0.0,0.0,0.0
C2_p3__lamarckian__s11,C2_p3__lamarckian,C2_p3,C2,lamarckian,11,1450,train,36,4.055555555555555,6,4,70.01733030754647,0.8541666666666666,0.5,140.0,0.0,0.0,295.0,53.0,0.0,0.0,0.0,70.0,0.0,0.0,23.0,34.0,0.0,0.0,0.0,0.0,0.0,0.0,23.0,0.0,0.0,0.0,0.0
C2_p3__lamarckian__s11,C2_p3__lamarckian,C2_p3,C2,lamarckian,11,1500,train,37,4.216216216216216,5,4,42.06998732190819,0.9583333333333334,0.5,137.0,0.0,0.0,201.0,100.0,0.0,0.0,0.0,77.0,0.0,0.0,11.0,45.0,0.0,0.0,0.0,0.0,0.0,0.0,11.0,0.0,0.0,0.0,0.0
C2_p3__lamarckian__s11,C2_p3__lamarckian,C2_p3,C2,lamarckian,11,1550,eval,33,4.212121212121212,2,6,50.885276028302556,0.9583333333333334,0.5,125.0,0.0,0.0,329.0,45.0,0.0,0.0,96.0,82.0,0.0,0.0,17.0,22.0,0.0,0.0,11.0,0.0,0.0,0.0,17.0,0.0,0.0,0.0,11.0
C2_p3__lamarckian__s11,C2_p3__lamarckian,C2_p3,C2,lamarckian,11,1600,eval,34,4.5588235294117645,8,7,51.66464022825942,0.9583333333333334,0.5,136.0,0.0,0.0,311.0,57.0,0.0,0.0,109.0,78.0,0.0,0.0,18.0,29.0,0.0,0.0,10.0,0.0,0.0,0.0,18.0,0.0,0.0,0.0,10.0
C2_p3__lamarckian__s11,C2_p3__lamarckian,C2_p3,C2,lamarckian,11,1650,eval,37,4.837837837837838,7,4,34.6082779108955,0.9583333333333334,0.5,148.0,0.0,0.0,256.0,65.0,0.0,0.0,78.0,83.0,0.0,0.0,12.0,32.0,0.0,0.0,4.0,0.0,0.0,0.0,12.0,0.0,0.0,0.0,4.0
C2_p3__lamarckian__s11,C2_p3__lamarckian,C2_p3,C2,lamarckian,11,1700,eval,37,4.891891891891892,4,4,38.6489609436955,0.9375,0.5,153.0,0.0,0.0,183.0,88.0,0.0,0.0,78.0,80.0,0.0,0.0,12.0,33.0,0.0,0.0,6.0,0.0,0.0,0.0,12.0,0.0,0.0,0.0,6.0
C2_p3__lamarckian__s11,C2_p3__lamarckian,C2_p3,C2,lamarckian,11,1750,eval,35,4.942857142857143,4,6,55.49812513834132,0.9583333333333334,0.5,106.0,0.0,0.0,271.0,52.0,0.0,0.0,85.0,63.0,0.0,0.0,13.0,26.0,0.0,0.0,6.0,0.0,0.0,0.0,13.0,0.0,0.0,0.0,6.0
C2_p3__lamarckian__s11,C2_p3__lamarckian,C2_p3,C2,lamarckian,11,1800,eval,33,5.090909090909091,3,5,51.96875946264604,0.9166666666666666,0.5,159.0,0.0,0.0,272.0,51.0,0.0,0.0,64.0,72.0,0.0,0.0,27.0,22.0,0.0,0.0,4.0,0.0,0.0,0.0,27.0,0.0,0.0,0.0,4.0
C2_p3__lamarckian__s12,C2_p3__lamarckian,C2_p3,C2,lamarckian,12,50,train,50,0.78,30,0,97.88545828673888,0.7916666666666666,0.5,185.0,0.0,0.0,282.0,70.0,0.0,0.0,0.0,40.0,0.0,0.0,30.0,24.0,0.0,0.0,0.0,0.0,0.0,0.0,30.0,0.0,0.0,0.0,0.0
C2_p3__lamarckian__s12,C2_p3__lamarckian,C2_p3,C2,lamarckian,12,100,train,50,0.8,3,3,65.92946375108095,0.875,0.5,302.0,0.0,0.0,183.0,50.0,0.0,0.0,0.0,52.0,0.0,0.0,27.0,22.0,0.0,0.0,0.0,0.0,0.0,0.0,27.0,0.0,0.0,0.0,0.0
C2_p3__lamarckian__s12,C2_p3__lamarckian,C2_p3,C2,lamarckian,12,150,train,50,0.74,5,5,92.73016751940989,0.8333333333333334,0.5,268.0,0.0,0.0,267.0,66.0,0.0,0.0,0.0,48.0,0.0,0.0,42.0,23.0,0.0,0.0,0.0,0.0,0.0,0.0,42.0,0.0,0.0,0.0,0.0
C2_p3__lamarckian__s12,C2_p3__lamarckian,C2_p3,C2,lamarckian,12,200,train,50,0.7,10,10,66.90261224178349,0.9166666666666666,0.5,224.0,0.0,0.0,338.0,88.0,0.0,0.0,0.0,56.0,0.0,0.0,35.0,27.0,0.0,0.0,0.0,0.0,0.0,0.0,35.0,0.0,0.0,0.0,0.0
C2_p3__lamarckian__s12,C2_p3__lamarckian,C2_p3,C2,lamarckian,12,250,train,50,0.72,3,3,98.7689575883569,0.75,0.5,268.0,0.0,0.0,237.0,75.0,0.0,0.0,0.0,69.0,0.0,0.0,23.0,26.0,0.0,0.0,0.0,0.0,0.0,0.0,23.0,0.0,0.0,0.0,0.0
C2_p3__lamarckian__s12,C2_p3__lamarckian,C2_p3,C2,lamarckian,12,300,train,50,0.72,2,2,62.653242703012864,0.9375,0.5,231.0,0.0,0.0,292.0,99.0,0.0,0.0,0.0,73.0,0.0,0.0,28.0,24.0,0.0,0.0,0.0,0.0,0.0,0.0,28.0,0.0,0.0,0.0,0.0
C2_p3__lamarckian__s12,C2_p3__lamarckian,C2_p3,C2,lamarckian,12,350,train,50,0.82,8,8,34.26980017621309,0.9791666666666666,0.5,272.0,0.0,0.0,350.0,122.0,0.0,0.0,0.0,74.0,0.0,0.0,28.0,38.0,0.0,0.0,0.0,0.0,0.0,0.0,28.0,0.0,0.0,0.0,0.0
C2_p3__lamarckian__s12,C2_p3__lamarckian,C2_p3,C2,lamarckian,12,400,train,50,0.92,4,4,57.65739541321051,0.9375,0.5,270.0,0.0,0.0,287.0,43.0,0.0,0.0,0.0,67.0,0.0,0.0,21.0,20.0,0.0,0.0,0.0,0.0,0.0,0.0,21.0,0.0,0.0,0.0,0.0
C2_p3__lamarckian__s12,C2_p3__lamarckian,C2_p3,C2,lamarckian,12,450,train,50,1.14,9,9,43.06595454921985,0.9791666666666666,0.5,239.0,0.0,0.0,347.0,64.0,0.0,0.0,0.0,73.0,0.0,0.0,23.0,22.0,0.0,0.0,0.0,0.0,0.0,0.0,23.0,0.0,0.0,0.0,0.0
C2_p3__lamarckian__s12,C2_p3__lamarckian,C2_p3,C2,lamarckian,12,500,train,45,1.511111111111111,14,19,42.79269394379237,0.9583333333333334,0.5,215.0,0.0,0.0,273.0,48.0,0.0,0.0,0.0,73.0,0.0,0.0,15.0,25.0,0.0,0.0,0.0,0.0,0.0,0.0,15.0,0.0,0.0,0.0,0.0
C2_p3__lamarckian__s12,C2_p3__lamarckian,C2_p3,C2,lamarckian,12,550,train,44,1.8181818181818181,16,17,85.93333065726148,0.8541666666666666,0.5,159.0,0.0,0.0,304.0,41.0,0.0,0.0,0.0,53.0,0.0,0.0,24.0,26.0,0.0,0.0,0.0,0.0,0.0,0.0,24.0,0.0,0.0,0.0,0.0
C2_p3__lamarckian__s12,C2_p3__lamarckian,C2_p3,C2,lamarckian,12,600,train,48,2.0,9,5,57.85163897758638,0.9166666666666666,0.5,191.0,0.0,0.0,302.0,83.0,0.0,0.0,0.0,74.0,0.0,0.0,22.0,29.0,0.0,0.0,0.0,0.0,0.0,0.0,22.0,0.0,0.0,0.0,0.0
C2_p3__lamarckian__s12,C2_p3__lamarckian,C2_p3,C2,lamarckian,12,650,train,46,2.217391304347826,8,10,38.96670793637691,0.9583333333333334,0.5,290.0,0.0,0.0,300.0,73.0,0.0,0.0,0.0,76.0,0.0,0.0,20.0,35.0,0.0,0.0,0.0,0.0,0.0,0.0,20.0,0.0,0.0,0.0,0.0
C2_p3__lamarckian__s12,C2_p3__lamarckian,C2_p3,C2,lamarckian,12,700,train,39,2.358974358974359,2,9,54.432291829326516,1.0,0.5,223.0,0.0,0.0,257.0,88.0,0.0,0.0,0.0,69.0,0.0,0.0,24.0,26.0,0.0,0.0,0.0,0.0,0.0,0.0,24.0,0.0,0.0,0.0,0.0
C2_p3__lamarckian__s12,C2_p3__lamarckian,C2_p3,C2,lamarckian,12,750,train,42,2.4761904761904763,7,4,51.610394151107904,0.9791666666666666,0.5,225.0,0.0,0.0,228.0,62.0,0.0,0.0,0.0,84.0,0.0,0.0,22.0,29.0,0.0,0.0,0.0,0.0,0.0,0.0,22.0,0.0,0.0,0.0,0.0
C2_p3__lamarckian__s12,C2_p3__lamarckian,C2_p3,C2,lamarckian,12,800,train,40,2.575,6,8,48.04391225603642,0.9583333333333334,0.5,225.0,0.0,0.0,229.0,83.0,0.0,0.0,0.0,82.0,0.0,0.0,19.0,32.0,0.0,0.0,0.0,0.0,0.0,0.0,19.0,0.0,0.0,0.0,0.0
C2_p3__lamarckian__s12,C2_p3__lamarckian,C2_p3,C2,lamarckian,12,850,train,42,2.7142857142857144,8,6,56.654005028405436,0.9791666666666666,0.5,223.0,0.0,0.0,332.0,78.0,0.0,0.0,0.0,77.0,0.0,0.0,20.0,31.0,0.0,0.0,0.0,0.0,0.0,0.0,20.0,0.0,0.0,0.0,0.0
C2_p3__lamarckian__s12,C2_p3__lamarckian,C2_p3,C2,lamarckian,12,900,train,38,2.736842105263158,6,10,62.58377661575743,0.9583333333333334,0.5,215.0,0.0,0.0,359.0,74.0,0.0,0.0,0.0,79.0,0.0,0.0,25.0,26.0,0.0,0.0,0.0,0.0,0.0,0.0,25.0,0.0,0.0,0.0,0.0
C2_p3__lamarckian__s12,C2_p3__lamarckian,C2_p3,C2,lamarckian,12,950,train,38,2.973684210526316,6,6,46.59299291424756,0.9166666666666666,0.5,149.0,0.0,0.0,256.0,63.0,0.0,0.0,0.0,85.0,0.0,0.0,21.0,32.0,0.0,0.0,0.0,0.0,0.0,0.0,21.0,0.0,0.0,0.0,0.0
C2_p3__lamarckian__s12,C2_p3__lamarckian,C2_p3,C2,lamarckian,12,1000,train,39,3.1794871794871793,8,7,63.95937564407339,0.9166666666666666,0.5,159.0,0.0,0.0,329.0,76.0,0.0,0.0,0.0,84.0,0.0,0.0,9.0,29.0,0.0,0.0,0.0,0.0,0.0,0.0,9.0,0.0,0.0,0.0,0.0
C2_p3__lamarckian__s12,C2_p3__lamarckian,C2_p3,C2,lamarckian,12,1050,train,39,3.4358974358974357,6,6,55.40572304941597,0.9166666666666666,0.5,133.0,0.0,0.0,298.0,98.0,0.0,0.0,0.0,76.0,0.0,0.0,20.0,37.0,0.0,0.0,0.0,0.0,0.0,0.0,20.0,0.0,0.0,0.0,0.0
C2_p3__lamarckian__s12,C2_p3__lamarckian,C2_p3,C2,lamarckian,12,1100,train,35,3.4285714285714284,3,7,53.11005007304453,0.9583333333333334,0.5,186.0,0.0,0.0,194.0,89.0,0.0,0.0,0.0,82.0,0.0,0.0,14.0,28.0,0.0,0.0,0.0,0.0,0.0,0.0,14.0,0.0,0.0,0.0,0.0
C2_p3__lamarckian__s12,C2_p3__lamarckian,C2_p3,C2,lamarckian,12,1150,train,37,3.5675675675675675,8,6,29.879635400005053,0.9791666666666666,0.5,163.0,0.0,0.0,274.0,53.0,0.0,0.0,0.0,90.0,0.0,0.0,16.0,32.0,0.0,0.0,0.0,0.0,0.0,0.0,16.0,0.0,0.0,0.0,0.0
C2_p3__lamarckian__s12,C2_p3__lamarckian,C2_p3,C2,lamarckian,12,1200,train,39,3.641025641025641,6,4,53.64975351155475,0.9791666666666666,0.5,186.0,0.0,0.0,303.0,76.0,0.0,0.0,0.0,85.0,0.0,0.0,14.0,25.0,0.0,0.0,0.0,0.0,0.0,0.0,14.0,0.0,0.0,0.0,0.0
C2_p3__lamarckian__s12,C2_p3__lamarckian,C2_p3,C2,lamarckian,12,1250,train,41,3.8292682926829267,6,4,65.4308313872882,0.8958333333333334,0.5,174.0,0.0,0.0,230.0,51.0,0.0,0.0,0.0,70.0,0.0,0.0,17.0,30.0,0.0,0.0,0.0,0.0,0.0,0.0,17.0,0.0,0.0,0.0,0.0
C2_p3__lamarckian__s12,C2_p3__lamarckian,C2_p3,C2,lamarckian,12,1300,train,38,3.8421052631578947,5,8,65.2348686164978,0.9791666666666666,0.5,150.0,0.0,0.0,312.0,72.0,0.0,0.0,0.0,71.0,0.0,0.0,21.0,27.0,0.0,0.0,0.0,0.0,0.0,0.0,21.0,0.0,0.0,0.0,0.0
C2_p3__lamarckian__s12,C2_p3__lamarckian,C2_p3,C2,lamarckian,12,1350,train,37,3.972972972972973,6,7,51.50066900487323,0.9791666666666666,0.5,163.0,0.0,0.0,319.0,81.0,0.0,0.0,0.0,82.0,0.0,0.0,22.0,35.0,0.0,0.0,0.0,0.0,0.0,0.0,22.0,0.0,0.0,0.0,0.0
C2_p3__lamarckian__s12,C2_p3__lamarckian,C2_p3,C2,lamarckian,12,1400,train,37,4.108108108108108,4,4,52.724916352142785,0.9166666666666666,0.5,148.0,0.0,0.0,305.0,55.0,0.0,0.0,0.0,83.0,0.0,0.0,15.0,29.0,0.0,0.0,0.0,0.0,0.0,0.0,15.0,0.0,0.0,0.0,0.0
C2_p3__lamarckian__s12,C2_p3__lamarckian,C2_p3,C2,lamarckian,12,1450,train,39,4.230769230769231,6,4,38.258746411546326,0.9583333333333334,0.5,180.0,0.0,0.0,225.0,76.0,0.0,0.0,0.0,87.0,0.0,0.0,16.0,34.0,0.0,0.0,0.0,0.0,0.0,0.0,16.0,0.0,0.0,0.0,0.0
C2_p3__lamarckian__s12,C2_p3__lamarckian,C2_p3,C2,lamarckian,12,1500,train,39,4.333333333333333,5,5,55.99721536344063,0.8958333333333334,0.5,149.0,0.0,0.0,287.0,81.0,0.0,0.0,0.0,68.0,0.0,0.0,21.0,34.0,0.0,0.0,0.0,0.0,0.0,0.0,21.0,0.0,0.0,0.0,0.0
C2_p3__lamarckian__s12,C2_p3__lamarckian,C2_p3,C2,lamarckian,12,1550,eval,50,4.62,15,4,55.09023716187597,0.9375,0.5,184.0,0.0,0.0,409.0,64.0,0.0,0.0,18.0,87.0,0.0,0.0,19.0,25.0,0.0,0.0,1.0,0.0,0.0,0.0,19.0,0.0,0.0,0.0,1.0
C2_p3__lamarckian__s12,C2_p3__lamarckian,C2_p3,C2,lamarckian,12,1600,eval,48,4.770833333333333,6,8,33.984335123242886,0.9791666666666666,0.5,170.0,0.0,0.0,239.0,75.0,0.0,0.0,114.0,78.0,0.0,0.0,13.0,27.0,0.0,0.0,7.0,0.0,0.0,0.0,13.0,0.0,0.0,0.0,7.0
C2_p3__lamarckian__s12,C2_p3__lamarckian,C2_p3,C2,lamarckian,12,1650,eval,39,4.871794871794871,4,13,55.24418038761555,0.9166666666666666,0.5,192.0,0.0,0.0,250.0,61.0,0.0,0.0,123.0,81.0,0.0,0.0,17.0,28.0,0.0,0.0,2.0,0.0,0.0,0.0,17.0,0.0,0.0,0.0,2.0
C2_p3__lamarckian__s12,C2_p3__lamarckian,C2_p3,C2,lamarckian,12,1700,eval,39,5.051282051282051,6,6,55.669088703624325,0.9583333333333334,0.5,194.0,0.0,0.0,375.0,56.0,0.0,0.0,98.0,86.0,0.0,0.0,16.0,23.0,0.0,0.0,8.0,0.0,0.0,0.0,16.0,0.0,0.0,0.0,8.0
C2_p3__lamarckian__s12,C2_p3__lamarckian,C2_p3,C2,lamarckian,12,1750,eval,43,5.3023255813953485,10,6,49.107036285442945,0.9375,0.5,225.0,0.0,0.0,269.0,55.0,0.0,0.0,63.0,102.0,0.0,0.0,11.0,22.0,0.0,0.0,5.0,0.0,0.0,0.0,11.0,0.0,0.0,0.0,5.0
C2_p3__lamarckian__s12,C2_p3__lamarckian,C2_p3,C2,lamarckian,12,1800,eval,40,5.375,4,7,63.5028358458534,0.9375,0.5,207.0,0.0,0.0,323.0,64.0,0.0,0.0,53.0,86.0,0.0,0.0,14.0,26.0,0.0,0.0,3.0,0.0,0.0,0.0,14.0,0.0,0.0,0.0,3.0
C2_p3__lamarckian__s13,C2_p3__lamarckian,C2_p3,C2,lamarckian,13,50,train,50,0.86,30,0,87.81733279659834,0.8125,0.5,194.0,0.0,0.0,301.0,28.0,0.0,0.0,0.0,46.0,0.0,0.0,44.0,11.0,0.0,0.0,0.0,0.0,0.0,0.0,44.0,0.0,0.0,0.0,0.0
C2_p3__lamarckian__s13,C2_p3__lamarckian,C2_p3,C2,lamarckian,13,100,train,50,0.82,2,2,51.94041136318589,0.9375,0.5,256.0,0.0,0.0,336.0,57.0,0.0,0.0,0.0,49.0,0.0,0.0,44.0,13.0,0.0,0.0,0.0,0.0,0.0,0.0,44.0,0.0,0.0,0.0,0.0
C2_p3__lamarckian__s13,C2_p3__lamarckian,C2_p3,C2,lamarckian,13,150,train,50,0.96,14,14,56.22124485257578,0.8958333333333334,0.5,348.0,0.0,0.0,421.0,81.0,0.0,0.0,0.0,55.0,0.0,0.0,33.0,22.0,0.0,0.0,0.0,0.0,0.0,0.0,33.0,0.0,0.0,0.0,0.0
C2_p3__lamarckian__s13,C2_p3__lamarckian,C2_p3,C2,lamarckian,13,200,train,50,1.02,9,9,77.19551036266235,0.8541666666666666,0.5,388.0,0.0,0.0,423.0,100.0,0.0,0.0,0.0,66.0,0.0,0.0,37.0,13.0,0.0,0.0,0.0,0.0,0.0,0.0,37.0,0.0,0.0,0.0,0.0
C2_p3__lamarckian__s13,C2_p3__lamarckian,C2_p3,C2,lamarckian,13,250,train,50,0.98,6,6,41.88608308179609,0.9375,0.5,377.0,0.0,0.0,452.0,111.0,0.0,0.0,0.0,76.0,0.0,0.0,29.0,17.0,0.0,0.0,0.0,0.0,0.0,0.0,29.0,0.0,0.0,0.0,0.0
C2_p3__lamarckian__s13,C2_p3__lamarckian,C2_p3,C2,lamarckian,13,300,train,50,1.04,10,10,67.58564205913837,0.875,0.5,316.0,0.0,0.0,574.0,87.0,0.0,0.0,0.0,60.0,0.0,0.0,27.0,15.0,0.0,0.0,0.0,0.0,0.0,0.0,27.0,0.0,0.0,0.0,0.0
C2_p3__lamarckian__s13,C2_p3__lamarckian,C2_p3,C2,lamarckian,13,350,train,50,1.1,13,13,38.994326362722035,0.9583333333333334,0.5,221.0,0.0,0.0,493.0,108.0,0.0,0.0,0.0,66.0,0.0,0.0,33.0,29.0,0.0,0.0,0.0,0.0,0.0,0.0,33.0,0.0,0.0,0.0,0.0
C2_p3__lamarckian__s13,C2_p3__lamarckian,C2_p3,C2,lamarckian,13,400,train,50,1.2,9,9,44.231297364874294,0.9791666666666666,0.5,268.0,0.0,0.0,377.0,73.0,0.0,0.0,0.0,75.0,0.0,0.0,14.0,18.0,0.0,0.0,0.0,0.0,0.0,0.0,14.0,0.0,0.0,0.0,0.0
C2_p3__lamarckian__s13,C2_p3__lamarckian,C2_p3,C2,lamarckian,13,450,train,42,1.3333333333333333,6,14,81.12214992131666,0.8958333333333334,0.5,216.0,0.0,0.0,311.0,23.0,0.0,0.0,0.0,75.0,0.0,0.0,18.0,12.0,0.0,0.0,0.0,0.0,0.0,0.0,18.0,0.0,0.0,0.0,0.0
C2_p3__lamarckian__s13,C2_p3__lamarckian,C2_p3,C2,lamarckian,13,500,train,34,1.6470588235294117,10,18,47.500497703945946,0.9583333333333334,0.5,244.0,0.0,0.0,359.0,43.0,0.0,0.0,0.0,87.0,0.0,0.0,18.0,24.0,0.0,0.0,0.0,0.0,0.0,0.0,18.0,0.0,0.0,0.0,0.0
C2_p3__lamarckian__s13,C2_p3__lamarckian,C2_p3,C2,lamarckian,13,550,train,36,1.9444444444444444,10,8,60.997599934860574,0.8958333333333334,0.5,185.0,0.0,0.0,237.0,44.0,0.0,0.0,0.0,87.0,0.0,0.0,17.0,20.0,0.0,0.0,0.0,0.0,0.0,0.0,17.0,0.0,0.0,0.0,0.0
C2_p3__lamarckian__s13,C2_p3__lamarckian,C2_p3,C2,lamarckian,13,600,train,39,2.1025641025641026,7,4,55.158602327657036,0.9583333333333334,0.5,150.0,0.0,0.0,284.0,18.0,0.0,0.0,0.0,76.0,0.0,0.0,26.0,12.0,0.0,0.0,0.0,0.0,0.0,0.0,26.0,0.0,0.0,0.0,0.0
C2_p3__lamarckian__s13,C2_p3__lamarckian,C2_p3,C2,lamarckian,13,650,train,41,2.2195121951219514,6,4,63.848144175295225,0.9166666666666666,0.5,179.0,0.0,0.0,349.0,48.0,0.0,0.0,0.0,85.0,0.0,0.0,20.0,26.0,0.0,0.0,0.0,0.0,0.0,0.0,20.0,0.0,0.0,0.0,0.0
C2_p3__lamarckian__s13,C2_p3__lamarckian,C2_p3,C2,lamarckian,13,700,train,38,2.3421052631578947,6,9,64.31652038704517,0.8958333333333334,0.5,208.0,0.0,0.0,317.0,35.0,0.0,0.0,0.0,76.0,0.0,0.0,21.0,21.0,0.0,0.0,0.0,0.0,0.0,0.0,21.0,0.0,0.0,0.0,0.0
C2_p3__lamarckian__s13,C2_p3__lamarckian,C2_p3,C2,lamarckian,13,750,train,38,2.6052631578947367,5,5,63.92891666505969,0.9166666666666666,0.5,184.0,0.0,0.0,259.0,20.0,0.0,0.0,0.0,81.0,0.0,0.0,22.0,15.0,0.0,0.0,0.0,0.0,0.0,0.0,22.0,0.0,0.0,0.0,0.0
C2_p3__lamarckian__s13,C2_p3__lamarckian,C2_p3,C2,lamarckian,13,800,train,38,2.5789473684210527,6,6,36.40163075152046,0.9791666666666666,0.5,215.0,0.0,0.0,320.0,20.0,0.0,0.0,0.0,104.0,0.0,0.0,24.0,14.0,0.0,0.0,0.0,0.0,0.0,0.0,24.0,0.0,0.0,0.0,0.0
C2_p3__lamarckian__s13,C2_p3__lamarckian,C2_p3,C2,lamarckian,13,850,train,37,2.864864864864865,6,7,53.17599158376278,0.9583333333333334,0.5,167.0,0.0,0.0,213.0,32.0,0.0,0.0,0.0,85.0,0.0,0.0,16.0,22.0,0.0,0.0,0.0,0.0,0.0,0.0,16.0,0.0,0.0,0.0,0.0
C2_p3__lamarckian__s13,C2_p3__lamarckian,C2_p3,C2,lamarckian,13,900,train,37,3.027027027027027,6,6,30.03871887154194,0.9791666666666666,0.5,188.0,0.0,0.0,327.0,44.0,0.0,0.0,0.0,81.0,0.0,0.0,22.0,25.0,0.0,0.0,0.0,0.0,0.0,0.0,22.0,0.0,0.0,0.0,0.0
C2_p3__lamarckian__s13,C2_p3__lamarckian,C2_p3,C2,lamarckian,13,950,train,38,3.236842105263158,7,6,67.6578540992026,0.875,0.5,178.0,0.0,0.0,433.0,30.0,0.0,0.0,0.0,69.0,0.0,0.0,17.0,22.0,0.0,0.0,0.0,0.0,0.0,0.0,17.0,0.0,0.0,0.0,0.0
C2_p3__lamarckian__s13,C2_p3__lamarckian,C2_p3,C2,lamarckian,13,1000,train,39,3.641025641025641,6,5,23.78766160137871,1.0,0.5,214.0,0.0,0.0,334.0,36.0,0.0,0.0,0.0,96.0,0.0,0.0,23.0,24.0,0.0,0.0,0.0,0.0,0.0,0.0,23.0,0.0,0.0,0.0,0.0
C2_p3__lamarckian__s13,C2_p3__lamarckian,C2_p3,C2,lamarckian,13,1050,train,30,3.8333333333333335,3,12,61.56044269165727,0.9375,0.5,174.0,0.0,0.0,272.0,30.0,0.0,0.0,0.0,72.0,0.0,0.0,11.0,16.0,0.0,0.0,0.0,0.0,0.0,0.0,11.0,0.0,0.0,0.0,0.0
C2_p3__lamarckian__s13,C2_p3__lamarckian,C2_p3,C2,lamarckian,13,1100,train,35,4.171428571428572,9,4,58.35532230466228,1.0,0.5,175.0,0.0,0.0,346.0,40.0,0.0,0.0,0.0,85.0,0.0,0.0,20.0,27.0,0.0,0.0,0.0,0.0,0.0,0.0,20.0,0.0,0.0,0.0,0.0
C2_p3__lamarckian__s13,C2_p3__lamarckian,C2_p3,C2,lamarckian,13,1150,train,39,4.435897435897436,9,5,23.544433891434267,1.0,0.5,206.0,0.0,0.0,290.0,28.0,0.0,0.0,0.0,112.0,0.0,0.0,28.0,16.0,0.0,0.0,0.0,0.0,0.0,0.0,28.0,0.0,0.0,0.0,0.0
C2_p3__lamarckian__s13,C2_p3__lamarckian,C2_p3,C2,lamarckian,13,1200,train,37,4.486486486486487,2,4,60.89747248603258,0.9375,0.5,140.0,0.0,0.0,328.0,38.0,0.0,0.0,0.0,70.0,0.0,0.0,16.0,19.0,0.0,0.0,0.0,0.0,0.0,0.0,16.0,0.0,0.0,0.0,0.0
C2_p3__lamarckian__s13,C2_p3__lamarckian,C2_p3,C2,lamarckian,13,1250,train,32,4.84375,5,10,48.09638067146561,1.0,0.5,164.0,0.0,0.0,215.0,72.0,0.0,0.0,0.0,88.0,0.0,0.0,17.0,33.0,0.0,0.0,0.0,0.0,0.0,0.0,17.0,0.0,0.0,0.0,0.0
C2_p3__lamarckian__s13,C2_p3__lamarckian,C2_p3,C2,lamarckian,13,1300,train,37,5.108108108108108,9,4,72.79326913928776,0.8958333333333334,0.5,213.0,0.0,0.0,284.0,44.0,0.0,0.0,0.0,95.0,0.0,0.0,14.0,20.0,0.0,0.0,0.0,0.0,0.0,0.0,14.0,0.0,0.0,0.0,0.0
C2_p3__lamarckian__s13,C2_p3__lamarckian,C2_p3,C2,lamarckian,13,1350,train,42,5.142857142857143,10,5,52.004887985416204,0.9583333333333334,0.5,183.0,0.0,0.0,360.0,35.0,0.0,0.0,0.0,93.0,0.0,0.0,30.0,21.0,0.0,0.0,0.0,0.0,0.0,0.0,30.0,0.0,0.0,0.0,0.0
C2_p3__lamarckian__s13,C2_p3__lamarckian,C2_p3,C2,lamarckian,13,1400,train,40,5.4,4,6,52.08696968038812,0.9583333333333334,0.5,173.0,0.0,0.0,330.0,43.0,0.0,0.0,0.0,84.0,0.0,0.0,20.0,19.0,0.0,0.0,0.0,0.0,0.0,0.0,20.0,0.0,0.0,0.0,0.0
C2_p3__lamarckian__s13,C2_p3__lamarckian,C2_p3,C2,lamarckian,13,1450,train,38,5.552631578947368,5,7,30.891278803857173,0.9583333333333334,0.5,204.0,0.0,0.0,385.0,57.0,0.0,0.0,0.0,109.0,0.0,0.0,13.0,19.0,0.0,0.0,0.0,0.0,0.0,0.0,13.0,0.0,0.0,0.0,0.0
C2_p3__lamarckian__s13,C2_p3__lamarckian,C2_p3,C2,lamarckian,13,1500,train,30,5.633333333333334,2,10,46.640499001722944,0.9375,0.5,236.0,0.0,0.0,227.0,62.0,0.0,0.0,0.0,97.0,0.0,0.0,14.0,22.0,0.0,0.0,0.0,0.0,0.0,0.0,14.0,0.0,0.0,0.0,0.0
C2_p3__lamarckian__s13,C2_p3__lamarckian,C2_p3,C2,lamarckian,13,1550,eval,32,6.0,6,4,41.53156011978014,0.9791666666666666,0.5,173.0,0.0,0.0,304.0,16.0,0.0,0.0,26.0,84.0,0.0,0.0,24.0,12.0,0.0,0.0,3.0,0.0,0.0,0.0,24.0,0.0,0.0,0.0,3.0
C2_p3__lamarckian__s13,C2_p3__lamarckian,C2_p3,C2,lamarckian,13,1600,eval,34,5.911764705882353,5,3,59.7637637447994,0.9375,0.5,201.0,0.0,0.0,251.0,20.0,0.0,0.0,26.0,97.0,0.0,0.0,20.0,11.0,0.0,0.0,1.0,0.0,0.0,0.0,20.0,0.0,0.0,0.0,1.0
C2_p3__lamarckian__s13,C2_p3__lamarckian,C2_p3,C2,lamarckian,13,1650,eval,31,5.806451612903226,4,7,48.99934155616761,1.0,0.5,150.0,0.0,0.0,255.0,23.0,0.0,0.0,23.0,76.0,0.0,0.0,20.0,15.0,0.0,0.0,1.0,0.0,0.0,0.0,20.0,0.0,0.0,0.0,1.0
C2_p3__lamarckian__s13,C2_p3__lamarckian,C2_p3,C2,lamarckian,13,1700,eval,37,6.027027027027027,10,4,50.030703772008934,0.9375,0.5,225.0,0.0,0.0,250.0,26.0,0.0,0.0,39.0,105.0,0.0,0.0,9.0,13.0,0.0,0.0,2.0,0.0,0.0,0.0,9.0,0.0,0.0,0.0,2.0
C2_p3__lamarckian__s13,C2_p3__lamarckian,C2_p3,C2,lamarckian,13,1750,eval,41,6.219512195121951,6,2,35.50947857089058,1.0,0.5,213.0,0.0,0.0,306.0,44.0,0.0,0.0,47.0,98.0,0.0,0.0,17.0,12.0,0.0,0.0,5.0,0.0,0.0,0.0,17.0,0.0,0.0,0.0,5.0
C2_p3__lamarckian__s13,C2_p3__lamarckian,C2_p3,C2,lamarckian,13,1800,eval,31,6.258064516129032,2,12,61.4652971614445,0.9791666666666666,0.5,170.0,0.0,0.0,240.0,46.0,0.0,0.0,29.0,69.0,0.0,0.0,14.0,17.0,0.0,0.0,2.0,0.0,0.0,0.0,14.0,0.0,0.0,0.0,2.0
C2_p3__lamarckian__s14,C2_p3__lamarckian,C2_p3,C2,lamarckian,14,50,train,50,0.72,30,0,96.61658978564313,0.7708333333333334,0.5,234.0,0.0,0.0,240.0,168.0,0.0,0.0,0.0,38.0,0.0,0.0,36.0,32.0,0.0,0.0,0.0,0.0,0.0,0.0,36.0,0.0,0.0,0.0,0.0
C2_p3__lamarckian__s14,C2_p3__lamarckian,C2_p3,C2,lamarckian,14,100,train,50,0.7,2,2,78.45579485644771,0.875,0.5,271.0,0.0,0.0,352.0,131.0,0.0,0.0,0.0,36.0,0.0,0.0,46.0,29.0,0.0,0.0,0.0,0.0,0.0,0.0,46.0,0.0,0.0,0.0,0.0
C2_p3__lamarckian__s14,C2_p3__lamarckian,C2_p3,C2,lamarckian,14,150,train,50,0.78,8,8,83.85990650624018,0.8125,0.5,367.0,0.0,0.0,453.0,109.0,0.0,0.0,0.0,62.0,0.0,0.0,26.0,35.0,0.0,0.0,0.0,0.0,0.0,0.0,26.0,0.0,0.0,0.0,0.0
C2_p3__lamarckian__s14,C2_p3__lamarckian,C2_p3,C2,lamarckian,14,200,train,50,0.78,9,9,47.035167580884774,0.9375,0.5,327.0,0.0,0.0,323.0,119.0,0.0,0.0,0.0,69.0,0.0,0.0,23.0,37.0,0.0,0.0,0.0,0.0,0.0,0.0,23.0,0.0,0.0,0.0,0.0
C2_p3__lamarckian__s14,C2_p3__lamarckian,C2_p3,C2,lamarckian,14,250,train,50,0.78,6,6,68.28734254507228,0.9166666666666666,0.5,309.0,0.0,0.0,212.0,82.0,0.0,0.0,0.0,56.0,0.0,0.0,21.0,30.0,0.0,0.0,0.0,0.0,0.0,0.0,21.0,0.0,0.0,0.0,0.0
C2_p3__lamarckian__s14,C2_p3__lamarckian,C2_p3,C2,lamarckian,14,300,train,50,0.78,7,7,48.08113917261197,0.9791666666666666,0.5,222.0,0.0,0.0,268.0,71.0,0.0,0.0,0.0,61.0,0.0,0.0,24.0,43.0,0.0,0.0,0.0,0.0,0.0,0.0,24.0,0.0,0.0,0.0,0.0
C2_p3__lamarckian__s14,C2_p3__lamarckian,C2_p3,C2,lamarckian,14,350,train,50,0.78,4,4,36.945823579088774,0.9583333333333334,0.5,298.0,0.0,0.0,330.0,132.0,0.0,0.0,0.0,72.0,0.0,0.0,28.0,35.0,0.0,0.0,0.0,0.0,0.0,0.0,28.0,0.0,0.0,0.0,0.0
C2_p3__lamarckian__s14,C2_p3__lamarckian,C2_p3,C2,lamarckian,14,400,train,50,0.76,5,5,42.97073101219264,0.9791666666666666,0.5,261.0,0.0,0.0,335.0,54.0,0.0,0.0,0.0,67.0,0.0,0.0,29.0,31.0,0.0,0.0,0.0,0.0,0.0,0.0,29.0,0.0,0.0,0.0,0.0
C2_p3__lamarckian__s14,C2_p3__lamarckian,C2_p3,C2,lamarckian,14,450,train,50,0.78,6,6,42.33869401253317,0.9583333333333334,0.5,230.0,0.0,0.0,302.0,68.0,0.0,0.0,0.0,65.0,0.0,0.0,21.0,34.0,0.0,0.0,0.0,0.0,0.0,0.0,21.0,0.0,0.0,0.0,0.0
C2_p3__lamarckian__s14,C2_p3__lamarckian,C2_p3,C2,lamarckian,14,500,train,43,1.1627906976744187,9,16,56.37498675495232,0.9583333333333334,0.5,257.0,0.0,0.0,423.0,84.0,0.0,0.0,0.0,58.0,0.0,0.0,18.0,38.0,0.0,0.0,0.0,0.0,0.0,0.0,18.0,0.0,0.0,0.0,0.0
C2_p3__lamarckian__s14,C2_p3__lamarckian,C2_p3,C2,lamarckian,14,550,train,49,1.5714285714285714,20,14,67.5886970384467,0.9166666666666666,0.5,168.0,0.0,0.0,372.0,40.0,0.0,0.0,0.0,58.0,0.0,0.0,27.0,29.0,0.0,0.0,0.0,0.0,0.0,0.0,27.0,0.0,0.0,0.0,0.0
C2_p3__lamarckian__s14,C2_p3__lamarckian,C2_p3,C2,lamarckian,14,600,train,43,1.6046511627906976,3,9,44.10485552368711,0.9583333333333334,0.5,159.0,0.0,0.0,281.0,105.0,0.0,0.0,0.0,63.0,0.0,0.0,27.0,43.0,0.0,0.0,0.0,0.0,0.0,0.0,27.0,0.0,0.0,0.0,0.0
C2_p3__lamarckian__s14,C2_p3__lamarckian,C2_p3,C2,lamarckian,14,650,train,33,1.6666666666666667,6,16,51.275409067903766,0.9375,0.5,170.0,0.0,0.0,276.0,94.0,0.0,0.0,0.0,62.0,0.0,0.0,28.0,43.0,0.0,0.0,0.0,0.0,0.0,0.0,28.0,0.0,0.0,0.0,0.0
C2_p3__lamarckian__s14,C2_p3__lamarckian,C2_p3,C2,lamarckian,14,700,train,32,1.875,6,7,69.72111602405806,0.8541666666666666,0.5,195.0,0.0,0.0,207.0,79.0,0.0,0.0,0.0,69.0,0.0,0.0,22.0,38.0,0.0,0.0,0.0,0.0,0.0,0.0,22.0,0.0,0.0,0.0,0.0
C2_p3__lamarckian__s14,C2_p3__lamarckian,C2_p3,C2,lamarckian,14,750,train,42,2.0714285714285716,12,2,47.0400364925915,0.9375,0.5,164.0,0.0,0.0,263.0,63.0,0.0,0.0,0.0,72.0,0.0,0.0,16.0,39.0,0.0,0.0,0.0,0.0,0.0,0.0,16.0,0.0,0.0,0.0,0.0
C2_p3__lamarckian__s14,C2_p3__lamarckian,C2_p3,C2,lamarckian,14,800,train,47,2.234042553191489,8,3,48.67009680786389,0.9583333333333334,0.5,150.0,0.0,0.0,294.0,45.0,0.0,0.0,0.0,66.0,0.0,0.0,22.0,29.0,0.0,0.0,0.0,0.0,0.0,0.0,22.0,0.0,0.0,0.0,0.0
C2_p3__lamarckian__s14,C2_p3__lamarckian,C2_p3,C2,lamarckian,14,850,train,47,2.425531914893617,9,9,76.93601996105772,0.875,0.5,143.0,0.0,0.0,286.0,56.0,0.0,0.0,0.0,73.0,0.0,0.0,21.0,32.0,0.0,0.0,0.0,0.0,0.0,0.0,21.0,0.0,0.0,0.0,0.0
C2_p3__lamarckian__s14,C2_p3__lamarckian,C2_p3,C2,lamarckian,14,900,train,48,2.6041666666666665,6,5,67.58035538679462,0.9375,0.5,171.0,0.0,0.0,381.0,114.0,0.0,0.0,0.0,60.0,0.0,0.0,25.0,46.0,0.0,0.0,0.0,0.0,0.0,0.0,25.0,0.0,0.0,0.0,0.0
C2_p3__lamarckian__s14,C2_p3__lamarckian,C2_p3,C2,lamarckian,14,950,train,47,2.617021276595745,3,4,45.60108896828366,0.9791666666666666,0.5,165.0,0.0,0.0,292.0,104.0,0.0,0.0,0.0,70.0,0.0,0.0,26.0,51.0,0.0,0.0,0.0,0.0,0.0,0.0,26.0,0.0,0.0,0.0,0.0
C2_p3__lamarckian__s14,C2_p3__lamarckian,C2_p3,C2,lamarckian,14,1000,train,38,2.5789473684210527,4,13,42.732529543665045,0.9583333333333334,0.5,154.0,0.0,0.0,235.0,66.0,0.0,0.0,0.0,75.0,0.0,0.0,16.0,40.0,0.0,0.0,0.0,0.0,0.0,0.0,16.0,0.0,0.0,0.0,0.0
C2_p3__lamarckian__s14,C2_p3__lamarckian,C2_p3,C2,lamarckian,14,1050,train,30,2.8333333333333335,7,15,51.05058829904161,0.9791666666666666,0.5,173.0,0.0,0.0,296.0,90.0,0.0,0.0,0.0,70.0,0.0,0.0,18.0,43.0,0.0,0.0,0.0,0.0,0.0,0.0,18.0,0.0,0.0,0.0,0.0
C2_p3__lamarckian__s14,C2_p3__lamarckian,C2_p3,C2,lamarckian,14,1100,train,40,3.125,14,4,50.81095306771101,0.9791666666666666,0.5,164.0,0.0,0.0,202.0,58.0,0.0,0.0,0.0,63.0,0.0,0.0,22.0,38.0,0.0,0.0,0.0,0.0,0.0,0.0,22.0,0.0,0.0,0.0,0.0
C2_p3__lamarckian__s14,C2_p3__lamarckian,C2_p3,C2,lamarckian,14,1150,train,44,3.2954545454545454,7,3,51.60758525076239,0.9375,0.5,215.0,0.0,0.0,267.0,84.0,0.0,0.0,0.0,80.0,0.0,0.0,19.0,33.0,0.0,0.0,0.0,0.0,0.0,0.0,19.0,0.0,0.0,0.0,0.0
C2_p3__lamarckian__s14,C2_p3__lamarckian,C2_p3,C2,lamarckian,14,1200,train,42,3.4047619047619047,4,6,49.29656703817159,0.9583333333333334,0.5,247.0,0.0,0.0,333.0,73.0,0.0,0.0,0.0,81.0,0.0,0.0,21.0,34.0,0.0,0.0,0.0,0.0,0.0,0.0,21.0,0.0,0.0,0.0,0.0
C2_p3__lamarckian__s14,C2_p3__lamarckian,C2_p3,C2,lamarckian,14,1250,train,42,3.4047619047619047,3,3,61.93638603458256,0.9375,0.5,191.0,0.0,0.0,269.0,65.0,0.0,0.0,0.0,81.0,0.0,0.0,14.0,44.0,0.0,0.0,0.0,0.0,0.0,0.0,14.0,0.0,0.0,0.0,0.0
C2_p3__lamarckian__s14,C2_p3__lamarckian,C2_p3,C2,lamarckian,14,1300,train,43,3.604651162790698,8,7,44.72505657012658,0.9583333333333334,0.5,181.0,0.0,0.0,294.0,106.0,0.0,0.0,0.0,83.0,0.0,0.0,12.0,45.0,0.0,0.0,0.0,0.0,0.0,0.0,12.0,0.0,0.0,0.0,0.0
C2_p3__lamarckian__s14,C2_p3__lamarckian,C2_p3,C2,lamarckian,14,1350,train,38,3.736842105263158,5,10,50.315661904323505,0.9166666666666666,0.5,161.0,0.0,0.0,225.0,80.0,0.0,0.0,0.0,69.0,0.0,0.0,17.0,38.0,0.0,0.0,0.0,0.0,0.0,0.0,17.0,0.0,0.0,0.0,0.0
C2_p3__lamarckian__s14,C2_p3__lamarckian,C2_p3,C2,lamarckian,14,1400,train,34,3.764705882352941,0,4,61.7108809122953,0.9166666666666666,0.5,190.0,0.0,0.0,257.0,87.0,0.0,0.0,0.0,76.0,0.0,0.0,17.0,38.0,0.0,0.0,0.0,0.0,0.0,0.0,17.0,0.0,0.0,0.0,0.0
C2_p3__lamarckian__s14,C2_p3__lamarckian,C2_p3,C2,lamarckian,14,1450,train,32,3.84375,4,6,58.03740639328281,0.9375,0.5,188.0,0.0,0.0,254.0,76.0,0.0,0.0,0.0,75.0,0.0,0.0,19.0,39.0,0.0,0.0,0.0,0.0,0.0,0.0,19.0,0.0,0.0,0.0,0.0
C2_p3__lamarckian__s14,C2_p3__lamarckian,C2_p3,C2,lamarckian,14,1500,train,37,4.27027027027027,11,6,41.10555706231422,0.9375,0.5,113.0,0.0,0.0,296.0,113.0,0.0,0.0,0.0,70.0,0.0,0.0,9.0,53.0,0.0,0.0,0.0,0.0,0.0,0.0,9.0,0.0,0.0,0.0,0.0
C2_p3__lamarckian__s14,C2_p3__lamarckian,C2_p3,C2,lamarckian,14,1550,eval,34,4.382352941176471,4,7,50.924445013057706,0.9791666666666666,0.5,170.0,0.0,0.0,231.0,47.0,0.0,0.0,65.0,70.0,0.0,0.0,16.0,21.0,0.0,0.0,3.0,0.0,0.0,0.0,16.0,0.0,0.0,0.0,3.0
C2_p3__lamarckian__s14,C2_p3__lamarckian,C2_p3,C2,lamarckian,14,1600,eval,30,4.7,9,13,75.68205145855222,0.8958333333333334,0.5,134.0,0.0,0.0,365.0,54.0,0.0,0.0,68.0,59.0,0.0,0.0,24.0,30.0,0.0,0.0,13.0,0.0,0.0,0.0,24.0,0.0,0.0,0.0,13.0
C2_p3__lamarckian__s14,C2_p3__lamarckian,C2_p3,C2,lamarckian,14,1650,eval,33,4.848484848484849,7,4,57.91274429881628,0.9583333333333334,0.5,136.0,0.0,0.0,201.0,93.0,0.0,0.0,36.0,60.0,0.0,0.0,19.0,37.0,0.0,0.0,8.0,0.0,0.0,0.0,19.0,0.0,0.0,0.0,8.0
C2_p3__lamarckian__s14,C2_p3__lamarckian,C2_p3,C2,lamarckian,14,1700,eval,40,4.975,8,1,56.660535469168565,0.8958333333333334,0.5,135.0,0.0,0.0,248.0,70.0,0.0,0.0,66.0,78.0,0.0,0.0,10.0,30.0,0.0,0.0,8.0,0.0,0.0,0.0,10.0,0.0,0.0,0.0,8.0
C2_p3__lamarckian__s14,C2_p3__lamarckian,C2_p3,C2,lamarckian,14,1750,eval,37,5.108108108108108,5,8,64.7443770094082,0.8541666666666666,0.5,137.0,0.0,0.0,353.0,75.0,0.0,0.0,99.0,63.0,0.0,0.0,14.0,24.0,0.0,0.0,15.0,0.0,0.0,0.0,14.0,0.0,0.0,0.0,15.0
C2_p3__lamarckian__s14,C2_p3__lamarckian,C2_p3,C2,lamarckian,14,1800,eval,34,5.4411764705882355,7,10,54.98190726932934,0.9375,0.5,112.0,0.0,0.0,259.0,42.0,0.0,0.0,30.0,72.0,0.0,0.0,17.0,26.0,0.0,0.0,3.0,0.0,0.0,0.0,17.0,0.0,0.0,0.0,3.0
C2_p3__lamarckian__s15,C2_p3__lamarckian,C2_p3,C2,lamarckian,15,50,train,50,0.76,30,0,31.35140399610032,0.9583333333333334,0.5,237.0,0.0,0.0,214.0,76.0,0.0,0.0,0.0,55.0,0.0,0.0,52.0,16.0,0.0,0.0,0.0,0.0,0.0,0.0,52.0,0.0,0.0,0.0,0.0
C2_p3__lamarckian__s15,C2_p3__lamarckian,C2_p3,C2,lamarckian,15,100,train,50,0.8,5,5,47.48844034183587,0.9375,0.5,291.0,0.0,0.0,338.0,149.0,0.0,0.0,0.0,65.0,0.0,0.0,31.0,17.0,0.0,0.0,0.0,0.0,0.0,0.0,31.0,0.0,0.0,0.0,0.0
C2_p3__lamarckian__s15,C2_p3__lamarckian,C2_p3,C2,lamarckian,15,150,train,50,0.82,9,9,70.32037502782035,0.9166666666666666,0.5,346.0,0.0,0.0,509.0,144.0,0.0,0.0,0.0,61.0,0.0,0.0,40.0,9.0,0.0,0.0,0.0,0.0,0.0,0.0,40.0,0.0,0.0,0.0,0.0
C2_p3__lamarckian__s15,C2_p3__lamarckian,C2_p3,C2,lamarckian,15,200,train,50,0.84,8,8,74.76052963128345,0.875,0.5,281.0,0.0,0.0,410.0,77.0,0.0,0.0,0.0,69.0,0.0,0.0,33.0,14.0,0.0,0.0,0.0,0.0,0.0,0.0,33.0,0.0,0.0,0.0,0.0
C2_p3__lamarckian__s15,C2_p3__lamarckian,C2_p3,C2,lamarckian,15,250,train,50,0.86,6,6,61.36006298304466,0.9375,0.5,350.0,0.0,0.0,300.0,74.0,0.0,0.0,0.0,91.0,0.0,0.0,22.0,22.0,0.0,0.0,0.0,0.0,0.0,0.0,22.0,0.0,0.0,0.0,0.0
C2_p3__lamarckian__s15,C2_p3__lamarckian,C2_p3,C2,lamarckian,15,300,train,50,0.88,9,9,85.8367103684156,0.8125,0.5,310.0,0.0,0.0,366.0,16.0,0.0,0.0,0.0,73.0,0.0,0.0,24.0,7.0,0.0,0.0,0.0,0.0,0.0,0.0,24.0,0.0,0.0,0.0,0.0
C2_p3__lamarckian__s15,C2_p3__lamarckian,C2_p3,C2,lamarckian,15,350,train,50,0.96,6,6,42.96359053757405,0.9583333333333334,0.5,304.0,0.0,0.0,316.0,35.0,0.0,0.0,0.0,88.0,0.0,0.0,17.0,16.0,0.0,0.0,0.0,0.0,0.0,0.0,17.0,0.0,0.0,0.0,0.0
C2_p3__lamarckian__s15,C2_p3__lamarckian,C2_p3,C2,lamarckian,15,400,train,50,0.98,6,6,70.29495340858605,0.8333333333333334,0.5,155.0,0.0,0.0,394.0,57.0,0.0,0.0,0.0,66.0,0.0,0.0,23.0,23.0,0.0,0.0,0.0,0.0,0.0,0.0,23.0,0.0,0.0,0.0,0.0
C2_p3__lamarckian__s15,C2_p3__lamarckian,C2_p3,C2,lamarckian,15,450,train,50,1.02,10,10,47.47803868820681,0.9791666666666666,0.5,327.0,0.0,0.0,316.0,26.0,0.0,0.0,0.0,77.0,0.0,0.0,17.0,14.0,0.0,0.0,0.0,0.0,0.0,0.0,17.0,0.0,0.0,0.0,0.0
C2_p3__lamarckian__s15,C2_p3__lamarckian,C2_p3,C2,lamarckian,15,500,train,44,1.4318181818181819,10,16,53.74351954015303,0.9375,0.5,215.0,0.0,0.0,403.0,56.0,0.0,0.0,0.0,68.0,0.0,0.0,31.0,12.0,0.0,0.0,0.0,0.0,0.0,0.0,31.0,0.0,0.0,0.0,0.0
C2_p3__lamarckian__s15,C2_p3__lamarckian,C2_p3,C2,lamarckian,15,550,train,50,1.72,20,14,46.99369936047012,0.9375,0.5,234.0,0.0,0.0,442.0,66.0,0.0,0.0,0.0,78.0,0.0,0.0,27.0,17.0,0.0,0.0,0.0,0.0,0.0,0.0,27.0,0.0,0.0,0.0,0.0
C2_p3__lamarckian__s15,C2_p3__lamarckian,C2_p3,C2,lamarckian,15,600,train,50,1.76,6,6,56.630352924993765,0.9166666666666666,0.5,214.0,0.0,0.0,311.0,37.0,0.0,0.0,0.0,72.0,0.0,0.0,13.0,19.0,0.0,0.0,0.0,0.0,0.0,0.0,13.0,0.0,0.0,0.0,0.0
C2_p3__lamarckian__s15,C2_p3__lamarckian,C2_p3,C2,lamarckian,15,650,train,50,1.88,13,13,42.05910761119685,0.9583333333333334,0.5,218.0,0.0,0.0,455.0,37.0,0.0,0.0,0.0,67.0,0.0,0.0,27.0,14.0,0.0,0.0,0.0,0.0,0.0,0.0,27.0,0.0,0.0,0.0,0.0
C2_p3__lamarckian__s15,C2_p3__lamarckian,C2_p3,C2,lamarckian,15,700,train,43,1.8837209302325582,6,13,36.61183978285964,0.9583333333333334,0.5,285.0,0.0,0.0,346.0,39.0,0.0,0.0,0.0,80.0,0.0,0.0,17.0,16.0,0.0,0.0,0.0,0.0,0.0,0.0,17.0,0.0,0.0,0.0,0.0
C2_p3__lamarckian__s15,C2_p3__lamarckian,C2_p3,C2,lamarckian,15,750,train,39,1.8974358974358974,2,6,51.41678081394642,0.9375,0.5,216.0,0.0,0.0,302.0,47.0,0.0,0.0,0.0,97.0,0.0,0.0,14.0,22.0,0.0,0.0,0.0,0.0,0.0,0.0,14.0,0.0,0.0,0.0,0.0
C2_p3__lamarckian__s15,C2_p3__lamarckian,C2_p3,C2,lamarckian,15,800,train,32,1.90625,4,11,51.36710361963917,0.9583333333333334,0.5,209.0,0.0,0.0,321.0,20.0,0.0,0.0,0.0,76.0,0.0,0.0,19.0,16.0,0.0,0.0,0.0,0.0,0.0,0.0,19.0,0.0,0.0,0.0,0.0
C2_p3__lamarckian__s15,C2_p3__lamarckian,C2_p3,C2,lamarckian,15,850,train,35,2.0285714285714285,7,4,48.688946813089274,0.9375,0.5,178.0,0.0,0.0,309.0,28.0,0.0,0.0,0.0,76.0,0.0,0.0,27.0,20.0,0.0,0.0,0.0,0.0,0.0,0.0,27.0,0.0,0.0,0.0,0.0
C2_p3__lamarckian__s15,C2_p3__lamarckian,C2_p3,C2,lamarckian,15,900,train,32,2.125,4,7,64.48897771061151,0.8958333333333334,0.5,168.0,0.0,0.0,364.0,40.0,0.0,0.0,0.0,74.0,0.0,0.0,26.0,19.0,0.0,0.0,0.0,0.0,0.0,0.0,26.0,0.0,0.0,0.0,0.0
C2_p3__lamarckian__s15,C2_p3__lamarckian,C2_p3,C2,lamarckian,15,950,train,36,2.4444444444444446,10,6,70.10082597838095,0.8958333333333334,0.5,261.0,0.0,0.0,232.0,39.0,0.0,0.0,0.0,105.0,0.0,0.0,11.0,15.0,0.0,0.0,0.0,0.0,0.0,0.0,11.0,0.0,0.0,0.0,0.0
C2_p3__lamarckian__s15,C2_p3__lamarckian,C2_p3,C2,lamarckian,15,1000,train,38,2.6052631578947367,6,4,41.24446941997179,0.9583333333333334,0.5,191.0,0.0,0.0,260.0,58.0,0.0,0.0,0.0,97.0,0.0,0.0,19.0,26.0,0.0,0.0,0.0,0.0,0.0,0.0,19.0,0.0,0.0,0.0,0.0
C2_p3__lamarckian__s15,C2_p3__lamarckian,C2_p3,C2,lamarckian,15,1050,train,34,2.7058823529411766,5,9,50.24052894051707,0.9166666666666666,0.5,194.0,0.0,0.0,352.0,40.0,0.0,0.0,0.0,95.0,0.0,0.0,21.0,20.0,0.0,0.0,0.0,0.0,0.0,0.0,21.0,0.0,0.0,0.0,0.0
C2_p3__lamarckian__s15,C2_p3__lamarckian,C2_p3,C2,lamarckian,15,1100,train,34,2.8823529411764706,7,7,42.317298536382225,0.9791666666666666,0.5,172.0,0.0,0.0,341.0,38.0,0.0,0.0,0.0,79.0,0.0,0.0,24.0,26.0,0.0,0.0,0.0,0.0,0.0,0.0,24.0,0.0,0.0,0.0,0.0
C2_p3__lamarckian__s15,C2_p3__lamarckian,C2_p3,C2,lamarckian,15,1150,train,36,3.138888888888889,5,3,56.38031087626578,0.9375,0.5,203.0,0.0,0.0,254.0,24.0,0.0,0.0,0.0,88.0,0.0,0.0,13.0,20.0,0.0,0.0,0.0,0.0,0.0,0.0,13.0,0.0,0.0,0.0,0.0
C2_p3__lamarckian__s15,C2_p3__lamarckian,C2_p3,C2,lamarckian,15,1200,train,44,3.340909090909091,9,1,44.04849541824234,0.9375,0.5,160.0,0.0,0.0,361.0,26.0,0.0,0.0,0.0,89.0,0.0,0.0,19.0,18.0,0.0,0.0,0.0,0.0,0.0,0.0,19.0,0.0,0.0,0.0,0.0
C2_p3__lamarckian__s15,C2_p3__lamarckian,C2_p3,C2,lamarckian,15,1250,train,42,3.3333333333333335,3,5,50.30954910348656,0.9791666666666666,0.5,236.0,0.0,0.0,398.0,35.0,0.0,0.0,0.0,99.0,0.0,0.0,18.0,20.0,0.0,0.0,0.0,0.0,0.0,0.0,18.0,0.0,0.0,0.0,0.0
C2_p3__lamarckian__s15,C2_p3__lamarckian,C2_p3,C2,lamarckian,15,1300,train,43,3.395348837209302,7,6,51.95427246997542,0.9583333333333334,0.5,159.0,0.0,0.0,382.0,58.0,0.0,0.0,0.0,86.0,0.0,0.0,16.0,20.0,0.0,0.0,0.0,0.0,0.0,0.0,16.0,0.0,0.0,0.0,0.0
C2_p3__lamarckian__s15,C2_p3__lamarckian,C2_p3,C2,lamarckian,15,1350,train,41,3.707317073170732,7,9,45.019421200657185,0.9791666666666666,0.5,209.0,0.0,0.0,274.0,23.0,0.0,0.0,0.0,103.0,0.0,0.0,10.0,18.0,0.0,0.0,0.0,0.0,0.0,0.0,10.0,0.0,0.0,0.0,0.0
C2_p3__lamarckian__s15,C2_p3__lamarckian,C2_p3,C2,lamarckian,15,1400,train,42,3.8333333333333335,6,5,49.534556980674054,0.9583333333333334,0.5,185.0,0.0,0.0,310.0,21.0,0.0,0.0,0.0,95.0,0.0,0.0,22.0,17.0,0.0,0.0,0.0,0.0,0.0,0.0,22.0,0.0,0.0,0.0,0.0
C2_p3__lamarckian__s15,C2_p3__lamarckian,C2_p3,C2,lamarckian,15,1450,train,43,4.023255813953488,7,6,42.82449833460905,0.9583333333333334,0.5,192.0,0.0,0.0,326.0,28.0,0.0,0.0,0.0,104.0,0.0,0.0,17.0,19.0,0.0,0.0,0.0,0.0,0.0,0.0,17.0,0.0,0.0,0.0,0.0
C2_p3__lamarckian__s15,C2_p3__lamarckian,C2_p3,C2,lamarckian,15,1500,train,41,4.2926829268292686,8,10,30.336281045645165,1.0,0.5,206.0,0.0,0.0,255.0,31.0,0.0,0.0,0.0,96.0,0.0,0.0,16.0,20.0,0.0,0.0,0.0,0.0,0.0,0.0,16.0,0.0,0.0,0.0,0.0
C2_p3__lamarckian__s15,C2_p3__lamarckian,C2_p3,C2,lamarckian,15,1550,eval,37,4.405405405405405,3,7,44.78101284681646,0.9791666666666666,0.5,217.0,0.0,0.0,328.0,20.0,0.0,0.0,76.0,97.0,0.0,0.0,16.0,14.0,0.0,0.0,4.0,0.0,0.0,0.0,16.0,0.0,0.0,0.0,4.0
C2_p3__lamarckian__s15,C2_p3__lamarckian,C2_p3,C2,lamarckian,15,1600,eval,34,4.617647058823529,5,8,45.11768151159484,1.0,0.5,313.0,0.0,0.0,333.0,16.0,0.0,0.0,108.0,103.0,0.0,0.0,14.0,10.0,0.0,0.0,10.0,0.0,0.0,0.0,14.0,0.0,0.0,0.0,10.0
C2_p3__lamarckian__s15,C2_p3__lamarckian,C2_p3,C2,lamarckian,15,1650,eval,34,4.647058823529412,3,3,61.92043476129503,0.875,0.5,251.0,0.0,0.0,283.0,26.0,0.0,0.0,10.0,100.0,0.0,0.0,16.0,18.0,0.0,0.0,0.0,0.0,0.0,0.0,16.0,0.0,0.0,0.0,0.0
C2_p3__lamarckian__s15,C2_p3__lamarckian,C2_p3,C2,lamarckian,15,1700,eval,31,4.838709677419355,5,8,67.70669002320463,0.9375,0.5,298.0,0.0,0.0,397.0,19.0,0.0,0.0,22.0,80.0,0.0,0.0,30.0,10.0,0.0,0.0,3.0,0.0,0.0,0.0,30.0,0.0,0.0,0.0,3.0
C2_p3__lamarckian__s15,C2_p3__lamarckian,C2_p3,C2,lamarckian,15,1750,eval,40,5.25,15,6,47.02363164082584,0.9375,0.5,286.0,0.0,0.0,316.0,19.0,0.0,0.0,46.0,106.0,0.0,0.0,22.0,15.0,0.0,0.0,1.0,0.0,0.0,0.0,22.0,0.0,0.0,0.0,1.0
C2_p3__lamarckian__s15,C2_p3__lamarckian,C2_p3,C2,lamarckian,15,1800,eval,41,5.2926829268292686,7,6,58.853628786067404,0.8958333333333334,0.5,253.0,0.0,0.0,305.0,19.0,0.0,0.0,32.0,89.0,0.0,0.0,19.0,8.0,0.0,0.0,5.0,0.0,0.0,0.0,19.0,0.0,0.0,0.0,5.0
C2_p3__lamarckian__s16,C2_p3__lamarckian,C2_p3,C2,lamarckian,16,50,train,50,0.72,30,0,64.81138700591623,0.8541666666666666,0.5,232.0,0.0,0.0,327.0,89.0,0.0,0.0,0.0,44.0,0.0,0.0,50.0,18.0,0.0,0.0,0.0,0.0,0.0,0.0,50.0,0.0,0.0,0.0,0.0
C2_p3__lamarckian__s16,C2_p3__lamarckian,C2_p3,C2,lamarckian,16,100,train,50,0.7,2,2,91.38982323622925,0.8541666666666666,0.5,216.0,0.0,0.0,401.0,111.0,0.0,0.0,0.0,43.0,0.0,0.0,38.0,19.0,0.0,0.0,0.0,0.0,0.0,0.0,38.0,0.0,0.0,0.0,0.0
C2_p3__lamarckian__s16,C2_p3__lamarckian,C2_p3,C2,lamarckian,16,150,train,50,0.68,7,7,38.28529540638014,0.9791666666666666,0.5,363.0,0.0,0.0,342.0,126.0,0.0,0.0,0.0,55.0,0.0,0.0,47.0,17.0,0.0,0.0,0.0,0.0,0.0,0.0,47.0,0.0,0.0,0.0,0.0
C2_p3__lamarckian__s16,C2_p3__lamarckian,C2_p3,C2,lamarckian,16,200,train,50,0.76,6,6,55.71734456731786,0.9166666666666666,0.5,367.0,0.0,0.0,468.0,126.0,0.0,0.0,0.0,51.0,0.0,0.0,25.0,21.0,0.0,0.0,0.0,0.0,0.0,0.0,25.0,0.0,0.0,0.0,0.0
C2_p3__lamarckian__s16,C2_p3__lamarckian,C2_p3,C2,lamarckian,16,250,train,50,0.78,10,10,62.45860815767314,0.9375,0.5,350.0,0.0,0.0,368.0,112.0,0.0,0.0,0.0,73.0,0.0,0.0,37.0,17.0,0.0,0.0,0.0,0.0,0.0,0.0,37.0,0.0,0.0,0.0,0.0
C2_p3__lamarckian__s16,C2_p3__lamarckian,C2_p3,C2,lamarckian,16,300,train,50,0.84,7,7,75.69745546450952,0.8958333333333334,0.5,311.0,0.0,0.0,287.0,133.0,0.0,0.0,0.0,63.0,0.0,0.0,23.0,21.0,0.0,0.0,0.0,0.0,0.0,0.0,23.0,0.0,0.0,0.0,0.0
C2_p3__lamarckian__s16,C2_p3__lamarckian,C2_p3,C2,lamarckian,16,350,train,50,0.9,6,6,54.86589212862688,0.9166666666666666,0.5,261.0,0.0,0.0,474.0,161.0,0.0,0.0,0.0,64.0,0.0,0.0,23.0,22.0,0.0,0.0,0.0,0.0,0.0,0.0,23.0,0.0,0.0,0.0,0.0
C2_p3__lamarckian__s16,C2_p3__lamarckian,C2_p3,C2,lamarckian,16,400,train,50,0.9,9,9,60.61440802681857,0.875,0.5,333.0,0.0,0.0,357.0,64.0,0.0,0.0,0.0,65.0,0.0,0.0,23.0,19.0,0.0,0.0,0.0,0.0,0.0,0.0,23.0,0.0,0.0,0.0,0.0
C2_p3__lamarckian__s16,C2_p3__lamarckian,C2_p3,C2,lamarckian,16,450,train,50,0.9,9,9,91.37551180996209,0.8333333333333334,0.5,239.0,0.0,0.0,374.0,73.0,0.0,0.0,0.0,50.0,0.0,0.0,22.0,16.0,0.0,0.0,0.0,0.0,0.0,0.0,22.0,0.0,0.0,0.0,0.0
C2_p3__lamarckian__s16,C2_p3__lamarckian,C2_p3,C2,lamarckian,16,500,train,49,1.2653061224489797,13,14,58.02271831333924,0.9375,0.5,287.0,0.0,0.0,321.0,77.0,0.0,0.0,0.0,70.0,0.0,0.0,23.0,23.0,0.0,0.0,0.0,0.0,0.0,0.0,23.0,0.0,0.0,0.0,0.0
C2_p3__lamarckian__s16,C2_p3__lamarckian,C2_p3,C2,lamarckian,16,550,train,50,1.58,17,16,53.126259669155125,0.9375,0.5,267.0,0.0,0.0,409.0,62.0,0.0,0.0,0.0,72.0,0.0,0.0,27.0,21.0,0.0,0.0,0.0,0.0,0.0,0.0,27.0,0.0,0.0,0.0,0.0
C2_p3__lamarckian__s16,C2_p3__lamarckian,C2_p3,C2,lamarckian,16,600,train,50,1.62,8,8,43.39934578406236,0.9375,0.5,236.0,0.0,0.0,404.0,63.0,0.0,0.0,0.0,81.0,0.0,0.0,25.0,19.0,0.0,0.0,0.0,0.0,0.0,0.0,25.0,0.0,0.0,0.0,0.0
C2_p3__lamarckian__s16,C2_p3__lamarckian,C2_p3,C2,lamarckian,16,650,train,50,1.7,11,11,28.79698666636109,0.9791666666666666,0.5,213.0,0.0,0.0,247.0,61.0,0.0,0.0,0.0,89.0,0.0,0.0,14.0,23.0,0.0,0.0,0.0,0.0,0.0,0.0,14.0,0.0,0.0,0.0,0.0
C2_p3__lamarckian__s16,C2_p3__lamarckian,C2_p3,C2,lamarckian,16,700,train,50,1.74,4,4,43.681173051607075,0.9166666666666666,0.5,263.0,0.0,0.0,321.0,34.0,0.0,0.0,0.0,93.0,0.0,0.0,18.0,23.0,0.0,0.0,0.0,0.0,0.0,0.0,18.0,0.0,0.0,0.0,0.0
C2_p3__lamarckian__s16,C2_p3__lamarckian,C2_p3,C2,lamarckian,16,750,train,49,1.816326530612245,11,12,37.451867429571266,0.9791666666666666,0.5,222.0,0.0,0.0,326.0,106.0,0.0,0.0,0.0,86.0,0.0,0.0,18.0,30.0,0.0,0.0,0.0,0.0,0.0,0.0,18.0,0.0,0.0,0.0,0.0
C2_p3__lamarckian__s16,C2_p3__lamarckian,C2_p3,C2,lamarckian,16,800,train,35,1.9142857142857144,3,17,35.42317018540976,0.9791666666666666,0.5,178.0,0.0,0.0,300.0,40.0,0.0,0.0,0.0,73.0,0.0,0.0,28.0,23.0,0.0,0.0,0.0,0.0,0.0,0.0,28.0,0.0,0.0,0.0,0.0
C2_p3__lamarckian__s16,C2_p3__lamarckian,C2_p3,C2,lamarckian,16,850,train,30,2.1333333333333333,5,10,59.39074284848374,0.9166666666666666,0.5,160.0,0.0,0.0,206.0,38.0,0.0,0.0,0.0,88.0,0.0,0.0,21.0,24.0,0.0,0.0,0.0,0.0,0.0,0.0,21.0,0.0,0.0,0.0,0.0
C2_p3__lamarckian__s16,C2_p3__lamarckian,C2_p3,C2,lamarckian,16,900,train,32,2.1875,4,2,65.12468861971185,0.9583333333333334,0.5,180.0,0.0,0.0,198.0,36.0,0.0,0.0,0.0,90.0,0.0,0.0,20.0,21.0,0.0,0.0,0.0,0.0,0.0,0.0,20.0,0.0,0.0,0.0,0.0
C2_p3__lamarckian__s16,C2_p3__lamarckian,C2_p3,C2,lamarckian,16,950,train,35,2.6,8,5,53.4718095458729,0.9375,0.5,180.0,0.0,0.0,176.0,36.0,0.0,0.0,0.0,94.0,0.0,0.0,14.0,28.0,0.0,0.0,0.0,0.0,0.0,0.0,14.0,0.0,0.0,0.0,0.0
C2_p3__lamarckian__s16,C2_p3__lamarckian,C2_p3,C2,lamarckian,16,1000,train,39,2.8974358974358974,14,10,42.276167462648125,1.0,0.5,135.0,0.0,0.0,314.0,31.0,0.0,0.0,0.0,71.0,0.0,0.0,30.0,22.0,0.0,0.0,0.0,0.0,0.0,0.0,30.0,0.0,0.0,0.0,0.0
C2_p3__lamarckian__s16,C2_p3__lamarckian,C2_p3,C2,lamarckian,16,1050,train,37,3.0,3,5,42.2474161069538,0.9791666666666666,0.5,171.0,0.0,0.0,282.0,36.0,0.0,0.0,0.0,85.0,0.0,0.0,23.0,21.0,0.0,0.0,0.0,0.0,0.0,0.0,23.0,0.0,0.0,0.0,0.0
C2_p3__lamarckian__s16,C2_p3__lamarckian,C2_p3,C2,lamarckian,16,1100,train,36,3.1944444444444446,6,7,54.771444218138434,0.9375,0.5,134.0,0.0,0.0,302.0,19.0,0.0,0.0,0.0,86.0,0.0,0.0,12.0,19.0,0.0,0.0,0.0,0.0,0.0,0.0,12.0,0.0,0.0,0.0,0.0
C2_p3__lamarckian__s16,C2_p3__lamarckian,C2_p3,C2,lamarckian,16,1150,train,37,3.3783783783783785,5,4,58.75962433404651,0.9166666666666666,0.5,177.0,0.0,0.0,273.0,36.0,0.0,0.0,0.0,99.0,0.0,0.0,12.0,27.0,0.0,0.0,0.0,0.0,0.0,0.0,12.0,0.0,0.0,0.0,0.0
C2_p3__lamarckian__s16,C2_p3__lamarckian,C2_p3,C2,lamarckian,16,1200,train,36,3.611111111111111,6,7,45.56782305847497,0.9791666666666666,0.5,147.0,0.0,0.0,339.0,34.0,0.0,0.0,0.0,90.0,0.0,0.0,21.0,20.0,0.0,0.0,0.0,0.0,0.0,0.0,21.0,0.0,0.0,0.0,0.0
C2_p3__lamarckian__s16,C2_p3__lamarckian,C2_p3,C2,lamarckian,16,1250,train,37,3.72972972972973,5,4,50.03215552200602,0.9791666666666666,0.5,139.0,0.0,0.0,240.0,32.0,0.0,0.0,0.0,93.0,0.0,0.0,15.0,24.0,0.0,0.0,0.0,0.0,0.0,0.0,15.0,0.0,0.0,0.0,0.0
C2_p3__lamarckian__s16,C2_p3__lamarckian,C2_p3,C2,lamarckian,16,1300,train,43,3.813953488372093,8,2,51.875521832555904,0.9166666666666666,0.5,165.0,0.0,0.0,269.0,34.0,0.0,0.0,0.0,91.0,0.0,0.0,19.0,24.0,0.0,0.0,0.0,0.0,0.0,0.0,19.0,0.0,0.0,0.0,0.0
C2_p3__lamarckian__s16,C2_p3__lamarckian,C2_p3,C2,lamarckian,16,1350,train,42,3.857142857142857,5,6,42.79855061197334,0.9583333333333334,0.5,149.0,0.0,0.0,203.0,43.0,0.0,0.0,0.0,99.0,0.0,0.0,14.0,23.0,0.0,0.0,0.0,0.0,0.0,0.0,14.0,0.0,0.0,0.0,0.0
C2_p3__lamarckian__s16,C2_p3__lamarckian,C2_p3,C2,lamarckian,16,1400,train,40,3.975,4,6,34.33694681023224,0.9583333333333334,0.5,119.0,0.0,0.0,245.0,44.0,0.0,0.0,0.0,71.0,0.0,0.0,21.0,30.0,0.0,0.0,0.0,0.0,0.0,0.0,21.0,0.0,0.0,0.0,0.0
C2_p3__lamarckian__s16,C2_p3__lamarckian,C2_p3,C2,lamarckian,16,1450,train,33,4.090909090909091,3,10,43.82815070183402,0.9583333333333334,0.5,170.0,0.0,0.0,252.0,27.0,0.0,0.0,0.0,89.0,0.0,0.0,18.0,19.0,0.0,0.0,0.0,0.0,0.0,0.0,18.0,0.0,0.0,0.0,0.0
C2_p3__lamarckian__s16,C2_p3__lamarckian,C2_p3,C2,lamarckian,16,1500,train,26,4.384615384615385,5,12,74.37196558583315,0.875,0.5,121.0,0.0,0.0,239.0,23.0,0.0,0.0,0.0,84.0,0.0,0.0,18.0,14.0,0.0,0.0,0.0,0.0,0.0,0.0,18.0,0.0,0.0,0.0,0.0
C2_p3__lamarckian__s16,C2_p3__lamarckian,C2_p3,C2,lamarckian,16,1550,eval,33,4.666666666666667,10,3,65.98878528492577,0.9166666666666666,0.5,158.0,0.0,0.0,240.0,15.0,0.0,0.0,72.0,92.0,0.0,0.0,21.0,13.0,0.0,0.0,7.0,0.0,0.0,0.0,21.0,0.0,0.0,0.0,7.0
C2_p3__lamarckian__s16,C2_p3__lamarckian,C2_p3,C2,lamarckian,16,1600,eval,39,4.948717948717949,9,3,42.609195139279606,0.9583333333333334,0.5,168.0,0.0,0.0,289.0,31.0,0.0,0.0,84.0,98.0,0.0,0.0,16.0,20.0,0.0,0.0,7.0,0.0,0.0,0.0,16.0,0.0,0.0,0.0,7.0
C2_p3__lamarckian__s16,C2_p3__lamarckian,C2_p3,C2,lamarckian,16,1650,eval,39,5.205128205128205,6,6,43.690294480199334,0.9791666666666666,0.5,152.0,0.0,0.0,284.0,22.0,0.0,0.0,37.0,87.0,0.0,0.0,14.0,17.0,0.0,0.0,4.0,0.0,0.0,0.0,14.0,0.0,0.0,0.0,4.0
C2_p3__lamarckian__s16,C2_p3__lamarckian,C2_p3,C2,lamarckian,16,1700,eval,36,5.305555555555555,1,4,54.875317107346824,0.8958333333333334,0.5,129.0,0.0,0.0,208.0,18.0,0.0,0.0,7.0,83.0,0.0,0.0,12.0,16.0,0.0,0.0,1.0,0.0,0.0,0.0,12.0,0.0,0.0,0.0,1.0
C2_p3__lamarckian__s16,C2_p3__lamarckian,C2_p3,C2,lamarckian,16,1750,eval,39,5.435897435897436,8,5,63.833460983915096,0.9583333333333334,0.5,149.0,0.0,0.0,220.0,17.0,0.0,0.0,86.0,76.0,0.0,0.0,17.0,12.0,0.0,0.0,1.0,0.0,0.0,0.0,17.0,0.0,0.0,0.0,1.0
C2_p3__lamarckian__s16,C2_p3__lamarckian,C2_p3,C2,lamarckian,16,1800,eval,40,5.7,10,9,55.68001915713084,0.9166666666666666,0.5,162.0,0.0,0.0,229.0,17.0,0.0,0.0,97.0,100.0,0.0,0.0,14.0,12.0,0.0,0.0,6.0,0.0,0.0,0.0,14.0,0.0,0.0,0.0,6.0
C2_p3__lamarckian__s17,C2_p3__lamarckian,C2_p3,C2,lamarckian,17,50,train,50,0.7,30,0,37.63188409581453,0.9583333333333334,0.5,267.0,0.0,0.0,172.0,177.0,0.0,0.0,0.0,60.0,0.0,0.0,33.0,32.0,0.0,0.0,0.0,0.0,0.0,0.0,33.0,0.0,0.0,0.0,0.0
C2_p3__lamarckian__s17,C2_p3__lamarckian,C2_p3,C2,lamarckian,17,100,train,50,0.7,2,2,81.88103287231573,0.875,0.5,333.0,0.0,0.0,222.0,72.0,0.0,0.0,0.0,57.0,0.0,0.0,21.0,25.0,0.0,0.0,0.0,0.0,0.0,0.0,21.0,0.0,0.0,0.0,0.0
C2_p3__lamarckian__s17,C2_p3__lamarckian,C2_p3,C2,lamarckian,17,150,train,50,0.72,3,3,88.72470778174852,0.8125,0.5,336.0,0.0,0.0,210.0,132.0,0.0,0.0,0.0,62.0,0.0,0.0,28.0,22.0,0.0,0.0,0.0,0.0,0.0,0.0,28.0,0.0,0.0,0.0,0.0
C2_p3__lamarckian__s17,C2_p3__lamarckian,C2_p3,C2,lamarckian,17,200,train,50,0.82,10,10,70.30949961835327,0.9375,0.5,298.0,0.0,0.0,234.0,137.0,0.0,0.0,0.0,65.0,0.0,0.0,22.0,28.0,0.0,0.0,0.0,0.0,0.0,0.0,22.0,0.0,0.0,0.0,0.0
C2_p3__lamarckian__s17,C2_p3__lamarckian,C2_p3,C2,lamarckian,17,250,train,50,0.9,8,8,75.62244058102881,0.8333333333333334,0.5,275.0,0.0,0.0,388.0,132.0,0.0,0.0,0.0,54.0,0.0,0.0,23.0,36.0,0.0,0.0,0.0,0.0,0.0,0.0,23.0,0.0,0.0,0.0,0.0
C2_p3__lamarckian__s17,C2_p3__lamarckian,C2_p3,C2,lamarckian,17,300,train,50,0.92,4,4,78.6120564784205,0.875,0.5,283.0,0.0,0.0,396.0,151.0,0.0,0.0,0.0,66.0,0.0,0.0,24.0,31.0,0.0,0.0,0.0,0.0,0.0,0.0,24.0,0.0,0.0,0.0,0.0
C2_p3__lamarckian__s17,C2_p3__lamarckian,C2_p3,C2,lamarckian,17,350,train,50,0.9,4,4,80.92048143460627,0.875,0.5,244.0,0.0,0.0,335.0,105.0,0.0,0.0,0.0,57.0,0.0,0.0,17.0,28.0,0.0,0.0,0.0,0.0,0.0,0.0,17.0,0.0,0.0,0.0,0.0
C2_p3__lamarckian__s17,C2_p3__lamarckian,C2_p3,C2,lamarckian,17,400,train,50,0.9,3,3,50.07500330041976,0.9375,0.5,313.0,0.0,0.0,351.0,118.0,0.0,0.0,0.0,74.0,0.0,0.0,22.0,35.0,0.0,0.0,0.0,0.0,0.0,0.0,22.0,0.0,0.0,0.0,0.0
C2_p3__lamarckian__s17,C2_p3__lamarckian,C2_p3,C2,lamarckian,17,450,train,50,0.9,3,3,65.9387247005198,0.875,0.5,189.0,0.0,0.0,345.0,77.0,0.0,0.0,0.0,65.0,0.0,0.0,16.0,28.0,0.0,0.0,0.0,0.0,0.0,0.0,16.0,0.0,0.0,0.0,0.0
C2_p3__lamarckian__s17,C2_p3__lamarckian,C2_p3,C2,lamarckian,17,500,train,50,1.26,13,13,68.25639631656958,0.8958333333333334,0.5,202.0,0.0,0.0,390.0,88.0,0.0,0.0,0.0,68.0,0.0,0.0,21.0,35.0,0.0,0.0,0.0,0.0,0.0,0.0,21.0,0.0,0.0,0.0,0.0
C2_p3__lamarckian__s17,C2_p3__lamarckian,C2_p3,C2,lamarckian,17,550,train,50,1.56,16,16,72.5860924975574,0.8541666666666666,0.5,265.0,0.0,0.0,186.0,65.0,0.0,0.0,0.0,75.0,0.0,0.0,19.0,30.0,0.0,0.0,0.0,0.0,0.0,0.0,19.0,0.0,0.0,0.0,0.0
C2_p3__lamarckian__s17,C2_p3__lamarckian,C2_p3,C2,lamarckian,17,600,train,50,1.56,3,3,67.73917133345773,0.8958333333333334,0.5,250.0,0.0,0.0,281.0,91.0,0.0,0.0,0.0,68.0,0.0,0.0,22.0,34.0,0.0,0.0,0.0,0.0,0.0,0.0,22.0,0.0,0.0,0.0,0.0
C2_p3__lamarckian__s17,C2_p3__lamarckian,C2_p3,C2,lamarckian,17,650,train,50,1.66,8,8,59.24796230554077,0.8541666666666666,0.5,240.0,0.0,0.0,384.0,80.0,0.0,0.0,0.0,73.0,0.0,0.0,14.0,41.0,0.0,0.0,0.0,0.0,0.0,0.0,14.0,0.0,0.0,0.0,0.0
C2_p3__lamarckian__s17,C2_p3__lamarckian,C2_p3,C2,lamarckian,17,700,train,50,1.8,10,10,49.52639093399189,0.8958333333333334,0.5,284.0,0.0,0.0,426.0,89.0,0.0,0.0,0.0,69.0,0.0,0.0,16.0,37.0,0.0,0.0,0.0,0.0,0.0,0.0,16.0,0.0,0.0,0.0,0.0
C2_p3__lamarckian__s17,C2_p3__lamarckian,C2_p3,C2,lamarckian,17,750,train,50,1.96,12,12,45.84888345305026,0.9375,0.5,223.0,0.0,0.0,304.0,79.0,0.0,0.0,0.0,70.0,0.0,0.0,17.0,40.0,0.0,0.0,0.0,0.0,0.0,0.0,17.0,0.0,0.0,0.0,0.0
C2_p3__lamarckian__s17,C2_p3__lamarckian,C2_p3,C2,lamarckian,17,800,train,50,2.08,8,8,62.22931946892511,0.8958333333333334,0.5,228.0,0.0,0.0,215.0,43.0,0.0,0.0,0.0,72.0,0.0,0.0,15.0,26.0,0.0,0.0,0.0,0.0,0.0,0.0,15.0,0.0,0.0,0.0,0.0
C2_p3__lamarckian__s17,C2_p3__lamarckian,C2_p3,C2,lamarckian,17,850,train,48,2.2916666666666665,10,12,54.81679622750352,0.9166666666666666,0.5,146.0,0.0,0.0,350.0,87.0,0.0,0.0,0.0,62.0,0.0,0.0,23.0,29.0,0.0,0.0,0.0,0.0,0.0,0.0,23.0,0.0,0.0,0.0,0.0
C2_p3__lamarckian__s17,C2_p3__lamarckian,C2_p3,C2,lamarckian,17,900,train,50,2.38,8,6,33.95584194518051,0.9583333333333334,0.5,245.0,0.0,0.0,322.0,102.0,0.0,0.0,0.0,78.0,0.0,0.0,26.0,37.0,0.0,0.0,0.0,0.0,0.0,0.0,26.0,0.0,0.0,0.0,0.0
C2_p3__lamarckian__s17,C2_p3__lamarckian,C2_p3,C2,lamarckian,17,950,train,44,2.4545454545454546,7,13,46.12703880285737,0.9375,0.5,111.0,0.0,0.0,480.0,117.0,0.0,0.0,0.0,48.0,0.0,0.0,28.0,41.0,0.0,0.0,0.0,0.0,0.0,0.0,28.0,0.0,0.0,0.0,0.0
C2_p3__lamarckian__s17,C2_p3__lamarckian,C2_p3,C2,lamarckian,17,1000,train,32,2.53125,1,13,55.899940442070125,0.9375,0.5,194.0,0.0,0.0,362.0,89.0,0.0,0.0,0.0,63.0,0.0,0.0,27.0,32.0,0.0,0.0,0.0,0.0,0.0,0.0,27.0,0.0,0.0,0.0,0.0
C2_p3__lamarckian__s17,C2_p3__lamarckian,C2_p3,C2,lamarckian,17,1050,train,26,2.6923076923076925,4,10,88.98966678506181,0.8958333333333334,0.5,174.0,0.0,0.0,295.0,59.0,0.0,0.0,0.0,62.0,0.0,0.0,25.0,34.0,0.0,0.0,0.0,0.0,0.0,0.0,25.0,0.0,0.0,0.0,0.0
C2_p3__lamarckian__s17,C2_p3__lamarckian,C2_p3,C2,lamarckian,17,1100,train,46,3.1739130434782608,22,2,43.12553557925669,0.9166666666666666,0.5,147.0,0.0,0.0,372.0,50.0,0.0,0.0,0.0,77.0,0.0,0.0,22.0,34.0,0.0,0.0,0.0,0.0,0.0,0.0,22.0,0.0,0.0,0.0,0.0
C2_p3__lamarckian__s17,C2_p3__lamarckian,C2_p3,C2,lamarckian,17,1150,train,47,3.3404255319148937,6,5,46.17784577960756,0.9791666666666666,0.5,168.0,0.0,0.0,371.0,75.0,0.0,0.0,0.0,66.0,0.0,0.0,26.0,41.0,0.0,0.0,0.0,0.0,0.0,0.0,26.0,0.0,0.0,0.0,0.0
C2_p3__lamarckian__s17,C2_p3__lamarckian,C2_p3,C2,lamarckian,17,1200,train,41,3.3658536585365852,1,7,47.60528510518932,0.9375,0.5,236.0,0.0,0.0,391.0,69.0,0.0,0.0,0.0,74.0,0.0,0.0,23.0,40.0,0.0,0.0,0.0,0.0,0.0,0.0,23.0,0.0,0.0,0.0,0.0
C2_p3__lamarckian__s17,C2_p3__lamarckian,C2_p3,C2,lamarckian,17,1250,train,42,3.3333333333333335,8,7,50.87911141127799,0.9166666666666666,0.5,181.0,0.0,0.0,295.0,56.0,0.0,0.0,0.0,75.0,0.0,0.0,18.0,36.0,0.0,0.0,0.0,0.0,0.0,0.0,18.0,0.0,0.0,0.0,0.0
C2_p3__lamarckian__s17,C2_p3__lamarckian,C2_p3,C2,lamarckian,17,1300,train,39,3.4358974358974357,3,6,83.53718915831857,0.9166666666666666,0.5,205.0,0.0,0.0,294.0,73.0,0.0,0.0,0.0,74.0,0.0,0.0,23.0,33.0,0.0,0.0,0.0,0.0,0.0,0.0,23.0,0.0,0.0,0.0,0.0
C2_p3__lamarckian__s17,C2_p3__lamarckian,C2_p3,C2,lamarckian,17,1350,train,35,3.4857142857142858,3,7,58.743982385823394,0.9375,0.5,162.0,0.0,0.0,296.0,45.0,0.0,0.0,0.0,84.0,0.0,0.0,14.0,38.0,0.0,0.0,0.0,0.0,0.0,0.0,14.0,0.0,0.0,0.0,0.0
C2_p3__lamarckian__s17,C2_p3__lamarckian,C2_p3,C2,lamarckian,17,1400,train,35,3.8,7,7,58.64598973765635,0.9791666666666666,0.5,112.0,0.0,0.0,366.0,47.0,0.0,0.0,0.0,66.0,0.0,0.0,26.0,31.0,0.0,0.0,0.0,0.0,0.0,0.0,26.0,0.0,0.0,0.0,0.0
C2_p3__lamarckian__s17,C2_p3__lamarckian,C2_p3,C2,lamarckian,17,1450,train,37,4.162162162162162,10,8,51.1069811032645,0.9375,0.5,176.0,0.0,0.0,215.0,68.0,0.0,0.0,0.0,70.0,0.0,0.0,17.0,43.0,0.0,0.0,0.0,0.0,0.0,0.0,17.0,0.0,0.0,0.0,0.0
C2_p3__lamarckian__s17,C2_p3__lamarckian,C2_p3,C2,lamarckian,17,1500,train,41,4.2439024390243905,5,1,46.47024908278989,0.9375,0.5,169.0,0.0,0.0,279.0,76.0,0.0,0.0,0.0,78.0,0.0,0.0,17.0,33.0,0.0,0.0,0.0,0.0,0.0,0.0,17.0,0.0,0.0,0.0,0.0
C2_p3__lamarckian__s17,C2_p3__lamarckian,C2_p3,C2,lamarckian,17,1550,eval,38,4.342105263157895,4,7,45.097792714064724,0.9375,0.5,180.0,0.0,0.0,274.0,56.0,0.0,0.0,64.0,79.0,0.0,0.0,23.0,28.0,0.0,0.0,10.0,0.0,0.0,0.0,23.0,0.0,0.0,0.0,10.0
C2_p3__lamarckian__s17,C2_p3__lamarckian,C2_p3,C2,lamarckian,17,1600,eval,31,4.580645161290323,5,12,65.2118499901695,0.9166666666666666,0.5,198.0,0.0,0.0,217.0,44.0,0.0,0.0,72.0,73.0,0.0,0.0,18.0,24.0,0.0,0.0,9.0,0.0,0.0,0.0,18.0,0.0,0.0,0.0,9.0
C2_p3__lamarckian__s17,C2_p3__lamarckian,C2_p3,C2,lamarckian,17,1650,eval,41,5.0,14,4,83.55148403657535,0.8333333333333334,0.5,224.0,0.0,0.0,287.0,53.0,0.0,0.0,153.0,82.0,0.0,0.0,10.0,20.0,0.0,0.0,10.0,0.0,0.0,0.0,10.0,0.0,0.0,0.0,10.0
C2_p3__lamarckian__s17,C2_p3__lamarckian,C2_p3,C2,lamarckian,17,1700,eval,50,5.16,10,1,48.538048526433656,0.9166666666666666,0.5,199.0,0.0,0.0,299.0,109.0,0.0,0.0,144.0,72.0,0.0,0.0,16.0,26.0,0.0,0.0,15.0,0.0,0.0,0.0,16.0,0.0,0.0,0.0,15.0
C2_p3__lamarckian__s17,C2_p3__lamarckian,C2_p3,C2,lamarckian,17,1750,eval,50,5.26,5,5,65.17094604040759,0.8958333333333334,0.5,248.0,0.0,0.0,302.0,115.0,0.0,0.0,78.0,78.0,0.0,0.0,10.0,23.0,0.0,0.0,2.0,0.0,0.0,0.0,10.0,0.0,0.0,0.0,2.0
C2_p3__lamarckian__s17,C2_p3__lamarckian,C2_p3,C2,lamarckian,17,1800,eval,46,5.282608695652174,8,12,57.288578742468275,0.9375,0.5,207.0,0.0,0.0,389.0,96.0,0.0,0.0,116.0,79.0,0.0,0.0,17.0,29.0,0.0,0.0,6.0,0.0,0.0,0.0,17.0,0.0,0.0,0.0,6.0
C2_p3__lamarckian__s18,C2_p3__lamarckian,C2_p3,C2,lamarckian,18,50,train,50,0.74,31,1,33.03491013469326,0.9583333333333334,0.5,264.0,0.0,0.0,267.0,106.0,0.0,0.0,0.0,61.0,0.0,0.0,42.0,25.0,0.0,0.0,0.0,0.0,0.0,0.0,42.0,0.0,0.0,0.0,0.0
C2_p3__lamarckian__s18,C2_p3__lamarckian,C2_p3,C2,lamarckian,18,100,train,50,0.74,3,3,110.5899916178395,0.75,0.5,357.0,0.0,0.0,355.0,88.0,0.0,0.0,0.0,37.0,0.0,0.0,42.0,22.0,0.0,0.0,0.0,0.0,0.0,0.0,42.0,0.0,0.0,0.0,0.0
C2_p3__lamarckian__s18,C2_p3__lamarckian,C2_p3,C2,lamarckian,18,150,train,50,0.76,9,9,73.26202774474388,0.8541666666666666,0.5,355.0,0.0,0.0,458.0,122.0,0.0,0.0,0.0,45.0,0.0,0.0,39.0,27.0,0.0,0.0,0.0,0.0,0.0,0.0,39.0,0.0,0.0,0.0,0.0
C2_p3__lamarckian__s18,C2_p3__lamarckian,C2_p3,C2,lamarckian,18,200,train,50,0.76,5,5,81.25771463754946,0.9166666666666666,0.5,206.0,0.0,0.0,311.0,105.0,0.0,0.0,0.0,64.0,0.0,0.0,29.0,31.0,0.0,0.0,0.0,0.0,0.0,0.0,29.0,0.0,0.0,0.0,0.0
C2_p3__lamarckian__s18,C2_p3__lamarckian,C2_p3,C2,lamarckian,18,250,train,50,0.78,6,6,78.27503798350199,0.9166666666666666,0.5,332.0,0.0,0.0,343.0,100.0,0.0,0.0,0.0,62.0,0.0,0.0,27.0,28.0,0.0,0.0,0.0,0.0,0.0,0.0,27.0,0.0,0.0,0.0,0.0
C2_p3__lamarckian__s18,C2_p3__lamarckian,C2_p3,C2,lamarckian,18,300,train,50,0.8,5,5,68.73526103184045,0.875,0.5,279.0,0.0,0.0,332.0,162.0,0.0,0.0,0.0,77.0,0.0,0.0,26.0,18.0,0.0,0.0,0.0,0.0,0.0,0.0,26.0,0.0,0.0,0.0,0.0
C2_p3__lamarckian__s18,C2_p3__lamarckian,C2_p3,C2,lamarckian,18,350,train,50,0.84,8,8,37.25575609698694,0.9583333333333334,0.5,443.0,0.0,0.0,467.0,158.0,0.0,0.0,0.0,63.0,0.0,0.0,44.0,25.0,0.0,0.0,0.0,0.0,0.0,0.0,44.0,0.0,0.0,0.0,0.0
C2_p3__lamarckian__s18,C2_p3__lamarckian,C2_p3,C2,lamarckian,18,400,train,50,0.86,6,6,49.13114687815773,0.9166666666666666,0.5,326.0,0.0,0.0,442.0,49.0,0.0,0.0,0.0,74.0,0.0,0.0,20.0,18.0,0.0,0.0,0.0,0.0,0.0,0.0,20.0,0.0,0.0,0.0,0.0
C2_p3__lamarckian__s18,C2_p3__lamarckian,C2_p3,C2,lamarckian,18,450,train,50,0.86,6,6,44.70923866055226,0.9791666666666666,0.5,293.0,0.0,0.0,400.0,136.0,0.0,0.0,0.0,70.0,0.0,0.0,16.0,30.0,0.0,0.0,0.0,0.0,0.0,0.0,16.0,0.0,0.0,0.0,0.0
C2_p3__lamarckian__s18,C2_p3__lamarckian,C2_p3,C2,lamarckian,18,500,train,45,1.2444444444444445,12,17,47.81399451411325,0.9791666666666666,0.5,286.0,0.0,0.0,231.0,88.0,0.0,0.0,0.0,79.0,0.0,0.0,13.0,26.0,0.0,0.0,0.0,0.0,0.0,0.0,13.0,0.0,0.0,0.0,0.0
C2_p3__lamarckian__s18,C2_p3__lamarckian,C2_p3,C2,lamarckian,18,550,train,50,1.66,22,17,70.98738572006667,0.8958333333333334,0.5,221.0,0.0,0.0,314.0,76.0,0.0,0.0,0.0,57.0,0.0,0.0,27.0,28.0,0.0,0.0,0.0,0.0,0.0,0.0,27.0,0.0,0.0,0.0,0.0
C2_p3__lamarckian__s18,C2_p3__lamarckian,C2_p3,C2,lamarckian,18,600,train,50,1.8,6,6,58.24016538218385,0.9583333333333334,0.5,343.0,0.0,0.0,248.0,106.0,0.0,0.0,0.0,71.0,0.0,0.0,16.0,27.0,0.0,0.0,0.0,0.0,0.0,0.0,16.0,0.0,0.0,0.0,0.0
C2_p3__lamarckian__s18,C2_p3__lamarckian,C2_p3,C2,lamarckian,18,650,train,50,1.86,9,9,35.86316398511875,0.9583333333333334,0.5,286.0,0.0,0.0,275.0,89.0,0.0,0.0,0.0,85.0,0.0,0.0,21.0,30.0,0.0,0.0,0.0,0.0,0.0,0.0,21.0,0.0,0.0,0.0,0.0
C2_p3__lamarckian__s18,C2_p3__lamarckian,C2_p3,C2,lamarckian,18,700,train,50,2.04,9,9,37.63136810741307,0.9791666666666666,0.5,279.0,0.0,0.0,255.0,76.0,0.0,0.0,0.0,76.0,0.0,0.0,15.0,25.0,0.0,0.0,0.0,0.0,0.0,0.0,15.0,0.0,0.0,0.0,0.0
C2_p3__lamarckian__s18,C2_p3__lamarckian,C2_p3,C2,lamarckian,18,750,train,48,2.125,7,9,62.12493614703579,0.875,0.5,132.0,0.0,0.0,419.0,54.0,0.0,0.0,0.0,59.0,0.0,0.0,23.0,25.0,0.0,0.0,0.0,0.0,0.0,0.0,23.0,0.0,0.0,0.0,0.0
C2_p3__lamarckian__s18,C2_p3__lamarckian,C2_p3,C2,lamarckian,18,800,train,43,2.186046511627907,5,10,46.98344714096123,0.9791666666666666,0.5,214.0,0.0,0.0,391.0,85.0,0.0,0.0,0.0,83.0,0.0,0.0,24.0,29.0,0.0,0.0,0.0,0.0,0.0,0.0,24.0,0.0,0.0,0.0,0.0
C2_p3__lamarckian__s18,C2_p3__lamarckian,C2_p3,C2,lamarckian,18,850,train,38,2.210526315789474,2,7,68.26485399887011,0.8958333333333334,0.5,188.0,0.0,0.0,251.0,64.0,0.0,0.0,0.0,76.0,0.0,0.0,15.0,32.0,0.0,0.0,0.0,0.0,0.0,0.0,15.0,0.0,0.0,0.0,0.0
C2_p3__lamarckian__s18,C2_p3__lamarckian,C2_p3,C2,lamarckian,18,900,train,36,2.4444444444444446,5,7,55.137757419251386,0.9375,0.5,212.0,0.0,0.0,226.0,64.0,0.0,0.0,0.0,83.0,0.0,0.0,14.0,31.0,0.0,0.0,0.0,0.0,0.0,0.0,14.0,0.0,0.0,0.0,0.0
C2_p3__lamarckian__s18,C2_p3__lamarckian,C2_p3,C2,lamarckian,18,950,train,38,2.6315789473684212,7,5,57.261555631782485,0.9583333333333334,0.5,183.0,0.0,0.0,230.0,42.0,0.0,0.0,0.0,83.0,0.0,0.0,18.0,23.0,0.0,0.0,0.0,0.0,0.0,0.0,18.0,0.0,0.0,0.0,0.0
C2_p3__lamarckian__s18,C2_p3__lamarckian,C2_p3,C2,lamarckian,18,1000,train,37,2.7027027027027026,5,6,48.580303363231316,0.9375,0.5,178.0,0.0,0.0,284.0,52.0,0.0,0.0,0.0,73.0,0.0,0.0,19.0,37.0,0.0,0.0,0.0,0.0,0.0,0.0,19.0,0.0,0.0,0.0,0.0
C2_p3__lamarckian__s18,C2_p3__lamarckian,C2_p3,C2,lamarckian,18,1050,train,32,3.0,5,10,70.81915644029081,0.8333333333333334,0.5,155.0,0.0,0.0,264.0,46.0,0.0,0.0,0.0,76.0,0.0,0.0,19.0,27.0,0.0,0.0,0.0,0.0,0.0,0.0,19.0,0.0,0.0,0.0,0.0
C2_p3__lamarckian__s18,C2_p3__lamarckian,C2_p3,C2,lamarckian,18,1100,train,39,3.282051282051282,12,5,56.94883617297951,0.9583333333333334,0.5,181.0,0.0,0.0,243.0,58.0,0.0,0.0,0.0,82.0,0.0,0.0,18.0,34.0,0.0,0.0,0.0,0.0,0.0,0.0,18.0,0.0,0.0,0.0,0.0
C2_p3__lamarckian__s18,C2_p3__lamarckian,C2_p3,C2,lamarckian,18,1150,train,39,3.4358974358974357,4,4,62.174705649725254,0.8958333333333334,0.5,147.0,0.0,0.0,172.0,57.0,0.0,0.0,0.0,87.0,0.0,0.0,14.0,25.0,0.0,0.0,0.0,0.0,0.0,0.0,14.0,0.0,0.0,0.0,0.0
C2_p3__lamarckian__s18,C2_p3__lamarckian,C2_p3,C2,lamarckian,18,1200,train,39,3.717948717948718,9,9,57.07665817736878,0.9375,0.5,143.0,0.0,0.0,187.0,45.0,0.0,0.0,0.0,81.0,0.0,0.0,13.0,33.0,0.0,0.0,0.0,0.0,0.0,0.0,13.0,0.0,0.0,0.0,0.0
C2_p3__lamarckian__s18,C2_p3__lamarckian,C2_p3,C2,lamarckian,18,1250,train,43,3.9302325581395348,9,5,60.828706759532764,0.8958333333333334,0.5,155.0,0.0,0.0,175.0,56.0,0.0,0.0,0.0,89.0,0.0,0.0,7.0,34.0,0.0,0.0,0.0,0.0,0.0,0.0,7.0,0.0,0.0,0.0,0.0
C2_p3__lamarckian__s18,C2_p3__lamarckian,C2_p3,C2,lamarckian,18,1300,train,45,4.133333333333334,7,5,35.7566875040214,1.0,0.5,128.0,0.0,0.0,224.0,34.0,0.0,0.0,0.0,79.0,0.0,0.0,18.0,24.0,0.0,0.0,0.0,0.0,0.0,0.0,18.0,0.0,0.0,0.0,0.0
C2_p3__lamarckian__s18,C2_p3__lamarckian,C2_p3,C2,lamarckian,18,1350,train,38,4.342105263157895,4,11,66.61712611464742,0.8958333333333334,0.5,122.0,0.0,0.0,260.0,40.0,0.0,0.0,0.0,72.0,0.0,0.0,16.0,27.0,0.0,0.0,0.0,0.0,0.0,0.0,16.0,0.0,0.0,0.0,0.0
C2_p3__lamarckian__s18,C2_p3__lamarckian,C2_p3,C2,lamarckian,18,1400,train,41,4.487804878048781,8,5,49.95208430999131,0.9791666666666666,0.5,148.0,0.0,0.0,194.0,50.0,0.0,0.0,0.0,74.0,0.0,0.0,15.0,31.0,0.0,0.0,0.0,0.0,0.0,0.0,15.0,0.0,0.0,0.0,0.0
C2_p3__lamarckian__s18,C2_p3__lamarckian,C2_p3,C2,lamarckian,18,1450,train,37,4.783783783783784,3,7,50.47208745547063,0.9375,0.5,136.0,0.0,0.0,199.0,53.0,0.0,0.0,0.0,85.0,0.0,0.0,14.0,25.0,0.0,0.0,0.0,0.0,0.0,0.0,14.0,0.0,0.0,0.0,0.0
C2_p3__lamarckian__s18,C2_p3__lamarckian,C2_p3,C2,lamarckian,18,1500,train,41,4.902439024390244,5,1,39.07754111434137,0.9791666666666666,0.5,166.0,0.0,0.0,207.0,67.0,0.0,0.0,0.0,94.0,0.0,0.0,17.0,31.0,0.0,0.0,0.0,0.0,0.0,0.0,17.0,0.0,0.0,0.0,0.0
C2_p3__lamarckian__s18,C2_p3__lamarckian,C2_p3,C2,lamarckian,18,1550,eval,37,4.837837837837838,2,6,49.11590710652426,0.9375,0.5,191.0,0.0,0.0,283.0,32.0,0.0,0.0,87.0,87.0,0.0,0.0,13.0,17.0,0.0,0.0,12.0,0.0,0.0,0.0,13.0,0.0,0.0,0.0,12.0
C2_p3__lamarckian__s18,C2_p3__lamarckian,C2_p3,C2,lamarckian,18,1600,eval,41,5.0,7,3,40.197596208962366,0.9583333333333334,0.5,247.0,0.0,0.0,194.0,19.0,0.0,0.0,90.0,99.0,0.0,0.0,11.0,16.0,0.0,0.0,9.0,0.0,0.0,0.0,11.0,0.0,0.0,0.0,9.0
C2_p3__lamarckian__s18,C2_p3__lamarckian,C2_p3,C2,lamarckian,18,1650,eval,36,5.083333333333333,5,10,50.73639927987389,0.9375,0.5,196.0,0.0,0.0,310.0,30.0,0.0,0.0,97.0,95.0,0.0,0.0,14.0,16.0,0.0,0.0,10.0,0.0,0.0,0.0,14.0,0.0,0.0,0.0,10.0
C2_p3__lamarckian__s18,C2_p3__lamarckian,C2_p3,C2,lamarckian,18,1700,eval,34,5.470588235294118,8,10,80.54173392091805,0.8541666666666666,0.5,188.0,0.0,0.0,196.0,35.0,0.0,0.0,55.0,78.0,0.0,0.0,17.0,19.0,0.0,0.0,6.0,0.0,0.0,0.0,17.0,0.0,0.0,0.0,6.0
C2_p3__lamarckian__s18,C2_p3__lamarckian,C2_p3,C2,lamarckian,18,1750,eval,40,5.875,9,3,47.637845714407135,0.9583333333333334,0.5,160.0,0.0,0.0,221.0,74.0,0.0,0.0,47.0,87.0,0.0,0.0,20.0,26.0,0.0,0.0,2.0,0.0,0.0,0.0,20.0,0.0,0.0,0.0,2.0
C2_p3__lamarckian__s18,C2_p3__lamarckian,C2_p3,C2,lamarckian,18,1800,eval,43,5.953488372093023,8,5,49.341876520217184,0.9166666666666666,0.5,151.0,0.0,0.0,336.0,65.0,0.0,0.0,98.0,77.0,0.0,0.0,23.0,30.0,0.0,0.0,8.0,0.0,0.0,0.0,23.0,0.0,0.0,0.0,8.0
C2_p3__lamarckian__s19,C2_p3__lamarckian,C2_p3,C2,lamarckian,19,50,train,50,0.74,31,1,60.441920410683714,0.8958333333333334,0.5,235.0,0.0,0.0,298.0,125.0,0.0,0.0,0.0,47.0,0.0,0.0,46.0,28.0,0.0,0.0,0.0,0.0,0.0,0.0,46.0,0.0,0.0,0.0,0.0
C2_p3__lamarckian__s19,C2_p3__lamarckian,C2_p3,C2,lamarckian,19,100,train,50,0.8,8,8,62.460589473538604,0.8541666666666666,0.5,257.0,0.0,0.0,411.0,58.0,0.0,0.0,0.0,40.0,0.0,0.0,40.0,21.0,0.0,0.0,0.0,0.0,0.0,0.0,40.0,0.0,0.0,0.0,0.0
C2_p3__lamarckian__s19,C2_p3__lamarckian,C2_p3,C2,lamarckian,19,150,train,50,0.98,5,5,83.72861721857629,0.8958333333333334,0.5,174.0,0.0,0.0,297.0,105.0,0.0,0.0,0.0,48.0,0.0,0.0,35.0,36.0,0.0,0.0,0.0,0.0,0.0,0.0,35.0,0.0,0.0,0.0,0.0
C2_p3__lamarckian__s19,C2_p3__lamarckian,C2_p3,C2,lamarckian,19,200,train,50,1.14,11,11,63.33485413150987,0.9375,0.5,263.0,0.0,0.0,380.0,54.0,0.0,0.0,0.0,41.0,0.0,0.0,38.0,22.0,0.0,0.0,0.0,0.0,0.0,0.0,38.0,0.0,0.0,0.0,0.0
C2_p3__lamarckian__s19,C2_p3__lamarckian,C2_p3,C2,lamarckian,19,250,train,50,1.34,11,11,73.48253264010165,0.8958333333333334,0.5,300.0,0.0,0.0,419.0,72.0,0.0,0.0,0.0,68.0,0.0,0.0,34.0,22.0,0.0,0.0,0.0,0.0,0.0,0.0,34.0,0.0,0.0,0.0,0.0
C2_p3__lamarckian__s19,C2_p3__lamarckian,C2_p3,C2,lamarckian,19,300,train,50,1.4,9,9,67.8293640110812,0.8541666666666666,0.5,276.0,0.0,0.0,424.0,49.0,0.0,0.0,0.0,69.0,0.0,0.0,15.0,26.0,0.0,0.0,0.0,0.0,0.0,0.0,15.0,0.0,0.0,0.0,0.0
C2_p3__lamarckian__s19,C2_p3__lamarckian,C2_p3,C2,lamarckian,19,350,train,50,1.5,8,8,57.85067610887445,0.9375,0.5,230.0,0.0,0.0,376.0,46.0,0.0,0.0,0.0,67.0,0.0,0.0,24.0,25.0,0.0,0.0,0.0,0.0,0.0,0.0,24.0,0.0,0.0,0.0,0.0
C2_p3__lamarckian__s19,C2_p3__lamarckian,C2_p3,C2,lamarckian,19,400,train,50,1.54,8,8,77.6103248941535,0.8958333333333334,0.5,268.0,0.0,0.0,421.0,44.0,0.0,0.0,0.0,62.0,0.0,0.0,24.0,28.0,0.0,0.0,0.0,0.0,0.0,0.0,24.0,0.0,0.0,0.0,0.0
C2_p3__lamarckian__s19,C2_p3__lamarckian,C2_p3,C2,lamarckian,19,450,train,50,1.7,7,7,78.98997219176108,0.8958333333333334,0.5,261.0,0.0,0.0,316.0,30.0,0.0,0.0,0.0,77.0,0.0,0.0,26.0,17.0,0.0,0.0,0.0,0.0,0.0,0.0,26.0,0.0,0.0,0.0,0.0
C2_p3__lamarckian__s19,C2_p3__lamarckian,C2_p3,C2,lamarckian,19,500,train,44,2.0454545454545454,6,12,60.576810605977535,0.9791666666666666,0.5,201.0,0.0,0.0,315.0,64.0,0.0,0.0,0.0,67.0,0.0,0.0,20.0,32.0,0.0,0.0,0.0,0.0,0.0,0.0,20.0,0.0,0.0,0.0,0.0
C2_p3__lamarckian__s19,C2_p3__lamarckian,C2_p3,C2,lamarckian,19,550,train,38,2.473684210526316,9,15,46.53667173282376,0.9791666666666666,0.5,238.0,0.0,0.0,331.0,49.0,0.0,0.0,0.0,78.0,0.0,0.0,26.0,29.0,0.0,0.0,0.0,0.0,0.0,0.0,26.0,0.0,0.0,0.0,0.0
C2_p3__lamarckian__s19,C2_p3__lamarckian,C2_p3,C2,lamarckian,19,600,train,45,2.688888888888889,10,3,37.60927785507191,1.0,0.5,192.0,0.0,0.0,501.0,68.0,0.0,0.0,0.0,57.0,0.0,0.0,38.0,35.0,0.0,0.0,0.0,0.0,0.0,0.0,38.0,0.0,0.0,0.0,0.0
C2_p3__lamarckian__s19,C2_p3__lamarckian,C2_p3,C2,lamarckian,19,650,train,41,2.7804878048780486,4,8,50.11877550824686,0.9166666666666666,0.5,244.0,0.0,0.0,428.0,54.0,0.0,0.0,0.0,69.0,0.0,0.0,34.0,26.0,0.0,0.0,0.0,0.0,0.0,0.0,34.0,0.0,0.0,0.0,0.0
C2_p3__lamarckian__s19,C2_p3__lamarckian,C2_p3,C2,lamarckian,19,700,train,37,2.945945945945946,5,9,56.36410595941246,0.9583333333333334,0.5,257.0,0.0,0.0,314.0,32.0,0.0,0.0,0.0,80.0,0.0,0.0,18.0,26.0,0.0,0.0,0.0,0.0,0.0,0.0,18.0,0.0,0.0,0.0,0.0
C2_p3__lamarckian__s19,C2_p3__lamarckian,C2_p3,C2,lamarckian,19,750,train,37,3.081081081081081,5,5,67.74882585784508,0.9583333333333334,0.5,200.0,0.0,0.0,255.0,33.0,0.0,0.0,0.0,74.0,0.0,0.0,14.0,27.0,0.0,0.0,0.0,0.0,0.0,0.0,14.0,0.0,0.0,0.0,0.0
C2_p3__lamarckian__s19,C2_p3__lamarckian,C2_p3,C2,lamarckian,19,800,train,41,3.2439024390243905,8,4,65.38669010986457,0.8958333333333334,0.5,185.0,0.0,0.0,402.0,65.0,0.0,0.0,0.0,81.0,0.0,0.0,22.0,34.0,0.0,0.0,0.0,0.0,0.0,0.0,22.0,0.0,0.0,0.0,0.0
C2_p3__lamarckian__s19,C2_p3__lamarckian,C2_p3,C2,lamarckian,19,850,train,44,3.2954545454545454,5,2,38.42785137239063,0.9791666666666666,0.5,220.0,0.0,0.0,294.0,71.0,0.0,0.0,0.0,79.0,0.0,0.0,22.0,37.0,0.0,0.0,0.0,0.0,0.0,0.0,22.0,0.0,0.0,0.0,0.0
C2_p3__lamarckian__s19,C2_p3__lamarckian,C2_p3,C2,lamarckian,19,900,train,41,3.3658536585365852,4,7,30.449443290907848,1.0,0.5,217.0,0.0,0.0,332.0,78.0,0.0,0.0,0.0,88.0,0.0,0.0,18.0,34.0,0.0,0.0,0.0,0.0,0.0,0.0,18.0,0.0,0.0,0.0,0.0
C2_p3__lamarckian__s19,C2_p3__lamarckian,C2_p3,C2,lamarckian,19,950,train,41,3.4390243902439024,6,6,64.79665746832245,0.9166666666666666,0.5,165.0,0.0,0.0,395.0,61.0,0.0,0.0,0.0,68.0,0.0,0.0,21.0,33.0,0.0,0.0,0.0,0.0,0.0,0.0,21.0,0.0,0.0,0.0,0.0
C2_p3__lamarckian__s19,C2_p3__lamarckian,C2_p3,C2,lamarckian,19,1000,train,32,3.6875,6,15,72.0337175411338,0.875,0.5,166.0,0.0,0.0,341.0,68.0,0.0,0.0,0.0,83.0,0.0,0.0,30.0,29.0,0.0,0.0,0.0,0.0,0.0,0.0,30.0,0.0,0.0,0.0,0.0
C2_p3__lamarckian__s19,C2_p3__lamarckian,C2_p3,C2,lamarckian,19,1050,train,37,4.054054054054054,11,6,52.98171445654995,0.9375,0.5,183.0,0.0,0.0,303.0,61.0,0.0,0.0,0.0,84.0,0.0,0.0,14.0,29.0,0.0,0.0,0.0,0.0,0.0,0.0,14.0,0.0,0.0,0.0,0.0
C2_p3__lamarckian__s19,C2_p3__lamarckian,C2_p3,C2,lamarckian,19,1100,train,39,4.3076923076923075,6,4,41.513045116418155,0.9791666666666666,0.5,126.0,0.0,0.0,227.0,75.0,0.0,0.0,0.0,66.0,0.0,0.0,25.0,33.0,0.0,0.0,0.0,0.0,0.0,0.0,25.0,0.0,0.0,0.0,0.0
C2_p3__lamarckian__s19,C2_p3__lamarckian,C2_p3,C2,lamarckian,19,1150,train,40,4.35,8,7,48.7429081128962,0.9166666666666666,0.5,178.0,0.0,0.0,350.0,53.0,0.0,0.0,0.0,79.0,0.0,0.0,25.0,27.0,0.0,0.0,0.0,0.0,0.0,0.0,25.0,0.0,0.0,0.0,0.0
C2_p3__lamarckian__s19,C2_p3__lamarckian,C2_p3,C2,lamarckian,19,1200,train,36,4.5,2,6,58.28384139623024,0.9583333333333334,0.5,163.0,0.0,0.0,261.0,47.0,0.0,0.0,0.0,72.0,0.0,0.0,23.0,28.0,0.0,0.0,0.0,0.0,0.0,0.0,23.0,0.0,0.0,0.0,0.0
C2_p3__lamarckian__s19,C2_p3__lamarckian,C2_p3,C2,lamarckian,19,1250,train,32,4.625,1,5,55.98444486599843,0.9166666666666666,0.5,222.0,0.0,0.0,265.0,81.0,0.0,0.0,0.0,84.0,0.0,0.0,29.0,30.0,0.0,0.0,0.0,0.0,0.0,0.0,29.0,0.0,0.0,0.0,0.0
C2_p3__lamarckian__s19,C2_p3__lamarckian,C2_p3,C2,lamarckian,19,1300,train,33,4.9393939393939394,10,9,58.17360147923751,0.9375,0.5,180.0,0.0,0.0,242.0,65.0,0.0,0.0,0.0,76.0,0.0,0.0,17.0,26.0,0.0,0.0,0.0,0.0,0.0,0.0,17.0,0.0,0.0,0.0,0.0
C2_p3__lamarckian__s19,C2_p3__lamarckian,C2_p3,C2,lamarckian,19,1350,train,37,5.1891891891891895,8,4,45.20130992328174,0.9375,0.5,166.0,0.0,0.0,307.0,58.0,0.0,0.0,0.0,78.0,0.0,0.0,17.0,32.0,0.0,0.0,0.0,0.0,0.0,0.0,17.0,0.0,0.0,0.0,0.0
C2_p3__lamarckian__s19,C2_p3__lamarckian,C2_p3,C2,lamarckian,19,1400,train,40,5.225,7,4,44.70370576580465,0.9583333333333334,0.5,182.0,0.0,0.0,269.0,72.0,0.0,0.0,0.0,80.0,0.0,0.0,14.0,34.0,0.0,0.0,0.0,0.0,0.0,0.0,14.0,0.0,0.0,0.0,0.0
C2_p3__lamarckian__s19,C2_p3__lamarckian,C2_p3,C2,lamarckian,19,1450,train,39,5.205128205128205,4,5,38.69754675405624,1.0,0.5,156.0,0.0,0.0,296.0,66.0,0.0,0.0,0.0,73.0,0.0,0.0,26.0,36.0,0.0,0.0,0.0,0.0,0.0,0.0,26.0,0.0,0.0,0.0,0.0
C2_p3__lamarckian__s19,C2_p3__lamarckian,C2_p3,C2,lamarckian,19,1500,train,35,5.314285714285714,3,7,78.70250047670976,0.8958333333333334,0.5,191.0,0.0,0.0,234.0,46.0,0.0,0.0,0.0,91.0,0.0,0.0,18.0,25.0,0.0,0.0,0.0,0.0,0.0,0.0,18.0,0.0,0.0,0.0,0.0
C2_p3__lamarckian__s19,C2_p3__lamarckian,C2_p3,C2,lamarckian,19,1550,eval,33,5.515151515151516,4,6,100.99564247189252,0.8541666666666666,0.5,183.0,0.0,0.0,310.0,25.0,0.0,0.0,81.0,74.0,0.0,0.0,17.0,16.0,0.0,0.0,8.0,0.0,0.0,0.0,17.0,0.0,0.0,0.0,8.0
C2_p3__lamarckian__s19,C2_p3__lamarckian,C2_p3,C2,lamarckian,19,1600,eval,41,5.853658536585366,13,5,46.532153032667495,0.9791666666666666,0.5,228.0,0.0,0.0,244.0,45.0,0.0,0.0,59.0,102.0,0.0,0.0,14.0,30.0,0.0,0.0,7.0,0.0,0.0,0.0,14.0,0.0,0.0,0.0,7.0
C2_p3__lamarckian__s19,C2_p3__lamarckian,C2_p3,C2,lamarckian,19,1650,eval,39,6.0256410256410255,4,6,46.90862663706743,0.9791666666666666,0.5,225.0,0.0,0.0,465.0,49.0,0.0,0.0,58.0,78.0,0.0,0.0,31.0,20.0,0.0,0.0,10.0,0.0,0.0,0.0,31.0,0.0,0.0,0.0,10.0
C2_p3__lamarckian__s19,C2_p3__lamarckian,C2_p3,C2,lamarckian,19,1700,eval,38,6.078947368421052,5,6,60.56572835380905,0.9375,0.5,297.0,0.0,0.0,268.0,63.0,0.0,0.0,23.0,101.0,0.0,0.0,9.0,30.0,0.0,0.0,0.0,0.0,0.0,0.0,9.0,0.0,0.0,0.0,0.0
C2_p3__lamarckian__s19,C2_p3__lamarckian,C2_p3,C2,lamarckian,19,1750,eval,46,6.434782608695652,11,3,37.09870918900994,0.9791666666666666,0.5,350.0,0.0,0.0,259.0,47.0,0.0,0.0,40.0,104.0,0.0,0.0,17.0,30.0,0.0,0.0,4.0,0.0,0.0,0.0,17.0,0.0,0.0,0.0,4.0
C2_p3__lamarckian__s19,C2_p3__lamarckian,C2_p3,C2,lamarckian,19,1800,eval,39,6.743589743589744,5,12,40.94759213276872,0.9375,0.5,253.0,0.0,0.0,290.0,56.0,0.0,0.0,55.0,93.0,0.0,0.0,15.0,26.0,0.0,0.0,6.0,0.0,0.0,0.0,15.0,0.0,0.0,0.0,6.0
C2_p3__lamarckian__s20,C2_p3__lamarckian,C2_p3,C2,lamarckian,20,50,train,50,0.72,31,1,45.84730042187232,0.9583333333333334,0.5,228.0,0.0,0.0,201.0,36.0,0.0,0.0,0.0,53.0,0.0,0.0,41.0,25.0,0.0,0.0,0.0,0.0,0.0,0.0,41.0,0.0,0.0,0.0,0.0
C2_p3__lamarckian__s20,C2_p3__lamarckian,C2_p3,C2,lamarckian,20,100,train,50,0.78,11,11,65.40478502331908,0.9583333333333334,0.5,222.0,0.0,0.0,343.0,58.0,0.0,0.0,0.0,38.0,0.0,0.0,43.0,23.0,0.0,0.0,0.0,0.0,0.0,0.0,43.0,0.0,0.0,0.0,0.0
C2_p3__lamarckian__s20,C2_p3__lamarckian,C2_p3,C2,lamarckian,20,150,train,48,0.875,9,11,45.360504594281586,0.9583333333333334,0.5,318.0,0.0,0.0,335.0,98.0,0.0,0.0,0.0,46.0,0.0,0.0,38.0,37.0,0.0,0.0,0.0,0.0,0.0,0.0,38.0,0.0,0.0,0.0,0.0
C2_p3__lamarckian__s20,C2_p3__lamarckian,C2_p3,C2,lamarckian,20,200,train,44,1.0,8,12,103.6376050733229,0.8125,0.5,343.0,0.0,0.0,381.0,48.0,0.0,0.0,0.0,51.0,0.0,0.0,34.0,20.0,0.0,0.0,0.0,0.0,0.0,0.0,34.0,0.0,0.0,0.0,0.0
C2_p3__lamarckian__s20,C2_p3__lamarckian,C2_p3,C2,lamarckian,20,250,train,45,1.1555555555555554,11,10,66.49120838356546,0.9166666666666666,0.5,270.0,0.0,0.0,343.0,110.0,0.0,0.0,0.0,42.0,0.0,0.0,40.0,30.0,0.0,0.0,0.0,0.0,0.0,0.0,40.0,0.0,0.0,0.0,0.0
C2_p3__lamarckian__s20,C2_p3__lamarckian,C2_p3,C2,lamarckian,20,300,train,46,1.173913043478261,11,10,113.12761853617134,0.7916666666666666,0.5,327.0,0.0,0.0,426.0,64.0,0.0,0.0,0.0,56.0,0.0,0.0,31.0,17.0,0.0,0.0,0.0,0.0,0.0,0.0,31.0,0.0,0.0,0.0,0.0
C2_p3__lamarckian__s20,C2_p3__lamarckian,C2_p3,C2,lamarckian,20,350,train,50,1.26,14,10,36.989092743866664,0.9583333333333334,0.5,451.0,0.0,0.0,344.0,140.0,0.0,0.0,0.0,70.0,0.0,0.0,24.0,33.0,0.0,0.0,0.0,0.0,0.0,0.0,24.0,0.0,0.0,0.0,0.0
C2_p3__lamarckian__s20,C2_p3__lamarckian,C2_p3,C2,lamarckian,20,400,train,50,1.18,6,6,67.13800387166826,0.8541666666666666,0.5,347.0,0.0,0.0,486.0,90.0,0.0,0.0,0.0,59.0,0.0,0.0,26.0,24.0,0.0,0.0,0.0,0.0,0.0,0.0,26.0,0.0,0.0,0.0,0.0
C2_p3__lamarckian__s20,C2_p3__lamarckian,C2_p3,C2,lamarckian,20,450,train,50,1.18,7,7,68.05780933336682,0.8958333333333334,0.5,274.0,0.0,0.0,534.0,80.0,0.0,0.0,0.0,54.0,0.0,0.0,28.0,23.0,0.0,0.0,0.0,0.0,0.0,0.0,28.0,0.0,0.0,0.0,0.0
C2_p3__lamarckian__s20,C2_p3__lamarckian,C2_p3,C2,lamarckian,20,500,train,43,1.558139534883721,10,17,67.89888381354218,0.875,0.5,326.0,0.0,0.0,547.0,146.0,0.0,0.0,0.0,67.0,0.0,0.0,23.0,39.0,0.0,0.0,0.0,0.0,0.0,0.0,23.0,0.0,0.0,0.0,0.0
C2_p3__lamarckian__s20,C2_p3__lamarckian,C2_p3,C2,lamarckian,20,550,train,50,1.9,15,8,104.20996939435054,0.7916666666666666,0.5,240.0,0.0,0.0,382.0,72.0,0.0,0.0,0.0,64.0,0.0,0.0,21.0,29.0,0.0,0.0,0.0,0.0,0.0,0.0,21.0,0.0,0.0,0.0,0.0
C2_p3__lamarckian__s20,C2_p3__lamarckian,C2_p3,C2,lamarckian,20,600,train,50,2.12,10,10,62.16325731140307,0.9583333333333334,0.5,291.0,0.0,0.0,432.0,67.0,0.0,0.0,0.0,57.0,0.0,0.0,34.0,29.0,0.0,0.0,0.0,0.0,0.0,0.0,34.0,0.0,0.0,0.0,0.0
C2_p3__lamarckian__s20,C2_p3__lamarckian,C2_p3,C2,lamarckian,20,650,train,50,2.08,5,5,59.78850264823073,0.9166666666666666,0.5,240.0,0.0,0.0,386.0,72.0,0.0,0.0,0.0,68.0,0.0,0.0,19.0,35.0,0.0,0.0,0.0,0.0,0.0,0.0,19.0,0.0,0.0,0.0,0.0
C2_p3__lamarckian__s20,C2_p3__lamarckian,C2_p3,C2,lamarckian,20,700,train,50,2.16,9,9,43.29443994616071,0.9583333333333334,0.5,119.0,0.0,0.0,505.0,77.0,0.0,0.0,0.0,67.0,0.0,0.0,20.0,39.0,0.0,0.0,0.0,0.0,0.0,0.0,20.0,0.0,0.0,0.0,0.0
C2_p3__lamarckian__s20,C2_p3__lamarckian,C2_p3,C2,lamarckian,20,750,train,50,2.48,9,9,38.260912185191856,0.9583333333333334,0.5,188.0,0.0,0.0,313.0,70.0,0.0,0.0,0.0,70.0,0.0,0.0,18.0,35.0,0.0,0.0,0.0,0.0,0.0,0.0,18.0,0.0,0.0,0.0,0.0
C2_p3__lamarckian__s20,C2_p3__lamarckian,C2_p3,C2,lamarckian,20,800,train,46,2.6739130434782608,6,10,39.05531901105248,1.0,0.5,160.0,0.0,0.0,253.0,51.0,0.0,0.0,0.0,76.0,0.0,0.0,23.0,27.0,0.0,0.0,0.0,0.0,0.0,0.0,23.0,0.0,0.0,0.0,0.0
C2_p3__lamarckian__s20,C2_p3__lamarckian,C2_p3,C2,lamarckian,20,850,train,43,2.9069767441860463,4,7,43.1657850129735,0.9791666666666666,0.5,167.0,0.0,0.0,216.0,73.0,0.0,0.0,0.0,74.0,0.0,0.0,11.0,40.0,0.0,0.0,0.0,0.0,0.0,0.0,11.0,0.0,0.0,0.0,0.0
C2_p3__lamarckian__s20,C2_p3__lamarckian,C2_p3,C2,lamarckian,20,900,train,40,2.9,4,7,51.537809706653334,0.9583333333333334,0.5,185.0,0.0,0.0,303.0,96.0,0.0,0.0,0.0,88.0,0.0,0.0,14.0,38.0,0.0,0.0,0.0,0.0,0.0,0.0,14.0,0.0,0.0,0.0,0.0
C2_p3__lamarckian__s20,C2_p3__lamarckian,C2_p3,C2,lamarckian,20,950,train,39,2.9743589743589745,6,7,44.86266649328965,0.9791666666666666,0.5,127.0,0.0,0.0,278.0,57.0,0.0,0.0,0.0,77.0,0.0,0.0,19.0,40.0,0.0,0.0,0.0,0.0,0.0,0.0,19.0,0.0,0.0,0.0,0.0
C2_p3__lamarckian__s20,C2_p3__lamarckian,C2_p3,C2,lamarckian,20,1000,train,39,3.1025641025641026,4,4,52.225092611153784,0.9583333333333334,0.5,118.0,0.0,0.0,263.0,66.0,0.0,0.0,0.0,64.0,0.0,0.0,14.0,39.0,0.0,0.0,0.0,0.0,0.0,0.0,14.0,0.0,0.0,0.0,0.0
C2_p3__lamarckian__s20,C2_p3__lamarckian,C2_p3,C2,lamarckian,20,1050,train,34,3.3823529411764706,5,10,64.5274015706326,0.9166666666666666,0.5,170.0,0.0,0.0,294.0,44.0,0.0,0.0,0.0,82.0,0.0,0.0,17.0,32.0,0.0,0.0,0.0,0.0,0.0,0.0,17.0,0.0,0.0,0.0,0.0
C2_p3__lamarckian__s20,C2_p3__lamarckian,C2_p3,C2,lamarckian,20,1100,train,35,3.8857142857142857,8,7,47.25652163674713,0.9791666666666666,0.5,130.0,0.0,0.0,299.0,61.0,0.0,0.0,0.0,68.0,0.0,0.0,17.0,37.0,0.0,0.0,0.0,0.0,0.0,0.0,17.0,0.0,0.0,0.0,0.0
C2_p3__lamarckian__s20,C2_p3__lamarckian,C2_p3,C2,lamarckian,20,1150,train,37,4.1891891891891895,7,5,63.25769932040695,0.9583333333333334,0.5,131.0,0.0,0.0,257.0,69.0,0.0,0.0,0.0,70.0,0.0,0.0,26.0,30.0,0.0,0.0,0.0,0.0,0.0,0.0,26.0,0.0,0.0,0.0,0.0
C2_p3__lamarckian__s20,C2_p3__lamarckian,C2_p3,C2,lamarckian,20,1200,train,37,4.486486486486487,8,8,47.67068371058757,0.9791666666666666,0.5,174.0,0.0,0.0,266.0,78.0,0.0,0.0,0.0,90.0,0.0,0.0,18.0,36.0,0.0,0.0,0.0,0.0,0.0,0.0,18.0,0.0,0.0,0.0,0.0
C2_p3__lamarckian__s20,C2_p3__lamarckian,C2_p3,C2,lamarckian,20,1250,train,45,4.777777777777778,12,4,50.21443586122352,0.9166666666666666,0.5,210.0,0.0,0.0,281.0,59.0,0.0,0.0,0.0,79.0,0.0,0.0,16.0,35.0,0.0,0.0,0.0,0.0,0.0,0.0,16.0,0.0,0.0,0.0,0.0
C2_p3__lamarckian__s20,C2_p3__lamarckian,C2_p3,C2,lamarckian,20,1300,train,47,4.787234042553192,6,4,36.966322977110295,1.0,0.5,153.0,0.0,0.0,258.0,43.0,0.0,0.0,0.0,76.0,0.0,0.0,18.0,31.0,0.0,0.0,0.0,0.0,0.0,0.0,18.0,0.0,0.0,0.0,0.0
C2_p3__lamarckian__s20,C2_p3__lamarckian,C2_p3,C2,lamarckian,20,1350,train,43,4.906976744186046,3,7,66.83911912369209,0.8958333333333334,0.5,120.0,0.0,0.0,329.0,43.0,0.0,0.0,0.0,71.0,0.0,0.0,17.0,31.0,0.0,0.0,0.0,0.0,0.0,0.0,17.0,0.0,0.0,0.0,0.0
C2_p3__lamarckian__s20,C2_p3__lamarckian,C2_p3,C2,lamarckian,20,1400,train,37,4.783783783783784,5,11,67.03377363970871,0.9166666666666666,0.5,153.0,0.0,0.0,321.0,92.0,0.0,0.0,0.0,67.0,0.0,0.0,17.0,41.0,0.0,0.0,0.0,0.0,0.0,0.0,17.0,0.0,0.0,0.0,0.0
C2_p3__lamarckian__s20,C2_p3__lamarckian,C2_p3,C2,lamarckian,20,1450,train,34,5.029411764705882,4,7,44.21912886435344,0.9583333333333334,0.5,190.0,0.0,0.0,294.0,86.0,0.0,0.0,0.0,88.0,0.0,0.0,19.0,45.0,0.0,0.0,0.0,0.0,0.0,0.0,19.0,0.0,0.0,0.0,0.0
C2_p3__lamarckian__s20,C2_p3__lamarckian,C2_p3,C2,lamarckian,20,1500,train,41,5.146341463414634,9,2,28.26597388584845,0.9791666666666666,0.5,149.0,0.0,0.0,233.0,73.0,0.0,0.0,0.0,87.0,0.0,0.0,13.0,32.0,0.0,0.0,0.0,0.0,0.0,0.0,13.0,0.0,0.0,0.0,0.0
C2_p3__lamarckian__s20,C2_p3__lamarckian,C2_p3,C2,lamarckian,20,1550,eval,36,5.277777777777778,2,7,41.80569576929036,0.9791666666666666,0.5,104.0,0.0,0.0,161.0,35.0,0.0,0.0,70.0,73.0,0.0,0.0,8.0,20.0,0.0,0.0,8.0,0.0,0.0,0.0,8.0,0.0,0.0,0.0,8.0
C2_p3__lamarckian__s20,C2_p3__lamarckian,C2_p3,C2,lamarckian,20,1600,eval,35,5.228571428571429,6,7,78.02961896258752,0.8958333333333334,0.5,114.0,0.0,0.0,213.0,27.0,0.0,0.0,49.0,73.0,0.0,0.0,16.0,15.0,0.0,0.0,4.0,0.0,0.0,0.0,16.0,0.0,0.0,0.0,4.0
C2_p3__lamarckian__s20,C2_p3__lamarckian,C2_p3,C2,lamarckian,20,1650,eval,35,5.314285714285714,7,7,49.815450367998935,1.0,0.5,118.0,0.0,0.0,238.0,43.0,0.0,0.0,111.0,77.0,0.0,0.0,20.0,28.0,0.0,0.0,8.0,0.0,0.0,0.0,20.0,0.0,0.0,0.0,8.0
C2_p3__lamarckian__s20,C2_p3__lamarckian,C2_p3,C2,lamarckian,20,1700,eval,36,5.416666666666667,8,7,34.613065338321356,0.9583333333333334,0.5,151.0,0.0,0.0,238.0,14.0,0.0,0.0,88.0,92.0,0.0,0.0,13.0,12.0,0.0,0.0,6.0,0.0,0.0,0.0,13.0,0.0,0.0,0.0,6.0
C2_p3__lamarckian__s20,C2_p3__lamarckian,C2_p3,C2,lamarckian,20,1750,eval,39,5.512820512820513,7,4,50.552550255585714,0.9166666666666666,0.5,201.0,0.0,0.0,327.0,33.0,0.0,0.0,66.0,75.0,0.0,0.0,13.0,23.0,0.0,0.0,8.0,0.0,0.0,0.0,13.0,0.0,0.0,0.0,8.0
C2_p3__lamarckian__s20,C2_p3__lamarckian,C2_p3,C2,lamarckian,20,1800,eval,39,5.538461538461538,7,7,59.315846988708344,1.0,0.5,140.0,0.0,0.0,317.0,54.0,0.0,0.0,45.0,85.0,0.0,0.0,15.0,25.0,0.0,0.0,2.0,0.0,0.0,0.0,15.0,0.0,0.0,0.0,2.0
C2_p3__lamarckian__s21,C2_p3__lamarckian,C2_p3,C2,lamarckian,21,50,train,50,0.76,30,0,102.66371131638235,0.7916666666666666,0.5,260.0,0.0,0.0,239.0,99.0,0.0,0.0,0.0,45.0,0.0,0.0,39.0,12.0,0.0,0.0,0.0,0.0,0.0,0.0,39.0,0.0,0.0,0.0,0.0
C2_p3__lamarckian__s21,C2_p3__lamarckian,C2_p3,C2,lamarckian,21,100,train,50,0.8,3,3,80.96611398984177,0.8958333333333334,0.5,313.0,0.0,0.0,372.0,50.0,0.0,0.0,0.0,61.0,0.0,0.0,32.0,10.0,0.0,0.0,0.0,0.0,0.0,0.0,32.0,0.0,0.0,0.0,0.0
C2_p3__lamarckian__s21,C2_p3__lamarckian,C2_p3,C2,lamarckian,21,150,train,50,0.8,5,5,69.85744096557775,0.9166666666666666,0.5,447.0,0.0,0.0,515.0,38.0,0.0,0.0,0.0,58.0,0.0,0.0,31.0,13.0,0.0,0.0,0.0,0.0,0.0,0.0,31.0,0.0,0.0,0.0,0.0
C2_p3__lamarckian__s21,C2_p3__lamarckian,C2_p3,C2,lamarckian,21,200,train,50,0.92,8,8,74.56282100405625,0.9166666666666666,0.5,368.0,0.0,0.0,336.0,48.0,0.0,0.0,0.0,69.0,0.0,0.0,25.0,13.0,0.0,0.0,0.0,0.0,0.0,0.0,25.0,0.0,0.0,0.0,0.0
C2_p3__lamarckian__s21,C2_p3__lamarckian,C2_p3,C2,lamarckian,21,250,train,50,0.96,12,12,76.05712958822404,0.875,0.5,463.0,0.0,0.0,475.0,71.0,0.0,0.0,0.0,58.0,0.0,0.0,28.0,16.0,0.0,0.0,0.0,0.0,0.0,0.0,28.0,0.0,0.0,0.0,0.0
C2_p3__lamarckian__s21,C2_p3__lamarckian,C2_p3,C2,lamarckian,21,300,train,50,0.98,3,3,77.258278271245,0.875,0.5,380.0,0.0,0.0,387.0,50.0,0.0,0.0,0.0,87.0,0.0,0.0,22.0,17.0,0.0,0.0,0.0,0.0,0.0,0.0,22.0,0.0,0.0,0.0,0.0
C2_p3__lamarckian__s21,C2_p3__lamarckian,C2_p3,C2,lamarckian,21,350,train,50,0.96,8,8,39.9570566688563,0.9791666666666666,0.5,294.0,0.0,0.0,407.0,75.0,0.0,0.0,0.0,77.0,0.0,0.0,29.0,18.0,0.0,0.0,0.0,0.0,0.0,0.0,29.0,0.0,0.0,0.0,0.0
C2_p3__lamarckian__s21,C2_p3__lamarckian,C2_p3,C2,lamarckian,21,400,train,50,1.12,10,10,78.10188085070435,0.8333333333333334,0.5,277.0,0.0,0.0,405.0,30.0,0.0,0.0,0.0,64.0,0.0,0.0,22.0,15.0,0.0,0.0,0.0,0.0,0.0,0.0,22.0,0.0,0.0,0.0,0.0
C2_p3__lamarckian__s21,C2_p3__lamarckian,C2_p3,C2,lamarckian,21,450,train,50,1.18,6,6,60.78050785741074,0.9166666666666666,0.5,369.0,0.0,0.0,460.0,44.0,0.0,0.0,0.0,69.0,0.0,0.0,28.0,19.0,0.0,0.0,0.0,0.0,0.0,0.0,28.0,0.0,0.0,0.0,0.0
C2_p3__lamarckian__s21,C2_p3__lamarckian,C2_p3,C2,lamarckian,21,500,train,49,1.510204081632653,9,10,58.29061333358843,0.9583333333333334,0.5,286.0,0.0,0.0,481.0,60.0,0.0,0.0,0.0,75.0,0.0,0.0,24.0,24.0,0.0,0.0,0.0,0.0,0.0,0.0,24.0,0.0,0.0,0.0,0.0
C2_p3__lamarckian__s21,C2_p3__lamarckian,C2_p3,C2,lamarckian,21,550,train,50,1.88,19,18,44.17043627590738,0.9375,0.5,270.0,0.0,0.0,360.0,53.0,0.0,0.0,0.0,86.0,0.0,0.0,16.0,20.0,0.0,0.0,0.0,0.0,0.0,0.0,16.0,0.0,0.0,0.0,0.0
C2_p3__lamarckian__s21,C2_p3__lamarckian,C2_p3,C2,lamarckian,21,600,train,50,1.96,5,5,44.09266638286533,0.9375,0.5,182.0,0.0,0.0,428.0,32.0,0.0,0.0,0.0,70.0,0.0,0.0,24.0,17.0,0.0,0.0,0.0,0.0,0.0,0.0,24.0,0.0,0.0,0.0,0.0
C2_p3__lamarckian__s21,C2_p3__lamarckian,C2_p3,C2,lamarckian,21,650,train,50,2.18,13,13,34.233711398664184,0.9791666666666666,0.5,234.0,0.0,0.0,481.0,60.0,0.0,0.0,0.0,80.0,0.0,0.0,26.0,20.0,0.0,0.0,0.0,0.0,0.0,0.0,26.0,0.0,0.0,0.0,0.0
C2_p3__lamarckian__s21,C2_p3__lamarckian,C2_p3,C2,lamarckian,21,700,train,48,2.3125,11,13,73.54326476115826,0.9375,0.5,203.0,0.0,0.0,561.0,33.0,0.0,0.0,0.0,64.0,0.0,0.0,29.0,12.0,0.0,0.0,0.0,0.0,0.0,0.0,29.0,0.0,0.0,0.0,0.0
C2_p3__lamarckian__s21,C2_p3__lamarckian,C2_p3,C2,lamarckian,21,750,train,42,2.5238095238095237,6,12,46.10322403257102,0.9791666666666666,0.5,252.0,0.0,0.0,494.0,50.0,0.0,0.0,0.0,86.0,0.0,0.0,30.0,17.0,0.0,0.0,0.0,0.0,0.0,0.0,30.0,0.0,0.0,0.0,0.0
C2_p3__lamarckian__s21,C2_p3__lamarckian,C2_p3,C2,lamarckian,21,800,train,44,2.6136363636363638,9,7,59.774370888476255,0.8958333333333334,0.5,269.0,0.0,0.0,398.0,20.0,0.0,0.0,0.0,74.0,0.0,0.0,19.0,17.0,0.0,0.0,0.0,0.0,0.0,0.0,19.0,0.0,0.0,0.0,0.0
C2_p3__lamarckian__s21,C2_p3__lamarckian,C2_p3,C2,lamarckian,21,850,train,46,2.717391304347826,7,5,65.90829876564706,0.875,0.5,247.0,0.0,0.0,357.0,24.0,0.0,0.0,0.0,89.0,0.0,0.0,14.0,10.0,0.0,0.0,0.0,0.0,0.0,0.0,14.0,0.0,0.0,0.0,0.0
C2_p3__lamarckian__s21,C2_p3__lamarckian,C2_p3,C2,lamarckian,21,900,train,46,2.847826086956522,5,5,42.22569979512569,0.9583333333333334,0.5,280.0,0.0,0.0,386.0,29.0,0.0,0.0,0.0,95.0,0.0,0.0,25.0,16.0,0.0,0.0,0.0,0.0,0.0,0.0,25.0,0.0,0.0,0.0,0.0
C2_p3__lamarckian__s21,C2_p3__lamarckian,C2_p3,C2,lamarckian,21,950,train,37,2.7837837837837838,1,10,56.010019033696075,0.9583333333333334,0.5,259.0,0.0,0.0,449.0,33.0,0.0,0.0,0.0,89.0,0.0,0.0,22.0,18.0,0.0,0.0,0.0,0.0,0.0,0.0,22.0,0.0,0.0,0.0,0.0
C2_p3__lamarckian__s21,C2_p3__lamarckian,C2_p3,C2,lamarckian,21,1000,train,35,3.1714285714285713,9,11,55.103282430690165,0.9166666666666666,0.5,180.0,0.0,0.0,340.0,31.0,0.0,0.0,0.0,91.0,0.0,0.0,18.0,19.0,0.0,0.0,0.0,0.0,0.0,0.0,18.0,0.0,0.0,0.0,0.0
C2_p3__lamarckian__s21,C2_p3__lamarckian,C2_p3,C2,lamarckian,21,1050,train,36,3.6666666666666665,10,9,63.88578677474031,0.9583333333333334,0.5,168.0,0.0,0.0,259.0,27.0,0.0,0.0,0.0,84.0,0.0,0.0,21.0,17.0,0.0,0.0,0.0,0.0,0.0,0.0,21.0,0.0,0.0,0.0,0.0
C2_p3__lamarckian__s21,C2_p3__lamarckian,C2_p3,C2,lamarckian,21,1100,train,41,3.902439024390244,9,4,79.09460089054997,0.8333333333333334,0.5,149.0,0.0,0.0,371.0,45.0,0.0,0.0,0.0,77.0,0.0,0.0,20.0,28.0,0.0,0.0,0.0,0.0,0.0,0.0,20.0,0.0,0.0,0.0,0.0
C2_p3__lamarckian__s21,C2_p3__lamarckian,C2_p3,C2,lamarckian,21,1150,train,42,4.214285714285714,9,8,55.64611801846188,0.9166666666666666,0.5,145.0,0.0,0.0,271.0,48.0,0.0,0.0,0.0,82.0,0.0,0.0,20.0,22.0,0.0,0.0,0.0,0.0,0.0,0.0,20.0,0.0,0.0,0.0,0.0
C2_p3__lamarckian__s21,C2_p3__lamarckian,C2_p3,C2,lamarckian,21,1200,train,40,4.225,4,6,42.77703322406781,0.9375,0.5,154.0,0.0,0.0,305.0,24.0,0.0,0.0,0.0,98.0,0.0,0.0,14.0,17.0,0.0,0.0,0.0,0.0,0.0,0.0,14.0,0.0,0.0,0.0,0.0
C2_p3__lamarckian__s21,C2_p3__lamarckian,C2_p3,C2,lamarckian,21,1250,train,36,4.388888888888889,2,6,64.16285203267086,0.9166666666666666,0.5,147.0,0.0,0.0,254.0,42.0,0.0,0.0,0.0,88.0,0.0,0.0,11.0,20.0,0.0,0.0,0.0,0.0,0.0,0.0,11.0,0.0,0.0,0.0,0.0
C2_p3__lamarckian__s21,C2_p3__lamarckian,C2_p3,C2,lamarckian,21,1300,train,43,4.6976744186046515,12,5,45.218207693919155,0.9375,0.5,130.0,0.0,0.0,362.0,28.0,0.0,0.0,0.0,86.0,0.0,0.0,19.0,20.0,0.0,0.0,0.0,0.0,0.0,0.0,19.0,0.0,0.0,0.0,0.0
C2_p3__lamarckian__s21,C2_p3__lamarckian,C2_p3,C2,lamarckian,21,1350,train,40,4.8,6,9,66.00686401556672,0.8958333333333334,0.5,133.0,0.0,0.0,301.0,23.0,0.0,0.0,0.0,92.0,0.0,0.0,10.0,12.0,0.0,0.0,0.0,0.0,0.0,0.0,10.0,0.0,0.0,0.0,0.0
C2_p3__lamarckian__s21,C2_p3__lamarckian,C2_p3,C2,lamarckian,21,1400,train,37,4.945945945945946,1,4,49.6082232192293,0.9791666666666666,0.5,133.0,0.0,0.0,387.0,16.0,0.0,0.0,0.0,81.0,0.0,0.0,29.0,14.0,0.0,0.0,0.0,0.0,0.0,0.0,29.0,0.0,0.0,0.0,0.0
C2_p3__lamarckian__s21,C2_p3__lamarckian,C2_p3,C2,lamarckian,21,1450,train,33,5.0,5,9,54.7125614065489,0.9583333333333334,0.5,161.0,0.0,0.0,336.0,21.0,0.0,0.0,0.0,92.0,0.0,0.0,22.0,15.0,0.0,0.0,0.0,0.0,0.0,0.0,22.0,0.0,0.0,0.0,0.0
C2_p3__lamarckian__s21,C2_p3__lamarckian,C2_p3,C2,lamarckian,21,1500,train,34,5.176470588235294,5,4,40.62757440283559,0.9791666666666666,0.5,141.0,0.0,0.0,245.0,37.0,0.0,0.0,0.0,84.0,0.0,0.0,20.0,25.0,0.0,0.0,0.0,0.0,0.0,0.0,20.0,0.0,0.0,0.0,0.0
C2_p3__lamarckian__s21,C2_p3__lamarckian,C2_p3,C2,lamarckian,21,1550,eval,28,5.571428571428571,5,11,63.76218073509146,0.8541666666666666,0.5,154.0,0.0,0.0,238.0,9.0,0.0,0.0,67.0,96.0,0.0,0.0,14.0,9.0,0.0,0.0,6.0,0.0,0.0,0.0,14.0,0.0,0.0,0.0,6.0
C2_p3__lamarckian__s21,C2_p3__lamarckian,C2_p3,C2,lamarckian,21,1600,eval,38,6.2894736842105265,13,3,38.69191229742564,0.9791666666666666,0.5,165.0,0.0,0.0,177.0,22.0,0.0,0.0,43.0,110.0,0.0,0.0,10.0,14.0,0.0,0.0,4.0,0.0,0.0,0.0,10.0,0.0,0.0,0.0,4.0
C2_p3__lamarckian__s21,C2_p3__lamarckian,C2_p3,C2,lamarckian,21,1650,eval,37,6.216216216216216,4,5,32.38647523569085,0.9583333333333334,0.5,152.0,0.0,0.0,210.0,33.0,0.0,0.0,20.0,83.0,0.0,0.0,16.0,19.0,0.0,0.0,4.0,0.0,0.0,0.0,16.0,0.0,0.0,0.0,4.0
C2_p3__lamarckian__s21,C2_p3__lamarckian,C2_p3,C2,lamarckian,21,1700,eval,38,6.447368421052632,3,2,47.066920784166605,0.9166666666666666,0.5,145.0,0.0,0.0,237.0,19.0,0.0,0.0,27.0,77.0,0.0,0.0,17.0,16.0,0.0,0.0,3.0,0.0,0.0,0.0,17.0,0.0,0.0,0.0,3.0
C2_p3__lamarckian__s21,C2_p3__lamarckian,C2_p3,C2,lamarckian,21,1750,eval,34,6.411764705882353,2,6,42.996562573525864,0.9583333333333334,0.5,146.0,0.0,0.0,222.0,21.0,0.0,0.0,85.0,84.0,0.0,0.0,14.0,10.0,0.0,0.0,9.0,0.0,0.0,0.0,14.0,0.0,0.0,0.0,9.0
C2_p3__lamarckian__s21,C2_p3__lamarckian,C2_p3,C2,lamarckian,21,1800,eval,27,6.62962962962963,2,9,102.83337342588754,0.7708333333333334,0.5,152.0,0.0,0.0,205.0,10.0,0.0,0.0,55.0,80.0,0.0,0.0,11.0,7.0,0.0,0.0,3.0,0.0,0.0,0.0,11.0,0.0,0.0,0.0,3.0
C2_p3__lamarckian__s22,C2_p3__lamarckian,C2_p3,C2,lamarckian,22,50,train,50,0.84,32,2,137.89029292513126,0.7083333333333334,0.5,190.0,0.0,0.0,237.0,118.0,0.0,0.0,0.0,47.0,0.0,0.0,30.0,17.0,0.0,0.0,0.0,0.0,0.0,0.0,30.0,0.0,0.0,0.0,0.0
C2_p3__lamarckian__s22,C2_p3__lamarckian,C2_p3,C2,lamarckian,22,100,train,50,0.82,4,4,67.56715908483159,0.8541666666666666,0.5,297.0,0.0,0.0,452.0,130.0,0.0,0.0,0.0,35.0,0.0,0.0,49.0,31.0,0.0,0.0,0.0,0.0,0.0,0.0,49.0,0.0,0.0,0.0,0.0
C2_p3__lamarckian__s22,C2_p3__lamarckian,C2_p3,C2,lamarckian,22,150,train,50,0.82,10,10,107.21730252763328,0.8125,0.5,361.0,0.0,0.0,472.0,92.0,0.0,0.0,0.0,56.0,0.0,0.0,36.0,19.0,0.0,0.0,0.0,0.0,0.0,0.0,36.0,0.0,0.0,0.0,0.0
C2_p3__lamarckian__s22,C2_p3__lamarckian,C2_p3,C2,lamarckian,22,200,train,50,0.8,4,4,119.51326493120953,0.7916666666666666,0.5,207.0,0.0,0.0,338.0,149.0,0.0,0.0,0.0,51.0,0.0,0.0,25.0,31.0,0.0,0.0,0.0,0.0,0.0,0.0,25.0,0.0,0.0,0.0,0.0
C2_p3__lamarckian__s22,C2_p3__lamarckian,C2_p3,C2,lamarckian,22,250,train,50,0.82,6,6,89.41597893254263,0.875,0.5,361.0,0.0,0.0,463.0,99.0,0.0,0.0,0.0,69.0,0.0,0.0,28.0,23.0,0.0,0.0,0.0,0.0,0.0,0.0,28.0,0.0,0.0,0.0,0.0
C2_p3__lamarckian__s22,C2_p3__lamarckian,C2_p3,C2,lamarckian,22,300,train,50,0.82,3,3,95.99780183894458,0.875,0.5,207.0,0.0,0.0,364.0,45.0,0.0,0.0,0.0,69.0,0.0,0.0,21.0,19.0,0.0,0.0,0.0,0.0,0.0,0.0,21.0,0.0,0.0,0.0,0.0
C2_p3__lamarckian__s22,C2_p3__lamarckian,C2_p3,C2,lamarckian,22,350,train,50,0.82,5,5,73.90696216947907,0.875,0.5,268.0,0.0,0.0,361.0,24.0,0.0,0.0,0.0,69.0,0.0,0.0,27.0,12.0,0.0,0.0,0.0,0.0,0.0,0.0,27.0,0.0,0.0,0.0,0.0
C2_p3__lamarckian__s22,C2_p3__lamarckian,C2_p3,C2,lamarckian,22,400,train,50,0.82,3,3,73.94413255085743,0.9166666666666666,0.5,179.0,0.0,0.0,427.0,58.0,0.0,0.0,0.0,64.0,0.0,0.0,22.0,29.0,0.0,0.0,0.0,0.0,0.0,0.0,22.0,0.0,0.0,0.0,0.0
C2_p3__lamarckian__s22,C2_p3__lamarckian,C2_p3,C2,lamarckian,22,450,train,50,0.86,8,8,58.11743690375301,0.9166666666666666,0.5,221.0,0.0,0.0,336.0,56.0,0.0,0.0,0.0,73.0,0.0,0.0,22.0,28.0,0.0,0.0,0.0,0.0,0.0,0.0,22.0,0.0,0.0,0.0,0.0
C2_p3__lamarckian__s22,C2_p3__lamarckian,C2_p3,C2,lamarckian,22,500,train,44,1.3863636363636365,11,17,48.21164574346114,0.9375,0.5,189.0,0.0,0.0,403.0,60.0,0.0,0.0,0.0,69.0,0.0,0.0,20.0,21.0,0.0,0.0,0.0,0.0,0.0,0.0,20.0,0.0,0.0,0.0,0.0
C2_p3__lamarckian__s22,C2_p3__lamarckian,C2_p3,C2,lamarckian,22,550,train,50,1.74,22,16,57.277665271340794,0.9375,0.5,217.0,0.0,0.0,336.0,26.0,0.0,0.0,0.0,66.0,0.0,0.0,21.0,18.0,0.0,0.0,0.0,0.0,0.0,0.0,21.0,0.0,0.0,0.0,0.0
C2_p3__lamarckian__s22,C2_p3__lamarckian,C2_p3,C2,lamarckian,22,600,train,50,1.8,6,6,39.441207347777684,1.0,0.5,290.0,0.0,0.0,287.0,40.0,0.0,0.0,0.0,74.0,0.0,0.0,20.0,21.0,0.0,0.0,0.0,0.0,0.0,0.0,20.0,0.0,0.0,0.0,0.0
C2_p3__lamarckian__s22,C2_p3__lamarckian,C2_p3,C2,lamarckian,22,650,train,47,1.8085106382978724,11,14,37.593969628033655,1.0,0.5,241.0,0.0,0.0,404.0,75.0,0.0,0.0,0.0,80.0,0.0,0.0,27.0,28.0,0.0,0.0,0.0,0.0,0.0,0.0,27.0,0.0,0.0,0.0,0.0
C2_p3__lamarckian__s22,C2_p3__lamarckian,C2_p3,C2,lamarckian,22,700,train,38,1.7894736842105263,0,9,36.44609724768864,0.9791666666666666,0.5,161.0,0.0,0.0,340.0,57.0,0.0,0.0,0.0,60.0,0.0,0.0,29.0,35.0,0.0,0.0,0.0,0.0,0.0,0.0,29.0,0.0,0.0,0.0,0.0
C2_p3__lamarckian__s22,C2_p3__lamarckian,C2_p3,C2,lamarckian,22,750,train,33,2.0303030303030303,6,11,60.145904427872296,0.9791666666666666,0.5,154.0,0.0,0.0,269.0,60.0,0.0,0.0,0.0,74.0,0.0,0.0,15.0,21.0,0.0,0.0,0.0,0.0,0.0,0.0,15.0,0.0,0.0,0.0,0.0
C2_p3__lamarckian__s22,C2_p3__lamarckian,C2_p3,C2,lamarckian,22,800,train,37,2.324324324324324,8,4,103.28278723061949,0.7708333333333334,0.5,187.0,0.0,0.0,274.0,48.0,0.0,0.0,0.0,78.0,0.0,0.0,19.0,27.0,0.0,0.0,0.0,0.0,0.0,0.0,19.0,0.0,0.0,0.0,0.0
C2_p3__lamarckian__s22,C2_p3__lamarckian,C2_p3,C2,lamarckian,22,850,train,38,2.4473684210526314,6,5,72.2228114767922,0.8958333333333334,0.5,180.0,0.0,0.0,233.0,37.0,0.0,0.0,0.0,89.0,0.0,0.0,15.0,26.0,0.0,0.0,0.0,0.0,0.0,0.0,15.0,0.0,0.0,0.0,0.0
C2_p3__lamarckian__s22,C2_p3__lamarckian,C2_p3,C2,lamarckian,22,900,train,43,2.627906976744186,11,6,46.32522817738279,0.9791666666666666,0.5,189.0,0.0,0.0,350.0,56.0,0.0,0.0,0.0,81.0,0.0,0.0,17.0,32.0,0.0,0.0,0.0,0.0,0.0,0.0,17.0,0.0,0.0,0.0,0.0
C2_p3__lamarckian__s22,C2_p3__lamarckian,C2_p3,C2,lamarckian,22,950,train,45,2.8222222222222224,6,4,46.06329979327344,0.9375,0.5,166.0,0.0,0.0,266.0,76.0,0.0,0.0,0.0,85.0,0.0,0.0,11.0,34.0,0.0,0.0,0.0,0.0,0.0,0.0,11.0,0.0,0.0,0.0,0.0
C2_p3__lamarckian__s22,C2_p3__lamarckian,C2_p3,C2,lamarckian,22,1000,train,41,2.975609756097561,6,10,36.47124660377956,0.9791666666666666,0.5,136.0,0.0,0.0,310.0,55.0,0.0,0.0,0.0,77.0,0.0,0.0,12.0,29.0,0.0,0.0,0.0,0.0,0.0,0.0,12.0,0.0,0.0,0.0,0.0
C2_p3__lamarckian__s22,C2_p3__lamarckian,C2_p3,C2,lamarckian,22,1050,train,33,3.121212121212121,2,10,62.31575846564394,0.9166666666666666,0.5,137.0,0.0,0.0,168.0,62.0,0.0,0.0,0.0,70.0,0.0,0.0,13.0,34.0,0.0,0.0,0.0,0.0,0.0,0.0,13.0,0.0,0.0,0.0,0.0
C2_p3__lamarckian__s22,C2_p3__lamarckian,C2_p3,C2,lamarckian,22,1100,train,39,3.358974358974359,8,2,38.77222462232005,0.9583333333333334,0.5,197.0,0.0,0.0,233.0,64.0,0.0,0.0,0.0,103.0,0.0,0.0,11.0,31.0,0.0,0.0,0.0,0.0,0.0,0.0,11.0,0.0,0.0,0.0,0.0
C2_p3__lamarckian__s22,C2_p3__lamarckian,C2_p3,C2,lamarckian,22,1150,train,34,3.735294117647059,5,10,49.33492680801821,0.9583333333333334,0.5,201.0,0.0,0.0,179.0,48.0,0.0,0.0,0.0,87.0,0.0,0.0,11.0,30.0,0.0,0.0,0.0,0.0,0.0,0.0,11.0,0.0,0.0,0.0,0.0
C2_p3__lamarckian__s22,C2_p3__lamarckian,C2_p3,C2,lamarckian,22,1200,train,40,3.875,8,2,47.012757162648796,0.9791666666666666,0.5,183.0,0.0,0.0,190.0,43.0,0.0,0.0,0.0,84.0,0.0,0.0,17.0,29.0,0.0,0.0,0.0,0.0,0.0,0.0,17.0,0.0,0.0,0.0,0.0
C2_p3__lamarckian__s22,C2_p3__lamarckian,C2_p3,C2,lamarckian,22,1250,train,44,4.045454545454546,9,5,59.74970466209358,0.9166666666666666,0.5,153.0,0.0,0.0,183.0,55.0,0.0,0.0,0.0,81.0,0.0,0.0,22.0,30.0,0.0,0.0,0.0,0.0,0.0,0.0,22.0,0.0,0.0,0.0,0.0
C2_p3__lamarckian__s22,C2_p3__lamarckian,C2_p3,C2,lamarckian,22,1300,train,39,4.3076923076923075,3,8,38.00703442033105,1.0,0.5,149.0,0.0,0.0,217.0,69.0,0.0,0.0,0.0,75.0,0.0,0.0,21.0,25.0,0.0,0.0,0.0,0.0,0.0,0.0,21.0,0.0,0.0,0.0,0.0
C2_p3__lamarckian__s22,C2_p3__lamarckian,C2_p3,C2,lamarckian,22,1350,train,35,4.4,7,11,52.45636818412736,0.9791666666666666,0.5,140.0,0.0,0.0,212.0,60.0,0.0,0.0,0.0,67.0,0.0,0.0,17.0,33.0,0.0,0.0,0.0,0.0,0.0,0.0,17.0,0.0,0.0,0.0,0.0
C2_p3__lamarckian__s22,C2_p3__lamarckian,C2_p3,C2,lamarckian,22,1400,train,36,4.583333333333333,6,5,55.37473024877714,0.9583333333333334,0.5,174.0,0.0,0.0,173.0,78.0,0.0,0.0,0.0,77.0,0.0,0.0,11.0,36.0,0.0,0.0,0.0,0.0,0.0,0.0,11.0,0.0,0.0,0.0,0.0
C2_p3__lamarckian__s22,C2_p3__lamarckian,C2_p3,C2,lamarckian,22,1450,train,36,4.777777777777778,5,5,66.18461112454642,0.9375,0.5,152.0,0.0,0.0,256.0,64.0,0.0,0.0,0.0,61.0,0.0,0.0,22.0,30.0,0.0,0.0,0.0,0.0,0.0,0.0,22.0,0.0,0.0,0.0,0.0
C2_p3__lamarckian__s22,C2_p3__lamarckian,C2_p3,C2,lamarckian,22,1500,train,44,4.954545454545454,14,6,57.609167019315315,0.9375,0.5,129.0,0.0,0.0,345.0,50.0,0.0,0.0,0.0,82.0,0.0,0.0,11.0,31.0,0.0,0.0,0.0,0.0,0.0,0.0,11.0,0.0,0.0,0.0,0.0
C2_p3__lamarckian__s22,C2_p3__lamarckian,C2_p3,C2,lamarckian,22,1550,eval,50,4.9,7,1,42.24073867755493,0.9791666666666666,0.5,164.0,0.0,0.0,220.0,54.0,0.0,0.0,79.0,79.0,0.0,0.0,13.0,28.0,0.0,0.0,2.0,0.0,0.0,0.0,13.0,0.0,0.0,0.0,2.0
C2_p3__lamarckian__s22,C2_p3__lamarckian,C2_p3,C2,lamarckian,22,1600,eval,33,4.818181818181818,0,17,64.32989106599706,0.9375,0.5,179.0,0.0,0.0,305.0,29.0,0.0,0.0,50.0,86.0,0.0,0.0,15.0,22.0,0.0,0.0,3.0,0.0,0.0,0.0,15.0,0.0,0.0,0.0,3.0
C2_p3__lamarckian__s22,C2_p3__lamarckian,C2_p3,C2,lamarckian,22,1650,eval,37,4.945945945945946,6,2,49.63978802937521,0.9791666666666666,0.5,164.0,0.0,0.0,278.0,52.0,0.0,0.0,76.0,93.0,0.0,0.0,21.0,32.0,0.0,0.0,4.0,0.0,0.0,0.0,21.0,0.0,0.0,0.0,4.0
C2_p3__lamarckian__s22,C2_p3__lamarckian,C2_p3,C2,lamarckian,22,1700,eval,43,5.093023255813954,9,3,51.890722545496565,0.9791666666666666,0.5,223.0,0.0,0.0,383.0,37.0,0.0,0.0,86.0,81.0,0.0,0.0,22.0,21.0,0.0,0.0,8.0,0.0,0.0,0.0,22.0,0.0,0.0,0.0,8.0
C2_p3__lamarckian__s22,C2_p3__lamarckian,C2_p3,C2,lamarckian,22,1750,eval,36,5.527777777777778,6,13,73.1926739427204,0.8958333333333334,0.5,196.0,0.0,0.0,330.0,53.0,0.0,0.0,61.0,79.0,0.0,0.0,16.0,25.0,0.0,0.0,5.0,0.0,0.0,0.0,16.0,0.0,0.0,0.0,5.0
C2_p3__lamarckian__s22,C2_p3__lamarckian,C2_p3,C2,lamarckian,22,1800,eval,44,5.704545454545454,8,0,47.04020765396079,0.9791666666666666,0.5,199.0,0.0,0.0,320.0,39.0,0.0,0.0,84.0,103.0,0.0,0.0,13.0,26.0,0.0,0.0,3.0,0.0,0.0,0.0,13.0,0.0,0.0,0.0,3.0
C2_p3__lamarckian__s23,C2_p3__lamarckian,C2_p3,C2,lamarckian,23,50,train,50,0.82,30,0,59.83581259734069,0.9166666666666666,0.5,245.0,0.0,0.0,278.0,106.0,0.0,0.0,0.0,55.0,0.0,0.0,47.0,24.0,0.0,0.0,0.0,0.0,0.0,0.0,47.0,0.0,0.0,0.0,0.0
C2_p3__lamarckian__s23,C2_p3__lamarckian,C2_p3,C2,lamarckian,23,100,train,50,0.78,6,6,51.71880297868995,0.9375,0.5,400.0,0.0,0.0,425.0,88.0,0.0,0.0,0.0,59.0,0.0,0.0,32.0,14.0,0.0,0.0,0.0,0.0,0.0,0.0,32.0,0.0,0.0,0.0,0.0
C2_p3__lamarckian__s23,C2_p3__lamarckian,C2_p3,C2,lamarckian,23,150,train,50,0.82,9,9,55.146952554415904,0.9583333333333334,0.5,387.0,0.0,0.0,416.0,110.0,0.0,0.0,0.0,44.0,0.0,0.0,51.0,22.0,0.0,0.0,0.0,0.0,0.0,0.0,51.0,0.0,0.0,0.0,0.0
C2_p3__lamarckian__s23,C2_p3__lamarckian,C2_p3,C2,lamarckian,23,200,train,50,0.82,8,8,71.22306326432849,0.9375,0.5,289.0,0.0,0.0,627.0,85.0,0.0,0.0,0.0,44.0,0.0,0.0,46.0,25.0,0.0,0.0,0.0,0.0,0.0,0.0,46.0,0.0,0.0,0.0,0.0
C2_p3__lamarckian__s23,C2_p3__lamarckian,C2_p3,C2,lamarckian,23,250,train,50,0.88,8,8,79.02862035897806,0.8541666666666666,0.5,272.0,0.0,0.0,560.0,43.0,0.0,0.0,0.0,57.0,0.0,0.0,42.0,23.0,0.0,0.0,0.0,0.0,0.0,0.0,42.0,0.0,0.0,0.0,0.0
C2_p3__lamarckian__s23,C2_p3__lamarckian,C2_p3,C2,lamarckian,23,300,train,50,0.88,5,5,80.98902471261326,0.9375,0.5,374.0,0.0,0.0,461.0,66.0,0.0,0.0,0.0,65.0,0.0,0.0,27.0,17.0,0.0,0.0,0.0,0.0,0.0,0.0,27.0,0.0,0.0,0.0,0.0
C2_p3__lamarckian__s23,C2_p3__lamarckian,C2_p3,C2,lamarckian,23,350,train,50,0.94,9,9,42.8726584017922,0.9166666666666666,0.5,246.0,0.0,0.0,430.0,101.0,0.0,0.0,0.0,90.0,0.0,0.0,26.0,19.0,0.0,0.0,0.0,0.0,0.0,0.0,26.0,0.0,0.0,0.0,0.0
C2_p3__lamarckian__s23,C2_p3__lamarckian,C2_p3,C2,lamarckian,23,400,train,50,0.94,4,4,38.5602116864671,0.9375,0.5,234.0,0.0,0.0,361.0,57.0,0.0,0.0,0.0,68.0,0.0,0.0,29.0,15.0,0.0,0.0,0.0,0.0,0.0,0.0,29.0,0.0,0.0,0.0,0.0
C2_p3__lamarckian__s23,C2_p3__lamarckian,C2_p3,C2,lamarckian,23,450,train,50,1.1,12,12,43.81650098749079,0.9791666666666666,0.5,213.0,0.0,0.0,313.0,115.0,0.0,0.0,0.0,56.0,0.0,0.0,31.0,25.0,0.0,0.0,0.0,0.0,0.0,0.0,31.0,0.0,0.0,0.0,0.0
C2_p3__lamarckian__s23,C2_p3__lamarckian,C2_p3,C2,lamarckian,23,500,train,44,1.4318181818181819,4,10,63.76140911020352,0.9166666666666666,0.5,237.0,0.0,0.0,520.0,70.0,0.0,0.0,0.0,70.0,0.0,0.0,30.0,12.0,0.0,0.0,0.0,0.0,0.0,0.0,30.0,0.0,0.0,0.0,0.0
C2_p3__lamarckian__s23,C2_p3__lamarckian,C2_p3,C2,lamarckian,23,550,train,48,1.8125,22,18,44.133013302480784,0.9583333333333334,0.5,223.0,0.0,0.0,366.0,68.0,0.0,0.0,0.0,68.0,0.0,0.0,27.0,29.0,0.0,0.0,0.0,0.0,0.0,0.0,27.0,0.0,0.0,0.0,0.0
C2_p3__lamarckian__s23,C2_p3__lamarckian,C2_p3,C2,lamarckian,23,600,train,41,1.829268292682927,3,10,24.999939339833233,1.0,0.5,168.0,0.0,0.0,254.0,36.0,0.0,0.0,0.0,68.0,0.0,0.0,24.0,15.0,0.0,0.0,0.0,0.0,0.0,0.0,24.0,0.0,0.0,0.0,0.0
C2_p3__lamarckian__s23,C2_p3__lamarckian,C2_p3,C2,lamarckian,23,650,train,32,1.875,2,11,48.54231388287905,0.9791666666666666,0.5,185.0,0.0,0.0,219.0,58.0,0.0,0.0,0.0,62.0,0.0,0.0,22.0,34.0,0.0,0.0,0.0,0.0,0.0,0.0,22.0,0.0,0.0,0.0,0.0
C2_p3__lamarckian__s23,C2_p3__lamarckian,C2_p3,C2,lamarckian,23,700,train,28,2.107142857142857,5,9,59.54945018352822,0.9791666666666666,0.5,187.0,0.0,0.0,192.0,63.0,0.0,0.0,0.0,75.0,0.0,0.0,18.0,27.0,0.0,0.0,0.0,0.0,0.0,0.0,18.0,0.0,0.0,0.0,0.0
C2_p3__lamarckian__s23,C2_p3__lamarckian,C2_p3,C2,lamarckian,23,750,train,34,2.4705882352941178,12,6,67.9134494272729,0.9166666666666666,0.5,180.0,0.0,0.0,266.0,71.0,0.0,0.0,0.0,75.0,0.0,0.0,28.0,30.0,0.0,0.0,0.0,0.0,0.0,0.0,28.0,0.0,0.0,0.0,0.0
C2_p3__lamarckian__s23,C2_p3__lamarckian,C2_p3,C2,lamarckian,23,800,train,37,2.6486486486486487,7,4,54.94944763456333,0.9583333333333334,0.5,182.0,0.0,0.0,265.0,79.0,0.0,0.0,0.0,74.0,0.0,0.0,20.0,23.0,0.0,0.0,0.0,0.0,0.0,0.0,20.0,0.0,0.0,0.0,0.0
C2_p3__lamarckian__s23,C2_p3__lamarckian,C2_p3,C2,lamarckian,23,850,train,37,2.8378378378378377,6,6,64.35012042156063,0.9166666666666666,0.5,137.0,0.0,0.0,347.0,65.0,0.0,0.0,0.0,60.0,0.0,0.0,33.0,30.0,0.0,0.0,0.0,0.0,0.0,0.0,33.0,0.0,0.0,0.0,0.0
C2_p3__lamarckian__s23,C2_p3__lamarckian,C2_p3,C2,lamarckian,23,900,train,42,2.9523809523809526,9,4,44.34490742534339,0.9375,0.5,155.0,0.0,0.0,364.0,92.0,0.0,0.0,0.0,79.0,0.0,0.0,24.0,24.0,0.0,0.0,0.0,0.0,0.0,0.0,24.0,0.0,0.0,0.0,0.0
C2_p3__lamarckian__s23,C2_p3__lamarckian,C2_p3,C2,lamarckian,23,950,train,41,3.048780487804878,6,7,43.685523205228456,0.9791666666666666,0.5,133.0,0.0,0.0,387.0,75.0,0.0,0.0,0.0,62.0,0.0,0.0,25.0,28.0,0.0,0.0,0.0,0.0,0.0,0.0,25.0,0.0,0.0,0.0,0.0
C2_p3__lamarckian__s23,C2_p3__lamarckian,C2_p3,C2,lamarckian,23,1000,train,41,3.1463414634146343,7,7,76.6220664317853,0.875,0.5,196.0,0.0,0.0,389.0,49.0,0.0,0.0,0.0,79.0,0.0,0.0,27.0,23.0,0.0,0.0,0.0,0.0,0.0,0.0,27.0,0.0,0.0,0.0,0.0
C2_p3__lamarckian__s23,C2_p3__lamarckian,C2_p3,C2,lamarckian,23,1050,train,40,3.3,6,7,54.76981530277591,0.9166666666666666,0.5,213.0,0.0,0.0,312.0,55.0,0.0,0.0,0.0,85.0,0.0,0.0,15.0,29.0,0.0,0.0,0.0,0.0,0.0,0.0,15.0,0.0,0.0,0.0,0.0
C2_p3__lamarckian__s23,C2_p3__lamarckian,C2_p3,C2,lamarckian,23,1100,train,44,3.477272727272727,10,6,42.05815733220412,0.9583333333333334,0.5,186.0,0.0,0.0,300.0,27.0,0.0,0.0,0.0,90.0,0.0,0.0,13.0,18.0,0.0,0.0,0.0,0.0,0.0,0.0,13.0,0.0,0.0,0.0,0.0
C2_p3__lamarckian__s23,C2_p3__lamarckian,C2_p3,C2,lamarckian,23,1150,train,43,3.7674418604651163,5,6,60.52090992602054,0.9583333333333334,0.5,165.0,0.0,0.0,211.0,31.0,0.0,0.0,0.0,85.0,0.0,0.0,10.0,18.0,0.0,0.0,0.0,0.0,0.0,0.0,10.0,0.0,0.0,0.0,0.0
C2_p3__lamarckian__s23,C2_p3__lamarckian,C2_p3,C2,lamarckian,23,1200,train,44,3.977272727272727,7,6,33.861809835212654,0.9791666666666666,0.5,200.0,0.0,0.0,255.0,50.0,0.0,0.0,0.0,96.0,0.0,0.0,14.0,32.0,0.0,0.0,0.0,0.0,0.0,0.0,14.0,0.0,0.0,0.0,0.0
C2_p3__lamarckian__s23,C2_p3__lamarckian,C2_p3,C2,lamarckian,23,1250,train,35,4.057142857142857,2,11,49.23466087662521,0.9791666666666666,0.5,180.0,0.0,0.0,320.0,40.0,0.0,0.0,0.0,88.0,0.0,0.0,20.0,24.0,0.0,0.0,0.0,0.0,0.0,0.0,20.0,0.0,0.0,0.0,0.0
C2_p3__lamarckian__s23,C2_p3__lamarckian,C2_p3,C2,lamarckian,23,1300,train,35,4.114285714285714,5,5,67.01458016691953,0.8958333333333334,0.5,176.0,0.0,0.0,232.0,49.0,0.0,0.0,0.0,89.0,0.0,0.0,13.0,25.0,0.0,0.0,0.0,0.0,0.0,0.0,13.0,0.0,0.0,0.0,0.0
C2_p3__lamarckian__s23,C2_p3__lamarckian,C2_p3,C2,lamarckian,23,1350,train,33,4.303030303030303,6,8,50.40313150578528,0.9583333333333334,0.5,156.0,0.0,0.0,213.0,71.0,0.0,0.0,0.0,85.0,0.0,0.0,17.0,33.0,0.0,0.0,0.0,0.0,0.0,0.0,17.0,0.0,0.0,0.0,0.0
C2_p3__lamarckian__s23,C2_p3__lamarckian,C2_p3,C2,lamarckian,23,1400,train,34,4.5,5,4,49.74512540425358,0.9791666666666666,0.5,151.0,0.0,0.0,236.0,41.0,0.0,0.0,0.0,79.0,0.0,0.0,15.0,27.0,0.0,0.0,0.0,0.0,0.0,0.0,15.0,0.0,0.0,0.0,0.0
C2_p3__lamarckian__s23,C2_p3__lamarckian,C2_p3,C2,lamarckian,23,1450,train,40,4.9,13,7,49.85967159186295,0.9166666666666666,0.5,127.0,0.0,0.0,299.0,45.0,0.0,0.0,0.0,79.0,0.0,0.0,16.0,24.0,0.0,0.0,0.0,0.0,0.0,0.0,16.0,0.0,0.0,0.0,0.0
C2_p3__lamarckian__s23,C2_p3__lamarckian,C2_p3,C2,lamarckian,23,1500,train,40,5.025,4,4,60.905184431317934,0.9583333333333334,0.5,158.0,0.0,0.0,185.0,59.0,0.0,0.0,0.0,86.0,0.0,0.0,12.0,20.0,0.0,0.0,0.0,0.0,0.0,0.0,12.0,0.0,0.0,0.0,0.0
C2_p3__lamarckian__s23,C2_p3__lamarckian,C2_p3,C2,lamarckian,23,1550,eval,38,4.973684210526316,8,10,46.50033503521799,0.9583333333333334,0.5,207.0,0.0,0.0,296.0,35.0,0.0,0.0,31.0,86.0,0.0,0.0,15.0,19.0,0.0,0.0,3.0,0.0,0.0,0.0,15.0,0.0,0.0,0.0,3.0
C2_p3__lamarckian__s23,C2_p3__lamarckian,C2_p3,C2,lamarckian,23,1600,eval,39,5.282051282051282,10,9,43.43608391245005,1.0,0.5,227.0,0.0,0.0,319.0,36.0,0.0,0.0,93.0,81.0,0.0,0.0,11.0,17.0,0.0,0.0,8.0,0.0,0.0,0.0,11.0,0.0,0.0,0.0,8.0
C2_p3__lamarckian__s23,C2_p3__lamarckian,C2_p3,C2,lamarckian,23,1650,eval,36,5.25,3,6,42.49075321655939,0.9375,0.5,214.0,0.0,0.0,155.0,26.0,0.0,0.0,69.0,97.0,0.0,0.0,11.0,17.0,0.0,0.0,3.0,0.0,0.0,0.0,11.0,0.0,0.0,0.0,3.0
C2_p3__lamarckian__s23,C2_p3__lamarckian,C2_p3,C2,lamarckian,23,1700,eval,36,5.333333333333333,8,8,80.04398323869654,0.8333333333333334,0.5,182.0,0.0,0.0,268.0,30.0,0.0,0.0,32.0,72.0,0.0,0.0,13.0,16.0,0.0,0.0,5.0,0.0,0.0,0.0,13.0,0.0,0.0,0.0,5.0
C2_p3__lamarckian__s23,C2_p3__lamarckian,C2_p3,C2,lamarckian,23,1750,eval,42,5.619047619047619,8,2,45.378490495759216,0.9583333333333334,0.5,269.0,0.0,0.0,232.0,24.0,0.0,0.0,35.0,78.0,0.0,0.0,16.0,18.0,0.0,0.0,1.0,0.0,0.0,0.0,16.0,0.0,0.0,0.0,1.0
C2_p3__lamarckian__s23,C2_p3__lamarckian,C2_p3,C2,lamarckian,23,1800,eval,46,5.695652173913044,9,5,45.600768500391624,0.9583333333333334,0.5,207.0,0.0,0.0,425.0,41.0,0.0,0.0,44.0,65.0,0.0,0.0,19.0,19.0,0.0,0.0,2.0,0.0,0.0,0.0,19.0,0.0,0.0,0.0,2.0
C2_p3__lamarckian__s24,C2_p3__lamarckian,C2_p3,C2,lamarckian,24,50,train,50,0.68,30,0,79.41214461259933,0.875,0.5,221.0,0.0,0.0,267.0,203.0,0.0,0.0,0.0,43.0,0.0,0.0,42.0,32.0,0.0,0.0,0.0,0.0,0.0,0.0,42.0,0.0,0.0,0.0,0.0
C2_p3__lamarckian__s24,C2_p3__lamarckian,C2_p3,C2,lamarckian,24,100,train,50,0.72,6,6,97.19507241298078,0.8125,0.5,362.0,0.0,0.0,398.0,100.0,0.0,0.0,0.0,42.0,0.0,0.0,38.0,14.0,0.0,0.0,0.0,0.0,0.0,0.0,38.0,0.0,0.0,0.0,0.0
C2_p3__lamarckian__s24,C2_p3__lamarckian,C2_p3,C2,lamarckian,24,150,train,50,0.72,3,3,69.71828787418099,0.9166666666666666,0.5,347.0,0.0,0.0,418.0,156.0,0.0,0.0,0.0,56.0,0.0,0.0,30.0,27.0,0.0,0.0,0.0,0.0,0.0,0.0,30.0,0.0,0.0,0.0,0.0
C2_p3__lamarckian__s24,C2_p3__lamarckian,C2_p3,C2,lamarckian,24,200,train,50,0.72,9,9,40.26160421565298,0.9583333333333334,0.5,299.0,0.0,0.0,377.0,129.0,0.0,0.0,0.0,70.0,0.0,0.0,25.0,30.0,0.0,0.0,0.0,0.0,0.0,0.0,25.0,0.0,0.0,0.0,0.0
C2_p3__lamarckian__s24,C2_p3__lamarckian,C2_p3,C2,lamarckian,24,250,train,50,0.76,11,11,99.35787611117499,0.8541666666666666,0.5,298.0,0.0,0.0,523.0,56.0,0.0,0.0,0.0,39.0,0.0,0.0,33.0,21.0,0.0,0.0,0.0,0.0,0.0,0.0,33.0,0.0,0.0,0.0,0.0
C2_p3__lamarckian__s24,C2_p3__lamarckian,C2_p3,C2,lamarckian,24,300,train,50,0.78,8,8,63.86786948404709,0.9375,0.5,323.0,0.0,0.0,463.0,106.0,0.0,0.0,0.0,60.0,0.0,0.0,29.0,27.0,0.0,0.0,0.0,0.0,0.0,0.0,29.0,0.0,0.0,0.0,0.0
C2_p3__lamarckian__s24,C2_p3__lamarckian,C2_p3,C2,lamarckian,24,350,train,50,0.76,5,5,62.43627078774048,0.8958333333333334,0.5,264.0,0.0,0.0,479.0,82.0,0.0,0.0,0.0,56.0,0.0,0.0,28.0,27.0,0.0,0.0,0.0,0.0,0.0,0.0,28.0,0.0,0.0,0.0,0.0
C2_p3__lamarckian__s24,C2_p3__lamarckian,C2_p3,C2,lamarckian,24,400,train,50,0.76,4,4,79.47810949413929,0.8333333333333334,0.5,324.0,0.0,0.0,372.0,95.0,0.0,0.0,0.0,83.0,0.0,0.0,16.0,19.0,0.0,0.0,0.0,0.0,0.0,0.0,16.0,0.0,0.0,0.0,0.0
C2_p3__lamarckian__s24,C2_p3__lamarckian,C2_p3,C2,lamarckian,24,450,train,50,0.76,3,3,47.418592296528786,0.9375,0.5,306.0,0.0,0.0,383.0,91.0,0.0,0.0,0.0,76.0,0.0,0.0,22.0,34.0,0.0,0.0,0.0,0.0,0.0,0.0,22.0,0.0,0.0,0.0,0.0
C2_p3__lamarckian__s24,C2_p3__lamarckian,C2_p3,C2,lamarckian,24,500,train,45,1.2222222222222223,18,23,42.973287895110786,0.9583333333333334,0.5,226.0,0.0,0.0,391.0,91.0,0.0,0.0,0.0,61.0,0.0,0.0,22.0,31.0,0.0,0.0,0.0,0.0,0.0,0.0,22.0,0.0,0.0,0.0,0.0
C2_p3__lamarckian__s24,C2_p3__lamarckian,C2_p3,C2,lamarckian,24,550,train,50,1.7,26,21,33.2515127195708,0.9791666666666666,0.5,159.0,0.0,0.0,354.0,59.0,0.0,0.0,0.0,57.0,0.0,0.0,34.0,28.0,0.0,0.0,0.0,0.0,0.0,0.0,34.0,0.0,0.0,0.0,0.0
C2_p3__lamarckian__s24,C2_p3__lamarckian,C2_p3,C2,lamarckian,24,600,train,50,1.74,3,3,62.637575032222685,0.9583333333333334,0.5,212.0,0.0,0.0,341.0,57.0,0.0,0.0,0.0,53.0,0.0,0.0,24.0,18.0,0.0,0.0,0.0,0.0,0.0,0.0,24.0,0.0,0.0,0.0,0.0
C2_p3__lamarckian__s24,C2_p3__lamarckian,C2_p3,C2,lamarckian,24,650,train,45,1.8444444444444446,9,14,58.28579691128769,0.9583333333333334,0.5,184.0,0.0,0.0,459.0,54.0,0.0,0.0,0.0,67.0,0.0,0.0,27.0,27.0,0.0,0.0,0.0,0.0,0.0,0.0,27.0,0.0,0.0,0.0,0.0
C2_p3__lamarckian__s24,C2_p3__lamarckian,C2_p3,C2,lamarckian,24,700,train,42,1.9285714285714286,5,8,39.85387137776348,0.9791666666666666,0.5,161.0,0.0,0.0,376.0,87.0,0.0,0.0,0.0,74.0,0.0,0.0,29.0,38.0,0.0,0.0,0.0,0.0,0.0,0.0,29.0,0.0,0.0,0.0,0.0
C2_p3__lamarckian__s24,C2_p3__lamarckian,C2_p3,C2,lamarckian,24,750,train,36,1.9722222222222223,3,9,88.44561540394011,0.7916666666666666,0.5,155.0,0.0,0.0,335.0,52.0,0.0,0.0,0.0,56.0,0.0,0.0,18.0,28.0,0.0,0.0,0.0,0.0,0.0,0.0,18.0,0.0,0.0,0.0,0.0
C2_p3__lamarckian__s24,C2_p3__lamarckian,C2_p3,C2,lamarckian,24,800,train,39,2.2051282051282053,8,5,43.521938544856994,0.9791666666666666,0.5,188.0,0.0,0.0,340.0,51.0,0.0,0.0,0.0,84.0,0.0,0.0,17.0,31.0,0.0,0.0,0.0,0.0,0.0,0.0,17.0,0.0,0.0,0.0,0.0
C2_p3__lamarckian__s24,C2_p3__lamarckian,C2_p3,C2,lamarckian,24,850,train,37,2.2432432432432434,3,5,60.59372487492696,0.875,0.5,173.0,0.0,0.0,356.0,50.0,0.0,0.0,0.0,70.0,0.0,0.0,16.0,30.0,0.0,0.0,0.0,0.0,0.0,0.0,16.0,0.0,0.0,0.0,0.0
C2_p3__lamarckian__s24,C2_p3__lamarckian,C2_p3,C2,lamarckian,24,900,train,39,2.5641025641025643,8,6,47.31538958927191,0.9583333333333334,0.5,162.0,0.0,0.0,262.0,66.0,0.0,0.0,0.0,81.0,0.0,0.0,15.0,32.0,0.0,0.0,0.0,0.0,0.0,0.0,15.0,0.0,0.0,0.0,0.0
C2_p3__lamarckian__s24,C2_p3__lamarckian,C2_p3,C2,lamarckian,24,950,train,44,2.7045454545454546,8,3,47.24783129000063,0.9791666666666666,0.5,132.0,0.0,0.0,280.0,46.0,0.0,0.0,0.0,79.0,0.0,0.0,13.0,24.0,0.0,0.0,0.0,0.0,0.0,0.0,13.0,0.0,0.0,0.0,0.0
C2_p3__lamarckian__s24,C2_p3__lamarckian,C2_p3,C2,lamarckian,24,1000,train,41,2.8780487804878048,4,7,41.09805667897882,0.9583333333333334,0.5,176.0,0.0,0.0,313.0,34.0,0.0,0.0,0.0,80.0,0.0,0.0,19.0,27.0,0.0,0.0,0.0,0.0,0.0,0.0,19.0,0.0,0.0,0.0,0.0
C2_p3__lamarckian__s24,C2_p3__lamarckian,C2_p3,C2,lamarckian,24,1050,train,28,3.392857142857143,6,19,58.18375932759358,0.8958333333333334,0.5,100.0,0.0,0.0,361.0,47.0,0.0,0.0,0.0,61.0,0.0,0.0,24.0,29.0,0.0,0.0,0.0,0.0,0.0,0.0,24.0,0.0,0.0,0.0,0.0
C2_p3__lamarckian__s24,C2_p3__lamarckian,C2_p3,C2,lamarckian,24,1100,train,33,3.5757575757575757,8,3,61.82240944680815,0.9166666666666666,0.5,165.0,0.0,0.0,179.0,38.0,0.0,0.0,0.0,88.0,0.0,0.0,13.0,24.0,0.0,0.0,0.0,0.0,0.0,0.0,13.0,0.0,0.0,0.0,0.0
C2_p3__lamarckian__s24,C2_p3__lamarckian,C2_p3,C2,lamarckian,24,1150,train,37,3.918918918918919,9,5,42.54108625999872,0.9375,0.5,160.0,0.0,0.0,234.0,45.0,0.0,0.0,0.0,81.0,0.0,0.0,20.0,33.0,0.0,0.0,0.0,0.0,0.0,0.0,20.0,0.0,0.0,0.0,0.0
C2_p3__lamarckian__s24,C2_p3__lamarckian,C2_p3,C2,lamarckian,24,1200,train,41,4.097560975609756,6,2,51.31501963550062,0.9375,0.5,107.0,0.0,0.0,294.0,38.0,0.0,0.0,0.0,64.0,0.0,0.0,17.0,26.0,0.0,0.0,0.0,0.0,0.0,0.0,17.0,0.0,0.0,0.0,0.0
C2_p3__lamarckian__s24,C2_p3__lamarckian,C2_p3,C2,lamarckian,24,1250,train,39,4.17948717948718,2,4,51.25546000328963,0.9583333333333334,0.5,94.0,0.0,0.0,280.0,51.0,0.0,0.0,0.0,62.0,0.0,0.0,19.0,33.0,0.0,0.0,0.0,0.0,0.0,0.0,19.0,0.0,0.0,0.0,0.0
C2_p3__lamarckian__s24,C2_p3__lamarckian,C2_p3,C2,lamarckian,24,1300,train,36,4.25,6,9,80.82103366025835,0.8125,0.5,141.0,0.0,0.0,261.0,37.0,0.0,0.0,0.0,75.0,0.0,0.0,17.0,20.0,0.0,0.0,0.0,0.0,0.0,0.0,17.0,0.0,0.0,0.0,0.0
C2_p3__lamarckian__s24,C2_p3__lamarckian,C2_p3,C2,lamarckian,24,1350,train,37,4.45945945945946,8,7,49.22470515538345,0.9791666666666666,0.5,158.0,0.0,0.0,297.0,72.0,0.0,0.0,0.0,84.0,0.0,0.0,20.0,35.0,0.0,0.0,0.0,0.0,0.0,0.0,20.0,0.0,0.0,0.0,0.0
C2_p3__lamarckian__s24,C2_p3__lamarckian,C2_p3,C2,lamarckian,24,1400,train,39,4.589743589743589,6,4,51.86395387480472,0.9583333333333334,0.5,159.0,0.0,0.0,365.0,46.0,0.0,0.0,0.0,62.0,0.0,0.0,30.0,36.0,0.0,0.0,0.0,0.0,0.0,0.0,30.0,0.0,0.0,0.0,0.0
C2_p3__lamarckian__s24,C2_p3__lamarckian,C2_p3,C2,lamarckian,24,1450,train,37,4.837837837837838,7,9,73.48130748274993,0.9375,0.5,127.0,0.0,0.0,408.0,58.0,0.0,0.0,0.0,75.0,0.0,0.0,14.0,32.0,0.0,0.0,0.0,0.0,0.0,0.0,14.0,0.0,0.0,0.0,0.0
C2_p3__lamarckian__s24,C2_p3__lamarckian,C2_p3,C2,lamarckian,24,1500,train,38,5.052631578947368,6,5,61.093441742753804,0.9375,0.5,164.0,0.0,0.0,346.0,40.0,0.0,0.0,0.0,81.0,0.0,0.0,23.0,29.0,0.0,0.0,0.0,0.0,0.0,0.0,23.0,0.0,0.0,0.0,0.0
C2_p3__lamarckian__s24,C2_p3__lamarckian,C2_p3,C2,lamarckian,24,1550,eval,41,5.170731707317073,7,4,55.43256877015436,0.9583333333333334,0.5,190.0,0.0,0.0,389.0,39.0,0.0,0.0,38.0,76.0,0.0,0.0,25.0,24.0,0.0,0.0,6.0,0.0,0.0,0.0,25.0,0.0,0.0,0.0,6.0
C2_p3__lamarckian__s24,C2_p3__lamarckian,C2_p3,C2,lamarckian,24,1600,eval,36,5.416666666666667,5,10,60.65203407553659,0.9583333333333334,0.5,175.0,0.0,0.0,405.0,48.0,0.0,0.0,35.0,72.0,0.0,0.0,22.0,29.0,0.0,0.0,5.0,0.0,0.0,0.0,22.0,0.0,0.0,0.0,5.0
C2_p3__lamarckian__s24,C2_p3__lamarckian,C2_p3,C2,lamarckian,24,1650,eval,40,5.675,11,7,41.87719859397346,1.0,0.5,217.0,0.0,0.0,360.0,43.0,0.0,0.0,51.0,81.0,0.0,0.0,18.0,32.0,0.0,0.0,7.0,0.0,0.0,0.0,18.0,0.0,0.0,0.0,7.0
C2_p3__lamarckian__s24,C2_p3__lamarckian,C2_p3,C2,lamarckian,24,1700,eval,38,5.7368421052631575,5,7,53.02681932971746,0.9583333333333334,0.5,300.0,0.0,0.0,456.0,34.0,0.0,0.0,34.0,76.0,0.0,0.0,26.0,21.0,0.0,0.0,7.0,0.0,0.0,0.0,26.0,0.0,0.0,0.0,7.0
C2_p3__lamarckian__s24,C2_p3__lamarckian,C2_p3,C2,lamarckian,24,1750,eval,36,5.694444444444445,1,3,47.93693263032899,0.9375,0.5,218.0,0.0,0.0,450.0,51.0,0.0,0.0,39.0,85.0,0.0,0.0,23.0,23.0,0.0,0.0,3.0,0.0,0.0,0.0,23.0,0.0,0.0,0.0,3.0
C2_p3__lamarckian__s24,C2_p3__lamarckian,C2_p3,C2,lamarckian,24,1800,eval,35,5.742857142857143,3,4,57.49352907486107,0.9375,0.5,212.0,0.0,0.0,402.0,39.0,0.0,0.0,38.0,85.0,0.0,0.0,19.0,23.0,0.0,0.0,5.0,0.0,0.0,0.0,19.0,0.0,0.0,0.0,5.0
C2_p3__lamarckian__s25,C2_p3__lamarckian,C2_p3,C2,lamarckian,25,50,train,50,0.76,31,1,37.60141498249286,0.9791666666666666,0.5,168.0,0.0,0.0,172.0,80.0,0.0,0.0,0.0,54.0,0.0,0.0,36.0,41.0,0.0,0.0,0.0,0.0,0.0,0.0,36.0,0.0,0.0,0.0,0.0
C2_p3__lamarckian__s25,C2_p3__lamarckian,C2_p3,C2,lamarckian,25,100,train,50,0.86,7,7,62.474452835960264,0.9166666666666666,0.5,219.0,0.0,0.0,444.0,169.0,0.0,0.0,0.0,27.0,0.0,0.0,34.0,45.0,0.0,0.0,0.0,0.0,0.0,0.0,34.0,0.0,0.0,0.0,0.0
C2_p3__lamarckian__s25,C2_p3__lamarckian,C2_p3,C2,lamarckian,25,150,train,48,0.875,8,10,112.87218215772977,0.7916666666666666,0.5,272.0,0.0,0.0,500.0,89.0,0.0,0.0,0.0,48.0,0.0,0.0,32.0,34.0,0.0,0.0,0.0,0.0,0.0,0.0,32.0,0.0,0.0,0.0,0.0
C2_p3__lamarckian__s25,C2_p3__lamarckian,C2_p3,C2,lamarckian,25,200,train,50,1.0,9,7,77.3247218383066,0.8333333333333334,0.5,266.0,0.0,0.0,505.0,87.0,0.0,0.0,0.0,52.0,0.0,0.0,33.0,37.0,0.0,0.0,0.0,0.0,0.0,0.0,33.0,0.0,0.0,0.0,0.0
C2_p3__lamarckian__s25,C2_p3__lamarckian,C2_p3,C2,lamarckian,25,250,train,50,1.08,10,10,52.81732868184409,0.9166666666666666,0.5,284.0,0.0,0.0,322.0,78.0,0.0,0.0,0.0,59.0,0.0,0.0,39.0,31.0,0.0,0.0,0.0,0.0,0.0,0.0,39.0,0.0,0.0,0.0,0.0
C2_p3__lamarckian__s25,C2_p3__lamarckian,C2_p3,C2,lamarckian,25,300,train,50,1.26,9,9,46.62378234590638,0.8958333333333334,0.5,347.0,0.0,0.0,365.0,107.0,0.0,0.0,0.0,58.0,0.0,0.0,29.0,34.0,0.0,0.0,0.0,0.0,0.0,0.0,29.0,0.0,0.0,0.0,0.0
C2_p3__lamarckian__s25,C2_p3__lamarckian,C2_p3,C2,lamarckian,25,350,train,50,1.26,6,6,45.35021246269831,0.9583333333333334,0.5,197.0,0.0,0.0,452.0,90.0,0.0,0.0,0.0,61.0,0.0,0.0,17.0,39.0,0.0,0.0,0.0,0.0,0.0,0.0,17.0,0.0,0.0,0.0,0.0
C2_p3__lamarckian__s25,C2_p3__lamarckian,C2_p3,C2,lamarckian,25,400,train,46,1.434782608695652,5,9,69.47673750112506,0.9375,0.5,277.0,0.0,0.0,322.0,75.0,0.0,0.0,0.0,66.0,0.0,0.0,15.0,27.0,0.0,0.0,0.0,0.0,0.0,0.0,15.0,0.0,0.0,0.0,0.0
C2_p3__lamarckian__s25,C2_p3__lamarckian,C2_p3,C2,lamarckian,25,450,train,47,1.4042553191489362,11,10,61.67436377523868,0.8958333333333334,0.5,217.0,0.0,0.0,519.0,88.0,0.0,0.0,0.0,61.0,0.0,0.0,31.0,31.0,0.0,0.0,0.0,0.0,0.0,0.0,31.0,0.0,0.0,0.0,0.0
C2_p3__lamarckian__s25,C2_p3__lamarckian,C2_p3,C2,lamarckian,25,500,train,42,1.6666666666666667,5,10,50.05193626606284,0.9791666666666666,0.5,212.0,0.0,0.0,382.0,77.0,0.0,0.0,0.0,64.0,0.0,0.0,19.0,35.0,0.0,0.0,0.0,0.0,0.0,0.0,19.0,0.0,0.0,0.0,0.0
C2_p3__lamarckian__s25,C2_p3__lamarckian,C2_p3,C2,lamarckian,25,550,train,33,1.878787878787879,5,14,49.34856869560683,0.9791666666666666,0.5,220.0,0.0,0.0,281.0,72.0,0.0,0.0,0.0,77.0,0.0,0.0,18.0,39.0,0.0,0.0,0.0,0.0,0.0,0.0,18.0,0.0,0.0,0.0,0.0
C2_p3__lamarckian__s25,C2_p3__lamarckian,C2_p3,C2,lamarckian,25,600,train,41,2.073170731707317,11,3,60.83310511616935,0.9166666666666666,0.5,193.0,0.0,0.0,233.0,93.0,0.0,0.0,0.0,71.0,0.0,0.0,9.0,42.0,0.0,0.0,0.0,0.0,0.0,0.0,9.0,0.0,0.0,0.0,0.0
C2_p3__lamarckian__s25,C2_p3__lamarckian,C2_p3,C2,lamarckian,25,650,train,45,2.2888888888888888,7,3,52.901130539336975,0.9375,0.5,151.0,0.0,0.0,312.0,41.0,0.0,0.0,0.0,70.0,0.0,0.0,18.0,29.0,0.0,0.0,0.0,0.0,0.0,0.0,18.0,0.0,0.0,0.0,0.0
C2_p3__lamarckian__s25,C2_p3__lamarckian,C2_p3,C2,lamarckian,25,700,train,44,2.3181818181818183,3,4,46.46025410557256,0.9375,0.5,209.0,0.0,0.0,326.0,81.0,0.0,0.0,0.0,67.0,0.0,0.0,18.0,39.0,0.0,0.0,0.0,0.0,0.0,0.0,18.0,0.0,0.0,0.0,0.0
C2_p3__lamarckian__s25,C2_p3__lamarckian,C2_p3,C2,lamarckian,25,750,train,40,2.475,8,12,57.92847564466009,0.9166666666666666,0.5,138.0,0.0,0.0,323.0,64.0,0.0,0.0,0.0,66.0,0.0,0.0,16.0,29.0,0.0,0.0,0.0,0.0,0.0,0.0,16.0,0.0,0.0,0.0,0.0
C2_p3__lamarckian__s25,C2_p3__lamarckian,C2_p3,C2,lamarckian,25,800,train,44,2.6363636363636362,9,5,52.003626229889846,0.9375,0.5,154.0,0.0,0.0,234.0,75.0,0.0,0.0,0.0,75.0,0.0,0.0,15.0,38.0,0.0,0.0,0.0,0.0,0.0,0.0,15.0,0.0,0.0,0.0,0.0
C2_p3__lamarckian__s25,C2_p3__lamarckian,C2_p3,C2,lamarckian,25,850,train,42,2.738095238095238,4,6,42.77914845783545,0.9791666666666666,0.5,173.0,0.0,0.0,228.0,81.0,0.0,0.0,0.0,74.0,0.0,0.0,15.0,37.0,0.0,0.0,0.0,0.0,0.0,0.0,15.0,0.0,0.0,0.0,0.0
C2_p3__lamarckian__s25,C2_p3__lamarckian,C2_p3,C2,lamarckian,25,900,train,43,2.7209302325581395,7,6,41.43914282521788,0.9375,0.5,217.0,0.0,0.0,296.0,106.0,0.0,0.0,0.0,76.0,0.0,0.0,15.0,47.0,0.0,0.0,0.0,0.0,0.0,0.0,15.0,0.0,0.0,0.0,0.0
C2_p3__lamarckian__s25,C2_p3__lamarckian,C2_p3,C2,lamarckian,25,950,train,37,2.918918918918919,4,10,50.849033171553586,0.9583333333333334,0.5,127.0,0.0,0.0,266.0,83.0,0.0,0.0,0.0,60.0,0.0,0.0,17.0,39.0,0.0,0.0,0.0,0.0,0.0,0.0,17.0,0.0,0.0,0.0,0.0
C2_p3__lamarckian__s25,C2_p3__lamarckian,C2_p3,C2,lamarckian,25,1000,train,44,3.1363636363636362,12,5,54.34903155846706,0.9375,0.5,165.0,0.0,0.0,273.0,50.0,0.0,0.0,0.0,70.0,0.0,0.0,17.0,40.0,0.0,0.0,0.0,0.0,0.0,0.0,17.0,0.0,0.0,0.0,0.0
C2_p3__lamarckian__s25,C2_p3__lamarckian,C2_p3,C2,lamarckian,25,1050,train,43,3.2093023255813953,5,6,32.420628234977215,1.0,0.5,131.0,0.0,0.0,330.0,91.0,0.0,0.0,0.0,62.0,0.0,0.0,28.0,49.0,0.0,0.0,0.0,0.0,0.0,0.0,28.0,0.0,0.0,0.0,0.0
C2_p3__lamarckian__s25,C2_p3__lamarckian,C2_p3,C2,lamarckian,25,1100,train,35,3.4285714285714284,2,10,58.52228741617192,0.9375,0.5,182.0,0.0,0.0,222.0,73.0,0.0,0.0,0.0,78.0,0.0,0.0,13.0,37.0,0.0,0.0,0.0,0.0,0.0,0.0,13.0,0.0,0.0,0.0,0.0
C2_p3__lamarckian__s25,C2_p3__lamarckian,C2_p3,C2,lamarckian,25,1150,train,37,3.5945945945945947,7,5,37.53412831118664,0.9791666666666666,0.5,184.0,0.0,0.0,296.0,59.0,0.0,0.0,0.0,80.0,0.0,0.0,18.0,46.0,0.0,0.0,0.0,0.0,0.0,0.0,18.0,0.0,0.0,0.0,0.0
C2_p3__lamarckian__s25,C2_p3__lamarckian,C2_p3,C2,lamarckian,25,1200,train,40,3.725,6,3,61.32840406135472,0.8958333333333334,0.5,179.0,0.0,0.0,471.0,86.0,0.0,0.0,0.0,67.0,0.0,0.0,22.0,41.0,0.0,0.0,0.0,0.0,0.0,0.0,22.0,0.0,0.0,0.0,0.0
C2_p3__lamarckian__s25,C2_p3__lamarckian,C2_p3,C2,lamarckian,25,1250,train,39,3.7948717948717947,5,6,58.16181000405933,0.9375,0.5,154.0,0.0,0.0,344.0,86.0,0.0,0.0,0.0,69.0,0.0,0.0,15.0,46.0,0.0,0.0,0.0,0.0,0.0,0.0,15.0,0.0,0.0,0.0,0.0
C2_p3__lamarckian__s25,C2_p3__lamarckian,C2_p3,C2,lamarckian,25,1300,train,37,3.972972972972973,4,6,69.87666232822447,0.9791666666666666,0.5,176.0,0.0,0.0,305.0,65.0,0.0,0.0,0.0,76.0,0.0,0.0,18.0,26.0,0.0,0.0,0.0,0.0,0.0,0.0,18.0,0.0,0.0,0.0,0.0
C2_p3__lamarckian__s25,C2_p3__lamarckian,C2_p3,C2,lamarckian,25,1350,train,38,4.105263157894737,5,4,41.473745444131254,0.9791666666666666,0.5,125.0,0.0,0.0,302.0,61.0,0.0,0.0,0.0,72.0,0.0,0.0,24.0,40.0,0.0,0.0,0.0,0.0,0.0,0.0,24.0,0.0,0.0,0.0,0.0
C2_p3__lamarckian__s25,C2_p3__lamarckian,C2_p3,C2,lamarckian,25,1400,train,40,4.325,5,3,46.23384019598336,0.9583333333333334,0.5,141.0,0.0,0.0,266.0,81.0,0.0,0.0,0.0,72.0,0.0,0.0,15.0,35.0,0.0,0.0,0.0,0.0,0.0,0.0,15.0,0.0,0.0,0.0,0.0
C2_p3__lamarckian__s25,C2_p3__lamarckian,C2_p3,C2,lamarckian,25,1450,train,42,4.690476190476191,9,7,63.99144724976303,0.8958333333333334,0.5,171.0,0.0,0.0,311.0,75.0,0.0,0.0,0.0,75.0,0.0,0.0,21.0,31.0,0.0,0.0,0.0,0.0,0.0,0.0,21.0,0.0,0.0,0.0,0.0
C2_p3__lamarckian__s25,C2_p3__lamarckian,C2_p3,C2,lamarckian,25,1500,train,36,5.111111111111111,5,11,51.92235416107755,0.9166666666666666,0.5,183.0,0.0,0.0,381.0,61.0,0.0,0.0,0.0,80.0,0.0,0.0,20.0,41.0,0.0,0.0,0.0,0.0,0.0,0.0,20.0,0.0,0.0,0.0,0.0
C2_p3__lamarckian__s25,C2_p3__lamarckian,C2_p3,C2,lamarckian,25,1550,eval,36,5.277777777777778,5,5,48.22368193413541,0.9583333333333334,0.5,160.0,0.0,0.0,266.0,40.0,0.0,0.0,67.0,82.0,0.0,0.0,13.0,30.0,0.0,0.0,6.0,0.0,0.0,0.0,13.0,0.0,0.0,0.0,6.0
C2_p3__lamarckian__s25,C2_p3__lamarckian,C2_p3,C2,lamarckian,25,1600,eval,40,5.3,11,7,50.642459843480296,0.8958333333333334,0.5,176.0,0.0,0.0,327.0,33.0,0.0,0.0,84.0,83.0,0.0,0.0,13.0,27.0,0.0,0.0,5.0,0.0,0.0,0.0,13.0,0.0,0.0,0.0,5.0
C2_p3__lamarckian__s25,C2_p3__lamarckian,C2_p3,C2,lamarckian,25,1650,eval,39,5.6923076923076925,8,9,47.775018749816965,0.9375,0.5,212.0,0.0,0.0,185.0,18.0,0.0,0.0,78.0,73.0,0.0,0.0,13.0,15.0,0.0,0.0,10.0,0.0,0.0,0.0,13.0,0.0,0.0,0.0,10.0
C2_p3__lamarckian__s25,C2_p3__lamarckian,C2_p3,C2,lamarckian,25,1700,eval,34,5.764705882352941,1,6,64.23222548081526,0.9375,0.5,196.0,0.0,0.0,371.0,51.0,0.0,0.0,29.0,75.0,0.0,0.0,17.0,26.0,0.0,0.0,4.0,0.0,0.0,0.0,17.0,0.0,0.0,0.0,4.0
C2_p3__lamarckian__s25,C2_p3__lamarckian,C2_p3,C2,lamarckian,25,1750,eval,39,6.102564102564102,10,5,49.03820563205749,0.9583333333333334,0.5,212.0,0.0,0.0,327.0,59.0,0.0,0.0,65.0,79.0,0.0,0.0,20.0,34.0,0.0,0.0,3.0,0.0,0.0,0.0,20.0,0.0,0.0,0.0,3.0
C2_p3__lamarckian__s25,C2_p3__lamarckian,C2_p3,C2,lamarckian,25,1800,eval,49,6.428571428571429,14,4,33.098090389517985,0.9791666666666666,0.5,224.0,0.0,0.0,345.0,56.0,0.0,0.0,111.0,84.0,0.0,0.0,22.0,29.0,0.0,0.0,6.0,0.0,0.0,0.0,22.0,0.0,0.0,0.0,6.0
C2_p3__lamarckian__s26,C2_p3__lamarckian,C2_p3,C2,lamarckian,26,50,train,50,0.7,30,0,49.12591853083107,0.8541666666666666,0.5,220.0,0.0,0.0,229.0,154.0,0.0,0.0,0.0,43.0,0.0,0.0,41.0,26.0,0.0,0.0,0.0,0.0,0.0,0.0,41.0,0.0,0.0,0.0,0.0
C2_p3__lamarckian__s26,C2_p3__lamarckian,C2_p3,C2,lamarckian,26,100,train,50,0.72,3,3,109.03084881808624,0.8333333333333334,0.5,270.0,0.0,0.0,291.0,113.0,0.0,0.0,0.0,49.0,0.0,0.0,35.0,14.0,0.0,0.0,0.0,0.0,0.0,0.0,35.0,0.0,0.0,0.0,0.0
C2_p3__lamarckian__s26,C2_p3__lamarckian,C2_p3,C2,lamarckian,26,150,train,50,0.74,6,6,101.7054331267532,0.8333333333333334,0.5,288.0,0.0,0.0,395.0,67.0,0.0,0.0,0.0,55.0,0.0,0.0,41.0,21.0,0.0,0.0,0.0,0.0,0.0,0.0,41.0,0.0,0.0,0.0,0.0
C2_p3__lamarckian__s26,C2_p3__lamarckian,C2_p3,C2,lamarckian,26,200,train,50,0.74,6,6,95.45031903552731,0.7916666666666666,0.5,174.0,0.0,0.0,424.0,70.0,0.0,0.0,0.0,56.0,0.0,0.0,40.0,23.0,0.0,0.0,0.0,0.0,0.0,0.0,40.0,0.0,0.0,0.0,0.0
C2_p3__lamarckian__s26,C2_p3__lamarckian,C2_p3,C2,lamarckian,26,250,train,50,0.72,6,6,85.16960992505264,0.8541666666666666,0.5,334.0,0.0,0.0,567.0,61.0,0.0,0.0,0.0,43.0,0.0,0.0,47.0,23.0,0.0,0.0,0.0,0.0,0.0,0.0,47.0,0.0,0.0,0.0,0.0
C2_p3__lamarckian__s26,C2_p3__lamarckian,C2_p3,C2,lamarckian,26,300,train,50,0.76,7,7,47.16516289443233,0.875,0.5,352.0,0.0,0.0,321.0,38.0,0.0,0.0,0.0,71.0,0.0,0.0,30.0,19.0,0.0,0.0,0.0,0.0,0.0,0.0,30.0,0.0,0.0,0.0,0.0
C2_p3__lamarckian__s26,C2_p3__lamarckian,C2_p3,C2,lamarckian,26,350,train,50,0.76,7,7,109.22898142789847,0.75,0.5,314.0,0.0,0.0,403.0,64.0,0.0,0.0,0.0,53.0,0.0,0.0,24.0,24.0,0.0,0.0,0.0,0.0,0.0,0.0,24.0,0.0,0.0,0.0,0.0
C2_p3__lamarckian__s26,C2_p3__lamarckian,C2_p3,C2,lamarckian,26,400,train,50,0.74,6,6,82.7836755980984,0.8541666666666666,0.5,315.0,0.0,0.0,404.0,97.0,0.0,0.0,0.0,79.0,0.0,0.0,17.0,27.0,0.0,0.0,0.0,0.0,0.0,0.0,17.0,0.0,0.0,0.0,0.0
C2_p3__lamarckian__s26,C2_p3__lamarckian,C2_p3,C2,lamarckian,26,450,train,50,0.76,7,7,28.580275224609565,0.9791666666666666,0.5,238.0,0.0,0.0,247.0,100.0,0.0,0.0,0.0,80.0,0.0,0.0,20.0,26.0,0.0,0.0,0.0,0.0,0.0,0.0,20.0,0.0,0.0,0.0,0.0
C2_p3__lamarckian__s26,C2_p3__lamarckian,C2_p3,C2,lamarckian,26,500,train,43,1.1627906976744187,8,15,45.49910854485609,0.9583333333333334,0.5,189.0,0.0,0.0,365.0,69.0,0.0,0.0,0.0,66.0,0.0,0.0,25.0,16.0,0.0,0.0,0.0,0.0,0.0,0.0,25.0,0.0,0.0,0.0,0.0
C2_p3__lamarckian__s26,C2_p3__lamarckian,C2_p3,C2,lamarckian,26,550,train,50,1.52,20,13,47.35311288986215,0.9791666666666666,0.5,164.0,0.0,0.0,261.0,86.0,0.0,0.0,0.0,58.0,0.0,0.0,23.0,33.0,0.0,0.0,0.0,0.0,0.0,0.0,23.0,0.0,0.0,0.0,0.0
C2_p3__lamarckian__s26,C2_p3__lamarckian,C2_p3,C2,lamarckian,26,600,train,50,1.64,8,8,66.02196424816086,0.9166666666666666,0.5,228.0,0.0,0.0,218.0,33.0,0.0,0.0,0.0,82.0,0.0,0.0,14.0,18.0,0.0,0.0,0.0,0.0,0.0,0.0,14.0,0.0,0.0,0.0,0.0
C2_p3__lamarckian__s26,C2_p3__lamarckian,C2_p3,C2,lamarckian,26,650,train,43,1.744186046511628,5,12,59.44417675500612,0.9166666666666666,0.5,209.0,0.0,0.0,262.0,47.0,0.0,0.0,0.0,81.0,0.0,0.0,23.0,27.0,0.0,0.0,0.0,0.0,0.0,0.0,23.0,0.0,0.0,0.0,0.0
C2_p3__lamarckian__s26,C2_p3__lamarckian,C2_p3,C2,lamarckian,26,700,train,49,2.020408163265306,14,8,56.0726212432216,0.9166666666666666,0.5,185.0,0.0,0.0,356.0,60.0,0.0,0.0,0.0,75.0,0.0,0.0,16.0,29.0,0.0,0.0,0.0,0.0,0.0,0.0,16.0,0.0,0.0,0.0,0.0
C2_p3__lamarckian__s26,C2_p3__lamarckian,C2_p3,C2,lamarckian,26,750,train,50,2.08,5,4,26.781667830083535,1.0,0.5,250.0,0.0,0.0,367.0,53.0,0.0,0.0,0.0,103.0,0.0,0.0,14.0,23.0,0.0,0.0,0.0,0.0,0.0,0.0,14.0,0.0,0.0,0.0,0.0
C2_p3__lamarckian__s26,C2_p3__lamarckian,C2_p3,C2,lamarckian,26,800,train,48,2.1875,4,6,53.33111209788685,1.0,0.5,200.0,0.0,0.0,372.0,61.0,0.0,0.0,0.0,72.0,0.0,0.0,22.0,26.0,0.0,0.0,0.0,0.0,0.0,0.0,22.0,0.0,0.0,0.0,0.0
C2_p3__lamarckian__s26,C2_p3__lamarckian,C2_p3,C2,lamarckian,26,850,train,42,2.238095238095238,3,9,46.08250829944592,0.9583333333333334,0.5,220.0,0.0,0.0,389.0,51.0,0.0,0.0,0.0,87.0,0.0,0.0,23.0,25.0,0.0,0.0,0.0,0.0,0.0,0.0,23.0,0.0,0.0,0.0,0.0
C2_p3__lamarckian__s26,C2_p3__lamarckian,C2_p3,C2,lamarckian,26,900,train,38,2.4473684210526314,5,9,49.113606539858395,0.9583333333333334,0.5,193.0,0.0,0.0,288.0,61.0,0.0,0.0,0.0,91.0,0.0,0.0,13.0,29.0,0.0,0.0,0.0,0.0,0.0,0.0,13.0,0.0,0.0,0.0,0.0
C2_p3__lamarckian__s26,C2_p3__lamarckian,C2_p3,C2,lamarckian,26,950,train,38,2.710526315789474,8,8,70.98098122390515,0.875,0.5,129.0,0.0,0.0,342.0,39.0,0.0,0.0,0.0,80.0,0.0,0.0,18.0,20.0,0.0,0.0,0.0,0.0,0.0,0.0,18.0,0.0,0.0,0.0,0.0
C2_p3__lamarckian__s26,C2_p3__lamarckian,C2_p3,C2,lamarckian,26,1000,train,44,2.8636363636363638,10,4,33.19744957977749,0.9791666666666666,0.5,164.0,0.0,0.0,349.0,72.0,0.0,0.0,0.0,89.0,0.0,0.0,29.0,34.0,0.0,0.0,0.0,0.0,0.0,0.0,29.0,0.0,0.0,0.0,0.0
C2_p3__lamarckian__s26,C2_p3__lamarckian,C2_p3,C2,lamarckian,26,1050,train,38,2.973684210526316,4,10,51.99325594383682,0.9583333333333334,0.5,173.0,0.0,0.0,295.0,51.0,0.0,0.0,0.0,71.0,0.0,0.0,28.0,25.0,0.0,0.0,0.0,0.0,0.0,0.0,28.0,0.0,0.0,0.0,0.0
C2_p3__lamarckian__s26,C2_p3__lamarckian,C2_p3,C2,lamarckian,26,1100,train,38,3.263157894736842,11,11,54.87049892646533,0.9791666666666666,0.5,124.0,0.0,0.0,452.0,54.0,0.0,0.0,0.0,72.0,0.0,0.0,28.0,27.0,0.0,0.0,0.0,0.0,0.0,0.0,28.0,0.0,0.0,0.0,0.0
C2_p3__lamarckian__s26,C2_p3__lamarckian,C2_p3,C2,lamarckian,26,1150,train,44,3.3181818181818183,9,3,50.31195823237685,0.9583333333333334,0.5,216.0,0.0,0.0,219.0,62.0,0.0,0.0,0.0,94.0,0.0,0.0,13.0,34.0,0.0,0.0,0.0,0.0,0.0,0.0,13.0,0.0,0.0,0.0,0.0
C2_p3__lamarckian__s26,C2_p3__lamarckian,C2_p3,C2,lamarckian,26,1200,train,38,3.4210526315789473,4,10,69.67939883946906,0.9166666666666666,0.5,170.0,0.0,0.0,286.0,49.0,0.0,0.0,0.0,91.0,0.0,0.0,13.0,25.0,0.0,0.0,0.0,0.0,0.0,0.0,13.0,0.0,0.0,0.0,0.0
C2_p3__lamarckian__s26,C2_p3__lamarckian,C2_p3,C2,lamarckian,26,1250,train,38,3.5526315789473686,5,5,49.794884632287285,0.9375,0.5,198.0,0.0,0.0,283.0,46.0,0.0,0.0,0.0,96.0,0.0,0.0,17.0,33.0,0.0,0.0,0.0,0.0,0.0,0.0,17.0,0.0,0.0,0.0,0.0
C2_p3__lamarckian__s26,C2_p3__lamarckian,C2_p3,C2,lamarckian,26,1300,train,41,3.707317073170732,7,4,52.99278845559086,0.9791666666666666,0.5,154.0,0.0,0.0,309.0,56.0,0.0,0.0,0.0,90.0,0.0,0.0,15.0,25.0,0.0,0.0,0.0,0.0,0.0,0.0,15.0,0.0,0.0,0.0,0.0
C2_p3__lamarckian__s26,C2_p3__lamarckian,C2_p3,C2,lamarckian,26,1350,train,44,3.977272727272727,8,5,48.85328870872085,0.9583333333333334,0.5,135.0,0.0,0.0,239.0,57.0,0.0,0.0,0.0,91.0,0.0,0.0,15.0,28.0,0.0,0.0,0.0,0.0,0.0,0.0,15.0,0.0,0.0,0.0,0.0
C2_p3__lamarckian__s26,C2_p3__lamarckian,C2_p3,C2,lamarckian,26,1400,train,44,4.090909090909091,4,4,43.82653232680757,0.9791666666666666,0.5,172.0,0.0,0.0,310.0,98.0,0.0,0.0,0.0,81.0,0.0,0.0,18.0,37.0,0.0,0.0,0.0,0.0,0.0,0.0,18.0,0.0,0.0,0.0,0.0
C2_p3__lamarckian__s26,C2_p3__lamarckian,C2_p3,C2,lamarckian,26,1450,train,36,4.166666666666667,4,12,52.96321855201832,0.9583333333333334,0.5,147.0,0.0,0.0,230.0,77.0,0.0,0.0,0.0,74.0,0.0,0.0,24.0,36.0,0.0,0.0,0.0,0.0,0.0,0.0,24.0,0.0,0.0,0.0,0.0
C2_p3__lamarckian__s26,C2_p3__lamarckian,C2_p3,C2,lamarckian,26,1500,train,38,4.315789473684211,8,6,80.89556778015961,0.875,0.5,185.0,0.0,0.0,197.0,35.0,0.0,0.0,0.0,92.0,0.0,0.0,15.0,21.0,0.0,0.0,0.0,0.0,0.0,0.0,15.0,0.0,0.0,0.0,0.0
C2_p3__lamarckian__s26,C2_p3__lamarckian,C2_p3,C2,lamarckian,26,1550,eval,39,4.487179487179487,7,6,53.275219264383246,0.9166666666666666,0.5,188.0,0.0,0.0,317.0,38.0,0.0,0.0,59.0,97.0,0.0,0.0,20.0,19.0,0.0,0.0,6.0,0.0,0.0,0.0,20.0,0.0,0.0,0.0,6.0
C2_p3__lamarckian__s26,C2_p3__lamarckian,C2_p3,C2,lamarckian,26,1600,eval,32,4.59375,3,10,66.2871335532203,0.9166666666666666,0.5,191.0,0.0,0.0,235.0,26.0,0.0,0.0,47.0,88.0,0.0,0.0,15.0,15.0,0.0,0.0,10.0,0.0,0.0,0.0,15.0,0.0,0.0,0.0,10.0
C2_p3__lamarckian__s26,C2_p3__lamarckian,C2_p3,C2,lamarckian,26,1650,eval,38,5.184210526315789,13,7,77.03796907152137,0.9166666666666666,0.5,142.0,0.0,0.0,359.0,29.0,0.0,0.0,40.0,86.0,0.0,0.0,19.0,17.0,0.0,0.0,6.0,0.0,0.0,0.0,19.0,0.0,0.0,0.0,6.0
C2_p3__lamarckian__s26,C2_p3__lamarckian,C2_p3,C2,lamarckian,26,1700,eval,40,5.325,4,2,34.585858489510926,0.9583333333333334,0.5,188.0,0.0,0.0,312.0,41.0,0.0,0.0,48.0,106.0,0.0,0.0,17.0,23.0,0.0,0.0,8.0,0.0,0.0,0.0,17.0,0.0,0.0,0.0,8.0
C2_p3__lamarckian__s26,C2_p3__lamarckian,C2_p3,C2,lamarckian,26,1750,eval,39,5.487179487179487,4,5,37.276954961655264,1.0,0.5,214.0,0.0,0.0,190.0,48.0,0.0,0.0,34.0,102.0,0.0,0.0,14.0,19.0,0.0,0.0,5.0,0.0,0.0,0.0,14.0,0.0,0.0,0.0,5.0
C2_p3__lamarckian__s26,C2_p3__lamarckian,C2_p3,C2,lamarckian,26,1800,eval,35,5.514285714285714,3,7,73.65195264804585,0.8541666666666666,0.5,267.0,0.0,0.0,177.0,49.0,0.0,0.0,64.0,102.0,0.0,0.0,18.0,15.0,0.0,0.0,7.0,0.0,0.0,0.0,18.0,0.0,0.0,0.0,7.0
C2_p3__lamarckian__s27,C2_p3__lamarckian,C2_p3,C2,lamarckian,27,50,train,50,0.74,30,0,50.480264807077,0.8958333333333334,0.5,359.0,0.0,0.0,302.0,111.0,0.0,0.0,0.0,61.0,0.0,0.0,40.0,20.0,0.0,0.0,0.0,0.0,0.0,0.0,40.0,0.0,0.0,0.0,0.0
C2_p3__lamarckian__s27,C2_p3__lamarckian,C2_p3,C2,lamarckian,27,100,train,50,0.74,5,5,58.41576618585454,0.9375,0.5,271.0,0.0,0.0,427.0,114.0,0.0,0.0,0.0,43.0,0.0,0.0,43.0,14.0,0.0,0.0,0.0,0.0,0.0,0.0,43.0,0.0,0.0,0.0,0.0
C2_p3__lamarckian__s27,C2_p3__lamarckian,C2_p3,C2,lamarckian,27,150,train,50,0.74,6,6,136.4233614492452,0.7083333333333334,0.5,343.0,0.0,0.0,443.0,93.0,0.0,0.0,0.0,53.0,0.0,0.0,43.0,13.0,0.0,0.0,0.0,0.0,0.0,0.0,43.0,0.0,0.0,0.0,0.0
C2_p3__lamarckian__s27,C2_p3__lamarckian,C2_p3,C2,lamarckian,27,200,train,50,0.78,8,8,95.67893799613839,0.8125,0.5,336.0,0.0,0.0,372.0,107.0,0.0,0.0,0.0,57.0,0.0,0.0,32.0,20.0,0.0,0.0,0.0,0.0,0.0,0.0,32.0,0.0,0.0,0.0,0.0
C2_p3__lamarckian__s27,C2_p3__lamarckian,C2_p3,C2,lamarckian,27,250,train,50,0.8,3,3,67.94875643577731,0.8958333333333334,0.5,403.0,0.0,0.0,540.0,134.0,0.0,0.0,0.0,56.0,0.0,0.0,27.0,31.0,0.0,0.0,0.0,0.0,0.0,0.0,27.0,0.0,0.0,0.0,0.0
C2_p3__lamarckian__s27,C2_p3__lamarckian,C2_p3,C2,lamarckian,27,300,train,50,0.82,3,3,75.61348933822833,0.8958333333333334,0.5,284.0,0.0,0.0,460.0,112.0,0.0,0.0,0.0,67.0,0.0,0.0,17.0,20.0,0.0,0.0,0.0,0.0,0.0,0.0,17.0,0.0,0.0,0.0,0.0
C2_p3__lamarckian__s27,C2_p3__lamarckian,C2_p3,C2,lamarckian,27,350,train,50,0.82,0,0,85.06038747208068,0.8541666666666666,0.5,296.0,0.0,0.0,259.0,146.0,0.0,0.0,0.0,68.0,0.0,0.0,17.0,28.0,0.0,0.0,0.0,0.0,0.0,0.0,17.0,0.0,0.0,0.0,0.0
C2_p3__lamarckian__s27,C2_p3__lamarckian,C2_p3,C2,lamarckian,27,400,train,50,0.84,4,4,50.85218648644951,0.9166666666666666,0.5,403.0,0.0,0.0,317.0,108.0,0.0,0.0,0.0,79.0,0.0,0.0,15.0,27.0,0.0,0.0,0.0,0.0,0.0,0.0,15.0,0.0,0.0,0.0,0.0
C2_p3__lamarckian__s27,C2_p3__lamarckian,C2_p3,C2,lamarckian,27,450,train,50,0.84,4,4,47.45634081428753,0.9375,0.5,264.0,0.0,0.0,547.0,171.0,0.0,0.0,0.0,65.0,0.0,0.0,32.0,25.0,0.0,0.0,0.0,0.0,0.0,0.0,32.0,0.0,0.0,0.0,0.0
C2_p3__lamarckian__s27,C2_p3__lamarckian,C2_p3,C2,lamarckian,27,500,train,45,1.2666666666666666,8,13,39.080824732447084,0.9583333333333334,0.5,297.0,0.0,0.0,337.0,90.0,0.0,0.0,0.0,71.0,0.0,0.0,22.0,27.0,0.0,0.0,0.0,0.0,0.0,0.0,22.0,0.0,0.0,0.0,0.0
C2_p3__lamarckian__s27,C2_p3__lamarckian,C2_p3,C2,lamarckian,27,550,train,50,1.74,22,17,71.9505536302035,0.8958333333333334,0.5,249.0,0.0,0.0,219.0,65.0,0.0,0.0,0.0,70.0,0.0,0.0,16.0,21.0,0.0,0.0,0.0,0.0,0.0,0.0,16.0,0.0,0.0,0.0,0.0
C2_p3__lamarckian__s27,C2_p3__lamarckian,C2_p3,C2,lamarckian,27,600,train,50,1.8,12,12,62.93780049733012,0.875,0.5,190.0,0.0,0.0,375.0,95.0,0.0,0.0,0.0,54.0,0.0,0.0,21.0,34.0,0.0,0.0,0.0,0.0,0.0,0.0,21.0,0.0,0.0,0.0,0.0
C2_p3__lamarckian__s27,C2_p3__lamarckian,C2_p3,C2,lamarckian,27,650,train,50,1.94,12,12,61.44925900255767,0.9166666666666666,0.5,270.0,0.0,0.0,343.0,55.0,0.0,0.0,0.0,63.0,0.0,0.0,29.0,29.0,0.0,0.0,0.0,0.0,0.0,0.0,29.0,0.0,0.0,0.0,0.0
C2_p3__lamarckian__s27,C2_p3__lamarckian,C2_p3,C2,lamarckian,27,700,train,50,2.18,13,13,43.90047364414424,0.9583333333333334,0.5,288.0,0.0,0.0,323.0,72.0,0.0,0.0,0.0,76.0,0.0,0.0,21.0,23.0,0.0,0.0,0.0,0.0,0.0,0.0,21.0,0.0,0.0,0.0,0.0
C2_p3__lamarckian__s27,C2_p3__lamarckian,C2_p3,C2,lamarckian,27,750,train,42,2.2857142857142856,2,10,55.68342391796433,0.875,0.5,234.0,0.0,0.0,237.0,62.0,0.0,0.0,0.0,74.0,0.0,0.0,18.0,23.0,0.0,0.0,0.0,0.0,0.0,0.0,18.0,0.0,0.0,0.0,0.0
C2_p3__lamarckian__s27,C2_p3__lamarckian,C2_p3,C2,lamarckian,27,800,train,42,2.4523809523809526,7,7,46.98740725803924,0.9166666666666666,0.5,211.0,0.0,0.0,296.0,50.0,0.0,0.0,0.0,88.0,0.0,0.0,20.0,26.0,0.0,0.0,0.0,0.0,0.0,0.0,20.0,0.0,0.0,0.0,0.0
C2_p3__lamarckian__s27,C2_p3__lamarckian,C2_p3,C2,lamarckian,27,850,train,45,2.6,7,4,36.07497258988559,0.9791666666666666,0.5,168.0,0.0,0.0,249.0,59.0,0.0,0.0,0.0,82.0,0.0,0.0,15.0,26.0,0.0,0.0,0.0,0.0,0.0,0.0,15.0,0.0,0.0,0.0,0.0
C2_p3__lamarckian__s27,C2_p3__lamarckian,C2_p3,C2,lamarckian,27,900,train,41,2.682926829268293,3,7,30.59307877876673,1.0,0.5,192.0,0.0,0.0,202.0,57.0,0.0,0.0,0.0,92.0,0.0,0.0,12.0,31.0,0.0,0.0,0.0,0.0,0.0,0.0,12.0,0.0,0.0,0.0,0.0
C2_p3__lamarckian__s27,C2_p3__lamarckian,C2_p3,C2,lamarckian,27,950,train,34,2.9411764705882355,2,9,41.94242102750944,0.9583333333333334,0.5,177.0,0.0,0.0,220.0,68.0,0.0,0.0,0.0,70.0,0.0,0.0,21.0,33.0,0.0,0.0,0.0,0.0,0.0,0.0,21.0,0.0,0.0,0.0,0.0
C2_p3__lamarckian__s27,C2_p3__lamarckian,C2_p3,C2,lamarckian,27,1000,train,28,3.0,2,8,61.031734323591266,0.9166666666666666,0.5,164.0,0.0,0.0,193.0,58.0,0.0,0.0,0.0,77.0,0.0,0.0,9.0,35.0,0.0,0.0,0.0,0.0,0.0,0.0,9.0,0.0,0.0,0.0,0.0
C2_p3__lamarckian__s27,C2_p3__lamarckian,C2_p3,C2,lamarckian,27,1050,train,35,3.1714285714285713,9,2,57.00468086704561,0.9375,0.5,156.0,0.0,0.0,173.0,41.0,0.0,0.0,0.0,94.0,0.0,0.0,16.0,32.0,0.0,0.0,0.0,0.0,0.0,0.0,16.0,0.0,0.0,0.0,0.0
C2_p3__lamarckian__s27,C2_p3__lamarckian,C2_p3,C2,lamarckian,27,1100,train,38,3.3157894736842106,9,6,77.59086561743122,0.8958333333333334,0.5,130.0,0.0,0.0,361.0,53.0,0.0,0.0,0.0,71.0,0.0,0.0,20.0,32.0,0.0,0.0,0.0,0.0,0.0,0.0,20.0,0.0,0.0,0.0,0.0
C2_p3__lamarckian__s27,C2_p3__lamarckian,C2_p3,C2,lamarckian,27,1150,train,38,3.5789473684210527,5,5,52.09143767145526,0.9375,0.5,196.0,0.0,0.0,310.0,75.0,0.0,0.0,0.0,89.0,0.0,0.0,23.0,32.0,0.0,0.0,0.0,0.0,0.0,0.0,23.0,0.0,0.0,0.0,0.0
C2_p3__lamarckian__s27,C2_p3__lamarckian,C2_p3,C2,lamarckian,27,1200,train,38,3.710526315789474,4,4,35.49806166289523,0.9791666666666666,0.5,156.0,0.0,0.0,288.0,44.0,0.0,0.0,0.0,86.0,0.0,0.0,13.0,33.0,0.0,0.0,0.0,0.0,0.0,0.0,13.0,0.0,0.0,0.0,0.0
C2_p3__lamarckian__s27,C2_p3__lamarckian,C2_p3,C2,lamarckian,27,1250,train,39,3.948717948717949,6,5,76.6770514638132,0.7916666666666666,0.5,125.0,0.0,0.0,249.0,42.0,0.0,0.0,0.0,77.0,0.0,0.0,16.0,25.0,0.0,0.0,0.0,0.0,0.0,0.0,16.0,0.0,0.0,0.0,0.0
C2_p3__lamarckian__s27,C2_p3__lamarckian,C2_p3,C2,lamarckian,27,1300,train,40,4.025,7,6,58.580202558768754,0.8958333333333334,0.5,146.0,0.0,0.0,277.0,64.0,0.0,0.0,0.0,92.0,0.0,0.0,17.0,29.0,0.0,0.0,0.0,0.0,0.0,0.0,17.0,0.0,0.0,0.0,0.0
C2_p3__lamarckian__s27,C2_p3__lamarckian,C2_p3,C2,lamarckian,27,1350,train,42,4.214285714285714,7,5,60.46942289994213,0.9583333333333334,0.5,145.0,0.0,0.0,269.0,71.0,0.0,0.0,0.0,81.0,0.0,0.0,25.0,28.0,0.0,0.0,0.0,0.0,0.0,0.0,25.0,0.0,0.0,0.0,0.0
C2_p3__lamarckian__s27,C2_p3__lamarckian,C2_p3,C2,lamarckian,27,1400,train,44,4.386363636363637,6,4,57.75613572608852,0.9583333333333334,0.5,202.0,0.0,0.0,301.0,51.0,0.0,0.0,0.0,92.0,0.0,0.0,16.0,26.0,0.0,0.0,0.0,0.0,0.0,0.0,16.0,0.0,0.0,0.0,0.0
C2_p3__lamarckian__s27,C2_p3__lamarckian,C2_p3,C2,lamarckian,27,1450,train,45,4.533333333333333,6,5,49.841895768067644,0.9375,0.5,147.0,0.0,0.0,382.0,62.0,0.0,0.0,0.0,87.0,0.0,0.0,19.0,32.0,0.0,0.0,0.0,0.0,0.0,0.0,19.0,0.0,0.0,0.0,0.0
C2_p3__lamarckian__s27,C2_p3__lamarckian,C2_p3,C2,lamarckian,27,1500,train,38,4.815789473684211,4,11,62.3858516808931,0.9375,0.5,134.0,0.0,0.0,297.0,59.0,0.0,0.0,0.0,75.0,0.0,0.0,18.0,31.0,0.0,0.0,0.0,0.0,0.0,0.0,18.0,0.0,0.0,0.0,0.0
C2_p3__lamarckian__s27,C2_p3__lamarckian,C2_p3,C2,lamarckian,27,1550,eval,37,5.054054054054054,5,6,113.90398318350644,0.75,0.5,146.0,0.0,0.0,291.0,20.0,0.0,0.0,41.0,66.0,0.0,0.0,22.0,17.0,0.0,0.0,5.0,0.0,0.0,0.0,22.0,0.0,0.0,0.0,5.0
C2_p3__lamarckian__s27,C2_p3__lamarckian,C2_p3,C2,lamarckian,27,1600,eval,44,5.295454545454546,12,5,53.1355246074296,0.9375,0.5,160.0,0.0,0.0,427.0,36.0,0.0,0.0,19.0,87.0,0.0,0.0,25.0,22.0,0.0,0.0,1.0,0.0,0.0,0.0,25.0,0.0,0.0,0.0,1.0
C2_p3__lamarckian__s27,C2_p3__lamarckian,C2_p3,C2,lamarckian,27,1650,eval,45,5.4222222222222225,5,4,39.2812612389901,0.9791666666666666,0.5,189.0,0.0,0.0,301.0,40.0,0.0,0.0,40.0,84.0,0.0,0.0,20.0,27.0,0.0,0.0,1.0,0.0,0.0,0.0,20.0,0.0,0.0,0.0,1.0
C2_p3__lamarckian__s27,C2_p3__lamarckian,C2_p3,C2,lamarckian,27,1700,eval,36,5.5,2,11,52.41474033301425,0.9791666666666666,0.5,177.0,0.0,0.0,389.0,37.0,0.0,0.0,57.0,70.0,0.0,0.0,20.0,23.0,0.0,0.0,3.0,0.0,0.0,0.0,20.0,0.0,0.0,0.0,3.0
C2_p3__lamarckian__s27,C2_p3__lamarckian,C2_p3,C2,lamarckian,27,1750,eval,39,5.6923076923076925,8,5,54.1504788218993,0.9583333333333334,0.5,197.0,0.0,0.0,278.0,72.0,0.0,0.0,51.0,96.0,0.0,0.0,15.0,21.0,0.0,0.0,2.0,0.0,0.0,0.0,15.0,0.0,0.0,0.0,2.0
C2_p3__lamarckian__s27,C2_p3__lamarckian,C2_p3,C2,lamarckian,27,1800,eval,42,5.738095238095238,5,2,26.164232689777744,1.0,0.5,237.0,0.0,0.0,206.0,31.0,0.0,0.0,69.0,103.0,0.0,0.0,11.0,23.0,0.0,0.0,5.0,0.0,0.0,0.0,11.0,0.0,0.0,0.0,5.0
C2_p3__lamarckian__s28,C2_p3__lamarckian,C2_p3,C2,lamarckian,28,50,train,50,0.78,31,1,54.42913595012623,0.8958333333333334,0.5,325.0,0.0,0.0,269.0,106.0,0.0,0.0,0.0,54.0,0.0,0.0,46.0,22.0,0.0,0.0,0.0,0.0,0.0,0.0,46.0,0.0,0.0,0.0,0.0
C2_p3__lamarckian__s28,C2_p3__lamarckian,C2_p3,C2,lamarckian,28,100,train,50,0.82,4,4,64.89353293786172,0.8958333333333334,0.5,209.0,0.0,0.0,404.0,104.0,0.0,0.0,0.0,46.0,0.0,0.0,41.0,15.0,0.0,0.0,0.0,0.0,0.0,0.0,41.0,0.0,0.0,0.0,0.0
C2_p3__lamarckian__s28,C2_p3__lamarckian,C2_p3,C2,lamarckian,28,150,train,50,0.82,7,7,70.81886233167975,0.875,0.5,388.0,0.0,0.0,322.0,78.0,0.0,0.0,0.0,69.0,0.0,0.0,32.0,14.0,0.0,0.0,0.0,0.0,0.0,0.0,32.0,0.0,0.0,0.0,0.0
C2_p3__lamarckian__s28,C2_p3__lamarckian,C2_p3,C2,lamarckian,28,200,train,50,0.74,8,8,47.82711846338594,0.9375,0.5,298.0,0.0,0.0,381.0,44.0,0.0,0.0,0.0,67.0,0.0,0.0,34.0,13.0,0.0,0.0,0.0,0.0,0.0,0.0,34.0,0.0,0.0,0.0,0.0
C2_p3__lamarckian__s28,C2_p3__lamarckian,C2_p3,C2,lamarckian,28,250,train,50,0.74,10,10,73.16992073964568,0.8958333333333334,0.5,291.0,0.0,0.0,446.0,45.0,0.0,0.0,0.0,54.0,0.0,0.0,41.0,14.0,0.0,0.0,0.0,0.0,0.0,0.0,41.0,0.0,0.0,0.0,0.0
C2_p3__lamarckian__s28,C2_p3__lamarckian,C2_p3,C2,lamarckian,28,300,train,50,0.92,10,10,70.2918411873718,0.8958333333333334,0.5,307.0,0.0,0.0,433.0,19.0,0.0,0.0,0.0,71.0,0.0,0.0,30.0,13.0,0.0,0.0,0.0,0.0,0.0,0.0,30.0,0.0,0.0,0.0,0.0
C2_p3__lamarckian__s28,C2_p3__lamarckian,C2_p3,C2,lamarckian,28,350,train,50,0.96,9,9,58.32813777770176,0.9166666666666666,0.5,310.0,0.0,0.0,591.0,48.0,0.0,0.0,0.0,67.0,0.0,0.0,33.0,16.0,0.0,0.0,0.0,0.0,0.0,0.0,33.0,0.0,0.0,0.0,0.0
C2_p3__lamarckian__s28,C2_p3__lamarckian,C2_p3,C2,lamarckian,28,400,train,50,1.02,6,6,72.65733852376277,0.875,0.5,335.0,0.0,0.0,493.0,31.0,0.0,0.0,0.0,82.0,0.0,0.0,16.0,13.0,0.0,0.0,0.0,0.0,0.0,0.0,16.0,0.0,0.0,0.0,0.0
C2_p3__lamarckian__s28,C2_p3__lamarckian,C2_p3,C2,lamarckian,28,450,train,50,1.02,2,2,46.484640442439144,0.9583333333333334,0.5,318.0,0.0,0.0,432.0,38.0,0.0,0.0,0.0,93.0,0.0,0.0,25.0,21.0,0.0,0.0,0.0,0.0,0.0,0.0,25.0,0.0,0.0,0.0,0.0
C2_p3__lamarckian__s28,C2_p3__lamarckian,C2_p3,C2,lamarckian,28,500,train,41,1.3658536585365855,11,20,34.87882306231513,0.9583333333333334,0.5,244.0,0.0,0.0,334.0,45.0,0.0,0.0,0.0,82.0,0.0,0.0,17.0,22.0,0.0,0.0,0.0,0.0,0.0,0.0,17.0,0.0,0.0,0.0,0.0
C2_p3__lamarckian__s28,C2_p3__lamarckian,C2_p3,C2,lamarckian,28,550,train,40,1.675,12,13,82.39673646754464,0.8541666666666666,0.5,209.0,0.0,0.0,331.0,18.0,0.0,0.0,0.0,73.0,0.0,0.0,19.0,13.0,0.0,0.0,0.0,0.0,0.0,0.0,19.0,0.0,0.0,0.0,0.0
C2_p3__lamarckian__s28,C2_p3__lamarckian,C2_p3,C2,lamarckian,28,600,train,42,1.7619047619047619,7,5,46.675007648763696,0.9375,0.5,226.0,0.0,0.0,424.0,41.0,0.0,0.0,0.0,83.0,0.0,0.0,24.0,24.0,0.0,0.0,0.0,0.0,0.0,0.0,24.0,0.0,0.0,0.0,0.0
C2_p3__lamarckian__s28,C2_p3__lamarckian,C2_p3,C2,lamarckian,28,650,train,39,1.7435897435897436,5,8,57.88299339991432,0.9375,0.5,195.0,0.0,0.0,351.0,33.0,0.0,0.0,0.0,84.0,0.0,0.0,25.0,17.0,0.0,0.0,0.0,0.0,0.0,0.0,25.0,0.0,0.0,0.0,0.0
C2_p3__lamarckian__s28,C2_p3__lamarckian,C2_p3,C2,lamarckian,28,700,train,39,1.8974358974358974,8,8,56.965563543760915,0.9791666666666666,0.5,180.0,0.0,0.0,310.0,39.0,0.0,0.0,0.0,79.0,0.0,0.0,16.0,23.0,0.0,0.0,0.0,0.0,0.0,0.0,16.0,0.0,0.0,0.0,0.0
C2_p3__lamarckian__s28,C2_p3__lamarckian,C2_p3,C2,lamarckian,28,750,train,36,2.0,7,10,41.53798428202057,1.0,0.5,196.0,0.0,0.0,245.0,32.0,0.0,0.0,0.0,82.0,0.0,0.0,28.0,22.0,0.0,0.0,0.0,0.0,0.0,0.0,28.0,0.0,0.0,0.0,0.0
C2_p3__lamarckian__s28,C2_p3__lamarckian,C2_p3,C2,lamarckian,28,800,train,35,2.2,7,8,55.08131930392106,0.9166666666666666,0.5,195.0,0.0,0.0,263.0,34.0,0.0,0.0,0.0,78.0,0.0,0.0,26.0,17.0,0.0,0.0,0.0,0.0,0.0,0.0,26.0,0.0,0.0,0.0,0.0
C2_p3__lamarckian__s28,C2_p3__lamarckian,C2_p3,C2,lamarckian,28,850,train,35,2.657142857142857,8,8,50.39576457455907,0.9583333333333334,0.5,197.0,0.0,0.0,304.0,30.0,0.0,0.0,0.0,85.0,0.0,0.0,27.0,20.0,0.0,0.0,0.0,0.0,0.0,0.0,27.0,0.0,0.0,0.0,0.0
C2_p3__lamarckian__s28,C2_p3__lamarckian,C2_p3,C2,lamarckian,28,900,train,38,2.736842105263158,5,2,40.26241170213486,0.9583333333333334,0.5,196.0,0.0,0.0,211.0,44.0,0.0,0.0,0.0,94.0,0.0,0.0,21.0,21.0,0.0,0.0,0.0,0.0,0.0,0.0,21.0,0.0,0.0,0.0,0.0
C2_p3__lamarckian__s28,C2_p3__lamarckian,C2_p3,C2,lamarckian,28,950,train,40,2.8,6,4,48.42136063935637,0.9375,0.5,176.0,0.0,0.0,229.0,34.0,0.0,0.0,0.0,79.0,0.0,0.0,21.0,17.0,0.0,0.0,0.0,0.0,0.0,0.0,21.0,0.0,0.0,0.0,0.0
C2_p3__lamarckian__s28,C2_p3__lamarckian,C2_p3,C2,lamarckian,28,1000,train,40,2.975,5,5,32.370079022592236,0.9791666666666666,0.5,211.0,0.0,0.0,318.0,34.0,0.0,0.0,0.0,92.0,0.0,0.0,23.0,15.0,0.0,0.0,0.0,0.0,0.0,0.0,23.0,0.0,0.0,0.0,0.0
C2_p3__lamarckian__s28,C2_p3__lamarckian,C2_p3,C2,lamarckian,28,1050,train,37,3.054054054054054,2,5,71.22233523595766,0.9375,0.5,204.0,0.0,0.0,256.0,55.0,0.0,0.0,0.0,80.0,0.0,0.0,21.0,15.0,0.0,0.0,0.0,0.0,0.0,0.0,21.0,0.0,0.0,0.0,0.0
C2_p3__lamarckian__s28,C2_p3__lamarckian,C2_p3,C2,lamarckian,28,1100,train,39,3.282051282051282,8,6,66.39917566860112,0.9166666666666666,0.5,211.0,0.0,0.0,394.0,40.0,0.0,0.0,0.0,89.0,0.0,0.0,27.0,17.0,0.0,0.0,0.0,0.0,0.0,0.0,27.0,0.0,0.0,0.0,0.0
C2_p3__lamarckian__s28,C2_p3__lamarckian,C2_p3,C2,lamarckian,28,1150,train,41,3.4634146341463414,7,5,56.229881474927176,0.9583333333333334,0.5,173.0,0.0,0.0,240.0,53.0,0.0,0.0,0.0,80.0,0.0,0.0,17.0,31.0,0.0,0.0,0.0,0.0,0.0,0.0,17.0,0.0,0.0,0.0,0.0
C2_p3__lamarckian__s28,C2_p3__lamarckian,C2_p3,C2,lamarckian,28,1200,train,41,3.6097560975609757,4,4,39.10322010710221,0.9375,0.5,183.0,0.0,0.0,271.0,59.0,0.0,0.0,0.0,91.0,0.0,0.0,15.0,21.0,0.0,0.0,0.0,0.0,0.0,0.0,15.0,0.0,0.0,0.0,0.0
C2_p3__lamarckian__s28,C2_p3__lamarckian,C2_p3,C2,lamarckian,28,1250,train,34,3.7941176470588234,4,11,66.01338679773501,0.9166666666666666,0.5,132.0,0.0,0.0,366.0,55.0,0.0,0.0,0.0,73.0,0.0,0.0,26.0,20.0,0.0,0.0,0.0,0.0,0.0,0.0,26.0,0.0,0.0,0.0,0.0
C2_p3__lamarckian__s28,C2_p3__lamarckian,C2_p3,C2,lamarckian,28,1300,train,34,4.029411764705882,5,5,61.84869290216917,0.9375,0.5,153.0,0.0,0.0,219.0,37.0,0.0,0.0,0.0,82.0,0.0,0.0,18.0,20.0,0.0,0.0,0.0,0.0,0.0,0.0,18.0,0.0,0.0,0.0,0.0
C2_p3__lamarckian__s28,C2_p3__lamarckian,C2_p3,C2,lamarckian,28,1350,train,38,4.315789473684211,9,5,46.333400529070104,0.9583333333333334,0.5,242.0,0.0,0.0,305.0,45.0,0.0,0.0,0.0,94.0,0.0,0.0,22.0,17.0,0.0,0.0,0.0,0.0,0.0,0.0,22.0,0.0,0.0,0.0,0.0
C2_p3__lamarckian__s28,C2_p3__lamarckian,C2_p3,C2,lamarckian,28,1400,train,37,4.486486486486487,3,4,49.77171877743331,0.9583333333333334,0.5,203.0,0.0,0.0,341.0,37.0,0.0,0.0,0.0,78.0,0.0,0.0,22.0,17.0,0.0,0.0,0.0,0.0,0.0,0.0,22.0,0.0,0.0,0.0,0.0
C2_p3__lamarckian__s28,C2_p3__lamarckian,C2_p3,C2,lamarckian,28,1450,train,40,4.725,7,4,70.32282012560633,0.8958333333333334,0.5,172.0,0.0,0.0,433.0,36.0,0.0,0.0,0.0,79.0,0.0,0.0,26.0,21.0,0.0,0.0,0.0,0.0,0.0,0.0,26.0,0.0,0.0,0.0,0.0
C2_p3__lamarckian__s28,C2_p3__lamarckian,C2_p3,C2,lamarckian,28,1500,train,48,5.0,10,2,42.9583770567364,1.0,0.5,183.0,0.0,0.0,398.0,38.0,0.0,0.0,0.0,102.0,0.0,0.0,16.0,18.0,0.0,0.0,0.0,0.0,0.0,0.0,16.0,0.0,0.0,0.0,0.0
C2_p3__lamarckian__s28,C2_p3__lamarckian,C2_p3,C2,lamarckian,28,1550,eval,38,5.105263157894737,1,11,50.62516807313628,0.9583333333333334,0.5,120.0,0.0,0.0,411.0,14.0,0.0,0.0,68.0,69.0,0.0,0.0,24.0,10.0,0.0,0.0,9.0,0.0,0.0,0.0,24.0,0.0,0.0,0.0,9.0
C2_p3__lamarckian__s28,C2_p3__lamarckian,C2_p3,C2,lamarckian,28,1600,eval,28,5.071428571428571,1,11,97.2189860103581,0.8541666666666666,0.5,155.0,0.0,0.0,267.0,14.0,0.0,0.0,10.0,86.0,0.0,0.0,14.0,9.0,0.0,0.0,2.0,0.0,0.0,0.0,14.0,0.0,0.0,0.0,2.0
C2_p3__lamarckian__s28,C2_p3__lamarckian,C2_p3,C2,lamarckian,28,1650,eval,30,5.5,9,7,158.32738542769474,0.6875,0.5,191.0,0.0,0.0,262.0,11.0,0.0,0.0,12.0,87.0,0.0,0.0,10.0,8.0,0.0,0.0,2.0,0.0,0.0,0.0,10.0,0.0,0.0,0.0,2.0
C2_p3__lamarckian__s28,C2_p3__lamarckian,C2_p3,C2,lamarckian,28,1700,eval,50,6.08,24,4,36.592592704812716,0.9583333333333334,0.5,238.0,0.0,0.0,338.0,26.0,0.0,0.0,71.0,109.0,0.0,0.0,13.0,12.0,0.0,0.0,3.0,0.0,0.0,0.0,13.0,0.0,0.0,0.0,3.0
C2_p3__lamarckian__s28,C2_p3__lamarckian,C2_p3,C2,lamarckian,28,1750,eval,50,6.12,2,2,59.314346712395945,0.9583333333333334,0.5,186.0,0.0,0.0,360.0,22.0,0.0,0.0,53.0,76.0,0.0,0.0,13.0,15.0,0.0,0.0,1.0,0.0,0.0,0.0,13.0,0.0,0.0,0.0,1.0
C2_p3__lamarckian__s28,C2_p3__lamarckian,C2_p3,C2,lamarckian,28,1800,eval,47,6.25531914893617,4,7,48.00032626835102,0.9375,0.5,187.0,0.0,0.0,425.0,17.0,0.0,0.0,67.0,94.0,0.0,0.0,15.0,11.0,0.0,0.0,4.0,0.0,0.0,0.0,15.0,0.0,0.0,0.0,4.0
C2_p3__lamarckian__s29,C2_p3__lamarckian,C2_p3,C2,lamarckian,29,50,train,50,0.7,32,2,36.68100984875764,0.9583333333333334,0.5,256.0,0.0,0.0,235.0,69.0,0.0,0.0,0.0,54.0,0.0,0.0,48.0,20.0,0.0,0.0,0.0,0.0,0.0,0.0,48.0,0.0,0.0,0.0,0.0
C2_p3__lamarckian__s29,C2_p3__lamarckian,C2_p3,C2,lamarckian,29,100,train,50,0.76,7,7,59.13551502892156,0.9166666666666666,0.5,390.0,0.0,0.0,336.0,112.0,0.0,0.0,0.0,43.0,0.0,0.0,30.0,20.0,0.0,0.0,0.0,0.0,0.0,0.0,30.0,0.0,0.0,0.0,0.0
C2_p3__lamarckian__s29,C2_p3__lamarckian,C2_p3,C2,lamarckian,29,150,train,50,0.78,4,4,63.736894736035445,0.9166666666666666,0.5,300.0,0.0,0.0,388.0,164.0,0.0,0.0,0.0,53.0,0.0,0.0,38.0,25.0,0.0,0.0,0.0,0.0,0.0,0.0,38.0,0.0,0.0,0.0,0.0
C2_p3__lamarckian__s29,C2_p3__lamarckian,C2_p3,C2,lamarckian,29,200,train,50,0.78,6,6,59.834499193747135,0.875,0.5,343.0,0.0,0.0,421.0,85.0,0.0,0.0,0.0,58.0,0.0,0.0,31.0,26.0,0.0,0.0,0.0,0.0,0.0,0.0,31.0,0.0,0.0,0.0,0.0
C2_p3__lamarckian__s29,C2_p3__lamarckian,C2_p3,C2,lamarckian,29,250,train,50,0.72,9,9,49.89252805554901,0.9375,0.5,401.0,0.0,0.0,406.0,94.0,0.0,0.0,0.0,72.0,0.0,0.0,19.0,34.0,0.0,0.0,0.0,0.0,0.0,0.0,19.0,0.0,0.0,0.0,0.0
C2_p3__lamarckian__s29,C2_p3__lamarckian,C2_p3,C2,lamarckian,29,300,train,50,0.72,6,6,74.02780184243417,0.8541666666666666,0.5,309.0,0.0,0.0,465.0,39.0,0.0,0.0,0.0,63.0,0.0,0.0,25.0,23.0,0.0,0.0,0.0,0.0,0.0,0.0,25.0,0.0,0.0,0.0,0.0
C2_p3__lamarckian__s29,C2_p3__lamarckian,C2_p3,C2,lamarckian,29,350,train,50,0.74,8,8,33.77120406153422,0.9791666666666666,0.5,302.0,0.0,0.0,363.0,51.0,0.0,0.0,0.0,81.0,0.0,0.0,19.0,22.0,0.0,0.0,0.0,0.0,0.0,0.0,19.0,0.0,0.0,0.0,0.0
C2_p3__lamarckian__s29,C2_p3__lamarckian,C2_p3,C2,lamarckian,29,400,train,50,0.7,8,8,49.403738951336194,0.9166666666666666,0.5,181.0,0.0,0.0,224.0,56.0,0.0,0.0,0.0,66.0,0.0,0.0,16.0,23.0,0.0,0.0,0.0,0.0,0.0,0.0,16.0,0.0,0.0,0.0,0.0
C2_p3__lamarckian__s29,C2_p3__lamarckian,C2_p3,C2,lamarckian,29,450,train,50,0.72,6,6,68.49542954396658,0.875,0.5,319.0,0.0,0.0,246.0,45.0,0.0,0.0,0.0,64.0,0.0,0.0,16.0,21.0,0.0,0.0,0.0,0.0,0.0,0.0,16.0,0.0,0.0,0.0,0.0
C2_p3__lamarckian__s29,C2_p3__lamarckian,C2_p3,C2,lamarckian,29,500,train,39,1.1025641025641026,9,20,63.09388009986466,0.9375,0.5,245.0,0.0,0.0,250.0,64.0,0.0,0.0,0.0,74.0,0.0,0.0,17.0,31.0,0.0,0.0,0.0,0.0,0.0,0.0,17.0,0.0,0.0,0.0,0.0
C2_p3__lamarckian__s29,C2_p3__lamarckian,C2_p3,C2,lamarckian,29,550,train,46,1.4130434782608696,16,9,38.877807333031996,0.9583333333333334,0.5,169.0,0.0,0.0,360.0,44.0,0.0,0.0,0.0,68.0,0.0,0.0,25.0,26.0,0.0,0.0,0.0,0.0,0.0,0.0,25.0,0.0,0.0,0.0,0.0
C2_p3__lamarckian__s29,C2_p3__lamarckian,C2_p3,C2,lamarckian,29,600,train,40,1.425,3,9,63.156586484604816,0.875,0.5,259.0,0.0,0.0,324.0,48.0,0.0,0.0,0.0,72.0,0.0,0.0,17.0,27.0,0.0,0.0,0.0,0.0,0.0,0.0,17.0,0.0,0.0,0.0,0.0
C2_p3__lamarckian__s29,C2_p3__lamarckian,C2_p3,C2,lamarckian,29,650,train,35,1.457142857142857,3,8,47.42984165266132,0.9375,0.5,200.0,0.0,0.0,233.0,61.0,0.0,0.0,0.0,87.0,0.0,0.0,22.0,33.0,0.0,0.0,0.0,0.0,0.0,0.0,22.0,0.0,0.0,0.0,0.0
C2_p3__lamarckian__s29,C2_p3__lamarckian,C2_p3,C2,lamarckian,29,700,train,40,1.725,8,3,37.4746316001113,0.9583333333333334,0.5,173.0,0.0,0.0,352.0,70.0,0.0,0.0,0.0,64.0,0.0,0.0,33.0,36.0,0.0,0.0,0.0,0.0,0.0,0.0,33.0,0.0,0.0,0.0,0.0
C2_p3__lamarckian__s29,C2_p3__lamarckian,C2_p3,C2,lamarckian,29,750,train,36,1.8611111111111112,2,6,86.2914690887362,0.8125,0.5,192.0,0.0,0.0,274.0,65.0,0.0,0.0,0.0,77.0,0.0,0.0,18.0,26.0,0.0,0.0,0.0,0.0,0.0,0.0,18.0,0.0,0.0,0.0,0.0
C2_p3__lamarckian__s29,C2_p3__lamarckian,C2_p3,C2,lamarckian,29,800,train,40,2.125,10,6,50.20853255163553,0.9583333333333334,0.5,251.0,0.0,0.0,365.0,59.0,0.0,0.0,0.0,80.0,0.0,0.0,22.0,32.0,0.0,0.0,0.0,0.0,0.0,0.0,22.0,0.0,0.0,0.0,0.0
C2_p3__lamarckian__s29,C2_p3__lamarckian,C2_p3,C2,lamarckian,29,850,train,37,2.324324324324324,4,7,77.05591533430693,0.8541666666666666,0.5,188.0,0.0,0.0,237.0,54.0,0.0,0.0,0.0,71.0,0.0,0.0,17.0,24.0,0.0,0.0,0.0,0.0,0.0,0.0,17.0,0.0,0.0,0.0,0.0
C2_p3__lamarckian__s29,C2_p3__lamarckian,C2_p3,C2,lamarckian,29,900,train,36,2.388888888888889,6,7,51.30421966445506,0.9375,0.5,189.0,0.0,0.0,350.0,57.0,0.0,0.0,0.0,80.0,0.0,0.0,19.0,31.0,0.0,0.0,0.0,0.0,0.0,0.0,19.0,0.0,0.0,0.0,0.0
C2_p3__lamarckian__s29,C2_p3__lamarckian,C2_p3,C2,lamarckian,29,950,train,37,2.5675675675675675,6,5,56.45115059547348,0.9583333333333334,0.5,188.0,0.0,0.0,282.0,36.0,0.0,0.0,0.0,83.0,0.0,0.0,18.0,24.0,0.0,0.0,0.0,0.0,0.0,0.0,18.0,0.0,0.0,0.0,0.0
C2_p3__lamarckian__s29,C2_p3__lamarckian,C2_p3,C2,lamarckian,29,1000,train,35,2.7714285714285714,5,7,44.22716395561296,0.9583333333333334,0.5,194.0,0.0,0.0,183.0,68.0,0.0,0.0,0.0,80.0,0.0,0.0,14.0,34.0,0.0,0.0,0.0,0.0,0.0,0.0,14.0,0.0,0.0,0.0,0.0
C2_p3__lamarckian__s29,C2_p3__lamarckian,C2_p3,C2,lamarckian,29,1050,train,32,3.0,4,7,69.64945865666158,0.8958333333333334,0.5,169.0,0.0,0.0,243.0,44.0,0.0,0.0,0.0,77.0,0.0,0.0,15.0,22.0,0.0,0.0,0.0,0.0,0.0,0.0,15.0,0.0,0.0,0.0,0.0
C2_p3__lamarckian__s29,C2_p3__lamarckian,C2_p3,C2,lamarckian,29,1100,train,39,3.230769230769231,11,4,32.85660582256555,0.9791666666666666,0.5,127.0,0.0,0.0,287.0,46.0,0.0,0.0,0.0,76.0,0.0,0.0,28.0,35.0,0.0,0.0,0.0,0.0,0.0,0.0,28.0,0.0,0.0,0.0,0.0
C2_p3__lamarckian__s29,C2_p3__lamarckian,C2_p3,C2,lamarckian,29,1150,train,39,3.2051282051282053,5,5,52.778680566735204,0.9375,0.5,115.0,0.0,0.0,287.0,42.0,0.0,0.0,0.0,61.0,0.0,0.0,18.0,29.0,0.0,0.0,0.0,0.0,0.0,0.0,18.0,0.0,0.0,0.0,0.0
C2_p3__lamarckian__s29,C2_p3__lamarckian,C2_p3,C2,lamarckian,29,1200,train,37,3.3783783783783785,4,6,46.90357001065799,0.9583333333333334,0.5,146.0,0.0,0.0,219.0,54.0,0.0,0.0,0.0,80.0,0.0,0.0,17.0,26.0,0.0,0.0,0.0,0.0,0.0,0.0,17.0,0.0,0.0,0.0,0.0
C2_p3__lamarckian__s29,C2_p3__lamarckian,C2_p3,C2,lamarckian,29,1250,train,37,3.3783783783783785,3,3,40.62635279875369,0.9791666666666666,0.5,130.0,0.0,0.0,216.0,57.0,0.0,0.0,0.0,80.0,0.0,0.0,18.0,34.0,0.0,0.0,0.0,0.0,0.0,0.0,18.0,0.0,0.0,0.0,0.0
C2_p3__lamarckian__s29,C2_p3__lamarckian,C2_p3,C2,lamarckian,29,1300,train,31,3.5806451612903225,6,12,58.03220066021841,0.9375,0.5,123.0,0.0,0.0,234.0,44.0,0.0,0.0,0.0,87.0,0.0,0.0,20.0,23.0,0.0,0.0,0.0,0.0,0.0,0.0,20.0,0.0,0.0,0.0,0.0
C2_p3__lamarckian__s29,C2_p3__lamarckian,C2_p3,C2,lamarckian,29,1350,train,38,3.6315789473684212,10,3,77.28534264860967,0.8958333333333334,0.5,97.0,0.0,0.0,277.0,40.0,0.0,0.0,0.0,70.0,0.0,0.0,17.0,29.0,0.0,0.0,0.0,0.0,0.0,0.0,17.0,0.0,0.0,0.0,0.0
C2_p3__lamarckian__s29,C2_p3__lamarckian,C2_p3,C2,lamarckian,29,1400,train,36,3.9444444444444446,7,9,41.33646825003001,0.9583333333333334,0.5,124.0,0.0,0.0,346.0,33.0,0.0,0.0,0.0,77.0,0.0,0.0,24.0,28.0,0.0,0.0,0.0,0.0,0.0,0.0,24.0,0.0,0.0,0.0,0.0
C2_p3__lamarckian__s29,C2_p3__lamarckian,C2_p3,C2,lamarckian,29,1450,train,34,4.176470588235294,5,7,49.60872614967734,0.9166666666666666,0.5,171.0,0.0,0.0,293.0,32.0,0.0,0.0,0.0,77.0,0.0,0.0,18.0,24.0,0.0,0.0,0.0,0.0,0.0,0.0,18.0,0.0,0.0,0.0,0.0
C2_p3__lamarckian__s29,C2_p3__lamarckian,C2_p3,C2,lamarckian,29,1500,train,34,4.264705882352941,6,6,40.46107654305946,0.9583333333333334,0.5,161.0,0.0,0.0,276.0,41.0,0.0,0.0,0.0,84.0,0.0,0.0,22.0,24.0,0.0,0.0,0.0,0.0,0.0,0.0,22.0,0.0,0.0,0.0,0.0
C2_p3__lamarckian__s29,C2_p3__lamarckian,C2_p3,C2,lamarckian,29,1550,eval,37,4.324324324324325,9,6,25.92811408349573,0.9791666666666666,0.5,221.0,0.0,0.0,280.0,25.0,0.0,0.0,84.0,93.0,0.0,0.0,12.0,21.0,0.0,0.0,9.0,0.0,0.0,0.0,12.0,0.0,0.0,0.0,9.0
C2_p3__lamarckian__s29,C2_p3__lamarckian,C2_p3,C2,lamarckian,29,1600,eval,31,4.32258064516129,2,8,70.32034206175129,0.8958333333333334,0.5,198.0,0.0,0.0,264.0,35.0,0.0,0.0,60.0,71.0,0.0,0.0,12.0,22.0,0.0,0.0,7.0,0.0,0.0,0.0,12.0,0.0,0.0,0.0,7.0
C2_p3__lamarckian__s29,C2_p3__lamarckian,C2_p3,C2,lamarckian,29,1650,eval,31,4.580645161290323,9,9,46.86226850012098,0.9583333333333334,0.5,200.0,0.0,0.0,353.0,41.0,0.0,0.0,38.0,79.0,0.0,0.0,25.0,32.0,0.0,0.0,3.0,0.0,0.0,0.0,25.0,0.0,0.0,0.0,3.0
C2_p3__lamarckian__s29,C2_p3__lamarckian,C2_p3,C2,lamarckian,29,1700,eval,32,4.75,5,4,69.62667578141708,0.8333333333333334,0.5,176.0,0.0,0.0,332.0,33.0,0.0,0.0,40.0,83.0,0.0,0.0,18.0,17.0,0.0,0.0,5.0,0.0,0.0,0.0,18.0,0.0,0.0,0.0,5.0
C2_p3__lamarckian__s29,C2_p3__lamarckian,C2_p3,C2,lamarckian,29,1750,eval,36,4.777777777777778,8,4,92.15900513913851,0.7916666666666666,0.5,230.0,0.0,0.0,233.0,20.0,0.0,0.0,120.0,89.0,0.0,0.0,12.0,13.0,0.0,0.0,11.0,0.0,0.0,0.0,12.0,0.0,0.0,0.0,11.0
C2_p3__lamarckian__s29,C2_p3__lamarckian,C2_p3,C2,lamarckian,29,1800,eval,39,5.256410256410256,8,5,49.314322291213244,1.0,0.5,251.0,0.0,0.0,350.0,23.0,0.0,0.0,88.0,97.0,0.0,0.0,10.0,16.0,0.0,0.0,9.0,0.0,0.0,0.0,10.0,0.0,0.0,0.0,9.0
C2_p3__lamarckian__s30,C2_p3__lamarckian,C2_p3,C2,lamarckian,30,50,train,50,0.82,30,0,150.9411215344623,0.7083333333333334,0.5,182.0,0.0,0.0,229.0,244.0,0.0,0.0,0.0,29.0,0.0,0.0,36.0,23.0,0.0,0.0,0.0,0.0,0.0,0.0,36.0,0.0,0.0,0.0,0.0
C2_p3__lamarckian__s30,C2_p3__lamarckian,C2_p3,C2,lamarckian,30,100,train,50,0.82,4,4,87.99194450808778,0.8333333333333334,0.5,265.0,0.0,0.0,273.0,101.0,0.0,0.0,0.0,55.0,0.0,0.0,30.0,11.0,0.0,0.0,0.0,0.0,0.0,0.0,30.0,0.0,0.0,0.0,0.0
C2_p3__lamarckian__s30,C2_p3__lamarckian,C2_p3,C2,lamarckian,30,150,train,50,0.76,7,7,74.44652666617478,0.8541666666666666,0.5,327.0,0.0,0.0,407.0,43.0,0.0,0.0,0.0,52.0,0.0,0.0,34.0,19.0,0.0,0.0,0.0,0.0,0.0,0.0,34.0,0.0,0.0,0.0,0.0
C2_p3__lamarckian__s30,C2_p3__lamarckian,C2_p3,C2,lamarckian,30,200,train,50,0.8,9,9,48.81301637554256,0.9375,0.5,256.0,0.0,0.0,242.0,93.0,0.0,0.0,0.0,71.0,0.0,0.0,26.0,28.0,0.0,0.0,0.0,0.0,0.0,0.0,26.0,0.0,0.0,0.0,0.0
C2_p3__lamarckian__s30,C2_p3__lamarckian,C2_p3,C2,lamarckian,30,250,train,50,0.88,7,7,48.26077049044444,0.9375,0.5,258.0,0.0,0.0,556.0,158.0,0.0,0.0,0.0,64.0,0.0,0.0,35.0,22.0,0.0,0.0,0.0,0.0,0.0,0.0,35.0,0.0,0.0,0.0,0.0
C2_p3__lamarckian__s30,C2_p3__lamarckian,C2_p3,C2,lamarckian,30,300,train,50,1.02,8,8,55.30439348024686,0.9375,0.5,272.0,0.0,0.0,281.0,85.0,0.0,0.0,0.0,69.0,0.0,0.0,22.0,20.0,0.0,0.0,0.0,0.0,0.0,0.0,22.0,0.0,0.0,0.0,0.0
C2_p3__lamarckian__s30,C2_p3__lamarckian,C2_p3,C2,lamarckian,30,350,train,50,1.1,10,10,57.81300147499121,0.8958333333333334,0.5,184.0,0.0,0.0,384.0,89.0,0.0,0.0,0.0,69.0,0.0,0.0,24.0,23.0,0.0,0.0,0.0,0.0,0.0,0.0,24.0,0.0,0.0,0.0,0.0
C2_p3__lamarckian__s30,C2_p3__lamarckian,C2_p3,C2,lamarckian,30,400,train,50,1.12,4,4,70.25965472325856,0.875,0.5,221.0,0.0,0.0,383.0,50.0,0.0,0.0,0.0,71.0,0.0,0.0,19.0,20.0,0.0,0.0,0.0,0.0,0.0,0.0,19.0,0.0,0.0,0.0,0.0
C2_p3__lamarckian__s30,C2_p3__lamarckian,C2_p3,C2,lamarckian,30,450,train,50,1.22,11,11,31.374487563753625,1.0,0.5,238.0,0.0,0.0,512.0,50.0,0.0,0.0,0.0,66.0,0.0,0.0,23.0,32.0,0.0,0.0,0.0,0.0,0.0,0.0,23.0,0.0,0.0,0.0,0.0
C2_p3__lamarckian__s30,C2_p3__lamarckian,C2_p3,C2,lamarckian,30,500,train,45,1.5777777777777777,9,14,42.91636649415274,0.9375,0.5,186.0,0.0,0.0,341.0,64.0,0.0,0.0,0.0,72.0,0.0,0.0,21.0,29.0,0.0,0.0,0.0,0.0,0.0,0.0,21.0,0.0,0.0,0.0,0.0
C2_p3__lamarckian__s30,C2_p3__lamarckian,C2_p3,C2,lamarckian,30,550,train,39,1.7179487179487178,9,15,51.58451220970942,1.0,0.5,197.0,0.0,0.0,336.0,28.0,0.0,0.0,0.0,80.0,0.0,0.0,22.0,21.0,0.0,0.0,0.0,0.0,0.0,0.0,22.0,0.0,0.0,0.0,0.0
C2_p3__lamarckian__s30,C2_p3__lamarckian,C2_p3,C2,lamarckian,30,600,train,42,1.9523809523809523,9,6,51.417505314115495,0.9166666666666666,0.5,197.0,0.0,0.0,334.0,54.0,0.0,0.0,0.0,73.0,0.0,0.0,18.0,36.0,0.0,0.0,0.0,0.0,0.0,0.0,18.0,0.0,0.0,0.0,0.0
C2_p3__lamarckian__s30,C2_p3__lamarckian,C2_p3,C2,lamarckian,30,650,train,46,2.1739130434782608,9,5,28.360756924256094,0.9583333333333334,0.5,232.0,0.0,0.0,344.0,43.0,0.0,0.0,0.0,92.0,0.0,0.0,17.0,26.0,0.0,0.0,0.0,0.0,0.0,0.0,17.0,0.0,0.0,0.0,0.0
C2_p3__lamarckian__s30,C2_p3__lamarckian,C2_p3,C2,lamarckian,30,700,train,47,2.3191489361702127,6,5,36.66290970838668,0.9791666666666666,0.5,242.0,0.0,0.0,255.0,35.0,0.0,0.0,0.0,72.0,0.0,0.0,10.0,22.0,0.0,0.0,0.0,0.0,0.0,0.0,10.0,0.0,0.0,0.0,0.0
C2_p3__lamarckian__s30,C2_p3__lamarckian,C2_p3,C2,lamarckian,30,750,train,38,2.3947368421052633,1,10,46.40276844224107,0.9791666666666666,0.5,127.0,0.0,0.0,321.0,40.0,0.0,0.0,0.0,74.0,0.0,0.0,17.0,25.0,0.0,0.0,0.0,0.0,0.0,0.0,17.0,0.0,0.0,0.0,0.0
C2_p3__lamarckian__s30,C2_p3__lamarckian,C2_p3,C2,lamarckian,30,800,train,37,2.4054054054054053,5,6,33.797539167977234,0.9791666666666666,0.5,139.0,0.0,0.0,347.0,53.0,0.0,0.0,0.0,68.0,0.0,0.0,26.0,29.0,0.0,0.0,0.0,0.0,0.0,0.0,26.0,0.0,0.0,0.0,0.0
C2_p3__lamarckian__s30,C2_p3__lamarckian,C2_p3,C2,lamarckian,30,850,train,36,2.5833333333333335,4,5,72.91892358949895,0.875,0.5,116.0,0.0,0.0,220.0,62.0,0.0,0.0,0.0,57.0,0.0,0.0,22.0,36.0,0.0,0.0,0.0,0.0,0.0,0.0,22.0,0.0,0.0,0.0,0.0
C2_p3__lamarckian__s30,C2_p3__lamarckian,C2_p3,C2,lamarckian,30,900,train,37,2.72972972972973,5,4,42.59487913167454,0.9583333333333334,0.5,178.0,0.0,0.0,448.0,35.0,0.0,0.0,0.0,76.0,0.0,0.0,32.0,30.0,0.0,0.0,0.0,0.0,0.0,0.0,32.0,0.0,0.0,0.0,0.0
C2_p3__lamarckian__s30,C2_p3__lamarckian,C2_p3,C2,lamarckian,30,950,train,37,2.7567567567567566,4,4,38.695231322394584,0.9791666666666666,0.5,195.0,0.0,0.0,222.0,55.0,0.0,0.0,0.0,89.0,0.0,0.0,15.0,31.0,0.0,0.0,0.0,0.0,0.0,0.0,15.0,0.0,0.0,0.0,0.0
C2_p3__lamarckian__s30,C2_p3__lamarckian,C2_p3,C2,lamarckian,30,1000,train,36,2.9444444444444446,7,8,56.23929070633036,0.9583333333333334,0.5,163.0,0.0,0.0,267.0,55.0,0.0,0.0,0.0,71.0,0.0,0.0,19.0,33.0,0.0,0.0,0.0,0.0,0.0,0.0,19.0,0.0,0.0,0.0,0.0
C2_p3__lamarckian__s30,C2_p3__lamarckian,C2_p3,C2,lamarckian,30,1050,train,35,3.2,7,8,39.59897531014546,0.9583333333333334,0.5,136.0,0.0,0.0,277.0,30.0,0.0,0.0,0.0,73.0,0.0,0.0,26.0,22.0,0.0,0.0,0.0,0.0,0.0,0.0,26.0,0.0,0.0,0.0,0.0
C2_p3__lamarckian__s30,C2_p3__lamarckian,C2_p3,C2,lamarckian,30,1100,train,35,3.4,8,8,54.55450421577592,0.9791666666666666,0.5,157.0,0.0,0.0,308.0,28.0,0.0,0.0,0.0,77.0,0.0,0.0,17.0,20.0,0.0,0.0,0.0,0.0,0.0,0.0,17.0,0.0,0.0,0.0,0.0
C2_p3__lamarckian__s30,C2_p3__lamarckian,C2_p3,C2,lamarckian,30,1150,train,39,3.6923076923076925,10,6,64.06199098455451,0.9166666666666666,0.5,132.0,0.0,0.0,390.0,44.0,0.0,0.0,0.0,75.0,0.0,0.0,23.0,31.0,0.0,0.0,0.0,0.0,0.0,0.0,23.0,0.0,0.0,0.0,0.0
C2_p3__lamarckian__s30,C2_p3__lamarckian,C2_p3,C2,lamarckian,30,1200,train,41,3.951219512195122,6,4,59.552087260630145,0.9166666666666666,0.5,158.0,0.0,0.0,356.0,41.0,0.0,0.0,0.0,76.0,0.0,0.0,22.0,25.0,0.0,0.0,0.0,0.0,0.0,0.0,22.0,0.0,0.0,0.0,0.0
C2_p3__lamarckian__s30,C2_p3__lamarckian,C2_p3,C2,lamarckian,30,1250,train,36,4.0,2,7,57.40373316063608,0.9375,0.5,176.0,0.0,0.0,249.0,47.0,0.0,0.0,0.0,85.0,0.0,0.0,17.0,28.0,0.0,0.0,0.0,0.0,0.0,0.0,17.0,0.0,0.0,0.0,0.0
C2_p3__lamarckian__s30,C2_p3__lamarckian,C2_p3,C2,lamarckian,30,1300,train,39,4.0,5,2,64.5921974095196,0.9166666666666666,0.5,113.0,0.0,0.0,308.0,39.0,0.0,0.0,0.0,68.0,0.0,0.0,16.0,29.0,0.0,0.0,0.0,0.0,0.0,0.0,16.0,0.0,0.0,0.0,0.0
C2_p3__lamarckian__s30,C2_p3__lamarckian,C2_p3,C2,lamarckian,30,1350,train,38,4.2105263157894735,7,8,47.00817904676627,0.9583333333333334,0.5,174.0,0.0,0.0,312.0,48.0,0.0,0.0,0.0,81.0,0.0,0.0,13.0,34.0,0.0,0.0,0.0,0.0,0.0,0.0,13.0,0.0,0.0,0.0,0.0
C2_p3__lamarckian__s30,C2_p3__lamarckian,C2_p3,C2,lamarckian,30,1400,train,37,4.405405405405405,5,6,35.26013047403285,0.9791666666666666,0.5,159.0,0.0,0.0,220.0,65.0,0.0,0.0,0.0,86.0,0.0,0.0,15.0,31.0,0.0,0.0,0.0,0.0,0.0,0.0,15.0,0.0,0.0,0.0,0.0
C2_p3__lamarckian__s30,C2_p3__lamarckian,C2_p3,C2,lamarckian,30,1450,train,42,4.738095238095238,8,3,74.88452096897807,0.8125,0.5,132.0,0.0,0.0,384.0,40.0,0.0,0.0,0.0,75.0,0.0,0.0,14.0,24.0,0.0,0.0,0.0,0.0,0.0,0.0,14.0,0.0,0.0,0.0,0.0
C2_p3__lamarckian__s30,C2_p3__lamarckian,C2_p3,C2,lamarckian,30,1500,train,45,4.911111111111111,11,8,37.220041623957044,0.9791666666666666,0.5,195.0,0.0,0.0,279.0,58.0,0.0,0.0,0.0,89.0,0.0,0.0,17.0,36.0,0.0,0.0,0.0,0.0,0.0,0.0,17.0,0.0,0.0,0.0,0.0
C2_p3__lamarckian__s30,C2_p3__lamarckian,C2_p3,C2,lamarckian,30,1550,eval,42,4.880952380952381,4,7,64.83127594683256,0.9166666666666666,0.5,131.0,0.0,0.0,390.0,31.0,0.0,0.0,25.0,70.0,0.0,0.0,16.0,23.0,0.0,0.0,3.0,0.0,0.0,0.0,16.0,0.0,0.0,0.0,3.0
C2_p3__lamarckian__s30,C2_p3__lamarckian,C2_p3,C2,lamarckian,30,1600,eval,39,5.051282051282051,4,7,38.70266296046155,0.9791666666666666,0.5,144.0,0.0,0.0,400.0,54.0,0.0,0.0,25.0,84.0,0.0,0.0,12.0,28.0,0.0,0.0,3.0,0.0,0.0,0.0,12.0,0.0,0.0,0.0,3.0
C2_p3__lamarckian__s30,C2_p3__lamarckian,C2_p3,C2,lamarckian,30,1650,eval,38,5.2105263157894735,7,8,61.77952565161617,0.8958333333333334,0.5,196.0,0.0,0.0,300.0,39.0,0.0,0.0,88.0,76.0,0.0,0.0,15.0,20.0,0.0,0.0,5.0,0.0,0.0,0.0,15.0,0.0,0.0,0.0,5.0
C2_p3__lamarckian__s30,C2_p3__lamarckian,C2_p3,C2,lamarckian,30,1700,eval,41,5.2926829268292686,7,4,57.95666427932629,0.9375,0.5,228.0,0.0,0.0,320.0,26.0,0.0,0.0,50.0,78.0,0.0,0.0,23.0,20.0,0.0,0.0,4.0,0.0,0.0,0.0,23.0,0.0,0.0,0.0,4.0
C2_p3__lamarckian__s30,C2_p3__lamarckian,C2_p3,C2,lamarckian,30,1750,eval,45,5.4222222222222225,9,5,59.599118413105295,0.9166666666666666,0.5,194.0,0.0,0.0,317.0,47.0,0.0,0.0,69.0,88.0,0.0,0.0,13.0,25.0,0.0,0.0,2.0,0.0,0.0,0.0,13.0,0.0,0.0,0.0,2.0
C2_p3__lamarckian__s30,C2_p3__lamarckian,C2_p3,C2,lamarckian,30,1800,eval,45,5.822222222222222,9,9,30.318820311827558,0.9791666666666666,0.5,233.0,0.0,0.0,303.0,41.0,0.0,0.0,125.0,83.0,0.0,0.0,17.0,23.0,0.0,0.0,3.0,0.0,0.0,0.0,17.0,0.0,0.0,0.0,3.0
