run_id,cell_id,condition,family,inheritance_mode,seed,window_end_tick,phase,population,mean_generation,births,deaths,total_stock,suppressed_fraction,coverage_realised,opportunities__train__m0__c0,opportunities__train__m0__c1,opportunities__train__m1__c0,opportunities__train__m1__c1,opportunities__heldout__m0__c0,opportunities__heldout__m0__c1,opportunities__heldout__m1__c0,opportunities__heldout__m1__c1,defections__train__m0__c0,defections__train__m0__c1,defections__train__m1__c0,defections__train__m1__c1,defections__heldout__m0__c0,defections__heldout__m0__c1,defections__heldout__m1__c0,defections__heldout__m1__c1,penalties__train__m0__c0,penalties__train__m0__c1,penalties__train__m1__c0,penalties__train__m1__c1,penalties__heldout__m0__c0,penalties__heldout__m0__c1,penalties__heldout__m1__c0,penalties__heldout__m1__c1
C1__baldwinian__s1,C1__baldwinian,C1,C1,baldwinian,1,50,train,50,0.68,33,3,80.07713779596574,0.8541666666666666,0.5,123.0,149.0,85.0,105.0,32.0,48.0,0.0,0.0,21.0,23.0,12.0,25.0,13.0,11.0,0.0,0.0,0.0,0.0,12.0,25.0,0.0,0.0,0.0,0.0
C1__baldwinian__s1,C1__baldwinian,C1,C1,baldwinian,1,100,train,50,0.84,13,13,54.45520539235872,0.9166666666666666,0.5,220.0,209.0,149.0,166.0,31.0,27.0,0.0,0.0,23.0,22.0,18.0,20.0,13.0,6.0,0.0,0.0,0.0,0.0,18.0,20.0,0.0,0.0,0.0,0.0
C1__baldwinian__s1,C1__baldwinian,C1,C1,baldwinian,1,150,train,50,0.96,15,15,116.5021065202724,0.7708333333333334,0.5,165.0,177.0,179.0,177.0,56.0,59.0,0.0,0.0,20.0,23.0,16.0,15.0,5.0,9.0,0.0,0.0,0.0,0.0,16.0,15.0,0.0,0.0,0.0,0.0
C1__baldwinian__s1,C1__baldwinian,C1,C1,baldwinian,1,200,train,45,1.1777777777777778,15,20,92.63038447514515,0.7708333333333334,0.5,188.0,173.0,135.0,150.0,33.0,29.0,0.0,0.0,28.0,23.0,15.0,16.0,10.0,7.0,0.0,0.0,0.0,0.0,15.0,16.0,0.0,0.0,0.0,0.0
C1__baldwinian__s1,C1__baldwinian,C1,C1,baldwinian,1,250,train,40,1.15,19,24,116.80118254526239,0.7291666666666666,0.5,185.0,198.0,174.0,215.0,25.0,25.0,0.0,0.0,16.0,21.0,21.0,21.0,5.0,9.0,0.0,0.0,0.0,0.0,21.0,21.0,0.0,0.0,0.0,0.0
C1__baldwinian__s1,C1__baldwinian,C1,C1,baldwinian,1,300,train,50,1.3,23,13,87.1154143058084,0.8541666666666666,0.5,221.0,264.0,219.0,187.0,29.0,37.0,0.0,0.0,23.0,22.0,26.0,16.0,6.0,9.0,0.0,0.0,0.0,0.0,26.0,16.0,0.0,0.0,0.0,0.0
C1__baldwinian__s1,C1__baldwinian,C1,C1,baldwinian,1,350,train,50,1.28,15,15,85.10067936652447,0.8125,0.5,205.0,201.0,274.0,271.0,41.0,32.0,0.0,0.0,22.0,31.0,16.0,25.0,11.0,9.0,0.0,0.0,0.0,0.0,16.0,25.0,0.0,0.0,0.0,0.0
C1__baldwinian__s1,C1__baldwinian,C1,C1,baldwinian,1,400,train,50,1.22,15,15,75.02823829042143,0.875,0.5,259.0,272.0,223.0,249.0,39.0,40.0,0.0,0.0,22.0,20.0,24.0,22.0,6.0,6.0,0.0,0.0,0.0,0.0,24.0,22.0,0.0,0.0,0.0,0.0
C1__baldwinian__s1,C1__baldwinian,C1,C1,baldwinian,1,450,train,50,1.2,19,19,75.5547187979455,0.8541666666666666,0.5,228.0,227.0,264.0,264.0,84.0,100.0,0.0,0.0,14.0,25.0,12.0,21.0,13.0,7.0,0.0,0.0,0.0,0.0,12.0,21.0,0.0,0.0,0.0,0.0
C1__baldwinian__s1,C1__baldwinian,C1,C1,baldwinian,1,500,train,48,1.5,22,24,84.81325690622,0.8125,0.5,263.0,260.0,194.0,212.0,29.0,33.0,0.0,0.0,19.0,16.0,27.0,23.0,6.0,7.0,0.0,0.0,0.0,0.0,27.0,23.0,0.0,0.0,0.0,0.0
C1__baldwinian__s1,C1__baldwinian,C1,C1,baldwinian,1,550,train,44,1.8409090909090908,19,23,85.22737794739211,0.8541666666666666,0.5,203.0,204.0,146.0,114.0,51.0,53.0,0.0,0.0,37.0,31.0,19.0,15.0,8.0,11.0,0.0,0.0,0.0,0.0,19.0,15.0,0.0,0.0,0.0,0.0
C1__baldwinian__s1,C1__baldwinian,C1,C1,baldwinian,1,600,train,36,1.9722222222222223,16,24,143.14058223692084,0.6458333333333334,0.5,213.0,205.0,146.0,151.0,36.0,31.0,0.0,0.0,19.0,18.0,21.0,23.0,7.0,4.0,0.0,0.0,0.0,0.0,21.0,23.0,0.0,0.0,0.0,0.0
C1__baldwinian__s1,C1__baldwinian,C1,C1,baldwinian,1,650,train,50,2.32,27,13,73.26150244017971,0.8541666666666666,0.5,175.0,165.0,252.0,201.0,63.0,47.0,0.0,0.0,22.0,25.0,27.0,24.0,11.0,6.0,0.0,0.0,0.0,0.0,27.0,24.0,0.0,0.0,0.0,0.0
C1__baldwinian__s1,C1__baldwinian,C1,C1,baldwinian,1,700,train,50,2.5,18,18,76.09084532815316,0.8958333333333334,0.5,258.0,211.0,210.0,195.0,39.0,40.0,0.0,0.0,21.0,30.0,16.0,18.0,10.0,8.0,0.0,0.0,0.0,0.0,16.0,18.0,0.0,0.0,0.0,0.0
C1__baldwinian__s1,C1__baldwinian,C1,C1,baldwinian,1,750,train,50,2.54,22,22,48.88981191141913,0.875,0.5,223.0,253.0,168.0,200.0,73.0,93.0,0.0,0.0,21.0,18.0,17.0,30.0,6.0,4.0,0.0,0.0,0.0,0.0,17.0,30.0,0.0,0.0,0.0,0.0
C1__baldwinian__s1,C1__baldwinian,C1,C1,baldwinian,1,800,train,50,2.68,21,21,73.21937981497668,0.8541666666666666,0.5,208.0,237.0,170.0,172.0,67.0,65.0,0.0,0.0,14.0,24.0,16.0,22.0,6.0,10.0,0.0,0.0,0.0,0.0,16.0,22.0,0.0,0.0,0.0,0.0
C1__baldwinian__s1,C1__baldwinian,C1,C1,baldwinian,1,850,train,50,2.7,16,16,56.301098374497336,0.9583333333333334,0.5,209.0,191.0,241.0,200.0,37.0,45.0,0.0,0.0,29.0,29.0,20.0,15.0,5.0,9.0,0.0,0.0,0.0,0.0,20.0,15.0,0.0,0.0,0.0,0.0
C1__baldwinian__s1,C1__baldwinian,C1,C1,baldwinian,1,900,train,50,3.0,19,19,153.10841865241298,0.6666666666666666,0.5,139.0,171.0,130.0,98.0,40.0,40.0,0.0,0.0,19.0,13.0,19.0,13.0,8.0,15.0,0.0,0.0,0.0,0.0,19.0,13.0,0.0,0.0,0.0,0.0
C1__baldwinian__s1,C1__baldwinian,C1,C1,baldwinian,1,950,train,50,3.22,25,25,47.80100185785467,0.9791666666666666,0.5,215.0,192.0,215.0,221.0,46.0,46.0,0.0,0.0,14.0,21.0,29.0,32.0,10.0,5.0,0.0,0.0,0.0,0.0,29.0,32.0,0.0,0.0,0.0,0.0
C1__baldwinian__s1,C1__baldwinian,C1,C1,baldwinian,1,1000,train,46,3.4347826086956523,20,24,127.32208794467468,0.75,0.5,222.0,186.0,207.0,194.0,9.0,13.0,0.0,0.0,26.0,23.0,18.0,17.0,3.0,4.0,0.0,0.0,0.0,0.0,18.0,17.0,0.0,0.0,0.0,0.0
C1__baldwinian__s1,C1__baldwinian,C1,C1,baldwinian,1,1050,train,38,3.8684210526315788,12,20,165.2423733263676,0.625,0.5,177.0,158.0,117.0,131.0,11.0,20.0,0.0,0.0,22.0,12.0,13.0,16.0,6.0,7.0,0.0,0.0,0.0,0.0,13.0,16.0,0.0,0.0,0.0,0.0
C1__baldwinian__s1,C1__baldwinian,C1,C1,baldwinian,1,1100,train,50,4.12,25,13,105.15817611749836,0.8333333333333334,0.5,195.0,172.0,188.0,189.0,48.0,33.0,0.0,0.0,31.0,22.0,24.0,20.0,9.0,2.0,0.0,0.0,0.0,0.0,24.0,20.0,0.0,0.0,0.0,0.0
C1__baldwinian__s1,C1__baldwinian,C1,C1,baldwinian,1,1150,train,50,4.24,16,16,48.23162332863783,0.9375,0.5,197.0,183.0,197.0,191.0,71.0,56.0,0.0,0.0,25.0,26.0,18.0,16.0,14.0,13.0,0.0,0.0,0.0,0.0,18.0,16.0,0.0,0.0,0.0,0.0
C1__baldwinian__s1,C1__baldwinian,C1,C1,baldwinian,1,1200,train,50,4.52,15,15,113.93803736017158,0.7291666666666666,0.5,204.0,211.0,230.0,202.0,86.0,74.0,0.0,0.0,12.0,21.0,22.0,18.0,12.0,8.0,0.0,0.0,0.0,0.0,22.0,18.0,0.0,0.0,0.0,0.0
C1__baldwinian__s1,C1__baldwinian,C1,C1,baldwinian,1,1250,train,44,4.954545454545454,16,22,158.59673470660024,0.7083333333333334,0.5,210.0,190.0,220.0,196.0,10.0,9.0,0.0,0.0,24.0,16.0,18.0,18.0,1.0,1.0,0.0,0.0,0.0,0.0,18.0,18.0,0.0,0.0,0.0,0.0
C1__baldwinian__s1,C1__baldwinian,C1,C1,baldwinian,1,1300,train,50,5.16,22,16,70.25344935704186,0.8541666666666666,0.5,272.0,262.0,197.0,179.0,48.0,33.0,0.0,0.0,29.0,17.0,22.0,22.0,14.0,5.0,0.0,0.0,0.0,0.0,22.0,22.0,0.0,0.0,0.0,0.0
C1__baldwinian__s1,C1__baldwinian,C1,C1,baldwinian,1,1350,train,50,5.14,22,22,60.97859622775371,0.9375,0.5,207.0,198.0,202.0,203.0,44.0,50.0,0.0,0.0,30.0,25.0,17.0,18.0,7.0,8.0,0.0,0.0,0.0,0.0,17.0,18.0,0.0,0.0,0.0,0.0
C1__baldwinian__s1,C1__baldwinian,C1,C1,baldwinian,1,1400,train,48,5.375,16,18,69.04290441802291,0.8958333333333334,0.5,125.0,130.0,194.0,193.0,54.0,61.0,0.0,0.0,17.0,18.0,15.0,26.0,10.0,5.0,0.0,0.0,0.0,0.0,15.0,26.0,0.0,0.0,0.0,0.0
C1__baldwinian__s1,C1__baldwinian,C1,C1,baldwinian,1,1450,train,50,5.52,18,16,65.86658495825965,0.8333333333333334,0.5,165.0,170.0,173.0,184.0,33.0,44.0,0.0,0.0,26.0,24.0,17.0,19.0,8.0,3.0,0.0,0.0,0.0,0.0,17.0,19.0,0.0,0.0,0.0,0.0
C1__baldwinian__s1,C1__baldwinian,C1,C1,baldwinian,1,1500,train,50,5.72,18,18,122.79929272151563,0.7916666666666666,0.5,226.0,200.0,230.0,268.0,29.0,34.0,0.0,0.0,19.0,17.0,18.0,21.0,9.0,5.0,0.0,0.0,0.0,0.0,18.0,21.0,0.0,0.0,0.0,0.0
C1__baldwinian__s1,C1__baldwinian,C1,C1,baldwinian,1,1550,eval,50,5.88,25,25,94.82472637120765,0.7708333333333334,0.5,249.0,234.0,268.0,276.0,30.0,34.0,19.0,18.0,25.0,18.0,29.0,14.0,9.0,9.0,2.0,3.0,0.0,0.0,29.0,14.0,0.0,0.0,2.0,3.0
C1__baldwinian__s1,C1__baldwinian,C1,C1,baldwinian,1,1600,eval,50,6.02,19,19,92.97074899143689,0.7916666666666666,0.5,320.0,290.0,202.0,232.0,20.0,15.0,33.0,25.0,32.0,21.0,18.0,18.0,4.0,6.0,3.0,2.0,0.0,0.0,18.0,18.0,0.0,0.0,3.0,2.0
C1__baldwinian__s1,C1__baldwinian,C1,C1,baldwinian,1,1650,eval,50,6.1,11,11,180.3417558481309,0.6041666666666666,0.5,255.0,245.0,179.0,175.0,79.0,75.0,47.0,55.0,16.0,15.0,19.0,18.0,0.0,7.0,6.0,1.0,0.0,0.0,19.0,18.0,0.0,0.0,6.0,1.0
C1__baldwinian__s1,C1__baldwinian,C1,C1,baldwinian,1,1700,eval,50,6.12,17,17,148.81250624874636,0.7083333333333334,0.5,241.0,240.0,262.0,251.0,38.0,37.0,32.0,38.0,15.0,13.0,25.0,14.0,2.0,5.0,4.0,3.0,0.0,0.0,25.0,14.0,0.0,0.0,4.0,3.0
C1__baldwinian__s1,C1__baldwinian,C1,C1,baldwinian,1,1750,eval,50,6.1,12,12,134.67951984782573,0.625,0.5,231.0,207.0,254.0,243.0,32.0,18.0,32.0,30.0,21.0,18.0,18.0,11.0,2.0,2.0,2.0,3.0,0.0,0.0,18.0,11.0,0.0,0.0,2.0,3.0
C1__baldwinian__s1,C1__baldwinian,C1,C1,baldwinian,1,1800,eval,50,6.18,11,11,197.22621285106297,0.5208333333333334,0.5,193.0,175.0,172.0,160.0,50.0,40.0,57.0,67.0,17.0,21.0,9.0,3.0,0.0,2.0,6.0,7.0,0.0,0.0,9.0,3.0,0.0,0.0,6.0,7.0
C1__baldwinian__s2,C1__baldwinian,C1,C1,baldwinian,2,50,train,50,0.78,31,1,70.68510790151278,0.875,0.5,89.0,99.0,115.0,86.0,39.0,34.0,0.0,0.0,21.0,31.0,15.0,16.0,18.0,11.0,0.0,0.0,0.0,0.0,15.0,16.0,0.0,0.0,0.0,0.0
C1__baldwinian__s2,C1__baldwinian,C1,C1,baldwinian,2,100,train,44,0.8409090909090909,7,13,76.60458734964075,0.8958333333333334,0.5,154.0,144.0,157.0,157.0,35.0,46.0,0.0,0.0,16.0,23.0,18.0,22.0,11.0,8.0,0.0,0.0,0.0,0.0,18.0,22.0,0.0,0.0,0.0,0.0
C1__baldwinian__s2,C1__baldwinian,C1,C1,baldwinian,2,150,train,39,0.9743589743589743,14,19,119.32221137940427,0.7291666666666666,0.5,148.0,155.0,184.0,190.0,64.0,76.0,0.0,0.0,24.0,14.0,20.0,21.0,13.0,15.0,0.0,0.0,0.0,0.0,20.0,21.0,0.0,0.0,0.0,0.0
C1__baldwinian__s2,C1__baldwinian,C1,C1,baldwinian,2,200,train,45,1.0,18,12,81.96305120114559,0.8125,0.5,192.0,194.0,141.0,152.0,53.0,59.0,0.0,0.0,25.0,29.0,13.0,16.0,9.0,15.0,0.0,0.0,0.0,0.0,13.0,16.0,0.0,0.0,0.0,0.0
C1__baldwinian__s2,C1__baldwinian,C1,C1,baldwinian,2,250,train,44,1.1363636363636365,15,16,87.00686541905209,0.8333333333333334,0.5,161.0,173.0,152.0,146.0,52.0,61.0,0.0,0.0,23.0,30.0,17.0,15.0,14.0,15.0,0.0,0.0,0.0,0.0,17.0,15.0,0.0,0.0,0.0,0.0
C1__baldwinian__s2,C1__baldwinian,C1,C1,baldwinian,2,300,train,39,1.1538461538461537,12,17,55.476640903521414,0.9375,0.5,126.0,138.0,218.0,194.0,25.0,23.0,0.0,0.0,24.0,20.0,21.0,21.0,7.0,11.0,0.0,0.0,0.0,0.0,21.0,21.0,0.0,0.0,0.0,0.0
C1__baldwinian__s2,C1__baldwinian,C1,C1,baldwinian,2,350,train,43,1.255813953488372,17,13,104.60846583242356,0.8125,0.5,194.0,212.0,178.0,196.0,21.0,24.0,0.0,0.0,17.0,25.0,22.0,15.0,7.0,10.0,0.0,0.0,0.0,0.0,22.0,15.0,0.0,0.0,0.0,0.0
C1__baldwinian__s2,C1__baldwinian,C1,C1,baldwinian,2,400,train,50,1.34,23,16,59.227439402983165,0.875,0.5,210.0,226.0,192.0,166.0,49.0,64.0,0.0,0.0,29.0,25.0,19.0,12.0,12.0,21.0,0.0,0.0,0.0,0.0,19.0,12.0,0.0,0.0,0.0,0.0
C1__baldwinian__s2,C1__baldwinian,C1,C1,baldwinian,2,450,train,50,1.36,15,15,75.8971174259408,0.8125,0.5,215.0,212.0,169.0,146.0,44.0,59.0,0.0,0.0,11.0,21.0,20.0,15.0,8.0,16.0,0.0,0.0,0.0,0.0,20.0,15.0,0.0,0.0,0.0,0.0
C1__baldwinian__s2,C1__baldwinian,C1,C1,baldwinian,2,500,train,44,2.0681818181818183,26,32,84.20107570959375,0.8333333333333334,0.5,147.0,146.0,129.0,138.0,96.0,83.0,0.0,0.0,17.0,13.0,20.0,23.0,15.0,16.0,0.0,0.0,0.0,0.0,20.0,23.0,0.0,0.0,0.0,0.0
C1__baldwinian__s2,C1__baldwinian,C1,C1,baldwinian,2,550,train,45,2.2888888888888888,14,13,84.25295990179737,0.8541666666666666,0.5,199.0,204.0,93.0,86.0,37.0,35.0,0.0,0.0,23.0,23.0,16.0,17.0,13.0,9.0,0.0,0.0,0.0,0.0,16.0,17.0,0.0,0.0,0.0,0.0
C1__baldwinian__s2,C1__baldwinian,C1,C1,baldwinian,2,600,train,44,2.4318181818181817,16,17,94.51904944372883,0.7916666666666666,0.5,233.0,245.0,156.0,149.0,25.0,33.0,0.0,0.0,31.0,24.0,14.0,21.0,6.0,10.0,0.0,0.0,0.0,0.0,14.0,21.0,0.0,0.0,0.0,0.0
C1__baldwinian__s2,C1__baldwinian,C1,C1,baldwinian,2,650,train,50,2.8,20,14,115.56683011513134,0.7291666666666666,0.5,143.0,128.0,149.0,168.0,69.0,55.0,0.0,0.0,24.0,15.0,9.0,19.0,13.0,9.0,0.0,0.0,0.0,0.0,9.0,19.0,0.0,0.0,0.0,0.0
C1__baldwinian__s2,C1__baldwinian,C1,C1,baldwinian,2,700,train,50,2.8,16,16,64.127380301037,0.8958333333333334,0.5,184.0,174.0,181.0,174.0,59.0,51.0,0.0,0.0,20.0,28.0,23.0,14.0,8.0,13.0,0.0,0.0,0.0,0.0,23.0,14.0,0.0,0.0,0.0,0.0
C1__baldwinian__s2,C1__baldwinian,C1,C1,baldwinian,2,750,train,50,2.86,21,21,70.60738498802084,0.8958333333333334,0.5,144.0,175.0,165.0,156.0,42.0,36.0,0.0,0.0,18.0,32.0,18.0,20.0,10.0,9.0,0.0,0.0,0.0,0.0,18.0,20.0,0.0,0.0,0.0,0.0
C1__baldwinian__s2,C1__baldwinian,C1,C1,baldwinian,2,800,train,50,3.12,17,17,66.49275904158054,0.8958333333333334,0.5,202.0,190.0,184.0,201.0,34.0,41.0,0.0,0.0,16.0,24.0,24.0,21.0,12.0,9.0,0.0,0.0,0.0,0.0,24.0,21.0,0.0,0.0,0.0,0.0
C1__baldwinian__s2,C1__baldwinian,C1,C1,baldwinian,2,850,train,50,3.4,14,14,116.2426553319647,0.7291666666666666,0.5,224.0,209.0,153.0,166.0,73.0,72.0,0.0,0.0,21.0,14.0,10.0,15.0,14.0,13.0,0.0,0.0,0.0,0.0,10.0,15.0,0.0,0.0,0.0,0.0
C1__baldwinian__s2,C1__baldwinian,C1,C1,baldwinian,2,900,train,50,3.54,17,17,72.96187264218722,0.8333333333333334,0.5,230.0,236.0,280.0,261.0,47.0,42.0,0.0,0.0,16.0,32.0,32.0,14.0,15.0,8.0,0.0,0.0,0.0,0.0,32.0,14.0,0.0,0.0,0.0,0.0
C1__baldwinian__s2,C1__baldwinian,C1,C1,baldwinian,2,950,train,50,3.44,11,11,106.1047150125506,0.75,0.5,205.0,221.0,356.0,329.0,63.0,57.0,0.0,0.0,18.0,23.0,19.0,23.0,13.0,11.0,0.0,0.0,0.0,0.0,19.0,23.0,0.0,0.0,0.0,0.0
C1__baldwinian__s2,C1__baldwinian,C1,C1,baldwinian,2,1000,train,50,3.6,16,16,116.15391165607906,0.7083333333333334,0.5,246.0,249.0,253.0,255.0,53.0,32.0,0.0,0.0,17.0,20.0,15.0,17.0,10.0,9.0,0.0,0.0,0.0,0.0,15.0,17.0,0.0,0.0,0.0,0.0
C1__baldwinian__s2,C1__baldwinian,C1,C1,baldwinian,2,1050,train,50,3.7,17,17,103.03977618797924,0.8333333333333334,0.5,272.0,246.0,247.0,235.0,16.0,18.0,0.0,0.0,33.0,18.0,26.0,14.0,9.0,8.0,0.0,0.0,0.0,0.0,26.0,14.0,0.0,0.0,0.0,0.0
C1__baldwinian__s2,C1__baldwinian,C1,C1,baldwinian,2,1100,train,50,3.92,19,19,62.455991350612656,0.875,0.5,248.0,225.0,158.0,171.0,41.0,58.0,0.0,0.0,38.0,26.0,16.0,12.0,10.0,11.0,0.0,0.0,0.0,0.0,16.0,12.0,0.0,0.0,0.0,0.0
C1__baldwinian__s2,C1__baldwinian,C1,C1,baldwinian,2,1150,train,49,4.163265306122449,24,25,73.00938140578754,0.8541666666666666,0.5,183.0,178.0,167.0,182.0,56.0,74.0,0.0,0.0,21.0,21.0,21.0,25.0,15.0,14.0,0.0,0.0,0.0,0.0,21.0,25.0,0.0,0.0,0.0,0.0
C1__baldwinian__s2,C1__baldwinian,C1,C1,baldwinian,2,1200,train,50,4.14,24,23,109.75196596008563,0.8125,0.5,166.0,164.0,166.0,157.0,58.0,47.0,0.0,0.0,18.0,16.0,14.0,20.0,11.0,8.0,0.0,0.0,0.0,0.0,14.0,20.0,0.0,0.0,0.0,0.0
C1__baldwinian__s2,C1__baldwinian,C1,C1,baldwinian,2,1250,train,50,4.38,21,21,62.838825971691975,0.9166666666666666,0.5,178.0,191.0,232.0,232.0,45.0,50.0,0.0,0.0,29.0,25.0,25.0,18.0,7.0,10.0,0.0,0.0,0.0,0.0,25.0,18.0,0.0,0.0,0.0,0.0
C1__baldwinian__s2,C1__baldwinian,C1,C1,baldwinian,2,1300,train,50,4.3,22,22,52.61313984574231,0.9375,0.5,187.0,196.0,115.0,113.0,57.0,65.0,0.0,0.0,20.0,24.0,16.0,19.0,14.0,16.0,0.0,0.0,0.0,0.0,16.0,19.0,0.0,0.0,0.0,0.0
C1__baldwinian__s2,C1__baldwinian,C1,C1,baldwinian,2,1350,train,50,4.68,19,19,127.99672145068008,0.6875,0.5,154.0,156.0,160.0,159.0,58.0,40.0,0.0,0.0,15.0,12.0,27.0,12.0,7.0,11.0,0.0,0.0,0.0,0.0,27.0,12.0,0.0,0.0,0.0,0.0
C1__baldwinian__s2,C1__baldwinian,C1,C1,baldwinian,2,1400,train,50,4.76,18,18,64.96117282413735,0.875,0.5,217.0,210.0,197.0,175.0,71.0,72.0,0.0,0.0,22.0,20.0,26.0,12.0,11.0,15.0,0.0,0.0,0.0,0.0,26.0,12.0,0.0,0.0,0.0,0.0
C1__baldwinian__s2,C1__baldwinian,C1,C1,baldwinian,2,1450,train,50,4.78,14,14,70.60718060193085,0.9166666666666666,0.5,248.0,273.0,160.0,166.0,56.0,51.0,0.0,0.0,23.0,25.0,11.0,21.0,9.0,17.0,0.0,0.0,0.0,0.0,11.0,21.0,0.0,0.0,0.0,0.0
C1__baldwinian__s2,C1__baldwinian,C1,C1,baldwinian,2,1500,train,45,4.888888888888889,20,25,82.86371210839326,0.8333333333333334,0.5,239.0,255.0,112.0,98.0,58.0,62.0,0.0,0.0,22.0,28.0,19.0,11.0,10.0,8.0,0.0,0.0,0.0,0.0,19.0,11.0,0.0,0.0,0.0,0.0
C1__baldwinian__s2,C1__baldwinian,C1,C1,baldwinian,2,1550,eval,42,5.166666666666667,21,24,121.2704322882927,0.6875,0.5,173.0,134.0,204.0,203.0,25.0,25.0,14.0,14.0,16.0,15.0,25.0,20.0,5.0,0.0,4.0,2.0,0.0,0.0,25.0,20.0,0.0,0.0,4.0,2.0
C1__baldwinian__s2,C1__baldwinian,C1,C1,baldwinian,2,1600,eval,50,5.52,24,16,127.87782517013291,0.7083333333333334,0.5,194.0,203.0,186.0,187.0,67.0,77.0,87.0,72.0,23.0,14.0,15.0,16.0,5.0,9.0,6.0,7.0,0.0,0.0,15.0,16.0,0.0,0.0,6.0,7.0
C1__baldwinian__s2,C1__baldwinian,C1,C1,baldwinian,2,1650,eval,50,5.56,15,15,160.73030998106753,0.6458333333333334,0.5,195.0,220.0,229.0,214.0,54.0,53.0,93.0,84.0,19.0,19.0,18.0,11.0,7.0,3.0,3.0,1.0,0.0,0.0,18.0,11.0,0.0,0.0,3.0,1.0
C1__baldwinian__s2,C1__baldwinian,C1,C1,baldwinian,2,1700,eval,50,5.5,6,6,209.10321608003454,0.4375,0.5,199.0,159.0,227.0,233.0,111.0,83.0,100.0,88.0,17.0,12.0,18.0,20.0,6.0,0.0,5.0,3.0,0.0,0.0,18.0,20.0,0.0,0.0,5.0,3.0
C1__baldwinian__s2,C1__baldwinian,C1,C1,baldwinian,2,1750,eval,50,5.46,10,10,206.72250962449732,0.4791666666666667,0.5,194.0,205.0,232.0,238.0,111.0,107.0,46.0,41.0,14.0,13.0,10.0,14.0,6.0,5.0,5.0,0.0,0.0,0.0,10.0,14.0,0.0,0.0,5.0,0.0
C1__baldwinian__s2,C1__baldwinian,C1,C1,baldwinian,2,1800,eval,50,5.64,12,12,163.7121323190942,0.6458333333333334,0.5,304.0,291.0,155.0,185.0,63.0,73.0,36.0,50.0,14.0,12.0,16.0,15.0,6.0,9.0,2.0,5.0,0.0,0.0,16.0,15.0,0.0,0.0,2.0,5.0
C1__baldwinian__s3,C1__baldwinian,C1,C1,baldwinian,3,50,train,50,0.96,38,8,87.19557462129183,0.7916666666666666,0.5,100.0,81.0,126.0,143.0,60.0,49.0,0.0,0.0,24.0,20.0,23.0,26.0,14.0,11.0,0.0,0.0,0.0,0.0,23.0,26.0,0.0,0.0,0.0,0.0
C1__baldwinian__s3,C1__baldwinian,C1,C1,baldwinian,3,100,train,50,1.16,12,12,80.35194628538457,0.875,0.5,150.0,170.0,130.0,155.0,50.0,47.0,0.0,0.0,18.0,18.0,15.0,21.0,12.0,8.0,0.0,0.0,0.0,0.0,15.0,21.0,0.0,0.0,0.0,0.0
C1__baldwinian__s3,C1__baldwinian,C1,C1,baldwinian,3,150,train,49,1.3265306122448979,14,15,75.63645485991071,0.8333333333333334,0.5,263.0,261.0,198.0,183.0,39.0,42.0,0.0,0.0,18.0,24.0,23.0,25.0,10.0,6.0,0.0,0.0,0.0,0.0,23.0,25.0,0.0,0.0,0.0,0.0
C1__baldwinian__s3,C1__baldwinian,C1,C1,baldwinian,3,200,train,50,1.32,16,15,113.34151307989953,0.6875,0.5,248.0,220.0,252.0,264.0,104.0,93.0,0.0,0.0,22.0,18.0,18.0,16.0,16.0,7.0,0.0,0.0,0.0,0.0,18.0,16.0,0.0,0.0,0.0,0.0
C1__baldwinian__s3,C1__baldwinian,C1,C1,baldwinian,3,250,train,50,1.28,12,12,97.87960863127955,0.7291666666666666,0.5,286.0,297.0,301.0,271.0,33.0,36.0,0.0,0.0,30.0,22.0,18.0,19.0,6.0,9.0,0.0,0.0,0.0,0.0,18.0,19.0,0.0,0.0,0.0,0.0
C1__baldwinian__s3,C1__baldwinian,C1,C1,baldwinian,3,300,train,50,1.2,15,15,105.404339187291,0.7083333333333334,0.5,238.0,265.0,242.0,269.0,31.0,32.0,0.0,0.0,14.0,29.0,14.0,15.0,10.0,15.0,0.0,0.0,0.0,0.0,14.0,15.0,0.0,0.0,0.0,0.0
C1__baldwinian__s3,C1__baldwinian,C1,C1,baldwinian,3,350,train,50,1.14,14,14,69.48256327400996,0.8958333333333334,0.5,210.0,212.0,254.0,239.0,36.0,37.0,0.0,0.0,19.0,25.0,20.0,22.0,9.0,9.0,0.0,0.0,0.0,0.0,20.0,22.0,0.0,0.0,0.0,0.0
C1__baldwinian__s3,C1__baldwinian,C1,C1,baldwinian,3,400,train,50,1.16,13,13,63.67378363243594,0.8958333333333334,0.5,232.0,213.0,228.0,253.0,50.0,47.0,0.0,0.0,22.0,26.0,13.0,20.0,9.0,7.0,0.0,0.0,0.0,0.0,13.0,20.0,0.0,0.0,0.0,0.0
C1__baldwinian__s3,C1__baldwinian,C1,C1,baldwinian,3,450,train,50,1.16,16,16,42.399956588731115,0.9375,0.5,295.0,271.0,261.0,228.0,68.0,83.0,0.0,0.0,31.0,24.0,15.0,19.0,13.0,13.0,0.0,0.0,0.0,0.0,15.0,19.0,0.0,0.0,0.0,0.0
C1__baldwinian__s3,C1__baldwinian,C1,C1,baldwinian,3,500,train,46,1.4565217391304348,17,21,53.010885641065556,0.9583333333333334,0.5,221.0,200.0,148.0,148.0,23.0,17.0,0.0,0.0,25.0,20.0,11.0,19.0,9.0,10.0,0.0,0.0,0.0,0.0,11.0,19.0,0.0,0.0,0.0,0.0
C1__baldwinian__s3,C1__baldwinian,C1,C1,baldwinian,3,550,train,50,2.22,31,27,90.13395355780807,0.875,0.5,141.0,152.0,157.0,168.0,59.0,58.0,0.0,0.0,18.0,12.0,29.0,19.0,13.0,8.0,0.0,0.0,0.0,0.0,29.0,19.0,0.0,0.0,0.0,0.0
C1__baldwinian__s3,C1__baldwinian,C1,C1,baldwinian,3,600,train,45,2.7111111111111112,20,25,87.5745429898162,0.8125,0.5,262.0,238.0,185.0,187.0,34.0,57.0,0.0,0.0,22.0,22.0,19.0,20.0,8.0,9.0,0.0,0.0,0.0,0.0,19.0,20.0,0.0,0.0,0.0,0.0
C1__baldwinian__s3,C1__baldwinian,C1,C1,baldwinian,3,650,train,48,2.8333333333333335,20,17,58.53954042052376,0.9166666666666666,0.5,188.0,218.0,166.0,155.0,42.0,39.0,0.0,0.0,17.0,25.0,12.0,18.0,12.0,10.0,0.0,0.0,0.0,0.0,12.0,18.0,0.0,0.0,0.0,0.0
C1__baldwinian__s3,C1__baldwinian,C1,C1,baldwinian,3,700,train,44,2.840909090909091,20,24,109.40939536429403,0.7916666666666666,0.5,155.0,152.0,240.0,241.0,30.0,34.0,0.0,0.0,13.0,16.0,23.0,25.0,7.0,5.0,0.0,0.0,0.0,0.0,23.0,25.0,0.0,0.0,0.0,0.0
C1__baldwinian__s3,C1__baldwinian,C1,C1,baldwinian,3,750,train,41,2.8536585365853657,13,16,95.44590671634877,0.7916666666666666,0.5,185.0,198.0,129.0,124.0,38.0,30.0,0.0,0.0,26.0,26.0,16.0,10.0,11.0,8.0,0.0,0.0,0.0,0.0,16.0,10.0,0.0,0.0,0.0,0.0
C1__baldwinian__s3,C1__baldwinian,C1,C1,baldwinian,3,800,train,47,3.1702127659574466,25,19,95.59268553176639,0.8333333333333334,0.5,177.0,194.0,251.0,222.0,30.0,36.0,0.0,0.0,23.0,26.0,18.0,22.0,5.0,8.0,0.0,0.0,0.0,0.0,18.0,22.0,0.0,0.0,0.0,0.0
C1__baldwinian__s3,C1__baldwinian,C1,C1,baldwinian,3,850,train,48,3.3125,20,19,53.56630346971504,0.9375,0.5,260.0,247.0,159.0,178.0,39.0,47.0,0.0,0.0,17.0,36.0,17.0,21.0,11.0,12.0,0.0,0.0,0.0,0.0,17.0,21.0,0.0,0.0,0.0,0.0
C1__baldwinian__s3,C1__baldwinian,C1,C1,baldwinian,3,900,train,49,3.4489795918367347,16,15,93.62084057359331,0.7708333333333334,0.5,164.0,156.0,176.0,190.0,82.0,83.0,0.0,0.0,23.0,23.0,20.0,12.0,12.0,7.0,0.0,0.0,0.0,0.0,20.0,12.0,0.0,0.0,0.0,0.0
C1__baldwinian__s3,C1__baldwinian,C1,C1,baldwinian,3,950,train,50,3.94,22,21,80.56612236000184,0.8125,0.5,213.0,209.0,187.0,166.0,83.0,87.0,0.0,0.0,25.0,17.0,22.0,19.0,7.0,6.0,0.0,0.0,0.0,0.0,22.0,19.0,0.0,0.0,0.0,0.0
C1__baldwinian__s3,C1__baldwinian,C1,C1,baldwinian,3,1000,train,50,4.02,21,21,92.98162635497496,0.75,0.5,202.0,185.0,276.0,276.0,57.0,59.0,0.0,0.0,18.0,21.0,27.0,23.0,7.0,6.0,0.0,0.0,0.0,0.0,27.0,23.0,0.0,0.0,0.0,0.0
C1__baldwinian__s3,C1__baldwinian,C1,C1,baldwinian,3,1050,train,50,4.18,20,20,71.73970543946912,0.8958333333333334,0.5,236.0,189.0,232.0,202.0,58.0,57.0,0.0,0.0,23.0,25.0,18.0,15.0,9.0,9.0,0.0,0.0,0.0,0.0,18.0,15.0,0.0,0.0,0.0,0.0
C1__baldwinian__s3,C1__baldwinian,C1,C1,baldwinian,3,1100,train,49,4.387755102040816,20,21,70.73501579085628,0.875,0.5,198.0,207.0,195.0,185.0,77.0,62.0,0.0,0.0,22.0,10.0,27.0,20.0,9.0,7.0,0.0,0.0,0.0,0.0,27.0,20.0,0.0,0.0,0.0,0.0
C1__baldwinian__s3,C1__baldwinian,C1,C1,baldwinian,3,1150,train,47,4.74468085106383,14,16,81.33098468905837,0.8541666666666666,0.5,218.0,245.0,154.0,160.0,47.0,57.0,0.0,0.0,22.0,30.0,16.0,14.0,10.0,11.0,0.0,0.0,0.0,0.0,16.0,14.0,0.0,0.0,0.0,0.0
C1__baldwinian__s3,C1__baldwinian,C1,C1,baldwinian,3,1200,train,50,5.16,19,16,72.43449901072415,0.7916666666666666,0.5,186.0,175.0,232.0,233.0,40.0,48.0,0.0,0.0,24.0,22.0,24.0,17.0,8.0,10.0,0.0,0.0,0.0,0.0,24.0,17.0,0.0,0.0,0.0,0.0
C1__baldwinian__s3,C1__baldwinian,C1,C1,baldwinian,3,1250,train,47,5.319148936170213,16,19,73.75990099939901,0.8541666666666666,0.5,177.0,209.0,174.0,173.0,17.0,25.0,0.0,0.0,17.0,33.0,15.0,18.0,11.0,5.0,0.0,0.0,0.0,0.0,15.0,18.0,0.0,0.0,0.0,0.0
C1__baldwinian__s3,C1__baldwinian,C1,C1,baldwinian,3,1300,train,37,5.405405405405405,11,21,119.3920442974026,0.7291666666666666,0.5,151.0,182.0,177.0,210.0,44.0,31.0,0.0,0.0,14.0,20.0,19.0,26.0,12.0,6.0,0.0,0.0,0.0,0.0,19.0,26.0,0.0,0.0,0.0,0.0
C1__baldwinian__s3,C1__baldwinian,C1,C1,baldwinian,3,1350,train,48,5.541666666666667,29,18,78.99528567732247,0.8541666666666666,0.5,131.0,141.0,138.0,157.0,49.0,45.0,0.0,0.0,27.0,23.0,16.0,16.0,8.0,11.0,0.0,0.0,0.0,0.0,16.0,16.0,0.0,0.0,0.0,0.0
C1__baldwinian__s3,C1__baldwinian,C1,C1,baldwinian,3,1400,train,49,5.63265306122449,17,16,52.82435664571538,0.8958333333333334,0.5,168.0,146.0,164.0,179.0,40.0,39.0,0.0,0.0,16.0,23.0,18.0,15.0,8.0,14.0,0.0,0.0,0.0,0.0,18.0,15.0,0.0,0.0,0.0,0.0
C1__baldwinian__s3,C1__baldwinian,C1,C1,baldwinian,3,1450,train,42,5.642857142857143,15,22,59.650295916989386,0.8958333333333334,0.5,199.0,223.0,190.0,201.0,18.0,15.0,0.0,0.0,26.0,23.0,26.0,20.0,9.0,6.0,0.0,0.0,0.0,0.0,26.0,20.0,0.0,0.0,0.0,0.0
C1__baldwinian__s3,C1__baldwinian,C1,C1,baldwinian,3,1500,train,44,6.136363636363637,18,16,136.0264501187705,0.6666666666666666,0.5,222.0,238.0,176.0,203.0,11.0,8.0,0.0,0.0,20.0,24.0,13.0,22.0,8.0,5.0,0.0,0.0,0.0,0.0,13.0,22.0,0.0,0.0,0.0,0.0
C1__baldwinian__s3,C1__baldwinian,C1,C1,baldwinian,3,1550,eval,42,6.595238095238095,20,22,105.92038957993161,0.7916666666666666,0.5,175.0,190.0,157.0,217.0,21.0,14.0,10.0,10.0,17.0,20.0,19.0,18.0,9.0,3.0,4.0,2.0,0.0,0.0,19.0,18.0,0.0,0.0,4.0,2.0
C1__baldwinian__s3,C1__baldwinian,C1,C1,baldwinian,3,1600,eval,41,6.975609756097561,23,24,167.4296899305513,0.6875,0.5,146.0,143.0,131.0,128.0,37.0,29.0,28.0,26.0,20.0,15.0,9.0,15.0,5.0,2.0,6.0,2.0,0.0,0.0,9.0,15.0,0.0,0.0,6.0,2.0
C1__baldwinian__s3,C1__baldwinian,C1,C1,baldwinian,3,1650,eval,50,6.96,22,13,117.29657398519534,0.7708333333333334,0.5,196.0,183.0,192.0,206.0,60.0,79.0,34.0,36.0,20.0,22.0,26.0,8.0,11.0,7.0,2.0,0.0,0.0,0.0,26.0,8.0,0.0,0.0,2.0,0.0
C1__baldwinian__s3,C1__baldwinian,C1,C1,baldwinian,3,1700,eval,50,7.24,24,24,137.06976102224147,0.6875,0.5,269.0,266.0,224.0,245.0,67.0,59.0,36.0,42.0,29.0,17.0,25.0,16.0,9.0,0.0,2.0,3.0,0.0,0.0,25.0,16.0,0.0,0.0,2.0,3.0
C1__baldwinian__s3,C1__baldwinian,C1,C1,baldwinian,3,1750,eval,50,7.26,12,12,207.2581855925137,0.4583333333333333,0.5,190.0,192.0,182.0,189.0,83.0,84.0,70.0,60.0,11.0,11.0,17.0,10.0,2.0,3.0,5.0,3.0,0.0,0.0,17.0,10.0,0.0,0.0,5.0,3.0
C1__baldwinian__s3,C1__baldwinian,C1,C1,baldwinian,3,1800,eval,50,7.08,5,5,202.4433928380165,0.4375,0.5,234.0,175.0,189.0,191.0,57.0,41.0,47.0,45.0,14.0,12.0,13.0,12.0,5.0,6.0,2.0,0.0,0.0,0.0,13.0,12.0,0.0,0.0,2.0,0.0
C1__baldwinian__s4,C1__baldwinian,C1,C1,baldwinian,4,50,train,50,0.76,33,3,88.41945439839967,0.8125,0.5,99.0,112.0,78.0,89.0,42.0,39.0,0.0,0.0,22.0,28.0,17.0,11.0,12.0,11.0,0.0,0.0,0.0,0.0,17.0,11.0,0.0,0.0,0.0,0.0
C1__baldwinian__s4,C1__baldwinian,C1,C1,baldwinian,4,100,train,44,0.7954545454545454,15,21,65.42520027739758,0.9583333333333334,0.5,129.0,125.0,178.0,185.0,46.0,43.0,0.0,0.0,19.0,11.0,28.0,26.0,16.0,4.0,0.0,0.0,0.0,0.0,28.0,26.0,0.0,0.0,0.0,0.0
C1__baldwinian__s4,C1__baldwinian,C1,C1,baldwinian,4,150,train,40,1.225,17,21,111.95539133547143,0.75,0.5,181.0,151.0,159.0,154.0,25.0,16.0,0.0,0.0,23.0,22.0,23.0,10.0,12.0,7.0,0.0,0.0,0.0,0.0,23.0,10.0,0.0,0.0,0.0,0.0
C1__baldwinian__s4,C1__baldwinian,C1,C1,baldwinian,4,200,train,48,1.5208333333333333,18,10,69.23256833957765,0.8958333333333334,0.5,192.0,165.0,168.0,151.0,34.0,53.0,0.0,0.0,37.0,20.0,16.0,19.0,10.0,18.0,0.0,0.0,0.0,0.0,16.0,19.0,0.0,0.0,0.0,0.0
C1__baldwinian__s4,C1__baldwinian,C1,C1,baldwinian,4,250,train,41,1.4390243902439024,13,20,110.53654538574483,0.7916666666666666,0.5,210.0,192.0,160.0,191.0,30.0,21.0,0.0,0.0,27.0,14.0,20.0,24.0,13.0,7.0,0.0,0.0,0.0,0.0,20.0,24.0,0.0,0.0,0.0,0.0
C1__baldwinian__s4,C1__baldwinian,C1,C1,baldwinian,4,300,train,50,1.7,25,16,87.12691622248347,0.8125,0.5,213.0,224.0,228.0,204.0,65.0,63.0,0.0,0.0,20.0,25.0,21.0,21.0,14.0,16.0,0.0,0.0,0.0,0.0,21.0,21.0,0.0,0.0,0.0,0.0
C1__baldwinian__s4,C1__baldwinian,C1,C1,baldwinian,4,350,train,50,1.82,11,11,113.62726119568039,0.75,0.5,188.0,176.0,126.0,142.0,34.0,47.0,0.0,0.0,30.0,20.0,11.0,17.0,5.0,13.0,0.0,0.0,0.0,0.0,11.0,17.0,0.0,0.0,0.0,0.0
C1__baldwinian__s4,C1__baldwinian,C1,C1,baldwinian,4,400,train,50,1.88,19,19,56.282462299762216,0.9166666666666666,0.5,174.0,202.0,167.0,144.0,47.0,60.0,0.0,0.0,26.0,30.0,14.0,14.0,13.0,12.0,0.0,0.0,0.0,0.0,14.0,14.0,0.0,0.0,0.0,0.0
C1__baldwinian__s4,C1__baldwinian,C1,C1,baldwinian,4,450,train,50,1.96,16,16,102.70066636190221,0.7708333333333334,0.5,206.0,199.0,165.0,195.0,49.0,53.0,0.0,0.0,17.0,24.0,15.0,28.0,6.0,2.0,0.0,0.0,0.0,0.0,15.0,28.0,0.0,0.0,0.0,0.0
C1__baldwinian__s4,C1__baldwinian,C1,C1,baldwinian,4,500,train,47,2.0851063829787235,19,22,86.70001462515751,0.7916666666666666,0.5,177.0,195.0,168.0,153.0,55.0,54.0,0.0,0.0,25.0,21.0,24.0,12.0,10.0,7.0,0.0,0.0,0.0,0.0,24.0,12.0,0.0,0.0,0.0,0.0
C1__baldwinian__s4,C1__baldwinian,C1,C1,baldwinian,4,550,train,50,2.72,28,25,93.16170621744556,0.8125,0.5,208.0,204.0,174.0,166.0,65.0,83.0,0.0,0.0,21.0,23.0,20.0,23.0,14.0,5.0,0.0,0.0,0.0,0.0,20.0,23.0,0.0,0.0,0.0,0.0
C1__baldwinian__s4,C1__baldwinian,C1,C1,baldwinian,4,600,train,50,2.86,17,17,100.9779623806003,0.75,0.5,225.0,241.0,154.0,159.0,78.0,86.0,0.0,0.0,19.0,14.0,17.0,19.0,9.0,10.0,0.0,0.0,0.0,0.0,17.0,19.0,0.0,0.0,0.0,0.0
C1__baldwinian__s4,C1__baldwinian,C1,C1,baldwinian,4,650,train,50,3.0,19,19,78.76425553019219,0.8125,0.5,247.0,252.0,176.0,155.0,64.0,76.0,0.0,0.0,23.0,24.0,21.0,15.0,8.0,13.0,0.0,0.0,0.0,0.0,21.0,15.0,0.0,0.0,0.0,0.0
C1__baldwinian__s4,C1__baldwinian,C1,C1,baldwinian,4,700,train,41,3.1951219512195124,18,27,74.42039170260784,0.8333333333333334,0.5,241.0,220.0,185.0,164.0,33.0,42.0,0.0,0.0,19.0,11.0,25.0,23.0,8.0,12.0,0.0,0.0,0.0,0.0,25.0,23.0,0.0,0.0,0.0,0.0
C1__baldwinian__s4,C1__baldwinian,C1,C1,baldwinian,4,750,train,50,3.46,21,12,82.00931231720723,0.75,0.5,249.0,286.0,281.0,266.0,23.0,31.0,0.0,0.0,25.0,20.0,24.0,13.0,7.0,11.0,0.0,0.0,0.0,0.0,24.0,13.0,0.0,0.0,0.0,0.0
C1__baldwinian__s4,C1__baldwinian,C1,C1,baldwinian,4,800,train,50,3.44,19,19,75.44353457125703,0.875,0.5,247.0,264.0,265.0,250.0,23.0,25.0,0.0,0.0,27.0,22.0,14.0,18.0,10.0,11.0,0.0,0.0,0.0,0.0,14.0,18.0,0.0,0.0,0.0,0.0
C1__baldwinian__s4,C1__baldwinian,C1,C1,baldwinian,4,850,train,50,3.44,20,20,80.7202974078344,0.7708333333333334,0.5,213.0,233.0,298.0,309.0,27.0,40.0,0.0,0.0,16.0,18.0,25.0,24.0,11.0,8.0,0.0,0.0,0.0,0.0,25.0,24.0,0.0,0.0,0.0,0.0
C1__baldwinian__s4,C1__baldwinian,C1,C1,baldwinian,4,900,train,50,3.44,14,14,120.61593169123461,0.6458333333333334,0.5,298.0,309.0,258.0,254.0,30.0,35.0,0.0,0.0,19.0,24.0,15.0,24.0,5.0,2.0,0.0,0.0,0.0,0.0,15.0,24.0,0.0,0.0,0.0,0.0
C1__baldwinian__s4,C1__baldwinian,C1,C1,baldwinian,4,950,train,50,3.72,14,14,100.25052848562643,0.7291666666666666,0.5,234.0,273.0,311.0,291.0,58.0,61.0,0.0,0.0,23.0,20.0,20.0,19.0,12.0,13.0,0.0,0.0,0.0,0.0,20.0,19.0,0.0,0.0,0.0,0.0
C1__baldwinian__s4,C1__baldwinian,C1,C1,baldwinian,4,1000,train,50,4.12,17,17,126.64429914313475,0.6666666666666666,0.5,176.0,181.0,410.0,364.0,25.0,23.0,0.0,0.0,14.0,13.0,27.0,18.0,10.0,11.0,0.0,0.0,0.0,0.0,27.0,18.0,0.0,0.0,0.0,0.0
C1__baldwinian__s4,C1__baldwinian,C1,C1,baldwinian,4,1050,train,50,4.26,16,16,117.55185994492004,0.7291666666666666,0.5,296.0,304.0,226.0,238.0,38.0,39.0,0.0,0.0,23.0,27.0,26.0,18.0,11.0,11.0,0.0,0.0,0.0,0.0,26.0,18.0,0.0,0.0,0.0,0.0
C1__baldwinian__s4,C1__baldwinian,C1,C1,baldwinian,4,1100,train,50,4.26,19,19,88.57285403701015,0.8125,0.5,268.0,261.0,231.0,219.0,86.0,76.0,0.0,0.0,33.0,16.0,17.0,19.0,11.0,8.0,0.0,0.0,0.0,0.0,17.0,19.0,0.0,0.0,0.0,0.0
C1__baldwinian__s4,C1__baldwinian,C1,C1,baldwinian,4,1150,train,50,4.2,19,19,91.1992491375366,0.7916666666666666,0.5,177.0,156.0,240.0,237.0,86.0,89.0,0.0,0.0,18.0,21.0,23.0,19.0,12.0,5.0,0.0,0.0,0.0,0.0,23.0,19.0,0.0,0.0,0.0,0.0
C1__baldwinian__s4,C1__baldwinian,C1,C1,baldwinian,4,1200,train,50,4.4,16,16,98.59546482770594,0.7083333333333334,0.5,185.0,194.0,212.0,251.0,39.0,57.0,0.0,0.0,21.0,24.0,16.0,15.0,10.0,11.0,0.0,0.0,0.0,0.0,16.0,15.0,0.0,0.0,0.0,0.0
C1__baldwinian__s4,C1__baldwinian,C1,C1,baldwinian,4,1250,train,50,4.96,20,20,68.19258578398009,0.9166666666666666,0.5,199.0,211.0,196.0,184.0,44.0,52.0,0.0,0.0,20.0,26.0,29.0,13.0,8.0,12.0,0.0,0.0,0.0,0.0,29.0,13.0,0.0,0.0,0.0,0.0
C1__baldwinian__s4,C1__baldwinian,C1,C1,baldwinian,4,1300,train,50,5.12,22,22,101.90312595422617,0.8125,0.5,263.0,232.0,131.0,137.0,41.0,42.0,0.0,0.0,22.0,18.0,19.0,20.0,14.0,11.0,0.0,0.0,0.0,0.0,19.0,20.0,0.0,0.0,0.0,0.0
C1__baldwinian__s4,C1__baldwinian,C1,C1,baldwinian,4,1350,train,50,5.14,13,13,126.82473120131549,0.7291666666666666,0.5,212.0,193.0,257.0,300.0,18.0,19.0,0.0,0.0,22.0,17.0,15.0,27.0,8.0,4.0,0.0,0.0,0.0,0.0,15.0,27.0,0.0,0.0,0.0,0.0
C1__baldwinian__s4,C1__baldwinian,C1,C1,baldwinian,4,1400,train,50,4.92,17,17,71.43189919104562,0.8541666666666666,0.5,228.0,202.0,218.0,208.0,72.0,72.0,0.0,0.0,26.0,26.0,22.0,15.0,8.0,13.0,0.0,0.0,0.0,0.0,22.0,15.0,0.0,0.0,0.0,0.0
C1__baldwinian__s4,C1__baldwinian,C1,C1,baldwinian,4,1450,train,50,4.96,16,16,82.92244483898432,0.8125,0.5,219.0,239.0,162.0,163.0,79.0,77.0,0.0,0.0,28.0,12.0,16.0,18.0,16.0,7.0,0.0,0.0,0.0,0.0,16.0,18.0,0.0,0.0,0.0,0.0
C1__baldwinian__s4,C1__baldwinian,C1,C1,baldwinian,4,1500,train,50,4.98,16,16,113.50395324435775,0.7291666666666666,0.5,179.0,184.0,216.0,203.0,86.0,93.0,0.0,0.0,32.0,15.0,28.0,14.0,5.0,5.0,0.0,0.0,0.0,0.0,28.0,14.0,0.0,0.0,0.0,0.0
C1__baldwinian__s4,C1__baldwinian,C1,C1,baldwinian,4,1550,eval,50,5.08,14,14,116.84922461468435,0.7708333333333334,0.5,187.0,222.0,172.0,175.0,99.0,88.0,46.0,36.0,11.0,21.0,22.0,20.0,7.0,1.0,4.0,4.0,0.0,0.0,22.0,20.0,0.0,0.0,4.0,4.0
C1__baldwinian__s4,C1__baldwinian,C1,C1,baldwinian,4,1600,eval,50,5.36,18,18,164.63681645736926,0.5833333333333334,0.5,202.0,221.0,280.0,258.0,87.0,96.0,92.0,89.0,13.0,18.0,12.0,25.0,5.0,1.0,2.0,8.0,0.0,0.0,12.0,25.0,0.0,0.0,2.0,8.0
C1__baldwinian__s4,C1__baldwinian,C1,C1,baldwinian,4,1650,eval,50,5.54,13,13,101.24011533157714,0.7708333333333334,0.5,274.0,306.0,299.0,294.0,74.0,81.0,46.0,60.0,23.0,24.0,21.0,22.0,5.0,9.0,4.0,1.0,0.0,0.0,21.0,22.0,0.0,0.0,4.0,1.0
C1__baldwinian__s4,C1__baldwinian,C1,C1,baldwinian,4,1700,eval,50,5.68,14,14,134.85531984194338,0.625,0.5,211.0,192.0,298.0,309.0,75.0,81.0,73.0,77.0,23.0,15.0,16.0,21.0,2.0,5.0,4.0,3.0,0.0,0.0,16.0,21.0,0.0,0.0,4.0,3.0
C1__baldwinian__s4,C1__baldwinian,C1,C1,baldwinian,4,1750,eval,50,5.7,21,21,120.83577948461907,0.7083333333333334,0.5,227.0,175.0,185.0,179.0,40.0,39.0,78.0,80.0,15.0,16.0,15.0,18.0,0.0,3.0,8.0,5.0,0.0,0.0,15.0,18.0,0.0,0.0,8.0,5.0
C1__baldwinian__s4,C1__baldwinian,C1,C1,baldwinian,4,1800,eval,50,5.96,14,14,144.84526767660213,0.6666666666666666,0.5,254.0,267.0,205.0,206.0,32.0,32.0,83.0,95.0,20.0,13.0,15.0,21.0,4.0,3.0,4.0,3.0,0.0,0.0,15.0,21.0,0.0,0.0,4.0,3.0
C1__baldwinian__s5,C1__baldwinian,C1,C1,baldwinian,5,50,train,50,0.74,34,4,65.11240476160349,0.8541666666666666,0.5,86.0,93.0,151.0,133.0,38.0,29.0,0.0,0.0,25.0,21.0,23.0,22.0,10.0,9.0,0.0,0.0,0.0,0.0,23.0,22.0,0.0,0.0,0.0,0.0
C1__baldwinian__s5,C1__baldwinian,C1,C1,baldwinian,5,100,train,50,0.88,11,11,117.22841648327113,0.7291666666666666,0.5,189.0,230.0,203.0,165.0,57.0,55.0,0.0,0.0,15.0,16.0,28.0,9.0,11.0,11.0,0.0,0.0,0.0,0.0,28.0,9.0,0.0,0.0,0.0,0.0
C1__baldwinian__s5,C1__baldwinian,C1,C1,baldwinian,5,150,train,50,0.92,14,14,89.89955276910402,0.7916666666666666,0.5,234.0,239.0,260.0,255.0,70.0,82.0,0.0,0.0,17.0,20.0,25.0,27.0,13.0,6.0,0.0,0.0,0.0,0.0,25.0,27.0,0.0,0.0,0.0,0.0
C1__baldwinian__s5,C1__baldwinian,C1,C1,baldwinian,5,200,train,50,0.9,11,11,79.07473975843472,0.875,0.5,347.0,305.0,251.0,243.0,87.0,102.0,0.0,0.0,28.0,26.0,17.0,15.0,12.0,19.0,0.0,0.0,0.0,0.0,17.0,15.0,0.0,0.0,0.0,0.0
C1__baldwinian__s5,C1__baldwinian,C1,C1,baldwinian,5,250,train,50,0.92,9,9,128.65943195255744,0.7291666666666666,0.5,323.0,277.0,263.0,264.0,36.0,41.0,0.0,0.0,25.0,18.0,21.0,22.0,5.0,3.0,0.0,0.0,0.0,0.0,21.0,22.0,0.0,0.0,0.0,0.0
C1__baldwinian__s5,C1__baldwinian,C1,C1,baldwinian,5,300,train,50,0.92,11,11,68.10011044734935,0.875,0.5,281.0,280.0,208.0,190.0,65.0,68.0,0.0,0.0,28.0,35.0,10.0,17.0,9.0,14.0,0.0,0.0,0.0,0.0,10.0,17.0,0.0,0.0,0.0,0.0
C1__baldwinian__s5,C1__baldwinian,C1,C1,baldwinian,5,350,train,50,0.88,13,13,94.39132596870195,0.7916666666666666,0.5,219.0,213.0,221.0,238.0,61.0,67.0,0.0,0.0,21.0,14.0,22.0,21.0,9.0,10.0,0.0,0.0,0.0,0.0,22.0,21.0,0.0,0.0,0.0,0.0
C1__baldwinian__s5,C1__baldwinian,C1,C1,baldwinian,5,400,train,50,0.88,12,12,96.92597359224712,0.7708333333333334,0.5,255.0,230.0,267.0,318.0,52.0,57.0,0.0,0.0,23.0,21.0,19.0,24.0,9.0,9.0,0.0,0.0,0.0,0.0,19.0,24.0,0.0,0.0,0.0,0.0
C1__baldwinian__s5,C1__baldwinian,C1,C1,baldwinian,5,450,train,50,0.84,22,22,82.1906236918158,0.8333333333333334,0.5,252.0,254.0,246.0,203.0,89.0,73.0,0.0,0.0,24.0,19.0,23.0,31.0,11.0,5.0,0.0,0.0,0.0,0.0,23.0,31.0,0.0,0.0,0.0,0.0
C1__baldwinian__s5,C1__baldwinian,C1,C1,baldwinian,5,500,train,50,1.22,20,20,78.32518537208259,0.8958333333333334,0.5,191.0,202.0,284.0,317.0,96.0,68.0,0.0,0.0,20.0,21.0,20.0,25.0,9.0,3.0,0.0,0.0,0.0,0.0,20.0,25.0,0.0,0.0,0.0,0.0
C1__baldwinian__s5,C1__baldwinian,C1,C1,baldwinian,5,550,train,50,1.7,28,28,87.74267068526294,0.8125,0.5,157.0,144.0,194.0,163.0,57.0,61.0,0.0,0.0,25.0,9.0,32.0,12.0,15.0,7.0,0.0,0.0,0.0,0.0,32.0,12.0,0.0,0.0,0.0,0.0
C1__baldwinian__s5,C1__baldwinian,C1,C1,baldwinian,5,600,train,50,1.94,16,16,79.99336737613261,0.8125,0.5,258.0,261.0,150.0,104.0,65.0,77.0,0.0,0.0,20.0,24.0,18.0,14.0,11.0,7.0,0.0,0.0,0.0,0.0,18.0,14.0,0.0,0.0,0.0,0.0
C1__baldwinian__s5,C1__baldwinian,C1,C1,baldwinian,5,650,train,50,2.02,15,15,49.69524496549835,0.9583333333333334,0.5,177.0,176.0,191.0,189.0,45.0,38.0,0.0,0.0,25.0,20.0,22.0,16.0,15.0,11.0,0.0,0.0,0.0,0.0,22.0,16.0,0.0,0.0,0.0,0.0
C1__baldwinian__s5,C1__baldwinian,C1,C1,baldwinian,5,700,train,50,2.24,16,16,78.73087255591847,0.7916666666666666,0.5,198.0,190.0,193.0,182.0,61.0,65.0,0.0,0.0,22.0,21.0,14.0,17.0,10.0,8.0,0.0,0.0,0.0,0.0,14.0,17.0,0.0,0.0,0.0,0.0
C1__baldwinian__s5,C1__baldwinian,C1,C1,baldwinian,5,750,train,50,2.1,21,21,61.76978573146006,0.875,0.5,134.0,138.0,164.0,174.0,57.0,65.0,0.0,0.0,21.0,18.0,19.0,20.0,8.0,12.0,0.0,0.0,0.0,0.0,19.0,20.0,0.0,0.0,0.0,0.0
C1__baldwinian__s5,C1__baldwinian,C1,C1,baldwinian,5,800,train,50,2.24,23,23,77.2491845602128,0.8958333333333334,0.5,192.0,189.0,188.0,197.0,51.0,51.0,0.0,0.0,18.0,23.0,15.0,23.0,4.0,9.0,0.0,0.0,0.0,0.0,15.0,23.0,0.0,0.0,0.0,0.0
C1__baldwinian__s5,C1__baldwinian,C1,C1,baldwinian,5,850,train,50,2.3,16,16,76.09659299313302,0.8958333333333334,0.5,183.0,186.0,185.0,185.0,61.0,62.0,0.0,0.0,21.0,28.0,18.0,18.0,7.0,8.0,0.0,0.0,0.0,0.0,18.0,18.0,0.0,0.0,0.0,0.0
C1__baldwinian__s5,C1__baldwinian,C1,C1,baldwinian,5,900,train,48,2.5625,16,18,111.20006269447535,0.7708333333333334,0.5,172.0,213.0,175.0,184.0,17.0,28.0,0.0,0.0,15.0,26.0,10.0,21.0,2.0,6.0,0.0,0.0,0.0,0.0,10.0,21.0,0.0,0.0,0.0,0.0
C1__baldwinian__s5,C1__baldwinian,C1,C1,baldwinian,5,950,train,50,2.82,21,19,157.1994925814975,0.6041666666666666,0.5,184.0,169.0,175.0,197.0,47.0,50.0,0.0,0.0,23.0,11.0,23.0,15.0,13.0,9.0,0.0,0.0,0.0,0.0,23.0,15.0,0.0,0.0,0.0,0.0
C1__baldwinian__s5,C1__baldwinian,C1,C1,baldwinian,5,1000,train,50,2.96,15,15,58.86623363034964,0.8958333333333334,0.5,242.0,215.0,138.0,182.0,33.0,34.0,0.0,0.0,35.0,23.0,20.0,18.0,7.0,11.0,0.0,0.0,0.0,0.0,20.0,18.0,0.0,0.0,0.0,0.0
C1__baldwinian__s5,C1__baldwinian,C1,C1,baldwinian,5,1050,train,50,3.2,17,17,141.98010153637202,0.6875,0.5,157.0,142.0,174.0,180.0,29.0,30.0,0.0,0.0,22.0,20.0,14.0,19.0,3.0,4.0,0.0,0.0,0.0,0.0,14.0,19.0,0.0,0.0,0.0,0.0
C1__baldwinian__s5,C1__baldwinian,C1,C1,baldwinian,5,1100,train,50,3.3,18,18,100.54869872644451,0.75,0.5,218.0,218.0,227.0,275.0,40.0,41.0,0.0,0.0,23.0,14.0,20.0,22.0,13.0,5.0,0.0,0.0,0.0,0.0,20.0,22.0,0.0,0.0,0.0,0.0
C1__baldwinian__s5,C1__baldwinian,C1,C1,baldwinian,5,1150,train,50,3.28,14,14,95.01885428911223,0.7083333333333334,0.5,203.0,233.0,331.0,327.0,47.0,49.0,0.0,0.0,21.0,20.0,16.0,22.0,6.0,9.0,0.0,0.0,0.0,0.0,16.0,22.0,0.0,0.0,0.0,0.0
C1__baldwinian__s5,C1__baldwinian,C1,C1,baldwinian,5,1200,train,50,3.38,16,16,126.4627312700816,0.75,0.5,243.0,253.0,214.0,235.0,50.0,52.0,0.0,0.0,20.0,17.0,27.0,22.0,8.0,9.0,0.0,0.0,0.0,0.0,27.0,22.0,0.0,0.0,0.0,0.0
C1__baldwinian__s5,C1__baldwinian,C1,C1,baldwinian,5,1250,train,50,3.56,18,18,91.31866104228808,0.7916666666666666,0.5,237.0,240.0,208.0,210.0,34.0,40.0,0.0,0.0,22.0,20.0,18.0,23.0,10.0,10.0,0.0,0.0,0.0,0.0,18.0,23.0,0.0,0.0,0.0,0.0
C1__baldwinian__s5,C1__baldwinian,C1,C1,baldwinian,5,1300,train,50,3.66,13,13,69.22491071896232,0.8333333333333334,0.5,200.0,223.0,234.0,203.0,25.0,46.0,0.0,0.0,27.0,27.0,20.0,8.0,8.0,12.0,0.0,0.0,0.0,0.0,20.0,8.0,0.0,0.0,0.0,0.0
C1__baldwinian__s5,C1__baldwinian,C1,C1,baldwinian,5,1350,train,50,4.04,21,21,126.36045050661366,0.7083333333333334,0.5,227.0,224.0,197.0,218.0,53.0,45.0,0.0,0.0,20.0,19.0,14.0,15.0,13.0,8.0,0.0,0.0,0.0,0.0,14.0,15.0,0.0,0.0,0.0,0.0
C1__baldwinian__s5,C1__baldwinian,C1,C1,baldwinian,5,1400,train,50,4.12,18,18,93.9739430364998,0.7916666666666666,0.5,175.0,212.0,170.0,174.0,45.0,35.0,0.0,0.0,14.0,27.0,20.0,15.0,10.0,6.0,0.0,0.0,0.0,0.0,20.0,15.0,0.0,0.0,0.0,0.0
C1__baldwinian__s5,C1__baldwinian,C1,C1,baldwinian,5,1450,train,50,4.14,14,14,149.04573401185763,0.6458333333333334,0.5,228.0,190.0,208.0,219.0,38.0,34.0,0.0,0.0,18.0,17.0,17.0,19.0,12.0,4.0,0.0,0.0,0.0,0.0,17.0,19.0,0.0,0.0,0.0,0.0
C1__baldwinian__s5,C1__baldwinian,C1,C1,baldwinian,5,1500,train,50,4.24,15,15,107.35260061490405,0.75,0.5,219.0,191.0,247.0,261.0,126.0,95.0,0.0,0.0,18.0,22.0,21.0,22.0,12.0,8.0,0.0,0.0,0.0,0.0,21.0,22.0,0.0,0.0,0.0,0.0
C1__baldwinian__s5,C1__baldwinian,C1,C1,baldwinian,5,1550,eval,50,4.36,21,21,157.16302844829914,0.6458333333333334,0.5,204.0,213.0,252.0,278.0,55.0,53.0,33.0,26.0,25.0,13.0,16.0,17.0,7.0,3.0,2.0,2.0,0.0,0.0,16.0,17.0,0.0,0.0,2.0,2.0
C1__baldwinian__s5,C1__baldwinian,C1,C1,baldwinian,5,1600,eval,50,4.5,15,15,149.17099011006707,0.6458333333333334,0.5,283.0,259.0,171.0,160.0,38.0,33.0,81.0,82.0,22.0,14.0,15.0,12.0,1.0,2.0,6.0,9.0,0.0,0.0,15.0,12.0,0.0,0.0,6.0,9.0
C1__baldwinian__s5,C1__baldwinian,C1,C1,baldwinian,5,1650,eval,50,4.48,13,13,219.34469489217847,0.4375,0.5,226.0,246.0,182.0,188.0,58.0,79.0,44.0,57.0,11.0,14.0,12.0,14.0,5.0,4.0,1.0,5.0,0.0,0.0,12.0,14.0,0.0,0.0,1.0,5.0
C1__baldwinian__s5,C1__baldwinian,C1,C1,baldwinian,5,1700,eval,50,4.78,23,23,138.59037961879648,0.6875,0.5,237.0,232.0,232.0,210.0,43.0,48.0,61.0,40.0,15.0,19.0,26.0,26.0,5.0,6.0,5.0,5.0,0.0,0.0,26.0,26.0,0.0,0.0,5.0,5.0
C1__baldwinian__s5,C1__baldwinian,C1,C1,baldwinian,5,1750,eval,50,4.94,12,12,192.70347015242473,0.5,0.5,219.0,204.0,292.0,263.0,86.0,76.0,49.0,46.0,10.0,7.0,13.0,20.0,5.0,6.0,1.0,6.0,0.0,0.0,13.0,20.0,0.0,0.0,1.0,6.0
C1__baldwinian__s5,C1__baldwinian,C1,C1,baldwinian,5,1800,eval,50,5.02,17,17,200.3573049368952,0.4375,0.5,214.0,231.0,327.0,337.0,20.0,30.0,48.0,32.0,7.0,11.0,19.0,30.0,0.0,0.0,2.0,1.0,0.0,0.0,19.0,30.0,0.0,0.0,2.0,1.0
C1__baldwinian__s6,C1__baldwinian,C1,C1,baldwinian,6,50,train,50,0.96,36,6,78.00953976350803,0.8125,0.5,64.0,69.0,104.0,103.0,82.0,77.0,0.0,0.0,16.0,13.0,26.0,19.0,16.0,18.0,0.0,0.0,0.0,0.0,26.0,19.0,0.0,0.0,0.0,0.0
C1__baldwinian__s6,C1__baldwinian,C1,C1,baldwinian,6,100,train,50,0.98,16,16,81.86655141461745,0.8541666666666666,0.5,148.0,142.0,205.0,204.0,39.0,48.0,0.0,0.0,21.0,11.0,26.0,22.0,13.0,10.0,0.0,0.0,0.0,0.0,26.0,22.0,0.0,0.0,0.0,0.0
C1__baldwinian__s6,C1__baldwinian,C1,C1,baldwinian,6,150,train,47,1.2127659574468086,15,18,104.1783358755201,0.7708333333333334,0.5,193.0,195.0,195.0,236.0,69.0,69.0,0.0,0.0,23.0,15.0,18.0,21.0,10.0,12.0,0.0,0.0,0.0,0.0,18.0,21.0,0.0,0.0,0.0,0.0
C1__baldwinian__s6,C1__baldwinian,C1,C1,baldwinian,6,200,train,50,1.48,16,13,119.05634923073674,0.75,0.5,216.0,192.0,176.0,167.0,76.0,83.0,0.0,0.0,21.0,23.0,13.0,12.0,8.0,16.0,0.0,0.0,0.0,0.0,13.0,12.0,0.0,0.0,0.0,0.0
C1__baldwinian__s6,C1__baldwinian,C1,C1,baldwinian,6,250,train,50,1.44,13,13,86.19633452569195,0.8125,0.5,175.0,149.0,254.0,238.0,59.0,53.0,0.0,0.0,15.0,14.0,24.0,27.0,20.0,7.0,0.0,0.0,0.0,0.0,24.0,27.0,0.0,0.0,0.0,0.0
C1__baldwinian__s6,C1__baldwinian,C1,C1,baldwinian,6,300,train,50,1.1,24,24,120.35501725236995,0.7708333333333334,0.5,242.0,229.0,241.0,290.0,35.0,21.0,0.0,0.0,16.0,17.0,27.0,22.0,8.0,3.0,0.0,0.0,0.0,0.0,27.0,22.0,0.0,0.0,0.0,0.0
C1__baldwinian__s6,C1__baldwinian,C1,C1,baldwinian,6,350,train,50,1.08,10,10,99.2878214971368,0.7291666666666666,0.5,229.0,201.0,244.0,245.0,80.0,63.0,0.0,0.0,21.0,22.0,13.0,18.0,12.0,15.0,0.0,0.0,0.0,0.0,13.0,18.0,0.0,0.0,0.0,0.0
C1__baldwinian__s6,C1__baldwinian,C1,C1,baldwinian,6,400,train,50,1.04,22,22,66.93564478215399,0.8958333333333334,0.5,224.0,209.0,207.0,255.0,90.0,70.0,0.0,0.0,19.0,23.0,20.0,26.0,15.0,12.0,0.0,0.0,0.0,0.0,20.0,26.0,0.0,0.0,0.0,0.0
C1__baldwinian__s6,C1__baldwinian,C1,C1,baldwinian,6,450,train,50,1.14,16,16,94.80019303303966,0.7708333333333334,0.5,261.0,260.0,170.0,145.0,73.0,68.0,0.0,0.0,28.0,18.0,15.0,18.0,13.0,6.0,0.0,0.0,0.0,0.0,15.0,18.0,0.0,0.0,0.0,0.0
C1__baldwinian__s6,C1__baldwinian,C1,C1,baldwinian,6,500,train,50,1.48,19,19,66.27049555344293,0.8958333333333334,0.5,229.0,250.0,254.0,244.0,92.0,103.0,0.0,0.0,17.0,21.0,14.0,25.0,9.0,18.0,0.0,0.0,0.0,0.0,14.0,25.0,0.0,0.0,0.0,0.0
C1__baldwinian__s6,C1__baldwinian,C1,C1,baldwinian,6,550,train,50,2.0,28,28,58.00874269539124,0.8958333333333334,0.5,226.0,208.0,168.0,184.0,61.0,66.0,0.0,0.0,22.0,21.0,23.0,24.0,5.0,13.0,0.0,0.0,0.0,0.0,23.0,24.0,0.0,0.0,0.0,0.0
C1__baldwinian__s6,C1__baldwinian,C1,C1,baldwinian,6,600,train,50,2.28,19,19,61.50926869565534,0.875,0.5,133.0,164.0,151.0,140.0,61.0,61.0,0.0,0.0,14.0,19.0,23.0,14.0,12.0,13.0,0.0,0.0,0.0,0.0,23.0,14.0,0.0,0.0,0.0,0.0
C1__baldwinian__s6,C1__baldwinian,C1,C1,baldwinian,6,650,train,50,2.26,25,25,59.31896916081802,0.9375,0.5,152.0,145.0,178.0,164.0,47.0,50.0,0.0,0.0,25.0,22.0,19.0,20.0,10.0,10.0,0.0,0.0,0.0,0.0,19.0,20.0,0.0,0.0,0.0,0.0
C1__baldwinian__s6,C1__baldwinian,C1,C1,baldwinian,6,700,train,50,2.14,18,18,117.9613221048364,0.7291666666666666,0.5,168.0,162.0,133.0,146.0,58.0,46.0,0.0,0.0,25.0,20.0,19.0,10.0,14.0,10.0,0.0,0.0,0.0,0.0,19.0,10.0,0.0,0.0,0.0,0.0
C1__baldwinian__s6,C1__baldwinian,C1,C1,baldwinian,6,750,train,50,2.28,21,21,79.69456085799352,0.8333333333333334,0.5,134.0,146.0,175.0,164.0,47.0,54.0,0.0,0.0,17.0,18.0,20.0,20.0,4.0,15.0,0.0,0.0,0.0,0.0,20.0,20.0,0.0,0.0,0.0,0.0
C1__baldwinian__s6,C1__baldwinian,C1,C1,baldwinian,6,800,train,48,2.4791666666666665,26,28,69.38090312761882,0.875,0.5,145.0,139.0,236.0,202.0,42.0,42.0,0.0,0.0,21.0,15.0,27.0,24.0,9.0,12.0,0.0,0.0,0.0,0.0,27.0,24.0,0.0,0.0,0.0,0.0
C1__baldwinian__s6,C1__baldwinian,C1,C1,baldwinian,6,850,train,43,2.7209302325581395,15,20,71.02107338933587,0.8958333333333334,0.5,186.0,176.0,152.0,157.0,32.0,24.0,0.0,0.0,17.0,23.0,16.0,21.0,12.0,8.0,0.0,0.0,0.0,0.0,16.0,21.0,0.0,0.0,0.0,0.0
C1__baldwinian__s6,C1__baldwinian,C1,C1,baldwinian,6,900,train,47,2.74468085106383,20,16,104.30868265225062,0.75,0.5,200.0,177.0,110.0,111.0,56.0,51.0,0.0,0.0,29.0,17.0,14.0,10.0,9.0,14.0,0.0,0.0,0.0,0.0,14.0,10.0,0.0,0.0,0.0,0.0
C1__baldwinian__s6,C1__baldwinian,C1,C1,baldwinian,6,950,train,50,2.86,18,15,136.39154502900013,0.7708333333333334,0.5,156.0,175.0,167.0,178.0,37.0,28.0,0.0,0.0,25.0,22.0,25.0,15.0,11.0,7.0,0.0,0.0,0.0,0.0,25.0,15.0,0.0,0.0,0.0,0.0
C1__baldwinian__s6,C1__baldwinian,C1,C1,baldwinian,6,1000,train,49,3.122448979591837,16,17,85.87332372175669,0.8333333333333334,0.5,180.0,198.0,141.0,149.0,50.0,66.0,0.0,0.0,19.0,29.0,17.0,20.0,9.0,9.0,0.0,0.0,0.0,0.0,17.0,20.0,0.0,0.0,0.0,0.0
C1__baldwinian__s6,C1__baldwinian,C1,C1,baldwinian,6,1050,train,50,3.14,16,15,97.50009080944471,0.7916666666666666,0.5,206.0,215.0,156.0,157.0,135.0,130.0,0.0,0.0,18.0,23.0,11.0,18.0,15.0,12.0,0.0,0.0,0.0,0.0,11.0,18.0,0.0,0.0,0.0,0.0
C1__baldwinian__s6,C1__baldwinian,C1,C1,baldwinian,6,1100,train,50,3.22,20,20,87.14778930886195,0.8125,0.5,183.0,197.0,156.0,169.0,108.0,89.0,0.0,0.0,23.0,26.0,19.0,17.0,10.0,15.0,0.0,0.0,0.0,0.0,19.0,17.0,0.0,0.0,0.0,0.0
C1__baldwinian__s6,C1__baldwinian,C1,C1,baldwinian,6,1150,train,50,3.44,17,17,72.285164522008,0.8958333333333334,0.5,244.0,230.0,228.0,202.0,86.0,84.0,0.0,0.0,23.0,19.0,19.0,16.0,8.0,22.0,0.0,0.0,0.0,0.0,19.0,16.0,0.0,0.0,0.0,0.0
C1__baldwinian__s6,C1__baldwinian,C1,C1,baldwinian,6,1200,train,50,3.64,10,10,120.17267406760246,0.6875,0.5,217.0,203.0,232.0,217.0,60.0,65.0,0.0,0.0,22.0,25.0,20.0,12.0,8.0,13.0,0.0,0.0,0.0,0.0,20.0,12.0,0.0,0.0,0.0,0.0
C1__baldwinian__s6,C1__baldwinian,C1,C1,baldwinian,6,1250,train,50,3.78,14,14,82.0487236606306,0.7916666666666666,0.5,223.0,221.0,211.0,198.0,96.0,98.0,0.0,0.0,23.0,24.0,10.0,18.0,10.0,17.0,0.0,0.0,0.0,0.0,10.0,18.0,0.0,0.0,0.0,0.0
C1__baldwinian__s6,C1__baldwinian,C1,C1,baldwinian,6,1300,train,50,3.88,13,13,60.369030585268874,0.9166666666666666,0.5,262.0,269.0,266.0,242.0,46.0,50.0,0.0,0.0,18.0,22.0,22.0,29.0,11.0,20.0,0.0,0.0,0.0,0.0,22.0,29.0,0.0,0.0,0.0,0.0
C1__baldwinian__s6,C1__baldwinian,C1,C1,baldwinian,6,1350,train,50,3.96,20,20,102.71790817988864,0.75,0.5,216.0,237.0,253.0,214.0,86.0,87.0,0.0,0.0,19.0,21.0,21.0,15.0,9.0,14.0,0.0,0.0,0.0,0.0,21.0,15.0,0.0,0.0,0.0,0.0
C1__baldwinian__s6,C1__baldwinian,C1,C1,baldwinian,6,1400,train,50,4.02,14,14,90.69033600462964,0.8541666666666666,0.5,235.0,289.0,233.0,272.0,50.0,42.0,0.0,0.0,16.0,25.0,18.0,16.0,10.0,14.0,0.0,0.0,0.0,0.0,18.0,16.0,0.0,0.0,0.0,0.0
C1__baldwinian__s6,C1__baldwinian,C1,C1,baldwinian,6,1450,train,50,4.22,16,16,73.26234957947645,0.8125,0.5,209.0,220.0,288.0,278.0,72.0,72.0,0.0,0.0,27.0,20.0,25.0,17.0,15.0,11.0,0.0,0.0,0.0,0.0,25.0,17.0,0.0,0.0,0.0,0.0
C1__baldwinian__s6,C1__baldwinian,C1,C1,baldwinian,6,1500,train,50,4.46,21,21,60.752325102332335,0.9166666666666666,0.5,213.0,248.0,206.0,215.0,140.0,137.0,0.0,0.0,19.0,19.0,26.0,21.0,16.0,17.0,0.0,0.0,0.0,0.0,26.0,21.0,0.0,0.0,0.0,0.0
C1__baldwinian__s6,C1__baldwinian,C1,C1,baldwinian,6,1550,eval,50,4.66,23,23,152.29400452436712,0.5833333333333334,0.5,206.0,196.0,145.0,164.0,39.0,33.0,49.0,37.0,17.0,13.0,13.0,13.0,5.0,4.0,6.0,4.0,0.0,0.0,13.0,13.0,0.0,0.0,6.0,4.0
C1__baldwinian__s6,C1__baldwinian,C1,C1,baldwinian,6,1600,eval,50,4.72,15,15,109.72144873256707,0.7083333333333334,0.5,274.0,278.0,226.0,207.0,24.0,16.0,68.0,54.0,25.0,23.0,16.0,16.0,5.0,3.0,7.0,5.0,0.0,0.0,16.0,16.0,0.0,0.0,7.0,5.0
C1__baldwinian__s6,C1__baldwinian,C1,C1,baldwinian,6,1650,eval,50,4.94,18,18,123.50101593171533,0.7708333333333334,0.5,269.0,272.0,228.0,198.0,35.0,48.0,45.0,40.0,36.0,26.0,18.0,11.0,3.0,10.0,5.0,1.0,0.0,0.0,18.0,11.0,0.0,0.0,5.0,1.0
C1__baldwinian__s6,C1__baldwinian,C1,C1,baldwinian,6,1700,eval,50,5.02,18,18,117.39024434746445,0.7708333333333334,0.5,240.0,229.0,225.0,226.0,69.0,68.0,41.0,51.0,17.0,18.0,21.0,22.0,7.0,8.0,7.0,2.0,0.0,0.0,21.0,22.0,0.0,0.0,7.0,2.0
C1__baldwinian__s6,C1__baldwinian,C1,C1,baldwinian,6,1750,eval,50,5.02,14,14,154.93718768473224,0.6666666666666666,0.5,218.0,212.0,270.0,293.0,100.0,107.0,44.0,49.0,14.0,15.0,15.0,19.0,9.0,3.0,4.0,5.0,0.0,0.0,15.0,19.0,0.0,0.0,4.0,5.0
C1__baldwinian__s6,C1__baldwinian,C1,C1,baldwinian,6,1800,eval,50,5.14,11,11,189.74358158723402,0.4583333333333333,0.5,235.0,242.0,212.0,207.0,88.0,71.0,41.0,49.0,12.0,11.0,13.0,13.0,4.0,5.0,4.0,4.0,0.0,0.0,13.0,13.0,0.0,0.0,4.0,4.0
C1__baldwinian__s7,C1__baldwinian,C1,C1,baldwinian,7,50,train,50,0.82,36,6,46.52686235018845,0.9166666666666666,0.5,148.0,141.0,73.0,87.0,56.0,44.0,0.0,0.0,29.0,30.0,23.0,20.0,10.0,12.0,0.0,0.0,0.0,0.0,23.0,20.0,0.0,0.0,0.0,0.0
C1__baldwinian__s7,C1__baldwinian,C1,C1,baldwinian,7,100,train,38,0.868421052631579,6,18,71.47482505734355,0.9166666666666666,0.5,172.0,153.0,152.0,161.0,17.0,20.0,0.0,0.0,22.0,23.0,14.0,22.0,5.0,8.0,0.0,0.0,0.0,0.0,14.0,22.0,0.0,0.0,0.0,0.0
C1__baldwinian__s7,C1__baldwinian,C1,C1,baldwinian,7,150,train,35,1.2,17,20,97.91612840804511,0.8541666666666666,0.5,158.0,158.0,142.0,162.0,30.0,19.0,0.0,0.0,17.0,25.0,20.0,18.0,6.0,9.0,0.0,0.0,0.0,0.0,20.0,18.0,0.0,0.0,0.0,0.0
C1__baldwinian__s7,C1__baldwinian,C1,C1,baldwinian,7,200,train,45,1.288888888888889,24,14,41.81567185830342,0.9375,0.5,149.0,155.0,163.0,170.0,50.0,38.0,0.0,0.0,36.0,22.0,21.0,17.0,10.0,7.0,0.0,0.0,0.0,0.0,21.0,17.0,0.0,0.0,0.0,0.0
C1__baldwinian__s7,C1__baldwinian,C1,C1,baldwinian,7,250,train,34,1.3823529411764706,12,23,82.6237307258743,0.875,0.5,123.0,112.0,140.0,136.0,24.0,24.0,0.0,0.0,16.0,20.0,18.0,19.0,12.0,10.0,0.0,0.0,0.0,0.0,18.0,19.0,0.0,0.0,0.0,0.0
C1__baldwinian__s7,C1__baldwinian,C1,C1,baldwinian,7,300,train,33,1.4242424242424243,16,17,102.38178932405131,0.8333333333333334,0.5,144.0,152.0,102.0,93.0,20.0,22.0,0.0,0.0,24.0,33.0,22.0,20.0,7.0,5.0,0.0,0.0,0.0,0.0,22.0,20.0,0.0,0.0,0.0,0.0
C1__baldwinian__s7,C1__baldwinian,C1,C1,baldwinian,7,350,train,43,1.697674418604651,23,13,83.77401935526919,0.8541666666666666,0.5,207.0,225.0,159.0,133.0,51.0,42.0,0.0,0.0,24.0,23.0,23.0,18.0,8.0,11.0,0.0,0.0,0.0,0.0,23.0,18.0,0.0,0.0,0.0,0.0
C1__baldwinian__s7,C1__baldwinian,C1,C1,baldwinian,7,400,train,45,1.8222222222222222,26,24,66.908539308758,0.9166666666666666,0.5,217.0,241.0,207.0,182.0,53.0,48.0,0.0,0.0,19.0,28.0,22.0,24.0,6.0,9.0,0.0,0.0,0.0,0.0,22.0,24.0,0.0,0.0,0.0,0.0
C1__baldwinian__s7,C1__baldwinian,C1,C1,baldwinian,7,450,train,46,2.0652173913043477,23,22,64.88492975611643,0.8958333333333334,0.5,204.0,212.0,198.0,176.0,47.0,51.0,0.0,0.0,24.0,23.0,18.0,19.0,10.0,7.0,0.0,0.0,0.0,0.0,18.0,19.0,0.0,0.0,0.0,0.0
C1__baldwinian__s7,C1__baldwinian,C1,C1,baldwinian,7,500,train,37,2.2162162162162162,10,19,43.44473385014071,1.0,0.5,189.0,154.0,182.0,196.0,36.0,18.0,0.0,0.0,33.0,21.0,20.0,20.0,12.0,5.0,0.0,0.0,0.0,0.0,20.0,20.0,0.0,0.0,0.0,0.0
C1__baldwinian__s7,C1__baldwinian,C1,C1,baldwinian,7,550,train,31,2.5161290322580645,12,18,163.4743903920052,0.5833333333333334,0.5,120.0,141.0,159.0,184.0,9.0,11.0,0.0,0.0,14.0,15.0,14.0,23.0,5.0,2.0,0.0,0.0,0.0,0.0,14.0,23.0,0.0,0.0,0.0,0.0
C1__baldwinian__s7,C1__baldwinian,C1,C1,baldwinian,7,600,train,50,3.02,35,16,56.343757952435226,0.8958333333333334,0.5,225.0,209.0,156.0,147.0,59.0,72.0,0.0,0.0,30.0,26.0,20.0,22.0,8.0,7.0,0.0,0.0,0.0,0.0,20.0,22.0,0.0,0.0,0.0,0.0
C1__baldwinian__s7,C1__baldwinian,C1,C1,baldwinian,7,650,train,50,3.02,11,11,59.38980955984181,0.8958333333333334,0.5,226.0,286.0,191.0,188.0,56.0,46.0,0.0,0.0,33.0,28.0,13.0,13.0,12.0,3.0,0.0,0.0,0.0,0.0,13.0,13.0,0.0,0.0,0.0,0.0
C1__baldwinian__s7,C1__baldwinian,C1,C1,baldwinian,7,700,train,41,3.097560975609756,17,26,78.92426333368886,0.8541666666666666,0.5,210.0,195.0,204.0,225.0,53.0,73.0,0.0,0.0,16.0,15.0,23.0,25.0,10.0,7.0,0.0,0.0,0.0,0.0,23.0,25.0,0.0,0.0,0.0,0.0
C1__baldwinian__s7,C1__baldwinian,C1,C1,baldwinian,7,750,train,33,3.272727272727273,13,21,115.92928133611046,0.7291666666666666,0.5,178.0,164.0,186.0,191.0,35.0,32.0,0.0,0.0,27.0,24.0,22.0,14.0,3.0,6.0,0.0,0.0,0.0,0.0,22.0,14.0,0.0,0.0,0.0,0.0
C1__baldwinian__s7,C1__baldwinian,C1,C1,baldwinian,7,800,train,50,3.62,28,11,59.07849071763379,0.9166666666666666,0.5,252.0,212.0,207.0,217.0,27.0,40.0,0.0,0.0,20.0,27.0,16.0,19.0,6.0,6.0,0.0,0.0,0.0,0.0,16.0,19.0,0.0,0.0,0.0,0.0
C1__baldwinian__s7,C1__baldwinian,C1,C1,baldwinian,7,850,train,44,3.75,17,23,57.07351041152457,0.9375,0.5,253.0,208.0,170.0,182.0,20.0,22.0,0.0,0.0,30.0,14.0,22.0,14.0,9.0,5.0,0.0,0.0,0.0,0.0,22.0,14.0,0.0,0.0,0.0,0.0
C1__baldwinian__s7,C1__baldwinian,C1,C1,baldwinian,7,900,train,50,4.22,22,16,95.25031409596623,0.8125,0.5,235.0,214.0,241.0,240.0,59.0,65.0,0.0,0.0,22.0,18.0,24.0,19.0,9.0,3.0,0.0,0.0,0.0,0.0,24.0,19.0,0.0,0.0,0.0,0.0
C1__baldwinian__s7,C1__baldwinian,C1,C1,baldwinian,7,950,train,50,4.28,18,18,56.10146060846425,0.875,0.5,297.0,270.0,295.0,321.0,56.0,47.0,0.0,0.0,24.0,14.0,30.0,25.0,10.0,7.0,0.0,0.0,0.0,0.0,30.0,25.0,0.0,0.0,0.0,0.0
C1__baldwinian__s7,C1__baldwinian,C1,C1,baldwinian,7,1000,train,44,4.5,21,27,64.91478980853113,0.9166666666666666,0.5,186.0,185.0,264.0,234.0,9.0,14.0,0.0,0.0,24.0,18.0,22.0,19.0,6.0,6.0,0.0,0.0,0.0,0.0,22.0,19.0,0.0,0.0,0.0,0.0
C1__baldwinian__s7,C1__baldwinian,C1,C1,baldwinian,7,1050,train,39,4.615384615384615,12,17,133.70588178758516,0.75,0.5,286.0,341.0,191.0,191.0,46.0,49.0,0.0,0.0,18.0,20.0,12.0,13.0,7.0,11.0,0.0,0.0,0.0,0.0,12.0,13.0,0.0,0.0,0.0,0.0
C1__baldwinian__s7,C1__baldwinian,C1,C1,baldwinian,7,1100,train,49,4.918367346938775,25,15,68.93526968573879,0.875,0.5,227.0,235.0,209.0,199.0,77.0,90.0,0.0,0.0,26.0,30.0,27.0,13.0,11.0,9.0,0.0,0.0,0.0,0.0,27.0,13.0,0.0,0.0,0.0,0.0
C1__baldwinian__s7,C1__baldwinian,C1,C1,baldwinian,7,1150,train,50,5.1,24,23,68.93144205609829,0.875,0.5,238.0,256.0,305.0,330.0,30.0,36.0,0.0,0.0,17.0,22.0,22.0,29.0,9.0,6.0,0.0,0.0,0.0,0.0,22.0,29.0,0.0,0.0,0.0,0.0
C1__baldwinian__s7,C1__baldwinian,C1,C1,baldwinian,7,1200,train,38,5.0,11,23,92.30726323554654,0.7916666666666666,0.5,189.0,171.0,194.0,178.0,34.0,25.0,0.0,0.0,11.0,23.0,16.0,24.0,12.0,10.0,0.0,0.0,0.0,0.0,16.0,24.0,0.0,0.0,0.0,0.0
C1__baldwinian__s7,C1__baldwinian,C1,C1,baldwinian,7,1250,train,50,5.04,28,16,69.23255658336551,0.875,0.5,251.0,241.0,160.0,172.0,44.0,46.0,0.0,0.0,26.0,29.0,18.0,17.0,8.0,8.0,0.0,0.0,0.0,0.0,18.0,17.0,0.0,0.0,0.0,0.0
C1__baldwinian__s7,C1__baldwinian,C1,C1,baldwinian,7,1300,train,42,5.285714285714286,14,22,94.6879357053204,0.8125,0.5,156.0,152.0,208.0,232.0,37.0,27.0,0.0,0.0,14.0,22.0,20.0,21.0,6.0,9.0,0.0,0.0,0.0,0.0,20.0,21.0,0.0,0.0,0.0,0.0
C1__baldwinian__s7,C1__baldwinian,C1,C1,baldwinian,7,1350,train,40,5.5,20,22,54.081576113002285,0.9375,0.5,307.0,245.0,180.0,172.0,33.0,26.0,0.0,0.0,32.0,22.0,15.0,25.0,12.0,8.0,0.0,0.0,0.0,0.0,15.0,25.0,0.0,0.0,0.0,0.0
C1__baldwinian__s7,C1__baldwinian,C1,C1,baldwinian,7,1400,train,35,5.514285714285714,10,15,101.77502169922315,0.8333333333333334,0.5,211.0,209.0,158.0,163.0,15.0,22.0,0.0,0.0,30.0,15.0,16.0,26.0,3.0,5.0,0.0,0.0,0.0,0.0,16.0,26.0,0.0,0.0,0.0,0.0
C1__baldwinian__s7,C1__baldwinian,C1,C1,baldwinian,7,1450,train,39,5.948717948717949,23,19,114.56874711516797,0.8125,0.5,204.0,176.0,230.0,234.0,37.0,48.0,0.0,0.0,18.0,20.0,24.0,25.0,6.0,8.0,0.0,0.0,0.0,0.0,24.0,25.0,0.0,0.0,0.0,0.0
C1__baldwinian__s7,C1__baldwinian,C1,C1,baldwinian,7,1500,train,36,6.138888888888889,21,24,67.42042242134215,0.9166666666666666,0.5,175.0,185.0,162.0,132.0,32.0,29.0,0.0,0.0,23.0,23.0,28.0,22.0,14.0,7.0,0.0,0.0,0.0,0.0,28.0,22.0,0.0,0.0,0.0,0.0
C1__baldwinian__s7,C1__baldwinian,C1,C1,baldwinian,7,1550,eval,50,6.2,26,12,102.56358838871493,0.7708333333333334,0.5,233.0,278.0,252.0,279.0,12.0,14.0,7.0,14.0,21.0,24.0,18.0,15.0,5.0,2.0,0.0,3.0,0.0,0.0,18.0,15.0,0.0,0.0,0.0,3.0
C1__baldwinian__s7,C1__baldwinian,C1,C1,baldwinian,7,1600,eval,50,6.92,24,24,90.99370008159936,0.7708333333333334,0.5,261.0,216.0,240.0,256.0,43.0,57.0,25.0,36.0,24.0,23.0,10.0,29.0,6.0,9.0,4.0,1.0,0.0,0.0,10.0,29.0,0.0,0.0,4.0,1.0
C1__baldwinian__s7,C1__baldwinian,C1,C1,baldwinian,7,1650,eval,50,6.58,17,17,104.84928134272758,0.8541666666666666,0.5,399.0,401.0,371.0,364.0,9.0,6.0,22.0,36.0,24.0,25.0,17.0,31.0,1.0,2.0,5.0,1.0,0.0,0.0,17.0,31.0,0.0,0.0,5.0,1.0
C1__baldwinian__s7,C1__baldwinian,C1,C1,baldwinian,7,1700,eval,50,6.54,19,19,118.64814206835521,0.6875,0.5,200.0,195.0,365.0,385.0,32.0,24.0,59.0,58.0,12.0,23.0,23.0,23.0,1.0,4.0,4.0,3.0,0.0,0.0,23.0,23.0,0.0,0.0,4.0,3.0
C1__baldwinian__s7,C1__baldwinian,C1,C1,baldwinian,7,1750,eval,50,6.5,19,19,167.63372357912084,0.5625,0.5,290.0,319.0,348.0,298.0,7.0,5.0,47.0,44.0,16.0,14.0,13.0,14.0,2.0,1.0,3.0,3.0,0.0,0.0,13.0,14.0,0.0,0.0,3.0,3.0
C1__baldwinian__s7,C1__baldwinian,C1,C1,baldwinian,7,1800,eval,50,6.48,16,16,145.58035106666904,0.6666666666666666,0.5,284.0,261.0,401.0,404.0,59.0,61.0,9.0,26.0,20.0,17.0,27.0,26.0,4.0,5.0,3.0,4.0,0.0,0.0,27.0,26.0,0.0,0.0,3.0,4.0
C1__baldwinian__s8,C1__baldwinian,C1,C1,baldwinian,8,50,train,50,0.72,38,8,46.77387806945293,0.8958333333333334,0.5,104.0,131.0,151.0,134.0,21.0,15.0,0.0,0.0,24.0,29.0,29.0,29.0,5.0,2.0,0.0,0.0,0.0,0.0,29.0,29.0,0.0,0.0,0.0,0.0
C1__baldwinian__s8,C1__baldwinian,C1,C1,baldwinian,8,100,train,50,0.9,10,10,79.47517101457106,0.8541666666666666,0.5,205.0,258.0,186.0,226.0,17.0,17.0,0.0,0.0,18.0,26.0,16.0,22.0,4.0,9.0,0.0,0.0,0.0,0.0,16.0,22.0,0.0,0.0,0.0,0.0
C1__baldwinian__s8,C1__baldwinian,C1,C1,baldwinian,8,150,train,50,0.94,25,25,63.216233128264605,0.9166666666666666,0.5,216.0,210.0,247.0,268.0,43.0,36.0,0.0,0.0,22.0,23.0,23.0,20.0,4.0,6.0,0.0,0.0,0.0,0.0,23.0,20.0,0.0,0.0,0.0,0.0
C1__baldwinian__s8,C1__baldwinian,C1,C1,baldwinian,8,200,train,50,1.16,22,22,123.71152437312183,0.6875,0.5,229.0,269.0,229.0,260.0,30.0,24.0,0.0,0.0,16.0,15.0,23.0,26.0,6.0,4.0,0.0,0.0,0.0,0.0,23.0,26.0,0.0,0.0,0.0,0.0
C1__baldwinian__s8,C1__baldwinian,C1,C1,baldwinian,8,250,train,50,1.08,14,14,88.9202983453486,0.875,0.5,298.0,285.0,245.0,223.0,53.0,53.0,0.0,0.0,24.0,25.0,24.0,21.0,11.0,8.0,0.0,0.0,0.0,0.0,24.0,21.0,0.0,0.0,0.0,0.0
C1__baldwinian__s8,C1__baldwinian,C1,C1,baldwinian,8,300,train,50,1.22,19,19,60.06618134711295,0.875,0.5,172.0,192.0,221.0,204.0,43.0,31.0,0.0,0.0,18.0,27.0,22.0,26.0,6.0,6.0,0.0,0.0,0.0,0.0,22.0,26.0,0.0,0.0,0.0,0.0
C1__baldwinian__s8,C1__baldwinian,C1,C1,baldwinian,8,350,train,47,1.3191489361702127,17,20,111.93746499334252,0.7708333333333334,0.5,224.0,246.0,249.0,248.0,19.0,13.0,0.0,0.0,25.0,14.0,28.0,22.0,3.0,3.0,0.0,0.0,0.0,0.0,28.0,22.0,0.0,0.0,0.0,0.0
C1__baldwinian__s8,C1__baldwinian,C1,C1,baldwinian,8,400,train,50,1.28,18,15,79.29469252476872,0.7708333333333334,0.5,248.0,258.0,271.0,296.0,59.0,70.0,0.0,0.0,30.0,21.0,20.0,17.0,9.0,10.0,0.0,0.0,0.0,0.0,20.0,17.0,0.0,0.0,0.0,0.0
C1__baldwinian__s8,C1__baldwinian,C1,C1,baldwinian,8,450,train,50,1.4,17,17,50.854203385222,0.8958333333333334,0.5,248.0,257.0,217.0,216.0,23.0,35.0,0.0,0.0,29.0,16.0,25.0,19.0,2.0,9.0,0.0,0.0,0.0,0.0,25.0,19.0,0.0,0.0,0.0,0.0
C1__baldwinian__s8,C1__baldwinian,C1,C1,baldwinian,8,500,train,46,1.673913043478261,20,24,54.32168024807212,0.8958333333333334,0.5,201.0,197.0,282.0,281.0,38.0,41.0,0.0,0.0,26.0,24.0,29.0,9.0,8.0,8.0,0.0,0.0,0.0,0.0,29.0,9.0,0.0,0.0,0.0,0.0
C1__baldwinian__s8,C1__baldwinian,C1,C1,baldwinian,8,550,train,50,2.0,21,17,85.34321018082746,0.7708333333333334,0.5,170.0,141.0,197.0,231.0,42.0,32.0,0.0,0.0,20.0,26.0,14.0,21.0,11.0,2.0,0.0,0.0,0.0,0.0,14.0,21.0,0.0,0.0,0.0,0.0
C1__baldwinian__s8,C1__baldwinian,C1,C1,baldwinian,8,600,train,50,2.1,16,16,40.741747291507195,0.9375,0.5,269.0,269.0,197.0,182.0,34.0,39.0,0.0,0.0,26.0,32.0,14.0,23.0,4.0,10.0,0.0,0.0,0.0,0.0,14.0,23.0,0.0,0.0,0.0,0.0
C1__baldwinian__s8,C1__baldwinian,C1,C1,baldwinian,8,650,train,50,2.28,18,18,92.44508032840925,0.8125,0.5,243.0,230.0,158.0,166.0,53.0,47.0,0.0,0.0,20.0,26.0,13.0,9.0,7.0,4.0,0.0,0.0,0.0,0.0,13.0,9.0,0.0,0.0,0.0,0.0
C1__baldwinian__s8,C1__baldwinian,C1,C1,baldwinian,8,700,train,50,2.54,16,16,82.3247758738174,0.8125,0.5,180.0,193.0,211.0,226.0,47.0,39.0,0.0,0.0,23.0,21.0,16.0,20.0,10.0,5.0,0.0,0.0,0.0,0.0,16.0,20.0,0.0,0.0,0.0,0.0
C1__baldwinian__s8,C1__baldwinian,C1,C1,baldwinian,8,750,train,50,2.56,13,13,105.21216521802971,0.7083333333333334,0.5,252.0,221.0,244.0,249.0,54.0,61.0,0.0,0.0,29.0,14.0,17.0,20.0,10.0,6.0,0.0,0.0,0.0,0.0,17.0,20.0,0.0,0.0,0.0,0.0
C1__baldwinian__s8,C1__baldwinian,C1,C1,baldwinian,8,800,train,50,2.54,16,16,81.35016304966021,0.9166666666666666,0.5,283.0,274.0,197.0,190.0,70.0,65.0,0.0,0.0,27.0,22.0,23.0,19.0,10.0,8.0,0.0,0.0,0.0,0.0,23.0,19.0,0.0,0.0,0.0,0.0
C1__baldwinian__s8,C1__baldwinian,C1,C1,baldwinian,8,850,train,50,2.54,19,19,68.87585561956439,0.875,0.5,184.0,198.0,222.0,225.0,24.0,16.0,0.0,0.0,22.0,19.0,25.0,15.0,8.0,6.0,0.0,0.0,0.0,0.0,25.0,15.0,0.0,0.0,0.0,0.0
C1__baldwinian__s8,C1__baldwinian,C1,C1,baldwinian,8,900,train,50,2.62,17,17,119.95650607289247,0.75,0.5,250.0,264.0,269.0,224.0,10.0,11.0,0.0,0.0,27.0,28.0,16.0,16.0,2.0,2.0,0.0,0.0,0.0,0.0,16.0,16.0,0.0,0.0,0.0,0.0
C1__baldwinian__s8,C1__baldwinian,C1,C1,baldwinian,8,950,train,50,2.68,21,21,105.57405164922612,0.8333333333333334,0.5,260.0,228.0,180.0,205.0,28.0,34.0,0.0,0.0,30.0,32.0,26.0,21.0,12.0,1.0,0.0,0.0,0.0,0.0,26.0,21.0,0.0,0.0,0.0,0.0
C1__baldwinian__s8,C1__baldwinian,C1,C1,baldwinian,8,1000,train,50,2.86,10,10,128.6798282711144,0.6666666666666666,0.5,237.0,219.0,208.0,196.0,45.0,51.0,0.0,0.0,28.0,17.0,17.0,19.0,6.0,6.0,0.0,0.0,0.0,0.0,17.0,19.0,0.0,0.0,0.0,0.0
C1__baldwinian__s8,C1__baldwinian,C1,C1,baldwinian,8,1050,train,50,3.08,18,18,71.12697430645527,0.9375,0.5,311.0,334.0,289.0,297.0,39.0,37.0,0.0,0.0,22.0,25.0,25.0,26.0,6.0,7.0,0.0,0.0,0.0,0.0,25.0,26.0,0.0,0.0,0.0,0.0
C1__baldwinian__s8,C1__baldwinian,C1,C1,baldwinian,8,1100,train,50,3.12,12,12,107.69932478326652,0.7708333333333334,0.5,264.0,273.0,311.0,269.0,19.0,17.0,0.0,0.0,25.0,24.0,22.0,17.0,5.0,1.0,0.0,0.0,0.0,0.0,22.0,17.0,0.0,0.0,0.0,0.0
C1__baldwinian__s8,C1__baldwinian,C1,C1,baldwinian,8,1150,train,50,3.5,21,21,109.52149301579358,0.7291666666666666,0.5,274.0,287.0,228.0,234.0,38.0,51.0,0.0,0.0,17.0,19.0,22.0,17.0,7.0,9.0,0.0,0.0,0.0,0.0,22.0,17.0,0.0,0.0,0.0,0.0
C1__baldwinian__s8,C1__baldwinian,C1,C1,baldwinian,8,1200,train,50,3.5,22,22,93.4506077844323,0.8333333333333334,0.5,247.0,279.0,199.0,223.0,62.0,69.0,0.0,0.0,22.0,24.0,19.0,19.0,12.0,7.0,0.0,0.0,0.0,0.0,19.0,19.0,0.0,0.0,0.0,0.0
C1__baldwinian__s8,C1__baldwinian,C1,C1,baldwinian,8,1250,train,50,3.52,21,21,92.40019736258341,0.8125,0.5,222.0,221.0,273.0,271.0,13.0,4.0,0.0,0.0,25.0,24.0,30.0,22.0,7.0,4.0,0.0,0.0,0.0,0.0,30.0,22.0,0.0,0.0,0.0,0.0
C1__baldwinian__s8,C1__baldwinian,C1,C1,baldwinian,8,1300,train,50,3.5,19,19,117.13858147230593,0.7708333333333334,0.5,152.0,145.0,200.0,236.0,48.0,44.0,0.0,0.0,21.0,19.0,17.0,24.0,3.0,10.0,0.0,0.0,0.0,0.0,17.0,24.0,0.0,0.0,0.0,0.0
C1__baldwinian__s8,C1__baldwinian,C1,C1,baldwinian,8,1350,train,50,3.5,14,14,71.3285696215798,0.8958333333333334,0.5,207.0,190.0,257.0,257.0,10.0,14.0,0.0,0.0,26.0,28.0,17.0,24.0,3.0,7.0,0.0,0.0,0.0,0.0,17.0,24.0,0.0,0.0,0.0,0.0
C1__baldwinian__s8,C1__baldwinian,C1,C1,baldwinian,8,1400,train,50,3.7,26,26,53.06960133949405,0.9583333333333334,0.5,218.0,219.0,260.0,263.0,65.0,54.0,0.0,0.0,31.0,20.0,20.0,20.0,9.0,6.0,0.0,0.0,0.0,0.0,20.0,20.0,0.0,0.0,0.0,0.0
C1__baldwinian__s8,C1__baldwinian,C1,C1,baldwinian,8,1450,train,50,3.84,22,22,68.6143578069962,0.875,0.5,192.0,202.0,185.0,181.0,22.0,36.0,0.0,0.0,17.0,27.0,21.0,16.0,5.0,6.0,0.0,0.0,0.0,0.0,21.0,16.0,0.0,0.0,0.0,0.0
C1__baldwinian__s8,C1__baldwinian,C1,C1,baldwinian,8,1500,train,50,4.34,24,24,96.41089244411918,0.7916666666666666,0.5,127.0,117.0,161.0,161.0,35.0,34.0,0.0,0.0,24.0,21.0,25.0,19.0,4.0,9.0,0.0,0.0,0.0,0.0,25.0,19.0,0.0,0.0,0.0,0.0
C1__baldwinian__s8,C1__baldwinian,C1,C1,baldwinian,8,1550,eval,50,4.7,24,24,111.2122022598276,0.75,0.5,240.0,224.0,224.0,216.0,7.0,3.0,12.0,12.0,20.0,28.0,20.0,16.0,1.0,0.0,0.0,0.0,0.0,0.0,20.0,16.0,0.0,0.0,0.0,0.0
C1__baldwinian__s8,C1__baldwinian,C1,C1,baldwinian,8,1600,eval,50,5.02,20,20,120.35234473084513,0.7916666666666666,0.5,229.0,239.0,241.0,265.0,20.0,22.0,40.0,31.0,18.0,25.0,14.0,21.0,4.0,2.0,3.0,6.0,0.0,0.0,14.0,21.0,0.0,0.0,3.0,6.0
C1__baldwinian__s8,C1__baldwinian,C1,C1,baldwinian,8,1650,eval,50,5.22,20,20,121.14571074961248,0.7708333333333334,0.5,219.0,218.0,267.0,281.0,23.0,28.0,19.0,24.0,14.0,18.0,17.0,20.0,2.0,1.0,4.0,1.0,0.0,0.0,17.0,20.0,0.0,0.0,4.0,1.0
C1__baldwinian__s8,C1__baldwinian,C1,C1,baldwinian,8,1700,eval,50,5.38,15,15,134.93951129750923,0.6666666666666666,0.5,272.0,267.0,305.0,312.0,33.0,18.0,39.0,67.0,13.0,23.0,17.0,21.0,2.0,2.0,2.0,3.0,0.0,0.0,17.0,21.0,0.0,0.0,2.0,3.0
C1__baldwinian__s8,C1__baldwinian,C1,C1,baldwinian,8,1750,eval,50,5.54,12,12,139.68315349482987,0.6666666666666666,0.5,299.0,318.0,290.0,315.0,60.0,64.0,66.0,65.0,19.0,33.0,16.0,19.0,3.0,5.0,1.0,3.0,0.0,0.0,16.0,19.0,0.0,0.0,1.0,3.0
C1__baldwinian__s8,C1__baldwinian,C1,C1,baldwinian,8,1800,eval,50,5.42,8,8,168.77854861044355,0.625,0.5,323.0,283.0,315.0,298.0,35.0,51.0,78.0,66.0,21.0,14.0,20.0,18.0,2.0,2.0,5.0,10.0,0.0,0.0,20.0,18.0,0.0,0.0,5.0,10.0
C1__baldwinian__s9,C1__baldwinian,C1,C1,baldwinian,9,50,train,50,0.76,33,3,99.45236352346565,0.7916666666666666,0.5,126.0,107.0,88.0,78.0,31.0,23.0,0.0,0.0,25.0,23.0,22.0,17.0,9.0,10.0,0.0,0.0,0.0,0.0,22.0,17.0,0.0,0.0,0.0,0.0
C1__baldwinian__s9,C1__baldwinian,C1,C1,baldwinian,9,100,train,49,0.8163265306122449,9,10,73.2224915002246,0.8958333333333334,0.5,123.0,121.0,140.0,125.0,26.0,29.0,0.0,0.0,23.0,20.0,14.0,17.0,4.0,8.0,0.0,0.0,0.0,0.0,14.0,17.0,0.0,0.0,0.0,0.0
C1__baldwinian__s9,C1__baldwinian,C1,C1,baldwinian,9,150,train,45,0.9777777777777777,12,16,81.70442615146179,0.8541666666666666,0.5,171.0,187.0,176.0,175.0,20.0,36.0,0.0,0.0,28.0,26.0,18.0,18.0,2.0,15.0,0.0,0.0,0.0,0.0,18.0,18.0,0.0,0.0,0.0,0.0
C1__baldwinian__s9,C1__baldwinian,C1,C1,baldwinian,9,200,train,48,0.9583333333333334,19,16,113.8122413677761,0.7916666666666666,0.5,227.0,207.0,147.0,149.0,38.0,52.0,0.0,0.0,28.0,18.0,17.0,13.0,7.0,11.0,0.0,0.0,0.0,0.0,17.0,13.0,0.0,0.0,0.0,0.0
C1__baldwinian__s9,C1__baldwinian,C1,C1,baldwinian,9,250,train,49,1.1224489795918366,20,19,107.6602060514465,0.7708333333333334,0.5,226.0,194.0,250.0,186.0,41.0,36.0,0.0,0.0,26.0,13.0,22.0,21.0,10.0,12.0,0.0,0.0,0.0,0.0,22.0,21.0,0.0,0.0,0.0,0.0
C1__baldwinian__s9,C1__baldwinian,C1,C1,baldwinian,9,300,train,50,1.18,18,17,84.79929638072224,0.8333333333333334,0.5,182.0,175.0,213.0,204.0,53.0,64.0,0.0,0.0,18.0,19.0,14.0,25.0,9.0,10.0,0.0,0.0,0.0,0.0,14.0,25.0,0.0,0.0,0.0,0.0
C1__baldwinian__s9,C1__baldwinian,C1,C1,baldwinian,9,350,train,50,1.32,18,18,98.44274500869327,0.8125,0.5,208.0,223.0,204.0,184.0,30.0,31.0,0.0,0.0,18.0,19.0,20.0,19.0,10.0,10.0,0.0,0.0,0.0,0.0,20.0,19.0,0.0,0.0,0.0,0.0
C1__baldwinian__s9,C1__baldwinian,C1,C1,baldwinian,9,400,train,49,1.3265306122448979,17,18,77.87722683125344,0.8541666666666666,0.5,208.0,174.0,206.0,210.0,41.0,52.0,0.0,0.0,32.0,15.0,12.0,26.0,12.0,9.0,0.0,0.0,0.0,0.0,12.0,26.0,0.0,0.0,0.0,0.0
C1__baldwinian__s9,C1__baldwinian,C1,C1,baldwinian,9,450,train,42,1.5476190476190477,14,21,86.69978529413663,0.8333333333333334,0.5,160.0,168.0,149.0,134.0,59.0,53.0,0.0,0.0,15.0,26.0,23.0,14.0,10.0,14.0,0.0,0.0,0.0,0.0,23.0,14.0,0.0,0.0,0.0,0.0
C1__baldwinian__s9,C1__baldwinian,C1,C1,baldwinian,9,500,train,44,1.9090909090909092,20,18,95.77562904567978,0.8541666666666666,0.5,137.0,164.0,227.0,222.0,31.0,34.0,0.0,0.0,17.0,21.0,15.0,24.0,13.0,8.0,0.0,0.0,0.0,0.0,15.0,24.0,0.0,0.0,0.0,0.0
C1__baldwinian__s9,C1__baldwinian,C1,C1,baldwinian,9,550,train,44,2.522727272727273,24,24,88.798006459962,0.8125,0.5,162.0,152.0,225.0,237.0,55.0,51.0,0.0,0.0,22.0,18.0,23.0,14.0,12.0,16.0,0.0,0.0,0.0,0.0,23.0,14.0,0.0,0.0,0.0,0.0
C1__baldwinian__s9,C1__baldwinian,C1,C1,baldwinian,9,600,train,49,2.836734693877551,20,15,56.746252542895185,0.9166666666666666,0.5,183.0,239.0,181.0,161.0,74.0,61.0,0.0,0.0,18.0,23.0,31.0,14.0,13.0,11.0,0.0,0.0,0.0,0.0,31.0,14.0,0.0,0.0,0.0,0.0
C1__baldwinian__s9,C1__baldwinian,C1,C1,baldwinian,9,650,train,48,2.9166666666666665,22,23,98.21208938681576,0.7291666666666666,0.5,154.0,131.0,182.0,178.0,69.0,73.0,0.0,0.0,23.0,14.0,18.0,17.0,12.0,8.0,0.0,0.0,0.0,0.0,18.0,17.0,0.0,0.0,0.0,0.0
C1__baldwinian__s9,C1__baldwinian,C1,C1,baldwinian,9,700,train,50,2.82,15,13,112.38964361222025,0.7291666666666666,0.5,158.0,138.0,144.0,129.0,48.0,44.0,0.0,0.0,27.0,21.0,12.0,9.0,12.0,7.0,0.0,0.0,0.0,0.0,12.0,9.0,0.0,0.0,0.0,0.0
C1__baldwinian__s9,C1__baldwinian,C1,C1,baldwinian,9,750,train,50,2.74,14,14,76.26242646154894,0.8541666666666666,0.5,168.0,172.0,198.0,172.0,71.0,67.0,0.0,0.0,23.0,23.0,25.0,21.0,9.0,11.0,0.0,0.0,0.0,0.0,25.0,21.0,0.0,0.0,0.0,0.0
C1__baldwinian__s9,C1__baldwinian,C1,C1,baldwinian,9,800,train,50,2.84,24,24,94.6898142326989,0.8125,0.5,220.0,237.0,149.0,155.0,55.0,55.0,0.0,0.0,21.0,25.0,22.0,17.0,11.0,10.0,0.0,0.0,0.0,0.0,22.0,17.0,0.0,0.0,0.0,0.0
C1__baldwinian__s9,C1__baldwinian,C1,C1,baldwinian,9,850,train,50,2.72,13,13,45.03005900042066,0.9375,0.5,201.0,195.0,213.0,213.0,40.0,48.0,0.0,0.0,31.0,23.0,21.0,18.0,11.0,8.0,0.0,0.0,0.0,0.0,21.0,18.0,0.0,0.0,0.0,0.0
C1__baldwinian__s9,C1__baldwinian,C1,C1,baldwinian,9,900,train,50,2.96,24,24,86.82052943203834,0.8958333333333334,0.5,249.0,208.0,171.0,160.0,43.0,21.0,0.0,0.0,24.0,18.0,19.0,20.0,8.0,6.0,0.0,0.0,0.0,0.0,19.0,20.0,0.0,0.0,0.0,0.0
C1__baldwinian__s9,C1__baldwinian,C1,C1,baldwinian,9,950,train,50,3.1,15,15,87.9668729679305,0.8333333333333334,0.5,238.0,239.0,240.0,226.0,57.0,36.0,0.0,0.0,32.0,18.0,19.0,13.0,15.0,7.0,0.0,0.0,0.0,0.0,19.0,13.0,0.0,0.0,0.0,0.0
C1__baldwinian__s9,C1__baldwinian,C1,C1,baldwinian,9,1000,train,50,3.24,19,19,88.35441264761303,0.8333333333333334,0.5,214.0,253.0,237.0,243.0,46.0,34.0,0.0,0.0,19.0,27.0,29.0,20.0,13.0,10.0,0.0,0.0,0.0,0.0,29.0,20.0,0.0,0.0,0.0,0.0
C1__baldwinian__s9,C1__baldwinian,C1,C1,baldwinian,9,1050,train,45,3.1777777777777776,18,23,65.75960934170367,0.875,0.5,211.0,184.0,165.0,138.0,53.0,42.0,0.0,0.0,18.0,31.0,34.0,21.0,8.0,7.0,0.0,0.0,0.0,0.0,34.0,21.0,0.0,0.0,0.0,0.0
C1__baldwinian__s9,C1__baldwinian,C1,C1,baldwinian,9,1100,train,50,3.26,24,19,74.70638317611414,0.8541666666666666,0.5,200.0,163.0,210.0,214.0,113.0,108.0,0.0,0.0,30.0,16.0,12.0,17.0,12.0,14.0,0.0,0.0,0.0,0.0,12.0,17.0,0.0,0.0,0.0,0.0
C1__baldwinian__s9,C1__baldwinian,C1,C1,baldwinian,9,1150,train,50,3.58,21,21,107.19127602397393,0.875,0.5,239.0,244.0,141.0,150.0,47.0,42.0,0.0,0.0,17.0,25.0,21.0,19.0,5.0,7.0,0.0,0.0,0.0,0.0,21.0,19.0,0.0,0.0,0.0,0.0
C1__baldwinian__s9,C1__baldwinian,C1,C1,baldwinian,9,1200,train,50,3.54,18,18,90.20313065748238,0.7916666666666666,0.5,238.0,287.0,207.0,191.0,70.0,74.0,0.0,0.0,20.0,26.0,22.0,12.0,10.0,10.0,0.0,0.0,0.0,0.0,22.0,12.0,0.0,0.0,0.0,0.0
C1__baldwinian__s9,C1__baldwinian,C1,C1,baldwinian,9,1250,train,50,3.6,13,13,130.07732949659308,0.7291666666666666,0.5,167.0,176.0,194.0,205.0,34.0,39.0,0.0,0.0,23.0,22.0,13.0,14.0,7.0,8.0,0.0,0.0,0.0,0.0,13.0,14.0,0.0,0.0,0.0,0.0
C1__baldwinian__s9,C1__baldwinian,C1,C1,baldwinian,9,1300,train,50,3.74,14,14,99.2337434091902,0.7291666666666666,0.5,178.0,177.0,257.0,234.0,88.0,88.0,0.0,0.0,22.0,18.0,22.0,14.0,5.0,10.0,0.0,0.0,0.0,0.0,22.0,14.0,0.0,0.0,0.0,0.0
C1__baldwinian__s9,C1__baldwinian,C1,C1,baldwinian,9,1350,train,50,3.76,19,19,111.47963686266311,0.7083333333333334,0.5,224.0,248.0,214.0,215.0,68.0,70.0,0.0,0.0,23.0,26.0,22.0,13.0,9.0,7.0,0.0,0.0,0.0,0.0,22.0,13.0,0.0,0.0,0.0,0.0
C1__baldwinian__s9,C1__baldwinian,C1,C1,baldwinian,9,1400,train,50,3.72,8,8,91.50617058074938,0.7708333333333334,0.5,237.0,238.0,299.0,269.0,85.0,91.0,0.0,0.0,17.0,25.0,12.0,13.0,11.0,12.0,0.0,0.0,0.0,0.0,12.0,13.0,0.0,0.0,0.0,0.0
C1__baldwinian__s9,C1__baldwinian,C1,C1,baldwinian,9,1450,train,50,3.66,9,9,74.2256054525121,0.8541666666666666,0.5,228.0,227.0,196.0,215.0,44.0,41.0,0.0,0.0,23.0,26.0,13.0,28.0,11.0,12.0,0.0,0.0,0.0,0.0,13.0,28.0,0.0,0.0,0.0,0.0
C1__baldwinian__s9,C1__baldwinian,C1,C1,baldwinian,9,1500,train,50,3.74,14,14,120.80421768887632,0.8125,0.5,177.0,178.0,175.0,188.0,63.0,61.0,0.0,0.0,21.0,18.0,19.0,18.0,9.0,10.0,0.0,0.0,0.0,0.0,19.0,18.0,0.0,0.0,0.0,0.0
C1__baldwinian__s9,C1__baldwinian,C1,C1,baldwinian,9,1550,eval,50,3.82,13,13,111.025231280289,0.7083333333333334,0.5,276.0,269.0,236.0,290.0,36.0,27.0,14.0,11.0,13.0,15.0,18.0,20.0,4.0,10.0,1.0,3.0,0.0,0.0,18.0,20.0,0.0,0.0,1.0,3.0
C1__baldwinian__s9,C1__baldwinian,C1,C1,baldwinian,9,1600,eval,50,4.12,19,19,152.30739908522284,0.625,0.5,292.0,263.0,276.0,262.0,35.0,30.0,27.0,15.0,22.0,26.0,13.0,19.0,1.0,1.0,3.0,4.0,0.0,0.0,13.0,19.0,0.0,0.0,3.0,4.0
C1__baldwinian__s9,C1__baldwinian,C1,C1,baldwinian,9,1650,eval,50,4.26,13,13,155.30102612620135,0.6875,0.5,229.0,236.0,200.0,197.0,27.0,19.0,17.0,20.0,19.0,22.0,14.0,14.0,1.0,2.0,4.0,3.0,0.0,0.0,14.0,14.0,0.0,0.0,4.0,3.0
C1__baldwinian__s9,C1__baldwinian,C1,C1,baldwinian,9,1700,eval,50,4.34,17,17,155.28826765429653,0.6041666666666666,0.5,208.0,193.0,138.0,146.0,36.0,42.0,51.0,46.0,24.0,11.0,12.0,11.0,2.0,3.0,2.0,1.0,0.0,0.0,12.0,11.0,0.0,0.0,2.0,1.0
C1__baldwinian__s9,C1__baldwinian,C1,C1,baldwinian,9,1750,eval,50,4.4,20,20,112.9120629638733,0.7708333333333334,0.5,184.0,207.0,206.0,172.0,38.0,14.0,19.0,33.0,18.0,19.0,27.0,20.0,6.0,1.0,0.0,2.0,0.0,0.0,27.0,20.0,0.0,0.0,0.0,2.0
C1__baldwinian__s9,C1__baldwinian,C1,C1,baldwinian,9,1800,eval,50,4.5,13,13,196.63578834918195,0.5416666666666666,0.5,192.0,185.0,198.0,189.0,25.0,25.0,24.0,25.0,22.0,10.0,14.0,18.0,4.0,3.0,0.0,2.0,0.0,0.0,14.0,18.0,0.0,0.0,0.0,2.0
C1__baldwinian__s10,C1__baldwinian,C1,C1,baldwinian,10,50,train,50,0.86,36,6,81.82156489650441,0.8541666666666666,0.5,121.0,111.0,88.0,89.0,39.0,46.0,0.0,0.0,29.0,21.0,23.0,27.0,10.0,10.0,0.0,0.0,0.0,0.0,23.0,27.0,0.0,0.0,0.0,0.0
C1__baldwinian__s10,C1__baldwinian,C1,C1,baldwinian,10,100,train,46,0.8695652173913043,9,13,65.56660742268832,0.9166666666666666,0.5,177.0,176.0,190.0,197.0,52.0,46.0,0.0,0.0,19.0,18.0,15.0,25.0,11.0,9.0,0.0,0.0,0.0,0.0,15.0,25.0,0.0,0.0,0.0,0.0
C1__baldwinian__s10,C1__baldwinian,C1,C1,baldwinian,10,150,train,44,1.0,14,16,99.21690565325879,0.7708333333333334,0.5,192.0,208.0,180.0,153.0,37.0,50.0,0.0,0.0,26.0,21.0,26.0,14.0,4.0,11.0,0.0,0.0,0.0,0.0,26.0,14.0,0.0,0.0,0.0,0.0
C1__baldwinian__s10,C1__baldwinian,C1,C1,baldwinian,10,200,train,49,1.163265306122449,23,18,85.61262441113048,0.8541666666666666,0.5,218.0,245.0,197.0,198.0,57.0,48.0,0.0,0.0,25.0,26.0,26.0,17.0,11.0,10.0,0.0,0.0,0.0,0.0,26.0,17.0,0.0,0.0,0.0,0.0
C1__baldwinian__s10,C1__baldwinian,C1,C1,baldwinian,10,250,train,44,1.3636363636363635,16,21,42.86748963847278,0.9791666666666666,0.5,175.0,165.0,140.0,166.0,56.0,56.0,0.0,0.0,30.0,19.0,19.0,21.0,14.0,14.0,0.0,0.0,0.0,0.0,19.0,21.0,0.0,0.0,0.0,0.0
C1__baldwinian__s10,C1__baldwinian,C1,C1,baldwinian,10,300,train,47,1.8297872340425532,16,13,81.40721905632333,0.8333333333333334,0.5,177.0,178.0,179.0,198.0,27.0,21.0,0.0,0.0,28.0,19.0,21.0,13.0,7.0,9.0,0.0,0.0,0.0,0.0,21.0,13.0,0.0,0.0,0.0,0.0
C1__baldwinian__s10,C1__baldwinian,C1,C1,baldwinian,10,350,train,50,2.04,13,10,87.27642568732227,0.8541666666666666,0.5,163.0,151.0,229.0,250.0,46.0,47.0,0.0,0.0,21.0,11.0,26.0,16.0,9.0,10.0,0.0,0.0,0.0,0.0,26.0,16.0,0.0,0.0,0.0,0.0
C1__baldwinian__s10,C1__baldwinian,C1,C1,baldwinian,10,400,train,50,1.92,13,13,115.23175268526062,0.7708333333333334,0.5,209.0,230.0,144.0,164.0,98.0,66.0,0.0,0.0,29.0,11.0,10.0,23.0,10.0,4.0,0.0,0.0,0.0,0.0,10.0,23.0,0.0,0.0,0.0,0.0
C1__baldwinian__s10,C1__baldwinian,C1,C1,baldwinian,10,450,train,50,1.82,18,18,91.48328571034362,0.7083333333333334,0.5,219.0,220.0,278.0,247.0,79.0,109.0,0.0,0.0,26.0,18.0,19.0,20.0,13.0,12.0,0.0,0.0,0.0,0.0,19.0,20.0,0.0,0.0,0.0,0.0
C1__baldwinian__s10,C1__baldwinian,C1,C1,baldwinian,10,500,train,50,2.24,16,16,90.1486218614912,0.75,0.5,262.0,246.0,215.0,197.0,62.0,66.0,0.0,0.0,20.0,35.0,17.0,16.0,8.0,6.0,0.0,0.0,0.0,0.0,17.0,16.0,0.0,0.0,0.0,0.0
C1__baldwinian__s10,C1__baldwinian,C1,C1,baldwinian,10,550,train,50,2.5,14,14,83.14818251978332,0.8541666666666666,0.5,176.0,198.0,183.0,198.0,98.0,117.0,0.0,0.0,15.0,22.0,17.0,19.0,17.0,10.0,0.0,0.0,0.0,0.0,17.0,19.0,0.0,0.0,0.0,0.0
C1__baldwinian__s10,C1__baldwinian,C1,C1,baldwinian,10,600,train,50,2.52,16,16,65.83093501580795,0.8958333333333334,0.5,211.0,211.0,209.0,207.0,58.0,40.0,0.0,0.0,17.0,31.0,19.0,19.0,16.0,4.0,0.0,0.0,0.0,0.0,19.0,19.0,0.0,0.0,0.0,0.0
C1__baldwinian__s10,C1__baldwinian,C1,C1,baldwinian,10,650,train,50,2.66,14,14,83.66585029349679,0.875,0.5,169.0,180.0,213.0,217.0,29.0,27.0,0.0,0.0,13.0,29.0,27.0,26.0,8.0,9.0,0.0,0.0,0.0,0.0,27.0,26.0,0.0,0.0,0.0,0.0
C1__baldwinian__s10,C1__baldwinian,C1,C1,baldwinian,10,700,train,50,2.92,24,24,61.06979547836568,0.875,0.5,174.0,135.0,206.0,207.0,68.0,68.0,0.0,0.0,20.0,19.0,28.0,29.0,10.0,11.0,0.0,0.0,0.0,0.0,28.0,29.0,0.0,0.0,0.0,0.0
C1__baldwinian__s10,C1__baldwinian,C1,C1,baldwinian,10,750,train,50,3.12,18,18,100.88872365398963,0.7291666666666666,0.5,179.0,176.0,151.0,143.0,36.0,48.0,0.0,0.0,18.0,23.0,14.0,14.0,8.0,13.0,0.0,0.0,0.0,0.0,14.0,14.0,0.0,0.0,0.0,0.0
C1__baldwinian__s10,C1__baldwinian,C1,C1,baldwinian,10,800,train,50,3.38,17,17,151.2491050561121,0.6458333333333334,0.5,212.0,203.0,179.0,195.0,70.0,88.0,0.0,0.0,17.0,18.0,15.0,21.0,9.0,9.0,0.0,0.0,0.0,0.0,15.0,21.0,0.0,0.0,0.0,0.0
C1__baldwinian__s10,C1__baldwinian,C1,C1,baldwinian,10,850,train,50,3.5,22,22,105.90293284026738,0.8125,0.5,153.0,159.0,166.0,187.0,50.0,46.0,0.0,0.0,24.0,18.0,16.0,19.0,9.0,8.0,0.0,0.0,0.0,0.0,16.0,19.0,0.0,0.0,0.0,0.0
C1__baldwinian__s10,C1__baldwinian,C1,C1,baldwinian,10,900,train,50,3.62,10,10,71.7695674666899,0.875,0.5,273.0,268.0,228.0,196.0,37.0,52.0,0.0,0.0,20.0,23.0,17.0,14.0,9.0,19.0,0.0,0.0,0.0,0.0,17.0,14.0,0.0,0.0,0.0,0.0
C1__baldwinian__s10,C1__baldwinian,C1,C1,baldwinian,10,950,train,50,4.06,19,19,158.3703890499395,0.625,0.5,267.0,252.0,246.0,245.0,34.0,33.0,0.0,0.0,17.0,15.0,16.0,17.0,4.0,5.0,0.0,0.0,0.0,0.0,16.0,17.0,0.0,0.0,0.0,0.0
C1__baldwinian__s10,C1__baldwinian,C1,C1,baldwinian,10,1000,train,50,3.76,13,13,122.3945862198354,0.7083333333333334,0.5,243.0,246.0,244.0,228.0,61.0,49.0,0.0,0.0,18.0,22.0,16.0,22.0,9.0,7.0,0.0,0.0,0.0,0.0,16.0,22.0,0.0,0.0,0.0,0.0
C1__baldwinian__s10,C1__baldwinian,C1,C1,baldwinian,10,1050,train,50,3.7,14,14,92.92902528650342,0.7708333333333334,0.5,274.0,277.0,267.0,267.0,57.0,74.0,0.0,0.0,23.0,10.0,20.0,13.0,14.0,17.0,0.0,0.0,0.0,0.0,20.0,13.0,0.0,0.0,0.0,0.0
C1__baldwinian__s10,C1__baldwinian,C1,C1,baldwinian,10,1100,train,50,3.56,17,17,89.16980997508972,0.8541666666666666,0.5,288.0,281.0,295.0,293.0,34.0,53.0,0.0,0.0,19.0,28.0,24.0,19.0,10.0,10.0,0.0,0.0,0.0,0.0,24.0,19.0,0.0,0.0,0.0,0.0
C1__baldwinian__s10,C1__baldwinian,C1,C1,baldwinian,10,1150,train,50,3.6,13,13,94.4814469149882,0.7708333333333334,0.5,233.0,240.0,235.0,203.0,33.0,44.0,0.0,0.0,28.0,23.0,21.0,12.0,7.0,10.0,0.0,0.0,0.0,0.0,21.0,12.0,0.0,0.0,0.0,0.0
C1__baldwinian__s10,C1__baldwinian,C1,C1,baldwinian,10,1200,train,50,3.62,13,13,109.52707942279895,0.7083333333333334,0.5,203.0,203.0,177.0,199.0,24.0,39.0,0.0,0.0,15.0,18.0,22.0,23.0,3.0,16.0,0.0,0.0,0.0,0.0,22.0,23.0,0.0,0.0,0.0,0.0
C1__baldwinian__s10,C1__baldwinian,C1,C1,baldwinian,10,1250,train,50,4.02,12,12,101.63810764716776,0.75,0.5,208.0,200.0,394.0,383.0,31.0,28.0,0.0,0.0,18.0,15.0,27.0,11.0,7.0,12.0,0.0,0.0,0.0,0.0,27.0,11.0,0.0,0.0,0.0,0.0
C1__baldwinian__s10,C1__baldwinian,C1,C1,baldwinian,10,1300,train,50,4.16,21,21,117.96265390672305,0.75,0.5,258.0,254.0,263.0,248.0,64.0,74.0,0.0,0.0,21.0,26.0,14.0,21.0,9.0,12.0,0.0,0.0,0.0,0.0,14.0,21.0,0.0,0.0,0.0,0.0
C1__baldwinian__s10,C1__baldwinian,C1,C1,baldwinian,10,1350,train,50,4.3,14,14,73.45215448956549,0.875,0.5,202.0,191.0,214.0,209.0,45.0,55.0,0.0,0.0,29.0,25.0,15.0,28.0,13.0,10.0,0.0,0.0,0.0,0.0,15.0,28.0,0.0,0.0,0.0,0.0
C1__baldwinian__s10,C1__baldwinian,C1,C1,baldwinian,10,1400,train,50,4.66,15,15,115.28699405272471,0.75,0.5,298.0,276.0,199.0,220.0,53.0,41.0,0.0,0.0,24.0,19.0,22.0,11.0,8.0,4.0,0.0,0.0,0.0,0.0,22.0,11.0,0.0,0.0,0.0,0.0
C1__baldwinian__s10,C1__baldwinian,C1,C1,baldwinian,10,1450,train,50,4.56,14,14,106.20921453287662,0.75,0.5,179.0,132.0,199.0,219.0,65.0,76.0,0.0,0.0,26.0,17.0,17.0,18.0,8.0,13.0,0.0,0.0,0.0,0.0,17.0,18.0,0.0,0.0,0.0,0.0
C1__baldwinian__s10,C1__baldwinian,C1,C1,baldwinian,10,1500,train,50,4.7,18,18,109.51460936530485,0.7083333333333334,0.5,149.0,132.0,295.0,322.0,55.0,71.0,0.0,0.0,9.0,8.0,36.0,35.0,9.0,17.0,0.0,0.0,0.0,0.0,36.0,35.0,0.0,0.0,0.0,0.0
C1__baldwinian__s10,C1__baldwinian,C1,C1,baldwinian,10,1550,eval,50,4.42,22,22,147.60490120420135,0.7083333333333334,0.5,237.0,253.0,281.0,293.0,21.0,19.0,24.0,31.0,16.0,19.0,18.0,28.0,0.0,4.0,6.0,0.0,0.0,0.0,18.0,28.0,0.0,0.0,6.0,0.0
C1__baldwinian__s10,C1__baldwinian,C1,C1,baldwinian,10,1600,eval,50,4.3,16,16,183.26590988580185,0.5416666666666666,0.5,212.0,187.0,286.0,265.0,73.0,54.0,24.0,19.0,16.0,12.0,14.0,13.0,5.0,3.0,1.0,6.0,0.0,0.0,14.0,13.0,0.0,0.0,1.0,6.0
C1__baldwinian__s10,C1__baldwinian,C1,C1,baldwinian,10,1650,eval,50,4.42,13,13,172.9589782070803,0.5416666666666666,0.5,246.0,253.0,304.0,322.0,5.0,7.0,49.0,48.0,11.0,17.0,14.0,16.0,2.0,3.0,3.0,10.0,0.0,0.0,14.0,16.0,0.0,0.0,3.0,10.0
C1__baldwinian__s10,C1__baldwinian,C1,C1,baldwinian,10,1700,eval,50,4.38,15,15,168.89791629076967,0.5833333333333334,0.5,234.0,219.0,248.0,213.0,27.0,20.0,27.0,28.0,21.0,20.0,10.0,14.0,3.0,2.0,6.0,3.0,0.0,0.0,10.0,14.0,0.0,0.0,6.0,3.0
C1__baldwinian__s10,C1__baldwinian,C1,C1,baldwinian,10,1750,eval,50,4.76,10,10,159.40617240500433,0.5833333333333334,0.5,195.0,217.0,231.0,281.0,10.0,7.0,33.0,41.0,18.0,24.0,14.0,10.0,5.0,3.0,2.0,2.0,0.0,0.0,14.0,10.0,0.0,0.0,2.0,2.0
C1__baldwinian__s10,C1__baldwinian,C1,C1,baldwinian,10,1800,eval,50,5.06,12,12,116.08577190399853,0.75,0.5,190.0,182.0,203.0,201.0,65.0,50.0,24.0,21.0,17.0,24.0,17.0,21.0,7.0,4.0,3.0,3.0,0.0,0.0,17.0,21.0,0.0,0.0,3.0,3.0
C1__baldwinian__s11,C1__baldwinian,C1,C1,baldwinian,11,50,train,50,0.66,31,1,74.54930480707179,0.8333333333333334,0.5,115.0,93.0,138.0,140.0,53.0,34.0,0.0,0.0,17.0,19.0,23.0,22.0,15.0,9.0,0.0,0.0,0.0,0.0,23.0,22.0,0.0,0.0,0.0,0.0
C1__baldwinian__s11,C1__baldwinian,C1,C1,baldwinian,11,100,train,50,0.74,16,16,65.10445001976098,0.8958333333333334,0.5,142.0,139.0,157.0,162.0,62.0,64.0,0.0,0.0,9.0,31.0,21.0,15.0,14.0,14.0,0.0,0.0,0.0,0.0,21.0,15.0,0.0,0.0,0.0,0.0
C1__baldwinian__s11,C1__baldwinian,C1,C1,baldwinian,11,150,train,50,0.78,12,12,68.32254507580029,0.9375,0.5,212.0,224.0,225.0,246.0,114.0,99.0,0.0,0.0,13.0,16.0,17.0,21.0,20.0,12.0,0.0,0.0,0.0,0.0,17.0,21.0,0.0,0.0,0.0,0.0
C1__baldwinian__s11,C1__baldwinian,C1,C1,baldwinian,11,200,train,50,0.8,14,14,83.161244964564,0.8125,0.5,234.0,230.0,195.0,184.0,126.0,154.0,0.0,0.0,19.0,24.0,11.0,13.0,12.0,15.0,0.0,0.0,0.0,0.0,11.0,13.0,0.0,0.0,0.0,0.0
C1__baldwinian__s11,C1__baldwinian,C1,C1,baldwinian,11,250,train,50,0.84,14,14,61.41847981540017,0.9375,0.5,269.0,238.0,198.0,216.0,109.0,110.0,0.0,0.0,19.0,21.0,18.0,18.0,9.0,18.0,0.0,0.0,0.0,0.0,18.0,18.0,0.0,0.0,0.0,0.0
C1__baldwinian__s11,C1__baldwinian,C1,C1,baldwinian,11,300,train,50,0.82,11,11,115.16300141393917,0.7291666666666666,0.5,251.0,234.0,196.0,205.0,74.0,60.0,0.0,0.0,13.0,13.0,18.0,18.0,13.0,13.0,0.0,0.0,0.0,0.0,18.0,18.0,0.0,0.0,0.0,0.0
C1__baldwinian__s11,C1__baldwinian,C1,C1,baldwinian,11,350,train,50,0.82,9,9,76.94439977193721,0.7708333333333334,0.5,144.0,176.0,282.0,291.0,98.0,102.0,0.0,0.0,22.0,12.0,18.0,20.0,16.0,14.0,0.0,0.0,0.0,0.0,18.0,20.0,0.0,0.0,0.0,0.0
C1__baldwinian__s11,C1__baldwinian,C1,C1,baldwinian,11,400,train,50,0.8,13,13,87.00941174624703,0.7708333333333334,0.5,229.0,244.0,290.0,288.0,37.0,41.0,0.0,0.0,22.0,27.0,20.0,12.0,11.0,9.0,0.0,0.0,0.0,0.0,20.0,12.0,0.0,0.0,0.0,0.0
C1__baldwinian__s11,C1__baldwinian,C1,C1,baldwinian,11,450,train,50,0.8,11,11,49.77131160241443,0.9375,0.5,163.0,189.0,178.0,200.0,90.0,83.0,0.0,0.0,21.0,24.0,16.0,18.0,14.0,17.0,0.0,0.0,0.0,0.0,16.0,18.0,0.0,0.0,0.0,0.0
C1__baldwinian__s11,C1__baldwinian,C1,C1,baldwinian,11,500,train,45,1.1333333333333333,14,19,95.17803843161266,0.8125,0.5,164.0,161.0,251.0,249.0,76.0,69.0,0.0,0.0,17.0,18.0,19.0,10.0,16.0,20.0,0.0,0.0,0.0,0.0,19.0,10.0,0.0,0.0,0.0,0.0
C1__baldwinian__s11,C1__baldwinian,C1,C1,baldwinian,11,550,train,50,1.6,28,23,113.3043172515903,0.7708333333333334,0.5,111.0,118.0,140.0,154.0,137.0,135.0,0.0,0.0,13.0,18.0,13.0,17.0,13.0,14.0,0.0,0.0,0.0,0.0,13.0,17.0,0.0,0.0,0.0,0.0
C1__baldwinian__s11,C1__baldwinian,C1,C1,baldwinian,11,600,train,50,1.64,15,15,85.13224403935178,0.7708333333333334,0.5,175.0,159.0,197.0,198.0,74.0,76.0,0.0,0.0,23.0,19.0,19.0,21.0,11.0,8.0,0.0,0.0,0.0,0.0,19.0,21.0,0.0,0.0,0.0,0.0
C1__baldwinian__s11,C1__baldwinian,C1,C1,baldwinian,11,650,train,50,1.7,21,21,56.19231255532816,0.8958333333333334,0.5,212.0,207.0,158.0,179.0,83.0,88.0,0.0,0.0,25.0,10.0,18.0,18.0,17.0,9.0,0.0,0.0,0.0,0.0,18.0,18.0,0.0,0.0,0.0,0.0
C1__baldwinian__s11,C1__baldwinian,C1,C1,baldwinian,11,700,train,50,1.8,16,16,69.22305618862549,0.8958333333333334,0.5,173.0,175.0,149.0,169.0,103.0,97.0,0.0,0.0,19.0,16.0,12.0,18.0,18.0,17.0,0.0,0.0,0.0,0.0,12.0,18.0,0.0,0.0,0.0,0.0
C1__baldwinian__s11,C1__baldwinian,C1,C1,baldwinian,11,750,train,50,1.9,23,23,66.46894049754498,0.9375,0.5,190.0,172.0,178.0,192.0,93.0,97.0,0.0,0.0,25.0,14.0,16.0,19.0,10.0,16.0,0.0,0.0,0.0,0.0,16.0,19.0,0.0,0.0,0.0,0.0
C1__baldwinian__s11,C1__baldwinian,C1,C1,baldwinian,11,800,train,50,1.96,14,14,90.54199233887294,0.8541666666666666,0.5,174.0,209.0,127.0,136.0,18.0,25.0,0.0,0.0,28.0,30.0,15.0,14.0,13.0,6.0,0.0,0.0,0.0,0.0,15.0,14.0,0.0,0.0,0.0,0.0
C1__baldwinian__s11,C1__baldwinian,C1,C1,baldwinian,11,850,train,50,2.04,13,13,98.07918078761088,0.7708333333333334,0.5,162.0,179.0,217.0,176.0,33.0,37.0,0.0,0.0,19.0,20.0,21.0,13.0,18.0,7.0,0.0,0.0,0.0,0.0,21.0,13.0,0.0,0.0,0.0,0.0
C1__baldwinian__s11,C1__baldwinian,C1,C1,baldwinian,11,900,train,49,2.3469387755102042,22,23,78.75531785092122,0.8333333333333334,0.5,170.0,198.0,139.0,145.0,40.0,43.0,0.0,0.0,18.0,22.0,16.0,17.0,14.0,17.0,0.0,0.0,0.0,0.0,16.0,17.0,0.0,0.0,0.0,0.0
C1__baldwinian__s11,C1__baldwinian,C1,C1,baldwinian,11,950,train,44,2.5454545454545454,17,22,65.85082522925507,0.875,0.5,201.0,204.0,138.0,141.0,38.0,36.0,0.0,0.0,26.0,21.0,10.0,16.0,14.0,14.0,0.0,0.0,0.0,0.0,10.0,16.0,0.0,0.0,0.0,0.0
C1__baldwinian__s11,C1__baldwinian,C1,C1,baldwinian,11,1000,train,37,2.7567567567567566,7,14,56.150018475370665,0.9375,0.5,133.0,155.0,115.0,122.0,43.0,31.0,0.0,0.0,17.0,27.0,16.0,18.0,17.0,10.0,0.0,0.0,0.0,0.0,16.0,18.0,0.0,0.0,0.0,0.0
C1__baldwinian__s11,C1__baldwinian,C1,C1,baldwinian,11,1050,train,33,2.909090909090909,9,13,150.95985660546762,0.6666666666666666,0.5,138.0,127.0,133.0,141.0,60.0,43.0,0.0,0.0,25.0,23.0,12.0,8.0,15.0,7.0,0.0,0.0,0.0,0.0,12.0,8.0,0.0,0.0,0.0,0.0
C1__baldwinian__s11,C1__baldwinian,C1,C1,baldwinian,11,1100,train,43,3.2093023255813953,28,18,61.765423947163555,0.875,0.5,113.0,147.0,160.0,161.0,47.0,59.0,0.0,0.0,17.0,18.0,21.0,23.0,18.0,17.0,0.0,0.0,0.0,0.0,21.0,23.0,0.0,0.0,0.0,0.0
C1__baldwinian__s11,C1__baldwinian,C1,C1,baldwinian,11,1150,train,33,3.393939393939394,9,19,106.73960832449566,0.8125,0.5,84.0,91.0,118.0,160.0,44.0,39.0,0.0,0.0,12.0,20.0,16.0,17.0,14.0,12.0,0.0,0.0,0.0,0.0,16.0,17.0,0.0,0.0,0.0,0.0
C1__baldwinian__s11,C1__baldwinian,C1,C1,baldwinian,11,1200,train,40,3.85,22,15,98.91366685147835,0.7916666666666666,0.5,126.0,115.0,164.0,152.0,40.0,49.0,0.0,0.0,29.0,14.0,14.0,20.0,13.0,17.0,0.0,0.0,0.0,0.0,14.0,20.0,0.0,0.0,0.0,0.0
C1__baldwinian__s11,C1__baldwinian,C1,C1,baldwinian,11,1250,train,50,3.84,16,6,67.80744218706498,0.875,0.5,133.0,145.0,151.0,171.0,16.0,30.0,0.0,0.0,20.0,26.0,25.0,13.0,7.0,14.0,0.0,0.0,0.0,0.0,25.0,13.0,0.0,0.0,0.0,0.0
C1__baldwinian__s11,C1__baldwinian,C1,C1,baldwinian,11,1300,train,50,3.96,12,12,81.60998503981419,0.8125,0.5,229.0,238.0,204.0,228.0,60.0,51.0,0.0,0.0,26.0,24.0,12.0,6.0,18.0,10.0,0.0,0.0,0.0,0.0,12.0,6.0,0.0,0.0,0.0,0.0
C1__baldwinian__s11,C1__baldwinian,C1,C1,baldwinian,11,1350,train,50,4.08,18,18,53.95110529424936,0.9166666666666666,0.5,233.0,203.0,146.0,154.0,77.0,62.0,0.0,0.0,21.0,22.0,20.0,19.0,22.0,11.0,0.0,0.0,0.0,0.0,20.0,19.0,0.0,0.0,0.0,0.0
C1__baldwinian__s11,C1__baldwinian,C1,C1,baldwinian,11,1400,train,48,4.1875,22,24,87.42248600579092,0.8333333333333334,0.5,168.0,191.0,160.0,168.0,78.0,88.0,0.0,0.0,19.0,18.0,18.0,16.0,18.0,13.0,0.0,0.0,0.0,0.0,18.0,16.0,0.0,0.0,0.0,0.0
C1__baldwinian__s11,C1__baldwinian,C1,C1,baldwinian,11,1450,train,48,4.354166666666667,15,15,62.562078682217596,0.9166666666666666,0.5,135.0,151.0,133.0,130.0,61.0,71.0,0.0,0.0,13.0,25.0,9.0,14.0,21.0,14.0,0.0,0.0,0.0,0.0,9.0,14.0,0.0,0.0,0.0,0.0
C1__baldwinian__s11,C1__baldwinian,C1,C1,baldwinian,11,1500,train,49,4.877551020408164,21,20,65.46808512268737,0.875,0.5,209.0,177.0,119.0,140.0,66.0,51.0,0.0,0.0,16.0,20.0,14.0,17.0,15.0,15.0,0.0,0.0,0.0,0.0,14.0,17.0,0.0,0.0,0.0,0.0
C1__baldwinian__s11,C1__baldwinian,C1,C1,baldwinian,11,1550,eval,39,4.589743589743589,18,28,168.20552340928944,0.625,0.5,171.0,149.0,233.0,235.0,8.0,7.0,3.0,4.0,22.0,13.0,21.0,22.0,2.0,4.0,0.0,3.0,0.0,0.0,21.0,22.0,0.0,0.0,0.0,3.0
C1__baldwinian__s11,C1__baldwinian,C1,C1,baldwinian,11,1600,eval,47,4.851063829787234,34,26,170.07091481380738,0.625,0.5,186.0,205.0,184.0,185.0,33.0,20.0,16.0,17.0,4.0,21.0,20.0,21.0,4.0,2.0,5.0,4.0,0.0,0.0,20.0,21.0,0.0,0.0,5.0,4.0
C1__baldwinian__s11,C1__baldwinian,C1,C1,baldwinian,11,1650,eval,50,4.9,19,16,145.69804560264694,0.625,0.5,234.0,208.0,247.0,272.0,60.0,48.0,76.0,68.0,17.0,12.0,19.0,16.0,10.0,5.0,7.0,5.0,0.0,0.0,19.0,16.0,0.0,0.0,7.0,5.0
C1__baldwinian__s11,C1__baldwinian,C1,C1,baldwinian,11,1700,eval,50,4.84,9,9,136.9800886016606,0.6458333333333334,0.5,249.0,249.0,184.0,216.0,78.0,86.0,57.0,61.0,12.0,20.0,20.0,18.0,2.0,9.0,5.0,2.0,0.0,0.0,20.0,18.0,0.0,0.0,5.0,2.0
C1__baldwinian__s11,C1__baldwinian,C1,C1,baldwinian,11,1750,eval,50,5.06,17,17,166.73035373830382,0.6041666666666666,0.5,139.0,157.0,146.0,156.0,82.0,60.0,98.0,95.0,9.0,11.0,14.0,8.0,9.0,10.0,11.0,10.0,0.0,0.0,14.0,8.0,0.0,0.0,11.0,10.0
C1__baldwinian__s11,C1__baldwinian,C1,C1,baldwinian,11,1800,eval,50,5.04,14,14,168.8757383148498,0.625,0.5,145.0,156.0,171.0,199.0,36.0,42.0,76.0,66.0,22.0,18.0,12.0,7.0,1.0,5.0,2.0,4.0,0.0,0.0,12.0,7.0,0.0,0.0,2.0,4.0
C1__baldwinian__s12,C1__baldwinian,C1,C1,baldwinian,12,50,train,50,0.74,34,4,59.47072570091417,0.9375,0.5,93.0,88.0,92.0,107.0,50.0,45.0,0.0,0.0,25.0,25.0,17.0,20.0,12.0,15.0,0.0,0.0,0.0,0.0,17.0,20.0,0.0,0.0,0.0,0.0
C1__baldwinian__s12,C1__baldwinian,C1,C1,baldwinian,12,100,train,50,0.86,13,13,70.22901760364829,0.8541666666666666,0.5,202.0,215.0,121.0,125.0,39.0,50.0,0.0,0.0,18.0,33.0,13.0,14.0,7.0,12.0,0.0,0.0,0.0,0.0,13.0,14.0,0.0,0.0,0.0,0.0
C1__baldwinian__s12,C1__baldwinian,C1,C1,baldwinian,12,150,train,50,0.94,16,16,103.65377203936325,0.75,0.5,143.0,141.0,184.0,204.0,105.0,98.0,0.0,0.0,14.0,24.0,18.0,28.0,10.0,11.0,0.0,0.0,0.0,0.0,18.0,28.0,0.0,0.0,0.0,0.0
C1__baldwinian__s12,C1__baldwinian,C1,C1,baldwinian,12,200,train,49,1.1020408163265305,16,17,69.25627939974585,0.875,0.5,198.0,171.0,144.0,141.0,67.0,66.0,0.0,0.0,20.0,22.0,15.0,24.0,15.0,9.0,0.0,0.0,0.0,0.0,15.0,24.0,0.0,0.0,0.0,0.0
C1__baldwinian__s12,C1__baldwinian,C1,C1,baldwinian,12,250,train,50,1.34,18,17,54.080744671212315,0.8958333333333334,0.5,205.0,201.0,200.0,211.0,92.0,81.0,0.0,0.0,17.0,37.0,21.0,19.0,13.0,8.0,0.0,0.0,0.0,0.0,21.0,19.0,0.0,0.0,0.0,0.0
C1__baldwinian__s12,C1__baldwinian,C1,C1,baldwinian,12,300,train,50,1.34,15,15,74.53182126177842,0.8958333333333334,0.5,163.0,177.0,225.0,217.0,100.0,72.0,0.0,0.0,20.0,19.0,23.0,20.0,13.0,6.0,0.0,0.0,0.0,0.0,23.0,20.0,0.0,0.0,0.0,0.0
C1__baldwinian__s12,C1__baldwinian,C1,C1,baldwinian,12,350,train,50,1.38,22,22,99.07944108385068,0.7916666666666666,0.5,164.0,174.0,181.0,204.0,93.0,119.0,0.0,0.0,19.0,18.0,25.0,17.0,8.0,8.0,0.0,0.0,0.0,0.0,25.0,17.0,0.0,0.0,0.0,0.0
C1__baldwinian__s12,C1__baldwinian,C1,C1,baldwinian,12,400,train,50,1.46,13,13,72.43769786852347,0.8958333333333334,0.5,152.0,174.0,227.0,216.0,56.0,62.0,0.0,0.0,15.0,15.0,23.0,24.0,16.0,13.0,0.0,0.0,0.0,0.0,23.0,24.0,0.0,0.0,0.0,0.0
C1__baldwinian__s12,C1__baldwinian,C1,C1,baldwinian,12,450,train,49,1.4081632653061225,16,17,83.16100128609747,0.75,0.5,239.0,266.0,220.0,218.0,60.0,73.0,0.0,0.0,25.0,24.0,16.0,16.0,13.0,9.0,0.0,0.0,0.0,0.0,16.0,16.0,0.0,0.0,0.0,0.0
C1__baldwinian__s12,C1__baldwinian,C1,C1,baldwinian,12,500,train,49,1.6122448979591837,17,17,89.35882997455684,0.75,0.5,262.0,222.0,231.0,229.0,59.0,55.0,0.0,0.0,24.0,16.0,16.0,17.0,7.0,13.0,0.0,0.0,0.0,0.0,16.0,17.0,0.0,0.0,0.0,0.0
C1__baldwinian__s12,C1__baldwinian,C1,C1,baldwinian,12,550,train,50,1.86,22,21,67.51222624302757,0.875,0.5,136.0,157.0,208.0,199.0,84.0,81.0,0.0,0.0,22.0,24.0,18.0,17.0,10.0,11.0,0.0,0.0,0.0,0.0,18.0,17.0,0.0,0.0,0.0,0.0
C1__baldwinian__s12,C1__baldwinian,C1,C1,baldwinian,12,600,train,50,1.92,16,16,79.76823535138537,0.8541666666666666,0.5,173.0,177.0,138.0,161.0,106.0,100.0,0.0,0.0,16.0,26.0,14.0,13.0,13.0,11.0,0.0,0.0,0.0,0.0,14.0,13.0,0.0,0.0,0.0,0.0
C1__baldwinian__s12,C1__baldwinian,C1,C1,baldwinian,12,650,train,50,2.06,19,19,83.34179363566693,0.8333333333333334,0.5,154.0,181.0,183.0,162.0,38.0,40.0,0.0,0.0,19.0,26.0,22.0,16.0,5.0,13.0,0.0,0.0,0.0,0.0,22.0,16.0,0.0,0.0,0.0,0.0
C1__baldwinian__s12,C1__baldwinian,C1,C1,baldwinian,12,700,train,50,2.3,18,18,46.99870847941254,0.9166666666666666,0.5,190.0,187.0,259.0,237.0,47.0,51.0,0.0,0.0,23.0,23.0,24.0,22.0,12.0,15.0,0.0,0.0,0.0,0.0,24.0,22.0,0.0,0.0,0.0,0.0
C1__baldwinian__s12,C1__baldwinian,C1,C1,baldwinian,12,750,train,50,2.24,19,19,119.2796193331745,0.6875,0.5,129.0,128.0,191.0,193.0,24.0,24.0,0.0,0.0,15.0,19.0,17.0,16.0,6.0,8.0,0.0,0.0,0.0,0.0,17.0,16.0,0.0,0.0,0.0,0.0
C1__baldwinian__s12,C1__baldwinian,C1,C1,baldwinian,12,800,train,50,2.24,16,16,105.62740366806628,0.7916666666666666,0.5,169.0,159.0,180.0,168.0,63.0,50.0,0.0,0.0,13.0,16.0,27.0,18.0,20.0,4.0,0.0,0.0,0.0,0.0,27.0,18.0,0.0,0.0,0.0,0.0
C1__baldwinian__s12,C1__baldwinian,C1,C1,baldwinian,12,850,train,50,2.28,17,17,92.31067064403359,0.7708333333333334,0.5,214.0,208.0,166.0,166.0,50.0,59.0,0.0,0.0,23.0,25.0,13.0,17.0,12.0,16.0,0.0,0.0,0.0,0.0,13.0,17.0,0.0,0.0,0.0,0.0
C1__baldwinian__s12,C1__baldwinian,C1,C1,baldwinian,12,900,train,50,2.28,11,11,77.5924312734951,0.8125,0.5,254.0,232.0,238.0,228.0,47.0,48.0,0.0,0.0,27.0,17.0,15.0,23.0,18.0,10.0,0.0,0.0,0.0,0.0,15.0,23.0,0.0,0.0,0.0,0.0
C1__baldwinian__s12,C1__baldwinian,C1,C1,baldwinian,12,950,train,50,2.5,10,10,70.93701157489176,0.8541666666666666,0.5,284.0,316.0,263.0,209.0,45.0,48.0,0.0,0.0,23.0,18.0,22.0,14.0,11.0,11.0,0.0,0.0,0.0,0.0,22.0,14.0,0.0,0.0,0.0,0.0
C1__baldwinian__s12,C1__baldwinian,C1,C1,baldwinian,12,1000,train,50,2.78,18,18,61.230640563963384,0.8958333333333334,0.5,264.0,291.0,250.0,245.0,58.0,53.0,0.0,0.0,25.0,20.0,31.0,19.0,17.0,7.0,0.0,0.0,0.0,0.0,31.0,19.0,0.0,0.0,0.0,0.0
C1__baldwinian__s12,C1__baldwinian,C1,C1,baldwinian,12,1050,train,50,2.98,13,13,124.74921326661354,0.6875,0.5,249.0,230.0,173.0,173.0,26.0,29.0,0.0,0.0,22.0,14.0,19.0,14.0,8.0,10.0,0.0,0.0,0.0,0.0,19.0,14.0,0.0,0.0,0.0,0.0
C1__baldwinian__s12,C1__baldwinian,C1,C1,baldwinian,12,1100,train,50,2.9,19,19,86.43062682078661,0.8333333333333334,0.5,257.0,257.0,234.0,251.0,27.0,20.0,0.0,0.0,29.0,22.0,23.0,22.0,8.0,5.0,0.0,0.0,0.0,0.0,23.0,22.0,0.0,0.0,0.0,0.0
C1__baldwinian__s12,C1__baldwinian,C1,C1,baldwinian,12,1150,train,50,3.04,15,15,78.38557500036485,0.7916666666666666,0.5,235.0,218.0,187.0,190.0,41.0,44.0,0.0,0.0,26.0,11.0,13.0,21.0,13.0,19.0,0.0,0.0,0.0,0.0,13.0,21.0,0.0,0.0,0.0,0.0
C1__baldwinian__s12,C1__baldwinian,C1,C1,baldwinian,12,1200,train,50,3.24,19,19,80.61269484606994,0.8541666666666666,0.5,264.0,263.0,223.0,235.0,83.0,64.0,0.0,0.0,24.0,22.0,17.0,18.0,16.0,14.0,0.0,0.0,0.0,0.0,17.0,18.0,0.0,0.0,0.0,0.0
C1__baldwinian__s12,C1__baldwinian,C1,C1,baldwinian,12,1250,train,50,3.12,14,14,80.06111369975055,0.8333333333333334,0.5,271.0,243.0,227.0,221.0,41.0,37.0,0.0,0.0,26.0,23.0,19.0,16.0,14.0,13.0,0.0,0.0,0.0,0.0,19.0,16.0,0.0,0.0,0.0,0.0
C1__baldwinian__s12,C1__baldwinian,C1,C1,baldwinian,12,1300,train,50,3.3,28,28,69.69310635543842,0.875,0.5,235.0,224.0,189.0,196.0,68.0,60.0,0.0,0.0,17.0,20.0,22.0,28.0,16.0,16.0,0.0,0.0,0.0,0.0,22.0,28.0,0.0,0.0,0.0,0.0
C1__baldwinian__s12,C1__baldwinian,C1,C1,baldwinian,12,1350,train,50,3.72,15,15,112.86108853353309,0.8125,0.5,148.0,142.0,225.0,247.0,53.0,59.0,0.0,0.0,15.0,17.0,16.0,16.0,8.0,15.0,0.0,0.0,0.0,0.0,16.0,16.0,0.0,0.0,0.0,0.0
C1__baldwinian__s12,C1__baldwinian,C1,C1,baldwinian,12,1400,train,50,4.24,22,22,81.63540838616579,0.7708333333333334,0.5,162.0,192.0,193.0,165.0,42.0,33.0,0.0,0.0,16.0,26.0,24.0,21.0,2.0,10.0,0.0,0.0,0.0,0.0,24.0,21.0,0.0,0.0,0.0,0.0
C1__baldwinian__s12,C1__baldwinian,C1,C1,baldwinian,12,1450,train,50,4.18,21,21,78.84284778888215,0.8125,0.5,208.0,179.0,211.0,219.0,91.0,106.0,0.0,0.0,22.0,19.0,23.0,15.0,9.0,13.0,0.0,0.0,0.0,0.0,23.0,15.0,0.0,0.0,0.0,0.0
C1__baldwinian__s12,C1__baldwinian,C1,C1,baldwinian,12,1500,train,50,4.22,14,14,105.12464463484,0.7916666666666666,0.5,233.0,253.0,247.0,228.0,75.0,89.0,0.0,0.0,25.0,28.0,14.0,15.0,9.0,9.0,0.0,0.0,0.0,0.0,14.0,15.0,0.0,0.0,0.0,0.0
C1__baldwinian__s12,C1__baldwinian,C1,C1,baldwinian,12,1550,eval,50,4.48,15,15,125.80231506550709,0.6666666666666666,0.5,251.0,236.0,195.0,228.0,70.0,77.0,41.0,36.0,7.0,22.0,12.0,24.0,10.0,8.0,0.0,1.0,0.0,0.0,12.0,24.0,0.0,0.0,0.0,1.0
C1__baldwinian__s12,C1__baldwinian,C1,C1,baldwinian,12,1600,eval,50,4.58,20,20,114.85902538042461,0.7291666666666666,0.5,252.0,274.0,282.0,266.0,68.0,55.0,71.0,65.0,17.0,22.0,19.0,11.0,3.0,5.0,8.0,6.0,0.0,0.0,19.0,11.0,0.0,0.0,8.0,6.0
C1__baldwinian__s12,C1__baldwinian,C1,C1,baldwinian,12,1650,eval,50,4.74,9,9,112.86238106599151,0.6666666666666666,0.5,202.0,237.0,326.0,319.0,59.0,48.0,69.0,58.0,23.0,22.0,13.0,13.0,4.0,5.0,4.0,3.0,0.0,0.0,13.0,13.0,0.0,0.0,4.0,3.0
C1__baldwinian__s12,C1__baldwinian,C1,C1,baldwinian,12,1700,eval,50,4.74,13,13,136.61274070627633,0.5625,0.5,272.0,295.0,259.0,224.0,53.0,62.0,100.0,105.0,15.0,28.0,12.0,14.0,4.0,1.0,6.0,3.0,0.0,0.0,12.0,14.0,0.0,0.0,6.0,3.0
C1__baldwinian__s12,C1__baldwinian,C1,C1,baldwinian,12,1750,eval,50,5.0,14,14,169.483820791437,0.5625,0.5,173.0,180.0,252.0,261.0,100.0,103.0,75.0,74.0,14.0,10.0,14.0,12.0,9.0,6.0,3.0,10.0,0.0,0.0,14.0,12.0,0.0,0.0,3.0,10.0
C1__baldwinian__s12,C1__baldwinian,C1,C1,baldwinian,12,1800,eval,50,5.28,9,9,157.60147061393636,0.4791666666666667,0.5,271.0,263.0,253.0,278.0,100.0,112.0,72.0,93.0,13.0,17.0,11.0,11.0,9.0,6.0,5.0,6.0,0.0,0.0,11.0,11.0,0.0,0.0,5.0,6.0
C1__baldwinian__s13,C1__baldwinian,C1,C1,baldwinian,13,50,train,50,0.7,36,6,70.44974680592522,0.8541666666666666,0.5,103.0,112.0,120.0,130.0,43.0,33.0,0.0,0.0,15.0,22.0,22.0,24.0,6.0,5.0,0.0,0.0,0.0,0.0,22.0,24.0,0.0,0.0,0.0,0.0
C1__baldwinian__s13,C1__baldwinian,C1,C1,baldwinian,13,100,train,50,0.86,14,14,69.01674572987068,0.8541666666666666,0.5,182.0,161.0,109.0,128.0,18.0,18.0,0.0,0.0,20.0,20.0,13.0,17.0,6.0,9.0,0.0,0.0,0.0,0.0,13.0,17.0,0.0,0.0,0.0,0.0
C1__baldwinian__s13,C1__baldwinian,C1,C1,baldwinian,13,150,train,50,1.0,15,15,37.053101567374064,0.9791666666666666,0.5,239.0,227.0,223.0,253.0,25.0,31.0,0.0,0.0,36.0,27.0,23.0,15.0,8.0,5.0,0.0,0.0,0.0,0.0,23.0,15.0,0.0,0.0,0.0,0.0
C1__baldwinian__s13,C1__baldwinian,C1,C1,baldwinian,13,200,train,50,1.02,19,19,82.31072458192489,0.8125,0.5,189.0,203.0,195.0,225.0,60.0,49.0,0.0,0.0,20.0,22.0,14.0,24.0,5.0,4.0,0.0,0.0,0.0,0.0,14.0,24.0,0.0,0.0,0.0,0.0
C1__baldwinian__s13,C1__baldwinian,C1,C1,baldwinian,13,250,train,50,1.08,19,19,75.42257012743198,0.8125,0.5,232.0,250.0,170.0,173.0,59.0,67.0,0.0,0.0,27.0,29.0,13.0,14.0,9.0,7.0,0.0,0.0,0.0,0.0,13.0,14.0,0.0,0.0,0.0,0.0
C1__baldwinian__s13,C1__baldwinian,C1,C1,baldwinian,13,300,train,50,1.04,12,12,127.32609738535552,0.7291666666666666,0.5,188.0,212.0,242.0,225.0,38.0,46.0,0.0,0.0,22.0,14.0,22.0,15.0,10.0,5.0,0.0,0.0,0.0,0.0,22.0,15.0,0.0,0.0,0.0,0.0
C1__baldwinian__s13,C1__baldwinian,C1,C1,baldwinian,13,350,train,50,0.92,21,21,102.22184969312465,0.75,0.5,302.0,255.0,318.0,311.0,34.0,34.0,0.0,0.0,19.0,16.0,23.0,26.0,10.0,8.0,0.0,0.0,0.0,0.0,23.0,26.0,0.0,0.0,0.0,0.0
C1__baldwinian__s13,C1__baldwinian,C1,C1,baldwinian,13,400,train,50,0.9,11,11,79.93259449890508,0.8958333333333334,0.5,331.0,343.0,301.0,263.0,38.0,25.0,0.0,0.0,30.0,25.0,19.0,19.0,12.0,5.0,0.0,0.0,0.0,0.0,19.0,19.0,0.0,0.0,0.0,0.0
C1__baldwinian__s13,C1__baldwinian,C1,C1,baldwinian,13,450,train,50,0.9,13,13,80.52139226586696,0.7916666666666666,0.5,285.0,225.0,262.0,247.0,39.0,39.0,0.0,0.0,25.0,15.0,16.0,20.0,10.0,8.0,0.0,0.0,0.0,0.0,16.0,20.0,0.0,0.0,0.0,0.0
C1__baldwinian__s13,C1__baldwinian,C1,C1,baldwinian,13,500,train,50,1.3,21,21,89.90391054511542,0.7291666666666666,0.5,262.0,298.0,353.0,346.0,37.0,28.0,0.0,0.0,25.0,18.0,22.0,15.0,14.0,8.0,0.0,0.0,0.0,0.0,22.0,15.0,0.0,0.0,0.0,0.0
C1__baldwinian__s13,C1__baldwinian,C1,C1,baldwinian,13,550,train,50,1.74,21,21,69.8594449547671,0.875,0.5,189.0,183.0,224.0,229.0,29.0,33.0,0.0,0.0,21.0,23.0,19.0,16.0,7.0,9.0,0.0,0.0,0.0,0.0,19.0,16.0,0.0,0.0,0.0,0.0
C1__baldwinian__s13,C1__baldwinian,C1,C1,baldwinian,13,600,train,50,1.84,21,21,63.516191357919574,0.8958333333333334,0.5,166.0,163.0,223.0,201.0,65.0,58.0,0.0,0.0,21.0,19.0,22.0,20.0,13.0,9.0,0.0,0.0,0.0,0.0,22.0,20.0,0.0,0.0,0.0,0.0
C1__baldwinian__s13,C1__baldwinian,C1,C1,baldwinian,13,650,train,50,1.9,11,11,84.8036841135312,0.7708333333333334,0.5,170.0,190.0,207.0,213.0,25.0,32.0,0.0,0.0,21.0,13.0,12.0,8.0,8.0,11.0,0.0,0.0,0.0,0.0,12.0,8.0,0.0,0.0,0.0,0.0
C1__baldwinian__s13,C1__baldwinian,C1,C1,baldwinian,13,700,train,50,1.88,20,20,66.59362410575837,0.8958333333333334,0.5,284.0,298.0,287.0,284.0,20.0,22.0,0.0,0.0,26.0,20.0,27.0,21.0,5.0,10.0,0.0,0.0,0.0,0.0,27.0,21.0,0.0,0.0,0.0,0.0
C1__baldwinian__s13,C1__baldwinian,C1,C1,baldwinian,13,750,train,50,1.96,22,22,61.36293505922237,0.9375,0.5,241.0,225.0,209.0,258.0,44.0,35.0,0.0,0.0,36.0,26.0,17.0,10.0,8.0,12.0,0.0,0.0,0.0,0.0,17.0,10.0,0.0,0.0,0.0,0.0
C1__baldwinian__s13,C1__baldwinian,C1,C1,baldwinian,13,800,train,50,1.92,18,18,43.137453284452135,0.9791666666666666,0.5,225.0,234.0,221.0,197.0,20.0,25.0,0.0,0.0,31.0,30.0,20.0,18.0,7.0,8.0,0.0,0.0,0.0,0.0,20.0,18.0,0.0,0.0,0.0,0.0
C1__baldwinian__s13,C1__baldwinian,C1,C1,baldwinian,13,850,train,49,2.3877551020408165,24,25,60.346366277798595,0.8958333333333334,0.5,173.0,185.0,226.0,240.0,28.0,32.0,0.0,0.0,18.0,25.0,22.0,17.0,10.0,6.0,0.0,0.0,0.0,0.0,22.0,17.0,0.0,0.0,0.0,0.0
C1__baldwinian__s13,C1__baldwinian,C1,C1,baldwinian,13,900,train,48,2.5625,23,24,73.33159781921728,0.8958333333333334,0.5,245.0,205.0,212.0,214.0,27.0,35.0,0.0,0.0,17.0,25.0,19.0,15.0,9.0,12.0,0.0,0.0,0.0,0.0,19.0,15.0,0.0,0.0,0.0,0.0
C1__baldwinian__s13,C1__baldwinian,C1,C1,baldwinian,13,950,train,46,2.869565217391304,15,17,122.95097979852855,0.7083333333333334,0.5,194.0,134.0,273.0,271.0,28.0,23.0,0.0,0.0,18.0,17.0,22.0,23.0,8.0,2.0,0.0,0.0,0.0,0.0,22.0,23.0,0.0,0.0,0.0,0.0
C1__baldwinian__s13,C1__baldwinian,C1,C1,baldwinian,13,1000,train,46,3.0869565217391304,22,22,69.4588385330576,0.8958333333333334,0.5,177.0,181.0,246.0,251.0,80.0,71.0,0.0,0.0,19.0,21.0,25.0,27.0,8.0,13.0,0.0,0.0,0.0,0.0,25.0,27.0,0.0,0.0,0.0,0.0
C1__baldwinian__s13,C1__baldwinian,C1,C1,baldwinian,13,1050,train,50,3.28,20,16,62.98298031918506,0.875,0.5,240.0,250.0,220.0,236.0,90.0,78.0,0.0,0.0,18.0,33.0,21.0,19.0,15.0,9.0,0.0,0.0,0.0,0.0,21.0,19.0,0.0,0.0,0.0,0.0
C1__baldwinian__s13,C1__baldwinian,C1,C1,baldwinian,13,1100,train,45,3.4,12,17,93.5925991608068,0.8125,0.5,173.0,177.0,151.0,152.0,60.0,54.0,0.0,0.0,22.0,31.0,13.0,17.0,4.0,3.0,0.0,0.0,0.0,0.0,13.0,17.0,0.0,0.0,0.0,0.0
C1__baldwinian__s13,C1__baldwinian,C1,C1,baldwinian,13,1150,train,33,3.393939393939394,12,24,70.23968383670197,0.8541666666666666,0.5,179.0,198.0,147.0,165.0,35.0,36.0,0.0,0.0,31.0,20.0,17.0,18.0,6.0,9.0,0.0,0.0,0.0,0.0,17.0,18.0,0.0,0.0,0.0,0.0
C1__baldwinian__s13,C1__baldwinian,C1,C1,baldwinian,13,1200,train,38,3.5789473684210527,21,16,117.93403138898894,0.7916666666666666,0.5,168.0,165.0,171.0,185.0,30.0,18.0,0.0,0.0,18.0,16.0,24.0,16.0,6.0,5.0,0.0,0.0,0.0,0.0,24.0,16.0,0.0,0.0,0.0,0.0
C1__baldwinian__s13,C1__baldwinian,C1,C1,baldwinian,13,1250,train,50,4.1,23,11,100.2832663702707,0.7708333333333334,0.5,208.0,212.0,170.0,153.0,53.0,59.0,0.0,0.0,26.0,30.0,16.0,16.0,2.0,7.0,0.0,0.0,0.0,0.0,16.0,16.0,0.0,0.0,0.0,0.0
C1__baldwinian__s13,C1__baldwinian,C1,C1,baldwinian,13,1300,train,50,4.4,17,17,76.40646414415176,0.8541666666666666,0.5,159.0,148.0,152.0,160.0,76.0,83.0,0.0,0.0,20.0,16.0,20.0,16.0,8.0,11.0,0.0,0.0,0.0,0.0,20.0,16.0,0.0,0.0,0.0,0.0
C1__baldwinian__s13,C1__baldwinian,C1,C1,baldwinian,13,1350,train,50,4.42,17,17,101.3613179923303,0.7291666666666666,0.5,225.0,202.0,213.0,207.0,55.0,50.0,0.0,0.0,20.0,23.0,19.0,27.0,9.0,5.0,0.0,0.0,0.0,0.0,19.0,27.0,0.0,0.0,0.0,0.0
C1__baldwinian__s13,C1__baldwinian,C1,C1,baldwinian,13,1400,train,50,4.56,26,26,103.112648213993,0.7708333333333334,0.5,200.0,197.0,220.0,187.0,30.0,51.0,0.0,0.0,20.0,28.0,18.0,22.0,7.0,2.0,0.0,0.0,0.0,0.0,18.0,22.0,0.0,0.0,0.0,0.0
C1__baldwinian__s13,C1__baldwinian,C1,C1,baldwinian,13,1450,train,50,4.72,14,14,104.6345313904603,0.7916666666666666,0.5,181.0,188.0,214.0,195.0,46.0,50.0,0.0,0.0,23.0,31.0,22.0,12.0,9.0,6.0,0.0,0.0,0.0,0.0,22.0,12.0,0.0,0.0,0.0,0.0
C1__baldwinian__s13,C1__baldwinian,C1,C1,baldwinian,13,1500,train,47,4.872340425531915,13,16,56.561518100232135,0.9166666666666666,0.5,287.0,279.0,161.0,152.0,64.0,67.0,0.0,0.0,26.0,31.0,23.0,18.0,11.0,3.0,0.0,0.0,0.0,0.0,23.0,18.0,0.0,0.0,0.0,0.0
C1__baldwinian__s13,C1__baldwinian,C1,C1,baldwinian,13,1550,eval,50,5.28,25,22,140.70735621248792,0.6666666666666666,0.5,280.0,287.0,167.0,208.0,34.0,38.0,62.0,64.0,18.0,22.0,17.0,16.0,4.0,1.0,2.0,0.0,0.0,0.0,17.0,16.0,0.0,0.0,2.0,0.0
C1__baldwinian__s13,C1__baldwinian,C1,C1,baldwinian,13,1600,eval,50,5.14,20,20,90.26795700364218,0.8125,0.5,264.0,266.0,225.0,229.0,30.0,30.0,54.0,54.0,31.0,17.0,21.0,15.0,4.0,6.0,2.0,4.0,0.0,0.0,21.0,15.0,0.0,0.0,2.0,4.0
C1__baldwinian__s13,C1__baldwinian,C1,C1,baldwinian,13,1650,eval,50,5.24,26,26,63.276945088527505,0.9166666666666666,0.5,289.0,273.0,360.0,386.0,35.0,23.0,27.0,22.0,19.0,23.0,32.0,31.0,7.0,1.0,2.0,1.0,0.0,0.0,32.0,31.0,0.0,0.0,2.0,1.0
C1__baldwinian__s13,C1__baldwinian,C1,C1,baldwinian,13,1700,eval,50,5.42,18,18,199.899131064873,0.4791666666666667,0.5,225.0,194.0,330.0,338.0,61.0,67.0,16.0,7.0,19.0,11.0,15.0,27.0,2.0,4.0,0.0,1.0,0.0,0.0,15.0,27.0,0.0,0.0,0.0,1.0
C1__baldwinian__s13,C1__baldwinian,C1,C1,baldwinian,13,1750,eval,50,5.44,6,6,202.04207769138478,0.4375,0.5,312.0,321.0,311.0,282.0,96.0,115.0,46.0,42.0,28.0,9.0,18.0,8.0,8.0,4.0,5.0,3.0,0.0,0.0,18.0,8.0,0.0,0.0,5.0,3.0
C1__baldwinian__s13,C1__baldwinian,C1,C1,baldwinian,13,1800,eval,50,5.64,12,12,166.16446928773843,0.5625,0.5,254.0,260.0,330.0,338.0,44.0,37.0,51.0,46.0,14.0,17.0,21.0,12.0,4.0,5.0,3.0,2.0,0.0,0.0,21.0,12.0,0.0,0.0,3.0,2.0
C1__baldwinian__s14,C1__baldwinian,C1,C1,baldwinian,14,50,train,50,0.78,33,3,69.51196469880617,0.875,0.5,86.0,77.0,91.0,112.0,69.0,72.0,0.0,0.0,21.0,21.0,16.0,22.0,15.0,20.0,0.0,0.0,0.0,0.0,16.0,22.0,0.0,0.0,0.0,0.0
C1__baldwinian__s14,C1__baldwinian,C1,C1,baldwinian,14,100,train,50,0.84,15,15,50.99064724571356,0.9166666666666666,0.5,133.0,130.0,179.0,184.0,65.0,68.0,0.0,0.0,14.0,17.0,28.0,17.0,8.0,15.0,0.0,0.0,0.0,0.0,28.0,17.0,0.0,0.0,0.0,0.0
C1__baldwinian__s14,C1__baldwinian,C1,C1,baldwinian,14,150,train,50,0.82,15,15,103.39740107957186,0.8125,0.5,161.0,142.0,220.0,186.0,86.0,87.0,0.0,0.0,8.0,27.0,14.0,10.0,17.0,22.0,0.0,0.0,0.0,0.0,14.0,10.0,0.0,0.0,0.0,0.0
C1__baldwinian__s14,C1__baldwinian,C1,C1,baldwinian,14,200,train,50,0.92,16,16,105.48519343733732,0.8333333333333334,0.5,262.0,227.0,223.0,220.0,64.0,47.0,0.0,0.0,20.0,21.0,22.0,14.0,19.0,24.0,0.0,0.0,0.0,0.0,22.0,14.0,0.0,0.0,0.0,0.0
C1__baldwinian__s14,C1__baldwinian,C1,C1,baldwinian,14,250,train,50,1.04,16,16,97.24506527450546,0.7708333333333334,0.5,213.0,231.0,196.0,165.0,53.0,48.0,0.0,0.0,24.0,17.0,20.0,14.0,11.0,12.0,0.0,0.0,0.0,0.0,20.0,14.0,0.0,0.0,0.0,0.0
C1__baldwinian__s14,C1__baldwinian,C1,C1,baldwinian,14,300,train,50,1.06,13,13,81.35301953557416,0.8125,0.5,222.0,214.0,207.0,239.0,111.0,130.0,0.0,0.0,20.0,21.0,9.0,24.0,19.0,23.0,0.0,0.0,0.0,0.0,9.0,24.0,0.0,0.0,0.0,0.0
C1__baldwinian__s14,C1__baldwinian,C1,C1,baldwinian,14,350,train,50,1.06,16,16,96.12216558851073,0.75,0.5,192.0,184.0,241.0,242.0,55.0,50.0,0.0,0.0,19.0,9.0,27.0,24.0,13.0,10.0,0.0,0.0,0.0,0.0,27.0,24.0,0.0,0.0,0.0,0.0
C1__baldwinian__s14,C1__baldwinian,C1,C1,baldwinian,14,400,train,50,1.28,16,16,108.8892152194167,0.75,0.5,173.0,209.0,221.0,216.0,92.0,73.0,0.0,0.0,10.0,12.0,22.0,11.0,22.0,7.0,0.0,0.0,0.0,0.0,22.0,11.0,0.0,0.0,0.0,0.0
C1__baldwinian__s14,C1__baldwinian,C1,C1,baldwinian,14,450,train,50,1.3,14,14,78.0780115964662,0.8333333333333334,0.5,245.0,260.0,228.0,252.0,107.0,125.0,0.0,0.0,19.0,12.0,17.0,20.0,17.0,12.0,0.0,0.0,0.0,0.0,17.0,20.0,0.0,0.0,0.0,0.0
C1__baldwinian__s14,C1__baldwinian,C1,C1,baldwinian,14,500,train,50,1.56,24,24,102.7849660885373,0.7916666666666666,0.5,215.0,250.0,331.0,319.0,88.0,80.0,0.0,0.0,17.0,16.0,18.0,24.0,14.0,7.0,0.0,0.0,0.0,0.0,18.0,24.0,0.0,0.0,0.0,0.0
C1__baldwinian__s14,C1__baldwinian,C1,C1,baldwinian,14,550,train,50,1.88,23,23,120.96426655935453,0.6666666666666666,0.5,288.0,282.0,246.0,247.0,76.0,99.0,0.0,0.0,15.0,16.0,22.0,17.0,14.0,14.0,0.0,0.0,0.0,0.0,22.0,17.0,0.0,0.0,0.0,0.0
C1__baldwinian__s14,C1__baldwinian,C1,C1,baldwinian,14,600,train,50,1.9,10,10,101.90281008768369,0.7291666666666666,0.5,206.0,227.0,265.0,242.0,110.0,138.0,0.0,0.0,18.0,19.0,20.0,18.0,13.0,23.0,0.0,0.0,0.0,0.0,20.0,18.0,0.0,0.0,0.0,0.0
C1__baldwinian__s14,C1__baldwinian,C1,C1,baldwinian,14,650,train,50,1.94,13,13,81.25239670664925,0.7916666666666666,0.5,269.0,235.0,225.0,232.0,89.0,71.0,0.0,0.0,20.0,17.0,23.0,18.0,10.0,16.0,0.0,0.0,0.0,0.0,23.0,18.0,0.0,0.0,0.0,0.0
C1__baldwinian__s14,C1__baldwinian,C1,C1,baldwinian,14,700,train,50,1.96,15,15,76.79018811794187,0.8125,0.5,173.0,187.0,272.0,267.0,86.0,95.0,0.0,0.0,10.0,19.0,18.0,16.0,8.0,24.0,0.0,0.0,0.0,0.0,18.0,16.0,0.0,0.0,0.0,0.0
C1__baldwinian__s14,C1__baldwinian,C1,C1,baldwinian,14,750,train,50,1.98,11,11,109.1607699056472,0.6666666666666666,0.5,242.0,234.0,140.0,154.0,74.0,51.0,0.0,0.0,17.0,19.0,13.0,12.0,20.0,14.0,0.0,0.0,0.0,0.0,13.0,12.0,0.0,0.0,0.0,0.0
C1__baldwinian__s14,C1__baldwinian,C1,C1,baldwinian,14,800,train,50,2.2,16,16,105.18942959707697,0.7083333333333334,0.5,211.0,224.0,237.0,233.0,72.0,55.0,0.0,0.0,16.0,17.0,17.0,11.0,18.0,10.0,0.0,0.0,0.0,0.0,17.0,11.0,0.0,0.0,0.0,0.0
C1__baldwinian__s14,C1__baldwinian,C1,C1,baldwinian,14,850,train,50,2.44,17,17,53.96895090261139,0.8958333333333334,0.5,228.0,253.0,192.0,194.0,88.0,92.0,0.0,0.0,18.0,29.0,22.0,16.0,16.0,13.0,0.0,0.0,0.0,0.0,22.0,16.0,0.0,0.0,0.0,0.0
C1__baldwinian__s14,C1__baldwinian,C1,C1,baldwinian,14,900,train,50,2.6,20,20,82.58011741351227,0.8333333333333334,0.5,131.0,140.0,156.0,137.0,77.0,111.0,0.0,0.0,16.0,18.0,15.0,15.0,15.0,18.0,0.0,0.0,0.0,0.0,15.0,15.0,0.0,0.0,0.0,0.0
C1__baldwinian__s14,C1__baldwinian,C1,C1,baldwinian,14,950,train,50,2.48,20,20,83.51257419435822,0.7916666666666666,0.5,162.0,168.0,252.0,219.0,92.0,71.0,0.0,0.0,17.0,14.0,24.0,17.0,16.0,19.0,0.0,0.0,0.0,0.0,24.0,17.0,0.0,0.0,0.0,0.0
C1__baldwinian__s14,C1__baldwinian,C1,C1,baldwinian,14,1000,train,50,2.76,20,20,81.4084787273592,0.8125,0.5,147.0,151.0,233.0,229.0,75.0,72.0,0.0,0.0,16.0,14.0,18.0,18.0,18.0,18.0,0.0,0.0,0.0,0.0,18.0,18.0,0.0,0.0,0.0,0.0
C1__baldwinian__s14,C1__baldwinian,C1,C1,baldwinian,14,1050,train,50,2.9,21,21,69.89490521882003,0.8541666666666666,0.5,250.0,184.0,151.0,159.0,69.0,62.0,0.0,0.0,26.0,19.0,23.0,16.0,7.0,13.0,0.0,0.0,0.0,0.0,23.0,16.0,0.0,0.0,0.0,0.0
C1__baldwinian__s14,C1__baldwinian,C1,C1,baldwinian,14,1100,train,50,3.1,16,16,101.91842429451327,0.7708333333333334,0.5,167.0,166.0,159.0,165.0,87.0,87.0,0.0,0.0,14.0,17.0,14.0,12.0,11.0,15.0,0.0,0.0,0.0,0.0,14.0,12.0,0.0,0.0,0.0,0.0
C1__baldwinian__s14,C1__baldwinian,C1,C1,baldwinian,14,1150,train,50,3.06,11,11,63.83402526952416,0.8958333333333334,0.5,264.0,285.0,127.0,130.0,123.0,110.0,0.0,0.0,16.0,25.0,8.0,14.0,23.0,11.0,0.0,0.0,0.0,0.0,8.0,14.0,0.0,0.0,0.0,0.0
C1__baldwinian__s14,C1__baldwinian,C1,C1,baldwinian,14,1200,train,50,3.26,13,13,103.21390076671545,0.7916666666666666,0.5,176.0,180.0,206.0,195.0,77.0,78.0,0.0,0.0,17.0,24.0,12.0,20.0,15.0,7.0,0.0,0.0,0.0,0.0,12.0,20.0,0.0,0.0,0.0,0.0
C1__baldwinian__s14,C1__baldwinian,C1,C1,baldwinian,14,1250,train,50,3.32,12,12,48.78484763269964,0.9375,0.5,155.0,144.0,122.0,153.0,115.0,118.0,0.0,0.0,28.0,16.0,11.0,26.0,24.0,9.0,0.0,0.0,0.0,0.0,11.0,26.0,0.0,0.0,0.0,0.0
C1__baldwinian__s14,C1__baldwinian,C1,C1,baldwinian,14,1300,train,50,3.34,17,17,58.36457657396298,0.875,0.5,155.0,164.0,141.0,166.0,61.0,59.0,0.0,0.0,14.0,19.0,16.0,15.0,25.0,6.0,0.0,0.0,0.0,0.0,16.0,15.0,0.0,0.0,0.0,0.0
C1__baldwinian__s14,C1__baldwinian,C1,C1,baldwinian,14,1350,train,50,3.42,15,15,74.56394165723482,0.8958333333333334,0.5,182.0,195.0,131.0,138.0,62.0,53.0,0.0,0.0,22.0,25.0,8.0,20.0,20.0,8.0,0.0,0.0,0.0,0.0,8.0,20.0,0.0,0.0,0.0,0.0
C1__baldwinian__s14,C1__baldwinian,C1,C1,baldwinian,14,1400,train,50,3.32,20,20,69.64612838484834,0.8958333333333334,0.5,160.0,151.0,160.0,195.0,88.0,70.0,0.0,0.0,15.0,18.0,17.0,18.0,18.0,13.0,0.0,0.0,0.0,0.0,17.0,18.0,0.0,0.0,0.0,0.0
C1__baldwinian__s14,C1__baldwinian,C1,C1,baldwinian,14,1450,train,50,3.6,21,21,78.79024414168106,0.8541666666666666,0.5,168.0,141.0,133.0,140.0,84.0,84.0,0.0,0.0,26.0,15.0,17.0,14.0,16.0,12.0,0.0,0.0,0.0,0.0,17.0,14.0,0.0,0.0,0.0,0.0
C1__baldwinian__s14,C1__baldwinian,C1,C1,baldwinian,14,1500,train,50,3.84,20,20,138.11898376111486,0.7083333333333334,0.5,120.0,123.0,74.0,88.0,85.0,81.0,0.0,0.0,15.0,13.0,9.0,11.0,10.0,20.0,0.0,0.0,0.0,0.0,9.0,11.0,0.0,0.0,0.0,0.0
C1__baldwinian__s14,C1__baldwinian,C1,C1,baldwinian,14,1550,eval,50,4.18,29,29,118.07253857489718,0.75,0.5,127.0,115.0,112.0,129.0,44.0,29.0,22.0,11.0,16.0,12.0,17.0,12.0,4.0,8.0,4.0,2.0,0.0,0.0,17.0,12.0,0.0,0.0,4.0,2.0
C1__baldwinian__s14,C1__baldwinian,C1,C1,baldwinian,14,1600,eval,50,4.64,22,22,150.4850955210297,0.6666666666666666,0.5,163.0,181.0,172.0,199.0,26.0,29.0,14.0,15.0,13.0,15.0,18.0,18.0,3.0,4.0,5.0,2.0,0.0,0.0,18.0,18.0,0.0,0.0,5.0,2.0
C1__baldwinian__s14,C1__baldwinian,C1,C1,baldwinian,14,1650,eval,50,4.6,18,18,138.01380004445434,0.6458333333333334,0.5,214.0,225.0,216.0,231.0,41.0,42.0,49.0,44.0,20.0,11.0,18.0,21.0,9.0,3.0,10.0,3.0,0.0,0.0,18.0,21.0,0.0,0.0,10.0,3.0
C1__baldwinian__s14,C1__baldwinian,C1,C1,baldwinian,14,1700,eval,50,4.66,14,14,134.57318313718724,0.6875,0.5,217.0,179.0,248.0,280.0,82.0,65.0,58.0,59.0,20.0,12.0,14.0,18.0,12.0,10.0,3.0,3.0,0.0,0.0,14.0,18.0,0.0,0.0,3.0,3.0
C1__baldwinian__s14,C1__baldwinian,C1,C1,baldwinian,14,1750,eval,50,4.72,11,11,150.84456057809172,0.6666666666666666,0.5,221.0,222.0,214.0,227.0,94.0,75.0,69.0,84.0,13.0,8.0,19.0,14.0,7.0,4.0,7.0,5.0,0.0,0.0,19.0,14.0,0.0,0.0,7.0,5.0
C1__baldwinian__s14,C1__baldwinian,C1,C1,baldwinian,14,1800,eval,50,4.72,8,8,148.18070060123955,0.6458333333333334,0.5,271.0,299.0,179.0,198.0,105.0,103.0,41.0,42.0,16.0,17.0,15.0,9.0,6.0,10.0,3.0,6.0,0.0,0.0,15.0,9.0,0.0,0.0,3.0,6.0
C1__baldwinian__s15,C1__baldwinian,C1,C1,baldwinian,15,50,train,50,0.78,34,4,48.62811703963577,0.9583333333333334,0.5,132.0,141.0,106.0,86.0,24.0,28.0,0.0,0.0,34.0,20.0,22.0,32.0,4.0,13.0,0.0,0.0,0.0,0.0,22.0,32.0,0.0,0.0,0.0,0.0
C1__baldwinian__s15,C1__baldwinian,C1,C1,baldwinian,15,100,train,38,0.9736842105263158,6,18,73.39049585833926,0.8541666666666666,0.5,163.0,147.0,204.0,189.0,52.0,45.0,0.0,0.0,22.0,12.0,24.0,23.0,10.0,10.0,0.0,0.0,0.0,0.0,24.0,23.0,0.0,0.0,0.0,0.0
C1__baldwinian__s15,C1__baldwinian,C1,C1,baldwinian,15,150,train,44,1.2727272727272727,18,12,132.2235705719549,0.6875,0.5,175.0,197.0,186.0,161.0,55.0,54.0,0.0,0.0,12.0,29.0,11.0,19.0,11.0,8.0,0.0,0.0,0.0,0.0,11.0,19.0,0.0,0.0,0.0,0.0
C1__baldwinian__s15,C1__baldwinian,C1,C1,baldwinian,15,200,train,46,1.5,20,18,89.34772712322291,0.8541666666666666,0.5,198.0,196.0,195.0,170.0,47.0,41.0,0.0,0.0,33.0,20.0,23.0,22.0,8.0,11.0,0.0,0.0,0.0,0.0,23.0,22.0,0.0,0.0,0.0,0.0
C1__baldwinian__s15,C1__baldwinian,C1,C1,baldwinian,15,250,train,49,1.653061224489796,24,21,52.14154396005182,0.9375,0.5,240.0,211.0,183.0,189.0,33.0,29.0,0.0,0.0,25.0,26.0,23.0,13.0,5.0,5.0,0.0,0.0,0.0,0.0,23.0,13.0,0.0,0.0,0.0,0.0
C1__baldwinian__s15,C1__baldwinian,C1,C1,baldwinian,15,300,train,46,1.7391304347826086,14,17,110.65576578360162,0.7708333333333334,0.5,216.0,194.0,222.0,188.0,36.0,35.0,0.0,0.0,19.0,19.0,17.0,17.0,4.0,6.0,0.0,0.0,0.0,0.0,17.0,17.0,0.0,0.0,0.0,0.0
C1__baldwinian__s15,C1__baldwinian,C1,C1,baldwinian,15,350,train,50,2.06,18,14,57.53445652282795,0.9375,0.5,259.0,270.0,212.0,225.0,25.0,23.0,0.0,0.0,31.0,23.0,17.0,15.0,9.0,6.0,0.0,0.0,0.0,0.0,17.0,15.0,0.0,0.0,0.0,0.0
C1__baldwinian__s15,C1__baldwinian,C1,C1,baldwinian,15,400,train,49,2.142857142857143,25,26,65.34626097584798,0.875,0.5,228.0,251.0,267.0,312.0,48.0,37.0,0.0,0.0,22.0,19.0,26.0,29.0,10.0,5.0,0.0,0.0,0.0,0.0,26.0,29.0,0.0,0.0,0.0,0.0
C1__baldwinian__s15,C1__baldwinian,C1,C1,baldwinian,15,450,train,50,2.34,22,21,69.66723764502498,0.8333333333333334,0.5,248.0,277.0,246.0,250.0,64.0,57.0,0.0,0.0,17.0,18.0,17.0,23.0,6.0,10.0,0.0,0.0,0.0,0.0,17.0,23.0,0.0,0.0,0.0,0.0
C1__baldwinian__s15,C1__baldwinian,C1,C1,baldwinian,15,500,train,50,2.38,12,12,102.24068925307856,0.7291666666666666,0.5,255.0,234.0,176.0,192.0,82.0,51.0,0.0,0.0,22.0,16.0,18.0,17.0,18.0,2.0,0.0,0.0,0.0,0.0,18.0,17.0,0.0,0.0,0.0,0.0
C1__baldwinian__s15,C1__baldwinian,C1,C1,baldwinian,15,550,train,50,2.78,25,25,73.52433623791154,0.9375,0.5,289.0,270.0,224.0,232.0,27.0,16.0,0.0,0.0,24.0,29.0,25.0,25.0,11.0,3.0,0.0,0.0,0.0,0.0,25.0,25.0,0.0,0.0,0.0,0.0
C1__baldwinian__s15,C1__baldwinian,C1,C1,baldwinian,15,600,train,48,2.9166666666666665,13,15,61.67269082445961,0.9166666666666666,0.5,249.0,281.0,163.0,182.0,17.0,16.0,0.0,0.0,34.0,25.0,18.0,19.0,11.0,5.0,0.0,0.0,0.0,0.0,18.0,19.0,0.0,0.0,0.0,0.0
C1__baldwinian__s15,C1__baldwinian,C1,C1,baldwinian,15,650,train,46,3.1739130434782608,22,24,94.92716560570713,0.7916666666666666,0.5,211.0,215.0,197.0,193.0,28.0,32.0,0.0,0.0,39.0,20.0,24.0,17.0,12.0,2.0,0.0,0.0,0.0,0.0,24.0,17.0,0.0,0.0,0.0,0.0
C1__baldwinian__s15,C1__baldwinian,C1,C1,baldwinian,15,700,train,43,3.3255813953488373,18,21,62.312634416891875,0.9166666666666666,0.5,201.0,186.0,106.0,98.0,44.0,46.0,0.0,0.0,24.0,21.0,18.0,11.0,7.0,8.0,0.0,0.0,0.0,0.0,18.0,11.0,0.0,0.0,0.0,0.0
C1__baldwinian__s15,C1__baldwinian,C1,C1,baldwinian,15,750,train,37,3.4864864864864864,12,18,109.72242901732986,0.75,0.5,228.0,208.0,144.0,191.0,24.0,29.0,0.0,0.0,29.0,29.0,11.0,18.0,10.0,5.0,0.0,0.0,0.0,0.0,11.0,18.0,0.0,0.0,0.0,0.0
C1__baldwinian__s15,C1__baldwinian,C1,C1,baldwinian,15,800,train,43,3.558139534883721,26,20,102.46580885758843,0.75,0.5,187.0,153.0,212.0,188.0,40.0,37.0,0.0,0.0,28.0,9.0,27.0,20.0,2.0,7.0,0.0,0.0,0.0,0.0,27.0,20.0,0.0,0.0,0.0,0.0
C1__baldwinian__s15,C1__baldwinian,C1,C1,baldwinian,15,850,train,40,3.9,20,23,110.20147108583652,0.7708333333333334,0.5,126.0,138.0,236.0,227.0,36.0,28.0,0.0,0.0,13.0,22.0,25.0,26.0,8.0,9.0,0.0,0.0,0.0,0.0,25.0,26.0,0.0,0.0,0.0,0.0
C1__baldwinian__s15,C1__baldwinian,C1,C1,baldwinian,15,900,train,46,4.369565217391305,24,18,99.12925929145784,0.7916666666666666,0.5,277.0,293.0,168.0,153.0,36.0,35.0,0.0,0.0,29.0,22.0,24.0,23.0,3.0,9.0,0.0,0.0,0.0,0.0,24.0,23.0,0.0,0.0,0.0,0.0
C1__baldwinian__s15,C1__baldwinian,C1,C1,baldwinian,15,950,train,39,4.641025641025641,15,22,68.10405477562988,0.8958333333333334,0.5,163.0,164.0,166.0,181.0,29.0,27.0,0.0,0.0,30.0,24.0,24.0,23.0,9.0,3.0,0.0,0.0,0.0,0.0,24.0,23.0,0.0,0.0,0.0,0.0
C1__baldwinian__s15,C1__baldwinian,C1,C1,baldwinian,15,1000,train,36,4.833333333333333,16,19,136.95252989133834,0.75,0.5,163.0,162.0,208.0,196.0,17.0,17.0,0.0,0.0,21.0,19.0,20.0,19.0,10.0,5.0,0.0,0.0,0.0,0.0,20.0,19.0,0.0,0.0,0.0,0.0
C1__baldwinian__s15,C1__baldwinian,C1,C1,baldwinian,15,1050,train,48,5.104166666666667,20,8,87.801412799135,0.8541666666666666,0.5,224.0,207.0,205.0,232.0,29.0,36.0,0.0,0.0,27.0,22.0,18.0,24.0,5.0,3.0,0.0,0.0,0.0,0.0,18.0,24.0,0.0,0.0,0.0,0.0
C1__baldwinian__s15,C1__baldwinian,C1,C1,baldwinian,15,1100,train,47,5.148936170212766,18,19,57.10363656622614,0.9583333333333334,0.5,207.0,173.0,207.0,202.0,83.0,73.0,0.0,0.0,41.0,21.0,23.0,13.0,6.0,8.0,0.0,0.0,0.0,0.0,23.0,13.0,0.0,0.0,0.0,0.0
C1__baldwinian__s15,C1__baldwinian,C1,C1,baldwinian,15,1150,train,38,5.157894736842105,16,25,80.91786984895467,0.8125,0.5,270.0,287.0,128.0,144.0,40.0,45.0,0.0,0.0,39.0,17.0,22.0,25.0,9.0,2.0,0.0,0.0,0.0,0.0,22.0,25.0,0.0,0.0,0.0,0.0
C1__baldwinian__s15,C1__baldwinian,C1,C1,baldwinian,15,1200,train,48,5.458333333333333,23,13,73.11295397899335,0.8333333333333334,0.5,214.0,186.0,150.0,140.0,22.0,28.0,0.0,0.0,32.0,18.0,18.0,20.0,5.0,11.0,0.0,0.0,0.0,0.0,18.0,20.0,0.0,0.0,0.0,0.0
C1__baldwinian__s15,C1__baldwinian,C1,C1,baldwinian,15,1250,train,50,5.74,18,16,67.69276692544969,0.8333333333333334,0.5,236.0,250.0,205.0,230.0,34.0,19.0,0.0,0.0,32.0,18.0,24.0,11.0,8.0,4.0,0.0,0.0,0.0,0.0,24.0,11.0,0.0,0.0,0.0,0.0
C1__baldwinian__s15,C1__baldwinian,C1,C1,baldwinian,15,1300,train,50,5.96,22,22,68.43020545054293,0.8541666666666666,0.5,225.0,198.0,292.0,338.0,75.0,61.0,0.0,0.0,25.0,13.0,25.0,19.0,2.0,9.0,0.0,0.0,0.0,0.0,25.0,19.0,0.0,0.0,0.0,0.0
C1__baldwinian__s15,C1__baldwinian,C1,C1,baldwinian,15,1350,train,50,5.94,16,16,81.19128302349128,0.8333333333333334,0.5,276.0,299.0,218.0,255.0,53.0,49.0,0.0,0.0,15.0,27.0,25.0,24.0,4.0,9.0,0.0,0.0,0.0,0.0,25.0,24.0,0.0,0.0,0.0,0.0
C1__baldwinian__s15,C1__baldwinian,C1,C1,baldwinian,15,1400,train,50,6.12,21,21,87.23198124924204,0.7708333333333334,0.5,190.0,186.0,231.0,232.0,53.0,53.0,0.0,0.0,28.0,23.0,17.0,17.0,7.0,7.0,0.0,0.0,0.0,0.0,17.0,17.0,0.0,0.0,0.0,0.0
C1__baldwinian__s15,C1__baldwinian,C1,C1,baldwinian,15,1450,train,50,6.02,22,22,101.79664090508018,0.8125,0.5,256.0,229.0,225.0,232.0,51.0,56.0,0.0,0.0,16.0,20.0,19.0,22.0,7.0,13.0,0.0,0.0,0.0,0.0,19.0,22.0,0.0,0.0,0.0,0.0
C1__baldwinian__s15,C1__baldwinian,C1,C1,baldwinian,15,1500,train,50,6.04,18,18,78.39207068573857,0.8333333333333334,0.5,220.0,248.0,218.0,190.0,47.0,49.0,0.0,0.0,19.0,29.0,18.0,19.0,2.0,3.0,0.0,0.0,0.0,0.0,18.0,19.0,0.0,0.0,0.0,0.0
C1__baldwinian__s15,C1__baldwinian,C1,C1,baldwinian,15,1550,eval,50,6.16,15,15,125.26552012465613,0.6666666666666666,0.5,324.0,299.0,208.0,231.0,87.0,95.0,34.0,38.0,24.0,26.0,12.0,15.0,3.0,5.0,4.0,2.0,0.0,0.0,12.0,15.0,0.0,0.0,4.0,2.0
C1__baldwinian__s15,C1__baldwinian,C1,C1,baldwinian,15,1600,eval,50,6.1,18,18,137.87466195902067,0.6875,0.5,288.0,244.0,342.0,376.0,19.0,34.0,29.0,44.0,17.0,13.0,24.0,25.0,1.0,3.0,2.0,2.0,0.0,0.0,24.0,25.0,0.0,0.0,2.0,2.0
C1__baldwinian__s15,C1__baldwinian,C1,C1,baldwinian,15,1650,eval,50,6.22,8,8,135.17622080400255,0.6041666666666666,0.5,320.0,357.0,292.0,287.0,107.0,115.0,38.0,51.0,22.0,28.0,17.0,18.0,5.0,6.0,2.0,4.0,0.0,0.0,17.0,18.0,0.0,0.0,2.0,4.0
C1__baldwinian__s15,C1__baldwinian,C1,C1,baldwinian,15,1700,eval,50,6.38,11,11,152.23219761771827,0.5208333333333334,0.5,318.0,273.0,329.0,277.0,82.0,93.0,65.0,87.0,21.0,18.0,24.0,19.0,1.0,3.0,1.0,2.0,0.0,0.0,24.0,19.0,0.0,0.0,1.0,2.0
C1__baldwinian__s15,C1__baldwinian,C1,C1,baldwinian,15,1750,eval,50,6.5,10,10,108.9861552491002,0.6458333333333334,0.5,224.0,261.0,300.0,301.0,53.0,63.0,78.0,77.0,10.0,25.0,18.0,24.0,2.0,2.0,3.0,1.0,0.0,0.0,18.0,24.0,0.0,0.0,3.0,1.0
C1__baldwinian__s15,C1__baldwinian,C1,C1,baldwinian,15,1800,eval,50,6.36,12,12,216.0155158497816,0.3958333333333333,0.5,224.0,218.0,258.0,256.0,93.0,89.0,78.0,75.0,9.0,4.0,16.0,13.0,1.0,2.0,3.0,3.0,0.0,0.0,16.0,13.0,0.0,0.0,3.0,3.0
C1__baldwinian__s16,C1__baldwinian,C1,C1,baldwinian,16,50,train,50,0.76,31,1,99.94982753279582,0.7916666666666666,0.5,119.0,132.0,98.0,108.0,36.0,59.0,0.0,0.0,29.0,27.0,16.0,22.0,5.0,14.0,0.0,0.0,0.0,0.0,16.0,22.0,0.0,0.0,0.0,0.0
C1__baldwinian__s16,C1__baldwinian,C1,C1,baldwinian,16,100,train,50,0.82,11,11,85.83078697296187,0.7916666666666666,0.5,182.0,176.0,223.0,192.0,46.0,39.0,0.0,0.0,14.0,25.0,29.0,17.0,10.0,3.0,0.0,0.0,0.0,0.0,29.0,17.0,0.0,0.0,0.0,0.0
C1__baldwinian__s16,C1__baldwinian,C1,C1,baldwinian,16,150,train,50,0.82,13,13,76.67225966280338,0.8958333333333334,0.5,299.0,253.0,200.0,207.0,51.0,44.0,0.0,0.0,21.0,30.0,18.0,22.0,9.0,9.0,0.0,0.0,0.0,0.0,18.0,22.0,0.0,0.0,0.0,0.0
C1__baldwinian__s16,C1__baldwinian,C1,C1,baldwinian,16,200,train,50,0.8,9,9,72.36479402721747,0.875,0.5,229.0,271.0,195.0,180.0,33.0,31.0,0.0,0.0,16.0,24.0,23.0,18.0,13.0,7.0,0.0,0.0,0.0,0.0,23.0,18.0,0.0,0.0,0.0,0.0
C1__baldwinian__s16,C1__baldwinian,C1,C1,baldwinian,16,250,train,50,0.82,13,13,130.6570275933385,0.6875,0.5,279.0,255.0,256.0,248.0,25.0,23.0,0.0,0.0,34.0,20.0,19.0,12.0,8.0,6.0,0.0,0.0,0.0,0.0,19.0,12.0,0.0,0.0,0.0,0.0
C1__baldwinian__s16,C1__baldwinian,C1,C1,baldwinian,16,300,train,50,0.82,8,8,92.51636795161282,0.75,0.5,258.0,264.0,296.0,286.0,48.0,49.0,0.0,0.0,21.0,20.0,11.0,19.0,10.0,11.0,0.0,0.0,0.0,0.0,11.0,19.0,0.0,0.0,0.0,0.0
C1__baldwinian__s16,C1__baldwinian,C1,C1,baldwinian,16,350,train,50,0.8,13,13,75.13629409361063,0.8541666666666666,0.5,275.0,247.0,294.0,284.0,53.0,55.0,0.0,0.0,22.0,22.0,21.0,26.0,11.0,10.0,0.0,0.0,0.0,0.0,21.0,26.0,0.0,0.0,0.0,0.0
C1__baldwinian__s16,C1__baldwinian,C1,C1,baldwinian,16,400,train,50,0.82,13,13,108.06300217825182,0.7708333333333334,0.5,314.0,303.0,197.0,197.0,56.0,73.0,0.0,0.0,25.0,23.0,10.0,17.0,14.0,8.0,0.0,0.0,0.0,0.0,10.0,17.0,0.0,0.0,0.0,0.0
C1__baldwinian__s16,C1__baldwinian,C1,C1,baldwinian,16,450,train,50,0.8,8,8,104.90067273168438,0.7291666666666666,0.5,290.0,308.0,255.0,278.0,31.0,37.0,0.0,0.0,13.0,24.0,17.0,19.0,7.0,3.0,0.0,0.0,0.0,0.0,17.0,19.0,0.0,0.0,0.0,0.0
C1__baldwinian__s16,C1__baldwinian,C1,C1,baldwinian,16,500,train,40,1.125,13,23,96.54284038211844,0.7708333333333334,0.5,213.0,259.0,295.0,281.0,61.0,54.0,0.0,0.0,16.0,32.0,17.0,17.0,9.0,6.0,0.0,0.0,0.0,0.0,17.0,17.0,0.0,0.0,0.0,0.0
C1__baldwinian__s16,C1__baldwinian,C1,C1,baldwinian,16,550,train,50,1.58,31,21,74.09085622453114,0.8958333333333334,0.5,174.0,174.0,162.0,143.0,43.0,51.0,0.0,0.0,21.0,22.0,24.0,20.0,9.0,13.0,0.0,0.0,0.0,0.0,24.0,20.0,0.0,0.0,0.0,0.0
C1__baldwinian__s16,C1__baldwinian,C1,C1,baldwinian,16,600,train,50,1.8,18,18,84.17628634900275,0.8333333333333334,0.5,146.0,124.0,164.0,162.0,59.0,52.0,0.0,0.0,22.0,19.0,21.0,21.0,6.0,5.0,0.0,0.0,0.0,0.0,21.0,21.0,0.0,0.0,0.0,0.0
C1__baldwinian__s16,C1__baldwinian,C1,C1,baldwinian,16,650,train,49,2.061224489795918,21,22,61.45253647951658,0.8958333333333334,0.5,180.0,186.0,162.0,206.0,44.0,53.0,0.0,0.0,27.0,23.0,17.0,23.0,9.0,9.0,0.0,0.0,0.0,0.0,17.0,23.0,0.0,0.0,0.0,0.0
C1__baldwinian__s16,C1__baldwinian,C1,C1,baldwinian,16,700,train,42,2.0952380952380953,14,21,101.85978325829622,0.8333333333333334,0.5,191.0,178.0,191.0,180.0,20.0,29.0,0.0,0.0,16.0,16.0,21.0,22.0,6.0,5.0,0.0,0.0,0.0,0.0,21.0,22.0,0.0,0.0,0.0,0.0
C1__baldwinian__s16,C1__baldwinian,C1,C1,baldwinian,16,750,train,45,2.5555555555555554,22,19,118.69327732532226,0.7291666666666666,0.5,250.0,255.0,209.0,211.0,14.0,12.0,0.0,0.0,30.0,23.0,20.0,19.0,6.0,2.0,0.0,0.0,0.0,0.0,20.0,19.0,0.0,0.0,0.0,0.0
C1__baldwinian__s16,C1__baldwinian,C1,C1,baldwinian,16,800,train,50,2.72,22,17,58.03378322941615,0.8541666666666666,0.5,194.0,169.0,240.0,225.0,53.0,44.0,0.0,0.0,23.0,13.0,28.0,20.0,12.0,8.0,0.0,0.0,0.0,0.0,28.0,20.0,0.0,0.0,0.0,0.0
C1__baldwinian__s16,C1__baldwinian,C1,C1,baldwinian,16,850,train,50,2.68,12,12,112.1531544338236,0.7291666666666666,0.5,266.0,277.0,268.0,283.0,43.0,30.0,0.0,0.0,22.0,22.0,22.0,14.0,13.0,5.0,0.0,0.0,0.0,0.0,22.0,14.0,0.0,0.0,0.0,0.0
C1__baldwinian__s16,C1__baldwinian,C1,C1,baldwinian,16,900,train,50,2.72,17,17,107.68736293989869,0.7083333333333334,0.5,358.0,363.0,321.0,281.0,47.0,36.0,0.0,0.0,15.0,34.0,20.0,20.0,12.0,8.0,0.0,0.0,0.0,0.0,20.0,20.0,0.0,0.0,0.0,0.0
C1__baldwinian__s16,C1__baldwinian,C1,C1,baldwinian,16,950,train,50,2.8,11,11,64.64192972133793,0.9375,0.5,234.0,269.0,220.0,222.0,63.0,58.0,0.0,0.0,26.0,23.0,14.0,15.0,11.0,11.0,0.0,0.0,0.0,0.0,14.0,15.0,0.0,0.0,0.0,0.0
C1__baldwinian__s16,C1__baldwinian,C1,C1,baldwinian,16,1000,train,50,3.02,15,15,96.32125931261155,0.7916666666666666,0.5,124.0,148.0,191.0,177.0,65.0,53.0,0.0,0.0,12.0,12.0,25.0,15.0,12.0,6.0,0.0,0.0,0.0,0.0,25.0,15.0,0.0,0.0,0.0,0.0
C1__baldwinian__s16,C1__baldwinian,C1,C1,baldwinian,16,1050,train,50,3.22,15,15,84.79356014508727,0.8125,0.5,185.0,185.0,242.0,248.0,39.0,44.0,0.0,0.0,28.0,32.0,18.0,20.0,13.0,6.0,0.0,0.0,0.0,0.0,18.0,20.0,0.0,0.0,0.0,0.0
C1__baldwinian__s16,C1__baldwinian,C1,C1,baldwinian,16,1100,train,50,3.66,15,15,89.83936278335034,0.75,0.5,222.0,214.0,193.0,172.0,27.0,32.0,0.0,0.0,23.0,18.0,9.0,15.0,9.0,8.0,0.0,0.0,0.0,0.0,9.0,15.0,0.0,0.0,0.0,0.0
C1__baldwinian__s16,C1__baldwinian,C1,C1,baldwinian,16,1150,train,50,3.98,19,19,86.72272821098427,0.8333333333333334,0.5,207.0,196.0,189.0,194.0,30.0,37.0,0.0,0.0,21.0,20.0,27.0,13.0,6.0,13.0,0.0,0.0,0.0,0.0,27.0,13.0,0.0,0.0,0.0,0.0
C1__baldwinian__s16,C1__baldwinian,C1,C1,baldwinian,16,1200,train,50,3.9,13,13,95.52873520381226,0.8125,0.5,190.0,197.0,227.0,230.0,36.0,26.0,0.0,0.0,18.0,28.0,18.0,15.0,8.0,3.0,0.0,0.0,0.0,0.0,18.0,15.0,0.0,0.0,0.0,0.0
C1__baldwinian__s16,C1__baldwinian,C1,C1,baldwinian,16,1250,train,50,3.84,32,32,74.75621703272213,0.8333333333333334,0.5,170.0,167.0,189.0,192.0,40.0,15.0,0.0,0.0,21.0,15.0,26.0,25.0,11.0,3.0,0.0,0.0,0.0,0.0,26.0,25.0,0.0,0.0,0.0,0.0
C1__baldwinian__s16,C1__baldwinian,C1,C1,baldwinian,16,1300,train,50,3.92,16,16,115.34963550406584,0.7083333333333334,0.5,181.0,201.0,203.0,185.0,42.0,41.0,0.0,0.0,10.0,28.0,23.0,17.0,8.0,12.0,0.0,0.0,0.0,0.0,23.0,17.0,0.0,0.0,0.0,0.0
C1__baldwinian__s16,C1__baldwinian,C1,C1,baldwinian,16,1350,train,50,3.96,21,21,68.54112599024833,0.8333333333333334,0.5,166.0,175.0,213.0,246.0,34.0,38.0,0.0,0.0,18.0,19.0,20.0,22.0,6.0,8.0,0.0,0.0,0.0,0.0,20.0,22.0,0.0,0.0,0.0,0.0
C1__baldwinian__s16,C1__baldwinian,C1,C1,baldwinian,16,1400,train,50,4.46,26,26,95.46449388698647,0.8541666666666666,0.5,226.0,248.0,171.0,196.0,33.0,29.0,0.0,0.0,16.0,26.0,29.0,19.0,5.0,14.0,0.0,0.0,0.0,0.0,29.0,19.0,0.0,0.0,0.0,0.0
C1__baldwinian__s16,C1__baldwinian,C1,C1,baldwinian,16,1450,train,50,4.8,14,14,80.95578872188084,0.8541666666666666,0.5,192.0,178.0,166.0,165.0,30.0,25.0,0.0,0.0,22.0,24.0,16.0,17.0,14.0,10.0,0.0,0.0,0.0,0.0,16.0,17.0,0.0,0.0,0.0,0.0
C1__baldwinian__s16,C1__baldwinian,C1,C1,baldwinian,16,1500,train,50,4.62,18,18,116.76579411538705,0.7083333333333334,0.5,188.0,201.0,210.0,263.0,25.0,30.0,0.0,0.0,18.0,15.0,15.0,23.0,12.0,8.0,0.0,0.0,0.0,0.0,15.0,23.0,0.0,0.0,0.0,0.0
C1__baldwinian__s16,C1__baldwinian,C1,C1,baldwinian,16,1550,eval,50,4.46,12,12,132.3991067117023,0.6666666666666666,0.5,318.0,327.0,210.0,236.0,19.0,23.0,28.0,29.0,16.0,29.0,20.0,16.0,3.0,1.0,5.0,2.0,0.0,0.0,20.0,16.0,0.0,0.0,5.0,2.0
C1__baldwinian__s16,C1__baldwinian,C1,C1,baldwinian,16,1600,eval,50,4.5,12,12,149.71466568052318,0.6041666666666666,0.5,153.0,170.0,223.0,249.0,61.0,69.0,33.0,45.0,19.0,9.0,17.0,23.0,4.0,3.0,4.0,3.0,0.0,0.0,17.0,23.0,0.0,0.0,4.0,3.0
C1__baldwinian__s16,C1__baldwinian,C1,C1,baldwinian,16,1650,eval,50,4.68,14,14,164.3412822869147,0.5833333333333334,0.5,304.0,284.0,195.0,196.0,47.0,54.0,75.0,65.0,21.0,18.0,16.0,11.0,3.0,7.0,10.0,0.0,0.0,0.0,16.0,11.0,0.0,0.0,10.0,0.0
C1__baldwinian__s16,C1__baldwinian,C1,C1,baldwinian,16,1700,eval,50,4.62,11,11,204.2056844620409,0.4791666666666667,0.5,264.0,250.0,178.0,194.0,22.0,27.0,45.0,57.0,18.0,26.0,10.0,10.0,3.0,1.0,4.0,0.0,0.0,0.0,10.0,10.0,0.0,0.0,4.0,0.0
C1__baldwinian__s16,C1__baldwinian,C1,C1,baldwinian,16,1750,eval,50,4.76,12,12,168.8447540202328,0.5833333333333334,0.5,274.0,227.0,221.0,241.0,18.0,17.0,20.0,9.0,26.0,24.0,17.0,21.0,5.0,1.0,1.0,1.0,0.0,0.0,17.0,21.0,0.0,0.0,1.0,1.0
C1__baldwinian__s16,C1__baldwinian,C1,C1,baldwinian,16,1800,eval,50,4.8,11,11,215.02527529964848,0.4166666666666667,0.5,166.0,161.0,219.0,203.0,72.0,67.0,100.0,113.0,5.0,15.0,20.0,18.0,0.0,1.0,1.0,4.0,0.0,0.0,20.0,18.0,0.0,0.0,1.0,4.0
C1__baldwinian__s17,C1__baldwinian,C1,C1,baldwinian,17,50,train,50,0.76,37,7,84.25057268101025,0.8333333333333334,0.5,105.0,99.0,103.0,112.0,63.0,60.0,0.0,0.0,16.0,14.0,27.0,24.0,17.0,15.0,0.0,0.0,0.0,0.0,27.0,24.0,0.0,0.0,0.0,0.0
C1__baldwinian__s17,C1__baldwinian,C1,C1,baldwinian,17,100,train,50,0.9,11,11,103.95826828592834,0.7916666666666666,0.5,142.0,136.0,139.0,147.0,48.0,56.0,0.0,0.0,15.0,16.0,17.0,16.0,6.0,10.0,0.0,0.0,0.0,0.0,17.0,16.0,0.0,0.0,0.0,0.0
C1__baldwinian__s17,C1__baldwinian,C1,C1,baldwinian,17,150,train,50,0.9,17,17,107.10200007779368,0.8541666666666666,0.5,243.0,259.0,168.0,181.0,135.0,128.0,0.0,0.0,23.0,21.0,17.0,16.0,17.0,20.0,0.0,0.0,0.0,0.0,17.0,16.0,0.0,0.0,0.0,0.0
C1__baldwinian__s17,C1__baldwinian,C1,C1,baldwinian,17,200,train,50,1.0,11,11,89.04595960330428,0.8333333333333334,0.5,220.0,222.0,173.0,156.0,80.0,81.0,0.0,0.0,24.0,19.0,16.0,11.0,13.0,17.0,0.0,0.0,0.0,0.0,16.0,11.0,0.0,0.0,0.0,0.0
C1__baldwinian__s17,C1__baldwinian,C1,C1,baldwinian,17,250,train,50,1.12,14,14,64.80359207789077,0.9375,0.5,206.0,203.0,206.0,174.0,47.0,46.0,0.0,0.0,21.0,29.0,16.0,14.0,7.0,9.0,0.0,0.0,0.0,0.0,16.0,14.0,0.0,0.0,0.0,0.0
C1__baldwinian__s17,C1__baldwinian,C1,C1,baldwinian,17,300,train,50,1.24,15,15,93.67028800555602,0.8333333333333334,0.5,171.0,149.0,174.0,167.0,98.0,97.0,0.0,0.0,14.0,21.0,11.0,21.0,14.0,12.0,0.0,0.0,0.0,0.0,11.0,21.0,0.0,0.0,0.0,0.0
C1__baldwinian__s17,C1__baldwinian,C1,C1,baldwinian,17,350,train,50,1.32,17,17,88.39753968968377,0.7916666666666666,0.5,198.0,230.0,217.0,202.0,67.0,52.0,0.0,0.0,12.0,24.0,21.0,19.0,10.0,9.0,0.0,0.0,0.0,0.0,21.0,19.0,0.0,0.0,0.0,0.0
C1__baldwinian__s17,C1__baldwinian,C1,C1,baldwinian,17,400,train,50,1.26,9,9,106.35659571217852,0.7291666666666666,0.5,243.0,256.0,213.0,225.0,70.0,68.0,0.0,0.0,17.0,30.0,13.0,14.0,11.0,14.0,0.0,0.0,0.0,0.0,13.0,14.0,0.0,0.0,0.0,0.0
C1__baldwinian__s17,C1__baldwinian,C1,C1,baldwinian,17,450,train,50,1.26,12,12,89.77437039372367,0.8333333333333334,0.5,182.0,182.0,318.0,331.0,79.0,77.0,0.0,0.0,25.0,13.0,25.0,18.0,8.0,20.0,0.0,0.0,0.0,0.0,25.0,18.0,0.0,0.0,0.0,0.0
C1__baldwinian__s17,C1__baldwinian,C1,C1,baldwinian,17,500,train,50,1.46,12,12,91.81875759759964,0.8125,0.5,273.0,233.0,197.0,207.0,92.0,69.0,0.0,0.0,34.0,23.0,9.0,11.0,17.0,16.0,0.0,0.0,0.0,0.0,9.0,11.0,0.0,0.0,0.0,0.0
C1__baldwinian__s17,C1__baldwinian,C1,C1,baldwinian,17,550,train,50,1.8,23,23,47.740204511542316,0.9166666666666666,0.5,226.0,239.0,240.0,204.0,50.0,45.0,0.0,0.0,20.0,20.0,23.0,21.0,17.0,12.0,0.0,0.0,0.0,0.0,23.0,21.0,0.0,0.0,0.0,0.0
C1__baldwinian__s17,C1__baldwinian,C1,C1,baldwinian,17,600,train,45,2.2444444444444445,20,25,103.12601851614119,0.7916666666666666,0.5,165.0,174.0,133.0,127.0,44.0,38.0,0.0,0.0,16.0,13.0,22.0,16.0,10.0,9.0,0.0,0.0,0.0,0.0,22.0,16.0,0.0,0.0,0.0,0.0
C1__baldwinian__s17,C1__baldwinian,C1,C1,baldwinian,17,650,train,42,2.4047619047619047,16,19,112.85646486090627,0.8333333333333334,0.5,125.0,137.0,153.0,156.0,121.0,136.0,0.0,0.0,21.0,18.0,21.0,15.0,14.0,17.0,0.0,0.0,0.0,0.0,21.0,15.0,0.0,0.0,0.0,0.0
C1__baldwinian__s17,C1__baldwinian,C1,C1,baldwinian,17,700,train,47,2.74468085106383,20,15,57.810107078075205,0.9166666666666666,0.5,181.0,186.0,191.0,188.0,75.0,65.0,0.0,0.0,30.0,23.0,19.0,21.0,12.0,13.0,0.0,0.0,0.0,0.0,19.0,21.0,0.0,0.0,0.0,0.0
C1__baldwinian__s17,C1__baldwinian,C1,C1,baldwinian,17,750,train,50,3.0,19,16,113.18815997162966,0.75,0.5,139.0,157.0,177.0,171.0,62.0,77.0,0.0,0.0,20.0,18.0,22.0,16.0,10.0,16.0,0.0,0.0,0.0,0.0,22.0,16.0,0.0,0.0,0.0,0.0
C1__baldwinian__s17,C1__baldwinian,C1,C1,baldwinian,17,800,train,50,3.14,17,17,72.49262635507655,0.8541666666666666,0.5,258.0,226.0,149.0,148.0,41.0,34.0,0.0,0.0,29.0,28.0,14.0,15.0,11.0,9.0,0.0,0.0,0.0,0.0,14.0,15.0,0.0,0.0,0.0,0.0
C1__baldwinian__s17,C1__baldwinian,C1,C1,baldwinian,17,850,train,50,3.34,18,18,95.72116470767341,0.8333333333333334,0.5,163.0,149.0,155.0,147.0,46.0,49.0,0.0,0.0,18.0,25.0,12.0,16.0,10.0,13.0,0.0,0.0,0.0,0.0,12.0,16.0,0.0,0.0,0.0,0.0
C1__baldwinian__s17,C1__baldwinian,C1,C1,baldwinian,17,900,train,50,3.66,22,22,74.65170042298789,0.8333333333333334,0.5,145.0,183.0,202.0,231.0,26.0,47.0,0.0,0.0,16.0,23.0,18.0,24.0,7.0,16.0,0.0,0.0,0.0,0.0,18.0,24.0,0.0,0.0,0.0,0.0
C1__baldwinian__s17,C1__baldwinian,C1,C1,baldwinian,17,950,train,50,3.98,25,25,92.42860706306416,0.7916666666666666,0.5,167.0,174.0,283.0,262.0,78.0,85.0,0.0,0.0,12.0,14.0,22.0,28.0,5.0,15.0,0.0,0.0,0.0,0.0,22.0,28.0,0.0,0.0,0.0,0.0
C1__baldwinian__s17,C1__baldwinian,C1,C1,baldwinian,17,1000,train,50,4.02,18,18,88.45062640723779,0.8125,0.5,207.0,203.0,208.0,179.0,69.0,91.0,0.0,0.0,17.0,14.0,22.0,23.0,8.0,16.0,0.0,0.0,0.0,0.0,22.0,23.0,0.0,0.0,0.0,0.0
C1__baldwinian__s17,C1__baldwinian,C1,C1,baldwinian,17,1050,train,50,3.94,14,14,134.3191536031444,0.7083333333333334,0.5,258.0,248.0,175.0,194.0,84.0,71.0,0.0,0.0,12.0,18.0,16.0,16.0,13.0,10.0,0.0,0.0,0.0,0.0,16.0,16.0,0.0,0.0,0.0,0.0
C1__baldwinian__s17,C1__baldwinian,C1,C1,baldwinian,17,1100,train,50,4.06,20,20,83.31846377900898,0.8333333333333334,0.5,203.0,180.0,240.0,226.0,59.0,54.0,0.0,0.0,15.0,10.0,25.0,25.0,16.0,12.0,0.0,0.0,0.0,0.0,25.0,25.0,0.0,0.0,0.0,0.0
C1__baldwinian__s17,C1__baldwinian,C1,C1,baldwinian,17,1150,train,50,4.14,19,19,90.62832018031366,0.7916666666666666,0.5,223.0,229.0,271.0,257.0,71.0,99.0,0.0,0.0,14.0,14.0,27.0,17.0,10.0,17.0,0.0,0.0,0.0,0.0,27.0,17.0,0.0,0.0,0.0,0.0
C1__baldwinian__s17,C1__baldwinian,C1,C1,baldwinian,17,1200,train,50,4.3,18,18,69.78768814263132,0.8958333333333334,0.5,226.0,221.0,261.0,268.0,30.0,31.0,0.0,0.0,17.0,20.0,18.0,21.0,11.0,11.0,0.0,0.0,0.0,0.0,18.0,21.0,0.0,0.0,0.0,0.0
C1__baldwinian__s17,C1__baldwinian,C1,C1,baldwinian,17,1250,train,50,4.48,22,22,61.94219925722383,0.9166666666666666,0.5,226.0,248.0,239.0,254.0,31.0,30.0,0.0,0.0,15.0,23.0,22.0,23.0,13.0,20.0,0.0,0.0,0.0,0.0,22.0,23.0,0.0,0.0,0.0,0.0
C1__baldwinian__s17,C1__baldwinian,C1,C1,baldwinian,17,1300,train,50,4.62,25,25,114.77812086476024,0.7083333333333334,0.5,197.0,216.0,234.0,246.0,17.0,19.0,0.0,0.0,16.0,20.0,16.0,22.0,8.0,7.0,0.0,0.0,0.0,0.0,16.0,22.0,0.0,0.0,0.0,0.0
C1__baldwinian__s17,C1__baldwinian,C1,C1,baldwinian,17,1350,train,50,4.72,16,16,86.1095374038834,0.8333333333333334,0.5,218.0,218.0,236.0,232.0,63.0,71.0,0.0,0.0,20.0,20.0,15.0,18.0,19.0,17.0,0.0,0.0,0.0,0.0,15.0,18.0,0.0,0.0,0.0,0.0
C1__baldwinian__s17,C1__baldwinian,C1,C1,baldwinian,17,1400,train,50,5.0,19,19,64.7439713003489,0.9166666666666666,0.5,145.0,154.0,159.0,182.0,55.0,49.0,0.0,0.0,21.0,21.0,13.0,20.0,14.0,19.0,0.0,0.0,0.0,0.0,13.0,20.0,0.0,0.0,0.0,0.0
C1__baldwinian__s17,C1__baldwinian,C1,C1,baldwinian,17,1450,train,50,5.12,18,18,77.09951084471095,0.8333333333333334,0.5,184.0,185.0,201.0,178.0,57.0,47.0,0.0,0.0,24.0,22.0,20.0,12.0,19.0,9.0,0.0,0.0,0.0,0.0,20.0,12.0,0.0,0.0,0.0,0.0
C1__baldwinian__s17,C1__baldwinian,C1,C1,baldwinian,17,1500,train,50,5.2,23,23,84.72266701355791,0.8333333333333334,0.5,193.0,194.0,202.0,199.0,35.0,40.0,0.0,0.0,19.0,21.0,25.0,20.0,3.0,14.0,0.0,0.0,0.0,0.0,25.0,20.0,0.0,0.0,0.0,0.0
C1__baldwinian__s17,C1__baldwinian,C1,C1,baldwinian,17,1550,eval,50,5.26,21,21,82.55655114260941,0.7708333333333334,0.5,256.0,240.0,144.0,118.0,11.0,19.0,15.0,20.0,21.0,18.0,8.0,16.0,3.0,11.0,2.0,5.0,0.0,0.0,8.0,16.0,0.0,0.0,2.0,5.0
C1__baldwinian__s17,C1__baldwinian,C1,C1,baldwinian,17,1600,eval,50,5.34,17,17,180.36045424656913,0.5208333333333334,0.5,157.0,159.0,236.0,244.0,20.0,16.0,61.0,62.0,20.0,13.0,21.0,13.0,2.0,1.0,8.0,2.0,0.0,0.0,21.0,13.0,0.0,0.0,8.0,2.0
C1__baldwinian__s17,C1__baldwinian,C1,C1,baldwinian,17,1650,eval,50,5.44,17,17,142.08751038819724,0.625,0.5,217.0,180.0,219.0,203.0,33.0,27.0,66.0,54.0,19.0,16.0,20.0,18.0,1.0,3.0,6.0,7.0,0.0,0.0,20.0,18.0,0.0,0.0,6.0,7.0
C1__baldwinian__s17,C1__baldwinian,C1,C1,baldwinian,17,1700,eval,50,5.46,14,14,196.22286913052403,0.5,0.5,137.0,164.0,155.0,162.0,61.0,38.0,77.0,81.0,11.0,5.0,13.0,14.0,10.0,8.0,6.0,5.0,0.0,0.0,13.0,14.0,0.0,0.0,6.0,5.0
C1__baldwinian__s17,C1__baldwinian,C1,C1,baldwinian,17,1750,eval,50,5.66,16,16,159.18866263594765,0.6666666666666666,0.5,140.0,153.0,165.0,141.0,60.0,60.0,52.0,50.0,9.0,6.0,17.0,11.0,5.0,9.0,5.0,3.0,0.0,0.0,17.0,11.0,0.0,0.0,5.0,3.0
C1__baldwinian__s17,C1__baldwinian,C1,C1,baldwinian,17,1800,eval,50,5.86,9,9,255.13727801963086,0.3125,0.5,301.0,255.0,155.0,129.0,54.0,55.0,58.0,58.0,18.0,10.0,14.0,8.0,4.0,1.0,1.0,4.0,0.0,0.0,14.0,8.0,0.0,0.0,1.0,4.0
C1__baldwinian__s18,C1__baldwinian,C1,C1,baldwinian,18,50,train,50,0.62,32,2,62.55863676512131,0.8541666666666666,0.5,122.0,135.0,71.0,84.0,51.0,45.0,0.0,0.0,25.0,36.0,16.0,24.0,12.0,10.0,0.0,0.0,0.0,0.0,16.0,24.0,0.0,0.0,0.0,0.0
C1__baldwinian__s18,C1__baldwinian,C1,C1,baldwinian,18,100,train,46,0.6956521739130435,15,19,85.24166718543053,0.8125,0.5,128.0,163.0,142.0,131.0,85.0,85.0,0.0,0.0,13.0,23.0,25.0,20.0,11.0,13.0,0.0,0.0,0.0,0.0,25.0,20.0,0.0,0.0,0.0,0.0
C1__baldwinian__s18,C1__baldwinian,C1,C1,baldwinian,18,150,train,42,0.8571428571428571,15,19,51.32286337367365,0.9166666666666666,0.5,155.0,152.0,266.0,251.0,72.0,79.0,0.0,0.0,18.0,22.0,27.0,24.0,6.0,17.0,0.0,0.0,0.0,0.0,27.0,24.0,0.0,0.0,0.0,0.0
C1__baldwinian__s18,C1__baldwinian,C1,C1,baldwinian,18,200,train,43,1.0232558139534884,18,17,122.0003045601077,0.75,0.5,147.0,142.0,151.0,161.0,54.0,56.0,0.0,0.0,16.0,16.0,22.0,10.0,12.0,10.0,0.0,0.0,0.0,0.0,22.0,10.0,0.0,0.0,0.0,0.0
C1__baldwinian__s18,C1__baldwinian,C1,C1,baldwinian,18,250,train,50,1.18,24,17,83.1411149606891,0.7916666666666666,0.5,206.0,176.0,230.0,232.0,52.0,58.0,0.0,0.0,29.0,24.0,22.0,24.0,11.0,4.0,0.0,0.0,0.0,0.0,22.0,24.0,0.0,0.0,0.0,0.0
C1__baldwinian__s18,C1__baldwinian,C1,C1,baldwinian,18,300,train,46,1.173913043478261,20,24,65.42765927516952,0.8958333333333334,0.5,196.0,201.0,163.0,160.0,41.0,46.0,0.0,0.0,22.0,14.0,20.0,24.0,10.0,13.0,0.0,0.0,0.0,0.0,20.0,24.0,0.0,0.0,0.0,0.0
C1__baldwinian__s18,C1__baldwinian,C1,C1,baldwinian,18,350,train,50,1.24,18,14,76.44438872446234,0.8541666666666666,0.5,236.0,247.0,189.0,184.0,31.0,27.0,0.0,0.0,25.0,24.0,18.0,7.0,14.0,5.0,0.0,0.0,0.0,0.0,18.0,7.0,0.0,0.0,0.0,0.0
C1__baldwinian__s18,C1__baldwinian,C1,C1,baldwinian,18,400,train,50,1.32,14,14,113.43314627833165,0.7291666666666666,0.5,213.0,170.0,215.0,183.0,41.0,41.0,0.0,0.0,22.0,6.0,21.0,16.0,11.0,13.0,0.0,0.0,0.0,0.0,21.0,16.0,0.0,0.0,0.0,0.0
C1__baldwinian__s18,C1__baldwinian,C1,C1,baldwinian,18,450,train,50,1.18,15,15,57.41760200693387,0.8958333333333334,0.5,236.0,268.0,225.0,212.0,46.0,73.0,0.0,0.0,33.0,30.0,17.0,13.0,9.0,18.0,0.0,0.0,0.0,0.0,17.0,13.0,0.0,0.0,0.0,0.0
C1__baldwinian__s18,C1__baldwinian,C1,C1,baldwinian,18,500,train,48,1.4375,17,19,117.76770577552549,0.6875,0.5,216.0,207.0,180.0,157.0,72.0,53.0,0.0,0.0,14.0,15.0,22.0,11.0,19.0,9.0,0.0,0.0,0.0,0.0,22.0,11.0,0.0,0.0,0.0,0.0
C1__baldwinian__s18,C1__baldwinian,C1,C1,baldwinian,18,550,train,50,1.82,16,14,73.81446783246224,0.8541666666666666,0.5,172.0,176.0,207.0,219.0,35.0,32.0,0.0,0.0,31.0,26.0,17.0,20.0,15.0,11.0,0.0,0.0,0.0,0.0,17.0,20.0,0.0,0.0,0.0,0.0
C1__baldwinian__s18,C1__baldwinian,C1,C1,baldwinian,18,600,train,50,2.08,15,15,81.51032179103179,0.8333333333333334,0.5,153.0,175.0,279.0,283.0,48.0,53.0,0.0,0.0,20.0,23.0,22.0,20.0,9.0,15.0,0.0,0.0,0.0,0.0,22.0,20.0,0.0,0.0,0.0,0.0
C1__baldwinian__s18,C1__baldwinian,C1,C1,baldwinian,18,650,train,50,2.2,15,15,101.15126450716613,0.8125,0.5,187.0,191.0,184.0,207.0,52.0,49.0,0.0,0.0,21.0,20.0,20.0,18.0,7.0,16.0,0.0,0.0,0.0,0.0,20.0,18.0,0.0,0.0,0.0,0.0
C1__baldwinian__s18,C1__baldwinian,C1,C1,baldwinian,18,700,train,50,2.14,18,18,129.66561256856744,0.75,0.5,242.0,233.0,205.0,182.0,71.0,46.0,0.0,0.0,12.0,19.0,15.0,25.0,14.0,8.0,0.0,0.0,0.0,0.0,15.0,25.0,0.0,0.0,0.0,0.0
C1__baldwinian__s18,C1__baldwinian,C1,C1,baldwinian,18,750,train,50,2.24,16,16,94.6573101409461,0.7708333333333334,0.5,250.0,238.0,242.0,211.0,108.0,109.0,0.0,0.0,23.0,19.0,25.0,17.0,9.0,6.0,0.0,0.0,0.0,0.0,25.0,17.0,0.0,0.0,0.0,0.0
C1__baldwinian__s18,C1__baldwinian,C1,C1,baldwinian,18,800,train,50,2.24,8,8,88.76014047586777,0.7291666666666666,0.5,253.0,264.0,302.0,292.0,140.0,131.0,0.0,0.0,26.0,21.0,16.0,13.0,8.0,12.0,0.0,0.0,0.0,0.0,16.0,13.0,0.0,0.0,0.0,0.0
C1__baldwinian__s18,C1__baldwinian,C1,C1,baldwinian,18,850,train,50,2.38,19,19,78.13596701219655,0.875,0.5,240.0,248.0,250.0,227.0,84.0,83.0,0.0,0.0,29.0,19.0,20.0,18.0,16.0,13.0,0.0,0.0,0.0,0.0,20.0,18.0,0.0,0.0,0.0,0.0
C1__baldwinian__s18,C1__baldwinian,C1,C1,baldwinian,18,900,train,50,2.5,12,12,85.22216391761393,0.8125,0.5,217.0,206.0,151.0,154.0,90.0,90.0,0.0,0.0,29.0,26.0,20.0,8.0,6.0,20.0,0.0,0.0,0.0,0.0,20.0,8.0,0.0,0.0,0.0,0.0
C1__baldwinian__s18,C1__baldwinian,C1,C1,baldwinian,18,950,train,50,2.88,19,19,98.36811779865462,0.7916666666666666,0.5,223.0,218.0,232.0,239.0,34.0,34.0,0.0,0.0,17.0,20.0,14.0,30.0,7.0,6.0,0.0,0.0,0.0,0.0,14.0,30.0,0.0,0.0,0.0,0.0
C1__baldwinian__s18,C1__baldwinian,C1,C1,baldwinian,18,1000,train,50,2.98,15,15,135.36100958099348,0.7083333333333334,0.5,274.0,287.0,221.0,221.0,60.0,62.0,0.0,0.0,25.0,8.0,19.0,14.0,14.0,15.0,0.0,0.0,0.0,0.0,19.0,14.0,0.0,0.0,0.0,0.0
C1__baldwinian__s18,C1__baldwinian,C1,C1,baldwinian,18,1050,train,50,3.18,19,19,98.42983947857867,0.8125,0.5,210.0,192.0,218.0,258.0,50.0,59.0,0.0,0.0,30.0,18.0,15.0,21.0,7.0,11.0,0.0,0.0,0.0,0.0,15.0,21.0,0.0,0.0,0.0,0.0
C1__baldwinian__s18,C1__baldwinian,C1,C1,baldwinian,18,1100,train,50,3.2,14,14,102.00766512964908,0.8125,0.5,225.0,220.0,181.0,191.0,28.0,30.0,0.0,0.0,25.0,24.0,18.0,16.0,9.0,11.0,0.0,0.0,0.0,0.0,18.0,16.0,0.0,0.0,0.0,0.0
C1__baldwinian__s18,C1__baldwinian,C1,C1,baldwinian,18,1150,train,50,3.08,17,17,57.35519893073479,0.8541666666666666,0.5,198.0,225.0,153.0,145.0,66.0,65.0,0.0,0.0,24.0,27.0,20.0,14.0,16.0,9.0,0.0,0.0,0.0,0.0,20.0,14.0,0.0,0.0,0.0,0.0
C1__baldwinian__s18,C1__baldwinian,C1,C1,baldwinian,18,1200,train,50,3.28,20,20,91.63609736992291,0.7916666666666666,0.5,132.0,135.0,141.0,159.0,71.0,87.0,0.0,0.0,20.0,22.0,20.0,20.0,10.0,14.0,0.0,0.0,0.0,0.0,20.0,20.0,0.0,0.0,0.0,0.0
C1__baldwinian__s18,C1__baldwinian,C1,C1,baldwinian,18,1250,train,50,3.4,21,21,51.921301764124415,0.9166666666666666,0.5,200.0,200.0,166.0,135.0,33.0,35.0,0.0,0.0,29.0,20.0,16.0,21.0,10.0,9.0,0.0,0.0,0.0,0.0,16.0,21.0,0.0,0.0,0.0,0.0
C1__baldwinian__s18,C1__baldwinian,C1,C1,baldwinian,18,1300,train,50,3.72,18,18,88.29276439214232,0.7916666666666666,0.5,148.0,129.0,185.0,170.0,20.0,10.0,0.0,0.0,26.0,24.0,19.0,14.0,11.0,3.0,0.0,0.0,0.0,0.0,19.0,14.0,0.0,0.0,0.0,0.0
C1__baldwinian__s18,C1__baldwinian,C1,C1,baldwinian,18,1350,train,50,4.02,14,14,89.72308893796693,0.8125,0.5,160.0,193.0,184.0,158.0,49.0,48.0,0.0,0.0,22.0,21.0,18.0,16.0,17.0,15.0,0.0,0.0,0.0,0.0,18.0,16.0,0.0,0.0,0.0,0.0
C1__baldwinian__s18,C1__baldwinian,C1,C1,baldwinian,18,1400,train,50,4.32,20,20,49.194214411236096,0.9583333333333334,0.5,191.0,182.0,142.0,160.0,50.0,38.0,0.0,0.0,19.0,21.0,21.0,16.0,17.0,16.0,0.0,0.0,0.0,0.0,21.0,16.0,0.0,0.0,0.0,0.0
C1__baldwinian__s18,C1__baldwinian,C1,C1,baldwinian,18,1450,train,50,4.54,21,21,108.4171335659718,0.7083333333333334,0.5,144.0,125.0,144.0,154.0,49.0,49.0,0.0,0.0,18.0,15.0,18.0,20.0,11.0,5.0,0.0,0.0,0.0,0.0,18.0,20.0,0.0,0.0,0.0,0.0
C1__baldwinian__s18,C1__baldwinian,C1,C1,baldwinian,18,1500,train,50,4.78,22,22,61.8648693270413,0.9166666666666666,0.5,134.0,142.0,207.0,179.0,96.0,82.0,0.0,0.0,24.0,21.0,26.0,20.0,14.0,3.0,0.0,0.0,0.0,0.0,26.0,20.0,0.0,0.0,0.0,0.0
C1__baldwinian__s18,C1__baldwinian,C1,C1,baldwinian,18,1550,eval,40,5.025,15,25,211.07439764306255,0.5833333333333334,0.5,181.0,158.0,164.0,150.0,21.0,25.0,45.0,52.0,11.0,17.0,14.0,20.0,4.0,3.0,7.0,5.0,0.0,0.0,14.0,20.0,0.0,0.0,7.0,5.0
C1__baldwinian__s18,C1__baldwinian,C1,C1,baldwinian,18,1600,eval,50,5.5,21,11,219.19794762978734,0.4791666666666667,0.5,194.0,206.0,135.0,133.0,21.0,29.0,27.0,39.0,12.0,22.0,16.0,8.0,1.0,0.0,6.0,4.0,0.0,0.0,16.0,8.0,0.0,0.0,6.0,4.0
C1__baldwinian__s18,C1__baldwinian,C1,C1,baldwinian,18,1650,eval,50,5.42,6,6,256.29903240808113,0.3125,0.5,169.0,227.0,224.0,227.0,27.0,28.0,44.0,46.0,14.0,17.0,14.0,6.0,0.0,1.0,0.0,0.0,0.0,0.0,14.0,6.0,0.0,0.0,0.0,0.0
C1__baldwinian__s18,C1__baldwinian,C1,C1,baldwinian,18,1700,eval,50,5.42,6,6,213.09818308499672,0.375,0.5,208.0,205.0,270.0,256.0,69.0,83.0,79.0,77.0,12.0,13.0,13.0,12.0,7.0,3.0,5.0,10.0,0.0,0.0,13.0,12.0,0.0,0.0,5.0,10.0
C1__baldwinian__s18,C1__baldwinian,C1,C1,baldwinian,18,1750,eval,50,5.58,7,7,223.4693573326808,0.3958333333333333,0.5,235.0,225.0,241.0,234.0,77.0,72.0,84.0,89.0,9.0,14.0,9.0,17.0,5.0,2.0,3.0,4.0,0.0,0.0,9.0,17.0,0.0,0.0,3.0,4.0
C1__baldwinian__s18,C1__baldwinian,C1,C1,baldwinian,18,1800,eval,50,5.64,6,6,250.33527938024815,0.3333333333333333,0.5,258.0,261.0,220.0,232.0,66.0,60.0,88.0,77.0,15.0,19.0,8.0,14.0,3.0,2.0,7.0,5.0,0.0,0.0,8.0,14.0,0.0,0.0,7.0,5.0
C1__baldwinian__s19,C1__baldwinian,C1,C1,baldwinian,19,50,train,50,0.9,35,5,59.4753766546877,0.8958333333333334,0.5,85.0,71.0,144.0,152.0,51.0,62.0,0.0,0.0,25.0,27.0,26.0,23.0,13.0,14.0,0.0,0.0,0.0,0.0,26.0,23.0,0.0,0.0,0.0,0.0
C1__baldwinian__s19,C1__baldwinian,C1,C1,baldwinian,19,100,train,46,0.9130434782608695,9,13,112.20065169483325,0.75,0.5,114.0,141.0,179.0,172.0,38.0,40.0,0.0,0.0,17.0,17.0,19.0,15.0,10.0,5.0,0.0,0.0,0.0,0.0,19.0,15.0,0.0,0.0,0.0,0.0
C1__baldwinian__s19,C1__baldwinian,C1,C1,baldwinian,19,150,train,50,1.08,18,14,86.56257339404995,0.8541666666666666,0.5,216.0,192.0,183.0,209.0,85.0,79.0,0.0,0.0,27.0,16.0,19.0,21.0,9.0,10.0,0.0,0.0,0.0,0.0,19.0,21.0,0.0,0.0,0.0,0.0
C1__baldwinian__s19,C1__baldwinian,C1,C1,baldwinian,19,200,train,50,1.02,21,21,103.8818384934001,0.75,0.5,218.0,202.0,222.0,241.0,86.0,76.0,0.0,0.0,18.0,15.0,29.0,15.0,14.0,13.0,0.0,0.0,0.0,0.0,29.0,15.0,0.0,0.0,0.0,0.0
C1__baldwinian__s19,C1__baldwinian,C1,C1,baldwinian,19,250,train,50,1.02,10,10,115.00036264206713,0.6458333333333334,0.5,265.0,267.0,276.0,256.0,44.0,55.0,0.0,0.0,14.0,14.0,20.0,15.0,13.0,10.0,0.0,0.0,0.0,0.0,20.0,15.0,0.0,0.0,0.0,0.0
C1__baldwinian__s19,C1__baldwinian,C1,C1,baldwinian,19,300,train,50,0.94,12,12,78.54731494605579,0.8125,0.5,277.0,302.0,300.0,290.0,111.0,106.0,0.0,0.0,16.0,27.0,21.0,15.0,13.0,12.0,0.0,0.0,0.0,0.0,21.0,15.0,0.0,0.0,0.0,0.0
C1__baldwinian__s19,C1__baldwinian,C1,C1,baldwinian,19,350,train,50,0.96,12,12,127.60937354819691,0.6666666666666666,0.5,250.0,279.0,259.0,250.0,99.0,93.0,0.0,0.0,21.0,15.0,25.0,11.0,7.0,16.0,0.0,0.0,0.0,0.0,25.0,11.0,0.0,0.0,0.0,0.0
C1__baldwinian__s19,C1__baldwinian,C1,C1,baldwinian,19,400,train,50,0.92,10,10,96.38585898633974,0.7291666666666666,0.5,265.0,290.0,216.0,212.0,56.0,65.0,0.0,0.0,12.0,17.0,18.0,18.0,10.0,19.0,0.0,0.0,0.0,0.0,18.0,18.0,0.0,0.0,0.0,0.0
C1__baldwinian__s19,C1__baldwinian,C1,C1,baldwinian,19,450,train,50,0.92,9,9,105.53885316854348,0.7708333333333334,0.5,268.0,273.0,278.0,265.0,35.0,61.0,0.0,0.0,14.0,21.0,20.0,19.0,4.0,9.0,0.0,0.0,0.0,0.0,20.0,19.0,0.0,0.0,0.0,0.0
C1__baldwinian__s19,C1__baldwinian,C1,C1,baldwinian,19,500,train,50,1.3,21,21,100.86088785306684,0.7291666666666666,0.5,261.0,236.0,258.0,259.0,85.0,78.0,0.0,0.0,26.0,18.0,21.0,17.0,13.0,11.0,0.0,0.0,0.0,0.0,21.0,17.0,0.0,0.0,0.0,0.0
C1__baldwinian__s19,C1__baldwinian,C1,C1,baldwinian,19,550,train,50,1.54,14,14,97.70844487134167,0.7916666666666666,0.5,226.0,214.0,141.0,160.0,58.0,48.0,0.0,0.0,35.0,27.0,12.0,11.0,10.0,8.0,0.0,0.0,0.0,0.0,12.0,11.0,0.0,0.0,0.0,0.0
C1__baldwinian__s19,C1__baldwinian,C1,C1,baldwinian,19,600,train,50,1.68,16,16,85.92019806158311,0.8541666666666666,0.5,131.0,135.0,145.0,149.0,60.0,81.0,0.0,0.0,20.0,18.0,13.0,21.0,12.0,15.0,0.0,0.0,0.0,0.0,13.0,21.0,0.0,0.0,0.0,0.0
C1__baldwinian__s19,C1__baldwinian,C1,C1,baldwinian,19,650,train,50,1.76,13,13,124.34024133118989,0.7291666666666666,0.5,176.0,185.0,272.0,264.0,60.0,49.0,0.0,0.0,14.0,16.0,26.0,20.0,14.0,8.0,0.0,0.0,0.0,0.0,26.0,20.0,0.0,0.0,0.0,0.0
C1__baldwinian__s19,C1__baldwinian,C1,C1,baldwinian,19,700,train,50,1.88,16,16,81.82793675189822,0.8125,0.5,284.0,288.0,230.0,248.0,90.0,95.0,0.0,0.0,21.0,32.0,15.0,18.0,14.0,7.0,0.0,0.0,0.0,0.0,15.0,18.0,0.0,0.0,0.0,0.0
C1__baldwinian__s19,C1__baldwinian,C1,C1,baldwinian,19,750,train,50,1.96,21,21,112.37606978770725,0.8125,0.5,183.0,167.0,182.0,184.0,97.0,78.0,0.0,0.0,18.0,19.0,17.0,13.0,13.0,8.0,0.0,0.0,0.0,0.0,17.0,13.0,0.0,0.0,0.0,0.0
C1__baldwinian__s19,C1__baldwinian,C1,C1,baldwinian,19,800,train,50,1.98,15,15,104.0083582300673,0.7916666666666666,0.5,158.0,165.0,168.0,169.0,135.0,145.0,0.0,0.0,19.0,27.0,25.0,24.0,15.0,7.0,0.0,0.0,0.0,0.0,25.0,24.0,0.0,0.0,0.0,0.0
C1__baldwinian__s19,C1__baldwinian,C1,C1,baldwinian,19,850,train,50,2.08,14,14,118.2373367729474,0.6458333333333334,0.5,170.0,201.0,208.0,205.0,130.0,128.0,0.0,0.0,13.0,14.0,18.0,20.0,12.0,9.0,0.0,0.0,0.0,0.0,18.0,20.0,0.0,0.0,0.0,0.0
C1__baldwinian__s19,C1__baldwinian,C1,C1,baldwinian,19,900,train,50,2.12,21,21,117.69272411636706,0.7708333333333334,0.5,203.0,208.0,283.0,288.0,89.0,85.0,0.0,0.0,12.0,19.0,21.0,31.0,12.0,11.0,0.0,0.0,0.0,0.0,21.0,31.0,0.0,0.0,0.0,0.0
C1__baldwinian__s19,C1__baldwinian,C1,C1,baldwinian,19,950,train,50,2.14,9,9,67.58500762925442,0.8125,0.5,235.0,245.0,310.0,310.0,100.0,84.0,0.0,0.0,24.0,25.0,21.0,25.0,13.0,6.0,0.0,0.0,0.0,0.0,21.0,25.0,0.0,0.0,0.0,0.0
C1__baldwinian__s19,C1__baldwinian,C1,C1,baldwinian,19,1000,train,50,2.46,14,14,118.37707254242952,0.7083333333333334,0.5,299.0,264.0,270.0,278.0,98.0,86.0,0.0,0.0,23.0,14.0,14.0,19.0,13.0,6.0,0.0,0.0,0.0,0.0,14.0,19.0,0.0,0.0,0.0,0.0
C1__baldwinian__s19,C1__baldwinian,C1,C1,baldwinian,19,1050,train,50,2.74,23,23,110.60097998714633,0.7708333333333334,0.5,226.0,224.0,264.0,255.0,90.0,91.0,0.0,0.0,31.0,12.0,26.0,21.0,8.0,8.0,0.0,0.0,0.0,0.0,26.0,21.0,0.0,0.0,0.0,0.0
C1__baldwinian__s19,C1__baldwinian,C1,C1,baldwinian,19,1100,train,50,2.66,17,17,81.33152818249606,0.8333333333333334,0.5,254.0,288.0,179.0,178.0,42.0,27.0,0.0,0.0,33.0,31.0,19.0,13.0,6.0,9.0,0.0,0.0,0.0,0.0,19.0,13.0,0.0,0.0,0.0,0.0
C1__baldwinian__s19,C1__baldwinian,C1,C1,baldwinian,19,1150,train,50,2.66,16,16,104.4877383143154,0.8333333333333334,0.5,213.0,223.0,141.0,136.0,98.0,109.0,0.0,0.0,23.0,16.0,20.0,14.0,8.0,7.0,0.0,0.0,0.0,0.0,20.0,14.0,0.0,0.0,0.0,0.0
C1__baldwinian__s19,C1__baldwinian,C1,C1,baldwinian,19,1200,train,50,2.7,13,13,78.25670662115186,0.8958333333333334,0.5,139.0,154.0,227.0,199.0,108.0,98.0,0.0,0.0,22.0,18.0,22.0,17.0,18.0,10.0,0.0,0.0,0.0,0.0,22.0,17.0,0.0,0.0,0.0,0.0
C1__baldwinian__s19,C1__baldwinian,C1,C1,baldwinian,19,1250,train,50,2.76,14,14,106.81734714625247,0.6875,0.5,275.0,227.0,271.0,298.0,87.0,84.0,0.0,0.0,23.0,23.0,19.0,13.0,11.0,7.0,0.0,0.0,0.0,0.0,19.0,13.0,0.0,0.0,0.0,0.0
C1__baldwinian__s19,C1__baldwinian,C1,C1,baldwinian,19,1300,train,50,2.8,9,9,111.95877181477371,0.7916666666666666,0.5,243.0,242.0,214.0,218.0,132.0,120.0,0.0,0.0,21.0,26.0,14.0,15.0,17.0,4.0,0.0,0.0,0.0,0.0,14.0,15.0,0.0,0.0,0.0,0.0
C1__baldwinian__s19,C1__baldwinian,C1,C1,baldwinian,19,1350,train,50,2.9,15,15,94.40239207586373,0.7916666666666666,0.5,205.0,224.0,258.0,261.0,69.0,66.0,0.0,0.0,22.0,26.0,19.0,23.0,15.0,14.0,0.0,0.0,0.0,0.0,19.0,23.0,0.0,0.0,0.0,0.0
C1__baldwinian__s19,C1__baldwinian,C1,C1,baldwinian,19,1400,train,50,3.06,15,15,93.10701929767433,0.8333333333333334,0.5,209.0,208.0,177.0,145.0,77.0,72.0,0.0,0.0,17.0,26.0,20.0,14.0,16.0,13.0,0.0,0.0,0.0,0.0,20.0,14.0,0.0,0.0,0.0,0.0
C1__baldwinian__s19,C1__baldwinian,C1,C1,baldwinian,19,1450,train,50,3.38,23,23,57.34267406009354,0.9375,0.5,194.0,170.0,202.0,210.0,59.0,61.0,0.0,0.0,22.0,19.0,23.0,16.0,15.0,11.0,0.0,0.0,0.0,0.0,23.0,16.0,0.0,0.0,0.0,0.0
C1__baldwinian__s19,C1__baldwinian,C1,C1,baldwinian,19,1500,train,50,3.52,13,13,81.53782724509072,0.8541666666666666,0.5,190.0,162.0,221.0,212.0,44.0,43.0,0.0,0.0,24.0,18.0,16.0,12.0,18.0,14.0,0.0,0.0,0.0,0.0,16.0,12.0,0.0,0.0,0.0,0.0
C1__baldwinian__s19,C1__baldwinian,C1,C1,baldwinian,19,1550,eval,50,3.62,18,18,153.68868168319833,0.6458333333333334,0.5,222.0,222.0,225.0,226.0,6.0,9.0,20.0,22.0,20.0,18.0,18.0,19.0,1.0,3.0,3.0,2.0,0.0,0.0,18.0,19.0,0.0,0.0,3.0,2.0
C1__baldwinian__s19,C1__baldwinian,C1,C1,baldwinian,19,1600,eval,50,3.68,14,14,199.25062292484182,0.5208333333333334,0.5,285.0,258.0,234.0,230.0,61.0,61.0,39.0,30.0,18.0,15.0,18.0,19.0,1.0,3.0,3.0,0.0,0.0,0.0,18.0,19.0,0.0,0.0,3.0,0.0
C1__baldwinian__s19,C1__baldwinian,C1,C1,baldwinian,19,1650,eval,50,3.72,12,12,215.95889290485349,0.4166666666666667,0.5,196.0,188.0,305.0,315.0,36.0,35.0,40.0,32.0,12.0,8.0,17.0,10.0,6.0,2.0,5.0,3.0,0.0,0.0,17.0,10.0,0.0,0.0,5.0,3.0
C1__baldwinian__s19,C1__baldwinian,C1,C1,baldwinian,19,1700,eval,50,3.8,11,11,190.42917304502248,0.4583333333333333,0.5,259.0,232.0,291.0,293.0,34.0,18.0,21.0,20.0,18.0,4.0,16.0,24.0,4.0,1.0,4.0,0.0,0.0,0.0,16.0,24.0,0.0,0.0,4.0,0.0
C1__baldwinian__s19,C1__baldwinian,C1,C1,baldwinian,19,1750,eval,50,3.9,17,17,159.41101463503347,0.6041666666666666,0.5,272.0,274.0,241.0,267.0,19.0,11.0,35.0,33.0,16.0,20.0,14.0,16.0,6.0,0.0,6.0,1.0,0.0,0.0,14.0,16.0,0.0,0.0,6.0,1.0
C1__baldwinian__s19,C1__baldwinian,C1,C1,baldwinian,19,1800,eval,50,3.94,13,13,193.02466087112782,0.5208333333333334,0.5,268.0,243.0,223.0,217.0,41.0,44.0,69.0,88.0,20.0,13.0,19.0,14.0,1.0,5.0,2.0,1.0,0.0,0.0,19.0,14.0,0.0,0.0,2.0,1.0
C1__baldwinian__s20,C1__baldwinian,C1,C1,baldwinian,20,50,train,50,0.76,36,6,64.61108771880872,0.875,0.5,153.0,172.0,221.0,190.0,18.0,28.0,0.0,0.0,24.0,24.0,33.0,22.0,12.0,11.0,0.0,0.0,0.0,0.0,33.0,22.0,0.0,0.0,0.0,0.0
C1__baldwinian__s20,C1__baldwinian,C1,C1,baldwinian,20,100,train,50,0.92,7,7,61.05662112398166,0.875,0.5,200.0,208.0,205.0,205.0,34.0,31.0,0.0,0.0,15.0,28.0,21.0,14.0,19.0,8.0,0.0,0.0,0.0,0.0,21.0,14.0,0.0,0.0,0.0,0.0
C1__baldwinian__s20,C1__baldwinian,C1,C1,baldwinian,20,150,train,46,1.1521739130434783,16,20,98.68036150291493,0.7916666666666666,0.5,193.0,182.0,198.0,226.0,58.0,56.0,0.0,0.0,17.0,24.0,17.0,20.0,15.0,8.0,0.0,0.0,0.0,0.0,17.0,20.0,0.0,0.0,0.0,0.0
C1__baldwinian__s20,C1__baldwinian,C1,C1,baldwinian,20,200,train,50,1.2,22,18,59.73980166751036,0.9166666666666666,0.5,137.0,129.0,194.0,225.0,46.0,56.0,0.0,0.0,18.0,22.0,16.0,18.0,12.0,12.0,0.0,0.0,0.0,0.0,16.0,18.0,0.0,0.0,0.0,0.0
C1__baldwinian__s20,C1__baldwinian,C1,C1,baldwinian,20,250,train,50,1.18,11,11,60.02939324248586,0.9375,0.5,234.0,228.0,167.0,169.0,54.0,69.0,0.0,0.0,19.0,17.0,10.0,16.0,21.0,12.0,0.0,0.0,0.0,0.0,10.0,16.0,0.0,0.0,0.0,0.0
C1__baldwinian__s20,C1__baldwinian,C1,C1,baldwinian,20,300,train,50,1.32,19,19,112.28795545318775,0.75,0.5,183.0,212.0,175.0,208.0,51.0,44.0,0.0,0.0,14.0,20.0,14.0,24.0,17.0,14.0,0.0,0.0,0.0,0.0,14.0,24.0,0.0,0.0,0.0,0.0
C1__baldwinian__s20,C1__baldwinian,C1,C1,baldwinian,20,350,train,50,1.44,18,18,80.38226427969735,0.8541666666666666,0.5,175.0,191.0,200.0,172.0,69.0,87.0,0.0,0.0,20.0,16.0,23.0,18.0,13.0,18.0,0.0,0.0,0.0,0.0,23.0,18.0,0.0,0.0,0.0,0.0
C1__baldwinian__s20,C1__baldwinian,C1,C1,baldwinian,20,400,train,50,1.3,18,18,81.11686556975778,0.8333333333333334,0.5,238.0,202.0,168.0,170.0,75.0,60.0,0.0,0.0,22.0,14.0,25.0,19.0,11.0,20.0,0.0,0.0,0.0,0.0,25.0,19.0,0.0,0.0,0.0,0.0
C1__baldwinian__s20,C1__baldwinian,C1,C1,baldwinian,20,450,train,50,1.32,16,16,120.029878699924,0.7083333333333334,0.5,286.0,255.0,196.0,223.0,72.0,63.0,0.0,0.0,17.0,18.0,11.0,20.0,17.0,13.0,0.0,0.0,0.0,0.0,11.0,20.0,0.0,0.0,0.0,0.0
C1__baldwinian__s20,C1__baldwinian,C1,C1,baldwinian,20,500,train,50,1.34,22,22,69.34719735961829,0.8541666666666666,0.5,218.0,225.0,279.0,310.0,60.0,66.0,0.0,0.0,22.0,7.0,23.0,23.0,5.0,11.0,0.0,0.0,0.0,0.0,23.0,23.0,0.0,0.0,0.0,0.0
C1__baldwinian__s20,C1__baldwinian,C1,C1,baldwinian,20,550,train,50,1.62,17,17,83.39658247780734,0.7916666666666666,0.5,148.0,121.0,183.0,214.0,92.0,112.0,0.0,0.0,20.0,14.0,13.0,13.0,16.0,17.0,0.0,0.0,0.0,0.0,13.0,13.0,0.0,0.0,0.0,0.0
C1__baldwinian__s20,C1__baldwinian,C1,C1,baldwinian,20,600,train,50,1.78,15,15,96.319595886993,0.8541666666666666,0.5,183.0,148.0,233.0,211.0,38.0,32.0,0.0,0.0,18.0,19.0,25.0,8.0,10.0,8.0,0.0,0.0,0.0,0.0,25.0,8.0,0.0,0.0,0.0,0.0
C1__baldwinian__s20,C1__baldwinian,C1,C1,baldwinian,20,650,train,50,1.86,17,17,56.77320194660638,0.9166666666666666,0.5,242.0,211.0,267.0,272.0,47.0,51.0,0.0,0.0,23.0,15.0,25.0,16.0,10.0,25.0,0.0,0.0,0.0,0.0,25.0,16.0,0.0,0.0,0.0,0.0
C1__baldwinian__s20,C1__baldwinian,C1,C1,baldwinian,20,700,train,50,2.1,18,18,126.41283042802,0.7083333333333334,0.5,189.0,176.0,196.0,196.0,81.0,83.0,0.0,0.0,18.0,24.0,15.0,16.0,15.0,12.0,0.0,0.0,0.0,0.0,15.0,16.0,0.0,0.0,0.0,0.0
C1__baldwinian__s20,C1__baldwinian,C1,C1,baldwinian,20,750,train,50,2.3,19,19,69.69974255453982,0.875,0.5,156.0,154.0,213.0,190.0,89.0,86.0,0.0,0.0,15.0,22.0,26.0,15.0,13.0,12.0,0.0,0.0,0.0,0.0,26.0,15.0,0.0,0.0,0.0,0.0
C1__baldwinian__s20,C1__baldwinian,C1,C1,baldwinian,20,800,train,50,2.42,18,18,83.47277353991686,0.8333333333333334,0.5,183.0,175.0,197.0,169.0,98.0,87.0,0.0,0.0,20.0,17.0,14.0,27.0,13.0,19.0,0.0,0.0,0.0,0.0,14.0,27.0,0.0,0.0,0.0,0.0
C1__baldwinian__s20,C1__baldwinian,C1,C1,baldwinian,20,850,train,50,2.44,22,22,72.78423698560925,0.8333333333333334,0.5,162.0,164.0,187.0,218.0,31.0,30.0,0.0,0.0,28.0,22.0,11.0,29.0,12.0,12.0,0.0,0.0,0.0,0.0,11.0,29.0,0.0,0.0,0.0,0.0
C1__baldwinian__s20,C1__baldwinian,C1,C1,baldwinian,20,900,train,50,2.56,26,26,63.05594131346951,0.875,0.5,172.0,168.0,198.0,192.0,50.0,56.0,0.0,0.0,18.0,18.0,21.0,18.0,12.0,13.0,0.0,0.0,0.0,0.0,21.0,18.0,0.0,0.0,0.0,0.0
C1__baldwinian__s20,C1__baldwinian,C1,C1,baldwinian,20,950,train,50,2.66,20,20,79.10983025223742,0.8541666666666666,0.5,149.0,160.0,167.0,144.0,59.0,56.0,0.0,0.0,20.0,13.0,16.0,16.0,13.0,12.0,0.0,0.0,0.0,0.0,16.0,16.0,0.0,0.0,0.0,0.0
C1__baldwinian__s20,C1__baldwinian,C1,C1,baldwinian,20,1000,train,50,2.8,18,18,89.14971563541343,0.8333333333333334,0.5,192.0,170.0,211.0,197.0,71.0,85.0,0.0,0.0,28.0,17.0,11.0,23.0,18.0,11.0,0.0,0.0,0.0,0.0,11.0,23.0,0.0,0.0,0.0,0.0
C1__baldwinian__s20,C1__baldwinian,C1,C1,baldwinian,20,1050,train,48,3.1875,19,21,43.69704207447657,0.9375,0.5,169.0,129.0,169.0,164.0,31.0,38.0,0.0,0.0,29.0,20.0,25.0,13.0,12.0,22.0,0.0,0.0,0.0,0.0,25.0,13.0,0.0,0.0,0.0,0.0
C1__baldwinian__s20,C1__baldwinian,C1,C1,baldwinian,20,1100,train,39,3.358974358974359,13,22,104.69762435542464,0.8125,0.5,128.0,128.0,207.0,211.0,54.0,53.0,0.0,0.0,14.0,22.0,24.0,18.0,14.0,10.0,0.0,0.0,0.0,0.0,24.0,18.0,0.0,0.0,0.0,0.0
C1__baldwinian__s20,C1__baldwinian,C1,C1,baldwinian,20,1150,train,40,3.775,18,17,96.7238436521823,0.8333333333333334,0.5,145.0,158.0,105.0,114.0,53.0,51.0,0.0,0.0,21.0,14.0,8.0,17.0,20.0,11.0,0.0,0.0,0.0,0.0,8.0,17.0,0.0,0.0,0.0,0.0
C1__baldwinian__s20,C1__baldwinian,C1,C1,baldwinian,20,1200,train,45,4.0,20,15,71.60238572367538,0.875,0.5,176.0,158.0,122.0,149.0,54.0,46.0,0.0,0.0,30.0,18.0,19.0,25.0,19.0,13.0,0.0,0.0,0.0,0.0,19.0,25.0,0.0,0.0,0.0,0.0
C1__baldwinian__s20,C1__baldwinian,C1,C1,baldwinian,20,1250,train,38,4.105263157894737,14,21,158.32312929339244,0.625,0.5,179.0,150.0,167.0,169.0,47.0,60.0,0.0,0.0,20.0,17.0,19.0,17.0,7.0,10.0,0.0,0.0,0.0,0.0,19.0,17.0,0.0,0.0,0.0,0.0
C1__baldwinian__s20,C1__baldwinian,C1,C1,baldwinian,20,1300,train,47,4.276595744680851,23,14,79.87979161861574,0.8541666666666666,0.5,157.0,159.0,136.0,159.0,61.0,69.0,0.0,0.0,28.0,19.0,12.0,23.0,11.0,23.0,0.0,0.0,0.0,0.0,12.0,23.0,0.0,0.0,0.0,0.0
C1__baldwinian__s20,C1__baldwinian,C1,C1,baldwinian,20,1350,train,43,4.27906976744186,16,20,71.60581792609881,0.875,0.5,241.0,228.0,216.0,171.0,47.0,51.0,0.0,0.0,28.0,15.0,21.0,12.0,13.0,20.0,0.0,0.0,0.0,0.0,21.0,12.0,0.0,0.0,0.0,0.0
C1__baldwinian__s20,C1__baldwinian,C1,C1,baldwinian,20,1400,train,48,4.5,24,19,91.89690446394712,0.8125,0.5,218.0,228.0,217.0,203.0,86.0,102.0,0.0,0.0,19.0,21.0,19.0,21.0,14.0,18.0,0.0,0.0,0.0,0.0,19.0,21.0,0.0,0.0,0.0,0.0
C1__baldwinian__s20,C1__baldwinian,C1,C1,baldwinian,20,1450,train,50,4.58,13,11,80.12763541854254,0.8958333333333334,0.5,192.0,195.0,196.0,198.0,31.0,47.0,0.0,0.0,26.0,15.0,22.0,15.0,8.0,15.0,0.0,0.0,0.0,0.0,22.0,15.0,0.0,0.0,0.0,0.0
C1__baldwinian__s20,C1__baldwinian,C1,C1,baldwinian,20,1500,train,45,4.711111111111111,19,24,107.81883424358247,0.75,0.5,218.0,210.0,176.0,180.0,37.0,49.0,0.0,0.0,22.0,21.0,16.0,15.0,14.0,10.0,0.0,0.0,0.0,0.0,16.0,15.0,0.0,0.0,0.0,0.0
C1__baldwinian__s20,C1__baldwinian,C1,C1,baldwinian,20,1550,eval,50,4.94,21,16,125.78518899080953,0.7291666666666666,0.5,220.0,184.0,187.0,175.0,34.0,43.0,21.0,29.0,23.0,14.0,12.0,10.0,6.0,4.0,6.0,6.0,0.0,0.0,12.0,10.0,0.0,0.0,6.0,6.0
C1__baldwinian__s20,C1__baldwinian,C1,C1,baldwinian,20,1600,eval,50,4.82,17,17,85.99826016133709,0.7708333333333334,0.5,239.0,227.0,275.0,272.0,70.0,88.0,29.0,28.0,16.0,13.0,21.0,19.0,9.0,13.0,6.0,1.0,0.0,0.0,21.0,19.0,0.0,0.0,6.0,1.0
C1__baldwinian__s20,C1__baldwinian,C1,C1,baldwinian,20,1650,eval,50,5.18,15,15,104.31214978473906,0.7708333333333334,0.5,240.0,259.0,153.0,173.0,92.0,87.0,23.0,34.0,18.0,17.0,12.0,15.0,9.0,3.0,3.0,8.0,0.0,0.0,12.0,15.0,0.0,0.0,3.0,8.0
C1__baldwinian__s20,C1__baldwinian,C1,C1,baldwinian,20,1700,eval,50,5.4,17,17,136.9582858790695,0.7083333333333334,0.5,221.0,236.0,185.0,158.0,28.0,32.0,60.0,64.0,18.0,17.0,13.0,20.0,6.0,7.0,1.0,2.0,0.0,0.0,13.0,20.0,0.0,0.0,1.0,2.0
C1__baldwinian__s20,C1__baldwinian,C1,C1,baldwinian,20,1750,eval,50,5.56,13,13,177.31263986681654,0.5625,0.5,208.0,190.0,277.0,275.0,75.0,66.0,40.0,26.0,10.0,17.0,12.0,12.0,5.0,3.0,9.0,6.0,0.0,0.0,12.0,12.0,0.0,0.0,9.0,6.0
C1__baldwinian__s20,C1__baldwinian,C1,C1,baldwinian,20,1800,eval,50,5.5,8,8,143.8576873764594,0.6458333333333334,0.5,233.0,229.0,209.0,207.0,6.0,3.0,78.0,67.0,22.0,28.0,12.0,11.0,1.0,0.0,2.0,3.0,0.0,0.0,12.0,11.0,0.0,0.0,2.0,3.0
C1__baldwinian__s21,C1__baldwinian,C1,C1,baldwinian,21,50,train,50,0.78,33,3,109.03977508375473,0.8125,0.5,163.0,136.0,119.0,112.0,31.0,37.0,0.0,0.0,31.0,21.0,27.0,21.0,3.0,6.0,0.0,0.0,0.0,0.0,27.0,21.0,0.0,0.0,0.0,0.0
C1__baldwinian__s21,C1__baldwinian,C1,C1,baldwinian,21,100,train,50,0.8,8,8,63.95247928788896,0.875,0.5,194.0,177.0,207.0,210.0,37.0,29.0,0.0,0.0,32.0,15.0,17.0,15.0,5.0,4.0,0.0,0.0,0.0,0.0,17.0,15.0,0.0,0.0,0.0,0.0
C1__baldwinian__s21,C1__baldwinian,C1,C1,baldwinian,21,150,train,44,1.0454545454545454,22,28,81.04265864589505,0.8541666666666666,0.5,181.0,166.0,191.0,185.0,53.0,59.0,0.0,0.0,28.0,12.0,20.0,22.0,7.0,10.0,0.0,0.0,0.0,0.0,20.0,22.0,0.0,0.0,0.0,0.0
C1__baldwinian__s21,C1__baldwinian,C1,C1,baldwinian,21,200,train,49,1.0816326530612246,18,13,139.9773205599957,0.7291666666666666,0.5,225.0,216.0,195.0,222.0,40.0,46.0,0.0,0.0,18.0,21.0,19.0,20.0,4.0,4.0,0.0,0.0,0.0,0.0,19.0,20.0,0.0,0.0,0.0,0.0
C1__baldwinian__s21,C1__baldwinian,C1,C1,baldwinian,21,250,train,50,1.38,18,17,110.11769184922412,0.75,0.5,244.0,237.0,191.0,188.0,30.0,43.0,0.0,0.0,19.0,26.0,20.0,18.0,4.0,10.0,0.0,0.0,0.0,0.0,20.0,18.0,0.0,0.0,0.0,0.0
C1__baldwinian__s21,C1__baldwinian,C1,C1,baldwinian,21,300,train,50,1.34,17,17,100.15929510308659,0.7708333333333334,0.5,320.0,356.0,168.0,181.0,68.0,58.0,0.0,0.0,19.0,32.0,14.0,14.0,8.0,12.0,0.0,0.0,0.0,0.0,14.0,14.0,0.0,0.0,0.0,0.0
C1__baldwinian__s21,C1__baldwinian,C1,C1,baldwinian,21,350,train,50,1.4,18,18,71.33424027074982,0.875,0.5,219.0,226.0,296.0,318.0,30.0,28.0,0.0,0.0,23.0,32.0,22.0,20.0,3.0,6.0,0.0,0.0,0.0,0.0,22.0,20.0,0.0,0.0,0.0,0.0
C1__baldwinian__s21,C1__baldwinian,C1,C1,baldwinian,21,400,train,50,1.44,13,13,119.27022825156631,0.7083333333333334,0.5,154.0,147.0,228.0,206.0,16.0,17.0,0.0,0.0,16.0,16.0,18.0,20.0,4.0,9.0,0.0,0.0,0.0,0.0,18.0,20.0,0.0,0.0,0.0,0.0
C1__baldwinian__s21,C1__baldwinian,C1,C1,baldwinian,21,450,train,50,1.56,22,22,84.10426000052907,0.8333333333333334,0.5,196.0,168.0,258.0,230.0,57.0,60.0,0.0,0.0,22.0,22.0,30.0,24.0,7.0,10.0,0.0,0.0,0.0,0.0,30.0,24.0,0.0,0.0,0.0,0.0
C1__baldwinian__s21,C1__baldwinian,C1,C1,baldwinian,21,500,train,49,1.816326530612245,22,23,86.4877248147068,0.8125,0.5,259.0,278.0,241.0,243.0,32.0,18.0,0.0,0.0,29.0,23.0,20.0,25.0,11.0,3.0,0.0,0.0,0.0,0.0,20.0,25.0,0.0,0.0,0.0,0.0
C1__baldwinian__s21,C1__baldwinian,C1,C1,baldwinian,21,550,train,48,2.25,22,23,87.29613985369313,0.8541666666666666,0.5,183.0,199.0,183.0,178.0,21.0,17.0,0.0,0.0,29.0,30.0,16.0,20.0,6.0,7.0,0.0,0.0,0.0,0.0,16.0,20.0,0.0,0.0,0.0,0.0
C1__baldwinian__s21,C1__baldwinian,C1,C1,baldwinian,21,600,train,50,2.4,17,15,128.8728930704501,0.75,0.5,215.0,217.0,198.0,195.0,38.0,35.0,0.0,0.0,17.0,12.0,24.0,16.0,7.0,8.0,0.0,0.0,0.0,0.0,24.0,16.0,0.0,0.0,0.0,0.0
C1__baldwinian__s21,C1__baldwinian,C1,C1,baldwinian,21,650,train,50,2.54,14,14,94.55227200597407,0.8541666666666666,0.5,251.0,236.0,241.0,203.0,43.0,38.0,0.0,0.0,26.0,21.0,23.0,12.0,13.0,8.0,0.0,0.0,0.0,0.0,23.0,12.0,0.0,0.0,0.0,0.0
C1__baldwinian__s21,C1__baldwinian,C1,C1,baldwinian,21,700,train,50,2.64,22,22,53.99167977507204,0.9375,0.5,164.0,149.0,262.0,264.0,18.0,17.0,0.0,0.0,28.0,15.0,25.0,23.0,7.0,6.0,0.0,0.0,0.0,0.0,25.0,23.0,0.0,0.0,0.0,0.0
C1__baldwinian__s21,C1__baldwinian,C1,C1,baldwinian,21,750,train,50,2.84,18,18,55.98582757712288,0.875,0.5,171.0,135.0,196.0,187.0,43.0,30.0,0.0,0.0,25.0,15.0,18.0,20.0,11.0,8.0,0.0,0.0,0.0,0.0,18.0,20.0,0.0,0.0,0.0,0.0
C1__baldwinian__s21,C1__baldwinian,C1,C1,baldwinian,21,800,train,50,2.94,16,16,116.68011210891152,0.7083333333333334,0.5,207.0,212.0,182.0,208.0,20.0,17.0,0.0,0.0,30.0,18.0,24.0,17.0,4.0,3.0,0.0,0.0,0.0,0.0,24.0,17.0,0.0,0.0,0.0,0.0
C1__baldwinian__s21,C1__baldwinian,C1,C1,baldwinian,21,850,train,50,3.18,24,24,62.03171918265171,0.8541666666666666,0.5,281.0,272.0,205.0,211.0,48.0,60.0,0.0,0.0,33.0,19.0,21.0,15.0,8.0,4.0,0.0,0.0,0.0,0.0,21.0,15.0,0.0,0.0,0.0,0.0
C1__baldwinian__s21,C1__baldwinian,C1,C1,baldwinian,21,900,train,50,3.12,14,14,88.91489815736585,0.8541666666666666,0.5,236.0,251.0,223.0,212.0,48.0,51.0,0.0,0.0,25.0,22.0,28.0,17.0,7.0,3.0,0.0,0.0,0.0,0.0,28.0,17.0,0.0,0.0,0.0,0.0
C1__baldwinian__s21,C1__baldwinian,C1,C1,baldwinian,21,950,train,50,3.24,20,20,83.16985708646035,0.7708333333333334,0.5,228.0,202.0,280.0,322.0,56.0,61.0,0.0,0.0,25.0,22.0,24.0,19.0,6.0,7.0,0.0,0.0,0.0,0.0,24.0,19.0,0.0,0.0,0.0,0.0
C1__baldwinian__s21,C1__baldwinian,C1,C1,baldwinian,21,1000,train,50,3.4,17,17,90.34755962933258,0.7916666666666666,0.5,271.0,242.0,234.0,223.0,44.0,42.0,0.0,0.0,20.0,24.0,24.0,18.0,9.0,5.0,0.0,0.0,0.0,0.0,24.0,18.0,0.0,0.0,0.0,0.0
C1__baldwinian__s21,C1__baldwinian,C1,C1,baldwinian,21,1050,train,50,3.72,24,24,121.32235137126776,0.75,0.5,252.0,272.0,216.0,240.0,39.0,65.0,0.0,0.0,17.0,20.0,21.0,20.0,3.0,12.0,0.0,0.0,0.0,0.0,21.0,20.0,0.0,0.0,0.0,0.0
C1__baldwinian__s21,C1__baldwinian,C1,C1,baldwinian,21,1100,train,50,3.92,23,23,113.16800310114158,0.7291666666666666,0.5,170.0,190.0,270.0,264.0,63.0,51.0,0.0,0.0,22.0,15.0,26.0,21.0,6.0,9.0,0.0,0.0,0.0,0.0,26.0,21.0,0.0,0.0,0.0,0.0
C1__baldwinian__s21,C1__baldwinian,C1,C1,baldwinian,21,1150,train,50,3.94,16,16,79.81580232861101,0.8541666666666666,0.5,269.0,224.0,239.0,261.0,17.0,28.0,0.0,0.0,34.0,18.0,22.0,14.0,4.0,11.0,0.0,0.0,0.0,0.0,22.0,14.0,0.0,0.0,0.0,0.0
C1__baldwinian__s21,C1__baldwinian,C1,C1,baldwinian,21,1200,train,50,3.98,19,19,71.50072558832777,0.8333333333333334,0.5,265.0,287.0,281.0,270.0,35.0,37.0,0.0,0.0,25.0,13.0,25.0,24.0,9.0,8.0,0.0,0.0,0.0,0.0,25.0,24.0,0.0,0.0,0.0,0.0
C1__baldwinian__s21,C1__baldwinian,C1,C1,baldwinian,21,1250,train,50,4.0,19,19,55.813440116867206,0.9166666666666666,0.5,283.0,304.0,239.0,251.0,49.0,35.0,0.0,0.0,24.0,26.0,17.0,31.0,12.0,3.0,0.0,0.0,0.0,0.0,17.0,31.0,0.0,0.0,0.0,0.0
C1__baldwinian__s21,C1__baldwinian,C1,C1,baldwinian,21,1300,train,50,4.14,14,14,124.7700529708581,0.7083333333333334,0.5,186.0,201.0,237.0,241.0,24.0,29.0,0.0,0.0,16.0,29.0,6.0,22.0,5.0,10.0,0.0,0.0,0.0,0.0,6.0,22.0,0.0,0.0,0.0,0.0
C1__baldwinian__s21,C1__baldwinian,C1,C1,baldwinian,21,1350,train,50,4.54,18,18,49.392527259446645,0.9375,0.5,243.0,243.0,178.0,183.0,18.0,15.0,0.0,0.0,34.0,16.0,24.0,19.0,11.0,8.0,0.0,0.0,0.0,0.0,24.0,19.0,0.0,0.0,0.0,0.0
C1__baldwinian__s21,C1__baldwinian,C1,C1,baldwinian,21,1400,train,50,4.94,16,16,99.72965241285067,0.7708333333333334,0.5,189.0,201.0,220.0,235.0,6.0,5.0,0.0,0.0,20.0,18.0,22.0,27.0,4.0,3.0,0.0,0.0,0.0,0.0,22.0,27.0,0.0,0.0,0.0,0.0
C1__baldwinian__s21,C1__baldwinian,C1,C1,baldwinian,21,1450,train,50,5.12,22,22,81.49550477450893,0.8125,0.5,295.0,321.0,234.0,216.0,46.0,56.0,0.0,0.0,24.0,29.0,18.0,29.0,7.0,11.0,0.0,0.0,0.0,0.0,18.0,29.0,0.0,0.0,0.0,0.0
C1__baldwinian__s21,C1__baldwinian,C1,C1,baldwinian,21,1500,train,50,5.14,27,27,99.3950499116603,0.7916666666666666,0.5,183.0,189.0,278.0,285.0,32.0,30.0,0.0,0.0,20.0,19.0,25.0,24.0,5.0,5.0,0.0,0.0,0.0,0.0,25.0,24.0,0.0,0.0,0.0,0.0
C1__baldwinian__s21,C1__baldwinian,C1,C1,baldwinian,21,1550,eval,49,5.448979591836735,24,25,96.51357578174364,0.8541666666666666,0.5,189.0,207.0,194.0,231.0,21.0,18.0,97.0,87.0,23.0,17.0,17.0,15.0,2.0,0.0,7.0,10.0,0.0,0.0,17.0,15.0,0.0,0.0,7.0,10.0
C1__baldwinian__s21,C1__baldwinian,C1,C1,baldwinian,21,1600,eval,50,5.54,20,19,185.4087112618322,0.5208333333333334,0.5,278.0,305.0,221.0,222.0,57.0,48.0,40.0,35.0,13.0,22.0,19.0,20.0,1.0,7.0,1.0,2.0,0.0,0.0,19.0,20.0,0.0,0.0,1.0,2.0
C1__baldwinian__s21,C1__baldwinian,C1,C1,baldwinian,21,1650,eval,50,5.58,13,13,177.5986556490354,0.4583333333333333,0.5,363.0,327.0,306.0,264.0,45.0,47.0,20.0,31.0,21.0,17.0,19.0,17.0,1.0,5.0,0.0,0.0,0.0,0.0,19.0,17.0,0.0,0.0,0.0,0.0
C1__baldwinian__s21,C1__baldwinian,C1,C1,baldwinian,21,1700,eval,50,5.58,13,13,182.58189516190487,0.5833333333333334,0.5,392.0,365.0,350.0,342.0,25.0,30.0,6.0,13.0,24.0,12.0,22.0,20.0,0.0,3.0,0.0,4.0,0.0,0.0,22.0,20.0,0.0,0.0,0.0,4.0
C1__baldwinian__s21,C1__baldwinian,C1,C1,baldwinian,21,1750,eval,50,5.78,15,15,212.3590037623261,0.4375,0.5,371.0,350.0,304.0,284.0,19.0,14.0,36.0,41.0,24.0,14.0,20.0,15.0,2.0,1.0,5.0,3.0,0.0,0.0,20.0,15.0,0.0,0.0,5.0,3.0
C1__baldwinian__s21,C1__baldwinian,C1,C1,baldwinian,21,1800,eval,50,5.94,13,13,167.44333910495217,0.625,0.5,374.0,358.0,260.0,299.0,22.0,18.0,12.0,8.0,22.0,30.0,25.0,16.0,1.0,0.0,2.0,4.0,0.0,0.0,25.0,16.0,0.0,0.0,2.0,4.0
C1__baldwinian__s22,C1__baldwinian,C1,C1,baldwinian,22,50,train,50,0.82,35,5,72.08363766461144,0.875,0.5,121.0,124.0,126.0,130.0,65.0,54.0,0.0,0.0,22.0,18.0,23.0,29.0,19.0,4.0,0.0,0.0,0.0,0.0,23.0,29.0,0.0,0.0,0.0,0.0
C1__baldwinian__s22,C1__baldwinian,C1,C1,baldwinian,22,100,train,50,0.84,10,10,72.84215219433737,0.8958333333333334,0.5,201.0,182.0,234.0,238.0,68.0,73.0,0.0,0.0,20.0,22.0,18.0,13.0,9.0,12.0,0.0,0.0,0.0,0.0,18.0,13.0,0.0,0.0,0.0,0.0
C1__baldwinian__s22,C1__baldwinian,C1,C1,baldwinian,22,150,train,50,1.02,23,23,86.63994625090663,0.7708333333333334,0.5,189.0,188.0,306.0,296.0,83.0,106.0,0.0,0.0,17.0,14.0,31.0,24.0,11.0,7.0,0.0,0.0,0.0,0.0,31.0,24.0,0.0,0.0,0.0,0.0
C1__baldwinian__s22,C1__baldwinian,C1,C1,baldwinian,22,200,train,50,1.1,17,17,67.49939533445776,0.875,0.5,199.0,170.0,213.0,224.0,64.0,75.0,0.0,0.0,21.0,21.0,20.0,20.0,15.0,10.0,0.0,0.0,0.0,0.0,20.0,20.0,0.0,0.0,0.0,0.0
C1__baldwinian__s22,C1__baldwinian,C1,C1,baldwinian,22,250,train,50,1.28,16,16,79.8495998886159,0.875,0.5,224.0,209.0,173.0,164.0,30.0,19.0,0.0,0.0,25.0,15.0,29.0,19.0,13.0,5.0,0.0,0.0,0.0,0.0,29.0,19.0,0.0,0.0,0.0,0.0
C1__baldwinian__s22,C1__baldwinian,C1,C1,baldwinian,22,300,train,50,1.58,20,20,79.52350294581032,0.8333333333333334,0.5,181.0,159.0,166.0,186.0,39.0,42.0,0.0,0.0,24.0,20.0,20.0,14.0,19.0,6.0,0.0,0.0,0.0,0.0,20.0,14.0,0.0,0.0,0.0,0.0
C1__baldwinian__s22,C1__baldwinian,C1,C1,baldwinian,22,350,train,50,1.64,26,26,74.29552584820787,0.8541666666666666,0.5,185.0,191.0,218.0,211.0,56.0,39.0,0.0,0.0,21.0,23.0,18.0,24.0,9.0,7.0,0.0,0.0,0.0,0.0,18.0,24.0,0.0,0.0,0.0,0.0
C1__baldwinian__s22,C1__baldwinian,C1,C1,baldwinian,22,400,train,50,1.62,18,18,79.94512451455384,0.875,0.5,195.0,208.0,158.0,153.0,66.0,59.0,0.0,0.0,15.0,24.0,15.0,17.0,9.0,13.0,0.0,0.0,0.0,0.0,15.0,17.0,0.0,0.0,0.0,0.0
C1__baldwinian__s22,C1__baldwinian,C1,C1,baldwinian,22,450,train,50,1.58,16,16,63.22148749523126,0.8958333333333334,0.5,181.0,209.0,136.0,123.0,35.0,28.0,0.0,0.0,22.0,19.0,12.0,14.0,9.0,10.0,0.0,0.0,0.0,0.0,12.0,14.0,0.0,0.0,0.0,0.0
C1__baldwinian__s22,C1__baldwinian,C1,C1,baldwinian,22,500,train,43,1.697674418604651,16,23,81.0043785241848,0.875,0.5,142.0,140.0,117.0,128.0,27.0,32.0,0.0,0.0,22.0,22.0,11.0,19.0,8.0,7.0,0.0,0.0,0.0,0.0,11.0,19.0,0.0,0.0,0.0,0.0
C1__baldwinian__s22,C1__baldwinian,C1,C1,baldwinian,22,550,train,44,2.2045454545454546,25,24,70.0467665738776,0.8541666666666666,0.5,137.0,105.0,163.0,172.0,46.0,47.0,0.0,0.0,22.0,18.0,18.0,25.0,13.0,8.0,0.0,0.0,0.0,0.0,18.0,25.0,0.0,0.0,0.0,0.0
C1__baldwinian__s22,C1__baldwinian,C1,C1,baldwinian,22,600,train,46,2.347826086956522,17,15,57.80783887117177,0.9583333333333334,0.5,168.0,189.0,123.0,158.0,52.0,47.0,0.0,0.0,25.0,30.0,14.0,8.0,10.0,15.0,0.0,0.0,0.0,0.0,14.0,8.0,0.0,0.0,0.0,0.0
C1__baldwinian__s22,C1__baldwinian,C1,C1,baldwinian,22,650,train,44,2.477272727272727,14,16,90.40485888853756,0.8333333333333334,0.5,138.0,122.0,135.0,123.0,62.0,49.0,0.0,0.0,26.0,19.0,18.0,15.0,13.0,14.0,0.0,0.0,0.0,0.0,18.0,15.0,0.0,0.0,0.0,0.0
C1__baldwinian__s22,C1__baldwinian,C1,C1,baldwinian,22,700,train,50,2.62,18,12,105.20297070655175,0.7291666666666666,0.5,219.0,217.0,214.0,223.0,24.0,28.0,0.0,0.0,21.0,28.0,18.0,18.0,11.0,8.0,0.0,0.0,0.0,0.0,18.0,18.0,0.0,0.0,0.0,0.0
C1__baldwinian__s22,C1__baldwinian,C1,C1,baldwinian,22,750,train,50,2.58,17,17,72.02524294886608,0.8958333333333334,0.5,197.0,188.0,199.0,171.0,36.0,37.0,0.0,0.0,19.0,26.0,15.0,23.0,14.0,11.0,0.0,0.0,0.0,0.0,15.0,23.0,0.0,0.0,0.0,0.0
C1__baldwinian__s22,C1__baldwinian,C1,C1,baldwinian,22,800,train,50,2.58,12,12,74.02489486886589,0.8958333333333334,0.5,118.0,136.0,229.0,229.0,48.0,46.0,0.0,0.0,10.0,19.0,22.0,20.0,12.0,11.0,0.0,0.0,0.0,0.0,22.0,20.0,0.0,0.0,0.0,0.0
C1__baldwinian__s22,C1__baldwinian,C1,C1,baldwinian,22,850,train,50,2.48,20,20,69.01033532479066,0.8958333333333334,0.5,209.0,166.0,210.0,230.0,53.0,54.0,0.0,0.0,24.0,23.0,25.0,18.0,14.0,9.0,0.0,0.0,0.0,0.0,25.0,18.0,0.0,0.0,0.0,0.0
C1__baldwinian__s22,C1__baldwinian,C1,C1,baldwinian,22,900,train,50,2.58,18,18,81.73518070351822,0.8333333333333334,0.5,240.0,210.0,215.0,212.0,48.0,48.0,0.0,0.0,25.0,25.0,22.0,19.0,10.0,6.0,0.0,0.0,0.0,0.0,22.0,19.0,0.0,0.0,0.0,0.0
C1__baldwinian__s22,C1__baldwinian,C1,C1,baldwinian,22,950,train,50,2.66,14,14,120.21744784097845,0.7291666666666666,0.5,282.0,251.0,219.0,177.0,88.0,81.0,0.0,0.0,21.0,14.0,18.0,13.0,10.0,14.0,0.0,0.0,0.0,0.0,18.0,13.0,0.0,0.0,0.0,0.0
C1__baldwinian__s22,C1__baldwinian,C1,C1,baldwinian,22,1000,train,50,2.92,21,21,62.13743151808371,0.9166666666666666,0.5,212.0,254.0,176.0,208.0,47.0,60.0,0.0,0.0,29.0,28.0,20.0,24.0,13.0,11.0,0.0,0.0,0.0,0.0,20.0,24.0,0.0,0.0,0.0,0.0
C1__baldwinian__s22,C1__baldwinian,C1,C1,baldwinian,22,1050,train,50,3.1,27,27,80.35638205487996,0.8125,0.5,160.0,160.0,151.0,127.0,51.0,56.0,0.0,0.0,12.0,18.0,27.0,20.0,9.0,12.0,0.0,0.0,0.0,0.0,27.0,20.0,0.0,0.0,0.0,0.0
C1__baldwinian__s22,C1__baldwinian,C1,C1,baldwinian,22,1100,train,50,3.2,15,15,123.41701027709739,0.6875,0.5,167.0,174.0,175.0,175.0,51.0,66.0,0.0,0.0,22.0,21.0,15.0,10.0,7.0,13.0,0.0,0.0,0.0,0.0,15.0,10.0,0.0,0.0,0.0,0.0
C1__baldwinian__s22,C1__baldwinian,C1,C1,baldwinian,22,1150,train,50,3.16,9,9,79.16335579983377,0.875,0.5,251.0,264.0,193.0,231.0,91.0,73.0,0.0,0.0,24.0,31.0,10.0,15.0,16.0,9.0,0.0,0.0,0.0,0.0,10.0,15.0,0.0,0.0,0.0,0.0
C1__baldwinian__s22,C1__baldwinian,C1,C1,baldwinian,22,1200,train,50,3.3,18,18,103.78320188431235,0.8333333333333334,0.5,185.0,183.0,158.0,171.0,51.0,38.0,0.0,0.0,18.0,26.0,24.0,16.0,8.0,17.0,0.0,0.0,0.0,0.0,24.0,16.0,0.0,0.0,0.0,0.0
C1__baldwinian__s22,C1__baldwinian,C1,C1,baldwinian,22,1250,train,50,3.42,19,19,121.9320195732449,0.7708333333333334,0.5,165.0,168.0,216.0,192.0,45.0,51.0,0.0,0.0,15.0,26.0,20.0,17.0,6.0,9.0,0.0,0.0,0.0,0.0,20.0,17.0,0.0,0.0,0.0,0.0
C1__baldwinian__s22,C1__baldwinian,C1,C1,baldwinian,22,1300,train,50,3.48,13,13,59.446593644871214,0.8958333333333334,0.5,198.0,234.0,187.0,169.0,63.0,75.0,0.0,0.0,23.0,25.0,25.0,18.0,9.0,9.0,0.0,0.0,0.0,0.0,25.0,18.0,0.0,0.0,0.0,0.0
C1__baldwinian__s22,C1__baldwinian,C1,C1,baldwinian,22,1350,train,50,3.66,13,13,71.7404879916716,0.875,0.5,200.0,188.0,159.0,169.0,58.0,46.0,0.0,0.0,31.0,22.0,14.0,15.0,3.0,9.0,0.0,0.0,0.0,0.0,14.0,15.0,0.0,0.0,0.0,0.0
C1__baldwinian__s22,C1__baldwinian,C1,C1,baldwinian,22,1400,train,50,4.08,26,26,85.77639071798765,0.875,0.5,227.0,195.0,197.0,206.0,64.0,58.0,0.0,0.0,19.0,15.0,25.0,18.0,11.0,12.0,0.0,0.0,0.0,0.0,25.0,18.0,0.0,0.0,0.0,0.0
C1__baldwinian__s22,C1__baldwinian,C1,C1,baldwinian,22,1450,train,50,4.42,21,21,113.37012836159113,0.6666666666666666,0.5,210.0,207.0,173.0,166.0,65.0,63.0,0.0,0.0,13.0,23.0,14.0,18.0,12.0,6.0,0.0,0.0,0.0,0.0,14.0,18.0,0.0,0.0,0.0,0.0
C1__baldwinian__s22,C1__baldwinian,C1,C1,baldwinian,22,1500,train,50,4.48,15,15,72.74501941567685,0.8541666666666666,0.5,210.0,248.0,196.0,203.0,61.0,69.0,0.0,0.0,26.0,23.0,9.0,13.0,14.0,9.0,0.0,0.0,0.0,0.0,9.0,13.0,0.0,0.0,0.0,0.0
C1__baldwinian__s22,C1__baldwinian,C1,C1,baldwinian,22,1550,eval,50,4.58,16,16,143.31951035089628,0.6666666666666666,0.5,196.0,220.0,155.0,166.0,61.0,52.0,14.0,15.0,6.0,34.0,15.0,12.0,9.0,8.0,1.0,2.0,0.0,0.0,15.0,12.0,0.0,0.0,1.0,2.0
C1__baldwinian__s22,C1__baldwinian,C1,C1,baldwinian,22,1600,eval,50,4.68,17,17,162.34641289745838,0.5833333333333334,0.5,280.0,286.0,230.0,245.0,25.0,18.0,31.0,38.0,16.0,15.0,11.0,13.0,7.0,1.0,7.0,8.0,0.0,0.0,11.0,13.0,0.0,0.0,7.0,8.0
C1__baldwinian__s22,C1__baldwinian,C1,C1,baldwinian,22,1650,eval,50,4.8,14,14,156.13992353552305,0.6041666666666666,0.5,214.0,193.0,267.0,290.0,38.0,33.0,42.0,37.0,13.0,13.0,10.0,14.0,1.0,4.0,8.0,4.0,0.0,0.0,10.0,14.0,0.0,0.0,8.0,4.0
C1__baldwinian__s22,C1__baldwinian,C1,C1,baldwinian,22,1700,eval,50,4.76,11,11,171.29346031062602,0.5,0.5,235.0,254.0,273.0,267.0,73.0,72.0,83.0,91.0,18.0,19.0,16.0,17.0,5.0,5.0,5.0,1.0,0.0,0.0,16.0,17.0,0.0,0.0,5.0,1.0
C1__baldwinian__s22,C1__baldwinian,C1,C1,baldwinian,22,1750,eval,50,4.78,15,15,154.0148523651829,0.5208333333333334,0.5,260.0,239.0,230.0,246.0,51.0,45.0,85.0,96.0,16.0,8.0,19.0,12.0,13.0,6.0,4.0,2.0,0.0,0.0,19.0,12.0,0.0,0.0,4.0,2.0
C1__baldwinian__s22,C1__baldwinian,C1,C1,baldwinian,22,1800,eval,50,4.82,8,8,225.23417704032238,0.3541666666666667,0.5,199.0,222.0,364.0,334.0,48.0,59.0,69.0,49.0,6.0,7.0,16.0,17.0,2.0,1.0,6.0,2.0,0.0,0.0,16.0,17.0,0.0,0.0,6.0,2.0
C1__baldwinian__s23,C1__baldwinian,C1,C1,baldwinian,23,50,train,50,0.8,36,6,82.1031402976024,0.8125,0.5,135.0,113.0,129.0,136.0,47.0,61.0,0.0,0.0,18.0,27.0,22.0,22.0,7.0,9.0,0.0,0.0,0.0,0.0,22.0,22.0,0.0,0.0,0.0,0.0
C1__baldwinian__s23,C1__baldwinian,C1,C1,baldwinian,23,100,train,50,0.84,10,10,78.28175235119645,0.8958333333333334,0.5,161.0,156.0,230.0,233.0,39.0,34.0,0.0,0.0,22.0,20.0,28.0,20.0,7.0,10.0,0.0,0.0,0.0,0.0,28.0,20.0,0.0,0.0,0.0,0.0
C1__baldwinian__s23,C1__baldwinian,C1,C1,baldwinian,23,150,train,50,0.98,19,19,97.98531892108306,0.75,0.5,232.0,230.0,192.0,199.0,25.0,29.0,0.0,0.0,22.0,23.0,16.0,17.0,8.0,13.0,0.0,0.0,0.0,0.0,16.0,17.0,0.0,0.0,0.0,0.0
C1__baldwinian__s23,C1__baldwinian,C1,C1,baldwinian,23,200,train,50,0.98,16,16,79.10288116977247,0.8333333333333334,0.5,177.0,174.0,234.0,263.0,43.0,44.0,0.0,0.0,25.0,18.0,24.0,21.0,8.0,8.0,0.0,0.0,0.0,0.0,24.0,21.0,0.0,0.0,0.0,0.0
C1__baldwinian__s23,C1__baldwinian,C1,C1,baldwinian,23,250,train,50,1.0,16,16,97.76955385528028,0.7916666666666666,0.5,198.0,208.0,216.0,180.0,73.0,66.0,0.0,0.0,15.0,19.0,25.0,10.0,11.0,22.0,0.0,0.0,0.0,0.0,25.0,10.0,0.0,0.0,0.0,0.0
C1__baldwinian__s23,C1__baldwinian,C1,C1,baldwinian,23,300,train,50,0.92,14,14,120.03732764010927,0.6666666666666666,0.5,259.0,245.0,202.0,206.0,48.0,27.0,0.0,0.0,17.0,29.0,16.0,18.0,12.0,12.0,0.0,0.0,0.0,0.0,16.0,18.0,0.0,0.0,0.0,0.0
C1__baldwinian__s23,C1__baldwinian,C1,C1,baldwinian,23,350,train,50,0.96,16,16,108.36598290918238,0.7916666666666666,0.5,187.0,222.0,233.0,228.0,24.0,32.0,0.0,0.0,25.0,21.0,17.0,17.0,3.0,10.0,0.0,0.0,0.0,0.0,17.0,17.0,0.0,0.0,0.0,0.0
C1__baldwinian__s23,C1__baldwinian,C1,C1,baldwinian,23,400,train,50,0.98,16,16,102.43651694544673,0.8125,0.5,167.0,151.0,247.0,234.0,82.0,74.0,0.0,0.0,30.0,16.0,18.0,20.0,7.0,13.0,0.0,0.0,0.0,0.0,18.0,20.0,0.0,0.0,0.0,0.0
C1__baldwinian__s23,C1__baldwinian,C1,C1,baldwinian,23,450,train,50,1.06,18,18,72.50485114593475,0.8541666666666666,0.5,263.0,227.0,259.0,250.0,42.0,47.0,0.0,0.0,16.0,16.0,26.0,24.0,10.0,12.0,0.0,0.0,0.0,0.0,26.0,24.0,0.0,0.0,0.0,0.0
C1__baldwinian__s23,C1__baldwinian,C1,C1,baldwinian,23,500,train,46,1.2826086956521738,13,17,107.28797081240918,0.6458333333333334,0.5,381.0,362.0,234.0,260.0,30.0,27.0,0.0,0.0,21.0,25.0,20.0,17.0,8.0,4.0,0.0,0.0,0.0,0.0,20.0,17.0,0.0,0.0,0.0,0.0
C1__baldwinian__s23,C1__baldwinian,C1,C1,baldwinian,23,550,train,50,1.74,29,25,67.98238895083128,0.8541666666666666,0.5,188.0,172.0,116.0,118.0,66.0,54.0,0.0,0.0,28.0,21.0,18.0,19.0,9.0,14.0,0.0,0.0,0.0,0.0,18.0,19.0,0.0,0.0,0.0,0.0
C1__baldwinian__s23,C1__baldwinian,C1,C1,baldwinian,23,600,train,50,1.88,17,17,87.15835137108006,0.8125,0.5,112.0,117.0,167.0,178.0,35.0,49.0,0.0,0.0,19.0,20.0,17.0,14.0,9.0,5.0,0.0,0.0,0.0,0.0,17.0,14.0,0.0,0.0,0.0,0.0
C1__baldwinian__s23,C1__baldwinian,C1,C1,baldwinian,23,650,train,50,2.08,21,21,70.94133227407305,0.875,0.5,159.0,156.0,177.0,182.0,59.0,48.0,0.0,0.0,23.0,25.0,24.0,24.0,14.0,9.0,0.0,0.0,0.0,0.0,24.0,24.0,0.0,0.0,0.0,0.0
C1__baldwinian__s23,C1__baldwinian,C1,C1,baldwinian,23,700,train,50,2.26,21,21,80.7864941395842,0.8958333333333334,0.5,171.0,162.0,146.0,131.0,74.0,68.0,0.0,0.0,24.0,15.0,24.0,14.0,15.0,9.0,0.0,0.0,0.0,0.0,24.0,14.0,0.0,0.0,0.0,0.0
C1__baldwinian__s23,C1__baldwinian,C1,C1,baldwinian,23,750,train,50,2.46,20,20,62.29902517471788,0.8958333333333334,0.5,116.0,134.0,197.0,188.0,43.0,49.0,0.0,0.0,27.0,22.0,12.0,24.0,9.0,2.0,0.0,0.0,0.0,0.0,12.0,24.0,0.0,0.0,0.0,0.0
C1__baldwinian__s23,C1__baldwinian,C1,C1,baldwinian,23,800,train,42,2.7857142857142856,13,21,149.93890517342095,0.6458333333333334,0.5,165.0,155.0,191.0,202.0,24.0,33.0,0.0,0.0,18.0,15.0,17.0,19.0,6.0,7.0,0.0,0.0,0.0,0.0,17.0,19.0,0.0,0.0,0.0,0.0
C1__baldwinian__s23,C1__baldwinian,C1,C1,baldwinian,23,850,train,48,3.0,22,16,80.71507283380048,0.8541666666666666,0.5,197.0,169.0,255.0,268.0,61.0,66.0,0.0,0.0,33.0,21.0,26.0,19.0,8.0,13.0,0.0,0.0,0.0,0.0,26.0,19.0,0.0,0.0,0.0,0.0
C1__baldwinian__s23,C1__baldwinian,C1,C1,baldwinian,23,900,train,49,3.0408163265306123,19,18,63.61649501285288,0.8958333333333334,0.5,233.0,234.0,221.0,222.0,36.0,47.0,0.0,0.0,27.0,28.0,19.0,23.0,7.0,4.0,0.0,0.0,0.0,0.0,19.0,23.0,0.0,0.0,0.0,0.0
C1__baldwinian__s23,C1__baldwinian,C1,C1,baldwinian,23,950,train,50,3.34,18,17,103.29834068990628,0.7916666666666666,0.5,130.0,129.0,198.0,219.0,92.0,113.0,0.0,0.0,15.0,15.0,16.0,19.0,13.0,7.0,0.0,0.0,0.0,0.0,16.0,19.0,0.0,0.0,0.0,0.0
C1__baldwinian__s23,C1__baldwinian,C1,C1,baldwinian,23,1000,train,50,3.52,22,22,88.29566870980518,0.75,0.5,178.0,187.0,318.0,325.0,58.0,55.0,0.0,0.0,12.0,24.0,26.0,32.0,3.0,8.0,0.0,0.0,0.0,0.0,26.0,32.0,0.0,0.0,0.0,0.0
C1__baldwinian__s23,C1__baldwinian,C1,C1,baldwinian,23,1050,train,50,3.54,8,8,99.13367878593007,0.7708333333333334,0.5,187.0,171.0,282.0,258.0,127.0,129.0,0.0,0.0,27.0,16.0,17.0,18.0,10.0,11.0,0.0,0.0,0.0,0.0,17.0,18.0,0.0,0.0,0.0,0.0
C1__baldwinian__s23,C1__baldwinian,C1,C1,baldwinian,23,1100,train,50,3.6,14,14,83.88104962178454,0.7916666666666666,0.5,222.0,227.0,190.0,194.0,84.0,86.0,0.0,0.0,28.0,23.0,18.0,11.0,9.0,14.0,0.0,0.0,0.0,0.0,18.0,11.0,0.0,0.0,0.0,0.0
C1__baldwinian__s23,C1__baldwinian,C1,C1,baldwinian,23,1150,train,50,3.72,17,17,78.21068866454962,0.8541666666666666,0.5,271.0,265.0,137.0,127.0,114.0,78.0,0.0,0.0,24.0,20.0,18.0,22.0,13.0,8.0,0.0,0.0,0.0,0.0,18.0,22.0,0.0,0.0,0.0,0.0
C1__baldwinian__s23,C1__baldwinian,C1,C1,baldwinian,23,1200,train,50,3.76,16,16,101.03244814997842,0.7708333333333334,0.5,208.0,210.0,145.0,116.0,81.0,62.0,0.0,0.0,18.0,27.0,14.0,14.0,4.0,12.0,0.0,0.0,0.0,0.0,14.0,14.0,0.0,0.0,0.0,0.0
C1__baldwinian__s23,C1__baldwinian,C1,C1,baldwinian,23,1250,train,50,4.06,19,19,61.746171899570044,0.9166666666666666,0.5,228.0,217.0,202.0,184.0,59.0,67.0,0.0,0.0,25.0,13.0,23.0,19.0,15.0,12.0,0.0,0.0,0.0,0.0,23.0,19.0,0.0,0.0,0.0,0.0
C1__baldwinian__s23,C1__baldwinian,C1,C1,baldwinian,23,1300,train,50,4.12,14,14,68.74080858973059,0.8333333333333334,0.5,252.0,270.0,254.0,251.0,21.0,25.0,0.0,0.0,24.0,18.0,22.0,15.0,10.0,8.0,0.0,0.0,0.0,0.0,22.0,15.0,0.0,0.0,0.0,0.0
C1__baldwinian__s23,C1__baldwinian,C1,C1,baldwinian,23,1350,train,50,4.14,9,9,97.73788505485697,0.8541666666666666,0.5,182.0,213.0,209.0,238.0,17.0,26.0,0.0,0.0,27.0,25.0,12.0,17.0,3.0,6.0,0.0,0.0,0.0,0.0,12.0,17.0,0.0,0.0,0.0,0.0
C1__baldwinian__s23,C1__baldwinian,C1,C1,baldwinian,23,1400,train,50,4.46,17,17,71.64773013173871,0.875,0.5,209.0,201.0,199.0,220.0,66.0,62.0,0.0,0.0,27.0,19.0,16.0,19.0,16.0,7.0,0.0,0.0,0.0,0.0,16.0,19.0,0.0,0.0,0.0,0.0
C1__baldwinian__s23,C1__baldwinian,C1,C1,baldwinian,23,1450,train,50,4.76,16,16,55.10282844193108,0.8958333333333334,0.5,233.0,209.0,219.0,184.0,34.0,44.0,0.0,0.0,26.0,30.0,23.0,13.0,9.0,8.0,0.0,0.0,0.0,0.0,23.0,13.0,0.0,0.0,0.0,0.0
C1__baldwinian__s23,C1__baldwinian,C1,C1,baldwinian,23,1500,train,50,4.7,23,23,98.5803152863711,0.7708333333333334,0.5,182.0,167.0,259.0,249.0,35.0,34.0,0.0,0.0,22.0,16.0,24.0,22.0,13.0,9.0,0.0,0.0,0.0,0.0,24.0,22.0,0.0,0.0,0.0,0.0
C1__baldwinian__s23,C1__baldwinian,C1,C1,baldwinian,23,1550,eval,50,4.8,22,22,115.39121802171726,0.75,0.5,211.0,236.0,218.0,192.0,2.0,1.0,5.0,4.0,16.0,36.0,18.0,24.0,2.0,0.0,2.0,0.0,0.0,0.0,18.0,24.0,0.0,0.0,2.0,0.0
C1__baldwinian__s23,C1__baldwinian,C1,C1,baldwinian,23,1600,eval,50,5.04,21,21,142.42161227638599,0.6666666666666666,0.5,235.0,272.0,296.0,261.0,34.0,29.0,35.0,33.0,18.0,19.0,16.0,16.0,5.0,5.0,3.0,4.0,0.0,0.0,16.0,16.0,0.0,0.0,3.0,4.0
C1__baldwinian__s23,C1__baldwinian,C1,C1,baldwinian,23,1650,eval,50,5.26,11,11,177.82919917609203,0.625,0.5,199.0,180.0,235.0,251.0,107.0,103.0,51.0,45.0,16.0,17.0,10.0,17.0,7.0,6.0,5.0,1.0,0.0,0.0,10.0,17.0,0.0,0.0,5.0,1.0
C1__baldwinian__s23,C1__baldwinian,C1,C1,baldwinian,23,1700,eval,50,5.42,11,11,214.56313239907414,0.5,0.5,216.0,224.0,176.0,183.0,87.0,103.0,102.0,120.0,15.0,17.0,10.0,14.0,3.0,3.0,6.0,0.0,0.0,0.0,10.0,14.0,0.0,0.0,6.0,0.0
C1__baldwinian__s23,C1__baldwinian,C1,C1,baldwinian,23,1750,eval,50,5.78,15,15,161.32090225306635,0.625,0.5,113.0,131.0,231.0,207.0,109.0,87.0,102.0,99.0,12.0,18.0,15.0,17.0,12.0,3.0,5.0,7.0,0.0,0.0,15.0,17.0,0.0,0.0,5.0,7.0
C1__baldwinian__s23,C1__baldwinian,C1,C1,baldwinian,23,1800,eval,50,6.14,11,11,177.46902737450432,0.5416666666666666,0.5,125.0,170.0,173.0,164.0,43.0,55.0,118.0,110.0,12.0,12.0,12.0,19.0,0.0,6.0,3.0,3.0,0.0,0.0,12.0,19.0,0.0,0.0,3.0,3.0
C1__baldwinian__s24,C1__baldwinian,C1,C1,baldwinian,24,50,train,49,0.7551020408163265,35,6,91.52767545935177,0.8125,0.5,72.0,102.0,103.0,101.0,81.0,84.0,0.0,0.0,15.0,23.0,23.0,22.0,8.0,21.0,0.0,0.0,0.0,0.0,23.0,22.0,0.0,0.0,0.0,0.0
C1__baldwinian__s24,C1__baldwinian,C1,C1,baldwinian,24,100,train,50,0.84,10,9,73.29161084203058,0.875,0.5,194.0,189.0,202.0,193.0,38.0,49.0,0.0,0.0,25.0,22.0,13.0,20.0,9.0,13.0,0.0,0.0,0.0,0.0,13.0,20.0,0.0,0.0,0.0,0.0
C1__baldwinian__s24,C1__baldwinian,C1,C1,baldwinian,24,150,train,50,0.82,11,11,76.71689675673848,0.8333333333333334,0.5,246.0,277.0,257.0,238.0,56.0,58.0,0.0,0.0,21.0,19.0,24.0,13.0,11.0,16.0,0.0,0.0,0.0,0.0,24.0,13.0,0.0,0.0,0.0,0.0
C1__baldwinian__s24,C1__baldwinian,C1,C1,baldwinian,24,200,train,50,0.96,18,18,65.52344780633572,0.9375,0.5,217.0,264.0,225.0,240.0,77.0,63.0,0.0,0.0,27.0,30.0,18.0,15.0,11.0,15.0,0.0,0.0,0.0,0.0,18.0,15.0,0.0,0.0,0.0,0.0
C1__baldwinian__s24,C1__baldwinian,C1,C1,baldwinian,24,250,train,50,0.96,9,9,90.21400401584894,0.7916666666666666,0.5,252.0,253.0,227.0,202.0,140.0,116.0,0.0,0.0,18.0,23.0,18.0,17.0,14.0,11.0,0.0,0.0,0.0,0.0,18.0,17.0,0.0,0.0,0.0,0.0
C1__baldwinian__s24,C1__baldwinian,C1,C1,baldwinian,24,300,train,50,0.98,17,17,85.05554836615751,0.7708333333333334,0.5,229.0,244.0,282.0,309.0,65.0,59.0,0.0,0.0,18.0,17.0,19.0,19.0,9.0,19.0,0.0,0.0,0.0,0.0,19.0,19.0,0.0,0.0,0.0,0.0
C1__baldwinian__s24,C1__baldwinian,C1,C1,baldwinian,24,350,train,50,0.98,14,14,103.50515947577475,0.75,0.5,281.0,286.0,235.0,248.0,51.0,38.0,0.0,0.0,33.0,23.0,15.0,11.0,10.0,13.0,0.0,0.0,0.0,0.0,15.0,11.0,0.0,0.0,0.0,0.0
C1__baldwinian__s24,C1__baldwinian,C1,C1,baldwinian,24,400,train,50,0.96,10,10,75.37374320090646,0.8541666666666666,0.5,229.0,266.0,222.0,259.0,47.0,50.0,0.0,0.0,21.0,25.0,16.0,14.0,19.0,13.0,0.0,0.0,0.0,0.0,16.0,14.0,0.0,0.0,0.0,0.0
C1__baldwinian__s24,C1__baldwinian,C1,C1,baldwinian,24,450,train,50,0.94,11,11,83.69586732679187,0.7916666666666666,0.5,269.0,235.0,197.0,229.0,64.0,45.0,0.0,0.0,21.0,23.0,16.0,18.0,17.0,5.0,0.0,0.0,0.0,0.0,16.0,18.0,0.0,0.0,0.0,0.0
C1__baldwinian__s24,C1__baldwinian,C1,C1,baldwinian,24,500,train,47,1.2553191489361701,29,32,66.32525252913285,0.875,0.5,168.0,195.0,273.0,253.0,75.0,79.0,0.0,0.0,14.0,22.0,26.0,30.0,11.0,15.0,0.0,0.0,0.0,0.0,26.0,30.0,0.0,0.0,0.0,0.0
C1__baldwinian__s24,C1__baldwinian,C1,C1,baldwinian,24,550,train,50,1.84,27,24,98.05149056068291,0.7291666666666666,0.5,170.0,206.0,206.0,180.0,56.0,36.0,0.0,0.0,23.0,15.0,19.0,16.0,11.0,2.0,0.0,0.0,0.0,0.0,19.0,16.0,0.0,0.0,0.0,0.0
C1__baldwinian__s24,C1__baldwinian,C1,C1,baldwinian,24,600,train,50,1.82,16,16,89.20398185742798,0.875,0.5,155.0,159.0,160.0,152.0,65.0,49.0,0.0,0.0,23.0,23.0,15.0,21.0,14.0,9.0,0.0,0.0,0.0,0.0,15.0,21.0,0.0,0.0,0.0,0.0
C1__baldwinian__s24,C1__baldwinian,C1,C1,baldwinian,24,650,train,50,1.92,16,16,118.94232742752038,0.7291666666666666,0.5,186.0,175.0,197.0,214.0,92.0,91.0,0.0,0.0,11.0,16.0,19.0,21.0,12.0,6.0,0.0,0.0,0.0,0.0,19.0,21.0,0.0,0.0,0.0,0.0
C1__baldwinian__s24,C1__baldwinian,C1,C1,baldwinian,24,700,train,50,1.92,7,7,116.35123649085605,0.6666666666666666,0.5,224.0,224.0,287.0,305.0,67.0,63.0,0.0,0.0,22.0,27.0,10.0,10.0,11.0,4.0,0.0,0.0,0.0,0.0,10.0,10.0,0.0,0.0,0.0,0.0
C1__baldwinian__s24,C1__baldwinian,C1,C1,baldwinian,24,750,train,50,1.94,14,14,100.90716081468953,0.7708333333333334,0.5,203.0,177.0,244.0,226.0,66.0,63.0,0.0,0.0,19.0,17.0,13.0,27.0,18.0,12.0,0.0,0.0,0.0,0.0,13.0,27.0,0.0,0.0,0.0,0.0
C1__baldwinian__s24,C1__baldwinian,C1,C1,baldwinian,24,800,train,50,1.92,10,10,79.30544375895411,0.8541666666666666,0.5,273.0,279.0,207.0,241.0,21.0,33.0,0.0,0.0,27.0,14.0,15.0,13.0,7.0,12.0,0.0,0.0,0.0,0.0,15.0,13.0,0.0,0.0,0.0,0.0
C1__baldwinian__s24,C1__baldwinian,C1,C1,baldwinian,24,850,train,50,1.96,10,10,78.27689470687793,0.8125,0.5,245.0,259.0,266.0,255.0,59.0,55.0,0.0,0.0,15.0,20.0,16.0,14.0,12.0,12.0,0.0,0.0,0.0,0.0,16.0,14.0,0.0,0.0,0.0,0.0
C1__baldwinian__s24,C1__baldwinian,C1,C1,baldwinian,24,900,train,50,1.96,11,11,108.97669080722675,0.7708333333333334,0.5,224.0,247.0,331.0,319.0,56.0,50.0,0.0,0.0,21.0,19.0,15.0,17.0,12.0,8.0,0.0,0.0,0.0,0.0,15.0,17.0,0.0,0.0,0.0,0.0
C1__baldwinian__s24,C1__baldwinian,C1,C1,baldwinian,24,950,train,50,2.0,9,9,93.81047350340037,0.7916666666666666,0.5,267.0,248.0,256.0,255.0,104.0,85.0,0.0,0.0,24.0,12.0,21.0,24.0,18.0,6.0,0.0,0.0,0.0,0.0,21.0,24.0,0.0,0.0,0.0,0.0
C1__baldwinian__s24,C1__baldwinian,C1,C1,baldwinian,24,1000,train,50,2.24,15,15,137.38069632872995,0.6666666666666666,0.5,257.0,264.0,255.0,253.0,107.0,94.0,0.0,0.0,17.0,23.0,13.0,23.0,13.0,7.0,0.0,0.0,0.0,0.0,13.0,23.0,0.0,0.0,0.0,0.0
C1__baldwinian__s24,C1__baldwinian,C1,C1,baldwinian,24,1050,train,50,2.62,25,25,98.79925803902236,0.8125,0.5,213.0,214.0,274.0,291.0,74.0,77.0,0.0,0.0,18.0,17.0,19.0,18.0,18.0,12.0,0.0,0.0,0.0,0.0,19.0,18.0,0.0,0.0,0.0,0.0
C1__baldwinian__s24,C1__baldwinian,C1,C1,baldwinian,24,1100,train,50,2.76,13,13,65.66492176807284,0.8125,0.5,251.0,237.0,218.0,239.0,74.0,74.0,0.0,0.0,26.0,23.0,22.0,15.0,15.0,11.0,0.0,0.0,0.0,0.0,22.0,15.0,0.0,0.0,0.0,0.0
C1__baldwinian__s24,C1__baldwinian,C1,C1,baldwinian,24,1150,train,50,2.94,22,22,76.24239384553144,0.8541666666666666,0.5,206.0,248.0,163.0,158.0,25.0,22.0,0.0,0.0,14.0,28.0,16.0,27.0,9.0,7.0,0.0,0.0,0.0,0.0,16.0,27.0,0.0,0.0,0.0,0.0
C1__baldwinian__s24,C1__baldwinian,C1,C1,baldwinian,24,1200,train,50,2.92,17,17,95.31553968520352,0.75,0.5,240.0,230.0,129.0,135.0,95.0,94.0,0.0,0.0,19.0,26.0,13.0,18.0,12.0,10.0,0.0,0.0,0.0,0.0,13.0,18.0,0.0,0.0,0.0,0.0
C1__baldwinian__s24,C1__baldwinian,C1,C1,baldwinian,24,1250,train,50,2.92,17,17,95.3381683357132,0.7916666666666666,0.5,177.0,182.0,165.0,144.0,82.0,82.0,0.0,0.0,15.0,25.0,12.0,21.0,10.0,8.0,0.0,0.0,0.0,0.0,12.0,21.0,0.0,0.0,0.0,0.0
C1__baldwinian__s24,C1__baldwinian,C1,C1,baldwinian,24,1300,train,50,3.0,14,14,89.71983531886798,0.7708333333333334,0.5,273.0,255.0,218.0,185.0,65.0,69.0,0.0,0.0,26.0,16.0,11.0,15.0,8.0,14.0,0.0,0.0,0.0,0.0,11.0,15.0,0.0,0.0,0.0,0.0
C1__baldwinian__s24,C1__baldwinian,C1,C1,baldwinian,24,1350,train,50,3.12,14,14,75.51656442672132,0.8333333333333334,0.5,162.0,158.0,196.0,198.0,49.0,58.0,0.0,0.0,20.0,24.0,19.0,14.0,12.0,15.0,0.0,0.0,0.0,0.0,19.0,14.0,0.0,0.0,0.0,0.0
C1__baldwinian__s24,C1__baldwinian,C1,C1,baldwinian,24,1400,train,50,3.2,13,13,67.24794879744952,0.875,0.5,142.0,155.0,242.0,235.0,46.0,46.0,0.0,0.0,20.0,16.0,17.0,29.0,14.0,13.0,0.0,0.0,0.0,0.0,17.0,29.0,0.0,0.0,0.0,0.0
C1__baldwinian__s24,C1__baldwinian,C1,C1,baldwinian,24,1450,train,50,3.36,12,12,104.25970208350043,0.8125,0.5,265.0,250.0,257.0,235.0,55.0,40.0,0.0,0.0,17.0,17.0,18.0,19.0,16.0,7.0,0.0,0.0,0.0,0.0,18.0,19.0,0.0,0.0,0.0,0.0
C1__baldwinian__s24,C1__baldwinian,C1,C1,baldwinian,24,1500,train,50,3.64,23,23,87.2735047801006,0.7708333333333334,0.5,251.0,247.0,244.0,233.0,63.0,64.0,0.0,0.0,18.0,21.0,30.0,21.0,18.0,12.0,0.0,0.0,0.0,0.0,30.0,21.0,0.0,0.0,0.0,0.0
C1__baldwinian__s24,C1__baldwinian,C1,C1,baldwinian,24,1550,eval,50,3.76,21,21,121.56014043895371,0.7291666666666666,0.5,246.0,232.0,215.0,211.0,29.0,36.0,30.0,30.0,19.0,14.0,17.0,19.0,4.0,5.0,2.0,8.0,0.0,0.0,17.0,19.0,0.0,0.0,2.0,8.0
C1__baldwinian__s24,C1__baldwinian,C1,C1,baldwinian,24,1600,eval,50,3.94,20,20,119.32650801960473,0.7708333333333334,0.5,202.0,172.0,199.0,179.0,47.0,47.0,31.0,33.0,25.0,12.0,10.0,13.0,5.0,8.0,3.0,2.0,0.0,0.0,10.0,13.0,0.0,0.0,3.0,2.0
C1__baldwinian__s24,C1__baldwinian,C1,C1,baldwinian,24,1650,eval,50,3.98,15,15,142.83950567552165,0.6875,0.5,188.0,165.0,196.0,202.0,37.0,49.0,35.0,49.0,22.0,9.0,21.0,19.0,2.0,4.0,3.0,4.0,0.0,0.0,21.0,19.0,0.0,0.0,3.0,4.0
C1__baldwinian__s24,C1__baldwinian,C1,C1,baldwinian,24,1700,eval,50,4.02,19,19,186.373173457564,0.5625,0.5,205.0,199.0,238.0,225.0,62.0,71.0,34.0,33.0,11.0,17.0,19.0,12.0,8.0,7.0,7.0,1.0,0.0,0.0,19.0,12.0,0.0,0.0,7.0,1.0
C1__baldwinian__s24,C1__baldwinian,C1,C1,baldwinian,24,1750,eval,50,4.14,10,10,185.29159430360937,0.5625,0.5,253.0,256.0,165.0,194.0,23.0,27.0,43.0,45.0,23.0,14.0,8.0,10.0,3.0,1.0,8.0,7.0,0.0,0.0,8.0,10.0,0.0,0.0,8.0,7.0
C1__baldwinian__s24,C1__baldwinian,C1,C1,baldwinian,24,1800,eval,50,4.16,5,5,166.52155783683995,0.5625,0.5,269.0,278.0,284.0,289.0,34.0,36.0,19.0,13.0,22.0,19.0,22.0,13.0,7.0,5.0,1.0,0.0,0.0,0.0,22.0,13.0,0.0,0.0,1.0,0.0
C1__baldwinian__s25,C1__baldwinian,C1,C1,baldwinian,25,50,train,50,0.84,35,5,39.849037741552586,0.9375,0.5,124.0,128.0,130.0,150.0,64.0,67.0,0.0,0.0,17.0,35.0,18.0,27.0,18.0,21.0,0.0,0.0,0.0,0.0,18.0,27.0,0.0,0.0,0.0,0.0
C1__baldwinian__s25,C1__baldwinian,C1,C1,baldwinian,25,100,train,43,1.2093023255813953,11,18,80.31974065503144,0.8541666666666666,0.5,148.0,186.0,181.0,163.0,51.0,56.0,0.0,0.0,8.0,26.0,25.0,16.0,11.0,10.0,0.0,0.0,0.0,0.0,25.0,16.0,0.0,0.0,0.0,0.0
C1__baldwinian__s25,C1__baldwinian,C1,C1,baldwinian,25,150,train,47,1.3617021276595744,18,14,101.80348275093708,0.7916666666666666,0.5,174.0,169.0,154.0,155.0,50.0,57.0,0.0,0.0,29.0,20.0,15.0,18.0,15.0,18.0,0.0,0.0,0.0,0.0,15.0,18.0,0.0,0.0,0.0,0.0
C1__baldwinian__s25,C1__baldwinian,C1,C1,baldwinian,25,200,train,50,1.62,18,15,77.01259241736597,0.8958333333333334,0.5,143.0,143.0,205.0,206.0,77.0,78.0,0.0,0.0,19.0,16.0,22.0,21.0,15.0,16.0,0.0,0.0,0.0,0.0,22.0,21.0,0.0,0.0,0.0,0.0
C1__baldwinian__s25,C1__baldwinian,C1,C1,baldwinian,25,250,train,50,1.58,11,11,105.32272724066013,0.7708333333333334,0.5,175.0,176.0,212.0,211.0,56.0,54.0,0.0,0.0,23.0,15.0,14.0,12.0,11.0,14.0,0.0,0.0,0.0,0.0,14.0,12.0,0.0,0.0,0.0,0.0
C1__baldwinian__s25,C1__baldwinian,C1,C1,baldwinian,25,300,train,50,1.64,21,21,100.51841648391843,0.8333333333333334,0.5,173.0,215.0,160.0,173.0,53.0,51.0,0.0,0.0,16.0,15.0,21.0,22.0,14.0,19.0,0.0,0.0,0.0,0.0,21.0,22.0,0.0,0.0,0.0,0.0
C1__baldwinian__s25,C1__baldwinian,C1,C1,baldwinian,25,350,train,50,1.76,13,13,98.75760483534756,0.7708333333333334,0.5,227.0,217.0,193.0,204.0,37.0,52.0,0.0,0.0,15.0,18.0,19.0,18.0,9.0,13.0,0.0,0.0,0.0,0.0,19.0,18.0,0.0,0.0,0.0,0.0
C1__baldwinian__s25,C1__baldwinian,C1,C1,baldwinian,25,400,train,50,1.8,19,19,75.14662391035277,0.8541666666666666,0.5,245.0,260.0,214.0,222.0,55.0,67.0,0.0,0.0,22.0,26.0,18.0,25.0,13.0,12.0,0.0,0.0,0.0,0.0,18.0,25.0,0.0,0.0,0.0,0.0
C1__baldwinian__s25,C1__baldwinian,C1,C1,baldwinian,25,450,train,50,1.7,13,13,78.31592588012752,0.8958333333333334,0.5,220.0,244.0,133.0,153.0,46.0,48.0,0.0,0.0,17.0,20.0,17.0,16.0,14.0,9.0,0.0,0.0,0.0,0.0,17.0,16.0,0.0,0.0,0.0,0.0
C1__baldwinian__s25,C1__baldwinian,C1,C1,baldwinian,25,500,train,50,1.72,12,12,71.43699909856582,0.8958333333333334,0.5,181.0,164.0,215.0,238.0,77.0,78.0,0.0,0.0,18.0,20.0,14.0,17.0,20.0,17.0,0.0,0.0,0.0,0.0,14.0,17.0,0.0,0.0,0.0,0.0
C1__baldwinian__s25,C1__baldwinian,C1,C1,baldwinian,25,550,train,50,2.36,25,25,100.78005606189402,0.7916666666666666,0.5,142.0,122.0,162.0,145.0,78.0,94.0,0.0,0.0,18.0,17.0,21.0,17.0,16.0,17.0,0.0,0.0,0.0,0.0,21.0,17.0,0.0,0.0,0.0,0.0
C1__baldwinian__s25,C1__baldwinian,C1,C1,baldwinian,25,600,train,50,2.66,14,14,83.06529674014044,0.8541666666666666,0.5,176.0,200.0,191.0,151.0,80.0,79.0,0.0,0.0,23.0,21.0,16.0,13.0,15.0,14.0,0.0,0.0,0.0,0.0,16.0,13.0,0.0,0.0,0.0,0.0
C1__baldwinian__s25,C1__baldwinian,C1,C1,baldwinian,25,650,train,50,2.6,16,16,58.74705380122698,0.9791666666666666,0.5,188.0,167.0,194.0,194.0,76.0,82.0,0.0,0.0,20.0,20.0,23.0,11.0,16.0,17.0,0.0,0.0,0.0,0.0,23.0,11.0,0.0,0.0,0.0,0.0
C1__baldwinian__s25,C1__baldwinian,C1,C1,baldwinian,25,700,train,50,2.92,17,17,123.66904150834765,0.7291666666666666,0.5,146.0,155.0,235.0,235.0,38.0,48.0,0.0,0.0,13.0,17.0,23.0,16.0,6.0,6.0,0.0,0.0,0.0,0.0,23.0,16.0,0.0,0.0,0.0,0.0
C1__baldwinian__s25,C1__baldwinian,C1,C1,baldwinian,25,750,train,50,2.74,16,16,97.90432948609939,0.75,0.5,199.0,184.0,208.0,234.0,76.0,69.0,0.0,0.0,24.0,14.0,16.0,25.0,19.0,17.0,0.0,0.0,0.0,0.0,16.0,25.0,0.0,0.0,0.0,0.0
C1__baldwinian__s25,C1__baldwinian,C1,C1,baldwinian,25,800,train,50,3.0,24,24,72.93951613253304,0.875,0.5,227.0,244.0,204.0,195.0,54.0,80.0,0.0,0.0,23.0,26.0,16.0,23.0,12.0,23.0,0.0,0.0,0.0,0.0,16.0,23.0,0.0,0.0,0.0,0.0
C1__baldwinian__s25,C1__baldwinian,C1,C1,baldwinian,25,850,train,50,3.12,10,10,75.85021893288736,0.9166666666666666,0.5,175.0,193.0,222.0,186.0,52.0,39.0,0.0,0.0,20.0,16.0,17.0,21.0,17.0,12.0,0.0,0.0,0.0,0.0,17.0,21.0,0.0,0.0,0.0,0.0
C1__baldwinian__s25,C1__baldwinian,C1,C1,baldwinian,25,900,train,50,3.06,14,14,63.198165665628075,0.8958333333333334,0.5,236.0,224.0,145.0,142.0,51.0,58.0,0.0,0.0,33.0,11.0,11.0,16.0,19.0,17.0,0.0,0.0,0.0,0.0,11.0,16.0,0.0,0.0,0.0,0.0
C1__baldwinian__s25,C1__baldwinian,C1,C1,baldwinian,25,950,train,50,3.24,18,18,72.49436943277826,0.875,0.5,208.0,213.0,185.0,192.0,61.0,38.0,0.0,0.0,23.0,19.0,21.0,15.0,15.0,14.0,0.0,0.0,0.0,0.0,21.0,15.0,0.0,0.0,0.0,0.0
C1__baldwinian__s25,C1__baldwinian,C1,C1,baldwinian,25,1000,train,50,3.4,14,14,124.50399947159457,0.7083333333333334,0.5,188.0,199.0,257.0,249.0,62.0,44.0,0.0,0.0,17.0,20.0,17.0,13.0,14.0,14.0,0.0,0.0,0.0,0.0,17.0,13.0,0.0,0.0,0.0,0.0
C1__baldwinian__s25,C1__baldwinian,C1,C1,baldwinian,25,1050,train,50,3.62,13,13,64.04719483547333,0.8333333333333334,0.5,199.0,243.0,180.0,199.0,77.0,60.0,0.0,0.0,26.0,29.0,13.0,11.0,18.0,16.0,0.0,0.0,0.0,0.0,13.0,11.0,0.0,0.0,0.0,0.0
C1__baldwinian__s25,C1__baldwinian,C1,C1,baldwinian,25,1100,train,50,3.72,10,10,84.34567185017877,0.8541666666666666,0.5,256.0,232.0,106.0,152.0,60.0,61.0,0.0,0.0,20.0,28.0,5.0,16.0,11.0,19.0,0.0,0.0,0.0,0.0,5.0,16.0,0.0,0.0,0.0,0.0
C1__baldwinian__s25,C1__baldwinian,C1,C1,baldwinian,25,1150,train,50,3.82,22,22,60.50136598570826,0.9166666666666666,0.5,177.0,167.0,174.0,184.0,65.0,65.0,0.0,0.0,21.0,21.0,24.0,20.0,14.0,17.0,0.0,0.0,0.0,0.0,24.0,20.0,0.0,0.0,0.0,0.0
C1__baldwinian__s25,C1__baldwinian,C1,C1,baldwinian,25,1200,train,50,3.84,17,17,67.9144183762977,0.8958333333333334,0.5,142.0,146.0,105.0,112.0,68.0,60.0,0.0,0.0,26.0,15.0,16.0,15.0,11.0,18.0,0.0,0.0,0.0,0.0,16.0,15.0,0.0,0.0,0.0,0.0
C1__baldwinian__s25,C1__baldwinian,C1,C1,baldwinian,25,1250,train,50,3.9,12,12,73.9428699589338,0.8958333333333334,0.5,227.0,240.0,165.0,158.0,47.0,45.0,0.0,0.0,20.0,21.0,8.0,19.0,12.0,14.0,0.0,0.0,0.0,0.0,8.0,19.0,0.0,0.0,0.0,0.0
C1__baldwinian__s25,C1__baldwinian,C1,C1,baldwinian,25,1300,train,50,4.38,21,21,89.67599674682845,0.7708333333333334,0.5,175.0,188.0,204.0,179.0,92.0,91.0,0.0,0.0,27.0,10.0,23.0,19.0,13.0,19.0,0.0,0.0,0.0,0.0,23.0,19.0,0.0,0.0,0.0,0.0
C1__baldwinian__s25,C1__baldwinian,C1,C1,baldwinian,25,1350,train,50,4.74,16,16,93.7155276922554,0.8125,0.5,147.0,146.0,225.0,226.0,74.0,72.0,0.0,0.0,15.0,15.0,13.0,24.0,17.0,11.0,0.0,0.0,0.0,0.0,13.0,24.0,0.0,0.0,0.0,0.0
C1__baldwinian__s25,C1__baldwinian,C1,C1,baldwinian,25,1400,train,50,4.58,17,17,88.86197835567324,0.8333333333333334,0.5,237.0,239.0,208.0,199.0,60.0,63.0,0.0,0.0,21.0,18.0,13.0,23.0,17.0,17.0,0.0,0.0,0.0,0.0,13.0,23.0,0.0,0.0,0.0,0.0
C1__baldwinian__s25,C1__baldwinian,C1,C1,baldwinian,25,1450,train,50,4.6,18,18,115.88757345324404,0.7083333333333334,0.5,164.0,163.0,277.0,268.0,61.0,85.0,0.0,0.0,16.0,6.0,22.0,19.0,8.0,14.0,0.0,0.0,0.0,0.0,22.0,19.0,0.0,0.0,0.0,0.0
C1__baldwinian__s25,C1__baldwinian,C1,C1,baldwinian,25,1500,train,50,4.78,18,18,94.2430382878621,0.8125,0.5,212.0,218.0,228.0,222.0,85.0,83.0,0.0,0.0,18.0,21.0,26.0,21.0,15.0,11.0,0.0,0.0,0.0,0.0,26.0,21.0,0.0,0.0,0.0,0.0
C1__baldwinian__s25,C1__baldwinian,C1,C1,baldwinian,25,1550,eval,50,4.86,21,21,131.20400930705824,0.7083333333333334,0.5,222.0,226.0,195.0,204.0,34.0,41.0,24.0,21.0,12.0,17.0,19.0,18.0,6.0,9.0,10.0,7.0,0.0,0.0,19.0,18.0,0.0,0.0,10.0,7.0
C1__baldwinian__s25,C1__baldwinian,C1,C1,baldwinian,25,1600,eval,50,4.94,10,10,207.3636466673481,0.4791666666666667,0.5,204.0,197.0,198.0,218.0,40.0,48.0,35.0,44.0,20.0,11.0,12.0,13.0,6.0,4.0,5.0,4.0,0.0,0.0,12.0,13.0,0.0,0.0,5.0,4.0
C1__baldwinian__s25,C1__baldwinian,C1,C1,baldwinian,25,1650,eval,50,5.04,12,12,121.70240038259342,0.7291666666666666,0.5,243.0,253.0,266.0,226.0,43.0,43.0,41.0,55.0,19.0,13.0,15.0,16.0,11.0,6.0,10.0,11.0,0.0,0.0,15.0,16.0,0.0,0.0,10.0,11.0
C1__baldwinian__s25,C1__baldwinian,C1,C1,baldwinian,25,1700,eval,50,5.22,6,6,146.6480975886383,0.6041666666666666,0.5,312.0,245.0,277.0,264.0,8.0,16.0,31.0,33.0,21.0,15.0,21.0,9.0,6.0,9.0,3.0,2.0,0.0,0.0,21.0,9.0,0.0,0.0,3.0,2.0
C1__baldwinian__s25,C1__baldwinian,C1,C1,baldwinian,25,1750,eval,50,5.54,14,14,158.33301266435927,0.5416666666666666,0.5,248.0,239.0,318.0,356.0,38.0,42.0,50.0,63.0,20.0,14.0,19.0,18.0,1.0,2.0,3.0,5.0,0.0,0.0,19.0,18.0,0.0,0.0,3.0,5.0
C1__baldwinian__s25,C1__baldwinian,C1,C1,baldwinian,25,1800,eval,50,5.66,14,14,187.0045679886104,0.4583333333333333,0.5,315.0,359.0,236.0,255.0,56.0,47.0,42.0,38.0,17.0,12.0,12.0,15.0,4.0,2.0,5.0,4.0,0.0,0.0,12.0,15.0,0.0,0.0,5.0,4.0
C1__baldwinian__s26,C1__baldwinian,C1,C1,baldwinian,26,50,train,50,0.72,35,5,48.70116922802363,0.875,0.5,138.0,147.0,130.0,120.0,55.0,36.0,0.0,0.0,28.0,22.0,22.0,28.0,14.0,9.0,0.0,0.0,0.0,0.0,22.0,28.0,0.0,0.0,0.0,0.0
C1__baldwinian__s26,C1__baldwinian,C1,C1,baldwinian,26,100,train,50,0.82,10,10,102.21359969913088,0.7916666666666666,0.5,183.0,198.0,126.0,121.0,29.0,28.0,0.0,0.0,19.0,27.0,19.0,11.0,6.0,1.0,0.0,0.0,0.0,0.0,19.0,11.0,0.0,0.0,0.0,0.0
C1__baldwinian__s26,C1__baldwinian,C1,C1,baldwinian,26,150,train,50,0.76,13,13,141.02734900116587,0.6666666666666666,0.5,221.0,196.0,169.0,165.0,56.0,65.0,0.0,0.0,31.0,27.0,18.0,11.0,8.0,11.0,0.0,0.0,0.0,0.0,18.0,11.0,0.0,0.0,0.0,0.0
C1__baldwinian__s26,C1__baldwinian,C1,C1,baldwinian,26,200,train,50,0.8,13,13,107.28258304121476,0.75,0.5,204.0,204.0,239.0,262.0,32.0,34.0,0.0,0.0,24.0,13.0,21.0,22.0,5.0,7.0,0.0,0.0,0.0,0.0,21.0,22.0,0.0,0.0,0.0,0.0
C1__baldwinian__s26,C1__baldwinian,C1,C1,baldwinian,26,250,train,50,0.88,18,18,83.5632439194836,0.75,0.5,241.0,218.0,264.0,314.0,43.0,38.0,0.0,0.0,15.0,17.0,24.0,23.0,13.0,8.0,0.0,0.0,0.0,0.0,24.0,23.0,0.0,0.0,0.0,0.0
C1__baldwinian__s26,C1__baldwinian,C1,C1,baldwinian,26,300,train,50,0.88,12,12,111.2408416563303,0.7291666666666666,0.5,230.0,241.0,276.0,327.0,22.0,22.0,0.0,0.0,13.0,22.0,9.0,26.0,7.0,12.0,0.0,0.0,0.0,0.0,9.0,26.0,0.0,0.0,0.0,0.0
C1__baldwinian__s26,C1__baldwinian,C1,C1,baldwinian,26,350,train,50,0.88,12,12,87.03120949302644,0.8125,0.5,258.0,255.0,278.0,294.0,39.0,39.0,0.0,0.0,23.0,13.0,21.0,22.0,12.0,11.0,0.0,0.0,0.0,0.0,21.0,22.0,0.0,0.0,0.0,0.0
C1__baldwinian__s26,C1__baldwinian,C1,C1,baldwinian,26,400,train,50,0.88,10,10,71.72420453893797,0.875,0.5,251.0,247.0,287.0,277.0,24.0,28.0,0.0,0.0,22.0,17.0,22.0,24.0,9.0,11.0,0.0,0.0,0.0,0.0,22.0,24.0,0.0,0.0,0.0,0.0
C1__baldwinian__s26,C1__baldwinian,C1,C1,baldwinian,26,450,train,50,0.88,12,12,126.97283376550715,0.625,0.5,287.0,258.0,215.0,200.0,55.0,57.0,0.0,0.0,25.0,16.0,20.0,13.0,7.0,8.0,0.0,0.0,0.0,0.0,20.0,13.0,0.0,0.0,0.0,0.0
C1__baldwinian__s26,C1__baldwinian,C1,C1,baldwinian,26,500,train,50,1.22,16,16,113.3415656378943,0.7291666666666666,0.5,307.0,308.0,229.0,237.0,67.0,68.0,0.0,0.0,27.0,15.0,14.0,26.0,11.0,5.0,0.0,0.0,0.0,0.0,14.0,26.0,0.0,0.0,0.0,0.0
C1__baldwinian__s26,C1__baldwinian,C1,C1,baldwinian,26,550,train,50,1.56,20,20,77.51726482904584,0.8541666666666666,0.5,213.0,198.0,206.0,153.0,40.0,38.0,0.0,0.0,19.0,25.0,19.0,18.0,17.0,14.0,0.0,0.0,0.0,0.0,19.0,18.0,0.0,0.0,0.0,0.0
C1__baldwinian__s26,C1__baldwinian,C1,C1,baldwinian,26,600,train,50,1.62,10,10,61.5858692511886,0.875,0.5,226.0,230.0,169.0,171.0,35.0,38.0,0.0,0.0,30.0,27.0,17.0,12.0,10.0,7.0,0.0,0.0,0.0,0.0,17.0,12.0,0.0,0.0,0.0,0.0
C1__baldwinian__s26,C1__baldwinian,C1,C1,baldwinian,26,650,train,50,1.68,18,18,126.96720448372027,0.6875,0.5,174.0,195.0,157.0,162.0,42.0,64.0,0.0,0.0,16.0,20.0,21.0,16.0,9.0,9.0,0.0,0.0,0.0,0.0,21.0,16.0,0.0,0.0,0.0,0.0
C1__baldwinian__s26,C1__baldwinian,C1,C1,baldwinian,26,700,train,50,1.76,18,18,87.54168945524935,0.7916666666666666,0.5,179.0,190.0,149.0,140.0,70.0,61.0,0.0,0.0,26.0,27.0,20.0,11.0,12.0,8.0,0.0,0.0,0.0,0.0,20.0,11.0,0.0,0.0,0.0,0.0
C1__baldwinian__s26,C1__baldwinian,C1,C1,baldwinian,26,750,train,50,1.88,21,21,69.01071553008542,0.8333333333333334,0.5,175.0,164.0,192.0,161.0,91.0,84.0,0.0,0.0,19.0,17.0,22.0,23.0,13.0,7.0,0.0,0.0,0.0,0.0,22.0,23.0,0.0,0.0,0.0,0.0
C1__baldwinian__s26,C1__baldwinian,C1,C1,baldwinian,26,800,train,50,1.92,18,18,72.07669762563516,0.8333333333333334,0.5,156.0,158.0,162.0,152.0,55.0,55.0,0.0,0.0,22.0,32.0,15.0,22.0,8.0,6.0,0.0,0.0,0.0,0.0,15.0,22.0,0.0,0.0,0.0,0.0
C1__baldwinian__s26,C1__baldwinian,C1,C1,baldwinian,26,850,train,50,2.1,23,23,172.61137227003883,0.5625,0.5,137.0,135.0,186.0,168.0,72.0,61.0,0.0,0.0,15.0,11.0,23.0,16.0,9.0,8.0,0.0,0.0,0.0,0.0,23.0,16.0,0.0,0.0,0.0,0.0
C1__baldwinian__s26,C1__baldwinian,C1,C1,baldwinian,26,900,train,50,2.12,12,12,95.82942295129614,0.7708333333333334,0.5,222.0,270.0,173.0,177.0,57.0,68.0,0.0,0.0,23.0,25.0,16.0,22.0,10.0,9.0,0.0,0.0,0.0,0.0,16.0,22.0,0.0,0.0,0.0,0.0
C1__baldwinian__s26,C1__baldwinian,C1,C1,baldwinian,26,950,train,50,2.22,21,21,91.78041240722797,0.8125,0.5,189.0,169.0,183.0,190.0,92.0,83.0,0.0,0.0,27.0,18.0,19.0,22.0,10.0,10.0,0.0,0.0,0.0,0.0,19.0,22.0,0.0,0.0,0.0,0.0
C1__baldwinian__s26,C1__baldwinian,C1,C1,baldwinian,26,1000,train,50,2.4,16,16,95.47022244690382,0.7916666666666666,0.5,192.0,254.0,160.0,166.0,63.0,68.0,0.0,0.0,20.0,24.0,16.0,12.0,15.0,13.0,0.0,0.0,0.0,0.0,16.0,12.0,0.0,0.0,0.0,0.0
C1__baldwinian__s26,C1__baldwinian,C1,C1,baldwinian,26,1050,train,50,2.5,11,11,93.75322937677086,0.8125,0.5,170.0,173.0,149.0,174.0,83.0,71.0,0.0,0.0,21.0,29.0,13.0,20.0,12.0,8.0,0.0,0.0,0.0,0.0,13.0,20.0,0.0,0.0,0.0,0.0
C1__baldwinian__s26,C1__baldwinian,C1,C1,baldwinian,26,1100,train,50,2.58,14,14,74.69796477386188,0.9791666666666666,0.5,180.0,181.0,227.0,221.0,39.0,30.0,0.0,0.0,19.0,20.0,28.0,14.0,16.0,12.0,0.0,0.0,0.0,0.0,28.0,14.0,0.0,0.0,0.0,0.0
C1__baldwinian__s26,C1__baldwinian,C1,C1,baldwinian,26,1150,train,50,2.62,11,11,123.12573932042585,0.625,0.5,312.0,310.0,210.0,190.0,16.0,12.0,0.0,0.0,12.0,21.0,15.0,16.0,5.0,10.0,0.0,0.0,0.0,0.0,15.0,16.0,0.0,0.0,0.0,0.0
C1__baldwinian__s26,C1__baldwinian,C1,C1,baldwinian,26,1200,train,50,2.66,11,11,114.13162728809668,0.6875,0.5,307.0,299.0,225.0,233.0,42.0,59.0,0.0,0.0,29.0,22.0,17.0,15.0,8.0,2.0,0.0,0.0,0.0,0.0,17.0,15.0,0.0,0.0,0.0,0.0
C1__baldwinian__s26,C1__baldwinian,C1,C1,baldwinian,26,1250,train,50,2.72,16,16,102.33239939925132,0.8125,0.5,172.0,184.0,216.0,200.0,41.0,36.0,0.0,0.0,24.0,30.0,23.0,11.0,8.0,10.0,0.0,0.0,0.0,0.0,23.0,11.0,0.0,0.0,0.0,0.0
C1__baldwinian__s26,C1__baldwinian,C1,C1,baldwinian,26,1300,train,50,2.84,16,16,67.36114762644078,0.8958333333333334,0.5,207.0,171.0,189.0,180.0,37.0,31.0,0.0,0.0,26.0,18.0,23.0,17.0,13.0,9.0,0.0,0.0,0.0,0.0,23.0,17.0,0.0,0.0,0.0,0.0
C1__baldwinian__s26,C1__baldwinian,C1,C1,baldwinian,26,1350,train,50,3.2,21,21,110.15103168821064,0.7291666666666666,0.5,167.0,167.0,251.0,290.0,34.0,37.0,0.0,0.0,15.0,12.0,20.0,29.0,6.0,8.0,0.0,0.0,0.0,0.0,20.0,29.0,0.0,0.0,0.0,0.0
C1__baldwinian__s26,C1__baldwinian,C1,C1,baldwinian,26,1400,train,50,3.22,11,11,104.30152277363686,0.7708333333333334,0.5,200.0,234.0,165.0,179.0,21.0,34.0,0.0,0.0,26.0,30.0,8.0,18.0,8.0,16.0,0.0,0.0,0.0,0.0,8.0,18.0,0.0,0.0,0.0,0.0
C1__baldwinian__s26,C1__baldwinian,C1,C1,baldwinian,26,1450,train,50,3.5,23,23,92.95624095571975,0.7916666666666666,0.5,147.0,136.0,147.0,142.0,75.0,66.0,0.0,0.0,20.0,21.0,19.0,17.0,9.0,12.0,0.0,0.0,0.0,0.0,19.0,17.0,0.0,0.0,0.0,0.0
C1__baldwinian__s26,C1__baldwinian,C1,C1,baldwinian,26,1500,train,50,3.64,16,16,78.85992954260497,0.875,0.5,224.0,219.0,223.0,225.0,32.0,28.0,0.0,0.0,25.0,23.0,25.0,17.0,10.0,5.0,0.0,0.0,0.0,0.0,25.0,17.0,0.0,0.0,0.0,0.0
C1__baldwinian__s26,C1__baldwinian,C1,C1,baldwinian,26,1550,eval,50,3.76,20,20,132.78940634451467,0.6666666666666666,0.5,214.0,197.0,228.0,204.0,6.0,11.0,49.0,50.0,23.0,15.0,27.0,16.0,0.0,3.0,2.0,10.0,0.0,0.0,27.0,16.0,0.0,0.0,2.0,10.0
C1__baldwinian__s26,C1__baldwinian,C1,C1,baldwinian,26,1600,eval,50,3.82,25,25,108.29890126390706,0.7708333333333334,0.5,199.0,186.0,184.0,181.0,30.0,33.0,54.0,64.0,25.0,20.0,26.0,20.0,4.0,2.0,6.0,1.0,0.0,0.0,26.0,20.0,0.0,0.0,6.0,1.0
C1__baldwinian__s26,C1__baldwinian,C1,C1,baldwinian,26,1650,eval,50,3.88,18,18,187.02257999689965,0.5625,0.5,192.0,169.0,189.0,167.0,55.0,63.0,43.0,38.0,20.0,19.0,13.0,9.0,2.0,0.0,1.0,4.0,0.0,0.0,13.0,9.0,0.0,0.0,1.0,4.0
C1__baldwinian__s26,C1__baldwinian,C1,C1,baldwinian,26,1700,eval,50,3.94,12,12,176.99953901295828,0.5625,0.5,227.0,223.0,272.0,271.0,99.0,61.0,53.0,55.0,20.0,15.0,19.0,17.0,2.0,0.0,2.0,6.0,0.0,0.0,19.0,17.0,0.0,0.0,2.0,6.0
C1__baldwinian__s26,C1__baldwinian,C1,C1,baldwinian,26,1750,eval,50,3.98,15,15,163.65682796324813,0.5833333333333334,0.5,226.0,215.0,230.0,268.0,60.0,58.0,78.0,67.0,19.0,18.0,14.0,14.0,2.0,3.0,5.0,6.0,0.0,0.0,14.0,14.0,0.0,0.0,5.0,6.0
C1__baldwinian__s26,C1__baldwinian,C1,C1,baldwinian,26,1800,eval,50,4.0,16,16,175.8057831816516,0.4583333333333333,0.5,198.0,212.0,246.0,243.0,42.0,68.0,43.0,64.0,9.0,6.0,18.0,18.0,2.0,4.0,6.0,3.0,0.0,0.0,18.0,18.0,0.0,0.0,6.0,3.0
C1__baldwinian__s27,C1__baldwinian,C1,C1,baldwinian,27,50,train,50,0.78,34,4,106.45291501149592,0.7916666666666666,0.5,116.0,98.0,113.0,109.0,60.0,67.0,0.0,0.0,24.0,17.0,17.0,25.0,8.0,11.0,0.0,0.0,0.0,0.0,17.0,25.0,0.0,0.0,0.0,0.0
C1__baldwinian__s27,C1__baldwinian,C1,C1,baldwinian,27,100,train,50,0.8,12,12,46.38387006964757,0.9583333333333334,0.5,181.0,195.0,215.0,198.0,48.0,44.0,0.0,0.0,17.0,26.0,25.0,21.0,15.0,6.0,0.0,0.0,0.0,0.0,25.0,21.0,0.0,0.0,0.0,0.0
C1__baldwinian__s27,C1__baldwinian,C1,C1,baldwinian,27,150,train,50,1.0,14,14,116.02837537891114,0.7916666666666666,0.5,186.0,177.0,228.0,166.0,65.0,59.0,0.0,0.0,7.0,32.0,18.0,14.0,15.0,9.0,0.0,0.0,0.0,0.0,18.0,14.0,0.0,0.0,0.0,0.0
C1__baldwinian__s27,C1__baldwinian,C1,C1,baldwinian,27,200,train,50,1.08,14,14,102.7219261944607,0.7291666666666666,0.5,249.0,232.0,216.0,232.0,92.0,112.0,0.0,0.0,24.0,13.0,16.0,24.0,9.0,11.0,0.0,0.0,0.0,0.0,16.0,24.0,0.0,0.0,0.0,0.0
C1__baldwinian__s27,C1__baldwinian,C1,C1,baldwinian,27,250,train,50,1.04,13,13,77.89188042287071,0.8333333333333334,0.5,286.0,256.0,239.0,222.0,72.0,102.0,0.0,0.0,28.0,16.0,22.0,14.0,6.0,16.0,0.0,0.0,0.0,0.0,22.0,14.0,0.0,0.0,0.0,0.0
C1__baldwinian__s27,C1__baldwinian,C1,C1,baldwinian,27,300,train,50,1.0,15,15,95.0301903293013,0.7708333333333334,0.5,312.0,301.0,286.0,294.0,83.0,91.0,0.0,0.0,20.0,23.0,17.0,22.0,6.0,12.0,0.0,0.0,0.0,0.0,17.0,22.0,0.0,0.0,0.0,0.0
C1__baldwinian__s27,C1__baldwinian,C1,C1,baldwinian,27,350,train,50,1.02,11,11,65.78074755064543,0.8958333333333334,0.5,182.0,194.0,220.0,241.0,80.0,73.0,0.0,0.0,25.0,25.0,19.0,26.0,8.0,12.0,0.0,0.0,0.0,0.0,19.0,26.0,0.0,0.0,0.0,0.0
C1__baldwinian__s27,C1__baldwinian,C1,C1,baldwinian,27,400,train,50,1.06,14,14,115.73666892968066,0.6875,0.5,313.0,311.0,206.0,222.0,90.0,109.0,0.0,0.0,19.0,22.0,16.0,18.0,4.0,14.0,0.0,0.0,0.0,0.0,16.0,18.0,0.0,0.0,0.0,0.0
C1__baldwinian__s27,C1__baldwinian,C1,C1,baldwinian,27,450,train,50,1.02,16,16,103.49125908804213,0.7916666666666666,0.5,254.0,245.0,292.0,284.0,53.0,52.0,0.0,0.0,19.0,22.0,21.0,28.0,10.0,9.0,0.0,0.0,0.0,0.0,21.0,28.0,0.0,0.0,0.0,0.0
C1__baldwinian__s27,C1__baldwinian,C1,C1,baldwinian,27,500,train,50,1.4,15,15,100.20749475106072,0.7708333333333334,0.5,187.0,234.0,244.0,227.0,77.0,80.0,0.0,0.0,24.0,17.0,14.0,15.0,14.0,9.0,0.0,0.0,0.0,0.0,14.0,15.0,0.0,0.0,0.0,0.0
C1__baldwinian__s27,C1__baldwinian,C1,C1,baldwinian,27,550,train,50,1.82,23,23,106.63567315581025,0.7083333333333334,0.5,184.0,234.0,253.0,238.0,72.0,69.0,0.0,0.0,29.0,13.0,18.0,20.0,11.0,8.0,0.0,0.0,0.0,0.0,18.0,20.0,0.0,0.0,0.0,0.0
C1__baldwinian__s27,C1__baldwinian,C1,C1,baldwinian,27,600,train,50,2.1,15,15,112.30431706141209,0.8125,0.5,191.0,185.0,170.0,160.0,115.0,86.0,0.0,0.0,22.0,10.0,14.0,18.0,13.0,10.0,0.0,0.0,0.0,0.0,14.0,18.0,0.0,0.0,0.0,0.0
C1__baldwinian__s27,C1__baldwinian,C1,C1,baldwinian,27,650,train,50,2.14,18,18,109.09548092724692,0.75,0.5,194.0,170.0,213.0,277.0,123.0,103.0,0.0,0.0,20.0,18.0,19.0,21.0,9.0,4.0,0.0,0.0,0.0,0.0,19.0,21.0,0.0,0.0,0.0,0.0
C1__baldwinian__s27,C1__baldwinian,C1,C1,baldwinian,27,700,train,50,2.04,13,13,92.40353380591444,0.7916666666666666,0.5,211.0,226.0,291.0,260.0,81.0,80.0,0.0,0.0,25.0,28.0,24.0,15.0,15.0,8.0,0.0,0.0,0.0,0.0,24.0,15.0,0.0,0.0,0.0,0.0
C1__baldwinian__s27,C1__baldwinian,C1,C1,baldwinian,27,750,train,50,2.02,8,8,92.08314177186153,0.8125,0.5,244.0,216.0,202.0,194.0,106.0,98.0,0.0,0.0,26.0,19.0,15.0,14.0,10.0,4.0,0.0,0.0,0.0,0.0,15.0,14.0,0.0,0.0,0.0,0.0
C1__baldwinian__s27,C1__baldwinian,C1,C1,baldwinian,27,800,train,50,2.04,14,14,116.8527096971483,0.7708333333333334,0.5,229.0,225.0,196.0,177.0,86.0,74.0,0.0,0.0,29.0,23.0,16.0,19.0,12.0,8.0,0.0,0.0,0.0,0.0,16.0,19.0,0.0,0.0,0.0,0.0
C1__baldwinian__s27,C1__baldwinian,C1,C1,baldwinian,27,850,train,50,2.08,14,14,113.27667829768501,0.7291666666666666,0.5,165.0,205.0,216.0,204.0,57.0,56.0,0.0,0.0,14.0,17.0,25.0,18.0,8.0,10.0,0.0,0.0,0.0,0.0,25.0,18.0,0.0,0.0,0.0,0.0
C1__baldwinian__s27,C1__baldwinian,C1,C1,baldwinian,27,900,train,50,2.1,17,17,58.62131634421645,0.8958333333333334,0.5,270.0,250.0,208.0,184.0,93.0,99.0,0.0,0.0,13.0,33.0,29.0,21.0,9.0,6.0,0.0,0.0,0.0,0.0,29.0,21.0,0.0,0.0,0.0,0.0
C1__baldwinian__s27,C1__baldwinian,C1,C1,baldwinian,27,950,train,50,2.24,15,15,114.07554556859279,0.7083333333333334,0.5,234.0,243.0,251.0,270.0,67.0,59.0,0.0,0.0,14.0,20.0,18.0,15.0,11.0,4.0,0.0,0.0,0.0,0.0,18.0,15.0,0.0,0.0,0.0,0.0
C1__baldwinian__s27,C1__baldwinian,C1,C1,baldwinian,27,1000,train,50,2.48,19,19,75.29159128488078,0.8125,0.5,299.0,284.0,230.0,199.0,57.0,59.0,0.0,0.0,21.0,22.0,27.0,17.0,14.0,8.0,0.0,0.0,0.0,0.0,27.0,17.0,0.0,0.0,0.0,0.0
C1__baldwinian__s27,C1__baldwinian,C1,C1,baldwinian,27,1050,train,50,2.9,19,19,133.96173334664815,0.7083333333333334,0.5,205.0,174.0,201.0,231.0,50.0,54.0,0.0,0.0,23.0,24.0,12.0,20.0,5.0,9.0,0.0,0.0,0.0,0.0,12.0,20.0,0.0,0.0,0.0,0.0
C1__baldwinian__s27,C1__baldwinian,C1,C1,baldwinian,27,1100,train,50,3.02,20,20,87.22806250690184,0.8125,0.5,225.0,183.0,227.0,230.0,69.0,72.0,0.0,0.0,21.0,15.0,21.0,28.0,9.0,11.0,0.0,0.0,0.0,0.0,21.0,28.0,0.0,0.0,0.0,0.0
C1__baldwinian__s27,C1__baldwinian,C1,C1,baldwinian,27,1150,train,50,2.98,17,17,96.07975495874791,0.7916666666666666,0.5,137.0,158.0,191.0,194.0,97.0,93.0,0.0,0.0,18.0,16.0,20.0,17.0,14.0,5.0,0.0,0.0,0.0,0.0,20.0,17.0,0.0,0.0,0.0,0.0
C1__baldwinian__s27,C1__baldwinian,C1,C1,baldwinian,27,1200,train,50,2.94,17,17,110.42231310559109,0.75,0.5,212.0,187.0,209.0,198.0,42.0,44.0,0.0,0.0,24.0,18.0,25.0,14.0,6.0,5.0,0.0,0.0,0.0,0.0,25.0,14.0,0.0,0.0,0.0,0.0
C1__baldwinian__s27,C1__baldwinian,C1,C1,baldwinian,27,1250,train,50,2.98,19,19,61.768456436249934,0.8958333333333334,0.5,183.0,179.0,193.0,183.0,62.0,66.0,0.0,0.0,24.0,19.0,17.0,14.0,16.0,12.0,0.0,0.0,0.0,0.0,17.0,14.0,0.0,0.0,0.0,0.0
C1__baldwinian__s27,C1__baldwinian,C1,C1,baldwinian,27,1300,train,50,3.06,15,15,113.1547864700938,0.7916666666666666,0.5,211.0,191.0,181.0,200.0,28.0,24.0,0.0,0.0,30.0,21.0,13.0,14.0,7.0,6.0,0.0,0.0,0.0,0.0,13.0,14.0,0.0,0.0,0.0,0.0
C1__baldwinian__s27,C1__baldwinian,C1,C1,baldwinian,27,1350,train,50,3.32,17,17,72.20277890776362,0.8541666666666666,0.5,169.0,197.0,231.0,265.0,75.0,56.0,0.0,0.0,19.0,20.0,21.0,27.0,13.0,13.0,0.0,0.0,0.0,0.0,21.0,27.0,0.0,0.0,0.0,0.0
C1__baldwinian__s27,C1__baldwinian,C1,C1,baldwinian,27,1400,train,50,3.48,12,12,96.58703906367627,0.7708333333333334,0.5,230.0,206.0,211.0,213.0,71.0,61.0,0.0,0.0,34.0,24.0,15.0,15.0,10.0,9.0,0.0,0.0,0.0,0.0,15.0,15.0,0.0,0.0,0.0,0.0
C1__baldwinian__s27,C1__baldwinian,C1,C1,baldwinian,27,1450,train,50,3.56,13,13,88.77782176086261,0.8333333333333334,0.5,261.0,247.0,249.0,251.0,85.0,91.0,0.0,0.0,22.0,13.0,22.0,22.0,16.0,11.0,0.0,0.0,0.0,0.0,22.0,22.0,0.0,0.0,0.0,0.0
C1__baldwinian__s27,C1__baldwinian,C1,C1,baldwinian,27,1500,train,50,3.66,14,14,103.32045576115218,0.7708333333333334,0.5,295.0,321.0,264.0,252.0,28.0,33.0,0.0,0.0,24.0,23.0,23.0,16.0,12.0,5.0,0.0,0.0,0.0,0.0,23.0,16.0,0.0,0.0,0.0,0.0
C1__baldwinian__s27,C1__baldwinian,C1,C1,baldwinian,27,1550,eval,50,3.82,18,18,136.0388320792952,0.6875,0.5,276.0,225.0,200.0,243.0,12.0,12.0,22.0,20.0,15.0,17.0,16.0,26.0,5.0,5.0,4.0,11.0,0.0,0.0,16.0,26.0,0.0,0.0,4.0,11.0
C1__baldwinian__s27,C1__baldwinian,C1,C1,baldwinian,27,1600,eval,50,3.9,21,21,108.94953441027099,0.8125,0.5,226.0,213.0,301.0,290.0,40.0,44.0,35.0,37.0,31.0,16.0,17.0,20.0,2.0,4.0,1.0,4.0,0.0,0.0,17.0,20.0,0.0,0.0,1.0,4.0
C1__baldwinian__s27,C1__baldwinian,C1,C1,baldwinian,27,1650,eval,50,3.92,18,18,175.46269336440295,0.4583333333333333,0.5,317.0,316.0,200.0,208.0,39.0,37.0,68.0,88.0,22.0,10.0,18.0,18.0,4.0,1.0,2.0,7.0,0.0,0.0,18.0,18.0,0.0,0.0,2.0,7.0
C1__baldwinian__s27,C1__baldwinian,C1,C1,baldwinian,27,1700,eval,50,3.96,10,10,215.21125399504825,0.4166666666666667,0.5,264.0,260.0,237.0,243.0,116.0,109.0,60.0,59.0,12.0,11.0,15.0,9.0,6.0,10.0,2.0,0.0,0.0,0.0,15.0,9.0,0.0,0.0,2.0,0.0
C1__baldwinian__s27,C1__baldwinian,C1,C1,baldwinian,27,1750,eval,50,4.16,18,18,195.54534778209205,0.5208333333333334,0.5,228.0,210.0,198.0,210.0,56.0,44.0,83.0,63.0,11.0,17.0,14.0,20.0,3.0,8.0,2.0,5.0,0.0,0.0,14.0,20.0,0.0,0.0,2.0,5.0
C1__baldwinian__s27,C1__baldwinian,C1,C1,baldwinian,27,1800,eval,50,4.26,9,9,218.6957603402327,0.4375,0.5,287.0,331.0,205.0,236.0,42.0,45.0,43.0,42.0,9.0,22.0,15.0,13.0,3.0,5.0,3.0,5.0,0.0,0.0,15.0,13.0,0.0,0.0,3.0,5.0
C1__baldwinian__s28,C1__baldwinian,C1,C1,baldwinian,28,50,train,50,0.78,35,5,50.42969210823132,0.8958333333333334,0.5,106.0,114.0,115.0,135.0,39.0,27.0,0.0,0.0,30.0,25.0,29.0,23.0,11.0,3.0,0.0,0.0,0.0,0.0,29.0,23.0,0.0,0.0,0.0,0.0
C1__baldwinian__s28,C1__baldwinian,C1,C1,baldwinian,28,100,train,50,0.74,13,13,80.91473045236899,0.875,0.5,145.0,157.0,186.0,169.0,48.0,63.0,0.0,0.0,18.0,22.0,20.0,15.0,1.0,6.0,0.0,0.0,0.0,0.0,20.0,15.0,0.0,0.0,0.0,0.0
C1__baldwinian__s28,C1__baldwinian,C1,C1,baldwinian,28,150,train,41,0.9024390243902439,17,26,90.42575581133244,0.8541666666666666,0.5,197.0,180.0,206.0,206.0,62.0,55.0,0.0,0.0,22.0,13.0,30.0,25.0,11.0,5.0,0.0,0.0,0.0,0.0,30.0,25.0,0.0,0.0,0.0,0.0
C1__baldwinian__s28,C1__baldwinian,C1,C1,baldwinian,28,200,train,47,1.1063829787234043,24,18,63.891978422074054,0.9166666666666666,0.5,249.0,231.0,200.0,216.0,62.0,64.0,0.0,0.0,27.0,25.0,13.0,29.0,4.0,8.0,0.0,0.0,0.0,0.0,13.0,29.0,0.0,0.0,0.0,0.0
C1__baldwinian__s28,C1__baldwinian,C1,C1,baldwinian,28,250,train,43,1.1627906976744187,17,21,99.28788955465637,0.7708333333333334,0.5,230.0,247.0,177.0,183.0,27.0,26.0,0.0,0.0,15.0,18.0,24.0,16.0,3.0,13.0,0.0,0.0,0.0,0.0,24.0,16.0,0.0,0.0,0.0,0.0
C1__baldwinian__s28,C1__baldwinian,C1,C1,baldwinian,28,300,train,48,1.3125,26,21,53.071827112149364,0.9166666666666666,0.5,169.0,145.0,205.0,214.0,32.0,33.0,0.0,0.0,30.0,26.0,17.0,21.0,5.0,11.0,0.0,0.0,0.0,0.0,17.0,21.0,0.0,0.0,0.0,0.0
C1__baldwinian__s28,C1__baldwinian,C1,C1,baldwinian,28,350,train,46,1.108695652173913,17,19,56.175084583743605,0.875,0.5,211.0,194.0,212.0,245.0,49.0,46.0,0.0,0.0,19.0,17.0,29.0,20.0,5.0,7.0,0.0,0.0,0.0,0.0,29.0,20.0,0.0,0.0,0.0,0.0
C1__baldwinian__s28,C1__baldwinian,C1,C1,baldwinian,28,400,train,43,1.1395348837209303,17,20,87.42169312821008,0.8541666666666666,0.5,231.0,213.0,217.0,230.0,43.0,44.0,0.0,0.0,22.0,17.0,15.0,26.0,6.0,6.0,0.0,0.0,0.0,0.0,15.0,26.0,0.0,0.0,0.0,0.0
C1__baldwinian__s28,C1__baldwinian,C1,C1,baldwinian,28,450,train,49,1.3265306122448979,20,14,101.32724665918018,0.7708333333333334,0.5,191.0,223.0,209.0,226.0,33.0,32.0,0.0,0.0,23.0,25.0,17.0,15.0,6.0,8.0,0.0,0.0,0.0,0.0,17.0,15.0,0.0,0.0,0.0,0.0
C1__baldwinian__s28,C1__baldwinian,C1,C1,baldwinian,28,500,train,47,1.7872340425531914,20,22,104.69594643325891,0.75,0.5,229.0,248.0,195.0,195.0,26.0,18.0,0.0,0.0,30.0,22.0,15.0,14.0,5.0,9.0,0.0,0.0,0.0,0.0,15.0,14.0,0.0,0.0,0.0,0.0
C1__baldwinian__s28,C1__baldwinian,C1,C1,baldwinian,28,550,train,50,1.86,23,20,76.49020867966948,0.875,0.5,184.0,188.0,182.0,174.0,49.0,65.0,0.0,0.0,27.0,14.0,20.0,20.0,10.0,12.0,0.0,0.0,0.0,0.0,20.0,20.0,0.0,0.0,0.0,0.0
C1__baldwinian__s28,C1__baldwinian,C1,C1,baldwinian,28,600,train,50,2.08,17,17,113.76876991373011,0.6666666666666666,0.5,283.0,271.0,216.0,255.0,16.0,16.0,0.0,0.0,33.0,24.0,19.0,15.0,0.0,2.0,0.0,0.0,0.0,0.0,19.0,15.0,0.0,0.0,0.0,0.0
C1__baldwinian__s28,C1__baldwinian,C1,C1,baldwinian,28,650,train,50,2.1,12,12,60.71256892886535,0.9791666666666666,0.5,300.0,262.0,157.0,182.0,46.0,59.0,0.0,0.0,33.0,20.0,14.0,18.0,8.0,12.0,0.0,0.0,0.0,0.0,14.0,18.0,0.0,0.0,0.0,0.0
C1__baldwinian__s28,C1__baldwinian,C1,C1,baldwinian,28,700,train,50,2.36,22,22,61.61579694646116,0.8958333333333334,0.5,209.0,228.0,210.0,191.0,30.0,41.0,0.0,0.0,20.0,28.0,22.0,21.0,8.0,10.0,0.0,0.0,0.0,0.0,22.0,21.0,0.0,0.0,0.0,0.0
C1__baldwinian__s28,C1__baldwinian,C1,C1,baldwinian,28,750,train,50,2.5,20,20,54.68551307285329,0.9583333333333334,0.5,203.0,210.0,259.0,239.0,32.0,22.0,0.0,0.0,24.0,32.0,22.0,23.0,10.0,10.0,0.0,0.0,0.0,0.0,22.0,23.0,0.0,0.0,0.0,0.0
C1__baldwinian__s28,C1__baldwinian,C1,C1,baldwinian,28,800,train,50,2.64,22,22,99.6939001420578,0.7916666666666666,0.5,150.0,184.0,163.0,171.0,25.0,13.0,0.0,0.0,16.0,31.0,18.0,22.0,4.0,4.0,0.0,0.0,0.0,0.0,18.0,22.0,0.0,0.0,0.0,0.0
C1__baldwinian__s28,C1__baldwinian,C1,C1,baldwinian,28,850,train,45,2.6666666666666665,14,19,118.84176439877324,0.7708333333333334,0.5,186.0,167.0,158.0,171.0,56.0,51.0,0.0,0.0,17.0,26.0,15.0,25.0,2.0,9.0,0.0,0.0,0.0,0.0,15.0,25.0,0.0,0.0,0.0,0.0
C1__baldwinian__s28,C1__baldwinian,C1,C1,baldwinian,28,900,train,40,2.75,13,18,105.062189772472,0.7916666666666666,0.5,146.0,126.0,182.0,185.0,85.0,71.0,0.0,0.0,26.0,20.0,25.0,18.0,11.0,9.0,0.0,0.0,0.0,0.0,25.0,18.0,0.0,0.0,0.0,0.0
C1__baldwinian__s28,C1__baldwinian,C1,C1,baldwinian,28,950,train,35,2.7714285714285714,15,20,106.75736827107261,0.8333333333333334,0.5,130.0,137.0,206.0,242.0,53.0,49.0,0.0,0.0,20.0,10.0,33.0,16.0,5.0,15.0,0.0,0.0,0.0,0.0,33.0,16.0,0.0,0.0,0.0,0.0
C1__baldwinian__s28,C1__baldwinian,C1,C1,baldwinian,28,1000,train,45,3.3777777777777778,28,18,123.50982534921864,0.7291666666666666,0.5,154.0,166.0,215.0,212.0,56.0,51.0,0.0,0.0,21.0,18.0,21.0,15.0,3.0,8.0,0.0,0.0,0.0,0.0,21.0,15.0,0.0,0.0,0.0,0.0
C1__baldwinian__s28,C1__baldwinian,C1,C1,baldwinian,28,1050,train,50,3.56,21,16,113.44644271951063,0.7291666666666666,0.5,207.0,190.0,218.0,237.0,19.0,19.0,0.0,0.0,15.0,20.0,20.0,23.0,2.0,4.0,0.0,0.0,0.0,0.0,20.0,23.0,0.0,0.0,0.0,0.0
C1__baldwinian__s28,C1__baldwinian,C1,C1,baldwinian,28,1100,train,50,3.7,20,20,69.18688395338688,0.8958333333333334,0.5,187.0,172.0,204.0,226.0,31.0,30.0,0.0,0.0,23.0,22.0,18.0,21.0,8.0,6.0,0.0,0.0,0.0,0.0,18.0,21.0,0.0,0.0,0.0,0.0
C1__baldwinian__s28,C1__baldwinian,C1,C1,baldwinian,28,1150,train,50,3.82,16,16,101.8696951335192,0.7916666666666666,0.5,174.0,158.0,267.0,254.0,42.0,44.0,0.0,0.0,19.0,16.0,13.0,21.0,4.0,8.0,0.0,0.0,0.0,0.0,13.0,21.0,0.0,0.0,0.0,0.0
C1__baldwinian__s28,C1__baldwinian,C1,C1,baldwinian,28,1200,train,50,3.78,22,22,69.17305147201331,0.9166666666666666,0.5,246.0,269.0,214.0,232.0,20.0,18.0,0.0,0.0,18.0,33.0,29.0,14.0,6.0,5.0,0.0,0.0,0.0,0.0,29.0,14.0,0.0,0.0,0.0,0.0
C1__baldwinian__s28,C1__baldwinian,C1,C1,baldwinian,28,1250,train,49,3.816326530612245,22,23,74.974246900058,0.8333333333333334,0.5,240.0,186.0,234.0,242.0,42.0,38.0,0.0,0.0,19.0,27.0,23.0,25.0,4.0,7.0,0.0,0.0,0.0,0.0,23.0,25.0,0.0,0.0,0.0,0.0
C1__baldwinian__s28,C1__baldwinian,C1,C1,baldwinian,28,1300,train,50,3.98,19,18,58.89289965258205,0.875,0.5,250.0,266.0,217.0,225.0,19.0,27.0,0.0,0.0,19.0,31.0,22.0,22.0,2.0,9.0,0.0,0.0,0.0,0.0,22.0,22.0,0.0,0.0,0.0,0.0
C1__baldwinian__s28,C1__baldwinian,C1,C1,baldwinian,28,1350,train,48,4.270833333333333,20,22,97.33273713054356,0.8333333333333334,0.5,126.0,129.0,195.0,199.0,21.0,31.0,0.0,0.0,22.0,17.0,20.0,24.0,10.0,4.0,0.0,0.0,0.0,0.0,20.0,24.0,0.0,0.0,0.0,0.0
C1__baldwinian__s28,C1__baldwinian,C1,C1,baldwinian,28,1400,train,50,4.62,19,17,86.47722509384107,0.8333333333333334,0.5,195.0,202.0,215.0,197.0,43.0,45.0,0.0,0.0,27.0,19.0,20.0,12.0,10.0,4.0,0.0,0.0,0.0,0.0,20.0,12.0,0.0,0.0,0.0,0.0
C1__baldwinian__s28,C1__baldwinian,C1,C1,baldwinian,28,1450,train,50,4.76,17,17,85.74769384207812,0.7916666666666666,0.5,252.0,257.0,154.0,158.0,33.0,42.0,0.0,0.0,22.0,20.0,25.0,16.0,9.0,10.0,0.0,0.0,0.0,0.0,25.0,16.0,0.0,0.0,0.0,0.0
C1__baldwinian__s28,C1__baldwinian,C1,C1,baldwinian,28,1500,train,50,4.76,19,19,77.40497599001097,0.8333333333333334,0.5,225.0,237.0,179.0,217.0,52.0,46.0,0.0,0.0,13.0,33.0,16.0,17.0,9.0,10.0,0.0,0.0,0.0,0.0,16.0,17.0,0.0,0.0,0.0,0.0
C1__baldwinian__s28,C1__baldwinian,C1,C1,baldwinian,28,1550,eval,50,4.84,14,14,122.16135630115375,0.7708333333333334,0.5,305.0,337.0,283.0,272.0,2.0,3.0,10.0,10.0,19.0,31.0,18.0,18.0,0.0,0.0,1.0,2.0,0.0,0.0,18.0,18.0,0.0,0.0,1.0,2.0
C1__baldwinian__s28,C1__baldwinian,C1,C1,baldwinian,28,1600,eval,50,4.94,11,11,126.63579059530208,0.625,0.5,343.0,367.0,268.0,283.0,28.0,32.0,10.0,15.0,27.0,28.0,19.0,19.0,5.0,5.0,0.0,3.0,0.0,0.0,19.0,19.0,0.0,0.0,0.0,3.0
C1__baldwinian__s28,C1__baldwinian,C1,C1,baldwinian,28,1650,eval,50,5.1,17,17,90.61202313241714,0.8333333333333334,0.5,265.0,284.0,278.0,270.0,44.0,53.0,3.0,1.0,17.0,24.0,18.0,27.0,7.0,6.0,2.0,0.0,0.0,0.0,18.0,27.0,0.0,0.0,2.0,0.0
C1__baldwinian__s28,C1__baldwinian,C1,C1,baldwinian,28,1700,eval,50,5.28,16,16,137.68618066331854,0.6666666666666666,0.5,261.0,292.0,277.0,277.0,24.0,28.0,26.0,41.0,18.0,19.0,15.0,24.0,3.0,3.0,3.0,6.0,0.0,0.0,15.0,24.0,0.0,0.0,3.0,6.0
C1__baldwinian__s28,C1__baldwinian,C1,C1,baldwinian,28,1750,eval,50,5.36,14,14,157.99988292231365,0.6666666666666666,0.5,240.0,229.0,285.0,293.0,19.0,19.0,32.0,21.0,23.0,13.0,16.0,24.0,1.0,3.0,0.0,1.0,0.0,0.0,16.0,24.0,0.0,0.0,0.0,1.0
C1__baldwinian__s28,C1__baldwinian,C1,C1,baldwinian,28,1800,eval,50,5.38,16,16,140.17671724535433,0.625,0.5,291.0,237.0,261.0,220.0,24.0,17.0,8.0,10.0,15.0,19.0,28.0,13.0,4.0,2.0,0.0,2.0,0.0,0.0,28.0,13.0,0.0,0.0,0.0,2.0
C1__baldwinian__s29,C1__baldwinian,C1,C1,baldwinian,29,50,train,50,0.68,33,3,40.624625696186634,0.8958333333333334,0.5,107.0,93.0,134.0,133.0,69.0,59.0,0.0,0.0,21.0,29.0,32.0,18.0,13.0,15.0,0.0,0.0,0.0,0.0,32.0,18.0,0.0,0.0,0.0,0.0
C1__baldwinian__s29,C1__baldwinian,C1,C1,baldwinian,29,100,train,50,0.76,12,12,62.22334530257608,0.8541666666666666,0.5,211.0,194.0,132.0,151.0,41.0,53.0,0.0,0.0,31.0,14.0,6.0,19.0,9.0,9.0,0.0,0.0,0.0,0.0,6.0,19.0,0.0,0.0,0.0,0.0
C1__baldwinian__s29,C1__baldwinian,C1,C1,baldwinian,29,150,train,40,0.95,11,21,83.99012918106614,0.875,0.5,176.0,183.0,204.0,222.0,84.0,104.0,0.0,0.0,15.0,26.0,25.0,21.0,14.0,6.0,0.0,0.0,0.0,0.0,25.0,21.0,0.0,0.0,0.0,0.0
C1__baldwinian__s29,C1__baldwinian,C1,C1,baldwinian,29,200,train,46,1.3043478260869565,25,19,71.11888003819226,0.8958333333333334,0.5,192.0,189.0,244.0,239.0,57.0,47.0,0.0,0.0,22.0,14.0,24.0,23.0,17.0,5.0,0.0,0.0,0.0,0.0,24.0,23.0,0.0,0.0,0.0,0.0
C1__baldwinian__s29,C1__baldwinian,C1,C1,baldwinian,29,250,train,48,1.3541666666666667,21,19,67.0957477895655,0.8541666666666666,0.5,252.0,222.0,181.0,203.0,35.0,37.0,0.0,0.0,21.0,22.0,15.0,14.0,13.0,10.0,0.0,0.0,0.0,0.0,15.0,14.0,0.0,0.0,0.0,0.0
C1__baldwinian__s29,C1__baldwinian,C1,C1,baldwinian,29,300,train,49,1.3877551020408163,16,15,72.53989292998898,0.8958333333333334,0.5,177.0,148.0,189.0,201.0,76.0,84.0,0.0,0.0,16.0,16.0,21.0,25.0,17.0,10.0,0.0,0.0,0.0,0.0,21.0,25.0,0.0,0.0,0.0,0.0
C1__baldwinian__s29,C1__baldwinian,C1,C1,baldwinian,29,350,train,50,1.52,26,25,76.87353112985505,0.8333333333333334,0.5,210.0,228.0,223.0,224.0,111.0,149.0,0.0,0.0,16.0,20.0,25.0,19.0,7.0,13.0,0.0,0.0,0.0,0.0,25.0,19.0,0.0,0.0,0.0,0.0
C1__baldwinian__s29,C1__baldwinian,C1,C1,baldwinian,29,400,train,50,1.48,10,10,89.34091003031813,0.7708333333333334,0.5,301.0,308.0,193.0,154.0,70.0,67.0,0.0,0.0,16.0,25.0,18.0,15.0,13.0,7.0,0.0,0.0,0.0,0.0,18.0,15.0,0.0,0.0,0.0,0.0
C1__baldwinian__s29,C1__baldwinian,C1,C1,baldwinian,29,450,train,50,1.22,19,19,93.4192196876379,0.7708333333333334,0.5,262.0,264.0,233.0,228.0,58.0,54.0,0.0,0.0,24.0,20.0,25.0,11.0,13.0,9.0,0.0,0.0,0.0,0.0,25.0,11.0,0.0,0.0,0.0,0.0
C1__baldwinian__s29,C1__baldwinian,C1,C1,baldwinian,29,500,train,50,1.46,20,20,56.44701944138906,0.9375,0.5,237.0,211.0,164.0,215.0,93.0,89.0,0.0,0.0,28.0,21.0,13.0,8.0,17.0,13.0,0.0,0.0,0.0,0.0,13.0,8.0,0.0,0.0,0.0,0.0
C1__baldwinian__s29,C1__baldwinian,C1,C1,baldwinian,29,550,train,50,1.78,28,28,79.35913340382551,0.875,0.5,128.0,156.0,174.0,169.0,30.0,40.0,0.0,0.0,21.0,15.0,28.0,16.0,11.0,4.0,0.0,0.0,0.0,0.0,28.0,16.0,0.0,0.0,0.0,0.0
C1__baldwinian__s29,C1__baldwinian,C1,C1,baldwinian,29,600,train,50,2.08,20,20,81.13266555946313,0.8125,0.5,170.0,154.0,130.0,154.0,65.0,49.0,0.0,0.0,19.0,17.0,21.0,18.0,16.0,17.0,0.0,0.0,0.0,0.0,21.0,18.0,0.0,0.0,0.0,0.0
C1__baldwinian__s29,C1__baldwinian,C1,C1,baldwinian,29,650,train,50,2.34,16,16,78.28827479947176,0.8333333333333334,0.5,222.0,225.0,166.0,174.0,51.0,58.0,0.0,0.0,16.0,19.0,13.0,21.0,14.0,10.0,0.0,0.0,0.0,0.0,13.0,21.0,0.0,0.0,0.0,0.0
C1__baldwinian__s29,C1__baldwinian,C1,C1,baldwinian,29,700,train,50,2.44,17,17,70.62621306785906,0.875,0.5,224.0,228.0,231.0,262.0,55.0,59.0,0.0,0.0,26.0,11.0,17.0,20.0,11.0,15.0,0.0,0.0,0.0,0.0,17.0,20.0,0.0,0.0,0.0,0.0
C1__baldwinian__s29,C1__baldwinian,C1,C1,baldwinian,29,750,train,50,2.42,19,19,94.35305123937749,0.7916666666666666,0.5,240.0,237.0,207.0,187.0,52.0,66.0,0.0,0.0,34.0,20.0,18.0,12.0,5.0,7.0,0.0,0.0,0.0,0.0,18.0,12.0,0.0,0.0,0.0,0.0
C1__baldwinian__s29,C1__baldwinian,C1,C1,baldwinian,29,800,train,50,2.7,25,25,83.25155503691273,0.8958333333333334,0.5,180.0,204.0,196.0,203.0,65.0,51.0,0.0,0.0,26.0,18.0,16.0,14.0,11.0,20.0,0.0,0.0,0.0,0.0,16.0,14.0,0.0,0.0,0.0,0.0
C1__baldwinian__s29,C1__baldwinian,C1,C1,baldwinian,29,850,train,50,2.68,13,13,97.51589569595595,0.8333333333333334,0.5,149.0,187.0,123.0,113.0,33.0,25.0,0.0,0.0,19.0,29.0,13.0,13.0,17.0,8.0,0.0,0.0,0.0,0.0,13.0,13.0,0.0,0.0,0.0,0.0
C1__baldwinian__s29,C1__baldwinian,C1,C1,baldwinian,29,900,train,37,2.7837837837837838,9,22,55.23266258037158,0.9375,0.5,152.0,166.0,141.0,165.0,54.0,51.0,0.0,0.0,17.0,22.0,20.0,16.0,24.0,14.0,0.0,0.0,0.0,0.0,20.0,16.0,0.0,0.0,0.0,0.0
C1__baldwinian__s29,C1__baldwinian,C1,C1,baldwinian,29,950,train,29,3.2758620689655173,13,21,125.51120868275979,0.7708333333333334,0.5,138.0,123.0,158.0,168.0,56.0,41.0,0.0,0.0,17.0,14.0,19.0,27.0,13.0,9.0,0.0,0.0,0.0,0.0,19.0,27.0,0.0,0.0,0.0,0.0
C1__baldwinian__s29,C1__baldwinian,C1,C1,baldwinian,29,1000,train,48,3.7916666666666665,34,15,89.37715946399594,0.8125,0.5,196.0,152.0,171.0,150.0,64.0,66.0,0.0,0.0,19.0,16.0,24.0,21.0,11.0,7.0,0.0,0.0,0.0,0.0,24.0,21.0,0.0,0.0,0.0,0.0
C1__baldwinian__s29,C1__baldwinian,C1,C1,baldwinian,29,1050,train,49,3.9183673469387754,19,18,73.5203025940606,0.8541666666666666,0.5,265.0,276.0,216.0,188.0,49.0,35.0,0.0,0.0,29.0,17.0,19.0,19.0,16.0,5.0,0.0,0.0,0.0,0.0,19.0,19.0,0.0,0.0,0.0,0.0
C1__baldwinian__s29,C1__baldwinian,C1,C1,baldwinian,29,1100,train,50,4.0,13,12,100.77660608384991,0.8125,0.5,185.0,178.0,175.0,169.0,51.0,69.0,0.0,0.0,24.0,23.0,12.0,15.0,7.0,12.0,0.0,0.0,0.0,0.0,12.0,15.0,0.0,0.0,0.0,0.0
C1__baldwinian__s29,C1__baldwinian,C1,C1,baldwinian,29,1150,train,50,4.14,14,14,56.183046243081506,0.875,0.5,203.0,194.0,170.0,213.0,60.0,57.0,0.0,0.0,24.0,14.0,15.0,17.0,11.0,8.0,0.0,0.0,0.0,0.0,15.0,17.0,0.0,0.0,0.0,0.0
C1__baldwinian__s29,C1__baldwinian,C1,C1,baldwinian,29,1200,train,50,4.16,12,12,103.83218490494276,0.7291666666666666,0.5,152.0,181.0,207.0,197.0,111.0,122.0,0.0,0.0,22.0,16.0,14.0,21.0,7.0,16.0,0.0,0.0,0.0,0.0,14.0,21.0,0.0,0.0,0.0,0.0
C1__baldwinian__s29,C1__baldwinian,C1,C1,baldwinian,29,1250,train,50,4.2,21,21,63.59867400323327,0.9583333333333334,0.5,167.0,171.0,210.0,239.0,91.0,90.0,0.0,0.0,23.0,14.0,27.0,15.0,8.0,19.0,0.0,0.0,0.0,0.0,27.0,15.0,0.0,0.0,0.0,0.0
C1__baldwinian__s29,C1__baldwinian,C1,C1,baldwinian,29,1300,train,50,4.2,16,16,93.46516802398119,0.8333333333333334,0.5,205.0,235.0,225.0,238.0,69.0,74.0,0.0,0.0,17.0,15.0,27.0,22.0,9.0,7.0,0.0,0.0,0.0,0.0,27.0,22.0,0.0,0.0,0.0,0.0
C1__baldwinian__s29,C1__baldwinian,C1,C1,baldwinian,29,1350,train,50,4.36,17,17,93.52426685098979,0.7708333333333334,0.5,233.0,217.0,255.0,240.0,59.0,64.0,0.0,0.0,24.0,16.0,24.0,17.0,12.0,14.0,0.0,0.0,0.0,0.0,24.0,17.0,0.0,0.0,0.0,0.0
C1__baldwinian__s29,C1__baldwinian,C1,C1,baldwinian,29,1400,train,50,4.24,18,18,96.6736093983534,0.8333333333333334,0.5,194.0,197.0,274.0,275.0,53.0,41.0,0.0,0.0,16.0,23.0,20.0,22.0,9.0,6.0,0.0,0.0,0.0,0.0,20.0,22.0,0.0,0.0,0.0,0.0
C1__baldwinian__s29,C1__baldwinian,C1,C1,baldwinian,29,1450,train,50,4.64,18,18,74.11392528779734,0.7708333333333334,0.5,198.0,178.0,267.0,263.0,84.0,82.0,0.0,0.0,15.0,17.0,22.0,12.0,10.0,18.0,0.0,0.0,0.0,0.0,22.0,12.0,0.0,0.0,0.0,0.0
C1__baldwinian__s29,C1__baldwinian,C1,C1,baldwinian,29,1500,train,50,5.32,20,20,55.51358312648554,0.9166666666666666,0.5,285.0,265.0,229.0,229.0,71.0,68.0,0.0,0.0,24.0,30.0,13.0,28.0,4.0,15.0,0.0,0.0,0.0,0.0,13.0,28.0,0.0,0.0,0.0,0.0
C1__baldwinian__s29,C1__baldwinian,C1,C1,baldwinian,29,1550,eval,50,5.9,19,19,67.33174425945018,0.875,0.5,189.0,171.0,151.0,138.0,50.0,45.0,17.0,25.0,15.0,24.0,16.0,9.0,13.0,7.0,5.0,8.0,0.0,0.0,16.0,9.0,0.0,0.0,5.0,8.0
C1__baldwinian__s29,C1__baldwinian,C1,C1,baldwinian,29,1600,eval,50,6.2,21,21,106.37287552472426,0.7291666666666666,0.5,174.0,172.0,103.0,117.0,36.0,26.0,37.0,30.0,16.0,22.0,8.0,18.0,7.0,3.0,3.0,4.0,0.0,0.0,8.0,18.0,0.0,0.0,3.0,4.0
C1__baldwinian__s29,C1__baldwinian,C1,C1,baldwinian,29,1650,eval,50,6.14,23,23,159.1888550071436,0.5833333333333334,0.5,172.0,157.0,246.0,234.0,39.0,48.0,53.0,61.0,26.0,12.0,16.0,14.0,6.0,13.0,6.0,3.0,0.0,0.0,16.0,14.0,0.0,0.0,6.0,3.0
C1__baldwinian__s29,C1__baldwinian,C1,C1,baldwinian,29,1700,eval,50,6.08,10,10,226.38489765146818,0.4791666666666667,0.5,267.0,250.0,296.0,302.0,4.0,8.0,38.0,31.0,26.0,13.0,18.0,15.0,2.0,6.0,1.0,2.0,0.0,0.0,18.0,15.0,0.0,0.0,1.0,2.0
C1__baldwinian__s29,C1__baldwinian,C1,C1,baldwinian,29,1750,eval,50,6.12,17,17,173.14214726321856,0.6041666666666666,0.5,334.0,350.0,280.0,299.0,24.0,14.0,17.0,17.0,16.0,13.0,23.0,14.0,3.0,3.0,4.0,4.0,0.0,0.0,23.0,14.0,0.0,0.0,4.0,4.0
C1__baldwinian__s29,C1__baldwinian,C1,C1,baldwinian,29,1800,eval,50,6.1,13,13,177.78165787193848,0.5416666666666666,0.5,329.0,292.0,261.0,246.0,37.0,34.0,24.0,31.0,15.0,9.0,18.0,18.0,3.0,2.0,2.0,2.0,0.0,0.0,18.0,18.0,0.0,0.0,2.0,2.0
C1__baldwinian__s30,C1__baldwinian,C1,C1,baldwinian,30,50,train,50,0.84,31,1,143.62351785770628,0.6666666666666666,0.5,106.0,71.0,131.0,119.0,76.0,91.0,0.0,0.0,21.0,16.0,17.0,14.0,10.0,10.0,0.0,0.0,0.0,0.0,17.0,14.0,0.0,0.0,0.0,0.0
C1__baldwinian__s30,C1__baldwinian,C1,C1,baldwinian,30,100,train,50,0.92,13,13,62.40004819604792,0.9166666666666666,0.5,221.0,175.0,207.0,206.0,44.0,43.0,0.0,0.0,21.0,16.0,19.0,22.0,10.0,11.0,0.0,0.0,0.0,0.0,19.0,22.0,0.0,0.0,0.0,0.0
C1__baldwinian__s30,C1__baldwinian,C1,C1,baldwinian,30,150,train,50,0.92,7,7,100.58459909369367,0.7916666666666666,0.5,223.0,222.0,281.0,264.0,25.0,29.0,0.0,0.0,22.0,24.0,14.0,14.0,8.0,6.0,0.0,0.0,0.0,0.0,14.0,14.0,0.0,0.0,0.0,0.0
C1__baldwinian__s30,C1__baldwinian,C1,C1,baldwinian,30,200,train,50,0.86,15,15,67.60936123805921,0.875,0.5,272.0,267.0,159.0,141.0,76.0,61.0,0.0,0.0,25.0,29.0,19.0,18.0,15.0,9.0,0.0,0.0,0.0,0.0,19.0,18.0,0.0,0.0,0.0,0.0
C1__baldwinian__s30,C1__baldwinian,C1,C1,baldwinian,30,250,train,50,0.86,11,11,52.23536513993873,0.9166666666666666,0.5,232.0,225.0,222.0,187.0,58.0,56.0,0.0,0.0,22.0,29.0,19.0,22.0,12.0,9.0,0.0,0.0,0.0,0.0,19.0,22.0,0.0,0.0,0.0,0.0
C1__baldwinian__s30,C1__baldwinian,C1,C1,baldwinian,30,300,train,50,0.92,21,21,73.88687825088218,0.8541666666666666,0.5,163.0,154.0,234.0,220.0,57.0,59.0,0.0,0.0,17.0,15.0,30.0,22.0,11.0,12.0,0.0,0.0,0.0,0.0,30.0,22.0,0.0,0.0,0.0,0.0
C1__baldwinian__s30,C1__baldwinian,C1,C1,baldwinian,30,350,train,50,1.08,15,15,118.12998459721487,0.6666666666666666,0.5,262.0,231.0,193.0,167.0,28.0,32.0,0.0,0.0,15.0,25.0,23.0,17.0,7.0,8.0,0.0,0.0,0.0,0.0,23.0,17.0,0.0,0.0,0.0,0.0
C1__baldwinian__s30,C1__baldwinian,C1,C1,baldwinian,30,400,train,50,1.12,16,16,50.12986065227026,0.8958333333333334,0.5,262.0,259.0,231.0,235.0,37.0,36.0,0.0,0.0,15.0,30.0,28.0,11.0,15.0,7.0,0.0,0.0,0.0,0.0,28.0,11.0,0.0,0.0,0.0,0.0
C1__baldwinian__s30,C1__baldwinian,C1,C1,baldwinian,30,450,train,50,1.06,12,12,110.20673672479204,0.7291666666666666,0.5,275.0,291.0,225.0,215.0,12.0,14.0,0.0,0.0,21.0,14.0,17.0,18.0,2.0,2.0,0.0,0.0,0.0,0.0,17.0,18.0,0.0,0.0,0.0,0.0
C1__baldwinian__s30,C1__baldwinian,C1,C1,baldwinian,30,500,train,50,1.4,26,26,92.4846444740123,0.8125,0.5,209.0,213.0,197.0,193.0,59.0,70.0,0.0,0.0,18.0,14.0,19.0,24.0,7.0,15.0,0.0,0.0,0.0,0.0,19.0,24.0,0.0,0.0,0.0,0.0
C1__baldwinian__s30,C1__baldwinian,C1,C1,baldwinian,30,550,train,50,1.96,21,21,73.53929840006965,0.8541666666666666,0.5,134.0,113.0,174.0,159.0,55.0,61.0,0.0,0.0,25.0,20.0,27.0,11.0,10.0,10.0,0.0,0.0,0.0,0.0,27.0,11.0,0.0,0.0,0.0,0.0
C1__baldwinian__s30,C1__baldwinian,C1,C1,baldwinian,30,600,train,50,2.06,16,16,68.16405874444328,0.8958333333333334,0.5,142.0,115.0,145.0,140.0,39.0,43.0,0.0,0.0,22.0,15.0,24.0,15.0,11.0,16.0,0.0,0.0,0.0,0.0,24.0,15.0,0.0,0.0,0.0,0.0
C1__baldwinian__s30,C1__baldwinian,C1,C1,baldwinian,30,650,train,50,2.22,16,16,86.51643977398163,0.8333333333333334,0.5,193.0,171.0,152.0,180.0,36.0,35.0,0.0,0.0,16.0,23.0,18.0,22.0,9.0,9.0,0.0,0.0,0.0,0.0,18.0,22.0,0.0,0.0,0.0,0.0
C1__baldwinian__s30,C1__baldwinian,C1,C1,baldwinian,30,700,train,50,2.32,19,19,93.86488862070715,0.8125,0.5,180.0,172.0,251.0,217.0,43.0,35.0,0.0,0.0,19.0,17.0,20.0,23.0,11.0,9.0,0.0,0.0,0.0,0.0,20.0,23.0,0.0,0.0,0.0,0.0
C1__baldwinian__s30,C1__baldwinian,C1,C1,baldwinian,30,750,train,50,2.42,9,9,88.88168456049719,0.75,0.5,188.0,187.0,162.0,173.0,59.0,78.0,0.0,0.0,18.0,19.0,17.0,16.0,9.0,17.0,0.0,0.0,0.0,0.0,17.0,16.0,0.0,0.0,0.0,0.0
C1__baldwinian__s30,C1__baldwinian,C1,C1,baldwinian,30,800,train,50,2.86,24,24,95.27429022500439,0.7708333333333334,0.5,196.0,214.0,268.0,268.0,79.0,61.0,0.0,0.0,27.0,16.0,29.0,21.0,12.0,9.0,0.0,0.0,0.0,0.0,29.0,21.0,0.0,0.0,0.0,0.0
C1__baldwinian__s30,C1__baldwinian,C1,C1,baldwinian,30,850,train,50,2.9,13,13,102.71233895559982,0.7083333333333334,0.5,215.0,198.0,229.0,218.0,84.0,80.0,0.0,0.0,16.0,21.0,24.0,20.0,6.0,9.0,0.0,0.0,0.0,0.0,24.0,20.0,0.0,0.0,0.0,0.0
C1__baldwinian__s30,C1__baldwinian,C1,C1,baldwinian,30,900,train,50,2.78,17,17,129.62747274260084,0.6666666666666666,0.5,208.0,252.0,197.0,215.0,99.0,88.0,0.0,0.0,19.0,16.0,16.0,17.0,14.0,9.0,0.0,0.0,0.0,0.0,16.0,17.0,0.0,0.0,0.0,0.0
C1__baldwinian__s30,C1__baldwinian,C1,C1,baldwinian,30,950,train,50,2.76,9,9,88.9082563550873,0.7916666666666666,0.5,267.0,230.0,269.0,259.0,94.0,101.0,0.0,0.0,28.0,31.0,18.0,7.0,11.0,9.0,0.0,0.0,0.0,0.0,18.0,7.0,0.0,0.0,0.0,0.0
C1__baldwinian__s30,C1__baldwinian,C1,C1,baldwinian,30,1000,train,50,3.02,12,12,66.63064573670245,0.875,0.5,209.0,246.0,226.0,194.0,67.0,83.0,0.0,0.0,19.0,18.0,17.0,22.0,12.0,19.0,0.0,0.0,0.0,0.0,17.0,22.0,0.0,0.0,0.0,0.0
C1__baldwinian__s30,C1__baldwinian,C1,C1,baldwinian,30,1050,train,50,3.2,19,19,109.62473662140457,0.75,0.5,194.0,186.0,157.0,155.0,75.0,66.0,0.0,0.0,27.0,24.0,16.0,16.0,3.0,3.0,0.0,0.0,0.0,0.0,16.0,16.0,0.0,0.0,0.0,0.0
C1__baldwinian__s30,C1__baldwinian,C1,C1,baldwinian,30,1100,train,50,3.52,25,25,92.31207643912602,0.8333333333333334,0.5,187.0,166.0,171.0,176.0,66.0,78.0,0.0,0.0,15.0,21.0,20.0,29.0,12.0,12.0,0.0,0.0,0.0,0.0,20.0,29.0,0.0,0.0,0.0,0.0
C1__baldwinian__s30,C1__baldwinian,C1,C1,baldwinian,30,1150,train,50,3.6,15,15,142.17708780249637,0.6458333333333334,0.5,167.0,154.0,203.0,167.0,88.0,108.0,0.0,0.0,17.0,17.0,24.0,15.0,6.0,8.0,0.0,0.0,0.0,0.0,24.0,15.0,0.0,0.0,0.0,0.0
C1__baldwinian__s30,C1__baldwinian,C1,C1,baldwinian,30,1200,train,50,3.96,19,19,101.52111803205193,0.75,0.5,165.0,189.0,247.0,277.0,47.0,47.0,0.0,0.0,19.0,19.0,20.0,31.0,9.0,8.0,0.0,0.0,0.0,0.0,20.0,31.0,0.0,0.0,0.0,0.0
C1__baldwinian__s30,C1__baldwinian,C1,C1,baldwinian,30,1250,train,50,4.04,15,15,114.05433452307497,0.6875,0.5,226.0,250.0,238.0,216.0,28.0,28.0,0.0,0.0,18.0,17.0,26.0,14.0,12.0,8.0,0.0,0.0,0.0,0.0,26.0,14.0,0.0,0.0,0.0,0.0
C1__baldwinian__s30,C1__baldwinian,C1,C1,baldwinian,30,1300,train,50,3.86,21,21,88.40659965634198,0.7708333333333334,0.5,207.0,192.0,188.0,197.0,76.0,57.0,0.0,0.0,20.0,20.0,13.0,19.0,11.0,6.0,0.0,0.0,0.0,0.0,13.0,19.0,0.0,0.0,0.0,0.0
C1__baldwinian__s30,C1__baldwinian,C1,C1,baldwinian,30,1350,train,50,3.98,12,12,102.75863726646182,0.7708333333333334,0.5,264.0,267.0,188.0,180.0,79.0,73.0,0.0,0.0,29.0,18.0,7.0,17.0,8.0,6.0,0.0,0.0,0.0,0.0,7.0,17.0,0.0,0.0,0.0,0.0
C1__baldwinian__s30,C1__baldwinian,C1,C1,baldwinian,30,1400,train,50,4.06,16,16,79.92948041857298,0.8541666666666666,0.5,176.0,163.0,197.0,203.0,64.0,63.0,0.0,0.0,29.0,24.0,12.0,21.0,6.0,16.0,0.0,0.0,0.0,0.0,12.0,21.0,0.0,0.0,0.0,0.0
C1__baldwinian__s30,C1__baldwinian,C1,C1,baldwinian,30,1450,train,50,4.24,17,17,110.21697683212378,0.75,0.5,219.0,201.0,175.0,148.0,74.0,62.0,0.0,0.0,19.0,18.0,16.0,16.0,8.0,6.0,0.0,0.0,0.0,0.0,16.0,16.0,0.0,0.0,0.0,0.0
C1__baldwinian__s30,C1__baldwinian,C1,C1,baldwinian,30,1500,train,50,4.36,11,11,112.55681953358425,0.7291666666666666,0.5,175.0,188.0,211.0,199.0,111.0,99.0,0.0,0.0,20.0,27.0,16.0,26.0,11.0,14.0,0.0,0.0,0.0,0.0,16.0,26.0,0.0,0.0,0.0,0.0
C1__baldwinian__s30,C1__baldwinian,C1,C1,baldwinian,30,1550,eval,50,4.48,13,13,146.5234757300518,0.7083333333333334,0.5,214.0,237.0,216.0,235.0,59.0,55.0,16.0,22.0,22.0,14.0,18.0,15.0,7.0,7.0,1.0,6.0,0.0,0.0,18.0,15.0,0.0,0.0,1.0,6.0
C1__baldwinian__s30,C1__baldwinian,C1,C1,baldwinian,30,1600,eval,50,4.54,10,10,163.46765114218837,0.5416666666666666,0.5,285.0,279.0,297.0,307.0,48.0,35.0,30.0,27.0,14.0,12.0,22.0,11.0,9.0,1.0,3.0,0.0,0.0,0.0,22.0,11.0,0.0,0.0,3.0,0.0
C1__baldwinian__s30,C1__baldwinian,C1,C1,baldwinian,30,1650,eval,50,4.58,12,12,163.62851202413583,0.5833333333333334,0.5,235.0,266.0,337.0,327.0,38.0,46.0,34.0,30.0,18.0,15.0,24.0,24.0,4.0,1.0,6.0,5.0,0.0,0.0,24.0,24.0,0.0,0.0,6.0,5.0
C1__baldwinian__s30,C1__baldwinian,C1,C1,baldwinian,30,1700,eval,50,4.76,15,15,187.73698083485615,0.5625,0.5,362.0,343.0,311.0,280.0,37.0,34.0,38.0,33.0,21.0,15.0,19.0,12.0,1.0,0.0,4.0,4.0,0.0,0.0,19.0,12.0,0.0,0.0,4.0,4.0
C1__baldwinian__s30,C1__baldwinian,C1,C1,baldwinian,30,1750,eval,50,4.72,9,9,206.3056316602724,0.4375,0.5,296.0,348.0,306.0,332.0,47.0,49.0,27.0,31.0,12.0,10.0,16.0,12.0,4.0,7.0,4.0,3.0,0.0,0.0,16.0,12.0,0.0,0.0,4.0,3.0
C1__baldwinian__s30,C1__baldwinian,C1,C1,baldwinian,30,1800,eval,50,4.72,7,7,220.83596710957207,0.4375,0.5,321.0,319.0,284.0,305.0,6.0,5.0,12.0,17.0,20.0,12.0,11.0,11.0,1.0,0.0,3.0,3.0,0.0,0.0,11.0,11.0,0.0,0.0,3.0,3.0
