{
  "config": {
    "temperature": 3.0,
    "temp_decay": 1.0,
    "alpha": 1.0,
    "learning_rate": 0.001,
    "epochs": 20,
    "batch_size": 128,
    "max_grad_norm": 1.0,
    "val_fraction": 0.1,
    "seed": 123,
    "loss_fn": "mse"
  },
  "metrics": {
    "train_losses": [
      5.110111381517894,
      0.7314575986749586,
      0.3817834960467097,
      0.2593427020079014,
      0.22153018717688958,
      0.1925081054399396,
      0.17079231084912255,
      0.1590407163440913,
      0.15353543421943328,
      0.14470715401903622,
      0.15257594867356714,
      0.14093843550383597,
      0.14042578120415714,
      0.1394667736683292,
      0.13451440880323637,
      0.1303034026896221,
      0.1314971777854831,
      0.132771462391967,
      0.13183879412185665,
      0.12943693490578853
    ],
    "train_soft_losses": [
      5.110111381517894,
      0.7314575986749586,
      0.3817834960467097,
      0.2593427020079014,
      0.22153018717688958,
      0.1925081054399396,
      0.17079231084912255,
      0.1590407163440913,
      0.15353543421943328,
      0.14470715401903622,
      0.15257594867356714,
      0.14093843550383597,
      0.14042578120415714,
      0.1394667736683292,
      0.13451440880323637,
      0.1303034026896221,
      0.1314971777854831,
      0.132771462391967,
      0.13183879412185665,
      0.12943693490578853
    ],
    "train_hard_losses": [],
    "val_losses": [
      0.2753646740317345,
      0.09460105368246635,
      0.05206739030157526,
      0.07960698529767493,
      0.07741046182035158,
      0.0402053418258826,
      0.03147171337157488,
      0.01299990580106775,
      0.06441438122962911,
      0.021008705447117488,
      0.0638850532968839,
      0.01194164194787542,
      0.022108630333095788,
      0.015088558942079545,
      0.011126858498901129,
      0.10812584179143112,
      0.009355560189578681,
      0.03736129695549607,
      0.011556014399975539,
      0.01825251005589962
    ],
    "action_agreements": [
      0.9922987656925836,
      0.9947251819812216,
      0.995358160143475,
      0.9928262474944615,
      0.9946196856208461,
      0.9956746492246018,
      0.9972570946302353,
      0.997573583711362,
      0.9933537292963392,
      0.997784576432113,
      0.9951471674227239,
      0.998523050954742,
      0.9973625909906109,
      0.9978900727924886,
      0.9983120582339909,
      0.9925097584133348,
      0.9995780145584977,
      0.9966241164679819,
      0.9979955691528642,
      0.9973625909906109
    ],
    "mean_prob_similarities": [
      0.9857531102498372,
      0.9930769944190979,
      0.9940766151746114,
      0.9927097296714783,
      0.9931745258967082,
      0.9949058763186137,
      0.9954675515492757,
      0.9970907592773437,
      0.993725810845693,
      0.9965150801340739,
      0.9938290309906006,
      0.9974347400665283,
      0.9965567255020141,
      0.9970365953445435,
      0.9975638198852539,
      0.9916618665059408,
      0.9979588063557943,
      0.9951134069760641,
      0.9973850011825561,
      0.9967519060770671
    ],
    "best_val_loss": 0.009355560189578681,
    "best_epoch": 16
  }
}