{
  "timestamps": [
    "2025-08-24T23:17:46.908549"
  ],
  "write_ops": [
    2740.8628191070165
  ],
  "read_ops": [
    6108.518099942909
  ],
  "batch_ops": [
    25096.357283040543
  ],
  "memory_per_entry": [
    597.744
  ],
  "batch_sizes": [
    0
  ],
  "notes": [
    "Auto benchmark from GitHub Actions"
  ]
}