{
  "timestamps": [
    "2025-03-21T04:21:08.909215"
  ],
  "write_ops": [
    2959.0823981927906
  ],
  "read_ops": [
    6488.231071950103
  ],
  "batch_ops": [
    26355.732616154128
  ],
  "memory_per_entry": [
    620.4
  ],
  "batch_sizes": [
    0
  ],
  "notes": [
    "Auto benchmark from GitHub Actions"
  ]
}