{
  "timestamps": [
    "2025-08-25T00:18:41.162312"
  ],
  "write_ops": [
    2839.83387431159
  ],
  "read_ops": [
    6168.493255445941
  ],
  "batch_ops": [
    25528.947752836346
  ],
  "memory_per_entry": [
    597.28
  ],
  "batch_sizes": [
    0
  ],
  "notes": [
    "Auto benchmark from GitHub Actions"
  ]
}