{
  "timestamps": [
    "2025-08-25T06:02:44.149112"
  ],
  "write_ops": [
    2734.8187482558155
  ],
  "read_ops": [
    6039.749442004464
  ],
  "batch_ops": [
    25585.320921834398
  ],
  "memory_per_entry": [
    597.664
  ],
  "batch_sizes": [
    0
  ],
  "notes": [
    "Auto benchmark from GitHub Actions"
  ]
}