run_id,cell_id,condition,family,inheritance_mode,seed,window_end_tick,phase,population,mean_generation,births,deaths,total_stock,suppressed_fraction,coverage_realised,opportunities__train__m0__c0,opportunities__train__m0__c1,opportunities__train__m1__c0,opportunities__train__m1__c1,opportunities__heldout__m0__c0,opportunities__heldout__m0__c1,opportunities__heldout__m1__c0,opportunities__heldout__m1__c1,defections__train__m0__c0,defections__train__m0__c1,defections__train__m1__c0,defections__train__m1__c1,defections__heldout__m0__c0,defections__heldout__m0__c1,defections__heldout__m1__c0,defections__heldout__m1__c1,penalties__train__m0__c0,penalties__train__m0__c1,penalties__train__m1__c0,penalties__train__m1__c1,penalties__heldout__m0__c0,penalties__heldout__m0__c1,penalties__heldout__m1__c0,penalties__heldout__m1__c1
C3_f0.5__baldwinian__s1,C3_f0.5__baldwinian,C3_f0.5,C3,baldwinian,1,50,train,50,0.7,31,1,107.16105194242506,0.7708333333333334,0.5,187.0,84.0,31.0,152.0,55.0,23.0,0.0,0.0,29.0,15.0,8.0,30.0,13.0,9.0,0.0,0.0,0.0,0.0,8.0,30.0,0.0,0.0,0.0,0.0
C3_f0.5__baldwinian__s1,C3_f0.5__baldwinian,C3_f0.5,C3,baldwinian,1,100,train,50,0.78,14,14,73.79358335658728,0.875,0.5,281.0,78.0,75.0,215.0,51.0,14.0,0.0,0.0,42.0,7.0,13.0,25.0,11.0,3.0,0.0,0.0,0.0,0.0,13.0,25.0,0.0,0.0,0.0,0.0
C3_f0.5__baldwinian__s1,C3_f0.5__baldwinian,C3_f0.5,C3,baldwinian,1,150,train,50,0.88,12,12,109.96611699251218,0.7708333333333334,0.5,298.0,122.0,87.0,262.0,23.0,12.0,0.0,0.0,35.0,13.0,10.0,14.0,6.0,2.0,0.0,0.0,0.0,0.0,10.0,14.0,0.0,0.0,0.0,0.0
C3_f0.5__baldwinian__s1,C3_f0.5__baldwinian,C3_f0.5,C3,baldwinian,1,200,train,50,0.88,15,15,70.6307083654334,0.8541666666666666,0.5,268.0,85.0,78.0,256.0,120.0,33.0,0.0,0.0,51.0,12.0,13.0,20.0,18.0,1.0,0.0,0.0,0.0,0.0,13.0,20.0,0.0,0.0,0.0,0.0
C3_f0.5__baldwinian__s1,C3_f0.5__baldwinian,C3_f0.5,C3,baldwinian,1,250,train,50,1.02,16,16,71.9061068113122,0.8958333333333334,0.5,264.0,108.0,99.0,216.0,62.0,26.0,0.0,0.0,44.0,14.0,19.0,20.0,12.0,9.0,0.0,0.0,0.0,0.0,19.0,20.0,0.0,0.0,0.0,0.0
C3_f0.5__baldwinian__s1,C3_f0.5__baldwinian,C3_f0.5,C3,baldwinian,1,300,train,50,1.14,14,14,74.08561338853421,0.8541666666666666,0.5,291.0,100.0,115.0,309.0,40.0,26.0,0.0,0.0,39.0,14.0,16.0,25.0,10.0,4.0,0.0,0.0,0.0,0.0,16.0,25.0,0.0,0.0,0.0,0.0
C3_f0.5__baldwinian__s1,C3_f0.5__baldwinian,C3_f0.5,C3,baldwinian,1,350,train,50,1.28,20,20,69.93354758726193,0.8541666666666666,0.5,305.0,107.0,79.0,223.0,86.0,36.0,0.0,0.0,30.0,18.0,16.0,17.0,17.0,9.0,0.0,0.0,0.0,0.0,16.0,17.0,0.0,0.0,0.0,0.0
C3_f0.5__baldwinian__s1,C3_f0.5__baldwinian,C3_f0.5,C3,baldwinian,1,400,train,50,1.42,22,22,94.96600243680001,0.7708333333333334,0.5,306.0,98.0,117.0,334.0,47.0,19.0,0.0,0.0,47.0,6.0,16.0,25.0,5.0,4.0,0.0,0.0,0.0,0.0,16.0,25.0,0.0,0.0,0.0,0.0
C3_f0.5__baldwinian__s1,C3_f0.5__baldwinian,C3_f0.5,C3,baldwinian,1,450,train,50,1.54,16,16,127.65967509460016,0.6458333333333334,0.5,276.0,105.0,132.0,307.0,83.0,29.0,0.0,0.0,34.0,5.0,12.0,16.0,13.0,3.0,0.0,0.0,0.0,0.0,12.0,16.0,0.0,0.0,0.0,0.0
C3_f0.5__baldwinian__s1,C3_f0.5__baldwinian,C3_f0.5,C3,baldwinian,1,500,train,50,1.6,16,16,76.08847832876141,0.8333333333333334,0.5,292.0,120.0,160.0,466.0,96.0,26.0,0.0,0.0,38.0,14.0,18.0,19.0,17.0,2.0,0.0,0.0,0.0,0.0,18.0,19.0,0.0,0.0,0.0,0.0
C3_f0.5__baldwinian__s1,C3_f0.5__baldwinian,C3_f0.5,C3,baldwinian,1,550,train,50,1.82,21,21,48.308163045688566,0.9166666666666666,0.5,384.0,129.0,77.0,246.0,61.0,20.0,0.0,0.0,46.0,14.0,11.0,18.0,14.0,0.0,0.0,0.0,0.0,0.0,11.0,18.0,0.0,0.0,0.0,0.0
C3_f0.5__baldwinian__s1,C3_f0.5__baldwinian,C3_f0.5,C3,baldwinian,1,600,train,50,1.92,17,17,47.65541375948017,0.9375,0.5,315.0,98.0,135.0,398.0,33.0,15.0,0.0,0.0,45.0,11.0,7.0,21.0,14.0,7.0,0.0,0.0,0.0,0.0,7.0,21.0,0.0,0.0,0.0,0.0
C3_f0.5__baldwinian__s1,C3_f0.5__baldwinian,C3_f0.5,C3,baldwinian,1,650,train,50,2.02,17,17,96.70221184583116,0.8125,0.5,247.0,77.0,101.0,220.0,39.0,18.0,0.0,0.0,44.0,6.0,17.0,21.0,12.0,4.0,0.0,0.0,0.0,0.0,17.0,21.0,0.0,0.0,0.0,0.0
C3_f0.5__baldwinian__s1,C3_f0.5__baldwinian,C3_f0.5,C3,baldwinian,1,700,train,50,2.14,22,22,69.37535130823726,0.8958333333333334,0.5,282.0,85.0,103.0,317.0,42.0,15.0,0.0,0.0,32.0,10.0,15.0,26.0,14.0,7.0,0.0,0.0,0.0,0.0,15.0,26.0,0.0,0.0,0.0,0.0
C3_f0.5__baldwinian__s1,C3_f0.5__baldwinian,C3_f0.5,C3,baldwinian,1,750,train,50,2.3,21,21,68.6867358506816,0.8958333333333334,0.5,242.0,88.0,91.0,258.0,61.0,23.0,0.0,0.0,32.0,12.0,9.0,20.0,14.0,4.0,0.0,0.0,0.0,0.0,9.0,20.0,0.0,0.0,0.0,0.0
C3_f0.5__baldwinian__s1,C3_f0.5__baldwinian,C3_f0.5,C3,baldwinian,1,800,train,50,2.24,16,16,51.570750835406606,0.9375,0.5,273.0,95.0,125.0,339.0,56.0,27.0,0.0,0.0,42.0,9.0,16.0,25.0,9.0,9.0,0.0,0.0,0.0,0.0,16.0,25.0,0.0,0.0,0.0,0.0
C3_f0.5__baldwinian__s1,C3_f0.5__baldwinian,C3_f0.5,C3,baldwinian,1,850,train,50,2.42,23,23,71.28655925459208,0.8333333333333334,0.5,304.0,109.0,126.0,350.0,60.0,25.0,0.0,0.0,38.0,14.0,11.0,25.0,6.0,4.0,0.0,0.0,0.0,0.0,11.0,25.0,0.0,0.0,0.0,0.0
C3_f0.5__baldwinian__s1,C3_f0.5__baldwinian,C3_f0.5,C3,baldwinian,1,900,train,50,2.58,23,23,70.82092895667722,0.8958333333333334,0.5,324.0,111.0,82.0,294.0,32.0,15.0,0.0,0.0,30.0,9.0,12.0,33.0,10.0,6.0,0.0,0.0,0.0,0.0,12.0,33.0,0.0,0.0,0.0,0.0
C3_f0.5__baldwinian__s1,C3_f0.5__baldwinian,C3_f0.5,C3,baldwinian,1,950,train,42,2.9285714285714284,19,27,89.24535169172506,0.8541666666666666,0.5,208.0,75.0,72.0,227.0,45.0,9.0,0.0,0.0,34.0,10.0,10.0,32.0,21.0,5.0,0.0,0.0,0.0,0.0,10.0,32.0,0.0,0.0,0.0,0.0
C3_f0.5__baldwinian__s1,C3_f0.5__baldwinian,C3_f0.5,C3,baldwinian,1,1000,train,45,3.2888888888888888,19,16,92.06623484127877,0.7916666666666666,0.5,223.0,69.0,88.0,255.0,26.0,5.0,0.0,0.0,36.0,7.0,9.0,35.0,9.0,4.0,0.0,0.0,0.0,0.0,9.0,35.0,0.0,0.0,0.0,0.0
C3_f0.5__baldwinian__s1,C3_f0.5__baldwinian,C3_f0.5,C3,baldwinian,1,1050,train,42,3.4761904761904763,14,17,76.14599967492788,0.875,0.5,261.0,96.0,82.0,243.0,28.0,10.0,0.0,0.0,42.0,14.0,9.0,32.0,10.0,3.0,0.0,0.0,0.0,0.0,9.0,32.0,0.0,0.0,0.0,0.0
C3_f0.5__baldwinian__s1,C3_f0.5__baldwinian,C3_f0.5,C3,baldwinian,1,1100,train,35,3.4571428571428573,10,17,83.68171765905468,0.8333333333333334,0.5,267.0,69.0,93.0,338.0,41.0,13.0,0.0,0.0,46.0,5.0,13.0,28.0,13.0,2.0,0.0,0.0,0.0,0.0,13.0,28.0,0.0,0.0,0.0,0.0
C3_f0.5__baldwinian__s1,C3_f0.5__baldwinian,C3_f0.5,C3,baldwinian,1,1150,train,47,3.702127659574468,32,20,68.56719024210281,0.9375,0.5,347.0,114.0,102.0,304.0,137.0,31.0,0.0,0.0,30.0,8.0,15.0,24.0,21.0,5.0,0.0,0.0,0.0,0.0,15.0,24.0,0.0,0.0,0.0,0.0
C3_f0.5__baldwinian__s1,C3_f0.5__baldwinian,C3_f0.5,C3,baldwinian,1,1200,train,45,3.977777777777778,17,19,103.59745933946566,0.8125,0.5,239.0,86.0,87.0,304.0,63.0,19.0,0.0,0.0,27.0,11.0,12.0,37.0,12.0,3.0,0.0,0.0,0.0,0.0,12.0,37.0,0.0,0.0,0.0,0.0
C3_f0.5__baldwinian__s1,C3_f0.5__baldwinian,C3_f0.5,C3,baldwinian,1,1250,train,50,4.12,21,16,65.91728981355777,0.8541666666666666,0.5,372.0,121.0,145.0,345.0,52.0,14.0,0.0,0.0,42.0,16.0,15.0,19.0,16.0,4.0,0.0,0.0,0.0,0.0,15.0,19.0,0.0,0.0,0.0,0.0
C3_f0.5__baldwinian__s1,C3_f0.5__baldwinian,C3_f0.5,C3,baldwinian,1,1300,train,50,4.22,14,14,61.841442134110224,0.9166666666666666,0.5,265.0,78.0,57.0,202.0,53.0,25.0,0.0,0.0,42.0,19.0,3.0,24.0,5.0,6.0,0.0,0.0,0.0,0.0,3.0,24.0,0.0,0.0,0.0,0.0
C3_f0.5__baldwinian__s1,C3_f0.5__baldwinian,C3_f0.5,C3,baldwinian,1,1350,train,48,4.25,19,21,101.8527487193528,0.8125,0.5,309.0,97.0,92.0,265.0,89.0,26.0,0.0,0.0,32.0,15.0,9.0,26.0,11.0,3.0,0.0,0.0,0.0,0.0,9.0,26.0,0.0,0.0,0.0,0.0
C3_f0.5__baldwinian__s1,C3_f0.5__baldwinian,C3_f0.5,C3,baldwinian,1,1400,train,48,4.4375,26,26,64.93456319952702,0.8541666666666666,0.5,230.0,59.0,84.0,290.0,164.0,61.0,0.0,0.0,41.0,10.0,15.0,34.0,11.0,2.0,0.0,0.0,0.0,0.0,15.0,34.0,0.0,0.0,0.0,0.0
C3_f0.5__baldwinian__s1,C3_f0.5__baldwinian,C3_f0.5,C3,baldwinian,1,1450,train,33,4.424242424242424,7,22,137.41331186437864,0.7291666666666666,0.5,211.0,66.0,82.0,237.0,19.0,11.0,0.0,0.0,32.0,8.0,17.0,26.0,7.0,1.0,0.0,0.0,0.0,0.0,17.0,26.0,0.0,0.0,0.0,0.0
C3_f0.5__baldwinian__s1,C3_f0.5__baldwinian,C3_f0.5,C3,baldwinian,1,1500,train,50,4.66,34,17,135.00317061407208,0.7291666666666666,0.5,304.0,97.0,131.0,373.0,36.0,11.0,0.0,0.0,26.0,14.0,16.0,23.0,11.0,2.0,0.0,0.0,0.0,0.0,16.0,23.0,0.0,0.0,0.0,0.0
C3_f0.5__baldwinian__s1,C3_f0.5__baldwinian,C3_f0.5,C3,baldwinian,1,1550,eval,50,4.98,20,20,138.44378750911983,0.6875,0.5,319.0,101.0,103.0,323.0,22.0,7.0,2.0,16.0,28.0,9.0,7.0,24.0,6.0,0.0,0.0,3.0,0.0,0.0,7.0,24.0,0.0,0.0,0.0,3.0
C3_f0.5__baldwinian__s1,C3_f0.5__baldwinian,C3_f0.5,C3,baldwinian,1,1600,eval,50,5.08,17,17,170.53226667174536,0.6041666666666666,0.5,403.0,139.0,138.0,434.0,58.0,16.0,19.0,48.0,27.0,7.0,7.0,23.0,4.0,0.0,2.0,6.0,0.0,0.0,7.0,23.0,0.0,0.0,2.0,6.0
C3_f0.5__baldwinian__s1,C3_f0.5__baldwinian,C3_f0.5,C3,baldwinian,1,1650,eval,50,5.14,19,19,158.60590480997888,0.5833333333333334,0.5,503.0,167.0,133.0,428.0,71.0,20.0,21.0,95.0,26.0,12.0,9.0,24.0,2.0,0.0,1.0,10.0,0.0,0.0,9.0,24.0,0.0,0.0,1.0,10.0
C3_f0.5__baldwinian__s1,C3_f0.5__baldwinian,C3_f0.5,C3,baldwinian,1,1700,eval,50,5.06,17,17,160.96133555581957,0.6666666666666666,0.5,389.0,136.0,179.0,466.0,56.0,21.0,5.0,16.0,26.0,14.0,7.0,32.0,8.0,1.0,1.0,3.0,0.0,0.0,7.0,32.0,0.0,0.0,1.0,3.0
C3_f0.5__baldwinian__s1,C3_f0.5__baldwinian,C3_f0.5,C3,baldwinian,1,1750,eval,50,5.14,10,10,174.56036074665798,0.5416666666666666,0.5,430.0,143.0,136.0,337.0,35.0,12.0,20.0,61.0,33.0,9.0,7.0,20.0,5.0,1.0,1.0,3.0,0.0,0.0,7.0,20.0,0.0,0.0,1.0,3.0
C3_f0.5__baldwinian__s1,C3_f0.5__baldwinian,C3_f0.5,C3,baldwinian,1,1800,eval,50,5.26,10,10,159.70362566612803,0.6041666666666666,0.5,427.0,144.0,97.0,322.0,62.0,11.0,20.0,83.0,37.0,9.0,3.0,19.0,5.0,0.0,0.0,6.0,0.0,0.0,3.0,19.0,0.0,0.0,0.0,6.0
C3_f0.5__baldwinian__s2,C3_f0.5__baldwinian,C3_f0.5,C3,baldwinian,2,50,train,50,0.68,31,1,50.67165747825383,0.9166666666666666,0.5,150.0,51.0,54.0,174.0,59.0,32.0,0.0,0.0,32.0,19.0,9.0,26.0,20.0,9.0,0.0,0.0,0.0,0.0,9.0,26.0,0.0,0.0,0.0,0.0
C3_f0.5__baldwinian__s2,C3_f0.5__baldwinian,C3_f0.5,C3,baldwinian,2,100,train,47,0.8297872340425532,13,16,52.000977198762754,0.9166666666666666,0.5,302.0,98.0,64.0,226.0,34.0,11.0,0.0,0.0,33.0,16.0,8.0,30.0,15.0,4.0,0.0,0.0,0.0,0.0,8.0,30.0,0.0,0.0,0.0,0.0
C3_f0.5__baldwinian__s2,C3_f0.5__baldwinian,C3_f0.5,C3,baldwinian,2,150,train,44,1.1136363636363635,16,19,55.32203176391204,0.9583333333333334,0.5,269.0,109.0,56.0,189.0,59.0,21.0,0.0,0.0,32.0,14.0,11.0,26.0,14.0,6.0,0.0,0.0,0.0,0.0,11.0,26.0,0.0,0.0,0.0,0.0
C3_f0.5__baldwinian__s2,C3_f0.5__baldwinian,C3_f0.5,C3,baldwinian,2,200,train,44,1.4772727272727273,20,20,70.77920227686694,0.9166666666666666,0.5,238.0,57.0,80.0,232.0,60.0,25.0,0.0,0.0,33.0,5.0,13.0,25.0,13.0,7.0,0.0,0.0,0.0,0.0,13.0,25.0,0.0,0.0,0.0,0.0
C3_f0.5__baldwinian__s2,C3_f0.5__baldwinian,C3_f0.5,C3,baldwinian,2,250,train,47,1.4893617021276595,14,11,72.28917947270568,0.875,0.5,170.0,57.0,63.0,181.0,112.0,27.0,0.0,0.0,35.0,10.0,12.0,23.0,20.0,6.0,0.0,0.0,0.0,0.0,12.0,23.0,0.0,0.0,0.0,0.0
C3_f0.5__baldwinian__s2,C3_f0.5__baldwinian,C3_f0.5,C3,baldwinian,2,300,train,37,1.2702702702702702,10,20,107.57763262146352,0.75,0.5,131.0,32.0,72.0,265.0,68.0,19.0,0.0,0.0,28.0,4.0,11.0,32.0,16.0,2.0,0.0,0.0,0.0,0.0,11.0,32.0,0.0,0.0,0.0,0.0
C3_f0.5__baldwinian__s2,C3_f0.5__baldwinian,C3_f0.5,C3,baldwinian,2,350,train,50,1.56,26,13,77.9193499917022,0.8541666666666666,0.5,319.0,121.0,117.0,336.0,154.0,41.0,0.0,0.0,38.0,10.0,17.0,31.0,17.0,6.0,0.0,0.0,0.0,0.0,17.0,31.0,0.0,0.0,0.0,0.0
C3_f0.5__baldwinian__s2,C3_f0.5__baldwinian,C3_f0.5,C3,baldwinian,2,400,train,50,1.46,19,19,58.055836116739194,0.8541666666666666,0.5,354.0,125.0,87.0,331.0,91.0,36.0,0.0,0.0,32.0,11.0,15.0,20.0,21.0,3.0,0.0,0.0,0.0,0.0,15.0,20.0,0.0,0.0,0.0,0.0
C3_f0.5__baldwinian__s2,C3_f0.5__baldwinian,C3_f0.5,C3,baldwinian,2,450,train,50,1.5,19,19,110.5693784046141,0.7708333333333334,0.5,268.0,94.0,85.0,202.0,62.0,26.0,0.0,0.0,35.0,6.0,11.0,20.0,16.0,1.0,0.0,0.0,0.0,0.0,11.0,20.0,0.0,0.0,0.0,0.0
C3_f0.5__baldwinian__s2,C3_f0.5__baldwinian,C3_f0.5,C3,baldwinian,2,500,train,44,1.7954545454545454,19,25,62.75272168487119,0.8958333333333334,0.5,203.0,60.0,118.0,298.0,40.0,16.0,0.0,0.0,31.0,11.0,15.0,26.0,18.0,4.0,0.0,0.0,0.0,0.0,15.0,26.0,0.0,0.0,0.0,0.0
C3_f0.5__baldwinian__s2,C3_f0.5__baldwinian,C3_f0.5,C3,baldwinian,2,550,train,48,2.1666666666666665,22,18,131.1668601794938,0.7291666666666666,0.5,232.0,80.0,76.0,211.0,37.0,13.0,0.0,0.0,29.0,5.0,13.0,24.0,15.0,3.0,0.0,0.0,0.0,0.0,13.0,24.0,0.0,0.0,0.0,0.0
C3_f0.5__baldwinian__s2,C3_f0.5__baldwinian,C3_f0.5,C3,baldwinian,2,600,train,46,2.5217391304347827,17,19,84.62256404305785,0.8333333333333334,0.5,308.0,111.0,104.0,386.0,109.0,46.0,0.0,0.0,32.0,6.0,15.0,32.0,23.0,7.0,0.0,0.0,0.0,0.0,15.0,32.0,0.0,0.0,0.0,0.0
C3_f0.5__baldwinian__s2,C3_f0.5__baldwinian,C3_f0.5,C3,baldwinian,2,650,train,45,2.7333333333333334,17,18,88.61237333087595,0.7916666666666666,0.5,276.0,114.0,124.0,379.0,79.0,28.0,0.0,0.0,26.0,9.0,20.0,27.0,22.0,10.0,0.0,0.0,0.0,0.0,20.0,27.0,0.0,0.0,0.0,0.0
C3_f0.5__baldwinian__s2,C3_f0.5__baldwinian,C3_f0.5,C3,baldwinian,2,700,train,43,2.604651162790698,18,20,127.2874944556426,0.7291666666666666,0.5,393.0,114.0,137.0,406.0,44.0,14.0,0.0,0.0,26.0,12.0,19.0,24.0,12.0,9.0,0.0,0.0,0.0,0.0,19.0,24.0,0.0,0.0,0.0,0.0
C3_f0.5__baldwinian__s2,C3_f0.5__baldwinian,C3_f0.5,C3,baldwinian,2,750,train,48,3.0833333333333335,24,19,48.411253286832675,0.9583333333333334,0.5,299.0,98.0,113.0,289.0,57.0,19.0,0.0,0.0,35.0,11.0,17.0,21.0,17.0,13.0,0.0,0.0,0.0,0.0,17.0,21.0,0.0,0.0,0.0,0.0
C3_f0.5__baldwinian__s2,C3_f0.5__baldwinian,C3_f0.5,C3,baldwinian,2,800,train,40,3.1,14,22,105.36235514286079,0.7708333333333334,0.5,202.0,64.0,91.0,327.0,79.0,19.0,0.0,0.0,30.0,6.0,9.0,30.0,11.0,4.0,0.0,0.0,0.0,0.0,9.0,30.0,0.0,0.0,0.0,0.0
C3_f0.5__baldwinian__s2,C3_f0.5__baldwinian,C3_f0.5,C3,baldwinian,2,850,train,46,3.369565217391304,22,16,124.34131540334339,0.7916666666666666,0.5,178.0,56.0,79.0,244.0,113.0,42.0,0.0,0.0,28.0,8.0,10.0,23.0,18.0,6.0,0.0,0.0,0.0,0.0,10.0,23.0,0.0,0.0,0.0,0.0
C3_f0.5__baldwinian__s2,C3_f0.5__baldwinian,C3_f0.5,C3,baldwinian,2,900,train,50,3.44,20,16,60.563515153214624,0.9583333333333334,0.5,332.0,114.0,93.0,299.0,60.0,16.0,0.0,0.0,44.0,11.0,7.0,34.0,14.0,3.0,0.0,0.0,0.0,0.0,7.0,34.0,0.0,0.0,0.0,0.0
C3_f0.5__baldwinian__s2,C3_f0.5__baldwinian,C3_f0.5,C3,baldwinian,2,950,train,39,3.769230769230769,17,28,100.61656219410649,0.8125,0.5,206.0,72.0,91.0,273.0,160.0,52.0,0.0,0.0,21.0,6.0,12.0,30.0,15.0,6.0,0.0,0.0,0.0,0.0,12.0,30.0,0.0,0.0,0.0,0.0
C3_f0.5__baldwinian__s2,C3_f0.5__baldwinian,C3_f0.5,C3,baldwinian,2,1000,train,44,4.159090909090909,26,21,99.76737065482124,0.7708333333333334,0.5,263.0,82.0,89.0,272.0,49.0,16.0,0.0,0.0,32.0,9.0,12.0,24.0,12.0,4.0,0.0,0.0,0.0,0.0,12.0,24.0,0.0,0.0,0.0,0.0
C3_f0.5__baldwinian__s2,C3_f0.5__baldwinian,C3_f0.5,C3,baldwinian,2,1050,train,50,4.36,26,20,100.71247132132743,0.7708333333333334,0.5,324.0,106.0,79.0,263.0,124.0,41.0,0.0,0.0,31.0,8.0,10.0,23.0,15.0,7.0,0.0,0.0,0.0,0.0,10.0,23.0,0.0,0.0,0.0,0.0
C3_f0.5__baldwinian__s2,C3_f0.5__baldwinian,C3_f0.5,C3,baldwinian,2,1100,train,50,4.38,18,18,77.88919406800076,0.8541666666666666,0.5,272.0,97.0,108.0,358.0,91.0,32.0,0.0,0.0,25.0,10.0,13.0,32.0,12.0,4.0,0.0,0.0,0.0,0.0,13.0,32.0,0.0,0.0,0.0,0.0
C3_f0.5__baldwinian__s2,C3_f0.5__baldwinian,C3_f0.5,C3,baldwinian,2,1150,train,50,4.58,11,11,81.8791253250599,0.8333333333333334,0.5,405.0,128.0,142.0,445.0,50.0,26.0,0.0,0.0,31.0,8.0,10.0,28.0,20.0,7.0,0.0,0.0,0.0,0.0,10.0,28.0,0.0,0.0,0.0,0.0
C3_f0.5__baldwinian__s2,C3_f0.5__baldwinian,C3_f0.5,C3,baldwinian,2,1200,train,50,4.74,21,21,81.7757788270265,0.8125,0.5,332.0,122.0,130.0,363.0,60.0,17.0,0.0,0.0,36.0,5.0,11.0,32.0,19.0,8.0,0.0,0.0,0.0,0.0,11.0,32.0,0.0,0.0,0.0,0.0
C3_f0.5__baldwinian__s2,C3_f0.5__baldwinian,C3_f0.5,C3,baldwinian,2,1250,train,50,4.86,17,17,87.15335137311499,0.8333333333333334,0.5,243.0,104.0,69.0,253.0,100.0,25.0,0.0,0.0,30.0,14.0,13.0,28.0,18.0,5.0,0.0,0.0,0.0,0.0,13.0,28.0,0.0,0.0,0.0,0.0
C3_f0.5__baldwinian__s2,C3_f0.5__baldwinian,C3_f0.5,C3,baldwinian,2,1300,train,50,4.84,14,14,99.72464282276135,0.7916666666666666,0.5,466.0,164.0,110.0,331.0,68.0,25.0,0.0,0.0,36.0,8.0,9.0,21.0,17.0,3.0,0.0,0.0,0.0,0.0,9.0,21.0,0.0,0.0,0.0,0.0
C3_f0.5__baldwinian__s2,C3_f0.5__baldwinian,C3_f0.5,C3,baldwinian,2,1350,train,50,4.86,16,16,35.23528412161294,0.9791666666666666,0.5,341.0,99.0,124.0,376.0,44.0,14.0,0.0,0.0,42.0,9.0,13.0,34.0,24.0,4.0,0.0,0.0,0.0,0.0,13.0,34.0,0.0,0.0,0.0,0.0
C3_f0.5__baldwinian__s2,C3_f0.5__baldwinian,C3_f0.5,C3,baldwinian,2,1400,train,50,5.36,24,24,72.64601109038803,0.875,0.5,248.0,74.0,78.0,246.0,35.0,11.0,0.0,0.0,40.0,7.0,11.0,22.0,14.0,4.0,0.0,0.0,0.0,0.0,11.0,22.0,0.0,0.0,0.0,0.0
C3_f0.5__baldwinian__s2,C3_f0.5__baldwinian,C3_f0.5,C3,baldwinian,2,1450,train,50,5.44,26,26,115.30239954891562,0.7708333333333334,0.5,244.0,94.0,83.0,218.0,64.0,17.0,0.0,0.0,24.0,7.0,9.0,23.0,19.0,4.0,0.0,0.0,0.0,0.0,9.0,23.0,0.0,0.0,0.0,0.0
C3_f0.5__baldwinian__s2,C3_f0.5__baldwinian,C3_f0.5,C3,baldwinian,2,1500,train,50,5.54,15,15,61.28171762832248,0.9583333333333334,0.5,341.0,131.0,77.0,270.0,74.0,15.0,0.0,0.0,42.0,18.0,10.0,25.0,11.0,4.0,0.0,0.0,0.0,0.0,10.0,25.0,0.0,0.0,0.0,0.0
C3_f0.5__baldwinian__s2,C3_f0.5__baldwinian,C3_f0.5,C3,baldwinian,2,1550,eval,39,5.846153846153846,18,29,142.27885481819658,0.7083333333333334,0.5,283.0,122.0,106.0,271.0,34.0,13.0,25.0,72.0,22.0,10.0,12.0,16.0,4.0,0.0,3.0,11.0,0.0,0.0,12.0,16.0,0.0,0.0,3.0,11.0
C3_f0.5__baldwinian__s2,C3_f0.5__baldwinian,C3_f0.5,C3,baldwinian,2,1600,eval,50,6.28,24,13,77.06007638641944,0.8958333333333334,0.5,263.0,101.0,158.0,467.0,98.0,38.0,6.0,33.0,35.0,11.0,16.0,22.0,12.0,4.0,1.0,11.0,0.0,0.0,16.0,22.0,0.0,0.0,1.0,11.0
C3_f0.5__baldwinian__s2,C3_f0.5__baldwinian,C3_f0.5,C3,baldwinian,2,1650,eval,50,6.44,8,8,146.959860867176,0.6875,0.5,541.0,181.0,133.0,361.0,35.0,17.0,19.0,46.0,30.0,14.0,8.0,26.0,2.0,2.0,1.0,5.0,0.0,0.0,8.0,26.0,0.0,0.0,1.0,5.0
C3_f0.5__baldwinian__s2,C3_f0.5__baldwinian,C3_f0.5,C3,baldwinian,2,1700,eval,50,6.26,12,12,152.38073403349014,0.6041666666666666,0.5,399.0,132.0,151.0,433.0,38.0,9.0,26.0,65.0,27.0,10.0,8.0,25.0,3.0,3.0,4.0,4.0,0.0,0.0,8.0,25.0,0.0,0.0,4.0,4.0
C3_f0.5__baldwinian__s2,C3_f0.5__baldwinian,C3_f0.5,C3,baldwinian,2,1750,eval,50,6.32,5,5,157.30605536075313,0.7083333333333334,0.5,422.0,149.0,124.0,355.0,28.0,8.0,3.0,8.0,30.0,13.0,10.0,20.0,11.0,0.0,1.0,3.0,0.0,0.0,10.0,20.0,0.0,0.0,1.0,3.0
C3_f0.5__baldwinian__s2,C3_f0.5__baldwinian,C3_f0.5,C3,baldwinian,2,1800,eval,50,6.28,10,10,108.18053025609618,0.75,0.5,464.0,152.0,107.0,302.0,70.0,25.0,11.0,34.0,31.0,10.0,6.0,24.0,12.0,5.0,0.0,3.0,0.0,0.0,6.0,24.0,0.0,0.0,0.0,3.0
C3_f0.5__baldwinian__s3,C3_f0.5__baldwinian,C3_f0.5,C3,baldwinian,3,50,train,50,0.8,34,4,60.81411142070907,0.9166666666666666,0.5,161.0,52.0,54.0,193.0,55.0,15.0,0.0,0.0,43.0,13.0,16.0,25.0,18.0,6.0,0.0,0.0,0.0,0.0,16.0,25.0,0.0,0.0,0.0,0.0
C3_f0.5__baldwinian__s3,C3_f0.5__baldwinian,C3_f0.5,C3,baldwinian,3,100,train,48,1.3541666666666667,17,19,65.50159234286205,0.9375,0.5,237.0,73.0,113.0,327.0,32.0,12.0,0.0,0.0,35.0,8.0,15.0,31.0,9.0,3.0,0.0,0.0,0.0,0.0,15.0,31.0,0.0,0.0,0.0,0.0
C3_f0.5__baldwinian__s3,C3_f0.5__baldwinian,C3_f0.5,C3,baldwinian,3,150,train,50,1.4,16,14,63.80223619921033,0.8125,0.5,284.0,102.0,114.0,331.0,50.0,31.0,0.0,0.0,40.0,11.0,10.0,24.0,11.0,11.0,0.0,0.0,0.0,0.0,10.0,24.0,0.0,0.0,0.0,0.0
C3_f0.5__baldwinian__s3,C3_f0.5__baldwinian,C3_f0.5,C3,baldwinian,3,200,train,44,1.3863636363636365,14,20,52.1202983136405,0.9166666666666666,0.5,294.0,88.0,122.0,338.0,82.0,21.0,0.0,0.0,34.0,8.0,21.0,24.0,14.0,2.0,0.0,0.0,0.0,0.0,21.0,24.0,0.0,0.0,0.0,0.0
C3_f0.5__baldwinian__s3,C3_f0.5__baldwinian,C3_f0.5,C3,baldwinian,3,250,train,50,1.46,23,17,96.18062758872446,0.8125,0.5,402.0,120.0,131.0,434.0,83.0,30.0,0.0,0.0,29.0,8.0,15.0,24.0,15.0,4.0,0.0,0.0,0.0,0.0,15.0,24.0,0.0,0.0,0.0,0.0
C3_f0.5__baldwinian__s3,C3_f0.5__baldwinian,C3_f0.5,C3,baldwinian,3,300,train,50,1.28,15,15,64.08567174438247,0.8958333333333334,0.5,410.0,150.0,132.0,400.0,56.0,38.0,0.0,0.0,46.0,13.0,14.0,20.0,10.0,10.0,0.0,0.0,0.0,0.0,14.0,20.0,0.0,0.0,0.0,0.0
C3_f0.5__baldwinian__s3,C3_f0.5__baldwinian,C3_f0.5,C3,baldwinian,3,350,train,50,1.38,21,21,98.5220197554238,0.8125,0.5,255.0,78.0,120.0,328.0,28.0,13.0,0.0,0.0,26.0,9.0,14.0,27.0,11.0,8.0,0.0,0.0,0.0,0.0,14.0,27.0,0.0,0.0,0.0,0.0
C3_f0.5__baldwinian__s3,C3_f0.5__baldwinian,C3_f0.5,C3,baldwinian,3,400,train,50,1.44,18,18,75.06603204898987,0.8958333333333334,0.5,317.0,130.0,129.0,409.0,43.0,13.0,0.0,0.0,30.0,13.0,17.0,33.0,15.0,5.0,0.0,0.0,0.0,0.0,17.0,33.0,0.0,0.0,0.0,0.0
C3_f0.5__baldwinian__s3,C3_f0.5__baldwinian,C3_f0.5,C3,baldwinian,3,450,train,50,1.78,21,21,81.93362991300177,0.8541666666666666,0.5,319.0,105.0,90.0,318.0,57.0,22.0,0.0,0.0,29.0,13.0,12.0,25.0,19.0,2.0,0.0,0.0,0.0,0.0,12.0,25.0,0.0,0.0,0.0,0.0
C3_f0.5__baldwinian__s3,C3_f0.5__baldwinian,C3_f0.5,C3,baldwinian,3,500,train,44,2.227272727272727,13,19,45.353168533899265,0.9583333333333334,0.5,335.0,115.0,102.0,299.0,92.0,41.0,0.0,0.0,55.0,4.0,14.0,25.0,19.0,1.0,0.0,0.0,0.0,0.0,14.0,25.0,0.0,0.0,0.0,0.0
C3_f0.5__baldwinian__s3,C3_f0.5__baldwinian,C3_f0.5,C3,baldwinian,3,550,train,39,2.9743589743589745,15,20,92.64875004307582,0.8333333333333334,0.5,235.0,81.0,83.0,258.0,49.0,16.0,0.0,0.0,39.0,7.0,16.0,23.0,9.0,1.0,0.0,0.0,0.0,0.0,16.0,23.0,0.0,0.0,0.0,0.0
C3_f0.5__baldwinian__s3,C3_f0.5__baldwinian,C3_f0.5,C3,baldwinian,3,600,train,46,3.3043478260869565,20,13,68.47431704045417,0.875,0.5,191.0,61.0,81.0,276.0,81.0,34.0,0.0,0.0,46.0,6.0,4.0,22.0,21.0,4.0,0.0,0.0,0.0,0.0,4.0,22.0,0.0,0.0,0.0,0.0
C3_f0.5__baldwinian__s3,C3_f0.5__baldwinian,C3_f0.5,C3,baldwinian,3,650,train,39,3.6153846153846154,7,14,76.63669565586754,0.875,0.5,220.0,75.0,86.0,235.0,61.0,23.0,0.0,0.0,36.0,12.0,10.0,33.0,13.0,5.0,0.0,0.0,0.0,0.0,10.0,33.0,0.0,0.0,0.0,0.0
C3_f0.5__baldwinian__s3,C3_f0.5__baldwinian,C3_f0.5,C3,baldwinian,3,700,train,44,3.8181818181818183,21,16,170.3536288982176,0.6041666666666666,0.5,273.0,73.0,76.0,245.0,68.0,21.0,0.0,0.0,30.0,6.0,7.0,26.0,12.0,5.0,0.0,0.0,0.0,0.0,7.0,26.0,0.0,0.0,0.0,0.0
C3_f0.5__baldwinian__s3,C3_f0.5__baldwinian,C3_f0.5,C3,baldwinian,3,750,train,44,3.909090909090909,18,18,95.27724325859843,0.875,0.5,306.0,84.0,99.0,286.0,54.0,21.0,0.0,0.0,24.0,15.0,13.0,37.0,8.0,5.0,0.0,0.0,0.0,0.0,13.0,37.0,0.0,0.0,0.0,0.0
C3_f0.5__baldwinian__s3,C3_f0.5__baldwinian,C3_f0.5,C3,baldwinian,3,800,train,45,4.4,21,20,102.27928293411809,0.8333333333333334,0.5,251.0,88.0,124.0,314.0,56.0,27.0,0.0,0.0,26.0,9.0,18.0,32.0,12.0,6.0,0.0,0.0,0.0,0.0,18.0,32.0,0.0,0.0,0.0,0.0
C3_f0.5__baldwinian__s3,C3_f0.5__baldwinian,C3_f0.5,C3,baldwinian,3,850,train,50,4.6,14,9,139.0705018956571,0.6458333333333334,0.5,444.0,137.0,156.0,391.0,46.0,19.0,0.0,0.0,49.0,6.0,6.0,19.0,13.0,3.0,0.0,0.0,0.0,0.0,6.0,19.0,0.0,0.0,0.0,0.0
C3_f0.5__baldwinian__s3,C3_f0.5__baldwinian,C3_f0.5,C3,baldwinian,3,900,train,50,4.62,9,9,97.9493368598767,0.7083333333333334,0.5,456.0,169.0,103.0,296.0,72.0,19.0,0.0,0.0,33.0,14.0,7.0,8.0,21.0,1.0,0.0,0.0,0.0,0.0,7.0,8.0,0.0,0.0,0.0,0.0
C3_f0.5__baldwinian__s3,C3_f0.5__baldwinian,C3_f0.5,C3,baldwinian,3,950,train,50,4.76,16,16,54.368742411863806,0.8958333333333334,0.5,502.0,172.0,115.0,334.0,67.0,14.0,0.0,0.0,39.0,8.0,9.0,23.0,14.0,5.0,0.0,0.0,0.0,0.0,9.0,23.0,0.0,0.0,0.0,0.0
C3_f0.5__baldwinian__s3,C3_f0.5__baldwinian,C3_f0.5,C3,baldwinian,3,1000,train,50,4.14,21,21,77.93420243568607,0.7916666666666666,0.5,272.0,101.0,106.0,359.0,43.0,12.0,0.0,0.0,24.0,7.0,13.0,29.0,17.0,4.0,0.0,0.0,0.0,0.0,13.0,29.0,0.0,0.0,0.0,0.0
C3_f0.5__baldwinian__s3,C3_f0.5__baldwinian,C3_f0.5,C3,baldwinian,3,1050,train,50,4.18,19,19,74.66917599185126,0.875,0.5,418.0,142.0,147.0,397.0,60.0,20.0,0.0,0.0,33.0,4.0,14.0,38.0,17.0,4.0,0.0,0.0,0.0,0.0,14.0,38.0,0.0,0.0,0.0,0.0
C3_f0.5__baldwinian__s3,C3_f0.5__baldwinian,C3_f0.5,C3,baldwinian,3,1100,train,50,4.36,14,14,116.62033878437518,0.7083333333333334,0.5,313.0,115.0,173.0,391.0,48.0,18.0,0.0,0.0,36.0,10.0,13.0,24.0,18.0,1.0,0.0,0.0,0.0,0.0,13.0,24.0,0.0,0.0,0.0,0.0
C3_f0.5__baldwinian__s3,C3_f0.5__baldwinian,C3_f0.5,C3,baldwinian,3,1150,train,50,4.78,23,23,52.75142410500661,0.9375,0.5,416.0,146.0,101.0,277.0,94.0,26.0,0.0,0.0,45.0,11.0,9.0,24.0,23.0,7.0,0.0,0.0,0.0,0.0,9.0,24.0,0.0,0.0,0.0,0.0
C3_f0.5__baldwinian__s3,C3_f0.5__baldwinian,C3_f0.5,C3,baldwinian,3,1200,train,50,4.86,23,23,61.033914822385526,0.875,0.5,242.0,77.0,84.0,297.0,44.0,6.0,0.0,0.0,34.0,7.0,11.0,28.0,16.0,2.0,0.0,0.0,0.0,0.0,11.0,28.0,0.0,0.0,0.0,0.0
C3_f0.5__baldwinian__s3,C3_f0.5__baldwinian,C3_f0.5,C3,baldwinian,3,1250,train,50,5.26,25,25,84.4648264818536,0.8125,0.5,219.0,87.0,112.0,303.0,38.0,14.0,0.0,0.0,27.0,8.0,15.0,17.0,15.0,4.0,0.0,0.0,0.0,0.0,15.0,17.0,0.0,0.0,0.0,0.0
C3_f0.5__baldwinian__s3,C3_f0.5__baldwinian,C3_f0.5,C3,baldwinian,3,1300,train,50,5.82,23,23,61.61520832129963,0.9166666666666666,0.5,185.0,58.0,62.0,195.0,41.0,14.0,0.0,0.0,49.0,9.0,12.0,23.0,19.0,2.0,0.0,0.0,0.0,0.0,12.0,23.0,0.0,0.0,0.0,0.0
C3_f0.5__baldwinian__s3,C3_f0.5__baldwinian,C3_f0.5,C3,baldwinian,3,1350,train,50,5.5,25,25,77.25518443465378,0.8541666666666666,0.5,249.0,81.0,98.0,270.0,70.0,28.0,0.0,0.0,32.0,8.0,16.0,25.0,18.0,4.0,0.0,0.0,0.0,0.0,16.0,25.0,0.0,0.0,0.0,0.0
C3_f0.5__baldwinian__s3,C3_f0.5__baldwinian,C3_f0.5,C3,baldwinian,3,1400,train,50,6.02,14,14,65.22499552933732,0.8333333333333334,0.5,206.0,68.0,97.0,252.0,66.0,18.0,0.0,0.0,43.0,8.0,12.0,17.0,16.0,2.0,0.0,0.0,0.0,0.0,12.0,17.0,0.0,0.0,0.0,0.0
C3_f0.5__baldwinian__s3,C3_f0.5__baldwinian,C3_f0.5,C3,baldwinian,3,1450,train,47,5.723404255319149,24,27,77.53592119892568,0.8958333333333334,0.5,235.0,109.0,107.0,276.0,95.0,29.0,0.0,0.0,29.0,11.0,10.0,29.0,14.0,2.0,0.0,0.0,0.0,0.0,10.0,29.0,0.0,0.0,0.0,0.0
C3_f0.5__baldwinian__s3,C3_f0.5__baldwinian,C3_f0.5,C3,baldwinian,3,1500,train,40,5.45,18,25,50.574568548646695,0.9375,0.5,299.0,87.0,89.0,237.0,75.0,19.0,0.0,0.0,45.0,10.0,15.0,30.0,14.0,3.0,0.0,0.0,0.0,0.0,15.0,30.0,0.0,0.0,0.0,0.0
C3_f0.5__baldwinian__s3,C3_f0.5__baldwinian,C3_f0.5,C3,baldwinian,3,1550,eval,38,5.2894736842105265,19,21,94.53070218779158,0.8333333333333334,0.5,208.0,66.0,62.0,167.0,77.0,21.0,9.0,36.0,16.0,5.0,8.0,26.0,3.0,5.0,2.0,6.0,0.0,0.0,8.0,26.0,0.0,0.0,2.0,6.0
C3_f0.5__baldwinian__s3,C3_f0.5__baldwinian,C3_f0.5,C3,baldwinian,3,1600,eval,44,4.954545454545454,28,22,81.57008370548468,0.8541666666666666,0.5,307.0,129.0,94.0,303.0,37.0,12.0,34.0,106.0,35.0,10.0,13.0,28.0,6.0,1.0,3.0,6.0,0.0,0.0,13.0,28.0,0.0,0.0,3.0,6.0
C3_f0.5__baldwinian__s3,C3_f0.5__baldwinian,C3_f0.5,C3,baldwinian,3,1650,eval,50,5.26,22,16,135.87315872264327,0.6458333333333334,0.5,292.0,99.0,93.0,299.0,125.0,57.0,20.0,54.0,24.0,7.0,4.0,19.0,11.0,5.0,5.0,3.0,0.0,0.0,4.0,19.0,0.0,0.0,5.0,3.0
C3_f0.5__baldwinian__s3,C3_f0.5__baldwinian,C3_f0.5,C3,baldwinian,3,1700,eval,50,5.26,12,12,170.24395207806413,0.5833333333333334,0.5,418.0,132.0,120.0,341.0,59.0,19.0,14.0,38.0,38.0,8.0,7.0,14.0,5.0,2.0,3.0,3.0,0.0,0.0,7.0,14.0,0.0,0.0,3.0,3.0
C3_f0.5__baldwinian__s3,C3_f0.5__baldwinian,C3_f0.5,C3,baldwinian,3,1750,eval,50,5.46,13,13,197.03631206714005,0.5416666666666666,0.5,269.0,104.0,129.0,403.0,32.0,9.0,12.0,45.0,27.0,8.0,4.0,26.0,1.0,0.0,2.0,9.0,0.0,0.0,4.0,26.0,0.0,0.0,2.0,9.0
C3_f0.5__baldwinian__s3,C3_f0.5__baldwinian,C3_f0.5,C3,baldwinian,3,1800,eval,50,5.38,8,8,185.05652250367353,0.5208333333333334,0.5,407.0,129.0,125.0,406.0,14.0,5.0,20.0,76.0,38.0,9.0,9.0,21.0,2.0,1.0,2.0,9.0,0.0,0.0,9.0,21.0,0.0,0.0,2.0,9.0
C3_f0.5__baldwinian__s4,C3_f0.5__baldwinian,C3_f0.5,C3,baldwinian,4,50,train,50,0.66,32,2,74.89355392377547,0.875,0.5,174.0,61.0,57.0,183.0,59.0,19.0,0.0,0.0,29.0,10.0,6.0,45.0,17.0,3.0,0.0,0.0,0.0,0.0,6.0,45.0,0.0,0.0,0.0,0.0
C3_f0.5__baldwinian__s4,C3_f0.5__baldwinian,C3_f0.5,C3,baldwinian,4,100,train,50,0.76,10,10,60.07896604529711,0.8958333333333334,0.5,338.0,139.0,90.0,269.0,54.0,16.0,0.0,0.0,41.0,13.0,14.0,20.0,18.0,3.0,0.0,0.0,0.0,0.0,14.0,20.0,0.0,0.0,0.0,0.0
C3_f0.5__baldwinian__s4,C3_f0.5__baldwinian,C3_f0.5,C3,baldwinian,4,150,train,49,0.7755102040816326,16,17,80.44131920128837,0.8541666666666666,0.5,300.0,98.0,99.0,309.0,43.0,19.0,0.0,0.0,46.0,6.0,17.0,22.0,13.0,5.0,0.0,0.0,0.0,0.0,17.0,22.0,0.0,0.0,0.0,0.0
C3_f0.5__baldwinian__s4,C3_f0.5__baldwinian,C3_f0.5,C3,baldwinian,4,200,train,46,0.9347826086956522,15,18,97.64720773286726,0.7916666666666666,0.5,242.0,100.0,75.0,267.0,126.0,32.0,0.0,0.0,30.0,10.0,11.0,22.0,25.0,5.0,0.0,0.0,0.0,0.0,11.0,22.0,0.0,0.0,0.0,0.0
C3_f0.5__baldwinian__s4,C3_f0.5__baldwinian,C3_f0.5,C3,baldwinian,4,250,train,49,1.0816326530612246,22,19,113.8080479343279,0.7916666666666666,0.5,312.0,116.0,134.0,448.0,104.0,34.0,0.0,0.0,29.0,1.0,23.0,31.0,12.0,7.0,0.0,0.0,0.0,0.0,23.0,31.0,0.0,0.0,0.0,0.0
C3_f0.5__baldwinian__s4,C3_f0.5__baldwinian,C3_f0.5,C3,baldwinian,4,300,train,50,1.1,20,19,131.12137632184795,0.7083333333333334,0.5,350.0,136.0,123.0,429.0,109.0,33.0,0.0,0.0,35.0,6.0,12.0,36.0,8.0,2.0,0.0,0.0,0.0,0.0,12.0,36.0,0.0,0.0,0.0,0.0
C3_f0.5__baldwinian__s4,C3_f0.5__baldwinian,C3_f0.5,C3,baldwinian,4,350,train,50,1.04,17,17,89.3962317253893,0.8125,0.5,322.0,104.0,123.0,359.0,113.0,29.0,0.0,0.0,43.0,8.0,11.0,28.0,15.0,6.0,0.0,0.0,0.0,0.0,11.0,28.0,0.0,0.0,0.0,0.0
C3_f0.5__baldwinian__s4,C3_f0.5__baldwinian,C3_f0.5,C3,baldwinian,4,400,train,50,1.02,14,14,61.7651832720249,0.875,0.5,424.0,166.0,115.0,308.0,48.0,16.0,0.0,0.0,44.0,17.0,11.0,20.0,14.0,4.0,0.0,0.0,0.0,0.0,11.0,20.0,0.0,0.0,0.0,0.0
C3_f0.5__baldwinian__s4,C3_f0.5__baldwinian,C3_f0.5,C3,baldwinian,4,450,train,50,0.94,15,15,127.14634520404334,0.7083333333333334,0.5,294.0,108.0,104.0,286.0,52.0,14.0,0.0,0.0,39.0,8.0,14.0,24.0,14.0,4.0,0.0,0.0,0.0,0.0,14.0,24.0,0.0,0.0,0.0,0.0
C3_f0.5__baldwinian__s4,C3_f0.5__baldwinian,C3_f0.5,C3,baldwinian,4,500,train,47,1.574468085106383,23,26,85.46427346386997,0.8541666666666666,0.5,393.0,139.0,114.0,327.0,112.0,34.0,0.0,0.0,38.0,9.0,16.0,18.0,22.0,2.0,0.0,0.0,0.0,0.0,16.0,18.0,0.0,0.0,0.0,0.0
C3_f0.5__baldwinian__s4,C3_f0.5__baldwinian,C3_f0.5,C3,baldwinian,4,550,train,50,1.96,23,20,80.71732158480197,0.8541666666666666,0.5,216.0,70.0,64.0,205.0,63.0,22.0,0.0,0.0,40.0,8.0,17.0,19.0,9.0,5.0,0.0,0.0,0.0,0.0,17.0,19.0,0.0,0.0,0.0,0.0
C3_f0.5__baldwinian__s4,C3_f0.5__baldwinian,C3_f0.5,C3,baldwinian,4,600,train,50,2.14,19,19,125.90669611241135,0.7083333333333334,0.5,313.0,116.0,81.0,288.0,103.0,31.0,0.0,0.0,31.0,6.0,11.0,25.0,13.0,5.0,0.0,0.0,0.0,0.0,11.0,25.0,0.0,0.0,0.0,0.0
C3_f0.5__baldwinian__s4,C3_f0.5__baldwinian,C3_f0.5,C3,baldwinian,4,650,train,50,2.18,20,20,90.71778612789055,0.8125,0.5,337.0,119.0,81.0,273.0,48.0,25.0,0.0,0.0,44.0,10.0,11.0,23.0,13.0,3.0,0.0,0.0,0.0,0.0,11.0,23.0,0.0,0.0,0.0,0.0
C3_f0.5__baldwinian__s4,C3_f0.5__baldwinian,C3_f0.5,C3,baldwinian,4,700,train,50,2.3,16,16,89.82110852233853,0.7916666666666666,0.5,388.0,136.0,129.0,389.0,86.0,41.0,0.0,0.0,38.0,14.0,15.0,25.0,9.0,5.0,0.0,0.0,0.0,0.0,15.0,25.0,0.0,0.0,0.0,0.0
C3_f0.5__baldwinian__s4,C3_f0.5__baldwinian,C3_f0.5,C3,baldwinian,4,750,train,50,2.4,15,15,59.831794280791996,0.8958333333333334,0.5,223.0,77.0,100.0,280.0,36.0,15.0,0.0,0.0,36.0,8.0,16.0,19.0,7.0,9.0,0.0,0.0,0.0,0.0,16.0,19.0,0.0,0.0,0.0,0.0
C3_f0.5__baldwinian__s4,C3_f0.5__baldwinian,C3_f0.5,C3,baldwinian,4,800,train,50,2.46,12,12,125.81511629500824,0.75,0.5,307.0,111.0,119.0,361.0,45.0,16.0,0.0,0.0,36.0,6.0,13.0,22.0,14.0,4.0,0.0,0.0,0.0,0.0,13.0,22.0,0.0,0.0,0.0,0.0
C3_f0.5__baldwinian__s4,C3_f0.5__baldwinian,C3_f0.5,C3,baldwinian,4,850,train,50,2.66,16,16,69.62084270397693,0.8541666666666666,0.5,349.0,100.0,143.0,412.0,61.0,29.0,0.0,0.0,46.0,8.0,17.0,25.0,14.0,7.0,0.0,0.0,0.0,0.0,17.0,25.0,0.0,0.0,0.0,0.0
C3_f0.5__baldwinian__s4,C3_f0.5__baldwinian,C3_f0.5,C3,baldwinian,4,900,train,50,2.72,13,13,74.28659020595688,0.8333333333333334,0.5,320.0,96.0,112.0,341.0,69.0,27.0,0.0,0.0,33.0,12.0,6.0,22.0,18.0,2.0,0.0,0.0,0.0,0.0,6.0,22.0,0.0,0.0,0.0,0.0
C3_f0.5__baldwinian__s4,C3_f0.5__baldwinian,C3_f0.5,C3,baldwinian,4,950,train,50,2.8,16,16,56.52730388450167,0.9375,0.5,271.0,93.0,112.0,351.0,78.0,26.0,0.0,0.0,32.0,9.0,11.0,29.0,23.0,6.0,0.0,0.0,0.0,0.0,11.0,29.0,0.0,0.0,0.0,0.0
C3_f0.5__baldwinian__s4,C3_f0.5__baldwinian,C3_f0.5,C3,baldwinian,4,1000,train,50,2.86,20,20,117.00696055330307,0.8125,0.5,313.0,98.0,92.0,251.0,7.0,13.0,0.0,0.0,33.0,9.0,16.0,22.0,3.0,7.0,0.0,0.0,0.0,0.0,16.0,22.0,0.0,0.0,0.0,0.0
C3_f0.5__baldwinian__s4,C3_f0.5__baldwinian,C3_f0.5,C3,baldwinian,4,1050,train,50,2.88,16,16,117.87416126555246,0.6875,0.5,320.0,115.0,118.0,358.0,50.0,28.0,0.0,0.0,26.0,3.0,4.0,32.0,14.0,5.0,0.0,0.0,0.0,0.0,4.0,32.0,0.0,0.0,0.0,0.0
C3_f0.5__baldwinian__s4,C3_f0.5__baldwinian,C3_f0.5,C3,baldwinian,4,1100,train,50,3.04,12,12,85.91509532492933,0.875,0.5,374.0,137.0,91.0,311.0,69.0,33.0,0.0,0.0,35.0,11.0,15.0,17.0,18.0,4.0,0.0,0.0,0.0,0.0,15.0,17.0,0.0,0.0,0.0,0.0
C3_f0.5__baldwinian__s4,C3_f0.5__baldwinian,C3_f0.5,C3,baldwinian,4,1150,train,50,3.12,28,28,68.54508138944624,0.875,0.5,375.0,114.0,96.0,326.0,64.0,24.0,0.0,0.0,35.0,9.0,14.0,33.0,14.0,3.0,0.0,0.0,0.0,0.0,14.0,33.0,0.0,0.0,0.0,0.0
C3_f0.5__baldwinian__s4,C3_f0.5__baldwinian,C3_f0.5,C3,baldwinian,4,1200,train,50,3.08,23,23,79.00427499125135,0.8333333333333334,0.5,278.0,64.0,126.0,339.0,110.0,41.0,0.0,0.0,29.0,8.0,17.0,28.0,14.0,4.0,0.0,0.0,0.0,0.0,17.0,28.0,0.0,0.0,0.0,0.0
C3_f0.5__baldwinian__s4,C3_f0.5__baldwinian,C3_f0.5,C3,baldwinian,4,1250,train,50,3.12,21,21,96.96534554327846,0.8125,0.5,279.0,79.0,127.0,395.0,55.0,16.0,0.0,0.0,33.0,2.0,18.0,27.0,10.0,4.0,0.0,0.0,0.0,0.0,18.0,27.0,0.0,0.0,0.0,0.0
C3_f0.5__baldwinian__s4,C3_f0.5__baldwinian,C3_f0.5,C3,baldwinian,4,1300,train,50,3.14,15,15,105.36595988038752,0.75,0.5,363.0,96.0,100.0,346.0,61.0,21.0,0.0,0.0,31.0,6.0,14.0,19.0,14.0,3.0,0.0,0.0,0.0,0.0,14.0,19.0,0.0,0.0,0.0,0.0
C3_f0.5__baldwinian__s4,C3_f0.5__baldwinian,C3_f0.5,C3,baldwinian,4,1350,train,50,3.38,20,20,83.94960301969871,0.8541666666666666,0.5,485.0,156.0,131.0,422.0,68.0,13.0,0.0,0.0,40.0,8.0,16.0,29.0,23.0,7.0,0.0,0.0,0.0,0.0,16.0,29.0,0.0,0.0,0.0,0.0
C3_f0.5__baldwinian__s4,C3_f0.5__baldwinian,C3_f0.5,C3,baldwinian,4,1400,train,50,3.72,19,19,74.23888636271587,0.875,0.5,337.0,125.0,103.0,395.0,61.0,22.0,0.0,0.0,45.0,6.0,14.0,30.0,18.0,4.0,0.0,0.0,0.0,0.0,14.0,30.0,0.0,0.0,0.0,0.0
C3_f0.5__baldwinian__s4,C3_f0.5__baldwinian,C3_f0.5,C3,baldwinian,4,1450,train,50,3.96,19,19,94.36171819599723,0.8333333333333334,0.5,259.0,93.0,119.0,314.0,66.0,21.0,0.0,0.0,38.0,8.0,12.0,36.0,10.0,3.0,0.0,0.0,0.0,0.0,12.0,36.0,0.0,0.0,0.0,0.0
C3_f0.5__baldwinian__s4,C3_f0.5__baldwinian,C3_f0.5,C3,baldwinian,4,1500,train,50,3.96,18,18,89.78898327780693,0.8333333333333334,0.5,331.0,112.0,68.0,206.0,86.0,27.0,0.0,0.0,40.0,6.0,9.0,19.0,23.0,4.0,0.0,0.0,0.0,0.0,9.0,19.0,0.0,0.0,0.0,0.0
C3_f0.5__baldwinian__s4,C3_f0.5__baldwinian,C3_f0.5,C3,baldwinian,4,1550,eval,50,3.96,11,11,150.93688766297163,0.6875,0.5,494.0,170.0,121.0,363.0,23.0,11.0,3.0,6.0,37.0,8.0,9.0,17.0,3.0,0.0,2.0,3.0,0.0,0.0,9.0,17.0,0.0,0.0,2.0,3.0
C3_f0.5__baldwinian__s4,C3_f0.5__baldwinian,C3_f0.5,C3,baldwinian,4,1600,eval,50,3.98,11,11,148.5573256372505,0.6458333333333334,0.5,449.0,158.0,138.0,372.0,47.0,8.0,17.0,40.0,29.0,11.0,18.0,25.0,10.0,2.0,3.0,5.0,0.0,0.0,18.0,25.0,0.0,0.0,3.0,5.0
C3_f0.5__baldwinian__s4,C3_f0.5__baldwinian,C3_f0.5,C3,baldwinian,4,1650,eval,50,4.1,13,13,134.29049878252408,0.6875,0.5,452.0,136.0,132.0,403.0,70.0,17.0,10.0,22.0,27.0,5.0,14.0,24.0,6.0,1.0,1.0,0.0,0.0,0.0,14.0,24.0,0.0,0.0,1.0,0.0
C3_f0.5__baldwinian__s4,C3_f0.5__baldwinian,C3_f0.5,C3,baldwinian,4,1700,eval,50,4.26,19,19,149.1973280128823,0.6666666666666666,0.5,391.0,110.0,119.0,330.0,91.0,38.0,8.0,34.0,34.0,7.0,7.0,28.0,6.0,4.0,3.0,5.0,0.0,0.0,7.0,28.0,0.0,0.0,3.0,5.0
C3_f0.5__baldwinian__s4,C3_f0.5__baldwinian,C3_f0.5,C3,baldwinian,4,1750,eval,50,4.38,14,14,162.11436398732502,0.6041666666666666,0.5,271.0,78.0,116.0,358.0,38.0,7.0,11.0,35.0,23.0,10.0,10.0,23.0,9.0,1.0,1.0,3.0,0.0,0.0,10.0,23.0,0.0,0.0,1.0,3.0
C3_f0.5__baldwinian__s4,C3_f0.5__baldwinian,C3_f0.5,C3,baldwinian,4,1800,eval,50,4.54,9,9,129.41786594092414,0.7291666666666666,0.5,367.0,122.0,106.0,318.0,31.0,9.0,47.0,117.0,33.0,8.0,10.0,25.0,7.0,0.0,2.0,8.0,0.0,0.0,10.0,25.0,0.0,0.0,2.0,8.0
C3_f0.5__baldwinian__s5,C3_f0.5__baldwinian,C3_f0.5,C3,baldwinian,5,50,train,50,0.86,33,3,71.38659900468178,0.875,0.5,179.0,55.0,59.0,145.0,42.0,13.0,0.0,0.0,46.0,19.0,14.0,24.0,12.0,6.0,0.0,0.0,0.0,0.0,14.0,24.0,0.0,0.0,0.0,0.0
C3_f0.5__baldwinian__s5,C3_f0.5__baldwinian,C3_f0.5,C3,baldwinian,5,100,train,50,0.94,10,10,80.37055760200637,0.875,0.5,319.0,111.0,83.0,289.0,93.0,17.0,0.0,0.0,25.0,10.0,9.0,25.0,20.0,2.0,0.0,0.0,0.0,0.0,9.0,25.0,0.0,0.0,0.0,0.0
C3_f0.5__baldwinian__s5,C3_f0.5__baldwinian,C3_f0.5,C3,baldwinian,5,150,train,50,0.98,14,14,81.12922778404102,0.8125,0.5,330.0,118.0,122.0,374.0,84.0,27.0,0.0,0.0,36.0,16.0,10.0,29.0,14.0,2.0,0.0,0.0,0.0,0.0,10.0,29.0,0.0,0.0,0.0,0.0
C3_f0.5__baldwinian__s5,C3_f0.5__baldwinian,C3_f0.5,C3,baldwinian,5,200,train,50,1.06,17,17,137.28115647398693,0.6875,0.5,312.0,107.0,133.0,391.0,150.0,49.0,0.0,0.0,24.0,8.0,12.0,25.0,8.0,3.0,0.0,0.0,0.0,0.0,12.0,25.0,0.0,0.0,0.0,0.0
C3_f0.5__baldwinian__s5,C3_f0.5__baldwinian,C3_f0.5,C3,baldwinian,5,250,train,50,0.96,9,9,109.89923932362261,0.75,0.5,340.0,123.0,121.0,373.0,93.0,33.0,0.0,0.0,34.0,9.0,7.0,26.0,17.0,2.0,0.0,0.0,0.0,0.0,7.0,26.0,0.0,0.0,0.0,0.0
C3_f0.5__baldwinian__s5,C3_f0.5__baldwinian,C3_f0.5,C3,baldwinian,5,300,train,50,0.94,16,16,99.02914347524302,0.75,0.5,327.0,103.0,130.0,334.0,106.0,33.0,0.0,0.0,34.0,13.0,21.0,15.0,12.0,4.0,0.0,0.0,0.0,0.0,21.0,15.0,0.0,0.0,0.0,0.0
C3_f0.5__baldwinian__s5,C3_f0.5__baldwinian,C3_f0.5,C3,baldwinian,5,350,train,50,0.92,11,11,95.71036078191435,0.8333333333333334,0.5,365.0,115.0,124.0,333.0,115.0,45.0,0.0,0.0,38.0,5.0,8.0,25.0,15.0,7.0,0.0,0.0,0.0,0.0,8.0,25.0,0.0,0.0,0.0,0.0
C3_f0.5__baldwinian__s5,C3_f0.5__baldwinian,C3_f0.5,C3,baldwinian,5,400,train,50,0.88,12,12,69.78550201316955,0.8541666666666666,0.5,376.0,140.0,171.0,536.0,75.0,20.0,0.0,0.0,33.0,6.0,19.0,25.0,18.0,5.0,0.0,0.0,0.0,0.0,19.0,25.0,0.0,0.0,0.0,0.0
C3_f0.5__baldwinian__s5,C3_f0.5__baldwinian,C3_f0.5,C3,baldwinian,5,450,train,50,0.9,14,14,113.54283442831974,0.7708333333333334,0.5,485.0,172.0,127.0,348.0,15.0,14.0,0.0,0.0,36.0,13.0,12.0,24.0,7.0,5.0,0.0,0.0,0.0,0.0,12.0,24.0,0.0,0.0,0.0,0.0
C3_f0.5__baldwinian__s5,C3_f0.5__baldwinian,C3_f0.5,C3,baldwinian,5,500,train,50,1.22,14,14,86.72747982077786,0.8125,0.5,456.0,142.0,149.0,466.0,53.0,20.0,0.0,0.0,50.0,3.0,5.0,24.0,18.0,4.0,0.0,0.0,0.0,0.0,5.0,24.0,0.0,0.0,0.0,0.0
C3_f0.5__baldwinian__s5,C3_f0.5__baldwinian,C3_f0.5,C3,baldwinian,5,550,train,50,1.56,19,19,126.09350921763267,0.6875,0.5,292.0,90.0,94.0,258.0,65.0,19.0,0.0,0.0,33.0,12.0,10.0,28.0,16.0,3.0,0.0,0.0,0.0,0.0,10.0,28.0,0.0,0.0,0.0,0.0
C3_f0.5__baldwinian__s5,C3_f0.5__baldwinian,C3_f0.5,C3,baldwinian,5,600,train,50,1.68,13,13,91.75002406900609,0.8333333333333334,0.5,322.0,114.0,80.0,233.0,75.0,19.0,0.0,0.0,33.0,13.0,14.0,29.0,15.0,2.0,0.0,0.0,0.0,0.0,14.0,29.0,0.0,0.0,0.0,0.0
C3_f0.5__baldwinian__s5,C3_f0.5__baldwinian,C3_f0.5,C3,baldwinian,5,650,train,50,1.86,16,16,70.8670903374475,0.875,0.5,335.0,106.0,147.0,380.0,58.0,18.0,0.0,0.0,46.0,9.0,11.0,25.0,13.0,1.0,0.0,0.0,0.0,0.0,11.0,25.0,0.0,0.0,0.0,0.0
C3_f0.5__baldwinian__s5,C3_f0.5__baldwinian,C3_f0.5,C3,baldwinian,5,700,train,50,1.96,18,18,73.41657964566079,0.875,0.5,289.0,120.0,98.0,259.0,92.0,34.0,0.0,0.0,46.0,5.0,16.0,16.0,17.0,7.0,0.0,0.0,0.0,0.0,16.0,16.0,0.0,0.0,0.0,0.0
C3_f0.5__baldwinian__s5,C3_f0.5__baldwinian,C3_f0.5,C3,baldwinian,5,750,train,50,2.04,10,10,69.99507791527486,0.875,0.5,377.0,111.0,75.0,188.0,52.0,11.0,0.0,0.0,50.0,14.0,7.0,16.0,16.0,4.0,0.0,0.0,0.0,0.0,7.0,16.0,0.0,0.0,0.0,0.0
C3_f0.5__baldwinian__s5,C3_f0.5__baldwinian,C3_f0.5,C3,baldwinian,5,800,train,50,2.04,20,20,105.07565609507915,0.75,0.5,315.0,108.0,117.0,354.0,38.0,7.0,0.0,0.0,30.0,10.0,16.0,27.0,21.0,3.0,0.0,0.0,0.0,0.0,16.0,27.0,0.0,0.0,0.0,0.0
C3_f0.5__baldwinian__s5,C3_f0.5__baldwinian,C3_f0.5,C3,baldwinian,5,850,train,50,2.06,22,22,78.20185565599466,0.875,0.5,333.0,104.0,110.0,302.0,86.0,27.0,0.0,0.0,39.0,14.0,8.0,28.0,12.0,11.0,0.0,0.0,0.0,0.0,8.0,28.0,0.0,0.0,0.0,0.0
C3_f0.5__baldwinian__s5,C3_f0.5__baldwinian,C3_f0.5,C3,baldwinian,5,900,train,50,2.08,12,12,124.99815246639864,0.6458333333333334,0.5,292.0,102.0,108.0,324.0,108.0,42.0,0.0,0.0,23.0,6.0,10.0,19.0,17.0,4.0,0.0,0.0,0.0,0.0,10.0,19.0,0.0,0.0,0.0,0.0
C3_f0.5__baldwinian__s5,C3_f0.5__baldwinian,C3_f0.5,C3,baldwinian,5,950,train,50,2.3,19,19,88.03823790725693,0.8541666666666666,0.5,333.0,123.0,98.0,337.0,74.0,33.0,0.0,0.0,37.0,14.0,21.0,20.0,10.0,7.0,0.0,0.0,0.0,0.0,21.0,20.0,0.0,0.0,0.0,0.0
C3_f0.5__baldwinian__s5,C3_f0.5__baldwinian,C3_f0.5,C3,baldwinian,5,1000,train,50,2.62,20,20,76.25687552091,0.8541666666666666,0.5,265.0,83.0,113.0,306.0,92.0,30.0,0.0,0.0,39.0,8.0,18.0,19.0,18.0,3.0,0.0,0.0,0.0,0.0,18.0,19.0,0.0,0.0,0.0,0.0
C3_f0.5__baldwinian__s5,C3_f0.5__baldwinian,C3_f0.5,C3,baldwinian,5,1050,train,50,2.9,17,17,77.15386314663601,0.875,0.5,363.0,103.0,98.0,342.0,108.0,33.0,0.0,0.0,38.0,6.0,12.0,22.0,15.0,7.0,0.0,0.0,0.0,0.0,12.0,22.0,0.0,0.0,0.0,0.0
C3_f0.5__baldwinian__s5,C3_f0.5__baldwinian,C3_f0.5,C3,baldwinian,5,1100,train,50,2.9,12,12,88.60991810924403,0.75,0.5,314.0,91.0,106.0,317.0,87.0,20.0,0.0,0.0,38.0,10.0,17.0,20.0,13.0,4.0,0.0,0.0,0.0,0.0,17.0,20.0,0.0,0.0,0.0,0.0
C3_f0.5__baldwinian__s5,C3_f0.5__baldwinian,C3_f0.5,C3,baldwinian,5,1150,train,50,2.88,20,20,112.44618509282401,0.7291666666666666,0.5,337.0,118.0,132.0,361.0,84.0,28.0,0.0,0.0,27.0,11.0,14.0,28.0,5.0,6.0,0.0,0.0,0.0,0.0,14.0,28.0,0.0,0.0,0.0,0.0
C3_f0.5__baldwinian__s5,C3_f0.5__baldwinian,C3_f0.5,C3,baldwinian,5,1200,train,50,2.96,15,15,123.66602664237027,0.625,0.5,194.0,78.0,114.0,393.0,108.0,42.0,0.0,0.0,25.0,8.0,9.0,29.0,11.0,6.0,0.0,0.0,0.0,0.0,9.0,29.0,0.0,0.0,0.0,0.0
C3_f0.5__baldwinian__s5,C3_f0.5__baldwinian,C3_f0.5,C3,baldwinian,5,1250,train,50,2.94,13,13,78.06262056415108,0.7916666666666666,0.5,440.0,138.0,112.0,305.0,79.0,27.0,0.0,0.0,38.0,6.0,15.0,17.0,24.0,6.0,0.0,0.0,0.0,0.0,15.0,17.0,0.0,0.0,0.0,0.0
C3_f0.5__baldwinian__s5,C3_f0.5__baldwinian,C3_f0.5,C3,baldwinian,5,1300,train,50,3.14,18,18,85.33977176283655,0.875,0.5,367.0,120.0,147.0,414.0,116.0,36.0,0.0,0.0,27.0,11.0,13.0,32.0,10.0,4.0,0.0,0.0,0.0,0.0,13.0,32.0,0.0,0.0,0.0,0.0
C3_f0.5__baldwinian__s5,C3_f0.5__baldwinian,C3_f0.5,C3,baldwinian,5,1350,train,50,3.32,13,13,91.12841262918303,0.8125,0.5,317.0,116.0,117.0,324.0,45.0,16.0,0.0,0.0,43.0,10.0,13.0,16.0,15.0,4.0,0.0,0.0,0.0,0.0,13.0,16.0,0.0,0.0,0.0,0.0
C3_f0.5__baldwinian__s5,C3_f0.5__baldwinian,C3_f0.5,C3,baldwinian,5,1400,train,50,3.52,15,15,105.75997323744892,0.7291666666666666,0.5,293.0,126.0,179.0,439.0,96.0,32.0,0.0,0.0,22.0,8.0,17.0,30.0,12.0,5.0,0.0,0.0,0.0,0.0,17.0,30.0,0.0,0.0,0.0,0.0
C3_f0.5__baldwinian__s5,C3_f0.5__baldwinian,C3_f0.5,C3,baldwinian,5,1450,train,50,3.7,15,15,84.55710880223307,0.8125,0.5,425.0,137.0,153.0,427.0,147.0,40.0,0.0,0.0,44.0,16.0,10.0,21.0,15.0,2.0,0.0,0.0,0.0,0.0,10.0,21.0,0.0,0.0,0.0,0.0
C3_f0.5__baldwinian__s5,C3_f0.5__baldwinian,C3_f0.5,C3,baldwinian,5,1500,train,50,3.8,14,14,64.86935382020698,0.8541666666666666,0.5,312.0,110.0,108.0,297.0,105.0,28.0,0.0,0.0,43.0,7.0,7.0,16.0,15.0,5.0,0.0,0.0,0.0,0.0,7.0,16.0,0.0,0.0,0.0,0.0
C3_f0.5__baldwinian__s5,C3_f0.5__baldwinian,C3_f0.5,C3,baldwinian,5,1550,eval,50,3.9,20,20,106.69104361378929,0.7916666666666666,0.5,319.0,100.0,85.0,275.0,42.0,15.0,10.0,51.0,36.0,8.0,10.0,14.0,4.0,2.0,1.0,7.0,0.0,0.0,10.0,14.0,0.0,0.0,1.0,7.0
C3_f0.5__baldwinian__s5,C3_f0.5__baldwinian,C3_f0.5,C3,baldwinian,5,1600,eval,50,3.92,11,11,106.19933851450811,0.7708333333333334,0.5,376.0,117.0,92.0,237.0,68.0,20.0,49.0,107.0,36.0,13.0,11.0,15.0,9.0,2.0,3.0,1.0,0.0,0.0,11.0,15.0,0.0,0.0,3.0,1.0
C3_f0.5__baldwinian__s5,C3_f0.5__baldwinian,C3_f0.5,C3,baldwinian,5,1650,eval,50,4.18,21,21,151.09122925689994,0.6458333333333334,0.5,285.0,102.0,129.0,329.0,86.0,28.0,10.0,56.0,26.0,7.0,15.0,28.0,9.0,2.0,1.0,5.0,0.0,0.0,15.0,28.0,0.0,0.0,1.0,5.0
C3_f0.5__baldwinian__s5,C3_f0.5__baldwinian,C3_f0.5,C3,baldwinian,5,1700,eval,50,4.26,6,6,186.86979063174957,0.4791666666666667,0.5,465.0,155.0,148.0,421.0,11.0,5.0,25.0,60.0,35.0,14.0,4.0,17.0,0.0,1.0,0.0,2.0,0.0,0.0,4.0,17.0,0.0,0.0,0.0,2.0
C3_f0.5__baldwinian__s5,C3_f0.5__baldwinian,C3_f0.5,C3,baldwinian,5,1750,eval,50,4.38,10,10,145.398805257534,0.6458333333333334,0.5,526.0,178.0,140.0,471.0,81.0,28.0,15.0,67.0,25.0,7.0,10.0,31.0,10.0,2.0,0.0,6.0,0.0,0.0,10.0,31.0,0.0,0.0,0.0,6.0
C3_f0.5__baldwinian__s5,C3_f0.5__baldwinian,C3_f0.5,C3,baldwinian,5,1800,eval,50,4.46,9,9,161.27265161895684,0.6041666666666666,0.5,439.0,148.0,149.0,426.0,70.0,34.0,29.0,59.0,34.0,11.0,2.0,19.0,6.0,1.0,7.0,2.0,0.0,0.0,2.0,19.0,0.0,0.0,7.0,2.0
C3_f0.5__baldwinian__s6,C3_f0.5__baldwinian,C3_f0.5,C3,baldwinian,6,50,train,47,0.851063829787234,30,3,132.78806670325986,0.6875,0.5,136.0,52.0,39.0,88.0,81.0,31.0,0.0,0.0,22.0,10.0,8.0,25.0,21.0,5.0,0.0,0.0,0.0,0.0,8.0,25.0,0.0,0.0,0.0,0.0
C3_f0.5__baldwinian__s6,C3_f0.5__baldwinian,C3_f0.5,C3,baldwinian,6,100,train,49,0.9795918367346939,14,12,68.15737676909825,0.875,0.5,266.0,76.0,113.0,344.0,57.0,15.0,0.0,0.0,28.0,7.0,11.0,38.0,16.0,3.0,0.0,0.0,0.0,0.0,11.0,38.0,0.0,0.0,0.0,0.0
C3_f0.5__baldwinian__s6,C3_f0.5__baldwinian,C3_f0.5,C3,baldwinian,6,150,train,47,1.1702127659574468,17,19,106.6964274744864,0.8125,0.5,220.0,81.0,127.0,370.0,77.0,17.0,0.0,0.0,37.0,7.0,13.0,28.0,24.0,3.0,0.0,0.0,0.0,0.0,13.0,28.0,0.0,0.0,0.0,0.0
C3_f0.5__baldwinian__s6,C3_f0.5__baldwinian,C3_f0.5,C3,baldwinian,6,200,train,50,1.24,18,15,67.38961451305569,0.8958333333333334,0.5,367.0,117.0,73.0,221.0,121.0,45.0,0.0,0.0,51.0,10.0,6.0,25.0,26.0,3.0,0.0,0.0,0.0,0.0,6.0,25.0,0.0,0.0,0.0,0.0
C3_f0.5__baldwinian__s6,C3_f0.5__baldwinian,C3_f0.5,C3,baldwinian,6,250,train,47,1.5957446808510638,13,16,72.74312611477258,0.875,0.5,241.0,77.0,75.0,242.0,96.0,31.0,0.0,0.0,36.0,11.0,9.0,21.0,26.0,5.0,0.0,0.0,0.0,0.0,9.0,21.0,0.0,0.0,0.0,0.0
C3_f0.5__baldwinian__s6,C3_f0.5__baldwinian,C3_f0.5,C3,baldwinian,6,300,train,50,1.6,17,14,121.03514233972754,0.7291666666666666,0.5,309.0,123.0,115.0,388.0,70.0,24.0,0.0,0.0,19.0,10.0,11.0,24.0,20.0,6.0,0.0,0.0,0.0,0.0,11.0,24.0,0.0,0.0,0.0,0.0
C3_f0.5__baldwinian__s6,C3_f0.5__baldwinian,C3_f0.5,C3,baldwinian,6,350,train,50,1.56,14,14,134.9518122773389,0.6875,0.5,312.0,93.0,119.0,355.0,56.0,23.0,0.0,0.0,29.0,7.0,13.0,23.0,27.0,5.0,0.0,0.0,0.0,0.0,13.0,23.0,0.0,0.0,0.0,0.0
C3_f0.5__baldwinian__s6,C3_f0.5__baldwinian,C3_f0.5,C3,baldwinian,6,400,train,50,1.54,13,13,119.25235218303015,0.7291666666666666,0.5,402.0,120.0,126.0,377.0,52.0,12.0,0.0,0.0,28.0,10.0,13.0,26.0,8.0,2.0,0.0,0.0,0.0,0.0,13.0,26.0,0.0,0.0,0.0,0.0
C3_f0.5__baldwinian__s6,C3_f0.5__baldwinian,C3_f0.5,C3,baldwinian,6,450,train,50,1.44,16,16,89.35266564802085,0.8333333333333334,0.5,356.0,115.0,112.0,346.0,131.0,44.0,0.0,0.0,33.0,9.0,7.0,27.0,16.0,11.0,0.0,0.0,0.0,0.0,7.0,27.0,0.0,0.0,0.0,0.0
C3_f0.5__baldwinian__s6,C3_f0.5__baldwinian,C3_f0.5,C3,baldwinian,6,500,train,50,1.86,16,16,91.39906070378291,0.7291666666666666,0.5,303.0,92.0,101.0,295.0,172.0,79.0,0.0,0.0,30.0,5.0,8.0,30.0,16.0,7.0,0.0,0.0,0.0,0.0,8.0,30.0,0.0,0.0,0.0,0.0
C3_f0.5__baldwinian__s6,C3_f0.5__baldwinian,C3_f0.5,C3,baldwinian,6,550,train,50,2.22,15,15,66.07094490946562,0.875,0.5,300.0,96.0,114.0,406.0,119.0,41.0,0.0,0.0,37.0,12.0,7.0,27.0,25.0,8.0,0.0,0.0,0.0,0.0,7.0,27.0,0.0,0.0,0.0,0.0
C3_f0.5__baldwinian__s6,C3_f0.5__baldwinian,C3_f0.5,C3,baldwinian,6,600,train,50,2.42,17,17,118.29331853957228,0.6666666666666666,0.5,234.0,82.0,118.0,311.0,78.0,34.0,0.0,0.0,33.0,8.0,20.0,20.0,8.0,7.0,0.0,0.0,0.0,0.0,20.0,20.0,0.0,0.0,0.0,0.0
C3_f0.5__baldwinian__s6,C3_f0.5__baldwinian,C3_f0.5,C3,baldwinian,6,650,train,50,2.58,13,13,100.44962269402056,0.8125,0.5,259.0,85.0,109.0,329.0,84.0,30.0,0.0,0.0,31.0,10.0,7.0,22.0,17.0,9.0,0.0,0.0,0.0,0.0,7.0,22.0,0.0,0.0,0.0,0.0
C3_f0.5__baldwinian__s6,C3_f0.5__baldwinian,C3_f0.5,C3,baldwinian,6,700,train,50,2.4,16,16,82.90526804247315,0.7708333333333334,0.5,298.0,119.0,95.0,290.0,106.0,33.0,0.0,0.0,31.0,12.0,12.0,18.0,16.0,6.0,0.0,0.0,0.0,0.0,12.0,18.0,0.0,0.0,0.0,0.0
C3_f0.5__baldwinian__s6,C3_f0.5__baldwinian,C3_f0.5,C3,baldwinian,6,750,train,50,2.76,12,12,58.024912751875576,0.8958333333333334,0.5,327.0,109.0,85.0,283.0,155.0,60.0,0.0,0.0,45.0,12.0,6.0,21.0,20.0,11.0,0.0,0.0,0.0,0.0,6.0,21.0,0.0,0.0,0.0,0.0
C3_f0.5__baldwinian__s6,C3_f0.5__baldwinian,C3_f0.5,C3,baldwinian,6,800,train,50,2.7,24,24,70.93269135709633,0.8333333333333334,0.5,237.0,85.0,128.0,332.0,37.0,14.0,0.0,0.0,30.0,14.0,12.0,26.0,13.0,6.0,0.0,0.0,0.0,0.0,12.0,26.0,0.0,0.0,0.0,0.0
C3_f0.5__baldwinian__s6,C3_f0.5__baldwinian,C3_f0.5,C3,baldwinian,6,850,train,50,2.6,24,24,65.61435639205057,0.9166666666666666,0.5,319.0,125.0,127.0,385.0,57.0,10.0,0.0,0.0,23.0,15.0,15.0,24.0,21.0,1.0,0.0,0.0,0.0,0.0,15.0,24.0,0.0,0.0,0.0,0.0
C3_f0.5__baldwinian__s6,C3_f0.5__baldwinian,C3_f0.5,C3,baldwinian,6,900,train,50,2.56,21,21,91.86361203405794,0.875,0.5,231.0,81.0,101.0,330.0,51.0,18.0,0.0,0.0,24.0,3.0,12.0,42.0,14.0,3.0,0.0,0.0,0.0,0.0,12.0,42.0,0.0,0.0,0.0,0.0
C3_f0.5__baldwinian__s6,C3_f0.5__baldwinian,C3_f0.5,C3,baldwinian,6,950,train,50,2.98,19,19,33.20722126712373,1.0,0.5,271.0,99.0,98.0,266.0,99.0,18.0,0.0,0.0,34.0,15.0,14.0,22.0,23.0,5.0,0.0,0.0,0.0,0.0,14.0,22.0,0.0,0.0,0.0,0.0
C3_f0.5__baldwinian__s6,C3_f0.5__baldwinian,C3_f0.5,C3,baldwinian,6,1000,train,50,3.24,20,20,87.17772902962503,0.8541666666666666,0.5,249.0,88.0,85.0,246.0,56.0,25.0,0.0,0.0,19.0,6.0,6.0,30.0,16.0,7.0,0.0,0.0,0.0,0.0,6.0,30.0,0.0,0.0,0.0,0.0
C3_f0.5__baldwinian__s6,C3_f0.5__baldwinian,C3_f0.5,C3,baldwinian,6,1050,train,49,3.693877551020408,21,22,86.9332814857342,0.7916666666666666,0.5,259.0,79.0,102.0,323.0,108.0,26.0,0.0,0.0,32.0,7.0,21.0,21.0,23.0,8.0,0.0,0.0,0.0,0.0,21.0,21.0,0.0,0.0,0.0,0.0
C3_f0.5__baldwinian__s6,C3_f0.5__baldwinian,C3_f0.5,C3,baldwinian,6,1100,train,47,3.8297872340425534,21,23,95.69444682311831,0.8541666666666666,0.5,230.0,88.0,79.0,237.0,84.0,32.0,0.0,0.0,31.0,10.0,8.0,23.0,17.0,9.0,0.0,0.0,0.0,0.0,8.0,23.0,0.0,0.0,0.0,0.0
C3_f0.5__baldwinian__s6,C3_f0.5__baldwinian,C3_f0.5,C3,baldwinian,6,1150,train,44,4.136363636363637,10,13,121.56653789922305,0.7708333333333334,0.5,280.0,80.0,77.0,258.0,61.0,24.0,0.0,0.0,37.0,9.0,7.0,23.0,20.0,8.0,0.0,0.0,0.0,0.0,7.0,23.0,0.0,0.0,0.0,0.0
C3_f0.5__baldwinian__s6,C3_f0.5__baldwinian,C3_f0.5,C3,baldwinian,6,1200,train,50,4.44,14,8,107.38005360829632,0.7916666666666666,0.5,291.0,123.0,74.0,286.0,83.0,22.0,0.0,0.0,48.0,17.0,5.0,20.0,18.0,7.0,0.0,0.0,0.0,0.0,5.0,20.0,0.0,0.0,0.0,0.0
C3_f0.5__baldwinian__s6,C3_f0.5__baldwinian,C3_f0.5,C3,baldwinian,6,1250,train,47,4.48936170212766,14,17,73.55357238501693,0.9166666666666666,0.5,241.0,88.0,55.0,180.0,55.0,11.0,0.0,0.0,47.0,15.0,10.0,22.0,18.0,2.0,0.0,0.0,0.0,0.0,10.0,22.0,0.0,0.0,0.0,0.0
C3_f0.5__baldwinian__s6,C3_f0.5__baldwinian,C3_f0.5,C3,baldwinian,6,1300,train,41,4.560975609756097,18,24,67.0652592728951,0.875,0.5,241.0,88.0,83.0,248.0,121.0,37.0,0.0,0.0,26.0,11.0,18.0,25.0,19.0,8.0,0.0,0.0,0.0,0.0,18.0,25.0,0.0,0.0,0.0,0.0
C3_f0.5__baldwinian__s6,C3_f0.5__baldwinian,C3_f0.5,C3,baldwinian,6,1350,train,45,4.733333333333333,23,19,72.50793217433102,0.875,0.5,263.0,94.0,93.0,237.0,84.0,29.0,0.0,0.0,33.0,6.0,9.0,25.0,23.0,5.0,0.0,0.0,0.0,0.0,9.0,25.0,0.0,0.0,0.0,0.0
C3_f0.5__baldwinian__s6,C3_f0.5__baldwinian,C3_f0.5,C3,baldwinian,6,1400,train,42,5.142857142857143,16,19,124.97851799213863,0.7916666666666666,0.5,256.0,77.0,46.0,159.0,65.0,15.0,0.0,0.0,30.0,8.0,12.0,20.0,22.0,3.0,0.0,0.0,0.0,0.0,12.0,20.0,0.0,0.0,0.0,0.0
C3_f0.5__baldwinian__s6,C3_f0.5__baldwinian,C3_f0.5,C3,baldwinian,6,1450,train,48,5.0625,17,11,66.8684502708725,0.8958333333333334,0.5,335.0,90.0,81.0,224.0,62.0,23.0,0.0,0.0,42.0,9.0,18.0,24.0,27.0,6.0,0.0,0.0,0.0,0.0,18.0,24.0,0.0,0.0,0.0,0.0
C3_f0.5__baldwinian__s6,C3_f0.5__baldwinian,C3_f0.5,C3,baldwinian,6,1500,train,45,5.488888888888889,18,21,108.98520898216451,0.7708333333333334,0.5,267.0,111.0,101.0,342.0,97.0,33.0,0.0,0.0,20.0,8.0,13.0,33.0,18.0,5.0,0.0,0.0,0.0,0.0,13.0,33.0,0.0,0.0,0.0,0.0
C3_f0.5__baldwinian__s6,C3_f0.5__baldwinian,C3_f0.5,C3,baldwinian,6,1550,eval,49,5.938775510204081,24,20,91.49223139326065,0.8333333333333334,0.5,318.0,113.0,98.0,331.0,48.0,15.0,5.0,33.0,30.0,12.0,10.0,28.0,10.0,3.0,4.0,4.0,0.0,0.0,10.0,28.0,0.0,0.0,4.0,4.0
C3_f0.5__baldwinian__s6,C3_f0.5__baldwinian,C3_f0.5,C3,baldwinian,6,1600,eval,48,5.958333333333333,24,25,127.61966668967264,0.7708333333333334,0.5,355.0,96.0,137.0,394.0,46.0,17.0,32.0,74.0,31.0,15.0,5.0,28.0,10.0,0.0,5.0,9.0,0.0,0.0,5.0,28.0,0.0,0.0,5.0,9.0
C3_f0.5__baldwinian__s6,C3_f0.5__baldwinian,C3_f0.5,C3,baldwinian,6,1650,eval,44,6.068181818181818,18,22,139.277348637086,0.6875,0.5,373.0,125.0,96.0,323.0,43.0,21.0,21.0,67.0,36.0,11.0,7.0,27.0,5.0,3.0,5.0,15.0,0.0,0.0,7.0,27.0,0.0,0.0,5.0,15.0
C3_f0.5__baldwinian__s6,C3_f0.5__baldwinian,C3_f0.5,C3,baldwinian,6,1700,eval,50,6.72,23,17,175.61923013559567,0.5208333333333334,0.5,400.0,115.0,97.0,313.0,100.0,37.0,12.0,52.0,32.0,4.0,10.0,31.0,5.0,0.0,0.0,4.0,0.0,0.0,10.0,31.0,0.0,0.0,0.0,4.0
C3_f0.5__baldwinian__s6,C3_f0.5__baldwinian,C3_f0.5,C3,baldwinian,6,1750,eval,50,6.82,15,15,122.75921432898352,0.7083333333333334,0.5,278.0,97.0,136.0,437.0,77.0,25.0,52.0,142.0,38.0,4.0,9.0,27.0,8.0,4.0,4.0,5.0,0.0,0.0,9.0,27.0,0.0,0.0,4.0,5.0
C3_f0.5__baldwinian__s6,C3_f0.5__baldwinian,C3_f0.5,C3,baldwinian,6,1800,eval,50,7.06,13,13,171.75487290941265,0.5625,0.5,398.0,114.0,129.0,328.0,189.0,68.0,28.0,82.0,37.0,7.0,10.0,12.0,11.0,4.0,4.0,6.0,0.0,0.0,10.0,12.0,0.0,0.0,4.0,6.0
C3_f0.5__baldwinian__s7,C3_f0.5__baldwinian,C3_f0.5,C3,baldwinian,7,50,train,50,0.84,31,1,74.75484780736836,0.8333333333333334,0.5,167.0,58.0,33.0,121.0,49.0,20.0,0.0,0.0,41.0,11.0,14.0,25.0,14.0,7.0,0.0,0.0,0.0,0.0,14.0,25.0,0.0,0.0,0.0,0.0
C3_f0.5__baldwinian__s7,C3_f0.5__baldwinian,C3_f0.5,C3,baldwinian,7,100,train,45,0.9555555555555556,8,13,81.5014354965655,0.8333333333333334,0.5,295.0,83.0,52.0,241.0,89.0,31.0,0.0,0.0,38.0,9.0,3.0,32.0,17.0,3.0,0.0,0.0,0.0,0.0,3.0,32.0,0.0,0.0,0.0,0.0
C3_f0.5__baldwinian__s7,C3_f0.5__baldwinian,C3_f0.5,C3,baldwinian,7,150,train,32,0.9375,13,26,118.80610908312144,0.7291666666666666,0.5,194.0,55.0,128.0,345.0,71.0,16.0,0.0,0.0,34.0,9.0,18.0,31.0,11.0,3.0,0.0,0.0,0.0,0.0,18.0,31.0,0.0,0.0,0.0,0.0
C3_f0.5__baldwinian__s7,C3_f0.5__baldwinian,C3_f0.5,C3,baldwinian,7,200,train,41,1.146341463414634,22,13,64.84909328943195,0.875,0.5,296.0,103.0,84.0,255.0,58.0,24.0,0.0,0.0,45.0,12.0,16.0,22.0,15.0,6.0,0.0,0.0,0.0,0.0,16.0,22.0,0.0,0.0,0.0,0.0
C3_f0.5__baldwinian__s7,C3_f0.5__baldwinian,C3_f0.5,C3,baldwinian,7,250,train,44,1.2954545454545454,17,14,120.17071019835555,0.75,0.5,258.0,74.0,75.0,242.0,28.0,7.0,0.0,0.0,29.0,12.0,13.0,24.0,11.0,3.0,0.0,0.0,0.0,0.0,13.0,24.0,0.0,0.0,0.0,0.0
C3_f0.5__baldwinian__s7,C3_f0.5__baldwinian,C3_f0.5,C3,baldwinian,7,300,train,50,1.82,23,17,84.96953325802484,0.8958333333333334,0.5,428.0,179.0,153.0,402.0,53.0,17.0,0.0,0.0,35.0,11.0,19.0,29.0,7.0,5.0,0.0,0.0,0.0,0.0,19.0,29.0,0.0,0.0,0.0,0.0
C3_f0.5__baldwinian__s7,C3_f0.5__baldwinian,C3_f0.5,C3,baldwinian,7,350,train,46,1.7391304347826086,18,22,84.57768267463035,0.8125,0.5,304.0,98.0,112.0,293.0,44.0,11.0,0.0,0.0,38.0,7.0,8.0,31.0,8.0,5.0,0.0,0.0,0.0,0.0,8.0,31.0,0.0,0.0,0.0,0.0
C3_f0.5__baldwinian__s7,C3_f0.5__baldwinian,C3_f0.5,C3,baldwinian,7,400,train,48,1.9583333333333333,25,23,48.21183911186549,0.9166666666666666,0.5,307.0,102.0,115.0,321.0,81.0,22.0,0.0,0.0,42.0,10.0,19.0,26.0,15.0,4.0,0.0,0.0,0.0,0.0,19.0,26.0,0.0,0.0,0.0,0.0
C3_f0.5__baldwinian__s7,C3_f0.5__baldwinian,C3_f0.5,C3,baldwinian,7,450,train,40,2.1,10,18,101.20771154066514,0.8541666666666666,0.5,220.0,67.0,79.0,254.0,28.0,7.0,0.0,0.0,24.0,14.0,14.0,18.0,10.0,4.0,0.0,0.0,0.0,0.0,14.0,18.0,0.0,0.0,0.0,0.0
C3_f0.5__baldwinian__s7,C3_f0.5__baldwinian,C3_f0.5,C3,baldwinian,7,500,train,36,2.0277777777777777,22,26,101.86928259571151,0.7291666666666666,0.5,248.0,97.0,109.0,348.0,45.0,11.0,0.0,0.0,30.0,5.0,18.0,38.0,10.0,2.0,0.0,0.0,0.0,0.0,18.0,38.0,0.0,0.0,0.0,0.0
C3_f0.5__baldwinian__s7,C3_f0.5__baldwinian,C3_f0.5,C3,baldwinian,7,550,train,39,2.2564102564102564,21,18,96.79844794968368,0.8125,0.5,283.0,90.0,77.0,265.0,18.0,5.0,0.0,0.0,41.0,12.0,13.0,22.0,9.0,4.0,0.0,0.0,0.0,0.0,13.0,22.0,0.0,0.0,0.0,0.0
C3_f0.5__baldwinian__s7,C3_f0.5__baldwinian,C3_f0.5,C3,baldwinian,7,600,train,47,3.106382978723404,21,13,29.61909478245684,1.0,0.5,303.0,93.0,90.0,292.0,43.0,9.0,0.0,0.0,49.0,18.0,14.0,16.0,16.0,1.0,0.0,0.0,0.0,0.0,14.0,16.0,0.0,0.0,0.0,0.0
C3_f0.5__baldwinian__s7,C3_f0.5__baldwinian,C3_f0.5,C3,baldwinian,7,650,train,32,3.25,7,22,108.83921766875238,0.8333333333333334,0.5,252.0,73.0,103.0,284.0,43.0,16.0,0.0,0.0,34.0,12.0,16.0,25.0,8.0,2.0,0.0,0.0,0.0,0.0,16.0,25.0,0.0,0.0,0.0,0.0
C3_f0.5__baldwinian__s7,C3_f0.5__baldwinian,C3_f0.5,C3,baldwinian,7,700,train,33,3.3636363636363638,20,19,145.29484684907533,0.7291666666666666,0.5,338.0,136.0,70.0,251.0,50.0,16.0,0.0,0.0,36.0,12.0,12.0,29.0,4.0,2.0,0.0,0.0,0.0,0.0,12.0,29.0,0.0,0.0,0.0,0.0
C3_f0.5__baldwinian__s7,C3_f0.5__baldwinian,C3_f0.5,C3,baldwinian,7,750,train,49,3.6122448979591835,33,17,83.93518998365298,0.875,0.5,344.0,117.0,108.0,363.0,88.0,26.0,0.0,0.0,30.0,10.0,15.0,31.0,18.0,5.0,0.0,0.0,0.0,0.0,15.0,31.0,0.0,0.0,0.0,0.0
C3_f0.5__baldwinian__s7,C3_f0.5__baldwinian,C3_f0.5,C3,baldwinian,7,800,train,50,3.8,16,15,75.66981249209317,0.875,0.5,354.0,116.0,94.0,248.0,53.0,30.0,0.0,0.0,32.0,17.0,17.0,34.0,9.0,6.0,0.0,0.0,0.0,0.0,17.0,34.0,0.0,0.0,0.0,0.0
C3_f0.5__baldwinian__s7,C3_f0.5__baldwinian,C3_f0.5,C3,baldwinian,7,850,train,43,4.0,15,22,73.63858647376506,0.9166666666666666,0.5,294.0,99.0,106.0,277.0,75.0,19.0,0.0,0.0,32.0,12.0,12.0,29.0,15.0,3.0,0.0,0.0,0.0,0.0,12.0,29.0,0.0,0.0,0.0,0.0
C3_f0.5__baldwinian__s7,C3_f0.5__baldwinian,C3_f0.5,C3,baldwinian,7,900,train,39,3.58974358974359,15,19,66.6074932344908,0.9375,0.5,303.0,97.0,100.0,265.0,26.0,8.0,0.0,0.0,27.0,9.0,12.0,40.0,12.0,3.0,0.0,0.0,0.0,0.0,12.0,40.0,0.0,0.0,0.0,0.0
C3_f0.5__baldwinian__s7,C3_f0.5__baldwinian,C3_f0.5,C3,baldwinian,7,950,train,50,3.94,23,12,106.31930171930279,0.7708333333333334,0.5,303.0,102.0,110.0,328.0,61.0,15.0,0.0,0.0,27.0,16.0,10.0,28.0,14.0,3.0,0.0,0.0,0.0,0.0,10.0,28.0,0.0,0.0,0.0,0.0
C3_f0.5__baldwinian__s7,C3_f0.5__baldwinian,C3_f0.5,C3,baldwinian,7,1000,train,48,3.8958333333333335,21,23,98.88818245966151,0.8125,0.5,358.0,141.0,152.0,428.0,54.0,20.0,0.0,0.0,26.0,9.0,17.0,33.0,11.0,3.0,0.0,0.0,0.0,0.0,17.0,33.0,0.0,0.0,0.0,0.0
C3_f0.5__baldwinian__s7,C3_f0.5__baldwinian,C3_f0.5,C3,baldwinian,7,1050,train,50,4.16,17,15,69.31759703081187,0.8125,0.5,319.0,130.0,150.0,419.0,48.0,10.0,0.0,0.0,32.0,21.0,13.0,19.0,10.0,6.0,0.0,0.0,0.0,0.0,13.0,19.0,0.0,0.0,0.0,0.0
C3_f0.5__baldwinian__s7,C3_f0.5__baldwinian,C3_f0.5,C3,baldwinian,7,1100,train,48,4.541666666666667,19,21,80.71179693436656,0.8333333333333334,0.5,353.0,117.0,111.0,283.0,47.0,17.0,0.0,0.0,33.0,11.0,13.0,24.0,12.0,8.0,0.0,0.0,0.0,0.0,13.0,24.0,0.0,0.0,0.0,0.0
C3_f0.5__baldwinian__s7,C3_f0.5__baldwinian,C3_f0.5,C3,baldwinian,7,1150,train,42,4.190476190476191,14,20,79.33187207503912,0.8541666666666666,0.5,292.0,103.0,101.0,282.0,20.0,5.0,0.0,0.0,37.0,18.0,12.0,18.0,9.0,2.0,0.0,0.0,0.0,0.0,12.0,18.0,0.0,0.0,0.0,0.0
C3_f0.5__baldwinian__s7,C3_f0.5__baldwinian,C3_f0.5,C3,baldwinian,7,1200,train,36,4.861111111111111,16,22,68.63978572469966,0.8958333333333334,0.5,286.0,105.0,74.0,187.0,41.0,10.0,0.0,0.0,33.0,13.0,18.0,19.0,10.0,3.0,0.0,0.0,0.0,0.0,18.0,19.0,0.0,0.0,0.0,0.0
C3_f0.5__baldwinian__s7,C3_f0.5__baldwinian,C3_f0.5,C3,baldwinian,7,1250,train,42,5.238095238095238,21,15,97.79598599622796,0.7708333333333334,0.5,327.0,100.0,90.0,304.0,56.0,13.0,0.0,0.0,38.0,5.0,12.0,39.0,9.0,1.0,0.0,0.0,0.0,0.0,12.0,39.0,0.0,0.0,0.0,0.0
C3_f0.5__baldwinian__s7,C3_f0.5__baldwinian,C3_f0.5,C3,baldwinian,7,1300,train,50,5.1,21,13,71.75450274542999,0.8541666666666666,0.5,326.0,108.0,93.0,300.0,75.0,18.0,0.0,0.0,44.0,13.0,8.0,24.0,17.0,2.0,0.0,0.0,0.0,0.0,8.0,24.0,0.0,0.0,0.0,0.0
C3_f0.5__baldwinian__s7,C3_f0.5__baldwinian,C3_f0.5,C3,baldwinian,7,1350,train,48,4.9375,13,15,76.87023736530675,0.8333333333333334,0.5,432.0,160.0,90.0,272.0,38.0,10.0,0.0,0.0,48.0,12.0,6.0,19.0,16.0,2.0,0.0,0.0,0.0,0.0,6.0,19.0,0.0,0.0,0.0,0.0
C3_f0.5__baldwinian__s7,C3_f0.5__baldwinian,C3_f0.5,C3,baldwinian,7,1400,train,28,5.428571428571429,11,31,111.97224215674309,0.7291666666666666,0.5,283.0,93.0,79.0,241.0,38.0,9.0,0.0,0.0,29.0,10.0,13.0,32.0,16.0,2.0,0.0,0.0,0.0,0.0,13.0,32.0,0.0,0.0,0.0,0.0
C3_f0.5__baldwinian__s7,C3_f0.5__baldwinian,C3_f0.5,C3,baldwinian,7,1450,train,44,6.045454545454546,28,12,107.44374684603423,0.7708333333333334,0.5,296.0,107.0,100.0,296.0,20.0,10.0,0.0,0.0,47.0,10.0,16.0,22.0,8.0,2.0,0.0,0.0,0.0,0.0,16.0,22.0,0.0,0.0,0.0,0.0
C3_f0.5__baldwinian__s7,C3_f0.5__baldwinian,C3_f0.5,C3,baldwinian,7,1500,train,46,6.021739130434782,18,16,79.0523570721413,0.8125,0.5,294.0,85.0,108.0,308.0,77.0,30.0,0.0,0.0,28.0,12.0,16.0,20.0,20.0,2.0,0.0,0.0,0.0,0.0,16.0,20.0,0.0,0.0,0.0,0.0
C3_f0.5__baldwinian__s7,C3_f0.5__baldwinian,C3_f0.5,C3,baldwinian,7,1550,eval,37,5.837837837837838,18,27,112.79740994807092,0.7291666666666666,0.5,425.0,149.0,103.0,337.0,17.0,5.0,37.0,124.0,24.0,12.0,6.0,30.0,4.0,1.0,6.0,10.0,0.0,0.0,6.0,30.0,0.0,0.0,6.0,10.0
C3_f0.5__baldwinian__s7,C3_f0.5__baldwinian,C3_f0.5,C3,baldwinian,7,1600,eval,50,6.36,28,15,143.10721894177814,0.6666666666666666,0.5,438.0,164.0,157.0,531.0,28.0,9.0,3.0,14.0,27.0,10.0,14.0,32.0,2.0,0.0,1.0,5.0,0.0,0.0,14.0,32.0,0.0,0.0,1.0,5.0
C3_f0.5__baldwinian__s7,C3_f0.5__baldwinian,C3_f0.5,C3,baldwinian,7,1650,eval,50,6.42,16,16,181.62088784291768,0.5208333333333334,0.5,512.0,173.0,158.0,426.0,42.0,17.0,0.0,13.0,27.0,9.0,7.0,21.0,2.0,2.0,0.0,2.0,0.0,0.0,7.0,21.0,0.0,0.0,0.0,2.0
C3_f0.5__baldwinian__s7,C3_f0.5__baldwinian,C3_f0.5,C3,baldwinian,7,1700,eval,50,6.18,9,9,182.20834563355024,0.5208333333333334,0.5,455.0,176.0,145.0,497.0,60.0,20.0,43.0,135.0,14.0,11.0,3.0,34.0,1.0,2.0,2.0,8.0,0.0,0.0,3.0,34.0,0.0,0.0,2.0,8.0
C3_f0.5__baldwinian__s7,C3_f0.5__baldwinian,C3_f0.5,C3,baldwinian,7,1750,eval,50,6.08,8,8,198.27274163860247,0.4583333333333333,0.5,440.0,139.0,139.0,411.0,95.0,34.0,87.0,223.0,21.0,12.0,3.0,17.0,2.0,1.0,1.0,9.0,0.0,0.0,3.0,17.0,0.0,0.0,1.0,9.0
C3_f0.5__baldwinian__s7,C3_f0.5__baldwinian,C3_f0.5,C3,baldwinian,7,1800,eval,50,6.44,11,11,145.03292385978457,0.5833333333333334,0.5,538.0,172.0,139.0,375.0,117.0,50.0,32.0,105.0,22.0,9.0,4.0,14.0,3.0,5.0,1.0,7.0,0.0,0.0,4.0,14.0,0.0,0.0,1.0,7.0
C3_f0.5__baldwinian__s8,C3_f0.5__baldwinian,C3_f0.5,C3,baldwinian,8,50,train,50,0.74,32,2,77.84618775054763,0.8333333333333334,0.5,142.0,57.0,51.0,131.0,28.0,10.0,0.0,0.0,45.0,16.0,16.0,29.0,1.0,0.0,0.0,0.0,0.0,0.0,16.0,29.0,0.0,0.0,0.0,0.0
C3_f0.5__baldwinian__s8,C3_f0.5__baldwinian,C3_f0.5,C3,baldwinian,8,100,train,50,1.06,15,15,60.97403536786383,0.8958333333333334,0.5,234.0,67.0,83.0,228.0,33.0,13.0,0.0,0.0,40.0,6.0,15.0,23.0,11.0,2.0,0.0,0.0,0.0,0.0,15.0,23.0,0.0,0.0,0.0,0.0
C3_f0.5__baldwinian__s8,C3_f0.5__baldwinian,C3_f0.5,C3,baldwinian,8,150,train,50,1.06,12,12,89.62731757387188,0.8333333333333334,0.5,365.0,108.0,108.0,279.0,22.0,4.0,0.0,0.0,39.0,12.0,12.0,21.0,11.0,2.0,0.0,0.0,0.0,0.0,12.0,21.0,0.0,0.0,0.0,0.0
C3_f0.5__baldwinian__s8,C3_f0.5__baldwinian,C3_f0.5,C3,baldwinian,8,200,train,49,1.346938775510204,18,19,57.391274995822286,0.875,0.5,427.0,130.0,123.0,325.0,36.0,15.0,0.0,0.0,52.0,12.0,12.0,29.0,8.0,3.0,0.0,0.0,0.0,0.0,12.0,29.0,0.0,0.0,0.0,0.0
C3_f0.5__baldwinian__s8,C3_f0.5__baldwinian,C3_f0.5,C3,baldwinian,8,250,train,45,1.488888888888889,17,21,57.556380622964944,0.9375,0.5,283.0,115.0,120.0,365.0,48.0,19.0,0.0,0.0,44.0,8.0,11.0,22.0,10.0,1.0,0.0,0.0,0.0,0.0,11.0,22.0,0.0,0.0,0.0,0.0
C3_f0.5__baldwinian__s8,C3_f0.5__baldwinian,C3_f0.5,C3,baldwinian,8,300,train,40,1.5,11,16,76.18349631848021,0.8125,0.5,213.0,65.0,100.0,326.0,23.0,8.0,0.0,0.0,37.0,9.0,11.0,23.0,8.0,2.0,0.0,0.0,0.0,0.0,11.0,23.0,0.0,0.0,0.0,0.0
C3_f0.5__baldwinian__s8,C3_f0.5__baldwinian,C3_f0.5,C3,baldwinian,8,350,train,41,1.4878048780487805,16,15,114.38982127197133,0.7916666666666666,0.5,275.0,91.0,110.0,319.0,72.0,18.0,0.0,0.0,35.0,4.0,14.0,25.0,11.0,3.0,0.0,0.0,0.0,0.0,14.0,25.0,0.0,0.0,0.0,0.0
C3_f0.5__baldwinian__s8,C3_f0.5__baldwinian,C3_f0.5,C3,baldwinian,8,400,train,45,1.3777777777777778,21,17,70.7159968782032,0.8541666666666666,0.5,257.0,93.0,118.0,341.0,52.0,15.0,0.0,0.0,44.0,9.0,19.0,23.0,14.0,3.0,0.0,0.0,0.0,0.0,19.0,23.0,0.0,0.0,0.0,0.0
C3_f0.5__baldwinian__s8,C3_f0.5__baldwinian,C3_f0.5,C3,baldwinian,8,450,train,50,1.46,21,16,85.49109409368316,0.8541666666666666,0.5,324.0,112.0,96.0,348.0,80.0,30.0,0.0,0.0,42.0,15.0,6.0,23.0,10.0,5.0,0.0,0.0,0.0,0.0,6.0,23.0,0.0,0.0,0.0,0.0
C3_f0.5__baldwinian__s8,C3_f0.5__baldwinian,C3_f0.5,C3,baldwinian,8,500,train,46,1.7173913043478262,21,25,98.34729376576618,0.8125,0.5,288.0,87.0,92.0,279.0,88.0,30.0,0.0,0.0,41.0,5.0,15.0,31.0,9.0,2.0,0.0,0.0,0.0,0.0,15.0,31.0,0.0,0.0,0.0,0.0
C3_f0.5__baldwinian__s8,C3_f0.5__baldwinian,C3_f0.5,C3,baldwinian,8,550,train,43,2.3255813953488373,22,25,62.49188519765973,0.8958333333333334,0.5,254.0,71.0,88.0,250.0,61.0,13.0,0.0,0.0,40.0,9.0,14.0,22.0,13.0,0.0,0.0,0.0,0.0,0.0,14.0,22.0,0.0,0.0,0.0,0.0
C3_f0.5__baldwinian__s8,C3_f0.5__baldwinian,C3_f0.5,C3,baldwinian,8,600,train,48,2.4166666666666665,27,22,80.94577767175058,0.8541666666666666,0.5,329.0,116.0,105.0,358.0,78.0,22.0,0.0,0.0,23.0,11.0,11.0,36.0,17.0,2.0,0.0,0.0,0.0,0.0,11.0,36.0,0.0,0.0,0.0,0.0
C3_f0.5__baldwinian__s8,C3_f0.5__baldwinian,C3_f0.5,C3,baldwinian,8,650,train,50,2.56,20,18,93.06633206933326,0.8125,0.5,306.0,97.0,140.0,428.0,39.0,16.0,0.0,0.0,36.0,10.0,17.0,22.0,14.0,2.0,0.0,0.0,0.0,0.0,17.0,22.0,0.0,0.0,0.0,0.0
C3_f0.5__baldwinian__s8,C3_f0.5__baldwinian,C3_f0.5,C3,baldwinian,8,700,train,46,2.630434782608696,16,20,107.67466783017757,0.7291666666666666,0.5,170.0,72.0,119.0,362.0,73.0,26.0,0.0,0.0,35.0,13.0,14.0,22.0,14.0,2.0,0.0,0.0,0.0,0.0,14.0,22.0,0.0,0.0,0.0,0.0
C3_f0.5__baldwinian__s8,C3_f0.5__baldwinian,C3_f0.5,C3,baldwinian,8,750,train,50,2.84,21,17,103.44999495321544,0.7916666666666666,0.5,438.0,140.0,135.0,380.0,36.0,13.0,0.0,0.0,43.0,8.0,20.0,27.0,7.0,3.0,0.0,0.0,0.0,0.0,20.0,27.0,0.0,0.0,0.0,0.0
C3_f0.5__baldwinian__s8,C3_f0.5__baldwinian,C3_f0.5,C3,baldwinian,8,800,train,50,3.16,24,24,69.20894555444549,0.8125,0.5,332.0,96.0,120.0,371.0,93.0,33.0,0.0,0.0,44.0,12.0,11.0,33.0,8.0,3.0,0.0,0.0,0.0,0.0,11.0,33.0,0.0,0.0,0.0,0.0
C3_f0.5__baldwinian__s8,C3_f0.5__baldwinian,C3_f0.5,C3,baldwinian,8,850,train,50,3.2,10,10,93.77063065264099,0.7916666666666666,0.5,287.0,100.0,121.0,393.0,56.0,27.0,0.0,0.0,41.0,11.0,7.0,18.0,10.0,3.0,0.0,0.0,0.0,0.0,7.0,18.0,0.0,0.0,0.0,0.0
C3_f0.5__baldwinian__s8,C3_f0.5__baldwinian,C3_f0.5,C3,baldwinian,8,900,train,50,3.2,17,17,111.7662261211949,0.75,0.5,292.0,97.0,119.0,363.0,34.0,11.0,0.0,0.0,41.0,8.0,10.0,28.0,9.0,3.0,0.0,0.0,0.0,0.0,10.0,28.0,0.0,0.0,0.0,0.0
C3_f0.5__baldwinian__s8,C3_f0.5__baldwinian,C3_f0.5,C3,baldwinian,8,950,train,50,3.52,22,22,81.00436984009114,0.8333333333333334,0.5,318.0,86.0,122.0,362.0,52.0,15.0,0.0,0.0,40.0,6.0,11.0,34.0,8.0,4.0,0.0,0.0,0.0,0.0,11.0,34.0,0.0,0.0,0.0,0.0
C3_f0.5__baldwinian__s8,C3_f0.5__baldwinian,C3_f0.5,C3,baldwinian,8,1000,train,49,3.836734693877551,23,24,61.72712869696112,0.8958333333333334,0.5,341.0,111.0,118.0,380.0,37.0,13.0,0.0,0.0,39.0,9.0,10.0,34.0,12.0,4.0,0.0,0.0,0.0,0.0,10.0,34.0,0.0,0.0,0.0,0.0
C3_f0.5__baldwinian__s8,C3_f0.5__baldwinian,C3_f0.5,C3,baldwinian,8,1050,train,50,3.9,17,16,66.7169735169166,0.8958333333333334,0.5,296.0,101.0,127.0,328.0,84.0,31.0,0.0,0.0,34.0,13.0,15.0,23.0,13.0,5.0,0.0,0.0,0.0,0.0,15.0,23.0,0.0,0.0,0.0,0.0
C3_f0.5__baldwinian__s8,C3_f0.5__baldwinian,C3_f0.5,C3,baldwinian,8,1100,train,50,4.36,22,22,66.71122946484684,0.8958333333333334,0.5,329.0,115.0,65.0,212.0,20.0,3.0,0.0,0.0,37.0,14.0,10.0,23.0,5.0,1.0,0.0,0.0,0.0,0.0,10.0,23.0,0.0,0.0,0.0,0.0
C3_f0.5__baldwinian__s8,C3_f0.5__baldwinian,C3_f0.5,C3,baldwinian,8,1150,train,47,4.638297872340425,19,22,62.3622667139017,0.9166666666666666,0.5,281.0,100.0,112.0,302.0,49.0,22.0,0.0,0.0,29.0,14.0,10.0,34.0,8.0,5.0,0.0,0.0,0.0,0.0,10.0,34.0,0.0,0.0,0.0,0.0
C3_f0.5__baldwinian__s8,C3_f0.5__baldwinian,C3_f0.5,C3,baldwinian,8,1200,train,40,4.575,15,22,128.99592014854562,0.7291666666666666,0.5,293.0,115.0,124.0,321.0,86.0,18.0,0.0,0.0,25.0,11.0,21.0,24.0,8.0,2.0,0.0,0.0,0.0,0.0,21.0,24.0,0.0,0.0,0.0,0.0
C3_f0.5__baldwinian__s8,C3_f0.5__baldwinian,C3_f0.5,C3,baldwinian,8,1250,train,46,5.021739130434782,22,16,73.3977229200525,0.8333333333333334,0.5,372.0,150.0,96.0,294.0,59.0,16.0,0.0,0.0,46.0,11.0,12.0,27.0,9.0,2.0,0.0,0.0,0.0,0.0,12.0,27.0,0.0,0.0,0.0,0.0
C3_f0.5__baldwinian__s8,C3_f0.5__baldwinian,C3_f0.5,C3,baldwinian,8,1300,train,46,5.239130434782608,22,22,73.43869345613302,0.8541666666666666,0.5,327.0,124.0,126.0,397.0,47.0,13.0,0.0,0.0,34.0,8.0,16.0,26.0,9.0,4.0,0.0,0.0,0.0,0.0,16.0,26.0,0.0,0.0,0.0,0.0
C3_f0.5__baldwinian__s8,C3_f0.5__baldwinian,C3_f0.5,C3,baldwinian,8,1350,train,50,5.38,20,16,72.68371940929097,0.875,0.5,334.0,111.0,102.0,271.0,28.0,16.0,0.0,0.0,37.0,15.0,11.0,27.0,13.0,2.0,0.0,0.0,0.0,0.0,11.0,27.0,0.0,0.0,0.0,0.0
C3_f0.5__baldwinian__s8,C3_f0.5__baldwinian,C3_f0.5,C3,baldwinian,8,1400,train,48,5.708333333333333,24,26,91.42850216677614,0.7916666666666666,0.5,300.0,100.0,71.0,268.0,27.0,14.0,0.0,0.0,29.0,9.0,17.0,27.0,8.0,3.0,0.0,0.0,0.0,0.0,17.0,27.0,0.0,0.0,0.0,0.0
C3_f0.5__baldwinian__s8,C3_f0.5__baldwinian,C3_f0.5,C3,baldwinian,8,1450,train,50,6.1,18,16,68.56983109463593,0.8541666666666666,0.5,352.0,113.0,112.0,345.0,95.0,27.0,0.0,0.0,42.0,9.0,16.0,19.0,14.0,3.0,0.0,0.0,0.0,0.0,16.0,19.0,0.0,0.0,0.0,0.0
C3_f0.5__baldwinian__s8,C3_f0.5__baldwinian,C3_f0.5,C3,baldwinian,8,1500,train,49,6.3061224489795915,17,18,71.98789061325147,0.8541666666666666,0.5,242.0,85.0,132.0,358.0,35.0,9.0,0.0,0.0,35.0,8.0,20.0,35.0,8.0,4.0,0.0,0.0,0.0,0.0,20.0,35.0,0.0,0.0,0.0,0.0
C3_f0.5__baldwinian__s8,C3_f0.5__baldwinian,C3_f0.5,C3,baldwinian,8,1550,eval,47,5.9787234042553195,24,26,102.81130463559612,0.7916666666666666,0.5,362.0,107.0,115.0,317.0,11.0,5.0,3.0,14.0,36.0,10.0,20.0,20.0,3.0,2.0,1.0,3.0,0.0,0.0,20.0,20.0,0.0,0.0,1.0,3.0
C3_f0.5__baldwinian__s8,C3_f0.5__baldwinian,C3_f0.5,C3,baldwinian,8,1600,eval,50,6.18,25,22,104.55169665604345,0.75,0.5,351.0,128.0,137.0,386.0,57.0,18.0,8.0,29.0,30.0,11.0,13.0,25.0,5.0,4.0,1.0,5.0,0.0,0.0,13.0,25.0,0.0,0.0,1.0,5.0
C3_f0.5__baldwinian__s8,C3_f0.5__baldwinian,C3_f0.5,C3,baldwinian,8,1650,eval,50,6.3,19,19,108.31947727754152,0.7291666666666666,0.5,376.0,122.0,148.0,466.0,110.0,32.0,12.0,37.0,28.0,15.0,19.0,23.0,8.0,0.0,0.0,0.0,0.0,0.0,19.0,23.0,0.0,0.0,0.0,0.0
C3_f0.5__baldwinian__s8,C3_f0.5__baldwinian,C3_f0.5,C3,baldwinian,8,1700,eval,50,6.48,23,23,98.40946790142863,0.7916666666666666,0.5,332.0,103.0,78.0,269.0,77.0,25.0,23.0,57.0,23.0,6.0,12.0,35.0,8.0,2.0,3.0,6.0,0.0,0.0,12.0,35.0,0.0,0.0,3.0,6.0
C3_f0.5__baldwinian__s8,C3_f0.5__baldwinian,C3_f0.5,C3,baldwinian,8,1750,eval,50,6.6,13,13,168.39610681659744,0.625,0.5,358.0,110.0,113.0,311.0,51.0,15.0,3.0,22.0,32.0,10.0,8.0,16.0,7.0,1.0,0.0,3.0,0.0,0.0,8.0,16.0,0.0,0.0,0.0,3.0
C3_f0.5__baldwinian__s8,C3_f0.5__baldwinian,C3_f0.5,C3,baldwinian,8,1800,eval,50,6.52,15,15,154.43936527172872,0.625,0.5,346.0,128.0,90.0,316.0,4.0,2.0,29.0,102.0,33.0,10.0,5.0,34.0,1.0,0.0,3.0,8.0,0.0,0.0,5.0,34.0,0.0,0.0,3.0,8.0
C3_f0.5__baldwinian__s9,C3_f0.5__baldwinian,C3_f0.5,C3,baldwinian,9,50,train,50,0.7,34,4,91.9819143578142,0.8125,0.5,188.0,69.0,74.0,195.0,38.0,12.0,0.0,0.0,37.0,9.0,14.0,29.0,15.0,5.0,0.0,0.0,0.0,0.0,14.0,29.0,0.0,0.0,0.0,0.0
C3_f0.5__baldwinian__s9,C3_f0.5__baldwinian,C3_f0.5,C3,baldwinian,9,100,train,50,0.88,12,12,91.3076533538318,0.8541666666666666,0.5,233.0,62.0,80.0,250.0,33.0,12.0,0.0,0.0,27.0,5.0,11.0,26.0,12.0,11.0,0.0,0.0,0.0,0.0,11.0,26.0,0.0,0.0,0.0,0.0
C3_f0.5__baldwinian__s9,C3_f0.5__baldwinian,C3_f0.5,C3,baldwinian,9,150,train,42,0.9523809523809523,19,27,132.89920847466226,0.6875,0.5,297.0,101.0,129.0,365.0,59.0,27.0,0.0,0.0,34.0,8.0,21.0,33.0,7.0,4.0,0.0,0.0,0.0,0.0,21.0,33.0,0.0,0.0,0.0,0.0
C3_f0.5__baldwinian__s9,C3_f0.5__baldwinian,C3_f0.5,C3,baldwinian,9,200,train,50,1.04,21,13,94.02639405511187,0.8333333333333334,0.5,313.0,102.0,96.0,241.0,97.0,32.0,0.0,0.0,31.0,10.0,13.0,21.0,16.0,6.0,0.0,0.0,0.0,0.0,13.0,21.0,0.0,0.0,0.0,0.0
C3_f0.5__baldwinian__s9,C3_f0.5__baldwinian,C3_f0.5,C3,baldwinian,9,250,train,50,1.28,20,20,110.49468794159819,0.7916666666666666,0.5,259.0,86.0,98.0,337.0,99.0,45.0,0.0,0.0,26.0,10.0,11.0,25.0,11.0,9.0,0.0,0.0,0.0,0.0,11.0,25.0,0.0,0.0,0.0,0.0
C3_f0.5__baldwinian__s9,C3_f0.5__baldwinian,C3_f0.5,C3,baldwinian,9,300,train,50,1.3,16,16,92.1863389129897,0.8125,0.5,297.0,100.0,103.0,288.0,189.0,53.0,0.0,0.0,34.0,13.0,16.0,25.0,15.0,1.0,0.0,0.0,0.0,0.0,16.0,25.0,0.0,0.0,0.0,0.0
C3_f0.5__baldwinian__s9,C3_f0.5__baldwinian,C3_f0.5,C3,baldwinian,9,350,train,50,1.18,10,10,76.47315461939402,0.8541666666666666,0.5,341.0,119.0,137.0,397.0,114.0,30.0,0.0,0.0,34.0,7.0,12.0,19.0,17.0,4.0,0.0,0.0,0.0,0.0,12.0,19.0,0.0,0.0,0.0,0.0
C3_f0.5__baldwinian__s9,C3_f0.5__baldwinian,C3_f0.5,C3,baldwinian,9,400,train,50,1.08,18,18,74.8871190189699,0.8958333333333334,0.5,264.0,52.0,137.0,428.0,124.0,41.0,0.0,0.0,36.0,4.0,15.0,32.0,18.0,2.0,0.0,0.0,0.0,0.0,15.0,32.0,0.0,0.0,0.0,0.0
C3_f0.5__baldwinian__s9,C3_f0.5__baldwinian,C3_f0.5,C3,baldwinian,9,450,train,50,1.38,18,18,85.83481192630525,0.8125,0.5,375.0,103.0,74.0,261.0,79.0,27.0,0.0,0.0,29.0,7.0,8.0,26.0,16.0,5.0,0.0,0.0,0.0,0.0,8.0,26.0,0.0,0.0,0.0,0.0
C3_f0.5__baldwinian__s9,C3_f0.5__baldwinian,C3_f0.5,C3,baldwinian,9,500,train,50,1.68,23,23,111.08221956082386,0.75,0.5,329.0,104.0,99.0,334.0,46.0,20.0,0.0,0.0,38.0,3.0,12.0,22.0,16.0,4.0,0.0,0.0,0.0,0.0,12.0,22.0,0.0,0.0,0.0,0.0
C3_f0.5__baldwinian__s9,C3_f0.5__baldwinian,C3_f0.5,C3,baldwinian,9,550,train,50,1.84,19,19,103.94873266007552,0.7291666666666666,0.5,247.0,83.0,115.0,307.0,87.0,27.0,0.0,0.0,30.0,4.0,16.0,25.0,16.0,4.0,0.0,0.0,0.0,0.0,16.0,25.0,0.0,0.0,0.0,0.0
C3_f0.5__baldwinian__s9,C3_f0.5__baldwinian,C3_f0.5,C3,baldwinian,9,600,train,50,1.96,21,21,98.7488509984978,0.75,0.5,347.0,112.0,139.0,392.0,63.0,23.0,0.0,0.0,39.0,4.0,18.0,25.0,7.0,4.0,0.0,0.0,0.0,0.0,18.0,25.0,0.0,0.0,0.0,0.0
C3_f0.5__baldwinian__s9,C3_f0.5__baldwinian,C3_f0.5,C3,baldwinian,9,650,train,50,2.04,18,18,72.31145730218569,0.8541666666666666,0.5,336.0,99.0,98.0,274.0,79.0,28.0,0.0,0.0,42.0,1.0,11.0,23.0,16.0,11.0,0.0,0.0,0.0,0.0,11.0,23.0,0.0,0.0,0.0,0.0
C3_f0.5__baldwinian__s9,C3_f0.5__baldwinian,C3_f0.5,C3,baldwinian,9,700,train,50,2.1,22,22,113.33511165816924,0.7708333333333334,0.5,245.0,82.0,104.0,251.0,87.0,30.0,0.0,0.0,28.0,6.0,18.0,24.0,20.0,3.0,0.0,0.0,0.0,0.0,18.0,24.0,0.0,0.0,0.0,0.0
C3_f0.5__baldwinian__s9,C3_f0.5__baldwinian,C3_f0.5,C3,baldwinian,9,750,train,50,2.18,23,23,91.93933770597371,0.8125,0.5,342.0,107.0,123.0,343.0,51.0,16.0,0.0,0.0,35.0,10.0,9.0,17.0,10.0,4.0,0.0,0.0,0.0,0.0,9.0,17.0,0.0,0.0,0.0,0.0
C3_f0.5__baldwinian__s9,C3_f0.5__baldwinian,C3_f0.5,C3,baldwinian,9,800,train,50,2.24,19,19,136.62435251006752,0.7083333333333334,0.5,305.0,127.0,97.0,291.0,56.0,22.0,0.0,0.0,34.0,10.0,8.0,26.0,17.0,4.0,0.0,0.0,0.0,0.0,8.0,26.0,0.0,0.0,0.0,0.0
C3_f0.5__baldwinian__s9,C3_f0.5__baldwinian,C3_f0.5,C3,baldwinian,9,850,train,50,2.46,18,18,119.0107228772253,0.7708333333333334,0.5,228.0,93.0,117.0,334.0,76.0,26.0,0.0,0.0,31.0,12.0,7.0,25.0,19.0,9.0,0.0,0.0,0.0,0.0,7.0,25.0,0.0,0.0,0.0,0.0
C3_f0.5__baldwinian__s9,C3_f0.5__baldwinian,C3_f0.5,C3,baldwinian,9,900,train,50,2.68,18,18,115.8946520771907,0.7916666666666666,0.5,323.0,124.0,72.0,225.0,96.0,25.0,0.0,0.0,43.0,13.0,8.0,23.0,16.0,3.0,0.0,0.0,0.0,0.0,8.0,23.0,0.0,0.0,0.0,0.0
C3_f0.5__baldwinian__s9,C3_f0.5__baldwinian,C3_f0.5,C3,baldwinian,9,950,train,50,2.86,17,17,89.09355370508456,0.75,0.5,190.0,79.0,128.0,310.0,79.0,29.0,0.0,0.0,30.0,5.0,15.0,31.0,11.0,0.0,0.0,0.0,0.0,0.0,15.0,31.0,0.0,0.0,0.0,0.0
C3_f0.5__baldwinian__s9,C3_f0.5__baldwinian,C3_f0.5,C3,baldwinian,9,1000,train,50,3.12,19,19,83.42594727816385,0.8333333333333334,0.5,262.0,99.0,78.0,243.0,138.0,42.0,0.0,0.0,53.0,10.0,12.0,20.0,12.0,5.0,0.0,0.0,0.0,0.0,12.0,20.0,0.0,0.0,0.0,0.0
C3_f0.5__baldwinian__s9,C3_f0.5__baldwinian,C3_f0.5,C3,baldwinian,9,1050,train,50,3.24,22,22,83.62602710479385,0.875,0.5,270.0,81.0,80.0,255.0,95.0,33.0,0.0,0.0,31.0,10.0,12.0,26.0,11.0,9.0,0.0,0.0,0.0,0.0,12.0,26.0,0.0,0.0,0.0,0.0
C3_f0.5__baldwinian__s9,C3_f0.5__baldwinian,C3_f0.5,C3,baldwinian,9,1100,train,50,3.26,15,15,93.19381458729043,0.7916666666666666,0.5,232.0,76.0,88.0,315.0,91.0,27.0,0.0,0.0,17.0,16.0,9.0,36.0,11.0,6.0,0.0,0.0,0.0,0.0,9.0,36.0,0.0,0.0,0.0,0.0
C3_f0.5__baldwinian__s9,C3_f0.5__baldwinian,C3_f0.5,C3,baldwinian,9,1150,train,50,3.5,21,21,98.41104804652917,0.7708333333333334,0.5,255.0,83.0,81.0,244.0,45.0,11.0,0.0,0.0,37.0,7.0,8.0,22.0,19.0,3.0,0.0,0.0,0.0,0.0,8.0,22.0,0.0,0.0,0.0,0.0
C3_f0.5__baldwinian__s9,C3_f0.5__baldwinian,C3_f0.5,C3,baldwinian,9,1200,train,50,3.56,16,16,106.30523218112158,0.75,0.5,332.0,134.0,61.0,189.0,52.0,18.0,0.0,0.0,36.0,11.0,6.0,22.0,13.0,3.0,0.0,0.0,0.0,0.0,6.0,22.0,0.0,0.0,0.0,0.0
C3_f0.5__baldwinian__s9,C3_f0.5__baldwinian,C3_f0.5,C3,baldwinian,9,1250,train,50,3.62,15,15,117.54247290706739,0.7083333333333334,0.5,339.0,125.0,59.0,243.0,84.0,39.0,0.0,0.0,34.0,17.0,13.0,18.0,16.0,6.0,0.0,0.0,0.0,0.0,13.0,18.0,0.0,0.0,0.0,0.0
C3_f0.5__baldwinian__s9,C3_f0.5__baldwinian,C3_f0.5,C3,baldwinian,9,1300,train,50,3.84,14,14,56.14468092534389,0.9166666666666666,0.5,324.0,102.0,114.0,330.0,59.0,17.0,0.0,0.0,38.0,8.0,11.0,32.0,16.0,2.0,0.0,0.0,0.0,0.0,11.0,32.0,0.0,0.0,0.0,0.0
C3_f0.5__baldwinian__s9,C3_f0.5__baldwinian,C3_f0.5,C3,baldwinian,9,1350,train,50,4.08,20,20,81.12258688563723,0.875,0.5,219.0,82.0,109.0,376.0,49.0,29.0,0.0,0.0,32.0,11.0,16.0,27.0,9.0,6.0,0.0,0.0,0.0,0.0,16.0,27.0,0.0,0.0,0.0,0.0
C3_f0.5__baldwinian__s9,C3_f0.5__baldwinian,C3_f0.5,C3,baldwinian,9,1400,train,50,4.0,16,16,135.20270112824522,0.6458333333333334,0.5,257.0,87.0,54.0,236.0,129.0,44.0,0.0,0.0,24.0,12.0,5.0,26.0,16.0,3.0,0.0,0.0,0.0,0.0,5.0,26.0,0.0,0.0,0.0,0.0
C3_f0.5__baldwinian__s9,C3_f0.5__baldwinian,C3_f0.5,C3,baldwinian,9,1450,train,50,4.0,20,20,87.58097070154211,0.8125,0.5,245.0,88.0,131.0,416.0,142.0,46.0,0.0,0.0,24.0,13.0,16.0,37.0,14.0,4.0,0.0,0.0,0.0,0.0,16.0,37.0,0.0,0.0,0.0,0.0
C3_f0.5__baldwinian__s9,C3_f0.5__baldwinian,C3_f0.5,C3,baldwinian,9,1500,train,50,4.04,11,11,94.88342333541098,0.75,0.5,329.0,85.0,128.0,412.0,136.0,53.0,0.0,0.0,46.0,6.0,12.0,20.0,13.0,9.0,0.0,0.0,0.0,0.0,12.0,20.0,0.0,0.0,0.0,0.0
C3_f0.5__baldwinian__s9,C3_f0.5__baldwinian,C3_f0.5,C3,baldwinian,9,1550,eval,50,4.42,22,22,90.20322919046365,0.75,0.5,407.0,145.0,75.0,233.0,41.0,6.0,14.0,51.0,37.0,10.0,11.0,24.0,10.0,2.0,1.0,6.0,0.0,0.0,11.0,24.0,0.0,0.0,1.0,6.0
C3_f0.5__baldwinian__s9,C3_f0.5__baldwinian,C3_f0.5,C3,baldwinian,9,1600,eval,50,4.96,22,22,161.53915338757224,0.6458333333333334,0.5,432.0,164.0,101.0,344.0,58.0,5.0,15.0,51.0,28.0,10.0,8.0,19.0,4.0,0.0,3.0,10.0,0.0,0.0,8.0,19.0,0.0,0.0,3.0,10.0
C3_f0.5__baldwinian__s9,C3_f0.5__baldwinian,C3_f0.5,C3,baldwinian,9,1650,eval,50,5.02,15,15,177.80238332358005,0.5625,0.5,360.0,129.0,112.0,331.0,34.0,8.0,19.0,72.0,32.0,11.0,5.0,18.0,1.0,0.0,2.0,5.0,0.0,0.0,5.0,18.0,0.0,0.0,2.0,5.0
C3_f0.5__baldwinian__s9,C3_f0.5__baldwinian,C3_f0.5,C3,baldwinian,9,1700,eval,50,4.98,12,12,184.08245411498422,0.5416666666666666,0.5,435.0,150.0,146.0,419.0,21.0,6.0,16.0,68.0,28.0,13.0,8.0,18.0,0.0,0.0,0.0,1.0,0.0,0.0,8.0,18.0,0.0,0.0,0.0,1.0
C3_f0.5__baldwinian__s9,C3_f0.5__baldwinian,C3_f0.5,C3,baldwinian,9,1750,eval,50,5.16,19,19,148.03383629670893,0.5833333333333334,0.5,449.0,166.0,154.0,409.0,80.0,33.0,27.0,100.0,22.0,10.0,17.0,21.0,5.0,0.0,2.0,0.0,0.0,0.0,17.0,21.0,0.0,0.0,2.0,0.0
C3_f0.5__baldwinian__s9,C3_f0.5__baldwinian,C3_f0.5,C3,baldwinian,9,1800,eval,50,5.24,10,10,169.1953485660116,0.5,0.5,368.0,145.0,127.0,353.0,98.0,27.0,39.0,130.0,17.0,11.0,3.0,25.0,14.0,2.0,1.0,6.0,0.0,0.0,3.0,25.0,0.0,0.0,1.0,6.0
C3_f0.5__baldwinian__s10,C3_f0.5__baldwinian,C3_f0.5,C3,baldwinian,10,50,train,49,0.7142857142857143,35,6,86.17474421212877,0.8125,0.5,144.0,42.0,48.0,155.0,51.0,15.0,0.0,0.0,34.0,12.0,9.0,30.0,13.0,6.0,0.0,0.0,0.0,0.0,9.0,30.0,0.0,0.0,0.0,0.0
C3_f0.5__baldwinian__s10,C3_f0.5__baldwinian,C3_f0.5,C3,baldwinian,10,100,train,48,0.7708333333333334,13,14,89.77605717135688,0.7708333333333334,0.5,227.0,77.0,49.0,159.0,49.0,18.0,0.0,0.0,31.0,12.0,9.0,21.0,15.0,4.0,0.0,0.0,0.0,0.0,9.0,21.0,0.0,0.0,0.0,0.0
C3_f0.5__baldwinian__s10,C3_f0.5__baldwinian,C3_f0.5,C3,baldwinian,10,150,train,50,0.84,16,14,102.74140008074424,0.7708333333333334,0.5,250.0,80.0,106.0,231.0,50.0,20.0,0.0,0.0,36.0,9.0,11.0,23.0,12.0,4.0,0.0,0.0,0.0,0.0,11.0,23.0,0.0,0.0,0.0,0.0
C3_f0.5__baldwinian__s10,C3_f0.5__baldwinian,C3_f0.5,C3,baldwinian,10,200,train,50,0.92,14,14,66.9434852473657,0.875,0.5,302.0,122.0,73.0,237.0,118.0,36.0,0.0,0.0,41.0,16.0,10.0,16.0,14.0,9.0,0.0,0.0,0.0,0.0,10.0,16.0,0.0,0.0,0.0,0.0
C3_f0.5__baldwinian__s10,C3_f0.5__baldwinian,C3_f0.5,C3,baldwinian,10,250,train,50,0.96,22,22,80.98851310961507,0.8958333333333334,0.5,279.0,87.0,65.0,224.0,107.0,40.0,0.0,0.0,35.0,8.0,15.0,22.0,6.0,3.0,0.0,0.0,0.0,0.0,15.0,22.0,0.0,0.0,0.0,0.0
C3_f0.5__baldwinian__s10,C3_f0.5__baldwinian,C3_f0.5,C3,baldwinian,10,300,train,50,0.98,16,16,57.96398038821813,0.8958333333333334,0.5,318.0,128.0,87.0,264.0,102.0,31.0,0.0,0.0,36.0,12.0,18.0,17.0,20.0,3.0,0.0,0.0,0.0,0.0,18.0,17.0,0.0,0.0,0.0,0.0
C3_f0.5__baldwinian__s10,C3_f0.5__baldwinian,C3_f0.5,C3,baldwinian,10,350,train,43,1.1627906976744187,13,20,92.41843143760917,0.7708333333333334,0.5,232.0,79.0,103.0,343.0,54.0,19.0,0.0,0.0,26.0,4.0,14.0,36.0,15.0,3.0,0.0,0.0,0.0,0.0,14.0,36.0,0.0,0.0,0.0,0.0
C3_f0.5__baldwinian__s10,C3_f0.5__baldwinian,C3_f0.5,C3,baldwinian,10,400,train,50,1.3,26,19,78.88904017818547,0.8541666666666666,0.5,334.0,95.0,142.0,539.0,90.0,30.0,0.0,0.0,27.0,4.0,16.0,42.0,15.0,2.0,0.0,0.0,0.0,0.0,16.0,42.0,0.0,0.0,0.0,0.0
C3_f0.5__baldwinian__s10,C3_f0.5__baldwinian,C3_f0.5,C3,baldwinian,10,450,train,50,1.24,13,13,93.9865896302124,0.7083333333333334,0.5,417.0,128.0,164.0,484.0,125.0,30.0,0.0,0.0,22.0,6.0,13.0,31.0,15.0,2.0,0.0,0.0,0.0,0.0,13.0,31.0,0.0,0.0,0.0,0.0
C3_f0.5__baldwinian__s10,C3_f0.5__baldwinian,C3_f0.5,C3,baldwinian,10,500,train,50,1.38,16,16,128.609233505591,0.6458333333333334,0.5,579.0,181.0,113.0,359.0,76.0,37.0,0.0,0.0,25.0,6.0,10.0,24.0,13.0,5.0,0.0,0.0,0.0,0.0,10.0,24.0,0.0,0.0,0.0,0.0
C3_f0.5__baldwinian__s10,C3_f0.5__baldwinian,C3_f0.5,C3,baldwinian,10,550,train,50,1.54,17,17,94.68424093242376,0.8333333333333334,0.5,358.0,115.0,166.0,482.0,67.0,29.0,0.0,0.0,34.0,8.0,17.0,34.0,17.0,4.0,0.0,0.0,0.0,0.0,17.0,34.0,0.0,0.0,0.0,0.0
C3_f0.5__baldwinian__s10,C3_f0.5__baldwinian,C3_f0.5,C3,baldwinian,10,600,train,50,1.6,17,17,81.94386587722661,0.7916666666666666,0.5,372.0,112.0,105.0,250.0,58.0,24.0,0.0,0.0,43.0,5.0,15.0,20.0,18.0,6.0,0.0,0.0,0.0,0.0,15.0,20.0,0.0,0.0,0.0,0.0
C3_f0.5__baldwinian__s10,C3_f0.5__baldwinian,C3_f0.5,C3,baldwinian,10,650,train,50,1.74,15,15,64.45554866407275,0.9166666666666666,0.5,314.0,90.0,88.0,252.0,58.0,18.0,0.0,0.0,37.0,10.0,11.0,16.0,21.0,4.0,0.0,0.0,0.0,0.0,11.0,16.0,0.0,0.0,0.0,0.0
C3_f0.5__baldwinian__s10,C3_f0.5__baldwinian,C3_f0.5,C3,baldwinian,10,700,train,50,1.86,17,17,73.99623865359423,0.875,0.5,288.0,109.0,73.0,276.0,89.0,24.0,0.0,0.0,36.0,7.0,11.0,25.0,20.0,7.0,0.0,0.0,0.0,0.0,11.0,25.0,0.0,0.0,0.0,0.0
C3_f0.5__baldwinian__s10,C3_f0.5__baldwinian,C3_f0.5,C3,baldwinian,10,750,train,50,1.88,25,25,82.6671504490979,0.875,0.5,227.0,99.0,73.0,285.0,36.0,14.0,0.0,0.0,43.0,8.0,12.0,23.0,13.0,3.0,0.0,0.0,0.0,0.0,12.0,23.0,0.0,0.0,0.0,0.0
C3_f0.5__baldwinian__s10,C3_f0.5__baldwinian,C3_f0.5,C3,baldwinian,10,800,train,50,1.88,14,14,77.52542003407297,0.8333333333333334,0.5,268.0,96.0,101.0,273.0,86.0,28.0,0.0,0.0,28.0,8.0,13.0,27.0,11.0,4.0,0.0,0.0,0.0,0.0,13.0,27.0,0.0,0.0,0.0,0.0
C3_f0.5__baldwinian__s10,C3_f0.5__baldwinian,C3_f0.5,C3,baldwinian,10,850,train,50,1.98,17,17,96.6844439801132,0.8333333333333334,0.5,382.0,127.0,138.0,425.0,104.0,29.0,0.0,0.0,27.0,7.0,20.0,38.0,11.0,5.0,0.0,0.0,0.0,0.0,20.0,38.0,0.0,0.0,0.0,0.0
C3_f0.5__baldwinian__s10,C3_f0.5__baldwinian,C3_f0.5,C3,baldwinian,10,900,train,50,2.16,19,19,87.1202531325275,0.8125,0.5,369.0,136.0,139.0,355.0,74.0,21.0,0.0,0.0,38.0,11.0,14.0,22.0,11.0,3.0,0.0,0.0,0.0,0.0,14.0,22.0,0.0,0.0,0.0,0.0
C3_f0.5__baldwinian__s10,C3_f0.5__baldwinian,C3_f0.5,C3,baldwinian,10,950,train,50,2.28,15,15,67.85306241765865,0.8541666666666666,0.5,279.0,100.0,137.0,397.0,84.0,30.0,0.0,0.0,33.0,14.0,17.0,27.0,12.0,2.0,0.0,0.0,0.0,0.0,17.0,27.0,0.0,0.0,0.0,0.0
C3_f0.5__baldwinian__s10,C3_f0.5__baldwinian,C3_f0.5,C3,baldwinian,10,1000,train,50,2.42,15,15,115.92896458504755,0.7291666666666666,0.5,326.0,116.0,108.0,328.0,72.0,34.0,0.0,0.0,39.0,8.0,15.0,17.0,10.0,11.0,0.0,0.0,0.0,0.0,15.0,17.0,0.0,0.0,0.0,0.0
C3_f0.5__baldwinian__s10,C3_f0.5__baldwinian,C3_f0.5,C3,baldwinian,10,1050,train,50,2.6,13,13,88.10507667193428,0.8125,0.5,231.0,74.0,70.0,229.0,89.0,39.0,0.0,0.0,32.0,16.0,12.0,23.0,13.0,4.0,0.0,0.0,0.0,0.0,12.0,23.0,0.0,0.0,0.0,0.0
C3_f0.5__baldwinian__s10,C3_f0.5__baldwinian,C3_f0.5,C3,baldwinian,10,1100,train,50,2.86,22,22,85.40973647851504,0.8333333333333334,0.5,282.0,97.0,110.0,287.0,184.0,66.0,0.0,0.0,35.0,10.0,13.0,20.0,17.0,3.0,0.0,0.0,0.0,0.0,13.0,20.0,0.0,0.0,0.0,0.0
C3_f0.5__baldwinian__s10,C3_f0.5__baldwinian,C3_f0.5,C3,baldwinian,10,1150,train,50,2.92,14,14,71.96607440312474,0.8541666666666666,0.5,289.0,108.0,98.0,289.0,78.0,34.0,0.0,0.0,35.0,7.0,12.0,26.0,14.0,5.0,0.0,0.0,0.0,0.0,12.0,26.0,0.0,0.0,0.0,0.0
C3_f0.5__baldwinian__s10,C3_f0.5__baldwinian,C3_f0.5,C3,baldwinian,10,1200,train,50,2.98,10,10,93.90926218111733,0.8333333333333334,0.5,316.0,108.0,134.0,408.0,32.0,8.0,0.0,0.0,32.0,9.0,10.0,22.0,18.0,2.0,0.0,0.0,0.0,0.0,10.0,22.0,0.0,0.0,0.0,0.0
C3_f0.5__baldwinian__s10,C3_f0.5__baldwinian,C3_f0.5,C3,baldwinian,10,1250,train,50,3.02,18,18,69.9146635706809,0.875,0.5,371.0,113.0,108.0,298.0,74.0,20.0,0.0,0.0,37.0,15.0,13.0,31.0,19.0,2.0,0.0,0.0,0.0,0.0,13.0,31.0,0.0,0.0,0.0,0.0
C3_f0.5__baldwinian__s10,C3_f0.5__baldwinian,C3_f0.5,C3,baldwinian,10,1300,train,50,3.06,9,9,70.32078108545898,0.875,0.5,226.0,84.0,89.0,272.0,89.0,34.0,0.0,0.0,36.0,9.0,9.0,18.0,19.0,5.0,0.0,0.0,0.0,0.0,9.0,18.0,0.0,0.0,0.0,0.0
C3_f0.5__baldwinian__s10,C3_f0.5__baldwinian,C3_f0.5,C3,baldwinian,10,1350,train,50,3.16,18,18,104.69058278922643,0.7708333333333334,0.5,247.0,88.0,102.0,271.0,120.0,49.0,0.0,0.0,31.0,5.0,11.0,27.0,16.0,3.0,0.0,0.0,0.0,0.0,11.0,27.0,0.0,0.0,0.0,0.0
C3_f0.5__baldwinian__s10,C3_f0.5__baldwinian,C3_f0.5,C3,baldwinian,10,1400,train,50,3.48,19,19,61.49281683546104,0.9166666666666666,0.5,252.0,85.0,80.0,286.0,121.0,46.0,0.0,0.0,45.0,13.0,12.0,22.0,15.0,4.0,0.0,0.0,0.0,0.0,12.0,22.0,0.0,0.0,0.0,0.0
C3_f0.5__baldwinian__s10,C3_f0.5__baldwinian,C3_f0.5,C3,baldwinian,10,1450,train,50,3.6,8,8,68.57431974885313,0.9166666666666666,0.5,226.0,73.0,65.0,178.0,110.0,33.0,0.0,0.0,49.0,7.0,9.0,17.0,21.0,5.0,0.0,0.0,0.0,0.0,9.0,17.0,0.0,0.0,0.0,0.0
C3_f0.5__baldwinian__s10,C3_f0.5__baldwinian,C3_f0.5,C3,baldwinian,10,1500,train,50,3.78,18,18,119.65892355352943,0.7291666666666666,0.5,230.0,76.0,95.0,369.0,84.0,32.0,0.0,0.0,26.0,5.0,19.0,37.0,15.0,6.0,0.0,0.0,0.0,0.0,19.0,37.0,0.0,0.0,0.0,0.0
C3_f0.5__baldwinian__s10,C3_f0.5__baldwinian,C3_f0.5,C3,baldwinian,10,1550,eval,50,3.84,17,17,121.89019699490436,0.6666666666666666,0.5,396.0,124.0,103.0,259.0,42.0,18.0,3.0,7.0,32.0,16.0,12.0,15.0,3.0,0.0,1.0,1.0,0.0,0.0,12.0,15.0,0.0,0.0,1.0,1.0
C3_f0.5__baldwinian__s10,C3_f0.5__baldwinian,C3_f0.5,C3,baldwinian,10,1600,eval,50,3.88,17,17,115.37078987915851,0.7083333333333334,0.5,312.0,103.0,105.0,356.0,63.0,24.0,25.0,72.0,35.0,12.0,6.0,23.0,8.0,2.0,7.0,7.0,0.0,0.0,6.0,23.0,0.0,0.0,7.0,7.0
C3_f0.5__baldwinian__s10,C3_f0.5__baldwinian,C3_f0.5,C3,baldwinian,10,1650,eval,50,3.96,16,16,148.79518321591476,0.6458333333333334,0.5,393.0,124.0,113.0,423.0,13.0,2.0,11.0,27.0,25.0,7.0,10.0,28.0,7.0,0.0,3.0,8.0,0.0,0.0,10.0,28.0,0.0,0.0,3.0,8.0
C3_f0.5__baldwinian__s10,C3_f0.5__baldwinian,C3_f0.5,C3,baldwinian,10,1700,eval,50,3.96,14,14,159.42795433845103,0.625,0.5,260.0,87.0,103.0,322.0,58.0,14.0,10.0,46.0,28.0,8.0,9.0,18.0,5.0,2.0,3.0,7.0,0.0,0.0,9.0,18.0,0.0,0.0,3.0,7.0
C3_f0.5__baldwinian__s10,C3_f0.5__baldwinian,C3_f0.5,C3,baldwinian,10,1750,eval,50,4.04,13,13,214.6387480396907,0.4166666666666667,0.5,350.0,127.0,104.0,323.0,26.0,7.0,6.0,31.0,22.0,7.0,9.0,12.0,3.0,1.0,2.0,6.0,0.0,0.0,9.0,12.0,0.0,0.0,2.0,6.0
C3_f0.5__baldwinian__s10,C3_f0.5__baldwinian,C3_f0.5,C3,baldwinian,10,1800,eval,50,4.2,13,13,190.35494715452782,0.5416666666666666,0.5,315.0,122.0,88.0,264.0,106.0,47.0,5.0,26.0,20.0,11.0,14.0,22.0,5.0,2.0,0.0,3.0,0.0,0.0,14.0,22.0,0.0,0.0,0.0,3.0
C3_f0.5__baldwinian__s11,C3_f0.5__baldwinian,C3_f0.5,C3,baldwinian,11,50,train,50,0.74,35,5,82.12887742991731,0.8125,0.5,161.0,39.0,77.0,213.0,92.0,35.0,0.0,0.0,23.0,8.0,10.0,45.0,19.0,4.0,0.0,0.0,0.0,0.0,10.0,45.0,0.0,0.0,0.0,0.0
C3_f0.5__baldwinian__s11,C3_f0.5__baldwinian,C3_f0.5,C3,baldwinian,11,100,train,50,0.8,14,14,66.23846173205649,0.9166666666666666,0.5,246.0,74.0,93.0,330.0,109.0,43.0,0.0,0.0,20.0,7.0,13.0,32.0,26.0,7.0,0.0,0.0,0.0,0.0,13.0,32.0,0.0,0.0,0.0,0.0
C3_f0.5__baldwinian__s11,C3_f0.5__baldwinian,C3_f0.5,C3,baldwinian,11,150,train,49,0.8979591836734694,17,18,65.98287019371458,0.875,0.5,296.0,80.0,131.0,369.0,45.0,16.0,0.0,0.0,25.0,11.0,20.0,26.0,19.0,5.0,0.0,0.0,0.0,0.0,20.0,26.0,0.0,0.0,0.0,0.0
C3_f0.5__baldwinian__s11,C3_f0.5__baldwinian,C3_f0.5,C3,baldwinian,11,200,train,49,0.9387755102040817,20,20,131.94335321186384,0.7708333333333334,0.5,367.0,128.0,130.0,378.0,58.0,23.0,0.0,0.0,20.0,9.0,11.0,31.0,14.0,4.0,0.0,0.0,0.0,0.0,11.0,31.0,0.0,0.0,0.0,0.0
C3_f0.5__baldwinian__s11,C3_f0.5__baldwinian,C3_f0.5,C3,baldwinian,11,250,train,50,0.92,14,13,70.40959658540989,0.875,0.5,370.0,131.0,100.0,330.0,124.0,30.0,0.0,0.0,38.0,10.0,13.0,23.0,27.0,2.0,0.0,0.0,0.0,0.0,13.0,23.0,0.0,0.0,0.0,0.0
C3_f0.5__baldwinian__s11,C3_f0.5__baldwinian,C3_f0.5,C3,baldwinian,11,300,train,50,0.9,13,13,90.48784385014564,0.7708333333333334,0.5,317.0,95.0,75.0,257.0,145.0,35.0,0.0,0.0,32.0,6.0,6.0,16.0,29.0,3.0,0.0,0.0,0.0,0.0,6.0,16.0,0.0,0.0,0.0,0.0
C3_f0.5__baldwinian__s11,C3_f0.5__baldwinian,C3_f0.5,C3,baldwinian,11,350,train,50,0.88,12,12,74.44714531297203,0.8541666666666666,0.5,262.0,104.0,135.0,390.0,84.0,30.0,0.0,0.0,37.0,9.0,8.0,17.0,23.0,8.0,0.0,0.0,0.0,0.0,8.0,17.0,0.0,0.0,0.0,0.0
C3_f0.5__baldwinian__s11,C3_f0.5__baldwinian,C3_f0.5,C3,baldwinian,11,400,train,50,0.96,13,13,95.23114497260936,0.7916666666666666,0.5,340.0,109.0,130.0,355.0,124.0,36.0,0.0,0.0,29.0,5.0,21.0,24.0,23.0,2.0,0.0,0.0,0.0,0.0,21.0,24.0,0.0,0.0,0.0,0.0
C3_f0.5__baldwinian__s11,C3_f0.5__baldwinian,C3_f0.5,C3,baldwinian,11,450,train,50,1.02,15,15,77.4780749180035,0.875,0.5,378.0,111.0,92.0,336.0,177.0,61.0,0.0,0.0,40.0,4.0,14.0,24.0,28.0,9.0,0.0,0.0,0.0,0.0,14.0,24.0,0.0,0.0,0.0,0.0
C3_f0.5__baldwinian__s11,C3_f0.5__baldwinian,C3_f0.5,C3,baldwinian,11,500,train,50,1.28,22,22,68.67402009215765,0.875,0.5,255.0,76.0,127.0,370.0,120.0,45.0,0.0,0.0,28.0,5.0,12.0,27.0,22.0,2.0,0.0,0.0,0.0,0.0,12.0,27.0,0.0,0.0,0.0,0.0
C3_f0.5__baldwinian__s11,C3_f0.5__baldwinian,C3_f0.5,C3,baldwinian,11,550,train,50,1.68,22,22,56.847434607525074,0.875,0.5,316.0,106.0,62.0,217.0,102.0,36.0,0.0,0.0,36.0,13.0,8.0,21.0,26.0,3.0,0.0,0.0,0.0,0.0,8.0,21.0,0.0,0.0,0.0,0.0
C3_f0.5__baldwinian__s11,C3_f0.5__baldwinian,C3_f0.5,C3,baldwinian,11,600,train,50,1.86,21,21,60.293367120418544,0.875,0.5,178.0,58.0,69.0,193.0,97.0,36.0,0.0,0.0,20.0,8.0,9.0,25.0,21.0,7.0,0.0,0.0,0.0,0.0,9.0,25.0,0.0,0.0,0.0,0.0
C3_f0.5__baldwinian__s11,C3_f0.5__baldwinian,C3_f0.5,C3,baldwinian,11,650,train,50,1.96,20,20,76.00197524698493,0.8125,0.5,308.0,99.0,66.0,214.0,70.0,33.0,0.0,0.0,30.0,9.0,9.0,24.0,24.0,4.0,0.0,0.0,0.0,0.0,9.0,24.0,0.0,0.0,0.0,0.0
C3_f0.5__baldwinian__s11,C3_f0.5__baldwinian,C3_f0.5,C3,baldwinian,11,700,train,50,2.06,18,18,65.88753477420754,0.8958333333333334,0.5,259.0,103.0,89.0,251.0,78.0,38.0,0.0,0.0,27.0,12.0,14.0,24.0,16.0,7.0,0.0,0.0,0.0,0.0,14.0,24.0,0.0,0.0,0.0,0.0
C3_f0.5__baldwinian__s11,C3_f0.5__baldwinian,C3_f0.5,C3,baldwinian,11,750,train,50,2.08,20,20,110.52639680322906,0.7708333333333334,0.5,212.0,80.0,62.0,174.0,130.0,42.0,0.0,0.0,20.0,13.0,6.0,23.0,21.0,4.0,0.0,0.0,0.0,0.0,6.0,23.0,0.0,0.0,0.0,0.0
C3_f0.5__baldwinian__s11,C3_f0.5__baldwinian,C3_f0.5,C3,baldwinian,11,800,train,45,2.4,17,22,61.69491319055577,0.9166666666666666,0.5,232.0,79.0,75.0,238.0,132.0,39.0,0.0,0.0,33.0,7.0,8.0,34.0,22.0,5.0,0.0,0.0,0.0,0.0,8.0,34.0,0.0,0.0,0.0,0.0
C3_f0.5__baldwinian__s11,C3_f0.5__baldwinian,C3_f0.5,C3,baldwinian,11,850,train,43,2.5813953488372094,11,13,107.0187198096825,0.8333333333333334,0.5,242.0,98.0,64.0,187.0,96.0,36.0,0.0,0.0,25.0,8.0,12.0,19.0,22.0,7.0,0.0,0.0,0.0,0.0,12.0,19.0,0.0,0.0,0.0,0.0
C3_f0.5__baldwinian__s11,C3_f0.5__baldwinian,C3_f0.5,C3,baldwinian,11,900,train,50,2.7,24,17,47.30146648620848,0.9166666666666666,0.5,305.0,94.0,86.0,294.0,83.0,35.0,0.0,0.0,34.0,3.0,13.0,30.0,24.0,8.0,0.0,0.0,0.0,0.0,13.0,30.0,0.0,0.0,0.0,0.0
C3_f0.5__baldwinian__s11,C3_f0.5__baldwinian,C3_f0.5,C3,baldwinian,11,950,train,50,2.76,15,15,92.40998568096441,0.8125,0.5,313.0,104.0,121.0,282.0,99.0,32.0,0.0,0.0,36.0,9.0,8.0,12.0,20.0,6.0,0.0,0.0,0.0,0.0,8.0,12.0,0.0,0.0,0.0,0.0
C3_f0.5__baldwinian__s11,C3_f0.5__baldwinian,C3_f0.5,C3,baldwinian,11,1000,train,50,2.9,22,22,79.42130985904079,0.8541666666666666,0.5,203.0,70.0,109.0,342.0,69.0,22.0,0.0,0.0,27.0,3.0,13.0,30.0,25.0,4.0,0.0,0.0,0.0,0.0,13.0,30.0,0.0,0.0,0.0,0.0
C3_f0.5__baldwinian__s11,C3_f0.5__baldwinian,C3_f0.5,C3,baldwinian,11,1050,train,50,3.12,24,24,102.764840856053,0.75,0.5,330.0,102.0,75.0,225.0,83.0,34.0,0.0,0.0,30.0,13.0,9.0,21.0,19.0,10.0,0.0,0.0,0.0,0.0,9.0,21.0,0.0,0.0,0.0,0.0
C3_f0.5__baldwinian__s11,C3_f0.5__baldwinian,C3_f0.5,C3,baldwinian,11,1100,train,50,3.16,18,18,65.25433289497379,0.8541666666666666,0.5,282.0,111.0,120.0,388.0,106.0,30.0,0.0,0.0,18.0,19.0,16.0,21.0,21.0,6.0,0.0,0.0,0.0,0.0,16.0,21.0,0.0,0.0,0.0,0.0
C3_f0.5__baldwinian__s11,C3_f0.5__baldwinian,C3_f0.5,C3,baldwinian,11,1150,train,50,3.48,23,23,56.55310415841785,0.9375,0.5,271.0,83.0,106.0,334.0,84.0,21.0,0.0,0.0,28.0,5.0,12.0,27.0,25.0,6.0,0.0,0.0,0.0,0.0,12.0,27.0,0.0,0.0,0.0,0.0
C3_f0.5__baldwinian__s11,C3_f0.5__baldwinian,C3_f0.5,C3,baldwinian,11,1200,train,49,3.5714285714285716,18,19,87.81330218918173,0.8125,0.5,262.0,97.0,82.0,271.0,94.0,25.0,0.0,0.0,22.0,4.0,11.0,25.0,24.0,3.0,0.0,0.0,0.0,0.0,11.0,25.0,0.0,0.0,0.0,0.0
C3_f0.5__baldwinian__s11,C3_f0.5__baldwinian,C3_f0.5,C3,baldwinian,11,1250,train,42,3.8333333333333335,13,20,98.0843857805836,0.7916666666666666,0.5,294.0,109.0,116.0,313.0,101.0,40.0,0.0,0.0,24.0,11.0,16.0,27.0,18.0,10.0,0.0,0.0,0.0,0.0,16.0,27.0,0.0,0.0,0.0,0.0
C3_f0.5__baldwinian__s11,C3_f0.5__baldwinian,C3_f0.5,C3,baldwinian,11,1300,train,46,4.173913043478261,16,12,68.60233041426144,0.8958333333333334,0.5,324.0,110.0,76.0,289.0,103.0,25.0,0.0,0.0,39.0,9.0,10.0,24.0,25.0,9.0,0.0,0.0,0.0,0.0,10.0,24.0,0.0,0.0,0.0,0.0
C3_f0.5__baldwinian__s11,C3_f0.5__baldwinian,C3_f0.5,C3,baldwinian,11,1350,train,47,4.170212765957447,15,14,73.88272585926784,0.8541666666666666,0.5,270.0,93.0,58.0,209.0,42.0,12.0,0.0,0.0,44.0,13.0,8.0,22.0,20.0,3.0,0.0,0.0,0.0,0.0,8.0,22.0,0.0,0.0,0.0,0.0
C3_f0.5__baldwinian__s11,C3_f0.5__baldwinian,C3_f0.5,C3,baldwinian,11,1400,train,45,4.222222222222222,14,16,103.37669309349823,0.8125,0.5,177.0,61.0,61.0,202.0,72.0,25.0,0.0,0.0,35.0,13.0,9.0,12.0,22.0,5.0,0.0,0.0,0.0,0.0,9.0,12.0,0.0,0.0,0.0,0.0
C3_f0.5__baldwinian__s11,C3_f0.5__baldwinian,C3_f0.5,C3,baldwinian,11,1450,train,44,4.340909090909091,15,16,85.62096305196067,0.8333333333333334,0.5,222.0,75.0,93.0,282.0,139.0,32.0,0.0,0.0,29.0,14.0,12.0,26.0,22.0,4.0,0.0,0.0,0.0,0.0,12.0,26.0,0.0,0.0,0.0,0.0
C3_f0.5__baldwinian__s11,C3_f0.5__baldwinian,C3_f0.5,C3,baldwinian,11,1500,train,41,4.682926829268292,16,19,82.87140705273137,0.875,0.5,198.0,60.0,90.0,263.0,144.0,46.0,0.0,0.0,33.0,8.0,10.0,24.0,24.0,8.0,0.0,0.0,0.0,0.0,10.0,24.0,0.0,0.0,0.0,0.0
C3_f0.5__baldwinian__s11,C3_f0.5__baldwinian,C3_f0.5,C3,baldwinian,11,1550,eval,38,4.7894736842105265,18,21,122.16239095311822,0.7708333333333334,0.5,251.0,85.0,62.0,176.0,57.0,19.0,34.0,59.0,38.0,8.0,8.0,16.0,5.0,0.0,7.0,11.0,0.0,0.0,8.0,16.0,0.0,0.0,7.0,11.0
C3_f0.5__baldwinian__s11,C3_f0.5__baldwinian,C3_f0.5,C3,baldwinian,11,1600,eval,48,5.1875,25,15,124.48068350485524,0.75,0.5,193.0,60.0,85.0,261.0,69.0,23.0,23.0,105.0,32.0,15.0,9.0,25.0,7.0,0.0,1.0,7.0,0.0,0.0,9.0,25.0,0.0,0.0,1.0,7.0
C3_f0.5__baldwinian__s11,C3_f0.5__baldwinian,C3_f0.5,C3,baldwinian,11,1650,eval,50,5.22,17,15,179.6340755167618,0.6041666666666666,0.5,250.0,64.0,104.0,266.0,109.0,37.0,17.0,43.0,22.0,6.0,10.0,22.0,11.0,4.0,3.0,8.0,0.0,0.0,10.0,22.0,0.0,0.0,3.0,8.0
C3_f0.5__baldwinian__s11,C3_f0.5__baldwinian,C3_f0.5,C3,baldwinian,11,1700,eval,50,5.26,15,15,144.28166519564766,0.6666666666666666,0.5,257.0,79.0,106.0,307.0,93.0,31.0,44.0,96.0,35.0,11.0,11.0,20.0,7.0,5.0,4.0,9.0,0.0,0.0,11.0,20.0,0.0,0.0,4.0,9.0
C3_f0.5__baldwinian__s11,C3_f0.5__baldwinian,C3_f0.5,C3,baldwinian,11,1750,eval,50,5.2,10,10,157.9925775104077,0.6875,0.5,313.0,105.0,55.0,197.0,74.0,26.0,20.0,61.0,20.0,8.0,7.0,18.0,5.0,2.0,0.0,4.0,0.0,0.0,7.0,18.0,0.0,0.0,0.0,4.0
C3_f0.5__baldwinian__s11,C3_f0.5__baldwinian,C3_f0.5,C3,baldwinian,11,1800,eval,50,5.18,9,9,135.6685401530309,0.6666666666666666,0.5,359.0,147.0,108.0,325.0,42.0,11.0,17.0,42.0,25.0,19.0,10.0,17.0,4.0,4.0,0.0,3.0,0.0,0.0,10.0,17.0,0.0,0.0,0.0,3.0
C3_f0.5__baldwinian__s12,C3_f0.5__baldwinian,C3_f0.5,C3,baldwinian,12,50,train,50,0.76,33,3,77.32624435935466,0.8958333333333334,0.5,124.0,51.0,91.0,244.0,54.0,15.0,0.0,0.0,20.0,14.0,10.0,34.0,20.0,7.0,0.0,0.0,0.0,0.0,10.0,34.0,0.0,0.0,0.0,0.0
C3_f0.5__baldwinian__s12,C3_f0.5__baldwinian,C3_f0.5,C3,baldwinian,12,100,train,50,0.86,16,16,102.98727986166293,0.7708333333333334,0.5,298.0,104.0,91.0,292.0,68.0,28.0,0.0,0.0,33.0,12.0,9.0,27.0,18.0,5.0,0.0,0.0,0.0,0.0,9.0,27.0,0.0,0.0,0.0,0.0
C3_f0.5__baldwinian__s12,C3_f0.5__baldwinian,C3_f0.5,C3,baldwinian,12,150,train,50,0.88,13,13,95.07509743191497,0.8333333333333334,0.5,348.0,113.0,82.0,259.0,59.0,25.0,0.0,0.0,42.0,9.0,9.0,19.0,19.0,3.0,0.0,0.0,0.0,0.0,9.0,19.0,0.0,0.0,0.0,0.0
C3_f0.5__baldwinian__s12,C3_f0.5__baldwinian,C3_f0.5,C3,baldwinian,12,200,train,50,0.86,11,11,90.07140989727726,0.7916666666666666,0.5,301.0,87.0,80.0,215.0,135.0,42.0,0.0,0.0,36.0,8.0,10.0,23.0,15.0,3.0,0.0,0.0,0.0,0.0,10.0,23.0,0.0,0.0,0.0,0.0
C3_f0.5__baldwinian__s12,C3_f0.5__baldwinian,C3_f0.5,C3,baldwinian,12,250,train,50,0.9,22,22,73.2271190999226,0.875,0.5,265.0,87.0,109.0,334.0,145.0,33.0,0.0,0.0,26.0,11.0,15.0,28.0,27.0,2.0,0.0,0.0,0.0,0.0,15.0,28.0,0.0,0.0,0.0,0.0
C3_f0.5__baldwinian__s12,C3_f0.5__baldwinian,C3_f0.5,C3,baldwinian,12,300,train,50,0.94,16,16,85.94794992594562,0.8333333333333334,0.5,292.0,91.0,81.0,266.0,70.0,34.0,0.0,0.0,28.0,11.0,6.0,31.0,11.0,1.0,0.0,0.0,0.0,0.0,6.0,31.0,0.0,0.0,0.0,0.0
C3_f0.5__baldwinian__s12,C3_f0.5__baldwinian,C3_f0.5,C3,baldwinian,12,350,train,50,0.94,14,14,116.35387927758964,0.6875,0.5,282.0,79.0,130.0,409.0,157.0,57.0,0.0,0.0,38.0,10.0,10.0,23.0,15.0,2.0,0.0,0.0,0.0,0.0,10.0,23.0,0.0,0.0,0.0,0.0
C3_f0.5__baldwinian__s12,C3_f0.5__baldwinian,C3_f0.5,C3,baldwinian,12,400,train,50,0.92,9,9,78.85129490653452,0.8541666666666666,0.5,292.0,97.0,152.0,409.0,112.0,35.0,0.0,0.0,30.0,9.0,17.0,22.0,22.0,1.0,0.0,0.0,0.0,0.0,17.0,22.0,0.0,0.0,0.0,0.0
C3_f0.5__baldwinian__s12,C3_f0.5__baldwinian,C3_f0.5,C3,baldwinian,12,450,train,50,0.9,11,11,67.9748645186391,0.875,0.5,433.0,119.0,139.0,451.0,74.0,20.0,0.0,0.0,34.0,3.0,14.0,21.0,19.0,1.0,0.0,0.0,0.0,0.0,14.0,21.0,0.0,0.0,0.0,0.0
C3_f0.5__baldwinian__s12,C3_f0.5__baldwinian,C3_f0.5,C3,baldwinian,12,500,train,50,1.28,19,19,73.75292879828496,0.8333333333333334,0.5,367.0,118.0,120.0,414.0,58.0,12.0,0.0,0.0,33.0,7.0,12.0,26.0,26.0,2.0,0.0,0.0,0.0,0.0,12.0,26.0,0.0,0.0,0.0,0.0
C3_f0.5__baldwinian__s12,C3_f0.5__baldwinian,C3_f0.5,C3,baldwinian,12,550,train,50,1.64,22,22,80.1634493321576,0.8125,0.5,374.0,127.0,106.0,257.0,55.0,22.0,0.0,0.0,36.0,10.0,11.0,13.0,16.0,7.0,0.0,0.0,0.0,0.0,11.0,13.0,0.0,0.0,0.0,0.0
C3_f0.5__baldwinian__s12,C3_f0.5__baldwinian,C3_f0.5,C3,baldwinian,12,600,train,50,1.68,11,11,96.43880672998958,0.7916666666666666,0.5,265.0,103.0,94.0,291.0,120.0,32.0,0.0,0.0,36.0,10.0,10.0,24.0,17.0,3.0,0.0,0.0,0.0,0.0,10.0,24.0,0.0,0.0,0.0,0.0
C3_f0.5__baldwinian__s12,C3_f0.5__baldwinian,C3_f0.5,C3,baldwinian,12,650,train,50,1.72,15,15,67.46707581543025,0.875,0.5,188.0,63.0,76.0,244.0,102.0,35.0,0.0,0.0,38.0,12.0,13.0,18.0,16.0,12.0,0.0,0.0,0.0,0.0,13.0,18.0,0.0,0.0,0.0,0.0
C3_f0.5__baldwinian__s12,C3_f0.5__baldwinian,C3_f0.5,C3,baldwinian,12,700,train,50,1.84,20,20,68.55487242629223,0.9166666666666666,0.5,284.0,88.0,82.0,234.0,52.0,14.0,0.0,0.0,40.0,8.0,11.0,25.0,15.0,5.0,0.0,0.0,0.0,0.0,11.0,25.0,0.0,0.0,0.0,0.0
C3_f0.5__baldwinian__s12,C3_f0.5__baldwinian,C3_f0.5,C3,baldwinian,12,750,train,50,1.92,16,16,89.55065186826295,0.7708333333333334,0.5,199.0,48.0,93.0,347.0,132.0,45.0,0.0,0.0,36.0,6.0,11.0,31.0,8.0,1.0,0.0,0.0,0.0,0.0,11.0,31.0,0.0,0.0,0.0,0.0
C3_f0.5__baldwinian__s12,C3_f0.5__baldwinian,C3_f0.5,C3,baldwinian,12,800,train,50,1.94,12,12,112.7822000630678,0.7708333333333334,0.5,393.0,101.0,98.0,290.0,102.0,29.0,0.0,0.0,31.0,5.0,14.0,19.0,16.0,7.0,0.0,0.0,0.0,0.0,14.0,19.0,0.0,0.0,0.0,0.0
C3_f0.5__baldwinian__s12,C3_f0.5__baldwinian,C3_f0.5,C3,baldwinian,12,850,train,50,1.94,22,22,84.5427638180447,0.7916666666666666,0.5,368.0,115.0,88.0,320.0,98.0,15.0,0.0,0.0,36.0,6.0,14.0,26.0,26.0,5.0,0.0,0.0,0.0,0.0,14.0,26.0,0.0,0.0,0.0,0.0
C3_f0.5__baldwinian__s12,C3_f0.5__baldwinian,C3_f0.5,C3,baldwinian,12,900,train,50,1.98,13,13,104.92446791045603,0.7291666666666666,0.5,384.0,118.0,81.0,262.0,94.0,42.0,0.0,0.0,29.0,14.0,8.0,15.0,15.0,6.0,0.0,0.0,0.0,0.0,8.0,15.0,0.0,0.0,0.0,0.0
C3_f0.5__baldwinian__s12,C3_f0.5__baldwinian,C3_f0.5,C3,baldwinian,12,950,train,50,2.28,17,17,74.1682471843435,0.8541666666666666,0.5,356.0,128.0,133.0,323.0,76.0,35.0,0.0,0.0,37.0,6.0,21.0,21.0,18.0,4.0,0.0,0.0,0.0,0.0,21.0,21.0,0.0,0.0,0.0,0.0
C3_f0.5__baldwinian__s12,C3_f0.5__baldwinian,C3_f0.5,C3,baldwinian,12,1000,train,50,2.48,13,13,86.24486731944464,0.7916666666666666,0.5,322.0,106.0,117.0,387.0,121.0,38.0,0.0,0.0,29.0,11.0,15.0,28.0,17.0,9.0,0.0,0.0,0.0,0.0,15.0,28.0,0.0,0.0,0.0,0.0
C3_f0.5__baldwinian__s12,C3_f0.5__baldwinian,C3_f0.5,C3,baldwinian,12,1050,train,50,2.62,17,17,88.91167493307687,0.7708333333333334,0.5,274.0,83.0,137.0,372.0,104.0,40.0,0.0,0.0,31.0,10.0,9.0,17.0,19.0,1.0,0.0,0.0,0.0,0.0,9.0,17.0,0.0,0.0,0.0,0.0
C3_f0.5__baldwinian__s12,C3_f0.5__baldwinian,C3_f0.5,C3,baldwinian,12,1100,train,50,2.62,14,14,49.43012034561525,0.9791666666666666,0.5,270.0,93.0,77.0,274.0,104.0,39.0,0.0,0.0,43.0,14.0,11.0,20.0,21.0,5.0,0.0,0.0,0.0,0.0,11.0,20.0,0.0,0.0,0.0,0.0
C3_f0.5__baldwinian__s12,C3_f0.5__baldwinian,C3_f0.5,C3,baldwinian,12,1150,train,50,2.7,22,22,88.06636443635918,0.8958333333333334,0.5,235.0,73.0,61.0,253.0,45.0,14.0,0.0,0.0,29.0,7.0,10.0,28.0,23.0,2.0,0.0,0.0,0.0,0.0,10.0,28.0,0.0,0.0,0.0,0.0
C3_f0.5__baldwinian__s12,C3_f0.5__baldwinian,C3_f0.5,C3,baldwinian,12,1200,train,50,2.82,19,19,77.89838070950867,0.8333333333333334,0.5,303.0,92.0,80.0,298.0,37.0,22.0,0.0,0.0,35.0,8.0,9.0,26.0,20.0,5.0,0.0,0.0,0.0,0.0,9.0,26.0,0.0,0.0,0.0,0.0
C3_f0.5__baldwinian__s12,C3_f0.5__baldwinian,C3_f0.5,C3,baldwinian,12,1250,train,50,2.94,17,17,122.68386779770229,0.7291666666666666,0.5,258.0,69.0,110.0,328.0,43.0,11.0,0.0,0.0,42.0,9.0,9.0,21.0,16.0,2.0,0.0,0.0,0.0,0.0,9.0,21.0,0.0,0.0,0.0,0.0
C3_f0.5__baldwinian__s12,C3_f0.5__baldwinian,C3_f0.5,C3,baldwinian,12,1300,train,50,3.06,13,13,70.63930428512762,0.9166666666666666,0.5,251.0,90.0,94.0,332.0,47.0,11.0,0.0,0.0,42.0,12.0,8.0,19.0,20.0,3.0,0.0,0.0,0.0,0.0,8.0,19.0,0.0,0.0,0.0,0.0
C3_f0.5__baldwinian__s12,C3_f0.5__baldwinian,C3_f0.5,C3,baldwinian,12,1350,train,50,3.16,13,13,68.26795230961507,0.8958333333333334,0.5,272.0,86.0,108.0,269.0,38.0,12.0,0.0,0.0,38.0,10.0,12.0,20.0,15.0,5.0,0.0,0.0,0.0,0.0,12.0,20.0,0.0,0.0,0.0,0.0
C3_f0.5__baldwinian__s12,C3_f0.5__baldwinian,C3_f0.5,C3,baldwinian,12,1400,train,50,3.38,19,19,92.55111955990814,0.8125,0.5,320.0,125.0,112.0,382.0,45.0,20.0,0.0,0.0,25.0,7.0,23.0,18.0,23.0,4.0,0.0,0.0,0.0,0.0,23.0,18.0,0.0,0.0,0.0,0.0
C3_f0.5__baldwinian__s12,C3_f0.5__baldwinian,C3_f0.5,C3,baldwinian,12,1450,train,50,3.52,21,21,102.5399862205819,0.8333333333333334,0.5,208.0,67.0,133.0,400.0,77.0,22.0,0.0,0.0,23.0,12.0,11.0,39.0,17.0,3.0,0.0,0.0,0.0,0.0,11.0,39.0,0.0,0.0,0.0,0.0
C3_f0.5__baldwinian__s12,C3_f0.5__baldwinian,C3_f0.5,C3,baldwinian,12,1500,train,50,3.58,17,17,65.5213154334757,0.8541666666666666,0.5,303.0,89.0,94.0,300.0,124.0,43.0,0.0,0.0,31.0,9.0,13.0,22.0,24.0,4.0,0.0,0.0,0.0,0.0,13.0,22.0,0.0,0.0,0.0,0.0
C3_f0.5__baldwinian__s12,C3_f0.5__baldwinian,C3_f0.5,C3,baldwinian,12,1550,eval,50,3.66,20,20,125.15361398077822,0.7708333333333334,0.5,279.0,94.0,70.0,222.0,11.0,2.0,15.0,61.0,25.0,7.0,14.0,29.0,9.0,2.0,2.0,6.0,0.0,0.0,14.0,29.0,0.0,0.0,2.0,6.0
C3_f0.5__baldwinian__s12,C3_f0.5__baldwinian,C3_f0.5,C3,baldwinian,12,1600,eval,50,3.74,16,16,129.21126626059598,0.7083333333333334,0.5,298.0,117.0,92.0,236.0,21.0,5.0,13.0,40.0,42.0,14.0,10.0,19.0,3.0,0.0,6.0,6.0,0.0,0.0,10.0,19.0,0.0,0.0,6.0,6.0
C3_f0.5__baldwinian__s12,C3_f0.5__baldwinian,C3_f0.5,C3,baldwinian,12,1650,eval,50,3.84,21,21,111.4548496720562,0.7291666666666666,0.5,269.0,90.0,92.0,322.0,97.0,27.0,18.0,56.0,36.0,9.0,11.0,20.0,4.0,3.0,3.0,9.0,0.0,0.0,11.0,20.0,0.0,0.0,3.0,9.0
C3_f0.5__baldwinian__s12,C3_f0.5__baldwinian,C3_f0.5,C3,baldwinian,12,1700,eval,50,3.98,17,17,122.19814834920098,0.75,0.5,251.0,94.0,117.0,305.0,75.0,24.0,31.0,104.0,26.0,6.0,13.0,19.0,15.0,3.0,4.0,9.0,0.0,0.0,13.0,19.0,0.0,0.0,4.0,9.0
C3_f0.5__baldwinian__s12,C3_f0.5__baldwinian,C3_f0.5,C3,baldwinian,12,1750,eval,50,4.16,18,18,152.12642564600642,0.6666666666666666,0.5,295.0,77.0,80.0,243.0,38.0,11.0,13.0,46.0,28.0,18.0,12.0,13.0,8.0,0.0,1.0,4.0,0.0,0.0,12.0,13.0,0.0,0.0,1.0,4.0
C3_f0.5__baldwinian__s12,C3_f0.5__baldwinian,C3_f0.5,C3,baldwinian,12,1800,eval,50,4.24,18,18,157.94819060767102,0.625,0.5,219.0,74.0,95.0,284.0,29.0,5.0,6.0,29.0,20.0,10.0,12.0,18.0,6.0,1.0,2.0,0.0,0.0,0.0,12.0,18.0,0.0,0.0,2.0,0.0
C3_f0.5__baldwinian__s13,C3_f0.5__baldwinian,C3_f0.5,C3,baldwinian,13,50,train,50,0.66,30,0,104.12447369856514,0.75,0.5,176.0,69.0,57.0,194.0,52.0,17.0,0.0,0.0,39.0,12.0,11.0,16.0,12.0,2.0,0.0,0.0,0.0,0.0,11.0,16.0,0.0,0.0,0.0,0.0
C3_f0.5__baldwinian__s13,C3_f0.5__baldwinian,C3_f0.5,C3,baldwinian,13,100,train,50,0.82,14,14,48.03769333826591,0.9583333333333334,0.5,240.0,73.0,108.0,303.0,61.0,23.0,0.0,0.0,36.0,10.0,13.0,40.0,14.0,4.0,0.0,0.0,0.0,0.0,13.0,40.0,0.0,0.0,0.0,0.0
C3_f0.5__baldwinian__s13,C3_f0.5__baldwinian,C3_f0.5,C3,baldwinian,13,150,train,39,1.0,12,23,92.67999654737805,0.8125,0.5,258.0,92.0,68.0,209.0,61.0,19.0,0.0,0.0,29.0,13.0,14.0,24.0,7.0,8.0,0.0,0.0,0.0,0.0,14.0,24.0,0.0,0.0,0.0,0.0
C3_f0.5__baldwinian__s13,C3_f0.5__baldwinian,C3_f0.5,C3,baldwinian,13,200,train,43,1.2325581395348837,19,15,41.513221655357086,0.9583333333333334,0.5,230.0,74.0,107.0,327.0,36.0,14.0,0.0,0.0,40.0,14.0,15.0,30.0,8.0,6.0,0.0,0.0,0.0,0.0,15.0,30.0,0.0,0.0,0.0,0.0
C3_f0.5__baldwinian__s13,C3_f0.5__baldwinian,C3_f0.5,C3,baldwinian,13,250,train,46,1.2826086956521738,19,16,74.4730909405525,0.8541666666666666,0.5,359.0,139.0,100.0,233.0,43.0,14.0,0.0,0.0,31.0,14.0,12.0,19.0,9.0,4.0,0.0,0.0,0.0,0.0,12.0,19.0,0.0,0.0,0.0,0.0
C3_f0.5__baldwinian__s13,C3_f0.5__baldwinian,C3_f0.5,C3,baldwinian,13,300,train,44,1.3181818181818181,19,21,84.75650527536192,0.875,0.5,335.0,133.0,113.0,334.0,85.0,24.0,0.0,0.0,41.0,8.0,20.0,33.0,11.0,5.0,0.0,0.0,0.0,0.0,20.0,33.0,0.0,0.0,0.0,0.0
C3_f0.5__baldwinian__s13,C3_f0.5__baldwinian,C3_f0.5,C3,baldwinian,13,350,train,38,1.2894736842105263,11,17,111.01060210122614,0.7916666666666666,0.5,252.0,88.0,102.0,234.0,97.0,30.0,0.0,0.0,34.0,10.0,15.0,18.0,12.0,8.0,0.0,0.0,0.0,0.0,15.0,18.0,0.0,0.0,0.0,0.0
C3_f0.5__baldwinian__s13,C3_f0.5__baldwinian,C3_f0.5,C3,baldwinian,13,400,train,46,1.6304347826086956,24,16,57.318612776237515,0.9375,0.5,344.0,110.0,115.0,379.0,120.0,35.0,0.0,0.0,39.0,8.0,14.0,40.0,11.0,3.0,0.0,0.0,0.0,0.0,14.0,40.0,0.0,0.0,0.0,0.0
C3_f0.5__baldwinian__s13,C3_f0.5__baldwinian,C3_f0.5,C3,baldwinian,13,450,train,49,1.6326530612244898,23,20,70.13344319217478,0.875,0.5,399.0,138.0,112.0,308.0,94.0,37.0,0.0,0.0,35.0,12.0,16.0,26.0,13.0,2.0,0.0,0.0,0.0,0.0,16.0,26.0,0.0,0.0,0.0,0.0
C3_f0.5__baldwinian__s13,C3_f0.5__baldwinian,C3_f0.5,C3,baldwinian,13,500,train,46,1.826086956521739,23,26,90.47244616945895,0.75,0.5,340.0,139.0,166.0,457.0,91.0,31.0,0.0,0.0,27.0,12.0,16.0,29.0,10.0,6.0,0.0,0.0,0.0,0.0,16.0,29.0,0.0,0.0,0.0,0.0
C3_f0.5__baldwinian__s13,C3_f0.5__baldwinian,C3_f0.5,C3,baldwinian,13,550,train,39,2.230769230769231,15,22,104.90535690905018,0.7708333333333334,0.5,254.0,79.0,71.0,255.0,47.0,25.0,0.0,0.0,28.0,11.0,10.0,30.0,13.0,1.0,0.0,0.0,0.0,0.0,10.0,30.0,0.0,0.0,0.0,0.0
C3_f0.5__baldwinian__s13,C3_f0.5__baldwinian,C3_f0.5,C3,baldwinian,13,600,train,43,2.5348837209302326,26,22,67.63801153273653,0.875,0.5,298.0,86.0,73.0,236.0,59.0,26.0,0.0,0.0,47.0,8.0,11.0,28.0,20.0,2.0,0.0,0.0,0.0,0.0,11.0,28.0,0.0,0.0,0.0,0.0
C3_f0.5__baldwinian__s13,C3_f0.5__baldwinian,C3_f0.5,C3,baldwinian,13,650,train,39,2.6923076923076925,13,17,108.81939561624174,0.7291666666666666,0.5,279.0,101.0,90.0,274.0,54.0,21.0,0.0,0.0,32.0,10.0,8.0,22.0,12.0,7.0,0.0,0.0,0.0,0.0,8.0,22.0,0.0,0.0,0.0,0.0
C3_f0.5__baldwinian__s13,C3_f0.5__baldwinian,C3_f0.5,C3,baldwinian,13,700,train,34,2.588235294117647,18,23,71.67006491904263,0.8541666666666666,0.5,242.0,106.0,99.0,230.0,64.0,19.0,0.0,0.0,48.0,11.0,23.0,24.0,12.0,0.0,0.0,0.0,0.0,0.0,23.0,24.0,0.0,0.0,0.0,0.0
C3_f0.5__baldwinian__s13,C3_f0.5__baldwinian,C3_f0.5,C3,baldwinian,13,750,train,40,2.6,19,13,88.24369100730368,0.875,0.5,286.0,115.0,85.0,226.0,89.0,28.0,0.0,0.0,41.0,17.0,15.0,18.0,15.0,4.0,0.0,0.0,0.0,0.0,15.0,18.0,0.0,0.0,0.0,0.0
C3_f0.5__baldwinian__s13,C3_f0.5__baldwinian,C3_f0.5,C3,baldwinian,13,800,train,41,2.7804878048780486,22,21,106.10067806829358,0.75,0.5,251.0,70.0,86.0,317.0,48.0,21.0,0.0,0.0,34.0,12.0,8.0,37.0,12.0,1.0,0.0,0.0,0.0,0.0,8.0,37.0,0.0,0.0,0.0,0.0
C3_f0.5__baldwinian__s13,C3_f0.5__baldwinian,C3_f0.5,C3,baldwinian,13,850,train,50,2.98,25,16,58.15419396988153,0.8958333333333334,0.5,220.0,58.0,87.0,275.0,173.0,49.0,0.0,0.0,39.0,6.0,13.0,28.0,11.0,5.0,0.0,0.0,0.0,0.0,13.0,28.0,0.0,0.0,0.0,0.0
C3_f0.5__baldwinian__s13,C3_f0.5__baldwinian,C3_f0.5,C3,baldwinian,13,900,train,40,3.4,11,21,121.726905657347,0.8333333333333334,0.5,215.0,61.0,94.0,291.0,92.0,32.0,0.0,0.0,43.0,6.0,15.0,23.0,5.0,5.0,0.0,0.0,0.0,0.0,15.0,23.0,0.0,0.0,0.0,0.0
C3_f0.5__baldwinian__s13,C3_f0.5__baldwinian,C3_f0.5,C3,baldwinian,13,950,train,49,3.7346938775510203,21,12,63.54060071047908,0.875,0.5,352.0,117.0,100.0,307.0,88.0,36.0,0.0,0.0,45.0,11.0,10.0,28.0,13.0,5.0,0.0,0.0,0.0,0.0,10.0,28.0,0.0,0.0,0.0,0.0
C3_f0.5__baldwinian__s13,C3_f0.5__baldwinian,C3_f0.5,C3,baldwinian,13,1000,train,43,3.813953488372093,11,17,89.80157592284324,0.7916666666666666,0.5,225.0,83.0,102.0,293.0,83.0,23.0,0.0,0.0,31.0,7.0,15.0,21.0,19.0,0.0,0.0,0.0,0.0,0.0,15.0,21.0,0.0,0.0,0.0,0.0
C3_f0.5__baldwinian__s13,C3_f0.5__baldwinian,C3_f0.5,C3,baldwinian,13,1050,train,41,4.2439024390243905,21,23,85.8714088792564,0.8541666666666666,0.5,331.0,90.0,78.0,230.0,123.0,39.0,0.0,0.0,41.0,12.0,11.0,26.0,17.0,6.0,0.0,0.0,0.0,0.0,11.0,26.0,0.0,0.0,0.0,0.0
C3_f0.5__baldwinian__s13,C3_f0.5__baldwinian,C3_f0.5,C3,baldwinian,13,1100,train,43,4.348837209302325,20,18,79.10489280509707,0.8541666666666666,0.5,387.0,108.0,141.0,405.0,36.0,13.0,0.0,0.0,36.0,13.0,14.0,29.0,10.0,5.0,0.0,0.0,0.0,0.0,14.0,29.0,0.0,0.0,0.0,0.0
C3_f0.5__baldwinian__s13,C3_f0.5__baldwinian,C3_f0.5,C3,baldwinian,13,1150,train,46,4.173913043478261,18,15,74.47996885527627,0.8958333333333334,0.5,319.0,117.0,114.0,330.0,35.0,15.0,0.0,0.0,34.0,12.0,11.0,27.0,15.0,4.0,0.0,0.0,0.0,0.0,11.0,27.0,0.0,0.0,0.0,0.0
C3_f0.5__baldwinian__s13,C3_f0.5__baldwinian,C3_f0.5,C3,baldwinian,13,1200,train,35,4.085714285714285,16,27,119.85772117016293,0.75,0.5,313.0,93.0,115.0,422.0,16.0,3.0,0.0,0.0,27.0,3.0,11.0,42.0,7.0,3.0,0.0,0.0,0.0,0.0,11.0,42.0,0.0,0.0,0.0,0.0
C3_f0.5__baldwinian__s13,C3_f0.5__baldwinian,C3_f0.5,C3,baldwinian,13,1250,train,39,4.564102564102564,23,19,73.3911729163435,0.8541666666666666,0.5,252.0,75.0,99.0,363.0,16.0,7.0,0.0,0.0,35.0,9.0,14.0,43.0,11.0,4.0,0.0,0.0,0.0,0.0,14.0,43.0,0.0,0.0,0.0,0.0
C3_f0.5__baldwinian__s13,C3_f0.5__baldwinian,C3_f0.5,C3,baldwinian,13,1300,train,40,5.225,18,17,100.41288194172125,0.8125,0.5,272.0,101.0,102.0,313.0,15.0,3.0,0.0,0.0,34.0,11.0,14.0,23.0,13.0,0.0,0.0,0.0,0.0,0.0,14.0,23.0,0.0,0.0,0.0,0.0
C3_f0.5__baldwinian__s13,C3_f0.5__baldwinian,C3_f0.5,C3,baldwinian,13,1350,train,50,5.3,23,13,77.43832798254749,0.8958333333333334,0.5,224.0,82.0,154.0,459.0,58.0,16.0,0.0,0.0,35.0,6.0,19.0,26.0,17.0,4.0,0.0,0.0,0.0,0.0,19.0,26.0,0.0,0.0,0.0,0.0
C3_f0.5__baldwinian__s13,C3_f0.5__baldwinian,C3_f0.5,C3,baldwinian,13,1400,train,46,5.630434782608695,16,20,75.44076610745503,0.9166666666666666,0.5,344.0,118.0,76.0,254.0,23.0,1.0,0.0,0.0,43.0,8.0,8.0,23.0,15.0,0.0,0.0,0.0,0.0,0.0,8.0,23.0,0.0,0.0,0.0,0.0
C3_f0.5__baldwinian__s13,C3_f0.5__baldwinian,C3_f0.5,C3,baldwinian,13,1450,train,48,5.729166666666667,20,18,51.594681452609066,0.9166666666666666,0.5,299.0,105.0,107.0,305.0,50.0,17.0,0.0,0.0,50.0,12.0,11.0,23.0,13.0,5.0,0.0,0.0,0.0,0.0,11.0,23.0,0.0,0.0,0.0,0.0
C3_f0.5__baldwinian__s13,C3_f0.5__baldwinian,C3_f0.5,C3,baldwinian,13,1500,train,39,5.871794871794871,9,18,112.99747088130607,0.8125,0.5,252.0,71.0,87.0,280.0,40.0,16.0,0.0,0.0,33.0,7.0,17.0,19.0,4.0,7.0,0.0,0.0,0.0,0.0,17.0,19.0,0.0,0.0,0.0,0.0
C3_f0.5__baldwinian__s13,C3_f0.5__baldwinian,C3_f0.5,C3,baldwinian,13,1550,eval,45,6.222222222222222,27,21,111.18785446413341,0.75,0.5,290.0,118.0,106.0,341.0,27.0,9.0,12.0,31.0,36.0,16.0,12.0,20.0,3.0,1.0,4.0,9.0,0.0,0.0,12.0,20.0,0.0,0.0,4.0,9.0
C3_f0.5__baldwinian__s13,C3_f0.5__baldwinian,C3_f0.5,C3,baldwinian,13,1600,eval,41,6.048780487804878,16,20,124.31164617615232,0.7291666666666666,0.5,316.0,123.0,133.0,370.0,35.0,11.0,7.0,23.0,29.0,12.0,6.0,32.0,5.0,2.0,2.0,6.0,0.0,0.0,6.0,32.0,0.0,0.0,2.0,6.0
C3_f0.5__baldwinian__s13,C3_f0.5__baldwinian,C3_f0.5,C3,baldwinian,13,1650,eval,50,6.12,29,20,103.48500060694019,0.7916666666666666,0.5,377.0,123.0,150.0,430.0,47.0,12.0,11.0,31.0,39.0,11.0,8.0,36.0,13.0,0.0,0.0,5.0,0.0,0.0,8.0,36.0,0.0,0.0,0.0,5.0
C3_f0.5__baldwinian__s13,C3_f0.5__baldwinian,C3_f0.5,C3,baldwinian,13,1700,eval,50,6.18,16,16,129.21855317633745,0.6875,0.5,387.0,135.0,156.0,420.0,64.0,10.0,10.0,39.0,35.0,13.0,8.0,17.0,9.0,0.0,4.0,4.0,0.0,0.0,8.0,17.0,0.0,0.0,4.0,4.0
C3_f0.5__baldwinian__s13,C3_f0.5__baldwinian,C3_f0.5,C3,baldwinian,13,1750,eval,50,6.18,14,14,108.2985567155781,0.6666666666666666,0.5,493.0,139.0,143.0,384.0,78.0,30.0,29.0,88.0,38.0,8.0,10.0,34.0,4.0,0.0,2.0,4.0,0.0,0.0,10.0,34.0,0.0,0.0,2.0,4.0
C3_f0.5__baldwinian__s13,C3_f0.5__baldwinian,C3_f0.5,C3,baldwinian,13,1800,eval,50,6.06,13,13,135.52852056072038,0.7708333333333334,0.5,432.0,159.0,146.0,388.0,145.0,41.0,27.0,84.0,35.0,11.0,11.0,23.0,14.0,1.0,1.0,6.0,0.0,0.0,11.0,23.0,0.0,0.0,1.0,6.0
C3_f0.5__baldwinian__s14,C3_f0.5__baldwinian,C3_f0.5,C3,baldwinian,14,50,train,50,0.68,31,1,85.13613863817241,0.8125,0.5,152.0,65.0,40.0,90.0,114.0,37.0,0.0,0.0,38.0,10.0,9.0,22.0,30.0,11.0,0.0,0.0,0.0,0.0,9.0,22.0,0.0,0.0,0.0,0.0
C3_f0.5__baldwinian__s14,C3_f0.5__baldwinian,C3_f0.5,C3,baldwinian,14,100,train,50,0.8,15,15,48.13887908644879,0.9166666666666666,0.5,217.0,53.0,102.0,231.0,143.0,65.0,0.0,0.0,36.0,4.0,12.0,23.0,21.0,13.0,0.0,0.0,0.0,0.0,12.0,23.0,0.0,0.0,0.0,0.0
C3_f0.5__baldwinian__s14,C3_f0.5__baldwinian,C3_f0.5,C3,baldwinian,14,150,train,50,0.88,15,15,77.80973061725055,0.875,0.5,265.0,77.0,71.0,242.0,88.0,37.0,0.0,0.0,29.0,9.0,10.0,25.0,21.0,10.0,0.0,0.0,0.0,0.0,10.0,25.0,0.0,0.0,0.0,0.0
C3_f0.5__baldwinian__s14,C3_f0.5__baldwinian,C3_f0.5,C3,baldwinian,14,200,train,50,0.96,18,18,62.32800916607654,0.8958333333333334,0.5,305.0,111.0,71.0,266.0,110.0,37.0,0.0,0.0,36.0,9.0,12.0,20.0,25.0,5.0,0.0,0.0,0.0,0.0,12.0,20.0,0.0,0.0,0.0,0.0
C3_f0.5__baldwinian__s14,C3_f0.5__baldwinian,C3_f0.5,C3,baldwinian,14,250,train,50,0.92,13,13,94.62406238026658,0.8541666666666666,0.5,309.0,96.0,115.0,318.0,108.0,36.0,0.0,0.0,39.0,13.0,11.0,23.0,16.0,5.0,0.0,0.0,0.0,0.0,11.0,23.0,0.0,0.0,0.0,0.0
C3_f0.5__baldwinian__s14,C3_f0.5__baldwinian,C3_f0.5,C3,baldwinian,14,300,train,50,0.94,18,18,85.95534925588129,0.875,0.5,266.0,89.0,65.0,262.0,125.0,51.0,0.0,0.0,30.0,9.0,10.0,26.0,26.0,12.0,0.0,0.0,0.0,0.0,10.0,26.0,0.0,0.0,0.0,0.0
C3_f0.5__baldwinian__s14,C3_f0.5__baldwinian,C3_f0.5,C3,baldwinian,14,350,train,50,1.04,16,16,101.3882240739421,0.7916666666666666,0.5,238.0,95.0,96.0,369.0,96.0,25.0,0.0,0.0,30.0,7.0,8.0,31.0,23.0,6.0,0.0,0.0,0.0,0.0,8.0,31.0,0.0,0.0,0.0,0.0
C3_f0.5__baldwinian__s14,C3_f0.5__baldwinian,C3_f0.5,C3,baldwinian,14,400,train,50,1.14,20,20,100.26012091653473,0.7916666666666666,0.5,211.0,95.0,105.0,302.0,99.0,30.0,0.0,0.0,20.0,8.0,8.0,33.0,26.0,10.0,0.0,0.0,0.0,0.0,8.0,33.0,0.0,0.0,0.0,0.0
C3_f0.5__baldwinian__s14,C3_f0.5__baldwinian,C3_f0.5,C3,baldwinian,14,450,train,50,1.18,14,14,58.33449955682868,0.9583333333333334,0.5,267.0,104.0,79.0,245.0,98.0,33.0,0.0,0.0,37.0,12.0,8.0,31.0,20.0,6.0,0.0,0.0,0.0,0.0,8.0,31.0,0.0,0.0,0.0,0.0
C3_f0.5__baldwinian__s14,C3_f0.5__baldwinian,C3_f0.5,C3,baldwinian,14,500,train,45,1.5555555555555556,19,24,80.04453262857989,0.8333333333333334,0.5,239.0,87.0,63.0,192.0,204.0,67.0,0.0,0.0,29.0,6.0,9.0,23.0,27.0,6.0,0.0,0.0,0.0,0.0,9.0,23.0,0.0,0.0,0.0,0.0
C3_f0.5__baldwinian__s14,C3_f0.5__baldwinian,C3_f0.5,C3,baldwinian,14,550,train,38,1.894736842105263,14,21,85.08003937037196,0.8333333333333334,0.5,238.0,92.0,82.0,215.0,83.0,23.0,0.0,0.0,22.0,11.0,14.0,29.0,16.0,8.0,0.0,0.0,0.0,0.0,14.0,29.0,0.0,0.0,0.0,0.0
C3_f0.5__baldwinian__s14,C3_f0.5__baldwinian,C3_f0.5,C3,baldwinian,14,600,train,42,2.142857142857143,15,11,102.56700778308019,0.7291666666666666,0.5,204.0,57.0,85.0,218.0,59.0,19.0,0.0,0.0,30.0,9.0,15.0,10.0,27.0,5.0,0.0,0.0,0.0,0.0,15.0,10.0,0.0,0.0,0.0,0.0
C3_f0.5__baldwinian__s14,C3_f0.5__baldwinian,C3_f0.5,C3,baldwinian,14,650,train,50,2.54,20,12,117.26738980561552,0.7291666666666666,0.5,250.0,93.0,89.0,291.0,86.0,24.0,0.0,0.0,28.0,6.0,5.0,23.0,20.0,3.0,0.0,0.0,0.0,0.0,5.0,23.0,0.0,0.0,0.0,0.0
C3_f0.5__baldwinian__s14,C3_f0.5__baldwinian,C3_f0.5,C3,baldwinian,14,700,train,50,2.56,17,17,62.35545938003142,0.875,0.5,376.0,130.0,97.0,344.0,81.0,16.0,0.0,0.0,38.0,6.0,7.0,26.0,23.0,6.0,0.0,0.0,0.0,0.0,7.0,26.0,0.0,0.0,0.0,0.0
C3_f0.5__baldwinian__s14,C3_f0.5__baldwinian,C3_f0.5,C3,baldwinian,14,750,train,50,3.0,21,21,86.82365963883677,0.8958333333333334,0.5,228.0,86.0,95.0,309.0,62.0,19.0,0.0,0.0,32.0,9.0,9.0,28.0,22.0,8.0,0.0,0.0,0.0,0.0,9.0,28.0,0.0,0.0,0.0,0.0
C3_f0.5__baldwinian__s14,C3_f0.5__baldwinian,C3_f0.5,C3,baldwinian,14,800,train,50,3.08,13,13,83.13638179068153,0.7916666666666666,0.5,251.0,80.0,115.0,324.0,85.0,28.0,0.0,0.0,29.0,8.0,11.0,28.0,27.0,10.0,0.0,0.0,0.0,0.0,11.0,28.0,0.0,0.0,0.0,0.0
C3_f0.5__baldwinian__s14,C3_f0.5__baldwinian,C3_f0.5,C3,baldwinian,14,850,train,50,3.0,9,9,64.18935471527894,0.8958333333333334,0.5,300.0,97.0,117.0,372.0,99.0,34.0,0.0,0.0,34.0,4.0,12.0,17.0,35.0,8.0,0.0,0.0,0.0,0.0,12.0,17.0,0.0,0.0,0.0,0.0
C3_f0.5__baldwinian__s14,C3_f0.5__baldwinian,C3_f0.5,C3,baldwinian,14,900,train,50,3.38,23,23,84.84847080723732,0.8125,0.5,290.0,71.0,141.0,381.0,99.0,28.0,0.0,0.0,40.0,6.0,21.0,23.0,25.0,3.0,0.0,0.0,0.0,0.0,21.0,23.0,0.0,0.0,0.0,0.0
C3_f0.5__baldwinian__s14,C3_f0.5__baldwinian,C3_f0.5,C3,baldwinian,14,950,train,50,3.36,20,20,74.22140438335381,0.8958333333333334,0.5,268.0,71.0,108.0,315.0,88.0,23.0,0.0,0.0,30.0,5.0,13.0,21.0,31.0,0.0,0.0,0.0,0.0,0.0,13.0,21.0,0.0,0.0,0.0,0.0
C3_f0.5__baldwinian__s14,C3_f0.5__baldwinian,C3_f0.5,C3,baldwinian,14,1000,train,50,3.5,11,11,60.68417276142172,0.9375,0.5,260.0,120.0,70.0,216.0,81.0,26.0,0.0,0.0,43.0,6.0,4.0,25.0,29.0,7.0,0.0,0.0,0.0,0.0,4.0,25.0,0.0,0.0,0.0,0.0
C3_f0.5__baldwinian__s14,C3_f0.5__baldwinian,C3_f0.5,C3,baldwinian,14,1050,train,50,3.9,16,16,50.500064290906195,0.8958333333333334,0.5,264.0,74.0,53.0,205.0,128.0,28.0,0.0,0.0,38.0,6.0,10.0,17.0,45.0,3.0,0.0,0.0,0.0,0.0,10.0,17.0,0.0,0.0,0.0,0.0
C3_f0.5__baldwinian__s14,C3_f0.5__baldwinian,C3_f0.5,C3,baldwinian,14,1100,train,38,4.105263157894737,14,26,65.35999004939784,0.9166666666666666,0.5,138.0,38.0,87.0,219.0,69.0,22.0,0.0,0.0,31.0,6.0,12.0,22.0,18.0,7.0,0.0,0.0,0.0,0.0,12.0,22.0,0.0,0.0,0.0,0.0
C3_f0.5__baldwinian__s14,C3_f0.5__baldwinian,C3_f0.5,C3,baldwinian,14,1150,train,37,4.243243243243243,13,14,97.72925316020633,0.8125,0.5,135.0,51.0,69.0,157.0,78.0,22.0,0.0,0.0,30.0,7.0,14.0,22.0,22.0,6.0,0.0,0.0,0.0,0.0,14.0,22.0,0.0,0.0,0.0,0.0
C3_f0.5__baldwinian__s14,C3_f0.5__baldwinian,C3_f0.5,C3,baldwinian,14,1200,train,49,4.551020408163265,25,13,87.08302673316805,0.8541666666666666,0.5,211.0,63.0,69.0,200.0,122.0,43.0,0.0,0.0,25.0,10.0,15.0,26.0,21.0,13.0,0.0,0.0,0.0,0.0,15.0,26.0,0.0,0.0,0.0,0.0
C3_f0.5__baldwinian__s14,C3_f0.5__baldwinian,C3_f0.5,C3,baldwinian,14,1250,train,40,5.175,13,22,108.65268141432193,0.7708333333333334,0.5,205.0,73.0,81.0,257.0,153.0,42.0,0.0,0.0,25.0,6.0,10.0,30.0,29.0,6.0,0.0,0.0,0.0,0.0,10.0,30.0,0.0,0.0,0.0,0.0
C3_f0.5__baldwinian__s14,C3_f0.5__baldwinian,C3_f0.5,C3,baldwinian,14,1300,train,50,5.6,28,18,98.46700829071526,0.7916666666666666,0.5,243.0,67.0,89.0,262.0,159.0,45.0,0.0,0.0,30.0,6.0,9.0,27.0,21.0,8.0,0.0,0.0,0.0,0.0,9.0,27.0,0.0,0.0,0.0,0.0
C3_f0.5__baldwinian__s14,C3_f0.5__baldwinian,C3_f0.5,C3,baldwinian,14,1350,train,50,5.5,7,7,113.5647729226202,0.7083333333333334,0.5,297.0,101.0,68.0,199.0,84.0,36.0,0.0,0.0,36.0,8.0,5.0,17.0,23.0,2.0,0.0,0.0,0.0,0.0,5.0,17.0,0.0,0.0,0.0,0.0
C3_f0.5__baldwinian__s14,C3_f0.5__baldwinian,C3_f0.5,C3,baldwinian,14,1400,train,50,5.74,11,11,81.65196346292925,0.8541666666666666,0.5,213.0,87.0,130.0,305.0,116.0,33.0,0.0,0.0,32.0,5.0,10.0,25.0,18.0,3.0,0.0,0.0,0.0,0.0,10.0,25.0,0.0,0.0,0.0,0.0
C3_f0.5__baldwinian__s14,C3_f0.5__baldwinian,C3_f0.5,C3,baldwinian,14,1450,train,50,5.64,16,16,65.45934431217017,0.8541666666666666,0.5,311.0,107.0,95.0,276.0,109.0,26.0,0.0,0.0,36.0,10.0,11.0,22.0,28.0,3.0,0.0,0.0,0.0,0.0,11.0,22.0,0.0,0.0,0.0,0.0
C3_f0.5__baldwinian__s14,C3_f0.5__baldwinian,C3_f0.5,C3,baldwinian,14,1500,train,50,6.02,13,13,79.18940094881762,0.8958333333333334,0.5,212.0,72.0,87.0,296.0,110.0,31.0,0.0,0.0,22.0,1.0,13.0,22.0,29.0,10.0,0.0,0.0,0.0,0.0,13.0,22.0,0.0,0.0,0.0,0.0
C3_f0.5__baldwinian__s14,C3_f0.5__baldwinian,C3_f0.5,C3,baldwinian,14,1550,eval,50,6.46,19,19,83.67977160774879,0.8125,0.5,238.0,77.0,79.0,306.0,70.0,25.0,22.0,51.0,46.0,6.0,13.0,24.0,16.0,8.0,2.0,4.0,0.0,0.0,13.0,24.0,0.0,0.0,2.0,4.0
C3_f0.5__baldwinian__s14,C3_f0.5__baldwinian,C3_f0.5,C3,baldwinian,14,1600,eval,50,6.94,21,21,121.83908781714894,0.7708333333333334,0.5,249.0,66.0,77.0,252.0,65.0,20.0,21.0,69.0,35.0,9.0,6.0,24.0,6.0,1.0,3.0,10.0,0.0,0.0,6.0,24.0,0.0,0.0,3.0,10.0
C3_f0.5__baldwinian__s14,C3_f0.5__baldwinian,C3_f0.5,C3,baldwinian,14,1650,eval,50,7.14,14,14,177.4441809174753,0.625,0.5,171.0,68.0,78.0,216.0,85.0,25.0,20.0,44.0,16.0,4.0,11.0,22.0,20.0,1.0,4.0,9.0,0.0,0.0,11.0,22.0,0.0,0.0,4.0,9.0
C3_f0.5__baldwinian__s14,C3_f0.5__baldwinian,C3_f0.5,C3,baldwinian,14,1700,eval,50,7.18,20,20,122.14395398642641,0.6875,0.5,202.0,65.0,98.0,268.0,163.0,40.0,17.0,84.0,21.0,8.0,7.0,26.0,13.0,4.0,3.0,7.0,0.0,0.0,7.0,26.0,0.0,0.0,3.0,7.0
C3_f0.5__baldwinian__s14,C3_f0.5__baldwinian,C3_f0.5,C3,baldwinian,14,1750,eval,50,7.3,12,12,173.8649494354131,0.625,0.5,321.0,118.0,119.0,311.0,144.0,39.0,48.0,152.0,17.0,8.0,14.0,17.0,7.0,2.0,8.0,12.0,0.0,0.0,14.0,17.0,0.0,0.0,8.0,12.0
C3_f0.5__baldwinian__s14,C3_f0.5__baldwinian,C3_f0.5,C3,baldwinian,14,1800,eval,50,7.56,18,18,185.35482794493072,0.5208333333333334,0.5,309.0,108.0,98.0,317.0,137.0,55.0,35.0,131.0,28.0,10.0,7.0,16.0,7.0,2.0,4.0,10.0,0.0,0.0,7.0,16.0,0.0,0.0,4.0,10.0
C3_f0.5__baldwinian__s15,C3_f0.5__baldwinian,C3_f0.5,C3,baldwinian,15,50,train,50,0.82,35,5,59.35299264859042,0.8958333333333334,0.5,166.0,69.0,49.0,147.0,33.0,9.0,0.0,0.0,39.0,26.0,11.0,30.0,11.0,1.0,0.0,0.0,0.0,0.0,11.0,30.0,0.0,0.0,0.0,0.0
C3_f0.5__baldwinian__s15,C3_f0.5__baldwinian,C3_f0.5,C3,baldwinian,15,100,train,50,0.98,11,11,56.032657569909524,0.9166666666666666,0.5,292.0,97.0,71.0,248.0,44.0,16.0,0.0,0.0,53.0,15.0,13.0,23.0,14.0,3.0,0.0,0.0,0.0,0.0,13.0,23.0,0.0,0.0,0.0,0.0
C3_f0.5__baldwinian__s15,C3_f0.5__baldwinian,C3_f0.5,C3,baldwinian,15,150,train,50,1.36,18,18,86.73215999214054,0.7708333333333334,0.5,251.0,89.0,88.0,242.0,60.0,25.0,0.0,0.0,30.0,13.0,12.0,23.0,15.0,5.0,0.0,0.0,0.0,0.0,12.0,23.0,0.0,0.0,0.0,0.0
C3_f0.5__baldwinian__s15,C3_f0.5__baldwinian,C3_f0.5,C3,baldwinian,15,200,train,50,1.48,10,10,103.90559166495252,0.7708333333333334,0.5,262.0,78.0,85.0,240.0,64.0,27.0,0.0,0.0,39.0,6.0,9.0,22.0,12.0,1.0,0.0,0.0,0.0,0.0,9.0,22.0,0.0,0.0,0.0,0.0
C3_f0.5__baldwinian__s15,C3_f0.5__baldwinian,C3_f0.5,C3,baldwinian,15,250,train,50,1.72,32,32,103.65478013701859,0.7708333333333334,0.5,333.0,88.0,96.0,287.0,25.0,12.0,0.0,0.0,40.0,12.0,21.0,32.0,6.0,6.0,0.0,0.0,0.0,0.0,21.0,32.0,0.0,0.0,0.0,0.0
C3_f0.5__baldwinian__s15,C3_f0.5__baldwinian,C3_f0.5,C3,baldwinian,15,300,train,50,1.82,17,17,58.14957554674959,0.9375,0.5,305.0,91.0,122.0,379.0,43.0,11.0,0.0,0.0,42.0,12.0,10.0,32.0,11.0,4.0,0.0,0.0,0.0,0.0,10.0,32.0,0.0,0.0,0.0,0.0
C3_f0.5__baldwinian__s15,C3_f0.5__baldwinian,C3_f0.5,C3,baldwinian,15,350,train,47,1.9574468085106382,15,18,105.08571349585851,0.7708333333333334,0.5,254.0,104.0,122.0,312.0,57.0,15.0,0.0,0.0,20.0,9.0,22.0,28.0,10.0,5.0,0.0,0.0,0.0,0.0,22.0,28.0,0.0,0.0,0.0,0.0
C3_f0.5__baldwinian__s15,C3_f0.5__baldwinian,C3_f0.5,C3,baldwinian,15,400,train,50,1.88,18,15,76.20346225033808,0.8333333333333334,0.5,287.0,92.0,119.0,373.0,91.0,29.0,0.0,0.0,44.0,12.0,13.0,32.0,8.0,3.0,0.0,0.0,0.0,0.0,13.0,32.0,0.0,0.0,0.0,0.0
C3_f0.5__baldwinian__s15,C3_f0.5__baldwinian,C3_f0.5,C3,baldwinian,15,450,train,50,1.88,16,16,104.71768944314104,0.7916666666666666,0.5,357.0,115.0,136.0,441.0,81.0,30.0,0.0,0.0,28.0,12.0,14.0,30.0,14.0,5.0,0.0,0.0,0.0,0.0,14.0,30.0,0.0,0.0,0.0,0.0
C3_f0.5__baldwinian__s15,C3_f0.5__baldwinian,C3_f0.5,C3,baldwinian,15,500,train,48,2.0625,13,15,97.1907916951083,0.7708333333333334,0.5,402.0,126.0,97.0,368.0,37.0,11.0,0.0,0.0,39.0,15.0,10.0,21.0,13.0,2.0,0.0,0.0,0.0,0.0,10.0,21.0,0.0,0.0,0.0,0.0
C3_f0.5__baldwinian__s15,C3_f0.5__baldwinian,C3_f0.5,C3,baldwinian,15,550,train,50,2.54,27,25,103.22003514822742,0.7916666666666666,0.5,310.0,100.0,121.0,387.0,71.0,18.0,0.0,0.0,30.0,12.0,9.0,33.0,12.0,1.0,0.0,0.0,0.0,0.0,9.0,33.0,0.0,0.0,0.0,0.0
C3_f0.5__baldwinian__s15,C3_f0.5__baldwinian,C3_f0.5,C3,baldwinian,15,600,train,50,2.56,16,16,68.54618797266932,0.875,0.5,289.0,94.0,111.0,342.0,96.0,21.0,0.0,0.0,43.0,7.0,18.0,25.0,19.0,0.0,0.0,0.0,0.0,0.0,18.0,25.0,0.0,0.0,0.0,0.0
C3_f0.5__baldwinian__s15,C3_f0.5__baldwinian,C3_f0.5,C3,baldwinian,15,650,train,50,2.86,18,18,103.41802852449979,0.7916666666666666,0.5,307.0,104.0,77.0,239.0,115.0,36.0,0.0,0.0,46.0,7.0,13.0,18.0,10.0,0.0,0.0,0.0,0.0,0.0,13.0,18.0,0.0,0.0,0.0,0.0
C3_f0.5__baldwinian__s15,C3_f0.5__baldwinian,C3_f0.5,C3,baldwinian,15,700,train,50,2.96,15,15,38.242070221328056,0.9375,0.5,326.0,91.0,102.0,348.0,129.0,38.0,0.0,0.0,37.0,9.0,17.0,19.0,21.0,4.0,0.0,0.0,0.0,0.0,17.0,19.0,0.0,0.0,0.0,0.0
C3_f0.5__baldwinian__s15,C3_f0.5__baldwinian,C3_f0.5,C3,baldwinian,15,750,train,50,3.02,11,11,54.89722533930362,0.9166666666666666,0.5,329.0,133.0,73.0,284.0,91.0,23.0,0.0,0.0,49.0,9.0,10.0,18.0,10.0,2.0,0.0,0.0,0.0,0.0,10.0,18.0,0.0,0.0,0.0,0.0
C3_f0.5__baldwinian__s15,C3_f0.5__baldwinian,C3_f0.5,C3,baldwinian,15,800,train,50,3.12,19,19,104.69881955094279,0.7708333333333334,0.5,240.0,78.0,93.0,315.0,40.0,13.0,0.0,0.0,34.0,13.0,10.0,24.0,9.0,2.0,0.0,0.0,0.0,0.0,10.0,24.0,0.0,0.0,0.0,0.0
C3_f0.5__baldwinian__s15,C3_f0.5__baldwinian,C3_f0.5,C3,baldwinian,15,850,train,50,3.34,19,19,41.34038414501188,0.9166666666666666,0.5,277.0,92.0,97.0,298.0,27.0,3.0,0.0,0.0,49.0,14.0,13.0,23.0,15.0,3.0,0.0,0.0,0.0,0.0,13.0,23.0,0.0,0.0,0.0,0.0
C3_f0.5__baldwinian__s15,C3_f0.5__baldwinian,C3_f0.5,C3,baldwinian,15,900,train,47,3.5106382978723403,16,19,71.66178200271257,0.8958333333333334,0.5,243.0,90.0,77.0,219.0,28.0,7.0,0.0,0.0,45.0,14.0,11.0,20.0,7.0,1.0,0.0,0.0,0.0,0.0,11.0,20.0,0.0,0.0,0.0,0.0
C3_f0.5__baldwinian__s15,C3_f0.5__baldwinian,C3_f0.5,C3,baldwinian,15,950,train,45,3.7111111111111112,17,19,103.17542235287317,0.7083333333333334,0.5,290.0,99.0,77.0,248.0,27.0,16.0,0.0,0.0,32.0,9.0,14.0,34.0,9.0,6.0,0.0,0.0,0.0,0.0,14.0,34.0,0.0,0.0,0.0,0.0
C3_f0.5__baldwinian__s15,C3_f0.5__baldwinian,C3_f0.5,C3,baldwinian,15,1000,train,45,3.9555555555555557,17,17,72.14136940270627,0.8958333333333334,0.5,351.0,119.0,99.0,308.0,43.0,15.0,0.0,0.0,51.0,7.0,11.0,40.0,15.0,5.0,0.0,0.0,0.0,0.0,11.0,40.0,0.0,0.0,0.0,0.0
C3_f0.5__baldwinian__s15,C3_f0.5__baldwinian,C3_f0.5,C3,baldwinian,15,1050,train,48,4.333333333333333,22,19,127.47044220047599,0.625,0.5,215.0,66.0,88.0,278.0,75.0,19.0,0.0,0.0,42.0,4.0,8.0,13.0,9.0,0.0,0.0,0.0,0.0,0.0,8.0,13.0,0.0,0.0,0.0,0.0
C3_f0.5__baldwinian__s15,C3_f0.5__baldwinian,C3_f0.5,C3,baldwinian,15,1100,train,50,4.5,17,15,66.68954152812302,0.8958333333333334,0.5,318.0,98.0,112.0,350.0,116.0,35.0,0.0,0.0,40.0,13.0,14.0,28.0,11.0,1.0,0.0,0.0,0.0,0.0,14.0,28.0,0.0,0.0,0.0,0.0
C3_f0.5__baldwinian__s15,C3_f0.5__baldwinian,C3_f0.5,C3,baldwinian,15,1150,train,50,4.68,14,14,74.7192716479839,0.8541666666666666,0.5,250.0,63.0,113.0,298.0,48.0,15.0,0.0,0.0,36.0,9.0,9.0,22.0,7.0,1.0,0.0,0.0,0.0,0.0,9.0,22.0,0.0,0.0,0.0,0.0
C3_f0.5__baldwinian__s15,C3_f0.5__baldwinian,C3_f0.5,C3,baldwinian,15,1200,train,50,4.88,19,19,75.18172571625931,0.875,0.5,299.0,91.0,139.0,389.0,37.0,12.0,0.0,0.0,33.0,14.0,16.0,25.0,19.0,6.0,0.0,0.0,0.0,0.0,16.0,25.0,0.0,0.0,0.0,0.0
C3_f0.5__baldwinian__s15,C3_f0.5__baldwinian,C3_f0.5,C3,baldwinian,15,1250,train,48,5.125,24,26,102.27242067470117,0.7916666666666666,0.5,266.0,91.0,88.0,284.0,55.0,21.0,0.0,0.0,29.0,8.0,13.0,31.0,16.0,5.0,0.0,0.0,0.0,0.0,13.0,31.0,0.0,0.0,0.0,0.0
C3_f0.5__baldwinian__s15,C3_f0.5__baldwinian,C3_f0.5,C3,baldwinian,15,1300,train,47,5.0212765957446805,18,19,69.60274695781098,0.9166666666666666,0.5,231.0,71.0,103.0,280.0,96.0,38.0,0.0,0.0,41.0,14.0,19.0,21.0,12.0,2.0,0.0,0.0,0.0,0.0,19.0,21.0,0.0,0.0,0.0,0.0
C3_f0.5__baldwinian__s15,C3_f0.5__baldwinian,C3_f0.5,C3,baldwinian,15,1350,train,45,5.444444444444445,20,22,87.29056572630418,0.8333333333333334,0.5,275.0,78.0,108.0,344.0,67.0,26.0,0.0,0.0,30.0,11.0,16.0,27.0,13.0,4.0,0.0,0.0,0.0,0.0,16.0,27.0,0.0,0.0,0.0,0.0
C3_f0.5__baldwinian__s15,C3_f0.5__baldwinian,C3_f0.5,C3,baldwinian,15,1400,train,40,5.6,14,19,81.19257754207553,0.8541666666666666,0.5,318.0,88.0,121.0,360.0,68.0,11.0,0.0,0.0,41.0,8.0,13.0,31.0,12.0,4.0,0.0,0.0,0.0,0.0,13.0,31.0,0.0,0.0,0.0,0.0
C3_f0.5__baldwinian__s15,C3_f0.5__baldwinian,C3_f0.5,C3,baldwinian,15,1450,train,47,6.127659574468085,23,16,149.3411324514987,0.6041666666666666,0.5,189.0,65.0,80.0,271.0,181.0,46.0,0.0,0.0,22.0,8.0,13.0,29.0,12.0,2.0,0.0,0.0,0.0,0.0,13.0,29.0,0.0,0.0,0.0,0.0
C3_f0.5__baldwinian__s15,C3_f0.5__baldwinian,C3_f0.5,C3,baldwinian,15,1500,train,50,6.24,18,15,76.75890812326473,0.7916666666666666,0.5,329.0,121.0,102.0,329.0,96.0,29.0,0.0,0.0,36.0,20.0,13.0,24.0,17.0,3.0,0.0,0.0,0.0,0.0,13.0,24.0,0.0,0.0,0.0,0.0
C3_f0.5__baldwinian__s15,C3_f0.5__baldwinian,C3_f0.5,C3,baldwinian,15,1550,eval,50,6.2,13,13,97.53258491985503,0.8125,0.5,356.0,113.0,115.0,364.0,33.0,12.0,6.0,13.0,36.0,13.0,11.0,17.0,5.0,2.0,2.0,1.0,0.0,0.0,11.0,17.0,0.0,0.0,2.0,1.0
C3_f0.5__baldwinian__s15,C3_f0.5__baldwinian,C3_f0.5,C3,baldwinian,15,1600,eval,50,6.2,16,16,128.2607757505532,0.75,0.5,378.0,115.0,108.0,282.0,17.0,4.0,14.0,64.0,32.0,9.0,12.0,13.0,7.0,1.0,5.0,7.0,0.0,0.0,12.0,13.0,0.0,0.0,5.0,7.0
C3_f0.5__baldwinian__s15,C3_f0.5__baldwinian,C3_f0.5,C3,baldwinian,15,1650,eval,50,6.34,14,14,103.85231462687929,0.7708333333333334,0.5,407.0,136.0,109.0,295.0,85.0,38.0,12.0,28.0,16.0,7.0,12.0,28.0,15.0,3.0,1.0,3.0,0.0,0.0,12.0,28.0,0.0,0.0,1.0,3.0
C3_f0.5__baldwinian__s15,C3_f0.5__baldwinian,C3_f0.5,C3,baldwinian,15,1700,eval,50,6.44,14,14,100.67081349738044,0.7916666666666666,0.5,545.0,179.0,84.0,254.0,58.0,23.0,17.0,62.0,52.0,10.0,8.0,16.0,2.0,2.0,1.0,5.0,0.0,0.0,8.0,16.0,0.0,0.0,1.0,5.0
C3_f0.5__baldwinian__s15,C3_f0.5__baldwinian,C3_f0.5,C3,baldwinian,15,1750,eval,50,6.44,8,8,143.8394061720653,0.75,0.5,321.0,102.0,119.0,418.0,64.0,24.0,10.0,39.0,21.0,10.0,13.0,29.0,8.0,5.0,0.0,6.0,0.0,0.0,13.0,29.0,0.0,0.0,0.0,6.0
C3_f0.5__baldwinian__s15,C3_f0.5__baldwinian,C3_f0.5,C3,baldwinian,15,1800,eval,50,6.7,18,18,138.11224360035175,0.6041666666666666,0.5,394.0,146.0,163.0,529.0,80.0,28.0,37.0,100.0,29.0,6.0,8.0,39.0,4.0,1.0,1.0,5.0,0.0,0.0,8.0,39.0,0.0,0.0,1.0,5.0
C3_f0.5__baldwinian__s16,C3_f0.5__baldwinian,C3_f0.5,C3,baldwinian,16,50,train,50,0.72,32,2,81.1162258970662,0.8333333333333334,0.5,219.0,69.0,65.0,162.0,51.0,18.0,0.0,0.0,40.0,14.0,13.0,31.0,6.0,2.0,0.0,0.0,0.0,0.0,13.0,31.0,0.0,0.0,0.0,0.0
C3_f0.5__baldwinian__s16,C3_f0.5__baldwinian,C3_f0.5,C3,baldwinian,16,100,train,48,0.875,12,14,58.3234904428778,0.875,0.5,216.0,78.0,90.0,255.0,80.0,24.0,0.0,0.0,32.0,8.0,11.0,33.0,13.0,7.0,0.0,0.0,0.0,0.0,11.0,33.0,0.0,0.0,0.0,0.0
C3_f0.5__baldwinian__s16,C3_f0.5__baldwinian,C3_f0.5,C3,baldwinian,16,150,train,43,1.0,13,18,90.87398597860918,0.8125,0.5,277.0,89.0,88.0,273.0,36.0,13.0,0.0,0.0,30.0,9.0,13.0,32.0,8.0,3.0,0.0,0.0,0.0,0.0,13.0,32.0,0.0,0.0,0.0,0.0
C3_f0.5__baldwinian__s16,C3_f0.5__baldwinian,C3_f0.5,C3,baldwinian,16,200,train,50,1.24,22,15,105.76162090789097,0.7291666666666666,0.5,361.0,123.0,120.0,312.0,63.0,20.0,0.0,0.0,36.0,9.0,9.0,29.0,9.0,3.0,0.0,0.0,0.0,0.0,9.0,29.0,0.0,0.0,0.0,0.0
C3_f0.5__baldwinian__s16,C3_f0.5__baldwinian,C3_f0.5,C3,baldwinian,16,250,train,50,1.14,13,13,55.27398242775019,0.8958333333333334,0.5,352.0,135.0,117.0,318.0,80.0,26.0,0.0,0.0,39.0,9.0,9.0,27.0,17.0,6.0,0.0,0.0,0.0,0.0,9.0,27.0,0.0,0.0,0.0,0.0
C3_f0.5__baldwinian__s16,C3_f0.5__baldwinian,C3_f0.5,C3,baldwinian,16,300,train,50,1.04,16,16,94.92130339742403,0.8333333333333334,0.5,345.0,105.0,124.0,327.0,105.0,23.0,0.0,0.0,39.0,9.0,8.0,24.0,12.0,1.0,0.0,0.0,0.0,0.0,8.0,24.0,0.0,0.0,0.0,0.0
C3_f0.5__baldwinian__s16,C3_f0.5__baldwinian,C3_f0.5,C3,baldwinian,16,350,train,50,1.1,20,20,66.0708337174854,0.8958333333333334,0.5,222.0,79.0,116.0,345.0,172.0,47.0,0.0,0.0,39.0,4.0,13.0,28.0,11.0,5.0,0.0,0.0,0.0,0.0,13.0,28.0,0.0,0.0,0.0,0.0
C3_f0.5__baldwinian__s16,C3_f0.5__baldwinian,C3_f0.5,C3,baldwinian,16,400,train,50,1.08,10,10,116.79018474465758,0.6875,0.5,366.0,113.0,120.0,296.0,101.0,26.0,0.0,0.0,34.0,4.0,12.0,13.0,13.0,4.0,0.0,0.0,0.0,0.0,12.0,13.0,0.0,0.0,0.0,0.0
C3_f0.5__baldwinian__s16,C3_f0.5__baldwinian,C3_f0.5,C3,baldwinian,16,450,train,50,1.12,14,14,75.94432690664993,0.8541666666666666,0.5,330.0,126.0,113.0,350.0,100.0,31.0,0.0,0.0,43.0,6.0,16.0,24.0,15.0,3.0,0.0,0.0,0.0,0.0,16.0,24.0,0.0,0.0,0.0,0.0
C3_f0.5__baldwinian__s16,C3_f0.5__baldwinian,C3_f0.5,C3,baldwinian,16,500,train,50,1.42,13,13,112.39912857592287,0.7083333333333334,0.5,331.0,138.0,133.0,404.0,119.0,43.0,0.0,0.0,38.0,17.0,17.0,15.0,17.0,4.0,0.0,0.0,0.0,0.0,17.0,15.0,0.0,0.0,0.0,0.0
C3_f0.5__baldwinian__s16,C3_f0.5__baldwinian,C3_f0.5,C3,baldwinian,16,550,train,50,1.76,25,25,82.11375761263173,0.8958333333333334,0.5,248.0,91.0,111.0,365.0,83.0,24.0,0.0,0.0,28.0,8.0,13.0,32.0,8.0,5.0,0.0,0.0,0.0,0.0,13.0,32.0,0.0,0.0,0.0,0.0
C3_f0.5__baldwinian__s16,C3_f0.5__baldwinian,C3_f0.5,C3,baldwinian,16,600,train,50,1.8,23,23,114.16745164340452,0.7291666666666666,0.5,292.0,91.0,98.0,294.0,34.0,5.0,0.0,0.0,29.0,10.0,13.0,30.0,15.0,5.0,0.0,0.0,0.0,0.0,13.0,30.0,0.0,0.0,0.0,0.0
C3_f0.5__baldwinian__s16,C3_f0.5__baldwinian,C3_f0.5,C3,baldwinian,16,650,train,50,1.9,14,14,96.62456360344972,0.75,0.5,359.0,134.0,117.0,351.0,51.0,14.0,0.0,0.0,40.0,17.0,20.0,21.0,7.0,6.0,0.0,0.0,0.0,0.0,20.0,21.0,0.0,0.0,0.0,0.0
C3_f0.5__baldwinian__s16,C3_f0.5__baldwinian,C3_f0.5,C3,baldwinian,16,700,train,50,1.94,11,11,108.80542801830362,0.7291666666666666,0.5,333.0,108.0,120.0,323.0,91.0,25.0,0.0,0.0,40.0,6.0,10.0,21.0,15.0,4.0,0.0,0.0,0.0,0.0,10.0,21.0,0.0,0.0,0.0,0.0
C3_f0.5__baldwinian__s16,C3_f0.5__baldwinian,C3_f0.5,C3,baldwinian,16,750,train,50,1.98,14,14,99.66035178104522,0.7916666666666666,0.5,323.0,108.0,107.0,284.0,81.0,25.0,0.0,0.0,48.0,7.0,10.0,18.0,19.0,4.0,0.0,0.0,0.0,0.0,10.0,18.0,0.0,0.0,0.0,0.0
C3_f0.5__baldwinian__s16,C3_f0.5__baldwinian,C3_f0.5,C3,baldwinian,16,800,train,50,2.04,15,15,68.90367326747044,0.8958333333333334,0.5,267.0,80.0,127.0,365.0,60.0,23.0,0.0,0.0,33.0,7.0,19.0,23.0,17.0,2.0,0.0,0.0,0.0,0.0,19.0,23.0,0.0,0.0,0.0,0.0
C3_f0.5__baldwinian__s16,C3_f0.5__baldwinian,C3_f0.5,C3,baldwinian,16,850,train,50,2.2,19,19,79.84599474671472,0.8333333333333334,0.5,275.0,106.0,121.0,333.0,80.0,29.0,0.0,0.0,37.0,15.0,15.0,19.0,15.0,7.0,0.0,0.0,0.0,0.0,15.0,19.0,0.0,0.0,0.0,0.0
C3_f0.5__baldwinian__s16,C3_f0.5__baldwinian,C3_f0.5,C3,baldwinian,16,900,train,50,2.22,9,9,118.49777826291547,0.7291666666666666,0.5,231.0,87.0,72.0,206.0,129.0,41.0,0.0,0.0,35.0,14.0,4.0,18.0,7.0,3.0,0.0,0.0,0.0,0.0,4.0,18.0,0.0,0.0,0.0,0.0
C3_f0.5__baldwinian__s16,C3_f0.5__baldwinian,C3_f0.5,C3,baldwinian,16,950,train,50,2.24,14,14,93.40210005414126,0.7708333333333334,0.5,205.0,86.0,87.0,350.0,100.0,38.0,0.0,0.0,36.0,13.0,9.0,20.0,12.0,5.0,0.0,0.0,0.0,0.0,9.0,20.0,0.0,0.0,0.0,0.0
C3_f0.5__baldwinian__s16,C3_f0.5__baldwinian,C3_f0.5,C3,baldwinian,16,1000,train,50,2.4,19,19,74.28552861937408,0.8541666666666666,0.5,265.0,98.0,123.0,355.0,40.0,12.0,0.0,0.0,30.0,6.0,22.0,28.0,12.0,1.0,0.0,0.0,0.0,0.0,22.0,28.0,0.0,0.0,0.0,0.0
C3_f0.5__baldwinian__s16,C3_f0.5__baldwinian,C3_f0.5,C3,baldwinian,16,1050,train,50,2.66,26,26,63.05259060972584,0.8958333333333334,0.5,252.0,84.0,107.0,361.0,110.0,33.0,0.0,0.0,28.0,6.0,13.0,45.0,15.0,5.0,0.0,0.0,0.0,0.0,13.0,45.0,0.0,0.0,0.0,0.0
C3_f0.5__baldwinian__s16,C3_f0.5__baldwinian,C3_f0.5,C3,baldwinian,16,1100,train,50,2.92,20,20,123.68502571070682,0.6458333333333334,0.5,283.0,89.0,127.0,362.0,69.0,17.0,0.0,0.0,29.0,7.0,11.0,27.0,9.0,1.0,0.0,0.0,0.0,0.0,11.0,27.0,0.0,0.0,0.0,0.0
C3_f0.5__baldwinian__s16,C3_f0.5__baldwinian,C3_f0.5,C3,baldwinian,16,1150,train,50,3.04,22,22,108.98016684000015,0.8333333333333334,0.5,357.0,130.0,121.0,320.0,91.0,37.0,0.0,0.0,28.0,12.0,15.0,26.0,8.0,5.0,0.0,0.0,0.0,0.0,15.0,26.0,0.0,0.0,0.0,0.0
C3_f0.5__baldwinian__s16,C3_f0.5__baldwinian,C3_f0.5,C3,baldwinian,16,1200,train,50,3.08,17,17,125.24232237499315,0.6041666666666666,0.5,388.0,132.0,71.0,206.0,154.0,54.0,0.0,0.0,42.0,7.0,10.0,22.0,8.0,4.0,0.0,0.0,0.0,0.0,10.0,22.0,0.0,0.0,0.0,0.0
C3_f0.5__baldwinian__s16,C3_f0.5__baldwinian,C3_f0.5,C3,baldwinian,16,1250,train,50,3.18,15,15,77.95845046738835,0.8958333333333334,0.5,280.0,92.0,114.0,281.0,126.0,45.0,0.0,0.0,37.0,9.0,11.0,30.0,20.0,5.0,0.0,0.0,0.0,0.0,11.0,30.0,0.0,0.0,0.0,0.0
C3_f0.5__baldwinian__s16,C3_f0.5__baldwinian,C3_f0.5,C3,baldwinian,16,1300,train,50,3.34,18,18,133.72746038967975,0.6458333333333334,0.5,299.0,97.0,118.0,338.0,97.0,20.0,0.0,0.0,19.0,11.0,11.0,25.0,15.0,3.0,0.0,0.0,0.0,0.0,11.0,25.0,0.0,0.0,0.0,0.0
C3_f0.5__baldwinian__s16,C3_f0.5__baldwinian,C3_f0.5,C3,baldwinian,16,1350,train,50,3.38,19,19,78.75033317899243,0.8333333333333334,0.5,377.0,130.0,86.0,327.0,75.0,24.0,0.0,0.0,50.0,16.0,6.0,24.0,9.0,9.0,0.0,0.0,0.0,0.0,6.0,24.0,0.0,0.0,0.0,0.0
C3_f0.5__baldwinian__s16,C3_f0.5__baldwinian,C3_f0.5,C3,baldwinian,16,1400,train,50,3.4,15,15,81.72119083176075,0.8333333333333334,0.5,291.0,100.0,122.0,351.0,45.0,21.0,0.0,0.0,25.0,7.0,11.0,32.0,9.0,8.0,0.0,0.0,0.0,0.0,11.0,32.0,0.0,0.0,0.0,0.0
C3_f0.5__baldwinian__s16,C3_f0.5__baldwinian,C3_f0.5,C3,baldwinian,16,1450,train,50,3.5,17,17,85.92004140488805,0.875,0.5,298.0,101.0,108.0,304.0,79.0,26.0,0.0,0.0,41.0,14.0,11.0,22.0,12.0,5.0,0.0,0.0,0.0,0.0,11.0,22.0,0.0,0.0,0.0,0.0
C3_f0.5__baldwinian__s16,C3_f0.5__baldwinian,C3_f0.5,C3,baldwinian,16,1500,train,50,3.64,18,18,82.56663659605624,0.8541666666666666,0.5,243.0,88.0,117.0,402.0,96.0,27.0,0.0,0.0,40.0,11.0,19.0,28.0,9.0,4.0,0.0,0.0,0.0,0.0,19.0,28.0,0.0,0.0,0.0,0.0
C3_f0.5__baldwinian__s16,C3_f0.5__baldwinian,C3_f0.5,C3,baldwinian,16,1550,eval,50,3.82,19,19,130.23820615456034,0.7083333333333334,0.5,287.0,90.0,104.0,285.0,22.0,10.0,19.0,54.0,29.0,4.0,12.0,22.0,5.0,1.0,6.0,6.0,0.0,0.0,12.0,22.0,0.0,0.0,6.0,6.0
C3_f0.5__baldwinian__s16,C3_f0.5__baldwinian,C3_f0.5,C3,baldwinian,16,1600,eval,50,3.92,17,17,144.27604285935905,0.6875,0.5,195.0,69.0,123.0,378.0,44.0,21.0,13.0,36.0,26.0,6.0,14.0,23.0,6.0,6.0,3.0,5.0,0.0,0.0,14.0,23.0,0.0,0.0,3.0,5.0
C3_f0.5__baldwinian__s16,C3_f0.5__baldwinian,C3_f0.5,C3,baldwinian,16,1650,eval,50,4.0,16,16,188.8882413231579,0.5,0.5,268.0,100.0,88.0,308.0,12.0,7.0,23.0,93.0,30.0,11.0,17.0,11.0,1.0,1.0,4.0,2.0,0.0,0.0,17.0,11.0,0.0,0.0,4.0,2.0
C3_f0.5__baldwinian__s16,C3_f0.5__baldwinian,C3_f0.5,C3,baldwinian,16,1700,eval,50,4.1,13,13,138.09730253186927,0.7083333333333334,0.5,217.0,85.0,92.0,257.0,64.0,18.0,13.0,72.0,34.0,10.0,13.0,17.0,3.0,1.0,1.0,6.0,0.0,0.0,13.0,17.0,0.0,0.0,1.0,6.0
C3_f0.5__baldwinian__s16,C3_f0.5__baldwinian,C3_f0.5,C3,baldwinian,16,1750,eval,50,4.34,16,16,126.67361801467047,0.6666666666666666,0.5,269.0,70.0,90.0,298.0,112.0,37.0,35.0,78.0,31.0,4.0,15.0,14.0,4.0,0.0,1.0,1.0,0.0,0.0,15.0,14.0,0.0,0.0,1.0,1.0
C3_f0.5__baldwinian__s16,C3_f0.5__baldwinian,C3_f0.5,C3,baldwinian,16,1800,eval,50,4.56,14,14,161.29074088521858,0.6041666666666666,0.5,315.0,123.0,60.0,191.0,75.0,26.0,29.0,92.0,30.0,11.0,4.0,8.0,12.0,3.0,2.0,2.0,0.0,0.0,4.0,8.0,0.0,0.0,2.0,2.0
C3_f0.5__baldwinian__s17,C3_f0.5__baldwinian,C3_f0.5,C3,baldwinian,17,50,train,50,0.74,32,2,91.94313590625963,0.7916666666666666,0.5,181.0,76.0,66.0,160.0,116.0,42.0,0.0,0.0,28.0,7.0,10.0,26.0,21.0,11.0,0.0,0.0,0.0,0.0,10.0,26.0,0.0,0.0,0.0,0.0
C3_f0.5__baldwinian__s17,C3_f0.5__baldwinian,C3_f0.5,C3,baldwinian,17,100,train,50,0.76,7,7,85.15818028195757,0.7916666666666666,0.5,365.0,109.0,84.0,272.0,61.0,25.0,0.0,0.0,34.0,9.0,14.0,22.0,16.0,7.0,0.0,0.0,0.0,0.0,14.0,22.0,0.0,0.0,0.0,0.0
C3_f0.5__baldwinian__s17,C3_f0.5__baldwinian,C3_f0.5,C3,baldwinian,17,150,train,50,0.78,12,12,78.81674006911987,0.8333333333333334,0.5,381.0,104.0,90.0,297.0,122.0,37.0,0.0,0.0,33.0,9.0,11.0,22.0,22.0,4.0,0.0,0.0,0.0,0.0,11.0,22.0,0.0,0.0,0.0,0.0
C3_f0.5__baldwinian__s17,C3_f0.5__baldwinian,C3_f0.5,C3,baldwinian,17,200,train,50,0.8,10,10,136.44394702499898,0.5625,0.5,438.0,136.0,150.0,390.0,94.0,40.0,0.0,0.0,23.0,4.0,11.0,17.0,22.0,3.0,0.0,0.0,0.0,0.0,11.0,17.0,0.0,0.0,0.0,0.0
C3_f0.5__baldwinian__s17,C3_f0.5__baldwinian,C3_f0.5,C3,baldwinian,17,250,train,50,0.8,18,18,85.98390602580216,0.8333333333333334,0.5,446.0,152.0,129.0,325.0,124.0,35.0,0.0,0.0,48.0,5.0,16.0,22.0,23.0,9.0,0.0,0.0,0.0,0.0,16.0,22.0,0.0,0.0,0.0,0.0
C3_f0.5__baldwinian__s17,C3_f0.5__baldwinian,C3_f0.5,C3,baldwinian,17,300,train,50,0.8,8,8,87.17025664022881,0.7916666666666666,0.5,264.0,65.0,74.0,239.0,104.0,34.0,0.0,0.0,41.0,3.0,15.0,18.0,17.0,4.0,0.0,0.0,0.0,0.0,15.0,18.0,0.0,0.0,0.0,0.0
C3_f0.5__baldwinian__s17,C3_f0.5__baldwinian,C3_f0.5,C3,baldwinian,17,350,train,50,0.82,15,15,79.2035611176712,0.8541666666666666,0.5,291.0,91.0,72.0,192.0,211.0,85.0,0.0,0.0,48.0,6.0,10.0,17.0,17.0,7.0,0.0,0.0,0.0,0.0,10.0,17.0,0.0,0.0,0.0,0.0
C3_f0.5__baldwinian__s17,C3_f0.5__baldwinian,C3_f0.5,C3,baldwinian,17,400,train,50,0.84,8,8,73.43673047943884,0.8333333333333334,0.5,290.0,104.0,77.0,244.0,196.0,83.0,0.0,0.0,33.0,8.0,13.0,14.0,23.0,5.0,0.0,0.0,0.0,0.0,13.0,14.0,0.0,0.0,0.0,0.0
C3_f0.5__baldwinian__s17,C3_f0.5__baldwinian,C3_f0.5,C3,baldwinian,17,450,train,50,0.84,7,7,93.00980459592618,0.8333333333333334,0.5,311.0,105.0,154.0,431.0,91.0,30.0,0.0,0.0,31.0,6.0,13.0,26.0,23.0,7.0,0.0,0.0,0.0,0.0,13.0,26.0,0.0,0.0,0.0,0.0
C3_f0.5__baldwinian__s17,C3_f0.5__baldwinian,C3_f0.5,C3,baldwinian,17,500,train,43,1.2093023255813953,15,22,71.90222627303471,0.8958333333333334,0.5,345.0,113.0,90.0,283.0,124.0,35.0,0.0,0.0,45.0,7.0,14.0,14.0,27.0,9.0,0.0,0.0,0.0,0.0,14.0,14.0,0.0,0.0,0.0,0.0
C3_f0.5__baldwinian__s17,C3_f0.5__baldwinian,C3_f0.5,C3,baldwinian,17,550,train,50,1.7,29,22,58.59325657704862,0.8541666666666666,0.5,269.0,78.0,76.0,191.0,102.0,24.0,0.0,0.0,39.0,6.0,17.0,23.0,29.0,5.0,0.0,0.0,0.0,0.0,17.0,23.0,0.0,0.0,0.0,0.0
C3_f0.5__baldwinian__s17,C3_f0.5__baldwinian,C3_f0.5,C3,baldwinian,17,600,train,50,1.9,16,16,111.52855293596522,0.8125,0.5,275.0,93.0,82.0,245.0,67.0,30.0,0.0,0.0,27.0,8.0,10.0,17.0,16.0,7.0,0.0,0.0,0.0,0.0,10.0,17.0,0.0,0.0,0.0,0.0
C3_f0.5__baldwinian__s17,C3_f0.5__baldwinian,C3_f0.5,C3,baldwinian,17,650,train,50,1.88,20,20,78.81471614979196,0.875,0.5,240.0,66.0,104.0,311.0,115.0,34.0,0.0,0.0,34.0,8.0,9.0,25.0,24.0,7.0,0.0,0.0,0.0,0.0,9.0,25.0,0.0,0.0,0.0,0.0
C3_f0.5__baldwinian__s17,C3_f0.5__baldwinian,C3_f0.5,C3,baldwinian,17,700,train,50,2.1,19,19,97.22999069087157,0.7708333333333334,0.5,277.0,78.0,94.0,256.0,69.0,18.0,0.0,0.0,35.0,9.0,13.0,25.0,21.0,6.0,0.0,0.0,0.0,0.0,13.0,25.0,0.0,0.0,0.0,0.0
C3_f0.5__baldwinian__s17,C3_f0.5__baldwinian,C3_f0.5,C3,baldwinian,17,750,train,49,2.4489795918367347,16,17,70.00105082219682,0.8958333333333334,0.5,288.0,78.0,102.0,324.0,47.0,17.0,0.0,0.0,34.0,10.0,14.0,30.0,21.0,4.0,0.0,0.0,0.0,0.0,14.0,30.0,0.0,0.0,0.0,0.0
C3_f0.5__baldwinian__s17,C3_f0.5__baldwinian,C3_f0.5,C3,baldwinian,17,800,train,50,2.5,14,13,90.28027865434731,0.8333333333333334,0.5,303.0,98.0,66.0,217.0,100.0,42.0,0.0,0.0,42.0,15.0,5.0,14.0,17.0,7.0,0.0,0.0,0.0,0.0,5.0,14.0,0.0,0.0,0.0,0.0
C3_f0.5__baldwinian__s17,C3_f0.5__baldwinian,C3_f0.5,C3,baldwinian,17,850,train,43,2.604651162790698,17,24,85.26678321494899,0.8541666666666666,0.5,305.0,99.0,95.0,311.0,58.0,21.0,0.0,0.0,26.0,8.0,15.0,33.0,20.0,9.0,0.0,0.0,0.0,0.0,15.0,33.0,0.0,0.0,0.0,0.0
C3_f0.5__baldwinian__s17,C3_f0.5__baldwinian,C3_f0.5,C3,baldwinian,17,900,train,48,2.7708333333333335,19,14,100.7661289909979,0.8125,0.5,262.0,82.0,83.0,277.0,61.0,27.0,0.0,0.0,28.0,10.0,12.0,32.0,16.0,8.0,0.0,0.0,0.0,0.0,12.0,32.0,0.0,0.0,0.0,0.0
C3_f0.5__baldwinian__s17,C3_f0.5__baldwinian,C3_f0.5,C3,baldwinian,17,950,train,39,3.0,14,23,104.3228941252251,0.8333333333333334,0.5,194.0,54.0,62.0,227.0,86.0,31.0,0.0,0.0,26.0,9.0,6.0,29.0,20.0,7.0,0.0,0.0,0.0,0.0,6.0,29.0,0.0,0.0,0.0,0.0
C3_f0.5__baldwinian__s17,C3_f0.5__baldwinian,C3_f0.5,C3,baldwinian,17,1000,train,49,3.36734693877551,21,11,103.88055984345313,0.7708333333333334,0.5,264.0,102.0,103.0,293.0,74.0,17.0,0.0,0.0,22.0,11.0,14.0,20.0,20.0,4.0,0.0,0.0,0.0,0.0,14.0,20.0,0.0,0.0,0.0,0.0
C3_f0.5__baldwinian__s17,C3_f0.5__baldwinian,C3_f0.5,C3,baldwinian,17,1050,train,50,3.62,19,18,101.44512384493547,0.8125,0.5,264.0,77.0,59.0,181.0,93.0,27.0,0.0,0.0,22.0,8.0,11.0,23.0,15.0,6.0,0.0,0.0,0.0,0.0,11.0,23.0,0.0,0.0,0.0,0.0
C3_f0.5__baldwinian__s17,C3_f0.5__baldwinian,C3_f0.5,C3,baldwinian,17,1100,train,50,3.7,15,15,71.88341730321379,0.8333333333333334,0.5,203.0,80.0,97.0,297.0,137.0,52.0,0.0,0.0,29.0,8.0,12.0,22.0,18.0,10.0,0.0,0.0,0.0,0.0,12.0,22.0,0.0,0.0,0.0,0.0
C3_f0.5__baldwinian__s17,C3_f0.5__baldwinian,C3_f0.5,C3,baldwinian,17,1150,train,50,3.94,25,25,124.39002967699794,0.7083333333333334,0.5,313.0,108.0,171.0,414.0,91.0,35.0,0.0,0.0,20.0,5.0,18.0,32.0,19.0,5.0,0.0,0.0,0.0,0.0,18.0,32.0,0.0,0.0,0.0,0.0
C3_f0.5__baldwinian__s17,C3_f0.5__baldwinian,C3_f0.5,C3,baldwinian,17,1200,train,50,3.94,16,16,106.57244810837315,0.8125,0.5,317.0,103.0,144.0,406.0,57.0,19.0,0.0,0.0,26.0,14.0,20.0,20.0,13.0,6.0,0.0,0.0,0.0,0.0,20.0,20.0,0.0,0.0,0.0,0.0
C3_f0.5__baldwinian__s17,C3_f0.5__baldwinian,C3_f0.5,C3,baldwinian,17,1250,train,50,4.12,19,19,62.829353438330145,0.9166666666666666,0.5,336.0,119.0,100.0,276.0,96.0,32.0,0.0,0.0,34.0,9.0,12.0,26.0,20.0,9.0,0.0,0.0,0.0,0.0,12.0,26.0,0.0,0.0,0.0,0.0
C3_f0.5__baldwinian__s17,C3_f0.5__baldwinian,C3_f0.5,C3,baldwinian,17,1300,train,50,4.34,15,15,95.45547951546014,0.8125,0.5,234.0,88.0,81.0,271.0,98.0,26.0,0.0,0.0,33.0,6.0,10.0,20.0,19.0,1.0,0.0,0.0,0.0,0.0,10.0,20.0,0.0,0.0,0.0,0.0
C3_f0.5__baldwinian__s17,C3_f0.5__baldwinian,C3_f0.5,C3,baldwinian,17,1350,train,50,4.36,12,12,103.90914982977245,0.7083333333333334,0.5,381.0,146.0,88.0,279.0,132.0,46.0,0.0,0.0,32.0,13.0,8.0,28.0,17.0,5.0,0.0,0.0,0.0,0.0,8.0,28.0,0.0,0.0,0.0,0.0
C3_f0.5__baldwinian__s17,C3_f0.5__baldwinian,C3_f0.5,C3,baldwinian,17,1400,train,50,4.44,20,20,64.13931538017414,0.875,0.5,292.0,91.0,85.0,276.0,141.0,40.0,0.0,0.0,27.0,9.0,20.0,20.0,25.0,6.0,0.0,0.0,0.0,0.0,20.0,20.0,0.0,0.0,0.0,0.0
C3_f0.5__baldwinian__s17,C3_f0.5__baldwinian,C3_f0.5,C3,baldwinian,17,1450,train,50,4.5,10,10,80.3548752050051,0.8333333333333334,0.5,363.0,119.0,104.0,304.0,96.0,34.0,0.0,0.0,39.0,8.0,10.0,17.0,17.0,8.0,0.0,0.0,0.0,0.0,10.0,17.0,0.0,0.0,0.0,0.0
C3_f0.5__baldwinian__s17,C3_f0.5__baldwinian,C3_f0.5,C3,baldwinian,17,1500,train,50,4.64,20,20,73.22594895806847,0.8541666666666666,0.5,406.0,124.0,96.0,292.0,92.0,39.0,0.0,0.0,44.0,9.0,9.0,30.0,25.0,7.0,0.0,0.0,0.0,0.0,9.0,30.0,0.0,0.0,0.0,0.0
C3_f0.5__baldwinian__s17,C3_f0.5__baldwinian,C3_f0.5,C3,baldwinian,17,1550,eval,50,4.62,20,20,94.78728256791211,0.8125,0.5,228.0,68.0,81.0,246.0,126.0,41.0,44.0,99.0,21.0,3.0,12.0,20.0,16.0,2.0,6.0,9.0,0.0,0.0,12.0,20.0,0.0,0.0,6.0,9.0
C3_f0.5__baldwinian__s17,C3_f0.5__baldwinian,C3_f0.5,C3,baldwinian,17,1600,eval,50,4.78,15,15,111.10021331766957,0.7291666666666666,0.5,317.0,105.0,109.0,328.0,156.0,52.0,23.0,79.0,32.0,12.0,17.0,16.0,7.0,4.0,5.0,7.0,0.0,0.0,17.0,16.0,0.0,0.0,5.0,7.0
C3_f0.5__baldwinian__s17,C3_f0.5__baldwinian,C3_f0.5,C3,baldwinian,17,1650,eval,50,4.74,20,20,179.76116287347222,0.5416666666666666,0.5,434.0,121.0,75.0,226.0,43.0,13.0,58.0,175.0,34.0,3.0,5.0,19.0,4.0,2.0,3.0,11.0,0.0,0.0,5.0,19.0,0.0,0.0,3.0,11.0
C3_f0.5__baldwinian__s17,C3_f0.5__baldwinian,C3_f0.5,C3,baldwinian,17,1700,eval,50,4.74,9,9,186.20469729717107,0.5833333333333334,0.5,456.0,161.0,127.0,399.0,28.0,17.0,26.0,67.0,36.0,13.0,11.0,25.0,7.0,1.0,1.0,2.0,0.0,0.0,11.0,25.0,0.0,0.0,1.0,2.0
C3_f0.5__baldwinian__s17,C3_f0.5__baldwinian,C3_f0.5,C3,baldwinian,17,1750,eval,50,4.94,18,18,212.62668631072225,0.4583333333333333,0.5,337.0,114.0,137.0,391.0,80.0,26.0,38.0,133.0,23.0,9.0,18.0,17.0,12.0,0.0,1.0,8.0,0.0,0.0,18.0,17.0,0.0,0.0,1.0,8.0
C3_f0.5__baldwinian__s17,C3_f0.5__baldwinian,C3_f0.5,C3,baldwinian,17,1800,eval,50,5.04,11,11,206.92264944521133,0.4791666666666667,0.5,321.0,102.0,99.0,307.0,129.0,37.0,36.0,118.0,25.0,8.0,7.0,16.0,15.0,4.0,3.0,3.0,0.0,0.0,7.0,16.0,0.0,0.0,3.0,3.0
C3_f0.5__baldwinian__s18,C3_f0.5__baldwinian,C3_f0.5,C3,baldwinian,18,50,train,50,0.68,33,3,43.47276251702731,0.9583333333333334,0.5,159.0,50.0,35.0,132.0,97.0,28.0,0.0,0.0,42.0,15.0,4.0,29.0,24.0,7.0,0.0,0.0,0.0,0.0,4.0,29.0,0.0,0.0,0.0,0.0
C3_f0.5__baldwinian__s18,C3_f0.5__baldwinian,C3_f0.5,C3,baldwinian,18,100,train,44,0.7045454545454546,7,13,81.5425655156226,0.8333333333333334,0.5,245.0,102.0,79.0,241.0,69.0,27.0,0.0,0.0,31.0,12.0,9.0,26.0,15.0,6.0,0.0,0.0,0.0,0.0,9.0,26.0,0.0,0.0,0.0,0.0
C3_f0.5__baldwinian__s18,C3_f0.5__baldwinian,C3_f0.5,C3,baldwinian,18,150,train,39,0.8974358974358975,19,24,102.89867538436434,0.8333333333333334,0.5,190.0,50.0,116.0,330.0,51.0,13.0,0.0,0.0,32.0,4.0,17.0,41.0,12.0,3.0,0.0,0.0,0.0,0.0,17.0,41.0,0.0,0.0,0.0,0.0
C3_f0.5__baldwinian__s18,C3_f0.5__baldwinian,C3_f0.5,C3,baldwinian,18,200,train,43,1.186046511627907,16,12,95.56428224027468,0.875,0.5,317.0,96.0,84.0,253.0,58.0,10.0,0.0,0.0,40.0,12.0,8.0,18.0,27.0,5.0,0.0,0.0,0.0,0.0,8.0,18.0,0.0,0.0,0.0,0.0
C3_f0.5__baldwinian__s18,C3_f0.5__baldwinian,C3_f0.5,C3,baldwinian,18,250,train,50,1.38,17,10,99.11203962872658,0.8125,0.5,296.0,84.0,78.0,214.0,81.0,34.0,0.0,0.0,32.0,8.0,10.0,20.0,19.0,6.0,0.0,0.0,0.0,0.0,10.0,20.0,0.0,0.0,0.0,0.0
C3_f0.5__baldwinian__s18,C3_f0.5__baldwinian,C3_f0.5,C3,baldwinian,18,300,train,50,1.44,14,14,69.35053098030858,0.8541666666666666,0.5,351.0,114.0,106.0,321.0,81.0,20.0,0.0,0.0,50.0,11.0,15.0,21.0,16.0,6.0,0.0,0.0,0.0,0.0,15.0,21.0,0.0,0.0,0.0,0.0
C3_f0.5__baldwinian__s18,C3_f0.5__baldwinian,C3_f0.5,C3,baldwinian,18,350,train,50,1.52,23,23,63.84459724344823,0.9166666666666666,0.5,278.0,82.0,114.0,316.0,114.0,46.0,0.0,0.0,36.0,5.0,10.0,27.0,19.0,9.0,0.0,0.0,0.0,0.0,10.0,27.0,0.0,0.0,0.0,0.0
C3_f0.5__baldwinian__s18,C3_f0.5__baldwinian,C3_f0.5,C3,baldwinian,18,400,train,50,1.44,16,16,120.47298687259219,0.75,0.5,227.0,71.0,144.0,384.0,110.0,34.0,0.0,0.0,34.0,11.0,17.0,15.0,17.0,2.0,0.0,0.0,0.0,0.0,17.0,15.0,0.0,0.0,0.0,0.0
C3_f0.5__baldwinian__s18,C3_f0.5__baldwinian,C3_f0.5,C3,baldwinian,18,450,train,50,1.24,12,12,63.63630952933778,0.8958333333333334,0.5,316.0,117.0,82.0,256.0,119.0,36.0,0.0,0.0,38.0,8.0,14.0,19.0,24.0,3.0,0.0,0.0,0.0,0.0,14.0,19.0,0.0,0.0,0.0,0.0
C3_f0.5__baldwinian__s18,C3_f0.5__baldwinian,C3_f0.5,C3,baldwinian,18,500,train,49,1.5714285714285714,21,22,108.33853768778441,0.7083333333333334,0.5,230.0,95.0,129.0,326.0,91.0,40.0,0.0,0.0,25.0,10.0,17.0,24.0,10.0,6.0,0.0,0.0,0.0,0.0,17.0,24.0,0.0,0.0,0.0,0.0
C3_f0.5__baldwinian__s18,C3_f0.5__baldwinian,C3_f0.5,C3,baldwinian,18,550,train,50,1.8,12,11,72.53736564292726,0.875,0.5,271.0,74.0,105.0,322.0,106.0,29.0,0.0,0.0,44.0,9.0,6.0,25.0,21.0,2.0,0.0,0.0,0.0,0.0,6.0,25.0,0.0,0.0,0.0,0.0
C3_f0.5__baldwinian__s18,C3_f0.5__baldwinian,C3_f0.5,C3,baldwinian,18,600,train,50,2.14,21,21,80.9686918984404,0.8541666666666666,0.5,252.0,90.0,94.0,258.0,108.0,29.0,0.0,0.0,26.0,7.0,18.0,29.0,17.0,3.0,0.0,0.0,0.0,0.0,18.0,29.0,0.0,0.0,0.0,0.0
C3_f0.5__baldwinian__s18,C3_f0.5__baldwinian,C3_f0.5,C3,baldwinian,18,650,train,50,2.28,12,12,128.91432177418392,0.6041666666666666,0.5,283.0,96.0,99.0,354.0,186.0,57.0,0.0,0.0,23.0,7.0,5.0,21.0,18.0,5.0,0.0,0.0,0.0,0.0,5.0,21.0,0.0,0.0,0.0,0.0
C3_f0.5__baldwinian__s18,C3_f0.5__baldwinian,C3_f0.5,C3,baldwinian,18,700,train,50,2.36,13,13,83.59428361376621,0.8958333333333334,0.5,456.0,144.0,84.0,341.0,74.0,26.0,0.0,0.0,40.0,15.0,8.0,19.0,16.0,2.0,0.0,0.0,0.0,0.0,8.0,19.0,0.0,0.0,0.0,0.0
C3_f0.5__baldwinian__s18,C3_f0.5__baldwinian,C3_f0.5,C3,baldwinian,18,750,train,50,2.32,13,13,102.76374357768388,0.7916666666666666,0.5,278.0,86.0,103.0,269.0,113.0,37.0,0.0,0.0,36.0,10.0,15.0,14.0,13.0,6.0,0.0,0.0,0.0,0.0,15.0,14.0,0.0,0.0,0.0,0.0
C3_f0.5__baldwinian__s18,C3_f0.5__baldwinian,C3_f0.5,C3,baldwinian,18,800,train,50,2.3,15,15,93.87616562239111,0.75,0.5,337.0,110.0,112.0,330.0,129.0,34.0,0.0,0.0,35.0,9.0,13.0,21.0,24.0,4.0,0.0,0.0,0.0,0.0,13.0,21.0,0.0,0.0,0.0,0.0
C3_f0.5__baldwinian__s18,C3_f0.5__baldwinian,C3_f0.5,C3,baldwinian,18,850,train,50,2.32,19,19,75.27631466629157,0.8541666666666666,0.5,340.0,121.0,112.0,351.0,54.0,23.0,0.0,0.0,37.0,6.0,14.0,26.0,13.0,6.0,0.0,0.0,0.0,0.0,14.0,26.0,0.0,0.0,0.0,0.0
C3_f0.5__baldwinian__s18,C3_f0.5__baldwinian,C3_f0.5,C3,baldwinian,18,900,train,50,2.24,15,15,81.93549168294342,0.9166666666666666,0.5,294.0,91.0,91.0,253.0,69.0,29.0,0.0,0.0,36.0,7.0,11.0,23.0,16.0,7.0,0.0,0.0,0.0,0.0,11.0,23.0,0.0,0.0,0.0,0.0
C3_f0.5__baldwinian__s18,C3_f0.5__baldwinian,C3_f0.5,C3,baldwinian,18,950,train,50,2.2,16,16,96.69834590665661,0.8125,0.5,294.0,70.0,111.0,323.0,62.0,25.0,0.0,0.0,37.0,11.0,12.0,29.0,15.0,7.0,0.0,0.0,0.0,0.0,12.0,29.0,0.0,0.0,0.0,0.0
C3_f0.5__baldwinian__s18,C3_f0.5__baldwinian,C3_f0.5,C3,baldwinian,18,1000,train,50,2.5,21,21,129.05230887015807,0.6875,0.5,389.0,128.0,140.0,377.0,147.0,46.0,0.0,0.0,20.0,11.0,20.0,20.0,17.0,5.0,0.0,0.0,0.0,0.0,20.0,20.0,0.0,0.0,0.0,0.0
C3_f0.5__baldwinian__s18,C3_f0.5__baldwinian,C3_f0.5,C3,baldwinian,18,1050,train,50,2.76,10,10,93.87125456053343,0.8333333333333334,0.5,349.0,110.0,102.0,278.0,87.0,24.0,0.0,0.0,50.0,6.0,9.0,15.0,16.0,10.0,0.0,0.0,0.0,0.0,9.0,15.0,0.0,0.0,0.0,0.0
C3_f0.5__baldwinian__s18,C3_f0.5__baldwinian,C3_f0.5,C3,baldwinian,18,1100,train,50,3.08,23,23,81.02454944402726,0.8541666666666666,0.5,243.0,91.0,83.0,225.0,34.0,9.0,0.0,0.0,49.0,7.0,14.0,19.0,12.0,1.0,0.0,0.0,0.0,0.0,14.0,19.0,0.0,0.0,0.0,0.0
C3_f0.5__baldwinian__s18,C3_f0.5__baldwinian,C3_f0.5,C3,baldwinian,18,1150,train,50,3.34,22,22,90.04095369916904,0.8125,0.5,270.0,88.0,97.0,272.0,128.0,46.0,0.0,0.0,41.0,6.0,11.0,21.0,21.0,4.0,0.0,0.0,0.0,0.0,11.0,21.0,0.0,0.0,0.0,0.0
C3_f0.5__baldwinian__s18,C3_f0.5__baldwinian,C3_f0.5,C3,baldwinian,18,1200,train,50,3.28,18,18,94.54915805471953,0.7916666666666666,0.5,267.0,95.0,97.0,272.0,80.0,25.0,0.0,0.0,24.0,6.0,21.0,25.0,10.0,7.0,0.0,0.0,0.0,0.0,21.0,25.0,0.0,0.0,0.0,0.0
C3_f0.5__baldwinian__s18,C3_f0.5__baldwinian,C3_f0.5,C3,baldwinian,18,1250,train,50,3.18,19,19,97.52661543073204,0.7916666666666666,0.5,251.0,84.0,128.0,363.0,62.0,23.0,0.0,0.0,34.0,2.0,14.0,22.0,14.0,5.0,0.0,0.0,0.0,0.0,14.0,22.0,0.0,0.0,0.0,0.0
C3_f0.5__baldwinian__s18,C3_f0.5__baldwinian,C3_f0.5,C3,baldwinian,18,1300,train,50,3.18,19,19,58.619942113521795,0.9583333333333334,0.5,313.0,101.0,87.0,294.0,66.0,14.0,0.0,0.0,39.0,8.0,14.0,25.0,18.0,2.0,0.0,0.0,0.0,0.0,14.0,25.0,0.0,0.0,0.0,0.0
C3_f0.5__baldwinian__s18,C3_f0.5__baldwinian,C3_f0.5,C3,baldwinian,18,1350,train,50,3.22,18,18,78.13700283895443,0.8541666666666666,0.5,356.0,144.0,102.0,292.0,38.0,15.0,0.0,0.0,32.0,6.0,12.0,19.0,18.0,5.0,0.0,0.0,0.0,0.0,12.0,19.0,0.0,0.0,0.0,0.0
C3_f0.5__baldwinian__s18,C3_f0.5__baldwinian,C3_f0.5,C3,baldwinian,18,1400,train,50,3.44,24,24,71.57703614464988,0.8541666666666666,0.5,261.0,67.0,117.0,366.0,42.0,11.0,0.0,0.0,27.0,10.0,9.0,27.0,19.0,6.0,0.0,0.0,0.0,0.0,9.0,27.0,0.0,0.0,0.0,0.0
C3_f0.5__baldwinian__s18,C3_f0.5__baldwinian,C3_f0.5,C3,baldwinian,18,1450,train,50,3.86,16,16,75.44324046244103,0.8958333333333334,0.5,236.0,65.0,82.0,229.0,45.0,10.0,0.0,0.0,35.0,8.0,14.0,27.0,18.0,4.0,0.0,0.0,0.0,0.0,14.0,27.0,0.0,0.0,0.0,0.0
C3_f0.5__baldwinian__s18,C3_f0.5__baldwinian,C3_f0.5,C3,baldwinian,18,1500,train,50,4.26,17,17,94.18907156550546,0.8125,0.5,241.0,85.0,56.0,208.0,150.0,49.0,0.0,0.0,37.0,6.0,11.0,21.0,18.0,3.0,0.0,0.0,0.0,0.0,11.0,21.0,0.0,0.0,0.0,0.0
C3_f0.5__baldwinian__s18,C3_f0.5__baldwinian,C3_f0.5,C3,baldwinian,18,1550,eval,50,4.48,22,22,105.20693483893413,0.7916666666666666,0.5,250.0,75.0,73.0,230.0,54.0,23.0,22.0,72.0,47.0,7.0,17.0,19.0,3.0,1.0,3.0,5.0,0.0,0.0,17.0,19.0,0.0,0.0,3.0,5.0
C3_f0.5__baldwinian__s18,C3_f0.5__baldwinian,C3_f0.5,C3,baldwinian,18,1600,eval,50,4.56,12,12,118.12094769425228,0.7708333333333334,0.5,248.0,83.0,95.0,281.0,67.0,22.0,43.0,120.0,30.0,5.0,11.0,25.0,6.0,3.0,5.0,9.0,0.0,0.0,11.0,25.0,0.0,0.0,5.0,9.0
C3_f0.5__baldwinian__s18,C3_f0.5__baldwinian,C3_f0.5,C3,baldwinian,18,1650,eval,50,4.68,16,16,163.27440337302164,0.6666666666666666,0.5,344.0,108.0,83.0,231.0,103.0,38.0,43.0,127.0,27.0,7.0,6.0,30.0,17.0,4.0,3.0,8.0,0.0,0.0,6.0,30.0,0.0,0.0,3.0,8.0
C3_f0.5__baldwinian__s18,C3_f0.5__baldwinian,C3_f0.5,C3,baldwinian,18,1700,eval,50,4.58,9,9,192.05097136836378,0.6041666666666666,0.5,345.0,103.0,131.0,417.0,58.0,22.0,47.0,118.0,33.0,9.0,14.0,27.0,7.0,2.0,1.0,4.0,0.0,0.0,14.0,27.0,0.0,0.0,1.0,4.0
C3_f0.5__baldwinian__s18,C3_f0.5__baldwinian,C3_f0.5,C3,baldwinian,18,1750,eval,50,4.52,13,13,182.86615380017992,0.4375,0.5,293.0,85.0,170.0,480.0,181.0,48.0,35.0,102.0,29.0,2.0,13.0,25.0,7.0,1.0,3.0,7.0,0.0,0.0,13.0,25.0,0.0,0.0,3.0,7.0
C3_f0.5__baldwinian__s18,C3_f0.5__baldwinian,C3_f0.5,C3,baldwinian,18,1800,eval,50,4.46,13,13,219.58869485890693,0.375,0.5,506.0,187.0,111.0,330.0,42.0,21.0,63.0,207.0,16.0,5.0,9.0,18.0,5.0,4.0,2.0,5.0,0.0,0.0,9.0,18.0,0.0,0.0,2.0,5.0
C3_f0.5__baldwinian__s19,C3_f0.5__baldwinian,C3_f0.5,C3,baldwinian,19,50,train,50,0.78,31,1,92.81319113058962,0.8125,0.5,171.0,49.0,35.0,179.0,72.0,16.0,0.0,0.0,35.0,10.0,6.0,27.0,21.0,6.0,0.0,0.0,0.0,0.0,6.0,27.0,0.0,0.0,0.0,0.0
C3_f0.5__baldwinian__s19,C3_f0.5__baldwinian,C3_f0.5,C3,baldwinian,19,100,train,50,0.9,15,15,97.41338413887146,0.7708333333333334,0.5,244.0,110.0,70.0,244.0,92.0,27.0,0.0,0.0,26.0,8.0,13.0,27.0,23.0,2.0,0.0,0.0,0.0,0.0,13.0,27.0,0.0,0.0,0.0,0.0
C3_f0.5__baldwinian__s19,C3_f0.5__baldwinian,C3_f0.5,C3,baldwinian,19,150,train,50,1.04,11,11,122.95376799634904,0.75,0.5,304.0,84.0,79.0,247.0,134.0,47.0,0.0,0.0,32.0,8.0,6.0,21.0,22.0,2.0,0.0,0.0,0.0,0.0,6.0,21.0,0.0,0.0,0.0,0.0
C3_f0.5__baldwinian__s19,C3_f0.5__baldwinian,C3_f0.5,C3,baldwinian,19,200,train,50,1.04,11,11,97.95467807583086,0.7708333333333334,0.5,350.0,116.0,130.0,442.0,127.0,36.0,0.0,0.0,28.0,11.0,10.0,26.0,22.0,3.0,0.0,0.0,0.0,0.0,10.0,26.0,0.0,0.0,0.0,0.0
C3_f0.5__baldwinian__s19,C3_f0.5__baldwinian,C3_f0.5,C3,baldwinian,19,250,train,50,0.96,13,13,54.296075079893434,0.8958333333333334,0.5,350.0,111.0,108.0,319.0,40.0,20.0,0.0,0.0,40.0,12.0,12.0,25.0,17.0,5.0,0.0,0.0,0.0,0.0,12.0,25.0,0.0,0.0,0.0,0.0
C3_f0.5__baldwinian__s19,C3_f0.5__baldwinian,C3_f0.5,C3,baldwinian,19,300,train,50,1.04,13,13,93.18095535972849,0.7916666666666666,0.5,202.0,67.0,97.0,236.0,64.0,21.0,0.0,0.0,29.0,6.0,15.0,19.0,10.0,6.0,0.0,0.0,0.0,0.0,15.0,19.0,0.0,0.0,0.0,0.0
C3_f0.5__baldwinian__s19,C3_f0.5__baldwinian,C3_f0.5,C3,baldwinian,19,350,train,50,0.98,12,12,88.7402455962611,0.8333333333333334,0.5,285.0,76.0,130.0,405.0,135.0,56.0,0.0,0.0,38.0,7.0,16.0,25.0,18.0,7.0,0.0,0.0,0.0,0.0,16.0,25.0,0.0,0.0,0.0,0.0
C3_f0.5__baldwinian__s19,C3_f0.5__baldwinian,C3_f0.5,C3,baldwinian,19,400,train,50,0.96,11,11,88.4496813200308,0.7916666666666666,0.5,479.0,162.0,138.0,369.0,78.0,25.0,0.0,0.0,37.0,13.0,10.0,18.0,19.0,4.0,0.0,0.0,0.0,0.0,10.0,18.0,0.0,0.0,0.0,0.0
C3_f0.5__baldwinian__s19,C3_f0.5__baldwinian,C3_f0.5,C3,baldwinian,19,450,train,50,0.92,10,10,57.617671171894614,0.8958333333333334,0.5,354.0,123.0,98.0,288.0,81.0,30.0,0.0,0.0,45.0,8.0,11.0,26.0,15.0,7.0,0.0,0.0,0.0,0.0,11.0,26.0,0.0,0.0,0.0,0.0
C3_f0.5__baldwinian__s19,C3_f0.5__baldwinian,C3_f0.5,C3,baldwinian,19,500,train,50,1.28,18,18,122.68710790735648,0.7291666666666666,0.5,431.0,123.0,108.0,341.0,87.0,42.0,0.0,0.0,26.0,9.0,6.0,21.0,11.0,6.0,0.0,0.0,0.0,0.0,6.0,21.0,0.0,0.0,0.0,0.0
C3_f0.5__baldwinian__s19,C3_f0.5__baldwinian,C3_f0.5,C3,baldwinian,19,550,train,50,1.72,25,25,74.8791885247463,0.875,0.5,338.0,118.0,73.0,209.0,79.0,21.0,0.0,0.0,36.0,11.0,17.0,20.0,22.0,4.0,0.0,0.0,0.0,0.0,17.0,20.0,0.0,0.0,0.0,0.0
C3_f0.5__baldwinian__s19,C3_f0.5__baldwinian,C3_f0.5,C3,baldwinian,19,600,train,50,1.84,14,14,64.43448709619018,0.8958333333333334,0.5,206.0,97.0,62.0,187.0,123.0,46.0,0.0,0.0,32.0,16.0,8.0,25.0,17.0,2.0,0.0,0.0,0.0,0.0,8.0,25.0,0.0,0.0,0.0,0.0
C3_f0.5__baldwinian__s19,C3_f0.5__baldwinian,C3_f0.5,C3,baldwinian,19,650,train,50,1.96,23,23,88.06296629706789,0.875,0.5,235.0,95.0,110.0,288.0,66.0,28.0,0.0,0.0,33.0,12.0,9.0,25.0,24.0,3.0,0.0,0.0,0.0,0.0,9.0,25.0,0.0,0.0,0.0,0.0
C3_f0.5__baldwinian__s19,C3_f0.5__baldwinian,C3_f0.5,C3,baldwinian,19,700,train,50,1.98,13,13,96.33914846451997,0.7708333333333334,0.5,314.0,100.0,111.0,301.0,88.0,27.0,0.0,0.0,32.0,8.0,11.0,25.0,15.0,5.0,0.0,0.0,0.0,0.0,11.0,25.0,0.0,0.0,0.0,0.0
C3_f0.5__baldwinian__s19,C3_f0.5__baldwinian,C3_f0.5,C3,baldwinian,19,750,train,50,2.1,13,13,76.00831153437055,0.8125,0.5,311.0,95.0,144.0,409.0,121.0,38.0,0.0,0.0,36.0,7.0,14.0,21.0,18.0,3.0,0.0,0.0,0.0,0.0,14.0,21.0,0.0,0.0,0.0,0.0
C3_f0.5__baldwinian__s19,C3_f0.5__baldwinian,C3_f0.5,C3,baldwinian,19,800,train,50,2.08,19,19,92.49052126718425,0.8333333333333334,0.5,290.0,91.0,106.0,300.0,112.0,44.0,0.0,0.0,38.0,14.0,9.0,24.0,21.0,9.0,0.0,0.0,0.0,0.0,9.0,24.0,0.0,0.0,0.0,0.0
C3_f0.5__baldwinian__s19,C3_f0.5__baldwinian,C3_f0.5,C3,baldwinian,19,850,train,50,2.12,15,15,107.933986414146,0.8125,0.5,266.0,100.0,111.0,344.0,242.0,72.0,0.0,0.0,26.0,2.0,15.0,30.0,19.0,5.0,0.0,0.0,0.0,0.0,15.0,30.0,0.0,0.0,0.0,0.0
C3_f0.5__baldwinian__s19,C3_f0.5__baldwinian,C3_f0.5,C3,baldwinian,19,900,train,50,2.48,21,21,103.63326215245624,0.75,0.5,284.0,87.0,120.0,362.0,62.0,22.0,0.0,0.0,25.0,16.0,13.0,29.0,12.0,2.0,0.0,0.0,0.0,0.0,13.0,29.0,0.0,0.0,0.0,0.0
C3_f0.5__baldwinian__s19,C3_f0.5__baldwinian,C3_f0.5,C3,baldwinian,19,950,train,50,2.58,14,14,76.40245586069467,0.8125,0.5,362.0,120.0,117.0,351.0,114.0,43.0,0.0,0.0,24.0,14.0,13.0,22.0,21.0,3.0,0.0,0.0,0.0,0.0,13.0,22.0,0.0,0.0,0.0,0.0
C3_f0.5__baldwinian__s19,C3_f0.5__baldwinian,C3_f0.5,C3,baldwinian,19,1000,train,50,2.64,21,21,93.5849563972445,0.8333333333333334,0.5,364.0,111.0,109.0,348.0,56.0,21.0,0.0,0.0,24.0,6.0,18.0,36.0,13.0,4.0,0.0,0.0,0.0,0.0,18.0,36.0,0.0,0.0,0.0,0.0
C3_f0.5__baldwinian__s19,C3_f0.5__baldwinian,C3_f0.5,C3,baldwinian,19,1050,train,50,2.82,24,24,111.59173059759077,0.7708333333333334,0.5,207.0,95.0,116.0,347.0,113.0,29.0,0.0,0.0,27.0,11.0,12.0,29.0,17.0,8.0,0.0,0.0,0.0,0.0,12.0,29.0,0.0,0.0,0.0,0.0
C3_f0.5__baldwinian__s19,C3_f0.5__baldwinian,C3_f0.5,C3,baldwinian,19,1100,train,50,3.04,15,15,53.07290080052447,0.9166666666666666,0.5,360.0,107.0,78.0,220.0,163.0,52.0,0.0,0.0,49.0,7.0,8.0,21.0,19.0,7.0,0.0,0.0,0.0,0.0,8.0,21.0,0.0,0.0,0.0,0.0
C3_f0.5__baldwinian__s19,C3_f0.5__baldwinian,C3_f0.5,C3,baldwinian,19,1150,train,50,3.18,20,20,91.71641813993377,0.8125,0.5,171.0,61.0,97.0,298.0,114.0,41.0,0.0,0.0,29.0,8.0,11.0,20.0,18.0,7.0,0.0,0.0,0.0,0.0,11.0,20.0,0.0,0.0,0.0,0.0
C3_f0.5__baldwinian__s19,C3_f0.5__baldwinian,C3_f0.5,C3,baldwinian,19,1200,train,50,3.24,16,16,130.01200184351666,0.75,0.5,368.0,103.0,90.0,300.0,91.0,33.0,0.0,0.0,37.0,6.0,13.0,27.0,14.0,2.0,0.0,0.0,0.0,0.0,13.0,27.0,0.0,0.0,0.0,0.0
C3_f0.5__baldwinian__s19,C3_f0.5__baldwinian,C3_f0.5,C3,baldwinian,19,1250,train,50,3.24,22,22,81.78443860727029,0.7916666666666666,0.5,323.0,101.0,145.0,469.0,94.0,29.0,0.0,0.0,29.0,6.0,11.0,35.0,16.0,11.0,0.0,0.0,0.0,0.0,11.0,35.0,0.0,0.0,0.0,0.0
C3_f0.5__baldwinian__s19,C3_f0.5__baldwinian,C3_f0.5,C3,baldwinian,19,1300,train,50,3.36,17,17,59.348544349191975,0.9166666666666666,0.5,404.0,123.0,136.0,350.0,40.0,13.0,0.0,0.0,44.0,8.0,14.0,21.0,16.0,6.0,0.0,0.0,0.0,0.0,14.0,21.0,0.0,0.0,0.0,0.0
C3_f0.5__baldwinian__s19,C3_f0.5__baldwinian,C3_f0.5,C3,baldwinian,19,1350,train,50,3.5,16,16,50.11030695144471,0.9583333333333334,0.5,372.0,126.0,95.0,239.0,85.0,22.0,0.0,0.0,33.0,8.0,18.0,19.0,25.0,4.0,0.0,0.0,0.0,0.0,18.0,19.0,0.0,0.0,0.0,0.0
C3_f0.5__baldwinian__s19,C3_f0.5__baldwinian,C3_f0.5,C3,baldwinian,19,1400,train,50,3.86,17,17,101.18925755798435,0.7708333333333334,0.5,318.0,131.0,124.0,330.0,92.0,28.0,0.0,0.0,33.0,10.0,7.0,23.0,13.0,2.0,0.0,0.0,0.0,0.0,7.0,23.0,0.0,0.0,0.0,0.0
C3_f0.5__baldwinian__s19,C3_f0.5__baldwinian,C3_f0.5,C3,baldwinian,19,1450,train,50,3.94,12,12,76.01145069523575,0.8541666666666666,0.5,256.0,78.0,80.0,253.0,121.0,42.0,0.0,0.0,39.0,6.0,9.0,33.0,13.0,6.0,0.0,0.0,0.0,0.0,9.0,33.0,0.0,0.0,0.0,0.0
C3_f0.5__baldwinian__s19,C3_f0.5__baldwinian,C3_f0.5,C3,baldwinian,19,1500,train,50,4.02,22,22,85.61050766404455,0.8333333333333334,0.5,286.0,102.0,122.0,421.0,115.0,37.0,0.0,0.0,25.0,12.0,11.0,28.0,14.0,5.0,0.0,0.0,0.0,0.0,11.0,28.0,0.0,0.0,0.0,0.0
C3_f0.5__baldwinian__s19,C3_f0.5__baldwinian,C3_f0.5,C3,baldwinian,19,1550,eval,50,4.26,26,26,112.04003119374929,0.75,0.5,265.0,96.0,84.0,294.0,22.0,5.0,25.0,52.0,21.0,9.0,11.0,25.0,5.0,1.0,1.0,7.0,0.0,0.0,11.0,25.0,0.0,0.0,1.0,7.0
C3_f0.5__baldwinian__s19,C3_f0.5__baldwinian,C3_f0.5,C3,baldwinian,19,1600,eval,50,4.22,20,20,170.94786820281183,0.5833333333333334,0.5,329.0,112.0,98.0,366.0,61.0,18.0,29.0,88.0,27.0,6.0,14.0,22.0,6.0,1.0,3.0,4.0,0.0,0.0,14.0,22.0,0.0,0.0,3.0,4.0
C3_f0.5__baldwinian__s19,C3_f0.5__baldwinian,C3_f0.5,C3,baldwinian,19,1650,eval,50,4.22,11,11,190.6670328721017,0.4375,0.5,206.0,76.0,149.0,426.0,83.0,25.0,27.0,77.0,19.0,10.0,10.0,23.0,2.0,0.0,1.0,2.0,0.0,0.0,10.0,23.0,0.0,0.0,1.0,2.0
C3_f0.5__baldwinian__s19,C3_f0.5__baldwinian,C3_f0.5,C3,baldwinian,19,1700,eval,50,4.3,16,16,197.52816042510585,0.5,0.5,282.0,107.0,128.0,358.0,83.0,23.0,21.0,65.0,17.0,8.0,10.0,20.0,10.0,2.0,1.0,3.0,0.0,0.0,10.0,20.0,0.0,0.0,1.0,3.0
C3_f0.5__baldwinian__s19,C3_f0.5__baldwinian,C3_f0.5,C3,baldwinian,19,1750,eval,50,4.3,11,11,139.1480442283099,0.625,0.5,453.0,161.0,150.0,461.0,86.0,27.0,33.0,93.0,35.0,9.0,14.0,25.0,5.0,1.0,3.0,2.0,0.0,0.0,14.0,25.0,0.0,0.0,3.0,2.0
C3_f0.5__baldwinian__s19,C3_f0.5__baldwinian,C3_f0.5,C3,baldwinian,19,1800,eval,50,4.38,8,8,156.23470363939788,0.625,0.5,394.0,164.0,125.0,383.0,88.0,37.0,23.0,126.0,23.0,11.0,13.0,16.0,8.0,2.0,1.0,8.0,0.0,0.0,13.0,16.0,0.0,0.0,1.0,8.0
C3_f0.5__baldwinian__s20,C3_f0.5__baldwinian,C3_f0.5,C3,baldwinian,20,50,train,50,0.88,33,3,74.05954074180713,0.8958333333333334,0.5,238.0,86.0,49.0,162.0,48.0,19.0,0.0,0.0,43.0,11.0,10.0,22.0,17.0,9.0,0.0,0.0,0.0,0.0,10.0,22.0,0.0,0.0,0.0,0.0
C3_f0.5__baldwinian__s20,C3_f0.5__baldwinian,C3_f0.5,C3,baldwinian,20,100,train,50,1.14,15,15,72.92659193367297,0.8541666666666666,0.5,260.0,79.0,95.0,349.0,58.0,19.0,0.0,0.0,19.0,5.0,10.0,44.0,15.0,7.0,0.0,0.0,0.0,0.0,10.0,44.0,0.0,0.0,0.0,0.0
C3_f0.5__baldwinian__s20,C3_f0.5__baldwinian,C3_f0.5,C3,baldwinian,20,150,train,50,1.22,16,16,62.45053395965033,0.8958333333333334,0.5,518.0,150.0,131.0,391.0,40.0,12.0,0.0,0.0,33.0,14.0,8.0,25.0,15.0,6.0,0.0,0.0,0.0,0.0,8.0,25.0,0.0,0.0,0.0,0.0
C3_f0.5__baldwinian__s20,C3_f0.5__baldwinian,C3_f0.5,C3,baldwinian,20,200,train,50,1.1,13,13,125.82376747315982,0.7708333333333334,0.5,304.0,109.0,88.0,303.0,74.0,27.0,0.0,0.0,28.0,8.0,12.0,17.0,17.0,4.0,0.0,0.0,0.0,0.0,12.0,17.0,0.0,0.0,0.0,0.0
C3_f0.5__baldwinian__s20,C3_f0.5__baldwinian,C3_f0.5,C3,baldwinian,20,250,train,50,1.06,16,16,105.03463153804191,0.7708333333333334,0.5,342.0,109.0,125.0,353.0,33.0,16.0,0.0,0.0,26.0,9.0,18.0,20.0,15.0,4.0,0.0,0.0,0.0,0.0,18.0,20.0,0.0,0.0,0.0,0.0
C3_f0.5__baldwinian__s20,C3_f0.5__baldwinian,C3_f0.5,C3,baldwinian,20,300,train,50,1.0,12,12,65.96734905891361,0.8541666666666666,0.5,344.0,122.0,130.0,351.0,139.0,44.0,0.0,0.0,33.0,8.0,9.0,19.0,23.0,7.0,0.0,0.0,0.0,0.0,9.0,19.0,0.0,0.0,0.0,0.0
C3_f0.5__baldwinian__s20,C3_f0.5__baldwinian,C3_f0.5,C3,baldwinian,20,350,train,50,0.98,17,17,70.24409444409933,0.8958333333333334,0.5,349.0,126.0,98.0,248.0,51.0,18.0,0.0,0.0,28.0,6.0,14.0,19.0,22.0,8.0,0.0,0.0,0.0,0.0,14.0,19.0,0.0,0.0,0.0,0.0
C3_f0.5__baldwinian__s20,C3_f0.5__baldwinian,C3_f0.5,C3,baldwinian,20,400,train,50,1.02,17,17,93.7775327370049,0.7708333333333334,0.5,240.0,107.0,94.0,335.0,76.0,20.0,0.0,0.0,30.0,6.0,14.0,26.0,21.0,5.0,0.0,0.0,0.0,0.0,14.0,26.0,0.0,0.0,0.0,0.0
C3_f0.5__baldwinian__s20,C3_f0.5__baldwinian,C3_f0.5,C3,baldwinian,20,450,train,50,1.06,16,16,81.67018051960868,0.8333333333333334,0.5,379.0,119.0,124.0,314.0,65.0,26.0,0.0,0.0,42.0,12.0,18.0,17.0,25.0,8.0,0.0,0.0,0.0,0.0,18.0,17.0,0.0,0.0,0.0,0.0
C3_f0.5__baldwinian__s20,C3_f0.5__baldwinian,C3_f0.5,C3,baldwinian,20,500,train,50,1.28,13,13,124.84219428544932,0.6875,0.5,394.0,141.0,152.0,460.0,63.0,13.0,0.0,0.0,24.0,9.0,11.0,19.0,22.0,1.0,0.0,0.0,0.0,0.0,11.0,19.0,0.0,0.0,0.0,0.0
C3_f0.5__baldwinian__s20,C3_f0.5__baldwinian,C3_f0.5,C3,baldwinian,20,550,train,50,1.68,21,21,87.5498909598368,0.8333333333333334,0.5,309.0,112.0,89.0,299.0,73.0,30.0,0.0,0.0,40.0,5.0,15.0,25.0,27.0,5.0,0.0,0.0,0.0,0.0,15.0,25.0,0.0,0.0,0.0,0.0
C3_f0.5__baldwinian__s20,C3_f0.5__baldwinian,C3_f0.5,C3,baldwinian,20,600,train,50,1.84,16,16,70.89769174249702,0.875,0.5,288.0,86.0,87.0,249.0,94.0,18.0,0.0,0.0,37.0,7.0,11.0,18.0,32.0,1.0,0.0,0.0,0.0,0.0,11.0,18.0,0.0,0.0,0.0,0.0
C3_f0.5__baldwinian__s20,C3_f0.5__baldwinian,C3_f0.5,C3,baldwinian,20,650,train,50,1.9,19,19,91.54275038732195,0.8541666666666666,0.5,234.0,77.0,86.0,235.0,73.0,22.0,0.0,0.0,24.0,3.0,11.0,23.0,24.0,1.0,0.0,0.0,0.0,0.0,11.0,23.0,0.0,0.0,0.0,0.0
C3_f0.5__baldwinian__s20,C3_f0.5__baldwinian,C3_f0.5,C3,baldwinian,20,700,train,50,1.94,14,14,87.93755208243596,0.8125,0.5,344.0,111.0,81.0,222.0,75.0,28.0,0.0,0.0,42.0,3.0,9.0,22.0,25.0,8.0,0.0,0.0,0.0,0.0,9.0,22.0,0.0,0.0,0.0,0.0
C3_f0.5__baldwinian__s20,C3_f0.5__baldwinian,C3_f0.5,C3,baldwinian,20,750,train,50,1.98,14,14,58.645324429808724,0.9166666666666666,0.5,313.0,102.0,103.0,302.0,49.0,17.0,0.0,0.0,38.0,13.0,11.0,16.0,16.0,9.0,0.0,0.0,0.0,0.0,11.0,16.0,0.0,0.0,0.0,0.0
C3_f0.5__baldwinian__s20,C3_f0.5__baldwinian,C3_f0.5,C3,baldwinian,20,800,train,50,2.0,21,21,63.91114665752073,0.8541666666666666,0.5,274.0,113.0,77.0,228.0,70.0,19.0,0.0,0.0,26.0,8.0,18.0,17.0,22.0,2.0,0.0,0.0,0.0,0.0,18.0,17.0,0.0,0.0,0.0,0.0
C3_f0.5__baldwinian__s20,C3_f0.5__baldwinian,C3_f0.5,C3,baldwinian,20,850,train,50,2.12,20,20,54.28492888868931,0.9375,0.5,298.0,105.0,103.0,343.0,171.0,65.0,0.0,0.0,37.0,12.0,8.0,28.0,21.0,7.0,0.0,0.0,0.0,0.0,8.0,28.0,0.0,0.0,0.0,0.0
C3_f0.5__baldwinian__s20,C3_f0.5__baldwinian,C3_f0.5,C3,baldwinian,20,900,train,50,2.56,24,24,74.36536415426254,0.8333333333333334,0.5,246.0,85.0,98.0,304.0,185.0,66.0,0.0,0.0,20.0,10.0,18.0,23.0,21.0,4.0,0.0,0.0,0.0,0.0,18.0,23.0,0.0,0.0,0.0,0.0
C3_f0.5__baldwinian__s20,C3_f0.5__baldwinian,C3_f0.5,C3,baldwinian,20,950,train,50,2.78,21,21,44.674085025516945,0.9375,0.5,309.0,99.0,100.0,268.0,53.0,14.0,0.0,0.0,35.0,10.0,19.0,25.0,12.0,6.0,0.0,0.0,0.0,0.0,19.0,25.0,0.0,0.0,0.0,0.0
C3_f0.5__baldwinian__s20,C3_f0.5__baldwinian,C3_f0.5,C3,baldwinian,20,1000,train,50,2.8,20,20,76.22604711467436,0.7916666666666666,0.5,261.0,85.0,76.0,214.0,66.0,24.0,0.0,0.0,32.0,9.0,8.0,20.0,21.0,8.0,0.0,0.0,0.0,0.0,8.0,20.0,0.0,0.0,0.0,0.0
C3_f0.5__baldwinian__s20,C3_f0.5__baldwinian,C3_f0.5,C3,baldwinian,20,1050,train,50,3.04,20,20,78.82687698624378,0.8541666666666666,0.5,170.0,52.0,69.0,270.0,76.0,32.0,0.0,0.0,25.0,3.0,12.0,18.0,22.0,10.0,0.0,0.0,0.0,0.0,12.0,18.0,0.0,0.0,0.0,0.0
C3_f0.5__baldwinian__s20,C3_f0.5__baldwinian,C3_f0.5,C3,baldwinian,20,1100,train,50,3.2,21,21,85.20564648972773,0.7708333333333334,0.5,305.0,105.0,119.0,335.0,82.0,21.0,0.0,0.0,33.0,7.0,14.0,23.0,21.0,10.0,0.0,0.0,0.0,0.0,14.0,23.0,0.0,0.0,0.0,0.0
C3_f0.5__baldwinian__s20,C3_f0.5__baldwinian,C3_f0.5,C3,baldwinian,20,1150,train,50,3.32,18,18,114.19273736321696,0.6875,0.5,335.0,110.0,112.0,392.0,91.0,28.0,0.0,0.0,31.0,6.0,6.0,34.0,16.0,6.0,0.0,0.0,0.0,0.0,6.0,34.0,0.0,0.0,0.0,0.0
C3_f0.5__baldwinian__s20,C3_f0.5__baldwinian,C3_f0.5,C3,baldwinian,20,1200,train,50,3.64,24,24,67.96037960012815,0.8958333333333334,0.5,328.0,81.0,140.0,400.0,107.0,41.0,0.0,0.0,29.0,12.0,12.0,30.0,23.0,12.0,0.0,0.0,0.0,0.0,12.0,30.0,0.0,0.0,0.0,0.0
C3_f0.5__baldwinian__s20,C3_f0.5__baldwinian,C3_f0.5,C3,baldwinian,20,1250,train,50,3.74,16,16,75.41998546597826,0.8125,0.5,334.0,126.0,99.0,306.0,117.0,45.0,0.0,0.0,27.0,12.0,10.0,23.0,24.0,11.0,0.0,0.0,0.0,0.0,10.0,23.0,0.0,0.0,0.0,0.0
C3_f0.5__baldwinian__s20,C3_f0.5__baldwinian,C3_f0.5,C3,baldwinian,20,1300,train,50,3.76,18,18,118.57009565285385,0.7291666666666666,0.5,261.0,64.0,71.0,214.0,42.0,11.0,0.0,0.0,38.0,9.0,7.0,14.0,9.0,2.0,0.0,0.0,0.0,0.0,7.0,14.0,0.0,0.0,0.0,0.0
C3_f0.5__baldwinian__s20,C3_f0.5__baldwinian,C3_f0.5,C3,baldwinian,20,1350,train,50,3.88,13,13,124.62507679240456,0.7291666666666666,0.5,232.0,68.0,96.0,276.0,91.0,40.0,0.0,0.0,34.0,7.0,10.0,24.0,20.0,9.0,0.0,0.0,0.0,0.0,10.0,24.0,0.0,0.0,0.0,0.0
C3_f0.5__baldwinian__s20,C3_f0.5__baldwinian,C3_f0.5,C3,baldwinian,20,1400,train,50,4.36,22,22,46.82519581359839,0.9583333333333334,0.5,286.0,95.0,93.0,255.0,104.0,45.0,0.0,0.0,43.0,4.0,21.0,19.0,17.0,11.0,0.0,0.0,0.0,0.0,21.0,19.0,0.0,0.0,0.0,0.0
C3_f0.5__baldwinian__s20,C3_f0.5__baldwinian,C3_f0.5,C3,baldwinian,20,1450,train,47,4.51063829787234,18,21,102.91573570320949,0.7708333333333334,0.5,350.0,107.0,106.0,295.0,68.0,27.0,0.0,0.0,30.0,9.0,17.0,14.0,19.0,8.0,0.0,0.0,0.0,0.0,17.0,14.0,0.0,0.0,0.0,0.0
C3_f0.5__baldwinian__s20,C3_f0.5__baldwinian,C3_f0.5,C3,baldwinian,20,1500,train,43,4.883720930232558,11,15,106.44595071806802,0.75,0.5,239.0,75.0,85.0,236.0,46.0,18.0,0.0,0.0,38.0,7.0,14.0,22.0,7.0,10.0,0.0,0.0,0.0,0.0,14.0,22.0,0.0,0.0,0.0,0.0
C3_f0.5__baldwinian__s20,C3_f0.5__baldwinian,C3_f0.5,C3,baldwinian,20,1550,eval,50,5.6,27,20,103.05456195615632,0.75,0.5,407.0,151.0,83.0,239.0,91.0,34.0,6.0,10.0,35.0,7.0,8.0,22.0,14.0,3.0,0.0,3.0,0.0,0.0,8.0,22.0,0.0,0.0,0.0,3.0
C3_f0.5__baldwinian__s20,C3_f0.5__baldwinian,C3_f0.5,C3,baldwinian,20,1600,eval,50,5.48,12,12,97.8049490964139,0.8125,0.5,399.0,141.0,118.0,466.0,90.0,33.0,10.0,22.0,36.0,11.0,9.0,22.0,8.0,9.0,2.0,6.0,0.0,0.0,9.0,22.0,0.0,0.0,2.0,6.0
C3_f0.5__baldwinian__s20,C3_f0.5__baldwinian,C3_f0.5,C3,baldwinian,20,1650,eval,50,5.42,21,21,135.72561696984837,0.7291666666666666,0.5,360.0,130.0,136.0,407.0,92.0,31.0,13.0,45.0,30.0,8.0,9.0,26.0,9.0,1.0,1.0,9.0,0.0,0.0,9.0,26.0,0.0,0.0,1.0,9.0
C3_f0.5__baldwinian__s20,C3_f0.5__baldwinian,C3_f0.5,C3,baldwinian,20,1700,eval,50,5.3,17,17,79.00975559405609,0.7916666666666666,0.5,455.0,162.0,144.0,435.0,160.0,52.0,39.0,87.0,20.0,22.0,9.0,28.0,9.0,5.0,0.0,3.0,0.0,0.0,9.0,28.0,0.0,0.0,0.0,3.0
C3_f0.5__baldwinian__s20,C3_f0.5__baldwinian,C3_f0.5,C3,baldwinian,20,1750,eval,50,5.32,9,9,142.81692441284417,0.7083333333333334,0.5,398.0,134.0,150.0,415.0,108.0,33.0,20.0,54.0,23.0,11.0,11.0,21.0,6.0,1.0,0.0,8.0,0.0,0.0,11.0,21.0,0.0,0.0,0.0,8.0
C3_f0.5__baldwinian__s20,C3_f0.5__baldwinian,C3_f0.5,C3,baldwinian,20,1800,eval,50,5.58,14,14,158.75003375400945,0.6041666666666666,0.5,383.0,122.0,146.0,452.0,97.0,27.0,42.0,126.0,19.0,16.0,7.0,23.0,7.0,7.0,3.0,10.0,0.0,0.0,7.0,23.0,0.0,0.0,3.0,10.0
C3_f0.5__baldwinian__s21,C3_f0.5__baldwinian,C3_f0.5,C3,baldwinian,21,50,train,50,0.86,35,5,80.64759070728641,0.8125,0.5,168.0,61.0,57.0,197.0,53.0,16.0,0.0,0.0,44.0,11.0,12.0,33.0,7.0,4.0,0.0,0.0,0.0,0.0,12.0,33.0,0.0,0.0,0.0,0.0
C3_f0.5__baldwinian__s21,C3_f0.5__baldwinian,C3_f0.5,C3,baldwinian,21,100,train,50,0.98,11,11,86.58342319916649,0.8125,0.5,165.0,53.0,89.0,237.0,51.0,10.0,0.0,0.0,29.0,17.0,9.0,22.0,13.0,2.0,0.0,0.0,0.0,0.0,9.0,22.0,0.0,0.0,0.0,0.0
C3_f0.5__baldwinian__s21,C3_f0.5__baldwinian,C3_f0.5,C3,baldwinian,21,150,train,50,1.16,15,15,82.03616358717173,0.9166666666666666,0.5,240.0,84.0,117.0,320.0,99.0,30.0,0.0,0.0,41.0,7.0,15.0,25.0,12.0,4.0,0.0,0.0,0.0,0.0,15.0,25.0,0.0,0.0,0.0,0.0
C3_f0.5__baldwinian__s21,C3_f0.5__baldwinian,C3_f0.5,C3,baldwinian,21,200,train,50,1.38,22,22,60.43509849042661,0.9375,0.5,304.0,83.0,105.0,287.0,44.0,18.0,0.0,0.0,40.0,11.0,16.0,21.0,13.0,8.0,0.0,0.0,0.0,0.0,16.0,21.0,0.0,0.0,0.0,0.0
C3_f0.5__baldwinian__s21,C3_f0.5__baldwinian,C3_f0.5,C3,baldwinian,21,250,train,40,1.225,14,24,89.97234922814518,0.875,0.5,267.0,89.0,90.0,304.0,73.0,22.0,0.0,0.0,35.0,9.0,16.0,29.0,7.0,1.0,0.0,0.0,0.0,0.0,16.0,29.0,0.0,0.0,0.0,0.0
C3_f0.5__baldwinian__s21,C3_f0.5__baldwinian,C3_f0.5,C3,baldwinian,21,300,train,44,1.3863636363636365,21,17,89.9615296728165,0.8125,0.5,404.0,151.0,99.0,303.0,59.0,22.0,0.0,0.0,47.0,8.0,18.0,23.0,13.0,5.0,0.0,0.0,0.0,0.0,18.0,23.0,0.0,0.0,0.0,0.0
C3_f0.5__baldwinian__s21,C3_f0.5__baldwinian,C3_f0.5,C3,baldwinian,21,350,train,47,1.4893617021276595,19,16,71.32098619653206,0.8333333333333334,0.5,307.0,85.0,88.0,273.0,67.0,26.0,0.0,0.0,39.0,13.0,6.0,27.0,8.0,3.0,0.0,0.0,0.0,0.0,6.0,27.0,0.0,0.0,0.0,0.0
C3_f0.5__baldwinian__s21,C3_f0.5__baldwinian,C3_f0.5,C3,baldwinian,21,400,train,39,1.5384615384615385,12,20,130.36682091565623,0.7083333333333334,0.5,282.0,101.0,96.0,300.0,41.0,16.0,0.0,0.0,29.0,9.0,12.0,27.0,11.0,1.0,0.0,0.0,0.0,0.0,12.0,27.0,0.0,0.0,0.0,0.0
C3_f0.5__baldwinian__s21,C3_f0.5__baldwinian,C3_f0.5,C3,baldwinian,21,450,train,48,1.8333333333333333,23,14,54.15366151086132,0.9166666666666666,0.5,387.0,122.0,114.0,356.0,49.0,21.0,0.0,0.0,48.0,13.0,11.0,37.0,17.0,5.0,0.0,0.0,0.0,0.0,11.0,37.0,0.0,0.0,0.0,0.0
C3_f0.5__baldwinian__s21,C3_f0.5__baldwinian,C3_f0.5,C3,baldwinian,21,500,train,37,2.0,14,25,115.55861624376655,0.7708333333333334,0.5,307.0,105.0,91.0,274.0,37.0,11.0,0.0,0.0,31.0,8.0,13.0,24.0,9.0,2.0,0.0,0.0,0.0,0.0,13.0,24.0,0.0,0.0,0.0,0.0
C3_f0.5__baldwinian__s21,C3_f0.5__baldwinian,C3_f0.5,C3,baldwinian,21,550,train,49,2.6122448979591835,27,15,67.85861334938811,0.8541666666666666,0.5,339.0,111.0,103.0,358.0,19.0,10.0,0.0,0.0,52.0,9.0,12.0,27.0,6.0,3.0,0.0,0.0,0.0,0.0,12.0,27.0,0.0,0.0,0.0,0.0
C3_f0.5__baldwinian__s21,C3_f0.5__baldwinian,C3_f0.5,C3,baldwinian,21,600,train,44,2.909090909090909,14,19,90.13411219834609,0.8333333333333334,0.5,254.0,92.0,76.0,293.0,44.0,23.0,0.0,0.0,34.0,11.0,16.0,18.0,6.0,4.0,0.0,0.0,0.0,0.0,16.0,18.0,0.0,0.0,0.0,0.0
C3_f0.5__baldwinian__s21,C3_f0.5__baldwinian,C3_f0.5,C3,baldwinian,21,650,train,47,3.3191489361702127,21,18,91.02574546729402,0.8125,0.5,381.0,147.0,127.0,364.0,57.0,20.0,0.0,0.0,31.0,9.0,17.0,20.0,7.0,4.0,0.0,0.0,0.0,0.0,17.0,20.0,0.0,0.0,0.0,0.0
C3_f0.5__baldwinian__s21,C3_f0.5__baldwinian,C3_f0.5,C3,baldwinian,21,700,train,50,3.48,16,13,67.17138010229155,0.8333333333333334,0.5,368.0,94.0,144.0,394.0,75.0,28.0,0.0,0.0,45.0,6.0,14.0,28.0,14.0,3.0,0.0,0.0,0.0,0.0,14.0,28.0,0.0,0.0,0.0,0.0
C3_f0.5__baldwinian__s21,C3_f0.5__baldwinian,C3_f0.5,C3,baldwinian,21,750,train,50,3.58,21,21,94.4494401967872,0.8333333333333334,0.5,337.0,109.0,95.0,265.0,76.0,26.0,0.0,0.0,36.0,11.0,15.0,32.0,8.0,3.0,0.0,0.0,0.0,0.0,15.0,32.0,0.0,0.0,0.0,0.0
C3_f0.5__baldwinian__s21,C3_f0.5__baldwinian,C3_f0.5,C3,baldwinian,21,800,train,50,3.52,11,11,81.75471969352843,0.8541666666666666,0.5,321.0,107.0,129.0,323.0,131.0,38.0,0.0,0.0,40.0,10.0,15.0,21.0,12.0,4.0,0.0,0.0,0.0,0.0,15.0,21.0,0.0,0.0,0.0,0.0
C3_f0.5__baldwinian__s21,C3_f0.5__baldwinian,C3_f0.5,C3,baldwinian,21,850,train,50,3.58,18,18,59.11092999211303,0.8958333333333334,0.5,392.0,140.0,101.0,353.0,104.0,29.0,0.0,0.0,58.0,10.0,7.0,25.0,15.0,2.0,0.0,0.0,0.0,0.0,7.0,25.0,0.0,0.0,0.0,0.0
C3_f0.5__baldwinian__s21,C3_f0.5__baldwinian,C3_f0.5,C3,baldwinian,21,900,train,50,3.82,16,16,56.38783849123954,0.9166666666666666,0.5,443.0,147.0,93.0,315.0,44.0,12.0,0.0,0.0,54.0,12.0,9.0,20.0,15.0,5.0,0.0,0.0,0.0,0.0,9.0,20.0,0.0,0.0,0.0,0.0
C3_f0.5__baldwinian__s21,C3_f0.5__baldwinian,C3_f0.5,C3,baldwinian,21,950,train,50,3.92,22,22,85.9862089534122,0.8541666666666666,0.5,338.0,104.0,108.0,384.0,39.0,15.0,0.0,0.0,35.0,6.0,16.0,27.0,10.0,5.0,0.0,0.0,0.0,0.0,16.0,27.0,0.0,0.0,0.0,0.0
C3_f0.5__baldwinian__s21,C3_f0.5__baldwinian,C3_f0.5,C3,baldwinian,21,1000,train,48,4.229166666666667,19,21,103.48232158710252,0.7916666666666666,0.5,404.0,127.0,121.0,371.0,37.0,10.0,0.0,0.0,48.0,10.0,16.0,27.0,7.0,4.0,0.0,0.0,0.0,0.0,16.0,27.0,0.0,0.0,0.0,0.0
C3_f0.5__baldwinian__s21,C3_f0.5__baldwinian,C3_f0.5,C3,baldwinian,21,1050,train,48,4.4375,14,14,94.24456980139686,0.8333333333333334,0.5,332.0,111.0,124.0,388.0,47.0,19.0,0.0,0.0,42.0,8.0,19.0,22.0,8.0,6.0,0.0,0.0,0.0,0.0,19.0,22.0,0.0,0.0,0.0,0.0
C3_f0.5__baldwinian__s21,C3_f0.5__baldwinian,C3_f0.5,C3,baldwinian,21,1100,train,50,4.48,13,11,120.49765242783096,0.7916666666666666,0.5,329.0,103.0,118.0,331.0,71.0,15.0,0.0,0.0,40.0,7.0,13.0,25.0,11.0,0.0,0.0,0.0,0.0,0.0,13.0,25.0,0.0,0.0,0.0,0.0
C3_f0.5__baldwinian__s21,C3_f0.5__baldwinian,C3_f0.5,C3,baldwinian,21,1150,train,50,4.46,22,22,54.03788503053879,0.8958333333333334,0.5,414.0,141.0,129.0,331.0,27.0,9.0,0.0,0.0,49.0,8.0,13.0,20.0,9.0,6.0,0.0,0.0,0.0,0.0,13.0,20.0,0.0,0.0,0.0,0.0
C3_f0.5__baldwinian__s21,C3_f0.5__baldwinian,C3_f0.5,C3,baldwinian,21,1200,train,50,4.72,19,19,85.64457958762543,0.8333333333333334,0.5,275.0,76.0,106.0,304.0,39.0,13.0,0.0,0.0,36.0,5.0,16.0,20.0,11.0,5.0,0.0,0.0,0.0,0.0,16.0,20.0,0.0,0.0,0.0,0.0
C3_f0.5__baldwinian__s21,C3_f0.5__baldwinian,C3_f0.5,C3,baldwinian,21,1250,train,50,5.0,18,18,76.99546301537468,0.875,0.5,267.0,84.0,149.0,461.0,70.0,28.0,0.0,0.0,42.0,13.0,22.0,19.0,11.0,5.0,0.0,0.0,0.0,0.0,22.0,19.0,0.0,0.0,0.0,0.0
C3_f0.5__baldwinian__s21,C3_f0.5__baldwinian,C3_f0.5,C3,baldwinian,21,1300,train,50,5.0,11,11,129.21968286978506,0.7083333333333334,0.5,311.0,79.0,116.0,323.0,42.0,17.0,0.0,0.0,34.0,10.0,10.0,25.0,10.0,4.0,0.0,0.0,0.0,0.0,10.0,25.0,0.0,0.0,0.0,0.0
C3_f0.5__baldwinian__s21,C3_f0.5__baldwinian,C3_f0.5,C3,baldwinian,21,1350,train,50,5.28,17,17,67.79473768876139,0.8333333333333334,0.5,305.0,129.0,119.0,357.0,68.0,28.0,0.0,0.0,42.0,9.0,15.0,28.0,16.0,3.0,0.0,0.0,0.0,0.0,15.0,28.0,0.0,0.0,0.0,0.0
C3_f0.5__baldwinian__s21,C3_f0.5__baldwinian,C3_f0.5,C3,baldwinian,21,1400,train,48,5.416666666666667,26,28,97.45928390774225,0.8125,0.5,305.0,113.0,89.0,326.0,64.0,21.0,0.0,0.0,38.0,10.0,12.0,37.0,10.0,4.0,0.0,0.0,0.0,0.0,12.0,37.0,0.0,0.0,0.0,0.0
C3_f0.5__baldwinian__s21,C3_f0.5__baldwinian,C3_f0.5,C3,baldwinian,21,1450,train,49,5.6938775510204085,27,26,42.43541752455662,0.9375,0.5,317.0,100.0,111.0,368.0,49.0,18.0,0.0,0.0,36.0,9.0,15.0,40.0,6.0,5.0,0.0,0.0,0.0,0.0,15.0,40.0,0.0,0.0,0.0,0.0
C3_f0.5__baldwinian__s21,C3_f0.5__baldwinian,C3_f0.5,C3,baldwinian,21,1500,train,50,5.74,18,17,71.30669871210635,0.875,0.5,253.0,74.0,105.0,297.0,59.0,25.0,0.0,0.0,35.0,13.0,8.0,26.0,8.0,7.0,0.0,0.0,0.0,0.0,8.0,26.0,0.0,0.0,0.0,0.0
C3_f0.5__baldwinian__s21,C3_f0.5__baldwinian,C3_f0.5,C3,baldwinian,21,1550,eval,37,5.72972972972973,13,26,135.15577893374845,0.7291666666666666,0.5,288.0,95.0,72.0,204.0,6.0,8.0,0.0,3.0,45.0,14.0,10.0,20.0,1.0,3.0,0.0,0.0,0.0,0.0,10.0,20.0,0.0,0.0,0.0,0.0
C3_f0.5__baldwinian__s21,C3_f0.5__baldwinian,C3_f0.5,C3,baldwinian,21,1600,eval,50,5.98,30,17,128.6196005992657,0.7083333333333334,0.5,290.0,89.0,84.0,266.0,43.0,17.0,13.0,41.0,26.0,11.0,6.0,27.0,6.0,4.0,1.0,1.0,0.0,0.0,6.0,27.0,0.0,0.0,1.0,1.0
C3_f0.5__baldwinian__s21,C3_f0.5__baldwinian,C3_f0.5,C3,baldwinian,21,1650,eval,49,6.183673469387755,20,21,143.12448860735958,0.6875,0.5,354.0,100.0,86.0,296.0,55.0,17.0,22.0,85.0,29.0,9.0,14.0,28.0,4.0,0.0,1.0,4.0,0.0,0.0,14.0,28.0,0.0,0.0,1.0,4.0
C3_f0.5__baldwinian__s21,C3_f0.5__baldwinian,C3_f0.5,C3,baldwinian,21,1700,eval,50,6.74,25,24,144.9665573166457,0.6458333333333334,0.5,266.0,91.0,158.0,469.0,48.0,21.0,24.0,49.0,29.0,5.0,17.0,30.0,4.0,2.0,1.0,3.0,0.0,0.0,17.0,30.0,0.0,0.0,1.0,3.0
C3_f0.5__baldwinian__s21,C3_f0.5__baldwinian,C3_f0.5,C3,baldwinian,21,1750,eval,50,7.18,17,17,208.2074961950451,0.5,0.5,385.0,113.0,182.0,497.0,72.0,17.0,13.0,35.0,25.0,3.0,11.0,21.0,1.0,0.0,1.0,4.0,0.0,0.0,11.0,21.0,0.0,0.0,1.0,4.0
C3_f0.5__baldwinian__s21,C3_f0.5__baldwinian,C3_f0.5,C3,baldwinian,21,1800,eval,50,7.3,5,5,226.25270923980042,0.3958333333333333,0.5,323.0,116.0,151.0,420.0,53.0,19.0,14.0,34.0,22.0,7.0,7.0,18.0,7.0,1.0,0.0,2.0,0.0,0.0,7.0,18.0,0.0,0.0,0.0,2.0
C3_f0.5__baldwinian__s22,C3_f0.5__baldwinian,C3_f0.5,C3,baldwinian,22,50,train,50,0.92,35,5,83.69430819179124,0.8958333333333334,0.5,236.0,71.0,60.0,177.0,75.0,18.0,0.0,0.0,41.0,15.0,13.0,30.0,16.0,5.0,0.0,0.0,0.0,0.0,13.0,30.0,0.0,0.0,0.0,0.0
C3_f0.5__baldwinian__s22,C3_f0.5__baldwinian,C3_f0.5,C3,baldwinian,22,100,train,50,1.0,11,11,96.23723456784498,0.8541666666666666,0.5,215.0,67.0,104.0,349.0,76.0,19.0,0.0,0.0,19.0,11.0,7.0,29.0,16.0,4.0,0.0,0.0,0.0,0.0,7.0,29.0,0.0,0.0,0.0,0.0
C3_f0.5__baldwinian__s22,C3_f0.5__baldwinian,C3_f0.5,C3,baldwinian,22,150,train,50,0.94,13,13,79.11631493195439,0.8541666666666666,0.5,281.0,109.0,106.0,326.0,146.0,47.0,0.0,0.0,35.0,8.0,9.0,30.0,19.0,5.0,0.0,0.0,0.0,0.0,9.0,30.0,0.0,0.0,0.0,0.0
C3_f0.5__baldwinian__s22,C3_f0.5__baldwinian,C3_f0.5,C3,baldwinian,22,200,train,50,0.96,21,21,57.27346780162628,0.9166666666666666,0.5,352.0,126.0,116.0,326.0,63.0,28.0,0.0,0.0,44.0,13.0,16.0,26.0,12.0,6.0,0.0,0.0,0.0,0.0,16.0,26.0,0.0,0.0,0.0,0.0
C3_f0.5__baldwinian__s22,C3_f0.5__baldwinian,C3_f0.5,C3,baldwinian,22,250,train,50,0.92,9,9,123.46958915270345,0.7083333333333334,0.5,311.0,97.0,99.0,302.0,74.0,27.0,0.0,0.0,28.0,6.0,9.0,12.0,13.0,3.0,0.0,0.0,0.0,0.0,9.0,12.0,0.0,0.0,0.0,0.0
C3_f0.5__baldwinian__s22,C3_f0.5__baldwinian,C3_f0.5,C3,baldwinian,22,300,train,50,0.94,13,13,70.11998100603911,0.8958333333333334,0.5,421.0,126.0,123.0,316.0,74.0,36.0,0.0,0.0,45.0,3.0,14.0,31.0,12.0,10.0,0.0,0.0,0.0,0.0,14.0,31.0,0.0,0.0,0.0,0.0
C3_f0.5__baldwinian__s22,C3_f0.5__baldwinian,C3_f0.5,C3,baldwinian,22,350,train,50,0.96,15,15,79.14789561140412,0.875,0.5,262.0,85.0,84.0,261.0,109.0,32.0,0.0,0.0,40.0,7.0,14.0,25.0,13.0,6.0,0.0,0.0,0.0,0.0,14.0,25.0,0.0,0.0,0.0,0.0
C3_f0.5__baldwinian__s22,C3_f0.5__baldwinian,C3_f0.5,C3,baldwinian,22,400,train,50,1.0,15,15,77.2152156347492,0.875,0.5,302.0,115.0,110.0,329.0,104.0,38.0,0.0,0.0,36.0,12.0,17.0,22.0,18.0,5.0,0.0,0.0,0.0,0.0,17.0,22.0,0.0,0.0,0.0,0.0
C3_f0.5__baldwinian__s22,C3_f0.5__baldwinian,C3_f0.5,C3,baldwinian,22,450,train,50,0.96,16,16,91.84744372621287,0.8541666666666666,0.5,340.0,114.0,90.0,309.0,118.0,33.0,0.0,0.0,33.0,9.0,14.0,29.0,15.0,5.0,0.0,0.0,0.0,0.0,14.0,29.0,0.0,0.0,0.0,0.0
C3_f0.5__baldwinian__s22,C3_f0.5__baldwinian,C3_f0.5,C3,baldwinian,22,500,train,44,1.3409090909090908,18,24,71.54119053218649,0.8541666666666666,0.5,322.0,97.0,96.0,273.0,81.0,20.0,0.0,0.0,44.0,8.0,14.0,21.0,20.0,1.0,0.0,0.0,0.0,0.0,14.0,21.0,0.0,0.0,0.0,0.0
C3_f0.5__baldwinian__s22,C3_f0.5__baldwinian,C3_f0.5,C3,baldwinian,22,550,train,50,1.84,28,22,82.78930481163198,0.8333333333333334,0.5,217.0,67.0,64.0,233.0,37.0,11.0,0.0,0.0,35.0,10.0,4.0,32.0,17.0,1.0,0.0,0.0,0.0,0.0,4.0,32.0,0.0,0.0,0.0,0.0
C3_f0.5__baldwinian__s22,C3_f0.5__baldwinian,C3_f0.5,C3,baldwinian,22,600,train,50,2.1,17,17,77.72776460790635,0.8958333333333334,0.5,220.0,65.0,46.0,158.0,88.0,26.0,0.0,0.0,37.0,10.0,9.0,18.0,20.0,5.0,0.0,0.0,0.0,0.0,9.0,18.0,0.0,0.0,0.0,0.0
C3_f0.5__baldwinian__s22,C3_f0.5__baldwinian,C3_f0.5,C3,baldwinian,22,650,train,50,2.46,28,28,47.25164081517259,0.9583333333333334,0.5,193.0,68.0,72.0,222.0,130.0,36.0,0.0,0.0,42.0,6.0,14.0,29.0,14.0,8.0,0.0,0.0,0.0,0.0,14.0,29.0,0.0,0.0,0.0,0.0
C3_f0.5__baldwinian__s22,C3_f0.5__baldwinian,C3_f0.5,C3,baldwinian,22,700,train,50,2.66,19,19,70.8476544241998,0.8541666666666666,0.5,191.0,65.0,58.0,141.0,89.0,28.0,0.0,0.0,33.0,8.0,13.0,11.0,19.0,4.0,0.0,0.0,0.0,0.0,13.0,11.0,0.0,0.0,0.0,0.0
C3_f0.5__baldwinian__s22,C3_f0.5__baldwinian,C3_f0.5,C3,baldwinian,22,750,train,50,2.72,17,17,78.22584927982558,0.8541666666666666,0.5,228.0,82.0,84.0,218.0,81.0,37.0,0.0,0.0,28.0,12.0,12.0,23.0,17.0,5.0,0.0,0.0,0.0,0.0,12.0,23.0,0.0,0.0,0.0,0.0
C3_f0.5__baldwinian__s22,C3_f0.5__baldwinian,C3_f0.5,C3,baldwinian,22,800,train,48,2.9583333333333335,17,19,100.42073291232816,0.7708333333333334,0.5,218.0,82.0,106.0,314.0,64.0,25.0,0.0,0.0,36.0,9.0,18.0,28.0,15.0,4.0,0.0,0.0,0.0,0.0,18.0,28.0,0.0,0.0,0.0,0.0
C3_f0.5__baldwinian__s22,C3_f0.5__baldwinian,C3_f0.5,C3,baldwinian,22,850,train,50,3.24,20,18,82.04472969024945,0.8541666666666666,0.5,265.0,72.0,116.0,397.0,106.0,38.0,0.0,0.0,26.0,7.0,16.0,32.0,14.0,8.0,0.0,0.0,0.0,0.0,16.0,32.0,0.0,0.0,0.0,0.0
C3_f0.5__baldwinian__s22,C3_f0.5__baldwinian,C3_f0.5,C3,baldwinian,22,900,train,50,3.16,15,15,63.7878623044284,0.8958333333333334,0.5,274.0,93.0,118.0,331.0,155.0,54.0,0.0,0.0,38.0,10.0,5.0,22.0,18.0,8.0,0.0,0.0,0.0,0.0,5.0,22.0,0.0,0.0,0.0,0.0
C3_f0.5__baldwinian__s22,C3_f0.5__baldwinian,C3_f0.5,C3,baldwinian,22,950,train,50,3.62,18,18,93.63421460585468,0.7708333333333334,0.5,231.0,81.0,91.0,263.0,115.0,36.0,0.0,0.0,27.0,5.0,14.0,24.0,14.0,8.0,0.0,0.0,0.0,0.0,14.0,24.0,0.0,0.0,0.0,0.0
C3_f0.5__baldwinian__s22,C3_f0.5__baldwinian,C3_f0.5,C3,baldwinian,22,1000,train,50,3.6,14,14,80.83915726414544,0.7916666666666666,0.5,294.0,105.0,91.0,281.0,91.0,37.0,0.0,0.0,31.0,14.0,9.0,22.0,16.0,8.0,0.0,0.0,0.0,0.0,9.0,22.0,0.0,0.0,0.0,0.0
C3_f0.5__baldwinian__s22,C3_f0.5__baldwinian,C3_f0.5,C3,baldwinian,22,1050,train,50,3.88,12,12,70.00993046338056,0.8541666666666666,0.5,253.0,78.0,73.0,240.0,87.0,25.0,0.0,0.0,41.0,8.0,13.0,24.0,24.0,6.0,0.0,0.0,0.0,0.0,13.0,24.0,0.0,0.0,0.0,0.0
C3_f0.5__baldwinian__s22,C3_f0.5__baldwinian,C3_f0.5,C3,baldwinian,22,1100,train,50,4.24,14,14,72.10963725866978,0.8541666666666666,0.5,288.0,114.0,79.0,234.0,57.0,19.0,0.0,0.0,38.0,10.0,13.0,18.0,19.0,5.0,0.0,0.0,0.0,0.0,13.0,18.0,0.0,0.0,0.0,0.0
C3_f0.5__baldwinian__s22,C3_f0.5__baldwinian,C3_f0.5,C3,baldwinian,22,1150,train,50,4.38,18,18,108.55981538792378,0.7708333333333334,0.5,298.0,94.0,83.0,271.0,26.0,8.0,0.0,0.0,38.0,9.0,12.0,20.0,13.0,1.0,0.0,0.0,0.0,0.0,12.0,20.0,0.0,0.0,0.0,0.0
C3_f0.5__baldwinian__s22,C3_f0.5__baldwinian,C3_f0.5,C3,baldwinian,22,1200,train,50,4.3,15,15,96.10390327053821,0.7708333333333334,0.5,405.0,139.0,84.0,274.0,67.0,22.0,0.0,0.0,35.0,7.0,10.0,29.0,15.0,5.0,0.0,0.0,0.0,0.0,10.0,29.0,0.0,0.0,0.0,0.0
C3_f0.5__baldwinian__s22,C3_f0.5__baldwinian,C3_f0.5,C3,baldwinian,22,1250,train,50,4.9,21,21,70.15237363478599,0.8958333333333334,0.5,292.0,104.0,122.0,337.0,81.0,18.0,0.0,0.0,31.0,10.0,18.0,28.0,28.0,3.0,0.0,0.0,0.0,0.0,18.0,28.0,0.0,0.0,0.0,0.0
C3_f0.5__baldwinian__s22,C3_f0.5__baldwinian,C3_f0.5,C3,baldwinian,22,1300,train,50,5.08,18,18,88.95823073918922,0.8333333333333334,0.5,223.0,89.0,78.0,262.0,75.0,27.0,0.0,0.0,25.0,10.0,11.0,29.0,17.0,4.0,0.0,0.0,0.0,0.0,11.0,29.0,0.0,0.0,0.0,0.0
C3_f0.5__baldwinian__s22,C3_f0.5__baldwinian,C3_f0.5,C3,baldwinian,22,1350,train,50,5.4,20,20,95.99427118577663,0.8125,0.5,304.0,88.0,109.0,363.0,84.0,24.0,0.0,0.0,39.0,10.0,5.0,31.0,14.0,7.0,0.0,0.0,0.0,0.0,5.0,31.0,0.0,0.0,0.0,0.0
C3_f0.5__baldwinian__s22,C3_f0.5__baldwinian,C3_f0.5,C3,baldwinian,22,1400,train,50,5.7,16,16,92.09090011715513,0.875,0.5,224.0,65.0,78.0,242.0,89.0,15.0,0.0,0.0,37.0,4.0,10.0,22.0,18.0,1.0,0.0,0.0,0.0,0.0,10.0,22.0,0.0,0.0,0.0,0.0
C3_f0.5__baldwinian__s22,C3_f0.5__baldwinian,C3_f0.5,C3,baldwinian,22,1450,train,50,5.82,14,14,110.23677361902094,0.75,0.5,320.0,93.0,91.0,268.0,100.0,31.0,0.0,0.0,39.0,8.0,7.0,23.0,19.0,3.0,0.0,0.0,0.0,0.0,7.0,23.0,0.0,0.0,0.0,0.0
C3_f0.5__baldwinian__s22,C3_f0.5__baldwinian,C3_f0.5,C3,baldwinian,22,1500,train,50,6.0,14,14,79.49023304517027,0.8125,0.5,358.0,116.0,99.0,266.0,85.0,41.0,0.0,0.0,40.0,5.0,16.0,16.0,10.0,7.0,0.0,0.0,0.0,0.0,16.0,16.0,0.0,0.0,0.0,0.0
C3_f0.5__baldwinian__s22,C3_f0.5__baldwinian,C3_f0.5,C3,baldwinian,22,1550,eval,50,6.02,21,21,161.1258254914993,0.6041666666666666,0.5,379.0,95.0,114.0,283.0,27.0,10.0,15.0,55.0,27.0,7.0,5.0,18.0,5.0,1.0,1.0,5.0,0.0,0.0,5.0,18.0,0.0,0.0,1.0,5.0
C3_f0.5__baldwinian__s22,C3_f0.5__baldwinian,C3_f0.5,C3,baldwinian,22,1600,eval,50,6.34,22,22,94.0574418568145,0.8333333333333334,0.5,381.0,125.0,127.0,377.0,51.0,15.0,13.0,69.0,41.0,4.0,12.0,39.0,4.0,0.0,0.0,11.0,0.0,0.0,12.0,39.0,0.0,0.0,0.0,11.0
C3_f0.5__baldwinian__s22,C3_f0.5__baldwinian,C3_f0.5,C3,baldwinian,22,1650,eval,50,6.2,14,14,174.30619266450284,0.6041666666666666,0.5,389.0,118.0,100.0,327.0,121.0,31.0,9.0,33.0,33.0,11.0,9.0,8.0,2.0,1.0,1.0,1.0,0.0,0.0,9.0,8.0,0.0,0.0,1.0,1.0
C3_f0.5__baldwinian__s22,C3_f0.5__baldwinian,C3_f0.5,C3,baldwinian,22,1700,eval,50,6.26,14,14,141.10324322347844,0.6666666666666666,0.5,369.0,145.0,133.0,327.0,46.0,19.0,20.0,55.0,24.0,6.0,11.0,23.0,7.0,5.0,5.0,6.0,0.0,0.0,11.0,23.0,0.0,0.0,5.0,6.0
C3_f0.5__baldwinian__s22,C3_f0.5__baldwinian,C3_f0.5,C3,baldwinian,22,1750,eval,50,6.36,14,14,175.5138029370201,0.5625,0.5,390.0,125.0,93.0,296.0,92.0,34.0,29.0,88.0,30.0,8.0,1.0,14.0,10.0,1.0,4.0,4.0,0.0,0.0,1.0,14.0,0.0,0.0,4.0,4.0
C3_f0.5__baldwinian__s22,C3_f0.5__baldwinian,C3_f0.5,C3,baldwinian,22,1800,eval,50,6.68,16,16,173.24137167789135,0.5416666666666666,0.5,383.0,147.0,118.0,252.0,70.0,27.0,32.0,79.0,20.0,8.0,13.0,12.0,6.0,0.0,4.0,5.0,0.0,0.0,13.0,12.0,0.0,0.0,4.0,5.0
C3_f0.5__baldwinian__s23,C3_f0.5__baldwinian,C3_f0.5,C3,baldwinian,23,50,train,50,0.68,32,2,76.84188802573638,0.8333333333333334,0.5,136.0,56.0,81.0,224.0,76.0,32.0,0.0,0.0,27.0,11.0,11.0,33.0,10.0,8.0,0.0,0.0,0.0,0.0,11.0,33.0,0.0,0.0,0.0,0.0
C3_f0.5__baldwinian__s23,C3_f0.5__baldwinian,C3_f0.5,C3,baldwinian,23,100,train,50,0.82,13,13,56.76841547803707,0.9375,0.5,221.0,74.0,110.0,278.0,56.0,28.0,0.0,0.0,38.0,14.0,18.0,22.0,9.0,8.0,0.0,0.0,0.0,0.0,18.0,22.0,0.0,0.0,0.0,0.0
C3_f0.5__baldwinian__s23,C3_f0.5__baldwinian,C3_f0.5,C3,baldwinian,23,150,train,50,1.02,21,21,68.86117296261037,0.8541666666666666,0.5,281.0,83.0,113.0,326.0,87.0,21.0,0.0,0.0,36.0,8.0,12.0,34.0,12.0,5.0,0.0,0.0,0.0,0.0,12.0,34.0,0.0,0.0,0.0,0.0
C3_f0.5__baldwinian__s23,C3_f0.5__baldwinian,C3_f0.5,C3,baldwinian,23,200,train,44,1.0227272727272727,18,24,80.44220780595397,0.8125,0.5,264.0,98.0,92.0,278.0,65.0,22.0,0.0,0.0,20.0,19.0,18.0,24.0,16.0,6.0,0.0,0.0,0.0,0.0,18.0,24.0,0.0,0.0,0.0,0.0
C3_f0.5__baldwinian__s23,C3_f0.5__baldwinian,C3_f0.5,C3,baldwinian,23,250,train,43,1.2325581395348837,15,16,77.28186737390608,0.875,0.5,266.0,87.0,78.0,257.0,47.0,12.0,0.0,0.0,45.0,12.0,10.0,31.0,18.0,0.0,0.0,0.0,0.0,0.0,10.0,31.0,0.0,0.0,0.0,0.0
C3_f0.5__baldwinian__s23,C3_f0.5__baldwinian,C3_f0.5,C3,baldwinian,23,300,train,50,1.86,23,16,126.67686853158341,0.6875,0.5,233.0,85.0,133.0,288.0,36.0,21.0,0.0,0.0,12.0,12.0,16.0,22.0,2.0,7.0,0.0,0.0,0.0,0.0,16.0,22.0,0.0,0.0,0.0,0.0
C3_f0.5__baldwinian__s23,C3_f0.5__baldwinian,C3_f0.5,C3,baldwinian,23,350,train,50,1.8,19,19,57.6388140115358,0.8958333333333334,0.5,330.0,119.0,120.0,295.0,160.0,53.0,0.0,0.0,26.0,8.0,19.0,36.0,12.0,8.0,0.0,0.0,0.0,0.0,19.0,36.0,0.0,0.0,0.0,0.0
C3_f0.5__baldwinian__s23,C3_f0.5__baldwinian,C3_f0.5,C3,baldwinian,23,400,train,50,1.82,17,17,90.68247292119047,0.8333333333333334,0.5,352.0,110.0,60.0,212.0,119.0,36.0,0.0,0.0,39.0,16.0,10.0,21.0,8.0,5.0,0.0,0.0,0.0,0.0,10.0,21.0,0.0,0.0,0.0,0.0
C3_f0.5__baldwinian__s23,C3_f0.5__baldwinian,C3_f0.5,C3,baldwinian,23,450,train,50,1.92,18,18,95.70694498601364,0.75,0.5,287.0,80.0,119.0,310.0,89.0,34.0,0.0,0.0,32.0,5.0,7.0,24.0,15.0,9.0,0.0,0.0,0.0,0.0,7.0,24.0,0.0,0.0,0.0,0.0
C3_f0.5__baldwinian__s23,C3_f0.5__baldwinian,C3_f0.5,C3,baldwinian,23,500,train,48,2.0,17,19,71.65345547699849,0.875,0.5,238.0,90.0,93.0,282.0,177.0,77.0,0.0,0.0,35.0,9.0,17.0,30.0,18.0,5.0,0.0,0.0,0.0,0.0,17.0,30.0,0.0,0.0,0.0,0.0
C3_f0.5__baldwinian__s23,C3_f0.5__baldwinian,C3_f0.5,C3,baldwinian,23,550,train,42,2.2142857142857144,15,21,91.6850304975413,0.8541666666666666,0.5,226.0,70.0,59.0,202.0,99.0,29.0,0.0,0.0,37.0,6.0,9.0,19.0,18.0,5.0,0.0,0.0,0.0,0.0,9.0,19.0,0.0,0.0,0.0,0.0
C3_f0.5__baldwinian__s23,C3_f0.5__baldwinian,C3_f0.5,C3,baldwinian,23,600,train,41,2.5609756097560976,17,18,126.72238981275191,0.75,0.5,285.0,101.0,86.0,297.0,12.0,5.0,0.0,0.0,32.0,8.0,18.0,25.0,6.0,1.0,0.0,0.0,0.0,0.0,18.0,25.0,0.0,0.0,0.0,0.0
C3_f0.5__baldwinian__s23,C3_f0.5__baldwinian,C3_f0.5,C3,baldwinian,23,650,train,50,2.68,23,14,101.34885279225773,0.7916666666666666,0.5,342.0,107.0,113.0,373.0,49.0,14.0,0.0,0.0,48.0,11.0,19.0,19.0,9.0,4.0,0.0,0.0,0.0,0.0,19.0,19.0,0.0,0.0,0.0,0.0
C3_f0.5__baldwinian__s23,C3_f0.5__baldwinian,C3_f0.5,C3,baldwinian,23,700,train,43,2.813953488372093,11,18,63.62273177546102,0.9166666666666666,0.5,247.0,75.0,111.0,320.0,71.0,21.0,0.0,0.0,42.0,7.0,15.0,21.0,15.0,1.0,0.0,0.0,0.0,0.0,15.0,21.0,0.0,0.0,0.0,0.0
C3_f0.5__baldwinian__s23,C3_f0.5__baldwinian,C3_f0.5,C3,baldwinian,23,750,train,35,2.6,11,19,117.79492052697277,0.7916666666666666,0.5,219.0,70.0,93.0,301.0,64.0,22.0,0.0,0.0,34.0,4.0,14.0,23.0,20.0,6.0,0.0,0.0,0.0,0.0,14.0,23.0,0.0,0.0,0.0,0.0
C3_f0.5__baldwinian__s23,C3_f0.5__baldwinian,C3_f0.5,C3,baldwinian,23,800,train,43,2.7906976744186047,19,11,103.41058202669699,0.7916666666666666,0.5,235.0,81.0,108.0,350.0,37.0,9.0,0.0,0.0,39.0,3.0,10.0,22.0,20.0,3.0,0.0,0.0,0.0,0.0,10.0,22.0,0.0,0.0,0.0,0.0
C3_f0.5__baldwinian__s23,C3_f0.5__baldwinian,C3_f0.5,C3,baldwinian,23,850,train,44,3.25,11,10,75.55578869681449,0.7708333333333334,0.5,250.0,77.0,79.0,280.0,55.0,13.0,0.0,0.0,50.0,12.0,12.0,21.0,12.0,6.0,0.0,0.0,0.0,0.0,12.0,21.0,0.0,0.0,0.0,0.0
C3_f0.5__baldwinian__s23,C3_f0.5__baldwinian,C3_f0.5,C3,baldwinian,23,900,train,47,3.425531914893617,20,17,84.5086560702305,0.8333333333333334,0.5,311.0,107.0,93.0,293.0,121.0,30.0,0.0,0.0,44.0,12.0,11.0,24.0,24.0,4.0,0.0,0.0,0.0,0.0,11.0,24.0,0.0,0.0,0.0,0.0
C3_f0.5__baldwinian__s23,C3_f0.5__baldwinian,C3_f0.5,C3,baldwinian,23,950,train,42,3.4523809523809526,14,19,95.52838505078051,0.8333333333333334,0.5,167.0,54.0,111.0,294.0,30.0,18.0,0.0,0.0,22.0,11.0,14.0,25.0,8.0,5.0,0.0,0.0,0.0,0.0,14.0,25.0,0.0,0.0,0.0,0.0
C3_f0.5__baldwinian__s23,C3_f0.5__baldwinian,C3_f0.5,C3,baldwinian,23,1000,train,44,3.522727272727273,18,16,67.26885559580533,0.875,0.5,289.0,90.0,90.0,292.0,83.0,26.0,0.0,0.0,36.0,13.0,9.0,30.0,20.0,6.0,0.0,0.0,0.0,0.0,9.0,30.0,0.0,0.0,0.0,0.0
C3_f0.5__baldwinian__s23,C3_f0.5__baldwinian,C3_f0.5,C3,baldwinian,23,1050,train,38,3.3421052631578947,17,23,77.82505440337908,0.875,0.5,350.0,102.0,73.0,259.0,34.0,11.0,0.0,0.0,37.0,7.0,17.0,24.0,7.0,4.0,0.0,0.0,0.0,0.0,17.0,24.0,0.0,0.0,0.0,0.0
C3_f0.5__baldwinian__s23,C3_f0.5__baldwinian,C3_f0.5,C3,baldwinian,23,1100,train,47,3.765957446808511,26,17,154.4436988619892,0.6458333333333334,0.5,300.0,81.0,107.0,323.0,26.0,9.0,0.0,0.0,34.0,5.0,11.0,24.0,14.0,2.0,0.0,0.0,0.0,0.0,11.0,24.0,0.0,0.0,0.0,0.0
C3_f0.5__baldwinian__s23,C3_f0.5__baldwinian,C3_f0.5,C3,baldwinian,23,1150,train,50,3.84,20,17,106.65160904647388,0.8125,0.5,217.0,68.0,78.0,225.0,77.0,27.0,0.0,0.0,31.0,6.0,12.0,17.0,20.0,3.0,0.0,0.0,0.0,0.0,12.0,17.0,0.0,0.0,0.0,0.0
C3_f0.5__baldwinian__s23,C3_f0.5__baldwinian,C3_f0.5,C3,baldwinian,23,1200,train,50,3.78,15,15,91.43350471737718,0.8541666666666666,0.5,350.0,102.0,66.0,219.0,69.0,29.0,0.0,0.0,29.0,8.0,11.0,27.0,13.0,3.0,0.0,0.0,0.0,0.0,11.0,27.0,0.0,0.0,0.0,0.0
C3_f0.5__baldwinian__s23,C3_f0.5__baldwinian,C3_f0.5,C3,baldwinian,23,1250,train,50,4.1,23,23,50.92660858686876,0.875,0.5,251.0,91.0,100.0,312.0,76.0,26.0,0.0,0.0,31.0,8.0,15.0,26.0,16.0,5.0,0.0,0.0,0.0,0.0,15.0,26.0,0.0,0.0,0.0,0.0
C3_f0.5__baldwinian__s23,C3_f0.5__baldwinian,C3_f0.5,C3,baldwinian,23,1300,train,47,4.042553191489362,18,21,58.596855150034884,0.9375,0.5,265.0,85.0,107.0,350.0,61.0,16.0,0.0,0.0,35.0,11.0,6.0,29.0,19.0,2.0,0.0,0.0,0.0,0.0,6.0,29.0,0.0,0.0,0.0,0.0
C3_f0.5__baldwinian__s23,C3_f0.5__baldwinian,C3_f0.5,C3,baldwinian,23,1350,train,41,3.902439024390244,11,17,108.56983920932633,0.75,0.5,296.0,87.0,73.0,194.0,50.0,24.0,0.0,0.0,30.0,7.0,13.0,22.0,19.0,1.0,0.0,0.0,0.0,0.0,13.0,22.0,0.0,0.0,0.0,0.0
C3_f0.5__baldwinian__s23,C3_f0.5__baldwinian,C3_f0.5,C3,baldwinian,23,1400,train,46,4.130434782608695,23,18,86.51939670467709,0.8333333333333334,0.5,282.0,100.0,125.0,382.0,62.0,21.0,0.0,0.0,29.0,14.0,19.0,29.0,22.0,5.0,0.0,0.0,0.0,0.0,19.0,29.0,0.0,0.0,0.0,0.0
C3_f0.5__baldwinian__s23,C3_f0.5__baldwinian,C3_f0.5,C3,baldwinian,23,1450,train,50,4.12,23,19,87.75430483313212,0.8125,0.5,289.0,99.0,92.0,283.0,64.0,29.0,0.0,0.0,31.0,5.0,12.0,26.0,16.0,5.0,0.0,0.0,0.0,0.0,12.0,26.0,0.0,0.0,0.0,0.0
C3_f0.5__baldwinian__s23,C3_f0.5__baldwinian,C3_f0.5,C3,baldwinian,23,1500,train,50,4.38,15,15,92.34922727108165,0.8333333333333334,0.5,337.0,122.0,109.0,419.0,103.0,43.0,0.0,0.0,32.0,9.0,12.0,19.0,13.0,12.0,0.0,0.0,0.0,0.0,12.0,19.0,0.0,0.0,0.0,0.0
C3_f0.5__baldwinian__s23,C3_f0.5__baldwinian,C3_f0.5,C3,baldwinian,23,1550,eval,50,4.32,21,21,101.73490672064693,0.8125,0.5,462.0,161.0,145.0,466.0,44.0,22.0,38.0,111.0,47.0,5.0,2.0,32.0,6.0,7.0,3.0,8.0,0.0,0.0,2.0,32.0,0.0,0.0,3.0,8.0
C3_f0.5__baldwinian__s23,C3_f0.5__baldwinian,C3_f0.5,C3,baldwinian,23,1600,eval,50,4.84,24,24,122.09436385303273,0.75,0.5,447.0,174.0,129.0,387.0,66.0,20.0,15.0,45.0,38.0,9.0,9.0,26.0,3.0,1.0,0.0,5.0,0.0,0.0,9.0,26.0,0.0,0.0,0.0,5.0
C3_f0.5__baldwinian__s23,C3_f0.5__baldwinian,C3_f0.5,C3,baldwinian,23,1650,eval,50,4.94,19,19,94.45616555957514,0.7708333333333334,0.5,316.0,110.0,138.0,412.0,29.0,19.0,35.0,99.0,20.0,10.0,5.0,22.0,4.0,8.0,5.0,19.0,0.0,0.0,5.0,22.0,0.0,0.0,5.0,19.0
C3_f0.5__baldwinian__s23,C3_f0.5__baldwinian,C3_f0.5,C3,baldwinian,23,1700,eval,50,4.82,14,14,176.09892207681403,0.5625,0.5,450.0,177.0,145.0,455.0,45.0,13.0,11.0,61.0,34.0,12.0,6.0,28.0,4.0,0.0,0.0,6.0,0.0,0.0,6.0,28.0,0.0,0.0,0.0,6.0
C3_f0.5__baldwinian__s23,C3_f0.5__baldwinian,C3_f0.5,C3,baldwinian,23,1750,eval,50,4.74,12,12,179.43981279615562,0.6041666666666666,0.5,391.0,128.0,122.0,413.0,24.0,10.0,1.0,4.0,30.0,8.0,10.0,41.0,2.0,4.0,0.0,0.0,0.0,0.0,10.0,41.0,0.0,0.0,0.0,0.0
C3_f0.5__baldwinian__s23,C3_f0.5__baldwinian,C3_f0.5,C3,baldwinian,23,1800,eval,50,4.78,9,9,198.8609342823533,0.4791666666666667,0.5,315.0,101.0,147.0,426.0,76.0,22.0,10.0,36.0,14.0,5.0,9.0,33.0,6.0,4.0,1.0,8.0,0.0,0.0,9.0,33.0,0.0,0.0,1.0,8.0
C3_f0.5__baldwinian__s24,C3_f0.5__baldwinian,C3_f0.5,C3,baldwinian,24,50,train,50,0.8,33,3,95.39953456311201,0.8125,0.5,116.0,39.0,64.0,217.0,92.0,33.0,0.0,0.0,32.0,6.0,13.0,30.0,15.0,11.0,0.0,0.0,0.0,0.0,13.0,30.0,0.0,0.0,0.0,0.0
C3_f0.5__baldwinian__s24,C3_f0.5__baldwinian,C3_f0.5,C3,baldwinian,24,100,train,50,0.88,12,12,107.92925436257028,0.7708333333333334,0.5,305.0,127.0,96.0,275.0,105.0,38.0,0.0,0.0,22.0,10.0,11.0,29.0,14.0,8.0,0.0,0.0,0.0,0.0,11.0,29.0,0.0,0.0,0.0,0.0
C3_f0.5__baldwinian__s24,C3_f0.5__baldwinian,C3_f0.5,C3,baldwinian,24,150,train,50,0.92,11,11,93.70145036121266,0.7916666666666666,0.5,394.0,115.0,139.0,377.0,106.0,32.0,0.0,0.0,42.0,9.0,15.0,28.0,12.0,9.0,0.0,0.0,0.0,0.0,15.0,28.0,0.0,0.0,0.0,0.0
C3_f0.5__baldwinian__s24,C3_f0.5__baldwinian,C3_f0.5,C3,baldwinian,24,200,train,50,0.9,11,11,85.62011660299838,0.7708333333333334,0.5,392.0,145.0,94.0,318.0,120.0,44.0,0.0,0.0,35.0,7.0,14.0,27.0,19.0,6.0,0.0,0.0,0.0,0.0,14.0,27.0,0.0,0.0,0.0,0.0
C3_f0.5__baldwinian__s24,C3_f0.5__baldwinian,C3_f0.5,C3,baldwinian,24,250,train,50,0.92,12,12,111.9892799763671,0.6458333333333334,0.5,259.0,81.0,151.0,457.0,74.0,29.0,0.0,0.0,30.0,6.0,11.0,21.0,19.0,6.0,0.0,0.0,0.0,0.0,11.0,21.0,0.0,0.0,0.0,0.0
C3_f0.5__baldwinian__s24,C3_f0.5__baldwinian,C3_f0.5,C3,baldwinian,24,300,train,50,0.88,12,12,84.24079723987366,0.7916666666666666,0.5,320.0,100.0,160.0,456.0,100.0,23.0,0.0,0.0,33.0,9.0,10.0,27.0,15.0,4.0,0.0,0.0,0.0,0.0,10.0,27.0,0.0,0.0,0.0,0.0
C3_f0.5__baldwinian__s24,C3_f0.5__baldwinian,C3_f0.5,C3,baldwinian,24,350,train,50,0.88,8,8,105.37886733221325,0.7291666666666666,0.5,455.0,135.0,101.0,339.0,138.0,32.0,0.0,0.0,41.0,9.0,13.0,16.0,20.0,5.0,0.0,0.0,0.0,0.0,13.0,16.0,0.0,0.0,0.0,0.0
C3_f0.5__baldwinian__s24,C3_f0.5__baldwinian,C3_f0.5,C3,baldwinian,24,400,train,50,0.88,11,11,87.15972130364861,0.8125,0.5,394.0,128.0,115.0,363.0,126.0,37.0,0.0,0.0,41.0,9.0,12.0,20.0,16.0,8.0,0.0,0.0,0.0,0.0,12.0,20.0,0.0,0.0,0.0,0.0
C3_f0.5__baldwinian__s24,C3_f0.5__baldwinian,C3_f0.5,C3,baldwinian,24,450,train,50,0.88,5,5,86.9696583177384,0.7916666666666666,0.5,395.0,128.0,136.0,416.0,150.0,51.0,0.0,0.0,48.0,8.0,10.0,17.0,20.0,4.0,0.0,0.0,0.0,0.0,10.0,17.0,0.0,0.0,0.0,0.0
C3_f0.5__baldwinian__s24,C3_f0.5__baldwinian,C3_f0.5,C3,baldwinian,24,500,train,50,1.22,17,17,89.58019433228392,0.7916666666666666,0.5,503.0,162.0,111.0,351.0,164.0,51.0,0.0,0.0,40.0,5.0,12.0,23.0,23.0,1.0,0.0,0.0,0.0,0.0,12.0,23.0,0.0,0.0,0.0,0.0
C3_f0.5__baldwinian__s24,C3_f0.5__baldwinian,C3_f0.5,C3,baldwinian,24,550,train,50,1.66,30,30,59.51781975148596,0.8958333333333334,0.5,238.0,68.0,109.0,393.0,113.0,33.0,0.0,0.0,26.0,6.0,14.0,36.0,30.0,4.0,0.0,0.0,0.0,0.0,14.0,36.0,0.0,0.0,0.0,0.0
C3_f0.5__baldwinian__s24,C3_f0.5__baldwinian,C3_f0.5,C3,baldwinian,24,600,train,50,1.78,22,22,83.64841178422402,0.8333333333333334,0.5,252.0,79.0,117.0,298.0,60.0,20.0,0.0,0.0,29.0,10.0,15.0,28.0,18.0,7.0,0.0,0.0,0.0,0.0,15.0,28.0,0.0,0.0,0.0,0.0
C3_f0.5__baldwinian__s24,C3_f0.5__baldwinian,C3_f0.5,C3,baldwinian,24,650,train,50,1.84,13,13,87.15764165330256,0.8125,0.5,281.0,98.0,88.0,231.0,72.0,21.0,0.0,0.0,42.0,12.0,8.0,25.0,19.0,4.0,0.0,0.0,0.0,0.0,8.0,25.0,0.0,0.0,0.0,0.0
C3_f0.5__baldwinian__s24,C3_f0.5__baldwinian,C3_f0.5,C3,baldwinian,24,700,train,49,2.0816326530612246,24,25,93.94826798664289,0.7708333333333334,0.5,242.0,79.0,71.0,229.0,60.0,18.0,0.0,0.0,32.0,5.0,13.0,27.0,18.0,5.0,0.0,0.0,0.0,0.0,13.0,27.0,0.0,0.0,0.0,0.0
C3_f0.5__baldwinian__s24,C3_f0.5__baldwinian,C3_f0.5,C3,baldwinian,24,750,train,49,2.2653061224489797,17,17,67.21068966435689,0.9166666666666666,0.5,311.0,103.0,100.0,354.0,90.0,23.0,0.0,0.0,40.0,10.0,19.0,22.0,21.0,5.0,0.0,0.0,0.0,0.0,19.0,22.0,0.0,0.0,0.0,0.0
C3_f0.5__baldwinian__s24,C3_f0.5__baldwinian,C3_f0.5,C3,baldwinian,24,800,train,42,2.380952380952381,11,18,86.82863350741974,0.8541666666666666,0.5,270.0,83.0,87.0,245.0,75.0,28.0,0.0,0.0,29.0,6.0,16.0,14.0,24.0,7.0,0.0,0.0,0.0,0.0,16.0,14.0,0.0,0.0,0.0,0.0
C3_f0.5__baldwinian__s24,C3_f0.5__baldwinian,C3_f0.5,C3,baldwinian,24,850,train,50,2.58,22,14,70.3056536121887,0.9166666666666666,0.5,345.0,105.0,128.0,402.0,66.0,24.0,0.0,0.0,31.0,13.0,17.0,27.0,17.0,5.0,0.0,0.0,0.0,0.0,17.0,27.0,0.0,0.0,0.0,0.0
C3_f0.5__baldwinian__s24,C3_f0.5__baldwinian,C3_f0.5,C3,baldwinian,24,900,train,50,2.84,15,15,92.63890080540058,0.7916666666666666,0.5,307.0,96.0,149.0,417.0,31.0,8.0,0.0,0.0,31.0,13.0,16.0,29.0,10.0,4.0,0.0,0.0,0.0,0.0,16.0,29.0,0.0,0.0,0.0,0.0
C3_f0.5__baldwinian__s24,C3_f0.5__baldwinian,C3_f0.5,C3,baldwinian,24,950,train,50,2.86,19,19,62.50446105556796,0.8541666666666666,0.5,395.0,124.0,71.0,256.0,99.0,39.0,0.0,0.0,38.0,8.0,9.0,18.0,11.0,12.0,0.0,0.0,0.0,0.0,9.0,18.0,0.0,0.0,0.0,0.0
C3_f0.5__baldwinian__s24,C3_f0.5__baldwinian,C3_f0.5,C3,baldwinian,24,1000,train,50,2.96,21,21,59.88223069881252,0.8958333333333334,0.5,298.0,82.0,72.0,254.0,132.0,49.0,0.0,0.0,41.0,6.0,10.0,20.0,17.0,9.0,0.0,0.0,0.0,0.0,10.0,20.0,0.0,0.0,0.0,0.0
C3_f0.5__baldwinian__s24,C3_f0.5__baldwinian,C3_f0.5,C3,baldwinian,24,1050,train,50,2.98,12,12,99.59843209036529,0.7916666666666666,0.5,277.0,97.0,76.0,253.0,79.0,29.0,0.0,0.0,36.0,9.0,7.0,22.0,13.0,7.0,0.0,0.0,0.0,0.0,7.0,22.0,0.0,0.0,0.0,0.0
C3_f0.5__baldwinian__s24,C3_f0.5__baldwinian,C3_f0.5,C3,baldwinian,24,1100,train,50,3.06,12,12,100.99611708472848,0.7708333333333334,0.5,349.0,112.0,78.0,220.0,118.0,49.0,0.0,0.0,29.0,13.0,6.0,17.0,17.0,4.0,0.0,0.0,0.0,0.0,6.0,17.0,0.0,0.0,0.0,0.0
C3_f0.5__baldwinian__s24,C3_f0.5__baldwinian,C3_f0.5,C3,baldwinian,24,1150,train,50,3.16,14,14,95.20820454460193,0.8333333333333334,0.5,315.0,120.0,59.0,200.0,102.0,43.0,0.0,0.0,31.0,13.0,4.0,18.0,14.0,5.0,0.0,0.0,0.0,0.0,4.0,18.0,0.0,0.0,0.0,0.0
C3_f0.5__baldwinian__s24,C3_f0.5__baldwinian,C3_f0.5,C3,baldwinian,24,1200,train,50,3.46,17,17,100.92903188789066,0.7916666666666666,0.5,362.0,128.0,115.0,387.0,50.0,25.0,0.0,0.0,33.0,14.0,8.0,31.0,16.0,8.0,0.0,0.0,0.0,0.0,8.0,31.0,0.0,0.0,0.0,0.0
C3_f0.5__baldwinian__s24,C3_f0.5__baldwinian,C3_f0.5,C3,baldwinian,24,1250,train,50,3.66,20,20,77.3626183475215,0.875,0.5,229.0,77.0,88.0,257.0,74.0,25.0,0.0,0.0,36.0,4.0,14.0,24.0,12.0,8.0,0.0,0.0,0.0,0.0,14.0,24.0,0.0,0.0,0.0,0.0
C3_f0.5__baldwinian__s24,C3_f0.5__baldwinian,C3_f0.5,C3,baldwinian,24,1300,train,50,3.9,17,17,52.76727725053939,0.9166666666666666,0.5,293.0,87.0,67.0,170.0,121.0,32.0,0.0,0.0,47.0,9.0,8.0,22.0,21.0,6.0,0.0,0.0,0.0,0.0,8.0,22.0,0.0,0.0,0.0,0.0
C3_f0.5__baldwinian__s24,C3_f0.5__baldwinian,C3_f0.5,C3,baldwinian,24,1350,train,50,4.22,24,24,69.16942332483555,0.8958333333333334,0.5,248.0,73.0,78.0,305.0,82.0,18.0,0.0,0.0,42.0,8.0,11.0,21.0,19.0,3.0,0.0,0.0,0.0,0.0,11.0,21.0,0.0,0.0,0.0,0.0
C3_f0.5__baldwinian__s24,C3_f0.5__baldwinian,C3_f0.5,C3,baldwinian,24,1400,train,50,4.4,17,17,63.8326220928296,0.875,0.5,317.0,122.0,98.0,303.0,87.0,36.0,0.0,0.0,34.0,10.0,10.0,22.0,15.0,4.0,0.0,0.0,0.0,0.0,10.0,22.0,0.0,0.0,0.0,0.0
C3_f0.5__baldwinian__s24,C3_f0.5__baldwinian,C3_f0.5,C3,baldwinian,24,1450,train,50,4.16,17,17,52.33304635754993,0.9166666666666666,0.5,271.0,93.0,107.0,269.0,92.0,34.0,0.0,0.0,42.0,10.0,13.0,21.0,21.0,4.0,0.0,0.0,0.0,0.0,13.0,21.0,0.0,0.0,0.0,0.0
C3_f0.5__baldwinian__s24,C3_f0.5__baldwinian,C3_f0.5,C3,baldwinian,24,1500,train,50,4.2,17,17,80.70657063651485,0.8333333333333334,0.5,299.0,102.0,62.0,203.0,65.0,30.0,0.0,0.0,40.0,9.0,14.0,18.0,19.0,9.0,0.0,0.0,0.0,0.0,14.0,18.0,0.0,0.0,0.0,0.0
C3_f0.5__baldwinian__s24,C3_f0.5__baldwinian,C3_f0.5,C3,baldwinian,24,1550,eval,50,4.3,25,25,200.66648811268726,0.5208333333333334,0.5,281.0,91.0,112.0,341.0,21.0,5.0,8.0,32.0,27.0,3.0,8.0,17.0,3.0,0.0,0.0,0.0,0.0,0.0,8.0,17.0,0.0,0.0,0.0,0.0
C3_f0.5__baldwinian__s24,C3_f0.5__baldwinian,C3_f0.5,C3,baldwinian,24,1600,eval,50,4.4,17,17,100.16741616528358,0.8125,0.5,349.0,125.0,141.0,402.0,52.0,20.0,8.0,49.0,23.0,18.0,15.0,18.0,21.0,3.0,5.0,9.0,0.0,0.0,15.0,18.0,0.0,0.0,5.0,9.0
C3_f0.5__baldwinian__s24,C3_f0.5__baldwinian,C3_f0.5,C3,baldwinian,24,1650,eval,50,4.74,18,18,150.2397847588521,0.6875,0.5,354.0,121.0,88.0,278.0,40.0,17.0,21.0,97.0,30.0,13.0,6.0,13.0,7.0,1.0,5.0,7.0,0.0,0.0,6.0,13.0,0.0,0.0,5.0,7.0
C3_f0.5__baldwinian__s24,C3_f0.5__baldwinian,C3_f0.5,C3,baldwinian,24,1700,eval,50,4.92,12,12,143.9906122539121,0.6875,0.5,328.0,93.0,107.0,312.0,108.0,35.0,6.0,19.0,28.0,5.0,9.0,26.0,15.0,2.0,1.0,0.0,0.0,0.0,9.0,26.0,0.0,0.0,1.0,0.0
C3_f0.5__baldwinian__s24,C3_f0.5__baldwinian,C3_f0.5,C3,baldwinian,24,1750,eval,50,5.08,12,12,204.77433094875812,0.5,0.5,345.0,95.0,136.0,410.0,101.0,27.0,56.0,171.0,14.0,5.0,10.0,16.0,5.0,3.0,7.0,5.0,0.0,0.0,10.0,16.0,0.0,0.0,7.0,5.0
C3_f0.5__baldwinian__s24,C3_f0.5__baldwinian,C3_f0.5,C3,baldwinian,24,1800,eval,50,5.22,7,7,244.98913176569914,0.4166666666666667,0.5,284.0,102.0,89.0,237.0,128.0,47.0,26.0,67.0,18.0,5.0,6.0,12.0,8.0,5.0,1.0,5.0,0.0,0.0,6.0,12.0,0.0,0.0,1.0,5.0
C3_f0.5__baldwinian__s25,C3_f0.5__baldwinian,C3_f0.5,C3,baldwinian,25,50,train,47,0.8297872340425532,38,11,48.92456665620655,0.8958333333333334,0.5,170.0,47.0,70.0,171.0,64.0,32.0,0.0,0.0,29.0,10.0,15.0,36.0,33.0,14.0,0.0,0.0,0.0,0.0,15.0,36.0,0.0,0.0,0.0,0.0
C3_f0.5__baldwinian__s25,C3_f0.5__baldwinian,C3_f0.5,C3,baldwinian,25,100,train,50,1.0,15,12,68.1443756702837,0.875,0.5,265.0,78.0,59.0,230.0,121.0,32.0,0.0,0.0,29.0,11.0,6.0,25.0,16.0,11.0,0.0,0.0,0.0,0.0,6.0,25.0,0.0,0.0,0.0,0.0
C3_f0.5__baldwinian__s25,C3_f0.5__baldwinian,C3_f0.5,C3,baldwinian,25,150,train,50,1.06,16,16,84.99793937772753,0.875,0.5,197.0,66.0,81.0,256.0,107.0,27.0,0.0,0.0,30.0,10.0,10.0,32.0,10.0,3.0,0.0,0.0,0.0,0.0,10.0,32.0,0.0,0.0,0.0,0.0
C3_f0.5__baldwinian__s25,C3_f0.5__baldwinian,C3_f0.5,C3,baldwinian,25,200,train,50,1.24,16,16,108.05949258432341,0.7708333333333334,0.5,197.0,68.0,90.0,310.0,119.0,53.0,0.0,0.0,34.0,2.0,13.0,20.0,20.0,7.0,0.0,0.0,0.0,0.0,13.0,20.0,0.0,0.0,0.0,0.0
C3_f0.5__baldwinian__s25,C3_f0.5__baldwinian,C3_f0.5,C3,baldwinian,25,250,train,47,1.4680851063829787,21,24,91.74655276062684,0.8333333333333334,0.5,231.0,73.0,89.0,314.0,159.0,62.0,0.0,0.0,34.0,7.0,16.0,31.0,15.0,13.0,0.0,0.0,0.0,0.0,16.0,31.0,0.0,0.0,0.0,0.0
C3_f0.5__baldwinian__s25,C3_f0.5__baldwinian,C3_f0.5,C3,baldwinian,25,300,train,50,1.46,19,16,65.47705605251818,0.875,0.5,217.0,89.0,105.0,338.0,130.0,36.0,0.0,0.0,25.0,11.0,13.0,23.0,24.0,5.0,0.0,0.0,0.0,0.0,13.0,23.0,0.0,0.0,0.0,0.0
C3_f0.5__baldwinian__s25,C3_f0.5__baldwinian,C3_f0.5,C3,baldwinian,25,350,train,50,1.34,20,20,96.25053127510274,0.7916666666666666,0.5,366.0,111.0,109.0,327.0,110.0,37.0,0.0,0.0,31.0,6.0,17.0,20.0,14.0,4.0,0.0,0.0,0.0,0.0,17.0,20.0,0.0,0.0,0.0,0.0
C3_f0.5__baldwinian__s25,C3_f0.5__baldwinian,C3_f0.5,C3,baldwinian,25,400,train,50,1.2,10,10,63.69277470596107,0.875,0.5,276.0,99.0,112.0,362.0,157.0,66.0,0.0,0.0,32.0,11.0,9.0,26.0,32.0,10.0,0.0,0.0,0.0,0.0,9.0,26.0,0.0,0.0,0.0,0.0
C3_f0.5__baldwinian__s25,C3_f0.5__baldwinian,C3_f0.5,C3,baldwinian,25,450,train,50,1.18,12,12,92.41600804371697,0.7708333333333334,0.5,381.0,117.0,127.0,357.0,97.0,25.0,0.0,0.0,40.0,7.0,8.0,16.0,27.0,5.0,0.0,0.0,0.0,0.0,8.0,16.0,0.0,0.0,0.0,0.0
C3_f0.5__baldwinian__s25,C3_f0.5__baldwinian,C3_f0.5,C3,baldwinian,25,500,train,50,1.54,17,17,109.41781526538725,0.7708333333333334,0.5,385.0,119.0,110.0,367.0,86.0,18.0,0.0,0.0,43.0,6.0,8.0,15.0,28.0,4.0,0.0,0.0,0.0,0.0,8.0,15.0,0.0,0.0,0.0,0.0
C3_f0.5__baldwinian__s25,C3_f0.5__baldwinian,C3_f0.5,C3,baldwinian,25,550,train,50,1.9,16,16,85.79169021307588,0.8541666666666666,0.5,258.0,87.0,74.0,236.0,117.0,40.0,0.0,0.0,32.0,8.0,8.0,17.0,24.0,11.0,0.0,0.0,0.0,0.0,8.0,17.0,0.0,0.0,0.0,0.0
C3_f0.5__baldwinian__s25,C3_f0.5__baldwinian,C3_f0.5,C3,baldwinian,25,600,train,50,2.24,18,18,59.54459740263157,0.9166666666666666,0.5,282.0,88.0,108.0,259.0,106.0,32.0,0.0,0.0,38.0,7.0,12.0,25.0,22.0,4.0,0.0,0.0,0.0,0.0,12.0,25.0,0.0,0.0,0.0,0.0
C3_f0.5__baldwinian__s25,C3_f0.5__baldwinian,C3_f0.5,C3,baldwinian,25,650,train,50,2.36,12,12,95.67727051784243,0.7708333333333334,0.5,263.0,84.0,103.0,302.0,85.0,34.0,0.0,0.0,24.0,6.0,10.0,18.0,24.0,9.0,0.0,0.0,0.0,0.0,10.0,18.0,0.0,0.0,0.0,0.0
C3_f0.5__baldwinian__s25,C3_f0.5__baldwinian,C3_f0.5,C3,baldwinian,25,700,train,50,2.64,18,18,90.43289689957996,0.7708333333333334,0.5,295.0,102.0,86.0,226.0,159.0,37.0,0.0,0.0,32.0,12.0,9.0,20.0,24.0,4.0,0.0,0.0,0.0,0.0,9.0,20.0,0.0,0.0,0.0,0.0
C3_f0.5__baldwinian__s25,C3_f0.5__baldwinian,C3_f0.5,C3,baldwinian,25,750,train,50,2.68,18,18,49.30300151836027,0.9375,0.5,273.0,83.0,135.0,338.0,104.0,40.0,0.0,0.0,33.0,9.0,18.0,26.0,15.0,11.0,0.0,0.0,0.0,0.0,18.0,26.0,0.0,0.0,0.0,0.0
C3_f0.5__baldwinian__s25,C3_f0.5__baldwinian,C3_f0.5,C3,baldwinian,25,800,train,50,2.52,19,19,63.40230287183102,0.9166666666666666,0.5,294.0,81.0,89.0,301.0,102.0,32.0,0.0,0.0,36.0,8.0,10.0,23.0,19.0,6.0,0.0,0.0,0.0,0.0,10.0,23.0,0.0,0.0,0.0,0.0
C3_f0.5__baldwinian__s25,C3_f0.5__baldwinian,C3_f0.5,C3,baldwinian,25,850,train,50,2.58,23,23,68.61416434295525,0.8541666666666666,0.5,163.0,48.0,79.0,193.0,79.0,28.0,0.0,0.0,26.0,7.0,13.0,15.0,20.0,6.0,0.0,0.0,0.0,0.0,13.0,15.0,0.0,0.0,0.0,0.0
C3_f0.5__baldwinian__s25,C3_f0.5__baldwinian,C3_f0.5,C3,baldwinian,25,900,train,50,2.7,9,9,92.17356814219119,0.7708333333333334,0.5,305.0,103.0,100.0,289.0,87.0,25.0,0.0,0.0,30.0,14.0,7.0,16.0,21.0,3.0,0.0,0.0,0.0,0.0,7.0,16.0,0.0,0.0,0.0,0.0
C3_f0.5__baldwinian__s25,C3_f0.5__baldwinian,C3_f0.5,C3,baldwinian,25,950,train,50,2.9,10,10,77.7784747022617,0.8333333333333334,0.5,332.0,120.0,129.0,386.0,48.0,25.0,0.0,0.0,28.0,12.0,6.0,26.0,13.0,9.0,0.0,0.0,0.0,0.0,6.0,26.0,0.0,0.0,0.0,0.0
C3_f0.5__baldwinian__s25,C3_f0.5__baldwinian,C3_f0.5,C3,baldwinian,25,1000,train,50,3.06,16,16,86.04949054875009,0.875,0.5,287.0,101.0,132.0,376.0,89.0,29.0,0.0,0.0,35.0,7.0,10.0,24.0,25.0,8.0,0.0,0.0,0.0,0.0,10.0,24.0,0.0,0.0,0.0,0.0
C3_f0.5__baldwinian__s25,C3_f0.5__baldwinian,C3_f0.5,C3,baldwinian,25,1050,train,50,3.2,15,15,69.79897149238721,0.8541666666666666,0.5,320.0,105.0,68.0,246.0,91.0,41.0,0.0,0.0,33.0,13.0,6.0,22.0,19.0,11.0,0.0,0.0,0.0,0.0,6.0,22.0,0.0,0.0,0.0,0.0
C3_f0.5__baldwinian__s25,C3_f0.5__baldwinian,C3_f0.5,C3,baldwinian,25,1100,train,50,3.14,15,15,53.82880427628525,0.8958333333333334,0.5,248.0,80.0,83.0,268.0,144.0,37.0,0.0,0.0,35.0,10.0,12.0,22.0,25.0,4.0,0.0,0.0,0.0,0.0,12.0,22.0,0.0,0.0,0.0,0.0
C3_f0.5__baldwinian__s25,C3_f0.5__baldwinian,C3_f0.5,C3,baldwinian,25,1150,train,50,3.12,15,15,118.42107272384243,0.7083333333333334,0.5,288.0,108.0,72.0,257.0,59.0,25.0,0.0,0.0,29.0,10.0,6.0,22.0,20.0,5.0,0.0,0.0,0.0,0.0,6.0,22.0,0.0,0.0,0.0,0.0
C3_f0.5__baldwinian__s25,C3_f0.5__baldwinian,C3_f0.5,C3,baldwinian,25,1200,train,50,3.26,20,20,128.94475182868098,0.7083333333333334,0.5,292.0,86.0,74.0,280.0,90.0,38.0,0.0,0.0,26.0,2.0,11.0,28.0,26.0,7.0,0.0,0.0,0.0,0.0,11.0,28.0,0.0,0.0,0.0,0.0
C3_f0.5__baldwinian__s25,C3_f0.5__baldwinian,C3_f0.5,C3,baldwinian,25,1250,train,50,3.38,10,10,78.89104586234954,0.8125,0.5,331.0,106.0,156.0,428.0,87.0,38.0,0.0,0.0,34.0,14.0,16.0,20.0,23.0,2.0,0.0,0.0,0.0,0.0,16.0,20.0,0.0,0.0,0.0,0.0
C3_f0.5__baldwinian__s25,C3_f0.5__baldwinian,C3_f0.5,C3,baldwinian,25,1300,train,50,3.6,25,25,67.20269339177412,0.8541666666666666,0.5,261.0,85.0,161.0,398.0,61.0,23.0,0.0,0.0,30.0,9.0,11.0,27.0,19.0,6.0,0.0,0.0,0.0,0.0,11.0,27.0,0.0,0.0,0.0,0.0
C3_f0.5__baldwinian__s25,C3_f0.5__baldwinian,C3_f0.5,C3,baldwinian,25,1350,train,50,3.86,22,22,91.82574219278006,0.8125,0.5,295.0,85.0,96.0,259.0,61.0,27.0,0.0,0.0,24.0,11.0,14.0,34.0,21.0,5.0,0.0,0.0,0.0,0.0,14.0,34.0,0.0,0.0,0.0,0.0
C3_f0.5__baldwinian__s25,C3_f0.5__baldwinian,C3_f0.5,C3,baldwinian,25,1400,train,50,4.02,15,15,144.03659203273045,0.6875,0.5,237.0,85.0,64.0,246.0,120.0,32.0,0.0,0.0,24.0,8.0,8.0,16.0,29.0,3.0,0.0,0.0,0.0,0.0,8.0,16.0,0.0,0.0,0.0,0.0
C3_f0.5__baldwinian__s25,C3_f0.5__baldwinian,C3_f0.5,C3,baldwinian,25,1450,train,50,4.18,17,17,103.1391046553612,0.8541666666666666,0.5,419.0,143.0,71.0,241.0,95.0,32.0,0.0,0.0,37.0,14.0,8.0,23.0,17.0,6.0,0.0,0.0,0.0,0.0,8.0,23.0,0.0,0.0,0.0,0.0
C3_f0.5__baldwinian__s25,C3_f0.5__baldwinian,C3_f0.5,C3,baldwinian,25,1500,train,50,4.16,12,12,84.79483029870582,0.8125,0.5,271.0,92.0,103.0,285.0,95.0,30.0,0.0,0.0,38.0,8.0,9.0,22.0,26.0,8.0,0.0,0.0,0.0,0.0,9.0,22.0,0.0,0.0,0.0,0.0
C3_f0.5__baldwinian__s25,C3_f0.5__baldwinian,C3_f0.5,C3,baldwinian,25,1550,eval,50,4.18,18,18,117.96726768720973,0.7708333333333334,0.5,250.0,77.0,103.0,329.0,69.0,18.0,15.0,39.0,32.0,5.0,10.0,20.0,13.0,1.0,1.0,8.0,0.0,0.0,10.0,20.0,0.0,0.0,1.0,8.0
C3_f0.5__baldwinian__s25,C3_f0.5__baldwinian,C3_f0.5,C3,baldwinian,25,1600,eval,50,4.24,8,8,112.96947275890747,0.7083333333333334,0.5,308.0,98.0,90.0,295.0,138.0,40.0,43.0,106.0,39.0,11.0,9.0,15.0,12.0,2.0,9.0,17.0,0.0,0.0,9.0,15.0,0.0,0.0,9.0,17.0
C3_f0.5__baldwinian__s25,C3_f0.5__baldwinian,C3_f0.5,C3,baldwinian,25,1650,eval,50,4.44,18,18,137.8966354287063,0.7708333333333334,0.5,256.0,68.0,84.0,314.0,124.0,39.0,47.0,110.0,28.0,7.0,10.0,28.0,9.0,6.0,9.0,12.0,0.0,0.0,10.0,28.0,0.0,0.0,9.0,12.0
C3_f0.5__baldwinian__s25,C3_f0.5__baldwinian,C3_f0.5,C3,baldwinian,25,1700,eval,50,4.62,21,21,204.3033127169059,0.5,0.5,376.0,128.0,71.0,246.0,55.0,19.0,27.0,72.0,29.0,6.0,15.0,20.0,7.0,3.0,6.0,5.0,0.0,0.0,15.0,20.0,0.0,0.0,6.0,5.0
C3_f0.5__baldwinian__s25,C3_f0.5__baldwinian,C3_f0.5,C3,baldwinian,25,1750,eval,50,4.7,14,14,278.59119585575377,0.3333333333333333,0.5,210.0,76.0,99.0,298.0,62.0,18.0,13.0,37.0,16.0,5.0,14.0,19.0,3.0,0.0,1.0,5.0,0.0,0.0,14.0,19.0,0.0,0.0,1.0,5.0
C3_f0.5__baldwinian__s25,C3_f0.5__baldwinian,C3_f0.5,C3,baldwinian,25,1800,eval,50,4.74,14,14,255.54124519338575,0.3333333333333333,0.5,257.0,109.0,136.0,360.0,52.0,11.0,5.0,18.0,10.0,4.0,6.0,19.0,4.0,1.0,0.0,1.0,0.0,0.0,6.0,19.0,0.0,0.0,0.0,1.0
C3_f0.5__baldwinian__s26,C3_f0.5__baldwinian,C3_f0.5,C3,baldwinian,26,50,train,50,0.72,34,4,84.87996036109153,0.7708333333333334,0.5,196.0,60.0,65.0,163.0,107.0,31.0,0.0,0.0,33.0,5.0,14.0,32.0,20.0,6.0,0.0,0.0,0.0,0.0,14.0,32.0,0.0,0.0,0.0,0.0
C3_f0.5__baldwinian__s26,C3_f0.5__baldwinian,C3_f0.5,C3,baldwinian,26,100,train,50,0.7,9,9,48.669124713175755,0.9583333333333334,0.5,222.0,74.0,67.0,215.0,42.0,8.0,0.0,0.0,55.0,10.0,4.0,18.0,10.0,1.0,0.0,0.0,0.0,0.0,4.0,18.0,0.0,0.0,0.0,0.0
C3_f0.5__baldwinian__s26,C3_f0.5__baldwinian,C3_f0.5,C3,baldwinian,26,150,train,50,0.7,18,18,151.37875282492917,0.6875,0.5,222.0,83.0,65.0,245.0,74.0,20.0,0.0,0.0,15.0,10.0,11.0,26.0,13.0,6.0,0.0,0.0,0.0,0.0,11.0,26.0,0.0,0.0,0.0,0.0
C3_f0.5__baldwinian__s26,C3_f0.5__baldwinian,C3_f0.5,C3,baldwinian,26,200,train,50,0.72,12,12,89.66549061610334,0.7916666666666666,0.5,284.0,107.0,109.0,373.0,76.0,22.0,0.0,0.0,31.0,8.0,17.0,21.0,17.0,6.0,0.0,0.0,0.0,0.0,17.0,21.0,0.0,0.0,0.0,0.0
C3_f0.5__baldwinian__s26,C3_f0.5__baldwinian,C3_f0.5,C3,baldwinian,26,250,train,50,0.74,17,17,129.2485629185202,0.6666666666666666,0.5,330.0,110.0,150.0,399.0,153.0,46.0,0.0,0.0,32.0,4.0,15.0,26.0,17.0,5.0,0.0,0.0,0.0,0.0,15.0,26.0,0.0,0.0,0.0,0.0
C3_f0.5__baldwinian__s26,C3_f0.5__baldwinian,C3_f0.5,C3,baldwinian,26,300,train,50,0.74,8,8,95.13443951370607,0.6875,0.5,376.0,104.0,130.0,336.0,133.0,51.0,0.0,0.0,34.0,12.0,12.0,23.0,20.0,3.0,0.0,0.0,0.0,0.0,12.0,23.0,0.0,0.0,0.0,0.0
C3_f0.5__baldwinian__s26,C3_f0.5__baldwinian,C3_f0.5,C3,baldwinian,26,350,train,50,0.76,13,13,74.67791550461425,0.875,0.5,371.0,116.0,100.0,326.0,113.0,34.0,0.0,0.0,34.0,18.0,15.0,26.0,19.0,3.0,0.0,0.0,0.0,0.0,15.0,26.0,0.0,0.0,0.0,0.0
C3_f0.5__baldwinian__s26,C3_f0.5__baldwinian,C3_f0.5,C3,baldwinian,26,400,train,50,0.78,7,7,89.70138131188747,0.7708333333333334,0.5,358.0,116.0,156.0,465.0,48.0,13.0,0.0,0.0,28.0,11.0,16.0,22.0,15.0,5.0,0.0,0.0,0.0,0.0,16.0,22.0,0.0,0.0,0.0,0.0
C3_f0.5__baldwinian__s26,C3_f0.5__baldwinian,C3_f0.5,C3,baldwinian,26,450,train,50,0.78,14,14,147.3775786284794,0.6666666666666666,0.5,438.0,122.0,148.0,485.0,64.0,23.0,0.0,0.0,31.0,10.0,8.0,28.0,10.0,4.0,0.0,0.0,0.0,0.0,8.0,28.0,0.0,0.0,0.0,0.0
C3_f0.5__baldwinian__s26,C3_f0.5__baldwinian,C3_f0.5,C3,baldwinian,26,500,train,45,1.1777777777777778,19,24,78.59959761182304,0.8958333333333334,0.5,430.0,153.0,94.0,337.0,92.0,26.0,0.0,0.0,46.0,14.0,7.0,24.0,14.0,8.0,0.0,0.0,0.0,0.0,7.0,24.0,0.0,0.0,0.0,0.0
C3_f0.5__baldwinian__s26,C3_f0.5__baldwinian,C3_f0.5,C3,baldwinian,26,550,train,50,1.56,27,22,140.86873339865963,0.6041666666666666,0.5,218.0,80.0,66.0,200.0,63.0,19.0,0.0,0.0,32.0,7.0,7.0,26.0,15.0,2.0,0.0,0.0,0.0,0.0,7.0,26.0,0.0,0.0,0.0,0.0
C3_f0.5__baldwinian__s26,C3_f0.5__baldwinian,C3_f0.5,C3,baldwinian,26,600,train,50,1.66,13,13,98.70872470989342,0.7916666666666666,0.5,273.0,88.0,89.0,244.0,130.0,44.0,0.0,0.0,34.0,7.0,6.0,30.0,21.0,3.0,0.0,0.0,0.0,0.0,6.0,30.0,0.0,0.0,0.0,0.0
C3_f0.5__baldwinian__s26,C3_f0.5__baldwinian,C3_f0.5,C3,baldwinian,26,650,train,50,1.86,23,23,94.56651998254688,0.75,0.5,270.0,82.0,102.0,321.0,70.0,24.0,0.0,0.0,32.0,7.0,9.0,32.0,11.0,3.0,0.0,0.0,0.0,0.0,9.0,32.0,0.0,0.0,0.0,0.0
C3_f0.5__baldwinian__s26,C3_f0.5__baldwinian,C3_f0.5,C3,baldwinian,26,700,train,50,1.86,15,15,97.27120548208904,0.8125,0.5,283.0,105.0,116.0,354.0,45.0,13.0,0.0,0.0,38.0,7.0,19.0,25.0,10.0,3.0,0.0,0.0,0.0,0.0,19.0,25.0,0.0,0.0,0.0,0.0
C3_f0.5__baldwinian__s26,C3_f0.5__baldwinian,C3_f0.5,C3,baldwinian,26,750,train,50,1.88,12,12,99.78446323431967,0.7916666666666666,0.5,293.0,101.0,83.0,330.0,71.0,27.0,0.0,0.0,34.0,12.0,7.0,35.0,12.0,3.0,0.0,0.0,0.0,0.0,7.0,35.0,0.0,0.0,0.0,0.0
C3_f0.5__baldwinian__s26,C3_f0.5__baldwinian,C3_f0.5,C3,baldwinian,26,800,train,50,1.9,16,16,87.49483123731056,0.8333333333333334,0.5,278.0,111.0,175.0,453.0,44.0,19.0,0.0,0.0,32.0,6.0,17.0,37.0,13.0,6.0,0.0,0.0,0.0,0.0,17.0,37.0,0.0,0.0,0.0,0.0
C3_f0.5__baldwinian__s26,C3_f0.5__baldwinian,C3_f0.5,C3,baldwinian,26,850,train,50,2.02,17,17,119.05904297641575,0.75,0.5,270.0,99.0,112.0,317.0,50.0,16.0,0.0,0.0,28.0,11.0,14.0,24.0,15.0,7.0,0.0,0.0,0.0,0.0,14.0,24.0,0.0,0.0,0.0,0.0
C3_f0.5__baldwinian__s26,C3_f0.5__baldwinian,C3_f0.5,C3,baldwinian,26,900,train,50,2.18,15,15,119.01411823941821,0.7083333333333334,0.5,447.0,140.0,106.0,305.0,38.0,15.0,0.0,0.0,30.0,2.0,15.0,27.0,12.0,3.0,0.0,0.0,0.0,0.0,15.0,27.0,0.0,0.0,0.0,0.0
C3_f0.5__baldwinian__s26,C3_f0.5__baldwinian,C3_f0.5,C3,baldwinian,26,950,train,50,2.24,16,16,78.16480035206727,0.8958333333333334,0.5,344.0,127.0,137.0,451.0,45.0,16.0,0.0,0.0,36.0,8.0,17.0,26.0,17.0,6.0,0.0,0.0,0.0,0.0,17.0,26.0,0.0,0.0,0.0,0.0
C3_f0.5__baldwinian__s26,C3_f0.5__baldwinian,C3_f0.5,C3,baldwinian,26,1000,train,50,2.32,14,14,127.00116445384955,0.7083333333333334,0.5,266.0,79.0,134.0,441.0,74.0,37.0,0.0,0.0,23.0,5.0,16.0,32.0,20.0,6.0,0.0,0.0,0.0,0.0,16.0,32.0,0.0,0.0,0.0,0.0
C3_f0.5__baldwinian__s26,C3_f0.5__baldwinian,C3_f0.5,C3,baldwinian,26,1050,train,50,2.5,23,23,99.66737185680228,0.7708333333333334,0.5,252.0,96.0,151.0,469.0,114.0,37.0,0.0,0.0,18.0,9.0,15.0,38.0,20.0,3.0,0.0,0.0,0.0,0.0,15.0,38.0,0.0,0.0,0.0,0.0
C3_f0.5__baldwinian__s26,C3_f0.5__baldwinian,C3_f0.5,C3,baldwinian,26,1100,train,50,2.62,16,16,92.82363868468222,0.7291666666666666,0.5,333.0,107.0,138.0,398.0,56.0,20.0,0.0,0.0,33.0,11.0,9.0,20.0,22.0,4.0,0.0,0.0,0.0,0.0,9.0,20.0,0.0,0.0,0.0,0.0
C3_f0.5__baldwinian__s26,C3_f0.5__baldwinian,C3_f0.5,C3,baldwinian,26,1150,train,50,2.76,17,17,106.59042049989765,0.7708333333333334,0.5,356.0,111.0,88.0,312.0,40.0,7.0,0.0,0.0,48.0,6.0,11.0,23.0,16.0,2.0,0.0,0.0,0.0,0.0,11.0,23.0,0.0,0.0,0.0,0.0
C3_f0.5__baldwinian__s26,C3_f0.5__baldwinian,C3_f0.5,C3,baldwinian,26,1200,train,50,2.8,9,9,130.40023471096788,0.7083333333333334,0.5,347.0,95.0,112.0,415.0,27.0,6.0,0.0,0.0,34.0,6.0,8.0,33.0,17.0,0.0,0.0,0.0,0.0,0.0,8.0,33.0,0.0,0.0,0.0,0.0
C3_f0.5__baldwinian__s26,C3_f0.5__baldwinian,C3_f0.5,C3,baldwinian,26,1250,train,50,2.86,19,19,57.745208305683725,0.8958333333333334,0.5,269.0,80.0,110.0,314.0,51.0,11.0,0.0,0.0,42.0,9.0,20.0,18.0,22.0,3.0,0.0,0.0,0.0,0.0,20.0,18.0,0.0,0.0,0.0,0.0
C3_f0.5__baldwinian__s26,C3_f0.5__baldwinian,C3_f0.5,C3,baldwinian,26,1300,train,50,2.94,19,19,140.6447068622129,0.6458333333333334,0.5,182.0,68.0,70.0,233.0,86.0,28.0,0.0,0.0,23.0,7.0,13.0,20.0,17.0,3.0,0.0,0.0,0.0,0.0,13.0,20.0,0.0,0.0,0.0,0.0
C3_f0.5__baldwinian__s26,C3_f0.5__baldwinian,C3_f0.5,C3,baldwinian,26,1350,train,50,3.02,16,16,86.29235222162154,0.8125,0.5,260.0,92.0,125.0,308.0,103.0,37.0,0.0,0.0,40.0,16.0,13.0,16.0,17.0,5.0,0.0,0.0,0.0,0.0,13.0,16.0,0.0,0.0,0.0,0.0
C3_f0.5__baldwinian__s26,C3_f0.5__baldwinian,C3_f0.5,C3,baldwinian,26,1400,train,50,3.1,11,11,77.32635471400617,0.7916666666666666,0.5,336.0,107.0,86.0,220.0,47.0,24.0,0.0,0.0,45.0,10.0,9.0,25.0,17.0,7.0,0.0,0.0,0.0,0.0,9.0,25.0,0.0,0.0,0.0,0.0
C3_f0.5__baldwinian__s26,C3_f0.5__baldwinian,C3_f0.5,C3,baldwinian,26,1450,train,50,3.38,17,17,75.04958113104576,0.875,0.5,296.0,97.0,79.0,227.0,36.0,9.0,0.0,0.0,41.0,16.0,8.0,20.0,19.0,3.0,0.0,0.0,0.0,0.0,8.0,20.0,0.0,0.0,0.0,0.0
C3_f0.5__baldwinian__s26,C3_f0.5__baldwinian,C3_f0.5,C3,baldwinian,26,1500,train,50,3.48,12,12,72.29083859141369,0.8541666666666666,0.5,354.0,106.0,83.0,286.0,76.0,28.0,0.0,0.0,46.0,8.0,9.0,22.0,37.0,2.0,0.0,0.0,0.0,0.0,9.0,22.0,0.0,0.0,0.0,0.0
C3_f0.5__baldwinian__s26,C3_f0.5__baldwinian,C3_f0.5,C3,baldwinian,26,1550,eval,50,3.64,17,17,198.55629237234996,0.5416666666666666,0.5,236.0,93.0,87.0,277.0,11.0,8.0,15.0,53.0,28.0,7.0,7.0,21.0,1.0,1.0,2.0,3.0,0.0,0.0,7.0,21.0,0.0,0.0,2.0,3.0
C3_f0.5__baldwinian__s26,C3_f0.5__baldwinian,C3_f0.5,C3,baldwinian,26,1600,eval,50,3.74,15,15,157.58736678064548,0.6041666666666666,0.5,222.0,80.0,78.0,272.0,94.0,21.0,22.0,101.0,16.0,12.0,17.0,19.0,9.0,1.0,3.0,6.0,0.0,0.0,17.0,19.0,0.0,0.0,3.0,6.0
C3_f0.5__baldwinian__s26,C3_f0.5__baldwinian,C3_f0.5,C3,baldwinian,26,1650,eval,50,3.88,27,27,147.28217592816938,0.6666666666666666,0.5,268.0,86.0,77.0,265.0,63.0,19.0,40.0,144.0,25.0,4.0,9.0,29.0,2.0,3.0,3.0,9.0,0.0,0.0,9.0,29.0,0.0,0.0,3.0,9.0
C3_f0.5__baldwinian__s26,C3_f0.5__baldwinian,C3_f0.5,C3,baldwinian,26,1700,eval,50,3.88,7,7,204.98266527344288,0.5416666666666666,0.5,226.0,70.0,86.0,330.0,110.0,45.0,29.0,90.0,27.0,5.0,11.0,14.0,4.0,1.0,3.0,8.0,0.0,0.0,11.0,14.0,0.0,0.0,3.0,8.0
C3_f0.5__baldwinian__s26,C3_f0.5__baldwinian,C3_f0.5,C3,baldwinian,26,1750,eval,50,4.0,12,12,227.09192811127497,0.4791666666666667,0.5,302.0,101.0,101.0,333.0,81.0,30.0,35.0,135.0,16.0,6.0,14.0,23.0,7.0,1.0,2.0,13.0,0.0,0.0,14.0,23.0,0.0,0.0,2.0,13.0
C3_f0.5__baldwinian__s26,C3_f0.5__baldwinian,C3_f0.5,C3,baldwinian,26,1800,eval,50,4.06,7,7,219.45606468930674,0.3958333333333333,0.5,244.0,66.0,96.0,252.0,133.0,46.0,66.0,164.0,27.0,7.0,10.0,7.0,3.0,2.0,1.0,4.0,0.0,0.0,10.0,7.0,0.0,0.0,1.0,4.0
C3_f0.5__baldwinian__s27,C3_f0.5__baldwinian,C3_f0.5,C3,baldwinian,27,50,train,50,0.7,35,5,85.4864959299268,0.8125,0.5,197.0,70.0,49.0,174.0,74.0,25.0,0.0,0.0,41.0,8.0,6.0,33.0,19.0,4.0,0.0,0.0,0.0,0.0,6.0,33.0,0.0,0.0,0.0,0.0
C3_f0.5__baldwinian__s27,C3_f0.5__baldwinian,C3_f0.5,C3,baldwinian,27,100,train,50,0.76,10,10,67.89887304635576,0.875,0.5,197.0,57.0,46.0,157.0,51.0,15.0,0.0,0.0,41.0,9.0,8.0,21.0,14.0,2.0,0.0,0.0,0.0,0.0,8.0,21.0,0.0,0.0,0.0,0.0
C3_f0.5__baldwinian__s27,C3_f0.5__baldwinian,C3_f0.5,C3,baldwinian,27,150,train,50,0.88,14,14,75.42089918360057,0.875,0.5,176.0,55.0,84.0,192.0,175.0,51.0,0.0,0.0,34.0,10.0,12.0,25.0,22.0,4.0,0.0,0.0,0.0,0.0,12.0,25.0,0.0,0.0,0.0,0.0
C3_f0.5__baldwinian__s27,C3_f0.5__baldwinian,C3_f0.5,C3,baldwinian,27,200,train,50,0.94,15,15,120.58477975176103,0.7291666666666666,0.5,199.0,63.0,72.0,291.0,133.0,42.0,0.0,0.0,31.0,8.0,9.0,30.0,21.0,2.0,0.0,0.0,0.0,0.0,9.0,30.0,0.0,0.0,0.0,0.0
C3_f0.5__baldwinian__s27,C3_f0.5__baldwinian,C3_f0.5,C3,baldwinian,27,250,train,50,1.04,18,18,108.14036140636402,0.8125,0.5,368.0,111.0,89.0,340.0,104.0,39.0,0.0,0.0,37.0,10.0,12.0,31.0,12.0,2.0,0.0,0.0,0.0,0.0,12.0,31.0,0.0,0.0,0.0,0.0
C3_f0.5__baldwinian__s27,C3_f0.5__baldwinian,C3_f0.5,C3,baldwinian,27,300,train,50,1.08,17,17,70.11082505786817,0.875,0.5,346.0,100.0,82.0,213.0,82.0,33.0,0.0,0.0,42.0,12.0,11.0,19.0,19.0,1.0,0.0,0.0,0.0,0.0,11.0,19.0,0.0,0.0,0.0,0.0
C3_f0.5__baldwinian__s27,C3_f0.5__baldwinian,C3_f0.5,C3,baldwinian,27,350,train,50,1.18,19,19,112.08358716950258,0.75,0.5,334.0,106.0,68.0,191.0,67.0,17.0,0.0,0.0,30.0,5.0,11.0,25.0,17.0,4.0,0.0,0.0,0.0,0.0,11.0,25.0,0.0,0.0,0.0,0.0
C3_f0.5__baldwinian__s27,C3_f0.5__baldwinian,C3_f0.5,C3,baldwinian,27,400,train,50,1.4,23,23,79.09558446113377,0.8541666666666666,0.5,284.0,103.0,87.0,270.0,57.0,30.0,0.0,0.0,38.0,11.0,9.0,33.0,16.0,7.0,0.0,0.0,0.0,0.0,9.0,33.0,0.0,0.0,0.0,0.0
C3_f0.5__baldwinian__s27,C3_f0.5__baldwinian,C3_f0.5,C3,baldwinian,27,450,train,50,1.5,14,14,101.86784153883669,0.8333333333333334,0.5,319.0,103.0,121.0,369.0,91.0,34.0,0.0,0.0,27.0,10.0,16.0,24.0,24.0,2.0,0.0,0.0,0.0,0.0,16.0,24.0,0.0,0.0,0.0,0.0
C3_f0.5__baldwinian__s27,C3_f0.5__baldwinian,C3_f0.5,C3,baldwinian,27,500,train,50,1.66,17,17,93.11771660853267,0.7916666666666666,0.5,434.0,132.0,114.0,322.0,72.0,24.0,0.0,0.0,48.0,10.0,12.0,14.0,14.0,5.0,0.0,0.0,0.0,0.0,12.0,14.0,0.0,0.0,0.0,0.0
C3_f0.5__baldwinian__s27,C3_f0.5__baldwinian,C3_f0.5,C3,baldwinian,27,550,train,50,1.88,17,17,73.32863905418921,0.8541666666666666,0.5,225.0,81.0,122.0,333.0,86.0,21.0,0.0,0.0,25.0,8.0,11.0,28.0,24.0,2.0,0.0,0.0,0.0,0.0,11.0,28.0,0.0,0.0,0.0,0.0
C3_f0.5__baldwinian__s27,C3_f0.5__baldwinian,C3_f0.5,C3,baldwinian,27,600,train,50,1.92,15,15,82.6371054143386,0.7916666666666666,0.5,502.0,162.0,120.0,316.0,93.0,31.0,0.0,0.0,41.0,11.0,11.0,27.0,18.0,6.0,0.0,0.0,0.0,0.0,11.0,27.0,0.0,0.0,0.0,0.0
C3_f0.5__baldwinian__s27,C3_f0.5__baldwinian,C3_f0.5,C3,baldwinian,27,650,train,50,2.12,21,21,64.72860529970718,0.875,0.5,293.0,119.0,97.0,328.0,77.0,22.0,0.0,0.0,36.0,17.0,10.0,28.0,13.0,7.0,0.0,0.0,0.0,0.0,10.0,28.0,0.0,0.0,0.0,0.0
C3_f0.5__baldwinian__s27,C3_f0.5__baldwinian,C3_f0.5,C3,baldwinian,27,700,train,50,2.32,15,15,136.841510412569,0.6458333333333334,0.5,222.0,81.0,118.0,375.0,134.0,57.0,0.0,0.0,20.0,6.0,10.0,24.0,16.0,6.0,0.0,0.0,0.0,0.0,10.0,24.0,0.0,0.0,0.0,0.0
C3_f0.5__baldwinian__s27,C3_f0.5__baldwinian,C3_f0.5,C3,baldwinian,27,750,train,50,2.42,11,11,99.68502167271052,0.7708333333333334,0.5,467.0,123.0,154.0,404.0,83.0,24.0,0.0,0.0,43.0,8.0,9.0,24.0,16.0,5.0,0.0,0.0,0.0,0.0,9.0,24.0,0.0,0.0,0.0,0.0
C3_f0.5__baldwinian__s27,C3_f0.5__baldwinian,C3_f0.5,C3,baldwinian,27,800,train,50,2.48,13,13,98.92222000521599,0.7708333333333334,0.5,247.0,70.0,169.0,421.0,76.0,30.0,0.0,0.0,27.0,4.0,15.0,27.0,10.0,8.0,0.0,0.0,0.0,0.0,15.0,27.0,0.0,0.0,0.0,0.0
C3_f0.5__baldwinian__s27,C3_f0.5__baldwinian,C3_f0.5,C3,baldwinian,27,850,train,50,2.48,18,18,99.01461445479168,0.7083333333333334,0.5,299.0,106.0,110.0,317.0,100.0,50.0,0.0,0.0,23.0,13.0,14.0,30.0,12.0,7.0,0.0,0.0,0.0,0.0,14.0,30.0,0.0,0.0,0.0,0.0
C3_f0.5__baldwinian__s27,C3_f0.5__baldwinian,C3_f0.5,C3,baldwinian,27,900,train,50,2.58,17,17,113.70068609862048,0.7291666666666666,0.5,316.0,114.0,121.0,420.0,141.0,42.0,0.0,0.0,25.0,7.0,10.0,25.0,21.0,4.0,0.0,0.0,0.0,0.0,10.0,25.0,0.0,0.0,0.0,0.0
C3_f0.5__baldwinian__s27,C3_f0.5__baldwinian,C3_f0.5,C3,baldwinian,27,950,train,50,2.76,15,15,93.98462501204148,0.8333333333333334,0.5,374.0,121.0,132.0,399.0,129.0,41.0,0.0,0.0,34.0,9.0,17.0,26.0,17.0,7.0,0.0,0.0,0.0,0.0,17.0,26.0,0.0,0.0,0.0,0.0
C3_f0.5__baldwinian__s27,C3_f0.5__baldwinian,C3_f0.5,C3,baldwinian,27,1000,train,50,2.82,16,16,106.15734141516889,0.7291666666666666,0.5,298.0,129.0,178.0,508.0,77.0,36.0,0.0,0.0,28.0,5.0,16.0,21.0,11.0,8.0,0.0,0.0,0.0,0.0,16.0,21.0,0.0,0.0,0.0,0.0
C3_f0.5__baldwinian__s27,C3_f0.5__baldwinian,C3_f0.5,C3,baldwinian,27,1050,train,50,2.92,19,19,83.05448562712519,0.7916666666666666,0.5,339.0,123.0,148.0,418.0,84.0,28.0,0.0,0.0,23.0,10.0,11.0,42.0,11.0,6.0,0.0,0.0,0.0,0.0,11.0,42.0,0.0,0.0,0.0,0.0
C3_f0.5__baldwinian__s27,C3_f0.5__baldwinian,C3_f0.5,C3,baldwinian,27,1100,train,50,2.96,18,18,136.84188496063783,0.625,0.5,280.0,86.0,145.0,415.0,59.0,17.0,0.0,0.0,21.0,6.0,10.0,20.0,5.0,4.0,0.0,0.0,0.0,0.0,10.0,20.0,0.0,0.0,0.0,0.0
C3_f0.5__baldwinian__s27,C3_f0.5__baldwinian,C3_f0.5,C3,baldwinian,27,1150,train,50,3.24,24,24,63.37674689375237,0.8541666666666666,0.5,469.0,139.0,117.0,338.0,114.0,41.0,0.0,0.0,39.0,15.0,15.0,32.0,9.0,10.0,0.0,0.0,0.0,0.0,15.0,32.0,0.0,0.0,0.0,0.0
C3_f0.5__baldwinian__s27,C3_f0.5__baldwinian,C3_f0.5,C3,baldwinian,27,1200,train,50,3.46,15,15,92.4111381825387,0.8333333333333334,0.5,194.0,64.0,98.0,339.0,114.0,36.0,0.0,0.0,23.0,9.0,10.0,23.0,16.0,5.0,0.0,0.0,0.0,0.0,10.0,23.0,0.0,0.0,0.0,0.0
C3_f0.5__baldwinian__s27,C3_f0.5__baldwinian,C3_f0.5,C3,baldwinian,27,1250,train,50,3.5,14,14,96.04267404661364,0.7291666666666666,0.5,314.0,115.0,106.0,315.0,117.0,47.0,0.0,0.0,28.0,9.0,13.0,24.0,8.0,6.0,0.0,0.0,0.0,0.0,13.0,24.0,0.0,0.0,0.0,0.0
C3_f0.5__baldwinian__s27,C3_f0.5__baldwinian,C3_f0.5,C3,baldwinian,27,1300,train,50,3.5,13,13,70.08439338060484,0.9166666666666666,0.5,392.0,124.0,118.0,326.0,110.0,30.0,0.0,0.0,38.0,10.0,17.0,20.0,23.0,3.0,0.0,0.0,0.0,0.0,17.0,20.0,0.0,0.0,0.0,0.0
C3_f0.5__baldwinian__s27,C3_f0.5__baldwinian,C3_f0.5,C3,baldwinian,27,1350,train,50,3.64,19,19,110.15457653117119,0.8125,0.5,345.0,122.0,159.0,424.0,60.0,16.0,0.0,0.0,26.0,8.0,21.0,25.0,15.0,3.0,0.0,0.0,0.0,0.0,21.0,25.0,0.0,0.0,0.0,0.0
C3_f0.5__baldwinian__s27,C3_f0.5__baldwinian,C3_f0.5,C3,baldwinian,27,1400,train,50,3.72,12,12,95.79969306406238,0.7916666666666666,0.5,387.0,133.0,97.0,287.0,54.0,26.0,0.0,0.0,40.0,7.0,8.0,14.0,14.0,4.0,0.0,0.0,0.0,0.0,8.0,14.0,0.0,0.0,0.0,0.0
C3_f0.5__baldwinian__s27,C3_f0.5__baldwinian,C3_f0.5,C3,baldwinian,27,1450,train,50,3.8,13,13,112.55157024817112,0.7708333333333334,0.5,249.0,90.0,133.0,378.0,59.0,16.0,0.0,0.0,28.0,9.0,12.0,28.0,13.0,1.0,0.0,0.0,0.0,0.0,12.0,28.0,0.0,0.0,0.0,0.0
C3_f0.5__baldwinian__s27,C3_f0.5__baldwinian,C3_f0.5,C3,baldwinian,27,1500,train,50,3.9,22,22,91.47639984755538,0.7708333333333334,0.5,340.0,144.0,134.0,324.0,130.0,37.0,0.0,0.0,27.0,14.0,11.0,35.0,13.0,2.0,0.0,0.0,0.0,0.0,11.0,35.0,0.0,0.0,0.0,0.0
C3_f0.5__baldwinian__s27,C3_f0.5__baldwinian,C3_f0.5,C3,baldwinian,27,1550,eval,50,3.96,17,17,148.26966801362153,0.625,0.5,177.0,57.0,95.0,304.0,42.0,19.0,23.0,54.0,17.0,4.0,12.0,20.0,10.0,2.0,2.0,5.0,0.0,0.0,12.0,20.0,0.0,0.0,2.0,5.0
C3_f0.5__baldwinian__s27,C3_f0.5__baldwinian,C3_f0.5,C3,baldwinian,27,1600,eval,50,4.12,14,14,181.92283592646248,0.5416666666666666,0.5,336.0,118.0,131.0,384.0,68.0,22.0,22.0,57.0,23.0,9.0,8.0,18.0,12.0,1.0,1.0,11.0,0.0,0.0,8.0,18.0,0.0,0.0,1.0,11.0
C3_f0.5__baldwinian__s27,C3_f0.5__baldwinian,C3_f0.5,C3,baldwinian,27,1650,eval,50,4.24,13,13,249.15631554851043,0.3333333333333333,0.5,328.0,117.0,120.0,399.0,36.0,17.0,19.0,47.0,19.0,5.0,8.0,18.0,4.0,1.0,2.0,3.0,0.0,0.0,8.0,18.0,0.0,0.0,2.0,3.0
C3_f0.5__baldwinian__s27,C3_f0.5__baldwinian,C3_f0.5,C3,baldwinian,27,1700,eval,50,4.34,9,9,205.5350426204107,0.4791666666666667,0.5,344.0,137.0,131.0,474.0,54.0,21.0,7.0,15.0,15.0,8.0,6.0,31.0,5.0,1.0,0.0,0.0,0.0,0.0,6.0,31.0,0.0,0.0,0.0,0.0
C3_f0.5__baldwinian__s27,C3_f0.5__baldwinian,C3_f0.5,C3,baldwinian,27,1750,eval,50,4.46,9,9,268.90762821862006,0.2708333333333333,0.5,363.0,133.0,115.0,372.0,45.0,15.0,29.0,90.0,12.0,4.0,11.0,7.0,6.0,1.0,1.0,3.0,0.0,0.0,11.0,7.0,0.0,0.0,1.0,3.0
C3_f0.5__baldwinian__s27,C3_f0.5__baldwinian,C3_f0.5,C3,baldwinian,27,1800,eval,50,4.54,12,12,226.5200633107355,0.4791666666666667,0.5,372.0,134.0,174.0,453.0,55.0,12.0,42.0,111.0,15.0,11.0,7.0,26.0,2.0,2.0,1.0,4.0,0.0,0.0,7.0,26.0,0.0,0.0,1.0,4.0
C3_f0.5__baldwinian__s28,C3_f0.5__baldwinian,C3_f0.5,C3,baldwinian,28,50,train,50,0.74,34,4,47.40647435882792,0.9375,0.5,184.0,63.0,64.0,157.0,60.0,23.0,0.0,0.0,44.0,12.0,17.0,33.0,12.0,5.0,0.0,0.0,0.0,0.0,17.0,33.0,0.0,0.0,0.0,0.0
C3_f0.5__baldwinian__s28,C3_f0.5__baldwinian,C3_f0.5,C3,baldwinian,28,100,train,49,0.7959183673469388,19,20,80.98317436200043,0.875,0.5,241.0,94.0,103.0,316.0,10.0,12.0,0.0,0.0,25.0,11.0,17.0,34.0,3.0,5.0,0.0,0.0,0.0,0.0,17.0,34.0,0.0,0.0,0.0,0.0
C3_f0.5__baldwinian__s28,C3_f0.5__baldwinian,C3_f0.5,C3,baldwinian,28,150,train,47,0.9787234042553191,14,16,118.05612184094295,0.75,0.5,241.0,79.0,126.0,348.0,77.0,20.0,0.0,0.0,29.0,4.0,17.0,26.0,14.0,3.0,0.0,0.0,0.0,0.0,17.0,26.0,0.0,0.0,0.0,0.0
C3_f0.5__baldwinian__s28,C3_f0.5__baldwinian,C3_f0.5,C3,baldwinian,28,200,train,49,1.2653061224489797,24,22,82.94887900115431,0.8541666666666666,0.5,327.0,96.0,155.0,500.0,82.0,25.0,0.0,0.0,33.0,9.0,20.0,37.0,14.0,6.0,0.0,0.0,0.0,0.0,20.0,37.0,0.0,0.0,0.0,0.0
C3_f0.5__baldwinian__s28,C3_f0.5__baldwinian,C3_f0.5,C3,baldwinian,28,250,train,50,1.26,16,15,109.69127787581738,0.7916666666666666,0.5,295.0,109.0,96.0,254.0,93.0,37.0,0.0,0.0,29.0,19.0,10.0,28.0,14.0,2.0,0.0,0.0,0.0,0.0,10.0,28.0,0.0,0.0,0.0,0.0
C3_f0.5__baldwinian__s28,C3_f0.5__baldwinian,C3_f0.5,C3,baldwinian,28,300,train,50,1.28,13,13,104.9865687656752,0.8333333333333334,0.5,261.0,96.0,94.0,311.0,41.0,15.0,0.0,0.0,36.0,14.0,13.0,26.0,14.0,2.0,0.0,0.0,0.0,0.0,13.0,26.0,0.0,0.0,0.0,0.0
C3_f0.5__baldwinian__s28,C3_f0.5__baldwinian,C3_f0.5,C3,baldwinian,28,350,train,50,1.18,22,22,70.66719375367947,0.8541666666666666,0.5,379.0,103.0,131.0,325.0,83.0,16.0,0.0,0.0,48.0,12.0,16.0,28.0,13.0,1.0,0.0,0.0,0.0,0.0,16.0,28.0,0.0,0.0,0.0,0.0
C3_f0.5__baldwinian__s28,C3_f0.5__baldwinian,C3_f0.5,C3,baldwinian,28,400,train,50,1.24,12,12,58.59958335520093,0.875,0.5,291.0,104.0,105.0,304.0,109.0,37.0,0.0,0.0,38.0,10.0,10.0,22.0,20.0,1.0,0.0,0.0,0.0,0.0,10.0,22.0,0.0,0.0,0.0,0.0
C3_f0.5__baldwinian__s28,C3_f0.5__baldwinian,C3_f0.5,C3,baldwinian,28,450,train,50,1.32,17,17,113.97785386236882,0.7291666666666666,0.5,314.0,108.0,103.0,311.0,74.0,17.0,0.0,0.0,29.0,6.0,10.0,19.0,14.0,1.0,0.0,0.0,0.0,0.0,10.0,19.0,0.0,0.0,0.0,0.0
C3_f0.5__baldwinian__s28,C3_f0.5__baldwinian,C3_f0.5,C3,baldwinian,28,500,train,50,1.62,23,23,78.87799325587015,0.8125,0.5,414.0,162.0,137.0,422.0,39.0,12.0,0.0,0.0,34.0,9.0,9.0,30.0,9.0,0.0,0.0,0.0,0.0,0.0,9.0,30.0,0.0,0.0,0.0,0.0
C3_f0.5__baldwinian__s28,C3_f0.5__baldwinian,C3_f0.5,C3,baldwinian,28,550,train,50,1.78,15,15,81.22559915787869,0.7916666666666666,0.5,277.0,96.0,98.0,304.0,77.0,22.0,0.0,0.0,44.0,7.0,7.0,31.0,11.0,3.0,0.0,0.0,0.0,0.0,7.0,31.0,0.0,0.0,0.0,0.0
C3_f0.5__baldwinian__s28,C3_f0.5__baldwinian,C3_f0.5,C3,baldwinian,28,600,train,50,1.96,11,11,95.18685948754691,0.75,0.5,269.0,98.0,80.0,255.0,48.0,10.0,0.0,0.0,52.0,7.0,11.0,18.0,6.0,1.0,0.0,0.0,0.0,0.0,11.0,18.0,0.0,0.0,0.0,0.0
C3_f0.5__baldwinian__s28,C3_f0.5__baldwinian,C3_f0.5,C3,baldwinian,28,650,train,50,2.08,20,20,63.135689511971705,0.875,0.5,267.0,92.0,108.0,344.0,145.0,39.0,0.0,0.0,37.0,14.0,12.0,25.0,14.0,2.0,0.0,0.0,0.0,0.0,12.0,25.0,0.0,0.0,0.0,0.0
C3_f0.5__baldwinian__s28,C3_f0.5__baldwinian,C3_f0.5,C3,baldwinian,28,700,train,50,2.12,9,9,133.7721847991084,0.7291666666666666,0.5,309.0,115.0,91.0,280.0,51.0,33.0,0.0,0.0,40.0,11.0,13.0,15.0,7.0,2.0,0.0,0.0,0.0,0.0,13.0,15.0,0.0,0.0,0.0,0.0
C3_f0.5__baldwinian__s28,C3_f0.5__baldwinian,C3_f0.5,C3,baldwinian,28,750,train,50,2.28,19,19,87.6419422778571,0.7916666666666666,0.5,284.0,96.0,102.0,261.0,102.0,48.0,0.0,0.0,29.0,14.0,17.0,34.0,11.0,3.0,0.0,0.0,0.0,0.0,17.0,34.0,0.0,0.0,0.0,0.0
C3_f0.5__baldwinian__s28,C3_f0.5__baldwinian,C3_f0.5,C3,baldwinian,28,800,train,50,2.42,15,15,78.52940878220492,0.8125,0.5,354.0,100.0,107.0,314.0,66.0,23.0,0.0,0.0,43.0,6.0,14.0,24.0,16.0,4.0,0.0,0.0,0.0,0.0,14.0,24.0,0.0,0.0,0.0,0.0
C3_f0.5__baldwinian__s28,C3_f0.5__baldwinian,C3_f0.5,C3,baldwinian,28,850,train,50,2.52,13,13,80.31198875177094,0.7916666666666666,0.5,318.0,76.0,140.0,449.0,41.0,8.0,0.0,0.0,47.0,6.0,13.0,26.0,6.0,0.0,0.0,0.0,0.0,0.0,13.0,26.0,0.0,0.0,0.0,0.0
C3_f0.5__baldwinian__s28,C3_f0.5__baldwinian,C3_f0.5,C3,baldwinian,28,900,train,50,2.6,18,18,68.52974369912556,0.8541666666666666,0.5,278.0,99.0,111.0,275.0,82.0,31.0,0.0,0.0,36.0,12.0,17.0,19.0,17.0,3.0,0.0,0.0,0.0,0.0,17.0,19.0,0.0,0.0,0.0,0.0
C3_f0.5__baldwinian__s28,C3_f0.5__baldwinian,C3_f0.5,C3,baldwinian,28,950,train,50,2.56,18,18,97.64665318775695,0.8125,0.5,339.0,112.0,119.0,320.0,65.0,23.0,0.0,0.0,27.0,12.0,18.0,24.0,14.0,2.0,0.0,0.0,0.0,0.0,18.0,24.0,0.0,0.0,0.0,0.0
C3_f0.5__baldwinian__s28,C3_f0.5__baldwinian,C3_f0.5,C3,baldwinian,28,1000,train,50,2.74,20,20,67.92158611213327,0.9166666666666666,0.5,354.0,129.0,99.0,345.0,56.0,14.0,0.0,0.0,39.0,7.0,18.0,27.0,17.0,3.0,0.0,0.0,0.0,0.0,18.0,27.0,0.0,0.0,0.0,0.0
C3_f0.5__baldwinian__s28,C3_f0.5__baldwinian,C3_f0.5,C3,baldwinian,28,1050,train,50,2.94,17,17,78.7118981068812,0.8125,0.5,391.0,125.0,108.0,373.0,17.0,8.0,0.0,0.0,48.0,9.0,16.0,25.0,8.0,3.0,0.0,0.0,0.0,0.0,16.0,25.0,0.0,0.0,0.0,0.0
C3_f0.5__baldwinian__s28,C3_f0.5__baldwinian,C3_f0.5,C3,baldwinian,28,1100,train,50,3.06,13,13,75.0301757299561,0.8541666666666666,0.5,288.0,89.0,128.0,345.0,17.0,4.0,0.0,0.0,34.0,7.0,15.0,26.0,12.0,2.0,0.0,0.0,0.0,0.0,15.0,26.0,0.0,0.0,0.0,0.0
C3_f0.5__baldwinian__s28,C3_f0.5__baldwinian,C3_f0.5,C3,baldwinian,28,1150,train,50,3.18,17,17,55.37324518989067,0.9166666666666666,0.5,433.0,162.0,110.0,320.0,19.0,10.0,0.0,0.0,44.0,10.0,11.0,27.0,13.0,7.0,0.0,0.0,0.0,0.0,11.0,27.0,0.0,0.0,0.0,0.0
C3_f0.5__baldwinian__s28,C3_f0.5__baldwinian,C3_f0.5,C3,baldwinian,28,1200,train,50,3.42,21,21,116.73593466728929,0.7083333333333334,0.5,224.0,72.0,97.0,346.0,57.0,20.0,0.0,0.0,40.0,9.0,9.0,22.0,9.0,4.0,0.0,0.0,0.0,0.0,9.0,22.0,0.0,0.0,0.0,0.0
C3_f0.5__baldwinian__s28,C3_f0.5__baldwinian,C3_f0.5,C3,baldwinian,28,1250,train,50,3.46,17,17,80.06446229192682,0.8333333333333334,0.5,258.0,73.0,121.0,406.0,31.0,15.0,0.0,0.0,33.0,11.0,9.0,40.0,7.0,3.0,0.0,0.0,0.0,0.0,9.0,40.0,0.0,0.0,0.0,0.0
C3_f0.5__baldwinian__s28,C3_f0.5__baldwinian,C3_f0.5,C3,baldwinian,28,1300,train,50,3.56,18,18,121.3817838857462,0.6875,0.5,355.0,118.0,113.0,294.0,42.0,20.0,0.0,0.0,37.0,7.0,10.0,17.0,11.0,4.0,0.0,0.0,0.0,0.0,10.0,17.0,0.0,0.0,0.0,0.0
C3_f0.5__baldwinian__s28,C3_f0.5__baldwinian,C3_f0.5,C3,baldwinian,28,1350,train,50,3.86,13,13,98.80487406367553,0.7708333333333334,0.5,397.0,134.0,110.0,292.0,57.0,25.0,0.0,0.0,52.0,12.0,10.0,20.0,11.0,6.0,0.0,0.0,0.0,0.0,10.0,20.0,0.0,0.0,0.0,0.0
C3_f0.5__baldwinian__s28,C3_f0.5__baldwinian,C3_f0.5,C3,baldwinian,28,1400,train,50,3.9,12,12,76.9102024306481,0.8333333333333334,0.5,302.0,108.0,94.0,324.0,33.0,10.0,0.0,0.0,41.0,13.0,8.0,18.0,8.0,6.0,0.0,0.0,0.0,0.0,8.0,18.0,0.0,0.0,0.0,0.0
C3_f0.5__baldwinian__s28,C3_f0.5__baldwinian,C3_f0.5,C3,baldwinian,28,1450,train,50,3.94,26,26,69.55254798476561,0.9375,0.5,242.0,82.0,126.0,322.0,21.0,5.0,0.0,0.0,37.0,15.0,12.0,32.0,9.0,4.0,0.0,0.0,0.0,0.0,12.0,32.0,0.0,0.0,0.0,0.0
C3_f0.5__baldwinian__s28,C3_f0.5__baldwinian,C3_f0.5,C3,baldwinian,28,1500,train,50,4.02,18,18,55.77894730155512,0.9375,0.5,280.0,118.0,140.0,375.0,66.0,16.0,0.0,0.0,39.0,12.0,14.0,22.0,14.0,5.0,0.0,0.0,0.0,0.0,14.0,22.0,0.0,0.0,0.0,0.0
C3_f0.5__baldwinian__s28,C3_f0.5__baldwinian,C3_f0.5,C3,baldwinian,28,1550,eval,50,4.32,21,21,138.1391176923348,0.7083333333333334,0.5,258.0,78.0,101.0,290.0,37.0,7.0,20.0,46.0,30.0,11.0,12.0,17.0,6.0,0.0,2.0,5.0,0.0,0.0,12.0,17.0,0.0,0.0,2.0,5.0
C3_f0.5__baldwinian__s28,C3_f0.5__baldwinian,C3_f0.5,C3,baldwinian,28,1600,eval,50,4.4,12,12,187.97391576065021,0.5416666666666666,0.5,339.0,120.0,144.0,376.0,70.0,22.0,6.0,18.0,24.0,5.0,10.0,24.0,3.0,3.0,0.0,2.0,0.0,0.0,10.0,24.0,0.0,0.0,0.0,2.0
C3_f0.5__baldwinian__s28,C3_f0.5__baldwinian,C3_f0.5,C3,baldwinian,28,1650,eval,50,4.52,15,15,181.9977891348757,0.5416666666666666,0.5,442.0,135.0,93.0,272.0,52.0,18.0,5.0,28.0,25.0,8.0,12.0,16.0,8.0,1.0,2.0,3.0,0.0,0.0,12.0,16.0,0.0,0.0,2.0,3.0
C3_f0.5__baldwinian__s28,C3_f0.5__baldwinian,C3_f0.5,C3,baldwinian,28,1700,eval,50,4.58,13,13,176.93409875295134,0.5208333333333334,0.5,403.0,137.0,159.0,476.0,35.0,9.0,15.0,45.0,32.0,5.0,2.0,24.0,4.0,1.0,2.0,5.0,0.0,0.0,2.0,24.0,0.0,0.0,2.0,5.0
C3_f0.5__baldwinian__s28,C3_f0.5__baldwinian,C3_f0.5,C3,baldwinian,28,1750,eval,50,4.52,14,14,138.06775913552536,0.6666666666666666,0.5,386.0,137.0,163.0,432.0,56.0,19.0,11.0,41.0,29.0,5.0,24.0,25.0,10.0,4.0,1.0,3.0,0.0,0.0,24.0,25.0,0.0,0.0,1.0,3.0
C3_f0.5__baldwinian__s28,C3_f0.5__baldwinian,C3_f0.5,C3,baldwinian,28,1800,eval,50,4.68,15,15,177.25150498256426,0.5208333333333334,0.5,381.0,113.0,119.0,457.0,26.0,11.0,8.0,27.0,25.0,5.0,5.0,21.0,1.0,3.0,0.0,2.0,0.0,0.0,5.0,21.0,0.0,0.0,0.0,2.0
C3_f0.5__baldwinian__s29,C3_f0.5__baldwinian,C3_f0.5,C3,baldwinian,29,50,train,50,0.74,38,8,66.1159389174657,0.8958333333333334,0.5,176.0,58.0,68.0,194.0,52.0,14.0,0.0,0.0,41.0,7.0,18.0,35.0,21.0,4.0,0.0,0.0,0.0,0.0,18.0,35.0,0.0,0.0,0.0,0.0
C3_f0.5__baldwinian__s29,C3_f0.5__baldwinian,C3_f0.5,C3,baldwinian,29,100,train,50,0.84,9,9,87.32636216297374,0.8541666666666666,0.5,230.0,88.0,53.0,162.0,61.0,19.0,0.0,0.0,34.0,7.0,8.0,20.0,19.0,4.0,0.0,0.0,0.0,0.0,8.0,20.0,0.0,0.0,0.0,0.0
C3_f0.5__baldwinian__s29,C3_f0.5__baldwinian,C3_f0.5,C3,baldwinian,29,150,train,47,1.0425531914893618,19,22,58.95736761323735,0.9166666666666666,0.5,338.0,106.0,106.0,312.0,47.0,21.0,0.0,0.0,41.0,7.0,15.0,32.0,20.0,3.0,0.0,0.0,0.0,0.0,15.0,32.0,0.0,0.0,0.0,0.0
C3_f0.5__baldwinian__s29,C3_f0.5__baldwinian,C3_f0.5,C3,baldwinian,29,200,train,42,1.0952380952380953,13,18,114.77330661247075,0.7083333333333334,0.5,312.0,99.0,74.0,203.0,38.0,18.0,0.0,0.0,29.0,3.0,14.0,16.0,17.0,6.0,0.0,0.0,0.0,0.0,14.0,16.0,0.0,0.0,0.0,0.0
C3_f0.5__baldwinian__s29,C3_f0.5__baldwinian,C3_f0.5,C3,baldwinian,29,250,train,50,1.34,21,13,57.82178797295047,0.9166666666666666,0.5,257.0,76.0,102.0,255.0,129.0,38.0,0.0,0.0,46.0,13.0,6.0,23.0,17.0,11.0,0.0,0.0,0.0,0.0,6.0,23.0,0.0,0.0,0.0,0.0
C3_f0.5__baldwinian__s29,C3_f0.5__baldwinian,C3_f0.5,C3,baldwinian,29,300,train,44,1.25,12,18,74.3756603994253,0.8958333333333334,0.5,217.0,79.0,91.0,277.0,83.0,25.0,0.0,0.0,27.0,14.0,12.0,20.0,17.0,6.0,0.0,0.0,0.0,0.0,12.0,20.0,0.0,0.0,0.0,0.0
C3_f0.5__baldwinian__s29,C3_f0.5__baldwinian,C3_f0.5,C3,baldwinian,29,350,train,50,1.52,21,15,111.72768019103998,0.7708333333333334,0.5,326.0,113.0,137.0,386.0,121.0,46.0,0.0,0.0,30.0,9.0,11.0,28.0,16.0,8.0,0.0,0.0,0.0,0.0,11.0,28.0,0.0,0.0,0.0,0.0
C3_f0.5__baldwinian__s29,C3_f0.5__baldwinian,C3_f0.5,C3,baldwinian,29,400,train,50,1.5,12,12,74.20804501064214,0.8958333333333334,0.5,485.0,139.0,103.0,283.0,69.0,34.0,0.0,0.0,54.0,6.0,9.0,15.0,16.0,7.0,0.0,0.0,0.0,0.0,9.0,15.0,0.0,0.0,0.0,0.0
C3_f0.5__baldwinian__s29,C3_f0.5__baldwinian,C3_f0.5,C3,baldwinian,29,450,train,50,1.36,9,9,80.70361697447652,0.7291666666666666,0.5,305.0,92.0,122.0,337.0,84.0,30.0,0.0,0.0,26.0,9.0,14.0,23.0,21.0,5.0,0.0,0.0,0.0,0.0,14.0,23.0,0.0,0.0,0.0,0.0
C3_f0.5__baldwinian__s29,C3_f0.5__baldwinian,C3_f0.5,C3,baldwinian,29,500,train,50,1.62,27,27,62.28690691475072,0.9583333333333334,0.5,397.0,137.0,82.0,245.0,71.0,17.0,0.0,0.0,31.0,14.0,8.0,26.0,22.0,3.0,0.0,0.0,0.0,0.0,8.0,26.0,0.0,0.0,0.0,0.0
C3_f0.5__baldwinian__s29,C3_f0.5__baldwinian,C3_f0.5,C3,baldwinian,29,550,train,50,2.26,21,21,65.13511679446802,0.9166666666666666,0.5,227.0,84.0,70.0,203.0,112.0,30.0,0.0,0.0,40.0,14.0,7.0,26.0,17.0,4.0,0.0,0.0,0.0,0.0,7.0,26.0,0.0,0.0,0.0,0.0
C3_f0.5__baldwinian__s29,C3_f0.5__baldwinian,C3_f0.5,C3,baldwinian,29,600,train,50,2.3,18,18,70.92893598562773,0.8333333333333334,0.5,217.0,76.0,67.0,214.0,66.0,23.0,0.0,0.0,36.0,9.0,10.0,20.0,8.0,7.0,0.0,0.0,0.0,0.0,10.0,20.0,0.0,0.0,0.0,0.0
C3_f0.5__baldwinian__s29,C3_f0.5__baldwinian,C3_f0.5,C3,baldwinian,29,650,train,44,2.477272727272727,18,24,73.2871570690544,0.8333333333333334,0.5,332.0,112.0,54.0,209.0,55.0,23.0,0.0,0.0,37.0,13.0,8.0,24.0,12.0,6.0,0.0,0.0,0.0,0.0,8.0,24.0,0.0,0.0,0.0,0.0
C3_f0.5__baldwinian__s29,C3_f0.5__baldwinian,C3_f0.5,C3,baldwinian,29,700,train,36,2.6666666666666665,10,18,108.18873433412665,0.75,0.5,229.0,79.0,59.0,212.0,67.0,22.0,0.0,0.0,29.0,12.0,12.0,26.0,14.0,2.0,0.0,0.0,0.0,0.0,12.0,26.0,0.0,0.0,0.0,0.0
C3_f0.5__baldwinian__s29,C3_f0.5__baldwinian,C3_f0.5,C3,baldwinian,29,750,train,46,2.869565217391304,27,17,71.40598037861197,0.8541666666666666,0.5,270.0,90.0,121.0,304.0,76.0,31.0,0.0,0.0,25.0,15.0,15.0,32.0,17.0,8.0,0.0,0.0,0.0,0.0,15.0,32.0,0.0,0.0,0.0,0.0
C3_f0.5__baldwinian__s29,C3_f0.5__baldwinian,C3_f0.5,C3,baldwinian,29,800,train,36,2.7777777777777777,10,20,91.61005740748577,0.8958333333333334,0.5,247.0,88.0,94.0,264.0,63.0,22.0,0.0,0.0,39.0,4.0,15.0,24.0,17.0,2.0,0.0,0.0,0.0,0.0,15.0,24.0,0.0,0.0,0.0,0.0
C3_f0.5__baldwinian__s29,C3_f0.5__baldwinian,C3_f0.5,C3,baldwinian,29,850,train,48,3.3541666666666665,30,18,86.35147235597381,0.7916666666666666,0.5,214.0,86.0,66.0,259.0,131.0,44.0,0.0,0.0,22.0,9.0,7.0,33.0,21.0,6.0,0.0,0.0,0.0,0.0,7.0,33.0,0.0,0.0,0.0,0.0
C3_f0.5__baldwinian__s29,C3_f0.5__baldwinian,C3_f0.5,C3,baldwinian,29,900,train,47,3.5531914893617023,16,17,110.07950003123932,0.75,0.5,310.0,118.0,56.0,232.0,99.0,37.0,0.0,0.0,24.0,10.0,9.0,22.0,14.0,6.0,0.0,0.0,0.0,0.0,9.0,22.0,0.0,0.0,0.0,0.0
C3_f0.5__baldwinian__s29,C3_f0.5__baldwinian,C3_f0.5,C3,baldwinian,29,950,train,50,3.6,15,12,90.86756483371622,0.8541666666666666,0.5,297.0,89.0,83.0,261.0,93.0,23.0,0.0,0.0,45.0,11.0,7.0,15.0,19.0,9.0,0.0,0.0,0.0,0.0,7.0,15.0,0.0,0.0,0.0,0.0
C3_f0.5__baldwinian__s29,C3_f0.5__baldwinian,C3_f0.5,C3,baldwinian,29,1000,train,50,3.46,18,18,62.09129103230397,0.8333333333333334,0.5,294.0,79.0,84.0,251.0,168.0,48.0,0.0,0.0,36.0,11.0,10.0,24.0,18.0,4.0,0.0,0.0,0.0,0.0,10.0,24.0,0.0,0.0,0.0,0.0
C3_f0.5__baldwinian__s29,C3_f0.5__baldwinian,C3_f0.5,C3,baldwinian,29,1050,train,47,3.5106382978723403,19,22,57.59564626434144,0.9166666666666666,0.5,166.0,69.0,93.0,282.0,73.0,23.0,0.0,0.0,32.0,12.0,11.0,25.0,19.0,3.0,0.0,0.0,0.0,0.0,11.0,25.0,0.0,0.0,0.0,0.0
C3_f0.5__baldwinian__s29,C3_f0.5__baldwinian,C3_f0.5,C3,baldwinian,29,1100,train,48,3.7708333333333335,22,21,135.07396865505035,0.6458333333333334,0.5,263.0,94.0,98.0,284.0,87.0,24.0,0.0,0.0,24.0,9.0,6.0,19.0,10.0,4.0,0.0,0.0,0.0,0.0,6.0,19.0,0.0,0.0,0.0,0.0
C3_f0.5__baldwinian__s29,C3_f0.5__baldwinian,C3_f0.5,C3,baldwinian,29,1150,train,50,4.0,14,12,59.23973908792682,0.875,0.5,390.0,124.0,81.0,244.0,88.0,24.0,0.0,0.0,42.0,15.0,7.0,21.0,23.0,6.0,0.0,0.0,0.0,0.0,7.0,21.0,0.0,0.0,0.0,0.0
C3_f0.5__baldwinian__s29,C3_f0.5__baldwinian,C3_f0.5,C3,baldwinian,29,1200,train,50,4.2,20,20,76.08004616873261,0.8958333333333334,0.5,189.0,78.0,99.0,271.0,73.0,30.0,0.0,0.0,27.0,7.0,9.0,26.0,17.0,4.0,0.0,0.0,0.0,0.0,9.0,26.0,0.0,0.0,0.0,0.0
C3_f0.5__baldwinian__s29,C3_f0.5__baldwinian,C3_f0.5,C3,baldwinian,29,1250,train,39,4.230769230769231,14,25,80.91818666918466,0.8125,0.5,374.0,136.0,82.0,282.0,78.0,31.0,0.0,0.0,36.0,10.0,14.0,26.0,19.0,4.0,0.0,0.0,0.0,0.0,14.0,26.0,0.0,0.0,0.0,0.0
C3_f0.5__baldwinian__s29,C3_f0.5__baldwinian,C3_f0.5,C3,baldwinian,29,1300,train,45,4.444444444444445,19,13,54.16621691874341,0.8958333333333334,0.5,190.0,72.0,94.0,274.0,98.0,38.0,0.0,0.0,36.0,11.0,14.0,24.0,19.0,7.0,0.0,0.0,0.0,0.0,14.0,24.0,0.0,0.0,0.0,0.0
C3_f0.5__baldwinian__s29,C3_f0.5__baldwinian,C3_f0.5,C3,baldwinian,29,1350,train,50,4.36,20,15,86.4498844157426,0.8541666666666666,0.5,335.0,91.0,97.0,240.0,93.0,41.0,0.0,0.0,34.0,6.0,12.0,28.0,14.0,10.0,0.0,0.0,0.0,0.0,12.0,28.0,0.0,0.0,0.0,0.0
C3_f0.5__baldwinian__s29,C3_f0.5__baldwinian,C3_f0.5,C3,baldwinian,29,1400,train,50,4.52,14,14,97.23364373240963,0.8333333333333334,0.5,366.0,117.0,91.0,290.0,61.0,13.0,0.0,0.0,41.0,15.0,8.0,16.0,21.0,3.0,0.0,0.0,0.0,0.0,8.0,16.0,0.0,0.0,0.0,0.0
C3_f0.5__baldwinian__s29,C3_f0.5__baldwinian,C3_f0.5,C3,baldwinian,29,1450,train,50,4.72,20,20,100.23606075282652,0.7916666666666666,0.5,273.0,90.0,82.0,284.0,111.0,34.0,0.0,0.0,43.0,9.0,7.0,23.0,13.0,7.0,0.0,0.0,0.0,0.0,7.0,23.0,0.0,0.0,0.0,0.0
C3_f0.5__baldwinian__s29,C3_f0.5__baldwinian,C3_f0.5,C3,baldwinian,29,1500,train,50,4.74,20,20,49.5425625381837,0.9375,0.5,205.0,66.0,73.0,240.0,135.0,42.0,0.0,0.0,31.0,9.0,15.0,24.0,14.0,5.0,0.0,0.0,0.0,0.0,15.0,24.0,0.0,0.0,0.0,0.0
C3_f0.5__baldwinian__s29,C3_f0.5__baldwinian,C3_f0.5,C3,baldwinian,29,1550,eval,50,5.06,16,16,155.06721394775366,0.6666666666666666,0.5,245.0,75.0,119.0,335.0,42.0,6.0,36.0,110.0,33.0,7.0,11.0,16.0,10.0,1.0,3.0,4.0,0.0,0.0,11.0,16.0,0.0,0.0,3.0,4.0
C3_f0.5__baldwinian__s29,C3_f0.5__baldwinian,C3_f0.5,C3,baldwinian,29,1600,eval,50,5.44,24,24,176.07014701752013,0.6458333333333334,0.5,370.0,138.0,125.0,322.0,67.0,25.0,23.0,88.0,30.0,7.0,13.0,19.0,9.0,2.0,1.0,3.0,0.0,0.0,13.0,19.0,0.0,0.0,1.0,3.0
C3_f0.5__baldwinian__s29,C3_f0.5__baldwinian,C3_f0.5,C3,baldwinian,29,1650,eval,50,5.54,11,11,171.11277962300449,0.6458333333333334,0.5,294.0,110.0,147.0,427.0,80.0,24.0,35.0,102.0,25.0,2.0,9.0,18.0,7.0,3.0,5.0,10.0,0.0,0.0,9.0,18.0,0.0,0.0,5.0,10.0
C3_f0.5__baldwinian__s29,C3_f0.5__baldwinian,C3_f0.5,C3,baldwinian,29,1700,eval,50,5.74,9,9,215.99502439676235,0.4375,0.5,503.0,169.0,141.0,495.0,64.0,17.0,5.0,22.0,35.0,12.0,10.0,21.0,3.0,3.0,1.0,1.0,0.0,0.0,10.0,21.0,0.0,0.0,1.0,1.0
C3_f0.5__baldwinian__s29,C3_f0.5__baldwinian,C3_f0.5,C3,baldwinian,29,1750,eval,50,5.72,7,7,205.3447702611014,0.5,0.5,531.0,190.0,110.0,353.0,52.0,21.0,39.0,117.0,34.0,11.0,6.0,20.0,3.0,0.0,3.0,4.0,0.0,0.0,6.0,20.0,0.0,0.0,3.0,4.0
C3_f0.5__baldwinian__s29,C3_f0.5__baldwinian,C3_f0.5,C3,baldwinian,29,1800,eval,50,5.78,9,9,170.02285306182904,0.5625,0.5,396.0,148.0,103.0,331.0,47.0,17.0,35.0,136.0,26.0,3.0,6.0,20.0,3.0,2.0,3.0,4.0,0.0,0.0,6.0,20.0,0.0,0.0,3.0,4.0
C3_f0.5__baldwinian__s30,C3_f0.5__baldwinian,C3_f0.5,C3,baldwinian,30,50,train,50,0.7,32,2,164.2379543981568,0.6041666666666666,0.5,194.0,70.0,73.0,236.0,89.0,27.0,0.0,0.0,16.0,6.0,8.0,32.0,12.0,6.0,0.0,0.0,0.0,0.0,8.0,32.0,0.0,0.0,0.0,0.0
C3_f0.5__baldwinian__s30,C3_f0.5__baldwinian,C3_f0.5,C3,baldwinian,30,100,train,50,0.74,6,6,90.7481168963693,0.8125,0.5,378.0,137.0,101.0,306.0,71.0,27.0,0.0,0.0,36.0,9.0,17.0,25.0,10.0,9.0,0.0,0.0,0.0,0.0,17.0,25.0,0.0,0.0,0.0,0.0
C3_f0.5__baldwinian__s30,C3_f0.5__baldwinian,C3_f0.5,C3,baldwinian,30,150,train,50,0.82,15,15,115.12714024186609,0.7083333333333334,0.5,390.0,121.0,124.0,381.0,98.0,38.0,0.0,0.0,31.0,4.0,11.0,27.0,9.0,7.0,0.0,0.0,0.0,0.0,11.0,27.0,0.0,0.0,0.0,0.0
C3_f0.5__baldwinian__s30,C3_f0.5__baldwinian,C3_f0.5,C3,baldwinian,30,200,train,50,0.84,9,9,98.10404225368674,0.75,0.5,405.0,164.0,127.0,404.0,88.0,28.0,0.0,0.0,38.0,10.0,18.0,18.0,18.0,8.0,0.0,0.0,0.0,0.0,18.0,18.0,0.0,0.0,0.0,0.0
C3_f0.5__baldwinian__s30,C3_f0.5__baldwinian,C3_f0.5,C3,baldwinian,30,250,train,50,0.82,11,11,71.55658351898045,0.8958333333333334,0.5,341.0,111.0,190.0,564.0,58.0,18.0,0.0,0.0,49.0,10.0,14.0,20.0,10.0,5.0,0.0,0.0,0.0,0.0,14.0,20.0,0.0,0.0,0.0,0.0
C3_f0.5__baldwinian__s30,C3_f0.5__baldwinian,C3_f0.5,C3,baldwinian,30,300,train,50,0.8,11,11,73.19860859081945,0.875,0.5,359.0,112.0,125.0,370.0,86.0,22.0,0.0,0.0,33.0,7.0,13.0,22.0,15.0,6.0,0.0,0.0,0.0,0.0,13.0,22.0,0.0,0.0,0.0,0.0
C3_f0.5__baldwinian__s30,C3_f0.5__baldwinian,C3_f0.5,C3,baldwinian,30,350,train,50,0.82,12,12,64.70203035280889,0.9166666666666666,0.5,277.0,74.0,112.0,348.0,85.0,14.0,0.0,0.0,47.0,10.0,16.0,20.0,21.0,1.0,0.0,0.0,0.0,0.0,16.0,20.0,0.0,0.0,0.0,0.0
C3_f0.5__baldwinian__s30,C3_f0.5__baldwinian,C3_f0.5,C3,baldwinian,30,400,train,50,0.86,16,16,100.38296685069204,0.8541666666666666,0.5,270.0,75.0,155.0,455.0,83.0,19.0,0.0,0.0,34.0,4.0,10.0,34.0,13.0,1.0,0.0,0.0,0.0,0.0,10.0,34.0,0.0,0.0,0.0,0.0
C3_f0.5__baldwinian__s30,C3_f0.5__baldwinian,C3_f0.5,C3,baldwinian,30,450,train,50,0.84,7,7,54.11568955737653,0.9375,0.5,397.0,147.0,102.0,352.0,62.0,13.0,0.0,0.0,43.0,13.0,13.0,28.0,19.0,3.0,0.0,0.0,0.0,0.0,13.0,28.0,0.0,0.0,0.0,0.0
C3_f0.5__baldwinian__s30,C3_f0.5__baldwinian,C3_f0.5,C3,baldwinian,30,500,train,47,1.297872340425532,21,24,88.06256411609155,0.8541666666666666,0.5,301.0,98.0,90.0,337.0,94.0,28.0,0.0,0.0,43.0,10.0,12.0,24.0,13.0,4.0,0.0,0.0,0.0,0.0,12.0,24.0,0.0,0.0,0.0,0.0
C3_f0.5__baldwinian__s30,C3_f0.5__baldwinian,C3_f0.5,C3,baldwinian,30,550,train,50,1.72,24,21,81.39529490296039,0.875,0.5,246.0,68.0,74.0,199.0,150.0,54.0,0.0,0.0,38.0,7.0,9.0,26.0,10.0,5.0,0.0,0.0,0.0,0.0,9.0,26.0,0.0,0.0,0.0,0.0
C3_f0.5__baldwinian__s30,C3_f0.5__baldwinian,C3_f0.5,C3,baldwinian,30,600,train,50,1.84,20,20,84.55758342514328,0.7916666666666666,0.5,220.0,93.0,90.0,251.0,136.0,46.0,0.0,0.0,32.0,8.0,9.0,23.0,18.0,13.0,0.0,0.0,0.0,0.0,9.0,23.0,0.0,0.0,0.0,0.0
C3_f0.5__baldwinian__s30,C3_f0.5__baldwinian,C3_f0.5,C3,baldwinian,30,650,train,50,1.82,10,10,122.42901472464584,0.6458333333333334,0.5,304.0,110.0,80.0,279.0,74.0,17.0,0.0,0.0,34.0,8.0,11.0,23.0,15.0,5.0,0.0,0.0,0.0,0.0,11.0,23.0,0.0,0.0,0.0,0.0
C3_f0.5__baldwinian__s30,C3_f0.5__baldwinian,C3_f0.5,C3,baldwinian,30,700,train,50,1.82,17,17,70.23223098691544,0.875,0.5,357.0,114.0,141.0,403.0,115.0,41.0,0.0,0.0,27.0,5.0,15.0,32.0,16.0,8.0,0.0,0.0,0.0,0.0,15.0,32.0,0.0,0.0,0.0,0.0
C3_f0.5__baldwinian__s30,C3_f0.5__baldwinian,C3_f0.5,C3,baldwinian,30,750,train,50,1.84,12,12,119.64982264371467,0.6666666666666666,0.5,458.0,150.0,135.0,406.0,68.0,26.0,0.0,0.0,36.0,11.0,5.0,21.0,9.0,6.0,0.0,0.0,0.0,0.0,5.0,21.0,0.0,0.0,0.0,0.0
C3_f0.5__baldwinian__s30,C3_f0.5__baldwinian,C3_f0.5,C3,baldwinian,30,800,train,50,1.86,11,11,85.22087250911216,0.7916666666666666,0.5,339.0,119.0,119.0,319.0,55.0,25.0,0.0,0.0,38.0,4.0,17.0,26.0,21.0,11.0,0.0,0.0,0.0,0.0,17.0,26.0,0.0,0.0,0.0,0.0
C3_f0.5__baldwinian__s30,C3_f0.5__baldwinian,C3_f0.5,C3,baldwinian,30,850,train,50,1.9,12,12,132.26447962877762,0.6875,0.5,357.0,129.0,123.0,422.0,21.0,12.0,0.0,0.0,43.0,7.0,17.0,27.0,4.0,3.0,0.0,0.0,0.0,0.0,17.0,27.0,0.0,0.0,0.0,0.0
C3_f0.5__baldwinian__s30,C3_f0.5__baldwinian,C3_f0.5,C3,baldwinian,30,900,train,50,1.98,18,18,72.90287308144755,0.8541666666666666,0.5,316.0,107.0,95.0,338.0,103.0,40.0,0.0,0.0,44.0,6.0,9.0,26.0,12.0,7.0,0.0,0.0,0.0,0.0,9.0,26.0,0.0,0.0,0.0,0.0
C3_f0.5__baldwinian__s30,C3_f0.5__baldwinian,C3_f0.5,C3,baldwinian,30,950,train,50,2.02,12,12,57.67056729273423,0.8958333333333334,0.5,366.0,118.0,86.0,231.0,73.0,24.0,0.0,0.0,41.0,3.0,13.0,22.0,17.0,6.0,0.0,0.0,0.0,0.0,13.0,22.0,0.0,0.0,0.0,0.0
C3_f0.5__baldwinian__s30,C3_f0.5__baldwinian,C3_f0.5,C3,baldwinian,30,1000,train,50,2.24,14,14,105.25033882731518,0.8125,0.5,346.0,114.0,95.0,280.0,53.0,21.0,0.0,0.0,34.0,8.0,17.0,15.0,18.0,5.0,0.0,0.0,0.0,0.0,17.0,15.0,0.0,0.0,0.0,0.0
C3_f0.5__baldwinian__s30,C3_f0.5__baldwinian,C3_f0.5,C3,baldwinian,30,1050,train,50,2.62,22,22,63.61154939616707,0.875,0.5,256.0,71.0,85.0,259.0,53.0,22.0,0.0,0.0,46.0,7.0,15.0,18.0,15.0,7.0,0.0,0.0,0.0,0.0,15.0,18.0,0.0,0.0,0.0,0.0
C3_f0.5__baldwinian__s30,C3_f0.5__baldwinian,C3_f0.5,C3,baldwinian,30,1100,train,50,2.64,16,16,117.59157335135976,0.75,0.5,283.0,116.0,82.0,227.0,56.0,17.0,0.0,0.0,33.0,10.0,10.0,27.0,12.0,2.0,0.0,0.0,0.0,0.0,10.0,27.0,0.0,0.0,0.0,0.0
C3_f0.5__baldwinian__s30,C3_f0.5__baldwinian,C3_f0.5,C3,baldwinian,30,1150,train,50,2.68,21,21,79.6600362618077,0.8333333333333334,0.5,225.0,89.0,102.0,271.0,78.0,17.0,0.0,0.0,37.0,9.0,14.0,24.0,16.0,3.0,0.0,0.0,0.0,0.0,14.0,24.0,0.0,0.0,0.0,0.0
C3_f0.5__baldwinian__s30,C3_f0.5__baldwinian,C3_f0.5,C3,baldwinian,30,1200,train,50,2.76,20,20,71.87574207490825,0.9166666666666666,0.5,235.0,80.0,112.0,313.0,86.0,25.0,0.0,0.0,25.0,5.0,16.0,27.0,7.0,5.0,0.0,0.0,0.0,0.0,16.0,27.0,0.0,0.0,0.0,0.0
C3_f0.5__baldwinian__s30,C3_f0.5__baldwinian,C3_f0.5,C3,baldwinian,30,1250,train,50,2.82,16,16,76.1567396712995,0.8958333333333334,0.5,309.0,111.0,109.0,355.0,119.0,56.0,0.0,0.0,37.0,15.0,9.0,22.0,16.0,9.0,0.0,0.0,0.0,0.0,9.0,22.0,0.0,0.0,0.0,0.0
C3_f0.5__baldwinian__s30,C3_f0.5__baldwinian,C3_f0.5,C3,baldwinian,30,1300,train,50,2.96,17,17,75.48051897645348,0.8541666666666666,0.5,210.0,63.0,115.0,310.0,64.0,12.0,0.0,0.0,27.0,5.0,10.0,29.0,28.0,3.0,0.0,0.0,0.0,0.0,10.0,29.0,0.0,0.0,0.0,0.0
C3_f0.5__baldwinian__s30,C3_f0.5__baldwinian,C3_f0.5,C3,baldwinian,30,1350,train,50,3.14,19,19,102.32721655519464,0.8125,0.5,357.0,113.0,98.0,319.0,44.0,14.0,0.0,0.0,37.0,8.0,7.0,27.0,20.0,5.0,0.0,0.0,0.0,0.0,7.0,27.0,0.0,0.0,0.0,0.0
C3_f0.5__baldwinian__s30,C3_f0.5__baldwinian,C3_f0.5,C3,baldwinian,30,1400,train,50,3.36,13,13,88.12022717724258,0.875,0.5,227.0,77.0,75.0,244.0,39.0,13.0,0.0,0.0,38.0,10.0,11.0,20.0,12.0,4.0,0.0,0.0,0.0,0.0,11.0,20.0,0.0,0.0,0.0,0.0
C3_f0.5__baldwinian__s30,C3_f0.5__baldwinian,C3_f0.5,C3,baldwinian,30,1450,train,50,3.56,16,16,53.42931130345587,0.9166666666666666,0.5,240.0,89.0,79.0,272.0,91.0,28.0,0.0,0.0,33.0,9.0,11.0,34.0,21.0,4.0,0.0,0.0,0.0,0.0,11.0,34.0,0.0,0.0,0.0,0.0
C3_f0.5__baldwinian__s30,C3_f0.5__baldwinian,C3_f0.5,C3,baldwinian,30,1500,train,50,3.8,21,21,96.88743145746773,0.8125,0.5,306.0,99.0,80.0,220.0,48.0,16.0,0.0,0.0,35.0,9.0,10.0,12.0,13.0,4.0,0.0,0.0,0.0,0.0,10.0,12.0,0.0,0.0,0.0,0.0
C3_f0.5__baldwinian__s30,C3_f0.5__baldwinian,C3_f0.5,C3,baldwinian,30,1550,eval,50,4.08,22,22,118.61738489311504,0.7291666666666666,0.5,262.0,93.0,103.0,303.0,66.0,32.0,14.0,29.0,27.0,9.0,12.0,26.0,9.0,5.0,2.0,5.0,0.0,0.0,12.0,26.0,0.0,0.0,2.0,5.0
C3_f0.5__baldwinian__s30,C3_f0.5__baldwinian,C3_f0.5,C3,baldwinian,30,1600,eval,50,4.06,18,18,124.50873748276358,0.7291666666666666,0.5,348.0,101.0,118.0,355.0,116.0,30.0,17.0,60.0,32.0,10.0,11.0,25.0,8.0,2.0,3.0,4.0,0.0,0.0,11.0,25.0,0.0,0.0,3.0,4.0
C3_f0.5__baldwinian__s30,C3_f0.5__baldwinian,C3_f0.5,C3,baldwinian,30,1650,eval,50,4.08,20,20,156.37708450672972,0.6041666666666666,0.5,429.0,144.0,95.0,266.0,100.0,42.0,23.0,85.0,21.0,6.0,13.0,28.0,12.0,3.0,2.0,8.0,0.0,0.0,13.0,28.0,0.0,0.0,2.0,8.0
C3_f0.5__baldwinian__s30,C3_f0.5__baldwinian,C3_f0.5,C3,baldwinian,30,1700,eval,50,4.28,9,9,179.15014366771817,0.5416666666666666,0.5,384.0,153.0,106.0,313.0,90.0,31.0,38.0,92.0,32.0,13.0,8.0,17.0,11.0,2.0,6.0,3.0,0.0,0.0,8.0,17.0,0.0,0.0,6.0,3.0
C3_f0.5__baldwinian__s30,C3_f0.5__baldwinian,C3_f0.5,C3,baldwinian,30,1750,eval,50,4.4,15,15,230.21953349224356,0.375,0.5,397.0,112.0,117.0,386.0,109.0,34.0,36.0,68.0,14.0,7.0,8.0,21.0,9.0,3.0,5.0,3.0,0.0,0.0,8.0,21.0,0.0,0.0,5.0,3.0
C3_f0.5__baldwinian__s30,C3_f0.5__baldwinian,C3_f0.5,C3,baldwinian,30,1800,eval,50,4.4,5,5,187.82933775847073,0.5208333333333334,0.5,366.0,127.0,148.0,397.0,64.0,27.0,26.0,90.0,24.0,13.0,11.0,21.0,5.0,1.0,6.0,6.0,0.0,0.0,11.0,21.0,0.0,0.0,6.0,6.0
