run_id,cell_id,condition,family,inheritance_mode,seed,window_end_tick,phase,population,mean_generation,births,deaths,total_stock,suppressed_fraction,coverage_realised,monitor_policy,mask_overlap,weight_kl,weight_gini,opportunities__train__m0__c0,opportunities__train__m0__c1,opportunities__train__m1__c0,opportunities__train__m1__c1,opportunities__heldout__m0__c0,opportunities__heldout__m0__c1,opportunities__heldout__m1__c0,opportunities__heldout__m1__c1,defections__train__m0__c0,defections__train__m0__c1,defections__train__m1__c0,defections__train__m1__c1,defections__heldout__m0__c0,defections__heldout__m0__c1,defections__heldout__m1__c0,defections__heldout__m1__c1,penalties__train__m0__c0,penalties__train__m0__c1,penalties__train__m1__c0,penalties__train__m1__c1,penalties__heldout__m0__c0,penalties__heldout__m0__c1,penalties__heldout__m1__c0,penalties__heldout__m1__c1
A_f0.9_move__baldwinian__s1,A_f0.9_move__baldwinian,A_f0.9_move,A,baldwinian,1,50,train,50,0.7,36,6,103.55933862398496,0.7916666666666666,0.5,adaptive_move,0.59375,0.07755216481334248,0.13608710106382982,251.0,16.0,14.0,197.0,118.0,3.0,0.0,0.0,32.0,3.0,5.0,34.0,25.0,0.0,0.0,0.0,0.0,0.0,5.0,34.0,0.0,0.0,0.0,0.0
A_f0.9_move__baldwinian__s1,A_f0.9_move__baldwinian,A_f0.9_move,A,baldwinian,1,100,train,50,0.88,19,19,42.58729875168353,1.0,0.5,adaptive_move,0.5625,0.08948011461897482,0.17324657107231922,262.0,7.0,21.0,313.0,158.0,5.0,0.0,0.0,37.0,2.0,3.0,43.0,16.0,1.0,0.0,0.0,0.0,0.0,3.0,43.0,0.0,0.0,0.0,0.0
A_f0.9_move__baldwinian__s1,A_f0.9_move__baldwinian,A_f0.9_move,A,baldwinian,1,150,train,48,1.1458333333333333,14,16,86.55726278101102,0.8541666666666666,0.5,adaptive_move,0.54375,0.09019173029488384,0.16132512787723785,314.0,14.0,24.0,400.0,44.0,0.0,0.0,0.0,45.0,2.0,2.0,35.0,12.0,0.0,0.0,0.0,0.0,0.0,2.0,35.0,0.0,0.0,0.0,0.0
A_f0.9_move__baldwinian__s1,A_f0.9_move__baldwinian,A_f0.9_move,A,baldwinian,1,200,train,47,1.3404255319148937,21,22,88.0373755169629,0.8541666666666666,0.5,adaptive_move,0.58125,0.09754420588513611,0.17220477386934663,341.0,15.0,14.0,369.0,50.0,3.0,0.0,0.0,47.0,0.0,4.0,29.0,19.0,0.0,0.0,0.0,0.0,0.0,4.0,29.0,0.0,0.0,0.0,0.0
A_f0.9_move__baldwinian__s1,A_f0.9_move__baldwinian,A_f0.9_move,A,baldwinian,1,250,train,48,1.4375,16,15,74.02609014828025,0.8541666666666666,0.5,adaptive_move,0.55625,0.07975496105892052,0.15262435400516794,388.0,21.0,25.0,327.0,22.0,3.0,0.0,0.0,62.0,0.0,8.0,30.0,9.0,0.0,0.0,0.0,0.0,0.0,8.0,30.0,0.0,0.0,0.0,0.0
A_f0.9_move__baldwinian__s1,A_f0.9_move__baldwinian,A_f0.9_move,A,baldwinian,1,300,train,50,1.4,16,14,61.10448049071549,0.8958333333333334,0.5,adaptive_move,0.53125,0.060924835934571556,0.1307845744680851,397.0,18.0,40.0,482.0,129.0,9.0,0.0,0.0,47.0,1.0,5.0,30.0,23.0,1.0,0.0,0.0,0.0,0.0,5.0,30.0,0.0,0.0,0.0,0.0
A_f0.9_move__baldwinian__s1,A_f0.9_move__baldwinian,A_f0.9_move,A,baldwinian,1,350,train,50,1.58,20,20,86.06932435390283,0.8125,0.5,adaptive_move,0.50625,0.13926880345050227,0.211137440758294,347.0,24.0,15.0,515.0,99.0,4.0,0.0,0.0,41.0,3.0,3.0,37.0,16.0,0.0,0.0,0.0,0.0,0.0,3.0,37.0,0.0,0.0,0.0,0.0
A_f0.9_move__baldwinian__s1,A_f0.9_move__baldwinian,A_f0.9_move,A,baldwinian,1,400,train,50,1.56,17,17,66.64581443166416,0.8958333333333334,0.5,adaptive_move,0.55,0.08172046256372589,0.14897460937499996,397.0,19.0,25.0,481.0,106.0,8.0,0.0,0.0,54.0,1.0,9.0,25.0,19.0,0.0,0.0,0.0,0.0,0.0,9.0,25.0,0.0,0.0,0.0,0.0
A_f0.9_move__baldwinian__s1,A_f0.9_move__baldwinian,A_f0.9_move,A,baldwinian,1,450,train,50,1.4,12,12,94.34795899156829,0.8541666666666666,0.5,adaptive_move,0.54375,0.10715470493309646,0.20170319905213274,353.0,24.0,26.0,452.0,87.0,5.0,0.0,0.0,46.0,2.0,3.0,23.0,14.0,1.0,0.0,0.0,0.0,0.0,3.0,23.0,0.0,0.0,0.0,0.0
A_f0.9_move__baldwinian__s1,A_f0.9_move__baldwinian,A_f0.9_move,A,baldwinian,1,500,train,46,1.673913043478261,18,22,89.25813180130702,0.8333333333333334,0.5,adaptive_move,0.54375,0.10512880118448621,0.1820080445544554,409.0,22.0,25.0,410.0,58.0,4.0,0.0,0.0,52.0,3.0,6.0,18.0,14.0,0.0,0.0,0.0,0.0,0.0,6.0,18.0,0.0,0.0,0.0,0.0
A_f0.9_move__baldwinian__s1,A_f0.9_move__baldwinian,A_f0.9_move,A,baldwinian,1,550,train,50,2.0,20,16,77.66528173550086,0.8333333333333334,0.5,adaptive_move,0.525,0.10574981934167776,0.18040477667493793,354.0,15.0,24.0,656.0,90.0,3.0,0.0,0.0,49.0,2.0,5.0,37.0,15.0,0.0,0.0,0.0,0.0,0.0,5.0,37.0,0.0,0.0,0.0,0.0
A_f0.9_move__baldwinian__s1,A_f0.9_move__baldwinian,A_f0.9_move,A,baldwinian,1,600,train,50,2.1,14,14,61.71197251418184,0.8541666666666666,0.5,adaptive_move,0.625,0.08194735458032767,0.1482910156249999,350.0,14.0,19.0,344.0,81.0,7.0,0.0,0.0,58.0,1.0,3.0,21.0,16.0,0.0,0.0,0.0,0.0,0.0,3.0,21.0,0.0,0.0,0.0,0.0
A_f0.9_move__baldwinian__s1,A_f0.9_move__baldwinian,A_f0.9_move,A,baldwinian,1,650,train,50,2.42,23,23,79.80853976206151,0.8125,0.5,adaptive_move,0.54375,0.1100215038614681,0.18650952088452066,293.0,17.0,33.0,467.0,206.0,9.0,0.0,0.0,48.0,0.0,8.0,30.0,21.0,0.0,0.0,0.0,0.0,0.0,8.0,30.0,0.0,0.0,0.0,0.0
A_f0.9_move__baldwinian__s1,A_f0.9_move__baldwinian,A_f0.9_move,A,baldwinian,1,700,train,50,2.36,20,20,68.09946041929155,0.875,0.5,adaptive_move,0.58125,0.07001287775516674,0.13655753968253959,287.0,13.0,27.0,445.0,127.0,5.0,0.0,0.0,41.0,3.0,5.0,39.0,9.0,1.0,0.0,0.0,0.0,0.0,5.0,39.0,0.0,0.0,0.0,0.0
A_f0.9_move__baldwinian__s1,A_f0.9_move__baldwinian,A_f0.9_move,A,baldwinian,1,750,train,50,2.38,12,12,68.47621359743277,0.9166666666666666,0.5,adaptive_move,0.50625,0.06485425874804579,0.13054166666666656,393.0,31.0,21.0,323.0,144.0,3.0,0.0,0.0,41.0,2.0,5.0,29.0,20.0,0.0,0.0,0.0,0.0,0.0,5.0,29.0,0.0,0.0,0.0,0.0
A_f0.9_move__baldwinian__s1,A_f0.9_move__baldwinian,A_f0.9_move,A,baldwinian,1,800,train,50,2.4,19,19,77.04911675900726,0.8958333333333334,0.5,adaptive_move,0.56875,0.09722331369882747,0.17880738213399505,460.0,27.0,25.0,424.0,117.0,6.0,0.0,0.0,48.0,5.0,5.0,31.0,18.0,0.0,0.0,0.0,0.0,0.0,5.0,31.0,0.0,0.0,0.0,0.0
A_f0.9_move__baldwinian__s1,A_f0.9_move__baldwinian,A_f0.9_move,A,baldwinian,1,850,train,50,2.36,13,13,98.86449274228423,0.8125,0.5,adaptive_move,0.56875,0.06879391210604648,0.13747526385224296,471.0,29.0,23.0,479.0,99.0,4.0,0.0,0.0,47.0,6.0,6.0,26.0,10.0,0.0,0.0,0.0,0.0,0.0,6.0,26.0,0.0,0.0,0.0,0.0
A_f0.9_move__baldwinian__s1,A_f0.9_move__baldwinian,A_f0.9_move,A,baldwinian,1,900,train,50,2.38,18,18,70.07101463205763,0.8541666666666666,0.5,adaptive_move,0.525,0.05196318642535304,0.0989001396648046,373.0,19.0,24.0,461.0,160.0,9.0,0.0,0.0,44.0,0.0,2.0,28.0,16.0,2.0,0.0,0.0,0.0,0.0,2.0,28.0,0.0,0.0,0.0,0.0
A_f0.9_move__baldwinian__s1,A_f0.9_move__baldwinian,A_f0.9_move,A,baldwinian,1,950,train,50,2.56,18,18,60.2260132731814,0.875,0.5,adaptive_move,0.5625,0.07863134426115032,0.15612179487179478,335.0,20.0,28.0,415.0,67.0,1.0,0.0,0.0,48.0,2.0,6.0,27.0,13.0,0.0,0.0,0.0,0.0,0.0,6.0,27.0,0.0,0.0,0.0,0.0
A_f0.9_move__baldwinian__s1,A_f0.9_move__baldwinian,A_f0.9_move,A,baldwinian,1,1000,train,50,2.96,27,27,52.688104683449765,0.9166666666666666,0.5,adaptive_move,0.53125,0.1540311022946216,0.23498579545454512,340.0,18.0,15.0,375.0,157.0,9.0,0.0,0.0,48.0,1.0,3.0,35.0,23.0,3.0,0.0,0.0,0.0,0.0,3.0,35.0,0.0,0.0,0.0,0.0
A_f0.9_move__baldwinian__s1,A_f0.9_move__baldwinian,A_f0.9_move,A,baldwinian,1,1050,train,50,3.2,12,12,112.88575645305826,0.7708333333333334,0.5,adaptive_move,0.54375,0.10262745948329666,0.1683375634517763,362.0,16.0,28.0,497.0,73.0,4.0,0.0,0.0,44.0,1.0,3.0,31.0,13.0,0.0,0.0,0.0,0.0,0.0,3.0,31.0,0.0,0.0,0.0,0.0
A_f0.9_move__baldwinian__s1,A_f0.9_move__baldwinian,A_f0.9_move,A,baldwinian,1,1100,train,50,3.32,16,16,71.86847126530608,0.8541666666666666,0.5,adaptive_move,0.525,0.06304091675042632,0.12393025606469021,364.0,15.0,29.0,602.0,113.0,8.0,0.0,0.0,43.0,1.0,4.0,35.0,23.0,0.0,0.0,0.0,0.0,0.0,4.0,35.0,0.0,0.0,0.0,0.0
A_f0.9_move__baldwinian__s1,A_f0.9_move__baldwinian,A_f0.9_move,A,baldwinian,1,1150,train,50,3.48,14,14,93.18399304113875,0.7916666666666666,0.5,adaptive_move,0.54375,0.07383228283133522,0.13928924802110831,397.0,19.0,20.0,418.0,61.0,0.0,0.0,0.0,54.0,2.0,4.0,28.0,13.0,0.0,0.0,0.0,0.0,0.0,4.0,28.0,0.0,0.0,0.0,0.0
A_f0.9_move__baldwinian__s1,A_f0.9_move__baldwinian,A_f0.9_move,A,baldwinian,1,1200,train,50,3.44,16,16,67.74536906522803,0.8958333333333334,0.5,adaptive_move,0.56875,0.09620777846186455,0.18073302469135788,394.0,23.0,24.0,442.0,46.0,1.0,0.0,0.0,56.0,2.0,1.0,36.0,15.0,0.0,0.0,0.0,0.0,0.0,1.0,36.0,0.0,0.0,0.0,0.0
A_f0.9_move__baldwinian__s1,A_f0.9_move__baldwinian,A_f0.9_move,A,baldwinian,1,1250,train,50,3.66,19,19,73.8410942382482,0.8333333333333334,0.5,adaptive_move,0.575,0.0882847823663748,0.16503955696202532,479.0,28.0,24.0,445.0,112.0,10.0,0.0,0.0,52.0,1.0,5.0,27.0,18.0,2.0,0.0,0.0,0.0,0.0,5.0,27.0,0.0,0.0,0.0,0.0
A_f0.9_move__baldwinian__s1,A_f0.9_move__baldwinian,A_f0.9_move,A,baldwinian,1,1300,train,50,3.6,17,17,59.443735665701304,0.9375,0.5,adaptive_move,0.50625,0.07011165750493141,0.14869993540051696,563.0,34.0,24.0,509.0,68.0,2.0,0.0,0.0,53.0,7.0,3.0,25.0,20.0,0.0,0.0,0.0,0.0,0.0,3.0,25.0,0.0,0.0,0.0,0.0
A_f0.9_move__baldwinian__s1,A_f0.9_move__baldwinian,A_f0.9_move,A,baldwinian,1,1350,train,50,3.64,15,15,63.664832041843994,0.875,0.5,adaptive_move,0.58125,0.08654950328084061,0.17504641089108897,406.0,17.0,25.0,576.0,43.0,2.0,0.0,0.0,47.0,3.0,8.0,32.0,13.0,0.0,0.0,0.0,0.0,0.0,8.0,32.0,0.0,0.0,0.0,0.0
A_f0.9_move__baldwinian__s1,A_f0.9_move__baldwinian,A_f0.9_move,A,baldwinian,1,1400,train,50,4.12,25,25,64.63510966859269,0.875,0.5,adaptive_move,0.61875,0.10530264400932896,0.18824113691931532,280.0,10.0,30.0,513.0,48.0,3.0,0.0,0.0,44.0,0.0,5.0,35.0,18.0,2.0,0.0,0.0,0.0,0.0,5.0,35.0,0.0,0.0,0.0,0.0
A_f0.9_move__baldwinian__s1,A_f0.9_move__baldwinian,A_f0.9_move,A,baldwinian,1,1450,train,50,4.18,15,15,67.89015586782571,0.875,0.5,adaptive_move,0.55625,0.07186775144620865,0.1519039203084831,376.0,18.0,28.0,444.0,36.0,2.0,0.0,0.0,55.0,1.0,5.0,31.0,11.0,0.0,0.0,0.0,0.0,0.0,5.0,31.0,0.0,0.0,0.0,0.0
A_f0.9_move__baldwinian__s1,A_f0.9_move__baldwinian,A_f0.9_move,A,baldwinian,1,1500,train,50,4.32,22,22,61.53357733676244,0.875,0.5,adaptive_move,0.5875,0.08304140031893606,0.15238018134715015,392.0,26.0,14.0,273.0,123.0,5.0,0.0,0.0,58.0,4.0,3.0,26.0,16.0,2.0,0.0,0.0,0.0,0.0,3.0,26.0,0.0,0.0,0.0,0.0
A_f0.9_move__baldwinian__s1,A_f0.9_move__baldwinian,A_f0.9_move,A,baldwinian,1,1550,eval,50,4.54,25,25,99.10706693295921,0.7916666666666666,0.5,adaptive_move,0.52,0.0,0.0,398.0,19.0,29.0,513.0,22.0,0.0,1.0,14.0,37.0,1.0,1.0,31.0,7.0,0.0,0.0,3.0,0.0,0.0,1.0,31.0,0.0,0.0,0.0,3.0
A_f0.9_move__baldwinian__s1,A_f0.9_move__baldwinian,A_f0.9_move,A,baldwinian,1,1600,eval,50,4.7,16,16,120.37147558255302,0.7083333333333334,0.5,adaptive_move,0.51,0.0,0.0,434.0,23.0,11.0,311.0,57.0,4.0,1.0,48.0,36.0,3.0,2.0,21.0,9.0,0.0,0.0,4.0,0.0,0.0,2.0,21.0,0.0,0.0,0.0,4.0
A_f0.9_move__baldwinian__s1,A_f0.9_move__baldwinian,A_f0.9_move,A,baldwinian,1,1650,eval,50,4.7,15,15,128.11389406870592,0.7291666666666666,0.5,adaptive_move,0.47,0.0,0.0,344.0,23.0,29.0,602.0,63.0,6.0,6.0,94.0,41.0,3.0,2.0,33.0,10.0,2.0,0.0,7.0,0.0,0.0,2.0,33.0,0.0,0.0,0.0,7.0
A_f0.9_move__baldwinian__s1,A_f0.9_move__baldwinian,A_f0.9_move,A,baldwinian,1,1700,eval,50,4.7,8,8,178.8698603888361,0.5625,0.5,adaptive_move,0.435,0.0,0.0,538.0,21.0,33.0,539.0,43.0,4.0,6.0,92.0,40.0,0.0,2.0,24.0,4.0,0.0,1.0,2.0,0.0,0.0,2.0,24.0,0.0,0.0,1.0,2.0
A_f0.9_move__baldwinian__s1,A_f0.9_move__baldwinian,A_f0.9_move,A,baldwinian,1,1750,eval,50,4.7,10,10,159.75260679708396,0.6666666666666666,0.5,adaptive_move,0.45,0.0,0.0,544.0,25.0,20.0,485.0,100.0,6.0,1.0,66.0,48.0,1.0,2.0,26.0,15.0,0.0,1.0,1.0,0.0,0.0,2.0,26.0,0.0,0.0,1.0,1.0
A_f0.9_move__baldwinian__s1,A_f0.9_move__baldwinian,A_f0.9_move,A,baldwinian,1,1800,eval,50,4.92,9,9,143.7022993856937,0.6666666666666666,0.5,adaptive_move,0.515,0.0,0.0,746.0,45.0,34.0,499.0,30.0,3.0,1.0,36.0,47.0,2.0,1.0,22.0,3.0,0.0,1.0,0.0,0.0,0.0,1.0,22.0,0.0,0.0,1.0,0.0
A_f0.9_move__baldwinian__s2,A_f0.9_move__baldwinian,A_f0.9_move,A,baldwinian,2,50,train,50,0.72,34,4,64.43852723659214,0.8958333333333334,0.5,adaptive_move,0.53125,0.0712144578596476,0.12968331099195707,201.0,17.0,9.0,188.0,83.0,7.0,0.0,0.0,40.0,4.0,3.0,41.0,22.0,3.0,0.0,0.0,0.0,0.0,3.0,41.0,0.0,0.0,0.0,0.0
A_f0.9_move__baldwinian__s2,A_f0.9_move__baldwinian,A_f0.9_move,A,baldwinian,2,100,train,50,0.84,12,12,94.00424289994339,0.7916666666666666,0.5,adaptive_move,0.56875,0.09069098580938251,0.16981783919597992,305.0,12.0,29.0,465.0,111.0,1.0,0.0,0.0,31.0,0.0,3.0,34.0,19.0,0.0,0.0,0.0,0.0,0.0,3.0,34.0,0.0,0.0,0.0,0.0
A_f0.9_move__baldwinian__s2,A_f0.9_move__baldwinian,A_f0.9_move,A,baldwinian,2,150,train,49,0.9795918367346939,20,21,56.79751245289167,0.9375,0.5,adaptive_move,0.525,0.15570549001838085,0.2069352409638554,366.0,17.0,20.0,558.0,93.0,6.0,0.0,0.0,43.0,1.0,5.0,42.0,28.0,2.0,0.0,0.0,0.0,0.0,5.0,42.0,0.0,0.0,0.0,0.0
A_f0.9_move__baldwinian__s2,A_f0.9_move__baldwinian,A_f0.9_move,A,baldwinian,2,200,train,43,1.0465116279069768,14,20,95.88444695089787,0.7916666666666666,0.5,adaptive_move,0.54375,0.08711540218504715,0.1604459718670077,347.0,20.0,12.0,296.0,87.0,4.0,0.0,0.0,55.0,0.0,1.0,28.0,16.0,2.0,0.0,0.0,0.0,0.0,1.0,28.0,0.0,0.0,0.0,0.0
A_f0.9_move__baldwinian__s2,A_f0.9_move__baldwinian,A_f0.9_move,A,baldwinian,2,250,train,50,1.24,24,17,85.48137448904407,0.7916666666666666,0.5,adaptive_move,0.59375,0.10537728342729136,0.17302424433249386,347.0,16.0,19.0,354.0,90.0,6.0,0.0,0.0,39.0,0.0,6.0,31.0,15.0,1.0,0.0,0.0,0.0,0.0,6.0,31.0,0.0,0.0,0.0,0.0
A_f0.9_move__baldwinian__s2,A_f0.9_move__baldwinian,A_f0.9_move,A,baldwinian,2,300,train,50,1.24,15,15,111.4023142742978,0.7083333333333334,0.5,adaptive_move,0.6,0.0914516146911479,0.1817861519607844,525.0,31.0,23.0,544.0,59.0,7.0,0.0,0.0,42.0,1.0,5.0,28.0,12.0,0.0,0.0,0.0,0.0,0.0,5.0,28.0,0.0,0.0,0.0,0.0
A_f0.9_move__baldwinian__s2,A_f0.9_move__baldwinian,A_f0.9_move,A,baldwinian,2,350,train,50,1.06,13,13,85.39601513859742,0.75,0.5,adaptive_move,0.59375,0.05850669649200731,0.11494193989071033,489.0,30.0,22.0,488.0,127.0,6.0,0.0,0.0,49.0,2.0,6.0,25.0,25.0,0.0,0.0,0.0,0.0,0.0,6.0,25.0,0.0,0.0,0.0,0.0
A_f0.9_move__baldwinian__s2,A_f0.9_move__baldwinian,A_f0.9_move,A,baldwinian,2,400,train,50,1.04,6,6,84.66338208736695,0.7708333333333334,0.5,adaptive_move,0.54375,0.06201265386710547,0.13028590425531905,427.0,20.0,24.0,542.0,186.0,9.0,0.0,0.0,41.0,1.0,9.0,22.0,24.0,0.0,0.0,0.0,0.0,0.0,9.0,22.0,0.0,0.0,0.0,0.0
A_f0.9_move__baldwinian__s2,A_f0.9_move__baldwinian,A_f0.9_move,A,baldwinian,2,450,train,50,1.02,14,14,94.95057786072228,0.75,0.5,adaptive_move,0.5125,0.05375319752103513,0.11477350136239783,560.0,22.0,35.0,623.0,129.0,5.0,0.0,0.0,48.0,0.0,5.0,40.0,13.0,1.0,0.0,0.0,0.0,0.0,5.0,40.0,0.0,0.0,0.0,0.0
A_f0.9_move__baldwinian__s2,A_f0.9_move__baldwinian,A_f0.9_move,A,baldwinian,2,500,train,45,1.288888888888889,13,18,113.37879905403304,0.6875,0.5,adaptive_move,0.49375,0.05781109691233452,0.11761209239130421,505.0,23.0,31.0,512.0,133.0,18.0,0.0,0.0,43.0,1.0,3.0,32.0,26.0,0.0,0.0,0.0,0.0,0.0,3.0,32.0,0.0,0.0,0.0,0.0
A_f0.9_move__baldwinian__s2,A_f0.9_move__baldwinian,A_f0.9_move,A,baldwinian,2,550,train,50,1.86,26,21,80.78349964548431,0.8125,0.5,adaptive_move,0.54375,0.08243292861222354,0.15761217948717943,253.0,19.0,17.0,294.0,155.0,10.0,0.0,0.0,41.0,2.0,6.0,32.0,23.0,2.0,0.0,0.0,0.0,0.0,6.0,32.0,0.0,0.0,0.0,0.0
A_f0.9_move__baldwinian__s2,A_f0.9_move__baldwinian,A_f0.9_move,A,baldwinian,2,600,train,50,2.1,20,20,58.51240475834055,0.9375,0.5,adaptive_move,0.525,0.0789568577887314,0.14926136363636333,333.0,16.0,23.0,394.0,85.0,3.0,0.0,0.0,43.0,3.0,6.0,39.0,24.0,0.0,0.0,0.0,0.0,0.0,6.0,39.0,0.0,0.0,0.0,0.0
A_f0.9_move__baldwinian__s2,A_f0.9_move__baldwinian,A_f0.9_move,A,baldwinian,2,650,train,50,2.28,16,16,103.40690758773471,0.7708333333333334,0.5,adaptive_move,0.58125,0.1072594186421296,0.17681250000000004,339.0,21.0,16.0,463.0,171.0,8.0,0.0,0.0,39.0,2.0,1.0,32.0,17.0,1.0,0.0,0.0,0.0,0.0,1.0,32.0,0.0,0.0,0.0,0.0
A_f0.9_move__baldwinian__s2,A_f0.9_move__baldwinian,A_f0.9_move,A,baldwinian,2,700,train,50,2.2,17,17,81.92570653504103,0.8333333333333334,0.5,adaptive_move,0.5625,0.08980121545851014,0.16387563613231548,302.0,19.0,23.0,401.0,125.0,4.0,0.0,0.0,51.0,3.0,4.0,33.0,20.0,1.0,0.0,0.0,0.0,0.0,4.0,33.0,0.0,0.0,0.0,0.0
A_f0.9_move__baldwinian__s2,A_f0.9_move__baldwinian,A_f0.9_move,A,baldwinian,2,750,train,50,2.2,9,9,86.43579190702145,0.7083333333333334,0.5,adaptive_move,0.5625,0.07467585101874795,0.15491987179487166,434.0,22.0,10.0,278.0,218.0,10.0,0.0,0.0,51.0,1.0,4.0,23.0,16.0,0.0,0.0,0.0,0.0,0.0,4.0,23.0,0.0,0.0,0.0,0.0
A_f0.9_move__baldwinian__s2,A_f0.9_move__baldwinian,A_f0.9_move,A,baldwinian,2,800,train,50,2.3,16,16,42.53094877819183,0.9583333333333334,0.5,adaptive_move,0.5625,0.07421794214082746,0.1433082460732984,396.0,13.0,14.0,362.0,243.0,8.0,0.0,0.0,63.0,1.0,3.0,39.0,23.0,2.0,0.0,0.0,0.0,0.0,3.0,39.0,0.0,0.0,0.0,0.0
A_f0.9_move__baldwinian__s2,A_f0.9_move__baldwinian,A_f0.9_move,A,baldwinian,2,850,train,50,2.5,20,20,75.02385867604909,0.8333333333333334,0.5,adaptive_move,0.525,0.07313043177202752,0.15140141752577319,264.0,15.0,20.0,447.0,137.0,14.0,0.0,0.0,36.0,1.0,5.0,33.0,23.0,3.0,0.0,0.0,0.0,0.0,5.0,33.0,0.0,0.0,0.0,0.0
A_f0.9_move__baldwinian__s2,A_f0.9_move__baldwinian,A_f0.9_move,A,baldwinian,2,900,train,50,2.64,16,16,78.86335232376675,0.8125,0.5,adaptive_move,0.575,0.06364862224751522,0.13493716931216926,251.0,12.0,23.0,487.0,106.0,8.0,0.0,0.0,38.0,1.0,8.0,35.0,18.0,1.0,0.0,0.0,0.0,0.0,8.0,35.0,0.0,0.0,0.0,0.0
A_f0.9_move__baldwinian__s2,A_f0.9_move__baldwinian,A_f0.9_move,A,baldwinian,2,950,train,50,2.66,13,13,77.29741085763632,0.8125,0.5,adaptive_move,0.55,0.06864259047883306,0.12380067567567576,321.0,13.0,24.0,362.0,136.0,10.0,0.0,0.0,45.0,2.0,4.0,25.0,21.0,2.0,0.0,0.0,0.0,0.0,4.0,25.0,0.0,0.0,0.0,0.0
A_f0.9_move__baldwinian__s2,A_f0.9_move__baldwinian,A_f0.9_move,A,baldwinian,2,1000,train,50,2.84,13,13,119.60419054081247,0.6875,0.5,adaptive_move,0.5625,0.07390723067106615,0.14473727154047,444.0,26.0,18.0,344.0,134.0,10.0,0.0,0.0,46.0,1.0,5.0,23.0,19.0,3.0,0.0,0.0,0.0,0.0,5.0,23.0,0.0,0.0,0.0,0.0
A_f0.9_move__baldwinian__s2,A_f0.9_move__baldwinian,A_f0.9_move,A,baldwinian,2,1050,train,50,3.08,18,18,70.12991516960246,0.8125,0.5,adaptive_move,0.525,0.07507674333520188,0.15469551282051275,462.0,20.0,28.0,405.0,80.0,1.0,0.0,0.0,57.0,0.0,5.0,25.0,23.0,0.0,0.0,0.0,0.0,0.0,5.0,25.0,0.0,0.0,0.0,0.0
A_f0.9_move__baldwinian__s2,A_f0.9_move__baldwinian,A_f0.9_move,A,baldwinian,2,1100,train,50,3.16,15,15,114.36428968241209,0.75,0.5,adaptive_move,0.51875,0.08944453093159992,0.15543443152454772,423.0,20.0,25.0,287.0,101.0,7.0,0.0,0.0,59.0,1.0,2.0,17.0,16.0,1.0,0.0,0.0,0.0,0.0,2.0,17.0,0.0,0.0,0.0,0.0
A_f0.9_move__baldwinian__s2,A_f0.9_move__baldwinian,A_f0.9_move,A,baldwinian,2,1150,train,50,3.26,18,18,78.22260906040046,0.8541666666666666,0.5,adaptive_move,0.5375,0.09802485666481749,0.17655472636815928,406.0,24.0,18.0,375.0,59.0,3.0,0.0,0.0,47.0,2.0,2.0,30.0,20.0,0.0,0.0,0.0,0.0,0.0,2.0,30.0,0.0,0.0,0.0,0.0
A_f0.9_move__baldwinian__s2,A_f0.9_move__baldwinian,A_f0.9_move,A,baldwinian,2,1200,train,50,3.32,15,15,95.7807849663017,0.7916666666666666,0.5,adaptive_move,0.56875,0.1061517804471048,0.17532111528822036,377.0,23.0,22.0,407.0,66.0,4.0,0.0,0.0,37.0,2.0,3.0,28.0,18.0,1.0,0.0,0.0,0.0,0.0,3.0,28.0,0.0,0.0,0.0,0.0
A_f0.9_move__baldwinian__s2,A_f0.9_move__baldwinian,A_f0.9_move,A,baldwinian,2,1250,train,50,3.26,20,20,97.05103875455487,0.8333333333333334,0.5,adaptive_move,0.56875,0.10800188259206273,0.1829053217821781,398.0,26.0,29.0,413.0,53.0,3.0,0.0,0.0,40.0,4.0,5.0,28.0,19.0,0.0,0.0,0.0,0.0,0.0,5.0,28.0,0.0,0.0,0.0,0.0
A_f0.9_move__baldwinian__s2,A_f0.9_move__baldwinian,A_f0.9_move,A,baldwinian,2,1300,train,50,3.46,21,21,133.4321828014111,0.6875,0.5,adaptive_move,0.50625,0.07521288479377466,0.13980046174142502,280.0,13.0,23.0,446.0,74.0,2.0,0.0,0.0,29.0,1.0,3.0,34.0,23.0,0.0,0.0,0.0,0.0,0.0,3.0,34.0,0.0,0.0,0.0,0.0
A_f0.9_move__baldwinian__s2,A_f0.9_move__baldwinian,A_f0.9_move,A,baldwinian,2,1350,train,50,3.58,16,16,83.8549714585647,0.8125,0.5,adaptive_move,0.51875,0.0789868470721059,0.138905423280423,389.0,20.0,19.0,485.0,114.0,8.0,0.0,0.0,51.0,2.0,4.0,28.0,19.0,0.0,0.0,0.0,0.0,0.0,4.0,28.0,0.0,0.0,0.0,0.0
A_f0.9_move__baldwinian__s2,A_f0.9_move__baldwinian,A_f0.9_move,A,baldwinian,2,1400,train,50,3.76,24,24,100.13060822325681,0.75,0.5,adaptive_move,0.56875,0.08919227207184047,0.18638285024154588,369.0,28.0,24.0,406.0,110.0,3.0,0.0,0.0,33.0,2.0,5.0,32.0,21.0,1.0,0.0,0.0,0.0,0.0,5.0,32.0,0.0,0.0,0.0,0.0
A_f0.9_move__baldwinian__s2,A_f0.9_move__baldwinian,A_f0.9_move,A,baldwinian,2,1450,train,50,3.82,14,14,51.2974709483536,0.9583333333333334,0.5,adaptive_move,0.60625,0.07954507383619412,0.162745253164557,440.0,26.0,24.0,381.0,96.0,7.0,0.0,0.0,51.0,2.0,8.0,29.0,23.0,1.0,0.0,0.0,0.0,0.0,8.0,29.0,0.0,0.0,0.0,0.0
A_f0.9_move__baldwinian__s2,A_f0.9_move__baldwinian,A_f0.9_move,A,baldwinian,2,1500,train,50,4.06,22,22,78.92953280275083,0.875,0.5,adaptive_move,0.59375,0.14472018670000694,0.23046518264840188,316.0,19.0,9.0,224.0,90.0,2.0,0.0,0.0,43.0,3.0,2.0,27.0,22.0,0.0,0.0,0.0,0.0,0.0,2.0,27.0,0.0,0.0,0.0,0.0
A_f0.9_move__baldwinian__s2,A_f0.9_move__baldwinian,A_f0.9_move,A,baldwinian,2,1550,eval,50,4.08,19,19,159.51356542058826,0.7083333333333334,0.5,adaptive_move,0.51,0.0,0.0,341.0,20.0,13.0,373.0,22.0,1.0,2.0,19.0,35.0,2.0,2.0,35.0,2.0,1.0,0.0,1.0,0.0,0.0,2.0,35.0,0.0,0.0,0.0,1.0
A_f0.9_move__baldwinian__s2,A_f0.9_move__baldwinian,A_f0.9_move,A,baldwinian,2,1600,eval,50,4.04,20,20,139.52873525091172,0.6875,0.5,adaptive_move,0.5,0.0,0.0,492.0,26.0,26.0,414.0,33.0,2.0,4.0,70.0,34.0,1.0,2.0,28.0,9.0,0.0,2.0,10.0,0.0,0.0,2.0,28.0,0.0,0.0,2.0,10.0
A_f0.9_move__baldwinian__s2,A_f0.9_move__baldwinian,A_f0.9_move,A,baldwinian,2,1650,eval,50,4.12,9,9,180.38089958598567,0.625,0.5,adaptive_move,0.495,0.0,0.0,448.0,29.0,37.0,800.0,38.0,2.0,1.0,13.0,35.0,3.0,3.0,36.0,6.0,1.0,0.0,6.0,0.0,0.0,3.0,36.0,0.0,0.0,0.0,6.0
A_f0.9_move__baldwinian__s2,A_f0.9_move__baldwinian,A_f0.9_move,A,baldwinian,2,1700,eval,50,4.22,16,16,149.51647496266185,0.6875,0.5,adaptive_move,0.475,0.0,0.0,653.0,32.0,36.0,570.0,25.0,0.0,5.0,89.0,40.0,4.0,4.0,30.0,2.0,0.0,1.0,5.0,0.0,0.0,4.0,30.0,0.0,0.0,1.0,5.0
A_f0.9_move__baldwinian__s2,A_f0.9_move__baldwinian,A_f0.9_move,A,baldwinian,2,1750,eval,50,4.38,15,15,171.95349489706638,0.6041666666666666,0.5,adaptive_move,0.47,0.0,0.0,777.0,57.0,26.0,386.0,52.0,2.0,4.0,95.0,45.0,1.0,4.0,29.0,4.0,0.0,3.0,7.0,0.0,0.0,4.0,29.0,0.0,0.0,3.0,7.0
A_f0.9_move__baldwinian__s2,A_f0.9_move__baldwinian,A_f0.9_move,A,baldwinian,2,1800,eval,50,4.4,8,8,247.61149814178592,0.3958333333333333,0.5,adaptive_move,0.52,0.0,0.0,616.0,40.0,28.0,549.0,54.0,2.0,5.0,79.0,22.0,3.0,0.0,27.0,10.0,0.0,1.0,10.0,0.0,0.0,0.0,27.0,0.0,0.0,1.0,10.0
A_f0.9_move__baldwinian__s3,A_f0.9_move__baldwinian,A_f0.9_move,A,baldwinian,3,50,train,50,0.84,37,7,61.30243151549432,0.8958333333333334,0.5,adaptive_move,0.46875,0.053524528788132214,0.10107068245125328,208.0,9.0,10.0,283.0,91.0,2.0,0.0,0.0,46.0,2.0,4.0,48.0,27.0,1.0,0.0,0.0,0.0,0.0,4.0,48.0,0.0,0.0,0.0,0.0
A_f0.9_move__baldwinian__s3,A_f0.9_move__baldwinian,A_f0.9_move,A,baldwinian,3,100,train,49,1.0816326530612246,13,14,63.35126543953467,0.9166666666666666,0.5,adaptive_move,0.51875,0.07037547476921978,0.1399835526315789,282.0,9.0,22.0,365.0,70.0,3.0,0.0,0.0,34.0,2.0,3.0,31.0,16.0,1.0,0.0,0.0,0.0,0.0,3.0,31.0,0.0,0.0,0.0,0.0
A_f0.9_move__baldwinian__s3,A_f0.9_move__baldwinian,A_f0.9_move,A,baldwinian,3,150,train,46,1.108695652173913,16,19,94.1546353334662,0.7708333333333334,0.5,adaptive_move,0.5625,0.10047963132126732,0.1817887931034481,408.0,24.0,34.0,465.0,71.0,2.0,0.0,0.0,41.0,3.0,3.0,39.0,16.0,0.0,0.0,0.0,0.0,0.0,3.0,39.0,0.0,0.0,0.0,0.0
A_f0.9_move__baldwinian__s3,A_f0.9_move__baldwinian,A_f0.9_move,A,baldwinian,3,200,train,45,1.2666666666666666,18,19,95.88482967842936,0.8125,0.5,adaptive_move,0.5375,0.08892281449690982,0.1610693734015345,301.0,21.0,12.0,305.0,98.0,5.0,0.0,0.0,37.0,4.0,2.0,29.0,21.0,0.0,0.0,0.0,0.0,0.0,2.0,29.0,0.0,0.0,0.0,0.0
A_f0.9_move__baldwinian__s3,A_f0.9_move__baldwinian,A_f0.9_move,A,baldwinian,3,250,train,44,1.4090909090909092,16,17,106.57082509642214,0.75,0.5,adaptive_move,0.5375,0.06184319889969933,0.13281664456233422,372.0,18.0,21.0,400.0,70.0,3.0,0.0,0.0,44.0,2.0,3.0,38.0,13.0,1.0,0.0,0.0,0.0,0.0,3.0,38.0,0.0,0.0,0.0,0.0
A_f0.9_move__baldwinian__s3,A_f0.9_move__baldwinian,A_f0.9_move,A,baldwinian,3,300,train,50,1.4,24,18,83.7144777781516,0.7916666666666666,0.5,adaptive_move,0.5375,0.11114575427658543,0.1802394278606967,389.0,24.0,29.0,504.0,90.0,6.0,0.0,0.0,46.0,1.0,5.0,40.0,23.0,0.0,0.0,0.0,0.0,0.0,5.0,40.0,0.0,0.0,0.0,0.0
A_f0.9_move__baldwinian__s3,A_f0.9_move__baldwinian,A_f0.9_move,A,baldwinian,3,350,train,48,1.4375,21,23,64.17440753193853,0.8958333333333334,0.5,adaptive_move,0.54375,0.09254037983721068,0.17080983709273156,287.0,21.0,25.0,471.0,77.0,3.0,0.0,0.0,46.0,1.0,6.0,38.0,22.0,0.0,0.0,0.0,0.0,0.0,6.0,38.0,0.0,0.0,0.0,0.0
A_f0.9_move__baldwinian__s3,A_f0.9_move__baldwinian,A_f0.9_move,A,baldwinian,3,400,train,48,1.5625,15,15,61.761978633855485,0.875,0.5,adaptive_move,0.54375,0.10291877085983359,0.1751801378446114,342.0,22.0,29.0,446.0,49.0,4.0,0.0,0.0,60.0,3.0,5.0,24.0,15.0,1.0,0.0,0.0,0.0,0.0,5.0,24.0,0.0,0.0,0.0,0.0
A_f0.9_move__baldwinian__s3,A_f0.9_move__baldwinian,A_f0.9_move,A,baldwinian,3,450,train,48,2.0,20,20,50.26087560927416,0.9375,0.5,adaptive_move,0.525,0.09263947391644142,0.1542746113989637,291.0,17.0,27.0,469.0,114.0,10.0,0.0,0.0,46.0,0.0,8.0,31.0,22.0,2.0,0.0,0.0,0.0,0.0,8.0,31.0,0.0,0.0,0.0,0.0
A_f0.9_move__baldwinian__s3,A_f0.9_move__baldwinian,A_f0.9_move,A,baldwinian,3,500,train,44,2.1136363636363638,15,19,60.08799392875476,0.9583333333333334,0.5,adaptive_move,0.50625,0.09397161215147601,0.1644163486005088,260.0,20.0,21.0,337.0,120.0,9.0,0.0,0.0,41.0,5.0,3.0,30.0,22.0,0.0,0.0,0.0,0.0,0.0,3.0,30.0,0.0,0.0,0.0,0.0
A_f0.9_move__baldwinian__s3,A_f0.9_move__baldwinian,A_f0.9_move,A,baldwinian,3,550,train,40,2.35,14,18,118.04982822875098,0.7083333333333334,0.5,adaptive_move,0.5375,0.07292161944526043,0.13287499999999985,445.0,20.0,20.0,285.0,32.0,6.0,0.0,0.0,48.0,1.0,5.0,19.0,13.0,4.0,0.0,0.0,0.0,0.0,5.0,19.0,0.0,0.0,0.0,0.0
A_f0.9_move__baldwinian__s3,A_f0.9_move__baldwinian,A_f0.9_move,A,baldwinian,3,600,train,44,2.5,20,16,91.50839416445845,0.875,0.5,adaptive_move,0.61875,0.08817084025981824,0.1632990506329115,272.0,17.0,17.0,359.0,46.0,2.0,0.0,0.0,43.0,3.0,3.0,32.0,16.0,0.0,0.0,0.0,0.0,0.0,3.0,32.0,0.0,0.0,0.0,0.0
A_f0.9_move__baldwinian__s3,A_f0.9_move__baldwinian,A_f0.9_move,A,baldwinian,3,650,train,49,2.693877551020408,22,17,63.15272216255947,0.8958333333333334,0.5,adaptive_move,0.58125,0.05721040399249884,0.11953760162601612,491.0,24.0,30.0,379.0,69.0,2.0,0.0,0.0,49.0,1.0,5.0,35.0,24.0,1.0,0.0,0.0,0.0,0.0,5.0,35.0,0.0,0.0,0.0,0.0
A_f0.9_move__baldwinian__s3,A_f0.9_move__baldwinian,A_f0.9_move,A,baldwinian,3,700,train,50,2.92,17,16,72.51648117961446,0.8541666666666666,0.5,adaptive_move,0.54375,0.14463987631270642,0.20312499999999978,381.0,19.0,22.0,518.0,53.0,4.0,0.0,0.0,54.0,2.0,4.0,24.0,17.0,1.0,0.0,0.0,0.0,0.0,4.0,24.0,0.0,0.0,0.0,0.0
A_f0.9_move__baldwinian__s3,A_f0.9_move__baldwinian,A_f0.9_move,A,baldwinian,3,750,train,50,2.74,18,18,78.21076155709703,0.875,0.5,adaptive_move,0.55625,0.07967568056052984,0.15131152849740936,388.0,15.0,26.0,416.0,115.0,7.0,0.0,0.0,48.0,1.0,1.0,24.0,13.0,0.0,0.0,0.0,0.0,0.0,1.0,24.0,0.0,0.0,0.0,0.0
A_f0.9_move__baldwinian__s3,A_f0.9_move__baldwinian,A_f0.9_move,A,baldwinian,3,800,train,50,2.98,15,15,56.67172607435781,0.9375,0.5,adaptive_move,0.525,0.05721528087774758,0.12092905405405419,327.0,21.0,25.0,408.0,71.0,5.0,0.0,0.0,54.0,3.0,6.0,34.0,19.0,0.0,0.0,0.0,0.0,0.0,6.0,34.0,0.0,0.0,0.0,0.0
A_f0.9_move__baldwinian__s3,A_f0.9_move__baldwinian,A_f0.9_move,A,baldwinian,3,850,train,50,3.46,24,24,58.451715235427315,0.8958333333333334,0.5,adaptive_move,0.575,0.08344021476200593,0.15065746753246723,369.0,24.0,21.0,353.0,121.0,5.0,0.0,0.0,42.0,2.0,8.0,37.0,21.0,0.0,0.0,0.0,0.0,0.0,8.0,37.0,0.0,0.0,0.0,0.0
A_f0.9_move__baldwinian__s3,A_f0.9_move__baldwinian,A_f0.9_move,A,baldwinian,3,900,train,50,3.46,21,21,101.94488407439854,0.75,0.5,adaptive_move,0.53125,0.07070671902818333,0.14314463350785345,299.0,13.0,17.0,412.0,118.0,8.0,0.0,0.0,52.0,2.0,2.0,27.0,7.0,3.0,0.0,0.0,0.0,0.0,2.0,27.0,0.0,0.0,0.0,0.0
A_f0.9_move__baldwinian__s3,A_f0.9_move__baldwinian,A_f0.9_move,A,baldwinian,3,950,train,50,3.74,15,15,77.11982316401948,0.8958333333333334,0.5,adaptive_move,0.5625,0.11842731329277062,0.18885902948402955,240.0,14.0,16.0,337.0,129.0,10.0,0.0,0.0,49.0,3.0,2.0,30.0,20.0,1.0,0.0,0.0,0.0,0.0,2.0,30.0,0.0,0.0,0.0,0.0
A_f0.9_move__baldwinian__s3,A_f0.9_move__baldwinian,A_f0.9_move,A,baldwinian,3,1000,train,50,3.94,22,22,99.40165701348405,0.7916666666666666,0.5,adaptive_move,0.6,0.1131480520868277,0.18097014925373167,499.0,22.0,18.0,393.0,78.0,1.0,0.0,0.0,50.0,0.0,6.0,42.0,13.0,0.0,0.0,0.0,0.0,0.0,6.0,42.0,0.0,0.0,0.0,0.0
A_f0.9_move__baldwinian__s3,A_f0.9_move__baldwinian,A_f0.9_move,A,baldwinian,3,1050,train,48,4.104166666666667,22,24,58.92241766055892,0.8958333333333334,0.5,adaptive_move,0.5375,0.08439696545822242,0.1528335492227979,362.0,22.0,33.0,343.0,96.0,4.0,0.0,0.0,42.0,3.0,7.0,34.0,16.0,1.0,0.0,0.0,0.0,0.0,7.0,34.0,0.0,0.0,0.0,0.0
A_f0.9_move__baldwinian__s3,A_f0.9_move__baldwinian,A_f0.9_move,A,baldwinian,3,1100,train,48,4.416666666666667,19,19,83.81917794360925,0.8125,0.5,adaptive_move,0.56875,0.07642525964254127,0.14324967191601035,360.0,18.0,32.0,500.0,30.0,2.0,0.0,0.0,36.0,2.0,4.0,39.0,18.0,0.0,0.0,0.0,0.0,0.0,4.0,39.0,0.0,0.0,0.0,0.0
A_f0.9_move__baldwinian__s3,A_f0.9_move__baldwinian,A_f0.9_move,A,baldwinian,3,1150,train,37,4.45945945945946,11,22,103.28397960174159,0.7916666666666666,0.5,adaptive_move,0.50625,0.08504675994753735,0.15823717948717952,308.0,19.0,24.0,475.0,44.0,2.0,0.0,0.0,33.0,1.0,4.0,39.0,15.0,0.0,0.0,0.0,0.0,0.0,4.0,39.0,0.0,0.0,0.0,0.0
A_f0.9_move__baldwinian__s3,A_f0.9_move__baldwinian,A_f0.9_move,A,baldwinian,3,1200,train,45,4.666666666666667,23,15,99.21405925280125,0.8333333333333334,0.5,adaptive_move,0.55,0.08445216587713628,0.14069113756613727,324.0,18.0,21.0,323.0,42.0,4.0,0.0,0.0,62.0,2.0,5.0,36.0,11.0,1.0,0.0,0.0,0.0,0.0,5.0,36.0,0.0,0.0,0.0,0.0
A_f0.9_move__baldwinian__s3,A_f0.9_move__baldwinian,A_f0.9_move,A,baldwinian,3,1250,train,46,4.891304347826087,16,15,63.12601663829863,0.9166666666666666,0.5,adaptive_move,0.53125,0.06235986138865895,0.12389656334231813,390.0,22.0,20.0,445.0,128.0,6.0,0.0,0.0,38.0,4.0,9.0,37.0,17.0,2.0,0.0,0.0,0.0,0.0,9.0,37.0,0.0,0.0,0.0,0.0
A_f0.9_move__baldwinian__s3,A_f0.9_move__baldwinian,A_f0.9_move,A,baldwinian,3,1300,train,45,4.888888888888889,17,18,97.80280644352928,0.7708333333333334,0.5,adaptive_move,0.55,0.08084428328001018,0.15687499999999965,369.0,16.0,32.0,588.0,92.0,4.0,0.0,0.0,41.0,1.0,6.0,33.0,19.0,0.0,0.0,0.0,0.0,0.0,6.0,33.0,0.0,0.0,0.0,0.0
A_f0.9_move__baldwinian__s3,A_f0.9_move__baldwinian,A_f0.9_move,A,baldwinian,3,1350,train,50,5.5,25,20,66.61968816614016,0.8541666666666666,0.5,adaptive_move,0.5875,0.07869047281145292,0.14388943569553803,365.0,22.0,23.0,632.0,108.0,4.0,0.0,0.0,38.0,3.0,3.0,45.0,22.0,0.0,0.0,0.0,0.0,0.0,3.0,45.0,0.0,0.0,0.0,0.0
A_f0.9_move__baldwinian__s3,A_f0.9_move__baldwinian,A_f0.9_move,A,baldwinian,3,1400,train,50,5.52,21,21,84.46763831753174,0.8541666666666666,0.5,adaptive_move,0.58125,0.11888124124038671,0.20470238095238114,241.0,16.0,37.0,508.0,113.0,7.0,0.0,0.0,41.0,2.0,4.0,42.0,16.0,1.0,0.0,0.0,0.0,0.0,4.0,42.0,0.0,0.0,0.0,0.0
A_f0.9_move__baldwinian__s3,A_f0.9_move__baldwinian,A_f0.9_move,A,baldwinian,3,1450,train,50,5.8,18,18,57.75571084033665,0.9166666666666666,0.5,adaptive_move,0.56875,0.09464962853556122,0.15532707253886002,351.0,19.0,17.0,311.0,94.0,5.0,0.0,0.0,59.0,3.0,2.0,29.0,23.0,2.0,0.0,0.0,0.0,0.0,2.0,29.0,0.0,0.0,0.0,0.0
A_f0.9_move__baldwinian__s3,A_f0.9_move__baldwinian,A_f0.9_move,A,baldwinian,3,1500,train,43,6.0,16,23,114.09200446568893,0.7708333333333334,0.5,adaptive_move,0.54375,0.0647474450877856,0.14033049738219905,265.0,19.0,27.0,482.0,96.0,3.0,0.0,0.0,41.0,0.0,1.0,30.0,11.0,0.0,0.0,0.0,0.0,0.0,1.0,30.0,0.0,0.0,0.0,0.0
A_f0.9_move__baldwinian__s3,A_f0.9_move__baldwinian,A_f0.9_move,A,baldwinian,3,1550,eval,50,6.22,29,22,91.1139432700491,0.8125,0.5,adaptive_move,0.47,0.0,0.0,387.0,21.0,29.0,632.0,107.0,3.0,0.0,59.0,37.0,4.0,8.0,44.0,11.0,1.0,0.0,8.0,0.0,0.0,8.0,44.0,0.0,0.0,0.0,8.0
A_f0.9_move__baldwinian__s3,A_f0.9_move__baldwinian,A_f0.9_move,A,baldwinian,3,1600,eval,50,6.3,15,15,114.79672619991672,0.8125,0.5,adaptive_move,0.55,0.0,0.0,386.0,22.0,22.0,398.0,126.0,8.0,7.0,73.0,45.0,2.0,2.0,26.0,18.0,2.0,0.0,4.0,0.0,0.0,2.0,26.0,0.0,0.0,0.0,4.0
A_f0.9_move__baldwinian__s3,A_f0.9_move__baldwinian,A_f0.9_move,A,baldwinian,3,1650,eval,50,6.5,23,23,131.78401618466486,0.7083333333333334,0.5,adaptive_move,0.495,0.0,0.0,428.0,27.0,33.0,502.0,22.0,1.0,4.0,69.0,48.0,1.0,7.0,27.0,8.0,0.0,0.0,9.0,0.0,0.0,7.0,27.0,0.0,0.0,0.0,9.0
A_f0.9_move__baldwinian__s3,A_f0.9_move__baldwinian,A_f0.9_move,A,baldwinian,3,1700,eval,50,6.72,21,21,110.91237925718113,0.8125,0.5,adaptive_move,0.42,0.0,0.0,485.0,21.0,26.0,421.0,92.0,7.0,8.0,143.0,46.0,0.0,4.0,33.0,8.0,0.0,1.0,7.0,0.0,0.0,4.0,33.0,0.0,0.0,1.0,7.0
A_f0.9_move__baldwinian__s3,A_f0.9_move__baldwinian,A_f0.9_move,A,baldwinian,3,1750,eval,50,6.84,21,21,150.92957936668017,0.6041666666666666,0.5,adaptive_move,0.525,0.0,0.0,448.0,18.0,26.0,436.0,46.0,2.0,6.0,64.0,37.0,0.0,1.0,35.0,2.0,0.0,2.0,7.0,0.0,0.0,1.0,35.0,0.0,0.0,2.0,7.0
A_f0.9_move__baldwinian__s3,A_f0.9_move__baldwinian,A_f0.9_move,A,baldwinian,3,1800,eval,50,6.78,12,12,176.76761305703423,0.5833333333333334,0.5,adaptive_move,0.515,0.0,0.0,531.0,26.0,36.0,571.0,133.0,12.0,1.0,45.0,35.0,3.0,5.0,26.0,13.0,2.0,0.0,5.0,0.0,0.0,5.0,26.0,0.0,0.0,0.0,5.0
A_f0.9_move__baldwinian__s4,A_f0.9_move__baldwinian,A_f0.9_move,A,baldwinian,4,50,train,50,0.74,32,2,68.74917569853004,0.875,0.5,adaptive_move,0.575,0.07175397569250928,0.13435837765957426,209.0,11.0,14.0,226.0,93.0,3.0,0.0,0.0,46.0,1.0,2.0,38.0,25.0,0.0,0.0,0.0,0.0,0.0,2.0,38.0,0.0,0.0,0.0,0.0
A_f0.9_move__baldwinian__s4,A_f0.9_move__baldwinian,A_f0.9_move,A,baldwinian,4,100,train,50,0.88,17,17,56.571702921213145,0.8541666666666666,0.5,adaptive_move,0.5375,0.05085726810677098,0.11238046448087435,390.0,26.0,30.0,401.0,109.0,4.0,0.0,0.0,37.0,3.0,2.0,38.0,15.0,1.0,0.0,0.0,0.0,0.0,2.0,38.0,0.0,0.0,0.0,0.0
A_f0.9_move__baldwinian__s4,A_f0.9_move__baldwinian,A_f0.9_move,A,baldwinian,4,150,train,50,0.84,14,14,125.331693012299,0.7291666666666666,0.5,adaptive_move,0.54375,0.10320924655866767,0.18534244471744477,432.0,27.0,22.0,379.0,78.0,7.0,0.0,0.0,38.0,4.0,4.0,31.0,16.0,2.0,0.0,0.0,0.0,0.0,4.0,31.0,0.0,0.0,0.0,0.0
A_f0.9_move__baldwinian__s4,A_f0.9_move__baldwinian,A_f0.9_move,A,baldwinian,4,200,train,50,0.86,19,19,117.95380630538338,0.7291666666666666,0.5,adaptive_move,0.5375,0.11272948721895966,0.18263802729528544,470.0,20.0,26.0,509.0,90.0,3.0,0.0,0.0,43.0,0.0,5.0,36.0,15.0,1.0,0.0,0.0,0.0,0.0,5.0,36.0,0.0,0.0,0.0,0.0
A_f0.9_move__baldwinian__s4,A_f0.9_move__baldwinian,A_f0.9_move,A,baldwinian,4,250,train,50,0.82,10,10,54.85280023027517,0.9166666666666666,0.5,adaptive_move,0.5125,0.06535036291426075,0.13809210526315785,542.0,29.0,18.0,424.0,123.0,2.0,0.0,0.0,58.0,1.0,2.0,22.0,27.0,0.0,0.0,0.0,0.0,0.0,2.0,22.0,0.0,0.0,0.0,0.0
A_f0.9_move__baldwinian__s4,A_f0.9_move__baldwinian,A_f0.9_move,A,baldwinian,4,300,train,50,0.78,9,9,70.8952603654954,0.875,0.5,adaptive_move,0.5375,0.12620803820065302,0.20863622931442105,354.0,17.0,22.0,404.0,115.0,5.0,0.0,0.0,74.0,3.0,6.0,25.0,20.0,0.0,0.0,0.0,0.0,0.0,6.0,25.0,0.0,0.0,0.0,0.0
A_f0.9_move__baldwinian__s4,A_f0.9_move__baldwinian,A_f0.9_move,A,baldwinian,4,350,train,50,0.74,14,14,71.77816121452764,0.8541666666666666,0.5,adaptive_move,0.53125,0.07891915137936652,0.14318405511811005,411.0,21.0,17.0,449.0,105.0,6.0,0.0,0.0,43.0,1.0,6.0,28.0,18.0,0.0,0.0,0.0,0.0,0.0,6.0,28.0,0.0,0.0,0.0,0.0
A_f0.9_move__baldwinian__s4,A_f0.9_move__baldwinian,A_f0.9_move,A,baldwinian,4,400,train,50,0.74,11,11,56.518434629943556,0.875,0.5,adaptive_move,0.5625,0.07576219192456815,0.1486282467532467,383.0,21.0,18.0,418.0,64.0,6.0,0.0,0.0,52.0,0.0,3.0,26.0,25.0,0.0,0.0,0.0,0.0,0.0,3.0,26.0,0.0,0.0,0.0,0.0
A_f0.9_move__baldwinian__s4,A_f0.9_move__baldwinian,A_f0.9_move,A,baldwinian,4,450,train,50,0.74,14,14,63.75681064667303,0.9166666666666666,0.5,adaptive_move,0.60625,0.0662197308267648,0.14001804461942258,382.0,17.0,27.0,557.0,76.0,4.0,0.0,0.0,62.0,2.0,4.0,21.0,18.0,0.0,0.0,0.0,0.0,0.0,4.0,21.0,0.0,0.0,0.0,0.0
A_f0.9_move__baldwinian__s4,A_f0.9_move__baldwinian,A_f0.9_move,A,baldwinian,4,500,train,40,1.125,16,26,49.24897323375249,0.9166666666666666,0.5,adaptive_move,0.5,0.08808503986918562,0.17875460687960687,422.0,19.0,26.0,399.0,83.0,3.0,0.0,0.0,59.0,0.0,4.0,23.0,29.0,2.0,0.0,0.0,0.0,0.0,4.0,23.0,0.0,0.0,0.0,0.0
A_f0.9_move__baldwinian__s4,A_f0.9_move__baldwinian,A_f0.9_move,A,baldwinian,4,550,train,50,1.7,33,23,55.06752907931005,0.9166666666666666,0.5,adaptive_move,0.55625,0.08546492318145057,0.16622474747474758,306.0,14.0,18.0,350.0,92.0,3.0,0.0,0.0,44.0,0.0,5.0,30.0,22.0,1.0,0.0,0.0,0.0,0.0,5.0,30.0,0.0,0.0,0.0,0.0
A_f0.9_move__baldwinian__s4,A_f0.9_move__baldwinian,A_f0.9_move,A,baldwinian,4,600,train,50,1.88,17,17,59.39199315497814,0.9166666666666666,0.5,adaptive_move,0.50625,0.04172374576,0.09087147887323943,353.0,12.0,14.0,349.0,36.0,4.0,0.0,0.0,49.0,2.0,5.0,23.0,17.0,3.0,0.0,0.0,0.0,0.0,5.0,23.0,0.0,0.0,0.0,0.0
A_f0.9_move__baldwinian__s4,A_f0.9_move__baldwinian,A_f0.9_move,A,baldwinian,4,650,train,49,2.061224489795918,16,17,104.51977484384483,0.7916666666666666,0.5,adaptive_move,0.5125,0.06535036291426072,0.13809210526315785,275.0,20.0,18.0,348.0,65.0,4.0,0.0,0.0,46.0,3.0,2.0,21.0,21.0,1.0,0.0,0.0,0.0,0.0,2.0,21.0,0.0,0.0,0.0,0.0
A_f0.9_move__baldwinian__s4,A_f0.9_move__baldwinian,A_f0.9_move,A,baldwinian,4,700,train,50,2.3,17,16,86.75054621321861,0.8125,0.5,adaptive_move,0.53125,0.06157859866344432,0.12006266937669352,318.0,18.0,24.0,372.0,91.0,3.0,0.0,0.0,34.0,1.0,3.0,31.0,26.0,0.0,0.0,0.0,0.0,0.0,3.0,31.0,0.0,0.0,0.0,0.0
A_f0.9_move__baldwinian__s4,A_f0.9_move__baldwinian,A_f0.9_move,A,baldwinian,4,750,train,50,2.62,17,17,86.5182379850044,0.7916666666666666,0.5,adaptive_move,0.56875,0.08208112867430578,0.1508360389610386,362.0,13.0,19.0,334.0,133.0,8.0,0.0,0.0,44.0,1.0,1.0,30.0,20.0,2.0,0.0,0.0,0.0,0.0,1.0,30.0,0.0,0.0,0.0,0.0
A_f0.9_move__baldwinian__s4,A_f0.9_move__baldwinian,A_f0.9_move,A,baldwinian,4,800,train,50,2.8,16,16,88.40773731780563,0.875,0.5,adaptive_move,0.5375,0.10063452336680154,0.1729271356783919,365.0,19.0,22.0,477.0,128.0,3.0,0.0,0.0,42.0,1.0,2.0,45.0,18.0,0.0,0.0,0.0,0.0,0.0,2.0,45.0,0.0,0.0,0.0,0.0
A_f0.9_move__baldwinian__s4,A_f0.9_move__baldwinian,A_f0.9_move,A,baldwinian,4,850,train,50,2.94,21,21,69.17163957034697,0.8958333333333334,0.5,adaptive_move,0.53125,0.08828239226370069,0.16706123737373746,322.0,16.0,27.0,434.0,71.0,3.0,0.0,0.0,54.0,2.0,7.0,33.0,18.0,1.0,0.0,0.0,0.0,0.0,7.0,33.0,0.0,0.0,0.0,0.0
A_f0.9_move__baldwinian__s4,A_f0.9_move__baldwinian,A_f0.9_move,A,baldwinian,4,900,train,50,3.2,14,14,40.86791837253012,0.9583333333333334,0.5,adaptive_move,0.54375,0.0851625156896133,0.16108099489795902,402.0,20.0,16.0,405.0,81.0,3.0,0.0,0.0,59.0,2.0,6.0,24.0,28.0,0.0,0.0,0.0,0.0,0.0,6.0,24.0,0.0,0.0,0.0,0.0
A_f0.9_move__baldwinian__s4,A_f0.9_move__baldwinian,A_f0.9_move,A,baldwinian,4,950,train,50,3.34,19,19,125.501947024666,0.7291666666666666,0.5,adaptive_move,0.53125,0.061922608270254795,0.12862633689839553,277.0,11.0,32.0,501.0,53.0,7.0,0.0,0.0,44.0,1.0,4.0,26.0,19.0,1.0,0.0,0.0,0.0,0.0,4.0,26.0,0.0,0.0,0.0,0.0
A_f0.9_move__baldwinian__s4,A_f0.9_move__baldwinian,A_f0.9_move,A,baldwinian,4,1000,train,46,3.3260869565217392,19,23,95.04806530730643,0.8333333333333334,0.5,adaptive_move,0.59375,0.08638842185462595,0.1587660256410255,366.0,26.0,10.0,371.0,142.0,12.0,0.0,0.0,42.0,2.0,2.0,42.0,20.0,2.0,0.0,0.0,0.0,0.0,2.0,42.0,0.0,0.0,0.0,0.0
A_f0.9_move__baldwinian__s4,A_f0.9_move__baldwinian,A_f0.9_move,A,baldwinian,4,1050,train,47,3.574468085106383,21,20,75.0574561410161,0.8125,0.5,adaptive_move,0.55,0.115917628244193,0.17837499999999995,278.0,17.0,15.0,319.0,73.0,3.0,0.0,0.0,55.0,3.0,2.0,29.0,15.0,1.0,0.0,0.0,0.0,0.0,2.0,29.0,0.0,0.0,0.0,0.0
A_f0.9_move__baldwinian__s4,A_f0.9_move__baldwinian,A_f0.9_move,A,baldwinian,4,1100,train,50,3.7,22,19,103.41977076291931,0.8333333333333334,0.5,adaptive_move,0.60625,0.05172822533259397,0.10258680555555544,288.0,17.0,17.0,290.0,84.0,6.0,0.0,0.0,48.0,2.0,4.0,27.0,19.0,1.0,0.0,0.0,0.0,0.0,4.0,27.0,0.0,0.0,0.0,0.0
A_f0.9_move__baldwinian__s4,A_f0.9_move__baldwinian,A_f0.9_move,A,baldwinian,4,1150,train,50,3.98,17,17,88.69511833751272,0.8333333333333334,0.5,adaptive_move,0.55,0.056782889224136525,0.12370631720430092,408.0,18.0,14.0,309.0,76.0,3.0,0.0,0.0,53.0,3.0,1.0,26.0,17.0,0.0,0.0,0.0,0.0,0.0,1.0,26.0,0.0,0.0,0.0,0.0
A_f0.9_move__baldwinian__s4,A_f0.9_move__baldwinian,A_f0.9_move,A,baldwinian,4,1200,train,49,4.3061224489795915,16,17,80.14988454414159,0.8333333333333334,0.5,adaptive_move,0.5125,0.10807107450443273,0.18511210073710083,400.0,21.0,20.0,389.0,114.0,4.0,0.0,0.0,47.0,0.0,5.0,26.0,25.0,1.0,0.0,0.0,0.0,0.0,5.0,26.0,0.0,0.0,0.0,0.0
A_f0.9_move__baldwinian__s4,A_f0.9_move__baldwinian,A_f0.9_move,A,baldwinian,4,1250,train,50,4.34,18,17,76.27970027848826,0.8541666666666666,0.5,adaptive_move,0.5375,0.06749785099337444,0.12871146112600518,327.0,16.0,26.0,344.0,112.0,4.0,0.0,0.0,54.0,0.0,4.0,23.0,21.0,0.0,0.0,0.0,0.0,0.0,4.0,23.0,0.0,0.0,0.0,0.0
A_f0.9_move__baldwinian__s4,A_f0.9_move__baldwinian,A_f0.9_move,A,baldwinian,4,1300,train,50,4.46,10,10,97.70014279837835,0.7916666666666666,0.5,adaptive_move,0.51875,0.11391565510934104,0.19446882566585932,386.0,24.0,22.0,383.0,106.0,4.0,0.0,0.0,54.0,3.0,6.0,19.0,17.0,0.0,0.0,0.0,0.0,0.0,6.0,19.0,0.0,0.0,0.0,0.0
A_f0.9_move__baldwinian__s4,A_f0.9_move__baldwinian,A_f0.9_move,A,baldwinian,4,1350,train,46,4.6521739130434785,17,21,80.23837385084434,0.8333333333333334,0.5,adaptive_move,0.5125,0.08233547620567039,0.16739505012531297,325.0,16.0,9.0,254.0,84.0,5.0,0.0,0.0,64.0,2.0,2.0,23.0,27.0,3.0,0.0,0.0,0.0,0.0,2.0,23.0,0.0,0.0,0.0,0.0
A_f0.9_move__baldwinian__s4,A_f0.9_move__baldwinian,A_f0.9_move,A,baldwinian,4,1400,train,48,5.208333333333333,19,17,108.10751626016888,0.7291666666666666,0.5,adaptive_move,0.6,0.10472654511551549,0.1880487804878046,405.0,26.0,26.0,405.0,92.0,6.0,0.0,0.0,42.0,3.0,8.0,28.0,16.0,1.0,0.0,0.0,0.0,0.0,8.0,28.0,0.0,0.0,0.0,0.0
A_f0.9_move__baldwinian__s4,A_f0.9_move__baldwinian,A_f0.9_move,A,baldwinian,4,1450,train,50,5.42,16,14,107.58141743562507,0.7708333333333334,0.5,adaptive_move,0.5125,0.0694812693124019,0.13981907894736834,394.0,23.0,26.0,476.0,175.0,12.0,0.0,0.0,51.0,0.0,3.0,28.0,21.0,1.0,0.0,0.0,0.0,0.0,3.0,28.0,0.0,0.0,0.0,0.0
A_f0.9_move__baldwinian__s4,A_f0.9_move__baldwinian,A_f0.9_move,A,baldwinian,4,1500,train,50,5.7,19,19,67.86042834078161,0.8333333333333334,0.5,adaptive_move,0.4875,0.10035859089200305,0.15221354166666656,386.0,24.0,13.0,354.0,69.0,3.0,0.0,0.0,44.0,1.0,5.0,26.0,23.0,0.0,0.0,0.0,0.0,0.0,5.0,26.0,0.0,0.0,0.0,0.0
A_f0.9_move__baldwinian__s4,A_f0.9_move__baldwinian,A_f0.9_move,A,baldwinian,4,1550,eval,50,5.76,14,14,74.32489008174588,0.8541666666666666,0.5,adaptive_move,0.515,0.0,0.0,517.0,29.0,16.0,313.0,69.0,8.0,4.0,75.0,57.0,0.0,1.0,17.0,14.0,0.0,0.0,9.0,0.0,0.0,1.0,17.0,0.0,0.0,0.0,9.0
A_f0.9_move__baldwinian__s4,A_f0.9_move__baldwinian,A_f0.9_move,A,baldwinian,4,1600,eval,50,5.94,22,22,135.3116096604942,0.6875,0.5,adaptive_move,0.49,0.0,0.0,405.0,22.0,21.0,384.0,41.0,1.0,3.0,70.0,35.0,2.0,4.0,25.0,9.0,0.0,1.0,6.0,0.0,0.0,4.0,25.0,0.0,0.0,1.0,6.0
A_f0.9_move__baldwinian__s4,A_f0.9_move__baldwinian,A_f0.9_move,A,baldwinian,4,1650,eval,50,5.88,16,16,166.60122986104602,0.5416666666666666,0.5,adaptive_move,0.51,0.0,0.0,373.0,22.0,21.0,435.0,82.0,4.0,1.0,59.0,37.0,5.0,2.0,27.0,11.0,1.0,0.0,1.0,0.0,0.0,2.0,27.0,0.0,0.0,0.0,1.0
A_f0.9_move__baldwinian__s4,A_f0.9_move__baldwinian,A_f0.9_move,A,baldwinian,4,1700,eval,50,6.18,11,11,179.68287937984365,0.5416666666666666,0.5,adaptive_move,0.51,0.0,0.0,585.0,28.0,29.0,556.0,8.0,1.0,3.0,78.0,35.0,0.0,2.0,28.0,0.0,0.0,0.0,9.0,0.0,0.0,2.0,28.0,0.0,0.0,0.0,9.0
A_f0.9_move__baldwinian__s4,A_f0.9_move__baldwinian,A_f0.9_move,A,baldwinian,4,1750,eval,50,6.1,11,11,218.4884706002998,0.3333333333333333,0.5,adaptive_move,0.47,0.0,0.0,576.0,26.0,38.0,797.0,71.0,4.0,4.0,71.0,30.0,0.0,7.0,24.0,2.0,1.0,2.0,8.0,0.0,0.0,7.0,24.0,0.0,0.0,2.0,8.0
A_f0.9_move__baldwinian__s4,A_f0.9_move__baldwinian,A_f0.9_move,A,baldwinian,4,1800,eval,50,6.1,7,7,197.1967385998862,0.4583333333333333,0.5,adaptive_move,0.495,0.0,0.0,452.0,24.0,32.0,583.0,101.0,5.0,8.0,149.0,23.0,1.0,2.0,27.0,5.0,0.0,1.0,4.0,0.0,0.0,2.0,27.0,0.0,0.0,1.0,4.0
A_f0.9_move__baldwinian__s5,A_f0.9_move__baldwinian,A_f0.9_move,A,baldwinian,5,50,train,50,0.76,34,4,87.84118769959179,0.7916666666666666,0.5,adaptive_move,0.5125,0.10784477816283511,0.1510798429319371,194.0,7.0,13.0,278.0,54.0,1.0,0.0,0.0,45.0,1.0,3.0,47.0,18.0,0.0,0.0,0.0,0.0,0.0,3.0,47.0,0.0,0.0,0.0,0.0
A_f0.9_move__baldwinian__s5,A_f0.9_move__baldwinian,A_f0.9_move,A,baldwinian,5,100,train,50,0.86,19,19,85.32243493172362,0.7708333333333334,0.5,adaptive_move,0.56875,0.06780425863410953,0.14472656250000004,271.0,12.0,19.0,433.0,92.0,5.0,0.0,0.0,33.0,0.0,2.0,32.0,22.0,0.0,0.0,0.0,0.0,0.0,2.0,32.0,0.0,0.0,0.0,0.0
A_f0.9_move__baldwinian__s5,A_f0.9_move__baldwinian,A_f0.9_move,A,baldwinian,5,150,train,50,0.92,21,21,91.1277651633161,0.8541666666666666,0.5,adaptive_move,0.5625,0.07058568869401087,0.1492490310077519,292.0,12.0,25.0,463.0,67.0,2.0,0.0,0.0,45.0,1.0,2.0,37.0,18.0,0.0,0.0,0.0,0.0,0.0,2.0,37.0,0.0,0.0,0.0,0.0
A_f0.9_move__baldwinian__s5,A_f0.9_move__baldwinian,A_f0.9_move,A,baldwinian,5,200,train,50,1.08,15,15,76.67859118631229,0.8541666666666666,0.5,adaptive_move,0.54375,0.1063244217574063,0.18112623762376256,451.0,22.0,19.0,331.0,59.0,2.0,0.0,0.0,53.0,0.0,2.0,35.0,19.0,0.0,0.0,0.0,0.0,0.0,2.0,35.0,0.0,0.0,0.0,0.0
A_f0.9_move__baldwinian__s5,A_f0.9_move__baldwinian,A_f0.9_move,A,baldwinian,5,250,train,50,1.04,23,23,54.9422011001421,0.8958333333333334,0.5,adaptive_move,0.5625,0.07955520066992301,0.15748881074168808,399.0,21.0,25.0,333.0,110.0,8.0,0.0,0.0,57.0,1.0,3.0,32.0,23.0,2.0,0.0,0.0,0.0,0.0,3.0,32.0,0.0,0.0,0.0,0.0
A_f0.9_move__baldwinian__s5,A_f0.9_move__baldwinian,A_f0.9_move,A,baldwinian,5,300,train,50,1.18,12,12,62.037725335254464,0.9166666666666666,0.5,adaptive_move,0.6,0.12248577866156184,0.20197368421052642,342.0,22.0,21.0,372.0,26.0,1.0,0.0,0.0,63.0,1.0,9.0,23.0,19.0,1.0,0.0,0.0,0.0,0.0,9.0,23.0,0.0,0.0,0.0,0.0
A_f0.9_move__baldwinian__s5,A_f0.9_move__baldwinian,A_f0.9_move,A,baldwinian,5,350,train,50,1.48,22,22,90.44724046848708,0.7916666666666666,0.5,adaptive_move,0.5875,0.09426332815725277,0.18726543583535116,240.0,13.0,28.0,436.0,82.0,2.0,0.0,0.0,56.0,1.0,8.0,38.0,19.0,0.0,0.0,0.0,0.0,0.0,8.0,38.0,0.0,0.0,0.0,0.0
A_f0.9_move__baldwinian__s5,A_f0.9_move__baldwinian,A_f0.9_move,A,baldwinian,5,400,train,50,1.42,14,14,76.96831582423843,0.875,0.5,adaptive_move,0.525,0.055678805733401074,0.11571014986376027,275.0,12.0,13.0,275.0,122.0,8.0,0.0,0.0,55.0,1.0,2.0,20.0,22.0,1.0,0.0,0.0,0.0,0.0,2.0,20.0,0.0,0.0,0.0,0.0
A_f0.9_move__baldwinian__s5,A_f0.9_move__baldwinian,A_f0.9_move,A,baldwinian,5,450,train,50,1.34,14,14,95.00991025206707,0.7916666666666666,0.5,adaptive_move,0.55,0.07058591014890403,0.14428035248041793,406.0,35.0,24.0,449.0,62.0,6.0,0.0,0.0,33.0,1.0,9.0,27.0,23.0,3.0,0.0,0.0,0.0,0.0,9.0,27.0,0.0,0.0,0.0,0.0
A_f0.9_move__baldwinian__s5,A_f0.9_move__baldwinian,A_f0.9_move,A,baldwinian,5,500,train,47,1.5319148936170213,18,21,63.327819963742016,0.8958333333333334,0.5,adaptive_move,0.5,0.09728848688630973,0.16786616161616164,364.0,19.0,24.0,559.0,57.0,5.0,0.0,0.0,60.0,0.0,4.0,36.0,16.0,0.0,0.0,0.0,0.0,0.0,4.0,36.0,0.0,0.0,0.0,0.0
A_f0.9_move__baldwinian__s5,A_f0.9_move__baldwinian,A_f0.9_move,A,baldwinian,5,550,train,50,1.98,22,19,95.6032495943232,0.7916666666666666,0.5,adaptive_move,0.56875,0.08800300117367985,0.16298505089058524,329.0,18.0,28.0,432.0,53.0,2.0,0.0,0.0,56.0,3.0,5.0,25.0,11.0,0.0,0.0,0.0,0.0,0.0,5.0,25.0,0.0,0.0,0.0,0.0
A_f0.9_move__baldwinian__s5,A_f0.9_move__baldwinian,A_f0.9_move,A,baldwinian,5,600,train,50,2.24,15,15,120.7885036053355,0.7083333333333334,0.5,adaptive_move,0.54375,0.07700433311690658,0.14402814136125675,291.0,14.0,31.0,434.0,78.0,6.0,0.0,0.0,37.0,0.0,3.0,26.0,17.0,3.0,0.0,0.0,0.0,0.0,3.0,26.0,0.0,0.0,0.0,0.0
A_f0.9_move__baldwinian__s5,A_f0.9_move__baldwinian,A_f0.9_move,A,baldwinian,5,650,train,50,2.34,19,19,120.20216569916452,0.75,0.5,adaptive_move,0.53125,0.07367855022645436,0.14223261154855638,360.0,16.0,29.0,449.0,73.0,4.0,0.0,0.0,41.0,3.0,3.0,38.0,17.0,1.0,0.0,0.0,0.0,0.0,3.0,38.0,0.0,0.0,0.0,0.0
A_f0.9_move__baldwinian__s5,A_f0.9_move__baldwinian,A_f0.9_move,A,baldwinian,5,700,train,50,2.46,13,13,139.28516718388826,0.625,0.5,adaptive_move,0.55,0.08124272800598174,0.1486490885416667,308.0,11.0,23.0,480.0,28.0,3.0,0.0,0.0,20.0,2.0,2.0,27.0,12.0,2.0,0.0,0.0,0.0,0.0,2.0,27.0,0.0,0.0,0.0,0.0
A_f0.9_move__baldwinian__s5,A_f0.9_move__baldwinian,A_f0.9_move,A,baldwinian,5,750,train,50,2.74,20,20,95.03543227895457,0.7083333333333334,0.5,adaptive_move,0.58125,0.08228021898782786,0.15378714470284227,482.0,31.0,32.0,603.0,55.0,2.0,0.0,0.0,38.0,2.0,7.0,39.0,20.0,0.0,0.0,0.0,0.0,0.0,7.0,39.0,0.0,0.0,0.0,0.0
A_f0.9_move__baldwinian__s5,A_f0.9_move__baldwinian,A_f0.9_move,A,baldwinian,5,800,train,50,2.78,14,14,94.11763907223545,0.7291666666666666,0.5,adaptive_move,0.575,0.08294073770715626,0.16287183544303785,411.0,22.0,32.0,498.0,56.0,3.0,0.0,0.0,58.0,2.0,4.0,24.0,18.0,1.0,0.0,0.0,0.0,0.0,4.0,24.0,0.0,0.0,0.0,0.0
A_f0.9_move__baldwinian__s5,A_f0.9_move__baldwinian,A_f0.9_move,A,baldwinian,5,850,train,50,2.7,10,10,82.36173383653815,0.9166666666666666,0.5,adaptive_move,0.54375,0.04497047353079124,0.10076388888888865,456.0,31.0,30.0,415.0,105.0,8.0,0.0,0.0,48.0,2.0,7.0,28.0,20.0,2.0,0.0,0.0,0.0,0.0,7.0,28.0,0.0,0.0,0.0,0.0
A_f0.9_move__baldwinian__s5,A_f0.9_move__baldwinian,A_f0.9_move,A,baldwinian,5,900,train,50,2.78,13,13,87.12175459727452,0.8333333333333334,0.5,adaptive_move,0.49375,0.06394813055180368,0.13040833333333346,443.0,20.0,23.0,424.0,84.0,7.0,0.0,0.0,49.0,3.0,7.0,18.0,19.0,0.0,0.0,0.0,0.0,0.0,7.0,18.0,0.0,0.0,0.0,0.0
A_f0.9_move__baldwinian__s5,A_f0.9_move__baldwinian,A_f0.9_move,A,baldwinian,5,950,train,50,2.88,10,10,81.64105094209611,0.7708333333333334,0.5,adaptive_move,0.54375,0.07544092878059411,0.13538896276595747,537.0,25.0,21.0,533.0,120.0,5.0,0.0,0.0,54.0,0.0,1.0,24.0,18.0,1.0,0.0,0.0,0.0,0.0,1.0,24.0,0.0,0.0,0.0,0.0
A_f0.9_move__baldwinian__s5,A_f0.9_move__baldwinian,A_f0.9_move,A,baldwinian,5,1000,train,50,2.94,11,11,102.2866694069329,0.7708333333333334,0.5,adaptive_move,0.55625,0.10958918313272112,0.18940250611246934,365.0,27.0,25.0,525.0,130.0,8.0,0.0,0.0,55.0,1.0,2.0,30.0,19.0,1.0,0.0,0.0,0.0,0.0,2.0,30.0,0.0,0.0,0.0,0.0
A_f0.9_move__baldwinian__s5,A_f0.9_move__baldwinian,A_f0.9_move,A,baldwinian,5,1050,train,50,3.32,17,17,101.40502614977434,0.7708333333333334,0.5,adaptive_move,0.48125,0.09974124550044446,0.1623801150895141,387.0,29.0,31.0,519.0,252.0,11.0,0.0,0.0,47.0,0.0,8.0,28.0,22.0,0.0,0.0,0.0,0.0,0.0,8.0,28.0,0.0,0.0,0.0,0.0
A_f0.9_move__baldwinian__s5,A_f0.9_move__baldwinian,A_f0.9_move,A,baldwinian,5,1100,train,50,3.34,16,16,87.85657542192901,0.8333333333333334,0.5,adaptive_move,0.54375,0.10296364571029258,0.17552474937343332,401.0,24.0,20.0,557.0,87.0,6.0,0.0,0.0,48.0,2.0,5.0,38.0,20.0,1.0,0.0,0.0,0.0,0.0,5.0,38.0,0.0,0.0,0.0,0.0
A_f0.9_move__baldwinian__s5,A_f0.9_move__baldwinian,A_f0.9_move,A,baldwinian,5,1150,train,50,3.52,18,18,110.13775174709141,0.7916666666666666,0.5,adaptive_move,0.53125,0.09669519292376463,0.17961014851485158,384.0,17.0,29.0,555.0,63.0,1.0,0.0,0.0,37.0,1.0,7.0,33.0,15.0,0.0,0.0,0.0,0.0,0.0,7.0,33.0,0.0,0.0,0.0,0.0
A_f0.9_move__baldwinian__s5,A_f0.9_move__baldwinian,A_f0.9_move,A,baldwinian,5,1200,train,50,3.62,23,23,86.67215064372755,0.7916666666666666,0.5,adaptive_move,0.5125,0.10246016729784595,0.17099116161616168,462.0,27.0,18.0,383.0,33.0,2.0,0.0,0.0,53.0,1.0,3.0,33.0,19.0,1.0,0.0,0.0,0.0,0.0,3.0,33.0,0.0,0.0,0.0,0.0
A_f0.9_move__baldwinian__s5,A_f0.9_move__baldwinian,A_f0.9_move,A,baldwinian,5,1250,train,50,3.62,15,15,109.33781935625504,0.8125,0.5,adaptive_move,0.5625,0.09909737411997444,0.17439692982456134,301.0,15.0,19.0,368.0,46.0,2.0,0.0,0.0,44.0,0.0,4.0,30.0,21.0,1.0,0.0,0.0,0.0,0.0,4.0,30.0,0.0,0.0,0.0,0.0
A_f0.9_move__baldwinian__s5,A_f0.9_move__baldwinian,A_f0.9_move,A,baldwinian,5,1300,train,50,3.56,15,15,87.89585500920973,0.7916666666666666,0.5,adaptive_move,0.55625,0.08337774424099746,0.14166391820580504,430.0,29.0,21.0,566.0,107.0,5.0,0.0,0.0,55.0,2.0,4.0,30.0,13.0,1.0,0.0,0.0,0.0,0.0,4.0,30.0,0.0,0.0,0.0,0.0
A_f0.9_move__baldwinian__s5,A_f0.9_move__baldwinian,A_f0.9_move,A,baldwinian,5,1350,train,50,3.7,18,18,97.08633718880722,0.75,0.5,adaptive_move,0.55,0.07065086529748218,0.15299679487179496,357.0,19.0,39.0,657.0,93.0,3.0,0.0,0.0,41.0,3.0,4.0,32.0,21.0,0.0,0.0,0.0,0.0,0.0,4.0,32.0,0.0,0.0,0.0,0.0
A_f0.9_move__baldwinian__s5,A_f0.9_move__baldwinian,A_f0.9_move,A,baldwinian,5,1400,train,50,3.82,14,14,96.24876922241334,0.6875,0.5,adaptive_move,0.525,0.08960617644231819,0.14631725721784772,446.0,26.0,30.0,579.0,78.0,3.0,0.0,0.0,45.0,3.0,6.0,19.0,20.0,0.0,0.0,0.0,0.0,0.0,6.0,19.0,0.0,0.0,0.0,0.0
A_f0.9_move__baldwinian__s5,A_f0.9_move__baldwinian,A_f0.9_move,A,baldwinian,5,1450,train,50,4.0,17,17,90.25218329598235,0.8333333333333334,0.5,adaptive_move,0.6,0.05816602552802851,0.13142407161803704,481.0,25.0,22.0,489.0,56.0,3.0,0.0,0.0,54.0,0.0,1.0,31.0,22.0,1.0,0.0,0.0,0.0,0.0,1.0,31.0,0.0,0.0,0.0,0.0
A_f0.9_move__baldwinian__s5,A_f0.9_move__baldwinian,A_f0.9_move,A,baldwinian,5,1500,train,50,4.3,18,18,109.68815562062815,0.75,0.5,adaptive_move,0.5625,0.09043380878023302,0.1444901315789473,481.0,19.0,18.0,421.0,66.0,3.0,0.0,0.0,49.0,1.0,3.0,29.0,20.0,1.0,0.0,0.0,0.0,0.0,3.0,29.0,0.0,0.0,0.0,0.0
A_f0.9_move__baldwinian__s5,A_f0.9_move__baldwinian,A_f0.9_move,A,baldwinian,5,1550,eval,50,4.36,15,15,86.16360131578791,0.8333333333333334,0.5,adaptive_move,0.53,0.0,0.0,313.0,14.0,15.0,300.0,23.0,0.0,4.0,49.0,40.0,0.0,2.0,28.0,8.0,0.0,1.0,10.0,0.0,0.0,2.0,28.0,0.0,0.0,1.0,10.0
A_f0.9_move__baldwinian__s5,A_f0.9_move__baldwinian,A_f0.9_move,A,baldwinian,5,1600,eval,50,4.66,14,14,154.96073703436093,0.5625,0.5,adaptive_move,0.49,0.0,0.0,445.0,25.0,23.0,368.0,76.0,5.0,10.0,111.0,48.0,1.0,3.0,26.0,10.0,1.0,0.0,6.0,0.0,0.0,3.0,26.0,0.0,0.0,0.0,6.0
A_f0.9_move__baldwinian__s5,A_f0.9_move__baldwinian,A_f0.9_move,A,baldwinian,5,1650,eval,50,4.84,12,12,190.5265778404658,0.5416666666666666,0.5,adaptive_move,0.51,0.0,0.0,601.0,35.0,28.0,439.0,97.0,8.0,6.0,85.0,54.0,0.0,3.0,21.0,2.0,0.0,0.0,4.0,0.0,0.0,3.0,21.0,0.0,0.0,0.0,4.0
A_f0.9_move__baldwinian__s5,A_f0.9_move__baldwinian,A_f0.9_move,A,baldwinian,5,1700,eval,50,4.98,18,18,130.25994542733437,0.7291666666666666,0.5,adaptive_move,0.495,0.0,0.0,476.0,22.0,14.0,435.0,131.0,4.0,8.0,100.0,40.0,4.0,2.0,29.0,2.0,0.0,1.0,4.0,0.0,0.0,2.0,29.0,0.0,0.0,1.0,4.0
A_f0.9_move__baldwinian__s5,A_f0.9_move__baldwinian,A_f0.9_move,A,baldwinian,5,1750,eval,50,4.96,17,17,212.0878031746297,0.4375,0.5,adaptive_move,0.49,0.0,0.0,382.0,17.0,22.0,400.0,74.0,1.0,2.0,72.0,23.0,1.0,4.0,29.0,14.0,0.0,0.0,7.0,0.0,0.0,4.0,29.0,0.0,0.0,0.0,7.0
A_f0.9_move__baldwinian__s5,A_f0.9_move__baldwinian,A_f0.9_move,A,baldwinian,5,1800,eval,50,5.04,17,17,138.428499703674,0.7291666666666666,0.5,adaptive_move,0.48,0.0,0.0,341.0,14.0,22.0,447.0,80.0,5.0,8.0,62.0,47.0,2.0,3.0,30.0,5.0,0.0,1.0,3.0,0.0,0.0,3.0,30.0,0.0,0.0,1.0,3.0
A_f0.9_move__baldwinian__s6,A_f0.9_move__baldwinian,A_f0.9_move,A,baldwinian,6,50,train,48,0.8958333333333334,33,5,160.27438379619156,0.625,0.5,adaptive_move,0.525,0.05490029742148561,0.09720763305322144,156.0,2.0,11.0,211.0,77.0,4.0,0.0,0.0,27.0,0.0,0.0,34.0,25.0,1.0,0.0,0.0,0.0,0.0,0.0,34.0,0.0,0.0,0.0,0.0
A_f0.9_move__baldwinian__s6,A_f0.9_move__baldwinian,A_f0.9_move,A,baldwinian,6,100,train,50,0.94,7,5,81.8041041013107,0.8333333333333334,0.5,adaptive_move,0.54375,0.06095538963360543,0.11333047945205488,459.0,23.0,8.0,179.0,140.0,9.0,0.0,0.0,58.0,6.0,1.0,20.0,24.0,4.0,0.0,0.0,0.0,0.0,1.0,20.0,0.0,0.0,0.0,0.0
A_f0.9_move__baldwinian__s6,A_f0.9_move__baldwinian,A_f0.9_move,A,baldwinian,6,150,train,50,1.1,14,14,85.85697276192124,0.875,0.5,adaptive_move,0.49375,0.10223254771780085,0.1698655063291139,366.0,21.0,29.0,306.0,188.0,9.0,0.0,0.0,51.0,2.0,4.0,27.0,15.0,3.0,0.0,0.0,0.0,0.0,4.0,27.0,0.0,0.0,0.0,0.0
A_f0.9_move__baldwinian__s6,A_f0.9_move__baldwinian,A_f0.9_move,A,baldwinian,6,200,train,50,1.06,7,7,65.17227213718436,0.9375,0.5,adaptive_move,0.55,0.05338006136952701,0.11760670731707301,324.0,17.0,14.0,326.0,141.0,8.0,0.0,0.0,61.0,1.0,3.0,21.0,22.0,1.0,0.0,0.0,0.0,0.0,3.0,21.0,0.0,0.0,0.0,0.0
A_f0.9_move__baldwinian__s6,A_f0.9_move__baldwinian,A_f0.9_move,A,baldwinian,6,250,train,50,1.22,18,18,70.95708993473254,0.9375,0.5,adaptive_move,0.51875,0.09089139671810309,0.16540291878172586,374.0,24.0,27.0,390.0,160.0,5.0,0.0,0.0,46.0,2.0,3.0,30.0,23.0,0.0,0.0,0.0,0.0,0.0,3.0,30.0,0.0,0.0,0.0,0.0
A_f0.9_move__baldwinian__s6,A_f0.9_move__baldwinian,A_f0.9_move,A,baldwinian,6,300,train,50,1.38,16,16,111.75738566378702,0.7916666666666666,0.5,adaptive_move,0.525,0.0768719694398739,0.15184916020671846,269.0,10.0,13.0,305.0,126.0,13.0,0.0,0.0,25.0,3.0,5.0,22.0,28.0,1.0,0.0,0.0,0.0,0.0,5.0,22.0,0.0,0.0,0.0,0.0
A_f0.9_move__baldwinian__s6,A_f0.9_move__baldwinian,A_f0.9_move,A,baldwinian,6,350,train,50,1.38,17,17,72.1022558394074,0.8125,0.5,adaptive_move,0.50625,0.06491530928181258,0.12612567204301062,410.0,16.0,24.0,426.0,123.0,9.0,0.0,0.0,42.0,3.0,5.0,32.0,22.0,0.0,0.0,0.0,0.0,0.0,5.0,32.0,0.0,0.0,0.0,0.0
A_f0.9_move__baldwinian__s6,A_f0.9_move__baldwinian,A_f0.9_move,A,baldwinian,6,400,train,50,1.28,13,13,90.9063668769706,0.8333333333333334,0.5,adaptive_move,0.5375,0.09379252436405058,0.16098533163265283,389.0,18.0,22.0,483.0,120.0,7.0,0.0,0.0,59.0,3.0,2.0,22.0,15.0,0.0,0.0,0.0,0.0,0.0,2.0,22.0,0.0,0.0,0.0,0.0
A_f0.9_move__baldwinian__s6,A_f0.9_move__baldwinian,A_f0.9_move,A,baldwinian,6,450,train,50,1.38,18,18,72.93049631747995,0.8958333333333334,0.5,adaptive_move,0.55,0.12859145867321337,0.2154647435897432,304.0,12.0,24.0,375.0,75.0,5.0,0.0,0.0,46.0,2.0,8.0,29.0,24.0,0.0,0.0,0.0,0.0,0.0,8.0,29.0,0.0,0.0,0.0,0.0
A_f0.9_move__baldwinian__s6,A_f0.9_move__baldwinian,A_f0.9_move,A,baldwinian,6,500,train,50,1.7,22,22,70.62338985017205,0.8333333333333334,0.5,adaptive_move,0.48125,0.11137101952487365,0.1825915012406949,323.0,23.0,31.0,533.0,78.0,5.0,0.0,0.0,49.0,2.0,5.0,25.0,25.0,0.0,0.0,0.0,0.0,0.0,5.0,25.0,0.0,0.0,0.0,0.0
A_f0.9_move__baldwinian__s6,A_f0.9_move__baldwinian,A_f0.9_move,A,baldwinian,6,550,train,50,2.14,21,21,93.14999773401806,0.75,0.5,adaptive_move,0.54375,0.10625262958726492,0.18211633663366333,293.0,16.0,18.0,318.0,85.0,7.0,0.0,0.0,46.0,0.0,4.0,25.0,21.0,2.0,0.0,0.0,0.0,0.0,4.0,25.0,0.0,0.0,0.0,0.0
A_f0.9_move__baldwinian__s6,A_f0.9_move__baldwinian,A_f0.9_move,A,baldwinian,6,600,train,50,2.24,16,16,93.47094916973765,0.7916666666666666,0.5,adaptive_move,0.54375,0.0999177056391574,0.16921677215189868,353.0,22.0,24.0,365.0,105.0,6.0,0.0,0.0,50.0,1.0,2.0,27.0,24.0,3.0,0.0,0.0,0.0,0.0,2.0,27.0,0.0,0.0,0.0,0.0
A_f0.9_move__baldwinian__s6,A_f0.9_move__baldwinian,A_f0.9_move,A,baldwinian,6,650,train,50,2.28,18,18,116.94269050657299,0.7916666666666666,0.5,adaptive_move,0.51875,0.07449442324300133,0.15581042199488504,285.0,16.0,18.0,388.0,140.0,6.0,0.0,0.0,36.0,1.0,5.0,30.0,24.0,0.0,0.0,0.0,0.0,0.0,5.0,30.0,0.0,0.0,0.0,0.0
A_f0.9_move__baldwinian__s6,A_f0.9_move__baldwinian,A_f0.9_move,A,baldwinian,6,700,train,50,2.5,21,21,75.86914572854307,0.8541666666666666,0.5,adaptive_move,0.5375,0.1268486248397726,0.20074548192771058,416.0,16.0,28.0,537.0,115.0,5.0,0.0,0.0,44.0,0.0,4.0,34.0,27.0,0.0,0.0,0.0,0.0,0.0,4.0,34.0,0.0,0.0,0.0,0.0
A_f0.9_move__baldwinian__s6,A_f0.9_move__baldwinian,A_f0.9_move,A,baldwinian,6,750,train,50,2.68,16,16,58.125152700375004,0.8958333333333334,0.5,adaptive_move,0.55625,0.1142929346418139,0.18551697530864186,354.0,13.0,19.0,429.0,79.0,3.0,0.0,0.0,44.0,1.0,2.0,30.0,23.0,1.0,0.0,0.0,0.0,0.0,2.0,30.0,0.0,0.0,0.0,0.0
A_f0.9_move__baldwinian__s6,A_f0.9_move__baldwinian,A_f0.9_move,A,baldwinian,6,800,train,50,2.76,16,16,59.60605756806608,0.9166666666666666,0.5,adaptive_move,0.55,0.08436491468839293,0.1750077160493826,412.0,17.0,23.0,379.0,60.0,4.0,0.0,0.0,48.0,2.0,5.0,27.0,22.0,2.0,0.0,0.0,0.0,0.0,5.0,27.0,0.0,0.0,0.0,0.0
A_f0.9_move__baldwinian__s6,A_f0.9_move__baldwinian,A_f0.9_move,A,baldwinian,6,850,train,50,2.94,17,17,70.1276765024467,0.8958333333333334,0.5,adaptive_move,0.55,0.0597821305052415,0.12441196236559104,279.0,13.0,31.0,464.0,91.0,6.0,0.0,0.0,38.0,0.0,5.0,29.0,30.0,2.0,0.0,0.0,0.0,0.0,5.0,29.0,0.0,0.0,0.0,0.0
A_f0.9_move__baldwinian__s6,A_f0.9_move__baldwinian,A_f0.9_move,A,baldwinian,6,900,train,50,3.0,17,17,63.316497207908284,0.9166666666666666,0.5,adaptive_move,0.51875,0.11797067911372208,0.18990502450980395,378.0,13.0,25.0,337.0,100.0,2.0,0.0,0.0,46.0,1.0,6.0,36.0,23.0,0.0,0.0,0.0,0.0,0.0,6.0,36.0,0.0,0.0,0.0,0.0
A_f0.9_move__baldwinian__s6,A_f0.9_move__baldwinian,A_f0.9_move,A,baldwinian,6,950,train,50,3.38,24,24,89.88585838760528,0.7916666666666666,0.5,adaptive_move,0.60625,0.08396797875475541,0.14886067708333317,304.0,20.0,20.0,291.0,148.0,7.0,0.0,0.0,26.0,4.0,4.0,33.0,22.0,2.0,0.0,0.0,0.0,0.0,4.0,33.0,0.0,0.0,0.0,0.0
A_f0.9_move__baldwinian__s6,A_f0.9_move__baldwinian,A_f0.9_move,A,baldwinian,6,1000,train,50,3.58,11,11,117.8232855917009,0.7291666666666666,0.5,adaptive_move,0.55625,0.09691077777358692,0.14887107329842952,378.0,21.0,19.0,316.0,131.0,8.0,0.0,0.0,39.0,0.0,3.0,23.0,22.0,2.0,0.0,0.0,0.0,0.0,3.0,23.0,0.0,0.0,0.0,0.0
A_f0.9_move__baldwinian__s6,A_f0.9_move__baldwinian,A_f0.9_move,A,baldwinian,6,1050,train,50,3.94,12,12,74.33706612496385,0.8958333333333334,0.5,adaptive_move,0.475,0.07022648324238817,0.14281740837696333,401.0,14.0,13.0,288.0,111.0,11.0,0.0,0.0,63.0,1.0,1.0,19.0,21.0,3.0,0.0,0.0,0.0,0.0,1.0,19.0,0.0,0.0,0.0,0.0
A_f0.9_move__baldwinian__s6,A_f0.9_move__baldwinian,A_f0.9_move,A,baldwinian,6,1100,train,50,4.12,22,22,46.29346920547717,0.9791666666666666,0.5,adaptive_move,0.55625,0.06522237541388728,0.1266297043010749,274.0,15.0,15.0,391.0,92.0,8.0,0.0,0.0,40.0,4.0,2.0,36.0,21.0,3.0,0.0,0.0,0.0,0.0,2.0,36.0,0.0,0.0,0.0,0.0
A_f0.9_move__baldwinian__s6,A_f0.9_move__baldwinian,A_f0.9_move,A,baldwinian,6,1150,train,50,4.36,22,22,63.85921914853233,0.9375,0.5,adaptive_move,0.5625,0.09510012476384874,0.17675684079602005,243.0,18.0,7.0,186.0,34.0,3.0,0.0,0.0,60.0,1.0,1.0,19.0,21.0,1.0,0.0,0.0,0.0,0.0,1.0,19.0,0.0,0.0,0.0,0.0
A_f0.9_move__baldwinian__s6,A_f0.9_move__baldwinian,A_f0.9_move,A,baldwinian,6,1200,train,50,4.74,20,20,78.57784542379989,0.875,0.5,adaptive_move,0.56875,0.07707024786270283,0.1546834832904882,259.0,16.0,23.0,468.0,101.0,3.0,0.0,0.0,34.0,0.0,8.0,33.0,22.0,1.0,0.0,0.0,0.0,0.0,8.0,33.0,0.0,0.0,0.0,0.0
A_f0.9_move__baldwinian__s6,A_f0.9_move__baldwinian,A_f0.9_move,A,baldwinian,6,1250,train,50,4.92,19,19,59.67523936086291,0.8333333333333334,0.5,adaptive_move,0.575,0.07420547767141025,0.14555319843342063,403.0,19.0,23.0,461.0,230.0,9.0,0.0,0.0,40.0,0.0,7.0,30.0,31.0,1.0,0.0,0.0,0.0,0.0,7.0,30.0,0.0,0.0,0.0,0.0
A_f0.9_move__baldwinian__s6,A_f0.9_move__baldwinian,A_f0.9_move,A,baldwinian,6,1300,train,50,4.9,14,14,79.29176120739885,0.8333333333333334,0.5,adaptive_move,0.5,0.08040446496364406,0.14887695312500004,337.0,21.0,7.0,263.0,128.0,4.0,0.0,0.0,46.0,3.0,2.0,14.0,18.0,1.0,0.0,0.0,0.0,0.0,2.0,14.0,0.0,0.0,0.0,0.0
A_f0.9_move__baldwinian__s6,A_f0.9_move__baldwinian,A_f0.9_move,A,baldwinian,6,1350,train,50,5.04,18,18,85.39836236095488,0.8958333333333334,0.5,adaptive_move,0.54375,0.07126968022603766,0.14011513157894728,488.0,18.0,27.0,433.0,88.0,5.0,0.0,0.0,43.0,1.0,2.0,34.0,22.0,0.0,0.0,0.0,0.0,0.0,2.0,34.0,0.0,0.0,0.0,0.0
A_f0.9_move__baldwinian__s6,A_f0.9_move__baldwinian,A_f0.9_move,A,baldwinian,6,1400,train,50,5.42,21,21,124.71346046151503,0.7708333333333334,0.5,adaptive_move,0.525,0.08610298262391447,0.16627209595959624,246.0,10.0,22.0,364.0,155.0,9.0,0.0,0.0,42.0,1.0,7.0,32.0,17.0,3.0,0.0,0.0,0.0,0.0,7.0,32.0,0.0,0.0,0.0,0.0
A_f0.9_move__baldwinian__s6,A_f0.9_move__baldwinian,A_f0.9_move,A,baldwinian,6,1450,train,50,5.46,15,15,114.92596288340647,0.7916666666666666,0.5,adaptive_move,0.575,0.058554973306883216,0.119419037940379,381.0,22.0,11.0,335.0,162.0,9.0,0.0,0.0,51.0,1.0,0.0,24.0,23.0,2.0,0.0,0.0,0.0,0.0,0.0,24.0,0.0,0.0,0.0,0.0
A_f0.9_move__baldwinian__s6,A_f0.9_move__baldwinian,A_f0.9_move,A,baldwinian,6,1500,train,50,5.58,14,14,101.5364809066377,0.7708333333333334,0.5,adaptive_move,0.53125,0.056296948778213556,0.12206030997304596,326.0,21.0,30.0,437.0,187.0,8.0,0.0,0.0,27.0,1.0,7.0,32.0,21.0,0.0,0.0,0.0,0.0,0.0,7.0,32.0,0.0,0.0,0.0,0.0
A_f0.9_move__baldwinian__s6,A_f0.9_move__baldwinian,A_f0.9_move,A,baldwinian,6,1550,eval,50,5.54,19,19,95.31598888593773,0.7708333333333334,0.5,adaptive_move,0.48,0.0,0.0,288.0,13.0,17.0,443.0,84.0,3.0,2.0,66.0,31.0,2.0,3.0,34.0,10.0,1.0,1.0,9.0,0.0,0.0,3.0,34.0,0.0,0.0,1.0,9.0
A_f0.9_move__baldwinian__s6,A_f0.9_move__baldwinian,A_f0.9_move,A,baldwinian,6,1600,eval,50,5.9,19,19,132.23505928522562,0.6458333333333334,0.5,adaptive_move,0.53,0.0,0.0,301.0,20.0,32.0,557.0,67.0,6.0,1.0,47.0,21.0,1.0,4.0,32.0,18.0,2.0,0.0,9.0,0.0,0.0,4.0,32.0,0.0,0.0,0.0,9.0
A_f0.9_move__baldwinian__s6,A_f0.9_move__baldwinian,A_f0.9_move,A,baldwinian,6,1650,eval,50,6.04,14,14,116.57545158964807,0.7708333333333334,0.5,adaptive_move,0.515,0.0,0.0,594.0,34.0,37.0,563.0,45.0,2.0,4.0,65.0,37.0,1.0,2.0,36.0,9.0,0.0,0.0,13.0,0.0,0.0,2.0,36.0,0.0,0.0,0.0,13.0
A_f0.9_move__baldwinian__s6,A_f0.9_move__baldwinian,A_f0.9_move,A,baldwinian,6,1700,eval,50,6.18,17,17,129.17992423970847,0.7291666666666666,0.5,adaptive_move,0.5,0.0,0.0,450.0,27.0,11.0,237.0,171.0,9.0,1.0,110.0,43.0,4.0,0.0,23.0,10.0,1.0,0.0,5.0,0.0,0.0,0.0,23.0,0.0,0.0,0.0,5.0
A_f0.9_move__baldwinian__s6,A_f0.9_move__baldwinian,A_f0.9_move,A,baldwinian,6,1750,eval,50,6.28,13,13,185.26709219078847,0.5833333333333334,0.5,adaptive_move,0.52,0.0,0.0,506.0,27.0,25.0,412.0,88.0,10.0,6.0,166.0,28.0,2.0,2.0,30.0,8.0,1.0,0.0,4.0,0.0,0.0,2.0,30.0,0.0,0.0,0.0,4.0
A_f0.9_move__baldwinian__s6,A_f0.9_move__baldwinian,A_f0.9_move,A,baldwinian,6,1800,eval,50,6.18,11,11,160.55260433327953,0.5625,0.5,adaptive_move,0.52,0.0,0.0,498.0,32.0,28.0,441.0,105.0,5.0,5.0,88.0,39.0,3.0,5.0,35.0,3.0,0.0,0.0,10.0,0.0,0.0,5.0,35.0,0.0,0.0,0.0,10.0
A_f0.9_move__baldwinian__s7,A_f0.9_move__baldwinian,A_f0.9_move,A,baldwinian,7,50,train,50,0.96,33,3,61.163607689125804,0.8958333333333334,0.5,adaptive_move,0.54375,0.044820411234603265,0.09341643258426968,184.0,9.0,7.0,175.0,80.0,4.0,0.0,0.0,51.0,3.0,2.0,39.0,21.0,1.0,0.0,0.0,0.0,0.0,2.0,39.0,0.0,0.0,0.0,0.0
A_f0.9_move__baldwinian__s7,A_f0.9_move__baldwinian,A_f0.9_move,A,baldwinian,7,100,train,45,0.9777777777777777,6,11,90.97396638783445,0.8333333333333334,0.5,adaptive_move,0.55625,0.0813146680753275,0.15727564102564107,330.0,13.0,17.0,321.0,133.0,8.0,0.0,0.0,54.0,2.0,2.0,26.0,22.0,0.0,0.0,0.0,0.0,0.0,2.0,26.0,0.0,0.0,0.0,0.0
A_f0.9_move__baldwinian__s7,A_f0.9_move__baldwinian,A_f0.9_move,A,baldwinian,7,150,train,45,1.3333333333333333,13,13,75.33809002123576,0.8541666666666666,0.5,adaptive_move,0.5875,0.07531361230874759,0.15954949238578653,283.0,18.0,32.0,511.0,110.0,7.0,0.0,0.0,55.0,1.0,4.0,38.0,21.0,0.0,0.0,0.0,0.0,0.0,4.0,38.0,0.0,0.0,0.0,0.0
A_f0.9_move__baldwinian__s7,A_f0.9_move__baldwinian,A_f0.9_move,A,baldwinian,7,200,train,38,1.236842105263158,11,18,64.36638639122866,0.8958333333333334,0.5,adaptive_move,0.51875,0.09732529499474644,0.172126256281407,360.0,21.0,18.0,384.0,88.0,4.0,0.0,0.0,62.0,1.0,4.0,25.0,15.0,1.0,0.0,0.0,0.0,0.0,4.0,25.0,0.0,0.0,0.0,0.0
A_f0.9_move__baldwinian__s7,A_f0.9_move__baldwinian,A_f0.9_move,A,baldwinian,7,250,train,43,1.186046511627907,20,15,96.80590800816296,0.7916666666666666,0.5,adaptive_move,0.5125,0.05261213710413847,0.10980425824175821,345.0,13.0,13.0,337.0,114.0,7.0,0.0,0.0,62.0,1.0,1.0,29.0,16.0,1.0,0.0,0.0,0.0,0.0,1.0,29.0,0.0,0.0,0.0,0.0
A_f0.9_move__baldwinian__s7,A_f0.9_move__baldwinian,A_f0.9_move,A,baldwinian,7,300,train,44,1.3181818181818181,16,15,80.07994820713947,0.8958333333333334,0.5,adaptive_move,0.525,0.09434806075953789,0.1716237437185928,306.0,17.0,23.0,403.0,170.0,10.0,0.0,0.0,46.0,2.0,6.0,37.0,16.0,2.0,0.0,0.0,0.0,0.0,6.0,37.0,0.0,0.0,0.0,0.0
A_f0.9_move__baldwinian__s7,A_f0.9_move__baldwinian,A_f0.9_move,A,baldwinian,7,350,train,48,1.4583333333333333,20,16,89.08797136459988,0.875,0.5,adaptive_move,0.525,0.07876659889212778,0.14298720472440918,348.0,21.0,17.0,423.0,93.0,8.0,0.0,0.0,47.0,4.0,4.0,30.0,15.0,1.0,0.0,0.0,0.0,0.0,4.0,30.0,0.0,0.0,0.0,0.0
A_f0.9_move__baldwinian__s7,A_f0.9_move__baldwinian,A_f0.9_move,A,baldwinian,7,400,train,46,1.673913043478261,13,15,87.96689560163759,0.8125,0.5,adaptive_move,0.54375,0.07721409312081368,0.15046955958549213,389.0,24.0,21.0,450.0,117.0,3.0,0.0,0.0,53.0,0.0,7.0,30.0,16.0,0.0,0.0,0.0,0.0,0.0,7.0,30.0,0.0,0.0,0.0,0.0
A_f0.9_move__baldwinian__s7,A_f0.9_move__baldwinian,A_f0.9_move,A,baldwinian,7,450,train,45,1.6666666666666667,15,16,64.069307065645,0.8541666666666666,0.5,adaptive_move,0.5375,0.0789018525716925,0.1673906249999999,346.0,28.0,28.0,482.0,144.0,6.0,0.0,0.0,65.0,2.0,11.0,27.0,14.0,0.0,0.0,0.0,0.0,0.0,11.0,27.0,0.0,0.0,0.0,0.0
A_f0.9_move__baldwinian__s7,A_f0.9_move__baldwinian,A_f0.9_move,A,baldwinian,7,500,train,33,1.9696969696969697,11,23,52.7737908801934,0.9166666666666666,0.5,adaptive_move,0.55625,0.103271805759455,0.18397475369458127,358.0,10.0,23.0,367.0,82.0,6.0,0.0,0.0,55.0,2.0,6.0,21.0,22.0,0.0,0.0,0.0,0.0,0.0,6.0,21.0,0.0,0.0,0.0,0.0
A_f0.9_move__baldwinian__s7,A_f0.9_move__baldwinian,A_f0.9_move,A,baldwinian,7,550,train,27,3.074074074074074,17,23,171.80627018515634,0.6666666666666666,0.5,adaptive_move,0.4875,0.08119450724361482,0.11967813351498635,212.0,11.0,13.0,391.0,27.0,3.0,0.0,0.0,34.0,0.0,1.0,38.0,8.0,1.0,0.0,0.0,0.0,0.0,1.0,38.0,0.0,0.0,0.0,0.0
A_f0.9_move__baldwinian__s7,A_f0.9_move__baldwinian,A_f0.9_move,A,baldwinian,7,600,train,50,3.24,32,9,78.29700377328946,0.8333333333333334,0.5,adaptive_move,0.53125,0.04532381687428573,0.08353810541310525,367.0,23.0,15.0,256.0,82.0,3.0,0.0,0.0,34.0,2.0,4.0,30.0,18.0,0.0,0.0,0.0,0.0,0.0,4.0,30.0,0.0,0.0,0.0,0.0
A_f0.9_move__baldwinian__s7,A_f0.9_move__baldwinian,A_f0.9_move,A,baldwinian,7,650,train,31,3.6129032258064515,11,30,82.24886120820855,0.8958333333333334,0.5,adaptive_move,0.575,0.12491228891957964,0.22029454022988504,279.0,15.0,19.0,455.0,106.0,10.0,0.0,0.0,29.0,2.0,3.0,48.0,21.0,0.0,0.0,0.0,0.0,0.0,3.0,48.0,0.0,0.0,0.0,0.0
A_f0.9_move__baldwinian__s7,A_f0.9_move__baldwinian,A_f0.9_move,A,baldwinian,7,700,train,47,3.617021276595745,29,13,136.18248636040084,0.6458333333333334,0.5,adaptive_move,0.50625,0.06291069603730481,0.11560792349726778,321.0,19.0,29.0,465.0,84.0,5.0,0.0,0.0,49.0,1.0,4.0,23.0,14.0,0.0,0.0,0.0,0.0,0.0,4.0,23.0,0.0,0.0,0.0,0.0
A_f0.9_move__baldwinian__s7,A_f0.9_move__baldwinian,A_f0.9_move,A,baldwinian,7,750,train,50,3.68,18,15,74.23941739009727,0.8541666666666666,0.5,adaptive_move,0.5875,0.07485162005459142,0.15388014138817452,447.0,24.0,26.0,509.0,66.0,2.0,0.0,0.0,58.0,0.0,5.0,38.0,10.0,0.0,0.0,0.0,0.0,0.0,5.0,38.0,0.0,0.0,0.0,0.0
A_f0.9_move__baldwinian__s7,A_f0.9_move__baldwinian,A_f0.9_move,A,baldwinian,7,800,train,50,3.72,18,18,76.37676012006669,0.8333333333333334,0.5,adaptive_move,0.50625,0.10546428921785905,0.18449815270935965,303.0,17.0,24.0,442.0,105.0,6.0,0.0,0.0,42.0,0.0,7.0,24.0,24.0,0.0,0.0,0.0,0.0,0.0,7.0,24.0,0.0,0.0,0.0,0.0
A_f0.9_move__baldwinian__s7,A_f0.9_move__baldwinian,A_f0.9_move,A,baldwinian,7,850,train,49,4.061224489795919,17,18,62.75360788761179,0.9166666666666666,0.5,adaptive_move,0.53125,0.10235820067818302,0.17427161654135337,495.0,23.0,23.0,442.0,69.0,0.0,0.0,0.0,54.0,2.0,4.0,33.0,15.0,0.0,0.0,0.0,0.0,0.0,4.0,33.0,0.0,0.0,0.0,0.0
A_f0.9_move__baldwinian__s7,A_f0.9_move__baldwinian,A_f0.9_move,A,baldwinian,7,900,train,50,4.54,20,19,75.76558723259838,0.875,0.5,adaptive_move,0.625,0.11062329460828814,0.19735576923076925,472.0,24.0,25.0,587.0,96.0,10.0,0.0,0.0,62.0,2.0,8.0,19.0,12.0,1.0,0.0,0.0,0.0,0.0,8.0,19.0,0.0,0.0,0.0,0.0
A_f0.9_move__baldwinian__s7,A_f0.9_move__baldwinian,A_f0.9_move,A,baldwinian,7,950,train,41,4.658536585365853,8,17,97.0454194899976,0.8333333333333334,0.5,adaptive_move,0.55625,0.13367520909071753,0.20990944180522542,299.0,25.0,24.0,292.0,100.0,4.0,0.0,0.0,51.0,3.0,11.0,17.0,18.0,0.0,0.0,0.0,0.0,0.0,11.0,17.0,0.0,0.0,0.0,0.0
A_f0.9_move__baldwinian__s7,A_f0.9_move__baldwinian,A_f0.9_move,A,baldwinian,7,1000,train,46,5.326086956521739,27,22,98.1264425934483,0.8333333333333334,0.5,adaptive_move,0.55,0.06438006951633966,0.13199800531914896,441.0,19.0,30.0,531.0,145.0,11.0,0.0,0.0,48.0,1.0,5.0,37.0,11.0,1.0,0.0,0.0,0.0,0.0,5.0,37.0,0.0,0.0,0.0,0.0
A_f0.9_move__baldwinian__s7,A_f0.9_move__baldwinian,A_f0.9_move,A,baldwinian,7,1050,train,48,5.666666666666667,21,19,89.14955609993277,0.875,0.5,adaptive_move,0.53125,0.07005177482513907,0.14552408854166665,353.0,15.0,26.0,515.0,82.0,6.0,0.0,0.0,38.0,1.0,5.0,43.0,12.0,2.0,0.0,0.0,0.0,0.0,5.0,43.0,0.0,0.0,0.0,0.0
A_f0.9_move__baldwinian__s7,A_f0.9_move__baldwinian,A_f0.9_move,A,baldwinian,7,1100,train,50,5.66,20,18,66.58859717671488,0.875,0.5,adaptive_move,0.575,0.08523298669578076,0.16261927480916016,339.0,15.0,20.0,427.0,112.0,9.0,0.0,0.0,45.0,1.0,2.0,26.0,18.0,0.0,0.0,0.0,0.0,0.0,2.0,26.0,0.0,0.0,0.0,0.0
A_f0.9_move__baldwinian__s7,A_f0.9_move__baldwinian,A_f0.9_move,A,baldwinian,7,1150,train,48,6.145833333333333,20,22,80.73308568796062,0.8958333333333334,0.5,adaptive_move,0.56875,0.0820811286743058,0.1508360389610386,307.0,12.0,21.0,477.0,135.0,8.0,0.0,0.0,35.0,0.0,3.0,46.0,20.0,0.0,0.0,0.0,0.0,0.0,3.0,46.0,0.0,0.0,0.0,0.0
A_f0.9_move__baldwinian__s7,A_f0.9_move__baldwinian,A_f0.9_move,A,baldwinian,7,1200,train,35,5.771428571428571,16,29,58.047473269070174,0.875,0.5,adaptive_move,0.58125,0.0771072625979311,0.16064403553299478,330.0,14.0,19.0,400.0,98.0,6.0,0.0,0.0,45.0,1.0,5.0,37.0,19.0,0.0,0.0,0.0,0.0,0.0,5.0,37.0,0.0,0.0,0.0,0.0
A_f0.9_move__baldwinian__s7,A_f0.9_move__baldwinian,A_f0.9_move,A,baldwinian,7,1250,train,37,6.243243243243243,20,18,98.05761627495677,0.8125,0.5,adaptive_move,0.54375,0.05567729577603695,0.11038804945054936,295.0,17.0,18.0,416.0,61.0,6.0,0.0,0.0,52.0,2.0,5.0,28.0,12.0,3.0,0.0,0.0,0.0,0.0,5.0,28.0,0.0,0.0,0.0,0.0
A_f0.9_move__baldwinian__s7,A_f0.9_move__baldwinian,A_f0.9_move,A,baldwinian,7,1300,train,46,6.5,20,11,74.80484726986626,0.8333333333333334,0.5,adaptive_move,0.50625,0.07608969682388174,0.14723307291666665,370.0,19.0,24.0,380.0,79.0,6.0,0.0,0.0,57.0,2.0,2.0,27.0,12.0,0.0,0.0,0.0,0.0,0.0,2.0,27.0,0.0,0.0,0.0,0.0
A_f0.9_move__baldwinian__s7,A_f0.9_move__baldwinian,A_f0.9_move,A,baldwinian,7,1350,train,37,6.405405405405405,17,26,61.44379766561899,0.9166666666666666,0.5,adaptive_move,0.55625,0.08497137712955877,0.1728544776119405,377.0,18.0,24.0,346.0,99.0,4.0,0.0,0.0,46.0,4.0,5.0,43.0,20.0,0.0,0.0,0.0,0.0,0.0,5.0,43.0,0.0,0.0,0.0,0.0
A_f0.9_move__baldwinian__s7,A_f0.9_move__baldwinian,A_f0.9_move,A,baldwinian,7,1400,train,48,6.729166666666667,25,14,66.25093037081749,0.8958333333333334,0.5,adaptive_move,0.5625,0.09277858974067033,0.15924646529562958,368.0,18.0,22.0,374.0,97.0,1.0,0.0,0.0,49.0,1.0,8.0,31.0,20.0,0.0,0.0,0.0,0.0,0.0,8.0,31.0,0.0,0.0,0.0,0.0
A_f0.9_move__baldwinian__s7,A_f0.9_move__baldwinian,A_f0.9_move,A,baldwinian,7,1450,train,50,7.36,20,18,66.05682112107868,0.8958333333333334,0.5,adaptive_move,0.5625,0.10258908163792144,0.1776574189526181,302.0,14.0,17.0,476.0,103.0,3.0,0.0,0.0,43.0,3.0,2.0,32.0,23.0,0.0,0.0,0.0,0.0,0.0,2.0,32.0,0.0,0.0,0.0,0.0
A_f0.9_move__baldwinian__s7,A_f0.9_move__baldwinian,A_f0.9_move,A,baldwinian,7,1500,train,49,7.0,19,20,59.2713734359848,0.9583333333333334,0.5,adaptive_move,0.56875,0.09254697984695368,0.1724531250000001,368.0,16.0,25.0,387.0,55.0,4.0,0.0,0.0,44.0,1.0,2.0,36.0,16.0,3.0,0.0,0.0,0.0,0.0,2.0,36.0,0.0,0.0,0.0,0.0
A_f0.9_move__baldwinian__s7,A_f0.9_move__baldwinian,A_f0.9_move,A,baldwinian,7,1550,eval,42,6.761904761904762,17,24,114.34126221276941,0.7708333333333334,0.5,adaptive_move,0.51,0.0,0.0,328.0,18.0,20.0,408.0,57.0,3.0,3.0,51.0,35.0,3.0,3.0,31.0,9.0,1.0,2.0,7.0,0.0,0.0,3.0,31.0,0.0,0.0,2.0,7.0
A_f0.9_move__baldwinian__s7,A_f0.9_move__baldwinian,A_f0.9_move,A,baldwinian,7,1600,eval,48,6.541666666666667,26,20,123.14938688463593,0.7916666666666666,0.5,adaptive_move,0.495,0.0,0.0,446.0,23.0,28.0,527.0,100.0,6.0,1.0,23.0,46.0,1.0,4.0,32.0,7.0,0.0,0.0,6.0,0.0,0.0,4.0,32.0,0.0,0.0,0.0,6.0
A_f0.9_move__baldwinian__s7,A_f0.9_move__baldwinian,A_f0.9_move,A,baldwinian,7,1650,eval,50,6.54,21,19,145.1552389392393,0.6041666666666666,0.5,adaptive_move,0.435,0.0,0.0,654.0,36.0,26.0,529.0,61.0,6.0,8.0,112.0,39.0,3.0,3.0,39.0,4.0,0.0,0.0,7.0,0.0,0.0,3.0,39.0,0.0,0.0,0.0,7.0
A_f0.9_move__baldwinian__s7,A_f0.9_move__baldwinian,A_f0.9_move,A,baldwinian,7,1700,eval,50,6.52,9,9,120.07177417577007,0.7083333333333334,0.5,adaptive_move,0.515,0.0,0.0,673.0,48.0,35.0,611.0,93.0,5.0,4.0,61.0,35.0,7.0,2.0,33.0,8.0,0.0,0.0,4.0,0.0,0.0,2.0,33.0,0.0,0.0,0.0,4.0
A_f0.9_move__baldwinian__s7,A_f0.9_move__baldwinian,A_f0.9_move,A,baldwinian,7,1750,eval,50,6.94,15,15,118.09437539127133,0.6666666666666666,0.5,adaptive_move,0.455,0.0,0.0,534.0,23.0,30.0,720.0,156.0,18.0,5.0,121.0,35.0,4.0,1.0,42.0,4.0,0.0,0.0,7.0,0.0,0.0,1.0,42.0,0.0,0.0,0.0,7.0
A_f0.9_move__baldwinian__s7,A_f0.9_move__baldwinian,A_f0.9_move,A,baldwinian,7,1800,eval,50,7.1,9,9,128.06692660627778,0.625,0.5,adaptive_move,0.485,0.0,0.0,643.0,35.0,24.0,501.0,141.0,7.0,6.0,66.0,34.0,3.0,4.0,21.0,14.0,0.0,1.0,0.0,0.0,0.0,4.0,21.0,0.0,0.0,1.0,0.0
A_f0.9_move__baldwinian__s8,A_f0.9_move__baldwinian,A_f0.9_move,A,baldwinian,8,50,train,46,0.7391304347826086,30,4,90.83481069399839,0.8541666666666666,0.5,adaptive_move,0.51875,0.06727203381590785,0.12529481132075482,166.0,12.0,10.0,246.0,0.0,0.0,0.0,0.0,47.0,2.0,2.0,53.0,0.0,0.0,0.0,0.0,0.0,0.0,2.0,53.0,0.0,0.0,0.0,0.0
A_f0.9_move__baldwinian__s8,A_f0.9_move__baldwinian,A_f0.9_move,A,baldwinian,8,100,train,50,0.96,17,13,68.04880347806088,0.8541666666666666,0.5,adaptive_move,0.55,0.06469223091956988,0.1277731233243966,408.0,20.0,23.0,355.0,63.0,4.0,0.0,0.0,41.0,2.0,5.0,26.0,12.0,1.0,0.0,0.0,0.0,0.0,5.0,26.0,0.0,0.0,0.0,0.0
A_f0.9_move__baldwinian__s8,A_f0.9_move__baldwinian,A_f0.9_move,A,baldwinian,8,150,train,49,1.2040816326530612,17,18,98.92333184993632,0.8125,0.5,adaptive_move,0.5375,0.08580695481908611,0.16225349872773553,447.0,27.0,23.0,474.0,39.0,1.0,0.0,0.0,43.0,1.0,4.0,38.0,7.0,1.0,0.0,0.0,0.0,0.0,4.0,38.0,0.0,0.0,0.0,0.0
A_f0.9_move__baldwinian__s8,A_f0.9_move__baldwinian,A_f0.9_move,A,baldwinian,8,200,train,49,1.2653061224489797,22,22,57.367818266051756,0.9583333333333334,0.5,adaptive_move,0.48125,0.09874541126251282,0.1675444162436548,386.0,22.0,34.0,428.0,64.0,3.0,0.0,0.0,57.0,3.0,7.0,28.0,10.0,2.0,0.0,0.0,0.0,0.0,7.0,28.0,0.0,0.0,0.0,0.0
A_f0.9_move__baldwinian__s8,A_f0.9_move__baldwinian,A_f0.9_move,A,baldwinian,8,250,train,46,1.2826086956521738,10,13,70.76446381073619,0.8958333333333334,0.5,adaptive_move,0.59375,0.13539809766639702,0.22121102771362566,329.0,19.0,16.0,372.0,45.0,4.0,0.0,0.0,48.0,2.0,4.0,32.0,16.0,0.0,0.0,0.0,0.0,0.0,4.0,32.0,0.0,0.0,0.0,0.0
A_f0.9_move__baldwinian__s8,A_f0.9_move__baldwinian,A_f0.9_move,A,baldwinian,8,300,train,50,1.44,23,19,97.12227675009433,0.8541666666666666,0.5,adaptive_move,0.5875,0.07969079855877581,0.15535829048843186,419.0,23.0,21.0,497.0,106.0,11.0,0.0,0.0,47.0,1.0,4.0,42.0,13.0,1.0,0.0,0.0,0.0,0.0,4.0,42.0,0.0,0.0,0.0,0.0
A_f0.9_move__baldwinian__s8,A_f0.9_move__baldwinian,A_f0.9_move,A,baldwinian,8,350,train,50,1.4,19,19,137.2869964165285,0.625,0.5,adaptive_move,0.5875,0.06259642531549994,0.13677631578947347,428.0,21.0,31.0,497.0,119.0,6.0,0.0,0.0,38.0,0.0,6.0,34.0,9.0,1.0,0.0,0.0,0.0,0.0,6.0,34.0,0.0,0.0,0.0,0.0
A_f0.9_move__baldwinian__s8,A_f0.9_move__baldwinian,A_f0.9_move,A,baldwinian,8,400,train,50,1.24,14,14,79.13166010965712,0.8541666666666666,0.5,adaptive_move,0.55625,0.08538477725689668,0.16124043367346919,460.0,29.0,31.0,535.0,173.0,7.0,0.0,0.0,55.0,3.0,5.0,38.0,12.0,2.0,0.0,0.0,0.0,0.0,5.0,38.0,0.0,0.0,0.0,0.0
A_f0.9_move__baldwinian__s8,A_f0.9_move__baldwinian,A_f0.9_move,A,baldwinian,8,450,train,50,1.28,16,16,100.08649137700942,0.7291666666666666,0.5,adaptive_move,0.5375,0.10440543575311503,0.18300154320987638,502.0,24.0,33.0,502.0,17.0,2.0,0.0,0.0,58.0,4.0,5.0,30.0,7.0,0.0,0.0,0.0,0.0,0.0,5.0,30.0,0.0,0.0,0.0,0.0
A_f0.9_move__baldwinian__s8,A_f0.9_move__baldwinian,A_f0.9_move,A,baldwinian,8,500,train,50,1.66,21,21,66.98344122704658,0.8333333333333334,0.5,adaptive_move,0.54375,0.08802297761077044,0.15959935897435895,492.0,23.0,31.0,567.0,68.0,3.0,0.0,0.0,43.0,3.0,4.0,33.0,14.0,0.0,0.0,0.0,0.0,0.0,4.0,33.0,0.0,0.0,0.0,0.0
A_f0.9_move__baldwinian__s8,A_f0.9_move__baldwinian,A_f0.9_move,A,baldwinian,8,550,train,50,1.82,22,22,96.03963810570963,0.8541666666666666,0.5,adaptive_move,0.53125,0.10645917109447474,0.19035127737226287,385.0,21.0,29.0,535.0,61.0,1.0,0.0,0.0,45.0,1.0,4.0,34.0,11.0,0.0,0.0,0.0,0.0,0.0,4.0,34.0,0.0,0.0,0.0,0.0
A_f0.9_move__baldwinian__s8,A_f0.9_move__baldwinian,A_f0.9_move,A,baldwinian,8,600,train,50,1.98,17,17,74.00539201457767,0.9166666666666666,0.5,adaptive_move,0.525,0.08083714059339327,0.1422532894736841,379.0,25.0,38.0,475.0,66.0,1.0,0.0,0.0,50.0,3.0,8.0,28.0,13.0,0.0,0.0,0.0,0.0,0.0,8.0,28.0,0.0,0.0,0.0,0.0
A_f0.9_move__baldwinian__s8,A_f0.9_move__baldwinian,A_f0.9_move,A,baldwinian,8,650,train,50,2.0,26,26,86.76873030527732,0.8333333333333334,0.5,adaptive_move,0.51875,0.07418379292088655,0.15811863867684472,433.0,19.0,22.0,433.0,82.0,2.0,0.0,0.0,40.0,2.0,3.0,36.0,12.0,0.0,0.0,0.0,0.0,0.0,3.0,36.0,0.0,0.0,0.0,0.0
A_f0.9_move__baldwinian__s8,A_f0.9_move__baldwinian,A_f0.9_move,A,baldwinian,8,700,train,50,2.02,16,16,61.75843163591305,0.8958333333333334,0.5,adaptive_move,0.5,0.07624357599676185,0.14279035433070852,433.0,32.0,22.0,394.0,42.0,1.0,0.0,0.0,52.0,6.0,2.0,40.0,9.0,0.0,0.0,0.0,0.0,0.0,2.0,40.0,0.0,0.0,0.0,0.0
A_f0.9_move__baldwinian__s8,A_f0.9_move__baldwinian,A_f0.9_move,A,baldwinian,8,750,train,50,2.08,11,11,77.0481644249194,0.875,0.5,adaptive_move,0.5625,0.11583954642821478,0.1854706790123457,395.0,13.0,19.0,346.0,56.0,3.0,0.0,0.0,47.0,3.0,6.0,20.0,10.0,0.0,0.0,0.0,0.0,0.0,6.0,20.0,0.0,0.0,0.0,0.0
A_f0.9_move__baldwinian__s8,A_f0.9_move__baldwinian,A_f0.9_move,A,baldwinian,8,800,train,50,2.32,20,20,89.30489225522197,0.8125,0.5,adaptive_move,0.5375,0.08417548283576606,0.15806089743589724,355.0,11.0,21.0,525.0,84.0,8.0,0.0,0.0,51.0,1.0,5.0,25.0,14.0,1.0,0.0,0.0,0.0,0.0,5.0,25.0,0.0,0.0,0.0,0.0
A_f0.9_move__baldwinian__s8,A_f0.9_move__baldwinian,A_f0.9_move,A,baldwinian,8,850,train,50,2.56,27,27,74.15106848597777,0.9166666666666666,0.5,adaptive_move,0.5875,0.11744459392251218,0.20626481042654032,343.0,18.0,25.0,382.0,50.0,3.0,0.0,0.0,42.0,3.0,1.0,41.0,9.0,0.0,0.0,0.0,0.0,0.0,1.0,41.0,0.0,0.0,0.0,0.0
A_f0.9_move__baldwinian__s8,A_f0.9_move__baldwinian,A_f0.9_move,A,baldwinian,8,900,train,50,2.58,16,16,63.11912868754348,0.8541666666666666,0.5,adaptive_move,0.54375,0.14044280342967863,0.20807416267942558,412.0,27.0,20.0,420.0,84.0,3.0,0.0,0.0,54.0,3.0,2.0,25.0,14.0,0.0,0.0,0.0,0.0,0.0,2.0,25.0,0.0,0.0,0.0,0.0
A_f0.9_move__baldwinian__s8,A_f0.9_move__baldwinian,A_f0.9_move,A,baldwinian,8,950,train,50,2.62,15,15,59.09414816585752,0.8958333333333334,0.5,adaptive_move,0.55625,0.09448227432142643,0.1753662718204485,289.0,10.0,14.0,432.0,49.0,3.0,0.0,0.0,65.0,0.0,3.0,30.0,11.0,2.0,0.0,0.0,0.0,0.0,3.0,30.0,0.0,0.0,0.0,0.0
A_f0.9_move__baldwinian__s8,A_f0.9_move__baldwinian,A_f0.9_move,A,baldwinian,8,1000,train,50,2.84,21,21,70.46432843908069,0.875,0.5,adaptive_move,0.56875,0.0980129092635352,0.18246613300492598,333.0,13.0,35.0,440.0,100.0,2.0,0.0,0.0,44.0,0.0,10.0,29.0,15.0,0.0,0.0,0.0,0.0,0.0,10.0,29.0,0.0,0.0,0.0,0.0
A_f0.9_move__baldwinian__s8,A_f0.9_move__baldwinian,A_f0.9_move,A,baldwinian,8,1050,train,50,2.9,21,21,102.31210823878826,0.7291666666666666,0.5,adaptive_move,0.5125,0.1215348603554759,0.20622037914691949,363.0,15.0,27.0,516.0,99.0,6.0,0.0,0.0,40.0,2.0,8.0,29.0,15.0,0.0,0.0,0.0,0.0,0.0,8.0,29.0,0.0,0.0,0.0,0.0
A_f0.9_move__baldwinian__s8,A_f0.9_move__baldwinian,A_f0.9_move,A,baldwinian,8,1100,train,50,2.94,17,17,63.18727760768053,0.8958333333333334,0.5,adaptive_move,0.50625,0.07796480468849691,0.14543520942408383,372.0,24.0,36.0,521.0,80.0,4.0,0.0,0.0,62.0,0.0,8.0,34.0,11.0,0.0,0.0,0.0,0.0,0.0,8.0,34.0,0.0,0.0,0.0,0.0
A_f0.9_move__baldwinian__s8,A_f0.9_move__baldwinian,A_f0.9_move,A,baldwinian,8,1150,train,50,3.4,26,26,115.35186207733238,0.7708333333333334,0.5,adaptive_move,0.5625,0.07760536056571678,0.16308396464646457,251.0,15.0,11.0,421.0,45.0,4.0,0.0,0.0,43.0,1.0,2.0,34.0,9.0,0.0,0.0,0.0,0.0,0.0,2.0,34.0,0.0,0.0,0.0,0.0
A_f0.9_move__baldwinian__s8,A_f0.9_move__baldwinian,A_f0.9_move,A,baldwinian,8,1200,train,50,3.58,25,25,62.050799080498265,0.9166666666666666,0.5,adaptive_move,0.5125,0.10617159295162892,0.1882774390243902,385.0,17.0,36.0,482.0,96.0,7.0,0.0,0.0,55.0,1.0,9.0,47.0,14.0,2.0,0.0,0.0,0.0,0.0,9.0,47.0,0.0,0.0,0.0,0.0
A_f0.9_move__baldwinian__s8,A_f0.9_move__baldwinian,A_f0.9_move,A,baldwinian,8,1250,train,50,3.74,22,22,67.65399892736868,0.875,0.5,adaptive_move,0.54375,0.12130916381353145,0.19310055012224914,331.0,19.0,16.0,302.0,120.0,8.0,0.0,0.0,49.0,5.0,2.0,28.0,11.0,0.0,0.0,0.0,0.0,0.0,2.0,28.0,0.0,0.0,0.0,0.0
A_f0.9_move__baldwinian__s8,A_f0.9_move__baldwinian,A_f0.9_move,A,baldwinian,8,1300,train,50,3.74,17,17,111.69721169737107,0.7708333333333334,0.5,adaptive_move,0.5125,0.0647474450877856,0.14033049738219905,419.0,20.0,19.0,378.0,112.0,9.0,0.0,0.0,43.0,0.0,1.0,32.0,10.0,0.0,0.0,0.0,0.0,0.0,1.0,32.0,0.0,0.0,0.0,0.0
A_f0.9_move__baldwinian__s8,A_f0.9_move__baldwinian,A_f0.9_move,A,baldwinian,8,1350,train,50,3.96,17,17,67.15628233614325,0.875,0.5,adaptive_move,0.525,0.08639143868737864,0.16672979797979814,394.0,27.0,22.0,434.0,94.0,1.0,0.0,0.0,67.0,2.0,4.0,25.0,13.0,0.0,0.0,0.0,0.0,0.0,4.0,25.0,0.0,0.0,0.0,0.0
A_f0.9_move__baldwinian__s8,A_f0.9_move__baldwinian,A_f0.9_move,A,baldwinian,8,1400,train,50,3.9,15,15,60.84950764217203,0.8958333333333334,0.5,adaptive_move,0.575,0.12470002605003663,0.20586309523809532,412.0,30.0,21.0,431.0,48.0,0.0,0.0,0.0,61.0,2.0,6.0,26.0,12.0,0.0,0.0,0.0,0.0,0.0,6.0,26.0,0.0,0.0,0.0,0.0
A_f0.9_move__baldwinian__s8,A_f0.9_move__baldwinian,A_f0.9_move,A,baldwinian,8,1450,train,50,4.0,20,20,86.04427937023331,0.8333333333333334,0.5,adaptive_move,0.525,0.08948011461897482,0.17324657107231922,320.0,16.0,22.0,427.0,56.0,3.0,0.0,0.0,41.0,3.0,2.0,33.0,14.0,0.0,0.0,0.0,0.0,0.0,2.0,33.0,0.0,0.0,0.0,0.0
A_f0.9_move__baldwinian__s8,A_f0.9_move__baldwinian,A_f0.9_move,A,baldwinian,8,1500,train,50,4.06,15,15,64.15074624444799,0.8958333333333334,0.5,adaptive_move,0.5,0.07249280822312107,0.14868847150259068,354.0,22.0,16.0,418.0,96.0,4.0,0.0,0.0,64.0,1.0,2.0,28.0,14.0,1.0,0.0,0.0,0.0,0.0,2.0,28.0,0.0,0.0,0.0,0.0
A_f0.9_move__baldwinian__s8,A_f0.9_move__baldwinian,A_f0.9_move,A,baldwinian,8,1550,eval,50,4.16,18,18,169.96267912526858,0.6458333333333334,0.5,adaptive_move,0.45,0.0,0.0,268.0,8.0,22.0,419.0,57.0,3.0,7.0,75.0,35.0,1.0,2.0,25.0,4.0,1.0,1.0,8.0,0.0,0.0,2.0,25.0,0.0,0.0,1.0,8.0
A_f0.9_move__baldwinian__s8,A_f0.9_move__baldwinian,A_f0.9_move,A,baldwinian,8,1600,eval,50,4.58,18,18,109.86359184659553,0.75,0.5,adaptive_move,0.505,0.0,0.0,366.0,15.0,32.0,680.0,107.0,4.0,4.0,87.0,38.0,0.0,4.0,31.0,6.0,0.0,1.0,7.0,0.0,0.0,4.0,31.0,0.0,0.0,1.0,7.0
A_f0.9_move__baldwinian__s8,A_f0.9_move__baldwinian,A_f0.9_move,A,baldwinian,8,1650,eval,50,4.8,14,14,157.2653008221672,0.5625,0.5,adaptive_move,0.495,0.0,0.0,609.0,32.0,24.0,475.0,103.0,4.0,8.0,114.0,31.0,2.0,2.0,30.0,7.0,0.0,0.0,5.0,0.0,0.0,2.0,30.0,0.0,0.0,0.0,5.0
A_f0.9_move__baldwinian__s8,A_f0.9_move__baldwinian,A_f0.9_move,A,baldwinian,8,1700,eval,50,4.82,5,5,166.8004468646994,0.5833333333333334,0.5,adaptive_move,0.495,0.0,0.0,667.0,50.0,31.0,546.0,79.0,2.0,5.0,68.0,44.0,3.0,2.0,23.0,8.0,0.0,1.0,4.0,0.0,0.0,2.0,23.0,0.0,0.0,1.0,4.0
A_f0.9_move__baldwinian__s8,A_f0.9_move__baldwinian,A_f0.9_move,A,baldwinian,8,1750,eval,50,4.68,10,10,182.3259700486452,0.5625,0.5,adaptive_move,0.495,0.0,0.0,631.0,30.0,32.0,505.0,106.0,5.0,1.0,58.0,43.0,1.0,4.0,27.0,9.0,0.0,0.0,3.0,0.0,0.0,4.0,27.0,0.0,0.0,0.0,3.0
A_f0.9_move__baldwinian__s8,A_f0.9_move__baldwinian,A_f0.9_move,A,baldwinian,8,1800,eval,50,4.78,12,12,141.76247389966804,0.5833333333333334,0.5,adaptive_move,0.575,0.0,0.0,530.0,40.0,30.0,716.0,60.0,3.0,5.0,137.0,30.0,2.0,2.0,37.0,6.0,0.0,2.0,9.0,0.0,0.0,2.0,37.0,0.0,0.0,2.0,9.0
A_f0.9_move__baldwinian__s9,A_f0.9_move__baldwinian,A_f0.9_move,A,baldwinian,9,50,train,50,0.78,30,0,91.98651751341112,0.8333333333333334,0.5,adaptive_move,0.49375,0.05948579676812457,0.11134958791208782,209.0,14.0,10.0,190.0,48.0,2.0,0.0,0.0,56.0,2.0,2.0,27.0,15.0,2.0,0.0,0.0,0.0,0.0,2.0,27.0,0.0,0.0,0.0,0.0
A_f0.9_move__baldwinian__s9,A_f0.9_move__baldwinian,A_f0.9_move,A,baldwinian,9,100,train,42,0.7380952380952381,10,18,81.20628380289455,0.875,0.5,adaptive_move,0.5125,0.08964224986995174,0.1524918831168829,273.0,18.0,24.0,406.0,61.0,2.0,0.0,0.0,33.0,2.0,6.0,50.0,18.0,1.0,0.0,0.0,0.0,0.0,6.0,50.0,0.0,0.0,0.0,0.0
A_f0.9_move__baldwinian__s9,A_f0.9_move__baldwinian,A_f0.9_move,A,baldwinian,9,150,train,46,0.8913043478260869,16,12,115.84091845199157,0.7916666666666666,0.5,adaptive_move,0.525,0.06828646227365823,0.1388651315789471,363.0,26.0,22.0,434.0,93.0,6.0,0.0,0.0,48.0,1.0,2.0,31.0,19.0,0.0,0.0,0.0,0.0,0.0,2.0,31.0,0.0,0.0,0.0,0.0
A_f0.9_move__baldwinian__s9,A_f0.9_move__baldwinian,A_f0.9_move,A,baldwinian,9,200,train,50,1.06,23,19,128.4471592986424,0.7083333333333334,0.5,adaptive_move,0.55625,0.09788297960365297,0.16665609137055792,366.0,21.0,29.0,500.0,96.0,4.0,0.0,0.0,45.0,3.0,7.0,35.0,25.0,0.0,0.0,0.0,0.0,0.0,7.0,35.0,0.0,0.0,0.0,0.0
A_f0.9_move__baldwinian__s9,A_f0.9_move__baldwinian,A_f0.9_move,A,baldwinian,9,250,train,50,1.06,17,17,62.032133302736824,0.8541666666666666,0.5,adaptive_move,0.53125,0.08255896759880421,0.1561455655526991,343.0,22.0,17.0,421.0,79.0,2.0,0.0,0.0,54.0,3.0,6.0,40.0,17.0,0.0,0.0,0.0,0.0,0.0,6.0,40.0,0.0,0.0,0.0,0.0
A_f0.9_move__baldwinian__s9,A_f0.9_move__baldwinian,A_f0.9_move,A,baldwinian,9,300,train,50,1.06,16,16,121.8297477148263,0.6458333333333334,0.5,adaptive_move,0.51875,0.07600599300030342,0.15223904639175245,382.0,20.0,32.0,431.0,108.0,8.0,0.0,0.0,24.0,1.0,9.0,30.0,22.0,1.0,0.0,0.0,0.0,0.0,9.0,30.0,0.0,0.0,0.0,0.0
A_f0.9_move__baldwinian__s9,A_f0.9_move__baldwinian,A_f0.9_move,A,baldwinian,9,350,train,50,1.02,14,14,113.9926367330752,0.6875,0.5,adaptive_move,0.55625,0.04781180267186088,0.11712837837837853,395.0,28.0,38.0,666.0,135.0,6.0,0.0,0.0,30.0,5.0,2.0,43.0,22.0,1.0,0.0,0.0,0.0,0.0,2.0,43.0,0.0,0.0,0.0,0.0
A_f0.9_move__baldwinian__s9,A_f0.9_move__baldwinian,A_f0.9_move,A,baldwinian,9,400,train,50,0.96,10,10,65.68277707819387,0.8333333333333334,0.5,adaptive_move,0.50625,0.06193843819885558,0.12408187331536391,470.0,20.0,27.0,533.0,132.0,4.0,0.0,0.0,51.0,1.0,3.0,34.0,25.0,1.0,0.0,0.0,0.0,0.0,3.0,34.0,0.0,0.0,0.0,0.0
A_f0.9_move__baldwinian__s9,A_f0.9_move__baldwinian,A_f0.9_move,A,baldwinian,9,450,train,50,0.96,19,19,53.097278711022994,0.9375,0.5,adaptive_move,0.54375,0.08745073181296449,0.15521907216494846,293.0,14.0,20.0,464.0,123.0,9.0,0.0,0.0,49.0,1.0,3.0,29.0,25.0,1.0,0.0,0.0,0.0,0.0,3.0,29.0,0.0,0.0,0.0,0.0
A_f0.9_move__baldwinian__s9,A_f0.9_move__baldwinian,A_f0.9_move,A,baldwinian,9,500,train,49,1.3061224489795917,14,15,121.27279098276446,0.75,0.5,adaptive_move,0.59375,0.10655248410261581,0.20411029411764692,189.0,8.0,13.0,358.0,100.0,8.0,0.0,0.0,39.0,1.0,3.0,18.0,15.0,2.0,0.0,0.0,0.0,0.0,3.0,18.0,0.0,0.0,0.0,0.0
A_f0.9_move__baldwinian__s9,A_f0.9_move__baldwinian,A_f0.9_move,A,baldwinian,9,550,train,50,1.8,25,24,80.12227178909413,0.875,0.5,adaptive_move,0.53125,0.09997227943858744,0.1858114303178482,293.0,16.0,15.0,306.0,159.0,10.0,0.0,0.0,52.0,0.0,4.0,33.0,23.0,0.0,0.0,0.0,0.0,0.0,4.0,33.0,0.0,0.0,0.0,0.0
A_f0.9_move__baldwinian__s9,A_f0.9_move__baldwinian,A_f0.9_move,A,baldwinian,9,600,train,50,1.7,17,17,70.95534162332264,0.8333333333333334,0.5,adaptive_move,0.53125,0.07409455622658945,0.15597026854219953,290.0,23.0,14.0,330.0,90.0,6.0,0.0,0.0,49.0,1.0,5.0,30.0,21.0,1.0,0.0,0.0,0.0,0.0,5.0,30.0,0.0,0.0,0.0,0.0
A_f0.9_move__baldwinian__s9,A_f0.9_move__baldwinian,A_f0.9_move,A,baldwinian,9,650,train,50,1.76,11,11,94.42003038864453,0.7916666666666666,0.5,adaptive_move,0.5,0.0882353147700597,0.16429251269035494,401.0,18.0,28.0,461.0,97.0,2.0,0.0,0.0,57.0,1.0,2.0,26.0,19.0,0.0,0.0,0.0,0.0,0.0,2.0,26.0,0.0,0.0,0.0,0.0
A_f0.9_move__baldwinian__s9,A_f0.9_move__baldwinian,A_f0.9_move,A,baldwinian,9,700,train,50,2.12,26,26,55.21946760279505,0.9375,0.5,adaptive_move,0.5375,0.08834706208828408,0.15344883419689137,364.0,17.0,20.0,354.0,127.0,9.0,0.0,0.0,45.0,4.0,8.0,26.0,21.0,3.0,0.0,0.0,0.0,0.0,8.0,26.0,0.0,0.0,0.0,0.0
A_f0.9_move__baldwinian__s9,A_f0.9_move__baldwinian,A_f0.9_move,A,baldwinian,9,750,train,50,2.1,10,10,62.75138635194547,0.9583333333333334,0.5,adaptive_move,0.5375,0.1024608170321873,0.17255195214105812,318.0,24.0,23.0,300.0,132.0,3.0,0.0,0.0,63.0,5.0,5.0,18.0,17.0,0.0,0.0,0.0,0.0,0.0,5.0,18.0,0.0,0.0,0.0,0.0
A_f0.9_move__baldwinian__s9,A_f0.9_move__baldwinian,A_f0.9_move,A,baldwinian,9,800,train,50,2.16,23,23,84.5941938051598,0.7916666666666666,0.5,adaptive_move,0.4875,0.0859972956160071,0.143832236842105,216.0,11.0,20.0,297.0,143.0,13.0,0.0,0.0,48.0,2.0,7.0,25.0,19.0,1.0,0.0,0.0,0.0,0.0,7.0,25.0,0.0,0.0,0.0,0.0
A_f0.9_move__baldwinian__s9,A_f0.9_move__baldwinian,A_f0.9_move,A,baldwinian,9,850,train,50,2.3,21,21,84.3432662354078,0.8125,0.5,adaptive_move,0.54375,0.08256614106978123,0.15205634715025895,354.0,21.0,20.0,452.0,124.0,5.0,0.0,0.0,43.0,1.0,3.0,36.0,20.0,2.0,0.0,0.0,0.0,0.0,3.0,36.0,0.0,0.0,0.0,0.0
A_f0.9_move__baldwinian__s9,A_f0.9_move__baldwinian,A_f0.9_move,A,baldwinian,9,900,train,50,2.58,23,23,57.594143357564135,0.9166666666666666,0.5,adaptive_move,0.53125,0.07454680720719814,0.14702148437499996,450.0,16.0,28.0,466.0,89.0,8.0,0.0,0.0,58.0,2.0,0.0,34.0,21.0,4.0,0.0,0.0,0.0,0.0,0.0,34.0,0.0,0.0,0.0,0.0
A_f0.9_move__baldwinian__s9,A_f0.9_move__baldwinian,A_f0.9_move,A,baldwinian,9,950,train,50,2.8,19,19,71.13847503650473,0.8333333333333334,0.5,adaptive_move,0.55625,0.10663797226516267,0.1863713144963144,415.0,23.0,26.0,549.0,79.0,8.0,0.0,0.0,46.0,1.0,3.0,38.0,22.0,1.0,0.0,0.0,0.0,0.0,3.0,38.0,0.0,0.0,0.0,0.0
A_f0.9_move__baldwinian__s9,A_f0.9_move__baldwinian,A_f0.9_move,A,baldwinian,9,1000,train,50,2.88,14,14,74.41946657411391,0.8333333333333334,0.5,adaptive_move,0.50625,0.11058025358585272,0.19753605769230753,356.0,14.0,31.0,409.0,89.0,4.0,0.0,0.0,49.0,1.0,8.0,28.0,18.0,0.0,0.0,0.0,0.0,0.0,8.0,28.0,0.0,0.0,0.0,0.0
A_f0.9_move__baldwinian__s9,A_f0.9_move__baldwinian,A_f0.9_move,A,baldwinian,9,1050,train,50,3.04,20,20,82.94219497421561,0.8125,0.5,adaptive_move,0.58125,0.08846979524536877,0.16336673027989823,310.0,18.0,33.0,462.0,96.0,5.0,0.0,0.0,62.0,2.0,2.0,30.0,9.0,1.0,0.0,0.0,0.0,0.0,2.0,30.0,0.0,0.0,0.0,0.0
A_f0.9_move__baldwinian__s9,A_f0.9_move__baldwinian,A_f0.9_move,A,baldwinian,9,1100,train,50,3.0,12,12,81.30521126544704,0.8541666666666666,0.5,adaptive_move,0.56875,0.08757217103684167,0.15499838501291974,345.0,14.0,13.0,396.0,118.0,5.0,0.0,0.0,42.0,0.0,2.0,40.0,23.0,1.0,0.0,0.0,0.0,0.0,2.0,40.0,0.0,0.0,0.0,0.0
A_f0.9_move__baldwinian__s9,A_f0.9_move__baldwinian,A_f0.9_move,A,baldwinian,9,1150,train,50,3.16,16,16,63.03740321364929,0.9375,0.5,adaptive_move,0.55,0.10446839492858419,0.20016291469194303,347.0,14.0,19.0,373.0,109.0,4.0,0.0,0.0,66.0,1.0,4.0,31.0,18.0,0.0,0.0,0.0,0.0,0.0,4.0,31.0,0.0,0.0,0.0,0.0
A_f0.9_move__baldwinian__s9,A_f0.9_move__baldwinian,A_f0.9_move,A,baldwinian,9,1200,train,50,3.46,19,19,104.3361322573548,0.7083333333333334,0.5,adaptive_move,0.5625,0.05261213710413848,0.10980425824175821,186.0,13.0,23.0,408.0,124.0,4.0,0.0,0.0,36.0,1.0,5.0,20.0,21.0,1.0,0.0,0.0,0.0,0.0,5.0,20.0,0.0,0.0,0.0,0.0
A_f0.9_move__baldwinian__s9,A_f0.9_move__baldwinian,A_f0.9_move,A,baldwinian,9,1250,train,50,3.6,16,16,93.45777879245325,0.75,0.5,adaptive_move,0.59375,0.08076499344823757,0.14822591145833308,302.0,12.0,36.0,549.0,51.0,3.0,0.0,0.0,38.0,2.0,8.0,37.0,10.0,0.0,0.0,0.0,0.0,0.0,8.0,37.0,0.0,0.0,0.0,0.0
A_f0.9_move__baldwinian__s9,A_f0.9_move__baldwinian,A_f0.9_move,A,baldwinian,9,1300,train,50,3.68,18,18,127.87961684750258,0.6875,0.5,adaptive_move,0.51875,0.08080552928951805,0.15170012953367884,392.0,20.0,19.0,524.0,180.0,10.0,0.0,0.0,38.0,1.0,3.0,24.0,18.0,1.0,0.0,0.0,0.0,0.0,3.0,24.0,0.0,0.0,0.0,0.0
A_f0.9_move__baldwinian__s9,A_f0.9_move__baldwinian,A_f0.9_move,A,baldwinian,9,1350,train,50,3.58,9,9,74.36442473363647,0.8541666666666666,0.5,adaptive_move,0.5125,0.06129573218182026,0.13519953825857534,413.0,15.0,18.0,427.0,57.0,6.0,0.0,0.0,47.0,1.0,2.0,30.0,15.0,2.0,0.0,0.0,0.0,0.0,2.0,30.0,0.0,0.0,0.0,0.0
A_f0.9_move__baldwinian__s9,A_f0.9_move__baldwinian,A_f0.9_move,A,baldwinian,9,1400,train,50,3.82,20,20,115.40372703711553,0.6875,0.5,adaptive_move,0.55,0.1149069584538367,0.2057845744680853,228.0,15.0,29.0,434.0,53.0,4.0,0.0,0.0,52.0,3.0,4.0,31.0,10.0,0.0,0.0,0.0,0.0,0.0,4.0,31.0,0.0,0.0,0.0,0.0
A_f0.9_move__baldwinian__s9,A_f0.9_move__baldwinian,A_f0.9_move,A,baldwinian,9,1450,train,50,4.04,18,18,107.18681696533255,0.75,0.5,adaptive_move,0.55625,0.09843750648085976,0.16564090330788805,239.0,8.0,29.0,467.0,106.0,5.0,0.0,0.0,47.0,2.0,5.0,30.0,26.0,0.0,0.0,0.0,0.0,0.0,5.0,30.0,0.0,0.0,0.0,0.0
A_f0.9_move__baldwinian__s9,A_f0.9_move__baldwinian,A_f0.9_move,A,baldwinian,9,1500,train,50,4.24,14,14,97.0106215025619,0.8541666666666666,0.5,adaptive_move,0.50625,0.07364315705739066,0.13254166666666656,309.0,22.0,22.0,505.0,158.0,18.0,0.0,0.0,47.0,0.0,3.0,34.0,24.0,0.0,0.0,0.0,0.0,0.0,3.0,34.0,0.0,0.0,0.0,0.0
A_f0.9_move__baldwinian__s9,A_f0.9_move__baldwinian,A_f0.9_move,A,baldwinian,9,1550,eval,50,4.5,21,21,138.27775107335574,0.7083333333333334,0.5,adaptive_move,0.5,0.0,0.0,428.0,26.0,14.0,303.0,33.0,1.0,4.0,80.0,54.0,1.0,3.0,18.0,4.0,0.0,2.0,5.0,0.0,0.0,3.0,18.0,0.0,0.0,2.0,5.0
A_f0.9_move__baldwinian__s9,A_f0.9_move__baldwinian,A_f0.9_move,A,baldwinian,9,1600,eval,50,4.58,9,9,153.1691322511753,0.625,0.5,adaptive_move,0.51,0.0,0.0,388.0,20.0,28.0,503.0,66.0,2.0,3.0,57.0,42.0,0.0,4.0,23.0,6.0,1.0,0.0,8.0,0.0,0.0,4.0,23.0,0.0,0.0,0.0,8.0
A_f0.9_move__baldwinian__s9,A_f0.9_move__baldwinian,A_f0.9_move,A,baldwinian,9,1650,eval,50,4.6,14,14,157.97874949112378,0.625,0.5,adaptive_move,0.49,0.0,0.0,540.0,36.0,19.0,580.0,28.0,2.0,2.0,65.0,37.0,0.0,5.0,39.0,4.0,0.0,1.0,6.0,0.0,0.0,5.0,39.0,0.0,0.0,1.0,6.0
A_f0.9_move__baldwinian__s9,A_f0.9_move__baldwinian,A_f0.9_move,A,baldwinian,9,1700,eval,50,4.62,13,13,197.93395931132255,0.4375,0.5,adaptive_move,0.515,0.0,0.0,421.0,22.0,27.0,460.0,32.0,5.0,4.0,55.0,30.0,1.0,3.0,15.0,5.0,0.0,2.0,3.0,0.0,0.0,3.0,15.0,0.0,0.0,2.0,3.0
A_f0.9_move__baldwinian__s9,A_f0.9_move__baldwinian,A_f0.9_move,A,baldwinian,9,1750,eval,50,4.78,16,16,132.02862808856324,0.7083333333333334,0.5,adaptive_move,0.53,0.0,0.0,429.0,26.0,23.0,490.0,101.0,8.0,5.0,148.0,46.0,1.0,3.0,32.0,16.0,0.0,2.0,5.0,0.0,0.0,3.0,32.0,0.0,0.0,2.0,5.0
A_f0.9_move__baldwinian__s9,A_f0.9_move__baldwinian,A_f0.9_move,A,baldwinian,9,1800,eval,50,4.86,15,15,171.75694413860253,0.5833333333333334,0.5,adaptive_move,0.46,0.0,0.0,336.0,16.0,18.0,364.0,79.0,10.0,4.0,37.0,30.0,3.0,5.0,22.0,5.0,2.0,0.0,6.0,0.0,0.0,5.0,22.0,0.0,0.0,0.0,6.0
A_f0.9_move__baldwinian__s10,A_f0.9_move__baldwinian,A_f0.9_move,A,baldwinian,10,50,train,48,0.7916666666666666,32,4,113.54080892129035,0.75,0.5,adaptive_move,0.5,0.09264851198384697,0.1400613395225463,179.0,7.0,14.0,210.0,80.0,5.0,0.0,0.0,36.0,2.0,3.0,37.0,18.0,2.0,0.0,0.0,0.0,0.0,3.0,37.0,0.0,0.0,0.0,0.0
A_f0.9_move__baldwinian__s10,A_f0.9_move__baldwinian,A_f0.9_move,A,baldwinian,10,100,train,50,0.9,12,10,87.8914031016192,0.8333333333333334,0.5,adaptive_move,0.5125,0.07400620000293162,0.15153028350515463,337.0,9.0,15.0,345.0,89.0,7.0,0.0,0.0,51.0,1.0,3.0,34.0,10.0,0.0,0.0,0.0,0.0,0.0,3.0,34.0,0.0,0.0,0.0,0.0
A_f0.9_move__baldwinian__s10,A_f0.9_move__baldwinian,A_f0.9_move,A,baldwinian,10,150,train,47,1.0638297872340425,17,20,114.8818283099699,0.7708333333333334,0.5,adaptive_move,0.5625,0.07344982967777203,0.13771494708994703,236.0,17.0,17.0,375.0,150.0,13.0,0.0,0.0,36.0,1.0,3.0,45.0,18.0,2.0,0.0,0.0,0.0,0.0,3.0,45.0,0.0,0.0,0.0,0.0
A_f0.9_move__baldwinian__s10,A_f0.9_move__baldwinian,A_f0.9_move,A,baldwinian,10,200,train,47,1.127659574468085,17,17,65.21761933883138,0.875,0.5,adaptive_move,0.525,0.06250055298990802,0.1309009308510638,389.0,20.0,27.0,418.0,94.0,4.0,0.0,0.0,62.0,1.0,3.0,37.0,20.0,1.0,0.0,0.0,0.0,0.0,3.0,37.0,0.0,0.0,0.0,0.0
A_f0.9_move__baldwinian__s10,A_f0.9_move__baldwinian,A_f0.9_move,A,baldwinian,10,250,train,49,1.2040816326530612,13,11,102.18102230983983,0.8125,0.5,adaptive_move,0.525,0.08840480243278184,0.17135937499999998,341.0,17.0,16.0,358.0,155.0,9.0,0.0,0.0,40.0,1.0,3.0,27.0,26.0,0.0,0.0,0.0,0.0,0.0,3.0,27.0,0.0,0.0,0.0,0.0
A_f0.9_move__baldwinian__s10,A_f0.9_move__baldwinian,A_f0.9_move,A,baldwinian,10,300,train,50,1.48,18,17,88.40379064942458,0.7708333333333334,0.5,adaptive_move,0.55,0.08738832719483512,0.14904536553524794,389.0,13.0,23.0,354.0,161.0,12.0,0.0,0.0,55.0,1.0,5.0,36.0,18.0,0.0,0.0,0.0,0.0,0.0,5.0,36.0,0.0,0.0,0.0,0.0
A_f0.9_move__baldwinian__s10,A_f0.9_move__baldwinian,A_f0.9_move,A,baldwinian,10,350,train,50,1.38,18,18,90.89553994726174,0.7916666666666666,0.5,adaptive_move,0.525,0.06239589966794644,0.10653566481994425,284.0,18.0,22.0,539.0,96.0,0.0,0.0,0.0,36.0,0.0,4.0,40.0,14.0,0.0,0.0,0.0,0.0,0.0,4.0,40.0,0.0,0.0,0.0,0.0
A_f0.9_move__baldwinian__s10,A_f0.9_move__baldwinian,A_f0.9_move,A,baldwinian,10,400,train,50,1.5,14,14,72.63151258610844,0.8333333333333334,0.5,adaptive_move,0.51875,0.08956581271693649,0.1617825255102041,399.0,18.0,19.0,519.0,68.0,5.0,0.0,0.0,40.0,1.0,2.0,39.0,25.0,0.0,0.0,0.0,0.0,0.0,2.0,39.0,0.0,0.0,0.0,0.0
A_f0.9_move__baldwinian__s10,A_f0.9_move__baldwinian,A_f0.9_move,A,baldwinian,10,450,train,50,1.2,14,14,101.03358202110539,0.7916666666666666,0.5,adaptive_move,0.54375,0.06955848610232407,0.14046095800524938,465.0,26.0,20.0,481.0,79.0,0.0,0.0,0.0,37.0,5.0,2.0,34.0,18.0,0.0,0.0,0.0,0.0,0.0,2.0,34.0,0.0,0.0,0.0,0.0
A_f0.9_move__baldwinian__s10,A_f0.9_move__baldwinian,A_f0.9_move,A,baldwinian,10,500,train,48,1.5625,23,25,89.89604901139509,0.7708333333333334,0.5,adaptive_move,0.56875,0.10578243847631941,0.16908312182741114,507.0,25.0,15.0,520.0,61.0,7.0,0.0,0.0,34.0,3.0,2.0,31.0,27.0,2.0,0.0,0.0,0.0,0.0,2.0,31.0,0.0,0.0,0.0,0.0
A_f0.9_move__baldwinian__s10,A_f0.9_move__baldwinian,A_f0.9_move,A,baldwinian,10,550,train,50,1.98,25,23,105.33780152910668,0.8125,0.5,adaptive_move,0.5625,0.09242948209149598,0.1752953980099503,319.0,15.0,18.0,501.0,76.0,1.0,0.0,0.0,33.0,2.0,3.0,42.0,23.0,0.0,0.0,0.0,0.0,0.0,3.0,42.0,0.0,0.0,0.0,0.0
A_f0.9_move__baldwinian__s10,A_f0.9_move__baldwinian,A_f0.9_move,A,baldwinian,10,600,train,50,2.2,14,14,106.77134715766732,0.7708333333333334,0.5,adaptive_move,0.56875,0.0551461873179558,0.11391734972677581,319.0,17.0,27.0,517.0,60.0,5.0,0.0,0.0,44.0,4.0,4.0,31.0,20.0,1.0,0.0,0.0,0.0,0.0,4.0,31.0,0.0,0.0,0.0,0.0
A_f0.9_move__baldwinian__s10,A_f0.9_move__baldwinian,A_f0.9_move,A,baldwinian,10,650,train,50,2.3,11,11,74.71999251718046,0.8958333333333334,0.5,adaptive_move,0.55625,0.07284047184367463,0.12649090296495968,384.0,32.0,34.0,383.0,89.0,3.0,0.0,0.0,59.0,5.0,6.0,27.0,18.0,0.0,0.0,0.0,0.0,0.0,6.0,27.0,0.0,0.0,0.0,0.0
A_f0.9_move__baldwinian__s10,A_f0.9_move__baldwinian,A_f0.9_move,A,baldwinian,10,700,train,50,2.2,16,16,64.23908926908575,0.8958333333333334,0.5,adaptive_move,0.56875,0.06888344757536283,0.13639219576719563,421.0,13.0,19.0,369.0,130.0,6.0,0.0,0.0,44.0,1.0,3.0,30.0,22.0,0.0,0.0,0.0,0.0,0.0,3.0,30.0,0.0,0.0,0.0,0.0
A_f0.9_move__baldwinian__s10,A_f0.9_move__baldwinian,A_f0.9_move,A,baldwinian,10,750,train,50,2.44,14,14,82.71051599492426,0.875,0.5,adaptive_move,0.54375,0.09851105313558998,0.17261306532663312,509.0,32.0,35.0,408.0,71.0,6.0,0.0,0.0,45.0,2.0,8.0,19.0,22.0,2.0,0.0,0.0,0.0,0.0,8.0,19.0,0.0,0.0,0.0,0.0
A_f0.9_move__baldwinian__s10,A_f0.9_move__baldwinian,A_f0.9_move,A,baldwinian,10,800,train,50,2.48,14,14,114.86788013798619,0.7708333333333334,0.5,adaptive_move,0.5125,0.08708220802013578,0.15918269230769222,511.0,26.0,20.0,412.0,60.0,3.0,0.0,0.0,38.0,1.0,5.0,34.0,18.0,2.0,0.0,0.0,0.0,0.0,5.0,34.0,0.0,0.0,0.0,0.0
A_f0.9_move__baldwinian__s10,A_f0.9_move__baldwinian,A_f0.9_move,A,baldwinian,10,850,train,50,2.34,14,14,75.33213433240206,0.8333333333333334,0.5,adaptive_move,0.58125,0.10267735848941087,0.17491384711779445,468.0,20.0,28.0,542.0,100.0,3.0,0.0,0.0,46.0,1.0,4.0,33.0,22.0,2.0,0.0,0.0,0.0,0.0,4.0,33.0,0.0,0.0,0.0,0.0
A_f0.9_move__baldwinian__s10,A_f0.9_move__baldwinian,A_f0.9_move,A,baldwinian,10,900,train,50,2.38,12,12,85.88323809319326,0.8333333333333334,0.5,adaptive_move,0.575,0.09713504786152412,0.17681902985074638,442.0,28.0,35.0,581.0,108.0,7.0,0.0,0.0,42.0,1.0,8.0,30.0,18.0,1.0,0.0,0.0,0.0,0.0,8.0,30.0,0.0,0.0,0.0,0.0
A_f0.9_move__baldwinian__s10,A_f0.9_move__baldwinian,A_f0.9_move,A,baldwinian,10,950,train,50,2.36,11,11,83.0226160694921,0.8541666666666666,0.5,adaptive_move,0.58125,0.06259642531549996,0.13677631578947347,504.0,25.0,13.0,453.0,147.0,8.0,0.0,0.0,56.0,0.0,1.0,25.0,22.0,0.0,0.0,0.0,0.0,0.0,1.0,25.0,0.0,0.0,0.0,0.0
A_f0.9_move__baldwinian__s10,A_f0.9_move__baldwinian,A_f0.9_move,A,baldwinian,10,1000,train,50,2.62,15,15,84.78602342834702,0.8125,0.5,adaptive_move,0.53125,0.08144461271642275,0.14780515665796345,539.0,32.0,29.0,455.0,161.0,12.0,0.0,0.0,64.0,1.0,3.0,27.0,18.0,1.0,0.0,0.0,0.0,0.0,3.0,27.0,0.0,0.0,0.0,0.0
A_f0.9_move__baldwinian__s10,A_f0.9_move__baldwinian,A_f0.9_move,A,baldwinian,10,1050,train,50,2.92,18,18,87.89773752515194,0.8333333333333334,0.5,adaptive_move,0.54375,0.0660034064262855,0.13266289893617,281.0,11.0,16.0,417.0,99.0,6.0,0.0,0.0,44.0,1.0,8.0,28.0,23.0,0.0,0.0,0.0,0.0,0.0,8.0,28.0,0.0,0.0,0.0,0.0
A_f0.9_move__baldwinian__s10,A_f0.9_move__baldwinian,A_f0.9_move,A,baldwinian,10,1100,train,50,3.0,14,14,126.0561887234492,0.7083333333333334,0.5,adaptive_move,0.53125,0.07042064649409308,0.12696572580645138,326.0,20.0,16.0,188.0,66.0,3.0,0.0,0.0,49.0,1.0,6.0,23.0,18.0,0.0,0.0,0.0,0.0,0.0,6.0,23.0,0.0,0.0,0.0,0.0
A_f0.9_move__baldwinian__s10,A_f0.9_move__baldwinian,A_f0.9_move,A,baldwinian,10,1150,train,50,3.28,21,21,104.29548929669241,0.7291666666666666,0.5,adaptive_move,0.525,0.08163185748150287,0.14169689973614785,357.0,26.0,13.0,320.0,80.0,5.0,0.0,0.0,39.0,3.0,1.0,26.0,21.0,0.0,0.0,0.0,0.0,0.0,1.0,26.0,0.0,0.0,0.0,0.0
A_f0.9_move__baldwinian__s10,A_f0.9_move__baldwinian,A_f0.9_move,A,baldwinian,10,1200,train,50,3.42,14,14,95.09733459621393,0.7916666666666666,0.5,adaptive_move,0.575,0.1238638223490798,0.18621596534653473,380.0,14.0,21.0,476.0,80.0,6.0,0.0,0.0,56.0,1.0,4.0,29.0,19.0,3.0,0.0,0.0,0.0,0.0,4.0,29.0,0.0,0.0,0.0,0.0
A_f0.9_move__baldwinian__s10,A_f0.9_move__baldwinian,A_f0.9_move,A,baldwinian,10,1250,train,50,3.94,24,24,80.70653557227104,0.8541666666666666,0.5,adaptive_move,0.55,0.11916180872152432,0.20352774463007162,277.0,13.0,20.0,392.0,70.0,0.0,0.0,0.0,45.0,2.0,0.0,38.0,31.0,0.0,0.0,0.0,0.0,0.0,0.0,38.0,0.0,0.0,0.0,0.0
A_f0.9_move__baldwinian__s10,A_f0.9_move__baldwinian,A_f0.9_move,A,baldwinian,10,1300,train,50,3.78,17,17,149.3658484501205,0.5625,0.5,adaptive_move,0.5625,0.1446044130514197,0.20410628019323696,258.0,11.0,22.0,442.0,96.0,3.0,0.0,0.0,31.0,2.0,4.0,22.0,21.0,0.0,0.0,0.0,0.0,0.0,4.0,22.0,0.0,0.0,0.0,0.0
A_f0.9_move__baldwinian__s10,A_f0.9_move__baldwinian,A_f0.9_move,A,baldwinian,10,1350,train,50,3.54,18,18,103.3582323656446,0.7291666666666666,0.5,adaptive_move,0.6125,0.08322321192342053,0.17677364864864864,319.0,18.0,34.0,454.0,116.0,9.0,0.0,0.0,46.0,1.0,7.0,34.0,22.0,1.0,0.0,0.0,0.0,0.0,7.0,34.0,0.0,0.0,0.0,0.0
A_f0.9_move__baldwinian__s10,A_f0.9_move__baldwinian,A_f0.9_move,A,baldwinian,10,1400,train,50,3.52,16,16,58.18629477030643,0.8541666666666666,0.5,adaptive_move,0.49375,0.0765958961885519,0.15488782051282035,321.0,20.0,30.0,424.0,149.0,6.0,0.0,0.0,57.0,1.0,5.0,31.0,23.0,1.0,0.0,0.0,0.0,0.0,5.0,31.0,0.0,0.0,0.0,0.0
A_f0.9_move__baldwinian__s10,A_f0.9_move__baldwinian,A_f0.9_move,A,baldwinian,10,1450,train,50,3.62,14,14,72.29429611831009,0.8958333333333334,0.5,adaptive_move,0.53125,0.09243507528135139,0.17371415211970032,410.0,22.0,23.0,464.0,144.0,8.0,0.0,0.0,55.0,1.0,3.0,24.0,22.0,1.0,0.0,0.0,0.0,0.0,3.0,24.0,0.0,0.0,0.0,0.0
A_f0.9_move__baldwinian__s10,A_f0.9_move__baldwinian,A_f0.9_move,A,baldwinian,10,1500,train,50,3.82,15,15,117.53939230813727,0.7291666666666666,0.5,adaptive_move,0.51875,0.08451794543651199,0.16023596938775486,327.0,22.0,27.0,439.0,138.0,5.0,0.0,0.0,33.0,3.0,2.0,30.0,17.0,1.0,0.0,0.0,0.0,0.0,2.0,30.0,0.0,0.0,0.0,0.0
A_f0.9_move__baldwinian__s10,A_f0.9_move__baldwinian,A_f0.9_move,A,baldwinian,10,1550,eval,50,4.18,21,21,124.29045066076671,0.75,0.5,adaptive_move,0.515,0.0,0.0,431.0,26.0,23.0,497.0,17.0,2.0,1.0,57.0,45.0,1.0,8.0,30.0,4.0,0.0,1.0,5.0,0.0,0.0,8.0,30.0,0.0,0.0,1.0,5.0
A_f0.9_move__baldwinian__s10,A_f0.9_move__baldwinian,A_f0.9_move,A,baldwinian,10,1600,eval,50,4.24,13,13,155.75419624502064,0.6458333333333334,0.5,adaptive_move,0.485,0.0,0.0,320.0,24.0,15.0,388.0,58.0,3.0,5.0,56.0,33.0,1.0,4.0,15.0,22.0,0.0,2.0,4.0,0.0,0.0,4.0,15.0,0.0,0.0,2.0,4.0
A_f0.9_move__baldwinian__s10,A_f0.9_move__baldwinian,A_f0.9_move,A,baldwinian,10,1650,eval,50,4.36,18,18,141.8536163390661,0.75,0.5,adaptive_move,0.53,0.0,0.0,392.0,19.0,10.0,253.0,85.0,3.0,1.0,18.0,44.0,0.0,2.0,17.0,7.0,0.0,0.0,0.0,0.0,0.0,2.0,17.0,0.0,0.0,0.0,0.0
A_f0.9_move__baldwinian__s10,A_f0.9_move__baldwinian,A_f0.9_move,A,baldwinian,10,1700,eval,50,4.6,14,14,164.72052200093572,0.6458333333333334,0.5,adaptive_move,0.53,0.0,0.0,385.0,19.0,13.0,226.0,42.0,2.0,4.0,164.0,31.0,0.0,3.0,19.0,10.0,0.0,0.0,8.0,0.0,0.0,3.0,19.0,0.0,0.0,0.0,8.0
A_f0.9_move__baldwinian__s10,A_f0.9_move__baldwinian,A_f0.9_move,A,baldwinian,10,1750,eval,50,4.52,10,10,188.35535941446813,0.5208333333333334,0.5,adaptive_move,0.48,0.0,0.0,295.0,20.0,9.0,332.0,100.0,6.0,2.0,92.0,42.0,1.0,2.0,23.0,3.0,0.0,1.0,4.0,0.0,0.0,2.0,23.0,0.0,0.0,1.0,4.0
A_f0.9_move__baldwinian__s10,A_f0.9_move__baldwinian,A_f0.9_move,A,baldwinian,10,1800,eval,50,4.54,17,17,151.70350108224545,0.7083333333333334,0.5,adaptive_move,0.49,0.0,0.0,433.0,22.0,19.0,431.0,79.0,3.0,3.0,108.0,37.0,4.0,2.0,32.0,4.0,1.0,1.0,5.0,0.0,0.0,2.0,32.0,0.0,0.0,1.0,5.0
A_f0.9_move__baldwinian__s11,A_f0.9_move__baldwinian,A_f0.9_move,A,baldwinian,11,50,train,50,0.8,36,6,55.276771954400026,0.9166666666666666,0.5,adaptive_move,0.6,0.08185482598761726,0.15068993506493467,174.0,11.0,13.0,309.0,140.0,8.0,0.0,0.0,32.0,3.0,0.0,43.0,33.0,3.0,0.0,0.0,0.0,0.0,0.0,43.0,0.0,0.0,0.0,0.0
A_f0.9_move__baldwinian__s11,A_f0.9_move__baldwinian,A_f0.9_move,A,baldwinian,11,100,train,50,0.86,11,11,80.19336187368947,0.8541666666666666,0.5,adaptive_move,0.56875,0.09088881077699748,0.1665743670886075,227.0,8.0,14.0,243.0,95.0,3.0,0.0,0.0,38.0,1.0,2.0,34.0,21.0,1.0,0.0,0.0,0.0,0.0,2.0,34.0,0.0,0.0,0.0,0.0
A_f0.9_move__baldwinian__s11,A_f0.9_move__baldwinian,A_f0.9_move,A,baldwinian,11,150,train,50,0.88,17,17,94.53446653946646,0.7708333333333334,0.5,adaptive_move,0.53125,0.06454755895013636,0.13508597883597884,347.0,15.0,20.0,338.0,111.0,9.0,0.0,0.0,37.0,4.0,5.0,26.0,25.0,0.0,0.0,0.0,0.0,0.0,5.0,26.0,0.0,0.0,0.0,0.0
A_f0.9_move__baldwinian__s11,A_f0.9_move__baldwinian,A_f0.9_move,A,baldwinian,11,200,train,50,0.88,16,16,78.07032234969799,0.875,0.5,adaptive_move,0.54375,0.07527341381405452,0.14534105744125347,252.0,16.0,18.0,397.0,180.0,11.0,0.0,0.0,31.0,1.0,4.0,32.0,34.0,3.0,0.0,0.0,0.0,0.0,4.0,32.0,0.0,0.0,0.0,0.0
A_f0.9_move__baldwinian__s11,A_f0.9_move__baldwinian,A_f0.9_move,A,baldwinian,11,250,train,50,1.04,21,21,65.68363875052367,0.9166666666666666,0.5,adaptive_move,0.54375,0.06094948903349842,0.12337432614555266,380.0,24.0,15.0,340.0,215.0,9.0,0.0,0.0,42.0,0.0,5.0,36.0,34.0,1.0,0.0,0.0,0.0,0.0,5.0,36.0,0.0,0.0,0.0,0.0
A_f0.9_move__baldwinian__s11,A_f0.9_move__baldwinian,A_f0.9_move,A,baldwinian,11,300,train,50,1.04,15,15,88.52495693631124,0.8125,0.5,adaptive_move,0.5375,0.07343683802240308,0.152723329048843,325.0,20.0,26.0,392.0,159.0,10.0,0.0,0.0,31.0,0.0,2.0,36.0,29.0,1.0,0.0,0.0,0.0,0.0,2.0,36.0,0.0,0.0,0.0,0.0
A_f0.9_move__baldwinian__s11,A_f0.9_move__baldwinian,A_f0.9_move,A,baldwinian,11,350,train,50,0.96,11,11,95.88367668061417,0.8125,0.5,adaptive_move,0.55625,0.07608969682388175,0.14723307291666665,377.0,17.0,13.0,313.0,117.0,7.0,0.0,0.0,33.0,2.0,3.0,18.0,27.0,3.0,0.0,0.0,0.0,0.0,3.0,18.0,0.0,0.0,0.0,0.0
A_f0.9_move__baldwinian__s11,A_f0.9_move__baldwinian,A_f0.9_move,A,baldwinian,11,400,train,50,0.96,11,11,90.1191466317005,0.7916666666666666,0.5,adaptive_move,0.5,0.059117399372918406,0.13051861702127643,364.0,16.0,27.0,498.0,142.0,5.0,0.0,0.0,41.0,1.0,6.0,27.0,31.0,3.0,0.0,0.0,0.0,0.0,6.0,27.0,0.0,0.0,0.0,0.0
A_f0.9_move__baldwinian__s11,A_f0.9_move__baldwinian,A_f0.9_move,A,baldwinian,11,450,train,50,0.96,15,15,48.622336874249825,0.9166666666666666,0.5,adaptive_move,0.51875,0.10580480566493963,0.17597901002506267,364.0,13.0,27.0,531.0,116.0,6.0,0.0,0.0,56.0,0.0,5.0,30.0,25.0,2.0,0.0,0.0,0.0,0.0,5.0,30.0,0.0,0.0,0.0,0.0
A_f0.9_move__baldwinian__s11,A_f0.9_move__baldwinian,A_f0.9_move,A,baldwinian,11,500,train,46,1.326086956521739,21,25,87.7023790896416,0.75,0.5,adaptive_move,0.525,0.10852121513966814,0.19415760869565202,312.0,10.0,18.0,403.0,73.0,2.0,0.0,0.0,48.0,0.0,6.0,25.0,19.0,1.0,0.0,0.0,0.0,0.0,6.0,25.0,0.0,0.0,0.0,0.0
A_f0.9_move__baldwinian__s11,A_f0.9_move__baldwinian,A_f0.9_move,A,baldwinian,11,550,train,49,1.816326530612245,28,25,119.20024037711485,0.7708333333333334,0.5,adaptive_move,0.60625,0.0860906076504881,0.1723114089775557,321.0,12.0,20.0,335.0,118.0,5.0,0.0,0.0,40.0,2.0,3.0,32.0,22.0,1.0,0.0,0.0,0.0,0.0,3.0,32.0,0.0,0.0,0.0,0.0
A_f0.9_move__baldwinian__s11,A_f0.9_move__baldwinian,A_f0.9_move,A,baldwinian,11,600,train,50,1.96,15,14,83.64970141554727,0.8333333333333334,0.5,adaptive_move,0.525,0.06461178902265638,0.132097739361702,352.0,24.0,24.0,414.0,122.0,10.0,0.0,0.0,46.0,1.0,3.0,25.0,29.0,3.0,0.0,0.0,0.0,0.0,3.0,25.0,0.0,0.0,0.0,0.0
A_f0.9_move__baldwinian__s11,A_f0.9_move__baldwinian,A_f0.9_move,A,baldwinian,11,650,train,50,2.16,17,17,55.86900492376029,0.9583333333333334,0.5,adaptive_move,0.5125,0.06701387558081706,0.13533399470899465,306.0,23.0,16.0,272.0,56.0,1.0,0.0,0.0,50.0,4.0,2.0,32.0,24.0,1.0,0.0,0.0,0.0,0.0,2.0,32.0,0.0,0.0,0.0,0.0
A_f0.9_move__baldwinian__s11,A_f0.9_move__baldwinian,A_f0.9_move,A,baldwinian,11,700,train,50,2.32,18,18,83.08846083008993,0.8541666666666666,0.5,adaptive_move,0.58125,0.0825589675988042,0.1561455655526991,361.0,18.0,22.0,335.0,152.0,8.0,0.0,0.0,46.0,1.0,4.0,19.0,39.0,0.0,0.0,0.0,0.0,0.0,4.0,19.0,0.0,0.0,0.0,0.0
A_f0.9_move__baldwinian__s11,A_f0.9_move__baldwinian,A_f0.9_move,A,baldwinian,11,750,train,50,2.4,17,17,94.5596652706688,0.8125,0.5,adaptive_move,0.5375,0.0891493665875901,0.15556363049095623,306.0,26.0,16.0,336.0,85.0,7.0,0.0,0.0,34.0,2.0,4.0,21.0,21.0,3.0,0.0,0.0,0.0,0.0,4.0,21.0,0.0,0.0,0.0,0.0
A_f0.9_move__baldwinian__s11,A_f0.9_move__baldwinian,A_f0.9_move,A,baldwinian,11,800,train,50,2.58,19,19,93.37565635067655,0.7708333333333334,0.5,adaptive_move,0.54375,0.08302699537393288,0.1459096858638742,364.0,21.0,17.0,427.0,142.0,9.0,0.0,0.0,37.0,1.0,4.0,36.0,16.0,1.0,0.0,0.0,0.0,0.0,4.0,36.0,0.0,0.0,0.0,0.0
A_f0.9_move__baldwinian__s11,A_f0.9_move__baldwinian,A_f0.9_move,A,baldwinian,11,850,train,47,2.74468085106383,13,16,112.57962965876165,0.7916666666666666,0.5,adaptive_move,0.475,0.0690665731548389,0.13596230158730127,269.0,11.0,27.0,442.0,165.0,11.0,0.0,0.0,38.0,0.0,7.0,25.0,29.0,4.0,0.0,0.0,0.0,0.0,7.0,25.0,0.0,0.0,0.0,0.0
A_f0.9_move__baldwinian__s11,A_f0.9_move__baldwinian,A_f0.9_move,A,baldwinian,11,900,train,50,2.94,22,19,101.72460681740404,0.7916666666666666,0.5,adaptive_move,0.55,0.052327453260096315,0.11419448228882834,333.0,19.0,18.0,461.0,137.0,11.0,0.0,0.0,34.0,1.0,3.0,33.0,30.0,1.0,0.0,0.0,0.0,0.0,3.0,33.0,0.0,0.0,0.0,0.0
A_f0.9_move__baldwinian__s11,A_f0.9_move__baldwinian,A_f0.9_move,A,baldwinian,11,950,train,50,2.92,12,12,100.90684626562674,0.7291666666666666,0.5,adaptive_move,0.525,0.07063919532633435,0.14475911458333313,443.0,19.0,32.0,477.0,106.0,6.0,0.0,0.0,44.0,0.0,6.0,28.0,31.0,0.0,0.0,0.0,0.0,0.0,6.0,28.0,0.0,0.0,0.0,0.0
A_f0.9_move__baldwinian__s11,A_f0.9_move__baldwinian,A_f0.9_move,A,baldwinian,11,1000,train,50,3.02,13,13,77.35616149337781,0.8333333333333334,0.5,adaptive_move,0.58125,0.06914150105615172,0.15293318414322243,363.0,20.0,22.0,541.0,182.0,12.0,0.0,0.0,47.0,1.0,3.0,24.0,31.0,2.0,0.0,0.0,0.0,0.0,3.0,24.0,0.0,0.0,0.0,0.0
A_f0.9_move__baldwinian__s11,A_f0.9_move__baldwinian,A_f0.9_move,A,baldwinian,11,1050,train,50,3.22,19,19,44.200146760870965,0.9375,0.5,adaptive_move,0.575,0.12669498668171147,0.2001056763285025,368.0,22.0,17.0,469.0,76.0,6.0,0.0,0.0,44.0,3.0,2.0,25.0,34.0,0.0,0.0,0.0,0.0,0.0,2.0,25.0,0.0,0.0,0.0,0.0
A_f0.9_move__baldwinian__s11,A_f0.9_move__baldwinian,A_f0.9_move,A,baldwinian,11,1100,train,50,3.26,18,18,61.24884478277748,0.8541666666666666,0.5,adaptive_move,0.5375,0.10081790090586842,0.18845042579075444,308.0,15.0,21.0,410.0,119.0,7.0,0.0,0.0,41.0,0.0,4.0,33.0,30.0,2.0,0.0,0.0,0.0,0.0,4.0,33.0,0.0,0.0,0.0,0.0
A_f0.9_move__baldwinian__s11,A_f0.9_move__baldwinian,A_f0.9_move,A,baldwinian,11,1150,train,50,3.5,17,17,92.87179382041555,0.8125,0.5,adaptive_move,0.5375,0.08908928544532134,0.1692996231155779,361.0,20.0,21.0,434.0,106.0,7.0,0.0,0.0,33.0,1.0,2.0,36.0,32.0,0.0,0.0,0.0,0.0,0.0,2.0,36.0,0.0,0.0,0.0,0.0
A_f0.9_move__baldwinian__s11,A_f0.9_move__baldwinian,A_f0.9_move,A,baldwinian,11,1200,train,50,3.58,19,19,73.83047146148553,0.875,0.5,adaptive_move,0.575,0.10559206245670597,0.1935847355769229,414.0,9.0,16.0,402.0,115.0,6.0,0.0,0.0,52.0,1.0,1.0,36.0,32.0,1.0,0.0,0.0,0.0,0.0,1.0,36.0,0.0,0.0,0.0,0.0
A_f0.9_move__baldwinian__s11,A_f0.9_move__baldwinian,A_f0.9_move,A,baldwinian,11,1250,train,50,3.62,14,14,51.47485550947111,0.9583333333333334,0.5,adaptive_move,0.49375,0.07366191639055544,0.1468261718749999,269.0,15.0,9.0,270.0,100.0,6.0,0.0,0.0,49.0,1.0,2.0,19.0,32.0,0.0,0.0,0.0,0.0,0.0,2.0,19.0,0.0,0.0,0.0,0.0
A_f0.9_move__baldwinian__s11,A_f0.9_move__baldwinian,A_f0.9_move,A,baldwinian,11,1300,train,48,3.7916666666666665,19,21,51.661537349311246,0.9583333333333334,0.5,adaptive_move,0.55,0.09703228464752217,0.1652751272264632,243.0,7.0,14.0,422.0,144.0,6.0,0.0,0.0,40.0,0.0,2.0,31.0,33.0,0.0,0.0,0.0,0.0,0.0,2.0,31.0,0.0,0.0,0.0,0.0
A_f0.9_move__baldwinian__s11,A_f0.9_move__baldwinian,A_f0.9_move,A,baldwinian,11,1350,train,44,4.045454545454546,15,19,114.61977150821934,0.75,0.5,adaptive_move,0.5375,0.09779074210547785,0.1724389097744361,233.0,11.0,17.0,379.0,87.0,5.0,0.0,0.0,39.0,1.0,4.0,18.0,24.0,1.0,0.0,0.0,0.0,0.0,4.0,18.0,0.0,0.0,0.0,0.0
A_f0.9_move__baldwinian__s11,A_f0.9_move__baldwinian,A_f0.9_move,A,baldwinian,11,1400,train,50,4.32,23,17,76.84754219556788,0.8541666666666666,0.5,adaptive_move,0.54375,0.08507124219645751,0.1573505784061695,313.0,9.0,26.0,380.0,154.0,9.0,0.0,0.0,57.0,0.0,5.0,27.0,24.0,0.0,0.0,0.0,0.0,0.0,5.0,27.0,0.0,0.0,0.0,0.0
A_f0.9_move__baldwinian__s11,A_f0.9_move__baldwinian,A_f0.9_move,A,baldwinian,11,1450,train,50,4.5,16,16,75.20569056237865,0.8541666666666666,0.5,adaptive_move,0.55625,0.07521288479377466,0.13980046174142502,303.0,16.0,13.0,237.0,130.0,4.0,0.0,0.0,45.0,2.0,4.0,23.0,30.0,0.0,0.0,0.0,0.0,0.0,4.0,23.0,0.0,0.0,0.0,0.0
A_f0.9_move__baldwinian__s11,A_f0.9_move__baldwinian,A_f0.9_move,A,baldwinian,11,1500,train,50,4.76,16,16,60.36255783357987,0.9166666666666666,0.5,adaptive_move,0.53125,0.11108757386449697,0.18175403225806486,171.0,15.0,7.0,230.0,81.0,4.0,0.0,0.0,44.0,3.0,2.0,23.0,29.0,0.0,0.0,0.0,0.0,0.0,2.0,23.0,0.0,0.0,0.0,0.0
A_f0.9_move__baldwinian__s11,A_f0.9_move__baldwinian,A_f0.9_move,A,baldwinian,11,1550,eval,43,4.813953488372093,14,21,116.18452833854542,0.75,0.5,adaptive_move,0.495,0.0,0.0,237.0,11.0,16.0,246.0,78.0,6.0,0.0,29.0,33.0,0.0,3.0,22.0,17.0,0.0,0.0,2.0,0.0,0.0,3.0,22.0,0.0,0.0,0.0,2.0
A_f0.9_move__baldwinian__s11,A_f0.9_move__baldwinian,A_f0.9_move,A,baldwinian,11,1600,eval,49,5.142857142857143,22,16,157.06901230820876,0.625,0.5,adaptive_move,0.49,0.0,0.0,424.0,26.0,17.0,227.0,57.0,3.0,11.0,103.0,42.0,1.0,1.0,21.0,12.0,0.0,1.0,7.0,0.0,0.0,1.0,21.0,0.0,0.0,1.0,7.0
A_f0.9_move__baldwinian__s11,A_f0.9_move__baldwinian,A_f0.9_move,A,baldwinian,11,1650,eval,50,5.38,22,21,120.88519171844766,0.6875,0.5,adaptive_move,0.505,0.0,0.0,321.0,26.0,16.0,392.0,80.0,7.0,3.0,73.0,43.0,3.0,4.0,32.0,14.0,1.0,2.0,13.0,0.0,0.0,4.0,32.0,0.0,0.0,2.0,13.0
A_f0.9_move__baldwinian__s11,A_f0.9_move__baldwinian,A_f0.9_move,A,baldwinian,11,1700,eval,50,5.48,19,19,207.90207303335248,0.4583333333333333,0.5,adaptive_move,0.52,0.0,0.0,312.0,12.0,34.0,513.0,132.0,8.0,6.0,168.0,28.0,0.0,4.0,39.0,16.0,2.0,0.0,14.0,0.0,0.0,4.0,39.0,0.0,0.0,0.0,14.0
A_f0.9_move__baldwinian__s11,A_f0.9_move__baldwinian,A_f0.9_move,A,baldwinian,11,1750,eval,50,5.52,11,11,142.07873605503215,0.7291666666666666,0.5,adaptive_move,0.485,0.0,0.0,434.0,27.0,34.0,523.0,83.0,6.0,5.0,102.0,36.0,4.0,8.0,44.0,5.0,0.0,0.0,8.0,0.0,0.0,8.0,44.0,0.0,0.0,0.0,8.0
A_f0.9_move__baldwinian__s11,A_f0.9_move__baldwinian,A_f0.9_move,A,baldwinian,11,1800,eval,50,5.46,19,19,136.75152482966098,0.6875,0.5,adaptive_move,0.51,0.0,0.0,357.0,22.0,35.0,547.0,203.0,8.0,3.0,107.0,20.0,1.0,3.0,38.0,14.0,2.0,0.0,4.0,0.0,0.0,3.0,38.0,0.0,0.0,0.0,4.0
A_f0.9_move__baldwinian__s12,A_f0.9_move__baldwinian,A_f0.9_move,A,baldwinian,12,50,train,50,0.76,32,2,66.34218642926751,0.8958333333333334,0.5,adaptive_move,0.525,0.07511664507187772,0.13040382037533527,143.0,7.0,15.0,293.0,77.0,5.0,0.0,0.0,40.0,2.0,3.0,36.0,23.0,2.0,0.0,0.0,0.0,0.0,3.0,36.0,0.0,0.0,0.0,0.0
A_f0.9_move__baldwinian__s12,A_f0.9_move__baldwinian,A_f0.9_move,A,baldwinian,12,100,train,50,0.84,11,11,74.3833614291718,0.8541666666666666,0.5,adaptive_move,0.56875,0.0950123743464703,0.1650365776081426,320.0,22.0,14.0,323.0,67.0,5.0,0.0,0.0,43.0,2.0,1.0,29.0,16.0,0.0,0.0,0.0,0.0,0.0,1.0,29.0,0.0,0.0,0.0,0.0
A_f0.9_move__baldwinian__s12,A_f0.9_move__baldwinian,A_f0.9_move,A,baldwinian,12,150,train,50,0.92,15,15,105.75101376759646,0.7708333333333334,0.5,adaptive_move,0.5625,0.058189470255761655,0.12427755376344063,288.0,20.0,29.0,425.0,82.0,4.0,0.0,0.0,40.0,2.0,3.0,28.0,26.0,0.0,0.0,0.0,0.0,0.0,3.0,28.0,0.0,0.0,0.0,0.0
A_f0.9_move__baldwinian__s12,A_f0.9_move__baldwinian,A_f0.9_move,A,baldwinian,12,200,train,50,0.98,16,16,73.47062245814064,0.875,0.5,adaptive_move,0.54375,0.16364252405597612,0.20517293689320382,303.0,20.0,24.0,439.0,101.0,4.0,0.0,0.0,53.0,1.0,3.0,35.0,21.0,1.0,0.0,0.0,0.0,0.0,3.0,35.0,0.0,0.0,0.0,0.0
A_f0.9_move__baldwinian__s12,A_f0.9_move__baldwinian,A_f0.9_move,A,baldwinian,12,250,train,50,1.1,13,13,97.77076288564454,0.75,0.5,adaptive_move,0.53125,0.07168928020392029,0.12642809139784927,339.0,13.0,17.0,320.0,120.0,7.0,0.0,0.0,47.0,0.0,2.0,25.0,22.0,6.0,0.0,0.0,0.0,0.0,2.0,25.0,0.0,0.0,0.0,0.0
A_f0.9_move__baldwinian__s12,A_f0.9_move__baldwinian,A_f0.9_move,A,baldwinian,12,300,train,50,1.18,16,16,110.78521167346945,0.8125,0.5,adaptive_move,0.5125,0.08750718364889304,0.1735541044776121,283.0,11.0,25.0,457.0,68.0,1.0,0.0,0.0,47.0,0.0,3.0,39.0,18.0,0.0,0.0,0.0,0.0,0.0,3.0,39.0,0.0,0.0,0.0,0.0
A_f0.9_move__baldwinian__s12,A_f0.9_move__baldwinian,A_f0.9_move,A,baldwinian,12,350,train,50,1.08,12,12,73.89719958730925,0.875,0.5,adaptive_move,0.54375,0.08724816828783724,0.16655384130982376,343.0,20.0,16.0,292.0,67.0,1.0,0.0,0.0,68.0,0.0,5.0,19.0,28.0,1.0,0.0,0.0,0.0,0.0,5.0,19.0,0.0,0.0,0.0,0.0
A_f0.9_move__baldwinian__s12,A_f0.9_move__baldwinian,A_f0.9_move,A,baldwinian,12,400,train,50,1.06,16,16,76.78232357209296,0.8541666666666666,0.5,adaptive_move,0.54375,0.08318312874323511,0.16050701530612232,271.0,12.0,23.0,376.0,64.0,1.0,0.0,0.0,52.0,0.0,5.0,21.0,24.0,0.0,0.0,0.0,0.0,0.0,5.0,21.0,0.0,0.0,0.0,0.0
A_f0.9_move__baldwinian__s12,A_f0.9_move__baldwinian,A_f0.9_move,A,baldwinian,12,450,train,50,1.0,11,11,102.85770987014176,0.8333333333333334,0.5,adaptive_move,0.55625,0.07987332022260159,0.15430090206185576,309.0,15.0,28.0,507.0,86.0,5.0,0.0,0.0,47.0,1.0,4.0,26.0,27.0,0.0,0.0,0.0,0.0,0.0,4.0,26.0,0.0,0.0,0.0,0.0
A_f0.9_move__baldwinian__s12,A_f0.9_move__baldwinian,A_f0.9_move,A,baldwinian,12,500,train,45,1.3555555555555556,21,26,64.03552594326493,0.875,0.5,adaptive_move,0.55625,0.10222325600080055,0.18007425742574257,349.0,21.0,15.0,352.0,101.0,7.0,0.0,0.0,48.0,1.0,5.0,31.0,22.0,1.0,0.0,0.0,0.0,0.0,5.0,31.0,0.0,0.0,0.0,0.0
A_f0.9_move__baldwinian__s12,A_f0.9_move__baldwinian,A_f0.9_move,A,baldwinian,12,550,train,50,1.74,22,17,72.62882044131763,0.8958333333333334,0.5,adaptive_move,0.50625,0.09343068691231551,0.15577357881136966,292.0,10.0,22.0,290.0,91.0,4.0,0.0,0.0,54.0,0.0,5.0,20.0,26.0,1.0,0.0,0.0,0.0,0.0,5.0,20.0,0.0,0.0,0.0,0.0
A_f0.9_move__baldwinian__s12,A_f0.9_move__baldwinian,A_f0.9_move,A,baldwinian,12,600,train,48,2.0625,24,26,74.06028336372452,0.8958333333333334,0.5,adaptive_move,0.575,0.09081429989234563,0.1600801282051283,196.0,11.0,27.0,473.0,72.0,3.0,0.0,0.0,34.0,2.0,5.0,42.0,21.0,1.0,0.0,0.0,0.0,0.0,5.0,42.0,0.0,0.0,0.0,0.0
A_f0.9_move__baldwinian__s12,A_f0.9_move__baldwinian,A_f0.9_move,A,baldwinian,12,650,train,40,2.1,12,20,75.33657838262293,0.8333333333333334,0.5,adaptive_move,0.54375,0.044136415645761776,0.10213815789473668,310.0,11.0,20.0,354.0,104.0,6.0,0.0,0.0,42.0,0.0,4.0,35.0,18.0,0.0,0.0,0.0,0.0,0.0,4.0,35.0,0.0,0.0,0.0,0.0
A_f0.9_move__baldwinian__s12,A_f0.9_move__baldwinian,A_f0.9_move,A,baldwinian,12,700,train,48,2.2916666666666665,21,13,98.98992216537286,0.8333333333333334,0.5,adaptive_move,0.525,0.08142321755313463,0.13681848404255303,368.0,26.0,22.0,332.0,204.0,9.0,0.0,0.0,43.0,2.0,7.0,22.0,25.0,1.0,0.0,0.0,0.0,0.0,7.0,22.0,0.0,0.0,0.0,0.0
A_f0.9_move__baldwinian__s12,A_f0.9_move__baldwinian,A_f0.9_move,A,baldwinian,12,750,train,49,2.4489795918367347,17,16,69.55066268840446,0.9166666666666666,0.5,adaptive_move,0.525,0.04619018736474892,0.10452348066298334,295.0,9.0,12.0,349.0,123.0,7.0,0.0,0.0,44.0,1.0,2.0,31.0,19.0,1.0,0.0,0.0,0.0,0.0,2.0,31.0,0.0,0.0,0.0,0.0
A_f0.9_move__baldwinian__s12,A_f0.9_move__baldwinian,A_f0.9_move,A,baldwinian,12,800,train,48,2.5208333333333335,17,18,61.24046093770216,0.9375,0.5,adaptive_move,0.55,0.10339872769508182,0.16708810432569976,262.0,11.0,18.0,302.0,164.0,11.0,0.0,0.0,51.0,2.0,6.0,25.0,26.0,0.0,0.0,0.0,0.0,0.0,6.0,25.0,0.0,0.0,0.0,0.0
A_f0.9_move__baldwinian__s12,A_f0.9_move__baldwinian,A_f0.9_move,A,baldwinian,12,850,train,46,2.782608695652174,21,23,66.35236719148739,0.8541666666666666,0.5,adaptive_move,0.53125,0.07834568764935537,0.154779884318766,411.0,19.0,20.0,398.0,97.0,7.0,0.0,0.0,50.0,1.0,7.0,29.0,21.0,0.0,0.0,0.0,0.0,0.0,7.0,29.0,0.0,0.0,0.0,0.0
A_f0.9_move__baldwinian__s12,A_f0.9_move__baldwinian,A_f0.9_move,A,baldwinian,12,900,train,49,2.9183673469387754,16,13,85.35259317465919,0.875,0.5,adaptive_move,0.50625,0.089364639517859,0.15955128205128188,325.0,19.0,13.0,304.0,151.0,10.0,0.0,0.0,49.0,3.0,1.0,21.0,22.0,4.0,0.0,0.0,0.0,0.0,1.0,21.0,0.0,0.0,0.0,0.0
A_f0.9_move__baldwinian__s12,A_f0.9_move__baldwinian,A_f0.9_move,A,baldwinian,12,950,train,50,2.98,17,16,95.15077423763114,0.75,0.5,adaptive_move,0.55625,0.08780741396138692,0.16084558823529416,282.0,13.0,32.0,527.0,117.0,7.0,0.0,0.0,26.0,2.0,6.0,41.0,22.0,1.0,0.0,0.0,0.0,0.0,6.0,41.0,0.0,0.0,0.0,0.0
A_f0.9_move__baldwinian__s12,A_f0.9_move__baldwinian,A_f0.9_move,A,baldwinian,12,1000,train,50,3.06,19,19,76.78564398741784,0.875,0.5,adaptive_move,0.50625,0.1096120017475505,0.19365163438256627,180.0,4.0,21.0,439.0,84.0,8.0,0.0,0.0,40.0,1.0,5.0,36.0,23.0,1.0,0.0,0.0,0.0,0.0,5.0,36.0,0.0,0.0,0.0,0.0
A_f0.9_move__baldwinian__s12,A_f0.9_move__baldwinian,A_f0.9_move,A,baldwinian,12,1050,train,50,3.22,21,21,69.23790052951242,0.8958333333333334,0.5,adaptive_move,0.5375,0.09454558027478135,0.16463899491094147,244.0,7.0,9.0,326.0,120.0,6.0,0.0,0.0,38.0,0.0,1.0,23.0,27.0,1.0,0.0,0.0,0.0,0.0,1.0,23.0,0.0,0.0,0.0,0.0
A_f0.9_move__baldwinian__s12,A_f0.9_move__baldwinian,A_f0.9_move,A,baldwinian,12,1100,train,50,3.46,15,15,79.42007286475491,0.8333333333333334,0.5,adaptive_move,0.56875,0.09525250772180555,0.16266783887468028,314.0,14.0,15.0,312.0,51.0,7.0,0.0,0.0,52.0,1.0,4.0,29.0,16.0,1.0,0.0,0.0,0.0,0.0,4.0,29.0,0.0,0.0,0.0,0.0
A_f0.9_move__baldwinian__s12,A_f0.9_move__baldwinian,A_f0.9_move,A,baldwinian,12,1150,train,47,3.6808510638297873,24,27,110.36951517137929,0.8541666666666666,0.5,adaptive_move,0.56875,0.10080027396972059,0.17739427860696533,266.0,11.0,16.0,298.0,80.0,4.0,0.0,0.0,47.0,2.0,3.0,28.0,23.0,2.0,0.0,0.0,0.0,0.0,3.0,28.0,0.0,0.0,0.0,0.0
A_f0.9_move__baldwinian__s12,A_f0.9_move__baldwinian,A_f0.9_move,A,baldwinian,12,1200,train,48,3.7916666666666665,18,17,92.27427784704108,0.7916666666666666,0.5,adaptive_move,0.55,0.09327886330408405,0.16344068877551043,251.0,4.0,13.0,335.0,150.0,10.0,0.0,0.0,45.0,1.0,2.0,30.0,25.0,0.0,0.0,0.0,0.0,0.0,2.0,30.0,0.0,0.0,0.0,0.0
A_f0.9_move__baldwinian__s12,A_f0.9_move__baldwinian,A_f0.9_move,A,baldwinian,12,1250,train,48,3.8958333333333335,14,14,86.85657354499554,0.875,0.5,adaptive_move,0.5125,0.10221658306619387,0.19385516826923066,250.0,13.0,21.0,374.0,83.0,1.0,0.0,0.0,48.0,0.0,6.0,28.0,28.0,1.0,0.0,0.0,0.0,0.0,6.0,28.0,0.0,0.0,0.0,0.0
A_f0.9_move__baldwinian__s12,A_f0.9_move__baldwinian,A_f0.9_move,A,baldwinian,12,1300,train,50,3.98,18,16,101.90933132019725,0.7916666666666666,0.5,adaptive_move,0.5625,0.062378434090198984,0.12616454423592494,315.0,16.0,37.0,589.0,135.0,3.0,0.0,0.0,38.0,2.0,5.0,31.0,23.0,1.0,0.0,0.0,0.0,0.0,5.0,31.0,0.0,0.0,0.0,0.0
A_f0.9_move__baldwinian__s12,A_f0.9_move__baldwinian,A_f0.9_move,A,baldwinian,12,1350,train,50,4.12,14,14,116.83953885232148,0.7916666666666666,0.5,adaptive_move,0.5125,0.11279923341696413,0.1959088164251208,342.0,20.0,21.0,408.0,41.0,3.0,0.0,0.0,42.0,2.0,4.0,30.0,19.0,1.0,0.0,0.0,0.0,0.0,4.0,30.0,0.0,0.0,0.0,0.0
A_f0.9_move__baldwinian__s12,A_f0.9_move__baldwinian,A_f0.9_move,A,baldwinian,12,1400,train,50,4.04,16,16,53.46375603881391,0.9166666666666666,0.5,adaptive_move,0.45625,0.06423021847708726,0.12929478609625655,404.0,18.0,27.0,421.0,105.0,4.0,0.0,0.0,63.0,1.0,3.0,26.0,30.0,0.0,0.0,0.0,0.0,0.0,3.0,26.0,0.0,0.0,0.0,0.0
A_f0.9_move__baldwinian__s12,A_f0.9_move__baldwinian,A_f0.9_move,A,baldwinian,12,1450,train,50,4.2,11,11,104.10055063703128,0.8541666666666666,0.5,adaptive_move,0.56875,0.08150750347892569,0.15619376606683777,259.0,19.0,17.0,306.0,100.0,4.0,0.0,0.0,47.0,2.0,4.0,27.0,23.0,0.0,0.0,0.0,0.0,0.0,4.0,27.0,0.0,0.0,0.0,0.0
A_f0.9_move__baldwinian__s12,A_f0.9_move__baldwinian,A_f0.9_move,A,baldwinian,12,1500,train,50,4.3,20,20,87.84656593505461,0.8125,0.5,adaptive_move,0.54375,0.05725901718702356,0.1253267426273459,418.0,21.0,14.0,342.0,96.0,9.0,0.0,0.0,56.0,1.0,3.0,25.0,26.0,1.0,0.0,0.0,0.0,0.0,3.0,25.0,0.0,0.0,0.0,0.0
A_f0.9_move__baldwinian__s12,A_f0.9_move__baldwinian,A_f0.9_move,A,baldwinian,12,1550,eval,50,4.42,17,17,72.2800789429872,0.8958333333333334,0.5,adaptive_move,0.545,0.0,0.0,425.0,34.0,17.0,351.0,37.0,2.0,0.0,36.0,51.0,2.0,4.0,29.0,20.0,0.0,0.0,2.0,0.0,0.0,4.0,29.0,0.0,0.0,0.0,2.0
A_f0.9_move__baldwinian__s12,A_f0.9_move__baldwinian,A_f0.9_move,A,baldwinian,12,1600,eval,50,4.7,23,23,122.82929384667301,0.7916666666666666,0.5,adaptive_move,0.505,0.0,0.0,362.0,20.0,10.0,279.0,49.0,4.0,3.0,46.0,41.0,5.0,1.0,23.0,7.0,1.0,1.0,5.0,0.0,0.0,1.0,23.0,0.0,0.0,1.0,5.0
A_f0.9_move__baldwinian__s12,A_f0.9_move__baldwinian,A_f0.9_move,A,baldwinian,12,1650,eval,45,4.955555555555556,22,27,171.0601181363258,0.6458333333333334,0.5,adaptive_move,0.465,0.0,0.0,383.0,23.0,13.0,256.0,44.0,3.0,6.0,92.0,32.0,1.0,0.0,29.0,4.0,0.0,1.0,17.0,0.0,0.0,0.0,29.0,0.0,0.0,1.0,17.0
A_f0.9_move__baldwinian__s12,A_f0.9_move__baldwinian,A_f0.9_move,A,baldwinian,12,1700,eval,50,5.26,26,21,122.35808362986654,0.75,0.5,adaptive_move,0.475,0.0,0.0,362.0,18.0,24.0,502.0,46.0,1.0,4.0,53.0,45.0,1.0,1.0,30.0,10.0,1.0,2.0,8.0,0.0,0.0,1.0,30.0,0.0,0.0,2.0,8.0
A_f0.9_move__baldwinian__s12,A_f0.9_move__baldwinian,A_f0.9_move,A,baldwinian,12,1750,eval,50,5.48,13,13,134.81610060183343,0.6666666666666666,0.5,adaptive_move,0.53,0.0,0.0,575.0,24.0,28.0,462.0,63.0,8.0,5.0,79.0,44.0,1.0,6.0,23.0,11.0,2.0,1.0,5.0,0.0,0.0,6.0,23.0,0.0,0.0,1.0,5.0
A_f0.9_move__baldwinian__s12,A_f0.9_move__baldwinian,A_f0.9_move,A,baldwinian,12,1800,eval,50,5.52,13,13,175.06308295200242,0.5416666666666666,0.5,adaptive_move,0.475,0.0,0.0,625.0,18.0,30.0,487.0,80.0,5.0,5.0,108.0,28.0,0.0,2.0,29.0,7.0,0.0,0.0,5.0,0.0,0.0,2.0,29.0,0.0,0.0,0.0,5.0
A_f0.9_move__baldwinian__s13,A_f0.9_move__baldwinian,A_f0.9_move,A,baldwinian,13,50,train,50,0.68,34,4,107.20752939017521,0.75,0.5,adaptive_move,0.5,0.06669838554856133,0.11647882513661179,276.0,12.0,16.0,295.0,19.0,2.0,0.0,0.0,44.0,1.0,1.0,37.0,7.0,0.0,0.0,0.0,0.0,0.0,1.0,37.0,0.0,0.0,0.0,0.0
A_f0.9_move__baldwinian__s13,A_f0.9_move__baldwinian,A_f0.9_move,A,baldwinian,13,100,train,50,0.8,16,16,55.09298163191336,0.875,0.5,adaptive_move,0.54375,0.09088200619849275,0.171828007518797,369.0,16.0,12.0,326.0,59.0,3.0,0.0,0.0,52.0,3.0,3.0,35.0,9.0,0.0,0.0,0.0,0.0,0.0,3.0,35.0,0.0,0.0,0.0,0.0
A_f0.9_move__baldwinian__s13,A_f0.9_move__baldwinian,A_f0.9_move,A,baldwinian,13,150,train,50,0.92,14,14,79.80231977915,0.8125,0.5,adaptive_move,0.59375,0.11037839590267381,0.19850869304556373,419.0,17.0,11.0,368.0,88.0,6.0,0.0,0.0,41.0,1.0,1.0,34.0,14.0,0.0,0.0,0.0,0.0,0.0,1.0,34.0,0.0,0.0,0.0,0.0
A_f0.9_move__baldwinian__s13,A_f0.9_move__baldwinian,A_f0.9_move,A,baldwinian,13,200,train,50,0.94,17,17,68.64291833168656,0.875,0.5,adaptive_move,0.575,0.09668791861306592,0.18532012195121927,412.0,25.0,22.0,493.0,52.0,2.0,0.0,0.0,53.0,2.0,4.0,36.0,13.0,1.0,0.0,0.0,0.0,0.0,4.0,36.0,0.0,0.0,0.0,0.0
A_f0.9_move__baldwinian__s13,A_f0.9_move__baldwinian,A_f0.9_move,A,baldwinian,13,250,train,50,0.92,15,15,85.98896126816032,0.7916666666666666,0.5,adaptive_move,0.5375,0.12520968318177234,0.1948323170731705,369.0,16.0,28.0,557.0,74.0,4.0,0.0,0.0,68.0,1.0,5.0,20.0,13.0,1.0,0.0,0.0,0.0,0.0,5.0,20.0,0.0,0.0,0.0,0.0
A_f0.9_move__baldwinian__s13,A_f0.9_move__baldwinian,A_f0.9_move,A,baldwinian,13,300,train,50,0.88,12,12,61.501204335253504,0.8958333333333334,0.5,adaptive_move,0.5875,0.10554902143427052,0.19537259615384595,257.0,18.0,23.0,442.0,68.0,3.0,0.0,0.0,53.0,0.0,6.0,31.0,19.0,0.0,0.0,0.0,0.0,0.0,6.0,31.0,0.0,0.0,0.0,0.0
A_f0.9_move__baldwinian__s13,A_f0.9_move__baldwinian,A_f0.9_move,A,baldwinian,13,350,train,50,0.88,16,16,77.97454111370985,0.8541666666666666,0.5,adaptive_move,0.60625,0.10334290089509036,0.19120006053268757,360.0,14.0,35.0,494.0,148.0,5.0,0.0,0.0,54.0,0.0,6.0,27.0,13.0,0.0,0.0,0.0,0.0,0.0,6.0,27.0,0.0,0.0,0.0,0.0
A_f0.9_move__baldwinian__s13,A_f0.9_move__baldwinian,A_f0.9_move,A,baldwinian,13,400,train,50,0.86,14,14,113.52547913934457,0.7916666666666666,0.5,adaptive_move,0.6125,0.10353629513797435,0.1805443548387098,313.0,22.0,38.0,565.0,254.0,16.0,0.0,0.0,48.0,4.0,7.0,23.0,16.0,1.0,0.0,0.0,0.0,0.0,7.0,23.0,0.0,0.0,0.0,0.0
A_f0.9_move__baldwinian__s13,A_f0.9_move__baldwinian,A_f0.9_move,A,baldwinian,13,450,train,50,0.86,12,12,83.28594009060852,0.7916666666666666,0.5,adaptive_move,0.575,0.12911763306623297,0.20910777909738698,446.0,20.0,37.0,577.0,113.0,10.0,0.0,0.0,66.0,3.0,8.0,22.0,15.0,1.0,0.0,0.0,0.0,0.0,8.0,22.0,0.0,0.0,0.0,0.0
A_f0.9_move__baldwinian__s13,A_f0.9_move__baldwinian,A_f0.9_move,A,baldwinian,13,500,train,44,1.1818181818181819,22,28,69.66819595458799,0.8958333333333334,0.5,adaptive_move,0.50625,0.12181421344915638,0.20425595238095262,354.0,28.0,38.0,566.0,109.0,8.0,0.0,0.0,71.0,2.0,6.0,28.0,18.0,0.0,0.0,0.0,0.0,0.0,6.0,28.0,0.0,0.0,0.0,0.0
A_f0.9_move__baldwinian__s13,A_f0.9_move__baldwinian,A_f0.9_move,A,baldwinian,13,550,train,50,1.6,29,23,103.86924073751358,0.7916666666666666,0.5,adaptive_move,0.55,0.0950671243131506,0.1850288929440389,329.0,14.0,17.0,374.0,60.0,2.0,0.0,0.0,44.0,2.0,2.0,33.0,10.0,1.0,0.0,0.0,0.0,0.0,2.0,33.0,0.0,0.0,0.0,0.0
A_f0.9_move__baldwinian__s13,A_f0.9_move__baldwinian,A_f0.9_move,A,baldwinian,13,600,train,50,1.78,18,18,70.12861615672477,0.9166666666666666,0.5,adaptive_move,0.575,0.08803102480384142,0.1679234886649874,382.0,15.0,21.0,484.0,36.0,4.0,0.0,0.0,63.0,3.0,5.0,33.0,17.0,0.0,0.0,0.0,0.0,0.0,5.0,33.0,0.0,0.0,0.0,0.0
A_f0.9_move__baldwinian__s13,A_f0.9_move__baldwinian,A_f0.9_move,A,baldwinian,13,650,train,49,1.8979591836734695,15,16,69.42079798650859,0.875,0.5,adaptive_move,0.5625,0.06762056949291773,0.11490582191780829,277.0,15.0,23.0,512.0,64.0,6.0,0.0,0.0,51.0,0.0,4.0,33.0,11.0,2.0,0.0,0.0,0.0,0.0,4.0,33.0,0.0,0.0,0.0,0.0
A_f0.9_move__baldwinian__s13,A_f0.9_move__baldwinian,A_f0.9_move,A,baldwinian,13,700,train,50,1.94,21,20,115.13827057255875,0.7083333333333334,0.5,adaptive_move,0.53125,0.09792327727279392,0.17996596534653464,327.0,14.0,22.0,593.0,73.0,1.0,0.0,0.0,46.0,2.0,6.0,33.0,15.0,0.0,0.0,0.0,0.0,0.0,6.0,33.0,0.0,0.0,0.0,0.0
A_f0.9_move__baldwinian__s13,A_f0.9_move__baldwinian,A_f0.9_move,A,baldwinian,13,750,train,40,1.975,21,31,97.8717438404915,0.7916666666666666,0.5,adaptive_move,0.55,0.12984311468781523,0.1946286674816624,369.0,15.0,26.0,387.0,56.0,2.0,0.0,0.0,56.0,1.0,5.0,27.0,13.0,0.0,0.0,0.0,0.0,0.0,5.0,27.0,0.0,0.0,0.0,0.0
A_f0.9_move__baldwinian__s13,A_f0.9_move__baldwinian,A_f0.9_move,A,baldwinian,13,800,train,50,2.2,23,13,74.9463058487626,0.8333333333333334,0.5,adaptive_move,0.54375,0.062313463666869115,0.11834239130434776,330.0,20.0,23.0,492.0,84.0,3.0,0.0,0.0,42.0,0.0,5.0,39.0,20.0,1.0,0.0,0.0,0.0,0.0,5.0,39.0,0.0,0.0,0.0,0.0
A_f0.9_move__baldwinian__s13,A_f0.9_move__baldwinian,A_f0.9_move,A,baldwinian,13,850,train,50,2.24,20,20,101.62214207409187,0.7916666666666666,0.5,adaptive_move,0.56875,0.09433332232951132,0.1700802896725444,273.0,16.0,25.0,562.0,103.0,3.0,0.0,0.0,31.0,1.0,4.0,36.0,12.0,1.0,0.0,0.0,0.0,0.0,4.0,36.0,0.0,0.0,0.0,0.0
A_f0.9_move__baldwinian__s13,A_f0.9_move__baldwinian,A_f0.9_move,A,baldwinian,13,900,train,50,2.4,14,14,131.00254218915973,0.6666666666666666,0.5,adaptive_move,0.5625,0.07431631995580423,0.13965204485488147,516.0,40.0,40.0,681.0,74.0,4.0,0.0,0.0,40.0,2.0,6.0,38.0,8.0,0.0,0.0,0.0,0.0,0.0,6.0,38.0,0.0,0.0,0.0,0.0
A_f0.9_move__baldwinian__s13,A_f0.9_move__baldwinian,A_f0.9_move,A,baldwinian,13,950,train,50,2.4,9,9,70.53687714554408,0.8541666666666666,0.5,adaptive_move,0.5,0.04495569707181545,0.08963629943502816,635.0,37.0,25.0,596.0,132.0,3.0,0.0,0.0,71.0,1.0,1.0,21.0,15.0,1.0,0.0,0.0,0.0,0.0,1.0,21.0,0.0,0.0,0.0,0.0
A_f0.9_move__baldwinian__s13,A_f0.9_move__baldwinian,A_f0.9_move,A,baldwinian,13,1000,train,50,2.8,23,23,93.2432399835734,0.7916666666666666,0.5,adaptive_move,0.53125,0.0762155873068247,0.16147411616161622,312.0,20.0,27.0,528.0,77.0,8.0,0.0,0.0,51.0,1.0,4.0,24.0,14.0,2.0,0.0,0.0,0.0,0.0,4.0,24.0,0.0,0.0,0.0,0.0
A_f0.9_move__baldwinian__s13,A_f0.9_move__baldwinian,A_f0.9_move,A,baldwinian,13,1050,train,50,2.94,18,18,85.5946702482521,0.7708333333333334,0.5,adaptive_move,0.575,0.09535144751853232,0.15813466494845363,410.0,15.0,23.0,508.0,96.0,5.0,0.0,0.0,39.0,1.0,4.0,27.0,12.0,1.0,0.0,0.0,0.0,0.0,4.0,27.0,0.0,0.0,0.0,0.0
A_f0.9_move__baldwinian__s13,A_f0.9_move__baldwinian,A_f0.9_move,A,baldwinian,13,1100,train,50,3.12,11,11,58.36624035753002,0.9583333333333334,0.5,adaptive_move,0.5875,0.0925027834933419,0.1778780864197531,279.0,15.0,31.0,548.0,25.0,1.0,0.0,0.0,59.0,0.0,4.0,27.0,14.0,1.0,0.0,0.0,0.0,0.0,4.0,27.0,0.0,0.0,0.0,0.0
A_f0.9_move__baldwinian__s13,A_f0.9_move__baldwinian,A_f0.9_move,A,baldwinian,13,1150,train,50,3.24,8,8,106.9659421173622,0.6666666666666666,0.5,adaptive_move,0.58125,0.09046180190348692,0.1678188131313132,476.0,27.0,30.0,597.0,43.0,1.0,0.0,0.0,44.0,0.0,5.0,23.0,15.0,0.0,0.0,0.0,0.0,0.0,5.0,23.0,0.0,0.0,0.0,0.0
A_f0.9_move__baldwinian__s13,A_f0.9_move__baldwinian,A_f0.9_move,A,baldwinian,13,1200,train,50,3.22,16,16,42.1680362105311,0.9166666666666666,0.5,adaptive_move,0.5625,0.061879011397189654,0.12982499999999986,631.0,30.0,31.0,473.0,92.0,8.0,0.0,0.0,52.0,2.0,6.0,35.0,17.0,2.0,0.0,0.0,0.0,0.0,6.0,35.0,0.0,0.0,0.0,0.0
A_f0.9_move__baldwinian__s13,A_f0.9_move__baldwinian,A_f0.9_move,A,baldwinian,13,1250,train,50,3.3,20,20,79.88364867766629,0.8125,0.5,adaptive_move,0.55625,0.08766876397283443,0.16955087939698488,398.0,20.0,26.0,421.0,72.0,3.0,0.0,0.0,38.0,0.0,4.0,34.0,11.0,2.0,0.0,0.0,0.0,0.0,4.0,34.0,0.0,0.0,0.0,0.0
A_f0.9_move__baldwinian__s13,A_f0.9_move__baldwinian,A_f0.9_move,A,baldwinian,13,1300,train,50,3.38,28,28,76.24028630076629,0.8125,0.5,adaptive_move,0.53125,0.08367868049657583,0.16311865482233512,298.0,13.0,29.0,579.0,109.0,10.0,0.0,0.0,44.0,0.0,4.0,51.0,19.0,2.0,0.0,0.0,0.0,0.0,4.0,51.0,0.0,0.0,0.0,0.0
A_f0.9_move__baldwinian__s13,A_f0.9_move__baldwinian,A_f0.9_move,A,baldwinian,13,1350,train,50,3.62,25,25,98.75703306051295,0.7708333333333334,0.5,adaptive_move,0.51875,0.08168583517964965,0.15189443005181347,375.0,23.0,29.0,562.0,67.0,0.0,0.0,0.0,35.0,4.0,6.0,46.0,10.0,0.0,0.0,0.0,0.0,0.0,6.0,46.0,0.0,0.0,0.0,0.0
A_f0.9_move__baldwinian__s13,A_f0.9_move__baldwinian,A_f0.9_move,A,baldwinian,13,1400,train,50,3.86,24,24,86.00322201695332,0.8541666666666666,0.5,adaptive_move,0.48125,0.0606577366753934,0.11997798102981005,311.0,21.0,27.0,489.0,121.0,7.0,0.0,0.0,41.0,2.0,4.0,29.0,17.0,0.0,0.0,0.0,0.0,0.0,4.0,29.0,0.0,0.0,0.0,0.0
A_f0.9_move__baldwinian__s13,A_f0.9_move__baldwinian,A_f0.9_move,A,baldwinian,13,1450,train,50,3.8,12,12,68.06505976929907,0.8333333333333334,0.5,adaptive_move,0.55,0.0657603869442879,0.13064166666666677,393.0,9.0,25.0,532.0,115.0,5.0,0.0,0.0,42.0,0.0,4.0,31.0,17.0,1.0,0.0,0.0,0.0,0.0,4.0,31.0,0.0,0.0,0.0,0.0
A_f0.9_move__baldwinian__s13,A_f0.9_move__baldwinian,A_f0.9_move,A,baldwinian,13,1500,train,50,4.08,23,23,72.73023363512513,0.8541666666666666,0.5,adaptive_move,0.55,0.0988957184367148,0.1804706790123456,414.0,23.0,24.0,532.0,65.0,1.0,0.0,0.0,43.0,2.0,2.0,41.0,17.0,0.0,0.0,0.0,0.0,0.0,2.0,41.0,0.0,0.0,0.0,0.0
A_f0.9_move__baldwinian__s13,A_f0.9_move__baldwinian,A_f0.9_move,A,baldwinian,13,1550,eval,50,4.14,19,19,81.17033936851269,0.8333333333333334,0.5,adaptive_move,0.5,0.0,0.0,320.0,17.0,20.0,308.0,35.0,2.0,6.0,63.0,59.0,3.0,2.0,26.0,6.0,0.0,0.0,8.0,0.0,0.0,2.0,26.0,0.0,0.0,0.0,8.0
A_f0.9_move__baldwinian__s13,A_f0.9_move__baldwinian,A_f0.9_move,A,baldwinian,13,1600,eval,50,4.2,25,25,113.29587924853877,0.75,0.5,adaptive_move,0.49,0.0,0.0,425.0,16.0,14.0,471.0,118.0,6.0,9.0,92.0,36.0,1.0,2.0,28.0,10.0,0.0,0.0,7.0,0.0,0.0,2.0,28.0,0.0,0.0,0.0,7.0
A_f0.9_move__baldwinian__s13,A_f0.9_move__baldwinian,A_f0.9_move,A,baldwinian,13,1650,eval,50,4.18,13,13,114.0077160666716,0.7916666666666666,0.5,adaptive_move,0.51,0.0,0.0,610.0,31.0,23.0,451.0,158.0,7.0,1.0,82.0,38.0,4.0,2.0,36.0,10.0,0.0,0.0,3.0,0.0,0.0,2.0,36.0,0.0,0.0,0.0,3.0
A_f0.9_move__baldwinian__s13,A_f0.9_move__baldwinian,A_f0.9_move,A,baldwinian,13,1700,eval,50,4.22,13,13,138.69646619014105,0.5625,0.5,adaptive_move,0.49,0.0,0.0,523.0,30.0,28.0,493.0,104.0,4.0,1.0,76.0,34.0,0.0,4.0,29.0,9.0,0.0,0.0,0.0,0.0,0.0,4.0,29.0,0.0,0.0,0.0,0.0
A_f0.9_move__baldwinian__s13,A_f0.9_move__baldwinian,A_f0.9_move,A,baldwinian,13,1750,eval,50,4.32,12,12,135.38141318982167,0.6666666666666666,0.5,adaptive_move,0.46,0.0,0.0,540.0,36.0,25.0,466.0,111.0,9.0,4.0,52.0,49.0,1.0,2.0,22.0,8.0,0.0,0.0,4.0,0.0,0.0,2.0,22.0,0.0,0.0,0.0,4.0
A_f0.9_move__baldwinian__s13,A_f0.9_move__baldwinian,A_f0.9_move,A,baldwinian,13,1800,eval,50,4.44,11,11,186.1982229008206,0.3958333333333333,0.5,adaptive_move,0.485,0.0,0.0,497.0,29.0,26.0,639.0,104.0,4.0,2.0,14.0,25.0,2.0,3.0,21.0,5.0,0.0,0.0,2.0,0.0,0.0,3.0,21.0,0.0,0.0,0.0,2.0
A_f0.9_move__baldwinian__s14,A_f0.9_move__baldwinian,A_f0.9_move,A,baldwinian,14,50,train,50,0.78,31,1,59.20458075135752,0.875,0.5,adaptive_move,0.575,0.05223865466135191,0.11149828767123293,238.0,11.0,14.0,191.0,148.0,4.0,0.0,0.0,50.0,1.0,2.0,31.0,35.0,1.0,0.0,0.0,0.0,0.0,2.0,31.0,0.0,0.0,0.0,0.0
A_f0.9_move__baldwinian__s14,A_f0.9_move__baldwinian,A_f0.9_move,A,baldwinian,14,100,train,50,0.8,5,5,59.906391283846744,0.9375,0.5,adaptive_move,0.5625,0.06695802489281977,0.12794068364611255,233.0,9.0,11.0,291.0,83.0,5.0,0.0,0.0,43.0,3.0,1.0,30.0,27.0,1.0,0.0,0.0,0.0,0.0,1.0,30.0,0.0,0.0,0.0,0.0
A_f0.9_move__baldwinian__s14,A_f0.9_move__baldwinian,A_f0.9_move,A,baldwinian,14,150,train,50,0.94,17,17,67.00823806058986,0.8541666666666666,0.5,adaptive_move,0.58125,0.10749736616153713,0.18763786764705892,345.0,9.0,23.0,485.0,124.0,11.0,0.0,0.0,44.0,0.0,4.0,23.0,33.0,1.0,0.0,0.0,0.0,0.0,4.0,23.0,0.0,0.0,0.0,0.0
A_f0.9_move__baldwinian__s14,A_f0.9_move__baldwinian,A_f0.9_move,A,baldwinian,14,200,train,50,0.92,12,12,73.45963404346742,0.8541666666666666,0.5,adaptive_move,0.5125,0.05640368672608813,0.11830115176151734,366.0,20.0,30.0,368.0,142.0,11.0,0.0,0.0,58.0,2.0,5.0,19.0,32.0,4.0,0.0,0.0,0.0,0.0,5.0,19.0,0.0,0.0,0.0,0.0
A_f0.9_move__baldwinian__s14,A_f0.9_move__baldwinian,A_f0.9_move,A,baldwinian,14,250,train,50,1.0,11,11,94.07052101528659,0.7708333333333334,0.5,adaptive_move,0.55,0.11077622167012319,0.1697493654822333,273.0,16.0,15.0,321.0,135.0,6.0,0.0,0.0,50.0,1.0,5.0,20.0,31.0,1.0,0.0,0.0,0.0,0.0,5.0,20.0,0.0,0.0,0.0,0.0
A_f0.9_move__baldwinian__s14,A_f0.9_move__baldwinian,A_f0.9_move,A,baldwinian,14,300,train,50,1.1,11,11,69.86458455978854,0.8125,0.5,adaptive_move,0.55,0.06814840798502328,0.14165575916230377,351.0,18.0,18.0,229.0,146.0,5.0,0.0,0.0,61.0,2.0,4.0,13.0,27.0,1.0,0.0,0.0,0.0,0.0,4.0,13.0,0.0,0.0,0.0,0.0
A_f0.9_move__baldwinian__s14,A_f0.9_move__baldwinian,A_f0.9_move,A,baldwinian,14,350,train,50,1.22,19,19,45.50414578769876,0.9375,0.5,adaptive_move,0.5,0.08168583517964964,0.15189443005181347,302.0,15.0,12.0,312.0,172.0,7.0,0.0,0.0,41.0,1.0,2.0,26.0,33.0,1.0,0.0,0.0,0.0,0.0,2.0,26.0,0.0,0.0,0.0,0.0
A_f0.9_move__baldwinian__s14,A_f0.9_move__baldwinian,A_f0.9_move,A,baldwinian,14,400,train,50,1.08,14,14,54.86961502233143,0.9166666666666666,0.5,adaptive_move,0.5375,0.09106043390091326,0.17715037128712852,298.0,7.0,21.0,309.0,139.0,10.0,0.0,0.0,41.0,0.0,4.0,19.0,35.0,0.0,0.0,0.0,0.0,0.0,4.0,19.0,0.0,0.0,0.0,0.0
A_f0.9_move__baldwinian__s14,A_f0.9_move__baldwinian,A_f0.9_move,A,baldwinian,14,450,train,50,1.04,13,13,62.64098101241223,0.8541666666666666,0.5,adaptive_move,0.625,0.11476769596056217,0.20411965558194756,327.0,16.0,21.0,381.0,141.0,8.0,0.0,0.0,47.0,2.0,3.0,25.0,35.0,0.0,0.0,0.0,0.0,0.0,3.0,25.0,0.0,0.0,0.0,0.0
A_f0.9_move__baldwinian__s14,A_f0.9_move__baldwinian,A_f0.9_move,A,baldwinian,14,500,train,47,1.3404255319148937,12,15,89.07289713418457,0.7916666666666666,0.5,adaptive_move,0.55625,0.09618291914683753,0.182532248157248,307.0,16.0,20.0,410.0,136.0,10.0,0.0,0.0,41.0,1.0,4.0,29.0,35.0,1.0,0.0,0.0,0.0,0.0,4.0,29.0,0.0,0.0,0.0,0.0
A_f0.9_move__baldwinian__s14,A_f0.9_move__baldwinian,A_f0.9_move,A,baldwinian,14,550,train,50,1.74,23,20,113.97867523864673,0.7916666666666666,0.5,adaptive_move,0.54375,0.07436469466952089,0.13364166666666666,226.0,17.0,21.0,386.0,119.0,6.0,0.0,0.0,34.0,5.0,2.0,29.0,20.0,0.0,0.0,0.0,0.0,0.0,2.0,29.0,0.0,0.0,0.0,0.0
A_f0.9_move__baldwinian__s14,A_f0.9_move__baldwinian,A_f0.9_move,A,baldwinian,14,600,train,50,1.86,16,16,110.336004300474,0.7916666666666666,0.5,adaptive_move,0.54375,0.08058472920594081,0.14860026041666674,252.0,18.0,16.0,311.0,157.0,6.0,0.0,0.0,40.0,1.0,2.0,26.0,32.0,2.0,0.0,0.0,0.0,0.0,2.0,26.0,0.0,0.0,0.0,0.0
A_f0.9_move__baldwinian__s14,A_f0.9_move__baldwinian,A_f0.9_move,A,baldwinian,14,650,train,50,2.02,16,16,103.78935286491549,0.75,0.5,adaptive_move,0.54375,0.1214199442867804,0.19708686440677958,215.0,9.0,22.0,521.0,168.0,11.0,0.0,0.0,28.0,4.0,2.0,31.0,25.0,2.0,0.0,0.0,0.0,0.0,2.0,31.0,0.0,0.0,0.0,0.0
A_f0.9_move__baldwinian__s14,A_f0.9_move__baldwinian,A_f0.9_move,A,baldwinian,14,700,train,50,2.02,14,14,64.79868927772091,0.8958333333333334,0.5,adaptive_move,0.53125,0.06535036291426072,0.13809210526315785,385.0,16.0,30.0,405.0,216.0,14.0,0.0,0.0,56.0,0.0,3.0,34.0,31.0,1.0,0.0,0.0,0.0,0.0,3.0,34.0,0.0,0.0,0.0,0.0
A_f0.9_move__baldwinian__s14,A_f0.9_move__baldwinian,A_f0.9_move,A,baldwinian,14,750,train,50,2.02,10,10,76.3782213277996,0.8125,0.5,adaptive_move,0.51875,0.08203356695260812,0.1472992819843344,323.0,17.0,22.0,408.0,128.0,5.0,0.0,0.0,51.0,1.0,4.0,22.0,21.0,2.0,0.0,0.0,0.0,0.0,4.0,22.0,0.0,0.0,0.0,0.0
A_f0.9_move__baldwinian__s14,A_f0.9_move__baldwinian,A_f0.9_move,A,baldwinian,14,800,train,50,2.08,17,17,59.305326131749354,0.8958333333333334,0.5,adaptive_move,0.575,0.0872596989663972,0.15806089743589724,256.0,14.0,17.0,408.0,118.0,3.0,0.0,0.0,48.0,3.0,1.0,30.0,25.0,2.0,0.0,0.0,0.0,0.0,1.0,30.0,0.0,0.0,0.0,0.0
A_f0.9_move__baldwinian__s14,A_f0.9_move__baldwinian,A_f0.9_move,A,baldwinian,14,850,train,50,2.28,14,14,90.93562648382134,0.7916666666666666,0.5,adaptive_move,0.51875,0.07394271150213697,0.1505248708010336,282.0,10.0,15.0,367.0,163.0,10.0,0.0,0.0,41.0,3.0,1.0,20.0,35.0,0.0,0.0,0.0,0.0,0.0,1.0,20.0,0.0,0.0,0.0,0.0
A_f0.9_move__baldwinian__s14,A_f0.9_move__baldwinian,A_f0.9_move,A,baldwinian,14,900,train,50,2.44,8,8,92.3598409657746,0.7708333333333334,0.5,adaptive_move,0.55,0.0669082983821514,0.1346402519893899,310.0,15.0,19.0,337.0,230.0,15.0,0.0,0.0,51.0,2.0,0.0,21.0,18.0,0.0,0.0,0.0,0.0,0.0,0.0,21.0,0.0,0.0,0.0,0.0
A_f0.9_move__baldwinian__s14,A_f0.9_move__baldwinian,A_f0.9_move,A,baldwinian,14,950,train,50,2.56,15,15,56.41883229052124,0.9166666666666666,0.5,adaptive_move,0.5375,0.08620593289020707,0.16098533163265283,353.0,19.0,16.0,392.0,168.0,5.0,0.0,0.0,49.0,2.0,2.0,26.0,41.0,1.0,0.0,0.0,0.0,0.0,2.0,26.0,0.0,0.0,0.0,0.0
A_f0.9_move__baldwinian__s14,A_f0.9_move__baldwinian,A_f0.9_move,A,baldwinian,14,1000,train,50,2.66,15,15,74.20991904748784,0.8541666666666666,0.5,adaptive_move,0.5875,0.08273108158644227,0.1737004950495049,259.0,5.0,22.0,334.0,97.0,13.0,0.0,0.0,42.0,1.0,7.0,16.0,30.0,4.0,0.0,0.0,0.0,0.0,7.0,16.0,0.0,0.0,0.0,0.0
A_f0.9_move__baldwinian__s14,A_f0.9_move__baldwinian,A_f0.9_move,A,baldwinian,14,1050,train,50,2.78,21,21,62.20058896353221,0.875,0.5,adaptive_move,0.55,0.0669082983821514,0.1346402519893899,308.0,16.0,11.0,265.0,160.0,6.0,0.0,0.0,41.0,1.0,3.0,18.0,30.0,0.0,0.0,0.0,0.0,0.0,3.0,18.0,0.0,0.0,0.0,0.0
A_f0.9_move__baldwinian__s14,A_f0.9_move__baldwinian,A_f0.9_move,A,baldwinian,14,1100,train,50,2.82,14,14,158.40707572540472,0.6666666666666666,0.5,adaptive_move,0.55625,0.07630039661146787,0.15302835051546393,274.0,13.0,25.0,392.0,57.0,2.0,0.0,0.0,33.0,0.0,3.0,27.0,17.0,0.0,0.0,0.0,0.0,0.0,3.0,27.0,0.0,0.0,0.0,0.0
A_f0.9_move__baldwinian__s14,A_f0.9_move__baldwinian,A_f0.9_move,A,baldwinian,14,1150,train,50,3.0,17,17,73.31693403876992,0.8541666666666666,0.5,adaptive_move,0.525,0.06593181329871985,0.13566468253968256,320.0,23.0,23.0,338.0,93.0,3.0,0.0,0.0,47.0,3.0,2.0,26.0,41.0,0.0,0.0,0.0,0.0,0.0,2.0,26.0,0.0,0.0,0.0,0.0
A_f0.9_move__baldwinian__s14,A_f0.9_move__baldwinian,A_f0.9_move,A,baldwinian,14,1200,train,50,3.1,8,8,59.1255542864471,0.875,0.5,adaptive_move,0.5125,0.10292742652233472,0.1859221813725489,398.0,21.0,23.0,437.0,123.0,4.0,0.0,0.0,45.0,5.0,2.0,28.0,27.0,0.0,0.0,0.0,0.0,0.0,2.0,28.0,0.0,0.0,0.0,0.0
A_f0.9_move__baldwinian__s14,A_f0.9_move__baldwinian,A_f0.9_move,A,baldwinian,14,1250,train,50,3.32,20,20,54.81290749639602,0.875,0.5,adaptive_move,0.5625,0.09207416876050177,0.18356707317073173,326.0,13.0,11.0,372.0,149.0,7.0,0.0,0.0,42.0,1.0,4.0,32.0,36.0,2.0,0.0,0.0,0.0,0.0,4.0,32.0,0.0,0.0,0.0,0.0
A_f0.9_move__baldwinian__s14,A_f0.9_move__baldwinian,A_f0.9_move,A,baldwinian,14,1300,train,50,3.36,14,14,50.48964376421521,0.9166666666666666,0.5,adaptive_move,0.5875,0.1006942286965754,0.18185036945812816,390.0,22.0,13.0,249.0,74.0,3.0,0.0,0.0,44.0,2.0,3.0,26.0,23.0,0.0,0.0,0.0,0.0,0.0,3.0,26.0,0.0,0.0,0.0,0.0
A_f0.9_move__baldwinian__s14,A_f0.9_move__baldwinian,A_f0.9_move,A,baldwinian,14,1350,train,50,3.48,18,18,73.92192480173108,0.8958333333333334,0.5,adaptive_move,0.55,0.10855805966903202,0.18071495037220853,305.0,16.0,12.0,338.0,126.0,5.0,0.0,0.0,35.0,3.0,2.0,29.0,34.0,1.0,0.0,0.0,0.0,0.0,2.0,29.0,0.0,0.0,0.0,0.0
A_f0.9_move__baldwinian__s14,A_f0.9_move__baldwinian,A_f0.9_move,A,baldwinian,14,1400,train,50,3.66,16,16,60.16170515537742,0.8958333333333334,0.5,adaptive_move,0.5375,0.08795798325204306,0.17248285536159558,349.0,17.0,23.0,375.0,95.0,9.0,0.0,0.0,44.0,0.0,5.0,31.0,26.0,2.0,0.0,0.0,0.0,0.0,5.0,31.0,0.0,0.0,0.0,0.0
A_f0.9_move__baldwinian__s14,A_f0.9_move__baldwinian,A_f0.9_move,A,baldwinian,14,1450,train,50,3.98,21,21,95.68582992691832,0.8333333333333334,0.5,adaptive_move,0.55,0.06931982457831166,0.12894604557640754,408.0,19.0,25.0,366.0,94.0,5.0,0.0,0.0,40.0,0.0,6.0,24.0,24.0,0.0,0.0,0.0,0.0,0.0,6.0,24.0,0.0,0.0,0.0,0.0
A_f0.9_move__baldwinian__s14,A_f0.9_move__baldwinian,A_f0.9_move,A,baldwinian,14,1500,train,50,4.22,14,14,52.495520485442235,0.9166666666666666,0.5,adaptive_move,0.55625,0.11377658825403092,0.18168532338308485,378.0,16.0,11.0,353.0,142.0,8.0,0.0,0.0,40.0,0.0,4.0,29.0,29.0,3.0,0.0,0.0,0.0,0.0,4.0,29.0,0.0,0.0,0.0,0.0
A_f0.9_move__baldwinian__s14,A_f0.9_move__baldwinian,A_f0.9_move,A,baldwinian,14,1550,eval,50,4.28,23,23,112.56702048241945,0.7916666666666666,0.5,adaptive_move,0.535,0.0,0.0,381.0,20.0,18.0,358.0,155.0,7.0,1.0,78.0,36.0,0.0,3.0,27.0,27.0,1.0,0.0,10.0,0.0,0.0,3.0,27.0,0.0,0.0,0.0,10.0
A_f0.9_move__baldwinian__s14,A_f0.9_move__baldwinian,A_f0.9_move,A,baldwinian,14,1600,eval,50,4.38,18,18,164.5424184971211,0.6458333333333334,0.5,adaptive_move,0.52,0.0,0.0,490.0,30.0,18.0,452.0,43.0,2.0,6.0,55.0,28.0,2.0,2.0,38.0,4.0,0.0,1.0,3.0,0.0,0.0,2.0,38.0,0.0,0.0,1.0,3.0
A_f0.9_move__baldwinian__s14,A_f0.9_move__baldwinian,A_f0.9_move,A,baldwinian,14,1650,eval,50,4.5,11,11,141.7989850539284,0.6041666666666666,0.5,adaptive_move,0.5,0.0,0.0,556.0,18.0,10.0,364.0,85.0,2.0,5.0,121.0,40.0,4.0,3.0,23.0,4.0,0.0,0.0,10.0,0.0,0.0,3.0,23.0,0.0,0.0,0.0,10.0
A_f0.9_move__baldwinian__s14,A_f0.9_move__baldwinian,A_f0.9_move,A,baldwinian,14,1700,eval,50,4.66,15,15,165.4740955690313,0.6666666666666666,0.5,adaptive_move,0.495,0.0,0.0,621.0,41.0,21.0,407.0,125.0,8.0,14.0,239.0,30.0,2.0,2.0,30.0,9.0,0.0,0.0,15.0,0.0,0.0,2.0,30.0,0.0,0.0,0.0,15.0
A_f0.9_move__baldwinian__s14,A_f0.9_move__baldwinian,A_f0.9_move,A,baldwinian,14,1750,eval,50,4.64,4,4,165.46359491873758,0.5416666666666666,0.5,adaptive_move,0.49,0.0,0.0,568.0,27.0,25.0,522.0,186.0,9.0,8.0,179.0,45.0,2.0,1.0,17.0,2.0,1.0,0.0,13.0,0.0,0.0,1.0,17.0,0.0,0.0,0.0,13.0
A_f0.9_move__baldwinian__s14,A_f0.9_move__baldwinian,A_f0.9_move,A,baldwinian,14,1800,eval,50,4.66,6,6,202.94655986259838,0.4375,0.5,adaptive_move,0.495,0.0,0.0,517.0,36.0,19.0,577.0,146.0,11.0,3.0,240.0,32.0,1.0,0.0,14.0,8.0,1.0,0.0,11.0,0.0,0.0,0.0,14.0,0.0,0.0,0.0,11.0
A_f0.9_move__baldwinian__s15,A_f0.9_move__baldwinian,A_f0.9_move,A,baldwinian,15,50,train,50,0.8,34,4,65.56563743123067,0.875,0.5,adaptive_move,0.51875,0.08737878596454751,0.13384024064171118,183.0,5.0,17.0,237.0,48.0,2.0,0.0,0.0,47.0,2.0,6.0,47.0,15.0,0.0,0.0,0.0,0.0,0.0,6.0,47.0,0.0,0.0,0.0,0.0
A_f0.9_move__baldwinian__s15,A_f0.9_move__baldwinian,A_f0.9_move,A,baldwinian,15,100,train,50,0.88,7,7,87.84126756789018,0.8125,0.5,adaptive_move,0.49375,0.08081193380142224,0.15572782776349592,293.0,16.0,19.0,313.0,71.0,7.0,0.0,0.0,54.0,3.0,5.0,31.0,11.0,0.0,0.0,0.0,0.0,0.0,5.0,31.0,0.0,0.0,0.0,0.0
A_f0.9_move__baldwinian__s15,A_f0.9_move__baldwinian,A_f0.9_move,A,baldwinian,15,150,train,49,1.0408163265306123,19,20,78.07084073175514,0.875,0.5,adaptive_move,0.54375,0.08799396671386928,0.15242694805194779,259.0,11.0,17.0,491.0,33.0,1.0,0.0,0.0,43.0,1.0,3.0,49.0,12.0,0.0,0.0,0.0,0.0,0.0,3.0,49.0,0.0,0.0,0.0,0.0
A_f0.9_move__baldwinian__s15,A_f0.9_move__baldwinian,A_f0.9_move,A,baldwinian,15,200,train,50,1.08,19,18,56.83708365289772,0.8541666666666666,0.5,adaptive_move,0.5125,0.08632173787168203,0.14085648148148122,326.0,13.0,23.0,411.0,90.0,4.0,0.0,0.0,48.0,4.0,2.0,40.0,19.0,1.0,0.0,0.0,0.0,0.0,2.0,40.0,0.0,0.0,0.0,0.0
A_f0.9_move__baldwinian__s15,A_f0.9_move__baldwinian,A_f0.9_move,A,baldwinian,15,250,train,50,1.4,19,19,77.75362570495699,0.8125,0.5,adaptive_move,0.56875,0.08328551354166433,0.16541982323232318,375.0,14.0,25.0,426.0,110.0,11.0,0.0,0.0,44.0,0.0,2.0,34.0,18.0,1.0,0.0,0.0,0.0,0.0,2.0,34.0,0.0,0.0,0.0,0.0
A_f0.9_move__baldwinian__s15,A_f0.9_move__baldwinian,A_f0.9_move,A,baldwinian,15,300,train,50,1.32,14,14,66.88452292265335,0.8958333333333334,0.5,adaptive_move,0.5625,0.09658994680215759,0.15992127249357324,415.0,21.0,30.0,498.0,55.0,4.0,0.0,0.0,59.0,1.0,4.0,30.0,14.0,1.0,0.0,0.0,0.0,0.0,4.0,30.0,0.0,0.0,0.0,0.0
A_f0.9_move__baldwinian__s15,A_f0.9_move__baldwinian,A_f0.9_move,A,baldwinian,15,350,train,50,1.3,11,11,102.32297112121334,0.7291666666666666,0.5,adaptive_move,0.575,0.08937629198082836,0.17005339195979907,352.0,24.0,21.0,500.0,18.0,2.0,0.0,0.0,44.0,1.0,4.0,26.0,7.0,1.0,0.0,0.0,0.0,0.0,4.0,26.0,0.0,0.0,0.0,0.0
A_f0.9_move__baldwinian__s15,A_f0.9_move__baldwinian,A_f0.9_move,A,baldwinian,15,400,train,50,1.26,9,9,98.1336903017781,0.7708333333333334,0.5,adaptive_move,0.5125,0.07823033892132233,0.1530122422680411,501.0,31.0,14.0,478.0,57.0,2.0,0.0,0.0,53.0,3.0,2.0,28.0,14.0,0.0,0.0,0.0,0.0,0.0,2.0,28.0,0.0,0.0,0.0,0.0
A_f0.9_move__baldwinian__s15,A_f0.9_move__baldwinian,A_f0.9_move,A,baldwinian,15,450,train,50,1.3,5,5,80.6831673035995,0.8125,0.5,adaptive_move,0.51875,0.07206323808990667,0.13240833333333346,528.0,29.0,37.0,524.0,24.0,2.0,0.0,0.0,60.0,0.0,7.0,24.0,12.0,0.0,0.0,0.0,0.0,0.0,7.0,24.0,0.0,0.0,0.0,0.0
A_f0.9_move__baldwinian__s15,A_f0.9_move__baldwinian,A_f0.9_move,A,baldwinian,15,500,train,50,1.44,14,14,62.14456470483248,0.8958333333333334,0.5,adaptive_move,0.575,0.09415896094653414,0.17034792191435777,471.0,21.0,21.0,520.0,44.0,0.0,0.0,0.0,67.0,1.0,4.0,27.0,23.0,0.0,0.0,0.0,0.0,0.0,4.0,27.0,0.0,0.0,0.0,0.0
A_f0.9_move__baldwinian__s15,A_f0.9_move__baldwinian,A_f0.9_move,A,baldwinian,15,550,train,50,1.74,19,19,103.9111302070165,0.8333333333333334,0.5,adaptive_move,0.525,0.09556824785983248,0.15688791989664064,487.0,27.0,22.0,372.0,59.0,6.0,0.0,0.0,67.0,0.0,2.0,27.0,9.0,1.0,0.0,0.0,0.0,0.0,2.0,27.0,0.0,0.0,0.0,0.0
A_f0.9_move__baldwinian__s15,A_f0.9_move__baldwinian,A_f0.9_move,A,baldwinian,15,600,train,50,1.82,12,12,91.56603920796402,0.875,0.5,adaptive_move,0.54375,0.06232980386037239,0.1332145225464192,332.0,12.0,12.0,412.0,55.0,3.0,0.0,0.0,54.0,1.0,4.0,34.0,14.0,0.0,0.0,0.0,0.0,0.0,4.0,34.0,0.0,0.0,0.0,0.0
A_f0.9_move__baldwinian__s15,A_f0.9_move__baldwinian,A_f0.9_move,A,baldwinian,15,650,train,50,2.08,17,17,105.00455801881458,0.7708333333333334,0.5,adaptive_move,0.5625,0.0740367341066862,0.14373363874345557,306.0,17.0,28.0,589.0,80.0,2.0,0.0,0.0,44.0,1.0,7.0,34.0,16.0,2.0,0.0,0.0,0.0,0.0,7.0,34.0,0.0,0.0,0.0,0.0
A_f0.9_move__baldwinian__s15,A_f0.9_move__baldwinian,A_f0.9_move,A,baldwinian,15,700,train,50,2.36,17,17,92.67095480920764,0.7708333333333334,0.5,adaptive_move,0.6125,0.07337529028674977,0.14368455497382193,407.0,17.0,31.0,620.0,42.0,4.0,0.0,0.0,49.0,2.0,5.0,33.0,10.0,1.0,0.0,0.0,0.0,0.0,5.0,33.0,0.0,0.0,0.0,0.0
A_f0.9_move__baldwinian__s15,A_f0.9_move__baldwinian,A_f0.9_move,A,baldwinian,15,750,train,50,2.44,12,12,94.5802821920368,0.7708333333333334,0.5,adaptive_move,0.5875,0.09152595653355283,0.14344492084432736,297.0,13.0,33.0,563.0,162.0,8.0,0.0,0.0,44.0,2.0,4.0,23.0,22.0,1.0,0.0,0.0,0.0,0.0,4.0,23.0,0.0,0.0,0.0,0.0
A_f0.9_move__baldwinian__s15,A_f0.9_move__baldwinian,A_f0.9_move,A,baldwinian,15,800,train,50,2.4,18,18,60.198185696265035,0.9583333333333334,0.5,adaptive_move,0.55625,0.07899755199169746,0.15405927835051547,482.0,25.0,32.0,463.0,58.0,2.0,0.0,0.0,56.0,1.0,4.0,32.0,16.0,0.0,0.0,0.0,0.0,0.0,4.0,32.0,0.0,0.0,0.0,0.0
A_f0.9_move__baldwinian__s15,A_f0.9_move__baldwinian,A_f0.9_move,A,baldwinian,15,850,train,50,2.56,24,24,85.01842743328072,0.8541666666666666,0.5,adaptive_move,0.59375,0.10744780793642049,0.1889176829268291,469.0,26.0,19.0,368.0,114.0,9.0,0.0,0.0,65.0,1.0,6.0,34.0,9.0,0.0,0.0,0.0,0.0,0.0,6.0,34.0,0.0,0.0,0.0,0.0
A_f0.9_move__baldwinian__s15,A_f0.9_move__baldwinian,A_f0.9_move,A,baldwinian,15,900,train,50,2.7,15,15,128.07367993746834,0.6458333333333334,0.5,adaptive_move,0.525,0.07114258831742393,0.13879452506596324,530.0,29.0,20.0,430.0,101.0,9.0,0.0,0.0,40.0,0.0,6.0,27.0,12.0,1.0,0.0,0.0,0.0,0.0,6.0,27.0,0.0,0.0,0.0,0.0
A_f0.9_move__baldwinian__s15,A_f0.9_move__baldwinian,A_f0.9_move,A,baldwinian,15,950,train,50,2.8,11,11,123.87241285883665,0.7291666666666666,0.5,adaptive_move,0.51875,0.060552646263109876,0.1150785519125681,469.0,20.0,15.0,532.0,78.0,4.0,0.0,0.0,36.0,1.0,3.0,34.0,11.0,0.0,0.0,0.0,0.0,0.0,3.0,34.0,0.0,0.0,0.0,0.0
A_f0.9_move__baldwinian__s15,A_f0.9_move__baldwinian,A_f0.9_move,A,baldwinian,15,1000,train,50,3.0,19,19,105.07210827423543,0.7291666666666666,0.5,adaptive_move,0.55625,0.09779530074653568,0.18632621951219508,434.0,19.0,30.0,528.0,77.0,2.0,0.0,0.0,46.0,2.0,6.0,33.0,17.0,0.0,0.0,0.0,0.0,0.0,6.0,33.0,0.0,0.0,0.0,0.0
A_f0.9_move__baldwinian__s15,A_f0.9_move__baldwinian,A_f0.9_move,A,baldwinian,15,1050,train,50,3.14,14,14,51.569809130669,0.9166666666666666,0.5,adaptive_move,0.50625,0.06301558290025801,0.12516801075268802,347.0,20.0,31.0,572.0,52.0,3.0,0.0,0.0,60.0,3.0,3.0,37.0,17.0,0.0,0.0,0.0,0.0,0.0,3.0,37.0,0.0,0.0,0.0,0.0
A_f0.9_move__baldwinian__s15,A_f0.9_move__baldwinian,A_f0.9_move,A,baldwinian,15,1100,train,50,3.38,17,17,101.55527520894162,0.7708333333333334,0.5,adaptive_move,0.55625,0.09892379076908148,0.17163885390428235,419.0,22.0,9.0,353.0,102.0,5.0,0.0,0.0,42.0,1.0,1.0,27.0,18.0,0.0,0.0,0.0,0.0,0.0,1.0,27.0,0.0,0.0,0.0,0.0
A_f0.9_move__baldwinian__s15,A_f0.9_move__baldwinian,A_f0.9_move,A,baldwinian,15,1150,train,50,3.56,18,18,101.9899110260502,0.7916666666666666,0.5,adaptive_move,0.525,0.06986776192743271,0.13533653846153837,474.0,22.0,20.0,365.0,75.0,2.0,0.0,0.0,50.0,1.0,4.0,28.0,16.0,1.0,0.0,0.0,0.0,0.0,4.0,28.0,0.0,0.0,0.0,0.0
A_f0.9_move__baldwinian__s15,A_f0.9_move__baldwinian,A_f0.9_move,A,baldwinian,15,1200,train,50,3.76,13,13,65.29062386472265,0.8958333333333334,0.5,adaptive_move,0.55625,0.06240921335063704,0.12578965053763413,440.0,23.0,18.0,388.0,101.0,1.0,0.0,0.0,56.0,1.0,3.0,24.0,23.0,0.0,0.0,0.0,0.0,0.0,3.0,24.0,0.0,0.0,0.0,0.0
A_f0.9_move__baldwinian__s15,A_f0.9_move__baldwinian,A_f0.9_move,A,baldwinian,15,1250,train,50,3.72,22,22,74.72129377746845,0.8958333333333334,0.5,adaptive_move,0.5375,0.08581412150079365,0.1767703201970443,299.0,23.0,24.0,438.0,24.0,0.0,0.0,0.0,60.0,3.0,5.0,36.0,2.0,0.0,0.0,0.0,0.0,0.0,5.0,36.0,0.0,0.0,0.0,0.0
A_f0.9_move__baldwinian__s15,A_f0.9_move__baldwinian,A_f0.9_move,A,baldwinian,15,1300,train,50,3.78,16,16,77.50782733585464,0.8333333333333334,0.5,adaptive_move,0.55,0.07185676802725227,0.15961174242424248,260.0,14.0,17.0,397.0,104.0,4.0,0.0,0.0,46.0,2.0,5.0,27.0,15.0,0.0,0.0,0.0,0.0,0.0,5.0,27.0,0.0,0.0,0.0,0.0
A_f0.9_move__baldwinian__s15,A_f0.9_move__baldwinian,A_f0.9_move,A,baldwinian,15,1350,train,50,3.92,23,23,105.19071570890264,0.7916666666666666,0.5,adaptive_move,0.5625,0.11249004835712649,0.1837716584158413,423.0,23.0,26.0,478.0,99.0,6.0,0.0,0.0,41.0,4.0,5.0,34.0,12.0,0.0,0.0,0.0,0.0,0.0,5.0,34.0,0.0,0.0,0.0,0.0
A_f0.9_move__baldwinian__s15,A_f0.9_move__baldwinian,A_f0.9_move,A,baldwinian,15,1400,train,50,4.18,16,16,63.3294273148432,0.875,0.5,adaptive_move,0.55,0.08938888770660128,0.16630537974683546,435.0,25.0,20.0,512.0,91.0,3.0,0.0,0.0,59.0,3.0,4.0,31.0,17.0,1.0,0.0,0.0,0.0,0.0,4.0,31.0,0.0,0.0,0.0,0.0
A_f0.9_move__baldwinian__s15,A_f0.9_move__baldwinian,A_f0.9_move,A,baldwinian,15,1450,train,50,4.38,19,19,59.070113723345294,0.9166666666666666,0.5,adaptive_move,0.5375,0.0681484079850233,0.14165575916230377,294.0,5.0,31.0,494.0,60.0,4.0,0.0,0.0,57.0,0.0,3.0,29.0,14.0,1.0,0.0,0.0,0.0,0.0,3.0,29.0,0.0,0.0,0.0,0.0
A_f0.9_move__baldwinian__s15,A_f0.9_move__baldwinian,A_f0.9_move,A,baldwinian,15,1500,train,50,4.46,18,18,72.43301101796588,0.875,0.5,adaptive_move,0.5375,0.12694595276700105,0.19407854523227352,385.0,28.0,17.0,367.0,80.0,4.0,0.0,0.0,61.0,1.0,2.0,22.0,20.0,0.0,0.0,0.0,0.0,0.0,2.0,22.0,0.0,0.0,0.0,0.0
A_f0.9_move__baldwinian__s15,A_f0.9_move__baldwinian,A_f0.9_move,A,baldwinian,15,1550,eval,50,4.64,24,24,89.91947317150745,0.8125,0.5,adaptive_move,0.535,0.0,0.0,327.0,16.0,16.0,454.0,64.0,1.0,1.0,56.0,49.0,1.0,5.0,31.0,9.0,0.0,0.0,4.0,0.0,0.0,5.0,31.0,0.0,0.0,0.0,4.0
A_f0.9_move__baldwinian__s15,A_f0.9_move__baldwinian,A_f0.9_move,A,baldwinian,15,1600,eval,50,4.78,19,19,106.79919042787034,0.7708333333333334,0.5,adaptive_move,0.495,0.0,0.0,369.0,26.0,28.0,540.0,157.0,7.0,3.0,72.0,31.0,4.0,3.0,43.0,6.0,2.0,0.0,7.0,0.0,0.0,3.0,43.0,0.0,0.0,0.0,7.0
A_f0.9_move__baldwinian__s15,A_f0.9_move__baldwinian,A_f0.9_move,A,baldwinian,15,1650,eval,50,4.86,13,13,178.37247154718528,0.5625,0.5,adaptive_move,0.505,0.0,0.0,600.0,23.0,40.0,583.0,160.0,9.0,1.0,35.0,39.0,0.0,8.0,21.0,9.0,1.0,1.0,6.0,0.0,0.0,8.0,21.0,0.0,0.0,1.0,6.0
A_f0.9_move__baldwinian__s15,A_f0.9_move__baldwinian,A_f0.9_move,A,baldwinian,15,1700,eval,50,4.88,15,15,145.74265989419752,0.625,0.5,adaptive_move,0.535,0.0,0.0,474.0,26.0,35.0,657.0,146.0,8.0,2.0,44.0,36.0,0.0,6.0,38.0,10.0,0.0,0.0,5.0,0.0,0.0,6.0,38.0,0.0,0.0,0.0,5.0
A_f0.9_move__baldwinian__s15,A_f0.9_move__baldwinian,A_f0.9_move,A,baldwinian,15,1750,eval,50,4.82,17,17,155.5320571133364,0.6666666666666666,0.5,adaptive_move,0.475,0.0,0.0,487.0,24.0,46.0,569.0,124.0,12.0,3.0,31.0,37.0,2.0,8.0,36.0,6.0,0.0,1.0,8.0,0.0,0.0,8.0,36.0,0.0,0.0,1.0,8.0
A_f0.9_move__baldwinian__s15,A_f0.9_move__baldwinian,A_f0.9_move,A,baldwinian,15,1800,eval,50,4.8,14,14,141.3243832156822,0.5833333333333334,0.5,adaptive_move,0.435,0.0,0.0,367.0,16.0,22.0,384.0,72.0,1.0,4.0,69.0,28.0,0.0,0.0,22.0,9.0,0.0,0.0,6.0,0.0,0.0,0.0,22.0,0.0,0.0,0.0,6.0
A_f0.9_move__baldwinian__s16,A_f0.9_move__baldwinian,A_f0.9_move,A,baldwinian,16,50,train,50,0.92,33,3,46.818211645669685,0.9583333333333334,0.5,adaptive_move,0.4875,0.05332718116295054,0.11508004087193457,206.0,7.0,11.0,284.0,86.0,5.0,0.0,0.0,57.0,0.0,2.0,44.0,21.0,0.0,0.0,0.0,0.0,0.0,2.0,44.0,0.0,0.0,0.0,0.0
A_f0.9_move__baldwinian__s16,A_f0.9_move__baldwinian,A_f0.9_move,A,baldwinian,16,100,train,50,1.04,11,11,87.35719484898641,0.8541666666666666,0.5,adaptive_move,0.5625,0.07471078901370187,0.16054588607594944,320.0,24.0,15.0,355.0,61.0,2.0,0.0,0.0,42.0,2.0,6.0,27.0,13.0,1.0,0.0,0.0,0.0,0.0,6.0,27.0,0.0,0.0,0.0,0.0
A_f0.9_move__baldwinian__s16,A_f0.9_move__baldwinian,A_f0.9_move,A,baldwinian,16,150,train,50,1.42,15,15,61.588480944179345,0.8958333333333334,0.5,adaptive_move,0.575,0.07318418183281131,0.14646809895833313,409.0,24.0,26.0,425.0,78.0,6.0,0.0,0.0,60.0,2.0,5.0,28.0,12.0,1.0,0.0,0.0,0.0,0.0,5.0,28.0,0.0,0.0,0.0,0.0
A_f0.9_move__baldwinian__s16,A_f0.9_move__baldwinian,A_f0.9_move,A,baldwinian,16,200,train,44,1.3863636363636365,14,20,122.6566766415927,0.7916666666666666,0.5,adaptive_move,0.54375,0.06879391210604648,0.13747526385224296,173.0,16.0,23.0,310.0,110.0,6.0,0.0,0.0,37.0,1.0,5.0,33.0,16.0,2.0,0.0,0.0,0.0,0.0,5.0,33.0,0.0,0.0,0.0,0.0
A_f0.9_move__baldwinian__s16,A_f0.9_move__baldwinian,A_f0.9_move,A,baldwinian,16,250,train,43,1.372093023255814,15,16,69.50292511385766,0.875,0.5,adaptive_move,0.51875,0.10300873578157776,0.15618523316062172,338.0,19.0,23.0,370.0,59.0,3.0,0.0,0.0,45.0,1.0,5.0,34.0,20.0,3.0,0.0,0.0,0.0,0.0,5.0,34.0,0.0,0.0,0.0,0.0
A_f0.9_move__baldwinian__s16,A_f0.9_move__baldwinian,A_f0.9_move,A,baldwinian,16,300,train,49,1.4285714285714286,16,10,70.93162209007153,0.9166666666666666,0.5,adaptive_move,0.5375,0.10104204015813661,0.16538584183673466,464.0,30.0,20.0,388.0,73.0,4.0,0.0,0.0,43.0,6.0,3.0,35.0,20.0,1.0,0.0,0.0,0.0,0.0,3.0,35.0,0.0,0.0,0.0,0.0
A_f0.9_move__baldwinian__s16,A_f0.9_move__baldwinian,A_f0.9_move,A,baldwinian,16,350,train,50,1.64,18,17,69.11906160782208,0.8958333333333334,0.5,adaptive_move,0.54375,0.0748702212887184,0.14302001312335944,354.0,20.0,24.0,436.0,67.0,4.0,0.0,0.0,57.0,1.0,4.0,27.0,15.0,1.0,0.0,0.0,0.0,0.0,4.0,27.0,0.0,0.0,0.0,0.0
A_f0.9_move__baldwinian__s16,A_f0.9_move__baldwinian,A_f0.9_move,A,baldwinian,16,400,train,50,1.6,14,14,88.93951585289145,0.8541666666666666,0.5,adaptive_move,0.5375,0.10706872467376058,0.178886815920398,273.0,13.0,20.0,354.0,112.0,5.0,0.0,0.0,44.0,1.0,7.0,22.0,19.0,3.0,0.0,0.0,0.0,0.0,7.0,22.0,0.0,0.0,0.0,0.0
A_f0.9_move__baldwinian__s16,A_f0.9_move__baldwinian,A_f0.9_move,A,baldwinian,16,450,train,50,1.64,22,22,62.897769217645674,0.9375,0.5,adaptive_move,0.53125,0.09768743936762261,0.1606121465295629,291.0,13.0,20.0,512.0,49.0,0.0,0.0,0.0,37.0,1.0,5.0,38.0,21.0,0.0,0.0,0.0,0.0,0.0,5.0,38.0,0.0,0.0,0.0,0.0
A_f0.9_move__baldwinian__s16,A_f0.9_move__baldwinian,A_f0.9_move,A,baldwinian,16,500,train,50,1.98,17,17,93.3317029882397,0.7708333333333334,0.5,adaptive_move,0.575,0.0973479102350015,0.18393075980392148,358.0,17.0,21.0,347.0,69.0,3.0,0.0,0.0,53.0,3.0,4.0,21.0,9.0,1.0,0.0,0.0,0.0,0.0,4.0,21.0,0.0,0.0,0.0,0.0
A_f0.9_move__baldwinian__s16,A_f0.9_move__baldwinian,A_f0.9_move,A,baldwinian,16,550,train,50,2.48,29,29,40.22981992435699,0.9583333333333334,0.5,adaptive_move,0.58125,0.10385406304892186,0.18636155256723708,218.0,20.0,9.0,315.0,64.0,6.0,0.0,0.0,57.0,1.0,2.0,37.0,23.0,2.0,0.0,0.0,0.0,0.0,2.0,37.0,0.0,0.0,0.0,0.0
A_f0.9_move__baldwinian__s16,A_f0.9_move__baldwinian,A_f0.9_move,A,baldwinian,16,600,train,50,2.86,18,18,88.15951783269212,0.8333333333333334,0.5,adaptive_move,0.5875,0.11317688559913089,0.19639190821256025,238.0,12.0,14.0,261.0,59.0,2.0,0.0,0.0,35.0,0.0,4.0,33.0,19.0,1.0,0.0,0.0,0.0,0.0,4.0,33.0,0.0,0.0,0.0,0.0
A_f0.9_move__baldwinian__s16,A_f0.9_move__baldwinian,A_f0.9_move,A,baldwinian,16,650,train,50,3.12,16,16,79.7127749578209,0.75,0.5,adaptive_move,0.55,0.07450638116736095,0.14146381578947342,427.0,23.0,20.0,477.0,94.0,5.0,0.0,0.0,53.0,5.0,2.0,27.0,18.0,1.0,0.0,0.0,0.0,0.0,2.0,27.0,0.0,0.0,0.0,0.0
A_f0.9_move__baldwinian__s16,A_f0.9_move__baldwinian,A_f0.9_move,A,baldwinian,16,700,train,50,3.36,17,17,120.8597547835575,0.7708333333333334,0.5,adaptive_move,0.58125,0.07491678996504951,0.15975571065989813,455.0,24.0,16.0,439.0,62.0,3.0,0.0,0.0,48.0,2.0,3.0,28.0,22.0,0.0,0.0,0.0,0.0,0.0,3.0,28.0,0.0,0.0,0.0,0.0
A_f0.9_move__baldwinian__s16,A_f0.9_move__baldwinian,A_f0.9_move,A,baldwinian,16,750,train,50,3.52,15,15,57.95928250538559,0.9583333333333334,0.5,adaptive_move,0.55625,0.07336444607510806,0.14606119791666683,275.0,23.0,27.0,387.0,41.0,3.0,0.0,0.0,60.0,4.0,9.0,25.0,19.0,1.0,0.0,0.0,0.0,0.0,9.0,25.0,0.0,0.0,0.0,0.0
A_f0.9_move__baldwinian__s16,A_f0.9_move__baldwinian,A_f0.9_move,A,baldwinian,16,800,train,50,3.7,19,19,54.21968375299032,0.9375,0.5,adaptive_move,0.54375,0.07641848163681675,0.14867694805194787,240.0,13.0,33.0,469.0,109.0,7.0,0.0,0.0,40.0,4.0,4.0,36.0,22.0,2.0,0.0,0.0,0.0,0.0,4.0,36.0,0.0,0.0,0.0,0.0
A_f0.9_move__baldwinian__s16,A_f0.9_move__baldwinian,A_f0.9_move,A,baldwinian,16,850,train,50,3.92,16,16,40.410120145910255,0.9791666666666666,0.5,adaptive_move,0.59375,0.09645676833020358,0.178898514851485,447.0,22.0,17.0,405.0,54.0,2.0,0.0,0.0,68.0,2.0,1.0,30.0,17.0,1.0,0.0,0.0,0.0,0.0,1.0,30.0,0.0,0.0,0.0,0.0
A_f0.9_move__baldwinian__s16,A_f0.9_move__baldwinian,A_f0.9_move,A,baldwinian,16,900,train,47,4.23404255319149,16,19,117.44905890070153,0.75,0.5,adaptive_move,0.5375,0.06528378779716625,0.13213098404255308,285.0,19.0,31.0,410.0,71.0,2.0,0.0,0.0,36.0,4.0,3.0,28.0,17.0,0.0,0.0,0.0,0.0,0.0,3.0,28.0,0.0,0.0,0.0,0.0
A_f0.9_move__baldwinian__s16,A_f0.9_move__baldwinian,A_f0.9_move,A,baldwinian,16,950,train,46,4.434782608695652,21,22,124.38901873359829,0.7083333333333334,0.5,adaptive_move,0.55625,0.11391115599266838,0.19587862318840576,222.0,9.0,14.0,286.0,81.0,7.0,0.0,0.0,37.0,0.0,3.0,39.0,14.0,2.0,0.0,0.0,0.0,0.0,3.0,39.0,0.0,0.0,0.0,0.0
A_f0.9_move__baldwinian__s16,A_f0.9_move__baldwinian,A_f0.9_move,A,baldwinian,16,1000,train,45,4.466666666666667,19,20,75.83572197210084,0.8333333333333334,0.5,adaptive_move,0.55,0.0873759791409616,0.1561694587628868,283.0,14.0,27.0,291.0,62.0,3.0,0.0,0.0,46.0,0.0,8.0,33.0,13.0,0.0,0.0,0.0,0.0,0.0,8.0,33.0,0.0,0.0,0.0,0.0
A_f0.9_move__baldwinian__s16,A_f0.9_move__baldwinian,A_f0.9_move,A,baldwinian,16,1050,train,41,4.585365853658536,18,22,114.78673265782255,0.75,0.5,adaptive_move,0.51875,0.08454111215543572,0.16234137055837516,353.0,15.0,19.0,429.0,31.0,1.0,0.0,0.0,53.0,1.0,6.0,32.0,10.0,0.0,0.0,0.0,0.0,0.0,6.0,32.0,0.0,0.0,0.0,0.0
A_f0.9_move__baldwinian__s16,A_f0.9_move__baldwinian,A_f0.9_move,A,baldwinian,16,1100,train,50,4.78,28,19,108.59125480891383,0.7916666666666666,0.5,adaptive_move,0.54375,0.07088843650792875,0.13858014511873362,330.0,27.0,27.0,462.0,123.0,7.0,0.0,0.0,38.0,2.0,6.0,31.0,20.0,1.0,0.0,0.0,0.0,0.0,6.0,31.0,0.0,0.0,0.0,0.0
A_f0.9_move__baldwinian__s16,A_f0.9_move__baldwinian,A_f0.9_move,A,baldwinian,16,1150,train,50,4.72,13,13,97.48122037461383,0.8125,0.5,adaptive_move,0.525,0.06397339411488036,0.13745065789473676,500.0,25.0,17.0,422.0,88.0,7.0,0.0,0.0,40.0,2.0,3.0,33.0,15.0,3.0,0.0,0.0,0.0,0.0,3.0,33.0,0.0,0.0,0.0,0.0
A_f0.9_move__baldwinian__s16,A_f0.9_move__baldwinian,A_f0.9_move,A,baldwinian,16,1200,train,50,4.74,10,10,85.17661309514331,0.75,0.5,adaptive_move,0.55,0.04278848842676164,0.08717245042492916,471.0,23.0,20.0,390.0,115.0,11.0,0.0,0.0,59.0,2.0,3.0,26.0,18.0,3.0,0.0,0.0,0.0,0.0,3.0,26.0,0.0,0.0,0.0,0.0
A_f0.9_move__baldwinian__s16,A_f0.9_move__baldwinian,A_f0.9_move,A,baldwinian,16,1250,train,50,5.08,22,22,131.8723574249296,0.7083333333333334,0.5,adaptive_move,0.53125,0.0662197308267648,0.14001804461942258,331.0,14.0,32.0,597.0,111.0,9.0,0.0,0.0,43.0,1.0,7.0,36.0,10.0,0.0,0.0,0.0,0.0,0.0,7.0,36.0,0.0,0.0,0.0,0.0
A_f0.9_move__baldwinian__s16,A_f0.9_move__baldwinian,A_f0.9_move,A,baldwinian,16,1300,train,50,5.2,13,13,86.68148437767526,0.7708333333333334,0.5,adaptive_move,0.5125,0.09420911152464616,0.17778465346534666,335.0,16.0,21.0,378.0,148.0,9.0,0.0,0.0,43.0,1.0,6.0,22.0,18.0,0.0,0.0,0.0,0.0,0.0,6.0,22.0,0.0,0.0,0.0,0.0
A_f0.9_move__baldwinian__s16,A_f0.9_move__baldwinian,A_f0.9_move,A,baldwinian,16,1350,train,50,5.36,11,11,103.19073726842933,0.7291666666666666,0.5,adaptive_move,0.525,0.06982645530879367,0.13044786096256678,402.0,20.0,24.0,563.0,63.0,4.0,0.0,0.0,27.0,1.0,3.0,40.0,14.0,0.0,0.0,0.0,0.0,0.0,3.0,40.0,0.0,0.0,0.0,0.0
A_f0.9_move__baldwinian__s16,A_f0.9_move__baldwinian,A_f0.9_move,A,baldwinian,16,1400,train,50,5.58,16,16,113.68207028897773,0.7708333333333334,0.5,adaptive_move,0.60625,0.13033593478689923,0.21018957345971567,489.0,26.0,16.0,501.0,58.0,4.0,0.0,0.0,49.0,2.0,7.0,30.0,9.0,0.0,0.0,0.0,0.0,0.0,7.0,30.0,0.0,0.0,0.0,0.0
A_f0.9_move__baldwinian__s16,A_f0.9_move__baldwinian,A_f0.9_move,A,baldwinian,16,1450,train,50,5.46,13,13,85.4160253521694,0.8333333333333334,0.5,adaptive_move,0.56875,0.10271451649599718,0.18463605651105652,406.0,29.0,30.0,578.0,119.0,3.0,0.0,0.0,52.0,3.0,4.0,34.0,18.0,0.0,0.0,0.0,0.0,0.0,4.0,34.0,0.0,0.0,0.0,0.0
A_f0.9_move__baldwinian__s16,A_f0.9_move__baldwinian,A_f0.9_move,A,baldwinian,16,1500,train,50,5.52,13,13,140.8732025780107,0.6666666666666666,0.5,adaptive_move,0.525,0.09944929323252408,0.19546130952380936,340.0,17.0,25.0,461.0,97.0,3.0,0.0,0.0,50.0,0.0,4.0,23.0,13.0,0.0,0.0,0.0,0.0,0.0,4.0,23.0,0.0,0.0,0.0,0.0
A_f0.9_move__baldwinian__s16,A_f0.9_move__baldwinian,A_f0.9_move,A,baldwinian,16,1550,eval,50,5.46,16,16,125.64188524281687,0.7083333333333334,0.5,adaptive_move,0.565,0.0,0.0,429.0,29.0,18.0,441.0,46.0,3.0,3.0,58.0,46.0,0.0,6.0,28.0,10.0,1.0,0.0,5.0,0.0,0.0,6.0,28.0,0.0,0.0,0.0,5.0
A_f0.9_move__baldwinian__s16,A_f0.9_move__baldwinian,A_f0.9_move,A,baldwinian,16,1600,eval,50,5.5,21,21,179.00409077432596,0.5416666666666666,0.5,adaptive_move,0.49,0.0,0.0,495.0,37.0,19.0,519.0,62.0,5.0,5.0,32.0,32.0,1.0,4.0,34.0,8.0,1.0,0.0,2.0,0.0,0.0,4.0,34.0,0.0,0.0,0.0,2.0
A_f0.9_move__baldwinian__s16,A_f0.9_move__baldwinian,A_f0.9_move,A,baldwinian,16,1650,eval,50,5.6,11,11,157.10376963326934,0.5416666666666666,0.5,adaptive_move,0.47,0.0,0.0,514.0,27.0,28.0,616.0,56.0,3.0,3.0,57.0,27.0,1.0,2.0,28.0,6.0,0.0,0.0,4.0,0.0,0.0,2.0,28.0,0.0,0.0,0.0,4.0
A_f0.9_move__baldwinian__s16,A_f0.9_move__baldwinian,A_f0.9_move,A,baldwinian,16,1700,eval,50,5.82,17,17,174.48547462981833,0.5833333333333334,0.5,adaptive_move,0.495,0.0,0.0,504.0,28.0,26.0,617.0,33.0,1.0,4.0,79.0,39.0,1.0,2.0,35.0,0.0,0.0,0.0,3.0,0.0,0.0,2.0,35.0,0.0,0.0,0.0,3.0
A_f0.9_move__baldwinian__s16,A_f0.9_move__baldwinian,A_f0.9_move,A,baldwinian,16,1750,eval,50,5.94,18,18,203.7598990922629,0.5,0.5,adaptive_move,0.5,0.0,0.0,345.0,22.0,24.0,460.0,116.0,4.0,4.0,151.0,24.0,0.0,4.0,18.0,0.0,0.0,0.0,4.0,0.0,0.0,4.0,18.0,0.0,0.0,0.0,4.0
A_f0.9_move__baldwinian__s16,A_f0.9_move__baldwinian,A_f0.9_move,A,baldwinian,16,1800,eval,50,6.16,11,11,196.34058439689161,0.4375,0.5,adaptive_move,0.475,0.0,0.0,384.0,23.0,25.0,505.0,106.0,4.0,6.0,189.0,21.0,0.0,4.0,30.0,4.0,0.0,0.0,6.0,0.0,0.0,4.0,30.0,0.0,0.0,0.0,6.0
A_f0.9_move__baldwinian__s17,A_f0.9_move__baldwinian,A_f0.9_move,A,baldwinian,17,50,train,50,0.78,33,3,99.84294764394173,0.7916666666666666,0.5,adaptive_move,0.55625,0.07099531788565441,0.10958218232044192,262.0,13.0,7.0,174.0,113.0,3.0,0.0,0.0,39.0,2.0,3.0,30.0,32.0,1.0,0.0,0.0,0.0,0.0,3.0,30.0,0.0,0.0,0.0,0.0
A_f0.9_move__baldwinian__s17,A_f0.9_move__baldwinian,A_f0.9_move,A,baldwinian,17,100,train,49,0.7959183673469388,10,11,58.09174012608211,0.8958333333333334,0.5,adaptive_move,0.51875,0.07899522888127235,0.15482808483290467,294.0,16.0,14.0,196.0,170.0,10.0,0.0,0.0,45.0,5.0,0.0,26.0,25.0,1.0,0.0,0.0,0.0,0.0,0.0,26.0,0.0,0.0,0.0,0.0
A_f0.9_move__baldwinian__s17,A_f0.9_move__baldwinian,A_f0.9_move,A,baldwinian,17,150,train,50,0.86,16,15,106.62645911905717,0.8333333333333334,0.5,adaptive_move,0.55,0.11204539820403651,0.17968360349127166,302.0,12.0,19.0,392.0,108.0,7.0,0.0,0.0,40.0,1.0,1.0,37.0,16.0,2.0,0.0,0.0,0.0,0.0,1.0,37.0,0.0,0.0,0.0,0.0
A_f0.9_move__baldwinian__s17,A_f0.9_move__baldwinian,A_f0.9_move,A,baldwinian,17,200,train,50,0.94,9,9,75.29369528006444,0.875,0.5,adaptive_move,0.55,0.11016759008968058,0.20153652019002344,443.0,21.0,19.0,401.0,171.0,12.0,0.0,0.0,55.0,4.0,3.0,20.0,20.0,1.0,0.0,0.0,0.0,0.0,3.0,20.0,0.0,0.0,0.0,0.0
A_f0.9_move__baldwinian__s17,A_f0.9_move__baldwinian,A_f0.9_move,A,baldwinian,17,250,train,50,0.92,15,15,86.40741269984514,0.7708333333333334,0.5,adaptive_move,0.5375,0.07814538326451166,0.16045368020304562,404.0,13.0,23.0,408.0,75.0,4.0,0.0,0.0,40.0,1.0,3.0,23.0,29.0,0.0,0.0,0.0,0.0,0.0,3.0,23.0,0.0,0.0,0.0,0.0
A_f0.9_move__baldwinian__s17,A_f0.9_move__baldwinian,A_f0.9_move,A,baldwinian,17,300,train,50,0.88,11,11,90.4651929243935,0.8541666666666666,0.5,adaptive_move,0.6,0.12333174593257563,0.1932227995110023,443.0,19.0,6.0,250.0,63.0,5.0,0.0,0.0,60.0,2.0,1.0,17.0,26.0,1.0,0.0,0.0,0.0,0.0,1.0,17.0,0.0,0.0,0.0,0.0
A_f0.9_move__baldwinian__s17,A_f0.9_move__baldwinian,A_f0.9_move,A,baldwinian,17,350,train,50,0.94,13,13,62.72726710908009,0.9166666666666666,0.5,adaptive_move,0.5,0.050640171016534105,0.11847972972972975,302.0,17.0,24.0,423.0,117.0,8.0,0.0,0.0,38.0,0.0,6.0,26.0,30.0,1.0,0.0,0.0,0.0,0.0,6.0,26.0,0.0,0.0,0.0,0.0
A_f0.9_move__baldwinian__s17,A_f0.9_move__baldwinian,A_f0.9_move,A,baldwinian,17,400,train,50,0.96,9,9,86.98649509088085,0.875,0.5,adaptive_move,0.54375,0.09992459332615836,0.17880738213399505,325.0,14.0,19.0,454.0,107.0,6.0,0.0,0.0,46.0,3.0,4.0,30.0,32.0,2.0,0.0,0.0,0.0,0.0,4.0,30.0,0.0,0.0,0.0,0.0
A_f0.9_move__baldwinian__s17,A_f0.9_move__baldwinian,A_f0.9_move,A,baldwinian,17,450,train,50,0.98,6,6,46.94106675866142,0.9583333333333334,0.5,adaptive_move,0.55625,0.09516322056577642,0.17440624999999987,334.0,15.0,19.0,380.0,136.0,10.0,0.0,0.0,59.0,1.0,5.0,23.0,31.0,2.0,0.0,0.0,0.0,0.0,5.0,23.0,0.0,0.0,0.0,0.0
A_f0.9_move__baldwinian__s17,A_f0.9_move__baldwinian,A_f0.9_move,A,baldwinian,17,500,train,49,1.3061224489795917,23,24,54.82014550296441,0.9375,0.5,adaptive_move,0.5,0.09217399336386811,0.1654980964467001,337.0,14.0,16.0,345.0,67.0,6.0,0.0,0.0,57.0,2.0,7.0,20.0,21.0,1.0,0.0,0.0,0.0,0.0,7.0,20.0,0.0,0.0,0.0,0.0
A_f0.9_move__baldwinian__s17,A_f0.9_move__baldwinian,A_f0.9_move,A,baldwinian,17,550,train,49,1.7551020408163265,24,24,71.48269633367802,0.8958333333333334,0.5,adaptive_move,0.5625,0.0771708843364261,0.1570572250639386,260.0,8.0,21.0,396.0,78.0,6.0,0.0,0.0,45.0,1.0,5.0,33.0,16.0,3.0,0.0,0.0,0.0,0.0,5.0,33.0,0.0,0.0,0.0,0.0
A_f0.9_move__baldwinian__s17,A_f0.9_move__baldwinian,A_f0.9_move,A,baldwinian,17,600,train,50,2.0,15,14,100.95378527015416,0.7708333333333334,0.5,adaptive_move,0.5125,0.08482293242523328,0.1454970472440944,282.0,14.0,19.0,356.0,88.0,5.0,0.0,0.0,34.0,1.0,4.0,30.0,17.0,0.0,0.0,0.0,0.0,0.0,4.0,30.0,0.0,0.0,0.0,0.0
A_f0.9_move__baldwinian__s17,A_f0.9_move__baldwinian,A_f0.9_move,A,baldwinian,17,650,train,50,2.26,20,20,56.411817460559014,0.9375,0.5,adaptive_move,0.50625,0.07017825863717285,0.13415890957446797,305.0,17.0,19.0,387.0,162.0,4.0,0.0,0.0,43.0,2.0,2.0,27.0,31.0,1.0,0.0,0.0,0.0,0.0,2.0,27.0,0.0,0.0,0.0,0.0
A_f0.9_move__baldwinian__s17,A_f0.9_move__baldwinian,A_f0.9_move,A,baldwinian,17,700,train,50,2.3,14,14,105.68368421113288,0.75,0.5,adaptive_move,0.4875,0.05660468604291277,0.11582935967302466,350.0,28.0,23.0,395.0,71.0,1.0,0.0,0.0,44.0,2.0,2.0,26.0,22.0,0.0,0.0,0.0,0.0,0.0,2.0,26.0,0.0,0.0,0.0,0.0
A_f0.9_move__baldwinian__s17,A_f0.9_move__baldwinian,A_f0.9_move,A,baldwinian,17,750,train,50,2.4,18,18,56.12052420080672,0.9166666666666666,0.5,adaptive_move,0.51875,0.06466966816393391,0.12997499999999995,366.0,21.0,23.0,435.0,90.0,7.0,0.0,0.0,53.0,1.0,3.0,28.0,22.0,2.0,0.0,0.0,0.0,0.0,3.0,28.0,0.0,0.0,0.0,0.0
A_f0.9_move__baldwinian__s17,A_f0.9_move__baldwinian,A_f0.9_move,A,baldwinian,17,800,train,50,2.62,15,15,116.84386457291218,0.7708333333333334,0.5,adaptive_move,0.575,0.0843529737820275,0.15772435897435888,288.0,16.0,10.0,275.0,94.0,4.0,0.0,0.0,33.0,2.0,3.0,32.0,25.0,0.0,0.0,0.0,0.0,0.0,3.0,32.0,0.0,0.0,0.0,0.0
A_f0.9_move__baldwinian__s17,A_f0.9_move__baldwinian,A_f0.9_move,A,baldwinian,17,850,train,50,2.86,15,15,79.96307128419903,0.8125,0.5,adaptive_move,0.5625,0.09932112254216169,0.17010732323232336,241.0,16.0,19.0,329.0,169.0,11.0,0.0,0.0,45.0,3.0,3.0,23.0,30.0,3.0,0.0,0.0,0.0,0.0,3.0,23.0,0.0,0.0,0.0,0.0
A_f0.9_move__baldwinian__s17,A_f0.9_move__baldwinian,A_f0.9_move,A,baldwinian,17,900,train,50,3.04,17,17,64.1218903880763,0.9166666666666666,0.5,adaptive_move,0.50625,0.11206317246148076,0.1812033582089554,222.0,8.0,29.0,440.0,198.0,8.0,0.0,0.0,34.0,1.0,4.0,33.0,37.0,1.0,0.0,0.0,0.0,0.0,4.0,33.0,0.0,0.0,0.0,0.0
A_f0.9_move__baldwinian__s17,A_f0.9_move__baldwinian,A_f0.9_move,A,baldwinian,17,950,train,50,3.04,9,9,101.35316724664845,0.7916666666666666,0.5,adaptive_move,0.575,0.08217603300885805,0.17044108478802955,242.0,10.0,20.0,482.0,112.0,3.0,0.0,0.0,40.0,1.0,6.0,33.0,21.0,1.0,0.0,0.0,0.0,0.0,6.0,33.0,0.0,0.0,0.0,0.0
A_f0.9_move__baldwinian__s17,A_f0.9_move__baldwinian,A_f0.9_move,A,baldwinian,17,1000,train,50,3.14,19,19,44.28233931021313,0.9583333333333334,0.5,adaptive_move,0.5125,0.07284047184367463,0.12649090296495968,302.0,12.0,28.0,451.0,148.0,9.0,0.0,0.0,50.0,1.0,5.0,33.0,25.0,3.0,0.0,0.0,0.0,0.0,5.0,33.0,0.0,0.0,0.0,0.0
A_f0.9_move__baldwinian__s17,A_f0.9_move__baldwinian,A_f0.9_move,A,baldwinian,17,1050,train,50,3.58,18,18,87.26967035508373,0.8541666666666666,0.5,adaptive_move,0.55625,0.08276549348173358,0.16337816455696186,193.0,9.0,14.0,243.0,152.0,11.0,0.0,0.0,44.0,0.0,1.0,20.0,25.0,0.0,0.0,0.0,0.0,0.0,1.0,20.0,0.0,0.0,0.0,0.0
A_f0.9_move__baldwinian__s17,A_f0.9_move__baldwinian,A_f0.9_move,A,baldwinian,17,1100,train,50,3.78,20,20,36.92723389196333,0.9791666666666666,0.5,adaptive_move,0.53125,0.08852863941902964,0.16605221518987356,243.0,13.0,20.0,302.0,130.0,7.0,0.0,0.0,52.0,1.0,6.0,29.0,23.0,1.0,0.0,0.0,0.0,0.0,6.0,29.0,0.0,0.0,0.0,0.0
A_f0.9_move__baldwinian__s17,A_f0.9_move__baldwinian,A_f0.9_move,A,baldwinian,17,1150,train,50,4.06,26,26,105.67927299739108,0.75,0.5,adaptive_move,0.5625,0.1428027255758023,0.19881097560975602,245.0,11.0,18.0,284.0,191.0,10.0,0.0,0.0,21.0,1.0,6.0,31.0,28.0,0.0,0.0,0.0,0.0,0.0,6.0,31.0,0.0,0.0,0.0,0.0
A_f0.9_move__baldwinian__s17,A_f0.9_move__baldwinian,A_f0.9_move,A,baldwinian,17,1200,train,50,3.98,17,17,68.8548476693912,0.8541666666666666,0.5,adaptive_move,0.54375,0.0704076912765294,0.14242473821989532,316.0,20.0,21.0,401.0,74.0,4.0,0.0,0.0,42.0,1.0,1.0,29.0,25.0,2.0,0.0,0.0,0.0,0.0,1.0,29.0,0.0,0.0,0.0,0.0
A_f0.9_move__baldwinian__s17,A_f0.9_move__baldwinian,A_f0.9_move,A,baldwinian,17,1250,train,50,4.26,24,24,106.9293421948995,0.8125,0.5,adaptive_move,0.5375,0.06879391210604646,0.13747526385224296,380.0,15.0,40.0,479.0,73.0,3.0,0.0,0.0,36.0,1.0,7.0,33.0,25.0,2.0,0.0,0.0,0.0,0.0,7.0,33.0,0.0,0.0,0.0,0.0
A_f0.9_move__baldwinian__s17,A_f0.9_move__baldwinian,A_f0.9_move,A,baldwinian,17,1300,train,50,4.6,20,20,111.89040034861459,0.75,0.5,adaptive_move,0.55625,0.06080801440186418,0.13651315789473695,392.0,18.0,15.0,266.0,88.0,0.0,0.0,0.0,32.0,2.0,6.0,23.0,31.0,0.0,0.0,0.0,0.0,0.0,6.0,23.0,0.0,0.0,0.0,0.0
A_f0.9_move__baldwinian__s17,A_f0.9_move__baldwinian,A_f0.9_move,A,baldwinian,17,1350,train,50,4.96,12,12,119.15177148844423,0.7083333333333334,0.5,adaptive_move,0.54375,0.0853079898731845,0.1586556905370844,362.0,14.0,26.0,483.0,67.0,5.0,0.0,0.0,40.0,2.0,2.0,24.0,18.0,1.0,0.0,0.0,0.0,0.0,2.0,24.0,0.0,0.0,0.0,0.0
A_f0.9_move__baldwinian__s17,A_f0.9_move__baldwinian,A_f0.9_move,A,baldwinian,17,1400,train,50,4.96,16,16,62.53674061448241,0.9791666666666666,0.5,adaptive_move,0.55,0.07744501502263501,0.15835459183673462,421.0,27.0,20.0,604.0,70.0,6.0,0.0,0.0,48.0,0.0,2.0,38.0,23.0,4.0,0.0,0.0,0.0,0.0,2.0,38.0,0.0,0.0,0.0,0.0
A_f0.9_move__baldwinian__s17,A_f0.9_move__baldwinian,A_f0.9_move,A,baldwinian,17,1450,train,50,5.02,14,14,88.582273301226,0.75,0.5,adaptive_move,0.51875,0.06684483125567732,0.14582253886010355,345.0,17.0,25.0,347.0,158.0,11.0,0.0,0.0,37.0,1.0,2.0,24.0,27.0,3.0,0.0,0.0,0.0,0.0,2.0,24.0,0.0,0.0,0.0,0.0
A_f0.9_move__baldwinian__s17,A_f0.9_move__baldwinian,A_f0.9_move,A,baldwinian,17,1500,train,50,5.24,16,16,98.74389001879895,0.7708333333333334,0.5,adaptive_move,0.5125,0.10037478034343983,0.15771156330749347,361.0,21.0,20.0,513.0,142.0,10.0,0.0,0.0,24.0,0.0,2.0,42.0,25.0,0.0,0.0,0.0,0.0,0.0,2.0,42.0,0.0,0.0,0.0,0.0
A_f0.9_move__baldwinian__s17,A_f0.9_move__baldwinian,A_f0.9_move,A,baldwinian,17,1550,eval,50,5.32,11,11,102.25384082181145,0.8125,0.5,adaptive_move,0.545,0.0,0.0,424.0,31.0,25.0,515.0,104.0,1.0,8.0,145.0,47.0,0.0,2.0,29.0,21.0,0.0,1.0,2.0,0.0,0.0,2.0,29.0,0.0,0.0,1.0,2.0
A_f0.9_move__baldwinian__s17,A_f0.9_move__baldwinian,A_f0.9_move,A,baldwinian,17,1600,eval,50,5.42,11,11,89.37222746863003,0.8333333333333334,0.5,adaptive_move,0.5,0.0,0.0,499.0,29.0,26.0,593.0,95.0,9.0,5.0,39.0,48.0,1.0,5.0,18.0,22.0,1.0,2.0,2.0,0.0,0.0,5.0,18.0,0.0,0.0,2.0,2.0
A_f0.9_move__baldwinian__s17,A_f0.9_move__baldwinian,A_f0.9_move,A,baldwinian,17,1650,eval,50,5.94,18,18,128.46835621551216,0.7083333333333334,0.5,adaptive_move,0.51,0.0,0.0,444.0,19.0,37.0,498.0,197.0,8.0,2.0,87.0,32.0,0.0,8.0,18.0,18.0,0.0,1.0,10.0,0.0,0.0,8.0,18.0,0.0,0.0,1.0,10.0
A_f0.9_move__baldwinian__s17,A_f0.9_move__baldwinian,A_f0.9_move,A,baldwinian,17,1700,eval,50,6.0,11,11,142.53167645650348,0.6666666666666666,0.5,adaptive_move,0.53,0.0,0.0,652.0,36.0,25.0,427.0,96.0,12.0,4.0,62.0,60.0,3.0,4.0,17.0,7.0,0.0,0.0,8.0,0.0,0.0,4.0,17.0,0.0,0.0,0.0,8.0
A_f0.9_move__baldwinian__s17,A_f0.9_move__baldwinian,A_f0.9_move,A,baldwinian,17,1750,eval,50,5.92,18,18,126.49537012334957,0.7083333333333334,0.5,adaptive_move,0.46,0.0,0.0,366.0,16.0,25.0,514.0,100.0,6.0,8.0,181.0,37.0,1.0,4.0,23.0,4.0,1.0,2.0,12.0,0.0,0.0,4.0,23.0,0.0,0.0,2.0,12.0
A_f0.9_move__baldwinian__s17,A_f0.9_move__baldwinian,A_f0.9_move,A,baldwinian,17,1800,eval,50,6.44,24,24,129.9928120855488,0.6666666666666666,0.5,adaptive_move,0.5,0.0,0.0,360.0,21.0,28.0,487.0,166.0,7.0,7.0,176.0,20.0,1.0,2.0,32.0,12.0,0.0,0.0,14.0,0.0,0.0,2.0,32.0,0.0,0.0,0.0,14.0
A_f0.9_move__baldwinian__s18,A_f0.9_move__baldwinian,A_f0.9_move,A,baldwinian,18,50,train,50,0.76,34,4,38.75356414906109,0.9583333333333334,0.5,adaptive_move,0.6125,0.08820476585497639,0.14898009138381219,185.0,12.0,6.0,148.0,105.0,3.0,0.0,0.0,59.0,0.0,0.0,35.0,28.0,2.0,0.0,0.0,0.0,0.0,0.0,35.0,0.0,0.0,0.0,0.0
A_f0.9_move__baldwinian__s18,A_f0.9_move__baldwinian,A_f0.9_move,A,baldwinian,18,100,train,44,0.7954545454545454,9,15,87.20501576619657,0.875,0.5,adaptive_move,0.55625,0.09947846516411034,0.18277794840294836,180.0,9.0,28.0,357.0,75.0,2.0,0.0,0.0,24.0,3.0,7.0,34.0,18.0,0.0,0.0,0.0,0.0,0.0,7.0,34.0,0.0,0.0,0.0,0.0
A_f0.9_move__baldwinian__s18,A_f0.9_move__baldwinian,A_f0.9_move,A,baldwinian,18,150,train,48,1.25,22,18,72.49387586877927,0.8541666666666666,0.5,adaptive_move,0.53125,0.04992885806963767,0.11227800546448075,337.0,16.0,14.0,311.0,74.0,4.0,0.0,0.0,66.0,3.0,2.0,29.0,17.0,3.0,0.0,0.0,0.0,0.0,2.0,29.0,0.0,0.0,0.0,0.0
A_f0.9_move__baldwinian__s18,A_f0.9_move__baldwinian,A_f0.9_move,A,baldwinian,18,200,train,50,1.32,16,14,120.14239509270172,0.75,0.5,adaptive_move,0.5375,0.07572039500501127,0.13186831550802136,218.0,15.0,18.0,334.0,95.0,4.0,0.0,0.0,27.0,1.0,6.0,32.0,21.0,2.0,0.0,0.0,0.0,0.0,6.0,32.0,0.0,0.0,0.0,0.0
A_f0.9_move__baldwinian__s18,A_f0.9_move__baldwinian,A_f0.9_move,A,baldwinian,18,250,train,50,1.38,16,16,94.94018652204512,0.7916666666666666,0.5,adaptive_move,0.5375,0.07825406141327988,0.14953733766233746,262.0,12.0,20.0,384.0,169.0,9.0,0.0,0.0,54.0,2.0,7.0,31.0,17.0,3.0,0.0,0.0,0.0,0.0,7.0,31.0,0.0,0.0,0.0,0.0
A_f0.9_move__baldwinian__s18,A_f0.9_move__baldwinian,A_f0.9_move,A,baldwinian,18,300,train,50,1.44,16,16,60.58081171315625,0.8541666666666666,0.5,adaptive_move,0.53125,0.07504587586380593,0.1508317183462533,379.0,23.0,26.0,411.0,161.0,7.0,0.0,0.0,41.0,0.0,6.0,35.0,31.0,2.0,0.0,0.0,0.0,0.0,6.0,35.0,0.0,0.0,0.0,0.0
A_f0.9_move__baldwinian__s18,A_f0.9_move__baldwinian,A_f0.9_move,A,baldwinian,18,350,train,50,1.44,12,12,81.78776426249492,0.7708333333333334,0.5,adaptive_move,0.55625,0.10928331924206813,0.19062500000000004,422.0,20.0,18.0,364.0,174.0,12.0,0.0,0.0,52.0,2.0,2.0,30.0,21.0,1.0,0.0,0.0,0.0,0.0,2.0,30.0,0.0,0.0,0.0,0.0
A_f0.9_move__baldwinian__s18,A_f0.9_move__baldwinian,A_f0.9_move,A,baldwinian,18,400,train,50,1.66,17,17,68.94633191330965,0.9166666666666666,0.5,adaptive_move,0.58125,0.08779730420060158,0.1544331395348837,416.0,21.0,15.0,382.0,111.0,7.0,0.0,0.0,45.0,0.0,3.0,41.0,24.0,1.0,0.0,0.0,0.0,0.0,3.0,41.0,0.0,0.0,0.0,0.0
A_f0.9_move__baldwinian__s18,A_f0.9_move__baldwinian,A_f0.9_move,A,baldwinian,18,450,train,50,1.68,10,10,89.65169414205374,0.8125,0.5,adaptive_move,0.58125,0.06899958240618023,0.1510202442159383,500.0,21.0,27.0,392.0,122.0,8.0,0.0,0.0,36.0,0.0,5.0,25.0,22.0,2.0,0.0,0.0,0.0,0.0,5.0,25.0,0.0,0.0,0.0,0.0
A_f0.9_move__baldwinian__s18,A_f0.9_move__baldwinian,A_f0.9_move,A,baldwinian,18,500,train,50,1.76,18,18,57.32069659466673,0.9375,0.5,adaptive_move,0.56875,0.07039624255235652,0.14693993506493475,517.0,22.0,27.0,503.0,147.0,6.0,0.0,0.0,61.0,1.0,6.0,24.0,20.0,0.0,0.0,0.0,0.0,0.0,6.0,24.0,0.0,0.0,0.0,0.0
A_f0.9_move__baldwinian__s18,A_f0.9_move__baldwinian,A_f0.9_move,A,baldwinian,18,550,train,50,2.22,16,16,100.6727446524824,0.7916666666666666,0.5,adaptive_move,0.56875,0.08281624883771596,0.16289657360406085,377.0,27.0,13.0,354.0,94.0,4.0,0.0,0.0,47.0,2.0,5.0,20.0,18.0,1.0,0.0,0.0,0.0,0.0,5.0,20.0,0.0,0.0,0.0,0.0
A_f0.9_move__baldwinian__s18,A_f0.9_move__baldwinian,A_f0.9_move,A,baldwinian,18,600,train,50,2.4,16,16,63.2550989094556,0.875,0.5,adaptive_move,0.51875,0.07731711810340948,0.14341371391076096,334.0,9.0,27.0,364.0,71.0,5.0,0.0,0.0,60.0,0.0,5.0,27.0,20.0,1.0,0.0,0.0,0.0,0.0,5.0,27.0,0.0,0.0,0.0,0.0
A_f0.9_move__baldwinian__s18,A_f0.9_move__baldwinian,A_f0.9_move,A,baldwinian,18,650,train,49,2.9183673469387754,24,25,104.25137863751206,0.7708333333333334,0.5,adaptive_move,0.53125,0.10915802374304827,0.1792160224438899,280.0,16.0,24.0,417.0,143.0,6.0,0.0,0.0,37.0,2.0,4.0,35.0,24.0,1.0,0.0,0.0,0.0,0.0,4.0,35.0,0.0,0.0,0.0,0.0
A_f0.9_move__baldwinian__s18,A_f0.9_move__baldwinian,A_f0.9_move,A,baldwinian,18,700,train,50,3.1,19,18,62.24271305500265,0.8958333333333334,0.5,adaptive_move,0.54375,0.06796268245897436,0.12713373655913962,305.0,20.0,27.0,462.0,147.0,3.0,0.0,0.0,49.0,4.0,2.0,32.0,27.0,0.0,0.0,0.0,0.0,0.0,2.0,32.0,0.0,0.0,0.0,0.0
A_f0.9_move__baldwinian__s18,A_f0.9_move__baldwinian,A_f0.9_move,A,baldwinian,18,750,train,48,3.3125,18,20,81.18112301810655,0.8958333333333334,0.5,adaptive_move,0.575,0.10608128931735908,0.1823638613861387,339.0,14.0,13.0,267.0,82.0,2.0,0.0,0.0,53.0,2.0,3.0,27.0,19.0,0.0,0.0,0.0,0.0,0.0,3.0,27.0,0.0,0.0,0.0,0.0
A_f0.9_move__baldwinian__s18,A_f0.9_move__baldwinian,A_f0.9_move,A,baldwinian,18,800,train,48,3.5208333333333335,18,18,62.5439945051406,0.9166666666666666,0.5,adaptive_move,0.49375,0.06683075000134098,0.13579695767195754,344.0,20.0,17.0,295.0,136.0,4.0,0.0,0.0,46.0,1.0,8.0,29.0,27.0,0.0,0.0,0.0,0.0,0.0,8.0,29.0,0.0,0.0,0.0,0.0
A_f0.9_move__baldwinian__s18,A_f0.9_move__baldwinian,A_f0.9_move,A,baldwinian,18,850,train,50,3.86,20,18,121.2193874504253,0.7291666666666666,0.5,adaptive_move,0.54375,0.09878462227218474,0.1700915404040404,351.0,17.0,22.0,401.0,114.0,4.0,0.0,0.0,35.0,2.0,3.0,30.0,23.0,3.0,0.0,0.0,0.0,0.0,3.0,30.0,0.0,0.0,0.0,0.0
A_f0.9_move__baldwinian__s18,A_f0.9_move__baldwinian,A_f0.9_move,A,baldwinian,18,900,train,50,3.92,13,13,68.38836210226873,0.8541666666666666,0.5,adaptive_move,0.55625,0.050475692641072906,0.11402418256130797,385.0,21.0,13.0,389.0,90.0,5.0,0.0,0.0,46.0,3.0,4.0,33.0,22.0,1.0,0.0,0.0,0.0,0.0,4.0,33.0,0.0,0.0,0.0,0.0
A_f0.9_move__baldwinian__s18,A_f0.9_move__baldwinian,A_f0.9_move,A,baldwinian,18,950,train,50,4.08,16,16,105.78906745645699,0.7916666666666666,0.5,adaptive_move,0.54375,0.08339631739303027,0.17286755583126578,428.0,16.0,32.0,575.0,49.0,2.0,0.0,0.0,48.0,3.0,4.0,34.0,14.0,0.0,0.0,0.0,0.0,0.0,4.0,34.0,0.0,0.0,0.0,0.0
A_f0.9_move__baldwinian__s18,A_f0.9_move__baldwinian,A_f0.9_move,A,baldwinian,18,1000,train,50,3.9,17,17,72.63824125038164,0.8541666666666666,0.5,adaptive_move,0.51875,0.06280902325618848,0.12089261517615157,430.0,29.0,26.0,370.0,70.0,7.0,0.0,0.0,51.0,3.0,5.0,24.0,15.0,2.0,0.0,0.0,0.0,0.0,5.0,24.0,0.0,0.0,0.0,0.0
A_f0.9_move__baldwinian__s18,A_f0.9_move__baldwinian,A_f0.9_move,A,baldwinian,18,1050,train,50,4.02,16,16,65.60598025612853,0.8958333333333334,0.5,adaptive_move,0.4875,0.060880113550348315,0.1337136243386241,498.0,17.0,25.0,560.0,36.0,2.0,0.0,0.0,45.0,3.0,4.0,30.0,23.0,0.0,0.0,0.0,0.0,0.0,4.0,30.0,0.0,0.0,0.0,0.0
A_f0.9_move__baldwinian__s18,A_f0.9_move__baldwinian,A_f0.9_move,A,baldwinian,18,1100,train,50,4.3,14,14,82.87049757288415,0.7916666666666666,0.5,adaptive_move,0.55625,0.09379051755557871,0.16086538461538447,294.0,16.0,15.0,381.0,115.0,8.0,0.0,0.0,44.0,2.0,5.0,16.0,28.0,1.0,0.0,0.0,0.0,0.0,5.0,16.0,0.0,0.0,0.0,0.0
A_f0.9_move__baldwinian__s18,A_f0.9_move__baldwinian,A_f0.9_move,A,baldwinian,18,1150,train,50,4.38,18,18,74.66130852544234,0.875,0.5,adaptive_move,0.58125,0.0880141814340823,0.1641814720812178,385.0,22.0,22.0,452.0,114.0,11.0,0.0,0.0,43.0,4.0,2.0,30.0,26.0,2.0,0.0,0.0,0.0,0.0,2.0,30.0,0.0,0.0,0.0,0.0
A_f0.9_move__baldwinian__s18,A_f0.9_move__baldwinian,A_f0.9_move,A,baldwinian,18,1200,train,50,4.78,15,15,109.23045240116497,0.7291666666666666,0.5,adaptive_move,0.55625,0.06821141489300808,0.14448242187500004,403.0,17.0,20.0,436.0,81.0,5.0,0.0,0.0,40.0,4.0,1.0,33.0,11.0,1.0,0.0,0.0,0.0,0.0,1.0,33.0,0.0,0.0,0.0,0.0
A_f0.9_move__baldwinian__s18,A_f0.9_move__baldwinian,A_f0.9_move,A,baldwinian,18,1250,train,50,5.06,18,18,55.37608386870122,0.9166666666666666,0.5,adaptive_move,0.54375,0.06683075000134099,0.13579695767195754,268.0,7.0,22.0,449.0,168.0,11.0,0.0,0.0,49.0,1.0,5.0,28.0,26.0,0.0,0.0,0.0,0.0,0.0,5.0,28.0,0.0,0.0,0.0,0.0
A_f0.9_move__baldwinian__s18,A_f0.9_move__baldwinian,A_f0.9_move,A,baldwinian,18,1300,train,50,5.08,16,16,54.27534327382857,0.8958333333333334,0.5,adaptive_move,0.55625,0.08671959395017359,0.16100127551020393,279.0,16.0,17.0,476.0,141.0,9.0,0.0,0.0,51.0,2.0,2.0,25.0,19.0,1.0,0.0,0.0,0.0,0.0,2.0,25.0,0.0,0.0,0.0,0.0
A_f0.9_move__baldwinian__s18,A_f0.9_move__baldwinian,A_f0.9_move,A,baldwinian,18,1350,train,50,5.14,20,20,87.78013367370806,0.7708333333333334,0.5,adaptive_move,0.55625,0.1050054777420535,0.16905854430379752,361.0,25.0,35.0,543.0,184.0,13.0,0.0,0.0,49.0,1.0,6.0,34.0,13.0,0.0,0.0,0.0,0.0,0.0,6.0,34.0,0.0,0.0,0.0,0.0
A_f0.9_move__baldwinian__s18,A_f0.9_move__baldwinian,A_f0.9_move,A,baldwinian,18,1400,train,50,5.12,19,19,76.48480142776017,0.8125,0.5,adaptive_move,0.6125,0.14940392129662575,0.20309473365617414,292.0,20.0,23.0,523.0,173.0,12.0,0.0,0.0,38.0,4.0,0.0,25.0,23.0,0.0,0.0,0.0,0.0,0.0,0.0,25.0,0.0,0.0,0.0,0.0
A_f0.9_move__baldwinian__s18,A_f0.9_move__baldwinian,A_f0.9_move,A,baldwinian,18,1450,train,50,5.26,16,16,66.5150626058402,0.8958333333333334,0.5,adaptive_move,0.58125,0.09323021096775884,0.17490671641791056,367.0,22.0,21.0,345.0,75.0,6.0,0.0,0.0,46.0,2.0,3.0,28.0,27.0,2.0,0.0,0.0,0.0,0.0,3.0,28.0,0.0,0.0,0.0,0.0
A_f0.9_move__baldwinian__s18,A_f0.9_move__baldwinian,A_f0.9_move,A,baldwinian,18,1500,train,50,5.42,15,15,131.2074839061446,0.6666666666666666,0.5,adaptive_move,0.51875,0.08417548283576609,0.15806089743589724,356.0,14.0,24.0,581.0,106.0,6.0,0.0,0.0,37.0,1.0,1.0,34.0,16.0,2.0,0.0,0.0,0.0,0.0,1.0,34.0,0.0,0.0,0.0,0.0
A_f0.9_move__baldwinian__s18,A_f0.9_move__baldwinian,A_f0.9_move,A,baldwinian,18,1550,eval,50,5.58,19,19,97.38885041145215,0.7916666666666666,0.5,adaptive_move,0.51,0.0,0.0,593.0,28.0,25.0,425.0,124.0,3.0,7.0,107.0,40.0,3.0,1.0,28.0,6.0,0.0,1.0,17.0,0.0,0.0,1.0,28.0,0.0,0.0,1.0,17.0
A_f0.9_move__baldwinian__s18,A_f0.9_move__baldwinian,A_f0.9_move,A,baldwinian,18,1600,eval,50,5.44,7,7,167.03368207578717,0.6041666666666666,0.5,adaptive_move,0.5,0.0,0.0,591.0,37.0,30.0,571.0,86.0,3.0,2.0,62.0,31.0,2.0,3.0,31.0,10.0,0.0,0.0,11.0,0.0,0.0,3.0,31.0,0.0,0.0,0.0,11.0
A_f0.9_move__baldwinian__s18,A_f0.9_move__baldwinian,A_f0.9_move,A,baldwinian,18,1650,eval,50,5.64,10,10,149.0335735817629,0.6458333333333334,0.5,adaptive_move,0.505,0.0,0.0,484.0,29.0,40.0,710.0,13.0,0.0,5.0,57.0,41.0,3.0,2.0,37.0,0.0,0.0,1.0,7.0,0.0,0.0,2.0,37.0,0.0,0.0,1.0,7.0
A_f0.9_move__baldwinian__s18,A_f0.9_move__baldwinian,A_f0.9_move,A,baldwinian,18,1700,eval,50,5.84,11,11,206.56957144550734,0.3541666666666667,0.5,adaptive_move,0.5,0.0,0.0,441.0,25.0,18.0,457.0,30.0,2.0,2.0,25.0,18.0,0.0,1.0,23.0,7.0,0.0,0.0,2.0,0.0,0.0,1.0,23.0,0.0,0.0,0.0,2.0
A_f0.9_move__baldwinian__s18,A_f0.9_move__baldwinian,A_f0.9_move,A,baldwinian,18,1750,eval,50,5.92,11,11,193.5435086535877,0.5416666666666666,0.5,adaptive_move,0.505,0.0,0.0,512.0,36.0,32.0,610.0,55.0,3.0,0.0,44.0,42.0,4.0,1.0,31.0,6.0,0.0,0.0,5.0,0.0,0.0,1.0,31.0,0.0,0.0,0.0,5.0
A_f0.9_move__baldwinian__s18,A_f0.9_move__baldwinian,A_f0.9_move,A,baldwinian,18,1800,eval,50,5.78,11,11,204.58263149859857,0.4583333333333333,0.5,adaptive_move,0.48,0.0,0.0,462.0,23.0,32.0,596.0,53.0,4.0,5.0,63.0,25.0,1.0,3.0,35.0,3.0,0.0,0.0,3.0,0.0,0.0,3.0,35.0,0.0,0.0,0.0,3.0
A_f0.9_move__baldwinian__s19,A_f0.9_move__baldwinian,A_f0.9_move,A,baldwinian,19,50,train,50,0.68,35,5,120.15451035542614,0.7708333333333334,0.5,adaptive_move,0.51875,0.07434074851136016,0.12314532520325172,130.0,5.0,17.0,251.0,107.0,4.0,0.0,0.0,30.0,1.0,0.0,43.0,25.0,2.0,0.0,0.0,0.0,0.0,0.0,43.0,0.0,0.0,0.0,0.0
A_f0.9_move__baldwinian__s19,A_f0.9_move__baldwinian,A_f0.9_move,A,baldwinian,19,100,train,50,0.84,15,15,97.58168127404468,0.75,0.5,adaptive_move,0.55625,0.07669933423217781,0.16310610831234262,335.0,14.0,17.0,301.0,96.0,6.0,0.0,0.0,44.0,3.0,5.0,26.0,24.0,1.0,0.0,0.0,0.0,0.0,5.0,26.0,0.0,0.0,0.0,0.0
A_f0.9_move__baldwinian__s19,A_f0.9_move__baldwinian,A_f0.9_move,A,baldwinian,19,150,train,50,0.94,12,12,123.31656352928776,0.7708333333333334,0.5,adaptive_move,0.55,0.0820976661436205,0.15500966494845358,386.0,27.0,21.0,495.0,72.0,6.0,0.0,0.0,35.0,3.0,6.0,32.0,19.0,1.0,0.0,0.0,0.0,0.0,6.0,32.0,0.0,0.0,0.0,0.0
A_f0.9_move__baldwinian__s19,A_f0.9_move__baldwinian,A_f0.9_move,A,baldwinian,19,200,train,50,0.96,14,14,91.99379821589588,0.8541666666666666,0.5,adaptive_move,0.6,0.08231629692285042,0.16028380102040796,391.0,29.0,29.0,517.0,140.0,8.0,0.0,0.0,44.0,1.0,3.0,51.0,19.0,3.0,0.0,0.0,0.0,0.0,3.0,51.0,0.0,0.0,0.0,0.0
A_f0.9_move__baldwinian__s19,A_f0.9_move__baldwinian,A_f0.9_move,A,baldwinian,19,250,train,50,0.98,15,15,132.3266981743348,0.7083333333333334,0.5,adaptive_move,0.60625,0.09975912511775115,0.1836532555282555,375.0,27.0,24.0,369.0,84.0,6.0,0.0,0.0,39.0,1.0,2.0,26.0,21.0,1.0,0.0,0.0,0.0,0.0,2.0,26.0,0.0,0.0,0.0,0.0
A_f0.9_move__baldwinian__s19,A_f0.9_move__baldwinian,A_f0.9_move,A,baldwinian,19,300,train,50,0.92,11,11,79.45883122878642,0.8333333333333334,0.5,adaptive_move,0.55,0.06754580691513029,0.14653497409326444,417.0,17.0,26.0,408.0,93.0,3.0,0.0,0.0,52.0,1.0,4.0,27.0,19.0,1.0,0.0,0.0,0.0,0.0,4.0,27.0,0.0,0.0,0.0,0.0
A_f0.9_move__baldwinian__s19,A_f0.9_move__baldwinian,A_f0.9_move,A,baldwinian,19,350,train,50,1.08,21,21,52.65373296275918,0.9166666666666666,0.5,adaptive_move,0.5875,0.07735457069041823,0.15286726804123707,315.0,22.0,25.0,475.0,120.0,5.0,0.0,0.0,54.0,3.0,6.0,32.0,18.0,2.0,0.0,0.0,0.0,0.0,6.0,32.0,0.0,0.0,0.0,0.0
A_f0.9_move__baldwinian__s19,A_f0.9_move__baldwinian,A_f0.9_move,A,baldwinian,19,400,train,50,1.16,15,15,71.92460654873057,0.8333333333333334,0.5,adaptive_move,0.55,0.10841684755109149,0.16552909207161126,287.0,18.0,10.0,294.0,77.0,4.0,0.0,0.0,48.0,0.0,3.0,25.0,19.0,0.0,0.0,0.0,0.0,0.0,3.0,25.0,0.0,0.0,0.0,0.0
A_f0.9_move__baldwinian__s19,A_f0.9_move__baldwinian,A_f0.9_move,A,baldwinian,19,450,train,50,1.36,17,17,90.6422997905188,0.8333333333333334,0.5,adaptive_move,0.55,0.08410103643974627,0.1522506476683938,290.0,15.0,26.0,472.0,87.0,3.0,0.0,0.0,34.0,2.0,7.0,22.0,27.0,1.0,0.0,0.0,0.0,0.0,7.0,22.0,0.0,0.0,0.0,0.0
A_f0.9_move__baldwinian__s19,A_f0.9_move__baldwinian,A_f0.9_move,A,baldwinian,19,500,train,50,1.62,18,18,76.72611437677763,0.8125,0.5,adaptive_move,0.525,0.10206730748194048,0.1671994274809161,328.0,21.0,28.0,471.0,169.0,9.0,0.0,0.0,51.0,3.0,12.0,27.0,19.0,1.0,0.0,0.0,0.0,0.0,12.0,27.0,0.0,0.0,0.0,0.0
A_f0.9_move__baldwinian__s19,A_f0.9_move__baldwinian,A_f0.9_move,A,baldwinian,19,550,train,50,1.86,19,19,77.7636127821118,0.875,0.5,adaptive_move,0.58125,0.08978470543677101,0.16616297468354424,228.0,13.0,16.0,312.0,113.0,7.0,0.0,0.0,51.0,0.0,2.0,27.0,16.0,3.0,0.0,0.0,0.0,0.0,2.0,27.0,0.0,0.0,0.0,0.0
A_f0.9_move__baldwinian__s19,A_f0.9_move__baldwinian,A_f0.9_move,A,baldwinian,19,600,train,50,1.84,22,22,75.0656061084843,0.8958333333333334,0.5,adaptive_move,0.58125,0.10661155505906911,0.17641760651629057,337.0,8.0,19.0,332.0,42.0,4.0,0.0,0.0,48.0,0.0,4.0,32.0,14.0,1.0,0.0,0.0,0.0,0.0,4.0,32.0,0.0,0.0,0.0,0.0
A_f0.9_move__baldwinian__s19,A_f0.9_move__baldwinian,A_f0.9_move,A,baldwinian,19,650,train,50,2.0,15,15,73.5309270917941,0.8541666666666666,0.5,adaptive_move,0.53125,0.07899521181495218,0.14796549479166665,291.0,15.0,16.0,264.0,196.0,13.0,0.0,0.0,47.0,1.0,3.0,22.0,28.0,0.0,0.0,0.0,0.0,0.0,3.0,22.0,0.0,0.0,0.0,0.0
A_f0.9_move__baldwinian__s19,A_f0.9_move__baldwinian,A_f0.9_move,A,baldwinian,19,700,train,47,2.234042553191489,22,25,54.468586164200104,0.9583333333333334,0.5,adaptive_move,0.55625,0.08344624383373533,0.15547680412371134,260.0,17.0,27.0,439.0,67.0,8.0,0.0,0.0,44.0,1.0,5.0,39.0,17.0,1.0,0.0,0.0,0.0,0.0,5.0,39.0,0.0,0.0,0.0,0.0
A_f0.9_move__baldwinian__s19,A_f0.9_move__baldwinian,A_f0.9_move,A,baldwinian,19,750,train,50,2.22,17,14,78.37976544450022,0.8541666666666666,0.5,adaptive_move,0.50625,0.0669082983821514,0.1346402519893899,341.0,19.0,27.0,401.0,117.0,8.0,0.0,0.0,37.0,3.0,5.0,23.0,22.0,0.0,0.0,0.0,0.0,0.0,5.0,23.0,0.0,0.0,0.0,0.0
A_f0.9_move__baldwinian__s19,A_f0.9_move__baldwinian,A_f0.9_move,A,baldwinian,19,800,train,50,2.46,19,19,97.3267330781899,0.7916666666666666,0.5,adaptive_move,0.5125,0.0673230145715865,0.13434184350132616,437.0,20.0,18.0,352.0,85.0,6.0,0.0,0.0,49.0,0.0,3.0,33.0,14.0,2.0,0.0,0.0,0.0,0.0,3.0,33.0,0.0,0.0,0.0,0.0
A_f0.9_move__baldwinian__s19,A_f0.9_move__baldwinian,A_f0.9_move,A,baldwinian,19,850,train,50,2.58,14,14,80.97316428409238,0.8125,0.5,adaptive_move,0.54375,0.08956581271693648,0.16251594387755075,249.0,11.0,20.0,499.0,108.0,12.0,0.0,0.0,43.0,2.0,2.0,37.0,21.0,2.0,0.0,0.0,0.0,0.0,2.0,37.0,0.0,0.0,0.0,0.0
A_f0.9_move__baldwinian__s19,A_f0.9_move__baldwinian,A_f0.9_move,A,baldwinian,19,900,train,50,2.58,14,14,88.04551483925712,0.7916666666666666,0.5,adaptive_move,0.49375,0.06088011355034831,0.1337136243386241,493.0,25.0,29.0,465.0,126.0,5.0,0.0,0.0,43.0,1.0,5.0,22.0,20.0,0.0,0.0,0.0,0.0,0.0,5.0,22.0,0.0,0.0,0.0,0.0
A_f0.9_move__baldwinian__s19,A_f0.9_move__baldwinian,A_f0.9_move,A,baldwinian,19,950,train,50,2.84,20,20,65.98413507837384,0.9166666666666666,0.5,adaptive_move,0.5375,0.067631463824649,0.12966243315507997,294.0,17.0,32.0,424.0,74.0,2.0,0.0,0.0,56.0,0.0,3.0,36.0,21.0,1.0,0.0,0.0,0.0,0.0,3.0,36.0,0.0,0.0,0.0,0.0
A_f0.9_move__baldwinian__s19,A_f0.9_move__baldwinian,A_f0.9_move,A,baldwinian,19,1000,train,50,2.9,17,17,74.89854031538553,0.8541666666666666,0.5,adaptive_move,0.5375,0.06878664123354375,0.133693484042553,265.0,14.0,25.0,496.0,117.0,4.0,0.0,0.0,36.0,0.0,4.0,34.0,27.0,0.0,0.0,0.0,0.0,0.0,4.0,34.0,0.0,0.0,0.0,0.0
A_f0.9_move__baldwinian__s19,A_f0.9_move__baldwinian,A_f0.9_move,A,baldwinian,19,1050,train,50,3.08,16,16,102.9992294540549,0.7916666666666666,0.5,adaptive_move,0.55,0.09418079867156803,0.17931327160493815,318.0,13.0,24.0,450.0,53.0,1.0,0.0,0.0,46.0,0.0,5.0,28.0,20.0,0.0,0.0,0.0,0.0,0.0,5.0,28.0,0.0,0.0,0.0,0.0
A_f0.9_move__baldwinian__s19,A_f0.9_move__baldwinian,A_f0.9_move,A,baldwinian,19,1100,train,50,3.12,15,15,84.78537102655835,0.8125,0.5,adaptive_move,0.5375,0.1316844654248989,0.2188297563805104,321.0,12.0,21.0,454.0,67.0,4.0,0.0,0.0,66.0,2.0,4.0,18.0,21.0,0.0,0.0,0.0,0.0,0.0,4.0,18.0,0.0,0.0,0.0,0.0
A_f0.9_move__baldwinian__s19,A_f0.9_move__baldwinian,A_f0.9_move,A,baldwinian,19,1150,train,50,3.18,17,17,61.019272247942276,0.8958333333333334,0.5,adaptive_move,0.6,0.06187901139718963,0.12982499999999986,284.0,22.0,22.0,363.0,99.0,3.0,0.0,0.0,53.0,2.0,3.0,26.0,22.0,0.0,0.0,0.0,0.0,0.0,3.0,26.0,0.0,0.0,0.0,0.0
A_f0.9_move__baldwinian__s19,A_f0.9_move__baldwinian,A_f0.9_move,A,baldwinian,19,1200,train,50,3.34,19,19,100.46938057130419,0.7708333333333334,0.5,adaptive_move,0.56875,0.0850701049910035,0.16624053030303032,325.0,14.0,14.0,326.0,45.0,3.0,0.0,0.0,41.0,2.0,3.0,35.0,24.0,1.0,0.0,0.0,0.0,0.0,3.0,35.0,0.0,0.0,0.0,0.0
A_f0.9_move__baldwinian__s19,A_f0.9_move__baldwinian,A_f0.9_move,A,baldwinian,19,1250,train,50,3.44,13,13,38.58984879274949,1.0,0.5,adaptive_move,0.5125,0.05671324933078135,0.11921578590785886,331.0,10.0,19.0,272.0,133.0,3.0,0.0,0.0,60.0,2.0,6.0,25.0,22.0,0.0,0.0,0.0,0.0,0.0,6.0,25.0,0.0,0.0,0.0,0.0
A_f0.9_move__baldwinian__s19,A_f0.9_move__baldwinian,A_f0.9_move,A,baldwinian,19,1300,train,50,3.84,27,27,62.17273405846782,0.9166666666666666,0.5,adaptive_move,0.5375,0.07815694877261455,0.1482259114583333,357.0,22.0,13.0,239.0,82.0,1.0,0.0,0.0,48.0,2.0,3.0,30.0,23.0,0.0,0.0,0.0,0.0,0.0,3.0,30.0,0.0,0.0,0.0,0.0
A_f0.9_move__baldwinian__s19,A_f0.9_move__baldwinian,A_f0.9_move,A,baldwinian,19,1350,train,49,4.122448979591836,16,17,63.333818756412725,0.8958333333333334,0.5,adaptive_move,0.525,0.08238102037761666,0.15563142673521857,277.0,19.0,18.0,340.0,99.0,6.0,0.0,0.0,47.0,1.0,1.0,32.0,20.0,0.0,0.0,0.0,0.0,0.0,1.0,32.0,0.0,0.0,0.0,0.0
A_f0.9_move__baldwinian__s19,A_f0.9_move__baldwinian,A_f0.9_move,A,baldwinian,19,1400,train,42,4.190476190476191,15,22,91.58460101842945,0.8541666666666666,0.5,adaptive_move,0.59375,0.10510180309874123,0.1771093749999999,202.0,16.0,15.0,329.0,80.0,4.0,0.0,0.0,39.0,0.0,2.0,24.0,21.0,1.0,0.0,0.0,0.0,0.0,2.0,24.0,0.0,0.0,0.0,0.0
A_f0.9_move__baldwinian__s19,A_f0.9_move__baldwinian,A_f0.9_move,A,baldwinian,19,1450,train,50,4.52,23,15,106.14721968395726,0.7916666666666666,0.5,adaptive_move,0.49375,0.0567401459552707,0.10735497237569036,284.0,11.0,28.0,497.0,93.0,3.0,0.0,0.0,36.0,0.0,5.0,31.0,23.0,0.0,0.0,0.0,0.0,0.0,5.0,31.0,0.0,0.0,0.0,0.0
A_f0.9_move__baldwinian__s19,A_f0.9_move__baldwinian,A_f0.9_move,A,baldwinian,19,1500,train,50,4.58,15,15,69.40583413051527,0.8958333333333334,0.5,adaptive_move,0.55625,0.0842993985524029,0.16201494910941472,337.0,17.0,13.0,333.0,133.0,10.0,0.0,0.0,48.0,1.0,1.0,31.0,31.0,0.0,0.0,0.0,0.0,0.0,1.0,31.0,0.0,0.0,0.0,0.0
A_f0.9_move__baldwinian__s19,A_f0.9_move__baldwinian,A_f0.9_move,A,baldwinian,19,1550,eval,50,4.72,23,23,68.694206442067,0.875,0.5,adaptive_move,0.49,0.0,0.0,451.0,26.0,19.0,413.0,77.0,5.0,6.0,74.0,46.0,1.0,3.0,30.0,14.0,1.0,1.0,5.0,0.0,0.0,3.0,30.0,0.0,0.0,1.0,5.0
A_f0.9_move__baldwinian__s19,A_f0.9_move__baldwinian,A_f0.9_move,A,baldwinian,19,1600,eval,50,4.98,24,24,174.4279771016256,0.6041666666666666,0.5,adaptive_move,0.51,0.0,0.0,373.0,20.0,23.0,509.0,72.0,2.0,7.0,104.0,33.0,1.0,2.0,25.0,5.0,0.0,1.0,6.0,0.0,0.0,2.0,25.0,0.0,0.0,1.0,6.0
A_f0.9_move__baldwinian__s19,A_f0.9_move__baldwinian,A_f0.9_move,A,baldwinian,19,1650,eval,50,5.08,11,11,184.72542158668355,0.4166666666666667,0.5,adaptive_move,0.535,0.0,0.0,384.0,23.0,18.0,535.0,143.0,8.0,2.0,58.0,28.0,1.0,2.0,26.0,11.0,1.0,0.0,2.0,0.0,0.0,2.0,26.0,0.0,0.0,0.0,2.0
A_f0.9_move__baldwinian__s19,A_f0.9_move__baldwinian,A_f0.9_move,A,baldwinian,19,1700,eval,50,5.1,7,7,179.68735115241245,0.5208333333333334,0.5,adaptive_move,0.49,0.0,0.0,686.0,26.0,30.0,543.0,169.0,14.0,7.0,102.0,34.0,0.0,0.0,22.0,6.0,2.0,1.0,9.0,0.0,0.0,0.0,22.0,0.0,0.0,1.0,9.0
A_f0.9_move__baldwinian__s19,A_f0.9_move__baldwinian,A_f0.9_move,A,baldwinian,19,1750,eval,50,5.22,12,12,177.24594410865927,0.5208333333333334,0.5,adaptive_move,0.5,0.0,0.0,592.0,26.0,32.0,570.0,141.0,7.0,5.0,92.0,33.0,1.0,5.0,29.0,14.0,0.0,0.0,4.0,0.0,0.0,5.0,29.0,0.0,0.0,0.0,4.0
A_f0.9_move__baldwinian__s19,A_f0.9_move__baldwinian,A_f0.9_move,A,baldwinian,19,1800,eval,50,5.24,3,3,228.74984209884815,0.375,0.5,adaptive_move,0.465,0.0,0.0,740.0,37.0,24.0,490.0,105.0,9.0,2.0,80.0,26.0,1.0,2.0,18.0,11.0,1.0,0.0,5.0,0.0,0.0,2.0,18.0,0.0,0.0,0.0,5.0
A_f0.9_move__baldwinian__s20,A_f0.9_move__baldwinian,A_f0.9_move,A,baldwinian,20,50,train,50,0.84,36,6,65.00140629845222,0.8958333333333334,0.5,adaptive_move,0.5125,0.07059237971262824,0.1251937331536388,251.0,14.0,12.0,261.0,101.0,5.0,0.0,0.0,46.0,1.0,3.0,41.0,28.0,3.0,0.0,0.0,0.0,0.0,3.0,41.0,0.0,0.0,0.0,0.0
A_f0.9_move__baldwinian__s20,A_f0.9_move__baldwinian,A_f0.9_move,A,baldwinian,20,100,train,46,1.065217391304348,13,17,65.4251627376913,0.9375,0.5,adaptive_move,0.525,0.0679932308559783,0.13439157824933678,322.0,19.0,22.0,315.0,65.0,4.0,0.0,0.0,36.0,3.0,5.0,37.0,19.0,0.0,0.0,0.0,0.0,0.0,5.0,37.0,0.0,0.0,0.0,0.0
A_f0.9_move__baldwinian__s20,A_f0.9_move__baldwinian,A_f0.9_move,A,baldwinian,20,150,train,44,1.1363636363636365,15,17,100.10061274224661,0.8541666666666666,0.5,adaptive_move,0.5125,0.08984020490534093,0.14425986842105254,285.0,11.0,20.0,453.0,61.0,6.0,0.0,0.0,43.0,1.0,2.0,35.0,21.0,0.0,0.0,0.0,0.0,0.0,2.0,35.0,0.0,0.0,0.0,0.0
A_f0.9_move__baldwinian__s20,A_f0.9_move__baldwinian,A_f0.9_move,A,baldwinian,20,200,train,50,1.12,21,15,103.8516971095782,0.7708333333333334,0.5,adaptive_move,0.55625,0.08550298775865221,0.15309261658031081,290.0,15.0,32.0,449.0,75.0,3.0,0.0,0.0,39.0,3.0,3.0,36.0,21.0,3.0,0.0,0.0,0.0,0.0,3.0,36.0,0.0,0.0,0.0,0.0
A_f0.9_move__baldwinian__s20,A_f0.9_move__baldwinian,A_f0.9_move,A,baldwinian,20,250,train,50,1.16,17,17,67.50435328945875,0.8958333333333334,0.5,adaptive_move,0.59375,0.11259021679172745,0.18671490147783243,190.0,12.0,18.0,349.0,164.0,5.0,0.0,0.0,54.0,1.0,5.0,39.0,29.0,1.0,0.0,0.0,0.0,0.0,5.0,39.0,0.0,0.0,0.0,0.0
A_f0.9_move__baldwinian__s20,A_f0.9_move__baldwinian,A_f0.9_move,A,baldwinian,20,300,train,46,1.2826086956521738,14,18,84.02223519682553,0.8125,0.5,adaptive_move,0.55,0.08839344826790363,0.1537888601036268,215.0,12.0,22.0,372.0,86.0,4.0,0.0,0.0,47.0,2.0,3.0,28.0,19.0,2.0,0.0,0.0,0.0,0.0,3.0,28.0,0.0,0.0,0.0,0.0
A_f0.9_move__baldwinian__s20,A_f0.9_move__baldwinian,A_f0.9_move,A,baldwinian,20,350,train,50,1.48,19,15,43.42765064959478,0.9375,0.5,adaptive_move,0.51875,0.08820046855703184,0.15950320512820504,268.0,17.0,20.0,256.0,141.0,7.0,0.0,0.0,51.0,0.0,8.0,18.0,23.0,3.0,0.0,0.0,0.0,0.0,8.0,18.0,0.0,0.0,0.0,0.0
A_f0.9_move__baldwinian__s20,A_f0.9_move__baldwinian,A_f0.9_move,A,baldwinian,20,400,train,50,1.6,16,16,81.34944866994053,0.8333333333333334,0.5,adaptive_move,0.56875,0.11871642821885826,0.2037053571428571,204.0,13.0,17.0,429.0,199.0,8.0,0.0,0.0,32.0,2.0,1.0,26.0,24.0,0.0,0.0,0.0,0.0,0.0,1.0,26.0,0.0,0.0,0.0,0.0
A_f0.9_move__baldwinian__s20,A_f0.9_move__baldwinian,A_f0.9_move,A,baldwinian,20,450,train,50,1.72,17,17,115.49101856605571,0.75,0.5,adaptive_move,0.53125,0.07404931137696501,0.13495678191489358,270.0,13.0,20.0,413.0,169.0,11.0,0.0,0.0,47.0,0.0,3.0,30.0,24.0,0.0,0.0,0.0,0.0,0.0,3.0,30.0,0.0,0.0,0.0,0.0
A_f0.9_move__baldwinian__s20,A_f0.9_move__baldwinian,A_f0.9_move,A,baldwinian,20,500,train,50,2.04,14,14,70.93751297462009,0.8958333333333334,0.5,adaptive_move,0.60625,0.06141273505737411,0.13126662234042552,467.0,23.0,16.0,261.0,135.0,10.0,0.0,0.0,58.0,2.0,5.0,24.0,22.0,0.0,0.0,0.0,0.0,0.0,5.0,24.0,0.0,0.0,0.0,0.0
A_f0.9_move__baldwinian__s20,A_f0.9_move__baldwinian,A_f0.9_move,A,baldwinian,20,550,train,50,2.2,13,13,82.47713770161096,0.8125,0.5,adaptive_move,0.525,0.046527125389128385,0.10274411357340729,326.0,23.0,14.0,277.0,99.0,9.0,0.0,0.0,45.0,3.0,2.0,20.0,28.0,1.0,0.0,0.0,0.0,0.0,2.0,20.0,0.0,0.0,0.0,0.0
A_f0.9_move__baldwinian__s20,A_f0.9_move__baldwinian,A_f0.9_move,A,baldwinian,20,600,train,50,2.68,21,21,91.691905168461,0.8333333333333334,0.5,adaptive_move,0.51875,0.06757851466654319,0.13465683023872654,267.0,14.0,22.0,350.0,131.0,4.0,0.0,0.0,34.0,2.0,7.0,22.0,26.0,1.0,0.0,0.0,0.0,0.0,7.0,22.0,0.0,0.0,0.0,0.0
A_f0.9_move__baldwinian__s20,A_f0.9_move__baldwinian,A_f0.9_move,A,baldwinian,20,650,train,50,2.8,15,15,68.23423781114224,0.8958333333333334,0.5,adaptive_move,0.5375,0.05240383537158658,0.10616367403314908,309.0,26.0,27.0,433.0,60.0,2.0,0.0,0.0,36.0,3.0,7.0,23.0,27.0,2.0,0.0,0.0,0.0,0.0,7.0,23.0,0.0,0.0,0.0,0.0
A_f0.9_move__baldwinian__s20,A_f0.9_move__baldwinian,A_f0.9_move,A,baldwinian,20,700,train,50,2.88,11,11,61.9328362609482,0.8958333333333334,0.5,adaptive_move,0.55625,0.08220148281037631,0.15911989795918324,457.0,17.0,21.0,408.0,101.0,3.0,0.0,0.0,52.0,1.0,9.0,29.0,30.0,0.0,0.0,0.0,0.0,0.0,9.0,29.0,0.0,0.0,0.0,0.0
A_f0.9_move__baldwinian__s20,A_f0.9_move__baldwinian,A_f0.9_move,A,baldwinian,20,750,train,50,3.22,24,24,76.57864945396284,0.8541666666666666,0.5,adaptive_move,0.5375,0.1089494383107508,0.1843441358024691,261.0,14.0,34.0,536.0,170.0,11.0,0.0,0.0,41.0,1.0,2.0,31.0,29.0,1.0,0.0,0.0,0.0,0.0,2.0,31.0,0.0,0.0,0.0,0.0
A_f0.9_move__baldwinian__s20,A_f0.9_move__baldwinian,A_f0.9_move,A,baldwinian,20,800,train,50,3.14,12,12,63.01967260027345,0.8958333333333334,0.5,adaptive_move,0.525,0.058215938855495725,0.12737299465240626,378.0,23.0,17.0,419.0,77.0,2.0,0.0,0.0,40.0,3.0,1.0,21.0,30.0,0.0,0.0,0.0,0.0,0.0,1.0,21.0,0.0,0.0,0.0,0.0
A_f0.9_move__baldwinian__s20,A_f0.9_move__baldwinian,A_f0.9_move,A,baldwinian,20,850,train,50,3.18,24,24,80.52996476300551,0.8541666666666666,0.5,adaptive_move,0.5375,0.08881292813517692,0.15765584832904866,281.0,17.0,17.0,319.0,87.0,10.0,0.0,0.0,44.0,1.0,4.0,26.0,21.0,2.0,0.0,0.0,0.0,0.0,4.0,26.0,0.0,0.0,0.0,0.0
A_f0.9_move__baldwinian__s20,A_f0.9_move__baldwinian,A_f0.9_move,A,baldwinian,20,900,train,50,3.44,14,14,54.06381825393481,0.8958333333333334,0.5,adaptive_move,0.54375,0.07543149016374051,0.1534142030848329,336.0,16.0,16.0,285.0,67.0,6.0,0.0,0.0,55.0,2.0,1.0,24.0,26.0,1.0,0.0,0.0,0.0,0.0,1.0,24.0,0.0,0.0,0.0,0.0
A_f0.9_move__baldwinian__s20,A_f0.9_move__baldwinian,A_f0.9_move,A,baldwinian,20,950,train,50,3.5,20,20,58.961715687042805,0.8958333333333334,0.5,adaptive_move,0.5375,0.06968415060371398,0.13560179045092835,295.0,19.0,10.0,340.0,60.0,3.0,0.0,0.0,44.0,3.0,2.0,27.0,28.0,1.0,0.0,0.0,0.0,0.0,2.0,27.0,0.0,0.0,0.0,0.0
A_f0.9_move__baldwinian__s20,A_f0.9_move__baldwinian,A_f0.9_move,A,baldwinian,20,1000,train,34,3.9411764705882355,12,28,76.65761470106224,0.8333333333333334,0.5,adaptive_move,0.51875,0.09190151824148454,0.17736695544554437,237.0,7.0,18.0,288.0,66.0,5.0,0.0,0.0,46.0,1.0,4.0,28.0,30.0,2.0,0.0,0.0,0.0,0.0,4.0,28.0,0.0,0.0,0.0,0.0
A_f0.9_move__baldwinian__s20,A_f0.9_move__baldwinian,A_f0.9_move,A,baldwinian,20,1050,train,28,3.6785714285714284,7,13,118.87394384354312,0.7708333333333334,0.5,adaptive_move,0.4875,0.03814908233959339,0.08421519886363615,168.0,8.0,21.0,303.0,56.0,1.0,0.0,0.0,40.0,3.0,6.0,29.0,24.0,1.0,0.0,0.0,0.0,0.0,6.0,29.0,0.0,0.0,0.0,0.0
A_f0.9_move__baldwinian__s20,A_f0.9_move__baldwinian,A_f0.9_move,A,baldwinian,20,1100,train,31,4.258064516129032,18,15,140.53744039061576,0.75,0.5,adaptive_move,0.5125,0.02837142015239299,0.07171289625360222,195.0,11.0,19.0,307.0,52.0,1.0,0.0,0.0,39.0,1.0,4.0,29.0,22.0,0.0,0.0,0.0,0.0,0.0,4.0,29.0,0.0,0.0,0.0,0.0
A_f0.9_move__baldwinian__s20,A_f0.9_move__baldwinian,A_f0.9_move,A,baldwinian,20,1150,train,47,4.638297872340425,26,10,98.39037267247531,0.7916666666666666,0.5,adaptive_move,0.54375,0.06088191882572924,0.11715769754768401,255.0,12.0,16.0,316.0,103.0,3.0,0.0,0.0,38.0,1.0,2.0,33.0,26.0,0.0,0.0,0.0,0.0,0.0,2.0,33.0,0.0,0.0,0.0,0.0
A_f0.9_move__baldwinian__s20,A_f0.9_move__baldwinian,A_f0.9_move,A,baldwinian,20,1200,train,50,4.94,20,17,63.40569508397641,0.8958333333333334,0.5,adaptive_move,0.53125,0.08681216671831904,0.1532545336787563,206.0,5.0,21.0,448.0,230.0,6.0,0.0,0.0,46.0,1.0,1.0,30.0,31.0,0.0,0.0,0.0,0.0,0.0,1.0,30.0,0.0,0.0,0.0,0.0
A_f0.9_move__baldwinian__s20,A_f0.9_move__baldwinian,A_f0.9_move,A,baldwinian,20,1250,train,50,4.96,20,20,79.25441424641846,0.8333333333333334,0.5,adaptive_move,0.53125,0.08333024607061715,0.154526417525773,337.0,17.0,20.0,354.0,204.0,20.0,0.0,0.0,40.0,1.0,2.0,35.0,18.0,2.0,0.0,0.0,0.0,0.0,2.0,35.0,0.0,0.0,0.0,0.0
A_f0.9_move__baldwinian__s20,A_f0.9_move__baldwinian,A_f0.9_move,A,baldwinian,20,1300,train,50,5.1,20,20,63.197890974352084,0.875,0.5,adaptive_move,0.55625,0.08634668198311007,0.15743091259640107,339.0,15.0,16.0,355.0,133.0,6.0,0.0,0.0,50.0,1.0,2.0,23.0,25.0,1.0,0.0,0.0,0.0,0.0,2.0,23.0,0.0,0.0,0.0,0.0
A_f0.9_move__baldwinian__s20,A_f0.9_move__baldwinian,A_f0.9_move,A,baldwinian,20,1350,train,47,4.787234042553192,16,19,54.684699358043844,0.9583333333333334,0.5,adaptive_move,0.525,0.06762153717045899,0.1388322368421051,324.0,16.0,21.0,316.0,90.0,3.0,0.0,0.0,38.0,1.0,4.0,31.0,23.0,0.0,0.0,0.0,0.0,0.0,4.0,31.0,0.0,0.0,0.0,0.0
A_f0.9_move__baldwinian__s20,A_f0.9_move__baldwinian,A_f0.9_move,A,baldwinian,20,1400,train,45,5.622222222222222,17,19,88.28460092947617,0.8333333333333334,0.5,adaptive_move,0.50625,0.04335771497634671,0.07826826647564467,237.0,12.0,18.0,343.0,145.0,6.0,0.0,0.0,24.0,3.0,7.0,28.0,38.0,0.0,0.0,0.0,0.0,0.0,7.0,28.0,0.0,0.0,0.0,0.0
A_f0.9_move__baldwinian__s20,A_f0.9_move__baldwinian,A_f0.9_move,A,baldwinian,20,1450,train,48,6.020833333333333,20,17,96.31539452901197,0.8333333333333334,0.5,adaptive_move,0.55625,0.09191810350739317,0.1758297146401988,237.0,15.0,33.0,462.0,80.0,6.0,0.0,0.0,30.0,1.0,2.0,36.0,24.0,0.0,0.0,0.0,0.0,0.0,2.0,36.0,0.0,0.0,0.0,0.0
A_f0.9_move__baldwinian__s20,A_f0.9_move__baldwinian,A_f0.9_move,A,baldwinian,20,1500,train,49,6.204081632653061,16,15,63.73511846497571,0.9166666666666666,0.5,adaptive_move,0.50625,0.11800449083981361,0.17428977272727253,309.0,14.0,24.0,362.0,183.0,5.0,0.0,0.0,45.0,0.0,6.0,30.0,31.0,0.0,0.0,0.0,0.0,0.0,6.0,30.0,0.0,0.0,0.0,0.0
A_f0.9_move__baldwinian__s20,A_f0.9_move__baldwinian,A_f0.9_move,A,baldwinian,20,1550,eval,50,6.16,28,27,130.87519393367455,0.75,0.5,adaptive_move,0.495,0.0,0.0,383.0,19.0,27.0,480.0,148.0,3.0,3.0,88.0,28.0,1.0,5.0,24.0,13.0,1.0,0.0,3.0,0.0,0.0,5.0,24.0,0.0,0.0,0.0,3.0
A_f0.9_move__baldwinian__s20,A_f0.9_move__baldwinian,A_f0.9_move,A,baldwinian,20,1600,eval,50,6.44,22,22,108.86105421889502,0.7291666666666666,0.5,adaptive_move,0.495,0.0,0.0,338.0,22.0,19.0,405.0,157.0,15.0,12.0,187.0,28.0,3.0,2.0,37.0,9.0,1.0,3.0,11.0,0.0,0.0,2.0,37.0,0.0,0.0,3.0,11.0
A_f0.9_move__baldwinian__s20,A_f0.9_move__baldwinian,A_f0.9_move,A,baldwinian,20,1650,eval,50,6.48,20,20,122.46761789101865,0.7083333333333334,0.5,adaptive_move,0.53,0.0,0.0,404.0,15.0,19.0,417.0,105.0,5.0,15.0,242.0,32.0,4.0,2.0,22.0,13.0,0.0,2.0,12.0,0.0,0.0,2.0,22.0,0.0,0.0,2.0,12.0
A_f0.9_move__baldwinian__s20,A_f0.9_move__baldwinian,A_f0.9_move,A,baldwinian,20,1700,eval,50,6.58,15,15,161.7433760011869,0.5416666666666666,0.5,adaptive_move,0.475,0.0,0.0,483.0,23.0,23.0,505.0,151.0,8.0,10.0,121.0,28.0,1.0,3.0,41.0,9.0,0.0,0.0,3.0,0.0,0.0,3.0,41.0,0.0,0.0,0.0,3.0
A_f0.9_move__baldwinian__s20,A_f0.9_move__baldwinian,A_f0.9_move,A,baldwinian,20,1750,eval,50,6.52,9,9,161.11490976259628,0.5,0.5,adaptive_move,0.52,0.0,0.0,468.0,26.0,20.0,443.0,178.0,6.0,4.0,131.0,33.0,1.0,2.0,21.0,17.0,0.0,0.0,9.0,0.0,0.0,2.0,21.0,0.0,0.0,0.0,9.0
A_f0.9_move__baldwinian__s20,A_f0.9_move__baldwinian,A_f0.9_move,A,baldwinian,20,1800,eval,50,6.4,8,8,167.03797256496017,0.6458333333333334,0.5,adaptive_move,0.535,0.0,0.0,411.0,28.0,35.0,549.0,71.0,4.0,9.0,150.0,29.0,3.0,1.0,34.0,8.0,0.0,1.0,6.0,0.0,0.0,1.0,34.0,0.0,0.0,1.0,6.0
A_f0.9_move__baldwinian__s21,A_f0.9_move__baldwinian,A_f0.9_move,A,baldwinian,21,50,train,50,0.7,30,0,88.89360707432866,0.875,0.5,adaptive_move,0.49375,0.08436557528940605,0.14536581364829382,270.0,15.0,12.0,210.0,73.0,3.0,0.0,0.0,69.0,4.0,2.0,33.0,11.0,0.0,0.0,0.0,0.0,0.0,2.0,33.0,0.0,0.0,0.0,0.0
A_f0.9_move__baldwinian__s21,A_f0.9_move__baldwinian,A_f0.9_move,A,baldwinian,21,100,train,49,0.7959183673469388,10,11,55.451211071627675,0.9375,0.5,adaptive_move,0.54375,0.07147842306352614,0.1420320680628271,283.0,20.0,17.0,295.0,64.0,1.0,0.0,0.0,50.0,4.0,7.0,27.0,11.0,0.0,0.0,0.0,0.0,0.0,7.0,27.0,0.0,0.0,0.0,0.0
A_f0.9_move__baldwinian__s21,A_f0.9_move__baldwinian,A_f0.9_move,A,baldwinian,21,150,train,44,1.0,19,24,94.63199602226938,0.8333333333333334,0.5,adaptive_move,0.55,0.10612232696288372,0.19018400243309008,236.0,17.0,23.0,495.0,143.0,6.0,0.0,0.0,36.0,2.0,5.0,40.0,13.0,1.0,0.0,0.0,0.0,0.0,5.0,40.0,0.0,0.0,0.0,0.0
A_f0.9_move__baldwinian__s21,A_f0.9_move__baldwinian,A_f0.9_move,A,baldwinian,21,200,train,36,1.1944444444444444,11,19,150.67389220886105,0.7291666666666666,0.5,adaptive_move,0.53125,0.13007412834132634,0.1916845823095823,290.0,10.0,15.0,425.0,23.0,3.0,0.0,0.0,47.0,1.0,2.0,33.0,11.0,1.0,0.0,0.0,0.0,0.0,2.0,33.0,0.0,0.0,0.0,0.0
A_f0.9_move__baldwinian__s21,A_f0.9_move__baldwinian,A_f0.9_move,A,baldwinian,21,250,train,50,1.44,25,11,65.88650784378378,0.8541666666666666,0.5,adaptive_move,0.50625,0.047624204119195254,0.112832084468665,461.0,33.0,19.0,500.0,46.0,5.0,0.0,0.0,56.0,2.0,3.0,41.0,10.0,0.0,0.0,0.0,0.0,0.0,3.0,41.0,0.0,0.0,0.0,0.0
A_f0.9_move__baldwinian__s21,A_f0.9_move__baldwinian,A_f0.9_move,A,baldwinian,21,300,train,50,1.42,14,14,95.51337394277742,0.7916666666666666,0.5,adaptive_move,0.54375,0.07767977394934986,0.1599143401015226,391.0,31.0,29.0,582.0,39.0,1.0,0.0,0.0,34.0,1.0,3.0,29.0,14.0,0.0,0.0,0.0,0.0,0.0,3.0,29.0,0.0,0.0,0.0,0.0
A_f0.9_move__baldwinian__s21,A_f0.9_move__baldwinian,A_f0.9_move,A,baldwinian,21,350,train,50,1.6,13,13,111.35291125265034,0.75,0.5,adaptive_move,0.58125,0.07236776739567483,0.137847222222222,439.0,20.0,31.0,537.0,53.0,1.0,0.0,0.0,49.0,1.0,4.0,29.0,12.0,0.0,0.0,0.0,0.0,0.0,4.0,29.0,0.0,0.0,0.0,0.0
A_f0.9_move__baldwinian__s21,A_f0.9_move__baldwinian,A_f0.9_move,A,baldwinian,21,400,train,50,1.58,14,14,79.26583779049895,0.7916666666666666,0.5,adaptive_move,0.5375,0.08172872727817157,0.16557777078085656,429.0,22.0,40.0,483.0,150.0,5.0,0.0,0.0,52.0,1.0,7.0,29.0,19.0,0.0,0.0,0.0,0.0,0.0,7.0,29.0,0.0,0.0,0.0,0.0
A_f0.9_move__baldwinian__s21,A_f0.9_move__baldwinian,A_f0.9_move,A,baldwinian,21,450,train,50,1.5,10,10,110.30278861641614,0.7291666666666666,0.5,adaptive_move,0.55625,0.11172003251564297,0.1923433698296837,341.0,17.0,16.0,481.0,114.0,7.0,0.0,0.0,49.0,2.0,4.0,26.0,19.0,1.0,0.0,0.0,0.0,0.0,4.0,26.0,0.0,0.0,0.0,0.0
A_f0.9_move__baldwinian__s21,A_f0.9_move__baldwinian,A_f0.9_move,A,baldwinian,21,500,train,50,1.92,18,18,90.34240064859287,0.8125,0.5,adaptive_move,0.575,0.09239900962315835,0.16127717391304341,366.0,18.0,24.0,617.0,121.0,7.0,0.0,0.0,45.0,1.0,9.0,31.0,14.0,1.0,0.0,0.0,0.0,0.0,9.0,31.0,0.0,0.0,0.0,0.0
A_f0.9_move__baldwinian__s21,A_f0.9_move__baldwinian,A_f0.9_move,A,baldwinian,21,550,train,50,2.3,17,17,97.04059990070438,0.8125,0.5,adaptive_move,0.58125,0.09351921659661519,0.18382621951219513,352.0,16.0,19.0,496.0,129.0,7.0,0.0,0.0,56.0,2.0,4.0,25.0,11.0,0.0,0.0,0.0,0.0,0.0,4.0,25.0,0.0,0.0,0.0,0.0
A_f0.9_move__baldwinian__s21,A_f0.9_move__baldwinian,A_f0.9_move,A,baldwinian,21,600,train,50,2.64,18,18,151.8011318622089,0.625,0.5,adaptive_move,0.55,0.07073500630769952,0.13123328877005336,555.0,30.0,23.0,478.0,106.0,11.0,0.0,0.0,44.0,0.0,2.0,23.0,12.0,0.0,0.0,0.0,0.0,0.0,2.0,23.0,0.0,0.0,0.0,0.0
A_f0.9_move__baldwinian__s21,A_f0.9_move__baldwinian,A_f0.9_move,A,baldwinian,21,650,train,50,2.64,10,10,69.53910914397066,0.8541666666666666,0.5,adaptive_move,0.55,0.0646190511212619,0.1339439655172412,458.0,32.0,30.0,585.0,78.0,1.0,0.0,0.0,54.0,2.0,1.0,41.0,17.0,0.0,0.0,0.0,0.0,0.0,1.0,41.0,0.0,0.0,0.0,0.0
A_f0.9_move__baldwinian__s21,A_f0.9_move__baldwinian,A_f0.9_move,A,baldwinian,21,700,train,50,2.72,19,19,113.82284094988357,0.7708333333333334,0.5,adaptive_move,0.50625,0.05953321853094244,0.13013630319148928,364.0,18.0,20.0,396.0,80.0,7.0,0.0,0.0,41.0,0.0,7.0,19.0,16.0,0.0,0.0,0.0,0.0,0.0,7.0,19.0,0.0,0.0,0.0,0.0
A_f0.9_move__baldwinian__s21,A_f0.9_move__baldwinian,A_f0.9_move,A,baldwinian,21,750,train,50,2.62,18,18,86.1308534248288,0.7708333333333334,0.5,adaptive_move,0.575,0.0675066258953052,0.13386107427055682,385.0,24.0,23.0,521.0,92.0,5.0,0.0,0.0,49.0,0.0,5.0,28.0,14.0,0.0,0.0,0.0,0.0,0.0,5.0,28.0,0.0,0.0,0.0,0.0
A_f0.9_move__baldwinian__s21,A_f0.9_move__baldwinian,A_f0.9_move,A,baldwinian,21,800,train,50,2.72,13,13,89.91968793405574,0.875,0.5,adaptive_move,0.54375,0.08072204258660565,0.14958603896103861,356.0,16.0,37.0,579.0,76.0,6.0,0.0,0.0,43.0,1.0,5.0,28.0,21.0,0.0,0.0,0.0,0.0,0.0,5.0,28.0,0.0,0.0,0.0,0.0
A_f0.9_move__baldwinian__s21,A_f0.9_move__baldwinian,A_f0.9_move,A,baldwinian,21,850,train,50,2.64,14,14,103.97633608596061,0.75,0.5,adaptive_move,0.575,0.07954507383619411,0.162745253164557,369.0,15.0,16.0,480.0,42.0,4.0,0.0,0.0,52.0,2.0,2.0,38.0,15.0,0.0,0.0,0.0,0.0,0.0,2.0,38.0,0.0,0.0,0.0,0.0
A_f0.9_move__baldwinian__s21,A_f0.9_move__baldwinian,A_f0.9_move,A,baldwinian,21,900,train,50,2.54,17,17,99.97784591159012,0.7708333333333334,0.5,adaptive_move,0.5375,0.1342328861163104,0.21562500000000018,372.0,20.0,20.0,365.0,57.0,4.0,0.0,0.0,48.0,0.0,3.0,38.0,17.0,1.0,0.0,0.0,0.0,0.0,3.0,38.0,0.0,0.0,0.0,0.0
A_f0.9_move__baldwinian__s21,A_f0.9_move__baldwinian,A_f0.9_move,A,baldwinian,21,950,train,50,2.66,12,12,50.64697226786379,0.9375,0.5,adaptive_move,0.5,0.04351700646477861,0.10026041666666652,555.0,25.0,18.0,441.0,110.0,8.0,0.0,0.0,59.0,1.0,3.0,18.0,15.0,2.0,0.0,0.0,0.0,0.0,3.0,18.0,0.0,0.0,0.0,0.0
A_f0.9_move__baldwinian__s21,A_f0.9_move__baldwinian,A_f0.9_move,A,baldwinian,21,1000,train,50,2.78,12,12,86.71765086541308,0.7291666666666666,0.5,adaptive_move,0.58125,0.11345815349895721,0.18394183168316824,331.0,16.0,32.0,498.0,55.0,1.0,0.0,0.0,45.0,0.0,5.0,31.0,11.0,1.0,0.0,0.0,0.0,0.0,5.0,31.0,0.0,0.0,0.0,0.0
A_f0.9_move__baldwinian__s21,A_f0.9_move__baldwinian,A_f0.9_move,A,baldwinian,21,1050,train,50,3.18,14,14,100.28668570251489,0.7291666666666666,0.5,adaptive_move,0.54375,0.08515889289667723,0.15129058441558407,327.0,16.0,35.0,522.0,111.0,8.0,0.0,0.0,42.0,1.0,4.0,31.0,15.0,2.0,0.0,0.0,0.0,0.0,4.0,31.0,0.0,0.0,0.0,0.0
A_f0.9_move__baldwinian__s21,A_f0.9_move__baldwinian,A_f0.9_move,A,baldwinian,21,1100,train,50,3.42,23,23,88.87440187606319,0.7916666666666666,0.5,adaptive_move,0.53125,0.07540649364533684,0.14427356020942406,340.0,26.0,32.0,519.0,72.0,4.0,0.0,0.0,48.0,2.0,11.0,34.0,9.0,2.0,0.0,0.0,0.0,0.0,11.0,34.0,0.0,0.0,0.0,0.0
A_f0.9_move__baldwinian__s21,A_f0.9_move__baldwinian,A_f0.9_move,A,baldwinian,21,1150,train,50,3.46,12,12,132.74769058468274,0.6666666666666666,0.5,adaptive_move,0.575,0.059915130219380816,0.13452341688654368,342.0,15.0,25.0,488.0,136.0,6.0,0.0,0.0,42.0,2.0,3.0,29.0,4.0,0.0,0.0,0.0,0.0,0.0,3.0,29.0,0.0,0.0,0.0,0.0
A_f0.9_move__baldwinian__s21,A_f0.9_move__baldwinian,A_f0.9_move,A,baldwinian,21,1200,train,50,3.54,12,12,110.69568958657477,0.7083333333333334,0.5,adaptive_move,0.5,0.06316330460155292,0.13447420634920637,503.0,16.0,37.0,775.0,147.0,4.0,0.0,0.0,47.0,0.0,9.0,25.0,10.0,0.0,0.0,0.0,0.0,0.0,9.0,25.0,0.0,0.0,0.0,0.0
A_f0.9_move__baldwinian__s21,A_f0.9_move__baldwinian,A_f0.9_move,A,baldwinian,21,1250,train,50,3.38,18,18,114.15829087049656,0.6875,0.5,adaptive_move,0.5375,0.06918066773047611,0.13898026315789447,469.0,25.0,40.0,513.0,145.0,8.0,0.0,0.0,53.0,3.0,5.0,22.0,10.0,1.0,0.0,0.0,0.0,0.0,5.0,22.0,0.0,0.0,0.0,0.0
A_f0.9_move__baldwinian__s21,A_f0.9_move__baldwinian,A_f0.9_move,A,baldwinian,21,1300,train,50,3.34,12,12,75.45108473008307,0.7708333333333334,0.5,adaptive_move,0.48125,0.06562927768501386,0.12977941176470575,427.0,25.0,24.0,589.0,78.0,8.0,0.0,0.0,36.0,3.0,2.0,28.0,15.0,5.0,0.0,0.0,0.0,0.0,2.0,28.0,0.0,0.0,0.0,0.0
A_f0.9_move__baldwinian__s21,A_f0.9_move__baldwinian,A_f0.9_move,A,baldwinian,21,1350,train,50,3.38,15,15,75.89026324506081,0.8958333333333334,0.5,adaptive_move,0.50625,0.11271883234116815,0.18824477886977875,495.0,41.0,27.0,494.0,56.0,4.0,0.0,0.0,53.0,5.0,2.0,28.0,12.0,0.0,0.0,0.0,0.0,0.0,2.0,28.0,0.0,0.0,0.0,0.0
A_f0.9_move__baldwinian__s21,A_f0.9_move__baldwinian,A_f0.9_move,A,baldwinian,21,1400,train,50,3.5,18,18,73.78822200599858,0.8958333333333334,0.5,adaptive_move,0.54375,0.09854376987951449,0.20175553613053587,318.0,18.0,15.0,442.0,55.0,2.0,0.0,0.0,50.0,2.0,3.0,28.0,13.0,2.0,0.0,0.0,0.0,0.0,3.0,28.0,0.0,0.0,0.0,0.0
A_f0.9_move__baldwinian__s21,A_f0.9_move__baldwinian,A_f0.9_move,A,baldwinian,21,1450,train,50,3.7,16,16,88.48458132445401,0.875,0.5,adaptive_move,0.6,0.10225943281050713,0.1887393552311436,488.0,20.0,24.0,337.0,49.0,5.0,0.0,0.0,50.0,1.0,3.0,30.0,12.0,3.0,0.0,0.0,0.0,0.0,3.0,30.0,0.0,0.0,0.0,0.0
A_f0.9_move__baldwinian__s21,A_f0.9_move__baldwinian,A_f0.9_move,A,baldwinian,21,1500,train,50,4.14,26,26,65.52897687360719,0.875,0.5,adaptive_move,0.51875,0.1279241222193448,0.2021484375,445.0,24.0,18.0,402.0,124.0,12.0,0.0,0.0,48.0,1.0,5.0,35.0,10.0,1.0,0.0,0.0,0.0,0.0,5.0,35.0,0.0,0.0,0.0,0.0
A_f0.9_move__baldwinian__s21,A_f0.9_move__baldwinian,A_f0.9_move,A,baldwinian,21,1550,eval,50,4.32,20,20,84.73984545313586,0.8125,0.5,adaptive_move,0.53,0.0,0.0,377.0,18.0,12.0,299.0,131.0,6.0,3.0,70.0,50.0,0.0,2.0,30.0,5.0,0.0,0.0,0.0,0.0,0.0,2.0,30.0,0.0,0.0,0.0,0.0
A_f0.9_move__baldwinian__s21,A_f0.9_move__baldwinian,A_f0.9_move,A,baldwinian,21,1600,eval,50,4.44,22,22,107.25242852791885,0.7083333333333334,0.5,adaptive_move,0.475,0.0,0.0,450.0,14.0,9.0,342.0,40.0,2.0,10.0,153.0,43.0,1.0,1.0,33.0,5.0,0.0,1.0,9.0,0.0,0.0,1.0,33.0,0.0,0.0,1.0,9.0
A_f0.9_move__baldwinian__s21,A_f0.9_move__baldwinian,A_f0.9_move,A,baldwinian,21,1650,eval,50,4.36,15,15,128.23452146101664,0.6875,0.5,adaptive_move,0.48,0.0,0.0,329.0,13.0,28.0,506.0,121.0,4.0,19.0,201.0,50.0,3.0,1.0,24.0,9.0,1.0,2.0,6.0,0.0,0.0,1.0,24.0,0.0,0.0,2.0,6.0
A_f0.9_move__baldwinian__s21,A_f0.9_move__baldwinian,A_f0.9_move,A,baldwinian,21,1700,eval,50,4.3,16,16,184.35628985043095,0.5416666666666666,0.5,adaptive_move,0.485,0.0,0.0,379.0,18.0,31.0,541.0,127.0,1.0,3.0,53.0,32.0,3.0,3.0,15.0,4.0,0.0,0.0,6.0,0.0,0.0,3.0,15.0,0.0,0.0,0.0,6.0
A_f0.9_move__baldwinian__s21,A_f0.9_move__baldwinian,A_f0.9_move,A,baldwinian,21,1750,eval,50,4.52,17,17,173.38504218435503,0.5833333333333334,0.5,adaptive_move,0.5,0.0,0.0,344.0,28.0,24.0,583.0,41.0,7.0,2.0,31.0,26.0,2.0,3.0,28.0,6.0,1.0,1.0,3.0,0.0,0.0,3.0,28.0,0.0,0.0,1.0,3.0
A_f0.9_move__baldwinian__s21,A_f0.9_move__baldwinian,A_f0.9_move,A,baldwinian,21,1800,eval,50,4.4,12,12,211.142463062815,0.4583333333333333,0.5,adaptive_move,0.55,0.0,0.0,469.0,26.0,27.0,364.0,62.0,1.0,5.0,62.0,30.0,3.0,3.0,22.0,2.0,0.0,1.0,1.0,0.0,0.0,3.0,22.0,0.0,0.0,1.0,1.0
A_f0.9_move__baldwinian__s22,A_f0.9_move__baldwinian,A_f0.9_move,A,baldwinian,22,50,train,50,0.72,36,6,89.67091109187632,0.8333333333333334,0.5,adaptive_move,0.50625,0.09229997716568177,0.13725066489361692,261.0,11.0,14.0,269.0,103.0,5.0,0.0,0.0,48.0,2.0,2.0,49.0,19.0,0.0,0.0,0.0,0.0,0.0,2.0,49.0,0.0,0.0,0.0,0.0
A_f0.9_move__baldwinian__s22,A_f0.9_move__baldwinian,A_f0.9_move,A,baldwinian,22,100,train,50,0.82,17,17,81.96613703089074,0.8333333333333334,0.5,adaptive_move,0.575,0.061843198899699296,0.13281664456233422,368.0,21.0,15.0,333.0,141.0,8.0,0.0,0.0,44.0,2.0,3.0,33.0,31.0,1.0,0.0,0.0,0.0,0.0,3.0,33.0,0.0,0.0,0.0,0.0
A_f0.9_move__baldwinian__s22,A_f0.9_move__baldwinian,A_f0.9_move,A,baldwinian,22,150,train,50,0.84,17,17,119.53978801789413,0.7083333333333334,0.5,adaptive_move,0.55,0.08581664596933682,0.1731187810945276,309.0,8.0,31.0,404.0,99.0,5.0,0.0,0.0,38.0,0.0,5.0,32.0,16.0,0.0,0.0,0.0,0.0,0.0,5.0,32.0,0.0,0.0,0.0,0.0
A_f0.9_move__baldwinian__s22,A_f0.9_move__baldwinian,A_f0.9_move,A,baldwinian,22,200,train,50,1.02,18,18,88.82189630332982,0.7916666666666666,0.5,adaptive_move,0.525,0.06882967553029777,0.12347972972972987,394.0,17.0,11.0,392.0,123.0,8.0,0.0,0.0,49.0,1.0,1.0,26.0,26.0,1.0,0.0,0.0,0.0,0.0,1.0,26.0,0.0,0.0,0.0,0.0
A_f0.9_move__baldwinian__s22,A_f0.9_move__baldwinian,A_f0.9_move,A,baldwinian,22,250,train,50,1.12,16,16,126.38826905502158,0.7083333333333334,0.5,adaptive_move,0.55625,0.07404931137696498,0.13417553191489362,420.0,16.0,31.0,405.0,80.0,4.0,0.0,0.0,37.0,4.0,8.0,31.0,10.0,2.0,0.0,0.0,0.0,0.0,8.0,31.0,0.0,0.0,0.0,0.0
A_f0.9_move__baldwinian__s22,A_f0.9_move__baldwinian,A_f0.9_move,A,baldwinian,22,300,train,50,1.04,11,11,59.38985980644127,0.8958333333333334,0.5,adaptive_move,0.55,0.12346902131254939,0.20127704326923057,297.0,12.0,24.0,494.0,139.0,12.0,0.0,0.0,55.0,1.0,4.0,39.0,28.0,1.0,0.0,0.0,0.0,0.0,4.0,39.0,0.0,0.0,0.0,0.0
A_f0.9_move__baldwinian__s22,A_f0.9_move__baldwinian,A_f0.9_move,A,baldwinian,22,350,train,50,1.04,16,16,85.23283653897083,0.8333333333333334,0.5,adaptive_move,0.56875,0.08533965379659324,0.1587660256410255,363.0,18.0,25.0,445.0,66.0,2.0,0.0,0.0,43.0,4.0,8.0,28.0,13.0,0.0,0.0,0.0,0.0,0.0,8.0,28.0,0.0,0.0,0.0,0.0
A_f0.9_move__baldwinian__s22,A_f0.9_move__baldwinian,A_f0.9_move,A,baldwinian,22,400,train,50,0.98,11,11,73.34997121777138,0.875,0.5,adaptive_move,0.55,0.09288882794622347,0.17864969135802466,251.0,12.0,24.0,539.0,108.0,10.0,0.0,0.0,57.0,0.0,8.0,26.0,21.0,2.0,0.0,0.0,0.0,0.0,8.0,26.0,0.0,0.0,0.0,0.0
A_f0.9_move__baldwinian__s22,A_f0.9_move__baldwinian,A_f0.9_move,A,baldwinian,22,450,train,50,1.0,15,15,81.11258671803854,0.8958333333333334,0.5,adaptive_move,0.51875,0.08172872727817158,0.16557777078085656,289.0,18.0,30.0,493.0,169.0,4.0,0.0,0.0,60.0,0.0,3.0,26.0,19.0,1.0,0.0,0.0,0.0,0.0,3.0,26.0,0.0,0.0,0.0,0.0
A_f0.9_move__baldwinian__s22,A_f0.9_move__baldwinian,A_f0.9_move,A,baldwinian,22,500,train,46,1.4130434782608696,21,25,78.34846371565334,0.8541666666666666,0.5,adaptive_move,0.5625,0.06356195200062496,0.13776315789473692,477.0,30.0,13.0,361.0,174.0,8.0,0.0,0.0,57.0,0.0,1.0,22.0,23.0,0.0,0.0,0.0,0.0,0.0,1.0,22.0,0.0,0.0,0.0,0.0
A_f0.9_move__baldwinian__s22,A_f0.9_move__baldwinian,A_f0.9_move,A,baldwinian,22,550,train,50,1.86,22,18,102.34854468815783,0.7916666666666666,0.5,adaptive_move,0.54375,0.055295232681012926,0.11869071815718124,256.0,10.0,20.0,410.0,133.0,8.0,0.0,0.0,41.0,4.0,4.0,27.0,16.0,1.0,0.0,0.0,0.0,0.0,4.0,27.0,0.0,0.0,0.0,0.0
A_f0.9_move__baldwinian__s22,A_f0.9_move__baldwinian,A_f0.9_move,A,baldwinian,22,600,train,50,2.1,13,13,105.71169026838315,0.7708333333333334,0.5,adaptive_move,0.55,0.08077400233458518,0.14467683727034109,300.0,25.0,16.0,316.0,136.0,6.0,0.0,0.0,44.0,3.0,0.0,27.0,29.0,0.0,0.0,0.0,0.0,0.0,0.0,27.0,0.0,0.0,0.0,0.0
A_f0.9_move__baldwinian__s22,A_f0.9_move__baldwinian,A_f0.9_move,A,baldwinian,22,650,train,50,2.2,13,13,99.86831332244746,0.75,0.5,adaptive_move,0.51875,0.06584922151344202,0.11565915300546448,363.0,20.0,29.0,355.0,108.0,3.0,0.0,0.0,46.0,2.0,10.0,20.0,17.0,0.0,0.0,0.0,0.0,0.0,10.0,20.0,0.0,0.0,0.0,0.0
A_f0.9_move__baldwinian__s22,A_f0.9_move__baldwinian,A_f0.9_move,A,baldwinian,22,700,train,50,2.14,20,20,79.411351512577,0.8541666666666666,0.5,adaptive_move,0.525,0.09440991032500634,0.16587880710659864,338.0,21.0,15.0,298.0,160.0,8.0,0.0,0.0,41.0,3.0,6.0,36.0,23.0,1.0,0.0,0.0,0.0,0.0,6.0,36.0,0.0,0.0,0.0,0.0
A_f0.9_move__baldwinian__s22,A_f0.9_move__baldwinian,A_f0.9_move,A,baldwinian,22,750,train,50,2.16,18,18,80.78543113016897,0.8541666666666666,0.5,adaptive_move,0.55,0.08785294733611974,0.1730595386533662,282.0,12.0,22.0,402.0,151.0,7.0,0.0,0.0,50.0,3.0,3.0,30.0,18.0,2.0,0.0,0.0,0.0,0.0,3.0,30.0,0.0,0.0,0.0,0.0
A_f0.9_move__baldwinian__s22,A_f0.9_move__baldwinian,A_f0.9_move,A,baldwinian,22,800,train,50,2.26,17,17,134.52558009795786,0.7291666666666666,0.5,adaptive_move,0.55625,0.10083632544974727,0.151611328125,312.0,20.0,30.0,438.0,83.0,7.0,0.0,0.0,30.0,1.0,5.0,28.0,18.0,2.0,0.0,0.0,0.0,0.0,5.0,28.0,0.0,0.0,0.0,0.0
A_f0.9_move__baldwinian__s22,A_f0.9_move__baldwinian,A_f0.9_move,A,baldwinian,22,850,train,50,2.38,16,16,99.14202814659492,0.75,0.5,adaptive_move,0.5375,0.05959605128738678,0.12481518817204273,319.0,18.0,19.0,443.0,76.0,2.0,0.0,0.0,40.0,0.0,4.0,23.0,20.0,0.0,0.0,0.0,0.0,0.0,4.0,23.0,0.0,0.0,0.0,0.0
A_f0.9_move__baldwinian__s22,A_f0.9_move__baldwinian,A_f0.9_move,A,baldwinian,22,900,train,50,2.36,12,12,122.42908138326104,0.75,0.5,adaptive_move,0.55625,0.055146187317955786,0.11391734972677581,480.0,24.0,21.0,494.0,75.0,3.0,0.0,0.0,42.0,0.0,5.0,26.0,23.0,3.0,0.0,0.0,0.0,0.0,5.0,26.0,0.0,0.0,0.0,0.0
A_f0.9_move__baldwinian__s22,A_f0.9_move__baldwinian,A_f0.9_move,A,baldwinian,22,950,train,50,2.42,16,16,58.871832424993684,0.9166666666666666,0.5,adaptive_move,0.54375,0.1193528272667837,0.20956617647058806,360.0,13.0,30.0,483.0,125.0,9.0,0.0,0.0,54.0,1.0,5.0,41.0,20.0,2.0,0.0,0.0,0.0,0.0,5.0,41.0,0.0,0.0,0.0,0.0
A_f0.9_move__baldwinian__s22,A_f0.9_move__baldwinian,A_f0.9_move,A,baldwinian,22,1000,train,50,2.64,13,13,113.06889886375555,0.7083333333333334,0.5,adaptive_move,0.54375,0.1188265507903635,0.20856617647058795,437.0,29.0,29.0,496.0,43.0,3.0,0.0,0.0,38.0,1.0,3.0,26.0,17.0,0.0,0.0,0.0,0.0,0.0,3.0,26.0,0.0,0.0,0.0,0.0
A_f0.9_move__baldwinian__s22,A_f0.9_move__baldwinian,A_f0.9_move,A,baldwinian,22,1050,train,50,2.86,13,13,108.18031135469153,0.75,0.5,adaptive_move,0.53125,0.08168583517964964,0.15189443005181347,396.0,14.0,21.0,518.0,53.0,2.0,0.0,0.0,47.0,1.0,5.0,29.0,23.0,1.0,0.0,0.0,0.0,0.0,5.0,29.0,0.0,0.0,0.0,0.0
A_f0.9_move__baldwinian__s22,A_f0.9_move__baldwinian,A_f0.9_move,A,baldwinian,22,1100,train,50,3.18,17,17,58.76349826808149,0.9166666666666666,0.5,adaptive_move,0.5625,0.0840586902132714,0.1719838308457713,331.0,12.0,26.0,429.0,69.0,4.0,0.0,0.0,49.0,1.0,1.0,31.0,28.0,0.0,0.0,0.0,0.0,0.0,1.0,31.0,0.0,0.0,0.0,0.0
A_f0.9_move__baldwinian__s22,A_f0.9_move__baldwinian,A_f0.9_move,A,baldwinian,22,1150,train,50,3.26,19,19,118.23411649474873,0.75,0.5,adaptive_move,0.525,0.08857986144752901,0.15198863636363602,320.0,19.0,19.0,445.0,49.0,5.0,0.0,0.0,42.0,1.0,3.0,25.0,18.0,1.0,0.0,0.0,0.0,0.0,3.0,25.0,0.0,0.0,0.0,0.0
A_f0.9_move__baldwinian__s22,A_f0.9_move__baldwinian,A_f0.9_move,A,baldwinian,22,1200,train,50,3.18,18,18,77.56334205423667,0.7708333333333334,0.5,adaptive_move,0.56875,0.10559560223266397,0.18615196078431384,428.0,20.0,27.0,535.0,80.0,4.0,0.0,0.0,51.0,1.0,8.0,36.0,19.0,1.0,0.0,0.0,0.0,0.0,8.0,36.0,0.0,0.0,0.0,0.0
A_f0.9_move__baldwinian__s22,A_f0.9_move__baldwinian,A_f0.9_move,A,baldwinian,22,1250,train,50,3.38,24,24,90.32232103324563,0.7916666666666666,0.5,adaptive_move,0.59375,0.10275362210450115,0.19160628019323678,306.0,10.0,28.0,500.0,110.0,9.0,0.0,0.0,43.0,0.0,2.0,37.0,26.0,1.0,0.0,0.0,0.0,0.0,2.0,37.0,0.0,0.0,0.0,0.0
A_f0.9_move__baldwinian__s22,A_f0.9_move__baldwinian,A_f0.9_move,A,baldwinian,22,1300,train,50,3.6,12,12,70.51770627215143,0.875,0.5,adaptive_move,0.525,0.07282881078605476,0.14027960526315786,280.0,18.0,24.0,426.0,72.0,4.0,0.0,0.0,43.0,4.0,1.0,27.0,25.0,1.0,0.0,0.0,0.0,0.0,1.0,27.0,0.0,0.0,0.0,0.0
A_f0.9_move__baldwinian__s22,A_f0.9_move__baldwinian,A_f0.9_move,A,baldwinian,22,1350,train,50,3.76,17,17,92.10405154311732,0.7708333333333334,0.5,adaptive_move,0.55625,0.08351911037111473,0.1636313291139242,367.0,20.0,29.0,541.0,126.0,4.0,0.0,0.0,49.0,1.0,4.0,23.0,24.0,1.0,0.0,0.0,0.0,0.0,4.0,23.0,0.0,0.0,0.0,0.0
A_f0.9_move__baldwinian__s22,A_f0.9_move__baldwinian,A_f0.9_move,A,baldwinian,22,1400,train,50,3.9,24,24,81.25617923768341,0.8333333333333334,0.5,adaptive_move,0.525,0.06378124412710126,0.1276390750670242,390.0,15.0,9.0,233.0,130.0,6.0,0.0,0.0,53.0,4.0,4.0,30.0,24.0,0.0,0.0,0.0,0.0,0.0,4.0,30.0,0.0,0.0,0.0,0.0
A_f0.9_move__baldwinian__s22,A_f0.9_move__baldwinian,A_f0.9_move,A,baldwinian,22,1450,train,50,4.26,12,12,91.75499569623992,0.7708333333333334,0.5,adaptive_move,0.53125,0.08194735458032766,0.1491048177083334,278.0,9.0,23.0,463.0,150.0,4.0,0.0,0.0,43.0,1.0,2.0,23.0,25.0,2.0,0.0,0.0,0.0,0.0,2.0,23.0,0.0,0.0,0.0,0.0
A_f0.9_move__baldwinian__s22,A_f0.9_move__baldwinian,A_f0.9_move,A,baldwinian,22,1500,train,50,4.74,17,17,57.28080756753725,0.9375,0.5,adaptive_move,0.54375,0.07479889186071706,0.14998380829015545,312.0,18.0,10.0,277.0,108.0,6.0,0.0,0.0,52.0,0.0,1.0,30.0,22.0,3.0,0.0,0.0,0.0,0.0,1.0,30.0,0.0,0.0,0.0,0.0
A_f0.9_move__baldwinian__s22,A_f0.9_move__baldwinian,A_f0.9_move,A,baldwinian,22,1550,eval,50,4.64,18,18,93.85925335892216,0.8333333333333334,0.5,adaptive_move,0.495,0.0,0.0,262.0,9.0,10.0,247.0,27.0,1.0,10.0,97.0,45.0,1.0,1.0,19.0,10.0,1.0,3.0,7.0,0.0,0.0,1.0,19.0,0.0,0.0,3.0,7.0
A_f0.9_move__baldwinian__s22,A_f0.9_move__baldwinian,A_f0.9_move,A,baldwinian,22,1600,eval,50,4.64,15,15,93.68941714885513,0.7708333333333334,0.5,adaptive_move,0.495,0.0,0.0,389.0,26.0,9.0,251.0,87.0,5.0,0.0,20.0,54.0,3.0,3.0,13.0,15.0,1.0,0.0,1.0,0.0,0.0,3.0,13.0,0.0,0.0,0.0,1.0
A_f0.9_move__baldwinian__s22,A_f0.9_move__baldwinian,A_f0.9_move,A,baldwinian,22,1650,eval,50,4.58,21,21,103.0324120136576,0.7916666666666666,0.5,adaptive_move,0.49,0.0,0.0,278.0,15.0,20.0,291.0,52.0,3.0,0.0,76.0,33.0,1.0,2.0,24.0,15.0,1.0,0.0,10.0,0.0,0.0,2.0,24.0,0.0,0.0,0.0,10.0
A_f0.9_move__baldwinian__s22,A_f0.9_move__baldwinian,A_f0.9_move,A,baldwinian,22,1700,eval,50,4.54,13,13,136.04897196672624,0.6666666666666666,0.5,adaptive_move,0.5,0.0,0.0,442.0,24.0,27.0,529.0,68.0,6.0,11.0,157.0,39.0,2.0,3.0,23.0,4.0,0.0,4.0,12.0,0.0,0.0,3.0,23.0,0.0,0.0,4.0,12.0
A_f0.9_move__baldwinian__s22,A_f0.9_move__baldwinian,A_f0.9_move,A,baldwinian,22,1750,eval,50,4.64,14,14,142.1620947160839,0.6458333333333334,0.5,adaptive_move,0.505,0.0,0.0,437.0,30.0,18.0,374.0,123.0,5.0,6.0,106.0,50.0,1.0,5.0,18.0,11.0,1.0,5.0,4.0,0.0,0.0,5.0,18.0,0.0,0.0,5.0,4.0
A_f0.9_move__baldwinian__s22,A_f0.9_move__baldwinian,A_f0.9_move,A,baldwinian,22,1800,eval,50,4.66,15,15,197.12898228235213,0.5416666666666666,0.5,adaptive_move,0.485,0.0,0.0,363.0,20.0,18.0,345.0,98.0,6.0,1.0,39.0,30.0,1.0,4.0,17.0,11.0,0.0,0.0,5.0,0.0,0.0,4.0,17.0,0.0,0.0,0.0,5.0
A_f0.9_move__baldwinian__s23,A_f0.9_move__baldwinian,A_f0.9_move,A,baldwinian,23,50,train,50,0.76,33,3,102.57705604535144,0.7916666666666666,0.5,adaptive_move,0.5625,0.0678253692707406,0.11056301652892553,237.0,14.0,5.0,252.0,75.0,5.0,0.0,0.0,36.0,3.0,1.0,38.0,23.0,1.0,0.0,0.0,0.0,0.0,1.0,38.0,0.0,0.0,0.0,0.0
A_f0.9_move__baldwinian__s23,A_f0.9_move__baldwinian,A_f0.9_move,A,baldwinian,23,100,train,50,0.8,10,10,74.51308840289131,0.8541666666666666,0.5,adaptive_move,0.54375,0.07361217571054307,0.14124999999999988,415.0,29.0,19.0,450.0,95.0,3.0,0.0,0.0,51.0,5.0,3.0,32.0,17.0,1.0,0.0,0.0,0.0,0.0,3.0,32.0,0.0,0.0,0.0,0.0
A_f0.9_move__baldwinian__s23,A_f0.9_move__baldwinian,A_f0.9_move,A,baldwinian,23,150,train,50,0.88,16,16,61.97619273984225,0.8958333333333334,0.5,adaptive_move,0.5375,0.08692362840076559,0.1711093749999999,412.0,26.0,23.0,499.0,127.0,8.0,0.0,0.0,42.0,2.0,0.0,35.0,27.0,0.0,0.0,0.0,0.0,0.0,0.0,35.0,0.0,0.0,0.0,0.0
A_f0.9_move__baldwinian__s23,A_f0.9_move__baldwinian,A_f0.9_move,A,baldwinian,23,200,train,50,0.84,8,8,72.27316426930231,0.8541666666666666,0.5,adaptive_move,0.5375,0.10400151749516826,0.1706123737373737,402.0,18.0,27.0,579.0,84.0,6.0,0.0,0.0,51.0,4.0,5.0,27.0,18.0,1.0,0.0,0.0,0.0,0.0,5.0,27.0,0.0,0.0,0.0,0.0
A_f0.9_move__baldwinian__s23,A_f0.9_move__baldwinian,A_f0.9_move,A,baldwinian,23,250,train,50,0.94,18,18,64.05894609488524,0.8541666666666666,0.5,adaptive_move,0.54375,0.10324368867179826,0.16514668367346919,456.0,22.0,21.0,424.0,100.0,3.0,0.0,0.0,62.0,3.0,5.0,27.0,18.0,0.0,0.0,0.0,0.0,0.0,5.0,27.0,0.0,0.0,0.0,0.0
A_f0.9_move__baldwinian__s23,A_f0.9_move__baldwinian,A_f0.9_move,A,baldwinian,23,300,train,50,0.98,13,13,85.57820637090938,0.8541666666666666,0.5,adaptive_move,0.5875,0.10395469638955938,0.1920172518159804,307.0,18.0,30.0,518.0,42.0,2.0,0.0,0.0,42.0,1.0,6.0,32.0,17.0,0.0,0.0,0.0,0.0,0.0,6.0,32.0,0.0,0.0,0.0,0.0
A_f0.9_move__baldwinian__s23,A_f0.9_move__baldwinian,A_f0.9_move,A,baldwinian,23,350,train,50,0.98,18,18,91.03181996702102,0.8125,0.5,adaptive_move,0.575,0.08097638407935814,0.16209651898734156,445.0,17.0,34.0,594.0,120.0,2.0,0.0,0.0,47.0,2.0,6.0,42.0,27.0,0.0,0.0,0.0,0.0,0.0,6.0,42.0,0.0,0.0,0.0,0.0
A_f0.9_move__baldwinian__s23,A_f0.9_move__baldwinian,A_f0.9_move,A,baldwinian,23,400,train,50,1.02,14,14,102.90613001571799,0.75,0.5,adaptive_move,0.51875,0.09879797626729336,0.17871433002481418,473.0,20.0,31.0,521.0,73.0,4.0,0.0,0.0,42.0,2.0,8.0,27.0,21.0,0.0,0.0,0.0,0.0,0.0,8.0,27.0,0.0,0.0,0.0,0.0
A_f0.9_move__baldwinian__s23,A_f0.9_move__baldwinian,A_f0.9_move,A,baldwinian,23,450,train,50,1.1,12,12,108.74061044616965,0.75,0.5,adaptive_move,0.59375,0.08020997293110385,0.1681406249999997,353.0,18.0,30.0,545.0,116.0,7.0,0.0,0.0,49.0,1.0,4.0,42.0,22.0,1.0,0.0,0.0,0.0,0.0,4.0,42.0,0.0,0.0,0.0,0.0
A_f0.9_move__baldwinian__s23,A_f0.9_move__baldwinian,A_f0.9_move,A,baldwinian,23,500,train,46,1.2391304347826086,22,26,54.39693723995061,0.9166666666666666,0.5,adaptive_move,0.525,0.05723788284648676,0.12937167553191498,420.0,17.0,25.0,394.0,101.0,3.0,0.0,0.0,63.0,0.0,3.0,35.0,22.0,0.0,0.0,0.0,0.0,0.0,3.0,35.0,0.0,0.0,0.0,0.0
A_f0.9_move__baldwinian__s23,A_f0.9_move__baldwinian,A_f0.9_move,A,baldwinian,23,550,train,50,1.86,33,29,95.53056891127912,0.7916666666666666,0.5,adaptive_move,0.59375,0.08450089008216802,0.170924251870324,264.0,13.0,18.0,341.0,40.0,1.0,0.0,0.0,52.0,0.0,4.0,28.0,5.0,1.0,0.0,0.0,0.0,0.0,4.0,28.0,0.0,0.0,0.0,0.0
A_f0.9_move__baldwinian__s23,A_f0.9_move__baldwinian,A_f0.9_move,A,baldwinian,23,600,train,50,1.98,14,14,57.51873515734902,0.9375,0.5,adaptive_move,0.49375,0.07468852148502525,0.12864583333333313,364.0,17.0,13.0,317.0,132.0,8.0,0.0,0.0,50.0,1.0,2.0,26.0,29.0,2.0,0.0,0.0,0.0,0.0,2.0,26.0,0.0,0.0,0.0,0.0
A_f0.9_move__baldwinian__s23,A_f0.9_move__baldwinian,A_f0.9_move,A,baldwinian,23,650,train,50,2.02,16,16,63.03334191816899,0.9166666666666666,0.5,adaptive_move,0.5375,0.04558585648721482,0.10265754847645425,334.0,15.0,16.0,405.0,57.0,5.0,0.0,0.0,41.0,1.0,3.0,35.0,23.0,3.0,0.0,0.0,0.0,0.0,3.0,35.0,0.0,0.0,0.0,0.0
A_f0.9_move__baldwinian__s23,A_f0.9_move__baldwinian,A_f0.9_move,A,baldwinian,23,700,train,50,2.16,24,24,103.19243453413442,0.8333333333333334,0.5,adaptive_move,0.53125,0.06672733171364112,0.13870065789473673,360.0,17.0,26.0,545.0,43.0,0.0,0.0,0.0,34.0,2.0,5.0,37.0,16.0,0.0,0.0,0.0,0.0,0.0,5.0,37.0,0.0,0.0,0.0,0.0
A_f0.9_move__baldwinian__s23,A_f0.9_move__baldwinian,A_f0.9_move,A,baldwinian,23,750,train,50,2.44,18,18,47.83880110034237,0.9166666666666666,0.5,adaptive_move,0.54375,0.0636008121138559,0.14361201298701265,376.0,13.0,26.0,405.0,73.0,7.0,0.0,0.0,67.0,0.0,5.0,33.0,24.0,4.0,0.0,0.0,0.0,0.0,5.0,33.0,0.0,0.0,0.0,0.0
A_f0.9_move__baldwinian__s23,A_f0.9_move__baldwinian,A_f0.9_move,A,baldwinian,23,800,train,49,2.5714285714285716,20,21,73.92138141168188,0.8541666666666666,0.5,adaptive_move,0.5375,0.060021117653744994,0.1306682180851062,336.0,23.0,15.0,346.0,63.0,2.0,0.0,0.0,39.0,2.0,3.0,32.0,20.0,0.0,0.0,0.0,0.0,0.0,3.0,32.0,0.0,0.0,0.0,0.0
A_f0.9_move__baldwinian__s23,A_f0.9_move__baldwinian,A_f0.9_move,A,baldwinian,23,850,train,46,2.782608695652174,14,17,107.40902830220882,0.8125,0.5,adaptive_move,0.49375,0.10483276360903021,0.17915111940298512,264.0,19.0,20.0,392.0,52.0,7.0,0.0,0.0,35.0,2.0,5.0,37.0,19.0,2.0,0.0,0.0,0.0,0.0,5.0,37.0,0.0,0.0,0.0,0.0
A_f0.9_move__baldwinian__s23,A_f0.9_move__baldwinian,A_f0.9_move,A,baldwinian,23,900,train,46,3.0434782608695654,17,17,79.35635645223049,0.8958333333333334,0.5,adaptive_move,0.5625,0.09170660379495679,0.16292143765903289,295.0,18.0,15.0,344.0,70.0,8.0,0.0,0.0,56.0,1.0,4.0,28.0,16.0,1.0,0.0,0.0,0.0,0.0,4.0,28.0,0.0,0.0,0.0,0.0
A_f0.9_move__baldwinian__s23,A_f0.9_move__baldwinian,A_f0.9_move,A,baldwinian,23,950,train,49,3.183673469387755,20,17,110.98368242534815,0.75,0.5,adaptive_move,0.56875,0.05492693613816699,0.10877238292011016,410.0,25.0,27.0,402.0,52.0,5.0,0.0,0.0,49.0,1.0,6.0,36.0,12.0,0.0,0.0,0.0,0.0,0.0,6.0,36.0,0.0,0.0,0.0,0.0
A_f0.9_move__baldwinian__s23,A_f0.9_move__baldwinian,A_f0.9_move,A,baldwinian,23,1000,train,50,3.08,19,18,62.43290577050569,0.8541666666666666,0.5,adaptive_move,0.5125,0.07337873762505859,0.1412975721784775,324.0,9.0,24.0,506.0,113.0,7.0,0.0,0.0,52.0,1.0,3.0,25.0,28.0,0.0,0.0,0.0,0.0,0.0,3.0,25.0,0.0,0.0,0.0,0.0
A_f0.9_move__baldwinian__s23,A_f0.9_move__baldwinian,A_f0.9_move,A,baldwinian,23,1050,train,45,3.4,15,20,72.97011325963575,0.875,0.5,adaptive_move,0.58125,0.08565688541373749,0.17573302469135776,393.0,24.0,19.0,385.0,58.0,3.0,0.0,0.0,54.0,1.0,3.0,28.0,20.0,1.0,0.0,0.0,0.0,0.0,3.0,28.0,0.0,0.0,0.0,0.0
A_f0.9_move__baldwinian__s23,A_f0.9_move__baldwinian,A_f0.9_move,A,baldwinian,23,1100,train,46,3.608695652173913,15,14,90.90915070490836,0.8541666666666666,0.5,adaptive_move,0.5375,0.06999187166995832,0.13844821899736148,309.0,22.0,31.0,389.0,61.0,5.0,0.0,0.0,49.0,2.0,7.0,25.0,22.0,0.0,0.0,0.0,0.0,0.0,7.0,25.0,0.0,0.0,0.0,0.0
A_f0.9_move__baldwinian__s23,A_f0.9_move__baldwinian,A_f0.9_move,A,baldwinian,23,1150,train,47,3.8085106382978724,18,17,128.475171800639,0.7083333333333334,0.5,adaptive_move,0.51875,0.09965396431765713,0.15314127604166683,282.0,12.0,24.0,429.0,85.0,0.0,0.0,0.0,34.0,0.0,6.0,28.0,32.0,0.0,0.0,0.0,0.0,0.0,6.0,28.0,0.0,0.0,0.0,0.0
A_f0.9_move__baldwinian__s23,A_f0.9_move__baldwinian,A_f0.9_move,A,baldwinian,23,1200,train,50,4.16,21,18,58.76518670379781,0.9375,0.5,adaptive_move,0.575,0.09258672473204053,0.1527840909090905,394.0,18.0,29.0,498.0,63.0,4.0,0.0,0.0,61.0,3.0,4.0,34.0,16.0,3.0,0.0,0.0,0.0,0.0,4.0,34.0,0.0,0.0,0.0,0.0
A_f0.9_move__baldwinian__s23,A_f0.9_move__baldwinian,A_f0.9_move,A,baldwinian,23,1250,train,44,4.340909090909091,19,25,81.72407548926796,0.8541666666666666,0.5,adaptive_move,0.54375,0.09039507756248481,0.1739947007481295,278.0,11.0,19.0,566.0,114.0,6.0,0.0,0.0,44.0,1.0,5.0,39.0,20.0,0.0,0.0,0.0,0.0,0.0,5.0,39.0,0.0,0.0,0.0,0.0
A_f0.9_move__baldwinian__s23,A_f0.9_move__baldwinian,A_f0.9_move,A,baldwinian,23,1300,train,40,4.45,19,23,121.1568502067463,0.7708333333333334,0.5,adaptive_move,0.55,0.08711844089766607,0.16155931122448974,288.0,12.0,27.0,520.0,109.0,5.0,0.0,0.0,40.0,0.0,3.0,40.0,21.0,0.0,0.0,0.0,0.0,0.0,3.0,40.0,0.0,0.0,0.0,0.0
A_f0.9_move__baldwinian__s23,A_f0.9_move__baldwinian,A_f0.9_move,A,baldwinian,23,1350,train,48,4.791666666666667,25,17,85.48493699120205,0.8125,0.5,adaptive_move,0.525,0.05178567814390431,0.11244877049180313,340.0,20.0,21.0,418.0,89.0,3.0,0.0,0.0,50.0,1.0,5.0,35.0,15.0,0.0,0.0,0.0,0.0,0.0,5.0,35.0,0.0,0.0,0.0,0.0
A_f0.9_move__baldwinian__s23,A_f0.9_move__baldwinian,A_f0.9_move,A,baldwinian,23,1400,train,50,4.86,15,13,81.36460950732132,0.8125,0.5,adaptive_move,0.5125,0.08431997881945834,0.16316624365482224,285.0,18.0,25.0,410.0,124.0,2.0,0.0,0.0,42.0,0.0,8.0,35.0,18.0,1.0,0.0,0.0,0.0,0.0,8.0,35.0,0.0,0.0,0.0,0.0
A_f0.9_move__baldwinian__s23,A_f0.9_move__baldwinian,A_f0.9_move,A,baldwinian,23,1450,train,47,4.76595744680851,16,19,115.4816808854712,0.7083333333333334,0.5,adaptive_move,0.575,0.08742212621656245,0.15579896907216484,379.0,23.0,31.0,477.0,78.0,7.0,0.0,0.0,50.0,0.0,12.0,23.0,19.0,1.0,0.0,0.0,0.0,0.0,12.0,23.0,0.0,0.0,0.0,0.0
A_f0.9_move__baldwinian__s23,A_f0.9_move__baldwinian,A_f0.9_move,A,baldwinian,23,1500,train,50,5.12,24,21,110.09031793381259,0.8125,0.5,adaptive_move,0.56875,0.0874243163202896,0.16682449494949503,289.0,18.0,11.0,390.0,113.0,4.0,0.0,0.0,48.0,2.0,2.0,29.0,19.0,1.0,0.0,0.0,0.0,0.0,2.0,29.0,0.0,0.0,0.0,0.0
A_f0.9_move__baldwinian__s23,A_f0.9_move__baldwinian,A_f0.9_move,A,baldwinian,23,1550,eval,47,5.468085106382978,21,24,114.56591347316805,0.8125,0.5,adaptive_move,0.515,0.0,0.0,334.0,28.0,21.0,496.0,110.0,4.0,4.0,117.0,45.0,1.0,4.0,31.0,11.0,0.0,1.0,7.0,0.0,0.0,4.0,31.0,0.0,0.0,1.0,7.0
A_f0.9_move__baldwinian__s23,A_f0.9_move__baldwinian,A_f0.9_move,A,baldwinian,23,1600,eval,50,5.6,17,14,73.2293253009207,0.8958333333333334,0.5,adaptive_move,0.495,0.0,0.0,430.0,24.0,25.0,548.0,116.0,6.0,4.0,106.0,37.0,4.0,3.0,39.0,18.0,1.0,3.0,5.0,0.0,0.0,3.0,39.0,0.0,0.0,3.0,5.0
A_f0.9_move__baldwinian__s23,A_f0.9_move__baldwinian,A_f0.9_move,A,baldwinian,23,1650,eval,50,5.66,19,19,157.51035053921288,0.6458333333333334,0.5,adaptive_move,0.495,0.0,0.0,625.0,27.0,18.0,431.0,57.0,3.0,5.0,61.0,36.0,1.0,2.0,28.0,4.0,0.0,0.0,7.0,0.0,0.0,2.0,28.0,0.0,0.0,0.0,7.0
A_f0.9_move__baldwinian__s23,A_f0.9_move__baldwinian,A_f0.9_move,A,baldwinian,23,1700,eval,50,5.84,14,14,222.91661903430872,0.4166666666666667,0.5,adaptive_move,0.5,0.0,0.0,405.0,23.0,21.0,364.0,59.0,4.0,5.0,111.0,33.0,1.0,5.0,14.0,4.0,1.0,0.0,10.0,0.0,0.0,5.0,14.0,0.0,0.0,0.0,10.0
A_f0.9_move__baldwinian__s23,A_f0.9_move__baldwinian,A_f0.9_move,A,baldwinian,23,1750,eval,50,5.82,19,19,190.79405600155687,0.4583333333333333,0.5,adaptive_move,0.505,0.0,0.0,453.0,21.0,26.0,399.0,179.0,9.0,5.0,100.0,36.0,1.0,1.0,39.0,5.0,0.0,0.0,8.0,0.0,0.0,1.0,39.0,0.0,0.0,0.0,8.0
A_f0.9_move__baldwinian__s23,A_f0.9_move__baldwinian,A_f0.9_move,A,baldwinian,23,1800,eval,50,5.94,12,12,163.7015525314165,0.6458333333333334,0.5,adaptive_move,0.525,0.0,0.0,343.0,23.0,30.0,591.0,103.0,8.0,6.0,197.0,25.0,1.0,3.0,29.0,14.0,2.0,1.0,8.0,0.0,0.0,3.0,29.0,0.0,0.0,1.0,8.0
A_f0.9_move__baldwinian__s24,A_f0.9_move__baldwinian,A_f0.9_move,A,baldwinian,24,50,train,50,0.8,36,6,93.2424282306586,0.7916666666666666,0.5,adaptive_move,0.56875,0.08224746478262368,0.13517500000000005,165.0,9.0,7.0,276.0,213.0,3.0,0.0,0.0,30.0,3.0,3.0,46.0,27.0,0.0,0.0,0.0,0.0,0.0,3.0,46.0,0.0,0.0,0.0,0.0
A_f0.9_move__baldwinian__s24,A_f0.9_move__baldwinian,A_f0.9_move,A,baldwinian,24,100,train,50,0.84,9,9,120.0606711231969,0.75,0.5,adaptive_move,0.575,0.09883533855062324,0.16543416030534375,309.0,22.0,21.0,502.0,76.0,2.0,0.0,0.0,34.0,6.0,2.0,28.0,13.0,0.0,0.0,0.0,0.0,0.0,2.0,28.0,0.0,0.0,0.0,0.0
A_f0.9_move__baldwinian__s24,A_f0.9_move__baldwinian,A_f0.9_move,A,baldwinian,24,150,train,50,0.84,10,10,120.02501790458017,0.7291666666666666,0.5,adaptive_move,0.54375,0.11370045498920271,0.16644021739130443,480.0,22.0,32.0,525.0,102.0,6.0,0.0,0.0,46.0,0.0,4.0,33.0,23.0,0.0,0.0,0.0,0.0,0.0,4.0,33.0,0.0,0.0,0.0,0.0
A_f0.9_move__baldwinian__s24,A_f0.9_move__baldwinian,A_f0.9_move,A,baldwinian,24,200,train,50,0.82,8,8,106.41486629240511,0.7708333333333334,0.5,adaptive_move,0.5125,0.17003297623771135,0.2413288288288289,463.0,30.0,32.0,606.0,109.0,5.0,0.0,0.0,49.0,3.0,3.0,29.0,26.0,2.0,0.0,0.0,0.0,0.0,3.0,29.0,0.0,0.0,0.0,0.0
A_f0.9_move__baldwinian__s24,A_f0.9_move__baldwinian,A_f0.9_move,A,baldwinian,24,250,train,50,0.84,11,11,84.25069296087165,0.8125,0.5,adaptive_move,0.59375,0.12223907153275515,0.20183603117506022,432.0,23.0,32.0,438.0,72.0,2.0,0.0,0.0,60.0,0.0,1.0,22.0,24.0,0.0,0.0,0.0,0.0,0.0,1.0,22.0,0.0,0.0,0.0,0.0
A_f0.9_move__baldwinian__s24,A_f0.9_move__baldwinian,A_f0.9_move,A,baldwinian,24,300,train,50,0.86,11,11,99.1804065782149,0.75,0.5,adaptive_move,0.55625,0.08058472920594079,0.147705078125,347.0,14.0,19.0,581.0,154.0,3.0,0.0,0.0,33.0,0.0,3.0,28.0,27.0,1.0,0.0,0.0,0.0,0.0,3.0,28.0,0.0,0.0,0.0,0.0
A_f0.9_move__baldwinian__s24,A_f0.9_move__baldwinian,A_f0.9_move,A,baldwinian,24,350,train,50,0.86,11,11,62.27536300930822,0.8958333333333334,0.5,adaptive_move,0.5375,0.07108197691799942,0.13351063829787235,446.0,19.0,20.0,544.0,130.0,12.0,0.0,0.0,61.0,1.0,1.0,27.0,17.0,2.0,0.0,0.0,0.0,0.0,1.0,27.0,0.0,0.0,0.0,0.0
A_f0.9_move__baldwinian__s24,A_f0.9_move__baldwinian,A_f0.9_move,A,baldwinian,24,400,train,50,0.82,9,9,64.75294685810768,0.9166666666666666,0.5,adaptive_move,0.54375,0.12340502702337115,0.22091456422018352,352.0,20.0,20.0,431.0,149.0,11.0,0.0,0.0,47.0,0.0,8.0,25.0,26.0,1.0,0.0,0.0,0.0,0.0,8.0,25.0,0.0,0.0,0.0,0.0
A_f0.9_move__baldwinian__s24,A_f0.9_move__baldwinian,A_f0.9_move,A,baldwinian,24,450,train,50,0.82,8,8,78.891395112025,0.8541666666666666,0.5,adaptive_move,0.5875,0.07849944565192207,0.15035621761658047,330.0,17.0,16.0,440.0,118.0,4.0,0.0,0.0,47.0,0.0,6.0,17.0,19.0,1.0,0.0,0.0,0.0,0.0,6.0,17.0,0.0,0.0,0.0,0.0
A_f0.9_move__baldwinian__s24,A_f0.9_move__baldwinian,A_f0.9_move,A,baldwinian,24,500,train,48,1.2708333333333333,20,22,67.22439742503266,0.9375,0.5,adaptive_move,0.55,0.11710523492344971,0.18510210396039595,396.0,25.0,30.0,422.0,147.0,5.0,0.0,0.0,65.0,0.0,10.0,25.0,16.0,1.0,0.0,0.0,0.0,0.0,10.0,25.0,0.0,0.0,0.0,0.0
A_f0.9_move__baldwinian__s24,A_f0.9_move__baldwinian,A_f0.9_move,A,baldwinian,24,550,train,49,1.7142857142857142,25,24,85.83765878903444,0.8333333333333334,0.5,adaptive_move,0.53125,0.07037547476921978,0.1399835526315789,218.0,14.0,11.0,250.0,100.0,2.0,0.0,0.0,37.0,2.0,2.0,19.0,25.0,1.0,0.0,0.0,0.0,0.0,2.0,19.0,0.0,0.0,0.0,0.0
A_f0.9_move__baldwinian__s24,A_f0.9_move__baldwinian,A_f0.9_move,A,baldwinian,24,600,train,44,1.9318181818181819,13,18,89.88743859903472,0.7916666666666666,0.5,adaptive_move,0.525,0.06723066774507944,0.1373268469656994,319.0,20.0,14.0,302.0,111.0,3.0,0.0,0.0,49.0,2.0,3.0,31.0,28.0,2.0,0.0,0.0,0.0,0.0,3.0,31.0,0.0,0.0,0.0,0.0
A_f0.9_move__baldwinian__s24,A_f0.9_move__baldwinian,A_f0.9_move,A,baldwinian,24,650,train,46,2.152173913043478,25,23,91.53041314815958,0.75,0.5,adaptive_move,0.5,0.05607459735508913,0.1140368852459015,393.0,18.0,28.0,359.0,97.0,5.0,0.0,0.0,33.0,3.0,5.0,29.0,19.0,1.0,0.0,0.0,0.0,0.0,5.0,29.0,0.0,0.0,0.0,0.0
A_f0.9_move__baldwinian__s24,A_f0.9_move__baldwinian,A_f0.9_move,A,baldwinian,24,700,train,45,2.2666666666666666,14,15,121.4807612711668,0.8125,0.5,adaptive_move,0.525,0.07680193825962399,0.15102551679586562,268.0,18.0,12.0,338.0,72.0,6.0,0.0,0.0,45.0,1.0,3.0,34.0,22.0,2.0,0.0,0.0,0.0,0.0,3.0,34.0,0.0,0.0,0.0,0.0
A_f0.9_move__baldwinian__s24,A_f0.9_move__baldwinian,A_f0.9_move,A,baldwinian,24,750,train,50,2.62,21,16,58.65166037142807,0.9583333333333334,0.5,adaptive_move,0.53125,0.047887283367474165,0.099033774373259,355.0,17.0,21.0,404.0,61.0,2.0,0.0,0.0,47.0,2.0,2.0,38.0,30.0,0.0,0.0,0.0,0.0,0.0,2.0,38.0,0.0,0.0,0.0,0.0
A_f0.9_move__baldwinian__s24,A_f0.9_move__baldwinian,A_f0.9_move,A,baldwinian,24,800,train,50,2.72,14,14,112.03073833677246,0.75,0.5,adaptive_move,0.5125,0.07472867925253907,0.14944948186528495,391.0,12.0,19.0,413.0,108.0,5.0,0.0,0.0,56.0,1.0,1.0,20.0,16.0,0.0,0.0,0.0,0.0,0.0,1.0,20.0,0.0,0.0,0.0,0.0
A_f0.9_move__baldwinian__s24,A_f0.9_move__baldwinian,A_f0.9_move,A,baldwinian,24,850,train,50,2.9,22,22,82.58455279023816,0.8958333333333334,0.5,adaptive_move,0.5625,0.08490509133495436,0.16358386075949372,296.0,18.0,32.0,450.0,103.0,6.0,0.0,0.0,42.0,1.0,3.0,36.0,29.0,1.0,0.0,0.0,0.0,0.0,3.0,36.0,0.0,0.0,0.0,0.0
A_f0.9_move__baldwinian__s24,A_f0.9_move__baldwinian,A_f0.9_move,A,baldwinian,24,900,train,48,2.9791666666666665,19,21,70.55525552563694,0.8958333333333334,0.5,adaptive_move,0.56875,0.0664216934214783,0.13424237400530492,265.0,16.0,17.0,450.0,80.0,3.0,0.0,0.0,43.0,1.0,3.0,41.0,29.0,0.0,0.0,0.0,0.0,0.0,3.0,41.0,0.0,0.0,0.0,0.0
A_f0.9_move__baldwinian__s24,A_f0.9_move__baldwinian,A_f0.9_move,A,baldwinian,24,950,train,48,2.8541666666666665,23,23,87.11573978476811,0.875,0.5,adaptive_move,0.5375,0.07608424439182546,0.1500485751295335,254.0,12.0,22.0,482.0,96.0,5.0,0.0,0.0,33.0,1.0,5.0,40.0,25.0,0.0,0.0,0.0,0.0,0.0,5.0,40.0,0.0,0.0,0.0,0.0
A_f0.9_move__baldwinian__s24,A_f0.9_move__baldwinian,A_f0.9_move,A,baldwinian,24,1000,train,46,3.108695652173913,18,20,88.06963452373216,0.8333333333333334,0.5,adaptive_move,0.48125,0.11331240758824644,0.19586352657004835,368.0,16.0,27.0,444.0,94.0,7.0,0.0,0.0,47.0,1.0,6.0,29.0,26.0,0.0,0.0,0.0,0.0,0.0,6.0,29.0,0.0,0.0,0.0,0.0
A_f0.9_move__baldwinian__s24,A_f0.9_move__baldwinian,A_f0.9_move,A,baldwinian,24,1050,train,47,3.3404255319148937,17,16,77.23443602849335,0.875,0.5,adaptive_move,0.55625,0.08674428167106589,0.15182629870129838,389.0,19.0,18.0,349.0,72.0,4.0,0.0,0.0,48.0,2.0,7.0,22.0,18.0,2.0,0.0,0.0,0.0,0.0,7.0,22.0,0.0,0.0,0.0,0.0
A_f0.9_move__baldwinian__s24,A_f0.9_move__baldwinian,A_f0.9_move,A,baldwinian,24,1100,train,38,3.3421052631578947,14,23,95.85939048868838,0.8125,0.5,adaptive_move,0.55,0.09106708572582381,0.16508565989847668,332.0,16.0,25.0,384.0,88.0,9.0,0.0,0.0,41.0,3.0,7.0,22.0,23.0,2.0,0.0,0.0,0.0,0.0,7.0,22.0,0.0,0.0,0.0,0.0
A_f0.9_move__baldwinian__s24,A_f0.9_move__baldwinian,A_f0.9_move,A,baldwinian,24,1150,train,50,3.54,22,10,93.17473853244941,0.7916666666666666,0.5,adaptive_move,0.55,0.037627917367508874,0.08386008522727262,321.0,19.0,26.0,422.0,89.0,5.0,0.0,0.0,44.0,4.0,3.0,24.0,19.0,2.0,0.0,0.0,0.0,0.0,3.0,24.0,0.0,0.0,0.0,0.0
A_f0.9_move__baldwinian__s24,A_f0.9_move__baldwinian,A_f0.9_move,A,baldwinian,24,1200,train,50,3.76,21,21,70.9201069060948,0.8541666666666666,0.5,adaptive_move,0.5125,0.05488657642305304,0.12147068733153632,364.0,25.0,19.0,425.0,92.0,8.0,0.0,0.0,35.0,3.0,6.0,33.0,20.0,0.0,0.0,0.0,0.0,0.0,6.0,33.0,0.0,0.0,0.0,0.0
A_f0.9_move__baldwinian__s24,A_f0.9_move__baldwinian,A_f0.9_move,A,baldwinian,24,1250,train,50,3.92,21,21,74.61896796969985,0.8541666666666666,0.5,adaptive_move,0.59375,0.07775596443381867,0.16163765822784804,284.0,20.0,42.0,591.0,179.0,4.0,0.0,0.0,37.0,4.0,4.0,43.0,28.0,0.0,0.0,0.0,0.0,0.0,4.0,43.0,0.0,0.0,0.0,0.0
A_f0.9_move__baldwinian__s24,A_f0.9_move__baldwinian,A_f0.9_move,A,baldwinian,24,1300,train,50,4.16,18,18,94.4859908930654,0.8125,0.5,adaptive_move,0.51875,0.1086499128412927,0.19655949519230753,379.0,19.0,23.0,417.0,114.0,7.0,0.0,0.0,41.0,2.0,5.0,31.0,25.0,2.0,0.0,0.0,0.0,0.0,5.0,31.0,0.0,0.0,0.0,0.0
A_f0.9_move__baldwinian__s24,A_f0.9_move__baldwinian,A_f0.9_move,A,baldwinian,24,1350,train,50,4.34,12,12,76.92020103931364,0.8541666666666666,0.5,adaptive_move,0.55625,0.05297272836073774,0.1192060810810811,485.0,28.0,23.0,488.0,101.0,4.0,0.0,0.0,48.0,2.0,4.0,33.0,33.0,0.0,0.0,0.0,0.0,0.0,4.0,33.0,0.0,0.0,0.0,0.0
A_f0.9_move__baldwinian__s24,A_f0.9_move__baldwinian,A_f0.9_move,A,baldwinian,24,1400,train,50,4.42,8,8,123.55029672629678,0.6875,0.5,adaptive_move,0.5875,0.06210214721856232,0.1250840053763438,376.0,16.0,26.0,562.0,89.0,10.0,0.0,0.0,37.0,2.0,5.0,29.0,21.0,0.0,0.0,0.0,0.0,0.0,5.0,29.0,0.0,0.0,0.0,0.0
A_f0.9_move__baldwinian__s24,A_f0.9_move__baldwinian,A_f0.9_move,A,baldwinian,24,1450,train,50,4.48,13,13,103.45490067967606,0.7708333333333334,0.5,adaptive_move,0.575,0.06927454035634627,0.1339760638297871,356.0,22.0,21.0,348.0,126.0,5.0,0.0,0.0,42.0,0.0,3.0,26.0,29.0,2.0,0.0,0.0,0.0,0.0,3.0,26.0,0.0,0.0,0.0,0.0
A_f0.9_move__baldwinian__s24,A_f0.9_move__baldwinian,A_f0.9_move,A,baldwinian,24,1500,train,50,4.64,15,15,139.37921861058814,0.6458333333333334,0.5,adaptive_move,0.58125,0.06662587957621643,0.15078525641025653,340.0,9.0,16.0,381.0,88.0,6.0,0.0,0.0,41.0,1.0,4.0,31.0,11.0,1.0,0.0,0.0,0.0,0.0,4.0,31.0,0.0,0.0,0.0,0.0
A_f0.9_move__baldwinian__s24,A_f0.9_move__baldwinian,A_f0.9_move,A,baldwinian,24,1550,eval,50,4.84,18,18,83.3015967134159,0.8333333333333334,0.5,adaptive_move,0.55,0.0,0.0,382.0,26.0,25.0,484.0,56.0,2.0,1.0,22.0,45.0,2.0,5.0,31.0,13.0,1.0,0.0,10.0,0.0,0.0,5.0,31.0,0.0,0.0,0.0,10.0
A_f0.9_move__baldwinian__s24,A_f0.9_move__baldwinian,A_f0.9_move,A,baldwinian,24,1600,eval,50,4.88,15,15,151.8220437520034,0.5416666666666666,0.5,adaptive_move,0.485,0.0,0.0,358.0,21.0,28.0,492.0,78.0,6.0,2.0,74.0,33.0,2.0,3.0,11.0,6.0,0.0,1.0,3.0,0.0,0.0,3.0,11.0,0.0,0.0,1.0,3.0
A_f0.9_move__baldwinian__s24,A_f0.9_move__baldwinian,A_f0.9_move,A,baldwinian,24,1650,eval,50,5.08,7,7,165.23377316236775,0.4791666666666667,0.5,adaptive_move,0.5,0.0,0.0,496.0,33.0,23.0,508.0,48.0,1.0,7.0,89.0,36.0,0.0,3.0,28.0,8.0,1.0,0.0,2.0,0.0,0.0,3.0,28.0,0.0,0.0,0.0,2.0
A_f0.9_move__baldwinian__s24,A_f0.9_move__baldwinian,A_f0.9_move,A,baldwinian,24,1700,eval,50,5.08,10,10,211.95742930345847,0.4166666666666667,0.5,adaptive_move,0.53,0.0,0.0,418.0,22.0,29.0,533.0,95.0,3.0,6.0,44.0,32.0,0.0,8.0,18.0,8.0,0.0,0.0,5.0,0.0,0.0,8.0,18.0,0.0,0.0,0.0,5.0
A_f0.9_move__baldwinian__s24,A_f0.9_move__baldwinian,A_f0.9_move,A,baldwinian,24,1750,eval,50,5.24,14,14,140.51978799174998,0.7083333333333334,0.5,adaptive_move,0.505,0.0,0.0,630.0,24.0,20.0,390.0,26.0,0.0,4.0,97.0,69.0,0.0,3.0,12.0,9.0,0.0,0.0,3.0,0.0,0.0,3.0,12.0,0.0,0.0,0.0,3.0
A_f0.9_move__baldwinian__s24,A_f0.9_move__baldwinian,A_f0.9_move,A,baldwinian,24,1800,eval,50,5.44,18,18,170.91933326040754,0.5625,0.5,adaptive_move,0.43,0.0,0.0,336.0,19.0,27.0,519.0,126.0,5.0,2.0,26.0,27.0,1.0,4.0,25.0,8.0,0.0,0.0,3.0,0.0,0.0,4.0,25.0,0.0,0.0,0.0,3.0
A_f0.9_move__baldwinian__s25,A_f0.9_move__baldwinian,A_f0.9_move,A,baldwinian,25,50,train,50,0.8,34,4,72.83018603105626,0.8541666666666666,0.5,adaptive_move,0.525,0.04141044807897826,0.07869806590257866,205.0,7.0,4.0,166.0,145.0,6.0,0.0,0.0,50.0,1.0,2.0,26.0,37.0,2.0,0.0,0.0,0.0,0.0,2.0,26.0,0.0,0.0,0.0,0.0
A_f0.9_move__baldwinian__s25,A_f0.9_move__baldwinian,A_f0.9_move,A,baldwinian,25,100,train,50,0.84,7,7,96.89407693566756,0.7916666666666666,0.5,adaptive_move,0.54375,0.05910290593745735,0.12439516129032224,345.0,24.0,22.0,324.0,76.0,2.0,0.0,0.0,38.0,0.0,4.0,23.0,20.0,0.0,0.0,0.0,0.0,0.0,4.0,23.0,0.0,0.0,0.0,0.0
A_f0.9_move__baldwinian__s25,A_f0.9_move__baldwinian,A_f0.9_move,A,baldwinian,25,150,train,50,0.94,17,17,50.714771713773786,0.9583333333333334,0.5,adaptive_move,0.575,0.10488215638517076,0.1721111460957181,380.0,24.0,11.0,235.0,81.0,6.0,0.0,0.0,52.0,3.0,0.0,28.0,32.0,1.0,0.0,0.0,0.0,0.0,0.0,28.0,0.0,0.0,0.0,0.0
A_f0.9_move__baldwinian__s25,A_f0.9_move__baldwinian,A_f0.9_move,A,baldwinian,25,200,train,49,1.163265306122449,19,20,70.17698133526403,0.8958333333333334,0.5,adaptive_move,0.5625,0.08430738768194285,0.16979687500000007,372.0,17.0,23.0,386.0,122.0,5.0,0.0,0.0,44.0,2.0,5.0,34.0,30.0,2.0,0.0,0.0,0.0,0.0,5.0,34.0,0.0,0.0,0.0,0.0
A_f0.9_move__baldwinian__s25,A_f0.9_move__baldwinian,A_f0.9_move,A,baldwinian,25,250,train,50,1.24,16,15,64.02941046678838,0.9375,0.5,adaptive_move,0.53125,0.07791506878026663,0.15012953367875648,365.0,22.0,17.0,290.0,89.0,5.0,0.0,0.0,46.0,3.0,4.0,24.0,25.0,0.0,0.0,0.0,0.0,0.0,4.0,24.0,0.0,0.0,0.0,0.0
A_f0.9_move__baldwinian__s25,A_f0.9_move__baldwinian,A_f0.9_move,A,baldwinian,25,300,train,50,1.24,11,11,76.38490500166051,0.9166666666666666,0.5,adaptive_move,0.53125,0.05767942056735543,0.1308769893899202,389.0,26.0,21.0,371.0,81.0,5.0,0.0,0.0,47.0,0.0,2.0,18.0,30.0,2.0,0.0,0.0,0.0,0.0,2.0,18.0,0.0,0.0,0.0,0.0
A_f0.9_move__baldwinian__s25,A_f0.9_move__baldwinian,A_f0.9_move,A,baldwinian,25,350,train,50,1.3,15,15,82.78580252113213,0.8125,0.5,adaptive_move,0.55,0.07718554115104782,0.1445353403141365,391.0,20.0,13.0,341.0,124.0,9.0,0.0,0.0,56.0,2.0,3.0,21.0,36.0,0.0,0.0,0.0,0.0,0.0,3.0,21.0,0.0,0.0,0.0,0.0
A_f0.9_move__baldwinian__s25,A_f0.9_move__baldwinian,A_f0.9_move,A,baldwinian,25,400,train,50,1.18,10,10,87.62135012229683,0.8541666666666666,0.5,adaptive_move,0.58125,0.09226245316403975,0.1731062967581043,301.0,21.0,19.0,394.0,119.0,5.0,0.0,0.0,40.0,4.0,2.0,25.0,38.0,1.0,0.0,0.0,0.0,0.0,2.0,25.0,0.0,0.0,0.0,0.0
A_f0.9_move__baldwinian__s25,A_f0.9_move__baldwinian,A_f0.9_move,A,baldwinian,25,450,train,50,1.12,14,14,78.38173370124639,0.8333333333333334,0.5,adaptive_move,0.55,0.10695552984909468,0.18611025798525804,341.0,24.0,25.0,435.0,66.0,2.0,0.0,0.0,45.0,2.0,4.0,23.0,27.0,0.0,0.0,0.0,0.0,0.0,4.0,23.0,0.0,0.0,0.0,0.0
A_f0.9_move__baldwinian__s25,A_f0.9_move__baldwinian,A_f0.9_move,A,baldwinian,25,500,train,48,1.3958333333333333,17,19,66.69006344918351,0.9166666666666666,0.5,adaptive_move,0.575,0.09440256710931558,0.18087377149877137,307.0,17.0,29.0,465.0,94.0,4.0,0.0,0.0,45.0,0.0,3.0,31.0,28.0,1.0,0.0,0.0,0.0,0.0,3.0,31.0,0.0,0.0,0.0,0.0
A_f0.9_move__baldwinian__s25,A_f0.9_move__baldwinian,A_f0.9_move,A,baldwinian,25,550,train,50,1.88,21,19,91.54681366064435,0.7916666666666666,0.5,adaptive_move,0.56875,0.0772444654169327,0.15918416030534344,291.0,12.0,15.0,269.0,97.0,7.0,0.0,0.0,39.0,1.0,3.0,21.0,32.0,1.0,0.0,0.0,0.0,0.0,3.0,21.0,0.0,0.0,0.0,0.0
A_f0.9_move__baldwinian__s25,A_f0.9_move__baldwinian,A_f0.9_move,A,baldwinian,25,600,train,49,2.061224489795918,18,19,78.77369854528084,0.8125,0.5,adaptive_move,0.5625,0.0590673466781367,0.13155669761273203,337.0,26.0,19.0,371.0,106.0,8.0,0.0,0.0,43.0,1.0,6.0,30.0,36.0,0.0,0.0,0.0,0.0,0.0,6.0,30.0,0.0,0.0,0.0,0.0
A_f0.9_move__baldwinian__s25,A_f0.9_move__baldwinian,A_f0.9_move,A,baldwinian,25,650,train,50,2.14,14,13,87.6249545438689,0.8333333333333334,0.5,adaptive_move,0.5625,0.07748087005923948,0.1483685064935063,255.0,8.0,18.0,369.0,104.0,3.0,0.0,0.0,44.0,3.0,5.0,20.0,27.0,1.0,0.0,0.0,0.0,0.0,5.0,20.0,0.0,0.0,0.0,0.0
A_f0.9_move__baldwinian__s25,A_f0.9_move__baldwinian,A_f0.9_move,A,baldwinian,25,700,train,50,2.36,19,19,80.8048776862465,0.8333333333333334,0.5,adaptive_move,0.56875,0.08168583517964967,0.15189443005181347,286.0,18.0,18.0,348.0,217.0,10.0,0.0,0.0,42.0,2.0,5.0,32.0,25.0,1.0,0.0,0.0,0.0,0.0,5.0,32.0,0.0,0.0,0.0,0.0
A_f0.9_move__baldwinian__s25,A_f0.9_move__baldwinian,A_f0.9_move,A,baldwinian,25,750,train,49,2.4489795918367347,13,14,68.64828866843479,0.8541666666666666,0.5,adaptive_move,0.48125,0.10352348766368975,0.15124836814621423,346.0,34.0,18.0,436.0,134.0,8.0,0.0,0.0,54.0,2.0,3.0,23.0,23.0,0.0,0.0,0.0,0.0,0.0,3.0,23.0,0.0,0.0,0.0,0.0
A_f0.9_move__baldwinian__s25,A_f0.9_move__baldwinian,A_f0.9_move,A,baldwinian,25,800,train,50,2.56,19,18,98.14368849663099,0.8125,0.5,adaptive_move,0.55625,0.06036351656627393,0.11531762295081971,228.0,13.0,13.0,259.0,148.0,9.0,0.0,0.0,43.0,1.0,3.0,25.0,27.0,1.0,0.0,0.0,0.0,0.0,3.0,25.0,0.0,0.0,0.0,0.0
A_f0.9_move__baldwinian__s25,A_f0.9_move__baldwinian,A_f0.9_move,A,baldwinian,25,850,train,49,2.673469387755102,17,18,116.56450125548268,0.8333333333333334,0.5,adaptive_move,0.575,0.03997137754217686,0.09727541782729787,465.0,18.0,22.0,337.0,105.0,2.0,0.0,0.0,41.0,1.0,4.0,30.0,27.0,0.0,0.0,0.0,0.0,0.0,4.0,30.0,0.0,0.0,0.0,0.0
A_f0.9_move__baldwinian__s25,A_f0.9_move__baldwinian,A_f0.9_move,A,baldwinian,25,900,train,48,2.9166666666666665,17,18,58.59144198875869,0.9166666666666666,0.5,adaptive_move,0.49375,0.08838690969349441,0.14453947368421027,257.0,18.0,17.0,320.0,117.0,5.0,0.0,0.0,51.0,1.0,3.0,29.0,35.0,1.0,0.0,0.0,0.0,0.0,3.0,29.0,0.0,0.0,0.0,0.0
A_f0.9_move__baldwinian__s25,A_f0.9_move__baldwinian,A_f0.9_move,A,baldwinian,25,950,train,49,3.183673469387755,21,20,52.04016807864715,0.8958333333333334,0.5,adaptive_move,0.55625,0.06731606764730329,0.1362103174603173,278.0,14.0,19.0,346.0,147.0,6.0,0.0,0.0,50.0,1.0,3.0,20.0,32.0,2.0,0.0,0.0,0.0,0.0,3.0,20.0,0.0,0.0,0.0,0.0
A_f0.9_move__baldwinian__s25,A_f0.9_move__baldwinian,A_f0.9_move,A,baldwinian,25,1000,train,50,3.28,17,16,87.21863598820477,0.8125,0.5,adaptive_move,0.56875,0.11244465254229664,0.20183035714285702,251.0,13.0,10.0,247.0,46.0,5.0,0.0,0.0,33.0,0.0,1.0,20.0,24.0,5.0,0.0,0.0,0.0,0.0,1.0,20.0,0.0,0.0,0.0,0.0
A_f0.9_move__baldwinian__s25,A_f0.9_move__baldwinian,A_f0.9_move,A,baldwinian,25,1050,train,50,3.34,12,12,101.08290357071105,0.7916666666666666,0.5,adaptive_move,0.5625,0.10921513300781427,0.1895579268292682,348.0,19.0,21.0,305.0,82.0,5.0,0.0,0.0,49.0,2.0,6.0,20.0,28.0,1.0,0.0,0.0,0.0,0.0,6.0,20.0,0.0,0.0,0.0,0.0
A_f0.9_move__baldwinian__s25,A_f0.9_move__baldwinian,A_f0.9_move,A,baldwinian,25,1100,train,50,3.56,19,19,133.36523752561305,0.6875,0.5,adaptive_move,0.6,0.09356952870353555,0.17318749999999983,347.0,17.0,17.0,304.0,134.0,13.0,0.0,0.0,33.0,1.0,0.0,27.0,23.0,3.0,0.0,0.0,0.0,0.0,0.0,27.0,0.0,0.0,0.0,0.0
A_f0.9_move__baldwinian__s25,A_f0.9_move__baldwinian,A_f0.9_move,A,baldwinian,25,1150,train,50,3.64,13,13,98.06522161791642,0.75,0.5,adaptive_move,0.51875,0.04809085580769972,0.09809706703910615,339.0,9.0,17.0,410.0,114.0,8.0,0.0,0.0,47.0,1.0,2.0,35.0,14.0,0.0,0.0,0.0,0.0,0.0,2.0,35.0,0.0,0.0,0.0,0.0
A_f0.9_move__baldwinian__s25,A_f0.9_move__baldwinian,A_f0.9_move,A,baldwinian,25,1200,train,50,3.6,14,14,73.02112301489673,0.8125,0.5,adaptive_move,0.56875,0.08409017232670712,0.1640268987341773,292.0,13.0,19.0,409.0,213.0,13.0,0.0,0.0,44.0,4.0,2.0,29.0,34.0,0.0,0.0,0.0,0.0,0.0,2.0,29.0,0.0,0.0,0.0,0.0
A_f0.9_move__baldwinian__s25,A_f0.9_move__baldwinian,A_f0.9_move,A,baldwinian,25,1250,train,50,3.62,12,12,91.95736545883565,0.7708333333333334,0.5,adaptive_move,0.53125,0.09426245179153425,0.15624192506459944,296.0,15.0,25.0,430.0,183.0,7.0,0.0,0.0,40.0,1.0,3.0,31.0,23.0,1.0,0.0,0.0,0.0,0.0,3.0,31.0,0.0,0.0,0.0,0.0
A_f0.9_move__baldwinian__s25,A_f0.9_move__baldwinian,A_f0.9_move,A,baldwinian,25,1300,train,50,3.62,19,19,123.71287348232076,0.7291666666666666,0.5,adaptive_move,0.575,0.10338978960228284,0.17190648614609594,330.0,19.0,24.0,440.0,148.0,13.0,0.0,0.0,50.0,2.0,6.0,26.0,29.0,3.0,0.0,0.0,0.0,0.0,6.0,26.0,0.0,0.0,0.0,0.0
A_f0.9_move__baldwinian__s25,A_f0.9_move__baldwinian,A_f0.9_move,A,baldwinian,25,1350,train,50,3.86,17,17,75.4578695775167,0.8541666666666666,0.5,adaptive_move,0.49375,0.11408326157191236,0.194937953995157,264.0,15.0,24.0,363.0,132.0,6.0,0.0,0.0,44.0,2.0,4.0,25.0,33.0,1.0,0.0,0.0,0.0,0.0,4.0,25.0,0.0,0.0,0.0,0.0
A_f0.9_move__baldwinian__s25,A_f0.9_move__baldwinian,A_f0.9_move,A,baldwinian,25,1400,train,50,4.08,13,13,110.62057833580597,0.7708333333333334,0.5,adaptive_move,0.5375,0.08595420864355714,0.1596467391304348,254.0,17.0,11.0,331.0,130.0,4.0,0.0,0.0,40.0,3.0,2.0,30.0,29.0,2.0,0.0,0.0,0.0,0.0,2.0,30.0,0.0,0.0,0.0,0.0
A_f0.9_move__baldwinian__s25,A_f0.9_move__baldwinian,A_f0.9_move,A,baldwinian,25,1450,train,50,4.5,17,17,79.04530505321404,0.9166666666666666,0.5,adaptive_move,0.54375,0.09186836400080199,0.17493781094527394,220.0,12.0,10.0,287.0,78.0,8.0,0.0,0.0,47.0,1.0,1.0,28.0,29.0,1.0,0.0,0.0,0.0,0.0,1.0,28.0,0.0,0.0,0.0,0.0
A_f0.9_move__baldwinian__s25,A_f0.9_move__baldwinian,A_f0.9_move,A,baldwinian,25,1500,train,50,4.6,15,15,89.14345952977249,0.8125,0.5,adaptive_move,0.55625,0.08194735458032765,0.1491048177083334,289.0,14.0,14.0,340.0,106.0,9.0,0.0,0.0,51.0,2.0,2.0,26.0,21.0,2.0,0.0,0.0,0.0,0.0,2.0,26.0,0.0,0.0,0.0,0.0
A_f0.9_move__baldwinian__s25,A_f0.9_move__baldwinian,A_f0.9_move,A,baldwinian,25,1550,eval,50,4.7,22,22,123.36431487587404,0.7708333333333334,0.5,adaptive_move,0.47,0.0,0.0,468.0,21.0,19.0,327.0,82.0,5.0,6.0,99.0,36.0,4.0,4.0,24.0,8.0,0.0,1.0,13.0,0.0,0.0,4.0,24.0,0.0,0.0,1.0,13.0
A_f0.9_move__baldwinian__s25,A_f0.9_move__baldwinian,A_f0.9_move,A,baldwinian,25,1600,eval,50,4.66,19,19,98.74432928975575,0.8125,0.5,adaptive_move,0.55,0.0,0.0,416.0,12.0,37.0,441.0,70.0,1.0,6.0,195.0,42.0,2.0,5.0,31.0,12.0,1.0,0.0,15.0,0.0,0.0,5.0,31.0,0.0,0.0,0.0,15.0
A_f0.9_move__baldwinian__s25,A_f0.9_move__baldwinian,A_f0.9_move,A,baldwinian,25,1650,eval,50,4.82,13,13,159.21394515015723,0.6458333333333334,0.5,adaptive_move,0.505,0.0,0.0,298.0,17.0,29.0,407.0,201.0,10.0,6.0,133.0,26.0,3.0,3.0,32.0,16.0,2.0,1.0,10.0,0.0,0.0,3.0,32.0,0.0,0.0,1.0,10.0
A_f0.9_move__baldwinian__s25,A_f0.9_move__baldwinian,A_f0.9_move,A,baldwinian,25,1700,eval,50,4.8,9,9,223.95896351612546,0.4583333333333333,0.5,adaptive_move,0.465,0.0,0.0,394.0,20.0,33.0,626.0,35.0,1.0,5.0,66.0,20.0,1.0,0.0,26.0,14.0,0.0,1.0,3.0,0.0,0.0,0.0,26.0,0.0,0.0,1.0,3.0
A_f0.9_move__baldwinian__s25,A_f0.9_move__baldwinian,A_f0.9_move,A,baldwinian,25,1750,eval,50,4.8,11,11,254.54098656772794,0.375,0.5,adaptive_move,0.555,0.0,0.0,599.0,27.0,23.0,386.0,49.0,3.0,4.0,58.0,29.0,1.0,2.0,19.0,3.0,0.0,0.0,5.0,0.0,0.0,2.0,19.0,0.0,0.0,0.0,5.0
A_f0.9_move__baldwinian__s25,A_f0.9_move__baldwinian,A_f0.9_move,A,baldwinian,25,1800,eval,50,4.98,8,8,247.05403250158543,0.3958333333333333,0.5,adaptive_move,0.54,0.0,0.0,481.0,34.0,21.0,492.0,108.0,5.0,6.0,143.0,28.0,1.0,2.0,14.0,3.0,1.0,0.0,9.0,0.0,0.0,2.0,14.0,0.0,0.0,0.0,9.0
A_f0.9_move__baldwinian__s26,A_f0.9_move__baldwinian,A_f0.9_move,A,baldwinian,26,50,train,50,0.66,35,5,67.45303914524781,0.875,0.5,adaptive_move,0.55,0.03593897958360737,0.07771310888252136,252.0,15.0,13.0,236.0,177.0,10.0,0.0,0.0,56.0,3.0,4.0,39.0,19.0,2.0,0.0,0.0,0.0,0.0,4.0,39.0,0.0,0.0,0.0,0.0
A_f0.9_move__baldwinian__s26,A_f0.9_move__baldwinian,A_f0.9_move,A,baldwinian,26,100,train,50,0.68,7,7,101.08596851094813,0.8125,0.5,adaptive_move,0.55,0.05101711993935708,0.09641981792717069,263.0,11.0,22.0,296.0,68.0,3.0,0.0,0.0,57.0,1.0,3.0,27.0,15.0,0.0,0.0,0.0,0.0,0.0,3.0,27.0,0.0,0.0,0.0,0.0
A_f0.9_move__baldwinian__s26,A_f0.9_move__baldwinian,A_f0.9_move,A,baldwinian,26,150,train,50,0.74,11,11,81.45271599654438,0.875,0.5,adaptive_move,0.5625,0.08823347256775867,0.14270283641160963,366.0,22.0,15.0,299.0,79.0,3.0,0.0,0.0,52.0,3.0,3.0,28.0,21.0,0.0,0.0,0.0,0.0,0.0,3.0,28.0,0.0,0.0,0.0,0.0
A_f0.9_move__baldwinian__s26,A_f0.9_move__baldwinian,A_f0.9_move,A,baldwinian,26,200,train,50,0.72,15,15,98.58799326277737,0.8333333333333334,0.5,adaptive_move,0.575,0.125316415403594,0.19383404645476743,358.0,20.0,17.0,295.0,87.0,3.0,0.0,0.0,60.0,4.0,4.0,22.0,17.0,0.0,0.0,0.0,0.0,0.0,4.0,22.0,0.0,0.0,0.0,0.0
A_f0.9_move__baldwinian__s26,A_f0.9_move__baldwinian,A_f0.9_move,A,baldwinian,26,250,train,50,0.82,14,14,69.6683796050244,0.8958333333333334,0.5,adaptive_move,0.5875,0.07390723067106614,0.14473727154047,298.0,15.0,14.0,359.0,61.0,1.0,0.0,0.0,59.0,2.0,3.0,30.0,19.0,0.0,0.0,0.0,0.0,0.0,3.0,30.0,0.0,0.0,0.0,0.0
A_f0.9_move__baldwinian__s26,A_f0.9_move__baldwinian,A_f0.9_move,A,baldwinian,26,300,train,50,0.86,11,11,109.20089782199086,0.75,0.5,adaptive_move,0.55,0.09665642237807417,0.1779388957816379,301.0,17.0,16.0,352.0,50.0,3.0,0.0,0.0,44.0,0.0,6.0,31.0,12.0,1.0,0.0,0.0,0.0,0.0,6.0,31.0,0.0,0.0,0.0,0.0
A_f0.9_move__baldwinian__s26,A_f0.9_move__baldwinian,A_f0.9_move,A,baldwinian,26,350,train,50,1.0,19,19,77.55361730031235,0.8541666666666666,0.5,adaptive_move,0.5375,0.08287903449597288,0.14347039473684187,312.0,19.0,25.0,525.0,123.0,10.0,0.0,0.0,43.0,2.0,5.0,45.0,28.0,1.0,0.0,0.0,0.0,0.0,5.0,45.0,0.0,0.0,0.0,0.0
A_f0.9_move__baldwinian__s26,A_f0.9_move__baldwinian,A_f0.9_move,A,baldwinian,26,400,train,50,1.04,13,13,98.79260271522104,0.8125,0.5,adaptive_move,0.51875,0.06720157668819328,0.1451866883116879,398.0,24.0,16.0,505.0,47.0,4.0,0.0,0.0,45.0,2.0,2.0,29.0,18.0,4.0,0.0,0.0,0.0,0.0,2.0,29.0,0.0,0.0,0.0,0.0
A_f0.9_move__baldwinian__s26,A_f0.9_move__baldwinian,A_f0.9_move,A,baldwinian,26,450,train,50,1.12,14,14,77.1208523271103,0.8125,0.5,adaptive_move,0.55,0.06897074088525106,0.13336103723404258,336.0,16.0,21.0,378.0,102.0,5.0,0.0,0.0,57.0,1.0,2.0,22.0,22.0,1.0,0.0,0.0,0.0,0.0,2.0,22.0,0.0,0.0,0.0,0.0
A_f0.9_move__baldwinian__s26,A_f0.9_move__baldwinian,A_f0.9_move,A,baldwinian,26,500,train,48,1.3958333333333333,21,23,95.16709883374924,0.7916666666666666,0.5,adaptive_move,0.53125,0.08536030251119318,0.1726834577114429,313.0,18.0,28.0,456.0,73.0,1.0,0.0,0.0,40.0,0.0,7.0,41.0,23.0,0.0,0.0,0.0,0.0,0.0,7.0,41.0,0.0,0.0,0.0,0.0
A_f0.9_move__baldwinian__s26,A_f0.9_move__baldwinian,A_f0.9_move,A,baldwinian,26,550,train,50,1.7,21,19,147.77942628528987,0.6041666666666666,0.5,adaptive_move,0.58125,0.09125128845142524,0.18511832524271865,331.0,18.0,21.0,358.0,61.0,4.0,0.0,0.0,39.0,0.0,2.0,35.0,24.0,1.0,0.0,0.0,0.0,0.0,2.0,35.0,0.0,0.0,0.0,0.0
A_f0.9_move__baldwinian__s26,A_f0.9_move__baldwinian,A_f0.9_move,A,baldwinian,26,600,train,50,1.84,20,20,84.04792625074258,0.8541666666666666,0.5,adaptive_move,0.6,0.08527727134835403,0.15302784974093275,341.0,20.0,13.0,312.0,73.0,7.0,0.0,0.0,47.0,2.0,2.0,21.0,28.0,0.0,0.0,0.0,0.0,0.0,2.0,21.0,0.0,0.0,0.0,0.0
A_f0.9_move__baldwinian__s26,A_f0.9_move__baldwinian,A_f0.9_move,A,baldwinian,26,650,train,50,1.92,19,19,61.74550888335019,0.9166666666666666,0.5,adaptive_move,0.5375,0.07983945018766854,0.14943993506493491,245.0,17.0,21.0,406.0,89.0,7.0,0.0,0.0,32.0,2.0,2.0,41.0,26.0,2.0,0.0,0.0,0.0,0.0,2.0,41.0,0.0,0.0,0.0,0.0
A_f0.9_move__baldwinian__s26,A_f0.9_move__baldwinian,A_f0.9_move,A,baldwinian,26,700,train,50,2.16,17,17,114.06406480216292,0.7708333333333334,0.5,adaptive_move,0.5625,0.12916651888331138,0.19316789215686314,258.0,12.0,10.0,260.0,92.0,8.0,0.0,0.0,47.0,1.0,1.0,25.0,22.0,2.0,0.0,0.0,0.0,0.0,1.0,25.0,0.0,0.0,0.0,0.0
A_f0.9_move__baldwinian__s26,A_f0.9_move__baldwinian,A_f0.9_move,A,baldwinian,26,750,train,50,2.32,12,12,68.68437030472593,0.9166666666666666,0.5,adaptive_move,0.5,0.05710454999433988,0.11616995912806538,344.0,20.0,21.0,348.0,98.0,6.0,0.0,0.0,60.0,0.0,3.0,25.0,19.0,0.0,0.0,0.0,0.0,0.0,3.0,25.0,0.0,0.0,0.0,0.0
A_f0.9_move__baldwinian__s26,A_f0.9_move__baldwinian,A_f0.9_move,A,baldwinian,26,800,train,50,2.5,14,14,106.46691679985277,0.7708333333333334,0.5,adaptive_move,0.575,0.07792886748285255,0.1516392118863048,276.0,19.0,20.0,354.0,118.0,10.0,0.0,0.0,38.0,1.0,9.0,31.0,27.0,3.0,0.0,0.0,0.0,0.0,9.0,31.0,0.0,0.0,0.0,0.0
A_f0.9_move__baldwinian__s26,A_f0.9_move__baldwinian,A_f0.9_move,A,baldwinian,26,850,train,50,2.54,14,14,64.6474534058676,0.8958333333333334,0.5,adaptive_move,0.53125,0.07052950938288322,0.14583333333333326,438.0,20.0,15.0,341.0,99.0,6.0,0.0,0.0,52.0,3.0,5.0,33.0,20.0,1.0,0.0,0.0,0.0,0.0,5.0,33.0,0.0,0.0,0.0,0.0
A_f0.9_move__baldwinian__s26,A_f0.9_move__baldwinian,A_f0.9_move,A,baldwinian,26,900,train,50,2.74,18,18,122.43846290014802,0.75,0.5,adaptive_move,0.54375,0.08052453552985857,0.15433311855670095,281.0,15.0,23.0,383.0,76.0,4.0,0.0,0.0,43.0,1.0,3.0,34.0,16.0,0.0,0.0,0.0,0.0,0.0,3.0,34.0,0.0,0.0,0.0,0.0
A_f0.9_move__baldwinian__s26,A_f0.9_move__baldwinian,A_f0.9_move,A,baldwinian,26,950,train,50,2.78,12,12,95.09781441130849,0.8541666666666666,0.5,adaptive_move,0.5875,0.08504675994753733,0.15823717948717952,411.0,19.0,27.0,488.0,115.0,3.0,0.0,0.0,46.0,0.0,7.0,25.0,15.0,0.0,0.0,0.0,0.0,0.0,7.0,25.0,0.0,0.0,0.0,0.0
A_f0.9_move__baldwinian__s26,A_f0.9_move__baldwinian,A_f0.9_move,A,baldwinian,26,1000,train,50,2.82,16,16,81.04752071507235,0.8541666666666666,0.5,adaptive_move,0.54375,0.06332166747818141,0.12912767379679146,542.0,32.0,20.0,346.0,58.0,4.0,0.0,0.0,56.0,3.0,5.0,26.0,19.0,0.0,0.0,0.0,0.0,0.0,5.0,26.0,0.0,0.0,0.0,0.0
A_f0.9_move__baldwinian__s26,A_f0.9_move__baldwinian,A_f0.9_move,A,baldwinian,26,1050,train,50,3.0,18,18,102.7726081717321,0.8333333333333334,0.5,adaptive_move,0.56875,0.103365207769817,0.19699433174224357,290.0,5.0,15.0,284.0,31.0,1.0,0.0,0.0,48.0,0.0,5.0,24.0,18.0,1.0,0.0,0.0,0.0,0.0,5.0,24.0,0.0,0.0,0.0,0.0
A_f0.9_move__baldwinian__s26,A_f0.9_move__baldwinian,A_f0.9_move,A,baldwinian,26,1100,train,50,3.08,18,18,124.27789460227551,0.75,0.5,adaptive_move,0.54375,0.08436267988757544,0.14698922976501327,269.0,15.0,16.0,338.0,63.0,4.0,0.0,0.0,51.0,0.0,2.0,20.0,17.0,2.0,0.0,0.0,0.0,0.0,2.0,20.0,0.0,0.0,0.0,0.0
A_f0.9_move__baldwinian__s26,A_f0.9_move__baldwinian,A_f0.9_move,A,baldwinian,26,1150,train,50,3.36,19,19,73.70741293860935,0.8541666666666666,0.5,adaptive_move,0.55,0.05633416456566018,0.12925531914893607,352.0,15.0,12.0,299.0,176.0,3.0,0.0,0.0,58.0,1.0,4.0,25.0,19.0,0.0,0.0,0.0,0.0,0.0,4.0,25.0,0.0,0.0,0.0,0.0
A_f0.9_move__baldwinian__s26,A_f0.9_move__baldwinian,A_f0.9_move,A,baldwinian,26,1200,train,50,3.52,15,15,107.98067480417711,0.7708333333333334,0.5,adaptive_move,0.5375,0.10277113388274797,0.17600000000000016,257.0,12.0,17.0,325.0,153.0,8.0,0.0,0.0,40.0,2.0,1.0,24.0,18.0,1.0,0.0,0.0,0.0,0.0,1.0,24.0,0.0,0.0,0.0,0.0
A_f0.9_move__baldwinian__s26,A_f0.9_move__baldwinian,A_f0.9_move,A,baldwinian,26,1250,train,50,3.68,20,20,75.10421858891164,0.8958333333333334,0.5,adaptive_move,0.5875,0.08765270132298213,0.1829338592233012,386.0,23.0,15.0,301.0,65.0,3.0,0.0,0.0,55.0,1.0,3.0,37.0,18.0,0.0,0.0,0.0,0.0,0.0,3.0,37.0,0.0,0.0,0.0,0.0
A_f0.9_move__baldwinian__s26,A_f0.9_move__baldwinian,A_f0.9_move,A,baldwinian,26,1300,train,50,3.74,8,8,154.4123432112068,0.6041666666666666,0.5,adaptive_move,0.5625,0.0697617815102924,0.13250833333333323,489.0,27.0,14.0,355.0,71.0,2.0,0.0,0.0,37.0,1.0,0.0,18.0,13.0,1.0,0.0,0.0,0.0,0.0,0.0,18.0,0.0,0.0,0.0,0.0
A_f0.9_move__baldwinian__s26,A_f0.9_move__baldwinian,A_f0.9_move,A,baldwinian,26,1350,train,50,3.84,15,15,67.09783658901758,0.8958333333333334,0.5,adaptive_move,0.5375,0.09953663301991258,0.1789159429280398,450.0,19.0,28.0,436.0,47.0,2.0,0.0,0.0,55.0,3.0,5.0,36.0,25.0,1.0,0.0,0.0,0.0,0.0,5.0,36.0,0.0,0.0,0.0,0.0
A_f0.9_move__baldwinian__s26,A_f0.9_move__baldwinian,A_f0.9_move,A,baldwinian,26,1400,train,50,3.8,21,21,64.57584398376645,0.9166666666666666,0.5,adaptive_move,0.525,0.05122064281586272,0.12411430481283436,202.0,6.0,33.0,545.0,87.0,6.0,0.0,0.0,32.0,0.0,2.0,41.0,23.0,0.0,0.0,0.0,0.0,0.0,2.0,41.0,0.0,0.0,0.0,0.0
A_f0.9_move__baldwinian__s26,A_f0.9_move__baldwinian,A_f0.9_move,A,baldwinian,26,1450,train,50,3.92,17,17,108.77143458808823,0.7708333333333334,0.5,adaptive_move,0.5375,0.08718757882306583,0.16198979591836715,366.0,14.0,32.0,556.0,91.0,4.0,0.0,0.0,43.0,1.0,6.0,23.0,16.0,0.0,0.0,0.0,0.0,0.0,6.0,23.0,0.0,0.0,0.0,0.0
A_f0.9_move__baldwinian__s26,A_f0.9_move__baldwinian,A_f0.9_move,A,baldwinian,26,1500,train,50,4.0,13,13,49.51334565603179,0.9791666666666666,0.5,adaptive_move,0.56875,0.10264986763141878,0.18171410891089113,387.0,24.0,18.0,424.0,83.0,1.0,0.0,0.0,69.0,2.0,3.0,30.0,23.0,0.0,0.0,0.0,0.0,0.0,3.0,30.0,0.0,0.0,0.0,0.0
A_f0.9_move__baldwinian__s26,A_f0.9_move__baldwinian,A_f0.9_move,A,baldwinian,26,1550,eval,50,3.98,18,18,153.00423150882528,0.625,0.5,adaptive_move,0.5,0.0,0.0,510.0,29.0,24.0,450.0,28.0,0.0,0.0,65.0,39.0,0.0,5.0,30.0,8.0,0.0,0.0,7.0,0.0,0.0,5.0,30.0,0.0,0.0,0.0,7.0
A_f0.9_move__baldwinian__s26,A_f0.9_move__baldwinian,A_f0.9_move,A,baldwinian,26,1600,eval,50,4.34,17,17,141.6416256511874,0.6875,0.5,adaptive_move,0.52,0.0,0.0,467.0,25.0,23.0,554.0,52.0,3.0,2.0,50.0,28.0,2.0,7.0,41.0,9.0,0.0,0.0,7.0,0.0,0.0,7.0,41.0,0.0,0.0,0.0,7.0
A_f0.9_move__baldwinian__s26,A_f0.9_move__baldwinian,A_f0.9_move,A,baldwinian,26,1650,eval,50,4.52,18,18,134.85013428443557,0.6666666666666666,0.5,adaptive_move,0.46,0.0,0.0,430.0,15.0,24.0,521.0,115.0,5.0,7.0,82.0,40.0,1.0,4.0,34.0,12.0,0.0,1.0,5.0,0.0,0.0,4.0,34.0,0.0,0.0,1.0,5.0
A_f0.9_move__baldwinian__s26,A_f0.9_move__baldwinian,A_f0.9_move,A,baldwinian,26,1700,eval,50,4.66,17,17,223.6182000965884,0.3958333333333333,0.5,adaptive_move,0.485,0.0,0.0,321.0,11.0,22.0,352.0,119.0,9.0,4.0,137.0,22.0,1.0,4.0,18.0,9.0,0.0,0.0,8.0,0.0,0.0,4.0,18.0,0.0,0.0,0.0,8.0
A_f0.9_move__baldwinian__s26,A_f0.9_move__baldwinian,A_f0.9_move,A,baldwinian,26,1750,eval,50,4.74,14,14,168.7758931787696,0.6458333333333334,0.5,adaptive_move,0.465,0.0,0.0,293.0,16.0,21.0,385.0,137.0,6.0,7.0,106.0,32.0,0.0,4.0,28.0,13.0,0.0,0.0,6.0,0.0,0.0,4.0,28.0,0.0,0.0,0.0,6.0
A_f0.9_move__baldwinian__s26,A_f0.9_move__baldwinian,A_f0.9_move,A,baldwinian,26,1800,eval,50,4.86,8,8,205.01273844958814,0.4583333333333333,0.5,adaptive_move,0.545,0.0,0.0,404.0,19.0,32.0,474.0,112.0,9.0,2.0,107.0,32.0,2.0,7.0,18.0,4.0,1.0,0.0,6.0,0.0,0.0,7.0,18.0,0.0,0.0,0.0,6.0
A_f0.9_move__baldwinian__s27,A_f0.9_move__baldwinian,A_f0.9_move,A,baldwinian,27,50,train,50,0.82,34,4,64.13203640820866,0.8541666666666666,0.5,adaptive_move,0.5125,0.08224746478262365,0.1343916666666667,179.0,8.0,13.0,252.0,177.0,13.0,0.0,0.0,50.0,1.0,1.0,42.0,22.0,2.0,0.0,0.0,0.0,0.0,1.0,42.0,0.0,0.0,0.0,0.0
A_f0.9_move__baldwinian__s27,A_f0.9_move__baldwinian,A_f0.9_move,A,baldwinian,27,100,train,50,0.92,13,13,76.34910913681935,0.8958333333333334,0.5,adaptive_move,0.60625,0.08291721441003998,0.15064123376623328,283.0,15.0,3.0,242.0,61.0,4.0,0.0,0.0,54.0,0.0,0.0,26.0,12.0,1.0,0.0,0.0,0.0,0.0,0.0,26.0,0.0,0.0,0.0,0.0
A_f0.9_move__baldwinian__s27,A_f0.9_move__baldwinian,A_f0.9_move,A,baldwinian,27,150,train,50,0.9,10,10,51.81284037307016,0.9166666666666666,0.5,adaptive_move,0.54375,0.07543169802384085,0.14718424479166647,347.0,20.0,13.0,213.0,125.0,11.0,0.0,0.0,71.0,2.0,2.0,12.0,23.0,1.0,0.0,0.0,0.0,0.0,2.0,12.0,0.0,0.0,0.0,0.0
A_f0.9_move__baldwinian__s27,A_f0.9_move__baldwinian,A_f0.9_move,A,baldwinian,27,200,train,50,0.96,15,15,95.28366873804919,0.7916666666666666,0.5,adaptive_move,0.6,0.11320737499002201,0.21050872093023254,287.0,9.0,15.0,345.0,62.0,2.0,0.0,0.0,44.0,0.0,5.0,37.0,15.0,0.0,0.0,0.0,0.0,0.0,5.0,37.0,0.0,0.0,0.0,0.0
A_f0.9_move__baldwinian__s27,A_f0.9_move__baldwinian,A_f0.9_move,A,baldwinian,27,250,train,50,0.94,19,19,90.77969314502701,0.8333333333333334,0.5,adaptive_move,0.51875,0.06752195150132605,0.1397555774278214,386.0,18.0,22.0,464.0,98.0,3.0,0.0,0.0,48.0,1.0,5.0,31.0,20.0,0.0,0.0,0.0,0.0,0.0,5.0,31.0,0.0,0.0,0.0,0.0
A_f0.9_move__baldwinian__s27,A_f0.9_move__baldwinian,A_f0.9_move,A,baldwinian,27,300,train,50,1.04,14,14,74.61753976049515,0.8958333333333334,0.5,adaptive_move,0.55625,0.07828510264495257,0.14257709973753263,435.0,18.0,15.0,357.0,86.0,2.0,0.0,0.0,55.0,3.0,4.0,31.0,16.0,0.0,0.0,0.0,0.0,0.0,4.0,31.0,0.0,0.0,0.0,0.0
A_f0.9_move__baldwinian__s27,A_f0.9_move__baldwinian,A_f0.9_move,A,baldwinian,27,350,train,50,1.04,7,7,120.99582146576884,0.625,0.5,adaptive_move,0.56875,0.07025693719370309,0.14789507772020727,351.0,18.0,24.0,388.0,93.0,3.0,0.0,0.0,48.0,1.0,3.0,16.0,11.0,0.0,0.0,0.0,0.0,0.0,3.0,16.0,0.0,0.0,0.0,0.0
A_f0.9_move__baldwinian__s27,A_f0.9_move__baldwinian,A_f0.9_move,A,baldwinian,27,400,train,50,1.04,15,15,59.05848158627397,0.9166666666666666,0.5,adaptive_move,0.50625,0.07226903847036822,0.13910784960422173,316.0,9.0,16.0,473.0,81.0,1.0,0.0,0.0,68.0,1.0,2.0,26.0,20.0,0.0,0.0,0.0,0.0,0.0,2.0,26.0,0.0,0.0,0.0,0.0
A_f0.9_move__baldwinian__s27,A_f0.9_move__baldwinian,A_f0.9_move,A,baldwinian,27,450,train,50,1.06,10,10,60.40847319149063,0.8958333333333334,0.5,adaptive_move,0.54375,0.07998009422268043,0.15273740310077533,307.0,16.0,21.0,499.0,118.0,3.0,0.0,0.0,47.0,3.0,6.0,25.0,24.0,1.0,0.0,0.0,0.0,0.0,6.0,25.0,0.0,0.0,0.0,0.0
A_f0.9_move__baldwinian__s27,A_f0.9_move__baldwinian,A_f0.9_move,A,baldwinian,27,500,train,46,1.3695652173913044,18,22,103.70449790314606,0.75,0.5,adaptive_move,0.59375,0.11760286562265931,0.19785391566265043,384.0,22.0,35.0,552.0,82.0,4.0,0.0,0.0,42.0,1.0,8.0,29.0,17.0,0.0,0.0,0.0,0.0,0.0,8.0,29.0,0.0,0.0,0.0,0.0
A_f0.9_move__baldwinian__s27,A_f0.9_move__baldwinian,A_f0.9_move,A,baldwinian,27,550,train,50,1.74,24,20,85.21318587596639,0.8333333333333334,0.5,adaptive_move,0.5875,0.13000886611475376,0.19579268292682905,304.0,14.0,21.0,444.0,174.0,7.0,0.0,0.0,40.0,2.0,3.0,34.0,20.0,0.0,0.0,0.0,0.0,0.0,3.0,34.0,0.0,0.0,0.0,0.0
A_f0.9_move__baldwinian__s27,A_f0.9_move__baldwinian,A_f0.9_move,A,baldwinian,27,600,train,50,1.84,15,15,112.33199122974378,0.75,0.5,adaptive_move,0.5375,0.06425274015482181,0.13102499999999995,349.0,16.0,26.0,492.0,89.0,4.0,0.0,0.0,38.0,1.0,4.0,35.0,17.0,2.0,0.0,0.0,0.0,0.0,4.0,35.0,0.0,0.0,0.0,0.0
A_f0.9_move__baldwinian__s27,A_f0.9_move__baldwinian,A_f0.9_move,A,baldwinian,27,650,train,50,1.92,10,10,103.24614976808445,0.75,0.5,adaptive_move,0.51875,0.03517608152274937,0.08336292613636354,390.0,16.0,21.0,630.0,199.0,9.0,0.0,0.0,49.0,0.0,2.0,27.0,23.0,0.0,0.0,0.0,0.0,0.0,2.0,27.0,0.0,0.0,0.0,0.0
A_f0.9_move__baldwinian__s27,A_f0.9_move__baldwinian,A_f0.9_move,A,baldwinian,27,700,train,50,2.02,9,9,81.96494764180619,0.8541666666666666,0.5,adaptive_move,0.54375,0.1121456667393099,0.1960446859903382,400.0,14.0,23.0,413.0,100.0,3.0,0.0,0.0,66.0,2.0,6.0,22.0,17.0,0.0,0.0,0.0,0.0,0.0,6.0,22.0,0.0,0.0,0.0,0.0
A_f0.9_move__baldwinian__s27,A_f0.9_move__baldwinian,A_f0.9_move,A,baldwinian,27,750,train,50,2.06,15,15,122.52442545561982,0.6875,0.5,adaptive_move,0.50625,0.08006382751949635,0.14433234908136483,304.0,15.0,22.0,410.0,157.0,9.0,0.0,0.0,38.0,3.0,7.0,26.0,19.0,1.0,0.0,0.0,0.0,0.0,7.0,26.0,0.0,0.0,0.0,0.0
A_f0.9_move__baldwinian__s27,A_f0.9_move__baldwinian,A_f0.9_move,A,baldwinian,27,800,train,50,2.32,16,16,87.99387850747574,0.7708333333333334,0.5,adaptive_move,0.55625,0.07450638116736094,0.14146381578947342,307.0,15.0,26.0,504.0,90.0,7.0,0.0,0.0,36.0,1.0,4.0,26.0,23.0,2.0,0.0,0.0,0.0,0.0,4.0,26.0,0.0,0.0,0.0,0.0
A_f0.9_move__baldwinian__s27,A_f0.9_move__baldwinian,A_f0.9_move,A,baldwinian,27,850,train,50,2.28,11,11,117.6679251505441,0.6666666666666666,0.5,adaptive_move,0.59375,0.10688402104415856,0.2007849526066352,478.0,20.0,21.0,528.0,85.0,8.0,0.0,0.0,39.0,0.0,5.0,38.0,11.0,0.0,0.0,0.0,0.0,0.0,5.0,38.0,0.0,0.0,0.0,0.0
A_f0.9_move__baldwinian__s27,A_f0.9_move__baldwinian,A_f0.9_move,A,baldwinian,27,900,train,50,2.3,11,11,63.944244599144476,0.8541666666666666,0.5,adaptive_move,0.55,0.10257187844297898,0.16886867088607604,479.0,15.0,19.0,413.0,166.0,12.0,0.0,0.0,58.0,4.0,1.0,34.0,19.0,2.0,0.0,0.0,0.0,0.0,1.0,34.0,0.0,0.0,0.0,0.0
A_f0.9_move__baldwinian__s27,A_f0.9_move__baldwinian,A_f0.9_move,A,baldwinian,27,950,train,50,2.44,9,9,88.96880626411792,0.7916666666666666,0.5,adaptive_move,0.5625,0.10490260892720613,0.18219907407407399,317.0,15.0,20.0,352.0,49.0,2.0,0.0,0.0,38.0,1.0,4.0,26.0,26.0,1.0,0.0,0.0,0.0,0.0,4.0,26.0,0.0,0.0,0.0,0.0
A_f0.9_move__baldwinian__s27,A_f0.9_move__baldwinian,A_f0.9_move,A,baldwinian,27,1000,train,50,2.56,29,29,95.39759887474007,0.7916666666666666,0.5,adaptive_move,0.5625,0.11430876976438986,0.19928806954436462,273.0,15.0,21.0,354.0,34.0,2.0,0.0,0.0,46.0,1.0,4.0,31.0,15.0,0.0,0.0,0.0,0.0,0.0,4.0,31.0,0.0,0.0,0.0,0.0
A_f0.9_move__baldwinian__s27,A_f0.9_move__baldwinian,A_f0.9_move,A,baldwinian,27,1050,train,50,3.1,18,18,76.60143355739805,0.8958333333333334,0.5,adaptive_move,0.53125,0.06677864844637263,0.141017670157068,392.0,15.0,28.0,447.0,97.0,5.0,0.0,0.0,46.0,3.0,1.0,34.0,26.0,1.0,0.0,0.0,0.0,0.0,1.0,34.0,0.0,0.0,0.0,0.0
A_f0.9_move__baldwinian__s27,A_f0.9_move__baldwinian,A_f0.9_move,A,baldwinian,27,1100,train,50,3.22,15,15,99.1746688410148,0.7916666666666666,0.5,adaptive_move,0.55,0.11443885287722746,0.20382274346793317,269.0,13.0,18.0,347.0,77.0,6.0,0.0,0.0,40.0,0.0,0.0,26.0,21.0,0.0,0.0,0.0,0.0,0.0,0.0,26.0,0.0,0.0,0.0,0.0
A_f0.9_move__baldwinian__s27,A_f0.9_move__baldwinian,A_f0.9_move,A,baldwinian,27,1150,train,50,3.18,16,16,108.24239624875689,0.7916666666666666,0.5,adaptive_move,0.575,0.07677755542355924,0.14208881578947374,414.0,20.0,21.0,468.0,60.0,6.0,0.0,0.0,48.0,3.0,1.0,29.0,9.0,0.0,0.0,0.0,0.0,0.0,1.0,29.0,0.0,0.0,0.0,0.0
A_f0.9_move__baldwinian__s27,A_f0.9_move__baldwinian,A_f0.9_move,A,baldwinian,27,1200,train,50,3.16,17,17,61.71419989549828,0.8541666666666666,0.5,adaptive_move,0.56875,0.07134878038442624,0.15382832480818398,422.0,24.0,19.0,341.0,146.0,7.0,0.0,0.0,43.0,1.0,4.0,35.0,24.0,1.0,0.0,0.0,0.0,0.0,4.0,35.0,0.0,0.0,0.0,0.0
A_f0.9_move__baldwinian__s27,A_f0.9_move__baldwinian,A_f0.9_move,A,baldwinian,27,1250,train,50,3.28,14,14,93.2506261704784,0.7916666666666666,0.5,adaptive_move,0.54375,0.07085025741168269,0.13419215425531905,422.0,22.0,25.0,444.0,148.0,9.0,0.0,0.0,49.0,3.0,4.0,17.0,14.0,3.0,0.0,0.0,0.0,0.0,4.0,17.0,0.0,0.0,0.0,0.0
A_f0.9_move__baldwinian__s27,A_f0.9_move__baldwinian,A_f0.9_move,A,baldwinian,27,1300,train,50,3.4,23,23,75.46418815073321,0.8333333333333334,0.5,adaptive_move,0.51875,0.07689488148215554,0.14067447229551466,437.0,26.0,13.0,348.0,140.0,8.0,0.0,0.0,49.0,3.0,4.0,34.0,20.0,0.0,0.0,0.0,0.0,0.0,4.0,34.0,0.0,0.0,0.0,0.0
A_f0.9_move__baldwinian__s27,A_f0.9_move__baldwinian,A_f0.9_move,A,baldwinian,27,1350,train,50,3.42,11,11,81.9735778242634,0.8333333333333334,0.5,adaptive_move,0.51875,0.06861126970751888,0.13790402374670196,403.0,20.0,14.0,364.0,180.0,8.0,0.0,0.0,43.0,3.0,5.0,29.0,18.0,1.0,0.0,0.0,0.0,0.0,5.0,29.0,0.0,0.0,0.0,0.0
A_f0.9_move__baldwinian__s27,A_f0.9_move__baldwinian,A_f0.9_move,A,baldwinian,27,1400,train,50,3.42,14,14,76.03260413983736,0.875,0.5,adaptive_move,0.5125,0.08841638336250944,0.15045572916666683,440.0,18.0,9.0,352.0,133.0,3.0,0.0,0.0,63.0,0.0,2.0,29.0,19.0,0.0,0.0,0.0,0.0,0.0,2.0,29.0,0.0,0.0,0.0,0.0
A_f0.9_move__baldwinian__s27,A_f0.9_move__baldwinian,A_f0.9_move,A,baldwinian,27,1450,train,50,3.56,17,17,112.69084696347986,0.75,0.5,adaptive_move,0.575,0.07594707190608899,0.1405098684210524,331.0,15.0,18.0,343.0,109.0,3.0,0.0,0.0,47.0,0.0,2.0,22.0,14.0,0.0,0.0,0.0,0.0,0.0,2.0,22.0,0.0,0.0,0.0,0.0
A_f0.9_move__baldwinian__s27,A_f0.9_move__baldwinian,A_f0.9_move,A,baldwinian,27,1500,train,50,3.86,18,18,85.12680253714635,0.8125,0.5,adaptive_move,0.56875,0.09262865662396517,0.1455098684210525,321.0,21.0,35.0,461.0,149.0,5.0,0.0,0.0,36.0,4.0,7.0,35.0,20.0,1.0,0.0,0.0,0.0,0.0,7.0,35.0,0.0,0.0,0.0,0.0
A_f0.9_move__baldwinian__s27,A_f0.9_move__baldwinian,A_f0.9_move,A,baldwinian,27,1550,eval,50,3.84,21,21,142.9858347975589,0.7291666666666666,0.5,adaptive_move,0.49,0.0,0.0,313.0,15.0,21.0,589.0,62.0,2.0,7.0,104.0,29.0,2.0,3.0,46.0,2.0,0.0,0.0,11.0,0.0,0.0,3.0,46.0,0.0,0.0,0.0,11.0
A_f0.9_move__baldwinian__s27,A_f0.9_move__baldwinian,A_f0.9_move,A,baldwinian,27,1600,eval,50,3.86,13,13,159.28037901175009,0.625,0.5,adaptive_move,0.53,0.0,0.0,416.0,27.0,32.0,480.0,153.0,8.0,6.0,67.0,42.0,2.0,7.0,27.0,9.0,0.0,2.0,5.0,0.0,0.0,7.0,27.0,0.0,0.0,2.0,5.0
A_f0.9_move__baldwinian__s27,A_f0.9_move__baldwinian,A_f0.9_move,A,baldwinian,27,1650,eval,50,3.96,15,15,139.65667272591543,0.6666666666666666,0.5,adaptive_move,0.495,0.0,0.0,516.0,27.0,10.0,290.0,85.0,7.0,2.0,102.0,58.0,3.0,1.0,14.0,6.0,1.0,0.0,9.0,0.0,0.0,1.0,14.0,0.0,0.0,0.0,9.0
A_f0.9_move__baldwinian__s27,A_f0.9_move__baldwinian,A_f0.9_move,A,baldwinian,27,1700,eval,50,4.04,16,16,122.00380007332704,0.7708333333333334,0.5,adaptive_move,0.53,0.0,0.0,450.0,24.0,21.0,398.0,67.0,8.0,3.0,72.0,47.0,0.0,5.0,22.0,3.0,1.0,0.0,5.0,0.0,0.0,5.0,22.0,0.0,0.0,0.0,5.0
A_f0.9_move__baldwinian__s27,A_f0.9_move__baldwinian,A_f0.9_move,A,baldwinian,27,1750,eval,50,4.16,15,15,243.6595859435344,0.4166666666666667,0.5,adaptive_move,0.52,0.0,0.0,288.0,12.0,16.0,361.0,127.0,9.0,6.0,110.0,23.0,0.0,0.0,26.0,10.0,1.0,0.0,4.0,0.0,0.0,0.0,26.0,0.0,0.0,0.0,4.0
A_f0.9_move__baldwinian__s27,A_f0.9_move__baldwinian,A_f0.9_move,A,baldwinian,27,1800,eval,50,4.26,13,13,213.29313525531586,0.5,0.5,adaptive_move,0.475,0.0,0.0,455.0,17.0,16.0,424.0,79.0,3.0,12.0,132.0,32.0,0.0,0.0,29.0,5.0,0.0,1.0,6.0,0.0,0.0,0.0,29.0,0.0,0.0,1.0,6.0
A_f0.9_move__baldwinian__s28,A_f0.9_move__baldwinian,A_f0.9_move,A,baldwinian,28,50,train,50,0.76,34,4,23.387770745257136,1.0,0.5,adaptive_move,0.56875,0.06669838554856135,0.11647882513661179,217.0,9.0,9.0,172.0,74.0,3.0,0.0,0.0,58.0,2.0,2.0,47.0,15.0,0.0,0.0,0.0,0.0,0.0,2.0,47.0,0.0,0.0,0.0,0.0
A_f0.9_move__baldwinian__s28,A_f0.9_move__baldwinian,A_f0.9_move,A,baldwinian,28,100,train,50,0.78,10,10,85.40001554330615,0.8333333333333334,0.5,adaptive_move,0.55625,0.07093666564178178,0.14571940104166647,349.0,17.0,24.0,428.0,77.0,3.0,0.0,0.0,37.0,1.0,5.0,25.0,10.0,0.0,0.0,0.0,0.0,0.0,5.0,25.0,0.0,0.0,0.0,0.0
A_f0.9_move__baldwinian__s28,A_f0.9_move__baldwinian,A_f0.9_move,A,baldwinian,28,150,train,50,0.8,9,9,69.28843527930276,0.8541666666666666,0.5,adaptive_move,0.575,0.0638317478269913,0.13449074074074052,525.0,20.0,43.0,662.0,91.0,4.0,0.0,0.0,58.0,1.0,7.0,37.0,14.0,0.0,0.0,0.0,0.0,0.0,7.0,37.0,0.0,0.0,0.0,0.0
A_f0.9_move__baldwinian__s28,A_f0.9_move__baldwinian,A_f0.9_move,A,baldwinian,28,200,train,50,0.76,8,8,82.64336873612663,0.875,0.5,adaptive_move,0.56875,0.07766577693684298,0.14494437172774877,350.0,22.0,25.0,475.0,37.0,3.0,0.0,0.0,48.0,0.0,0.0,30.0,13.0,0.0,0.0,0.0,0.0,0.0,0.0,30.0,0.0,0.0,0.0,0.0
A_f0.9_move__baldwinian__s28,A_f0.9_move__baldwinian,A_f0.9_move,A,baldwinian,28,250,train,50,0.78,12,12,108.96593846101172,0.7083333333333334,0.5,adaptive_move,0.53125,0.0693811569667596,0.13495523872679027,414.0,22.0,31.0,540.0,50.0,4.0,0.0,0.0,51.0,2.0,7.0,20.0,19.0,0.0,0.0,0.0,0.0,0.0,7.0,20.0,0.0,0.0,0.0,0.0
A_f0.9_move__baldwinian__s28,A_f0.9_move__baldwinian,A_f0.9_move,A,baldwinian,28,300,train,50,0.78,6,6,100.05516216598734,0.8125,0.5,adaptive_move,0.50625,0.0836246496817816,0.15526739690721647,416.0,17.0,33.0,729.0,28.0,0.0,0.0,0.0,53.0,1.0,6.0,32.0,13.0,0.0,0.0,0.0,0.0,0.0,6.0,32.0,0.0,0.0,0.0,0.0
A_f0.9_move__baldwinian__s28,A_f0.9_move__baldwinian,A_f0.9_move,A,baldwinian,28,350,train,50,0.78,8,8,124.12238421804481,0.7083333333333334,0.5,adaptive_move,0.51875,0.06586145775439416,0.12812500000000004,584.0,33.0,23.0,548.0,107.0,6.0,0.0,0.0,61.0,1.0,2.0,17.0,9.0,0.0,0.0,0.0,0.0,0.0,2.0,17.0,0.0,0.0,0.0,0.0
A_f0.9_move__baldwinian__s28,A_f0.9_move__baldwinian,A_f0.9_move,A,baldwinian,28,400,train,50,0.78,13,13,97.70390658841836,0.6875,0.5,adaptive_move,0.55,0.05553411847216326,0.11221746575342473,345.0,27.0,28.0,670.0,141.0,5.0,0.0,0.0,33.0,1.0,9.0,34.0,13.0,0.0,0.0,0.0,0.0,0.0,9.0,34.0,0.0,0.0,0.0,0.0
A_f0.9_move__baldwinian__s28,A_f0.9_move__baldwinian,A_f0.9_move,A,baldwinian,28,450,train,50,0.78,10,10,78.26760312322595,0.9166666666666666,0.5,adaptive_move,0.5875,0.10297948324715187,0.18727842298288477,435.0,18.0,27.0,595.0,116.0,9.0,0.0,0.0,55.0,1.0,7.0,27.0,19.0,0.0,0.0,0.0,0.0,0.0,7.0,27.0,0.0,0.0,0.0,0.0
A_f0.9_move__baldwinian__s28,A_f0.9_move__baldwinian,A_f0.9_move,A,baldwinian,28,500,train,46,1.2173913043478262,16,20,62.09374387849608,0.875,0.5,adaptive_move,0.56875,0.09928192899922399,0.17759639303482588,425.0,13.0,29.0,502.0,68.0,2.0,0.0,0.0,72.0,1.0,7.0,19.0,18.0,0.0,0.0,0.0,0.0,0.0,7.0,19.0,0.0,0.0,0.0,0.0
A_f0.9_move__baldwinian__s28,A_f0.9_move__baldwinian,A_f0.9_move,A,baldwinian,28,550,train,50,1.66,26,22,80.10766304786415,0.8333333333333334,0.5,adaptive_move,0.6,0.12093196739786245,0.1894579238329237,250.0,12.0,17.0,221.0,44.0,1.0,0.0,0.0,58.0,2.0,0.0,28.0,18.0,0.0,0.0,0.0,0.0,0.0,0.0,28.0,0.0,0.0,0.0,0.0
A_f0.9_move__baldwinian__s28,A_f0.9_move__baldwinian,A_f0.9_move,A,baldwinian,28,600,train,49,1.7551020408163265,19,20,74.82399564189654,0.8125,0.5,adaptive_move,0.55625,0.08111361173285853,0.1462532722513088,338.0,20.0,23.0,391.0,29.0,1.0,0.0,0.0,52.0,0.0,3.0,26.0,12.0,0.0,0.0,0.0,0.0,0.0,3.0,26.0,0.0,0.0,0.0,0.0
A_f0.9_move__baldwinian__s28,A_f0.9_move__baldwinian,A_f0.9_move,A,baldwinian,28,650,train,50,1.86,13,12,118.31846448611131,0.7083333333333334,0.5,adaptive_move,0.5125,0.057750840431457215,0.12576239946380707,366.0,16.0,24.0,506.0,24.0,2.0,0.0,0.0,50.0,3.0,3.0,22.0,10.0,2.0,0.0,0.0,0.0,0.0,3.0,22.0,0.0,0.0,0.0,0.0
A_f0.9_move__baldwinian__s28,A_f0.9_move__baldwinian,A_f0.9_move,A,baldwinian,28,700,train,50,1.92,19,19,70.07835034476355,0.8958333333333334,0.5,adaptive_move,0.55625,0.07344056494280429,0.15639349489795906,331.0,12.0,31.0,492.0,38.0,2.0,0.0,0.0,46.0,3.0,2.0,45.0,10.0,1.0,0.0,0.0,0.0,0.0,2.0,45.0,0.0,0.0,0.0,0.0
A_f0.9_move__baldwinian__s28,A_f0.9_move__baldwinian,A_f0.9_move,A,baldwinian,28,750,train,50,1.96,9,9,66.20594518095768,0.9375,0.5,adaptive_move,0.50625,0.08938888770660128,0.16630537974683546,332.0,21.0,19.0,400.0,88.0,6.0,0.0,0.0,49.0,0.0,3.0,26.0,21.0,3.0,0.0,0.0,0.0,0.0,3.0,26.0,0.0,0.0,0.0,0.0
A_f0.9_move__baldwinian__s28,A_f0.9_move__baldwinian,A_f0.9_move,A,baldwinian,28,800,train,50,2.16,20,20,116.79323322163955,0.75,0.5,adaptive_move,0.53125,0.13414054379400636,0.20725686157517864,296.0,16.0,38.0,455.0,112.0,4.0,0.0,0.0,42.0,0.0,5.0,26.0,17.0,1.0,0.0,0.0,0.0,0.0,5.0,26.0,0.0,0.0,0.0,0.0
A_f0.9_move__baldwinian__s28,A_f0.9_move__baldwinian,A_f0.9_move,A,baldwinian,28,850,train,50,2.12,12,12,76.4011214882309,0.8541666666666666,0.5,adaptive_move,0.54375,0.052972728360737735,0.1192060810810811,453.0,18.0,19.0,444.0,170.0,8.0,0.0,0.0,61.0,0.0,3.0,28.0,21.0,0.0,0.0,0.0,0.0,0.0,3.0,28.0,0.0,0.0,0.0,0.0
A_f0.9_move__baldwinian__s28,A_f0.9_move__baldwinian,A_f0.9_move,A,baldwinian,28,900,train,50,2.24,21,21,84.69524531995046,0.8541666666666666,0.5,adaptive_move,0.6125,0.139798483640453,0.23677455357142874,295.0,16.0,23.0,469.0,129.0,9.0,0.0,0.0,46.0,1.0,3.0,40.0,16.0,0.0,0.0,0.0,0.0,0.0,3.0,40.0,0.0,0.0,0.0,0.0
A_f0.9_move__baldwinian__s28,A_f0.9_move__baldwinian,A_f0.9_move,A,baldwinian,28,950,train,50,2.52,22,22,76.65476708806463,0.8958333333333334,0.5,adaptive_move,0.5125,0.0683664531269203,0.1320583333333334,320.0,22.0,24.0,432.0,99.0,4.0,0.0,0.0,50.0,2.0,2.0,26.0,12.0,0.0,0.0,0.0,0.0,0.0,2.0,26.0,0.0,0.0,0.0,0.0
A_f0.9_move__baldwinian__s28,A_f0.9_move__baldwinian,A_f0.9_move,A,baldwinian,28,1000,train,50,2.78,15,15,84.66696596025041,0.7708333333333334,0.5,adaptive_move,0.5375,0.09355513679813417,0.16981783919597992,393.0,14.0,20.0,477.0,83.0,5.0,0.0,0.0,58.0,0.0,4.0,32.0,15.0,0.0,0.0,0.0,0.0,0.0,4.0,32.0,0.0,0.0,0.0,0.0
A_f0.9_move__baldwinian__s28,A_f0.9_move__baldwinian,A_f0.9_move,A,baldwinian,28,1050,train,50,2.86,17,17,61.59224358338831,0.8958333333333334,0.5,adaptive_move,0.525,0.08498382919331496,0.17042187499999994,321.0,25.0,16.0,361.0,16.0,0.0,0.0,0.0,71.0,3.0,3.0,26.0,13.0,0.0,0.0,0.0,0.0,0.0,3.0,26.0,0.0,0.0,0.0,0.0
A_f0.9_move__baldwinian__s28,A_f0.9_move__baldwinian,A_f0.9_move,A,baldwinian,28,1100,train,50,3.08,25,25,82.57938614416898,0.8333333333333334,0.5,adaptive_move,0.55,0.11676105114911968,0.18624228395061726,295.0,15.0,19.0,295.0,43.0,1.0,0.0,0.0,49.0,3.0,7.0,25.0,15.0,0.0,0.0,0.0,0.0,0.0,7.0,25.0,0.0,0.0,0.0,0.0
A_f0.9_move__baldwinian__s28,A_f0.9_move__baldwinian,A_f0.9_move,A,baldwinian,28,1150,train,50,3.26,21,21,93.47241001009539,0.7708333333333334,0.5,adaptive_move,0.55625,0.07399700712669391,0.14827110389610354,380.0,19.0,19.0,476.0,130.0,7.0,0.0,0.0,36.0,1.0,2.0,39.0,13.0,1.0,0.0,0.0,0.0,0.0,2.0,39.0,0.0,0.0,0.0,0.0
A_f0.9_move__baldwinian__s28,A_f0.9_move__baldwinian,A_f0.9_move,A,baldwinian,28,1200,train,50,3.42,22,22,81.33240949200955,0.875,0.5,adaptive_move,0.575,0.07146371989191991,0.1493943798449613,378.0,16.0,20.0,568.0,39.0,4.0,0.0,0.0,44.0,2.0,4.0,45.0,12.0,1.0,0.0,0.0,0.0,0.0,4.0,45.0,0.0,0.0,0.0,0.0
A_f0.9_move__baldwinian__s28,A_f0.9_move__baldwinian,A_f0.9_move,A,baldwinian,28,1250,train,50,3.48,15,15,67.73523443008418,0.8333333333333334,0.5,adaptive_move,0.5625,0.05347620406789254,0.12084737196765505,457.0,24.0,23.0,475.0,95.0,6.0,0.0,0.0,58.0,3.0,4.0,21.0,18.0,2.0,0.0,0.0,0.0,0.0,4.0,21.0,0.0,0.0,0.0,0.0
A_f0.9_move__baldwinian__s28,A_f0.9_move__baldwinian,A_f0.9_move,A,baldwinian,28,1300,train,50,3.62,14,14,71.8066595708548,0.8958333333333334,0.5,adaptive_move,0.4875,0.09367408917618412,0.16838699494949494,331.0,19.0,14.0,280.0,89.0,3.0,0.0,0.0,54.0,3.0,2.0,23.0,13.0,1.0,0.0,0.0,0.0,0.0,2.0,23.0,0.0,0.0,0.0,0.0
A_f0.9_move__baldwinian__s28,A_f0.9_move__baldwinian,A_f0.9_move,A,baldwinian,28,1350,train,50,3.62,12,12,81.60070604232783,0.8125,0.5,adaptive_move,0.53125,0.08899087535636445,0.15808965295629807,317.0,23.0,14.0,225.0,75.0,1.0,0.0,0.0,51.0,1.0,5.0,18.0,18.0,0.0,0.0,0.0,0.0,0.0,5.0,18.0,0.0,0.0,0.0,0.0
A_f0.9_move__baldwinian__s28,A_f0.9_move__baldwinian,A_f0.9_move,A,baldwinian,28,1400,train,50,3.68,17,17,128.61910082958536,0.6458333333333334,0.5,adaptive_move,0.59375,0.09010387300010524,0.14821662303664906,401.0,17.0,8.0,239.0,105.0,5.0,0.0,0.0,38.0,1.0,0.0,19.0,17.0,0.0,0.0,0.0,0.0,0.0,0.0,19.0,0.0,0.0,0.0,0.0
A_f0.9_move__baldwinian__s28,A_f0.9_move__baldwinian,A_f0.9_move,A,baldwinian,28,1450,train,50,3.9,20,20,96.49653745921518,0.7708333333333334,0.5,adaptive_move,0.55625,0.10943583561098053,0.15993878865979383,439.0,19.0,31.0,615.0,97.0,8.0,0.0,0.0,51.0,4.0,3.0,38.0,15.0,3.0,0.0,0.0,0.0,0.0,3.0,38.0,0.0,0.0,0.0,0.0
A_f0.9_move__baldwinian__s28,A_f0.9_move__baldwinian,A_f0.9_move,A,baldwinian,28,1500,train,50,3.98,12,12,90.61335962633969,0.8333333333333334,0.5,adaptive_move,0.54375,0.10885162223327036,0.17201704545454555,410.0,16.0,12.0,368.0,88.0,9.0,0.0,0.0,44.0,0.0,3.0,29.0,12.0,0.0,0.0,0.0,0.0,0.0,3.0,29.0,0.0,0.0,0.0,0.0
A_f0.9_move__baldwinian__s28,A_f0.9_move__baldwinian,A_f0.9_move,A,baldwinian,28,1550,eval,50,4.12,25,25,93.70878539178094,0.7708333333333334,0.5,adaptive_move,0.495,0.0,0.0,488.0,28.0,19.0,351.0,22.0,0.0,1.0,25.0,44.0,2.0,3.0,32.0,5.0,0.0,0.0,1.0,0.0,0.0,3.0,32.0,0.0,0.0,0.0,1.0
A_f0.9_move__baldwinian__s28,A_f0.9_move__baldwinian,A_f0.9_move,A,baldwinian,28,1600,eval,50,4.24,32,32,133.881844009791,0.75,0.5,adaptive_move,0.525,0.0,0.0,363.0,16.0,15.0,326.0,84.0,5.0,5.0,67.0,37.0,0.0,1.0,31.0,6.0,0.0,0.0,10.0,0.0,0.0,1.0,31.0,0.0,0.0,0.0,10.0
A_f0.9_move__baldwinian__s28,A_f0.9_move__baldwinian,A_f0.9_move,A,baldwinian,28,1650,eval,50,4.48,16,16,180.1734422273277,0.4791666666666667,0.5,adaptive_move,0.485,0.0,0.0,613.0,38.0,24.0,401.0,30.0,2.0,1.0,52.0,39.0,5.0,1.0,22.0,5.0,0.0,1.0,2.0,0.0,0.0,1.0,22.0,0.0,0.0,1.0,2.0
A_f0.9_move__baldwinian__s28,A_f0.9_move__baldwinian,A_f0.9_move,A,baldwinian,28,1700,eval,50,4.56,11,11,156.51840590231734,0.6666666666666666,0.5,adaptive_move,0.51,0.0,0.0,684.0,40.0,12.0,354.0,37.0,3.0,5.0,37.0,52.0,1.0,3.0,22.0,9.0,0.0,0.0,4.0,0.0,0.0,3.0,22.0,0.0,0.0,0.0,4.0
A_f0.9_move__baldwinian__s28,A_f0.9_move__baldwinian,A_f0.9_move,A,baldwinian,28,1750,eval,50,4.66,13,13,207.28145968460726,0.4583333333333333,0.5,adaptive_move,0.43,0.0,0.0,444.0,32.0,23.0,467.0,89.0,10.0,3.0,35.0,37.0,5.0,3.0,19.0,11.0,0.0,1.0,0.0,0.0,0.0,3.0,19.0,0.0,0.0,1.0,0.0
A_f0.9_move__baldwinian__s28,A_f0.9_move__baldwinian,A_f0.9_move,A,baldwinian,28,1800,eval,50,4.7,8,8,151.94628665781372,0.6041666666666666,0.5,adaptive_move,0.455,0.0,0.0,535.0,23.0,18.0,408.0,147.0,11.0,3.0,49.0,38.0,0.0,1.0,30.0,6.0,1.0,2.0,4.0,0.0,0.0,1.0,30.0,0.0,0.0,2.0,4.0
A_f0.9_move__baldwinian__s29,A_f0.9_move__baldwinian,A_f0.9_move,A,baldwinian,29,50,train,50,0.78,35,5,67.76747957777543,0.8333333333333334,0.5,adaptive_move,0.54375,0.07036235828888017,0.13387632978723407,224.0,10.0,15.0,303.0,104.0,12.0,0.0,0.0,30.0,1.0,1.0,52.0,26.0,2.0,0.0,0.0,0.0,0.0,1.0,52.0,0.0,0.0,0.0,0.0
A_f0.9_move__baldwinian__s29,A_f0.9_move__baldwinian,A_f0.9_move,A,baldwinian,29,100,train,50,0.86,15,15,73.38687333600225,0.8541666666666666,0.5,adaptive_move,0.55,0.06405693610669913,0.13645283641160977,283.0,13.0,11.0,336.0,143.0,0.0,0.0,0.0,50.0,3.0,5.0,33.0,14.0,0.0,0.0,0.0,0.0,0.0,5.0,33.0,0.0,0.0,0.0,0.0
A_f0.9_move__baldwinian__s29,A_f0.9_move__baldwinian,A_f0.9_move,A,baldwinian,29,150,train,50,0.84,16,16,128.1244135142428,0.7083333333333334,0.5,adaptive_move,0.5375,0.1346871165407803,0.1904706790123456,406.0,22.0,30.0,406.0,129.0,6.0,0.0,0.0,42.0,2.0,2.0,26.0,29.0,3.0,0.0,0.0,0.0,0.0,2.0,26.0,0.0,0.0,0.0,0.0
A_f0.9_move__baldwinian__s29,A_f0.9_move__baldwinian,A_f0.9_move,A,baldwinian,29,200,train,50,0.96,15,15,57.39214348934233,0.9166666666666666,0.5,adaptive_move,0.45,0.08816148797183168,0.16036604859335046,346.0,21.0,11.0,275.0,80.0,2.0,0.0,0.0,51.0,2.0,1.0,28.0,22.0,1.0,0.0,0.0,0.0,0.0,1.0,28.0,0.0,0.0,0.0,0.0
A_f0.9_move__baldwinian__s29,A_f0.9_move__baldwinian,A_f0.9_move,A,baldwinian,29,250,train,50,1.24,14,14,83.58347143110227,0.875,0.5,adaptive_move,0.5125,0.09024913599417292,0.16652689873417725,362.0,15.0,12.0,286.0,161.0,8.0,0.0,0.0,56.0,0.0,1.0,15.0,24.0,2.0,0.0,0.0,0.0,0.0,1.0,15.0,0.0,0.0,0.0,0.0
A_f0.9_move__baldwinian__s29,A_f0.9_move__baldwinian,A_f0.9_move,A,baldwinian,29,300,train,50,1.16,13,13,43.654574126955524,0.9583333333333334,0.5,adaptive_move,0.54375,0.0602288785047733,0.13866164921465973,440.0,16.0,21.0,450.0,141.0,7.0,0.0,0.0,65.0,0.0,4.0,25.0,22.0,3.0,0.0,0.0,0.0,0.0,4.0,25.0,0.0,0.0,0.0,0.0
A_f0.9_move__baldwinian__s29,A_f0.9_move__baldwinian,A_f0.9_move,A,baldwinian,29,350,train,50,1.32,14,14,90.8579078671274,0.875,0.5,adaptive_move,0.55625,0.151413277969849,0.22550029002320193,395.0,21.0,28.0,419.0,97.0,6.0,0.0,0.0,54.0,1.0,7.0,23.0,16.0,2.0,0.0,0.0,0.0,0.0,7.0,23.0,0.0,0.0,0.0,0.0
A_f0.9_move__baldwinian__s29,A_f0.9_move__baldwinian,A_f0.9_move,A,baldwinian,29,400,train,50,1.4,17,17,78.82655662661392,0.8333333333333334,0.5,adaptive_move,0.55625,0.074820742700046,0.15071866925064592,329.0,20.0,16.0,295.0,157.0,9.0,0.0,0.0,56.0,2.0,5.0,24.0,27.0,1.0,0.0,0.0,0.0,0.0,5.0,24.0,0.0,0.0,0.0,0.0
A_f0.9_move__baldwinian__s29,A_f0.9_move__baldwinian,A_f0.9_move,A,baldwinian,29,450,train,50,1.38,17,17,94.28329592046147,0.7916666666666666,0.5,adaptive_move,0.50625,0.09028700021398703,0.16803977272727288,262.0,14.0,18.0,281.0,215.0,16.0,0.0,0.0,48.0,1.0,3.0,26.0,23.0,1.0,0.0,0.0,0.0,0.0,3.0,26.0,0.0,0.0,0.0,0.0
A_f0.9_move__baldwinian__s29,A_f0.9_move__baldwinian,A_f0.9_move,A,baldwinian,29,500,train,46,1.8478260869565217,25,29,51.3910596268938,0.9375,0.5,adaptive_move,0.59375,0.09227277047745717,0.16998583123425726,274.0,18.0,22.0,428.0,104.0,2.0,0.0,0.0,42.0,2.0,4.0,27.0,23.0,0.0,0.0,0.0,0.0,0.0,4.0,27.0,0.0,0.0,0.0,0.0
A_f0.9_move__baldwinian__s29,A_f0.9_move__baldwinian,A_f0.9_move,A,baldwinian,29,550,train,46,2.0217391304347827,18,18,86.43968461637766,0.8541666666666666,0.5,adaptive_move,0.55,0.08001924621115415,0.14992694805194784,450.0,23.0,21.0,372.0,150.0,6.0,0.0,0.0,52.0,3.0,7.0,25.0,24.0,1.0,0.0,0.0,0.0,0.0,7.0,25.0,0.0,0.0,0.0,0.0
A_f0.9_move__baldwinian__s29,A_f0.9_move__baldwinian,A_f0.9_move,A,baldwinian,29,600,train,50,2.26,21,17,60.53858561654871,0.8958333333333334,0.5,adaptive_move,0.55,0.07718899753781458,0.14190789473684196,294.0,16.0,19.0,474.0,134.0,5.0,0.0,0.0,44.0,3.0,0.0,35.0,17.0,1.0,0.0,0.0,0.0,0.0,0.0,35.0,0.0,0.0,0.0,0.0
A_f0.9_move__baldwinian__s29,A_f0.9_move__baldwinian,A_f0.9_move,A,baldwinian,29,650,train,49,2.4489795918367347,19,20,62.9210227168694,0.8958333333333334,0.5,adaptive_move,0.525,0.06050901677654752,0.1311003989361701,339.0,18.0,29.0,514.0,146.0,10.0,0.0,0.0,45.0,2.0,5.0,33.0,21.0,3.0,0.0,0.0,0.0,0.0,5.0,33.0,0.0,0.0,0.0,0.0
A_f0.9_move__baldwinian__s29,A_f0.9_move__baldwinian,A_f0.9_move,A,baldwinian,29,700,train,39,2.41025641025641,11,21,55.35105275953812,0.9583333333333334,0.5,adaptive_move,0.575,0.059553951638809804,0.13205404509283802,335.0,17.0,23.0,340.0,69.0,3.0,0.0,0.0,50.0,0.0,4.0,35.0,19.0,0.0,0.0,0.0,0.0,0.0,4.0,35.0,0.0,0.0,0.0,0.0
A_f0.9_move__baldwinian__s29,A_f0.9_move__baldwinian,A_f0.9_move,A,baldwinian,29,750,train,30,2.3666666666666667,11,20,160.59131451900157,0.625,0.5,adaptive_move,0.51875,0.05511762889034867,0.10851411845730041,256.0,18.0,18.0,331.0,49.0,4.0,0.0,0.0,26.0,3.0,6.0,34.0,14.0,1.0,0.0,0.0,0.0,0.0,6.0,34.0,0.0,0.0,0.0,0.0
A_f0.9_move__baldwinian__s29,A_f0.9_move__baldwinian,A_f0.9_move,A,baldwinian,29,800,train,45,2.8444444444444446,27,12,79.708473366674,0.8958333333333334,0.5,adaptive_move,0.49375,0.03367378810669767,0.07514367816091938,347.0,18.0,22.0,364.0,68.0,0.0,0.0,0.0,45.0,4.0,4.0,29.0,30.0,0.0,0.0,0.0,0.0,0.0,4.0,29.0,0.0,0.0,0.0,0.0
A_f0.9_move__baldwinian__s29,A_f0.9_move__baldwinian,A_f0.9_move,A,baldwinian,29,850,train,42,2.8333333333333335,13,16,50.4210750510787,0.9375,0.5,adaptive_move,0.6,0.08964537226890457,0.1509114583333333,302.0,18.0,20.0,321.0,131.0,9.0,0.0,0.0,40.0,2.0,3.0,40.0,22.0,2.0,0.0,0.0,0.0,0.0,3.0,40.0,0.0,0.0,0.0,0.0
A_f0.9_move__baldwinian__s29,A_f0.9_move__baldwinian,A_f0.9_move,A,baldwinian,29,900,train,29,3.2413793103448274,8,21,142.710017914454,0.7083333333333334,0.5,adaptive_move,0.50625,0.05475292542388936,0.1155568801089919,202.0,8.0,14.0,226.0,107.0,5.0,0.0,0.0,38.0,1.0,5.0,33.0,25.0,1.0,0.0,0.0,0.0,0.0,5.0,33.0,0.0,0.0,0.0,0.0
A_f0.9_move__baldwinian__s29,A_f0.9_move__baldwinian,A_f0.9_move,A,baldwinian,29,950,train,50,3.66,34,13,78.68077927905799,0.8541666666666666,0.5,adaptive_move,0.48125,0.061392911266421976,0.1043750000000001,323.0,21.0,20.0,329.0,54.0,3.0,0.0,0.0,44.0,4.0,4.0,31.0,22.0,2.0,0.0,0.0,0.0,0.0,4.0,31.0,0.0,0.0,0.0,0.0
A_f0.9_move__baldwinian__s29,A_f0.9_move__baldwinian,A_f0.9_move,A,baldwinian,29,1000,train,50,3.74,11,11,45.69319845050501,0.9375,0.5,adaptive_move,0.55625,0.0748340840263555,0.13821097883597866,344.0,16.0,17.0,348.0,59.0,9.0,0.0,0.0,41.0,3.0,3.0,29.0,26.0,5.0,0.0,0.0,0.0,0.0,3.0,29.0,0.0,0.0,0.0,0.0
A_f0.9_move__baldwinian__s29,A_f0.9_move__baldwinian,A_f0.9_move,A,baldwinian,29,1050,train,47,3.6382978723404253,15,18,49.47459061337303,0.8958333333333334,0.5,adaptive_move,0.5625,0.05101215094034828,0.11574388586956519,299.0,20.0,15.0,241.0,96.0,7.0,0.0,0.0,51.0,3.0,5.0,15.0,25.0,0.0,0.0,0.0,0.0,0.0,5.0,15.0,0.0,0.0,0.0,0.0
A_f0.9_move__baldwinian__s29,A_f0.9_move__baldwinian,A_f0.9_move,A,baldwinian,29,1100,train,33,3.484848484848485,5,19,75.31139955521813,0.9166666666666666,0.5,adaptive_move,0.55,0.0746574153101886,0.15157860824742264,265.0,11.0,16.0,260.0,53.0,1.0,0.0,0.0,39.0,2.0,1.0,25.0,21.0,0.0,0.0,0.0,0.0,0.0,1.0,25.0,0.0,0.0,0.0,0.0
A_f0.9_move__baldwinian__s29,A_f0.9_move__baldwinian,A_f0.9_move,A,baldwinian,29,1150,train,36,3.8055555555555554,18,15,103.35960768587708,0.8125,0.5,adaptive_move,0.525,0.05490734772003002,0.10478704986149578,221.0,10.0,15.0,285.0,57.0,4.0,0.0,0.0,44.0,4.0,4.0,26.0,22.0,0.0,0.0,0.0,0.0,0.0,4.0,26.0,0.0,0.0,0.0,0.0
A_f0.9_move__baldwinian__s29,A_f0.9_move__baldwinian,A_f0.9_move,A,baldwinian,29,1200,train,46,4.130434782608695,24,14,84.94499344849194,0.875,0.5,adaptive_move,0.5375,0.07748456890270174,0.14520615183246077,221.0,11.0,20.0,376.0,130.0,7.0,0.0,0.0,61.0,1.0,4.0,30.0,19.0,0.0,0.0,0.0,0.0,0.0,4.0,30.0,0.0,0.0,0.0,0.0
A_f0.9_move__baldwinian__s29,A_f0.9_move__baldwinian,A_f0.9_move,A,baldwinian,29,1250,train,48,4.291666666666667,17,15,61.52459971522124,0.9166666666666666,0.5,adaptive_move,0.5625,0.08346031523116422,0.1650726010101009,344.0,20.0,13.0,244.0,91.0,9.0,0.0,0.0,64.0,3.0,3.0,20.0,20.0,1.0,0.0,0.0,0.0,0.0,3.0,20.0,0.0,0.0,0.0,0.0
A_f0.9_move__baldwinian__s29,A_f0.9_move__baldwinian,A_f0.9_move,A,baldwinian,29,1300,train,47,4.23404255319149,16,17,73.57967323725344,0.8541666666666666,0.5,adaptive_move,0.56875,0.08577717163833476,0.1599504475703326,274.0,7.0,19.0,342.0,122.0,7.0,0.0,0.0,53.0,1.0,4.0,29.0,18.0,0.0,0.0,0.0,0.0,0.0,4.0,29.0,0.0,0.0,0.0,0.0
A_f0.9_move__baldwinian__s29,A_f0.9_move__baldwinian,A_f0.9_move,A,baldwinian,29,1350,train,40,4.25,12,19,95.29899739430539,0.8333333333333334,0.5,adaptive_move,0.575,0.09374684817697626,0.16369579081632635,291.0,17.0,21.0,336.0,137.0,6.0,0.0,0.0,34.0,2.0,3.0,35.0,24.0,1.0,0.0,0.0,0.0,0.0,3.0,35.0,0.0,0.0,0.0,0.0
A_f0.9_move__baldwinian__s29,A_f0.9_move__baldwinian,A_f0.9_move,A,baldwinian,29,1400,train,43,4.930232558139535,24,21,97.71638480841803,0.7083333333333334,0.5,adaptive_move,0.53125,0.04797656623058141,0.10324619113573408,325.0,18.0,19.0,358.0,101.0,4.0,0.0,0.0,29.0,0.0,2.0,44.0,23.0,1.0,0.0,0.0,0.0,0.0,2.0,44.0,0.0,0.0,0.0,0.0
A_f0.9_move__baldwinian__s29,A_f0.9_move__baldwinian,A_f0.9_move,A,baldwinian,29,1450,train,49,5.285714285714286,26,20,92.55648073129917,0.8333333333333334,0.5,adaptive_move,0.50625,0.06272156634046887,0.1152151639344261,431.0,16.0,15.0,515.0,164.0,5.0,0.0,0.0,40.0,0.0,3.0,42.0,27.0,0.0,0.0,0.0,0.0,0.0,3.0,42.0,0.0,0.0,0.0,0.0
A_f0.9_move__baldwinian__s29,A_f0.9_move__baldwinian,A_f0.9_move,A,baldwinian,29,1500,train,50,5.28,18,17,59.33201441369238,0.9375,0.5,adaptive_move,0.575,0.08312671477773341,0.15806089743589724,242.0,15.0,21.0,376.0,80.0,2.0,0.0,0.0,32.0,2.0,4.0,32.0,22.0,1.0,0.0,0.0,0.0,0.0,4.0,32.0,0.0,0.0,0.0,0.0
A_f0.9_move__baldwinian__s29,A_f0.9_move__baldwinian,A_f0.9_move,A,baldwinian,29,1550,eval,48,5.541666666666667,24,26,121.2773994081683,0.75,0.5,adaptive_move,0.51,0.0,0.0,349.0,15.0,20.0,398.0,35.0,5.0,1.0,26.0,27.0,0.0,2.0,27.0,8.0,0.0,1.0,8.0,0.0,0.0,2.0,27.0,0.0,0.0,1.0,8.0
A_f0.9_move__baldwinian__s29,A_f0.9_move__baldwinian,A_f0.9_move,A,baldwinian,29,1600,eval,48,5.541666666666667,17,17,184.03433604018318,0.5833333333333334,0.5,adaptive_move,0.505,0.0,0.0,430.0,16.0,19.0,264.0,38.0,1.0,4.0,91.0,38.0,2.0,2.0,26.0,8.0,0.0,0.0,7.0,0.0,0.0,2.0,26.0,0.0,0.0,0.0,7.0
A_f0.9_move__baldwinian__s29,A_f0.9_move__baldwinian,A_f0.9_move,A,baldwinian,29,1650,eval,50,5.82,20,18,140.38411267489272,0.6458333333333334,0.5,adaptive_move,0.465,0.0,0.0,509.0,23.0,19.0,448.0,55.0,5.0,4.0,64.0,34.0,4.0,2.0,30.0,4.0,0.0,0.0,13.0,0.0,0.0,2.0,30.0,0.0,0.0,0.0,13.0
A_f0.9_move__baldwinian__s29,A_f0.9_move__baldwinian,A_f0.9_move,A,baldwinian,29,1700,eval,50,5.78,8,8,210.05937162868244,0.5416666666666666,0.5,adaptive_move,0.5,0.0,0.0,454.0,24.0,26.0,432.0,59.0,3.0,5.0,121.0,37.0,2.0,3.0,19.0,6.0,0.0,0.0,8.0,0.0,0.0,3.0,19.0,0.0,0.0,0.0,8.0
A_f0.9_move__baldwinian__s29,A_f0.9_move__baldwinian,A_f0.9_move,A,baldwinian,29,1750,eval,50,5.78,10,10,187.90485582739134,0.4791666666666667,0.5,adaptive_move,0.55,0.0,0.0,328.0,19.0,25.0,434.0,112.0,6.0,6.0,229.0,19.0,4.0,1.0,26.0,7.0,0.0,1.0,8.0,0.0,0.0,1.0,26.0,0.0,0.0,1.0,8.0
A_f0.9_move__baldwinian__s29,A_f0.9_move__baldwinian,A_f0.9_move,A,baldwinian,29,1800,eval,50,5.86,10,10,217.9467855839663,0.4166666666666667,0.5,adaptive_move,0.485,0.0,0.0,399.0,20.0,21.0,400.0,172.0,9.0,4.0,119.0,23.0,1.0,0.0,18.0,6.0,1.0,0.0,7.0,0.0,0.0,0.0,18.0,0.0,0.0,0.0,7.0
A_f0.9_move__baldwinian__s30,A_f0.9_move__baldwinian,A_f0.9_move,A,baldwinian,30,50,train,50,0.68,30,0,141.50951328174136,0.6875,0.5,adaptive_move,0.5,0.045753067144974395,0.08780984419263427,153.0,3.0,13.0,250.0,86.0,8.0,0.0,0.0,23.0,1.0,2.0,33.0,21.0,3.0,0.0,0.0,0.0,0.0,2.0,33.0,0.0,0.0,0.0,0.0
A_f0.9_move__baldwinian__s30,A_f0.9_move__baldwinian,A_f0.9_move,A,baldwinian,30,100,train,50,0.74,11,11,105.08989868266568,0.8125,0.5,adaptive_move,0.54375,0.08906543586211542,0.1571738431876606,249.0,17.0,14.0,338.0,82.0,3.0,0.0,0.0,33.0,3.0,3.0,34.0,19.0,0.0,0.0,0.0,0.0,0.0,3.0,34.0,0.0,0.0,0.0,0.0
A_f0.9_move__baldwinian__s30,A_f0.9_move__baldwinian,A_f0.9_move,A,baldwinian,30,150,train,50,0.72,11,11,86.67216652595275,0.8541666666666666,0.5,adaptive_move,0.5125,0.09884985033149281,0.18195812807881784,548.0,29.0,31.0,539.0,35.0,2.0,0.0,0.0,62.0,0.0,2.0,28.0,12.0,0.0,0.0,0.0,0.0,0.0,2.0,28.0,0.0,0.0,0.0,0.0
A_f0.9_move__baldwinian__s30,A_f0.9_move__baldwinian,A_f0.9_move,A,baldwinian,30,200,train,50,0.86,22,22,83.28162217645092,0.8541666666666666,0.5,adaptive_move,0.56875,0.07769657659547156,0.17391738329238327,348.0,20.0,25.0,559.0,111.0,4.0,0.0,0.0,31.0,2.0,3.0,36.0,28.0,0.0,0.0,0.0,0.0,0.0,3.0,36.0,0.0,0.0,0.0,0.0
A_f0.9_move__baldwinian__s30,A_f0.9_move__baldwinian,A_f0.9_move,A,baldwinian,30,250,train,50,0.92,11,11,58.66907368069377,0.9583333333333334,0.5,adaptive_move,0.56875,0.10817863146902049,0.19129409975669098,328.0,15.0,24.0,404.0,74.0,8.0,0.0,0.0,55.0,1.0,4.0,23.0,25.0,1.0,0.0,0.0,0.0,0.0,4.0,23.0,0.0,0.0,0.0,0.0
A_f0.9_move__baldwinian__s30,A_f0.9_move__baldwinian,A_f0.9_move,A,baldwinian,30,300,train,50,0.96,11,11,78.93945950163426,0.8333333333333334,0.5,adaptive_move,0.55,0.08162534762253751,0.1468097258485641,418.0,26.0,23.0,370.0,110.0,4.0,0.0,0.0,44.0,3.0,9.0,21.0,30.0,0.0,0.0,0.0,0.0,0.0,9.0,21.0,0.0,0.0,0.0,0.0
A_f0.9_move__baldwinian__s30,A_f0.9_move__baldwinian,A_f0.9_move,A,baldwinian,30,350,train,50,1.0,11,11,97.93658023093992,0.7916666666666666,0.5,adaptive_move,0.56875,0.06509968814545893,0.13252992021276588,397.0,26.0,22.0,487.0,73.0,5.0,0.0,0.0,55.0,3.0,3.0,27.0,16.0,3.0,0.0,0.0,0.0,0.0,3.0,27.0,0.0,0.0,0.0,0.0
A_f0.9_move__baldwinian__s30,A_f0.9_move__baldwinian,A_f0.9_move,A,baldwinian,30,400,train,50,0.98,7,7,62.13525554249212,0.9166666666666666,0.5,adaptive_move,0.55625,0.06308886185776111,0.13539742744063354,313.0,14.0,19.0,638.0,83.0,3.0,0.0,0.0,51.0,1.0,2.0,24.0,29.0,0.0,0.0,0.0,0.0,0.0,2.0,24.0,0.0,0.0,0.0,0.0
A_f0.9_move__baldwinian__s30,A_f0.9_move__baldwinian,A_f0.9_move,A,baldwinian,30,450,train,50,1.0,9,9,100.01499984404137,0.8333333333333334,0.5,adaptive_move,0.54375,0.04652712538912839,0.10274411357340729,345.0,20.0,29.0,500.0,41.0,1.0,0.0,0.0,50.0,1.0,7.0,18.0,16.0,1.0,0.0,0.0,0.0,0.0,7.0,18.0,0.0,0.0,0.0,0.0
A_f0.9_move__baldwinian__s30,A_f0.9_move__baldwinian,A_f0.9_move,A,baldwinian,30,500,train,50,1.28,18,18,69.87475021435435,0.8958333333333334,0.5,adaptive_move,0.55625,0.0976826112307187,0.18240939803439815,367.0,17.0,28.0,480.0,66.0,4.0,0.0,0.0,68.0,1.0,6.0,25.0,22.0,0.0,0.0,0.0,0.0,0.0,6.0,25.0,0.0,0.0,0.0,0.0
A_f0.9_move__baldwinian__s30,A_f0.9_move__baldwinian,A_f0.9_move,A,baldwinian,30,550,train,50,1.68,28,28,67.71775076417333,0.875,0.5,adaptive_move,0.56875,0.0845004179126857,0.15544458762886593,242.0,16.0,27.0,453.0,56.0,5.0,0.0,0.0,30.0,3.0,4.0,45.0,22.0,1.0,0.0,0.0,0.0,0.0,4.0,45.0,0.0,0.0,0.0,0.0
A_f0.9_move__baldwinian__s30,A_f0.9_move__baldwinian,A_f0.9_move,A,baldwinian,30,600,train,50,1.82,21,21,83.37273474562616,0.8958333333333334,0.5,adaptive_move,0.56875,0.08656440690892209,0.16308047073791343,330.0,14.0,18.0,380.0,69.0,5.0,0.0,0.0,40.0,0.0,5.0,42.0,15.0,0.0,0.0,0.0,0.0,0.0,5.0,42.0,0.0,0.0,0.0,0.0
A_f0.9_move__baldwinian__s30,A_f0.9_move__baldwinian,A_f0.9_move,A,baldwinian,30,650,train,50,2.0,15,15,73.12273350807364,0.875,0.5,adaptive_move,0.49375,0.11575414040564576,0.19476638349514586,365.0,27.0,19.0,380.0,125.0,9.0,0.0,0.0,60.0,3.0,4.0,25.0,26.0,1.0,0.0,0.0,0.0,0.0,4.0,25.0,0.0,0.0,0.0,0.0
A_f0.9_move__baldwinian__s30,A_f0.9_move__baldwinian,A_f0.9_move,A,baldwinian,30,700,train,50,1.98,22,22,69.68350282048195,0.9375,0.5,adaptive_move,0.54375,0.09484939498801037,0.18328737745098045,373.0,15.0,20.0,538.0,99.0,3.0,0.0,0.0,46.0,3.0,3.0,29.0,23.0,0.0,0.0,0.0,0.0,0.0,3.0,29.0,0.0,0.0,0.0,0.0
A_f0.9_move__baldwinian__s30,A_f0.9_move__baldwinian,A_f0.9_move,A,baldwinian,30,750,train,50,2.0,17,17,125.10531310381243,0.7083333333333334,0.5,adaptive_move,0.5875,0.08622010864985319,0.15454618863049085,476.0,24.0,26.0,433.0,155.0,14.0,0.0,0.0,43.0,4.0,4.0,30.0,10.0,2.0,0.0,0.0,0.0,0.0,4.0,30.0,0.0,0.0,0.0,0.0
A_f0.9_move__baldwinian__s30,A_f0.9_move__baldwinian,A_f0.9_move,A,baldwinian,30,800,train,50,2.08,9,9,128.47040475766508,0.7708333333333334,0.5,adaptive_move,0.5375,0.09001021587682016,0.13644166666666657,371.0,20.0,12.0,250.0,104.0,4.0,0.0,0.0,61.0,1.0,1.0,25.0,15.0,0.0,0.0,0.0,0.0,0.0,1.0,25.0,0.0,0.0,0.0,0.0
A_f0.9_move__baldwinian__s30,A_f0.9_move__baldwinian,A_f0.9_move,A,baldwinian,30,850,train,50,2.16,13,13,140.69186823932637,0.625,0.5,adaptive_move,0.53125,0.07018280851465927,0.12864443699731898,435.0,25.0,24.0,459.0,73.0,5.0,0.0,0.0,36.0,2.0,6.0,18.0,21.0,1.0,0.0,0.0,0.0,0.0,6.0,18.0,0.0,0.0,0.0,0.0
A_f0.9_move__baldwinian__s30,A_f0.9_move__baldwinian,A_f0.9_move,A,baldwinian,30,900,train,50,2.38,13,13,86.41290248492015,0.7916666666666666,0.5,adaptive_move,0.625,0.06562927768501386,0.12977941176470575,375.0,22.0,22.0,360.0,131.0,2.0,0.0,0.0,60.0,4.0,2.0,26.0,19.0,0.0,0.0,0.0,0.0,0.0,2.0,26.0,0.0,0.0,0.0,0.0
A_f0.9_move__baldwinian__s30,A_f0.9_move__baldwinian,A_f0.9_move,A,baldwinian,30,950,train,50,2.48,10,10,109.19307937398828,0.6666666666666666,0.5,adaptive_move,0.49375,0.08585276212978891,0.1615274234693873,373.0,18.0,25.0,369.0,106.0,3.0,0.0,0.0,43.0,0.0,7.0,26.0,18.0,0.0,0.0,0.0,0.0,0.0,7.0,26.0,0.0,0.0,0.0,0.0
A_f0.9_move__baldwinian__s30,A_f0.9_move__baldwinian,A_f0.9_move,A,baldwinian,30,1000,train,50,2.68,17,17,81.64759174594329,0.8958333333333334,0.5,adaptive_move,0.55,0.08115806560978257,0.1594068877551018,456.0,24.0,23.0,477.0,108.0,3.0,0.0,0.0,58.0,3.0,6.0,26.0,28.0,0.0,0.0,0.0,0.0,0.0,6.0,26.0,0.0,0.0,0.0,0.0
A_f0.9_move__baldwinian__s30,A_f0.9_move__baldwinian,A_f0.9_move,A,baldwinian,30,1050,train,50,2.76,11,11,55.769670581274,0.9166666666666666,0.5,adaptive_move,0.58125,0.13965805462834813,0.23690011160714297,237.0,12.0,15.0,377.0,91.0,10.0,0.0,0.0,62.0,0.0,4.0,32.0,18.0,0.0,0.0,0.0,0.0,0.0,4.0,32.0,0.0,0.0,0.0,0.0
A_f0.9_move__baldwinian__s30,A_f0.9_move__baldwinian,A_f0.9_move,A,baldwinian,30,1100,train,50,2.8,18,18,78.13290539977797,0.8125,0.5,adaptive_move,0.575,0.12258739055436918,0.20045713429256606,294.0,13.0,29.0,391.0,65.0,7.0,0.0,0.0,50.0,1.0,6.0,27.0,11.0,1.0,0.0,0.0,0.0,0.0,6.0,27.0,0.0,0.0,0.0,0.0
A_f0.9_move__baldwinian__s30,A_f0.9_move__baldwinian,A_f0.9_move,A,baldwinian,30,1150,train,50,2.9,17,17,101.26566973365293,0.7916666666666666,0.5,adaptive_move,0.5375,0.07058547175382218,0.13578415119363396,268.0,22.0,20.0,368.0,41.0,1.0,0.0,0.0,45.0,2.0,2.0,32.0,16.0,1.0,0.0,0.0,0.0,0.0,2.0,32.0,0.0,0.0,0.0,0.0
A_f0.9_move__baldwinian__s30,A_f0.9_move__baldwinian,A_f0.9_move,A,baldwinian,30,1200,train,50,3.02,25,25,122.7375395766783,0.75,0.5,adaptive_move,0.5625,0.09697744841664618,0.1719692211055277,312.0,11.0,19.0,277.0,110.0,8.0,0.0,0.0,41.0,4.0,5.0,16.0,15.0,0.0,0.0,0.0,0.0,0.0,5.0,16.0,0.0,0.0,0.0,0.0
A_f0.9_move__baldwinian__s30,A_f0.9_move__baldwinian,A_f0.9_move,A,baldwinian,30,1250,train,50,3.12,9,9,160.73376689160744,0.5208333333333334,0.5,adaptive_move,0.55,0.07165195627252978,0.13741732804232787,238.0,12.0,31.0,542.0,84.0,3.0,0.0,0.0,26.0,1.0,7.0,25.0,14.0,1.0,0.0,0.0,0.0,0.0,7.0,25.0,0.0,0.0,0.0,0.0
A_f0.9_move__baldwinian__s30,A_f0.9_move__baldwinian,A_f0.9_move,A,baldwinian,30,1300,train,50,3.32,20,20,87.84522324608021,0.8541666666666666,0.5,adaptive_move,0.48125,0.07851884774421306,0.14203947368421055,361.0,18.0,21.0,470.0,124.0,5.0,0.0,0.0,47.0,1.0,2.0,46.0,25.0,1.0,0.0,0.0,0.0,0.0,2.0,46.0,0.0,0.0,0.0,0.0
A_f0.9_move__baldwinian__s30,A_f0.9_move__baldwinian,A_f0.9_move,A,baldwinian,30,1350,train,50,3.66,17,17,94.42496407964745,0.7291666666666666,0.5,adaptive_move,0.48125,0.054421564044024415,0.10849690082644625,492.0,25.0,30.0,467.0,87.0,7.0,0.0,0.0,38.0,2.0,1.0,38.0,22.0,0.0,0.0,0.0,0.0,0.0,1.0,38.0,0.0,0.0,0.0,0.0
A_f0.9_move__baldwinian__s30,A_f0.9_move__baldwinian,A_f0.9_move,A,baldwinian,30,1400,train,50,3.66,9,9,96.84201791625017,0.75,0.5,adaptive_move,0.55,0.07775000063778292,0.15202680878552965,440.0,26.0,21.0,503.0,79.0,4.0,0.0,0.0,46.0,4.0,2.0,23.0,14.0,0.0,0.0,0.0,0.0,0.0,2.0,23.0,0.0,0.0,0.0,0.0
A_f0.9_move__baldwinian__s30,A_f0.9_move__baldwinian,A_f0.9_move,A,baldwinian,30,1450,train,50,3.74,14,14,44.106564535297814,0.9583333333333334,0.5,adaptive_move,0.6,0.06951816752367393,0.14226112565445015,338.0,18.0,31.0,416.0,146.0,6.0,0.0,0.0,64.0,2.0,6.0,23.0,21.0,0.0,0.0,0.0,0.0,0.0,6.0,23.0,0.0,0.0,0.0,0.0
A_f0.9_move__baldwinian__s30,A_f0.9_move__baldwinian,A_f0.9_move,A,baldwinian,30,1500,train,50,3.74,13,13,80.84944700142904,0.8125,0.5,adaptive_move,0.56875,0.09447266922226658,0.18339700488997512,348.0,15.0,35.0,550.0,108.0,8.0,0.0,0.0,42.0,2.0,9.0,33.0,19.0,1.0,0.0,0.0,0.0,0.0,9.0,33.0,0.0,0.0,0.0,0.0
A_f0.9_move__baldwinian__s30,A_f0.9_move__baldwinian,A_f0.9_move,A,baldwinian,30,1550,eval,50,3.74,22,22,88.52874919192365,0.8958333333333334,0.5,adaptive_move,0.505,0.0,0.0,360.0,29.0,31.0,401.0,37.0,3.0,3.0,63.0,51.0,3.0,5.0,27.0,12.0,0.0,1.0,8.0,0.0,0.0,5.0,27.0,0.0,0.0,1.0,8.0
A_f0.9_move__baldwinian__s30,A_f0.9_move__baldwinian,A_f0.9_move,A,baldwinian,30,1600,eval,50,3.7,22,22,141.47934431064164,0.7083333333333334,0.5,adaptive_move,0.525,0.0,0.0,367.0,14.0,26.0,400.0,92.0,3.0,1.0,82.0,36.0,0.0,6.0,27.0,17.0,1.0,1.0,5.0,0.0,0.0,6.0,27.0,0.0,0.0,1.0,5.0
A_f0.9_move__baldwinian__s30,A_f0.9_move__baldwinian,A_f0.9_move,A,baldwinian,30,1650,eval,50,3.78,14,14,127.25723586950366,0.6875,0.5,adaptive_move,0.485,0.0,0.0,430.0,18.0,24.0,450.0,92.0,5.0,8.0,134.0,40.0,2.0,5.0,29.0,6.0,1.0,1.0,16.0,0.0,0.0,5.0,29.0,0.0,0.0,1.0,16.0
A_f0.9_move__baldwinian__s30,A_f0.9_move__baldwinian,A_f0.9_move,A,baldwinian,30,1700,eval,50,4.02,21,21,206.82834642649195,0.4791666666666667,0.5,adaptive_move,0.54,0.0,0.0,365.0,21.0,15.0,337.0,160.0,10.0,4.0,82.0,30.0,0.0,0.0,26.0,10.0,0.0,1.0,2.0,0.0,0.0,0.0,26.0,0.0,0.0,1.0,2.0
A_f0.9_move__baldwinian__s30,A_f0.9_move__baldwinian,A_f0.9_move,A,baldwinian,30,1750,eval,50,4.16,15,15,216.6178499309239,0.4791666666666667,0.5,adaptive_move,0.5,0.0,0.0,615.0,30.0,17.0,378.0,57.0,3.0,3.0,106.0,43.0,5.0,3.0,26.0,6.0,0.0,1.0,7.0,0.0,0.0,3.0,26.0,0.0,0.0,1.0,7.0
A_f0.9_move__baldwinian__s30,A_f0.9_move__baldwinian,A_f0.9_move,A,baldwinian,30,1800,eval,50,4.24,5,5,225.85794104134806,0.4375,0.5,adaptive_move,0.49,0.0,0.0,461.0,28.0,25.0,495.0,75.0,2.0,2.0,30.0,43.0,0.0,0.0,17.0,1.0,0.0,0.0,4.0,0.0,0.0,0.0,17.0,0.0,0.0,0.0,4.0
