run_id,cell_id,condition,family,inheritance_mode,seed,window_end_tick,phase,population,mean_generation,births,deaths,total_stock,suppressed_fraction,coverage_realised,opportunities__train__m0__c0,opportunities__train__m0__c1,opportunities__train__m1__c0,opportunities__train__m1__c1,opportunities__heldout__m0__c0,opportunities__heldout__m0__c1,opportunities__heldout__m1__c0,opportunities__heldout__m1__c1,defections__train__m0__c0,defections__train__m0__c1,defections__train__m1__c0,defections__train__m1__c1,defections__heldout__m0__c0,defections__heldout__m0__c1,defections__heldout__m1__c0,defections__heldout__m1__c1,penalties__train__m0__c0,penalties__train__m0__c1,penalties__train__m1__c0,penalties__train__m1__c1,penalties__heldout__m0__c0,penalties__heldout__m0__c1,penalties__heldout__m1__c0,penalties__heldout__m1__c1
C3_f0.7__baldwinian__s1,C3_f0.7__baldwinian,C3_f0.7,C3,baldwinian,1,50,train,50,0.7,33,3,80.74822053990225,0.875,0.5,255.0,48.0,38.0,204.0,84.0,11.0,0.0,0.0,44.0,6.0,5.0,34.0,21.0,1.0,0.0,0.0,0.0,0.0,5.0,34.0,0.0,0.0,0.0,0.0
C3_f0.7__baldwinian__s1,C3_f0.7__baldwinian,C3_f0.7,C3,baldwinian,1,100,train,50,0.82,13,13,59.42847814144018,0.8958333333333334,0.5,270.0,43.0,46.0,239.0,66.0,12.0,0.0,0.0,40.0,6.0,7.0,24.0,15.0,2.0,0.0,0.0,0.0,0.0,7.0,24.0,0.0,0.0,0.0,0.0
C3_f0.7__baldwinian__s1,C3_f0.7__baldwinian,C3_f0.7,C3,baldwinian,1,150,train,50,0.86,14,14,51.93487688292711,0.9166666666666666,0.5,282.0,55.0,69.0,375.0,113.0,18.0,0.0,0.0,39.0,6.0,21.0,25.0,25.0,1.0,0.0,0.0,0.0,0.0,21.0,25.0,0.0,0.0,0.0,0.0
C3_f0.7__baldwinian__s1,C3_f0.7__baldwinian,C3_f0.7,C3,baldwinian,1,200,train,49,0.9591836734693877,17,18,91.86941726062085,0.7708333333333334,0.5,328.0,50.0,42.0,263.0,105.0,20.0,0.0,0.0,51.0,1.0,9.0,22.0,13.0,5.0,0.0,0.0,0.0,0.0,9.0,22.0,0.0,0.0,0.0,0.0
C3_f0.7__baldwinian__s1,C3_f0.7__baldwinian,C3_f0.7,C3,baldwinian,1,250,train,43,1.069767441860465,16,22,91.8011157889935,0.8125,0.5,213.0,33.0,72.0,348.0,66.0,11.0,0.0,0.0,38.0,6.0,13.0,29.0,19.0,1.0,0.0,0.0,0.0,0.0,13.0,29.0,0.0,0.0,0.0,0.0
C3_f0.7__baldwinian__s1,C3_f0.7__baldwinian,C3_f0.7,C3,baldwinian,1,300,train,48,1.2708333333333333,26,21,64.88673219202933,0.9166666666666666,0.5,430.0,80.0,56.0,303.0,57.0,4.0,0.0,0.0,61.0,6.0,7.0,30.0,15.0,1.0,0.0,0.0,0.0,0.0,7.0,30.0,0.0,0.0,0.0,0.0
C3_f0.7__baldwinian__s1,C3_f0.7__baldwinian,C3_f0.7,C3,baldwinian,1,350,train,49,1.4489795918367347,15,14,60.69368476868149,0.875,0.5,223.0,30.0,51.0,269.0,41.0,4.0,0.0,0.0,28.0,2.0,7.0,36.0,12.0,2.0,0.0,0.0,0.0,0.0,7.0,36.0,0.0,0.0,0.0,0.0
C3_f0.7__baldwinian__s1,C3_f0.7__baldwinian,C3_f0.7,C3,baldwinian,1,400,train,41,1.6585365853658536,10,18,97.04622935073431,0.8125,0.5,306.0,55.0,54.0,332.0,100.0,19.0,0.0,0.0,49.0,6.0,8.0,26.0,16.0,2.0,0.0,0.0,0.0,0.0,8.0,26.0,0.0,0.0,0.0,0.0
C3_f0.7__baldwinian__s1,C3_f0.7__baldwinian,C3_f0.7,C3,baldwinian,1,450,train,46,1.9782608695652173,18,13,70.76667624159057,0.8541666666666666,0.5,380.0,53.0,79.0,458.0,109.0,13.0,0.0,0.0,58.0,5.0,11.0,21.0,22.0,2.0,0.0,0.0,0.0,0.0,11.0,21.0,0.0,0.0,0.0,0.0
C3_f0.7__baldwinian__s1,C3_f0.7__baldwinian,C3_f0.7,C3,baldwinian,1,500,train,42,2.2857142857142856,15,19,74.86984098482105,0.875,0.5,321.0,73.0,98.0,421.0,51.0,7.0,0.0,0.0,42.0,6.0,15.0,30.0,11.0,1.0,0.0,0.0,0.0,0.0,15.0,30.0,0.0,0.0,0.0,0.0
C3_f0.7__baldwinian__s1,C3_f0.7__baldwinian,C3_f0.7,C3,baldwinian,1,550,train,50,2.58,27,19,132.764249192883,0.7083333333333334,0.5,345.0,67.0,41.0,288.0,100.0,25.0,0.0,0.0,36.0,7.0,5.0,34.0,10.0,0.0,0.0,0.0,0.0,0.0,5.0,34.0,0.0,0.0,0.0,0.0
C3_f0.7__baldwinian__s1,C3_f0.7__baldwinian,C3_f0.7,C3,baldwinian,1,600,train,50,2.72,16,16,101.41149350509238,0.7708333333333334,0.5,332.0,49.0,90.0,482.0,95.0,18.0,0.0,0.0,31.0,7.0,17.0,34.0,12.0,3.0,0.0,0.0,0.0,0.0,17.0,34.0,0.0,0.0,0.0,0.0
C3_f0.7__baldwinian__s1,C3_f0.7__baldwinian,C3_f0.7,C3,baldwinian,1,650,train,50,2.48,21,21,74.09819727311603,0.8541666666666666,0.5,452.0,90.0,57.0,368.0,96.0,18.0,0.0,0.0,37.0,10.0,11.0,26.0,14.0,2.0,0.0,0.0,0.0,0.0,11.0,26.0,0.0,0.0,0.0,0.0
C3_f0.7__baldwinian__s1,C3_f0.7__baldwinian,C3_f0.7,C3,baldwinian,1,700,train,50,2.56,12,12,95.07228233628815,0.8125,0.5,449.0,86.0,58.0,310.0,56.0,7.0,0.0,0.0,46.0,10.0,8.0,17.0,11.0,2.0,0.0,0.0,0.0,0.0,8.0,17.0,0.0,0.0,0.0,0.0
C3_f0.7__baldwinian__s1,C3_f0.7__baldwinian,C3_f0.7,C3,baldwinian,1,750,train,50,2.76,20,20,72.31335005214399,0.8125,0.5,298.0,53.0,70.0,368.0,51.0,12.0,0.0,0.0,43.0,8.0,9.0,32.0,17.0,3.0,0.0,0.0,0.0,0.0,9.0,32.0,0.0,0.0,0.0,0.0
C3_f0.7__baldwinian__s1,C3_f0.7__baldwinian,C3_f0.7,C3,baldwinian,1,800,train,50,2.96,17,17,89.05923985919097,0.8333333333333334,0.5,350.0,62.0,60.0,359.0,47.0,14.0,0.0,0.0,39.0,9.0,11.0,28.0,17.0,3.0,0.0,0.0,0.0,0.0,11.0,28.0,0.0,0.0,0.0,0.0
C3_f0.7__baldwinian__s1,C3_f0.7__baldwinian,C3_f0.7,C3,baldwinian,1,850,train,50,3.2,20,20,103.0032776109258,0.7708333333333334,0.5,484.0,89.0,67.0,406.0,68.0,19.0,0.0,0.0,41.0,7.0,9.0,30.0,16.0,6.0,0.0,0.0,0.0,0.0,9.0,30.0,0.0,0.0,0.0,0.0
C3_f0.7__baldwinian__s1,C3_f0.7__baldwinian,C3_f0.7,C3,baldwinian,1,900,train,50,3.12,21,21,81.23630587885866,0.8541666666666666,0.5,314.0,62.0,65.0,396.0,64.0,21.0,0.0,0.0,42.0,7.0,8.0,25.0,14.0,4.0,0.0,0.0,0.0,0.0,8.0,25.0,0.0,0.0,0.0,0.0
C3_f0.7__baldwinian__s1,C3_f0.7__baldwinian,C3_f0.7,C3,baldwinian,1,950,train,50,3.38,22,22,65.29184806759449,0.9166666666666666,0.5,330.0,64.0,78.0,447.0,123.0,21.0,0.0,0.0,41.0,8.0,9.0,34.0,5.0,4.0,0.0,0.0,0.0,0.0,9.0,34.0,0.0,0.0,0.0,0.0
C3_f0.7__baldwinian__s1,C3_f0.7__baldwinian,C3_f0.7,C3,baldwinian,1,1000,train,50,3.52,12,12,75.44737476967009,0.8125,0.5,362.0,56.0,37.0,263.0,113.0,20.0,0.0,0.0,44.0,5.0,7.0,18.0,14.0,3.0,0.0,0.0,0.0,0.0,7.0,18.0,0.0,0.0,0.0,0.0
C3_f0.7__baldwinian__s1,C3_f0.7__baldwinian,C3_f0.7,C3,baldwinian,1,1050,train,50,3.74,17,17,79.82203343767466,0.8333333333333334,0.5,285.0,52.0,69.0,355.0,112.0,15.0,0.0,0.0,38.0,7.0,9.0,25.0,6.0,1.0,0.0,0.0,0.0,0.0,9.0,25.0,0.0,0.0,0.0,0.0
C3_f0.7__baldwinian__s1,C3_f0.7__baldwinian,C3_f0.7,C3,baldwinian,1,1100,train,50,3.96,17,17,101.643954806759,0.7708333333333334,0.5,293.0,57.0,54.0,303.0,79.0,24.0,0.0,0.0,28.0,9.0,11.0,26.0,17.0,2.0,0.0,0.0,0.0,0.0,11.0,26.0,0.0,0.0,0.0,0.0
C3_f0.7__baldwinian__s1,C3_f0.7__baldwinian,C3_f0.7,C3,baldwinian,1,1150,train,50,4.0,15,15,84.01902189932237,0.8125,0.5,335.0,55.0,89.0,459.0,70.0,14.0,0.0,0.0,42.0,5.0,13.0,35.0,11.0,2.0,0.0,0.0,0.0,0.0,13.0,35.0,0.0,0.0,0.0,0.0
C3_f0.7__baldwinian__s1,C3_f0.7__baldwinian,C3_f0.7,C3,baldwinian,1,1200,train,50,4.12,18,18,66.23835735774486,0.8541666666666666,0.5,337.0,62.0,74.0,363.0,65.0,10.0,0.0,0.0,51.0,6.0,8.0,21.0,16.0,2.0,0.0,0.0,0.0,0.0,8.0,21.0,0.0,0.0,0.0,0.0
C3_f0.7__baldwinian__s1,C3_f0.7__baldwinian,C3_f0.7,C3,baldwinian,1,1250,train,50,4.06,10,10,62.05731682847543,0.8541666666666666,0.5,369.0,66.0,63.0,340.0,31.0,7.0,0.0,0.0,57.0,5.0,9.0,19.0,13.0,2.0,0.0,0.0,0.0,0.0,9.0,19.0,0.0,0.0,0.0,0.0
C3_f0.7__baldwinian__s1,C3_f0.7__baldwinian,C3_f0.7,C3,baldwinian,1,1300,train,50,4.24,19,19,85.43588891908088,0.8125,0.5,365.0,45.0,81.0,361.0,111.0,9.0,0.0,0.0,53.0,3.0,12.0,23.0,15.0,0.0,0.0,0.0,0.0,0.0,12.0,23.0,0.0,0.0,0.0,0.0
C3_f0.7__baldwinian__s1,C3_f0.7__baldwinian,C3_f0.7,C3,baldwinian,1,1350,train,50,4.28,15,15,79.99857217582887,0.8125,0.5,300.0,44.0,66.0,391.0,139.0,17.0,0.0,0.0,50.0,2.0,7.0,17.0,23.0,2.0,0.0,0.0,0.0,0.0,7.0,17.0,0.0,0.0,0.0,0.0
C3_f0.7__baldwinian__s1,C3_f0.7__baldwinian,C3_f0.7,C3,baldwinian,1,1400,train,50,4.56,24,24,69.87654101342936,0.875,0.5,364.0,53.0,90.0,463.0,74.0,5.0,0.0,0.0,48.0,4.0,15.0,25.0,15.0,1.0,0.0,0.0,0.0,0.0,15.0,25.0,0.0,0.0,0.0,0.0
C3_f0.7__baldwinian__s1,C3_f0.7__baldwinian,C3_f0.7,C3,baldwinian,1,1450,train,50,4.74,18,18,62.96880636485899,0.8958333333333334,0.5,422.0,66.0,59.0,301.0,64.0,12.0,0.0,0.0,50.0,7.0,9.0,29.0,14.0,0.0,0.0,0.0,0.0,0.0,9.0,29.0,0.0,0.0,0.0,0.0
C3_f0.7__baldwinian__s1,C3_f0.7__baldwinian,C3_f0.7,C3,baldwinian,1,1500,train,50,4.84,16,16,87.58175944220018,0.7916666666666666,0.5,374.0,68.0,54.0,354.0,68.0,15.0,0.0,0.0,40.0,9.0,12.0,24.0,13.0,3.0,0.0,0.0,0.0,0.0,12.0,24.0,0.0,0.0,0.0,0.0
C3_f0.7__baldwinian__s1,C3_f0.7__baldwinian,C3_f0.7,C3,baldwinian,1,1550,eval,50,5.04,26,26,133.7328504452337,0.6458333333333334,0.5,378.0,68.0,42.0,290.0,22.0,3.0,7.0,70.0,32.0,2.0,11.0,30.0,5.0,1.0,2.0,2.0,0.0,0.0,11.0,30.0,0.0,0.0,2.0,2.0
C3_f0.7__baldwinian__s1,C3_f0.7__baldwinian,C3_f0.7,C3,baldwinian,1,1600,eval,50,5.16,16,16,129.48420405737812,0.75,0.5,402.0,66.0,44.0,262.0,61.0,19.0,7.0,45.0,47.0,5.0,4.0,26.0,3.0,1.0,0.0,7.0,0.0,0.0,4.0,26.0,0.0,0.0,0.0,7.0
C3_f0.7__baldwinian__s1,C3_f0.7__baldwinian,C3_f0.7,C3,baldwinian,1,1650,eval,50,5.26,13,13,109.85804620017038,0.7291666666666666,0.5,467.0,83.0,61.0,319.0,107.0,26.0,13.0,80.0,42.0,5.0,10.0,23.0,5.0,3.0,0.0,5.0,0.0,0.0,10.0,23.0,0.0,0.0,0.0,5.0
C3_f0.7__baldwinian__s1,C3_f0.7__baldwinian,C3_f0.7,C3,baldwinian,1,1700,eval,50,5.26,14,14,182.61055847800387,0.5416666666666666,0.5,450.0,73.0,71.0,424.0,116.0,27.0,14.0,75.0,30.0,4.0,10.0,20.0,5.0,2.0,3.0,6.0,0.0,0.0,10.0,20.0,0.0,0.0,3.0,6.0
C3_f0.7__baldwinian__s1,C3_f0.7__baldwinian,C3_f0.7,C3,baldwinian,1,1750,eval,50,5.28,9,9,189.0826450126325,0.4791666666666667,0.5,514.0,88.0,96.0,532.0,59.0,16.0,7.0,72.0,28.0,3.0,7.0,15.0,9.0,2.0,2.0,6.0,0.0,0.0,7.0,15.0,0.0,0.0,2.0,6.0
C3_f0.7__baldwinian__s1,C3_f0.7__baldwinian,C3_f0.7,C3,baldwinian,1,1800,eval,50,5.32,8,8,221.27973504892898,0.3541666666666667,0.5,541.0,112.0,106.0,577.0,46.0,8.0,9.0,62.0,21.0,6.0,9.0,20.0,1.0,0.0,3.0,2.0,0.0,0.0,9.0,20.0,0.0,0.0,3.0,2.0
C3_f0.7__baldwinian__s2,C3_f0.7__baldwinian,C3_f0.7,C3,baldwinian,2,50,train,50,0.68,33,3,77.76154167166878,0.8333333333333334,0.5,179.0,31.0,26.0,176.0,67.0,11.0,0.0,0.0,34.0,5.0,3.0,41.0,23.0,2.0,0.0,0.0,0.0,0.0,3.0,41.0,0.0,0.0,0.0,0.0
C3_f0.7__baldwinian__s2,C3_f0.7__baldwinian,C3_f0.7,C3,baldwinian,2,100,train,50,0.72,6,6,99.55080029713464,0.8541666666666666,0.5,282.0,56.0,57.0,350.0,61.0,12.0,0.0,0.0,46.0,9.0,8.0,22.0,20.0,1.0,0.0,0.0,0.0,0.0,8.0,22.0,0.0,0.0,0.0,0.0
C3_f0.7__baldwinian__s2,C3_f0.7__baldwinian,C3_f0.7,C3,baldwinian,2,150,train,50,0.88,19,19,73.0183234756506,0.8958333333333334,0.5,280.0,51.0,58.0,332.0,71.0,12.0,0.0,0.0,43.0,4.0,8.0,38.0,19.0,1.0,0.0,0.0,0.0,0.0,8.0,38.0,0.0,0.0,0.0,0.0
C3_f0.7__baldwinian__s2,C3_f0.7__baldwinian,C3_f0.7,C3,baldwinian,2,200,train,50,1.12,19,19,79.9445688503147,0.8125,0.5,337.0,61.0,62.0,320.0,105.0,26.0,0.0,0.0,38.0,6.0,8.0,27.0,14.0,6.0,0.0,0.0,0.0,0.0,8.0,27.0,0.0,0.0,0.0,0.0
C3_f0.7__baldwinian__s2,C3_f0.7__baldwinian,C3_f0.7,C3,baldwinian,2,250,train,50,1.34,17,17,62.044799832134764,0.8958333333333334,0.5,293.0,48.0,73.0,413.0,92.0,23.0,0.0,0.0,45.0,4.0,10.0,31.0,10.0,3.0,0.0,0.0,0.0,0.0,10.0,31.0,0.0,0.0,0.0,0.0
C3_f0.7__baldwinian__s2,C3_f0.7__baldwinian,C3_f0.7,C3,baldwinian,2,300,train,50,1.3,19,19,86.20180329320087,0.8125,0.5,260.0,49.0,79.0,508.0,50.0,11.0,0.0,0.0,28.0,5.0,9.0,25.0,19.0,1.0,0.0,0.0,0.0,0.0,9.0,25.0,0.0,0.0,0.0,0.0
C3_f0.7__baldwinian__s2,C3_f0.7__baldwinian,C3_f0.7,C3,baldwinian,2,350,train,50,1.4,16,16,78.05603525905343,0.8333333333333334,0.5,342.0,58.0,86.0,413.0,98.0,15.0,0.0,0.0,41.0,6.0,12.0,27.0,14.0,3.0,0.0,0.0,0.0,0.0,12.0,27.0,0.0,0.0,0.0,0.0
C3_f0.7__baldwinian__s2,C3_f0.7__baldwinian,C3_f0.7,C3,baldwinian,2,400,train,50,1.44,17,17,52.58451882685378,0.9583333333333334,0.5,398.0,66.0,64.0,380.0,125.0,16.0,0.0,0.0,52.0,3.0,13.0,32.0,20.0,1.0,0.0,0.0,0.0,0.0,13.0,32.0,0.0,0.0,0.0,0.0
C3_f0.7__baldwinian__s2,C3_f0.7__baldwinian,C3_f0.7,C3,baldwinian,2,450,train,50,1.52,21,21,83.01976573997436,0.7708333333333334,0.5,378.0,63.0,57.0,266.0,98.0,15.0,0.0,0.0,34.0,4.0,4.0,32.0,13.0,0.0,0.0,0.0,0.0,0.0,4.0,32.0,0.0,0.0,0.0,0.0
C3_f0.7__baldwinian__s2,C3_f0.7__baldwinian,C3_f0.7,C3,baldwinian,2,500,train,50,1.72,16,16,78.68748005703358,0.875,0.5,317.0,61.0,57.0,358.0,190.0,32.0,0.0,0.0,38.0,7.0,12.0,29.0,26.0,6.0,0.0,0.0,0.0,0.0,12.0,29.0,0.0,0.0,0.0,0.0
C3_f0.7__baldwinian__s2,C3_f0.7__baldwinian,C3_f0.7,C3,baldwinian,2,550,train,50,1.94,25,25,53.13918262644238,0.9583333333333334,0.5,353.0,47.0,52.0,290.0,129.0,17.0,0.0,0.0,41.0,5.0,9.0,27.0,22.0,2.0,0.0,0.0,0.0,0.0,9.0,27.0,0.0,0.0,0.0,0.0
C3_f0.7__baldwinian__s2,C3_f0.7__baldwinian,C3_f0.7,C3,baldwinian,2,600,train,50,2.16,19,19,54.295148331328704,0.9166666666666666,0.5,343.0,60.0,55.0,333.0,49.0,7.0,0.0,0.0,48.0,3.0,7.0,24.0,21.0,3.0,0.0,0.0,0.0,0.0,7.0,24.0,0.0,0.0,0.0,0.0
C3_f0.7__baldwinian__s2,C3_f0.7__baldwinian,C3_f0.7,C3,baldwinian,2,650,train,50,2.42,26,26,65.78589810532672,0.8958333333333334,0.5,193.0,29.0,68.0,320.0,69.0,14.0,0.0,0.0,25.0,3.0,10.0,34.0,15.0,3.0,0.0,0.0,0.0,0.0,10.0,34.0,0.0,0.0,0.0,0.0
C3_f0.7__baldwinian__s2,C3_f0.7__baldwinian,C3_f0.7,C3,baldwinian,2,700,train,50,2.5,13,13,142.306535575707,0.6875,0.5,331.0,56.0,61.0,297.0,88.0,15.0,0.0,0.0,31.0,3.0,6.0,19.0,27.0,4.0,0.0,0.0,0.0,0.0,6.0,19.0,0.0,0.0,0.0,0.0
C3_f0.7__baldwinian__s2,C3_f0.7__baldwinian,C3_f0.7,C3,baldwinian,2,750,train,50,2.54,15,15,69.89185486585143,0.875,0.5,311.0,58.0,67.0,437.0,70.0,10.0,0.0,0.0,47.0,5.0,11.0,21.0,18.0,3.0,0.0,0.0,0.0,0.0,11.0,21.0,0.0,0.0,0.0,0.0
C3_f0.7__baldwinian__s2,C3_f0.7__baldwinian,C3_f0.7,C3,baldwinian,2,800,train,50,2.78,25,25,75.91959946443625,0.8541666666666666,0.5,365.0,46.0,43.0,286.0,86.0,12.0,0.0,0.0,42.0,5.0,7.0,42.0,17.0,3.0,0.0,0.0,0.0,0.0,7.0,42.0,0.0,0.0,0.0,0.0
C3_f0.7__baldwinian__s2,C3_f0.7__baldwinian,C3_f0.7,C3,baldwinian,2,850,train,50,2.96,14,14,72.29634636317633,0.8541666666666666,0.5,331.0,60.0,63.0,369.0,153.0,28.0,0.0,0.0,35.0,7.0,9.0,22.0,22.0,4.0,0.0,0.0,0.0,0.0,9.0,22.0,0.0,0.0,0.0,0.0
C3_f0.7__baldwinian__s2,C3_f0.7__baldwinian,C3_f0.7,C3,baldwinian,2,900,train,50,3.02,19,19,77.28834490509742,0.8541666666666666,0.5,316.0,53.0,72.0,415.0,92.0,23.0,0.0,0.0,35.0,7.0,14.0,29.0,19.0,2.0,0.0,0.0,0.0,0.0,14.0,29.0,0.0,0.0,0.0,0.0
C3_f0.7__baldwinian__s2,C3_f0.7__baldwinian,C3_f0.7,C3,baldwinian,2,950,train,50,3.24,19,19,88.74225718068436,0.8541666666666666,0.5,380.0,73.0,56.0,312.0,62.0,8.0,0.0,0.0,46.0,3.0,13.0,23.0,11.0,2.0,0.0,0.0,0.0,0.0,13.0,23.0,0.0,0.0,0.0,0.0
C3_f0.7__baldwinian__s2,C3_f0.7__baldwinian,C3_f0.7,C3,baldwinian,2,1000,train,50,3.46,20,20,61.81066675917484,0.9166666666666666,0.5,305.0,60.0,39.0,214.0,85.0,13.0,0.0,0.0,55.0,4.0,8.0,29.0,22.0,2.0,0.0,0.0,0.0,0.0,8.0,29.0,0.0,0.0,0.0,0.0
C3_f0.7__baldwinian__s2,C3_f0.7__baldwinian,C3_f0.7,C3,baldwinian,2,1050,train,50,3.66,19,19,122.74199166205854,0.6666666666666666,0.5,239.0,50.0,66.0,388.0,111.0,21.0,0.0,0.0,24.0,7.0,4.0,25.0,12.0,0.0,0.0,0.0,0.0,0.0,4.0,25.0,0.0,0.0,0.0,0.0
C3_f0.7__baldwinian__s2,C3_f0.7__baldwinian,C3_f0.7,C3,baldwinian,2,1100,train,50,3.8,14,14,81.08788667492854,0.8541666666666666,0.5,438.0,75.0,60.0,301.0,132.0,17.0,0.0,0.0,44.0,9.0,7.0,18.0,19.0,1.0,0.0,0.0,0.0,0.0,7.0,18.0,0.0,0.0,0.0,0.0
C3_f0.7__baldwinian__s2,C3_f0.7__baldwinian,C3_f0.7,C3,baldwinian,2,1150,train,50,3.8,12,12,57.06406506983578,0.9166666666666666,0.5,371.0,66.0,69.0,375.0,116.0,21.0,0.0,0.0,46.0,6.0,9.0,25.0,15.0,2.0,0.0,0.0,0.0,0.0,9.0,25.0,0.0,0.0,0.0,0.0
C3_f0.7__baldwinian__s2,C3_f0.7__baldwinian,C3_f0.7,C3,baldwinian,2,1200,train,50,4.2,19,19,115.57426912208958,0.7708333333333334,0.5,236.0,51.0,53.0,314.0,142.0,20.0,0.0,0.0,38.0,3.0,7.0,22.0,22.0,5.0,0.0,0.0,0.0,0.0,7.0,22.0,0.0,0.0,0.0,0.0
C3_f0.7__baldwinian__s2,C3_f0.7__baldwinian,C3_f0.7,C3,baldwinian,2,1250,train,50,4.24,13,13,116.58643362771093,0.7083333333333334,0.5,303.0,43.0,70.0,404.0,149.0,32.0,0.0,0.0,28.0,4.0,5.0,27.0,12.0,2.0,0.0,0.0,0.0,0.0,5.0,27.0,0.0,0.0,0.0,0.0
C3_f0.7__baldwinian__s2,C3_f0.7__baldwinian,C3_f0.7,C3,baldwinian,2,1300,train,50,4.3,10,10,77.94534873858166,0.8333333333333334,0.5,363.0,64.0,74.0,349.0,154.0,27.0,0.0,0.0,47.0,7.0,9.0,17.0,21.0,2.0,0.0,0.0,0.0,0.0,9.0,17.0,0.0,0.0,0.0,0.0
C3_f0.7__baldwinian__s2,C3_f0.7__baldwinian,C3_f0.7,C3,baldwinian,2,1350,train,50,4.32,15,15,74.92911295117972,0.8333333333333334,0.5,405.0,58.0,60.0,365.0,112.0,22.0,0.0,0.0,49.0,5.0,6.0,31.0,16.0,1.0,0.0,0.0,0.0,0.0,6.0,31.0,0.0,0.0,0.0,0.0
C3_f0.7__baldwinian__s2,C3_f0.7__baldwinian,C3_f0.7,C3,baldwinian,2,1400,train,50,4.46,13,13,72.6131032662692,0.8541666666666666,0.5,355.0,73.0,54.0,368.0,104.0,20.0,0.0,0.0,42.0,5.0,13.0,30.0,16.0,3.0,0.0,0.0,0.0,0.0,13.0,30.0,0.0,0.0,0.0,0.0
C3_f0.7__baldwinian__s2,C3_f0.7__baldwinian,C3_f0.7,C3,baldwinian,2,1450,train,50,4.48,15,15,91.22056114797107,0.8333333333333334,0.5,381.0,68.0,52.0,366.0,77.0,14.0,0.0,0.0,37.0,5.0,7.0,27.0,12.0,1.0,0.0,0.0,0.0,0.0,7.0,27.0,0.0,0.0,0.0,0.0
C3_f0.7__baldwinian__s2,C3_f0.7__baldwinian,C3_f0.7,C3,baldwinian,2,1500,train,50,4.38,11,11,135.27557243689915,0.7291666666666666,0.5,450.0,62.0,65.0,363.0,139.0,22.0,0.0,0.0,33.0,1.0,9.0,26.0,13.0,1.0,0.0,0.0,0.0,0.0,9.0,26.0,0.0,0.0,0.0,0.0
C3_f0.7__baldwinian__s2,C3_f0.7__baldwinian,C3_f0.7,C3,baldwinian,2,1550,eval,50,4.5,21,21,129.12270163171223,0.6875,0.5,321.0,51.0,84.0,464.0,111.0,23.0,5.0,49.0,31.0,6.0,13.0,26.0,6.0,0.0,2.0,2.0,0.0,0.0,13.0,26.0,0.0,0.0,2.0,2.0
C3_f0.7__baldwinian__s2,C3_f0.7__baldwinian,C3_f0.7,C3,baldwinian,2,1600,eval,50,4.8,15,15,188.31593416196193,0.5,0.5,393.0,66.0,83.0,409.0,71.0,16.0,18.0,77.0,21.0,6.0,8.0,20.0,10.0,1.0,2.0,5.0,0.0,0.0,8.0,20.0,0.0,0.0,2.0,5.0
C3_f0.7__baldwinian__s2,C3_f0.7__baldwinian,C3_f0.7,C3,baldwinian,2,1650,eval,50,4.8,9,9,175.96608016565688,0.4583333333333333,0.5,548.0,97.0,73.0,367.0,99.0,12.0,27.0,148.0,38.0,3.0,5.0,14.0,8.0,0.0,2.0,5.0,0.0,0.0,5.0,14.0,0.0,0.0,2.0,5.0
C3_f0.7__baldwinian__s2,C3_f0.7__baldwinian,C3_f0.7,C3,baldwinian,2,1700,eval,50,5.08,15,15,157.0229691019045,0.5625,0.5,504.0,80.0,60.0,394.0,69.0,11.0,14.0,100.0,29.0,5.0,4.0,20.0,5.0,2.0,4.0,6.0,0.0,0.0,4.0,20.0,0.0,0.0,4.0,6.0
C3_f0.7__baldwinian__s2,C3_f0.7__baldwinian,C3_f0.7,C3,baldwinian,2,1750,eval,50,5.12,9,9,168.90386008461599,0.5625,0.5,433.0,77.0,76.0,467.0,140.0,22.0,14.0,50.0,18.0,5.0,7.0,22.0,14.0,5.0,2.0,1.0,0.0,0.0,7.0,22.0,0.0,0.0,2.0,1.0
C3_f0.7__baldwinian__s2,C3_f0.7__baldwinian,C3_f0.7,C3,baldwinian,2,1800,eval,50,5.16,7,7,179.42306711674354,0.5208333333333334,0.5,456.0,83.0,108.0,585.0,91.0,15.0,11.0,84.0,20.0,3.0,12.0,35.0,4.0,1.0,1.0,10.0,0.0,0.0,12.0,35.0,0.0,0.0,1.0,10.0
C3_f0.7__baldwinian__s3,C3_f0.7__baldwinian,C3_f0.7,C3,baldwinian,3,50,train,50,0.8,36,6,68.22195586863639,0.875,0.5,236.0,49.0,51.0,278.0,45.0,10.0,0.0,0.0,36.0,10.0,7.0,45.0,20.0,3.0,0.0,0.0,0.0,0.0,7.0,45.0,0.0,0.0,0.0,0.0
C3_f0.7__baldwinian__s3,C3_f0.7__baldwinian,C3_f0.7,C3,baldwinian,3,100,train,38,0.868421052631579,8,20,106.08500537246326,0.8125,0.5,291.0,69.0,45.0,273.0,49.0,8.0,0.0,0.0,31.0,5.0,3.0,41.0,9.0,2.0,0.0,0.0,0.0,0.0,3.0,41.0,0.0,0.0,0.0,0.0
C3_f0.7__baldwinian__s3,C3_f0.7__baldwinian,C3_f0.7,C3,baldwinian,3,150,train,49,1.163265306122449,22,11,65.92706221478898,0.9166666666666666,0.5,456.0,75.0,80.0,422.0,60.0,12.0,0.0,0.0,52.0,9.0,17.0,21.0,12.0,9.0,0.0,0.0,0.0,0.0,17.0,21.0,0.0,0.0,0.0,0.0
C3_f0.7__baldwinian__s3,C3_f0.7__baldwinian,C3_f0.7,C3,baldwinian,3,200,train,43,1.2093023255813953,13,19,81.04052287296972,0.8125,0.5,378.0,58.0,68.0,319.0,62.0,11.0,0.0,0.0,35.0,6.0,9.0,29.0,15.0,8.0,0.0,0.0,0.0,0.0,9.0,29.0,0.0,0.0,0.0,0.0
C3_f0.7__baldwinian__s3,C3_f0.7__baldwinian,C3_f0.7,C3,baldwinian,3,250,train,50,1.24,18,11,90.02414783500721,0.8333333333333334,0.5,476.0,89.0,78.0,461.0,80.0,12.0,0.0,0.0,41.0,10.0,6.0,40.0,10.0,4.0,0.0,0.0,0.0,0.0,6.0,40.0,0.0,0.0,0.0,0.0
C3_f0.7__baldwinian__s3,C3_f0.7__baldwinian,C3_f0.7,C3,baldwinian,3,300,train,50,1.34,14,14,85.45918607756062,0.8333333333333334,0.5,329.0,56.0,76.0,344.0,102.0,14.0,0.0,0.0,48.0,6.0,10.0,22.0,17.0,2.0,0.0,0.0,0.0,0.0,10.0,22.0,0.0,0.0,0.0,0.0
C3_f0.7__baldwinian__s3,C3_f0.7__baldwinian,C3_f0.7,C3,baldwinian,3,350,train,50,1.46,19,19,47.69734524734517,0.9583333333333334,0.5,295.0,57.0,64.0,369.0,72.0,10.0,0.0,0.0,39.0,8.0,11.0,30.0,18.0,2.0,0.0,0.0,0.0,0.0,11.0,30.0,0.0,0.0,0.0,0.0
C3_f0.7__baldwinian__s3,C3_f0.7__baldwinian,C3_f0.7,C3,baldwinian,3,400,train,50,1.6,26,26,91.680306427327,0.8125,0.5,404.0,58.0,55.0,248.0,52.0,15.0,0.0,0.0,43.0,1.0,8.0,29.0,8.0,1.0,0.0,0.0,0.0,0.0,8.0,29.0,0.0,0.0,0.0,0.0
C3_f0.7__baldwinian__s3,C3_f0.7__baldwinian,C3_f0.7,C3,baldwinian,3,450,train,50,1.62,19,19,84.84183064578993,0.8125,0.5,423.0,64.0,58.0,324.0,122.0,23.0,0.0,0.0,45.0,8.0,11.0,30.0,15.0,3.0,0.0,0.0,0.0,0.0,11.0,30.0,0.0,0.0,0.0,0.0
C3_f0.7__baldwinian__s3,C3_f0.7__baldwinian,C3_f0.7,C3,baldwinian,3,500,train,45,1.8666666666666667,12,17,65.53319707168627,0.875,0.5,283.0,50.0,50.0,249.0,126.0,18.0,0.0,0.0,50.0,6.0,4.0,23.0,14.0,3.0,0.0,0.0,0.0,0.0,4.0,23.0,0.0,0.0,0.0,0.0
C3_f0.7__baldwinian__s3,C3_f0.7__baldwinian,C3_f0.7,C3,baldwinian,3,550,train,28,2.25,8,25,127.69953945276097,0.8125,0.5,210.0,41.0,34.0,181.0,68.0,11.0,0.0,0.0,35.0,5.0,10.0,27.0,16.0,1.0,0.0,0.0,0.0,0.0,10.0,27.0,0.0,0.0,0.0,0.0
C3_f0.7__baldwinian__s3,C3_f0.7__baldwinian,C3_f0.7,C3,baldwinian,3,600,train,34,2.8529411764705883,21,15,148.9138664599904,0.6666666666666666,0.5,161.0,35.0,53.0,307.0,32.0,2.0,0.0,0.0,31.0,2.0,12.0,31.0,12.0,2.0,0.0,0.0,0.0,0.0,12.0,31.0,0.0,0.0,0.0,0.0
C3_f0.7__baldwinian__s3,C3_f0.7__baldwinian,C3_f0.7,C3,baldwinian,3,650,train,48,3.1875,23,9,101.1360559151902,0.8333333333333334,0.5,262.0,44.0,70.0,297.0,110.0,12.0,0.0,0.0,39.0,5.0,9.0,31.0,18.0,1.0,0.0,0.0,0.0,0.0,9.0,31.0,0.0,0.0,0.0,0.0
C3_f0.7__baldwinian__s3,C3_f0.7__baldwinian,C3_f0.7,C3,baldwinian,3,700,train,50,3.22,16,14,67.41975760025258,0.875,0.5,380.0,74.0,61.0,395.0,66.0,18.0,0.0,0.0,54.0,5.0,9.0,32.0,12.0,1.0,0.0,0.0,0.0,0.0,9.0,32.0,0.0,0.0,0.0,0.0
C3_f0.7__baldwinian__s3,C3_f0.7__baldwinian,C3_f0.7,C3,baldwinian,3,750,train,50,3.36,18,18,57.900467142581164,0.9583333333333334,0.5,335.0,52.0,65.0,350.0,78.0,13.0,0.0,0.0,47.0,4.0,10.0,21.0,16.0,1.0,0.0,0.0,0.0,0.0,10.0,21.0,0.0,0.0,0.0,0.0
C3_f0.7__baldwinian__s3,C3_f0.7__baldwinian,C3_f0.7,C3,baldwinian,3,800,train,47,3.404255319148936,16,19,79.66307741683079,0.8541666666666666,0.5,254.0,62.0,69.0,336.0,82.0,12.0,0.0,0.0,40.0,8.0,10.0,24.0,12.0,2.0,0.0,0.0,0.0,0.0,10.0,24.0,0.0,0.0,0.0,0.0
C3_f0.7__baldwinian__s3,C3_f0.7__baldwinian,C3_f0.7,C3,baldwinian,3,850,train,50,3.44,15,12,102.36292894523227,0.7916666666666666,0.5,382.0,75.0,49.0,288.0,117.0,28.0,0.0,0.0,43.0,6.0,2.0,16.0,15.0,2.0,0.0,0.0,0.0,0.0,2.0,16.0,0.0,0.0,0.0,0.0
C3_f0.7__baldwinian__s3,C3_f0.7__baldwinian,C3_f0.7,C3,baldwinian,3,900,train,50,3.3,19,19,72.3568594904016,0.8541666666666666,0.5,316.0,49.0,52.0,341.0,110.0,24.0,0.0,0.0,50.0,5.0,8.0,26.0,16.0,2.0,0.0,0.0,0.0,0.0,8.0,26.0,0.0,0.0,0.0,0.0
C3_f0.7__baldwinian__s3,C3_f0.7__baldwinian,C3_f0.7,C3,baldwinian,3,950,train,50,3.58,16,16,57.7456213141432,0.9166666666666666,0.5,400.0,69.0,65.0,397.0,108.0,13.0,0.0,0.0,46.0,4.0,15.0,24.0,19.0,1.0,0.0,0.0,0.0,0.0,15.0,24.0,0.0,0.0,0.0,0.0
C3_f0.7__baldwinian__s3,C3_f0.7__baldwinian,C3_f0.7,C3,baldwinian,3,1000,train,50,4.06,22,22,66.54640369295203,0.8541666666666666,0.5,316.0,60.0,49.0,266.0,118.0,21.0,0.0,0.0,52.0,3.0,11.0,27.0,18.0,2.0,0.0,0.0,0.0,0.0,11.0,27.0,0.0,0.0,0.0,0.0
C3_f0.7__baldwinian__s3,C3_f0.7__baldwinian,C3_f0.7,C3,baldwinian,3,1050,train,47,4.25531914893617,15,18,80.98503444683547,0.8958333333333334,0.5,286.0,57.0,38.0,289.0,116.0,12.0,0.0,0.0,41.0,5.0,4.0,27.0,18.0,2.0,0.0,0.0,0.0,0.0,4.0,27.0,0.0,0.0,0.0,0.0
C3_f0.7__baldwinian__s3,C3_f0.7__baldwinian,C3_f0.7,C3,baldwinian,3,1100,train,30,4.466666666666667,12,29,125.04104336605464,0.7708333333333334,0.5,251.0,44.0,46.0,273.0,80.0,14.0,0.0,0.0,35.0,4.0,15.0,28.0,14.0,0.0,0.0,0.0,0.0,0.0,15.0,28.0,0.0,0.0,0.0,0.0
C3_f0.7__baldwinian__s3,C3_f0.7__baldwinian,C3_f0.7,C3,baldwinian,3,1150,train,48,5.041666666666667,29,11,82.7425651347042,0.8333333333333334,0.5,308.0,75.0,56.0,302.0,134.0,22.0,0.0,0.0,45.0,7.0,9.0,34.0,17.0,2.0,0.0,0.0,0.0,0.0,9.0,34.0,0.0,0.0,0.0,0.0
C3_f0.7__baldwinian__s3,C3_f0.7__baldwinian,C3_f0.7,C3,baldwinian,3,1200,train,50,5.1,13,11,88.2182499738847,0.8541666666666666,0.5,343.0,62.0,67.0,370.0,56.0,7.0,0.0,0.0,48.0,7.0,11.0,28.0,7.0,2.0,0.0,0.0,0.0,0.0,11.0,28.0,0.0,0.0,0.0,0.0
C3_f0.7__baldwinian__s3,C3_f0.7__baldwinian,C3_f0.7,C3,baldwinian,3,1250,train,50,5.56,23,23,72.13364840069045,0.875,0.5,336.0,68.0,65.0,336.0,115.0,29.0,0.0,0.0,38.0,8.0,9.0,31.0,14.0,3.0,0.0,0.0,0.0,0.0,9.0,31.0,0.0,0.0,0.0,0.0
C3_f0.7__baldwinian__s3,C3_f0.7__baldwinian,C3_f0.7,C3,baldwinian,3,1300,train,50,5.46,15,15,117.75139029229165,0.75,0.5,282.0,54.0,77.0,422.0,117.0,10.0,0.0,0.0,31.0,5.0,10.0,25.0,19.0,2.0,0.0,0.0,0.0,0.0,10.0,25.0,0.0,0.0,0.0,0.0
C3_f0.7__baldwinian__s3,C3_f0.7__baldwinian,C3_f0.7,C3,baldwinian,3,1350,train,50,5.6,22,22,90.32709998037683,0.7916666666666666,0.5,342.0,59.0,82.0,483.0,49.0,6.0,0.0,0.0,44.0,6.0,14.0,40.0,18.0,2.0,0.0,0.0,0.0,0.0,14.0,40.0,0.0,0.0,0.0,0.0
C3_f0.7__baldwinian__s3,C3_f0.7__baldwinian,C3_f0.7,C3,baldwinian,3,1400,train,44,5.75,12,18,75.12010955362774,0.8333333333333334,0.5,397.0,66.0,64.0,314.0,57.0,16.0,0.0,0.0,52.0,5.0,15.0,23.0,17.0,3.0,0.0,0.0,0.0,0.0,15.0,23.0,0.0,0.0,0.0,0.0
C3_f0.7__baldwinian__s3,C3_f0.7__baldwinian,C3_f0.7,C3,baldwinian,3,1450,train,37,6.054054054054054,13,20,84.00823718096296,0.875,0.5,350.0,69.0,72.0,345.0,80.0,19.0,0.0,0.0,44.0,4.0,10.0,34.0,11.0,2.0,0.0,0.0,0.0,0.0,10.0,34.0,0.0,0.0,0.0,0.0
C3_f0.7__baldwinian__s3,C3_f0.7__baldwinian,C3_f0.7,C3,baldwinian,3,1500,train,41,6.390243902439025,21,17,90.4483709915095,0.8541666666666666,0.5,240.0,41.0,33.0,209.0,55.0,8.0,0.0,0.0,50.0,5.0,4.0,31.0,14.0,2.0,0.0,0.0,0.0,0.0,4.0,31.0,0.0,0.0,0.0,0.0
C3_f0.7__baldwinian__s3,C3_f0.7__baldwinian,C3_f0.7,C3,baldwinian,3,1550,eval,35,6.571428571428571,11,17,181.8144871490262,0.5833333333333334,0.5,320.0,59.0,61.0,370.0,24.0,5.0,10.0,61.0,30.0,3.0,9.0,29.0,3.0,3.0,0.0,12.0,0.0,0.0,9.0,29.0,0.0,0.0,0.0,12.0
C3_f0.7__baldwinian__s3,C3_f0.7__baldwinian,C3_f0.7,C3,baldwinian,3,1600,eval,50,7.08,30,15,137.5706510261771,0.6666666666666666,0.5,403.0,58.0,78.0,448.0,46.0,13.0,14.0,92.0,51.0,3.0,8.0,27.0,2.0,0.0,2.0,10.0,0.0,0.0,8.0,27.0,0.0,0.0,2.0,10.0
C3_f0.7__baldwinian__s3,C3_f0.7__baldwinian,C3_f0.7,C3,baldwinian,3,1650,eval,50,7.26,14,14,150.98905173559325,0.6875,0.5,359.0,81.0,74.0,438.0,146.0,26.0,17.0,90.0,41.0,5.0,7.0,29.0,10.0,0.0,1.0,5.0,0.0,0.0,7.0,29.0,0.0,0.0,1.0,5.0
C3_f0.7__baldwinian__s3,C3_f0.7__baldwinian,C3_f0.7,C3,baldwinian,3,1700,eval,50,7.24,15,15,157.6827685321543,0.6458333333333334,0.5,409.0,75.0,71.0,425.0,147.0,32.0,24.0,104.0,33.0,5.0,7.0,24.0,11.0,4.0,2.0,9.0,0.0,0.0,7.0,24.0,0.0,0.0,2.0,9.0
C3_f0.7__baldwinian__s3,C3_f0.7__baldwinian,C3_f0.7,C3,baldwinian,3,1750,eval,50,7.36,8,8,195.21967436126167,0.4375,0.5,532.0,101.0,74.0,429.0,71.0,14.0,34.0,149.0,38.0,4.0,2.0,13.0,3.0,2.0,4.0,6.0,0.0,0.0,2.0,13.0,0.0,0.0,4.0,6.0
C3_f0.7__baldwinian__s3,C3_f0.7__baldwinian,C3_f0.7,C3,baldwinian,3,1800,eval,50,7.52,11,11,229.47032074449902,0.4583333333333333,0.5,428.0,81.0,86.0,506.0,68.0,10.0,35.0,193.0,26.0,1.0,9.0,26.0,6.0,0.0,4.0,11.0,0.0,0.0,9.0,26.0,0.0,0.0,4.0,11.0
C3_f0.7__baldwinian__s4,C3_f0.7__baldwinian,C3_f0.7,C3,baldwinian,4,50,train,48,0.7708333333333334,34,6,71.12078900045375,0.8958333333333334,0.5,194.0,35.0,41.0,224.0,94.0,16.0,0.0,0.0,38.0,8.0,9.0,47.0,15.0,5.0,0.0,0.0,0.0,0.0,9.0,47.0,0.0,0.0,0.0,0.0
C3_f0.7__baldwinian__s4,C3_f0.7__baldwinian,C3_f0.7,C3,baldwinian,4,100,train,50,0.86,13,11,89.23731542133095,0.8958333333333334,0.5,261.0,37.0,67.0,322.0,108.0,20.0,0.0,0.0,38.0,4.0,11.0,20.0,16.0,2.0,0.0,0.0,0.0,0.0,11.0,20.0,0.0,0.0,0.0,0.0
C3_f0.7__baldwinian__s4,C3_f0.7__baldwinian,C3_f0.7,C3,baldwinian,4,150,train,50,0.84,17,17,83.98466201933994,0.8541666666666666,0.5,372.0,53.0,61.0,325.0,78.0,14.0,0.0,0.0,56.0,7.0,10.0,27.0,20.0,0.0,0.0,0.0,0.0,0.0,10.0,27.0,0.0,0.0,0.0,0.0
C3_f0.7__baldwinian__s4,C3_f0.7__baldwinian,C3_f0.7,C3,baldwinian,4,200,train,50,0.9,19,19,105.31640946689586,0.7708333333333334,0.5,441.0,62.0,66.0,404.0,131.0,15.0,0.0,0.0,37.0,3.0,7.0,37.0,12.0,1.0,0.0,0.0,0.0,0.0,7.0,37.0,0.0,0.0,0.0,0.0
C3_f0.7__baldwinian__s4,C3_f0.7__baldwinian,C3_f0.7,C3,baldwinian,4,250,train,50,0.86,18,18,63.287420233721654,0.875,0.5,353.0,64.0,69.0,401.0,102.0,18.0,0.0,0.0,47.0,8.0,7.0,22.0,21.0,3.0,0.0,0.0,0.0,0.0,7.0,22.0,0.0,0.0,0.0,0.0
C3_f0.7__baldwinian__s4,C3_f0.7__baldwinian,C3_f0.7,C3,baldwinian,4,300,train,50,0.8,8,8,140.78503590334122,0.6666666666666666,0.5,357.0,49.0,60.0,329.0,77.0,10.0,0.0,0.0,43.0,2.0,11.0,18.0,11.0,0.0,0.0,0.0,0.0,0.0,11.0,18.0,0.0,0.0,0.0,0.0
C3_f0.7__baldwinian__s4,C3_f0.7__baldwinian,C3_f0.7,C3,baldwinian,4,350,train,50,0.84,15,15,105.0274134527972,0.7916666666666666,0.5,247.0,42.0,74.0,388.0,140.0,26.0,0.0,0.0,32.0,4.0,8.0,29.0,19.0,4.0,0.0,0.0,0.0,0.0,8.0,29.0,0.0,0.0,0.0,0.0
C3_f0.7__baldwinian__s4,C3_f0.7__baldwinian,C3_f0.7,C3,baldwinian,4,400,train,50,0.84,12,12,84.55145512567165,0.8958333333333334,0.5,311.0,63.0,65.0,382.0,97.0,11.0,0.0,0.0,38.0,8.0,9.0,27.0,21.0,3.0,0.0,0.0,0.0,0.0,9.0,27.0,0.0,0.0,0.0,0.0
C3_f0.7__baldwinian__s4,C3_f0.7__baldwinian,C3_f0.7,C3,baldwinian,4,450,train,50,0.84,13,13,82.23877561145795,0.8125,0.5,269.0,57.0,86.0,462.0,123.0,14.0,0.0,0.0,38.0,3.0,9.0,29.0,18.0,0.0,0.0,0.0,0.0,0.0,9.0,29.0,0.0,0.0,0.0,0.0
C3_f0.7__baldwinian__s4,C3_f0.7__baldwinian,C3_f0.7,C3,baldwinian,4,500,train,50,1.22,22,22,119.69054566967951,0.7291666666666666,0.5,432.0,98.0,88.0,563.0,113.0,26.0,0.0,0.0,41.0,4.0,6.0,28.0,19.0,2.0,0.0,0.0,0.0,0.0,6.0,28.0,0.0,0.0,0.0,0.0
C3_f0.7__baldwinian__s4,C3_f0.7__baldwinian,C3_f0.7,C3,baldwinian,4,550,train,50,1.6,19,19,47.005073321922595,0.9791666666666666,0.5,333.0,49.0,59.0,398.0,120.0,16.0,0.0,0.0,59.0,6.0,6.0,27.0,27.0,4.0,0.0,0.0,0.0,0.0,6.0,27.0,0.0,0.0,0.0,0.0
C3_f0.7__baldwinian__s4,C3_f0.7__baldwinian,C3_f0.7,C3,baldwinian,4,600,train,50,1.62,16,16,80.9083329102078,0.7916666666666666,0.5,265.0,51.0,56.0,324.0,109.0,18.0,0.0,0.0,43.0,4.0,9.0,29.0,20.0,3.0,0.0,0.0,0.0,0.0,9.0,29.0,0.0,0.0,0.0,0.0
C3_f0.7__baldwinian__s4,C3_f0.7__baldwinian,C3_f0.7,C3,baldwinian,4,650,train,50,1.66,23,23,56.324751286134855,0.9583333333333334,0.5,416.0,58.0,81.0,418.0,144.0,27.0,0.0,0.0,54.0,2.0,13.0,27.0,19.0,3.0,0.0,0.0,0.0,0.0,13.0,27.0,0.0,0.0,0.0,0.0
C3_f0.7__baldwinian__s4,C3_f0.7__baldwinian,C3_f0.7,C3,baldwinian,4,700,train,50,1.78,16,16,86.88807835986343,0.8333333333333334,0.5,274.0,50.0,59.0,308.0,98.0,23.0,0.0,0.0,44.0,2.0,11.0,22.0,14.0,6.0,0.0,0.0,0.0,0.0,11.0,22.0,0.0,0.0,0.0,0.0
C3_f0.7__baldwinian__s4,C3_f0.7__baldwinian,C3_f0.7,C3,baldwinian,4,750,train,50,1.86,19,19,98.27606122825114,0.7916666666666666,0.5,382.0,74.0,57.0,359.0,89.0,13.0,0.0,0.0,37.0,6.0,9.0,23.0,16.0,5.0,0.0,0.0,0.0,0.0,9.0,23.0,0.0,0.0,0.0,0.0
C3_f0.7__baldwinian__s4,C3_f0.7__baldwinian,C3_f0.7,C3,baldwinian,4,800,train,50,1.9,18,18,93.9821981182998,0.875,0.5,395.0,76.0,81.0,383.0,60.0,16.0,0.0,0.0,39.0,6.0,13.0,36.0,16.0,8.0,0.0,0.0,0.0,0.0,13.0,36.0,0.0,0.0,0.0,0.0
C3_f0.7__baldwinian__s4,C3_f0.7__baldwinian,C3_f0.7,C3,baldwinian,4,850,train,50,1.96,18,18,107.64584084324314,0.7708333333333334,0.5,301.0,60.0,91.0,422.0,83.0,22.0,0.0,0.0,36.0,3.0,16.0,27.0,13.0,4.0,0.0,0.0,0.0,0.0,16.0,27.0,0.0,0.0,0.0,0.0
C3_f0.7__baldwinian__s4,C3_f0.7__baldwinian,C3_f0.7,C3,baldwinian,4,900,train,50,2.06,17,17,73.55315836230592,0.8333333333333334,0.5,496.0,82.0,70.0,350.0,77.0,10.0,0.0,0.0,46.0,3.0,11.0,26.0,19.0,3.0,0.0,0.0,0.0,0.0,11.0,26.0,0.0,0.0,0.0,0.0
C3_f0.7__baldwinian__s4,C3_f0.7__baldwinian,C3_f0.7,C3,baldwinian,4,950,train,50,2.24,19,19,69.39356833905696,0.875,0.5,359.0,52.0,73.0,348.0,114.0,19.0,0.0,0.0,46.0,2.0,12.0,25.0,23.0,5.0,0.0,0.0,0.0,0.0,12.0,25.0,0.0,0.0,0.0,0.0
C3_f0.7__baldwinian__s4,C3_f0.7__baldwinian,C3_f0.7,C3,baldwinian,4,1000,train,50,2.54,19,19,114.8888788825592,0.75,0.5,340.0,68.0,37.0,264.0,53.0,11.0,0.0,0.0,43.0,8.0,2.0,21.0,8.0,4.0,0.0,0.0,0.0,0.0,2.0,21.0,0.0,0.0,0.0,0.0
C3_f0.7__baldwinian__s4,C3_f0.7__baldwinian,C3_f0.7,C3,baldwinian,4,1050,train,50,2.64,18,18,77.27453979743284,0.8125,0.5,283.0,46.0,73.0,360.0,83.0,15.0,0.0,0.0,34.0,7.0,13.0,33.0,17.0,3.0,0.0,0.0,0.0,0.0,13.0,33.0,0.0,0.0,0.0,0.0
C3_f0.7__baldwinian__s4,C3_f0.7__baldwinian,C3_f0.7,C3,baldwinian,4,1100,train,50,2.76,17,17,112.9495222481693,0.7916666666666666,0.5,238.0,35.0,44.0,265.0,61.0,14.0,0.0,0.0,39.0,7.0,6.0,28.0,16.0,0.0,0.0,0.0,0.0,0.0,6.0,28.0,0.0,0.0,0.0,0.0
C3_f0.7__baldwinian__s4,C3_f0.7__baldwinian,C3_f0.7,C3,baldwinian,4,1150,train,50,2.86,24,24,63.69581704086974,0.9166666666666666,0.5,395.0,53.0,63.0,425.0,105.0,15.0,0.0,0.0,46.0,8.0,12.0,28.0,16.0,2.0,0.0,0.0,0.0,0.0,12.0,28.0,0.0,0.0,0.0,0.0
C3_f0.7__baldwinian__s4,C3_f0.7__baldwinian,C3_f0.7,C3,baldwinian,4,1200,train,50,2.94,16,16,118.80006921325075,0.75,0.5,307.0,43.0,45.0,287.0,28.0,9.0,0.0,0.0,36.0,6.0,8.0,25.0,12.0,1.0,0.0,0.0,0.0,0.0,8.0,25.0,0.0,0.0,0.0,0.0
C3_f0.7__baldwinian__s4,C3_f0.7__baldwinian,C3_f0.7,C3,baldwinian,4,1250,train,50,3.12,21,21,73.46435806799839,0.875,0.5,337.0,50.0,52.0,360.0,62.0,9.0,0.0,0.0,51.0,7.0,9.0,28.0,17.0,1.0,0.0,0.0,0.0,0.0,9.0,28.0,0.0,0.0,0.0,0.0
C3_f0.7__baldwinian__s4,C3_f0.7__baldwinian,C3_f0.7,C3,baldwinian,4,1300,train,50,3.34,21,21,63.89422735149499,0.8958333333333334,0.5,333.0,49.0,58.0,299.0,80.0,8.0,0.0,0.0,48.0,7.0,11.0,26.0,15.0,2.0,0.0,0.0,0.0,0.0,11.0,26.0,0.0,0.0,0.0,0.0
C3_f0.7__baldwinian__s4,C3_f0.7__baldwinian,C3_f0.7,C3,baldwinian,4,1350,train,50,3.54,17,17,139.40520803968698,0.7083333333333334,0.5,237.0,57.0,58.0,326.0,162.0,32.0,0.0,0.0,34.0,2.0,9.0,26.0,15.0,2.0,0.0,0.0,0.0,0.0,9.0,26.0,0.0,0.0,0.0,0.0
C3_f0.7__baldwinian__s4,C3_f0.7__baldwinian,C3_f0.7,C3,baldwinian,4,1400,train,50,3.8,15,15,80.41967844658367,0.8333333333333334,0.5,437.0,73.0,64.0,376.0,113.0,26.0,0.0,0.0,49.0,4.0,13.0,26.0,16.0,6.0,0.0,0.0,0.0,0.0,13.0,26.0,0.0,0.0,0.0,0.0
C3_f0.7__baldwinian__s4,C3_f0.7__baldwinian,C3_f0.7,C3,baldwinian,4,1450,train,50,3.9,12,12,83.33589923507827,0.8541666666666666,0.5,373.0,50.0,95.0,572.0,47.0,17.0,0.0,0.0,42.0,6.0,12.0,29.0,12.0,8.0,0.0,0.0,0.0,0.0,12.0,29.0,0.0,0.0,0.0,0.0
C3_f0.7__baldwinian__s4,C3_f0.7__baldwinian,C3_f0.7,C3,baldwinian,4,1500,train,50,4.12,20,20,108.98477618120033,0.7916666666666666,0.5,370.0,59.0,111.0,552.0,30.0,14.0,0.0,0.0,40.0,5.0,10.0,33.0,10.0,4.0,0.0,0.0,0.0,0.0,10.0,33.0,0.0,0.0,0.0,0.0
C3_f0.7__baldwinian__s4,C3_f0.7__baldwinian,C3_f0.7,C3,baldwinian,4,1550,eval,50,4.24,18,18,140.55902488856898,0.7708333333333334,0.5,514.0,86.0,80.0,468.0,34.0,8.0,9.0,48.0,46.0,3.0,8.0,27.0,12.0,1.0,2.0,4.0,0.0,0.0,8.0,27.0,0.0,0.0,2.0,4.0
C3_f0.7__baldwinian__s4,C3_f0.7__baldwinian,C3_f0.7,C3,baldwinian,4,1600,eval,50,4.34,17,17,74.02400249598892,0.875,0.5,351.0,63.0,69.0,426.0,51.0,16.0,16.0,77.0,52.0,7.0,6.0,35.0,8.0,2.0,7.0,8.0,0.0,0.0,6.0,35.0,0.0,0.0,7.0,8.0
C3_f0.7__baldwinian__s4,C3_f0.7__baldwinian,C3_f0.7,C3,baldwinian,4,1650,eval,50,4.5,23,23,128.88674548967316,0.7083333333333334,0.5,400.0,76.0,78.0,408.0,58.0,4.0,10.0,67.0,33.0,7.0,7.0,28.0,10.0,1.0,1.0,10.0,0.0,0.0,7.0,28.0,0.0,0.0,1.0,10.0
C3_f0.7__baldwinian__s4,C3_f0.7__baldwinian,C3_f0.7,C3,baldwinian,4,1700,eval,50,4.74,17,17,109.30178407992139,0.75,0.5,401.0,81.0,64.0,382.0,33.0,6.0,12.0,66.0,40.0,5.0,11.0,24.0,3.0,1.0,4.0,10.0,0.0,0.0,11.0,24.0,0.0,0.0,4.0,10.0
C3_f0.7__baldwinian__s4,C3_f0.7__baldwinian,C3_f0.7,C3,baldwinian,4,1750,eval,50,4.82,18,18,138.67511475954035,0.6875,0.5,454.0,77.0,81.0,427.0,65.0,17.0,16.0,115.0,37.0,5.0,9.0,29.0,3.0,1.0,2.0,9.0,0.0,0.0,9.0,29.0,0.0,0.0,2.0,9.0
C3_f0.7__baldwinian__s4,C3_f0.7__baldwinian,C3_f0.7,C3,baldwinian,4,1800,eval,50,5.04,11,11,216.15374491928083,0.5,0.5,446.0,79.0,69.0,482.0,56.0,12.0,20.0,105.0,21.0,8.0,7.0,30.0,2.0,0.0,0.0,8.0,0.0,0.0,7.0,30.0,0.0,0.0,0.0,8.0
C3_f0.7__baldwinian__s5,C3_f0.7__baldwinian,C3_f0.7,C3,baldwinian,5,50,train,50,0.82,33,3,58.33622496519601,0.875,0.5,274.0,43.0,45.0,213.0,42.0,10.0,0.0,0.0,60.0,4.0,7.0,30.0,19.0,1.0,0.0,0.0,0.0,0.0,7.0,30.0,0.0,0.0,0.0,0.0
C3_f0.7__baldwinian__s5,C3_f0.7__baldwinian,C3_f0.7,C3,baldwinian,5,100,train,50,0.86,9,9,82.80123017276317,0.8541666666666666,0.5,242.0,40.0,46.0,280.0,90.0,16.0,0.0,0.0,36.0,4.0,4.0,24.0,21.0,3.0,0.0,0.0,0.0,0.0,4.0,24.0,0.0,0.0,0.0,0.0
C3_f0.7__baldwinian__s5,C3_f0.7__baldwinian,C3_f0.7,C3,baldwinian,5,150,train,50,0.88,13,13,64.7988234137016,0.8541666666666666,0.5,300.0,49.0,53.0,285.0,70.0,7.0,0.0,0.0,55.0,4.0,8.0,26.0,16.0,1.0,0.0,0.0,0.0,0.0,8.0,26.0,0.0,0.0,0.0,0.0
C3_f0.7__baldwinian__s5,C3_f0.7__baldwinian,C3_f0.7,C3,baldwinian,5,200,train,50,1.02,15,15,90.36784760273574,0.8333333333333334,0.5,239.0,34.0,28.0,231.0,104.0,17.0,0.0,0.0,46.0,2.0,2.0,22.0,19.0,1.0,0.0,0.0,0.0,0.0,2.0,22.0,0.0,0.0,0.0,0.0
C3_f0.7__baldwinian__s5,C3_f0.7__baldwinian,C3_f0.7,C3,baldwinian,5,250,train,48,1.3541666666666667,22,24,123.83453798487022,0.7291666666666666,0.5,189.0,35.0,55.0,253.0,28.0,6.0,0.0,0.0,44.0,8.0,7.0,29.0,13.0,4.0,0.0,0.0,0.0,0.0,7.0,29.0,0.0,0.0,0.0,0.0
C3_f0.7__baldwinian__s5,C3_f0.7__baldwinian,C3_f0.7,C3,baldwinian,5,300,train,50,1.54,22,20,74.54866873654971,0.875,0.5,250.0,48.0,76.0,415.0,77.0,13.0,0.0,0.0,37.0,7.0,12.0,32.0,17.0,4.0,0.0,0.0,0.0,0.0,12.0,32.0,0.0,0.0,0.0,0.0
C3_f0.7__baldwinian__s5,C3_f0.7__baldwinian,C3_f0.7,C3,baldwinian,5,350,train,43,1.5348837209302326,12,19,60.78543009839986,0.8958333333333334,0.5,344.0,56.0,56.0,298.0,39.0,8.0,0.0,0.0,48.0,7.0,5.0,26.0,16.0,4.0,0.0,0.0,0.0,0.0,5.0,26.0,0.0,0.0,0.0,0.0
C3_f0.7__baldwinian__s5,C3_f0.7__baldwinian,C3_f0.7,C3,baldwinian,5,400,train,32,1.5625,7,18,109.32262575709996,0.75,0.5,351.0,58.0,49.0,270.0,64.0,17.0,0.0,0.0,38.0,5.0,14.0,30.0,8.0,3.0,0.0,0.0,0.0,0.0,14.0,30.0,0.0,0.0,0.0,0.0
C3_f0.7__baldwinian__s5,C3_f0.7__baldwinian,C3_f0.7,C3,baldwinian,5,450,train,44,2.0681818181818183,26,14,72.51187028538637,0.875,0.5,315.0,59.0,52.0,238.0,77.0,16.0,0.0,0.0,49.0,7.0,7.0,24.0,21.0,2.0,0.0,0.0,0.0,0.0,7.0,24.0,0.0,0.0,0.0,0.0
C3_f0.7__baldwinian__s5,C3_f0.7__baldwinian,C3_f0.7,C3,baldwinian,5,500,train,48,2.125,20,16,73.90506437633971,0.875,0.5,235.0,52.0,69.0,343.0,127.0,23.0,0.0,0.0,42.0,4.0,8.0,27.0,21.0,4.0,0.0,0.0,0.0,0.0,8.0,27.0,0.0,0.0,0.0,0.0
C3_f0.7__baldwinian__s5,C3_f0.7__baldwinian,C3_f0.7,C3,baldwinian,5,550,train,50,2.64,20,18,85.0599920370502,0.8333333333333334,0.5,440.0,74.0,63.0,400.0,51.0,16.0,0.0,0.0,47.0,9.0,7.0,32.0,14.0,0.0,0.0,0.0,0.0,0.0,7.0,32.0,0.0,0.0,0.0,0.0
C3_f0.7__baldwinian__s5,C3_f0.7__baldwinian,C3_f0.7,C3,baldwinian,5,600,train,46,2.847826086956522,17,21,40.2597758390327,0.9583333333333334,0.5,283.0,42.0,42.0,158.0,57.0,14.0,0.0,0.0,55.0,7.0,7.0,24.0,19.0,2.0,0.0,0.0,0.0,0.0,7.0,24.0,0.0,0.0,0.0,0.0
C3_f0.7__baldwinian__s5,C3_f0.7__baldwinian,C3_f0.7,C3,baldwinian,5,650,train,48,2.9791666666666665,16,14,68.18801773744838,0.875,0.5,339.0,58.0,51.0,240.0,54.0,10.0,0.0,0.0,33.0,3.0,10.0,21.0,13.0,3.0,0.0,0.0,0.0,0.0,10.0,21.0,0.0,0.0,0.0,0.0
C3_f0.7__baldwinian__s5,C3_f0.7__baldwinian,C3_f0.7,C3,baldwinian,5,700,train,48,3.25,19,19,101.36539533531393,0.7291666666666666,0.5,325.0,65.0,70.0,419.0,42.0,5.0,0.0,0.0,35.0,9.0,11.0,27.0,12.0,2.0,0.0,0.0,0.0,0.0,11.0,27.0,0.0,0.0,0.0,0.0
C3_f0.7__baldwinian__s5,C3_f0.7__baldwinian,C3_f0.7,C3,baldwinian,5,750,train,50,3.32,22,20,106.44545927312701,0.7916666666666666,0.5,392.0,67.0,55.0,281.0,95.0,21.0,0.0,0.0,27.0,3.0,15.0,19.0,12.0,5.0,0.0,0.0,0.0,0.0,15.0,19.0,0.0,0.0,0.0,0.0
C3_f0.7__baldwinian__s5,C3_f0.7__baldwinian,C3_f0.7,C3,baldwinian,5,800,train,50,3.38,17,17,65.13628401180999,0.8958333333333334,0.5,337.0,72.0,45.0,237.0,105.0,12.0,0.0,0.0,45.0,11.0,7.0,26.0,16.0,4.0,0.0,0.0,0.0,0.0,7.0,26.0,0.0,0.0,0.0,0.0
C3_f0.7__baldwinian__s5,C3_f0.7__baldwinian,C3_f0.7,C3,baldwinian,5,850,train,50,3.22,13,13,62.343049883702406,0.9166666666666666,0.5,417.0,71.0,59.0,323.0,37.0,3.0,0.0,0.0,46.0,8.0,4.0,34.0,13.0,1.0,0.0,0.0,0.0,0.0,4.0,34.0,0.0,0.0,0.0,0.0
C3_f0.7__baldwinian__s5,C3_f0.7__baldwinian,C3_f0.7,C3,baldwinian,5,900,train,49,3.2448979591836733,20,21,102.35643503686899,0.7916666666666666,0.5,385.0,68.0,53.0,273.0,104.0,21.0,0.0,0.0,34.0,4.0,4.0,26.0,23.0,3.0,0.0,0.0,0.0,0.0,4.0,26.0,0.0,0.0,0.0,0.0
C3_f0.7__baldwinian__s5,C3_f0.7__baldwinian,C3_f0.7,C3,baldwinian,5,950,train,50,3.42,15,14,92.54760177871628,0.7916666666666666,0.5,304.0,54.0,47.0,275.0,78.0,16.0,0.0,0.0,52.0,3.0,7.0,17.0,19.0,1.0,0.0,0.0,0.0,0.0,7.0,17.0,0.0,0.0,0.0,0.0
C3_f0.7__baldwinian__s5,C3_f0.7__baldwinian,C3_f0.7,C3,baldwinian,5,1000,train,50,3.56,13,13,90.01301093578479,0.8125,0.5,276.0,54.0,48.0,323.0,64.0,12.0,0.0,0.0,44.0,8.0,7.0,27.0,19.0,2.0,0.0,0.0,0.0,0.0,7.0,27.0,0.0,0.0,0.0,0.0
C3_f0.7__baldwinian__s5,C3_f0.7__baldwinian,C3_f0.7,C3,baldwinian,5,1050,train,50,3.66,14,14,90.8426851483003,0.7916666666666666,0.5,318.0,60.0,45.0,317.0,110.0,18.0,0.0,0.0,45.0,5.0,12.0,19.0,20.0,0.0,0.0,0.0,0.0,0.0,12.0,19.0,0.0,0.0,0.0,0.0
C3_f0.7__baldwinian__s5,C3_f0.7__baldwinian,C3_f0.7,C3,baldwinian,5,1100,train,50,3.8,12,12,60.32768748735623,0.8958333333333334,0.5,402.0,76.0,66.0,344.0,101.0,15.0,0.0,0.0,54.0,5.0,13.0,26.0,16.0,4.0,0.0,0.0,0.0,0.0,13.0,26.0,0.0,0.0,0.0,0.0
C3_f0.7__baldwinian__s5,C3_f0.7__baldwinian,C3_f0.7,C3,baldwinian,5,1150,train,50,4.08,11,11,109.85367898959151,0.8125,0.5,316.0,73.0,64.0,366.0,58.0,15.0,0.0,0.0,49.0,4.0,15.0,15.0,12.0,2.0,0.0,0.0,0.0,0.0,15.0,15.0,0.0,0.0,0.0,0.0
C3_f0.7__baldwinian__s5,C3_f0.7__baldwinian,C3_f0.7,C3,baldwinian,5,1200,train,50,4.22,20,20,85.13302630835526,0.875,0.5,264.0,45.0,82.0,395.0,160.0,27.0,0.0,0.0,51.0,2.0,11.0,29.0,14.0,0.0,0.0,0.0,0.0,0.0,11.0,29.0,0.0,0.0,0.0,0.0
C3_f0.7__baldwinian__s5,C3_f0.7__baldwinian,C3_f0.7,C3,baldwinian,5,1250,train,50,4.38,20,20,88.74734074104543,0.8125,0.5,300.0,63.0,47.0,253.0,72.0,5.0,0.0,0.0,53.0,4.0,6.0,31.0,15.0,1.0,0.0,0.0,0.0,0.0,6.0,31.0,0.0,0.0,0.0,0.0
C3_f0.7__baldwinian__s5,C3_f0.7__baldwinian,C3_f0.7,C3,baldwinian,5,1300,train,50,4.48,16,16,88.26827610235264,0.7916666666666666,0.5,311.0,49.0,58.0,323.0,106.0,20.0,0.0,0.0,45.0,7.0,8.0,25.0,20.0,1.0,0.0,0.0,0.0,0.0,8.0,25.0,0.0,0.0,0.0,0.0
C3_f0.7__baldwinian__s5,C3_f0.7__baldwinian,C3_f0.7,C3,baldwinian,5,1350,train,50,4.54,18,18,123.22581470120079,0.6875,0.5,292.0,57.0,70.0,377.0,114.0,16.0,0.0,0.0,39.0,3.0,14.0,22.0,10.0,1.0,0.0,0.0,0.0,0.0,14.0,22.0,0.0,0.0,0.0,0.0
C3_f0.7__baldwinian__s5,C3_f0.7__baldwinian,C3_f0.7,C3,baldwinian,5,1400,train,50,4.46,16,16,92.41624936530692,0.8125,0.5,341.0,76.0,61.0,365.0,84.0,10.0,0.0,0.0,36.0,6.0,11.0,31.0,17.0,2.0,0.0,0.0,0.0,0.0,11.0,31.0,0.0,0.0,0.0,0.0
C3_f0.7__baldwinian__s5,C3_f0.7__baldwinian,C3_f0.7,C3,baldwinian,5,1450,train,50,4.56,20,20,56.215108357354296,0.9166666666666666,0.5,367.0,69.0,61.0,326.0,85.0,12.0,0.0,0.0,58.0,5.0,11.0,19.0,17.0,1.0,0.0,0.0,0.0,0.0,11.0,19.0,0.0,0.0,0.0,0.0
C3_f0.7__baldwinian__s5,C3_f0.7__baldwinian,C3_f0.7,C3,baldwinian,5,1500,train,50,4.78,11,11,130.87035800836333,0.7916666666666666,0.5,304.0,39.0,42.0,216.0,108.0,28.0,0.0,0.0,52.0,4.0,6.0,18.0,7.0,6.0,0.0,0.0,0.0,0.0,6.0,18.0,0.0,0.0,0.0,0.0
C3_f0.7__baldwinian__s5,C3_f0.7__baldwinian,C3_f0.7,C3,baldwinian,5,1550,eval,50,5.18,12,12,153.92333553581608,0.625,0.5,197.0,36.0,49.0,286.0,51.0,10.0,1.0,36.0,17.0,2.0,14.0,17.0,5.0,3.0,0.0,7.0,0.0,0.0,14.0,17.0,0.0,0.0,0.0,7.0
C3_f0.7__baldwinian__s5,C3_f0.7__baldwinian,C3_f0.7,C3,baldwinian,5,1600,eval,50,5.36,19,19,149.29468065669892,0.6458333333333334,0.5,263.0,51.0,51.0,351.0,11.0,2.0,7.0,15.0,25.0,6.0,10.0,29.0,1.0,1.0,5.0,3.0,0.0,0.0,10.0,29.0,0.0,0.0,5.0,3.0
C3_f0.7__baldwinian__s5,C3_f0.7__baldwinian,C3_f0.7,C3,baldwinian,5,1650,eval,50,5.64,19,19,165.72718144219283,0.6458333333333334,0.5,293.0,50.0,63.0,324.0,40.0,10.0,6.0,42.0,37.0,2.0,9.0,20.0,6.0,1.0,0.0,6.0,0.0,0.0,9.0,20.0,0.0,0.0,0.0,6.0
C3_f0.7__baldwinian__s5,C3_f0.7__baldwinian,C3_f0.7,C3,baldwinian,5,1700,eval,50,5.98,14,14,86.27088235396339,0.8541666666666666,0.5,341.0,59.0,52.0,315.0,76.0,14.0,11.0,81.0,32.0,9.0,5.0,31.0,3.0,0.0,1.0,11.0,0.0,0.0,5.0,31.0,0.0,0.0,1.0,11.0
C3_f0.7__baldwinian__s5,C3_f0.7__baldwinian,C3_f0.7,C3,baldwinian,5,1750,eval,50,6.3,15,15,211.22335625834788,0.4583333333333333,0.5,293.0,53.0,86.0,355.0,76.0,8.0,13.0,43.0,19.0,4.0,13.0,27.0,1.0,0.0,1.0,2.0,0.0,0.0,13.0,27.0,0.0,0.0,1.0,2.0
C3_f0.7__baldwinian__s5,C3_f0.7__baldwinian,C3_f0.7,C3,baldwinian,5,1800,eval,50,5.92,21,21,213.12548529869818,0.5416666666666666,0.5,369.0,61.0,58.0,356.0,77.0,11.0,17.0,72.0,25.0,7.0,10.0,21.0,2.0,2.0,2.0,10.0,0.0,0.0,10.0,21.0,0.0,0.0,2.0,10.0
C3_f0.7__baldwinian__s6,C3_f0.7__baldwinian,C3_f0.7,C3,baldwinian,6,50,train,50,0.88,36,6,72.0340659367895,0.8333333333333334,0.5,143.0,23.0,25.0,154.0,120.0,31.0,0.0,0.0,27.0,2.0,6.0,43.0,26.0,6.0,0.0,0.0,0.0,0.0,6.0,43.0,0.0,0.0,0.0,0.0
C3_f0.7__baldwinian__s6,C3_f0.7__baldwinian,C3_f0.7,C3,baldwinian,6,100,train,50,0.92,11,11,97.47132831029211,0.7708333333333334,0.5,389.0,69.0,44.0,304.0,69.0,10.0,0.0,0.0,37.0,7.0,9.0,21.0,19.0,2.0,0.0,0.0,0.0,0.0,9.0,21.0,0.0,0.0,0.0,0.0
C3_f0.7__baldwinian__s6,C3_f0.7__baldwinian,C3_f0.7,C3,baldwinian,6,150,train,50,1.1,20,20,87.46163997543957,0.7708333333333334,0.5,369.0,59.0,64.0,391.0,98.0,18.0,0.0,0.0,34.0,8.0,7.0,29.0,21.0,3.0,0.0,0.0,0.0,0.0,7.0,29.0,0.0,0.0,0.0,0.0
C3_f0.7__baldwinian__s6,C3_f0.7__baldwinian,C3_f0.7,C3,baldwinian,6,200,train,50,1.0,17,17,52.27499237574497,0.9375,0.5,399.0,59.0,66.0,380.0,106.0,15.0,0.0,0.0,40.0,8.0,11.0,22.0,29.0,2.0,0.0,0.0,0.0,0.0,11.0,22.0,0.0,0.0,0.0,0.0
C3_f0.7__baldwinian__s6,C3_f0.7__baldwinian,C3_f0.7,C3,baldwinian,6,250,train,50,1.04,12,12,163.9597357738644,0.5625,0.5,273.0,52.0,53.0,340.0,101.0,14.0,0.0,0.0,31.0,3.0,8.0,17.0,17.0,4.0,0.0,0.0,0.0,0.0,8.0,17.0,0.0,0.0,0.0,0.0
C3_f0.7__baldwinian__s6,C3_f0.7__baldwinian,C3_f0.7,C3,baldwinian,6,300,train,50,1.02,9,9,54.83759183813102,0.9166666666666666,0.5,419.0,79.0,75.0,454.0,149.0,39.0,0.0,0.0,59.0,3.0,8.0,26.0,21.0,3.0,0.0,0.0,0.0,0.0,8.0,26.0,0.0,0.0,0.0,0.0
C3_f0.7__baldwinian__s6,C3_f0.7__baldwinian,C3_f0.7,C3,baldwinian,6,350,train,50,0.98,8,8,96.10763869738425,0.8333333333333334,0.5,501.0,74.0,76.0,419.0,63.0,11.0,0.0,0.0,41.0,3.0,14.0,20.0,14.0,4.0,0.0,0.0,0.0,0.0,14.0,20.0,0.0,0.0,0.0,0.0
C3_f0.7__baldwinian__s6,C3_f0.7__baldwinian,C3_f0.7,C3,baldwinian,6,400,train,50,1.0,16,16,59.482449105720924,0.9375,0.5,374.0,66.0,70.0,496.0,119.0,13.0,0.0,0.0,44.0,7.0,15.0,31.0,35.0,0.0,0.0,0.0,0.0,0.0,15.0,31.0,0.0,0.0,0.0,0.0
C3_f0.7__baldwinian__s6,C3_f0.7__baldwinian,C3_f0.7,C3,baldwinian,6,450,train,50,1.02,10,10,76.26188452903295,0.8333333333333334,0.5,469.0,77.0,59.0,318.0,77.0,7.0,0.0,0.0,48.0,4.0,10.0,14.0,25.0,1.0,0.0,0.0,0.0,0.0,10.0,14.0,0.0,0.0,0.0,0.0
C3_f0.7__baldwinian__s6,C3_f0.7__baldwinian,C3_f0.7,C3,baldwinian,6,500,train,50,1.34,13,13,84.9683110223841,0.8333333333333334,0.5,410.0,75.0,96.0,541.0,118.0,27.0,0.0,0.0,34.0,2.0,8.0,26.0,23.0,3.0,0.0,0.0,0.0,0.0,8.0,26.0,0.0,0.0,0.0,0.0
C3_f0.7__baldwinian__s6,C3_f0.7__baldwinian,C3_f0.7,C3,baldwinian,6,550,train,50,1.78,19,19,122.85171947217327,0.7708333333333334,0.5,331.0,52.0,64.0,374.0,69.0,14.0,0.0,0.0,39.0,3.0,6.0,28.0,23.0,6.0,0.0,0.0,0.0,0.0,6.0,28.0,0.0,0.0,0.0,0.0
C3_f0.7__baldwinian__s6,C3_f0.7__baldwinian,C3_f0.7,C3,baldwinian,6,600,train,50,2.08,17,17,74.2419579593957,0.875,0.5,271.0,48.0,65.0,363.0,94.0,23.0,0.0,0.0,49.0,4.0,13.0,21.0,25.0,4.0,0.0,0.0,0.0,0.0,13.0,21.0,0.0,0.0,0.0,0.0
C3_f0.7__baldwinian__s6,C3_f0.7__baldwinian,C3_f0.7,C3,baldwinian,6,650,train,50,2.22,20,20,51.52377354501966,0.8958333333333334,0.5,216.0,49.0,45.0,256.0,53.0,9.0,0.0,0.0,36.0,13.0,9.0,28.0,24.0,2.0,0.0,0.0,0.0,0.0,9.0,28.0,0.0,0.0,0.0,0.0
C3_f0.7__baldwinian__s6,C3_f0.7__baldwinian,C3_f0.7,C3,baldwinian,6,700,train,50,2.38,17,17,67.82976358293585,0.8958333333333334,0.5,200.0,51.0,47.0,267.0,100.0,14.0,0.0,0.0,36.0,9.0,12.0,21.0,20.0,5.0,0.0,0.0,0.0,0.0,12.0,21.0,0.0,0.0,0.0,0.0
C3_f0.7__baldwinian__s6,C3_f0.7__baldwinian,C3_f0.7,C3,baldwinian,6,750,train,46,2.5652173913043477,14,18,94.4367996650316,0.8125,0.5,294.0,45.0,40.0,222.0,109.0,27.0,0.0,0.0,46.0,7.0,4.0,24.0,23.0,3.0,0.0,0.0,0.0,0.0,4.0,24.0,0.0,0.0,0.0,0.0
C3_f0.7__baldwinian__s6,C3_f0.7__baldwinian,C3_f0.7,C3,baldwinian,6,800,train,43,2.697674418604651,15,18,105.90782610876883,0.8333333333333334,0.5,253.0,49.0,48.0,222.0,74.0,12.0,0.0,0.0,48.0,7.0,8.0,21.0,17.0,1.0,0.0,0.0,0.0,0.0,8.0,21.0,0.0,0.0,0.0,0.0
C3_f0.7__baldwinian__s6,C3_f0.7__baldwinian,C3_f0.7,C3,baldwinian,6,850,train,45,3.0,22,20,58.02954141692257,0.9583333333333334,0.5,265.0,53.0,57.0,361.0,129.0,16.0,0.0,0.0,53.0,7.0,10.0,30.0,28.0,3.0,0.0,0.0,0.0,0.0,10.0,30.0,0.0,0.0,0.0,0.0
C3_f0.7__baldwinian__s6,C3_f0.7__baldwinian,C3_f0.7,C3,baldwinian,6,900,train,45,3.066666666666667,15,15,56.38058861005544,0.9375,0.5,258.0,41.0,66.0,250.0,124.0,28.0,0.0,0.0,42.0,4.0,14.0,29.0,23.0,5.0,0.0,0.0,0.0,0.0,14.0,29.0,0.0,0.0,0.0,0.0
C3_f0.7__baldwinian__s6,C3_f0.7__baldwinian,C3_f0.7,C3,baldwinian,6,950,train,47,3.148936170212766,19,17,71.21270065517396,0.8333333333333334,0.5,237.0,35.0,38.0,183.0,170.0,32.0,0.0,0.0,42.0,3.0,12.0,15.0,23.0,2.0,0.0,0.0,0.0,0.0,12.0,15.0,0.0,0.0,0.0,0.0
C3_f0.7__baldwinian__s6,C3_f0.7__baldwinian,C3_f0.7,C3,baldwinian,6,1000,train,45,3.2444444444444445,16,18,134.37051139070638,0.625,0.5,150.0,22.0,54.0,255.0,75.0,14.0,0.0,0.0,23.0,3.0,10.0,29.0,9.0,1.0,0.0,0.0,0.0,0.0,10.0,29.0,0.0,0.0,0.0,0.0
C3_f0.7__baldwinian__s6,C3_f0.7__baldwinian,C3_f0.7,C3,baldwinian,6,1050,train,50,3.72,20,15,78.2706303337032,0.8541666666666666,0.5,270.0,54.0,62.0,309.0,99.0,15.0,0.0,0.0,33.0,3.0,8.0,34.0,26.0,1.0,0.0,0.0,0.0,0.0,8.0,34.0,0.0,0.0,0.0,0.0
C3_f0.7__baldwinian__s6,C3_f0.7__baldwinian,C3_f0.7,C3,baldwinian,6,1100,train,50,3.68,14,14,49.778755063469774,0.875,0.5,314.0,46.0,65.0,453.0,66.0,11.0,0.0,0.0,38.0,7.0,11.0,27.0,22.0,3.0,0.0,0.0,0.0,0.0,11.0,27.0,0.0,0.0,0.0,0.0
C3_f0.7__baldwinian__s6,C3_f0.7__baldwinian,C3_f0.7,C3,baldwinian,6,1150,train,45,3.8,19,24,91.44918072794516,0.875,0.5,376.0,79.0,45.0,268.0,24.0,7.0,0.0,0.0,50.0,5.0,11.0,18.0,7.0,2.0,0.0,0.0,0.0,0.0,11.0,18.0,0.0,0.0,0.0,0.0
C3_f0.7__baldwinian__s6,C3_f0.7__baldwinian,C3_f0.7,C3,baldwinian,6,1200,train,47,3.978723404255319,18,16,67.1130101965233,0.875,0.5,245.0,44.0,50.0,286.0,122.0,28.0,0.0,0.0,33.0,4.0,2.0,30.0,19.0,5.0,0.0,0.0,0.0,0.0,2.0,30.0,0.0,0.0,0.0,0.0
C3_f0.7__baldwinian__s6,C3_f0.7__baldwinian,C3_f0.7,C3,baldwinian,6,1250,train,50,3.92,15,12,86.03815841501086,0.8333333333333334,0.5,370.0,66.0,72.0,361.0,55.0,10.0,0.0,0.0,42.0,11.0,7.0,25.0,14.0,4.0,0.0,0.0,0.0,0.0,7.0,25.0,0.0,0.0,0.0,0.0
C3_f0.7__baldwinian__s6,C3_f0.7__baldwinian,C3_f0.7,C3,baldwinian,6,1300,train,50,3.86,14,14,95.73640022683877,0.7916666666666666,0.5,325.0,61.0,47.0,322.0,75.0,21.0,0.0,0.0,39.0,4.0,8.0,23.0,23.0,7.0,0.0,0.0,0.0,0.0,8.0,23.0,0.0,0.0,0.0,0.0
C3_f0.7__baldwinian__s6,C3_f0.7__baldwinian,C3_f0.7,C3,baldwinian,6,1350,train,50,3.98,24,24,74.74363895138279,0.9166666666666666,0.5,363.0,70.0,71.0,347.0,69.0,18.0,0.0,0.0,39.0,5.0,7.0,46.0,21.0,6.0,0.0,0.0,0.0,0.0,7.0,46.0,0.0,0.0,0.0,0.0
C3_f0.7__baldwinian__s6,C3_f0.7__baldwinian,C3_f0.7,C3,baldwinian,6,1400,train,50,4.32,14,14,143.84198744068618,0.6666666666666666,0.5,322.0,59.0,77.0,351.0,97.0,21.0,0.0,0.0,24.0,7.0,13.0,17.0,17.0,3.0,0.0,0.0,0.0,0.0,13.0,17.0,0.0,0.0,0.0,0.0
C3_f0.7__baldwinian__s6,C3_f0.7__baldwinian,C3_f0.7,C3,baldwinian,6,1450,train,50,4.44,17,17,78.65454917766682,0.8125,0.5,363.0,65.0,63.0,336.0,156.0,34.0,0.0,0.0,41.0,12.0,11.0,25.0,17.0,0.0,0.0,0.0,0.0,0.0,11.0,25.0,0.0,0.0,0.0,0.0
C3_f0.7__baldwinian__s6,C3_f0.7__baldwinian,C3_f0.7,C3,baldwinian,6,1500,train,50,4.58,14,14,70.9648815578284,0.8541666666666666,0.5,320.0,62.0,67.0,407.0,141.0,34.0,0.0,0.0,35.0,4.0,7.0,28.0,20.0,4.0,0.0,0.0,0.0,0.0,7.0,28.0,0.0,0.0,0.0,0.0
C3_f0.7__baldwinian__s6,C3_f0.7__baldwinian,C3_f0.7,C3,baldwinian,6,1550,eval,50,4.84,23,23,88.54870192936812,0.7916666666666666,0.5,378.0,64.0,65.0,354.0,60.0,7.0,4.0,27.0,35.0,6.0,7.0,23.0,9.0,1.0,0.0,1.0,0.0,0.0,7.0,23.0,0.0,0.0,0.0,1.0
C3_f0.7__baldwinian__s6,C3_f0.7__baldwinian,C3_f0.7,C3,baldwinian,6,1600,eval,50,5.06,23,23,98.99763669030338,0.7708333333333334,0.5,354.0,54.0,55.0,405.0,46.0,9.0,5.0,35.0,42.0,2.0,8.0,34.0,7.0,0.0,1.0,3.0,0.0,0.0,8.0,34.0,0.0,0.0,1.0,3.0
C3_f0.7__baldwinian__s6,C3_f0.7__baldwinian,C3_f0.7,C3,baldwinian,6,1650,eval,50,5.34,21,21,137.79496275549997,0.7083333333333334,0.5,237.0,43.0,50.0,272.0,40.0,9.0,10.0,81.0,30.0,2.0,7.0,11.0,7.0,4.0,5.0,9.0,0.0,0.0,7.0,11.0,0.0,0.0,5.0,9.0
C3_f0.7__baldwinian__s6,C3_f0.7__baldwinian,C3_f0.7,C3,baldwinian,6,1700,eval,50,5.4,16,16,105.24457087606577,0.7916666666666666,0.5,507.0,101.0,57.0,415.0,94.0,10.0,13.0,70.0,34.0,7.0,5.0,33.0,15.0,1.0,3.0,4.0,0.0,0.0,5.0,33.0,0.0,0.0,3.0,4.0
C3_f0.7__baldwinian__s6,C3_f0.7__baldwinian,C3_f0.7,C3,baldwinian,6,1750,eval,50,5.26,12,12,119.01698764124097,0.7291666666666666,0.5,312.0,47.0,92.0,394.0,58.0,8.0,11.0,63.0,35.0,3.0,15.0,22.0,7.0,1.0,1.0,7.0,0.0,0.0,15.0,22.0,0.0,0.0,1.0,7.0
C3_f0.7__baldwinian__s6,C3_f0.7__baldwinian,C3_f0.7,C3,baldwinian,6,1800,eval,50,5.66,8,8,190.52690336706866,0.5833333333333334,0.5,428.0,75.0,68.0,345.0,75.0,19.0,13.0,75.0,25.0,4.0,2.0,18.0,7.0,5.0,6.0,6.0,0.0,0.0,2.0,18.0,0.0,0.0,6.0,6.0
C3_f0.7__baldwinian__s7,C3_f0.7__baldwinian,C3_f0.7,C3,baldwinian,7,50,train,50,0.74,32,2,58.05012263025512,0.875,0.5,212.0,38.0,37.0,176.0,58.0,6.0,0.0,0.0,49.0,11.0,3.0,34.0,16.0,5.0,0.0,0.0,0.0,0.0,3.0,34.0,0.0,0.0,0.0,0.0
C3_f0.7__baldwinian__s7,C3_f0.7__baldwinian,C3_f0.7,C3,baldwinian,7,100,train,48,0.75,11,13,62.96077403185795,0.9375,0.5,259.0,36.0,43.0,292.0,66.0,7.0,0.0,0.0,39.0,6.0,5.0,30.0,16.0,1.0,0.0,0.0,0.0,0.0,5.0,30.0,0.0,0.0,0.0,0.0
C3_f0.7__baldwinian__s7,C3_f0.7__baldwinian,C3_f0.7,C3,baldwinian,7,150,train,39,0.717948717948718,8,17,72.0515480782821,0.8958333333333334,0.5,352.0,66.0,69.0,344.0,97.0,16.0,0.0,0.0,46.0,5.0,12.0,27.0,19.0,2.0,0.0,0.0,0.0,0.0,12.0,27.0,0.0,0.0,0.0,0.0
C3_f0.7__baldwinian__s7,C3_f0.7__baldwinian,C3_f0.7,C3,baldwinian,7,200,train,49,1.0204081632653061,25,15,68.41709466226519,0.875,0.5,245.0,45.0,85.0,417.0,42.0,3.0,0.0,0.0,56.0,7.0,13.0,23.0,10.0,0.0,0.0,0.0,0.0,0.0,13.0,23.0,0.0,0.0,0.0,0.0
C3_f0.7__baldwinian__s7,C3_f0.7__baldwinian,C3_f0.7,C3,baldwinian,7,250,train,45,1.1555555555555554,13,17,109.11153930741993,0.75,0.5,339.0,72.0,50.0,306.0,55.0,9.0,0.0,0.0,39.0,4.0,10.0,29.0,9.0,1.0,0.0,0.0,0.0,0.0,10.0,29.0,0.0,0.0,0.0,0.0
C3_f0.7__baldwinian__s7,C3_f0.7__baldwinian,C3_f0.7,C3,baldwinian,7,300,train,48,1.2291666666666667,21,18,99.84695459506824,0.8125,0.5,406.0,86.0,49.0,379.0,42.0,12.0,0.0,0.0,44.0,3.0,5.0,33.0,12.0,4.0,0.0,0.0,0.0,0.0,5.0,33.0,0.0,0.0,0.0,0.0
C3_f0.7__baldwinian__s7,C3_f0.7__baldwinian,C3_f0.7,C3,baldwinian,7,350,train,46,1.4130434782608696,30,32,86.9687658106655,0.875,0.5,308.0,62.0,83.0,600.0,59.0,10.0,0.0,0.0,31.0,2.0,8.0,53.0,14.0,4.0,0.0,0.0,0.0,0.0,8.0,53.0,0.0,0.0,0.0,0.0
C3_f0.7__baldwinian__s7,C3_f0.7__baldwinian,C3_f0.7,C3,baldwinian,7,400,train,50,1.3,22,18,79.34725190307609,0.875,0.5,388.0,75.0,91.0,439.0,158.0,25.0,0.0,0.0,33.0,9.0,11.0,36.0,11.0,3.0,0.0,0.0,0.0,0.0,11.0,36.0,0.0,0.0,0.0,0.0
C3_f0.7__baldwinian__s7,C3_f0.7__baldwinian,C3_f0.7,C3,baldwinian,7,450,train,47,1.2127659574468086,20,23,84.23184097029072,0.8541666666666666,0.5,390.0,70.0,52.0,386.0,59.0,9.0,0.0,0.0,47.0,8.0,6.0,31.0,11.0,1.0,0.0,0.0,0.0,0.0,6.0,31.0,0.0,0.0,0.0,0.0
C3_f0.7__baldwinian__s7,C3_f0.7__baldwinian,C3_f0.7,C3,baldwinian,7,500,train,36,1.9166666666666667,15,26,128.29299398932633,0.75,0.5,306.0,48.0,65.0,362.0,19.0,3.0,0.0,0.0,41.0,4.0,12.0,27.0,6.0,1.0,0.0,0.0,0.0,0.0,12.0,27.0,0.0,0.0,0.0,0.0
C3_f0.7__baldwinian__s7,C3_f0.7__baldwinian,C3_f0.7,C3,baldwinian,7,550,train,43,2.2325581395348837,18,11,112.4561255568697,0.6666666666666666,0.5,216.0,34.0,48.0,257.0,73.0,10.0,0.0,0.0,46.0,4.0,7.0,17.0,12.0,0.0,0.0,0.0,0.0,0.0,7.0,17.0,0.0,0.0,0.0,0.0
C3_f0.7__baldwinian__s7,C3_f0.7__baldwinian,C3_f0.7,C3,baldwinian,7,600,train,43,2.441860465116279,16,16,86.61011693787638,0.7708333333333334,0.5,206.0,31.0,37.0,253.0,104.0,23.0,0.0,0.0,45.0,4.0,8.0,27.0,13.0,3.0,0.0,0.0,0.0,0.0,8.0,27.0,0.0,0.0,0.0,0.0
C3_f0.7__baldwinian__s7,C3_f0.7__baldwinian,C3_f0.7,C3,baldwinian,7,650,train,41,2.5121951219512195,15,17,97.85888446799271,0.7708333333333334,0.5,345.0,58.0,81.0,393.0,58.0,8.0,0.0,0.0,41.0,5.0,14.0,31.0,11.0,0.0,0.0,0.0,0.0,0.0,14.0,31.0,0.0,0.0,0.0,0.0
C3_f0.7__baldwinian__s7,C3_f0.7__baldwinian,C3_f0.7,C3,baldwinian,7,700,train,50,2.74,25,16,69.44813947039586,0.8958333333333334,0.5,430.0,78.0,71.0,437.0,92.0,15.0,0.0,0.0,41.0,5.0,12.0,32.0,10.0,3.0,0.0,0.0,0.0,0.0,12.0,32.0,0.0,0.0,0.0,0.0
C3_f0.7__baldwinian__s7,C3_f0.7__baldwinian,C3_f0.7,C3,baldwinian,7,750,train,49,2.795918367346939,16,17,83.32175001095713,0.8333333333333334,0.5,316.0,54.0,71.0,430.0,54.0,11.0,0.0,0.0,37.0,6.0,11.0,28.0,11.0,1.0,0.0,0.0,0.0,0.0,11.0,28.0,0.0,0.0,0.0,0.0
C3_f0.7__baldwinian__s7,C3_f0.7__baldwinian,C3_f0.7,C3,baldwinian,7,800,train,50,2.8,21,20,91.15060982169803,0.7916666666666666,0.5,360.0,68.0,69.0,430.0,78.0,17.0,0.0,0.0,31.0,5.0,13.0,27.0,15.0,3.0,0.0,0.0,0.0,0.0,13.0,27.0,0.0,0.0,0.0,0.0
C3_f0.7__baldwinian__s7,C3_f0.7__baldwinian,C3_f0.7,C3,baldwinian,7,850,train,50,2.8,16,16,113.79408848948812,0.7291666666666666,0.5,400.0,70.0,91.0,527.0,33.0,6.0,0.0,0.0,43.0,8.0,8.0,35.0,7.0,2.0,0.0,0.0,0.0,0.0,8.0,35.0,0.0,0.0,0.0,0.0
C3_f0.7__baldwinian__s7,C3_f0.7__baldwinian,C3_f0.7,C3,baldwinian,7,900,train,50,2.76,22,22,64.26224315131492,0.875,0.5,416.0,77.0,100.0,510.0,112.0,20.0,0.0,0.0,45.0,7.0,10.0,33.0,16.0,0.0,0.0,0.0,0.0,0.0,10.0,33.0,0.0,0.0,0.0,0.0
C3_f0.7__baldwinian__s7,C3_f0.7__baldwinian,C3_f0.7,C3,baldwinian,7,950,train,50,2.98,16,16,74.842050549489,0.8541666666666666,0.5,305.0,61.0,80.0,430.0,40.0,9.0,0.0,0.0,39.0,6.0,8.0,28.0,16.0,2.0,0.0,0.0,0.0,0.0,8.0,28.0,0.0,0.0,0.0,0.0
C3_f0.7__baldwinian__s7,C3_f0.7__baldwinian,C3_f0.7,C3,baldwinian,7,1000,train,49,3.163265306122449,19,20,64.86949309091204,0.8958333333333334,0.5,293.0,56.0,59.0,336.0,67.0,12.0,0.0,0.0,54.0,5.0,10.0,28.0,18.0,4.0,0.0,0.0,0.0,0.0,10.0,28.0,0.0,0.0,0.0,0.0
C3_f0.7__baldwinian__s7,C3_f0.7__baldwinian,C3_f0.7,C3,baldwinian,7,1050,train,43,3.255813953488372,19,25,95.27622251683138,0.8125,0.5,314.0,56.0,60.0,305.0,34.0,5.0,0.0,0.0,47.0,7.0,9.0,27.0,6.0,0.0,0.0,0.0,0.0,0.0,9.0,27.0,0.0,0.0,0.0,0.0
C3_f0.7__baldwinian__s7,C3_f0.7__baldwinian,C3_f0.7,C3,baldwinian,7,1100,train,36,3.5,14,21,103.68636652025472,0.7916666666666666,0.5,368.0,48.0,50.0,242.0,58.0,16.0,0.0,0.0,50.0,4.0,10.0,21.0,14.0,4.0,0.0,0.0,0.0,0.0,10.0,21.0,0.0,0.0,0.0,0.0
C3_f0.7__baldwinian__s7,C3_f0.7__baldwinian,C3_f0.7,C3,baldwinian,7,1150,train,45,3.933333333333333,23,14,95.70512472928914,0.7916666666666666,0.5,407.0,79.0,57.0,281.0,79.0,14.0,0.0,0.0,41.0,8.0,11.0,23.0,21.0,3.0,0.0,0.0,0.0,0.0,11.0,23.0,0.0,0.0,0.0,0.0
C3_f0.7__baldwinian__s7,C3_f0.7__baldwinian,C3_f0.7,C3,baldwinian,7,1200,train,38,3.973684210526316,11,18,81.84241048568157,0.875,0.5,222.0,28.0,53.0,286.0,69.0,8.0,0.0,0.0,40.0,4.0,13.0,30.0,14.0,1.0,0.0,0.0,0.0,0.0,13.0,30.0,0.0,0.0,0.0,0.0
C3_f0.7__baldwinian__s7,C3_f0.7__baldwinian,C3_f0.7,C3,baldwinian,7,1250,train,38,4.578947368421052,16,16,109.9408912918305,0.7708333333333334,0.5,291.0,51.0,50.0,331.0,75.0,17.0,0.0,0.0,44.0,4.0,7.0,29.0,13.0,3.0,0.0,0.0,0.0,0.0,7.0,29.0,0.0,0.0,0.0,0.0
C3_f0.7__baldwinian__s7,C3_f0.7__baldwinian,C3_f0.7,C3,baldwinian,7,1300,train,45,4.7555555555555555,15,8,58.781250998323706,0.8958333333333334,0.5,385.0,62.0,57.0,303.0,47.0,11.0,0.0,0.0,60.0,9.0,11.0,27.0,8.0,3.0,0.0,0.0,0.0,0.0,11.0,27.0,0.0,0.0,0.0,0.0
C3_f0.7__baldwinian__s7,C3_f0.7__baldwinian,C3_f0.7,C3,baldwinian,7,1350,train,34,4.9411764705882355,9,20,95.88134158041436,0.8125,0.5,291.0,50.0,47.0,270.0,38.0,10.0,0.0,0.0,47.0,5.0,8.0,17.0,8.0,1.0,0.0,0.0,0.0,0.0,8.0,17.0,0.0,0.0,0.0,0.0
C3_f0.7__baldwinian__s7,C3_f0.7__baldwinian,C3_f0.7,C3,baldwinian,7,1400,train,41,5.048780487804878,17,10,100.2648647828616,0.8333333333333334,0.5,278.0,58.0,73.0,381.0,80.0,11.0,0.0,0.0,42.0,7.0,11.0,25.0,14.0,3.0,0.0,0.0,0.0,0.0,11.0,25.0,0.0,0.0,0.0,0.0
C3_f0.7__baldwinian__s7,C3_f0.7__baldwinian,C3_f0.7,C3,baldwinian,7,1450,train,50,5.28,23,14,35.27784452856323,0.9791666666666666,0.5,393.0,68.0,58.0,394.0,59.0,2.0,0.0,0.0,62.0,9.0,6.0,22.0,13.0,1.0,0.0,0.0,0.0,0.0,6.0,22.0,0.0,0.0,0.0,0.0
C3_f0.7__baldwinian__s7,C3_f0.7__baldwinian,C3_f0.7,C3,baldwinian,7,1500,train,38,5.421052631578948,12,24,73.80387620789348,0.875,0.5,290.0,60.0,57.0,394.0,39.0,3.0,0.0,0.0,29.0,7.0,9.0,34.0,11.0,0.0,0.0,0.0,0.0,0.0,9.0,34.0,0.0,0.0,0.0,0.0
C3_f0.7__baldwinian__s7,C3_f0.7__baldwinian,C3_f0.7,C3,baldwinian,7,1550,eval,33,5.333333333333333,16,21,112.220373554166,0.8125,0.5,272.0,52.0,69.0,335.0,36.0,4.0,4.0,22.0,36.0,7.0,18.0,22.0,6.0,0.0,3.0,6.0,0.0,0.0,18.0,22.0,0.0,0.0,3.0,6.0
C3_f0.7__baldwinian__s7,C3_f0.7__baldwinian,C3_f0.7,C3,baldwinian,7,1600,eval,38,6.131578947368421,23,18,161.5170380169678,0.625,0.5,271.0,44.0,52.0,324.0,33.0,4.0,6.0,17.0,30.0,4.0,8.0,24.0,3.0,2.0,3.0,5.0,0.0,0.0,8.0,24.0,0.0,0.0,3.0,5.0
C3_f0.7__baldwinian__s7,C3_f0.7__baldwinian,C3_f0.7,C3,baldwinian,7,1650,eval,50,6.42,27,15,133.26422719220778,0.7291666666666666,0.5,347.0,65.0,67.0,334.0,71.0,17.0,4.0,40.0,31.0,9.0,7.0,20.0,7.0,3.0,1.0,3.0,0.0,0.0,7.0,20.0,0.0,0.0,1.0,3.0
C3_f0.7__baldwinian__s7,C3_f0.7__baldwinian,C3_f0.7,C3,baldwinian,7,1700,eval,50,6.8,20,20,146.68307430896624,0.6041666666666666,0.5,405.0,78.0,79.0,415.0,81.0,14.0,14.0,60.0,23.0,9.0,6.0,33.0,3.0,3.0,0.0,2.0,0.0,0.0,6.0,33.0,0.0,0.0,0.0,2.0
C3_f0.7__baldwinian__s7,C3_f0.7__baldwinian,C3_f0.7,C3,baldwinian,7,1750,eval,50,6.72,8,8,177.56585750435573,0.5208333333333334,0.5,567.0,88.0,72.0,362.0,33.0,11.0,11.0,62.0,42.0,7.0,3.0,16.0,3.0,1.0,0.0,5.0,0.0,0.0,3.0,16.0,0.0,0.0,0.0,5.0
C3_f0.7__baldwinian__s7,C3_f0.7__baldwinian,C3_f0.7,C3,baldwinian,7,1800,eval,50,6.7,10,10,204.27367127447752,0.5,0.5,535.0,81.0,64.0,434.0,54.0,14.0,19.0,88.0,29.0,11.0,5.0,22.0,3.0,2.0,1.0,4.0,0.0,0.0,5.0,22.0,0.0,0.0,1.0,4.0
C3_f0.7__baldwinian__s8,C3_f0.7__baldwinian,C3_f0.7,C3,baldwinian,8,50,train,50,0.84,35,5,56.01653920539345,0.875,0.5,165.0,38.0,29.0,154.0,33.0,8.0,0.0,0.0,47.0,8.0,9.0,36.0,8.0,0.0,0.0,0.0,0.0,0.0,9.0,36.0,0.0,0.0,0.0,0.0
C3_f0.7__baldwinian__s8,C3_f0.7__baldwinian,C3_f0.7,C3,baldwinian,8,100,train,50,0.84,12,12,53.79564053026242,0.9166666666666666,0.5,382.0,67.0,58.0,357.0,80.0,13.0,0.0,0.0,49.0,12.0,11.0,24.0,10.0,2.0,0.0,0.0,0.0,0.0,11.0,24.0,0.0,0.0,0.0,0.0
C3_f0.7__baldwinian__s8,C3_f0.7__baldwinian,C3_f0.7,C3,baldwinian,8,150,train,43,1.1162790697674418,11,18,97.25171736465906,0.7708333333333334,0.5,249.0,39.0,66.0,381.0,82.0,19.0,0.0,0.0,34.0,7.0,5.0,33.0,12.0,2.0,0.0,0.0,0.0,0.0,5.0,33.0,0.0,0.0,0.0,0.0
C3_f0.7__baldwinian__s8,C3_f0.7__baldwinian,C3_f0.7,C3,baldwinian,8,200,train,50,1.4,21,14,57.26867689764434,0.9583333333333334,0.5,328.0,72.0,69.0,412.0,87.0,10.0,0.0,0.0,51.0,9.0,14.0,28.0,17.0,0.0,0.0,0.0,0.0,0.0,14.0,28.0,0.0,0.0,0.0,0.0
C3_f0.7__baldwinian__s8,C3_f0.7__baldwinian,C3_f0.7,C3,baldwinian,8,250,train,44,1.5681818181818181,17,23,97.94699526994603,0.8125,0.5,270.0,48.0,87.0,420.0,61.0,11.0,0.0,0.0,33.0,5.0,13.0,35.0,12.0,0.0,0.0,0.0,0.0,0.0,13.0,35.0,0.0,0.0,0.0,0.0
C3_f0.7__baldwinian__s8,C3_f0.7__baldwinian,C3_f0.7,C3,baldwinian,8,300,train,48,1.5208333333333333,28,24,94.88783388320161,0.8541666666666666,0.5,417.0,78.0,92.0,432.0,27.0,7.0,0.0,0.0,31.0,5.0,16.0,30.0,9.0,1.0,0.0,0.0,0.0,0.0,16.0,30.0,0.0,0.0,0.0,0.0
C3_f0.7__baldwinian__s8,C3_f0.7__baldwinian,C3_f0.7,C3,baldwinian,8,350,train,50,1.54,17,15,150.5453530337245,0.5833333333333334,0.5,456.0,84.0,71.0,431.0,43.0,12.0,0.0,0.0,34.0,5.0,11.0,24.0,9.0,4.0,0.0,0.0,0.0,0.0,11.0,24.0,0.0,0.0,0.0,0.0
C3_f0.7__baldwinian__s8,C3_f0.7__baldwinian,C3_f0.7,C3,baldwinian,8,400,train,50,1.44,14,14,48.82055435115731,0.9166666666666666,0.5,418.0,86.0,74.0,410.0,40.0,1.0,0.0,0.0,51.0,8.0,7.0,27.0,16.0,1.0,0.0,0.0,0.0,0.0,7.0,27.0,0.0,0.0,0.0,0.0
C3_f0.7__baldwinian__s8,C3_f0.7__baldwinian,C3_f0.7,C3,baldwinian,8,450,train,50,1.42,18,18,63.283060868172484,0.8541666666666666,0.5,288.0,41.0,86.0,451.0,35.0,5.0,0.0,0.0,40.0,3.0,10.0,24.0,11.0,1.0,0.0,0.0,0.0,0.0,10.0,24.0,0.0,0.0,0.0,0.0
C3_f0.7__baldwinian__s8,C3_f0.7__baldwinian,C3_f0.7,C3,baldwinian,8,500,train,49,1.7551020408163265,19,20,74.32865111097318,0.7916666666666666,0.5,337.0,60.0,88.0,429.0,85.0,8.0,0.0,0.0,36.0,5.0,9.0,27.0,6.0,1.0,0.0,0.0,0.0,0.0,9.0,27.0,0.0,0.0,0.0,0.0
C3_f0.7__baldwinian__s8,C3_f0.7__baldwinian,C3_f0.7,C3,baldwinian,8,550,train,50,2.04,24,23,74.89045140578976,0.8958333333333334,0.5,215.0,29.0,56.0,384.0,67.0,15.0,0.0,0.0,46.0,8.0,9.0,32.0,5.0,1.0,0.0,0.0,0.0,0.0,9.0,32.0,0.0,0.0,0.0,0.0
C3_f0.7__baldwinian__s8,C3_f0.7__baldwinian,C3_f0.7,C3,baldwinian,8,600,train,50,2.48,24,24,54.62684552100555,0.9375,0.5,335.0,51.0,68.0,415.0,71.0,17.0,0.0,0.0,40.0,10.0,8.0,35.0,11.0,2.0,0.0,0.0,0.0,0.0,8.0,35.0,0.0,0.0,0.0,0.0
C3_f0.7__baldwinian__s8,C3_f0.7__baldwinian,C3_f0.7,C3,baldwinian,8,650,train,47,2.6808510638297873,19,22,70.60041040843952,0.875,0.5,453.0,77.0,103.0,471.0,60.0,8.0,0.0,0.0,46.0,6.0,10.0,28.0,11.0,2.0,0.0,0.0,0.0,0.0,10.0,28.0,0.0,0.0,0.0,0.0
C3_f0.7__baldwinian__s8,C3_f0.7__baldwinian,C3_f0.7,C3,baldwinian,8,700,train,50,2.8,21,18,82.80458441106538,0.7916666666666666,0.5,343.0,50.0,73.0,345.0,81.0,15.0,0.0,0.0,46.0,5.0,15.0,22.0,10.0,2.0,0.0,0.0,0.0,0.0,15.0,22.0,0.0,0.0,0.0,0.0
C3_f0.7__baldwinian__s8,C3_f0.7__baldwinian,C3_f0.7,C3,baldwinian,8,750,train,49,2.9591836734693877,18,19,104.07133786365351,0.75,0.5,428.0,75.0,86.0,473.0,27.0,2.0,0.0,0.0,47.0,6.0,7.0,32.0,9.0,1.0,0.0,0.0,0.0,0.0,7.0,32.0,0.0,0.0,0.0,0.0
C3_f0.7__baldwinian__s8,C3_f0.7__baldwinian,C3_f0.7,C3,baldwinian,8,800,train,45,3.2222222222222223,24,28,83.63723309344152,0.875,0.5,339.0,61.0,76.0,374.0,42.0,8.0,0.0,0.0,37.0,6.0,15.0,39.0,19.0,2.0,0.0,0.0,0.0,0.0,15.0,39.0,0.0,0.0,0.0,0.0
C3_f0.7__baldwinian__s8,C3_f0.7__baldwinian,C3_f0.7,C3,baldwinian,8,850,train,50,3.22,21,16,58.40629441988378,0.875,0.5,478.0,87.0,57.0,334.0,41.0,5.0,0.0,0.0,47.0,4.0,5.0,32.0,12.0,0.0,0.0,0.0,0.0,0.0,5.0,32.0,0.0,0.0,0.0,0.0
C3_f0.7__baldwinian__s8,C3_f0.7__baldwinian,C3_f0.7,C3,baldwinian,8,900,train,50,3.32,25,25,57.21244016535964,0.8958333333333334,0.5,416.0,71.0,66.0,379.0,24.0,3.0,0.0,0.0,46.0,4.0,11.0,35.0,11.0,1.0,0.0,0.0,0.0,0.0,11.0,35.0,0.0,0.0,0.0,0.0
C3_f0.7__baldwinian__s8,C3_f0.7__baldwinian,C3_f0.7,C3,baldwinian,8,950,train,50,3.66,22,22,99.49780416894498,0.7916666666666666,0.5,327.0,49.0,84.0,505.0,59.0,8.0,0.0,0.0,29.0,5.0,10.0,28.0,17.0,1.0,0.0,0.0,0.0,0.0,10.0,28.0,0.0,0.0,0.0,0.0
C3_f0.7__baldwinian__s8,C3_f0.7__baldwinian,C3_f0.7,C3,baldwinian,8,1000,train,50,3.84,12,12,96.22995054899016,0.7916666666666666,0.5,467.0,79.0,91.0,387.0,75.0,7.0,0.0,0.0,56.0,8.0,9.0,21.0,13.0,2.0,0.0,0.0,0.0,0.0,9.0,21.0,0.0,0.0,0.0,0.0
C3_f0.7__baldwinian__s8,C3_f0.7__baldwinian,C3_f0.7,C3,baldwinian,8,1050,train,50,3.96,23,23,90.10296794392366,0.8125,0.5,290.0,50.0,72.0,467.0,46.0,11.0,0.0,0.0,32.0,6.0,6.0,43.0,6.0,2.0,0.0,0.0,0.0,0.0,6.0,43.0,0.0,0.0,0.0,0.0
C3_f0.7__baldwinian__s8,C3_f0.7__baldwinian,C3_f0.7,C3,baldwinian,8,1100,train,50,3.9,13,13,58.34409757005824,0.8958333333333334,0.5,382.0,56.0,52.0,301.0,113.0,21.0,0.0,0.0,62.0,5.0,5.0,25.0,13.0,2.0,0.0,0.0,0.0,0.0,5.0,25.0,0.0,0.0,0.0,0.0
C3_f0.7__baldwinian__s8,C3_f0.7__baldwinian,C3_f0.7,C3,baldwinian,8,1150,train,50,3.96,16,16,110.57469826669994,0.7916666666666666,0.5,320.0,63.0,61.0,393.0,159.0,29.0,0.0,0.0,50.0,7.0,7.0,29.0,9.0,2.0,0.0,0.0,0.0,0.0,7.0,29.0,0.0,0.0,0.0,0.0
C3_f0.7__baldwinian__s8,C3_f0.7__baldwinian,C3_f0.7,C3,baldwinian,8,1200,train,50,4.12,20,20,47.64292331596366,0.9583333333333334,0.5,448.0,91.0,49.0,246.0,177.0,29.0,0.0,0.0,62.0,9.0,9.0,19.0,9.0,1.0,0.0,0.0,0.0,0.0,9.0,19.0,0.0,0.0,0.0,0.0
C3_f0.7__baldwinian__s8,C3_f0.7__baldwinian,C3_f0.7,C3,baldwinian,8,1250,train,50,4.02,17,17,98.39659901096232,0.8125,0.5,321.0,60.0,64.0,305.0,86.0,19.0,0.0,0.0,37.0,6.0,9.0,33.0,11.0,2.0,0.0,0.0,0.0,0.0,9.0,33.0,0.0,0.0,0.0,0.0
C3_f0.7__baldwinian__s8,C3_f0.7__baldwinian,C3_f0.7,C3,baldwinian,8,1300,train,50,4.52,20,20,101.9328633703831,0.8333333333333334,0.5,455.0,83.0,63.0,422.0,67.0,11.0,0.0,0.0,38.0,9.0,6.0,34.0,10.0,1.0,0.0,0.0,0.0,0.0,6.0,34.0,0.0,0.0,0.0,0.0
C3_f0.7__baldwinian__s8,C3_f0.7__baldwinian,C3_f0.7,C3,baldwinian,8,1350,train,50,4.88,22,22,87.66078194426542,0.8333333333333334,0.5,288.0,65.0,83.0,461.0,62.0,11.0,0.0,0.0,36.0,7.0,16.0,35.0,15.0,0.0,0.0,0.0,0.0,0.0,16.0,35.0,0.0,0.0,0.0,0.0
C3_f0.7__baldwinian__s8,C3_f0.7__baldwinian,C3_f0.7,C3,baldwinian,8,1400,train,50,4.96,25,25,76.66591487540785,0.8333333333333334,0.5,299.0,57.0,60.0,346.0,35.0,5.0,0.0,0.0,53.0,11.0,9.0,26.0,6.0,0.0,0.0,0.0,0.0,0.0,9.0,26.0,0.0,0.0,0.0,0.0
C3_f0.7__baldwinian__s8,C3_f0.7__baldwinian,C3_f0.7,C3,baldwinian,8,1450,train,50,5.18,18,18,48.169956703437556,0.9375,0.5,312.0,50.0,86.0,475.0,48.0,3.0,0.0,0.0,54.0,8.0,8.0,22.0,17.0,0.0,0.0,0.0,0.0,0.0,8.0,22.0,0.0,0.0,0.0,0.0
C3_f0.7__baldwinian__s8,C3_f0.7__baldwinian,C3_f0.7,C3,baldwinian,8,1500,train,48,5.3125,21,23,75.0553355069197,0.8958333333333334,0.5,394.0,65.0,66.0,388.0,96.0,9.0,0.0,0.0,46.0,4.0,12.0,33.0,13.0,0.0,0.0,0.0,0.0,0.0,12.0,33.0,0.0,0.0,0.0,0.0
C3_f0.7__baldwinian__s8,C3_f0.7__baldwinian,C3_f0.7,C3,baldwinian,8,1550,eval,50,5.36,25,23,127.85081918410339,0.7083333333333334,0.5,415.0,72.0,97.0,565.0,23.0,2.0,7.0,30.0,35.0,7.0,7.0,27.0,1.0,1.0,2.0,4.0,0.0,0.0,7.0,27.0,0.0,0.0,2.0,4.0
C3_f0.7__baldwinian__s8,C3_f0.7__baldwinian,C3_f0.7,C3,baldwinian,8,1600,eval,50,5.28,15,15,143.58480341770857,0.6458333333333334,0.5,562.0,85.0,96.0,534.0,21.0,2.0,2.0,30.0,32.0,13.0,5.0,40.0,0.0,0.0,0.0,0.0,0.0,0.0,5.0,40.0,0.0,0.0,0.0,0.0
C3_f0.7__baldwinian__s8,C3_f0.7__baldwinian,C3_f0.7,C3,baldwinian,8,1650,eval,50,5.46,20,20,136.97903373228445,0.6458333333333334,0.5,351.0,50.0,99.0,447.0,113.0,17.0,9.0,56.0,33.0,3.0,7.0,29.0,4.0,0.0,1.0,6.0,0.0,0.0,7.0,29.0,0.0,0.0,1.0,6.0
C3_f0.7__baldwinian__s8,C3_f0.7__baldwinian,C3_f0.7,C3,baldwinian,8,1700,eval,50,5.54,14,14,153.24182817124583,0.6041666666666666,0.5,400.0,77.0,81.0,570.0,77.0,12.0,8.0,65.0,29.0,7.0,5.0,28.0,2.0,1.0,1.0,12.0,0.0,0.0,5.0,28.0,0.0,0.0,1.0,12.0
C3_f0.7__baldwinian__s8,C3_f0.7__baldwinian,C3_f0.7,C3,baldwinian,8,1750,eval,50,5.74,14,14,136.84394102730144,0.6875,0.5,463.0,89.0,75.0,450.0,50.0,12.0,21.0,79.0,43.0,7.0,12.0,20.0,5.0,2.0,0.0,2.0,0.0,0.0,12.0,20.0,0.0,0.0,0.0,2.0
C3_f0.7__baldwinian__s8,C3_f0.7__baldwinian,C3_f0.7,C3,baldwinian,8,1800,eval,50,5.86,14,14,205.86375724587577,0.5625,0.5,540.0,87.0,72.0,450.0,76.0,10.0,11.0,67.0,28.0,5.0,6.0,21.0,8.0,0.0,3.0,6.0,0.0,0.0,6.0,21.0,0.0,0.0,3.0,6.0
C3_f0.7__baldwinian__s9,C3_f0.7__baldwinian,C3_f0.7,C3,baldwinian,9,50,train,50,0.74,33,3,81.91862887250862,0.8541666666666666,0.5,213.0,42.0,24.0,159.0,46.0,4.0,0.0,0.0,62.0,8.0,4.0,27.0,15.0,2.0,0.0,0.0,0.0,0.0,4.0,27.0,0.0,0.0,0.0,0.0
C3_f0.7__baldwinian__s9,C3_f0.7__baldwinian,C3_f0.7,C3,baldwinian,9,100,train,50,0.86,12,12,54.697456850395554,0.9375,0.5,221.0,35.0,25.0,187.0,78.0,11.0,0.0,0.0,46.0,5.0,8.0,27.0,17.0,5.0,0.0,0.0,0.0,0.0,8.0,27.0,0.0,0.0,0.0,0.0
C3_f0.7__baldwinian__s9,C3_f0.7__baldwinian,C3_f0.7,C3,baldwinian,9,150,train,39,1.1025641025641026,8,19,121.37253223649083,0.6875,0.5,234.0,42.0,64.0,306.0,80.0,12.0,0.0,0.0,34.0,4.0,16.0,23.0,5.0,1.0,0.0,0.0,0.0,0.0,16.0,23.0,0.0,0.0,0.0,0.0
C3_f0.7__baldwinian__s9,C3_f0.7__baldwinian,C3_f0.7,C3,baldwinian,9,200,train,50,1.56,26,15,93.81775732738181,0.7916666666666666,0.5,358.0,66.0,51.0,313.0,170.0,33.0,0.0,0.0,38.0,8.0,4.0,34.0,20.0,4.0,0.0,0.0,0.0,0.0,4.0,34.0,0.0,0.0,0.0,0.0
C3_f0.7__baldwinian__s9,C3_f0.7__baldwinian,C3_f0.7,C3,baldwinian,9,250,train,50,1.48,13,13,81.57076925736067,0.8125,0.5,390.0,77.0,59.0,358.0,71.0,18.0,0.0,0.0,52.0,8.0,7.0,26.0,13.0,4.0,0.0,0.0,0.0,0.0,7.0,26.0,0.0,0.0,0.0,0.0
C3_f0.7__baldwinian__s9,C3_f0.7__baldwinian,C3_f0.7,C3,baldwinian,9,300,train,50,1.34,11,11,112.84188151458228,0.75,0.5,292.0,56.0,88.0,430.0,139.0,43.0,0.0,0.0,30.0,4.0,4.0,35.0,15.0,6.0,0.0,0.0,0.0,0.0,4.0,35.0,0.0,0.0,0.0,0.0
C3_f0.7__baldwinian__s9,C3_f0.7__baldwinian,C3_f0.7,C3,baldwinian,9,350,train,50,1.3,13,13,66.69885857541388,0.875,0.5,406.0,65.0,97.0,496.0,112.0,26.0,0.0,0.0,50.0,5.0,10.0,23.0,15.0,5.0,0.0,0.0,0.0,0.0,10.0,23.0,0.0,0.0,0.0,0.0
C3_f0.7__baldwinian__s9,C3_f0.7__baldwinian,C3_f0.7,C3,baldwinian,9,400,train,50,1.36,13,13,100.73673978185516,0.8125,0.5,272.0,39.0,80.0,449.0,42.0,10.0,0.0,0.0,29.0,3.0,11.0,25.0,16.0,2.0,0.0,0.0,0.0,0.0,11.0,25.0,0.0,0.0,0.0,0.0
C3_f0.7__baldwinian__s9,C3_f0.7__baldwinian,C3_f0.7,C3,baldwinian,9,450,train,50,1.24,10,10,95.74975550227433,0.8333333333333334,0.5,317.0,66.0,62.0,378.0,70.0,8.0,0.0,0.0,46.0,10.0,9.0,25.0,13.0,0.0,0.0,0.0,0.0,0.0,9.0,25.0,0.0,0.0,0.0,0.0
C3_f0.7__baldwinian__s9,C3_f0.7__baldwinian,C3_f0.7,C3,baldwinian,9,500,train,50,1.56,21,21,97.42270553437024,0.8125,0.5,232.0,27.0,79.0,382.0,103.0,9.0,0.0,0.0,40.0,3.0,13.0,22.0,25.0,2.0,0.0,0.0,0.0,0.0,13.0,22.0,0.0,0.0,0.0,0.0
C3_f0.7__baldwinian__s9,C3_f0.7__baldwinian,C3_f0.7,C3,baldwinian,9,550,train,50,2.12,22,22,91.50758421883756,0.8125,0.5,272.0,41.0,60.0,340.0,47.0,8.0,0.0,0.0,43.0,6.0,8.0,29.0,15.0,1.0,0.0,0.0,0.0,0.0,8.0,29.0,0.0,0.0,0.0,0.0
C3_f0.7__baldwinian__s9,C3_f0.7__baldwinian,C3_f0.7,C3,baldwinian,9,600,train,50,2.56,15,15,92.79034914644532,0.7916666666666666,0.5,280.0,38.0,57.0,332.0,56.0,7.0,0.0,0.0,37.0,0.0,5.0,27.0,19.0,5.0,0.0,0.0,0.0,0.0,5.0,27.0,0.0,0.0,0.0,0.0
C3_f0.7__baldwinian__s9,C3_f0.7__baldwinian,C3_f0.7,C3,baldwinian,9,650,train,50,2.52,19,19,70.16334134723158,0.8958333333333334,0.5,258.0,61.0,58.0,390.0,102.0,23.0,0.0,0.0,37.0,11.0,9.0,36.0,17.0,2.0,0.0,0.0,0.0,0.0,9.0,36.0,0.0,0.0,0.0,0.0
C3_f0.7__baldwinian__s9,C3_f0.7__baldwinian,C3_f0.7,C3,baldwinian,9,700,train,50,2.76,21,21,132.61680867056938,0.7708333333333334,0.5,293.0,48.0,55.0,265.0,108.0,20.0,0.0,0.0,25.0,6.0,9.0,32.0,14.0,2.0,0.0,0.0,0.0,0.0,9.0,32.0,0.0,0.0,0.0,0.0
C3_f0.7__baldwinian__s9,C3_f0.7__baldwinian,C3_f0.7,C3,baldwinian,9,750,train,50,2.84,12,12,113.78693897720538,0.8125,0.5,277.0,43.0,56.0,238.0,82.0,22.0,0.0,0.0,35.0,6.0,7.0,19.0,13.0,4.0,0.0,0.0,0.0,0.0,7.0,19.0,0.0,0.0,0.0,0.0
C3_f0.7__baldwinian__s9,C3_f0.7__baldwinian,C3_f0.7,C3,baldwinian,9,800,train,50,2.88,18,18,46.17024824523965,0.9583333333333334,0.5,351.0,63.0,45.0,273.0,89.0,22.0,0.0,0.0,59.0,10.0,7.0,27.0,18.0,1.0,0.0,0.0,0.0,0.0,7.0,27.0,0.0,0.0,0.0,0.0
C3_f0.7__baldwinian__s9,C3_f0.7__baldwinian,C3_f0.7,C3,baldwinian,9,850,train,50,2.92,14,14,66.93605652853145,0.9375,0.5,268.0,38.0,36.0,195.0,102.0,17.0,0.0,0.0,58.0,4.0,13.0,15.0,18.0,2.0,0.0,0.0,0.0,0.0,13.0,15.0,0.0,0.0,0.0,0.0
C3_f0.7__baldwinian__s9,C3_f0.7__baldwinian,C3_f0.7,C3,baldwinian,9,900,train,50,3.12,20,20,86.08562083881726,0.8125,0.5,305.0,44.0,56.0,356.0,150.0,29.0,0.0,0.0,40.0,4.0,12.0,30.0,17.0,3.0,0.0,0.0,0.0,0.0,12.0,30.0,0.0,0.0,0.0,0.0
C3_f0.7__baldwinian__s9,C3_f0.7__baldwinian,C3_f0.7,C3,baldwinian,9,950,train,50,3.28,11,11,103.24736207225843,0.7916666666666666,0.5,376.0,87.0,47.0,329.0,62.0,13.0,0.0,0.0,47.0,6.0,7.0,23.0,17.0,2.0,0.0,0.0,0.0,0.0,7.0,23.0,0.0,0.0,0.0,0.0
C3_f0.7__baldwinian__s9,C3_f0.7__baldwinian,C3_f0.7,C3,baldwinian,9,1000,train,50,3.32,15,15,86.79526915167592,0.8125,0.5,367.0,72.0,44.0,313.0,124.0,22.0,0.0,0.0,42.0,6.0,3.0,25.0,16.0,3.0,0.0,0.0,0.0,0.0,3.0,25.0,0.0,0.0,0.0,0.0
C3_f0.7__baldwinian__s9,C3_f0.7__baldwinian,C3_f0.7,C3,baldwinian,9,1050,train,50,3.5,17,17,84.13703613251019,0.8333333333333334,0.5,327.0,44.0,63.0,363.0,138.0,26.0,0.0,0.0,56.0,5.0,11.0,19.0,15.0,2.0,0.0,0.0,0.0,0.0,11.0,19.0,0.0,0.0,0.0,0.0
C3_f0.7__baldwinian__s9,C3_f0.7__baldwinian,C3_f0.7,C3,baldwinian,9,1100,train,50,3.62,17,17,99.88662142296076,0.75,0.5,325.0,44.0,47.0,281.0,106.0,19.0,0.0,0.0,40.0,8.0,6.0,19.0,16.0,1.0,0.0,0.0,0.0,0.0,6.0,19.0,0.0,0.0,0.0,0.0
C3_f0.7__baldwinian__s9,C3_f0.7__baldwinian,C3_f0.7,C3,baldwinian,9,1150,train,50,3.52,15,15,66.99686153942446,0.8541666666666666,0.5,339.0,53.0,77.0,385.0,91.0,11.0,0.0,0.0,46.0,5.0,9.0,33.0,20.0,1.0,0.0,0.0,0.0,0.0,9.0,33.0,0.0,0.0,0.0,0.0
C3_f0.7__baldwinian__s9,C3_f0.7__baldwinian,C3_f0.7,C3,baldwinian,9,1200,train,50,3.54,17,17,110.10834007871604,0.75,0.5,318.0,47.0,60.0,382.0,102.0,22.0,0.0,0.0,42.0,7.0,6.0,18.0,18.0,3.0,0.0,0.0,0.0,0.0,6.0,18.0,0.0,0.0,0.0,0.0
C3_f0.7__baldwinian__s9,C3_f0.7__baldwinian,C3_f0.7,C3,baldwinian,9,1250,train,50,3.76,12,12,108.27749426686427,0.7083333333333334,0.5,370.0,74.0,82.0,343.0,74.0,19.0,0.0,0.0,41.0,6.0,6.0,28.0,8.0,3.0,0.0,0.0,0.0,0.0,6.0,28.0,0.0,0.0,0.0,0.0
C3_f0.7__baldwinian__s9,C3_f0.7__baldwinian,C3_f0.7,C3,baldwinian,9,1300,train,50,4.02,16,16,90.18107407643065,0.8125,0.5,296.0,50.0,57.0,324.0,145.0,25.0,0.0,0.0,47.0,5.0,10.0,21.0,12.0,3.0,0.0,0.0,0.0,0.0,10.0,21.0,0.0,0.0,0.0,0.0
C3_f0.7__baldwinian__s9,C3_f0.7__baldwinian,C3_f0.7,C3,baldwinian,9,1350,train,50,4.18,19,19,83.63918168235715,0.7708333333333334,0.5,335.0,57.0,54.0,341.0,101.0,16.0,0.0,0.0,39.0,4.0,9.0,32.0,23.0,0.0,0.0,0.0,0.0,0.0,9.0,32.0,0.0,0.0,0.0,0.0
C3_f0.7__baldwinian__s9,C3_f0.7__baldwinian,C3_f0.7,C3,baldwinian,9,1400,train,50,4.2,21,21,100.54109696038779,0.7291666666666666,0.5,324.0,56.0,126.0,541.0,109.0,19.0,0.0,0.0,20.0,5.0,6.0,31.0,23.0,2.0,0.0,0.0,0.0,0.0,6.0,31.0,0.0,0.0,0.0,0.0
C3_f0.7__baldwinian__s9,C3_f0.7__baldwinian,C3_f0.7,C3,baldwinian,9,1450,train,50,4.22,12,12,61.74677999281616,0.8958333333333334,0.5,446.0,73.0,85.0,494.0,45.0,3.0,0.0,0.0,44.0,3.0,8.0,33.0,17.0,1.0,0.0,0.0,0.0,0.0,8.0,33.0,0.0,0.0,0.0,0.0
C3_f0.7__baldwinian__s9,C3_f0.7__baldwinian,C3_f0.7,C3,baldwinian,9,1500,train,50,4.22,16,16,79.44656088535085,0.8125,0.5,432.0,74.0,70.0,413.0,109.0,13.0,0.0,0.0,40.0,8.0,12.0,20.0,21.0,1.0,0.0,0.0,0.0,0.0,12.0,20.0,0.0,0.0,0.0,0.0
C3_f0.7__baldwinian__s9,C3_f0.7__baldwinian,C3_f0.7,C3,baldwinian,9,1550,eval,50,4.32,15,15,169.48369134170173,0.5833333333333334,0.5,364.0,61.0,83.0,469.0,40.0,4.0,7.0,48.0,35.0,2.0,12.0,21.0,7.0,0.0,1.0,2.0,0.0,0.0,12.0,21.0,0.0,0.0,1.0,2.0
C3_f0.7__baldwinian__s9,C3_f0.7__baldwinian,C3_f0.7,C3,baldwinian,9,1600,eval,50,4.44,11,11,136.8640041308414,0.625,0.5,407.0,72.0,84.0,428.0,95.0,15.0,19.0,101.0,41.0,4.0,8.0,9.0,3.0,0.0,1.0,7.0,0.0,0.0,8.0,9.0,0.0,0.0,1.0,7.0
C3_f0.7__baldwinian__s9,C3_f0.7__baldwinian,C3_f0.7,C3,baldwinian,9,1650,eval,50,4.6,14,14,182.58152103886272,0.625,0.5,389.0,71.0,70.0,464.0,102.0,8.0,22.0,133.0,25.0,8.0,4.0,23.0,7.0,0.0,0.0,6.0,0.0,0.0,4.0,23.0,0.0,0.0,0.0,6.0
C3_f0.7__baldwinian__s9,C3_f0.7__baldwinian,C3_f0.7,C3,baldwinian,9,1700,eval,50,4.9,19,19,224.8865288285573,0.5208333333333334,0.5,310.0,56.0,57.0,329.0,95.0,12.0,31.0,129.0,24.0,3.0,5.0,23.0,7.0,1.0,6.0,5.0,0.0,0.0,5.0,23.0,0.0,0.0,6.0,5.0
C3_f0.7__baldwinian__s9,C3_f0.7__baldwinian,C3_f0.7,C3,baldwinian,9,1750,eval,50,5.16,9,9,177.9676163415643,0.5833333333333334,0.5,422.0,80.0,47.0,253.0,114.0,18.0,26.0,138.0,32.0,9.0,3.0,18.0,10.0,0.0,0.0,6.0,0.0,0.0,3.0,18.0,0.0,0.0,0.0,6.0
C3_f0.7__baldwinian__s9,C3_f0.7__baldwinian,C3_f0.7,C3,baldwinian,9,1800,eval,50,5.3,7,7,200.0857475001266,0.4791666666666667,0.5,397.0,68.0,65.0,328.0,218.0,28.0,17.0,79.0,34.0,5.0,8.0,13.0,13.0,0.0,1.0,4.0,0.0,0.0,8.0,13.0,0.0,0.0,1.0,4.0
C3_f0.7__baldwinian__s10,C3_f0.7__baldwinian,C3_f0.7,C3,baldwinian,10,50,train,50,0.7,32,2,135.03806418227327,0.6875,0.5,156.0,33.0,34.0,147.0,80.0,11.0,0.0,0.0,36.0,5.0,5.0,30.0,16.0,1.0,0.0,0.0,0.0,0.0,5.0,30.0,0.0,0.0,0.0,0.0
C3_f0.7__baldwinian__s10,C3_f0.7__baldwinian,C3_f0.7,C3,baldwinian,10,100,train,49,0.8979591836734694,15,16,67.87828471845918,0.8958333333333334,0.5,335.0,69.0,55.0,281.0,38.0,2.0,0.0,0.0,34.0,14.0,7.0,33.0,11.0,1.0,0.0,0.0,0.0,0.0,7.0,33.0,0.0,0.0,0.0,0.0
C3_f0.7__baldwinian__s10,C3_f0.7__baldwinian,C3_f0.7,C3,baldwinian,10,150,train,47,0.9787234042553191,13,15,103.96121867115205,0.7708333333333334,0.5,307.0,55.0,59.0,291.0,79.0,14.0,0.0,0.0,29.0,8.0,5.0,28.0,23.0,4.0,0.0,0.0,0.0,0.0,5.0,28.0,0.0,0.0,0.0,0.0
C3_f0.7__baldwinian__s10,C3_f0.7__baldwinian,C3_f0.7,C3,baldwinian,10,200,train,50,1.02,21,18,119.13555848018092,0.7291666666666666,0.5,381.0,65.0,68.0,354.0,38.0,8.0,0.0,0.0,31.0,10.0,8.0,40.0,13.0,2.0,0.0,0.0,0.0,0.0,8.0,40.0,0.0,0.0,0.0,0.0
C3_f0.7__baldwinian__s10,C3_f0.7__baldwinian,C3_f0.7,C3,baldwinian,10,250,train,50,1.16,17,17,110.24121045996566,0.7083333333333334,0.5,326.0,62.0,58.0,355.0,124.0,12.0,0.0,0.0,29.0,4.0,9.0,31.0,20.0,1.0,0.0,0.0,0.0,0.0,9.0,31.0,0.0,0.0,0.0,0.0
C3_f0.7__baldwinian__s10,C3_f0.7__baldwinian,C3_f0.7,C3,baldwinian,10,300,train,50,1.2,21,21,95.76140251349241,0.8125,0.5,314.0,63.0,83.0,390.0,107.0,19.0,0.0,0.0,26.0,7.0,7.0,37.0,17.0,1.0,0.0,0.0,0.0,0.0,7.0,37.0,0.0,0.0,0.0,0.0
C3_f0.7__baldwinian__s10,C3_f0.7__baldwinian,C3_f0.7,C3,baldwinian,10,350,train,50,1.22,5,5,79.82923174686452,0.7708333333333334,0.5,434.0,64.0,85.0,409.0,93.0,19.0,0.0,0.0,41.0,4.0,12.0,15.0,18.0,3.0,0.0,0.0,0.0,0.0,12.0,15.0,0.0,0.0,0.0,0.0
C3_f0.7__baldwinian__s10,C3_f0.7__baldwinian,C3_f0.7,C3,baldwinian,10,400,train,50,1.18,17,17,109.40725480117223,0.75,0.5,348.0,45.0,53.0,350.0,109.0,19.0,0.0,0.0,29.0,1.0,3.0,34.0,12.0,2.0,0.0,0.0,0.0,0.0,3.0,34.0,0.0,0.0,0.0,0.0
C3_f0.7__baldwinian__s10,C3_f0.7__baldwinian,C3_f0.7,C3,baldwinian,10,450,train,50,1.08,17,17,130.32553896619524,0.5833333333333334,0.5,412.0,74.0,75.0,390.0,110.0,9.0,0.0,0.0,40.0,4.0,10.0,17.0,13.0,1.0,0.0,0.0,0.0,0.0,10.0,17.0,0.0,0.0,0.0,0.0
C3_f0.7__baldwinian__s10,C3_f0.7__baldwinian,C3_f0.7,C3,baldwinian,10,500,train,50,1.32,13,13,77.64363662744711,0.8125,0.5,313.0,60.0,94.0,490.0,72.0,10.0,0.0,0.0,44.0,3.0,10.0,19.0,16.0,3.0,0.0,0.0,0.0,0.0,10.0,19.0,0.0,0.0,0.0,0.0
C3_f0.7__baldwinian__s10,C3_f0.7__baldwinian,C3_f0.7,C3,baldwinian,10,550,train,50,1.66,20,20,94.10913375467473,0.8125,0.5,272.0,52.0,59.0,411.0,65.0,11.0,0.0,0.0,44.0,1.0,11.0,30.0,22.0,3.0,0.0,0.0,0.0,0.0,11.0,30.0,0.0,0.0,0.0,0.0
C3_f0.7__baldwinian__s10,C3_f0.7__baldwinian,C3_f0.7,C3,baldwinian,10,600,train,50,1.88,15,15,105.61515815414916,0.75,0.5,470.0,82.0,62.0,366.0,59.0,13.0,0.0,0.0,41.0,3.0,8.0,27.0,16.0,3.0,0.0,0.0,0.0,0.0,8.0,27.0,0.0,0.0,0.0,0.0
C3_f0.7__baldwinian__s10,C3_f0.7__baldwinian,C3_f0.7,C3,baldwinian,10,650,train,50,1.98,9,9,89.81045709189743,0.7916666666666666,0.5,414.0,73.0,44.0,317.0,75.0,21.0,0.0,0.0,41.0,5.0,7.0,23.0,25.0,5.0,0.0,0.0,0.0,0.0,7.0,23.0,0.0,0.0,0.0,0.0
C3_f0.7__baldwinian__s10,C3_f0.7__baldwinian,C3_f0.7,C3,baldwinian,10,700,train,50,2.06,17,17,63.459778374394354,0.8958333333333334,0.5,266.0,48.0,52.0,354.0,58.0,14.0,0.0,0.0,45.0,11.0,5.0,25.0,13.0,1.0,0.0,0.0,0.0,0.0,5.0,25.0,0.0,0.0,0.0,0.0
C3_f0.7__baldwinian__s10,C3_f0.7__baldwinian,C3_f0.7,C3,baldwinian,10,750,train,50,2.12,13,13,89.14078094455635,0.8333333333333334,0.5,346.0,58.0,48.0,244.0,146.0,24.0,0.0,0.0,39.0,6.0,3.0,18.0,21.0,5.0,0.0,0.0,0.0,0.0,3.0,18.0,0.0,0.0,0.0,0.0
C3_f0.7__baldwinian__s10,C3_f0.7__baldwinian,C3_f0.7,C3,baldwinian,10,800,train,50,2.22,22,22,117.31642843176401,0.6666666666666666,0.5,279.0,61.0,56.0,306.0,93.0,19.0,0.0,0.0,37.0,3.0,6.0,22.0,13.0,4.0,0.0,0.0,0.0,0.0,6.0,22.0,0.0,0.0,0.0,0.0
C3_f0.7__baldwinian__s10,C3_f0.7__baldwinian,C3_f0.7,C3,baldwinian,10,850,train,50,2.18,13,13,81.7048228282234,0.8541666666666666,0.5,386.0,70.0,80.0,450.0,96.0,16.0,0.0,0.0,42.0,7.0,7.0,34.0,18.0,0.0,0.0,0.0,0.0,0.0,7.0,34.0,0.0,0.0,0.0,0.0
C3_f0.7__baldwinian__s10,C3_f0.7__baldwinian,C3_f0.7,C3,baldwinian,10,900,train,50,2.24,14,14,74.40101941980458,0.875,0.5,329.0,50.0,53.0,266.0,90.0,20.0,0.0,0.0,45.0,7.0,7.0,28.0,23.0,4.0,0.0,0.0,0.0,0.0,7.0,28.0,0.0,0.0,0.0,0.0
C3_f0.7__baldwinian__s10,C3_f0.7__baldwinian,C3_f0.7,C3,baldwinian,10,950,train,50,2.32,10,10,127.78484308017804,0.7291666666666666,0.5,314.0,50.0,52.0,374.0,83.0,14.0,0.0,0.0,38.0,5.0,10.0,23.0,15.0,2.0,0.0,0.0,0.0,0.0,10.0,23.0,0.0,0.0,0.0,0.0
C3_f0.7__baldwinian__s10,C3_f0.7__baldwinian,C3_f0.7,C3,baldwinian,10,1000,train,50,2.52,13,13,97.84992656311903,0.75,0.5,484.0,92.0,83.0,454.0,121.0,20.0,0.0,0.0,49.0,7.0,8.0,20.0,21.0,1.0,0.0,0.0,0.0,0.0,8.0,20.0,0.0,0.0,0.0,0.0
C3_f0.7__baldwinian__s10,C3_f0.7__baldwinian,C3_f0.7,C3,baldwinian,10,1050,train,50,2.84,17,17,116.46481327149164,0.7291666666666666,0.5,450.0,61.0,68.0,438.0,80.0,17.0,0.0,0.0,43.0,0.0,6.0,19.0,19.0,3.0,0.0,0.0,0.0,0.0,6.0,19.0,0.0,0.0,0.0,0.0
C3_f0.7__baldwinian__s10,C3_f0.7__baldwinian,C3_f0.7,C3,baldwinian,10,1100,train,50,2.92,10,10,61.73342204128916,0.875,0.5,376.0,68.0,85.0,401.0,65.0,16.0,0.0,0.0,47.0,7.0,13.0,23.0,26.0,2.0,0.0,0.0,0.0,0.0,13.0,23.0,0.0,0.0,0.0,0.0
C3_f0.7__baldwinian__s10,C3_f0.7__baldwinian,C3_f0.7,C3,baldwinian,10,1150,train,50,3.02,13,13,69.82519426801355,0.8958333333333334,0.5,370.0,77.0,88.0,487.0,94.0,14.0,0.0,0.0,43.0,5.0,10.0,23.0,22.0,0.0,0.0,0.0,0.0,0.0,10.0,23.0,0.0,0.0,0.0,0.0
C3_f0.7__baldwinian__s10,C3_f0.7__baldwinian,C3_f0.7,C3,baldwinian,10,1200,train,50,2.9,20,20,72.9810037858441,0.8541666666666666,0.5,239.0,64.0,50.0,275.0,80.0,17.0,0.0,0.0,38.0,6.0,9.0,34.0,16.0,4.0,0.0,0.0,0.0,0.0,9.0,34.0,0.0,0.0,0.0,0.0
C3_f0.7__baldwinian__s10,C3_f0.7__baldwinian,C3_f0.7,C3,baldwinian,10,1250,train,50,2.88,15,15,96.97490621199204,0.7916666666666666,0.5,309.0,59.0,35.0,284.0,115.0,20.0,0.0,0.0,43.0,3.0,6.0,25.0,18.0,2.0,0.0,0.0,0.0,0.0,6.0,25.0,0.0,0.0,0.0,0.0
C3_f0.7__baldwinian__s10,C3_f0.7__baldwinian,C3_f0.7,C3,baldwinian,10,1300,train,50,3.06,22,22,93.44626021964248,0.7708333333333334,0.5,221.0,42.0,66.0,311.0,94.0,15.0,0.0,0.0,42.0,3.0,11.0,22.0,16.0,2.0,0.0,0.0,0.0,0.0,11.0,22.0,0.0,0.0,0.0,0.0
C3_f0.7__baldwinian__s10,C3_f0.7__baldwinian,C3_f0.7,C3,baldwinian,10,1350,train,50,3.26,14,14,88.10356508946792,0.875,0.5,301.0,75.0,51.0,255.0,61.0,7.0,0.0,0.0,44.0,6.0,7.0,28.0,16.0,1.0,0.0,0.0,0.0,0.0,7.0,28.0,0.0,0.0,0.0,0.0
C3_f0.7__baldwinian__s10,C3_f0.7__baldwinian,C3_f0.7,C3,baldwinian,10,1400,train,50,3.44,18,18,64.6362335704107,0.875,0.5,318.0,52.0,66.0,343.0,56.0,7.0,0.0,0.0,45.0,1.0,10.0,30.0,11.0,2.0,0.0,0.0,0.0,0.0,10.0,30.0,0.0,0.0,0.0,0.0
C3_f0.7__baldwinian__s10,C3_f0.7__baldwinian,C3_f0.7,C3,baldwinian,10,1450,train,50,3.6,15,15,86.08775072234462,0.7708333333333334,0.5,422.0,69.0,36.0,270.0,79.0,10.0,0.0,0.0,42.0,3.0,8.0,23.0,19.0,4.0,0.0,0.0,0.0,0.0,8.0,23.0,0.0,0.0,0.0,0.0
C3_f0.7__baldwinian__s10,C3_f0.7__baldwinian,C3_f0.7,C3,baldwinian,10,1500,train,50,3.86,7,7,83.61225152482662,0.8541666666666666,0.5,313.0,57.0,90.0,450.0,85.0,19.0,0.0,0.0,34.0,8.0,14.0,30.0,19.0,3.0,0.0,0.0,0.0,0.0,14.0,30.0,0.0,0.0,0.0,0.0
C3_f0.7__baldwinian__s10,C3_f0.7__baldwinian,C3_f0.7,C3,baldwinian,10,1550,eval,50,3.88,23,23,107.98935327816156,0.75,0.5,413.0,82.0,105.0,571.0,38.0,11.0,14.0,75.0,38.0,3.0,3.0,32.0,6.0,0.0,5.0,12.0,0.0,0.0,3.0,32.0,0.0,0.0,5.0,12.0
C3_f0.7__baldwinian__s10,C3_f0.7__baldwinian,C3_f0.7,C3,baldwinian,10,1600,eval,50,3.86,12,12,127.59072072667978,0.6666666666666666,0.5,481.0,82.0,90.0,548.0,80.0,12.0,12.0,91.0,42.0,8.0,11.0,23.0,10.0,0.0,1.0,5.0,0.0,0.0,11.0,23.0,0.0,0.0,1.0,5.0
C3_f0.7__baldwinian__s10,C3_f0.7__baldwinian,C3_f0.7,C3,baldwinian,10,1650,eval,50,3.82,14,14,144.982367287547,0.6458333333333334,0.5,452.0,63.0,127.0,605.0,107.0,17.0,12.0,79.0,39.0,0.0,16.0,20.0,10.0,2.0,2.0,7.0,0.0,0.0,16.0,20.0,0.0,0.0,2.0,7.0
C3_f0.7__baldwinian__s10,C3_f0.7__baldwinian,C3_f0.7,C3,baldwinian,10,1700,eval,50,3.86,9,9,179.49003567928256,0.4583333333333333,0.5,501.0,91.0,88.0,465.0,87.0,14.0,17.0,107.0,33.0,4.0,8.0,14.0,14.0,1.0,2.0,1.0,0.0,0.0,8.0,14.0,0.0,0.0,2.0,1.0
C3_f0.7__baldwinian__s10,C3_f0.7__baldwinian,C3_f0.7,C3,baldwinian,10,1750,eval,50,3.94,9,9,203.50786686152526,0.3958333333333333,0.5,459.0,77.0,76.0,426.0,76.0,10.0,16.0,81.0,24.0,5.0,10.0,19.0,8.0,1.0,3.0,7.0,0.0,0.0,10.0,19.0,0.0,0.0,3.0,7.0
C3_f0.7__baldwinian__s10,C3_f0.7__baldwinian,C3_f0.7,C3,baldwinian,10,1800,eval,50,4.22,15,15,185.73761126431003,0.4791666666666667,0.5,535.0,95.0,82.0,468.0,78.0,12.0,5.0,19.0,31.0,7.0,10.0,20.0,8.0,1.0,0.0,0.0,0.0,0.0,10.0,20.0,0.0,0.0,0.0,0.0
C3_f0.7__baldwinian__s11,C3_f0.7__baldwinian,C3_f0.7,C3,baldwinian,11,50,train,50,0.8,33,3,71.70187755572556,0.875,0.5,167.0,34.0,38.0,233.0,130.0,29.0,0.0,0.0,29.0,9.0,9.0,41.0,30.0,2.0,0.0,0.0,0.0,0.0,9.0,41.0,0.0,0.0,0.0,0.0
C3_f0.7__baldwinian__s11,C3_f0.7__baldwinian,C3_f0.7,C3,baldwinian,11,100,train,49,0.8367346938775511,9,10,82.40487425326182,0.8125,0.5,262.0,41.0,71.0,317.0,131.0,26.0,0.0,0.0,17.0,3.0,6.0,22.0,25.0,5.0,0.0,0.0,0.0,0.0,6.0,22.0,0.0,0.0,0.0,0.0
C3_f0.7__baldwinian__s11,C3_f0.7__baldwinian,C3_f0.7,C3,baldwinian,11,150,train,50,0.86,13,12,59.96089349529971,0.875,0.5,364.0,56.0,88.0,536.0,64.0,10.0,0.0,0.0,35.0,2.0,8.0,37.0,21.0,5.0,0.0,0.0,0.0,0.0,8.0,37.0,0.0,0.0,0.0,0.0
C3_f0.7__baldwinian__s11,C3_f0.7__baldwinian,C3_f0.7,C3,baldwinian,11,200,train,50,0.86,14,14,134.52824074359546,0.7083333333333334,0.5,456.0,89.0,58.0,266.0,118.0,23.0,0.0,0.0,42.0,4.0,8.0,17.0,15.0,4.0,0.0,0.0,0.0,0.0,8.0,17.0,0.0,0.0,0.0,0.0
C3_f0.7__baldwinian__s11,C3_f0.7__baldwinian,C3_f0.7,C3,baldwinian,11,250,train,50,0.98,16,16,97.41643933096022,0.7916666666666666,0.5,331.0,62.0,62.0,366.0,88.0,15.0,0.0,0.0,29.0,4.0,12.0,26.0,25.0,2.0,0.0,0.0,0.0,0.0,12.0,26.0,0.0,0.0,0.0,0.0
C3_f0.7__baldwinian__s11,C3_f0.7__baldwinian,C3_f0.7,C3,baldwinian,11,300,train,50,1.0,20,20,64.42482088263368,0.9166666666666666,0.5,376.0,57.0,83.0,526.0,119.0,17.0,0.0,0.0,43.0,3.0,8.0,32.0,28.0,4.0,0.0,0.0,0.0,0.0,8.0,32.0,0.0,0.0,0.0,0.0
C3_f0.7__baldwinian__s11,C3_f0.7__baldwinian,C3_f0.7,C3,baldwinian,11,350,train,50,1.12,13,13,119.86137109386628,0.75,0.5,320.0,61.0,58.0,320.0,91.0,12.0,0.0,0.0,35.0,3.0,8.0,16.0,29.0,4.0,0.0,0.0,0.0,0.0,8.0,16.0,0.0,0.0,0.0,0.0
C3_f0.7__baldwinian__s11,C3_f0.7__baldwinian,C3_f0.7,C3,baldwinian,11,400,train,50,1.1,15,15,70.31100884041861,0.8541666666666666,0.5,453.0,70.0,65.0,329.0,140.0,26.0,0.0,0.0,41.0,6.0,7.0,20.0,17.0,4.0,0.0,0.0,0.0,0.0,7.0,20.0,0.0,0.0,0.0,0.0
C3_f0.7__baldwinian__s11,C3_f0.7__baldwinian,C3_f0.7,C3,baldwinian,11,450,train,50,1.12,13,13,96.74588647981209,0.8333333333333334,0.5,275.0,58.0,58.0,304.0,100.0,20.0,0.0,0.0,37.0,3.0,5.0,24.0,26.0,5.0,0.0,0.0,0.0,0.0,5.0,24.0,0.0,0.0,0.0,0.0
C3_f0.7__baldwinian__s11,C3_f0.7__baldwinian,C3_f0.7,C3,baldwinian,11,500,train,49,1.3877551020408163,16,17,66.07443591942229,0.875,0.5,336.0,65.0,51.0,310.0,108.0,24.0,0.0,0.0,50.0,6.0,7.0,18.0,35.0,4.0,0.0,0.0,0.0,0.0,7.0,18.0,0.0,0.0,0.0,0.0
C3_f0.7__baldwinian__s11,C3_f0.7__baldwinian,C3_f0.7,C3,baldwinian,11,550,train,50,1.94,23,22,110.36362225736431,0.8125,0.5,219.0,39.0,39.0,228.0,129.0,17.0,0.0,0.0,30.0,6.0,8.0,15.0,18.0,3.0,0.0,0.0,0.0,0.0,8.0,15.0,0.0,0.0,0.0,0.0
C3_f0.7__baldwinian__s11,C3_f0.7__baldwinian,C3_f0.7,C3,baldwinian,11,600,train,50,2.36,19,19,100.4443125485881,0.8125,0.5,230.0,47.0,37.0,244.0,184.0,23.0,0.0,0.0,36.0,7.0,5.0,26.0,24.0,3.0,0.0,0.0,0.0,0.0,5.0,26.0,0.0,0.0,0.0,0.0
C3_f0.7__baldwinian__s11,C3_f0.7__baldwinian,C3_f0.7,C3,baldwinian,11,650,train,50,2.46,13,13,55.780608112452796,0.8333333333333334,0.5,351.0,70.0,49.0,284.0,218.0,42.0,0.0,0.0,31.0,5.0,11.0,27.0,23.0,5.0,0.0,0.0,0.0,0.0,11.0,27.0,0.0,0.0,0.0,0.0
C3_f0.7__baldwinian__s11,C3_f0.7__baldwinian,C3_f0.7,C3,baldwinian,11,700,train,50,2.62,20,20,99.08246952373477,0.8541666666666666,0.5,267.0,52.0,39.0,214.0,98.0,18.0,0.0,0.0,34.0,5.0,9.0,21.0,17.0,3.0,0.0,0.0,0.0,0.0,9.0,21.0,0.0,0.0,0.0,0.0
C3_f0.7__baldwinian__s11,C3_f0.7__baldwinian,C3_f0.7,C3,baldwinian,11,750,train,47,2.893617021276596,15,18,50.91865660092527,0.9375,0.5,288.0,53.0,64.0,375.0,153.0,30.0,0.0,0.0,41.0,5.0,3.0,33.0,29.0,2.0,0.0,0.0,0.0,0.0,3.0,33.0,0.0,0.0,0.0,0.0
C3_f0.7__baldwinian__s11,C3_f0.7__baldwinian,C3_f0.7,C3,baldwinian,11,800,train,46,3.0434782608695654,16,17,126.27625553130991,0.6666666666666666,0.5,330.0,61.0,55.0,385.0,129.0,25.0,0.0,0.0,25.0,1.0,9.0,27.0,18.0,0.0,0.0,0.0,0.0,0.0,9.0,27.0,0.0,0.0,0.0,0.0
C3_f0.7__baldwinian__s11,C3_f0.7__baldwinian,C3_f0.7,C3,baldwinian,11,850,train,50,3.18,11,7,82.15882621539959,0.8125,0.5,455.0,74.0,68.0,333.0,148.0,25.0,0.0,0.0,50.0,4.0,8.0,18.0,30.0,1.0,0.0,0.0,0.0,0.0,8.0,18.0,0.0,0.0,0.0,0.0
C3_f0.7__baldwinian__s11,C3_f0.7__baldwinian,C3_f0.7,C3,baldwinian,11,900,train,50,3.3,10,10,55.80685382936889,0.9375,0.5,362.0,73.0,84.0,359.0,118.0,18.0,0.0,0.0,46.0,4.0,10.0,14.0,26.0,4.0,0.0,0.0,0.0,0.0,10.0,14.0,0.0,0.0,0.0,0.0
C3_f0.7__baldwinian__s11,C3_f0.7__baldwinian,C3_f0.7,C3,baldwinian,11,950,train,50,3.44,12,12,55.0886124443585,0.9375,0.5,316.0,44.0,57.0,350.0,149.0,36.0,0.0,0.0,48.0,5.0,6.0,22.0,28.0,6.0,0.0,0.0,0.0,0.0,6.0,22.0,0.0,0.0,0.0,0.0
C3_f0.7__baldwinian__s11,C3_f0.7__baldwinian,C3_f0.7,C3,baldwinian,11,1000,train,50,3.56,20,20,67.84949164801597,0.8333333333333334,0.5,302.0,66.0,54.0,309.0,148.0,32.0,0.0,0.0,47.0,5.0,10.0,18.0,16.0,6.0,0.0,0.0,0.0,0.0,10.0,18.0,0.0,0.0,0.0,0.0
C3_f0.7__baldwinian__s11,C3_f0.7__baldwinian,C3_f0.7,C3,baldwinian,11,1050,train,50,3.88,28,28,86.12505882072381,0.8541666666666666,0.5,236.0,40.0,52.0,298.0,143.0,24.0,0.0,0.0,29.0,2.0,7.0,31.0,27.0,1.0,0.0,0.0,0.0,0.0,7.0,31.0,0.0,0.0,0.0,0.0
C3_f0.7__baldwinian__s11,C3_f0.7__baldwinian,C3_f0.7,C3,baldwinian,11,1100,train,50,4.2,26,26,54.870210400160865,0.875,0.5,273.0,40.0,57.0,267.0,105.0,19.0,0.0,0.0,40.0,5.0,2.0,29.0,24.0,2.0,0.0,0.0,0.0,0.0,2.0,29.0,0.0,0.0,0.0,0.0
C3_f0.7__baldwinian__s11,C3_f0.7__baldwinian,C3_f0.7,C3,baldwinian,11,1150,train,50,4.38,17,17,69.81369527318478,0.8958333333333334,0.5,176.0,33.0,41.0,302.0,74.0,8.0,0.0,0.0,33.0,6.0,5.0,21.0,22.0,3.0,0.0,0.0,0.0,0.0,5.0,21.0,0.0,0.0,0.0,0.0
C3_f0.7__baldwinian__s11,C3_f0.7__baldwinian,C3_f0.7,C3,baldwinian,11,1200,train,50,4.7,18,18,103.66141033208143,0.8125,0.5,231.0,37.0,41.0,352.0,107.0,13.0,0.0,0.0,22.0,11.0,6.0,26.0,17.0,4.0,0.0,0.0,0.0,0.0,6.0,26.0,0.0,0.0,0.0,0.0
C3_f0.7__baldwinian__s11,C3_f0.7__baldwinian,C3_f0.7,C3,baldwinian,11,1250,train,50,4.82,18,18,71.36667010661222,0.9375,0.5,252.0,53.0,42.0,202.0,127.0,36.0,0.0,0.0,31.0,7.0,2.0,28.0,20.0,2.0,0.0,0.0,0.0,0.0,2.0,28.0,0.0,0.0,0.0,0.0
C3_f0.7__baldwinian__s11,C3_f0.7__baldwinian,C3_f0.7,C3,baldwinian,11,1300,train,50,5.04,17,17,99.97803494956115,0.7916666666666666,0.5,271.0,38.0,40.0,288.0,94.0,11.0,0.0,0.0,32.0,3.0,6.0,21.0,27.0,2.0,0.0,0.0,0.0,0.0,6.0,21.0,0.0,0.0,0.0,0.0
C3_f0.7__baldwinian__s11,C3_f0.7__baldwinian,C3_f0.7,C3,baldwinian,11,1350,train,50,5.02,13,13,64.59538879792264,0.9166666666666666,0.5,408.0,55.0,71.0,298.0,115.0,27.0,0.0,0.0,46.0,6.0,7.0,32.0,26.0,4.0,0.0,0.0,0.0,0.0,7.0,32.0,0.0,0.0,0.0,0.0
C3_f0.7__baldwinian__s11,C3_f0.7__baldwinian,C3_f0.7,C3,baldwinian,11,1400,train,50,5.08,15,15,85.1816762401677,0.8541666666666666,0.5,285.0,52.0,22.0,233.0,207.0,35.0,0.0,0.0,34.0,13.0,6.0,20.0,28.0,4.0,0.0,0.0,0.0,0.0,6.0,20.0,0.0,0.0,0.0,0.0
C3_f0.7__baldwinian__s11,C3_f0.7__baldwinian,C3_f0.7,C3,baldwinian,11,1450,train,46,5.369565217391305,25,29,87.85137978338832,0.8333333333333334,0.5,195.0,34.0,57.0,306.0,164.0,29.0,0.0,0.0,34.0,3.0,11.0,34.0,26.0,3.0,0.0,0.0,0.0,0.0,11.0,34.0,0.0,0.0,0.0,0.0
C3_f0.7__baldwinian__s11,C3_f0.7__baldwinian,C3_f0.7,C3,baldwinian,11,1500,train,50,5.56,17,13,100.51634974679148,0.7916666666666666,0.5,244.0,42.0,55.0,194.0,91.0,19.0,0.0,0.0,34.0,6.0,8.0,14.0,14.0,5.0,0.0,0.0,0.0,0.0,8.0,14.0,0.0,0.0,0.0,0.0
C3_f0.7__baldwinian__s11,C3_f0.7__baldwinian,C3_f0.7,C3,baldwinian,11,1550,eval,44,6.0,20,26,126.88276837831476,0.6875,0.5,303.0,49.0,46.0,291.0,50.0,13.0,15.0,87.0,28.0,2.0,9.0,32.0,7.0,1.0,3.0,17.0,0.0,0.0,9.0,32.0,0.0,0.0,3.0,17.0
C3_f0.7__baldwinian__s11,C3_f0.7__baldwinian,C3_f0.7,C3,baldwinian,11,1600,eval,46,6.369565217391305,23,21,128.00157230871673,0.7083333333333334,0.5,331.0,46.0,71.0,382.0,51.0,14.0,17.0,65.0,34.0,8.0,5.0,32.0,2.0,0.0,2.0,9.0,0.0,0.0,5.0,32.0,0.0,0.0,2.0,9.0
C3_f0.7__baldwinian__s11,C3_f0.7__baldwinian,C3_f0.7,C3,baldwinian,11,1650,eval,50,6.5,22,18,158.7311332582483,0.6041666666666666,0.5,355.0,55.0,50.0,338.0,110.0,20.0,43.0,175.0,22.0,2.0,2.0,23.0,9.0,4.0,5.0,13.0,0.0,0.0,2.0,23.0,0.0,0.0,5.0,13.0
C3_f0.7__baldwinian__s11,C3_f0.7__baldwinian,C3_f0.7,C3,baldwinian,11,1700,eval,50,6.6,15,15,209.76482071058211,0.4583333333333333,0.5,274.0,63.0,49.0,339.0,165.0,27.0,18.0,106.0,16.0,5.0,4.0,18.0,12.0,1.0,1.0,6.0,0.0,0.0,4.0,18.0,0.0,0.0,1.0,6.0
C3_f0.7__baldwinian__s11,C3_f0.7__baldwinian,C3_f0.7,C3,baldwinian,11,1750,eval,50,6.7,17,17,160.918675216974,0.6041666666666666,0.5,471.0,81.0,90.0,486.0,105.0,22.0,36.0,177.0,21.0,7.0,7.0,29.0,13.0,0.0,3.0,11.0,0.0,0.0,7.0,29.0,0.0,0.0,3.0,11.0
C3_f0.7__baldwinian__s11,C3_f0.7__baldwinian,C3_f0.7,C3,baldwinian,11,1800,eval,50,6.78,11,11,171.9130619397577,0.5833333333333334,0.5,467.0,97.0,47.0,235.0,90.0,18.0,34.0,133.0,48.0,5.0,5.0,20.0,4.0,0.0,1.0,5.0,0.0,0.0,5.0,20.0,0.0,0.0,1.0,5.0
C3_f0.7__baldwinian__s12,C3_f0.7__baldwinian,C3_f0.7,C3,baldwinian,12,50,train,50,0.78,34,4,98.75019131224883,0.8333333333333334,0.5,148.0,25.0,42.0,205.0,73.0,9.0,0.0,0.0,27.0,5.0,5.0,32.0,24.0,3.0,0.0,0.0,0.0,0.0,5.0,32.0,0.0,0.0,0.0,0.0
C3_f0.7__baldwinian__s12,C3_f0.7__baldwinian,C3_f0.7,C3,baldwinian,12,100,train,50,0.78,5,5,90.36733122825996,0.7916666666666666,0.5,359.0,53.0,44.0,260.0,77.0,7.0,0.0,0.0,44.0,2.0,6.0,27.0,18.0,1.0,0.0,0.0,0.0,0.0,6.0,27.0,0.0,0.0,0.0,0.0
C3_f0.7__baldwinian__s12,C3_f0.7__baldwinian,C3_f0.7,C3,baldwinian,12,150,train,50,0.78,13,13,96.43934283818567,0.8125,0.5,291.0,52.0,80.0,424.0,103.0,15.0,0.0,0.0,41.0,7.0,13.0,19.0,19.0,4.0,0.0,0.0,0.0,0.0,13.0,19.0,0.0,0.0,0.0,0.0
C3_f0.7__baldwinian__s12,C3_f0.7__baldwinian,C3_f0.7,C3,baldwinian,12,200,train,50,0.82,16,16,73.58499493041083,0.875,0.5,385.0,69.0,52.0,333.0,70.0,12.0,0.0,0.0,44.0,7.0,7.0,21.0,24.0,2.0,0.0,0.0,0.0,0.0,7.0,21.0,0.0,0.0,0.0,0.0
C3_f0.7__baldwinian__s12,C3_f0.7__baldwinian,C3_f0.7,C3,baldwinian,12,250,train,50,0.86,19,19,143.1162369871722,0.6041666666666666,0.5,247.0,45.0,45.0,325.0,86.0,19.0,0.0,0.0,26.0,2.0,8.0,28.0,16.0,4.0,0.0,0.0,0.0,0.0,8.0,28.0,0.0,0.0,0.0,0.0
C3_f0.7__baldwinian__s12,C3_f0.7__baldwinian,C3_f0.7,C3,baldwinian,12,300,train,50,0.94,19,19,79.01962383111518,0.8541666666666666,0.5,264.0,53.0,67.0,317.0,86.0,19.0,0.0,0.0,50.0,8.0,11.0,22.0,17.0,5.0,0.0,0.0,0.0,0.0,11.0,22.0,0.0,0.0,0.0,0.0
C3_f0.7__baldwinian__s12,C3_f0.7__baldwinian,C3_f0.7,C3,baldwinian,12,350,train,50,0.88,12,12,72.47089990842434,0.8333333333333334,0.5,346.0,84.0,39.0,292.0,126.0,23.0,0.0,0.0,35.0,3.0,6.0,19.0,17.0,8.0,0.0,0.0,0.0,0.0,6.0,19.0,0.0,0.0,0.0,0.0
C3_f0.7__baldwinian__s12,C3_f0.7__baldwinian,C3_f0.7,C3,baldwinian,12,400,train,50,0.92,16,16,99.08766361975734,0.8125,0.5,308.0,58.0,62.0,354.0,96.0,14.0,0.0,0.0,51.0,9.0,5.0,23.0,14.0,4.0,0.0,0.0,0.0,0.0,5.0,23.0,0.0,0.0,0.0,0.0
C3_f0.7__baldwinian__s12,C3_f0.7__baldwinian,C3_f0.7,C3,baldwinian,12,450,train,50,1.0,13,13,84.16083274078532,0.7916666666666666,0.5,311.0,61.0,75.0,368.0,175.0,25.0,0.0,0.0,37.0,3.0,8.0,24.0,26.0,4.0,0.0,0.0,0.0,0.0,8.0,24.0,0.0,0.0,0.0,0.0
C3_f0.7__baldwinian__s12,C3_f0.7__baldwinian,C3_f0.7,C3,baldwinian,12,500,train,44,1.2272727272727273,14,20,78.3168795829731,0.7708333333333334,0.5,422.0,63.0,66.0,310.0,80.0,13.0,0.0,0.0,52.0,4.0,10.0,18.0,16.0,2.0,0.0,0.0,0.0,0.0,10.0,18.0,0.0,0.0,0.0,0.0
C3_f0.7__baldwinian__s12,C3_f0.7__baldwinian,C3_f0.7,C3,baldwinian,12,550,train,50,1.6,23,17,113.87641416498954,0.7708333333333334,0.5,293.0,55.0,46.0,231.0,69.0,11.0,0.0,0.0,47.0,3.0,7.0,21.0,15.0,2.0,0.0,0.0,0.0,0.0,7.0,21.0,0.0,0.0,0.0,0.0
C3_f0.7__baldwinian__s12,C3_f0.7__baldwinian,C3_f0.7,C3,baldwinian,12,600,train,50,1.8,21,21,67.17751866988489,0.8958333333333334,0.5,231.0,31.0,58.0,297.0,107.0,25.0,0.0,0.0,44.0,3.0,11.0,29.0,25.0,7.0,0.0,0.0,0.0,0.0,11.0,29.0,0.0,0.0,0.0,0.0
C3_f0.7__baldwinian__s12,C3_f0.7__baldwinian,C3_f0.7,C3,baldwinian,12,650,train,46,1.9130434782608696,12,16,85.58848472254306,0.8333333333333334,0.5,256.0,38.0,64.0,302.0,90.0,14.0,0.0,0.0,39.0,6.0,15.0,24.0,19.0,1.0,0.0,0.0,0.0,0.0,15.0,24.0,0.0,0.0,0.0,0.0
C3_f0.7__baldwinian__s12,C3_f0.7__baldwinian,C3_f0.7,C3,baldwinian,12,700,train,48,2.1666666666666665,22,20,130.95622725557712,0.625,0.5,297.0,47.0,72.0,381.0,136.0,23.0,0.0,0.0,24.0,7.0,9.0,25.0,19.0,6.0,0.0,0.0,0.0,0.0,9.0,25.0,0.0,0.0,0.0,0.0
C3_f0.7__baldwinian__s12,C3_f0.7__baldwinian,C3_f0.7,C3,baldwinian,12,750,train,50,2.14,22,20,66.50191211122487,0.875,0.5,471.0,71.0,61.0,369.0,127.0,22.0,0.0,0.0,50.0,6.0,4.0,28.0,18.0,8.0,0.0,0.0,0.0,0.0,4.0,28.0,0.0,0.0,0.0,0.0
C3_f0.7__baldwinian__s12,C3_f0.7__baldwinian,C3_f0.7,C3,baldwinian,12,800,train,50,2.34,18,18,109.58415208999233,0.7291666666666666,0.5,331.0,57.0,46.0,269.0,130.0,22.0,0.0,0.0,37.0,2.0,5.0,21.0,12.0,8.0,0.0,0.0,0.0,0.0,5.0,21.0,0.0,0.0,0.0,0.0
C3_f0.7__baldwinian__s12,C3_f0.7__baldwinian,C3_f0.7,C3,baldwinian,12,850,train,50,2.34,12,12,87.15778333018902,0.7916666666666666,0.5,328.0,49.0,50.0,347.0,83.0,14.0,0.0,0.0,48.0,4.0,3.0,24.0,14.0,4.0,0.0,0.0,0.0,0.0,3.0,24.0,0.0,0.0,0.0,0.0
C3_f0.7__baldwinian__s12,C3_f0.7__baldwinian,C3_f0.7,C3,baldwinian,12,900,train,50,2.48,16,16,77.63428001039594,0.8333333333333334,0.5,295.0,60.0,63.0,388.0,97.0,12.0,0.0,0.0,35.0,6.0,9.0,32.0,21.0,4.0,0.0,0.0,0.0,0.0,9.0,32.0,0.0,0.0,0.0,0.0
C3_f0.7__baldwinian__s12,C3_f0.7__baldwinian,C3_f0.7,C3,baldwinian,12,950,train,50,2.56,16,16,112.4856902218777,0.7708333333333334,0.5,450.0,78.0,78.0,343.0,69.0,12.0,0.0,0.0,38.0,3.0,9.0,25.0,17.0,2.0,0.0,0.0,0.0,0.0,9.0,25.0,0.0,0.0,0.0,0.0
C3_f0.7__baldwinian__s12,C3_f0.7__baldwinian,C3_f0.7,C3,baldwinian,12,1000,train,50,2.66,19,19,81.64906334121294,0.8125,0.5,339.0,57.0,51.0,327.0,84.0,17.0,0.0,0.0,53.0,5.0,8.0,22.0,18.0,5.0,0.0,0.0,0.0,0.0,8.0,22.0,0.0,0.0,0.0,0.0
C3_f0.7__baldwinian__s12,C3_f0.7__baldwinian,C3_f0.7,C3,baldwinian,12,1050,train,50,2.82,15,15,120.54367062779585,0.7708333333333334,0.5,317.0,51.0,56.0,369.0,32.0,7.0,0.0,0.0,38.0,4.0,9.0,25.0,9.0,0.0,0.0,0.0,0.0,0.0,9.0,25.0,0.0,0.0,0.0,0.0
C3_f0.7__baldwinian__s12,C3_f0.7__baldwinian,C3_f0.7,C3,baldwinian,12,1100,train,50,3.02,20,20,80.81084754095787,0.8125,0.5,314.0,51.0,75.0,358.0,61.0,10.0,0.0,0.0,49.0,3.0,11.0,29.0,12.0,4.0,0.0,0.0,0.0,0.0,11.0,29.0,0.0,0.0,0.0,0.0
C3_f0.7__baldwinian__s12,C3_f0.7__baldwinian,C3_f0.7,C3,baldwinian,12,1150,train,50,3.06,15,15,99.0674742513359,0.8541666666666666,0.5,312.0,57.0,71.0,434.0,103.0,15.0,0.0,0.0,41.0,6.0,6.0,26.0,15.0,5.0,0.0,0.0,0.0,0.0,6.0,26.0,0.0,0.0,0.0,0.0
C3_f0.7__baldwinian__s12,C3_f0.7__baldwinian,C3_f0.7,C3,baldwinian,12,1200,train,50,3.16,17,17,77.73572621104672,0.875,0.5,369.0,66.0,76.0,420.0,78.0,18.0,0.0,0.0,40.0,12.0,14.0,20.0,17.0,4.0,0.0,0.0,0.0,0.0,14.0,20.0,0.0,0.0,0.0,0.0
C3_f0.7__baldwinian__s12,C3_f0.7__baldwinian,C3_f0.7,C3,baldwinian,12,1250,train,50,3.46,19,19,92.33059822418493,0.7916666666666666,0.5,214.0,30.0,63.0,440.0,75.0,13.0,0.0,0.0,31.0,8.0,11.0,33.0,21.0,4.0,0.0,0.0,0.0,0.0,11.0,33.0,0.0,0.0,0.0,0.0
C3_f0.7__baldwinian__s12,C3_f0.7__baldwinian,C3_f0.7,C3,baldwinian,12,1300,train,50,3.64,19,19,74.68924528014907,0.8333333333333334,0.5,243.0,31.0,65.0,388.0,123.0,20.0,0.0,0.0,39.0,1.0,18.0,23.0,26.0,1.0,0.0,0.0,0.0,0.0,18.0,23.0,0.0,0.0,0.0,0.0
C3_f0.7__baldwinian__s12,C3_f0.7__baldwinian,C3_f0.7,C3,baldwinian,12,1350,train,50,3.7,13,13,106.61998811167882,0.7708333333333334,0.5,338.0,64.0,50.0,344.0,72.0,11.0,0.0,0.0,40.0,4.0,5.0,19.0,20.0,4.0,0.0,0.0,0.0,0.0,5.0,19.0,0.0,0.0,0.0,0.0
C3_f0.7__baldwinian__s12,C3_f0.7__baldwinian,C3_f0.7,C3,baldwinian,12,1400,train,50,3.76,18,18,73.21149321847469,0.8125,0.5,480.0,83.0,62.0,342.0,91.0,18.0,0.0,0.0,39.0,3.0,8.0,31.0,12.0,6.0,0.0,0.0,0.0,0.0,8.0,31.0,0.0,0.0,0.0,0.0
C3_f0.7__baldwinian__s12,C3_f0.7__baldwinian,C3_f0.7,C3,baldwinian,12,1450,train,50,3.8,13,13,127.77013970741265,0.6875,0.5,377.0,64.0,71.0,421.0,70.0,15.0,0.0,0.0,37.0,6.0,13.0,28.0,8.0,2.0,0.0,0.0,0.0,0.0,13.0,28.0,0.0,0.0,0.0,0.0
C3_f0.7__baldwinian__s12,C3_f0.7__baldwinian,C3_f0.7,C3,baldwinian,12,1500,train,50,3.88,18,18,109.8464537721665,0.75,0.5,298.0,36.0,59.0,317.0,171.0,29.0,0.0,0.0,37.0,2.0,8.0,23.0,16.0,7.0,0.0,0.0,0.0,0.0,8.0,23.0,0.0,0.0,0.0,0.0
C3_f0.7__baldwinian__s12,C3_f0.7__baldwinian,C3_f0.7,C3,baldwinian,12,1550,eval,50,4.24,22,22,139.4489384506814,0.6666666666666666,0.5,284.0,47.0,35.0,237.0,64.0,16.0,10.0,62.0,32.0,6.0,7.0,26.0,10.0,3.0,1.0,5.0,0.0,0.0,7.0,26.0,0.0,0.0,1.0,5.0
C3_f0.7__baldwinian__s12,C3_f0.7__baldwinian,C3_f0.7,C3,baldwinian,12,1600,eval,50,4.74,21,21,131.9275313672198,0.7083333333333334,0.5,238.0,47.0,32.0,186.0,50.0,7.0,20.0,87.0,33.0,4.0,5.0,25.0,3.0,0.0,4.0,9.0,0.0,0.0,5.0,25.0,0.0,0.0,4.0,9.0
C3_f0.7__baldwinian__s12,C3_f0.7__baldwinian,C3_f0.7,C3,baldwinian,12,1650,eval,50,4.68,19,19,157.8503449003319,0.6458333333333334,0.5,223.0,39.0,40.0,201.0,153.0,29.0,14.0,95.0,29.0,3.0,9.0,16.0,12.0,0.0,1.0,6.0,0.0,0.0,9.0,16.0,0.0,0.0,1.0,6.0
C3_f0.7__baldwinian__s12,C3_f0.7__baldwinian,C3_f0.7,C3,baldwinian,12,1700,eval,50,4.66,16,16,129.24194540826755,0.625,0.5,278.0,48.0,50.0,305.0,119.0,27.0,25.0,112.0,31.0,3.0,4.0,22.0,7.0,1.0,2.0,12.0,0.0,0.0,4.0,22.0,0.0,0.0,2.0,12.0
C3_f0.7__baldwinian__s12,C3_f0.7__baldwinian,C3_f0.7,C3,baldwinian,12,1750,eval,50,4.76,20,20,150.64646088448313,0.6875,0.5,410.0,72.0,44.0,279.0,80.0,15.0,17.0,86.0,40.0,6.0,8.0,28.0,5.0,1.0,4.0,3.0,0.0,0.0,8.0,28.0,0.0,0.0,4.0,3.0
C3_f0.7__baldwinian__s12,C3_f0.7__baldwinian,C3_f0.7,C3,baldwinian,12,1800,eval,50,4.78,16,16,154.4762974776636,0.5625,0.5,350.0,45.0,61.0,507.0,94.0,13.0,12.0,77.0,29.0,2.0,7.0,37.0,13.0,1.0,0.0,4.0,0.0,0.0,7.0,37.0,0.0,0.0,0.0,4.0
C3_f0.7__baldwinian__s13,C3_f0.7__baldwinian,C3_f0.7,C3,baldwinian,13,50,train,50,0.68,32,2,88.68170504630902,0.7708333333333334,0.5,207.0,35.0,54.0,279.0,43.0,8.0,0.0,0.0,37.0,6.0,5.0,36.0,13.0,2.0,0.0,0.0,0.0,0.0,5.0,36.0,0.0,0.0,0.0,0.0
C3_f0.7__baldwinian__s13,C3_f0.7__baldwinian,C3_f0.7,C3,baldwinian,13,100,train,50,0.68,9,9,80.7967885327192,0.875,0.5,261.0,49.0,60.0,277.0,65.0,10.0,0.0,0.0,40.0,7.0,6.0,29.0,12.0,3.0,0.0,0.0,0.0,0.0,6.0,29.0,0.0,0.0,0.0,0.0
C3_f0.7__baldwinian__s13,C3_f0.7__baldwinian,C3_f0.7,C3,baldwinian,13,150,train,50,0.82,18,18,88.14970738854339,0.8125,0.5,360.0,54.0,71.0,381.0,138.0,24.0,0.0,0.0,39.0,6.0,6.0,28.0,13.0,2.0,0.0,0.0,0.0,0.0,6.0,28.0,0.0,0.0,0.0,0.0
C3_f0.7__baldwinian__s13,C3_f0.7__baldwinian,C3_f0.7,C3,baldwinian,13,200,train,50,0.8,8,8,97.35791957165841,0.8541666666666666,0.5,486.0,82.0,52.0,347.0,54.0,7.0,0.0,0.0,55.0,7.0,6.0,22.0,21.0,1.0,0.0,0.0,0.0,0.0,6.0,22.0,0.0,0.0,0.0,0.0
C3_f0.7__baldwinian__s13,C3_f0.7__baldwinian,C3_f0.7,C3,baldwinian,13,250,train,50,0.86,17,17,111.65785262631547,0.6666666666666666,0.5,472.0,70.0,82.0,403.0,83.0,7.0,0.0,0.0,33.0,7.0,12.0,23.0,17.0,1.0,0.0,0.0,0.0,0.0,12.0,23.0,0.0,0.0,0.0,0.0
C3_f0.7__baldwinian__s13,C3_f0.7__baldwinian,C3_f0.7,C3,baldwinian,13,300,train,50,0.82,13,13,68.86231950282638,0.8125,0.5,343.0,67.0,77.0,465.0,58.0,12.0,0.0,0.0,51.0,3.0,7.0,26.0,21.0,2.0,0.0,0.0,0.0,0.0,7.0,26.0,0.0,0.0,0.0,0.0
C3_f0.7__baldwinian__s13,C3_f0.7__baldwinian,C3_f0.7,C3,baldwinian,13,350,train,50,0.84,17,17,67.91535141398822,0.8958333333333334,0.5,337.0,50.0,45.0,340.0,69.0,16.0,0.0,0.0,55.0,1.0,6.0,25.0,13.0,2.0,0.0,0.0,0.0,0.0,6.0,25.0,0.0,0.0,0.0,0.0
C3_f0.7__baldwinian__s13,C3_f0.7__baldwinian,C3_f0.7,C3,baldwinian,13,400,train,50,0.92,20,20,71.91151634173556,0.8958333333333334,0.5,328.0,64.0,61.0,325.0,107.0,23.0,0.0,0.0,50.0,5.0,14.0,27.0,14.0,1.0,0.0,0.0,0.0,0.0,14.0,27.0,0.0,0.0,0.0,0.0
C3_f0.7__baldwinian__s13,C3_f0.7__baldwinian,C3_f0.7,C3,baldwinian,13,450,train,50,0.98,14,14,83.91898972513937,0.8125,0.5,420.0,76.0,77.0,405.0,68.0,16.0,0.0,0.0,44.0,7.0,14.0,30.0,12.0,3.0,0.0,0.0,0.0,0.0,14.0,30.0,0.0,0.0,0.0,0.0
C3_f0.7__baldwinian__s13,C3_f0.7__baldwinian,C3_f0.7,C3,baldwinian,13,500,train,45,1.2,22,27,87.1161749467623,0.7916666666666666,0.5,367.0,72.0,117.0,542.0,89.0,19.0,0.0,0.0,43.0,4.0,10.0,29.0,20.0,2.0,0.0,0.0,0.0,0.0,10.0,29.0,0.0,0.0,0.0,0.0
C3_f0.7__baldwinian__s13,C3_f0.7__baldwinian,C3_f0.7,C3,baldwinian,13,550,train,50,1.66,27,22,84.27905962444976,0.8541666666666666,0.5,382.0,69.0,48.0,312.0,127.0,27.0,0.0,0.0,50.0,9.0,5.0,26.0,16.0,5.0,0.0,0.0,0.0,0.0,5.0,26.0,0.0,0.0,0.0,0.0
C3_f0.7__baldwinian__s13,C3_f0.7__baldwinian,C3_f0.7,C3,baldwinian,13,600,train,42,1.8095238095238095,16,24,125.60888820640187,0.7291666666666666,0.5,270.0,48.0,53.0,263.0,75.0,19.0,0.0,0.0,31.0,5.0,7.0,27.0,13.0,2.0,0.0,0.0,0.0,0.0,7.0,27.0,0.0,0.0,0.0,0.0
C3_f0.7__baldwinian__s13,C3_f0.7__baldwinian,C3_f0.7,C3,baldwinian,13,650,train,50,2.06,23,15,44.655956212866364,0.9375,0.5,350.0,58.0,62.0,383.0,108.0,18.0,0.0,0.0,53.0,5.0,7.0,34.0,18.0,2.0,0.0,0.0,0.0,0.0,7.0,34.0,0.0,0.0,0.0,0.0
C3_f0.7__baldwinian__s13,C3_f0.7__baldwinian,C3_f0.7,C3,baldwinian,13,700,train,35,2.2,11,26,131.64047033863886,0.75,0.5,288.0,39.0,65.0,354.0,109.0,13.0,0.0,0.0,44.0,8.0,15.0,18.0,16.0,0.0,0.0,0.0,0.0,0.0,15.0,18.0,0.0,0.0,0.0,0.0
C3_f0.7__baldwinian__s13,C3_f0.7__baldwinian,C3_f0.7,C3,baldwinian,13,750,train,44,2.590909090909091,23,14,112.719890207178,0.7916666666666666,0.5,280.0,49.0,61.0,319.0,53.0,15.0,0.0,0.0,38.0,9.0,11.0,35.0,5.0,2.0,0.0,0.0,0.0,0.0,11.0,35.0,0.0,0.0,0.0,0.0
C3_f0.7__baldwinian__s13,C3_f0.7__baldwinian,C3_f0.7,C3,baldwinian,13,800,train,49,2.7346938775510203,20,15,52.05184302056873,0.9166666666666666,0.5,319.0,58.0,58.0,368.0,59.0,14.0,0.0,0.0,43.0,11.0,9.0,33.0,13.0,7.0,0.0,0.0,0.0,0.0,9.0,33.0,0.0,0.0,0.0,0.0
C3_f0.7__baldwinian__s13,C3_f0.7__baldwinian,C3_f0.7,C3,baldwinian,13,850,train,45,2.911111111111111,16,20,98.73411873171445,0.7708333333333334,0.5,239.0,39.0,85.0,418.0,68.0,10.0,0.0,0.0,30.0,6.0,11.0,31.0,14.0,3.0,0.0,0.0,0.0,0.0,11.0,31.0,0.0,0.0,0.0,0.0
C3_f0.7__baldwinian__s13,C3_f0.7__baldwinian,C3_f0.7,C3,baldwinian,13,900,train,48,3.0416666666666665,20,17,90.58885011392475,0.7916666666666666,0.5,294.0,60.0,57.0,402.0,77.0,16.0,0.0,0.0,43.0,6.0,4.0,32.0,16.0,0.0,0.0,0.0,0.0,0.0,4.0,32.0,0.0,0.0,0.0,0.0
C3_f0.7__baldwinian__s13,C3_f0.7__baldwinian,C3_f0.7,C3,baldwinian,13,950,train,48,3.4583333333333335,18,18,47.48215032618168,0.9375,0.5,416.0,67.0,54.0,353.0,71.0,13.0,0.0,0.0,51.0,4.0,2.0,30.0,13.0,2.0,0.0,0.0,0.0,0.0,2.0,30.0,0.0,0.0,0.0,0.0
C3_f0.7__baldwinian__s13,C3_f0.7__baldwinian,C3_f0.7,C3,baldwinian,13,1000,train,40,3.675,11,19,93.69202948101825,0.8333333333333334,0.5,255.0,47.0,75.0,374.0,30.0,5.0,0.0,0.0,28.0,6.0,13.0,24.0,9.0,0.0,0.0,0.0,0.0,0.0,13.0,24.0,0.0,0.0,0.0,0.0
C3_f0.7__baldwinian__s13,C3_f0.7__baldwinian,C3_f0.7,C3,baldwinian,13,1050,train,44,3.9318181818181817,23,19,81.72948560758303,0.8125,0.5,351.0,79.0,62.0,379.0,65.0,9.0,0.0,0.0,42.0,5.0,12.0,36.0,15.0,2.0,0.0,0.0,0.0,0.0,12.0,36.0,0.0,0.0,0.0,0.0
C3_f0.7__baldwinian__s13,C3_f0.7__baldwinian,C3_f0.7,C3,baldwinian,13,1100,train,50,3.92,24,18,79.7649468583906,0.8333333333333334,0.5,338.0,72.0,78.0,392.0,98.0,10.0,0.0,0.0,37.0,6.0,7.0,31.0,18.0,1.0,0.0,0.0,0.0,0.0,7.0,31.0,0.0,0.0,0.0,0.0
C3_f0.7__baldwinian__s13,C3_f0.7__baldwinian,C3_f0.7,C3,baldwinian,13,1150,train,45,4.266666666666667,19,24,42.17117022792037,0.9375,0.5,371.0,59.0,63.0,352.0,67.0,14.0,0.0,0.0,61.0,4.0,4.0,33.0,15.0,2.0,0.0,0.0,0.0,0.0,4.0,33.0,0.0,0.0,0.0,0.0
C3_f0.7__baldwinian__s13,C3_f0.7__baldwinian,C3_f0.7,C3,baldwinian,13,1200,train,38,4.605263157894737,14,21,110.43603148745764,0.7916666666666666,0.5,395.0,66.0,50.0,275.0,126.0,23.0,0.0,0.0,42.0,7.0,13.0,22.0,13.0,1.0,0.0,0.0,0.0,0.0,13.0,22.0,0.0,0.0,0.0,0.0
C3_f0.7__baldwinian__s13,C3_f0.7__baldwinian,C3_f0.7,C3,baldwinian,13,1250,train,40,4.975,15,13,84.57127534326598,0.8333333333333334,0.5,289.0,43.0,42.0,254.0,60.0,13.0,0.0,0.0,57.0,7.0,5.0,28.0,16.0,2.0,0.0,0.0,0.0,0.0,5.0,28.0,0.0,0.0,0.0,0.0
C3_f0.7__baldwinian__s13,C3_f0.7__baldwinian,C3_f0.7,C3,baldwinian,13,1300,train,42,5.309523809523809,20,18,82.93177472786977,0.8541666666666666,0.5,307.0,64.0,72.0,378.0,84.0,17.0,0.0,0.0,45.0,2.0,12.0,24.0,14.0,2.0,0.0,0.0,0.0,0.0,12.0,24.0,0.0,0.0,0.0,0.0
C3_f0.7__baldwinian__s13,C3_f0.7__baldwinian,C3_f0.7,C3,baldwinian,13,1350,train,44,6.0,19,17,60.36382875037535,0.8958333333333334,0.5,322.0,53.0,52.0,349.0,67.0,13.0,0.0,0.0,52.0,4.0,10.0,33.0,16.0,2.0,0.0,0.0,0.0,0.0,10.0,33.0,0.0,0.0,0.0,0.0
C3_f0.7__baldwinian__s13,C3_f0.7__baldwinian,C3_f0.7,C3,baldwinian,13,1400,train,45,6.511111111111111,22,21,82.87643971815304,0.8541666666666666,0.5,271.0,42.0,56.0,350.0,87.0,15.0,0.0,0.0,45.0,3.0,10.0,23.0,10.0,0.0,0.0,0.0,0.0,0.0,10.0,23.0,0.0,0.0,0.0,0.0
C3_f0.7__baldwinian__s13,C3_f0.7__baldwinian,C3_f0.7,C3,baldwinian,13,1450,train,50,6.36,18,13,83.00975426793666,0.8125,0.5,363.0,58.0,55.0,261.0,98.0,27.0,0.0,0.0,51.0,3.0,8.0,26.0,21.0,3.0,0.0,0.0,0.0,0.0,8.0,26.0,0.0,0.0,0.0,0.0
C3_f0.7__baldwinian__s13,C3_f0.7__baldwinian,C3_f0.7,C3,baldwinian,13,1500,train,50,6.7,11,11,62.99758057930509,0.9166666666666666,0.5,346.0,67.0,90.0,469.0,48.0,7.0,0.0,0.0,48.0,6.0,10.0,26.0,9.0,4.0,0.0,0.0,0.0,0.0,10.0,26.0,0.0,0.0,0.0,0.0
C3_f0.7__baldwinian__s13,C3_f0.7__baldwinian,C3_f0.7,C3,baldwinian,13,1550,eval,39,7.358974358974359,14,25,152.54385357314425,0.6875,0.5,440.0,77.0,84.0,459.0,64.0,7.0,6.0,60.0,33.0,8.0,9.0,30.0,7.0,2.0,0.0,7.0,0.0,0.0,9.0,30.0,0.0,0.0,0.0,7.0
C3_f0.7__baldwinian__s13,C3_f0.7__baldwinian,C3_f0.7,C3,baldwinian,13,1600,eval,50,7.74,26,15,101.43804975293635,0.8125,0.5,583.0,104.0,56.0,322.0,52.0,9.0,5.0,27.0,47.0,8.0,10.0,29.0,3.0,1.0,1.0,1.0,0.0,0.0,10.0,29.0,0.0,0.0,1.0,1.0
C3_f0.7__baldwinian__s13,C3_f0.7__baldwinian,C3_f0.7,C3,baldwinian,13,1650,eval,50,7.92,20,20,113.69499057865788,0.75,0.5,350.0,53.0,96.0,416.0,74.0,17.0,11.0,87.0,27.0,1.0,11.0,23.0,12.0,2.0,2.0,5.0,0.0,0.0,11.0,23.0,0.0,0.0,2.0,5.0
C3_f0.7__baldwinian__s13,C3_f0.7__baldwinian,C3_f0.7,C3,baldwinian,13,1700,eval,50,8.1,21,21,103.89103690932508,0.7083333333333334,0.5,514.0,89.0,81.0,405.0,68.0,9.0,7.0,54.0,28.0,2.0,2.0,31.0,8.0,0.0,5.0,2.0,0.0,0.0,2.0,31.0,0.0,0.0,5.0,2.0
C3_f0.7__baldwinian__s13,C3_f0.7__baldwinian,C3_f0.7,C3,baldwinian,13,1750,eval,50,8.04,17,17,137.25275364180837,0.7083333333333334,0.5,397.0,54.0,69.0,429.0,143.0,23.0,9.0,28.0,33.0,4.0,8.0,25.0,14.0,1.0,1.0,3.0,0.0,0.0,8.0,25.0,0.0,0.0,1.0,3.0
C3_f0.7__baldwinian__s13,C3_f0.7__baldwinian,C3_f0.7,C3,baldwinian,13,1800,eval,50,8.2,10,10,152.4656115948655,0.5625,0.5,514.0,101.0,101.0,567.0,48.0,21.0,1.0,6.0,36.0,6.0,9.0,23.0,12.0,1.0,1.0,2.0,0.0,0.0,9.0,23.0,0.0,0.0,1.0,2.0
C3_f0.7__baldwinian__s14,C3_f0.7__baldwinian,C3_f0.7,C3,baldwinian,14,50,train,50,0.68,33,3,69.02908163707676,0.8541666666666666,0.5,206.0,25.0,36.0,184.0,149.0,24.0,0.0,0.0,41.0,3.0,9.0,31.0,30.0,5.0,0.0,0.0,0.0,0.0,9.0,31.0,0.0,0.0,0.0,0.0
C3_f0.7__baldwinian__s14,C3_f0.7__baldwinian,C3_f0.7,C3,baldwinian,14,100,train,49,0.7346938775510204,11,12,68.51075660172617,0.9166666666666666,0.5,219.0,33.0,39.0,291.0,94.0,12.0,0.0,0.0,33.0,3.0,4.0,33.0,20.0,4.0,0.0,0.0,0.0,0.0,4.0,33.0,0.0,0.0,0.0,0.0
C3_f0.7__baldwinian__s14,C3_f0.7__baldwinian,C3_f0.7,C3,baldwinian,14,150,train,50,0.8,12,11,52.86774726571092,0.8958333333333334,0.5,323.0,64.0,63.0,326.0,139.0,27.0,0.0,0.0,42.0,8.0,10.0,21.0,29.0,8.0,0.0,0.0,0.0,0.0,10.0,21.0,0.0,0.0,0.0,0.0
C3_f0.7__baldwinian__s14,C3_f0.7__baldwinian,C3_f0.7,C3,baldwinian,14,200,train,50,0.86,16,16,87.1887005546659,0.8333333333333334,0.5,323.0,55.0,31.0,178.0,132.0,25.0,0.0,0.0,43.0,5.0,6.0,9.0,35.0,2.0,0.0,0.0,0.0,0.0,6.0,9.0,0.0,0.0,0.0,0.0
C3_f0.7__baldwinian__s14,C3_f0.7__baldwinian,C3_f0.7,C3,baldwinian,14,250,train,50,0.88,13,13,69.45791419718768,0.875,0.5,333.0,56.0,60.0,326.0,49.0,12.0,0.0,0.0,36.0,6.0,7.0,24.0,26.0,4.0,0.0,0.0,0.0,0.0,7.0,24.0,0.0,0.0,0.0,0.0
C3_f0.7__baldwinian__s14,C3_f0.7__baldwinian,C3_f0.7,C3,baldwinian,14,300,train,50,0.92,9,9,72.36849340125099,0.8958333333333334,0.5,218.0,33.0,67.0,352.0,89.0,16.0,0.0,0.0,36.0,4.0,8.0,26.0,25.0,3.0,0.0,0.0,0.0,0.0,8.0,26.0,0.0,0.0,0.0,0.0
C3_f0.7__baldwinian__s14,C3_f0.7__baldwinian,C3_f0.7,C3,baldwinian,14,350,train,50,1.16,21,21,110.16107121495915,0.7916666666666666,0.5,277.0,44.0,58.0,369.0,81.0,16.0,0.0,0.0,34.0,5.0,8.0,25.0,32.0,4.0,0.0,0.0,0.0,0.0,8.0,25.0,0.0,0.0,0.0,0.0
C3_f0.7__baldwinian__s14,C3_f0.7__baldwinian,C3_f0.7,C3,baldwinian,14,400,train,50,1.02,14,14,63.89477755163705,0.8958333333333334,0.5,314.0,61.0,61.0,282.0,86.0,19.0,0.0,0.0,40.0,6.0,7.0,36.0,18.0,3.0,0.0,0.0,0.0,0.0,7.0,36.0,0.0,0.0,0.0,0.0
C3_f0.7__baldwinian__s14,C3_f0.7__baldwinian,C3_f0.7,C3,baldwinian,14,450,train,50,1.28,19,19,101.69507165117795,0.75,0.5,285.0,72.0,50.0,333.0,103.0,12.0,0.0,0.0,30.0,3.0,11.0,25.0,20.0,0.0,0.0,0.0,0.0,0.0,11.0,25.0,0.0,0.0,0.0,0.0
C3_f0.7__baldwinian__s14,C3_f0.7__baldwinian,C3_f0.7,C3,baldwinian,14,500,train,44,1.9090909090909092,22,28,54.639621952776636,0.9375,0.5,250.0,37.0,53.0,292.0,228.0,36.0,0.0,0.0,36.0,4.0,9.0,27.0,23.0,2.0,0.0,0.0,0.0,0.0,9.0,27.0,0.0,0.0,0.0,0.0
C3_f0.7__baldwinian__s14,C3_f0.7__baldwinian,C3_f0.7,C3,baldwinian,14,550,train,43,2.4186046511627906,18,19,124.52118621574502,0.75,0.5,318.0,64.0,43.0,210.0,72.0,11.0,0.0,0.0,30.0,4.0,7.0,23.0,15.0,2.0,0.0,0.0,0.0,0.0,7.0,23.0,0.0,0.0,0.0,0.0
C3_f0.7__baldwinian__s14,C3_f0.7__baldwinian,C3_f0.7,C3,baldwinian,14,600,train,50,2.64,19,12,80.74127741498992,0.8333333333333334,0.5,275.0,56.0,61.0,373.0,100.0,15.0,0.0,0.0,33.0,6.0,6.0,31.0,25.0,3.0,0.0,0.0,0.0,0.0,6.0,31.0,0.0,0.0,0.0,0.0
C3_f0.7__baldwinian__s14,C3_f0.7__baldwinian,C3_f0.7,C3,baldwinian,14,650,train,50,2.64,16,16,72.00561434177754,0.8958333333333334,0.5,329.0,52.0,78.0,368.0,137.0,18.0,0.0,0.0,38.0,6.0,7.0,24.0,30.0,2.0,0.0,0.0,0.0,0.0,7.0,24.0,0.0,0.0,0.0,0.0
C3_f0.7__baldwinian__s14,C3_f0.7__baldwinian,C3_f0.7,C3,baldwinian,14,700,train,50,2.56,19,19,81.84677365031749,0.8125,0.5,301.0,52.0,45.0,247.0,87.0,18.0,0.0,0.0,37.0,2.0,8.0,23.0,29.0,5.0,0.0,0.0,0.0,0.0,8.0,23.0,0.0,0.0,0.0,0.0
C3_f0.7__baldwinian__s14,C3_f0.7__baldwinian,C3_f0.7,C3,baldwinian,14,750,train,50,2.58,16,16,95.15232756735591,0.8125,0.5,238.0,42.0,31.0,222.0,41.0,12.0,0.0,0.0,35.0,6.0,7.0,26.0,17.0,3.0,0.0,0.0,0.0,0.0,7.0,26.0,0.0,0.0,0.0,0.0
C3_f0.7__baldwinian__s14,C3_f0.7__baldwinian,C3_f0.7,C3,baldwinian,14,800,train,50,2.76,16,16,52.123901830097964,0.9166666666666666,0.5,262.0,47.0,77.0,309.0,151.0,28.0,0.0,0.0,40.0,6.0,9.0,25.0,27.0,2.0,0.0,0.0,0.0,0.0,9.0,25.0,0.0,0.0,0.0,0.0
C3_f0.7__baldwinian__s14,C3_f0.7__baldwinian,C3_f0.7,C3,baldwinian,14,850,train,50,3.08,19,19,92.95710768322986,0.7708333333333334,0.5,267.0,42.0,62.0,313.0,151.0,20.0,0.0,0.0,26.0,4.0,8.0,26.0,30.0,1.0,0.0,0.0,0.0,0.0,8.0,26.0,0.0,0.0,0.0,0.0
C3_f0.7__baldwinian__s14,C3_f0.7__baldwinian,C3_f0.7,C3,baldwinian,14,900,train,50,3.26,17,17,117.59449263543053,0.75,0.5,333.0,74.0,76.0,352.0,48.0,4.0,0.0,0.0,32.0,3.0,16.0,18.0,16.0,0.0,0.0,0.0,0.0,0.0,16.0,18.0,0.0,0.0,0.0,0.0
C3_f0.7__baldwinian__s14,C3_f0.7__baldwinian,C3_f0.7,C3,baldwinian,14,950,train,50,3.26,16,16,115.83373849173196,0.7916666666666666,0.5,352.0,73.0,52.0,321.0,60.0,10.0,0.0,0.0,27.0,6.0,5.0,27.0,34.0,3.0,0.0,0.0,0.0,0.0,5.0,27.0,0.0,0.0,0.0,0.0
C3_f0.7__baldwinian__s14,C3_f0.7__baldwinian,C3_f0.7,C3,baldwinian,14,1000,train,50,3.3,19,19,67.15761924976303,0.8958333333333334,0.5,261.0,52.0,55.0,288.0,46.0,9.0,0.0,0.0,32.0,9.0,7.0,35.0,24.0,3.0,0.0,0.0,0.0,0.0,7.0,35.0,0.0,0.0,0.0,0.0
C3_f0.7__baldwinian__s14,C3_f0.7__baldwinian,C3_f0.7,C3,baldwinian,14,1050,train,50,3.64,18,18,63.96957480204931,0.9166666666666666,0.5,261.0,36.0,33.0,239.0,157.0,22.0,0.0,0.0,36.0,1.0,8.0,19.0,41.0,3.0,0.0,0.0,0.0,0.0,8.0,19.0,0.0,0.0,0.0,0.0
C3_f0.7__baldwinian__s14,C3_f0.7__baldwinian,C3_f0.7,C3,baldwinian,14,1100,train,50,4.06,19,19,99.08023780730677,0.8125,0.5,272.0,58.0,25.0,181.0,115.0,24.0,0.0,0.0,35.0,5.0,3.0,21.0,23.0,4.0,0.0,0.0,0.0,0.0,3.0,21.0,0.0,0.0,0.0,0.0
C3_f0.7__baldwinian__s14,C3_f0.7__baldwinian,C3_f0.7,C3,baldwinian,14,1150,train,50,3.96,15,15,85.72559136982281,0.8541666666666666,0.5,290.0,47.0,61.0,333.0,93.0,13.0,0.0,0.0,35.0,8.0,9.0,27.0,27.0,3.0,0.0,0.0,0.0,0.0,9.0,27.0,0.0,0.0,0.0,0.0
C3_f0.7__baldwinian__s14,C3_f0.7__baldwinian,C3_f0.7,C3,baldwinian,14,1200,train,50,3.9,19,19,67.81850611544101,0.8333333333333334,0.5,455.0,68.0,83.0,425.0,138.0,25.0,0.0,0.0,46.0,5.0,8.0,20.0,21.0,3.0,0.0,0.0,0.0,0.0,8.0,20.0,0.0,0.0,0.0,0.0
C3_f0.7__baldwinian__s14,C3_f0.7__baldwinian,C3_f0.7,C3,baldwinian,14,1250,train,50,4.06,11,11,72.73338664221158,0.8333333333333334,0.5,284.0,49.0,41.0,325.0,163.0,15.0,0.0,0.0,27.0,2.0,7.0,22.0,36.0,3.0,0.0,0.0,0.0,0.0,7.0,22.0,0.0,0.0,0.0,0.0
C3_f0.7__baldwinian__s14,C3_f0.7__baldwinian,C3_f0.7,C3,baldwinian,14,1300,train,50,4.26,15,15,92.44584940938678,0.7916666666666666,0.5,330.0,60.0,52.0,363.0,158.0,32.0,0.0,0.0,29.0,3.0,6.0,21.0,28.0,6.0,0.0,0.0,0.0,0.0,6.0,21.0,0.0,0.0,0.0,0.0
C3_f0.7__baldwinian__s14,C3_f0.7__baldwinian,C3_f0.7,C3,baldwinian,14,1350,train,50,4.34,13,13,100.61291725706553,0.75,0.5,389.0,50.0,58.0,298.0,58.0,13.0,0.0,0.0,33.0,7.0,11.0,22.0,17.0,0.0,0.0,0.0,0.0,0.0,11.0,22.0,0.0,0.0,0.0,0.0
C3_f0.7__baldwinian__s14,C3_f0.7__baldwinian,C3_f0.7,C3,baldwinian,14,1400,train,50,4.44,16,16,66.66854761086098,0.9166666666666666,0.5,349.0,65.0,59.0,309.0,93.0,13.0,0.0,0.0,39.0,8.0,6.0,30.0,29.0,1.0,0.0,0.0,0.0,0.0,6.0,30.0,0.0,0.0,0.0,0.0
C3_f0.7__baldwinian__s14,C3_f0.7__baldwinian,C3_f0.7,C3,baldwinian,14,1450,train,50,4.62,10,10,117.58472626793066,0.75,0.5,302.0,51.0,49.0,278.0,93.0,28.0,0.0,0.0,30.0,4.0,9.0,21.0,18.0,4.0,0.0,0.0,0.0,0.0,9.0,21.0,0.0,0.0,0.0,0.0
C3_f0.7__baldwinian__s14,C3_f0.7__baldwinian,C3_f0.7,C3,baldwinian,14,1500,train,50,4.84,15,15,104.08737559396162,0.75,0.5,367.0,74.0,61.0,329.0,104.0,19.0,0.0,0.0,31.0,4.0,6.0,15.0,29.0,2.0,0.0,0.0,0.0,0.0,6.0,15.0,0.0,0.0,0.0,0.0
C3_f0.7__baldwinian__s14,C3_f0.7__baldwinian,C3_f0.7,C3,baldwinian,14,1550,eval,50,4.94,22,22,104.4291195285579,0.7916666666666666,0.5,470.0,80.0,46.0,316.0,42.0,8.0,9.0,36.0,35.0,2.0,4.0,20.0,11.0,2.0,4.0,12.0,0.0,0.0,4.0,20.0,0.0,0.0,4.0,12.0
C3_f0.7__baldwinian__s14,C3_f0.7__baldwinian,C3_f0.7,C3,baldwinian,14,1600,eval,50,4.82,21,21,126.11009763429104,0.7291666666666666,0.5,388.0,79.0,67.0,387.0,125.0,21.0,6.0,35.0,30.0,3.0,5.0,24.0,24.0,2.0,0.0,7.0,0.0,0.0,5.0,24.0,0.0,0.0,0.0,7.0
C3_f0.7__baldwinian__s14,C3_f0.7__baldwinian,C3_f0.7,C3,baldwinian,14,1650,eval,50,4.82,17,17,146.33697554248312,0.5833333333333334,0.5,308.0,44.0,50.0,342.0,121.0,18.0,18.0,159.0,24.0,3.0,6.0,21.0,6.0,0.0,4.0,13.0,0.0,0.0,6.0,21.0,0.0,0.0,4.0,13.0
C3_f0.7__baldwinian__s14,C3_f0.7__baldwinian,C3_f0.7,C3,baldwinian,14,1700,eval,50,4.88,11,11,177.47965083034182,0.5416666666666666,0.5,410.0,78.0,81.0,436.0,106.0,15.0,15.0,117.0,25.0,6.0,10.0,16.0,12.0,2.0,1.0,8.0,0.0,0.0,10.0,16.0,0.0,0.0,1.0,8.0
C3_f0.7__baldwinian__s14,C3_f0.7__baldwinian,C3_f0.7,C3,baldwinian,14,1750,eval,50,4.94,9,9,166.58289707369755,0.5208333333333334,0.5,419.0,76.0,73.0,419.0,81.0,10.0,19.0,82.0,19.0,6.0,8.0,23.0,8.0,1.0,3.0,7.0,0.0,0.0,8.0,23.0,0.0,0.0,3.0,7.0
C3_f0.7__baldwinian__s14,C3_f0.7__baldwinian,C3_f0.7,C3,baldwinian,14,1800,eval,50,4.98,7,7,234.5262019571544,0.3541666666666667,0.5,299.0,61.0,34.0,346.0,129.0,24.0,15.0,105.0,23.0,4.0,1.0,16.0,8.0,0.0,1.0,8.0,0.0,0.0,1.0,16.0,0.0,0.0,1.0,8.0
C3_f0.7__baldwinian__s15,C3_f0.7__baldwinian,C3_f0.7,C3,baldwinian,15,50,train,50,0.86,34,4,56.58053585469244,0.9166666666666666,0.5,200.0,29.0,40.0,238.0,104.0,16.0,0.0,0.0,45.0,6.0,9.0,48.0,13.0,1.0,0.0,0.0,0.0,0.0,9.0,48.0,0.0,0.0,0.0,0.0
C3_f0.7__baldwinian__s15,C3_f0.7__baldwinian,C3_f0.7,C3,baldwinian,15,100,train,50,1.04,12,12,104.21536009128938,0.8125,0.5,326.0,55.0,50.0,213.0,26.0,9.0,0.0,0.0,40.0,3.0,8.0,26.0,4.0,2.0,0.0,0.0,0.0,0.0,8.0,26.0,0.0,0.0,0.0,0.0
C3_f0.7__baldwinian__s15,C3_f0.7__baldwinian,C3_f0.7,C3,baldwinian,15,150,train,50,1.14,8,8,103.51032494383131,0.7708333333333334,0.5,293.0,51.0,65.0,413.0,60.0,15.0,0.0,0.0,53.0,3.0,6.0,22.0,14.0,2.0,0.0,0.0,0.0,0.0,6.0,22.0,0.0,0.0,0.0,0.0
C3_f0.7__baldwinian__s15,C3_f0.7__baldwinian,C3_f0.7,C3,baldwinian,15,200,train,50,1.06,13,13,69.47623189850772,0.8958333333333334,0.5,411.0,61.0,85.0,510.0,71.0,16.0,0.0,0.0,60.0,2.0,12.0,32.0,11.0,4.0,0.0,0.0,0.0,0.0,12.0,32.0,0.0,0.0,0.0,0.0
C3_f0.7__baldwinian__s15,C3_f0.7__baldwinian,C3_f0.7,C3,baldwinian,15,250,train,50,1.1,15,15,44.94307609894905,0.9791666666666666,0.5,439.0,75.0,48.0,351.0,101.0,25.0,0.0,0.0,69.0,6.0,10.0,19.0,14.0,1.0,0.0,0.0,0.0,0.0,10.0,19.0,0.0,0.0,0.0,0.0
C3_f0.7__baldwinian__s15,C3_f0.7__baldwinian,C3_f0.7,C3,baldwinian,15,300,train,50,1.34,15,15,99.9195502635122,0.8541666666666666,0.5,310.0,44.0,80.0,534.0,103.0,15.0,0.0,0.0,45.0,5.0,10.0,27.0,12.0,2.0,0.0,0.0,0.0,0.0,10.0,27.0,0.0,0.0,0.0,0.0
C3_f0.7__baldwinian__s15,C3_f0.7__baldwinian,C3_f0.7,C3,baldwinian,15,350,train,50,1.34,9,9,68.56581983165489,0.875,0.5,411.0,79.0,81.0,392.0,47.0,15.0,0.0,0.0,54.0,4.0,9.0,18.0,22.0,5.0,0.0,0.0,0.0,0.0,9.0,18.0,0.0,0.0,0.0,0.0
C3_f0.7__baldwinian__s15,C3_f0.7__baldwinian,C3_f0.7,C3,baldwinian,15,400,train,50,1.68,18,18,72.18666631375312,0.8541666666666666,0.5,395.0,71.0,66.0,402.0,14.0,5.0,0.0,0.0,44.0,2.0,12.0,26.0,9.0,1.0,0.0,0.0,0.0,0.0,12.0,26.0,0.0,0.0,0.0,0.0
C3_f0.7__baldwinian__s15,C3_f0.7__baldwinian,C3_f0.7,C3,baldwinian,15,450,train,50,1.52,13,13,71.26035871793435,0.875,0.5,566.0,103.0,70.0,406.0,86.0,10.0,0.0,0.0,49.0,7.0,11.0,25.0,10.0,0.0,0.0,0.0,0.0,0.0,11.0,25.0,0.0,0.0,0.0,0.0
C3_f0.7__baldwinian__s15,C3_f0.7__baldwinian,C3_f0.7,C3,baldwinian,15,500,train,50,1.84,18,18,104.83244378750882,0.7708333333333334,0.5,245.0,37.0,67.0,359.0,186.0,31.0,0.0,0.0,35.0,2.0,9.0,17.0,14.0,2.0,0.0,0.0,0.0,0.0,9.0,17.0,0.0,0.0,0.0,0.0
C3_f0.7__baldwinian__s15,C3_f0.7__baldwinian,C3_f0.7,C3,baldwinian,15,550,train,50,2.16,18,18,117.08159230330514,0.7291666666666666,0.5,339.0,48.0,64.0,418.0,63.0,12.0,0.0,0.0,44.0,5.0,6.0,18.0,18.0,3.0,0.0,0.0,0.0,0.0,6.0,18.0,0.0,0.0,0.0,0.0
C3_f0.7__baldwinian__s15,C3_f0.7__baldwinian,C3_f0.7,C3,baldwinian,15,600,train,50,2.36,21,21,68.76097690288736,0.8958333333333334,0.5,287.0,39.0,58.0,339.0,61.0,11.0,0.0,0.0,50.0,2.0,11.0,27.0,16.0,3.0,0.0,0.0,0.0,0.0,11.0,27.0,0.0,0.0,0.0,0.0
C3_f0.7__baldwinian__s15,C3_f0.7__baldwinian,C3_f0.7,C3,baldwinian,15,650,train,50,2.4,19,19,90.20481742022858,0.8333333333333334,0.5,395.0,84.0,56.0,336.0,73.0,18.0,0.0,0.0,29.0,6.0,8.0,32.0,9.0,0.0,0.0,0.0,0.0,0.0,8.0,32.0,0.0,0.0,0.0,0.0
C3_f0.7__baldwinian__s15,C3_f0.7__baldwinian,C3_f0.7,C3,baldwinian,15,700,train,50,2.38,19,19,61.49018455177488,0.875,0.5,416.0,61.0,72.0,361.0,61.0,15.0,0.0,0.0,55.0,6.0,11.0,29.0,10.0,5.0,0.0,0.0,0.0,0.0,11.0,29.0,0.0,0.0,0.0,0.0
C3_f0.7__baldwinian__s15,C3_f0.7__baldwinian,C3_f0.7,C3,baldwinian,15,750,train,50,2.46,16,16,71.42979141903055,0.875,0.5,315.0,60.0,56.0,283.0,30.0,10.0,0.0,0.0,41.0,8.0,12.0,26.0,12.0,7.0,0.0,0.0,0.0,0.0,12.0,26.0,0.0,0.0,0.0,0.0
C3_f0.7__baldwinian__s15,C3_f0.7__baldwinian,C3_f0.7,C3,baldwinian,15,800,train,50,2.74,25,25,91.18707974989593,0.8541666666666666,0.5,291.0,59.0,76.0,470.0,18.0,4.0,0.0,0.0,27.0,10.0,9.0,30.0,14.0,3.0,0.0,0.0,0.0,0.0,9.0,30.0,0.0,0.0,0.0,0.0
C3_f0.7__baldwinian__s15,C3_f0.7__baldwinian,C3_f0.7,C3,baldwinian,15,850,train,50,2.88,14,14,73.50595622101393,0.8125,0.5,458.0,55.0,66.0,418.0,68.0,18.0,0.0,0.0,54.0,6.0,5.0,33.0,9.0,4.0,0.0,0.0,0.0,0.0,5.0,33.0,0.0,0.0,0.0,0.0
C3_f0.7__baldwinian__s15,C3_f0.7__baldwinian,C3_f0.7,C3,baldwinian,15,900,train,50,2.8,15,15,111.86036618865793,0.75,0.5,315.0,54.0,67.0,440.0,76.0,14.0,0.0,0.0,31.0,4.0,5.0,30.0,13.0,5.0,0.0,0.0,0.0,0.0,5.0,30.0,0.0,0.0,0.0,0.0
C3_f0.7__baldwinian__s15,C3_f0.7__baldwinian,C3_f0.7,C3,baldwinian,15,950,train,50,2.8,21,21,55.259384033466745,0.8958333333333334,0.5,433.0,81.0,61.0,351.0,30.0,3.0,0.0,0.0,39.0,5.0,8.0,33.0,12.0,1.0,0.0,0.0,0.0,0.0,8.0,33.0,0.0,0.0,0.0,0.0
C3_f0.7__baldwinian__s15,C3_f0.7__baldwinian,C3_f0.7,C3,baldwinian,15,1000,train,50,2.98,23,23,49.02129701685283,0.9375,0.5,358.0,63.0,82.0,473.0,43.0,4.0,0.0,0.0,46.0,8.0,9.0,32.0,12.0,0.0,0.0,0.0,0.0,0.0,9.0,32.0,0.0,0.0,0.0,0.0
C3_f0.7__baldwinian__s15,C3_f0.7__baldwinian,C3_f0.7,C3,baldwinian,15,1050,train,50,3.1,23,23,77.67194056335535,0.8958333333333334,0.5,272.0,59.0,56.0,345.0,86.0,20.0,0.0,0.0,43.0,13.0,15.0,22.0,6.0,2.0,0.0,0.0,0.0,0.0,15.0,22.0,0.0,0.0,0.0,0.0
C3_f0.7__baldwinian__s15,C3_f0.7__baldwinian,C3_f0.7,C3,baldwinian,15,1100,train,50,3.04,25,25,92.90392784272314,0.8333333333333334,0.5,303.0,58.0,58.0,313.0,110.0,33.0,0.0,0.0,46.0,5.0,9.0,27.0,16.0,7.0,0.0,0.0,0.0,0.0,9.0,27.0,0.0,0.0,0.0,0.0
C3_f0.7__baldwinian__s15,C3_f0.7__baldwinian,C3_f0.7,C3,baldwinian,15,1150,train,50,3.02,18,18,82.79874715629776,0.8125,0.5,397.0,67.0,67.0,415.0,89.0,13.0,0.0,0.0,41.0,5.0,12.0,32.0,11.0,2.0,0.0,0.0,0.0,0.0,12.0,32.0,0.0,0.0,0.0,0.0
C3_f0.7__baldwinian__s15,C3_f0.7__baldwinian,C3_f0.7,C3,baldwinian,15,1200,train,50,3.2,23,23,79.82648482868724,0.875,0.5,297.0,40.0,54.0,282.0,53.0,8.0,0.0,0.0,43.0,3.0,9.0,38.0,10.0,2.0,0.0,0.0,0.0,0.0,9.0,38.0,0.0,0.0,0.0,0.0
C3_f0.7__baldwinian__s15,C3_f0.7__baldwinian,C3_f0.7,C3,baldwinian,15,1250,train,49,3.4693877551020407,26,27,52.72410928891735,0.9375,0.5,303.0,58.0,42.0,315.0,57.0,17.0,0.0,0.0,42.0,8.0,8.0,37.0,12.0,2.0,0.0,0.0,0.0,0.0,8.0,37.0,0.0,0.0,0.0,0.0
C3_f0.7__baldwinian__s15,C3_f0.7__baldwinian,C3_f0.7,C3,baldwinian,15,1300,train,35,3.5714285714285716,10,24,131.89014047963823,0.7291666666666666,0.5,190.0,34.0,64.0,387.0,71.0,10.0,0.0,0.0,22.0,5.0,7.0,33.0,10.0,4.0,0.0,0.0,0.0,0.0,7.0,33.0,0.0,0.0,0.0,0.0
C3_f0.7__baldwinian__s15,C3_f0.7__baldwinian,C3_f0.7,C3,baldwinian,15,1350,train,45,3.888888888888889,22,12,56.30977819642068,0.9583333333333334,0.5,397.0,61.0,46.0,252.0,65.0,14.0,0.0,0.0,53.0,11.0,6.0,32.0,15.0,7.0,0.0,0.0,0.0,0.0,6.0,32.0,0.0,0.0,0.0,0.0
C3_f0.7__baldwinian__s15,C3_f0.7__baldwinian,C3_f0.7,C3,baldwinian,15,1400,train,28,4.321428571428571,6,23,105.57822018564929,0.8333333333333334,0.5,257.0,44.0,37.0,246.0,28.0,6.0,0.0,0.0,37.0,5.0,12.0,28.0,10.0,3.0,0.0,0.0,0.0,0.0,12.0,28.0,0.0,0.0,0.0,0.0
C3_f0.7__baldwinian__s15,C3_f0.7__baldwinian,C3_f0.7,C3,baldwinian,15,1450,train,44,4.7272727272727275,27,11,118.9053883368705,0.7708333333333334,0.5,285.0,42.0,57.0,372.0,54.0,7.0,0.0,0.0,35.0,9.0,8.0,28.0,21.0,1.0,0.0,0.0,0.0,0.0,8.0,28.0,0.0,0.0,0.0,0.0
C3_f0.7__baldwinian__s15,C3_f0.7__baldwinian,C3_f0.7,C3,baldwinian,15,1500,train,50,4.76,21,15,71.2983468846113,0.9166666666666666,0.5,330.0,59.0,78.0,463.0,71.0,6.0,0.0,0.0,43.0,7.0,10.0,38.0,15.0,1.0,0.0,0.0,0.0,0.0,10.0,38.0,0.0,0.0,0.0,0.0
C3_f0.7__baldwinian__s15,C3_f0.7__baldwinian,C3_f0.7,C3,baldwinian,15,1550,eval,50,4.94,22,22,125.74252631427767,0.6666666666666666,0.5,501.0,97.0,89.0,418.0,14.0,1.0,12.0,61.0,35.0,8.0,12.0,22.0,1.0,0.0,4.0,9.0,0.0,0.0,12.0,22.0,0.0,0.0,4.0,9.0
C3_f0.7__baldwinian__s15,C3_f0.7__baldwinian,C3_f0.7,C3,baldwinian,15,1600,eval,50,5.04,21,21,125.3583052155241,0.7083333333333334,0.5,595.0,89.0,105.0,548.0,32.0,8.0,15.0,79.0,44.0,3.0,5.0,34.0,4.0,2.0,0.0,10.0,0.0,0.0,5.0,34.0,0.0,0.0,0.0,10.0
C3_f0.7__baldwinian__s15,C3_f0.7__baldwinian,C3_f0.7,C3,baldwinian,15,1650,eval,50,5.06,19,19,97.67432604362952,0.7708333333333334,0.5,514.0,94.0,89.0,507.0,76.0,11.0,14.0,45.0,45.0,8.0,13.0,29.0,8.0,1.0,1.0,2.0,0.0,0.0,13.0,29.0,0.0,0.0,1.0,2.0
C3_f0.7__baldwinian__s15,C3_f0.7__baldwinian,C3_f0.7,C3,baldwinian,15,1700,eval,50,5.16,19,19,86.63770206469536,0.8541666666666666,0.5,524.0,96.0,73.0,386.0,28.0,5.0,22.0,93.0,31.0,6.0,13.0,28.0,3.0,2.0,0.0,6.0,0.0,0.0,13.0,28.0,0.0,0.0,0.0,6.0
C3_f0.7__baldwinian__s15,C3_f0.7__baldwinian,C3_f0.7,C3,baldwinian,15,1750,eval,50,5.24,4,4,161.58371443478404,0.5625,0.5,475.0,81.0,63.0,402.0,93.0,15.0,9.0,42.0,22.0,11.0,1.0,15.0,12.0,2.0,0.0,2.0,0.0,0.0,1.0,15.0,0.0,0.0,0.0,2.0
C3_f0.7__baldwinian__s15,C3_f0.7__baldwinian,C3_f0.7,C3,baldwinian,15,1800,eval,50,5.4,9,9,87.8644048793663,0.7291666666666666,0.5,433.0,85.0,44.0,286.0,50.0,9.0,12.0,58.0,40.0,10.0,5.0,22.0,9.0,0.0,1.0,3.0,0.0,0.0,5.0,22.0,0.0,0.0,1.0,3.0
C3_f0.7__baldwinian__s16,C3_f0.7__baldwinian,C3_f0.7,C3,baldwinian,16,50,train,50,0.8,31,1,77.06907158253617,0.8333333333333334,0.5,225.0,32.0,40.0,170.0,57.0,9.0,0.0,0.0,45.0,5.0,9.0,37.0,15.0,5.0,0.0,0.0,0.0,0.0,9.0,37.0,0.0,0.0,0.0,0.0
C3_f0.7__baldwinian__s16,C3_f0.7__baldwinian,C3_f0.7,C3,baldwinian,16,100,train,50,0.84,9,9,48.4069376030603,0.9583333333333334,0.5,274.0,52.0,53.0,256.0,62.0,15.0,0.0,0.0,52.0,6.0,10.0,23.0,10.0,3.0,0.0,0.0,0.0,0.0,10.0,23.0,0.0,0.0,0.0,0.0
C3_f0.7__baldwinian__s16,C3_f0.7__baldwinian,C3_f0.7,C3,baldwinian,16,150,train,43,1.0465116279069768,14,21,111.84044653895194,0.7291666666666666,0.5,250.0,39.0,41.0,270.0,82.0,17.0,0.0,0.0,41.0,1.0,9.0,21.0,18.0,2.0,0.0,0.0,0.0,0.0,9.0,21.0,0.0,0.0,0.0,0.0
C3_f0.7__baldwinian__s16,C3_f0.7__baldwinian,C3_f0.7,C3,baldwinian,16,200,train,50,1.22,19,12,63.60642276631425,0.875,0.5,366.0,75.0,51.0,278.0,90.0,27.0,0.0,0.0,56.0,9.0,10.0,21.0,7.0,8.0,0.0,0.0,0.0,0.0,10.0,21.0,0.0,0.0,0.0,0.0
C3_f0.7__baldwinian__s16,C3_f0.7__baldwinian,C3_f0.7,C3,baldwinian,16,250,train,50,1.28,13,13,72.00264754723085,0.8958333333333334,0.5,291.0,55.0,58.0,293.0,57.0,5.0,0.0,0.0,55.0,6.0,7.0,20.0,13.0,1.0,0.0,0.0,0.0,0.0,7.0,20.0,0.0,0.0,0.0,0.0
C3_f0.7__baldwinian__s16,C3_f0.7__baldwinian,C3_f0.7,C3,baldwinian,16,300,train,50,1.32,18,18,68.86402216180458,0.8333333333333334,0.5,260.0,54.0,59.0,408.0,122.0,18.0,0.0,0.0,30.0,5.0,14.0,27.0,15.0,2.0,0.0,0.0,0.0,0.0,14.0,27.0,0.0,0.0,0.0,0.0
C3_f0.7__baldwinian__s16,C3_f0.7__baldwinian,C3_f0.7,C3,baldwinian,16,350,train,50,1.46,24,24,105.25600380345475,0.8125,0.5,274.0,52.0,57.0,339.0,61.0,11.0,0.0,0.0,38.0,6.0,9.0,38.0,9.0,1.0,0.0,0.0,0.0,0.0,9.0,38.0,0.0,0.0,0.0,0.0
C3_f0.7__baldwinian__s16,C3_f0.7__baldwinian,C3_f0.7,C3,baldwinian,16,400,train,50,1.7,18,18,108.13592545263634,0.75,0.5,323.0,63.0,41.0,211.0,120.0,18.0,0.0,0.0,33.0,4.0,5.0,37.0,16.0,3.0,0.0,0.0,0.0,0.0,5.0,37.0,0.0,0.0,0.0,0.0
C3_f0.7__baldwinian__s16,C3_f0.7__baldwinian,C3_f0.7,C3,baldwinian,16,450,train,50,1.52,13,13,91.33127676418094,0.7916666666666666,0.5,354.0,73.0,80.0,410.0,43.0,9.0,0.0,0.0,42.0,3.0,12.0,28.0,14.0,3.0,0.0,0.0,0.0,0.0,12.0,28.0,0.0,0.0,0.0,0.0
C3_f0.7__baldwinian__s16,C3_f0.7__baldwinian,C3_f0.7,C3,baldwinian,16,500,train,50,1.76,22,22,115.49099261263096,0.75,0.5,489.0,92.0,80.0,393.0,55.0,6.0,0.0,0.0,41.0,6.0,10.0,26.0,11.0,0.0,0.0,0.0,0.0,0.0,10.0,26.0,0.0,0.0,0.0,0.0
C3_f0.7__baldwinian__s16,C3_f0.7__baldwinian,C3_f0.7,C3,baldwinian,16,550,train,50,2.08,21,21,85.26534259803704,0.8333333333333334,0.5,255.0,47.0,55.0,332.0,37.0,7.0,0.0,0.0,43.0,7.0,8.0,35.0,19.0,3.0,0.0,0.0,0.0,0.0,8.0,35.0,0.0,0.0,0.0,0.0
C3_f0.7__baldwinian__s16,C3_f0.7__baldwinian,C3_f0.7,C3,baldwinian,16,600,train,50,2.3,20,20,53.14522079383448,0.9375,0.5,224.0,37.0,57.0,280.0,107.0,13.0,0.0,0.0,33.0,5.0,12.0,27.0,22.0,4.0,0.0,0.0,0.0,0.0,12.0,27.0,0.0,0.0,0.0,0.0
C3_f0.7__baldwinian__s16,C3_f0.7__baldwinian,C3_f0.7,C3,baldwinian,16,650,train,50,2.56,23,23,84.01359088866471,0.7708333333333334,0.5,304.0,53.0,69.0,377.0,83.0,11.0,0.0,0.0,40.0,4.0,6.0,34.0,10.0,3.0,0.0,0.0,0.0,0.0,6.0,34.0,0.0,0.0,0.0,0.0
C3_f0.7__baldwinian__s16,C3_f0.7__baldwinian,C3_f0.7,C3,baldwinian,16,700,train,50,2.74,23,23,86.79952562212148,0.8333333333333334,0.5,300.0,58.0,54.0,316.0,154.0,20.0,0.0,0.0,33.0,10.0,11.0,28.0,20.0,2.0,0.0,0.0,0.0,0.0,11.0,28.0,0.0,0.0,0.0,0.0
C3_f0.7__baldwinian__s16,C3_f0.7__baldwinian,C3_f0.7,C3,baldwinian,16,750,train,50,2.82,17,17,61.32456347687407,0.8541666666666666,0.5,491.0,80.0,53.0,369.0,85.0,11.0,0.0,0.0,51.0,2.0,8.0,22.0,20.0,2.0,0.0,0.0,0.0,0.0,8.0,22.0,0.0,0.0,0.0,0.0
C3_f0.7__baldwinian__s16,C3_f0.7__baldwinian,C3_f0.7,C3,baldwinian,16,800,train,50,2.94,19,19,112.81864787158942,0.7916666666666666,0.5,303.0,51.0,70.0,397.0,52.0,9.0,0.0,0.0,28.0,5.0,11.0,34.0,14.0,1.0,0.0,0.0,0.0,0.0,11.0,34.0,0.0,0.0,0.0,0.0
C3_f0.7__baldwinian__s16,C3_f0.7__baldwinian,C3_f0.7,C3,baldwinian,16,850,train,50,3.14,20,20,51.85642028265511,0.9375,0.5,367.0,69.0,55.0,299.0,59.0,12.0,0.0,0.0,63.0,1.0,5.0,28.0,15.0,3.0,0.0,0.0,0.0,0.0,5.0,28.0,0.0,0.0,0.0,0.0
C3_f0.7__baldwinian__s16,C3_f0.7__baldwinian,C3_f0.7,C3,baldwinian,16,900,train,48,3.2083333333333335,15,17,64.0408294188033,0.9375,0.5,256.0,41.0,45.0,216.0,41.0,7.0,0.0,0.0,50.0,5.0,9.0,17.0,21.0,0.0,0.0,0.0,0.0,0.0,9.0,17.0,0.0,0.0,0.0,0.0
C3_f0.7__baldwinian__s16,C3_f0.7__baldwinian,C3_f0.7,C3,baldwinian,16,950,train,50,3.4,18,16,68.62733415953923,0.9166666666666666,0.5,248.0,49.0,44.0,301.0,72.0,12.0,0.0,0.0,36.0,4.0,3.0,32.0,19.0,6.0,0.0,0.0,0.0,0.0,3.0,32.0,0.0,0.0,0.0,0.0
C3_f0.7__baldwinian__s16,C3_f0.7__baldwinian,C3_f0.7,C3,baldwinian,16,1000,train,50,3.46,20,20,90.85449385395803,0.8333333333333334,0.5,410.0,79.0,72.0,395.0,56.0,5.0,0.0,0.0,32.0,6.0,9.0,27.0,15.0,1.0,0.0,0.0,0.0,0.0,9.0,27.0,0.0,0.0,0.0,0.0
C3_f0.7__baldwinian__s16,C3_f0.7__baldwinian,C3_f0.7,C3,baldwinian,16,1050,train,50,3.62,15,15,99.90909800692333,0.8125,0.5,313.0,62.0,80.0,423.0,37.0,8.0,0.0,0.0,35.0,2.0,5.0,32.0,13.0,4.0,0.0,0.0,0.0,0.0,5.0,32.0,0.0,0.0,0.0,0.0
C3_f0.7__baldwinian__s16,C3_f0.7__baldwinian,C3_f0.7,C3,baldwinian,16,1100,train,50,3.88,16,16,97.8135565913879,0.7708333333333334,0.5,372.0,73.0,56.0,331.0,71.0,9.0,0.0,0.0,38.0,6.0,12.0,29.0,11.0,4.0,0.0,0.0,0.0,0.0,12.0,29.0,0.0,0.0,0.0,0.0
C3_f0.7__baldwinian__s16,C3_f0.7__baldwinian,C3_f0.7,C3,baldwinian,16,1150,train,50,3.84,11,11,90.89664204114526,0.7708333333333334,0.5,400.0,73.0,56.0,361.0,83.0,20.0,0.0,0.0,39.0,3.0,4.0,26.0,18.0,3.0,0.0,0.0,0.0,0.0,4.0,26.0,0.0,0.0,0.0,0.0
C3_f0.7__baldwinian__s16,C3_f0.7__baldwinian,C3_f0.7,C3,baldwinian,16,1200,train,50,4.02,14,14,71.00937976366215,0.8958333333333334,0.5,301.0,48.0,63.0,371.0,71.0,14.0,0.0,0.0,50.0,8.0,8.0,22.0,13.0,7.0,0.0,0.0,0.0,0.0,8.0,22.0,0.0,0.0,0.0,0.0
C3_f0.7__baldwinian__s16,C3_f0.7__baldwinian,C3_f0.7,C3,baldwinian,16,1250,train,50,3.96,15,15,145.41445518079593,0.6666666666666666,0.5,371.0,47.0,59.0,330.0,94.0,20.0,0.0,0.0,37.0,8.0,12.0,32.0,7.0,1.0,0.0,0.0,0.0,0.0,12.0,32.0,0.0,0.0,0.0,0.0
C3_f0.7__baldwinian__s16,C3_f0.7__baldwinian,C3_f0.7,C3,baldwinian,16,1300,train,50,3.96,20,20,101.46234909395368,0.7916666666666666,0.5,454.0,67.0,61.0,324.0,86.0,13.0,0.0,0.0,30.0,4.0,10.0,31.0,23.0,0.0,0.0,0.0,0.0,0.0,10.0,31.0,0.0,0.0,0.0,0.0
C3_f0.7__baldwinian__s16,C3_f0.7__baldwinian,C3_f0.7,C3,baldwinian,16,1350,train,50,4.02,11,11,75.24160782187778,0.8541666666666666,0.5,504.0,75.0,48.0,295.0,126.0,19.0,0.0,0.0,47.0,6.0,3.0,27.0,21.0,0.0,0.0,0.0,0.0,0.0,3.0,27.0,0.0,0.0,0.0,0.0
C3_f0.7__baldwinian__s16,C3_f0.7__baldwinian,C3_f0.7,C3,baldwinian,16,1400,train,50,4.14,15,15,61.20639187009714,0.9166666666666666,0.5,369.0,68.0,69.0,291.0,90.0,15.0,0.0,0.0,58.0,5.0,11.0,21.0,8.0,3.0,0.0,0.0,0.0,0.0,11.0,21.0,0.0,0.0,0.0,0.0
C3_f0.7__baldwinian__s16,C3_f0.7__baldwinian,C3_f0.7,C3,baldwinian,16,1450,train,50,4.3,20,20,87.96176190459738,0.8125,0.5,391.0,64.0,70.0,388.0,48.0,16.0,0.0,0.0,38.0,7.0,15.0,22.0,14.0,6.0,0.0,0.0,0.0,0.0,15.0,22.0,0.0,0.0,0.0,0.0
C3_f0.7__baldwinian__s16,C3_f0.7__baldwinian,C3_f0.7,C3,baldwinian,16,1500,train,50,5.04,22,22,120.64706641806627,0.7083333333333334,0.5,263.0,45.0,50.0,389.0,112.0,17.0,0.0,0.0,38.0,7.0,3.0,20.0,12.0,2.0,0.0,0.0,0.0,0.0,3.0,20.0,0.0,0.0,0.0,0.0
C3_f0.7__baldwinian__s16,C3_f0.7__baldwinian,C3_f0.7,C3,baldwinian,16,1550,eval,50,5.0,25,25,164.36437855268358,0.5833333333333334,0.5,341.0,82.0,55.0,361.0,47.0,10.0,14.0,82.0,23.0,1.0,4.0,30.0,2.0,1.0,3.0,10.0,0.0,0.0,4.0,30.0,0.0,0.0,3.0,10.0
C3_f0.7__baldwinian__s16,C3_f0.7__baldwinian,C3_f0.7,C3,baldwinian,16,1600,eval,50,5.14,21,21,202.20424970436326,0.5,0.5,506.0,99.0,58.0,344.0,57.0,12.0,6.0,44.0,33.0,5.0,3.0,30.0,8.0,1.0,1.0,5.0,0.0,0.0,3.0,30.0,0.0,0.0,1.0,5.0
C3_f0.7__baldwinian__s16,C3_f0.7__baldwinian,C3_f0.7,C3,baldwinian,16,1650,eval,50,5.24,13,13,170.21769286605115,0.5,0.5,562.0,77.0,91.0,504.0,53.0,12.0,4.0,37.0,31.0,5.0,10.0,22.0,1.0,1.0,0.0,0.0,0.0,0.0,10.0,22.0,0.0,0.0,0.0,0.0
C3_f0.7__baldwinian__s16,C3_f0.7__baldwinian,C3_f0.7,C3,baldwinian,16,1700,eval,50,5.12,11,11,176.7809263366466,0.5416666666666666,0.5,401.0,71.0,96.0,521.0,34.0,11.0,15.0,88.0,29.0,2.0,13.0,22.0,4.0,3.0,1.0,3.0,0.0,0.0,13.0,22.0,0.0,0.0,1.0,3.0
C3_f0.7__baldwinian__s16,C3_f0.7__baldwinian,C3_f0.7,C3,baldwinian,16,1750,eval,50,4.96,10,10,155.85760279597213,0.5625,0.5,412.0,63.0,90.0,424.0,77.0,17.0,1.0,33.0,30.0,10.0,4.0,16.0,5.0,0.0,0.0,5.0,0.0,0.0,4.0,16.0,0.0,0.0,0.0,5.0
C3_f0.7__baldwinian__s16,C3_f0.7__baldwinian,C3_f0.7,C3,baldwinian,16,1800,eval,50,5.08,9,9,211.36304195680447,0.375,0.5,448.0,82.0,75.0,382.0,123.0,16.0,20.0,93.0,23.0,4.0,6.0,18.0,1.0,0.0,0.0,3.0,0.0,0.0,6.0,18.0,0.0,0.0,0.0,3.0
C3_f0.7__baldwinian__s17,C3_f0.7__baldwinian,C3_f0.7,C3,baldwinian,17,50,train,50,0.72,35,5,58.405008199150046,0.9166666666666666,0.5,204.0,39.0,39.0,163.0,125.0,18.0,0.0,0.0,34.0,7.0,11.0,29.0,28.0,6.0,0.0,0.0,0.0,0.0,11.0,29.0,0.0,0.0,0.0,0.0
C3_f0.7__baldwinian__s17,C3_f0.7__baldwinian,C3_f0.7,C3,baldwinian,17,100,train,50,0.74,10,10,97.40940660752713,0.7708333333333334,0.5,225.0,46.0,46.0,247.0,96.0,15.0,0.0,0.0,33.0,4.0,10.0,22.0,20.0,1.0,0.0,0.0,0.0,0.0,10.0,22.0,0.0,0.0,0.0,0.0
C3_f0.7__baldwinian__s17,C3_f0.7__baldwinian,C3_f0.7,C3,baldwinian,17,150,train,50,0.84,16,16,64.72749144650533,0.9583333333333334,0.5,292.0,58.0,53.0,341.0,101.0,14.0,0.0,0.0,31.0,12.0,4.0,33.0,19.0,3.0,0.0,0.0,0.0,0.0,4.0,33.0,0.0,0.0,0.0,0.0
C3_f0.7__baldwinian__s17,C3_f0.7__baldwinian,C3_f0.7,C3,baldwinian,17,200,train,50,0.84,14,14,61.12165956544308,0.8958333333333334,0.5,334.0,62.0,80.0,420.0,58.0,13.0,0.0,0.0,52.0,4.0,11.0,20.0,21.0,0.0,0.0,0.0,0.0,0.0,11.0,20.0,0.0,0.0,0.0,0.0
C3_f0.7__baldwinian__s17,C3_f0.7__baldwinian,C3_f0.7,C3,baldwinian,17,250,train,50,0.84,11,11,89.41572473596199,0.8333333333333334,0.5,308.0,60.0,63.0,300.0,114.0,21.0,0.0,0.0,40.0,0.0,11.0,24.0,24.0,5.0,0.0,0.0,0.0,0.0,11.0,24.0,0.0,0.0,0.0,0.0
C3_f0.7__baldwinian__s17,C3_f0.7__baldwinian,C3_f0.7,C3,baldwinian,17,300,train,50,0.84,21,21,85.95470844963914,0.8125,0.5,411.0,81.0,42.0,327.0,77.0,12.0,0.0,0.0,27.0,2.0,7.0,26.0,22.0,3.0,0.0,0.0,0.0,0.0,7.0,26.0,0.0,0.0,0.0,0.0
C3_f0.7__baldwinian__s17,C3_f0.7__baldwinian,C3_f0.7,C3,baldwinian,17,350,train,50,0.84,15,15,107.20856326128742,0.8125,0.5,334.0,57.0,86.0,530.0,55.0,10.0,0.0,0.0,29.0,2.0,14.0,30.0,23.0,6.0,0.0,0.0,0.0,0.0,14.0,30.0,0.0,0.0,0.0,0.0
C3_f0.7__baldwinian__s17,C3_f0.7__baldwinian,C3_f0.7,C3,baldwinian,17,400,train,50,0.86,13,13,61.6527325269508,0.9166666666666666,0.5,465.0,64.0,88.0,495.0,96.0,14.0,0.0,0.0,46.0,5.0,7.0,30.0,30.0,2.0,0.0,0.0,0.0,0.0,7.0,30.0,0.0,0.0,0.0,0.0
C3_f0.7__baldwinian__s17,C3_f0.7__baldwinian,C3_f0.7,C3,baldwinian,17,450,train,50,0.86,8,8,82.37746236052479,0.7708333333333334,0.5,373.0,66.0,72.0,387.0,108.0,17.0,0.0,0.0,35.0,6.0,7.0,19.0,28.0,3.0,0.0,0.0,0.0,0.0,7.0,19.0,0.0,0.0,0.0,0.0
C3_f0.7__baldwinian__s17,C3_f0.7__baldwinian,C3_f0.7,C3,baldwinian,17,500,train,42,1.2857142857142858,15,23,53.616507672454155,0.9375,0.5,520.0,79.0,58.0,334.0,121.0,23.0,0.0,0.0,46.0,9.0,14.0,18.0,27.0,4.0,0.0,0.0,0.0,0.0,14.0,18.0,0.0,0.0,0.0,0.0
C3_f0.7__baldwinian__s17,C3_f0.7__baldwinian,C3_f0.7,C3,baldwinian,17,550,train,50,1.78,21,13,92.5326146802144,0.8333333333333334,0.5,266.0,42.0,45.0,277.0,77.0,14.0,0.0,0.0,42.0,5.0,6.0,18.0,14.0,1.0,0.0,0.0,0.0,0.0,6.0,18.0,0.0,0.0,0.0,0.0
C3_f0.7__baldwinian__s17,C3_f0.7__baldwinian,C3_f0.7,C3,baldwinian,17,600,train,50,1.88,22,22,89.0481807217382,0.7916666666666666,0.5,284.0,44.0,51.0,324.0,101.0,19.0,0.0,0.0,33.0,2.0,11.0,28.0,32.0,6.0,0.0,0.0,0.0,0.0,11.0,28.0,0.0,0.0,0.0,0.0
C3_f0.7__baldwinian__s17,C3_f0.7__baldwinian,C3_f0.7,C3,baldwinian,17,650,train,50,1.88,23,23,92.94883828038328,0.8125,0.5,345.0,67.0,56.0,335.0,80.0,18.0,0.0,0.0,27.0,4.0,9.0,37.0,20.0,2.0,0.0,0.0,0.0,0.0,9.0,37.0,0.0,0.0,0.0,0.0
C3_f0.7__baldwinian__s17,C3_f0.7__baldwinian,C3_f0.7,C3,baldwinian,17,700,train,50,2.02,20,20,82.11720333935607,0.8541666666666666,0.5,379.0,61.0,82.0,437.0,76.0,10.0,0.0,0.0,39.0,6.0,9.0,36.0,29.0,3.0,0.0,0.0,0.0,0.0,9.0,36.0,0.0,0.0,0.0,0.0
C3_f0.7__baldwinian__s17,C3_f0.7__baldwinian,C3_f0.7,C3,baldwinian,17,750,train,50,2.1,13,13,68.94265120070071,0.8958333333333334,0.5,335.0,67.0,46.0,296.0,113.0,20.0,0.0,0.0,35.0,11.0,6.0,31.0,29.0,2.0,0.0,0.0,0.0,0.0,6.0,31.0,0.0,0.0,0.0,0.0
C3_f0.7__baldwinian__s17,C3_f0.7__baldwinian,C3_f0.7,C3,baldwinian,17,800,train,50,2.42,21,21,79.53303466305655,0.7916666666666666,0.5,534.0,92.0,46.0,288.0,95.0,15.0,0.0,0.0,25.0,3.0,5.0,29.0,23.0,4.0,0.0,0.0,0.0,0.0,5.0,29.0,0.0,0.0,0.0,0.0
C3_f0.7__baldwinian__s17,C3_f0.7__baldwinian,C3_f0.7,C3,baldwinian,17,850,train,50,2.42,9,9,85.07881870369457,0.7708333333333334,0.5,394.0,73.0,46.0,280.0,93.0,12.0,0.0,0.0,39.0,11.0,5.0,16.0,16.0,2.0,0.0,0.0,0.0,0.0,5.0,16.0,0.0,0.0,0.0,0.0
C3_f0.7__baldwinian__s17,C3_f0.7__baldwinian,C3_f0.7,C3,baldwinian,17,900,train,50,2.52,18,18,84.07866922296613,0.8125,0.5,411.0,72.0,52.0,306.0,98.0,21.0,0.0,0.0,37.0,5.0,5.0,31.0,22.0,7.0,0.0,0.0,0.0,0.0,5.0,31.0,0.0,0.0,0.0,0.0
C3_f0.7__baldwinian__s17,C3_f0.7__baldwinian,C3_f0.7,C3,baldwinian,17,950,train,50,2.5,13,13,100.27107236285636,0.8333333333333334,0.5,262.0,39.0,61.0,410.0,99.0,16.0,0.0,0.0,34.0,7.0,6.0,27.0,19.0,3.0,0.0,0.0,0.0,0.0,6.0,27.0,0.0,0.0,0.0,0.0
C3_f0.7__baldwinian__s17,C3_f0.7__baldwinian,C3_f0.7,C3,baldwinian,17,1000,train,50,2.66,13,13,99.83652505711638,0.7708333333333334,0.5,292.0,49.0,68.0,387.0,105.0,15.0,0.0,0.0,38.0,5.0,8.0,28.0,21.0,3.0,0.0,0.0,0.0,0.0,8.0,28.0,0.0,0.0,0.0,0.0
C3_f0.7__baldwinian__s17,C3_f0.7__baldwinian,C3_f0.7,C3,baldwinian,17,1050,train,50,2.7,13,13,130.3633566667785,0.7291666666666666,0.5,435.0,78.0,62.0,250.0,59.0,4.0,0.0,0.0,37.0,10.0,8.0,19.0,15.0,0.0,0.0,0.0,0.0,0.0,8.0,19.0,0.0,0.0,0.0,0.0
C3_f0.7__baldwinian__s17,C3_f0.7__baldwinian,C3_f0.7,C3,baldwinian,17,1100,train,50,2.8,19,19,96.56746033407154,0.7916666666666666,0.5,365.0,62.0,47.0,254.0,146.0,28.0,0.0,0.0,24.0,4.0,13.0,21.0,29.0,4.0,0.0,0.0,0.0,0.0,13.0,21.0,0.0,0.0,0.0,0.0
C3_f0.7__baldwinian__s17,C3_f0.7__baldwinian,C3_f0.7,C3,baldwinian,17,1150,train,50,2.88,17,17,63.34569298290391,0.875,0.5,222.0,40.0,61.0,381.0,110.0,20.0,0.0,0.0,26.0,8.0,6.0,39.0,26.0,4.0,0.0,0.0,0.0,0.0,6.0,39.0,0.0,0.0,0.0,0.0
C3_f0.7__baldwinian__s17,C3_f0.7__baldwinian,C3_f0.7,C3,baldwinian,17,1200,train,50,3.32,29,29,70.61187788522696,0.9166666666666666,0.5,249.0,47.0,60.0,416.0,48.0,9.0,0.0,0.0,32.0,3.0,8.0,38.0,29.0,1.0,0.0,0.0,0.0,0.0,8.0,38.0,0.0,0.0,0.0,0.0
C3_f0.7__baldwinian__s17,C3_f0.7__baldwinian,C3_f0.7,C3,baldwinian,17,1250,train,50,3.5,15,15,44.22483381351471,0.9375,0.5,293.0,48.0,51.0,239.0,111.0,16.0,0.0,0.0,35.0,10.0,14.0,24.0,29.0,3.0,0.0,0.0,0.0,0.0,14.0,24.0,0.0,0.0,0.0,0.0
C3_f0.7__baldwinian__s17,C3_f0.7__baldwinian,C3_f0.7,C3,baldwinian,17,1300,train,50,3.68,20,20,102.70751574272528,0.7916666666666666,0.5,308.0,41.0,50.0,304.0,96.0,15.0,0.0,0.0,31.0,4.0,8.0,19.0,22.0,6.0,0.0,0.0,0.0,0.0,8.0,19.0,0.0,0.0,0.0,0.0
C3_f0.7__baldwinian__s17,C3_f0.7__baldwinian,C3_f0.7,C3,baldwinian,17,1350,train,50,3.76,18,18,77.84018958217217,0.875,0.5,272.0,42.0,33.0,266.0,116.0,23.0,0.0,0.0,41.0,5.0,7.0,31.0,24.0,5.0,0.0,0.0,0.0,0.0,7.0,31.0,0.0,0.0,0.0,0.0
C3_f0.7__baldwinian__s17,C3_f0.7__baldwinian,C3_f0.7,C3,baldwinian,17,1400,train,50,3.8,15,15,89.98776360325874,0.7916666666666666,0.5,278.0,51.0,58.0,335.0,92.0,12.0,0.0,0.0,30.0,7.0,11.0,20.0,28.0,3.0,0.0,0.0,0.0,0.0,11.0,20.0,0.0,0.0,0.0,0.0
C3_f0.7__baldwinian__s17,C3_f0.7__baldwinian,C3_f0.7,C3,baldwinian,17,1450,train,50,4.06,23,23,103.2200257656366,0.7916666666666666,0.5,288.0,39.0,74.0,368.0,100.0,12.0,0.0,0.0,31.0,2.0,9.0,39.0,15.0,3.0,0.0,0.0,0.0,0.0,9.0,39.0,0.0,0.0,0.0,0.0
C3_f0.7__baldwinian__s17,C3_f0.7__baldwinian,C3_f0.7,C3,baldwinian,17,1500,train,50,4.34,19,19,80.05744066177124,0.8125,0.5,182.0,34.0,49.0,277.0,156.0,31.0,0.0,0.0,30.0,3.0,7.0,21.0,27.0,5.0,0.0,0.0,0.0,0.0,7.0,21.0,0.0,0.0,0.0,0.0
C3_f0.7__baldwinian__s17,C3_f0.7__baldwinian,C3_f0.7,C3,baldwinian,17,1550,eval,49,4.469387755102041,19,20,124.9776568844345,0.7916666666666666,0.5,242.0,39.0,51.0,346.0,89.0,15.0,15.0,46.0,26.0,5.0,9.0,34.0,6.0,2.0,3.0,2.0,0.0,0.0,9.0,34.0,0.0,0.0,3.0,2.0
C3_f0.7__baldwinian__s17,C3_f0.7__baldwinian,C3_f0.7,C3,baldwinian,17,1600,eval,50,4.74,23,22,179.45240338518946,0.5416666666666666,0.5,288.0,45.0,56.0,273.0,136.0,24.0,26.0,140.0,17.0,1.0,6.0,30.0,12.0,4.0,6.0,11.0,0.0,0.0,6.0,30.0,0.0,0.0,6.0,11.0
C3_f0.7__baldwinian__s17,C3_f0.7__baldwinian,C3_f0.7,C3,baldwinian,17,1650,eval,50,4.8,16,16,163.6675345647364,0.6041666666666666,0.5,495.0,71.0,62.0,376.0,92.0,18.0,24.0,129.0,27.0,7.0,9.0,36.0,2.0,1.0,2.0,9.0,0.0,0.0,9.0,36.0,0.0,0.0,2.0,9.0
C3_f0.7__baldwinian__s17,C3_f0.7__baldwinian,C3_f0.7,C3,baldwinian,17,1700,eval,50,4.8,5,5,147.77597465706285,0.5208333333333334,0.5,416.0,88.0,90.0,426.0,149.0,26.0,19.0,147.0,35.0,9.0,0.0,14.0,6.0,1.0,4.0,6.0,0.0,0.0,0.0,14.0,0.0,0.0,4.0,6.0
C3_f0.7__baldwinian__s17,C3_f0.7__baldwinian,C3_f0.7,C3,baldwinian,17,1750,eval,50,4.8,10,10,149.86815459006925,0.6458333333333334,0.5,531.0,108.0,61.0,404.0,145.0,30.0,21.0,102.0,34.0,9.0,7.0,22.0,18.0,1.0,1.0,9.0,0.0,0.0,7.0,22.0,0.0,0.0,1.0,9.0
C3_f0.7__baldwinian__s17,C3_f0.7__baldwinian,C3_f0.7,C3,baldwinian,17,1800,eval,50,4.86,9,9,189.59239983311898,0.5,0.5,496.0,91.0,60.0,313.0,210.0,31.0,22.0,120.0,31.0,3.0,6.0,21.0,9.0,1.0,2.0,8.0,0.0,0.0,6.0,21.0,0.0,0.0,2.0,8.0
C3_f0.7__baldwinian__s18,C3_f0.7__baldwinian,C3_f0.7,C3,baldwinian,18,50,train,50,0.82,37,7,73.96549019591063,0.9166666666666666,0.5,170.0,25.0,30.0,194.0,118.0,22.0,0.0,0.0,46.0,6.0,2.0,42.0,26.0,3.0,0.0,0.0,0.0,0.0,2.0,42.0,0.0,0.0,0.0,0.0
C3_f0.7__baldwinian__s18,C3_f0.7__baldwinian,C3_f0.7,C3,baldwinian,18,100,train,49,0.8775510204081632,11,12,115.45597741978771,0.7708333333333334,0.5,232.0,42.0,57.0,269.0,39.0,13.0,0.0,0.0,42.0,7.0,7.0,27.0,8.0,7.0,0.0,0.0,0.0,0.0,7.0,27.0,0.0,0.0,0.0,0.0
C3_f0.7__baldwinian__s18,C3_f0.7__baldwinian,C3_f0.7,C3,baldwinian,18,150,train,46,1.4130434782608696,20,23,75.42063627857065,0.8958333333333334,0.5,318.0,70.0,47.0,321.0,96.0,20.0,0.0,0.0,42.0,9.0,11.0,31.0,19.0,9.0,0.0,0.0,0.0,0.0,11.0,31.0,0.0,0.0,0.0,0.0
C3_f0.7__baldwinian__s18,C3_f0.7__baldwinian,C3_f0.7,C3,baldwinian,18,200,train,50,1.72,16,12,143.01353715172115,0.6458333333333334,0.5,327.0,61.0,47.0,285.0,142.0,23.0,0.0,0.0,27.0,2.0,7.0,21.0,14.0,5.0,0.0,0.0,0.0,0.0,7.0,21.0,0.0,0.0,0.0,0.0
C3_f0.7__baldwinian__s18,C3_f0.7__baldwinian,C3_f0.7,C3,baldwinian,18,250,train,50,1.64,15,15,63.01991173601194,0.875,0.5,423.0,82.0,51.0,278.0,96.0,21.0,0.0,0.0,57.0,6.0,8.0,25.0,14.0,3.0,0.0,0.0,0.0,0.0,8.0,25.0,0.0,0.0,0.0,0.0
C3_f0.7__baldwinian__s18,C3_f0.7__baldwinian,C3_f0.7,C3,baldwinian,18,300,train,50,1.6,14,14,70.54600149117573,0.8125,0.5,385.0,72.0,43.0,297.0,128.0,23.0,0.0,0.0,60.0,7.0,5.0,19.0,19.0,4.0,0.0,0.0,0.0,0.0,5.0,19.0,0.0,0.0,0.0,0.0
C3_f0.7__baldwinian__s18,C3_f0.7__baldwinian,C3_f0.7,C3,baldwinian,18,350,train,50,1.58,11,11,57.63970585711607,0.9166666666666666,0.5,354.0,52.0,50.0,366.0,148.0,36.0,0.0,0.0,46.0,3.0,9.0,29.0,19.0,6.0,0.0,0.0,0.0,0.0,9.0,29.0,0.0,0.0,0.0,0.0
C3_f0.7__baldwinian__s18,C3_f0.7__baldwinian,C3_f0.7,C3,baldwinian,18,400,train,50,1.62,14,14,60.92216922189643,0.9375,0.5,296.0,52.0,74.0,369.0,144.0,21.0,0.0,0.0,53.0,1.0,10.0,16.0,15.0,4.0,0.0,0.0,0.0,0.0,10.0,16.0,0.0,0.0,0.0,0.0
C3_f0.7__baldwinian__s18,C3_f0.7__baldwinian,C3_f0.7,C3,baldwinian,18,450,train,50,1.66,14,14,78.72995552566832,0.8333333333333334,0.5,305.0,62.0,58.0,274.0,51.0,7.0,0.0,0.0,44.0,10.0,11.0,13.0,18.0,2.0,0.0,0.0,0.0,0.0,11.0,13.0,0.0,0.0,0.0,0.0
C3_f0.7__baldwinian__s18,C3_f0.7__baldwinian,C3_f0.7,C3,baldwinian,18,500,train,50,2.26,19,19,89.9971906300402,0.8125,0.5,371.0,54.0,61.0,303.0,99.0,17.0,0.0,0.0,41.0,7.0,10.0,15.0,16.0,5.0,0.0,0.0,0.0,0.0,10.0,15.0,0.0,0.0,0.0,0.0
C3_f0.7__baldwinian__s18,C3_f0.7__baldwinian,C3_f0.7,C3,baldwinian,18,550,train,50,2.86,22,22,98.47132150034795,0.7708333333333334,0.5,254.0,56.0,38.0,230.0,189.0,34.0,0.0,0.0,38.0,4.0,8.0,33.0,16.0,3.0,0.0,0.0,0.0,0.0,8.0,33.0,0.0,0.0,0.0,0.0
C3_f0.7__baldwinian__s18,C3_f0.7__baldwinian,C3_f0.7,C3,baldwinian,18,600,train,50,2.96,20,20,82.68098395643997,0.8333333333333334,0.5,229.0,44.0,78.0,317.0,157.0,24.0,0.0,0.0,33.0,5.0,5.0,29.0,18.0,2.0,0.0,0.0,0.0,0.0,5.0,29.0,0.0,0.0,0.0,0.0
C3_f0.7__baldwinian__s18,C3_f0.7__baldwinian,C3_f0.7,C3,baldwinian,18,650,train,50,2.88,13,13,71.79100515464188,0.8541666666666666,0.5,309.0,57.0,58.0,367.0,182.0,27.0,0.0,0.0,40.0,4.0,5.0,33.0,23.0,4.0,0.0,0.0,0.0,0.0,5.0,33.0,0.0,0.0,0.0,0.0
C3_f0.7__baldwinian__s18,C3_f0.7__baldwinian,C3_f0.7,C3,baldwinian,18,700,train,50,3.04,26,26,67.38919396847501,0.8958333333333334,0.5,310.0,58.0,53.0,342.0,124.0,18.0,0.0,0.0,42.0,6.0,7.0,31.0,19.0,3.0,0.0,0.0,0.0,0.0,7.0,31.0,0.0,0.0,0.0,0.0
C3_f0.7__baldwinian__s18,C3_f0.7__baldwinian,C3_f0.7,C3,baldwinian,18,750,train,50,3.54,16,16,95.44066390952216,0.7291666666666666,0.5,241.0,54.0,37.0,298.0,128.0,18.0,0.0,0.0,33.0,7.0,7.0,21.0,16.0,2.0,0.0,0.0,0.0,0.0,7.0,21.0,0.0,0.0,0.0,0.0
C3_f0.7__baldwinian__s18,C3_f0.7__baldwinian,C3_f0.7,C3,baldwinian,18,800,train,50,3.46,11,11,70.36718657209013,0.8958333333333334,0.5,225.0,41.0,75.0,394.0,171.0,36.0,0.0,0.0,55.0,9.0,12.0,20.0,25.0,6.0,0.0,0.0,0.0,0.0,12.0,20.0,0.0,0.0,0.0,0.0
C3_f0.7__baldwinian__s18,C3_f0.7__baldwinian,C3_f0.7,C3,baldwinian,18,850,train,50,3.48,24,24,69.97592018098265,0.8958333333333334,0.5,240.0,39.0,75.0,400.0,75.0,7.0,0.0,0.0,43.0,3.0,6.0,31.0,18.0,4.0,0.0,0.0,0.0,0.0,6.0,31.0,0.0,0.0,0.0,0.0
C3_f0.7__baldwinian__s18,C3_f0.7__baldwinian,C3_f0.7,C3,baldwinian,18,900,train,50,3.58,15,15,101.60950069722333,0.75,0.5,298.0,40.0,51.0,321.0,115.0,14.0,0.0,0.0,35.0,4.0,6.0,25.0,18.0,4.0,0.0,0.0,0.0,0.0,6.0,25.0,0.0,0.0,0.0,0.0
C3_f0.7__baldwinian__s18,C3_f0.7__baldwinian,C3_f0.7,C3,baldwinian,18,950,train,50,3.68,6,6,94.27859863454378,0.7916666666666666,0.5,396.0,59.0,65.0,455.0,125.0,23.0,0.0,0.0,44.0,2.0,11.0,30.0,22.0,5.0,0.0,0.0,0.0,0.0,11.0,30.0,0.0,0.0,0.0,0.0
C3_f0.7__baldwinian__s18,C3_f0.7__baldwinian,C3_f0.7,C3,baldwinian,18,1000,train,50,3.74,13,13,136.82759781958737,0.6666666666666666,0.5,499.0,94.0,99.0,629.0,110.0,18.0,0.0,0.0,38.0,1.0,10.0,30.0,11.0,3.0,0.0,0.0,0.0,0.0,10.0,30.0,0.0,0.0,0.0,0.0
C3_f0.7__baldwinian__s18,C3_f0.7__baldwinian,C3_f0.7,C3,baldwinian,18,1050,train,50,4.02,18,18,94.28458833412198,0.7708333333333334,0.5,427.0,66.0,89.0,484.0,114.0,15.0,0.0,0.0,33.0,6.0,9.0,27.0,17.0,3.0,0.0,0.0,0.0,0.0,9.0,27.0,0.0,0.0,0.0,0.0
C3_f0.7__baldwinian__s18,C3_f0.7__baldwinian,C3_f0.7,C3,baldwinian,18,1100,train,50,4.06,18,18,57.82255699928055,0.9166666666666666,0.5,283.0,47.0,68.0,284.0,89.0,18.0,0.0,0.0,45.0,3.0,8.0,30.0,15.0,1.0,0.0,0.0,0.0,0.0,8.0,30.0,0.0,0.0,0.0,0.0
C3_f0.7__baldwinian__s18,C3_f0.7__baldwinian,C3_f0.7,C3,baldwinian,18,1150,train,50,3.96,15,15,40.14619853098888,0.9583333333333334,0.5,257.0,50.0,43.0,291.0,120.0,16.0,0.0,0.0,41.0,8.0,8.0,19.0,29.0,3.0,0.0,0.0,0.0,0.0,8.0,19.0,0.0,0.0,0.0,0.0
C3_f0.7__baldwinian__s18,C3_f0.7__baldwinian,C3_f0.7,C3,baldwinian,18,1200,train,50,4.12,22,22,101.59117384944193,0.8125,0.5,341.0,55.0,53.0,257.0,41.0,13.0,0.0,0.0,39.0,9.0,12.0,25.0,10.0,3.0,0.0,0.0,0.0,0.0,12.0,25.0,0.0,0.0,0.0,0.0
C3_f0.7__baldwinian__s18,C3_f0.7__baldwinian,C3_f0.7,C3,baldwinian,18,1250,train,50,4.34,21,21,111.28562680305842,0.8125,0.5,365.0,70.0,45.0,270.0,70.0,18.0,0.0,0.0,36.0,6.0,8.0,25.0,6.0,6.0,0.0,0.0,0.0,0.0,8.0,25.0,0.0,0.0,0.0,0.0
C3_f0.7__baldwinian__s18,C3_f0.7__baldwinian,C3_f0.7,C3,baldwinian,18,1300,train,50,4.6,16,16,95.02763756317523,0.8333333333333334,0.5,266.0,47.0,80.0,395.0,131.0,19.0,0.0,0.0,40.0,3.0,7.0,22.0,23.0,3.0,0.0,0.0,0.0,0.0,7.0,22.0,0.0,0.0,0.0,0.0
C3_f0.7__baldwinian__s18,C3_f0.7__baldwinian,C3_f0.7,C3,baldwinian,18,1350,train,50,4.82,25,25,83.09885146554416,0.8333333333333334,0.5,314.0,52.0,42.0,289.0,46.0,6.0,0.0,0.0,48.0,2.0,5.0,28.0,18.0,2.0,0.0,0.0,0.0,0.0,5.0,28.0,0.0,0.0,0.0,0.0
C3_f0.7__baldwinian__s18,C3_f0.7__baldwinian,C3_f0.7,C3,baldwinian,18,1400,train,50,4.88,17,17,84.20323333482166,0.875,0.5,236.0,43.0,50.0,269.0,38.0,8.0,0.0,0.0,37.0,10.0,15.0,25.0,12.0,2.0,0.0,0.0,0.0,0.0,15.0,25.0,0.0,0.0,0.0,0.0
C3_f0.7__baldwinian__s18,C3_f0.7__baldwinian,C3_f0.7,C3,baldwinian,18,1450,train,50,4.88,15,15,86.34960769865373,0.7916666666666666,0.5,322.0,61.0,44.0,280.0,81.0,11.0,0.0,0.0,53.0,5.0,5.0,24.0,20.0,1.0,0.0,0.0,0.0,0.0,5.0,24.0,0.0,0.0,0.0,0.0
C3_f0.7__baldwinian__s18,C3_f0.7__baldwinian,C3_f0.7,C3,baldwinian,18,1500,train,50,4.78,16,16,73.73517313223616,0.8541666666666666,0.5,391.0,60.0,72.0,404.0,108.0,16.0,0.0,0.0,36.0,4.0,6.0,31.0,22.0,3.0,0.0,0.0,0.0,0.0,6.0,31.0,0.0,0.0,0.0,0.0
C3_f0.7__baldwinian__s18,C3_f0.7__baldwinian,C3_f0.7,C3,baldwinian,18,1550,eval,50,4.9,16,16,209.2401524223844,0.5208333333333334,0.5,304.0,44.0,53.0,268.0,63.0,6.0,22.0,79.0,27.0,0.0,8.0,24.0,9.0,0.0,5.0,2.0,0.0,0.0,8.0,24.0,0.0,0.0,5.0,2.0
C3_f0.7__baldwinian__s18,C3_f0.7__baldwinian,C3_f0.7,C3,baldwinian,18,1600,eval,50,5.02,12,12,131.46637519820783,0.6875,0.5,348.0,69.0,65.0,430.0,44.0,7.0,17.0,85.0,27.0,3.0,5.0,42.0,8.0,1.0,6.0,7.0,0.0,0.0,5.0,42.0,0.0,0.0,6.0,7.0
C3_f0.7__baldwinian__s18,C3_f0.7__baldwinian,C3_f0.7,C3,baldwinian,18,1650,eval,50,5.08,12,12,216.28658615756865,0.4791666666666667,0.5,382.0,64.0,89.0,440.0,113.0,24.0,19.0,104.0,28.0,5.0,14.0,15.0,7.0,0.0,3.0,4.0,0.0,0.0,14.0,15.0,0.0,0.0,3.0,4.0
C3_f0.7__baldwinian__s18,C3_f0.7__baldwinian,C3_f0.7,C3,baldwinian,18,1700,eval,50,5.2,8,8,203.8585155826217,0.4583333333333333,0.5,387.0,58.0,86.0,526.0,113.0,10.0,20.0,109.0,25.0,3.0,6.0,23.0,3.0,1.0,3.0,9.0,0.0,0.0,6.0,23.0,0.0,0.0,3.0,9.0
C3_f0.7__baldwinian__s18,C3_f0.7__baldwinian,C3_f0.7,C3,baldwinian,18,1750,eval,50,5.32,11,11,230.90891565450877,0.5208333333333334,0.5,357.0,63.0,88.0,560.0,101.0,19.0,27.0,141.0,21.0,5.0,7.0,25.0,2.0,4.0,1.0,8.0,0.0,0.0,7.0,25.0,0.0,0.0,1.0,8.0
C3_f0.7__baldwinian__s18,C3_f0.7__baldwinian,C3_f0.7,C3,baldwinian,18,1800,eval,50,5.38,6,6,239.1507194303386,0.4166666666666667,0.5,566.0,95.0,96.0,454.0,88.0,17.0,22.0,198.0,20.0,6.0,8.0,24.0,2.0,1.0,1.0,7.0,0.0,0.0,8.0,24.0,0.0,0.0,1.0,7.0
C3_f0.7__baldwinian__s19,C3_f0.7__baldwinian,C3_f0.7,C3,baldwinian,19,50,train,50,0.74,34,4,95.64729291335686,0.7916666666666666,0.5,253.0,39.0,30.0,175.0,97.0,17.0,0.0,0.0,36.0,5.0,9.0,36.0,25.0,5.0,0.0,0.0,0.0,0.0,9.0,36.0,0.0,0.0,0.0,0.0
C3_f0.7__baldwinian__s19,C3_f0.7__baldwinian,C3_f0.7,C3,baldwinian,19,100,train,49,0.7959183673469388,15,16,73.99822722695887,0.875,0.5,269.0,50.0,63.0,329.0,54.0,9.0,0.0,0.0,36.0,4.0,9.0,38.0,9.0,2.0,0.0,0.0,0.0,0.0,9.0,38.0,0.0,0.0,0.0,0.0
C3_f0.7__baldwinian__s19,C3_f0.7__baldwinian,C3_f0.7,C3,baldwinian,19,150,train,50,0.9,14,13,106.11232052506881,0.75,0.5,442.0,78.0,50.0,302.0,68.0,11.0,0.0,0.0,48.0,2.0,5.0,20.0,19.0,3.0,0.0,0.0,0.0,0.0,5.0,20.0,0.0,0.0,0.0,0.0
C3_f0.7__baldwinian__s19,C3_f0.7__baldwinian,C3_f0.7,C3,baldwinian,19,200,train,50,0.96,15,15,95.76785471974229,0.75,0.5,268.0,50.0,70.0,394.0,103.0,19.0,0.0,0.0,33.0,6.0,9.0,30.0,24.0,0.0,0.0,0.0,0.0,0.0,9.0,30.0,0.0,0.0,0.0,0.0
C3_f0.7__baldwinian__s19,C3_f0.7__baldwinian,C3_f0.7,C3,baldwinian,19,250,train,50,0.98,15,15,60.84253152842451,0.9166666666666666,0.5,283.0,52.0,58.0,288.0,77.0,11.0,0.0,0.0,40.0,8.0,9.0,24.0,20.0,1.0,0.0,0.0,0.0,0.0,9.0,24.0,0.0,0.0,0.0,0.0
C3_f0.7__baldwinian__s19,C3_f0.7__baldwinian,C3_f0.7,C3,baldwinian,19,300,train,50,1.02,14,14,107.83298129388376,0.8125,0.5,277.0,38.0,66.0,280.0,101.0,16.0,0.0,0.0,35.0,4.0,10.0,29.0,21.0,1.0,0.0,0.0,0.0,0.0,10.0,29.0,0.0,0.0,0.0,0.0
C3_f0.7__baldwinian__s19,C3_f0.7__baldwinian,C3_f0.7,C3,baldwinian,19,350,train,50,1.16,17,17,92.98704985700569,0.7708333333333334,0.5,275.0,50.0,45.0,266.0,132.0,26.0,0.0,0.0,48.0,7.0,9.0,17.0,22.0,4.0,0.0,0.0,0.0,0.0,9.0,17.0,0.0,0.0,0.0,0.0
C3_f0.7__baldwinian__s19,C3_f0.7__baldwinian,C3_f0.7,C3,baldwinian,19,400,train,50,1.16,11,11,68.84530033451843,0.875,0.5,415.0,73.0,68.0,395.0,37.0,5.0,0.0,0.0,47.0,6.0,12.0,17.0,19.0,2.0,0.0,0.0,0.0,0.0,12.0,17.0,0.0,0.0,0.0,0.0
C3_f0.7__baldwinian__s19,C3_f0.7__baldwinian,C3_f0.7,C3,baldwinian,19,450,train,50,1.06,17,17,79.08146471602049,0.8541666666666666,0.5,393.0,60.0,45.0,301.0,56.0,8.0,0.0,0.0,47.0,6.0,8.0,21.0,21.0,1.0,0.0,0.0,0.0,0.0,8.0,21.0,0.0,0.0,0.0,0.0
C3_f0.7__baldwinian__s19,C3_f0.7__baldwinian,C3_f0.7,C3,baldwinian,19,500,train,50,1.48,18,18,137.1137380771627,0.6458333333333334,0.5,315.0,56.0,38.0,292.0,64.0,8.0,0.0,0.0,43.0,2.0,8.0,17.0,26.0,0.0,0.0,0.0,0.0,0.0,8.0,17.0,0.0,0.0,0.0,0.0
C3_f0.7__baldwinian__s19,C3_f0.7__baldwinian,C3_f0.7,C3,baldwinian,19,550,train,50,1.94,23,23,131.038666479689,0.7291666666666666,0.5,360.0,64.0,36.0,237.0,44.0,5.0,0.0,0.0,46.0,10.0,1.0,22.0,11.0,0.0,0.0,0.0,0.0,0.0,1.0,22.0,0.0,0.0,0.0,0.0
C3_f0.7__baldwinian__s19,C3_f0.7__baldwinian,C3_f0.7,C3,baldwinian,19,600,train,50,2.22,12,12,94.0896995386382,0.8333333333333334,0.5,299.0,53.0,68.0,300.0,52.0,12.0,0.0,0.0,38.0,7.0,14.0,25.0,18.0,3.0,0.0,0.0,0.0,0.0,14.0,25.0,0.0,0.0,0.0,0.0
C3_f0.7__baldwinian__s19,C3_f0.7__baldwinian,C3_f0.7,C3,baldwinian,19,650,train,50,2.44,17,17,101.82963554812983,0.7291666666666666,0.5,366.0,64.0,44.0,316.0,106.0,16.0,0.0,0.0,42.0,4.0,2.0,22.0,10.0,6.0,0.0,0.0,0.0,0.0,2.0,22.0,0.0,0.0,0.0,0.0
C3_f0.7__baldwinian__s19,C3_f0.7__baldwinian,C3_f0.7,C3,baldwinian,19,700,train,50,2.56,15,15,67.85977561194406,0.8125,0.5,352.0,84.0,49.0,274.0,103.0,16.0,0.0,0.0,47.0,3.0,5.0,32.0,18.0,4.0,0.0,0.0,0.0,0.0,5.0,32.0,0.0,0.0,0.0,0.0
C3_f0.7__baldwinian__s19,C3_f0.7__baldwinian,C3_f0.7,C3,baldwinian,19,750,train,50,2.74,24,24,110.1200613394318,0.7291666666666666,0.5,255.0,52.0,57.0,343.0,100.0,21.0,0.0,0.0,30.0,2.0,8.0,31.0,12.0,1.0,0.0,0.0,0.0,0.0,8.0,31.0,0.0,0.0,0.0,0.0
C3_f0.7__baldwinian__s19,C3_f0.7__baldwinian,C3_f0.7,C3,baldwinian,19,800,train,50,2.62,17,17,87.22715430164557,0.8333333333333334,0.5,316.0,41.0,84.0,438.0,97.0,18.0,0.0,0.0,33.0,5.0,6.0,25.0,24.0,4.0,0.0,0.0,0.0,0.0,6.0,25.0,0.0,0.0,0.0,0.0
C3_f0.7__baldwinian__s19,C3_f0.7__baldwinian,C3_f0.7,C3,baldwinian,19,850,train,50,2.62,17,17,98.34072822820832,0.8125,0.5,243.0,52.0,61.0,340.0,57.0,10.0,0.0,0.0,47.0,9.0,5.0,26.0,11.0,1.0,0.0,0.0,0.0,0.0,5.0,26.0,0.0,0.0,0.0,0.0
C3_f0.7__baldwinian__s19,C3_f0.7__baldwinian,C3_f0.7,C3,baldwinian,19,900,train,50,2.62,14,14,91.3355046183442,0.8333333333333334,0.5,296.0,62.0,55.0,334.0,115.0,16.0,0.0,0.0,36.0,1.0,5.0,34.0,18.0,2.0,0.0,0.0,0.0,0.0,5.0,34.0,0.0,0.0,0.0,0.0
C3_f0.7__baldwinian__s19,C3_f0.7__baldwinian,C3_f0.7,C3,baldwinian,19,950,train,50,2.8,15,15,77.93824790283526,0.8541666666666666,0.5,340.0,68.0,55.0,277.0,136.0,18.0,0.0,0.0,43.0,6.0,7.0,26.0,27.0,4.0,0.0,0.0,0.0,0.0,7.0,26.0,0.0,0.0,0.0,0.0
C3_f0.7__baldwinian__s19,C3_f0.7__baldwinian,C3_f0.7,C3,baldwinian,19,1000,train,50,2.9,12,12,124.71547523149529,0.625,0.5,372.0,80.0,72.0,339.0,121.0,24.0,0.0,0.0,26.0,6.0,15.0,24.0,19.0,1.0,0.0,0.0,0.0,0.0,15.0,24.0,0.0,0.0,0.0,0.0
C3_f0.7__baldwinian__s19,C3_f0.7__baldwinian,C3_f0.7,C3,baldwinian,19,1050,train,50,3.26,24,24,89.09603495955903,0.7916666666666666,0.5,417.0,72.0,75.0,435.0,156.0,16.0,0.0,0.0,39.0,3.0,14.0,34.0,20.0,2.0,0.0,0.0,0.0,0.0,14.0,34.0,0.0,0.0,0.0,0.0
C3_f0.7__baldwinian__s19,C3_f0.7__baldwinian,C3_f0.7,C3,baldwinian,19,1100,train,50,3.38,17,17,82.5167918640054,0.75,0.5,400.0,79.0,62.0,375.0,198.0,31.0,0.0,0.0,41.0,9.0,8.0,28.0,24.0,0.0,0.0,0.0,0.0,0.0,8.0,28.0,0.0,0.0,0.0,0.0
C3_f0.7__baldwinian__s19,C3_f0.7__baldwinian,C3_f0.7,C3,baldwinian,19,1150,train,50,3.48,14,14,101.92678506810476,0.7708333333333334,0.5,259.0,60.0,80.0,474.0,93.0,18.0,0.0,0.0,23.0,4.0,6.0,26.0,19.0,4.0,0.0,0.0,0.0,0.0,6.0,26.0,0.0,0.0,0.0,0.0
C3_f0.7__baldwinian__s19,C3_f0.7__baldwinian,C3_f0.7,C3,baldwinian,19,1200,train,50,3.62,20,20,91.39901803272251,0.75,0.5,309.0,46.0,52.0,338.0,125.0,17.0,0.0,0.0,38.0,2.0,10.0,27.0,25.0,3.0,0.0,0.0,0.0,0.0,10.0,27.0,0.0,0.0,0.0,0.0
C3_f0.7__baldwinian__s19,C3_f0.7__baldwinian,C3_f0.7,C3,baldwinian,19,1250,train,50,3.54,16,16,86.02269069991496,0.7916666666666666,0.5,317.0,49.0,53.0,400.0,144.0,27.0,0.0,0.0,47.0,2.0,5.0,31.0,28.0,6.0,0.0,0.0,0.0,0.0,5.0,31.0,0.0,0.0,0.0,0.0
C3_f0.7__baldwinian__s19,C3_f0.7__baldwinian,C3_f0.7,C3,baldwinian,19,1300,train,50,3.58,16,16,85.65304639636433,0.8125,0.5,394.0,87.0,48.0,277.0,75.0,15.0,0.0,0.0,40.0,10.0,12.0,22.0,21.0,1.0,0.0,0.0,0.0,0.0,12.0,22.0,0.0,0.0,0.0,0.0
C3_f0.7__baldwinian__s19,C3_f0.7__baldwinian,C3_f0.7,C3,baldwinian,19,1350,train,50,3.74,25,25,93.56740652196368,0.8333333333333334,0.5,259.0,49.0,58.0,293.0,84.0,17.0,0.0,0.0,38.0,4.0,11.0,26.0,17.0,2.0,0.0,0.0,0.0,0.0,11.0,26.0,0.0,0.0,0.0,0.0
C3_f0.7__baldwinian__s19,C3_f0.7__baldwinian,C3_f0.7,C3,baldwinian,19,1400,train,50,3.76,14,14,61.266479847253684,0.9166666666666666,0.5,308.0,54.0,60.0,298.0,109.0,27.0,0.0,0.0,53.0,12.0,10.0,22.0,14.0,6.0,0.0,0.0,0.0,0.0,10.0,22.0,0.0,0.0,0.0,0.0
C3_f0.7__baldwinian__s19,C3_f0.7__baldwinian,C3_f0.7,C3,baldwinian,19,1450,train,50,3.98,19,19,91.66477370174708,0.8333333333333334,0.5,243.0,48.0,50.0,277.0,132.0,19.0,0.0,0.0,33.0,7.0,12.0,28.0,20.0,1.0,0.0,0.0,0.0,0.0,12.0,28.0,0.0,0.0,0.0,0.0
C3_f0.7__baldwinian__s19,C3_f0.7__baldwinian,C3_f0.7,C3,baldwinian,19,1500,train,50,4.12,24,24,111.91632137222437,0.7708333333333334,0.5,226.0,41.0,64.0,367.0,68.0,15.0,0.0,0.0,27.0,4.0,13.0,33.0,20.0,2.0,0.0,0.0,0.0,0.0,13.0,33.0,0.0,0.0,0.0,0.0
C3_f0.7__baldwinian__s19,C3_f0.7__baldwinian,C3_f0.7,C3,baldwinian,19,1550,eval,50,4.5,20,20,152.0262232984452,0.6041666666666666,0.5,401.0,73.0,48.0,318.0,92.0,23.0,35.0,181.0,29.0,3.0,9.0,22.0,4.0,1.0,1.0,14.0,0.0,0.0,9.0,22.0,0.0,0.0,1.0,14.0
C3_f0.7__baldwinian__s19,C3_f0.7__baldwinian,C3_f0.7,C3,baldwinian,19,1600,eval,50,4.5,11,11,168.99701533088745,0.5,0.5,344.0,63.0,84.0,525.0,97.0,16.0,22.0,108.0,31.0,4.0,8.0,21.0,10.0,0.0,4.0,5.0,0.0,0.0,8.0,21.0,0.0,0.0,4.0,5.0
C3_f0.7__baldwinian__s19,C3_f0.7__baldwinian,C3_f0.7,C3,baldwinian,19,1650,eval,50,4.62,13,13,187.48153007032502,0.5208333333333334,0.5,396.0,74.0,96.0,539.0,69.0,13.0,25.0,99.0,28.0,7.0,4.0,22.0,4.0,6.0,3.0,7.0,0.0,0.0,4.0,22.0,0.0,0.0,3.0,7.0
C3_f0.7__baldwinian__s19,C3_f0.7__baldwinian,C3_f0.7,C3,baldwinian,19,1700,eval,50,4.72,8,8,191.56741026619625,0.4791666666666667,0.5,492.0,99.0,97.0,615.0,49.0,8.0,3.0,43.0,23.0,5.0,4.0,22.0,4.0,3.0,1.0,2.0,0.0,0.0,4.0,22.0,0.0,0.0,1.0,2.0
C3_f0.7__baldwinian__s19,C3_f0.7__baldwinian,C3_f0.7,C3,baldwinian,19,1750,eval,50,4.74,4,4,219.05271218180184,0.4375,0.5,621.0,111.0,88.0,503.0,23.0,3.0,9.0,43.0,34.0,9.0,5.0,15.0,2.0,0.0,0.0,4.0,0.0,0.0,5.0,15.0,0.0,0.0,0.0,4.0
C3_f0.7__baldwinian__s19,C3_f0.7__baldwinian,C3_f0.7,C3,baldwinian,19,1800,eval,50,4.74,3,3,201.50372528200313,0.4583333333333333,0.5,587.0,91.0,114.0,626.0,5.0,1.0,3.0,43.0,25.0,5.0,12.0,23.0,5.0,1.0,1.0,5.0,0.0,0.0,12.0,23.0,0.0,0.0,1.0,5.0
C3_f0.7__baldwinian__s20,C3_f0.7__baldwinian,C3_f0.7,C3,baldwinian,20,50,train,50,0.72,38,8,46.961253929258596,0.9583333333333334,0.5,229.0,40.0,34.0,231.0,79.0,6.0,0.0,0.0,41.0,7.0,8.0,40.0,21.0,1.0,0.0,0.0,0.0,0.0,8.0,40.0,0.0,0.0,0.0,0.0
C3_f0.7__baldwinian__s20,C3_f0.7__baldwinian,C3_f0.7,C3,baldwinian,20,100,train,50,0.84,12,12,91.48753649365412,0.8333333333333334,0.5,263.0,45.0,39.0,240.0,96.0,18.0,0.0,0.0,38.0,6.0,8.0,27.0,12.0,1.0,0.0,0.0,0.0,0.0,8.0,27.0,0.0,0.0,0.0,0.0
C3_f0.7__baldwinian__s20,C3_f0.7__baldwinian,C3_f0.7,C3,baldwinian,20,150,train,50,1.0,16,16,94.62552580543071,0.7708333333333334,0.5,311.0,51.0,59.0,361.0,103.0,15.0,0.0,0.0,31.0,1.0,13.0,20.0,22.0,2.0,0.0,0.0,0.0,0.0,13.0,20.0,0.0,0.0,0.0,0.0
C3_f0.7__baldwinian__s20,C3_f0.7__baldwinian,C3_f0.7,C3,baldwinian,20,200,train,50,1.32,20,20,63.450616153976334,0.9166666666666666,0.5,301.0,45.0,47.0,305.0,163.0,26.0,0.0,0.0,37.0,2.0,6.0,32.0,28.0,6.0,0.0,0.0,0.0,0.0,6.0,32.0,0.0,0.0,0.0,0.0
C3_f0.7__baldwinian__s20,C3_f0.7__baldwinian,C3_f0.7,C3,baldwinian,20,250,train,50,1.46,17,17,70.40139547667596,0.8958333333333334,0.5,268.0,34.0,48.0,258.0,112.0,23.0,0.0,0.0,38.0,5.0,6.0,21.0,16.0,8.0,0.0,0.0,0.0,0.0,6.0,21.0,0.0,0.0,0.0,0.0
C3_f0.7__baldwinian__s20,C3_f0.7__baldwinian,C3_f0.7,C3,baldwinian,20,300,train,50,1.32,20,20,76.58316640750495,0.8333333333333334,0.5,301.0,57.0,67.0,344.0,121.0,18.0,0.0,0.0,33.0,6.0,12.0,26.0,14.0,3.0,0.0,0.0,0.0,0.0,12.0,26.0,0.0,0.0,0.0,0.0
C3_f0.7__baldwinian__s20,C3_f0.7__baldwinian,C3_f0.7,C3,baldwinian,20,350,train,50,1.26,21,21,50.74631638487404,0.8958333333333334,0.5,241.0,34.0,64.0,374.0,212.0,39.0,0.0,0.0,40.0,3.0,11.0,35.0,26.0,9.0,0.0,0.0,0.0,0.0,11.0,35.0,0.0,0.0,0.0,0.0
C3_f0.7__baldwinian__s20,C3_f0.7__baldwinian,C3_f0.7,C3,baldwinian,20,400,train,40,1.425,11,21,95.94578087785143,0.875,0.5,351.0,60.0,49.0,288.0,89.0,17.0,0.0,0.0,35.0,10.0,8.0,24.0,11.0,1.0,0.0,0.0,0.0,0.0,8.0,24.0,0.0,0.0,0.0,0.0
C3_f0.7__baldwinian__s20,C3_f0.7__baldwinian,C3_f0.7,C3,baldwinian,20,450,train,50,1.66,22,12,69.21962130535921,0.8958333333333334,0.5,330.0,59.0,54.0,285.0,143.0,31.0,0.0,0.0,44.0,6.0,10.0,23.0,22.0,5.0,0.0,0.0,0.0,0.0,10.0,23.0,0.0,0.0,0.0,0.0
C3_f0.7__baldwinian__s20,C3_f0.7__baldwinian,C3_f0.7,C3,baldwinian,20,500,train,38,1.894736842105263,14,26,93.9525585204679,0.8541666666666666,0.5,233.0,35.0,72.0,423.0,104.0,19.0,0.0,0.0,29.0,7.0,10.0,28.0,20.0,7.0,0.0,0.0,0.0,0.0,10.0,28.0,0.0,0.0,0.0,0.0
C3_f0.7__baldwinian__s20,C3_f0.7__baldwinian,C3_f0.7,C3,baldwinian,20,550,train,44,2.6818181818181817,24,18,56.12378110411218,0.8958333333333334,0.5,358.0,47.0,47.0,230.0,62.0,7.0,0.0,0.0,50.0,1.0,7.0,29.0,27.0,1.0,0.0,0.0,0.0,0.0,7.0,29.0,0.0,0.0,0.0,0.0
C3_f0.7__baldwinian__s20,C3_f0.7__baldwinian,C3_f0.7,C3,baldwinian,20,600,train,50,2.64,21,15,72.38791337763233,0.875,0.5,240.0,46.0,37.0,305.0,38.0,6.0,0.0,0.0,35.0,3.0,5.0,24.0,19.0,3.0,0.0,0.0,0.0,0.0,5.0,24.0,0.0,0.0,0.0,0.0
C3_f0.7__baldwinian__s20,C3_f0.7__baldwinian,C3_f0.7,C3,baldwinian,20,650,train,48,2.9375,16,18,79.66158208494653,0.8333333333333334,0.5,317.0,54.0,67.0,320.0,61.0,15.0,0.0,0.0,30.0,6.0,8.0,28.0,22.0,6.0,0.0,0.0,0.0,0.0,8.0,28.0,0.0,0.0,0.0,0.0
C3_f0.7__baldwinian__s20,C3_f0.7__baldwinian,C3_f0.7,C3,baldwinian,20,700,train,39,3.128205128205128,10,19,94.39638384976423,0.875,0.5,261.0,48.0,52.0,345.0,140.0,20.0,0.0,0.0,36.0,4.0,6.0,38.0,24.0,3.0,0.0,0.0,0.0,0.0,6.0,38.0,0.0,0.0,0.0,0.0
C3_f0.7__baldwinian__s20,C3_f0.7__baldwinian,C3_f0.7,C3,baldwinian,20,750,train,43,3.1627906976744184,23,19,103.97488972714198,0.7916666666666666,0.5,294.0,52.0,61.0,344.0,109.0,14.0,0.0,0.0,31.0,3.0,8.0,37.0,21.0,2.0,0.0,0.0,0.0,0.0,8.0,37.0,0.0,0.0,0.0,0.0
C3_f0.7__baldwinian__s20,C3_f0.7__baldwinian,C3_f0.7,C3,baldwinian,20,800,train,50,3.44,23,16,84.65560905405584,0.8333333333333334,0.5,361.0,71.0,60.0,325.0,93.0,16.0,0.0,0.0,33.0,4.0,5.0,26.0,19.0,5.0,0.0,0.0,0.0,0.0,5.0,26.0,0.0,0.0,0.0,0.0
C3_f0.7__baldwinian__s20,C3_f0.7__baldwinian,C3_f0.7,C3,baldwinian,20,850,train,50,3.48,15,15,69.50818638892449,0.8958333333333334,0.5,330.0,61.0,94.0,355.0,121.0,18.0,0.0,0.0,37.0,6.0,10.0,26.0,20.0,6.0,0.0,0.0,0.0,0.0,10.0,26.0,0.0,0.0,0.0,0.0
C3_f0.7__baldwinian__s20,C3_f0.7__baldwinian,C3_f0.7,C3,baldwinian,20,900,train,50,3.86,21,21,64.95884284530527,0.8541666666666666,0.5,322.0,73.0,49.0,302.0,110.0,9.0,0.0,0.0,43.0,8.0,8.0,30.0,30.0,4.0,0.0,0.0,0.0,0.0,8.0,30.0,0.0,0.0,0.0,0.0
C3_f0.7__baldwinian__s20,C3_f0.7__baldwinian,C3_f0.7,C3,baldwinian,20,950,train,48,3.7708333333333335,18,20,93.76266426483141,0.7916666666666666,0.5,284.0,44.0,59.0,343.0,87.0,20.0,0.0,0.0,42.0,5.0,7.0,27.0,18.0,7.0,0.0,0.0,0.0,0.0,7.0,27.0,0.0,0.0,0.0,0.0
C3_f0.7__baldwinian__s20,C3_f0.7__baldwinian,C3_f0.7,C3,baldwinian,20,1000,train,42,4.142857142857143,20,26,100.79968937063003,0.8333333333333334,0.5,235.0,40.0,66.0,345.0,117.0,11.0,0.0,0.0,27.0,5.0,10.0,34.0,22.0,3.0,0.0,0.0,0.0,0.0,10.0,34.0,0.0,0.0,0.0,0.0
C3_f0.7__baldwinian__s20,C3_f0.7__baldwinian,C3_f0.7,C3,baldwinian,20,1050,train,45,4.955555555555556,21,18,93.22968115184185,0.875,0.5,250.0,49.0,47.0,324.0,137.0,24.0,0.0,0.0,36.0,3.0,3.0,31.0,21.0,7.0,0.0,0.0,0.0,0.0,3.0,31.0,0.0,0.0,0.0,0.0
C3_f0.7__baldwinian__s20,C3_f0.7__baldwinian,C3_f0.7,C3,baldwinian,20,1100,train,35,5.228571428571429,11,21,161.9017424059255,0.6458333333333334,0.5,289.0,50.0,78.0,359.0,68.0,8.0,0.0,0.0,36.0,5.0,8.0,36.0,15.0,3.0,0.0,0.0,0.0,0.0,8.0,36.0,0.0,0.0,0.0,0.0
C3_f0.7__baldwinian__s20,C3_f0.7__baldwinian,C3_f0.7,C3,baldwinian,20,1150,train,50,5.32,27,12,84.94932454856465,0.8541666666666666,0.5,286.0,46.0,78.0,391.0,174.0,34.0,0.0,0.0,29.0,5.0,7.0,30.0,24.0,9.0,0.0,0.0,0.0,0.0,7.0,30.0,0.0,0.0,0.0,0.0
C3_f0.7__baldwinian__s20,C3_f0.7__baldwinian,C3_f0.7,C3,baldwinian,20,1200,train,50,5.12,9,9,54.51559029023038,0.9166666666666666,0.5,365.0,60.0,82.0,387.0,127.0,19.0,0.0,0.0,52.0,6.0,6.0,22.0,23.0,3.0,0.0,0.0,0.0,0.0,6.0,22.0,0.0,0.0,0.0,0.0
C3_f0.7__baldwinian__s20,C3_f0.7__baldwinian,C3_f0.7,C3,baldwinian,20,1250,train,50,5.08,13,13,72.31901552966346,0.875,0.5,335.0,67.0,51.0,280.0,74.0,8.0,0.0,0.0,39.0,3.0,3.0,29.0,28.0,1.0,0.0,0.0,0.0,0.0,3.0,29.0,0.0,0.0,0.0,0.0
C3_f0.7__baldwinian__s20,C3_f0.7__baldwinian,C3_f0.7,C3,baldwinian,20,1300,train,50,5.22,17,17,110.00730696147308,0.75,0.5,290.0,51.0,42.0,264.0,45.0,8.0,0.0,0.0,32.0,9.0,9.0,18.0,18.0,6.0,0.0,0.0,0.0,0.0,9.0,18.0,0.0,0.0,0.0,0.0
C3_f0.7__baldwinian__s20,C3_f0.7__baldwinian,C3_f0.7,C3,baldwinian,20,1350,train,50,5.18,22,22,110.27849850760279,0.75,0.5,392.0,74.0,54.0,333.0,107.0,23.0,0.0,0.0,36.0,5.0,5.0,29.0,22.0,5.0,0.0,0.0,0.0,0.0,5.0,29.0,0.0,0.0,0.0,0.0
C3_f0.7__baldwinian__s20,C3_f0.7__baldwinian,C3_f0.7,C3,baldwinian,20,1400,train,50,5.34,14,14,56.18225953348575,0.875,0.5,298.0,66.0,30.0,200.0,102.0,17.0,0.0,0.0,44.0,8.0,3.0,23.0,32.0,1.0,0.0,0.0,0.0,0.0,3.0,23.0,0.0,0.0,0.0,0.0
C3_f0.7__baldwinian__s20,C3_f0.7__baldwinian,C3_f0.7,C3,baldwinian,20,1450,train,50,5.48,13,13,86.05624835223934,0.8958333333333334,0.5,374.0,60.0,62.0,292.0,51.0,15.0,0.0,0.0,42.0,2.0,8.0,22.0,16.0,9.0,0.0,0.0,0.0,0.0,8.0,22.0,0.0,0.0,0.0,0.0
C3_f0.7__baldwinian__s20,C3_f0.7__baldwinian,C3_f0.7,C3,baldwinian,20,1500,train,50,5.72,17,17,122.70439495944592,0.7291666666666666,0.5,375.0,57.0,89.0,523.0,72.0,11.0,0.0,0.0,30.0,3.0,6.0,29.0,26.0,2.0,0.0,0.0,0.0,0.0,6.0,29.0,0.0,0.0,0.0,0.0
C3_f0.7__baldwinian__s20,C3_f0.7__baldwinian,C3_f0.7,C3,baldwinian,20,1550,eval,50,5.98,21,21,103.49976040220618,0.8125,0.5,397.0,67.0,58.0,361.0,57.0,11.0,10.0,55.0,40.0,3.0,12.0,20.0,13.0,2.0,1.0,7.0,0.0,0.0,12.0,20.0,0.0,0.0,1.0,7.0
C3_f0.7__baldwinian__s20,C3_f0.7__baldwinian,C3_f0.7,C3,baldwinian,20,1600,eval,50,6.3,20,20,101.8336890845162,0.7916666666666666,0.5,332.0,52.0,50.0,298.0,43.0,7.0,24.0,86.0,30.0,0.0,13.0,33.0,13.0,3.0,4.0,12.0,0.0,0.0,13.0,33.0,0.0,0.0,4.0,12.0
C3_f0.7__baldwinian__s20,C3_f0.7__baldwinian,C3_f0.7,C3,baldwinian,20,1650,eval,50,6.3,21,21,148.21753251736595,0.6666666666666666,0.5,250.0,63.0,75.0,372.0,63.0,10.0,14.0,64.0,19.0,3.0,15.0,32.0,10.0,1.0,3.0,4.0,0.0,0.0,15.0,32.0,0.0,0.0,3.0,4.0
C3_f0.7__baldwinian__s20,C3_f0.7__baldwinian,C3_f0.7,C3,baldwinian,20,1700,eval,50,6.3,18,18,114.8709564112497,0.7708333333333334,0.5,361.0,53.0,57.0,363.0,122.0,27.0,9.0,70.0,31.0,3.0,7.0,31.0,10.0,1.0,2.0,8.0,0.0,0.0,7.0,31.0,0.0,0.0,2.0,8.0
C3_f0.7__baldwinian__s20,C3_f0.7__baldwinian,C3_f0.7,C3,baldwinian,20,1750,eval,50,6.58,15,15,163.88717851211476,0.6875,0.5,514.0,84.0,53.0,290.0,143.0,23.0,28.0,127.0,29.0,2.0,6.0,29.0,16.0,4.0,2.0,10.0,0.0,0.0,6.0,29.0,0.0,0.0,2.0,10.0
C3_f0.7__baldwinian__s20,C3_f0.7__baldwinian,C3_f0.7,C3,baldwinian,20,1800,eval,50,6.86,17,17,146.54149899683608,0.6666666666666666,0.5,544.0,95.0,89.0,436.0,131.0,21.0,18.0,142.0,31.0,6.0,7.0,21.0,11.0,0.0,1.0,12.0,0.0,0.0,7.0,21.0,0.0,0.0,1.0,12.0
C3_f0.7__baldwinian__s21,C3_f0.7__baldwinian,C3_f0.7,C3,baldwinian,21,50,train,50,0.74,36,6,101.76112451939836,0.7708333333333334,0.5,222.0,44.0,35.0,216.0,71.0,9.0,0.0,0.0,52.0,4.0,6.0,38.0,9.0,4.0,0.0,0.0,0.0,0.0,6.0,38.0,0.0,0.0,0.0,0.0
C3_f0.7__baldwinian__s21,C3_f0.7__baldwinian,C3_f0.7,C3,baldwinian,21,100,train,50,0.76,11,11,75.3296695908173,0.8541666666666666,0.5,201.0,41.0,60.0,395.0,98.0,8.0,0.0,0.0,43.0,5.0,7.0,27.0,14.0,0.0,0.0,0.0,0.0,0.0,7.0,27.0,0.0,0.0,0.0,0.0
C3_f0.7__baldwinian__s21,C3_f0.7__baldwinian,C3_f0.7,C3,baldwinian,21,150,train,50,0.82,19,19,77.57331686984527,0.8125,0.5,368.0,60.0,73.0,348.0,53.0,8.0,0.0,0.0,39.0,2.0,13.0,32.0,12.0,2.0,0.0,0.0,0.0,0.0,13.0,32.0,0.0,0.0,0.0,0.0
C3_f0.7__baldwinian__s21,C3_f0.7__baldwinian,C3_f0.7,C3,baldwinian,21,200,train,50,0.9,19,19,103.423190070837,0.7916666666666666,0.5,365.0,65.0,96.0,424.0,31.0,2.0,0.0,0.0,37.0,10.0,10.0,28.0,10.0,1.0,0.0,0.0,0.0,0.0,10.0,28.0,0.0,0.0,0.0,0.0
C3_f0.7__baldwinian__s21,C3_f0.7__baldwinian,C3_f0.7,C3,baldwinian,21,250,train,50,0.92,13,13,75.83359264277743,0.875,0.5,294.0,66.0,86.0,514.0,57.0,13.0,0.0,0.0,36.0,10.0,11.0,28.0,17.0,2.0,0.0,0.0,0.0,0.0,11.0,28.0,0.0,0.0,0.0,0.0
C3_f0.7__baldwinian__s21,C3_f0.7__baldwinian,C3_f0.7,C3,baldwinian,21,300,train,50,0.86,12,12,70.8992827085059,0.8541666666666666,0.5,492.0,79.0,62.0,262.0,107.0,26.0,0.0,0.0,49.0,6.0,11.0,16.0,21.0,1.0,0.0,0.0,0.0,0.0,11.0,16.0,0.0,0.0,0.0,0.0
C3_f0.7__baldwinian__s21,C3_f0.7__baldwinian,C3_f0.7,C3,baldwinian,21,350,train,50,0.88,10,10,118.69550893543294,0.7083333333333334,0.5,400.0,73.0,130.0,597.0,116.0,22.0,0.0,0.0,28.0,2.0,15.0,30.0,17.0,0.0,0.0,0.0,0.0,0.0,15.0,30.0,0.0,0.0,0.0,0.0
C3_f0.7__baldwinian__s21,C3_f0.7__baldwinian,C3_f0.7,C3,baldwinian,21,400,train,50,0.92,13,13,72.67553668957079,0.75,0.5,507.0,84.0,79.0,421.0,83.0,11.0,0.0,0.0,54.0,6.0,6.0,22.0,13.0,0.0,0.0,0.0,0.0,0.0,6.0,22.0,0.0,0.0,0.0,0.0
C3_f0.7__baldwinian__s21,C3_f0.7__baldwinian,C3_f0.7,C3,baldwinian,21,450,train,50,0.96,15,15,82.0922467130736,0.8541666666666666,0.5,396.0,73.0,73.0,478.0,43.0,6.0,0.0,0.0,55.0,2.0,8.0,30.0,13.0,1.0,0.0,0.0,0.0,0.0,8.0,30.0,0.0,0.0,0.0,0.0
C3_f0.7__baldwinian__s21,C3_f0.7__baldwinian,C3_f0.7,C3,baldwinian,21,500,train,48,1.1666666666666667,18,20,94.86566974215725,0.8125,0.5,538.0,68.0,86.0,477.0,41.0,14.0,0.0,0.0,49.0,6.0,13.0,32.0,8.0,2.0,0.0,0.0,0.0,0.0,13.0,32.0,0.0,0.0,0.0,0.0
C3_f0.7__baldwinian__s21,C3_f0.7__baldwinian,C3_f0.7,C3,baldwinian,21,550,train,50,1.56,26,24,104.68211368291153,0.7708333333333334,0.5,384.0,64.0,54.0,349.0,41.0,8.0,0.0,0.0,42.0,4.0,6.0,36.0,8.0,3.0,0.0,0.0,0.0,0.0,6.0,36.0,0.0,0.0,0.0,0.0
C3_f0.7__baldwinian__s21,C3_f0.7__baldwinian,C3_f0.7,C3,baldwinian,21,600,train,50,1.68,20,20,67.14456342268218,0.875,0.5,334.0,56.0,74.0,338.0,116.0,23.0,0.0,0.0,49.0,1.0,9.0,27.0,19.0,1.0,0.0,0.0,0.0,0.0,9.0,27.0,0.0,0.0,0.0,0.0
C3_f0.7__baldwinian__s21,C3_f0.7__baldwinian,C3_f0.7,C3,baldwinian,21,650,train,50,1.74,20,20,57.748160942433785,0.9166666666666666,0.5,282.0,46.0,63.0,338.0,142.0,19.0,0.0,0.0,49.0,6.0,13.0,32.0,12.0,1.0,0.0,0.0,0.0,0.0,13.0,32.0,0.0,0.0,0.0,0.0
C3_f0.7__baldwinian__s21,C3_f0.7__baldwinian,C3_f0.7,C3,baldwinian,21,700,train,50,1.9,19,19,94.57463119748195,0.7916666666666666,0.5,354.0,62.0,83.0,373.0,93.0,24.0,0.0,0.0,38.0,7.0,11.0,25.0,10.0,4.0,0.0,0.0,0.0,0.0,11.0,25.0,0.0,0.0,0.0,0.0
C3_f0.7__baldwinian__s21,C3_f0.7__baldwinian,C3_f0.7,C3,baldwinian,21,750,train,50,2.04,19,19,87.29445330820633,0.7916666666666666,0.5,246.0,59.0,58.0,300.0,55.0,9.0,0.0,0.0,46.0,8.0,11.0,25.0,10.0,5.0,0.0,0.0,0.0,0.0,11.0,25.0,0.0,0.0,0.0,0.0
C3_f0.7__baldwinian__s21,C3_f0.7__baldwinian,C3_f0.7,C3,baldwinian,21,800,train,50,2.26,17,17,93.21575651016482,0.7708333333333334,0.5,238.0,39.0,85.0,421.0,77.0,15.0,0.0,0.0,37.0,4.0,15.0,30.0,7.0,4.0,0.0,0.0,0.0,0.0,15.0,30.0,0.0,0.0,0.0,0.0
C3_f0.7__baldwinian__s21,C3_f0.7__baldwinian,C3_f0.7,C3,baldwinian,21,850,train,50,2.38,16,16,60.519528944926506,0.9375,0.5,383.0,59.0,39.0,223.0,112.0,22.0,0.0,0.0,49.0,5.0,8.0,29.0,14.0,4.0,0.0,0.0,0.0,0.0,8.0,29.0,0.0,0.0,0.0,0.0
C3_f0.7__baldwinian__s21,C3_f0.7__baldwinian,C3_f0.7,C3,baldwinian,21,900,train,50,2.44,17,17,90.37407672752869,0.8125,0.5,344.0,56.0,50.0,303.0,96.0,22.0,0.0,0.0,37.0,6.0,1.0,31.0,15.0,6.0,0.0,0.0,0.0,0.0,1.0,31.0,0.0,0.0,0.0,0.0
C3_f0.7__baldwinian__s21,C3_f0.7__baldwinian,C3_f0.7,C3,baldwinian,21,950,train,50,2.64,23,23,96.21322873232124,0.7708333333333334,0.5,383.0,65.0,63.0,407.0,73.0,12.0,0.0,0.0,40.0,8.0,6.0,43.0,12.0,0.0,0.0,0.0,0.0,0.0,6.0,43.0,0.0,0.0,0.0,0.0
C3_f0.7__baldwinian__s21,C3_f0.7__baldwinian,C3_f0.7,C3,baldwinian,21,1000,train,49,2.693877551020408,18,19,78.97444470617612,0.8333333333333334,0.5,498.0,108.0,54.0,346.0,60.0,9.0,0.0,0.0,44.0,6.0,8.0,36.0,15.0,0.0,0.0,0.0,0.0,0.0,8.0,36.0,0.0,0.0,0.0,0.0
C3_f0.7__baldwinian__s21,C3_f0.7__baldwinian,C3_f0.7,C3,baldwinian,21,1050,train,50,2.92,23,22,86.04205934043976,0.8333333333333334,0.5,425.0,71.0,85.0,483.0,68.0,22.0,0.0,0.0,41.0,6.0,13.0,26.0,12.0,2.0,0.0,0.0,0.0,0.0,13.0,26.0,0.0,0.0,0.0,0.0
C3_f0.7__baldwinian__s21,C3_f0.7__baldwinian,C3_f0.7,C3,baldwinian,21,1100,train,50,3.04,21,21,63.901008181389805,0.875,0.5,350.0,72.0,92.0,478.0,50.0,14.0,0.0,0.0,37.0,6.0,9.0,41.0,11.0,4.0,0.0,0.0,0.0,0.0,9.0,41.0,0.0,0.0,0.0,0.0
C3_f0.7__baldwinian__s21,C3_f0.7__baldwinian,C3_f0.7,C3,baldwinian,21,1150,train,50,3.16,23,23,96.84398732672012,0.7708333333333334,0.5,416.0,74.0,77.0,476.0,25.0,4.0,0.0,0.0,41.0,5.0,12.0,25.0,7.0,3.0,0.0,0.0,0.0,0.0,12.0,25.0,0.0,0.0,0.0,0.0
C3_f0.7__baldwinian__s21,C3_f0.7__baldwinian,C3_f0.7,C3,baldwinian,21,1200,train,50,3.24,24,24,98.29442301891126,0.8125,0.5,283.0,45.0,78.0,380.0,60.0,9.0,0.0,0.0,39.0,5.0,13.0,30.0,17.0,2.0,0.0,0.0,0.0,0.0,13.0,30.0,0.0,0.0,0.0,0.0
C3_f0.7__baldwinian__s21,C3_f0.7__baldwinian,C3_f0.7,C3,baldwinian,21,1250,train,50,3.4,19,19,107.07387907463107,0.7708333333333334,0.5,483.0,79.0,63.0,435.0,18.0,3.0,0.0,0.0,49.0,2.0,11.0,21.0,7.0,1.0,0.0,0.0,0.0,0.0,11.0,21.0,0.0,0.0,0.0,0.0
C3_f0.7__baldwinian__s21,C3_f0.7__baldwinian,C3_f0.7,C3,baldwinian,21,1300,train,50,3.54,28,28,78.23045224390972,0.8125,0.5,286.0,48.0,71.0,411.0,43.0,8.0,0.0,0.0,37.0,5.0,4.0,40.0,9.0,1.0,0.0,0.0,0.0,0.0,4.0,40.0,0.0,0.0,0.0,0.0
C3_f0.7__baldwinian__s21,C3_f0.7__baldwinian,C3_f0.7,C3,baldwinian,21,1350,train,50,3.6,21,21,106.29766314728644,0.6875,0.5,316.0,56.0,84.0,547.0,37.0,10.0,0.0,0.0,27.0,4.0,11.0,33.0,15.0,2.0,0.0,0.0,0.0,0.0,11.0,33.0,0.0,0.0,0.0,0.0
C3_f0.7__baldwinian__s21,C3_f0.7__baldwinian,C3_f0.7,C3,baldwinian,21,1400,train,50,3.86,20,20,49.975504578116855,0.9583333333333334,0.5,414.0,57.0,72.0,459.0,64.0,10.0,0.0,0.0,44.0,4.0,8.0,40.0,12.0,3.0,0.0,0.0,0.0,0.0,8.0,40.0,0.0,0.0,0.0,0.0
C3_f0.7__baldwinian__s21,C3_f0.7__baldwinian,C3_f0.7,C3,baldwinian,21,1450,train,50,4.0,20,20,106.33307595170578,0.7291666666666666,0.5,399.0,81.0,64.0,410.0,40.0,9.0,0.0,0.0,35.0,2.0,10.0,25.0,12.0,0.0,0.0,0.0,0.0,0.0,10.0,25.0,0.0,0.0,0.0,0.0
C3_f0.7__baldwinian__s21,C3_f0.7__baldwinian,C3_f0.7,C3,baldwinian,21,1500,train,50,4.22,22,22,78.82381695979305,0.8333333333333334,0.5,399.0,79.0,72.0,452.0,47.0,6.0,0.0,0.0,44.0,9.0,9.0,30.0,11.0,1.0,0.0,0.0,0.0,0.0,9.0,30.0,0.0,0.0,0.0,0.0
C3_f0.7__baldwinian__s21,C3_f0.7__baldwinian,C3_f0.7,C3,baldwinian,21,1550,eval,50,4.32,15,15,125.5293235244912,0.6666666666666666,0.5,508.0,90.0,31.0,232.0,35.0,10.0,16.0,123.0,42.0,10.0,4.0,15.0,2.0,0.0,1.0,5.0,0.0,0.0,4.0,15.0,0.0,0.0,1.0,5.0
C3_f0.7__baldwinian__s21,C3_f0.7__baldwinian,C3_f0.7,C3,baldwinian,21,1600,eval,50,4.26,18,18,153.24870923187723,0.625,0.5,418.0,66.0,55.0,429.0,104.0,17.0,23.0,105.0,33.0,5.0,7.0,33.0,4.0,2.0,0.0,1.0,0.0,0.0,7.0,33.0,0.0,0.0,0.0,1.0
C3_f0.7__baldwinian__s21,C3_f0.7__baldwinian,C3_f0.7,C3,baldwinian,21,1650,eval,50,4.22,12,12,158.69735616287656,0.5625,0.5,415.0,76.0,85.0,500.0,80.0,19.0,22.0,130.0,24.0,2.0,4.0,36.0,1.0,3.0,0.0,7.0,0.0,0.0,4.0,36.0,0.0,0.0,0.0,7.0
C3_f0.7__baldwinian__s21,C3_f0.7__baldwinian,C3_f0.7,C3,baldwinian,21,1700,eval,50,4.28,14,14,163.84377486973966,0.5625,0.5,372.0,72.0,104.0,616.0,39.0,9.0,17.0,88.0,27.0,2.0,9.0,28.0,1.0,0.0,0.0,7.0,0.0,0.0,9.0,28.0,0.0,0.0,0.0,7.0
C3_f0.7__baldwinian__s21,C3_f0.7__baldwinian,C3_f0.7,C3,baldwinian,21,1750,eval,50,4.34,10,10,165.48962025480827,0.5833333333333334,0.5,352.0,57.0,80.0,392.0,51.0,8.0,19.0,119.0,25.0,7.0,7.0,26.0,2.0,1.0,0.0,6.0,0.0,0.0,7.0,26.0,0.0,0.0,0.0,6.0
C3_f0.7__baldwinian__s21,C3_f0.7__baldwinian,C3_f0.7,C3,baldwinian,21,1800,eval,50,4.48,11,11,180.13336128410168,0.5,0.5,403.0,83.0,67.0,388.0,73.0,13.0,30.0,161.0,30.0,2.0,4.0,31.0,3.0,0.0,0.0,8.0,0.0,0.0,4.0,31.0,0.0,0.0,0.0,8.0
C3_f0.7__baldwinian__s22,C3_f0.7__baldwinian,C3_f0.7,C3,baldwinian,22,50,train,50,0.78,39,9,50.22018999925149,0.9375,0.5,167.0,38.0,34.0,202.0,139.0,17.0,0.0,0.0,46.0,8.0,10.0,35.0,23.0,4.0,0.0,0.0,0.0,0.0,10.0,35.0,0.0,0.0,0.0,0.0
C3_f0.7__baldwinian__s22,C3_f0.7__baldwinian,C3_f0.7,C3,baldwinian,22,100,train,50,0.9,12,12,73.57928774375637,0.875,0.5,277.0,49.0,50.0,269.0,121.0,28.0,0.0,0.0,30.0,5.0,6.0,32.0,21.0,8.0,0.0,0.0,0.0,0.0,6.0,32.0,0.0,0.0,0.0,0.0
C3_f0.7__baldwinian__s22,C3_f0.7__baldwinian,C3_f0.7,C3,baldwinian,22,150,train,50,0.86,16,16,67.66017924668745,0.8541666666666666,0.5,329.0,47.0,98.0,477.0,56.0,8.0,0.0,0.0,37.0,4.0,13.0,33.0,17.0,2.0,0.0,0.0,0.0,0.0,13.0,33.0,0.0,0.0,0.0,0.0
C3_f0.7__baldwinian__s22,C3_f0.7__baldwinian,C3_f0.7,C3,baldwinian,22,200,train,50,0.96,22,22,70.7079826850204,0.8958333333333334,0.5,304.0,58.0,57.0,313.0,124.0,14.0,0.0,0.0,35.0,2.0,8.0,36.0,21.0,2.0,0.0,0.0,0.0,0.0,8.0,36.0,0.0,0.0,0.0,0.0
C3_f0.7__baldwinian__s22,C3_f0.7__baldwinian,C3_f0.7,C3,baldwinian,22,250,train,48,1.2708333333333333,19,21,72.00649847753868,0.9166666666666666,0.5,364.0,59.0,57.0,368.0,125.0,20.0,0.0,0.0,33.0,2.0,8.0,36.0,20.0,2.0,0.0,0.0,0.0,0.0,8.0,36.0,0.0,0.0,0.0,0.0
C3_f0.7__baldwinian__s22,C3_f0.7__baldwinian,C3_f0.7,C3,baldwinian,22,300,train,50,1.18,9,7,93.78465573725737,0.75,0.5,403.0,80.0,58.0,365.0,145.0,23.0,0.0,0.0,58.0,6.0,8.0,15.0,21.0,1.0,0.0,0.0,0.0,0.0,8.0,15.0,0.0,0.0,0.0,0.0
C3_f0.7__baldwinian__s22,C3_f0.7__baldwinian,C3_f0.7,C3,baldwinian,22,350,train,50,1.22,14,14,91.33828341535988,0.7916666666666666,0.5,320.0,68.0,76.0,390.0,86.0,17.0,0.0,0.0,37.0,2.0,9.0,28.0,21.0,2.0,0.0,0.0,0.0,0.0,9.0,28.0,0.0,0.0,0.0,0.0
C3_f0.7__baldwinian__s22,C3_f0.7__baldwinian,C3_f0.7,C3,baldwinian,22,400,train,50,1.1,15,15,74.07391785648707,0.875,0.5,454.0,80.0,60.0,394.0,129.0,18.0,0.0,0.0,50.0,3.0,10.0,24.0,19.0,5.0,0.0,0.0,0.0,0.0,10.0,24.0,0.0,0.0,0.0,0.0
C3_f0.7__baldwinian__s22,C3_f0.7__baldwinian,C3_f0.7,C3,baldwinian,22,450,train,50,1.16,11,11,99.40046765911283,0.8125,0.5,371.0,60.0,83.0,493.0,99.0,23.0,0.0,0.0,41.0,3.0,14.0,15.0,21.0,3.0,0.0,0.0,0.0,0.0,14.0,15.0,0.0,0.0,0.0,0.0
C3_f0.7__baldwinian__s22,C3_f0.7__baldwinian,C3_f0.7,C3,baldwinian,22,500,train,50,1.5,19,19,90.9647337909158,0.8333333333333334,0.5,509.0,88.0,88.0,442.0,145.0,25.0,0.0,0.0,57.0,4.0,13.0,17.0,11.0,0.0,0.0,0.0,0.0,0.0,13.0,17.0,0.0,0.0,0.0,0.0
C3_f0.7__baldwinian__s22,C3_f0.7__baldwinian,C3_f0.7,C3,baldwinian,22,550,train,50,1.82,15,15,103.21103184528862,0.7291666666666666,0.5,377.0,62.0,57.0,284.0,110.0,23.0,0.0,0.0,45.0,4.0,5.0,24.0,18.0,3.0,0.0,0.0,0.0,0.0,5.0,24.0,0.0,0.0,0.0,0.0
C3_f0.7__baldwinian__s22,C3_f0.7__baldwinian,C3_f0.7,C3,baldwinian,22,600,train,50,1.92,18,18,124.91918155171169,0.7708333333333334,0.5,428.0,77.0,42.0,319.0,103.0,14.0,0.0,0.0,44.0,6.0,10.0,24.0,18.0,2.0,0.0,0.0,0.0,0.0,10.0,24.0,0.0,0.0,0.0,0.0
C3_f0.7__baldwinian__s22,C3_f0.7__baldwinian,C3_f0.7,C3,baldwinian,22,650,train,50,2.0,19,19,106.88284040708393,0.8125,0.5,296.0,58.0,61.0,417.0,105.0,10.0,0.0,0.0,36.0,5.0,7.0,35.0,19.0,3.0,0.0,0.0,0.0,0.0,7.0,35.0,0.0,0.0,0.0,0.0
C3_f0.7__baldwinian__s22,C3_f0.7__baldwinian,C3_f0.7,C3,baldwinian,22,700,train,50,1.96,17,17,79.9347459245443,0.8333333333333334,0.5,318.0,54.0,69.0,324.0,73.0,14.0,0.0,0.0,38.0,7.0,8.0,28.0,24.0,2.0,0.0,0.0,0.0,0.0,8.0,28.0,0.0,0.0,0.0,0.0
C3_f0.7__baldwinian__s22,C3_f0.7__baldwinian,C3_f0.7,C3,baldwinian,22,750,train,50,2.04,21,21,92.54649586196678,0.8333333333333334,0.5,332.0,64.0,59.0,339.0,90.0,16.0,0.0,0.0,43.0,8.0,4.0,24.0,22.0,1.0,0.0,0.0,0.0,0.0,4.0,24.0,0.0,0.0,0.0,0.0
C3_f0.7__baldwinian__s22,C3_f0.7__baldwinian,C3_f0.7,C3,baldwinian,22,800,train,50,2.04,12,12,80.46050383815329,0.8958333333333334,0.5,336.0,61.0,67.0,316.0,188.0,36.0,0.0,0.0,42.0,10.0,6.0,28.0,19.0,5.0,0.0,0.0,0.0,0.0,6.0,28.0,0.0,0.0,0.0,0.0
C3_f0.7__baldwinian__s22,C3_f0.7__baldwinian,C3_f0.7,C3,baldwinian,22,850,train,50,2.04,11,11,80.50620741394059,0.8125,0.5,263.0,44.0,58.0,384.0,192.0,23.0,0.0,0.0,47.0,3.0,9.0,18.0,23.0,2.0,0.0,0.0,0.0,0.0,9.0,18.0,0.0,0.0,0.0,0.0
C3_f0.7__baldwinian__s22,C3_f0.7__baldwinian,C3_f0.7,C3,baldwinian,22,900,train,50,2.1,14,14,93.4861193611861,0.7916666666666666,0.5,201.0,32.0,72.0,368.0,99.0,19.0,0.0,0.0,36.0,5.0,11.0,22.0,16.0,2.0,0.0,0.0,0.0,0.0,11.0,22.0,0.0,0.0,0.0,0.0
C3_f0.7__baldwinian__s22,C3_f0.7__baldwinian,C3_f0.7,C3,baldwinian,22,950,train,50,2.24,14,14,77.83953430449031,0.875,0.5,262.0,51.0,56.0,373.0,104.0,27.0,0.0,0.0,41.0,6.0,4.0,28.0,18.0,7.0,0.0,0.0,0.0,0.0,4.0,28.0,0.0,0.0,0.0,0.0
C3_f0.7__baldwinian__s22,C3_f0.7__baldwinian,C3_f0.7,C3,baldwinian,22,1000,train,50,2.66,14,14,80.35295599579194,0.8541666666666666,0.5,351.0,68.0,49.0,328.0,87.0,12.0,0.0,0.0,41.0,4.0,8.0,23.0,25.0,2.0,0.0,0.0,0.0,0.0,8.0,23.0,0.0,0.0,0.0,0.0
C3_f0.7__baldwinian__s22,C3_f0.7__baldwinian,C3_f0.7,C3,baldwinian,22,1050,train,50,2.72,12,12,129.31406382258047,0.75,0.5,439.0,76.0,73.0,453.0,49.0,10.0,0.0,0.0,49.0,4.0,5.0,26.0,17.0,5.0,0.0,0.0,0.0,0.0,5.0,26.0,0.0,0.0,0.0,0.0
C3_f0.7__baldwinian__s22,C3_f0.7__baldwinian,C3_f0.7,C3,baldwinian,22,1100,train,50,2.82,15,15,93.55699785450383,0.8541666666666666,0.5,382.0,65.0,45.0,326.0,72.0,13.0,0.0,0.0,59.0,9.0,3.0,24.0,11.0,3.0,0.0,0.0,0.0,0.0,3.0,24.0,0.0,0.0,0.0,0.0
C3_f0.7__baldwinian__s22,C3_f0.7__baldwinian,C3_f0.7,C3,baldwinian,22,1150,train,50,2.88,11,11,65.7246704426669,0.8541666666666666,0.5,321.0,55.0,65.0,363.0,96.0,17.0,0.0,0.0,42.0,8.0,12.0,25.0,25.0,5.0,0.0,0.0,0.0,0.0,12.0,25.0,0.0,0.0,0.0,0.0
C3_f0.7__baldwinian__s22,C3_f0.7__baldwinian,C3_f0.7,C3,baldwinian,22,1200,train,50,2.9,18,18,69.29924855528726,0.9166666666666666,0.5,294.0,59.0,69.0,342.0,129.0,19.0,0.0,0.0,38.0,4.0,15.0,18.0,20.0,4.0,0.0,0.0,0.0,0.0,15.0,18.0,0.0,0.0,0.0,0.0
C3_f0.7__baldwinian__s22,C3_f0.7__baldwinian,C3_f0.7,C3,baldwinian,22,1250,train,50,3.06,20,20,110.4820745130654,0.75,0.5,327.0,54.0,60.0,319.0,115.0,17.0,0.0,0.0,42.0,4.0,8.0,25.0,20.0,3.0,0.0,0.0,0.0,0.0,8.0,25.0,0.0,0.0,0.0,0.0
C3_f0.7__baldwinian__s22,C3_f0.7__baldwinian,C3_f0.7,C3,baldwinian,22,1300,train,50,3.06,18,18,77.77637937397282,0.8333333333333334,0.5,246.0,47.0,50.0,270.0,154.0,27.0,0.0,0.0,52.0,5.0,9.0,26.0,19.0,2.0,0.0,0.0,0.0,0.0,9.0,26.0,0.0,0.0,0.0,0.0
C3_f0.7__baldwinian__s22,C3_f0.7__baldwinian,C3_f0.7,C3,baldwinian,22,1350,train,50,3.14,18,18,94.04027664216072,0.8125,0.5,244.0,38.0,39.0,222.0,181.0,26.0,0.0,0.0,33.0,4.0,9.0,20.0,21.0,5.0,0.0,0.0,0.0,0.0,9.0,20.0,0.0,0.0,0.0,0.0
C3_f0.7__baldwinian__s22,C3_f0.7__baldwinian,C3_f0.7,C3,baldwinian,22,1400,train,50,3.3,18,18,78.01339791438707,0.8958333333333334,0.5,266.0,52.0,65.0,357.0,140.0,17.0,0.0,0.0,29.0,8.0,11.0,34.0,18.0,2.0,0.0,0.0,0.0,0.0,11.0,34.0,0.0,0.0,0.0,0.0
C3_f0.7__baldwinian__s22,C3_f0.7__baldwinian,C3_f0.7,C3,baldwinian,22,1450,train,50,3.6,27,27,103.75458073477586,0.7916666666666666,0.5,287.0,46.0,53.0,316.0,98.0,16.0,0.0,0.0,37.0,5.0,3.0,28.0,21.0,1.0,0.0,0.0,0.0,0.0,3.0,28.0,0.0,0.0,0.0,0.0
C3_f0.7__baldwinian__s22,C3_f0.7__baldwinian,C3_f0.7,C3,baldwinian,22,1500,train,50,3.86,16,16,80.27625976880653,0.875,0.5,339.0,62.0,58.0,294.0,79.0,14.0,0.0,0.0,41.0,4.0,8.0,25.0,24.0,2.0,0.0,0.0,0.0,0.0,8.0,25.0,0.0,0.0,0.0,0.0
C3_f0.7__baldwinian__s22,C3_f0.7__baldwinian,C3_f0.7,C3,baldwinian,22,1550,eval,50,4.0,20,20,114.96291402240962,0.7708333333333334,0.5,335.0,63.0,59.0,325.0,24.0,4.0,6.0,29.0,38.0,4.0,5.0,28.0,15.0,2.0,3.0,2.0,0.0,0.0,5.0,28.0,0.0,0.0,3.0,2.0
C3_f0.7__baldwinian__s22,C3_f0.7__baldwinian,C3_f0.7,C3,baldwinian,22,1600,eval,50,4.1,21,21,144.70539561766688,0.625,0.5,357.0,54.0,46.0,267.0,68.0,12.0,6.0,27.0,24.0,3.0,7.0,22.0,6.0,2.0,3.0,5.0,0.0,0.0,7.0,22.0,0.0,0.0,3.0,5.0
C3_f0.7__baldwinian__s22,C3_f0.7__baldwinian,C3_f0.7,C3,baldwinian,22,1650,eval,50,4.04,17,17,163.16744989573158,0.6458333333333334,0.5,366.0,51.0,57.0,328.0,59.0,9.0,6.0,35.0,26.0,3.0,8.0,24.0,5.0,0.0,1.0,5.0,0.0,0.0,8.0,24.0,0.0,0.0,1.0,5.0
C3_f0.7__baldwinian__s22,C3_f0.7__baldwinian,C3_f0.7,C3,baldwinian,22,1700,eval,50,4.06,7,7,199.52858425180773,0.3958333333333333,0.5,508.0,85.0,131.0,608.0,60.0,12.0,19.0,98.0,23.0,4.0,10.0,21.0,5.0,0.0,1.0,6.0,0.0,0.0,10.0,21.0,0.0,0.0,1.0,6.0
C3_f0.7__baldwinian__s22,C3_f0.7__baldwinian,C3_f0.7,C3,baldwinian,22,1750,eval,50,4.08,9,9,225.46903251793634,0.25,0.5,470.0,77.0,107.0,595.0,80.0,10.0,11.0,64.0,21.0,4.0,3.0,27.0,1.0,0.0,1.0,4.0,0.0,0.0,3.0,27.0,0.0,0.0,1.0,4.0
C3_f0.7__baldwinian__s22,C3_f0.7__baldwinian,C3_f0.7,C3,baldwinian,22,1800,eval,50,4.12,14,14,159.25206004546388,0.5208333333333334,0.5,595.0,116.0,86.0,466.0,184.0,25.0,9.0,57.0,33.0,3.0,9.0,24.0,7.0,0.0,0.0,3.0,0.0,0.0,9.0,24.0,0.0,0.0,0.0,3.0
C3_f0.7__baldwinian__s23,C3_f0.7__baldwinian,C3_f0.7,C3,baldwinian,23,50,train,50,0.82,35,5,57.559145594387665,0.8958333333333334,0.5,239.0,50.0,45.0,237.0,64.0,10.0,0.0,0.0,49.0,13.0,10.0,34.0,19.0,0.0,0.0,0.0,0.0,0.0,10.0,34.0,0.0,0.0,0.0,0.0
C3_f0.7__baldwinian__s23,C3_f0.7__baldwinian,C3_f0.7,C3,baldwinian,23,100,train,50,1.02,13,13,40.431376244684344,0.9791666666666666,0.5,337.0,51.0,47.0,218.0,39.0,11.0,0.0,0.0,48.0,8.0,6.0,33.0,16.0,3.0,0.0,0.0,0.0,0.0,6.0,33.0,0.0,0.0,0.0,0.0
C3_f0.7__baldwinian__s23,C3_f0.7__baldwinian,C3_f0.7,C3,baldwinian,23,150,train,42,1.1904761904761905,7,15,130.1636864011203,0.7291666666666666,0.5,266.0,55.0,71.0,409.0,29.0,9.0,0.0,0.0,37.0,5.0,5.0,29.0,10.0,4.0,0.0,0.0,0.0,0.0,5.0,29.0,0.0,0.0,0.0,0.0
C3_f0.7__baldwinian__s23,C3_f0.7__baldwinian,C3_f0.7,C3,baldwinian,23,200,train,48,1.5208333333333333,28,22,62.481720189763344,0.8958333333333334,0.5,292.0,40.0,61.0,383.0,68.0,10.0,0.0,0.0,39.0,6.0,12.0,36.0,22.0,2.0,0.0,0.0,0.0,0.0,12.0,36.0,0.0,0.0,0.0,0.0
C3_f0.7__baldwinian__s23,C3_f0.7__baldwinian,C3_f0.7,C3,baldwinian,23,250,train,45,1.5333333333333334,12,15,113.0635656300924,0.7916666666666666,0.5,330.0,44.0,59.0,320.0,73.0,13.0,0.0,0.0,41.0,3.0,9.0,31.0,16.0,2.0,0.0,0.0,0.0,0.0,9.0,31.0,0.0,0.0,0.0,0.0
C3_f0.7__baldwinian__s23,C3_f0.7__baldwinian,C3_f0.7,C3,baldwinian,23,300,train,46,1.6521739130434783,21,20,73.88079574398928,0.8541666666666666,0.5,374.0,71.0,66.0,340.0,60.0,8.0,0.0,0.0,35.0,15.0,9.0,30.0,19.0,4.0,0.0,0.0,0.0,0.0,9.0,30.0,0.0,0.0,0.0,0.0
C3_f0.7__baldwinian__s23,C3_f0.7__baldwinian,C3_f0.7,C3,baldwinian,23,350,train,48,1.9166666666666667,16,14,49.768647303854365,0.9375,0.5,294.0,49.0,50.0,345.0,47.0,5.0,0.0,0.0,52.0,6.0,7.0,27.0,22.0,0.0,0.0,0.0,0.0,0.0,7.0,27.0,0.0,0.0,0.0,0.0
C3_f0.7__baldwinian__s23,C3_f0.7__baldwinian,C3_f0.7,C3,baldwinian,23,400,train,50,1.82,14,12,88.11153434348101,0.8333333333333334,0.5,327.0,52.0,52.0,331.0,25.0,3.0,0.0,0.0,45.0,6.0,4.0,30.0,12.0,1.0,0.0,0.0,0.0,0.0,4.0,30.0,0.0,0.0,0.0,0.0
C3_f0.7__baldwinian__s23,C3_f0.7__baldwinian,C3_f0.7,C3,baldwinian,23,450,train,48,1.625,23,25,123.54431158789481,0.7291666666666666,0.5,330.0,63.0,75.0,408.0,152.0,20.0,0.0,0.0,35.0,9.0,9.0,26.0,20.0,2.0,0.0,0.0,0.0,0.0,9.0,26.0,0.0,0.0,0.0,0.0
C3_f0.7__baldwinian__s23,C3_f0.7__baldwinian,C3_f0.7,C3,baldwinian,23,500,train,46,1.7391304347826086,16,18,41.69052933919694,0.9166666666666666,0.5,289.0,51.0,58.0,290.0,59.0,10.0,0.0,0.0,43.0,7.0,17.0,29.0,12.0,3.0,0.0,0.0,0.0,0.0,17.0,29.0,0.0,0.0,0.0,0.0
C3_f0.7__baldwinian__s23,C3_f0.7__baldwinian,C3_f0.7,C3,baldwinian,23,550,train,32,1.875,8,22,115.7679544236793,0.7916666666666666,0.5,311.0,49.0,54.0,250.0,62.0,14.0,0.0,0.0,46.0,4.0,8.0,21.0,17.0,5.0,0.0,0.0,0.0,0.0,8.0,21.0,0.0,0.0,0.0,0.0
C3_f0.7__baldwinian__s23,C3_f0.7__baldwinian,C3_f0.7,C3,baldwinian,23,600,train,48,2.3333333333333335,31,15,85.71884622222419,0.8541666666666666,0.5,318.0,63.0,40.0,273.0,56.0,5.0,0.0,0.0,40.0,10.0,5.0,34.0,19.0,2.0,0.0,0.0,0.0,0.0,5.0,34.0,0.0,0.0,0.0,0.0
C3_f0.7__baldwinian__s23,C3_f0.7__baldwinian,C3_f0.7,C3,baldwinian,23,650,train,40,2.425,10,18,95.06140711478699,0.8541666666666666,0.5,289.0,42.0,63.0,413.0,67.0,12.0,0.0,0.0,39.0,4.0,10.0,29.0,20.0,3.0,0.0,0.0,0.0,0.0,10.0,29.0,0.0,0.0,0.0,0.0
C3_f0.7__baldwinian__s23,C3_f0.7__baldwinian,C3_f0.7,C3,baldwinian,23,700,train,42,2.8095238095238093,17,15,114.49442565351329,0.75,0.5,365.0,38.0,45.0,256.0,30.0,5.0,0.0,0.0,54.0,1.0,6.0,25.0,10.0,0.0,0.0,0.0,0.0,0.0,6.0,25.0,0.0,0.0,0.0,0.0
C3_f0.7__baldwinian__s23,C3_f0.7__baldwinian,C3_f0.7,C3,baldwinian,23,750,train,46,3.108695652173913,16,12,79.16555627510061,0.8541666666666666,0.5,366.0,72.0,55.0,304.0,58.0,6.0,0.0,0.0,44.0,9.0,11.0,24.0,24.0,0.0,0.0,0.0,0.0,0.0,11.0,24.0,0.0,0.0,0.0,0.0
C3_f0.7__baldwinian__s23,C3_f0.7__baldwinian,C3_f0.7,C3,baldwinian,23,800,train,32,3.125,9,23,103.99450697446164,0.7916666666666666,0.5,229.0,48.0,40.0,210.0,26.0,2.0,0.0,0.0,37.0,5.0,11.0,21.0,13.0,0.0,0.0,0.0,0.0,0.0,11.0,21.0,0.0,0.0,0.0,0.0
C3_f0.7__baldwinian__s23,C3_f0.7__baldwinian,C3_f0.7,C3,baldwinian,23,850,train,36,3.3055555555555554,20,16,86.62554160417181,0.7916666666666666,0.5,190.0,37.0,41.0,316.0,126.0,25.0,0.0,0.0,36.0,5.0,9.0,35.0,17.0,6.0,0.0,0.0,0.0,0.0,9.0,35.0,0.0,0.0,0.0,0.0
C3_f0.7__baldwinian__s23,C3_f0.7__baldwinian,C3_f0.7,C3,baldwinian,23,900,train,49,3.510204081632653,22,9,111.46034376578875,0.7708333333333334,0.5,345.0,53.0,33.0,202.0,94.0,16.0,0.0,0.0,48.0,7.0,7.0,18.0,14.0,4.0,0.0,0.0,0.0,0.0,7.0,18.0,0.0,0.0,0.0,0.0
C3_f0.7__baldwinian__s23,C3_f0.7__baldwinian,C3_f0.7,C3,baldwinian,23,950,train,43,3.4186046511627906,17,23,50.07968001693142,0.8958333333333334,0.5,340.0,64.0,45.0,284.0,75.0,8.0,0.0,0.0,53.0,5.0,12.0,28.0,16.0,4.0,0.0,0.0,0.0,0.0,12.0,28.0,0.0,0.0,0.0,0.0
C3_f0.7__baldwinian__s23,C3_f0.7__baldwinian,C3_f0.7,C3,baldwinian,23,1000,train,36,3.6666666666666665,12,19,95.5061479130066,0.8541666666666666,0.5,247.0,43.0,43.0,258.0,103.0,21.0,0.0,0.0,36.0,7.0,11.0,27.0,19.0,5.0,0.0,0.0,0.0,0.0,11.0,27.0,0.0,0.0,0.0,0.0
C3_f0.7__baldwinian__s23,C3_f0.7__baldwinian,C3_f0.7,C3,baldwinian,23,1050,train,49,4.122448979591836,23,10,130.15388906014368,0.6875,0.5,298.0,52.0,58.0,334.0,136.0,18.0,0.0,0.0,35.0,5.0,5.0,27.0,19.0,1.0,0.0,0.0,0.0,0.0,5.0,27.0,0.0,0.0,0.0,0.0
C3_f0.7__baldwinian__s23,C3_f0.7__baldwinian,C3_f0.7,C3,baldwinian,23,1100,train,49,4.3061224489795915,18,18,76.94153446262504,0.875,0.5,408.0,59.0,75.0,449.0,63.0,11.0,0.0,0.0,49.0,4.0,8.0,30.0,20.0,2.0,0.0,0.0,0.0,0.0,8.0,30.0,0.0,0.0,0.0,0.0
C3_f0.7__baldwinian__s23,C3_f0.7__baldwinian,C3_f0.7,C3,baldwinian,23,1150,train,46,4.195652173913044,15,18,53.68936267597094,0.9375,0.5,341.0,62.0,44.0,270.0,72.0,13.0,0.0,0.0,41.0,6.0,1.0,33.0,19.0,2.0,0.0,0.0,0.0,0.0,1.0,33.0,0.0,0.0,0.0,0.0
C3_f0.7__baldwinian__s23,C3_f0.7__baldwinian,C3_f0.7,C3,baldwinian,23,1200,train,45,4.222222222222222,18,19,65.50532290361531,0.8958333333333334,0.5,423.0,65.0,62.0,349.0,34.0,4.0,0.0,0.0,49.0,6.0,5.0,31.0,11.0,0.0,0.0,0.0,0.0,0.0,5.0,31.0,0.0,0.0,0.0,0.0
C3_f0.7__baldwinian__s23,C3_f0.7__baldwinian,C3_f0.7,C3,baldwinian,23,1250,train,50,4.28,19,14,85.1980712634354,0.8541666666666666,0.5,407.0,85.0,47.0,361.0,96.0,11.0,0.0,0.0,39.0,15.0,9.0,22.0,16.0,1.0,0.0,0.0,0.0,0.0,9.0,22.0,0.0,0.0,0.0,0.0
C3_f0.7__baldwinian__s23,C3_f0.7__baldwinian,C3_f0.7,C3,baldwinian,23,1300,train,50,4.36,15,15,76.25748364470437,0.8541666666666666,0.5,261.0,53.0,50.0,278.0,105.0,20.0,0.0,0.0,41.0,5.0,9.0,26.0,20.0,2.0,0.0,0.0,0.0,0.0,9.0,26.0,0.0,0.0,0.0,0.0
C3_f0.7__baldwinian__s23,C3_f0.7__baldwinian,C3_f0.7,C3,baldwinian,23,1350,train,38,4.684210526315789,12,24,97.56568883797978,0.8333333333333334,0.5,342.0,59.0,42.0,258.0,36.0,2.0,0.0,0.0,43.0,2.0,10.0,22.0,10.0,1.0,0.0,0.0,0.0,0.0,10.0,22.0,0.0,0.0,0.0,0.0
C3_f0.7__baldwinian__s23,C3_f0.7__baldwinian,C3_f0.7,C3,baldwinian,23,1400,train,50,4.68,24,12,94.21822806713993,0.8333333333333334,0.5,342.0,72.0,67.0,348.0,67.0,11.0,0.0,0.0,30.0,6.0,8.0,28.0,18.0,1.0,0.0,0.0,0.0,0.0,8.0,28.0,0.0,0.0,0.0,0.0
C3_f0.7__baldwinian__s23,C3_f0.7__baldwinian,C3_f0.7,C3,baldwinian,23,1450,train,45,4.977777777777778,21,26,52.65087917831685,0.9791666666666666,0.5,328.0,52.0,73.0,374.0,76.0,11.0,0.0,0.0,45.0,9.0,8.0,37.0,21.0,2.0,0.0,0.0,0.0,0.0,8.0,37.0,0.0,0.0,0.0,0.0
C3_f0.7__baldwinian__s23,C3_f0.7__baldwinian,C3_f0.7,C3,baldwinian,23,1500,train,43,5.465116279069767,17,19,113.03693487985379,0.7916666666666666,0.5,249.0,35.0,53.0,257.0,39.0,8.0,0.0,0.0,37.0,5.0,8.0,24.0,20.0,3.0,0.0,0.0,0.0,0.0,8.0,24.0,0.0,0.0,0.0,0.0
C3_f0.7__baldwinian__s23,C3_f0.7__baldwinian,C3_f0.7,C3,baldwinian,23,1550,eval,47,5.914893617021277,24,20,121.12827744415289,0.7708333333333334,0.5,371.0,72.0,71.0,423.0,4.0,1.0,4.0,10.0,26.0,9.0,12.0,24.0,3.0,0.0,3.0,2.0,0.0,0.0,12.0,24.0,0.0,0.0,3.0,2.0
C3_f0.7__baldwinian__s23,C3_f0.7__baldwinian,C3_f0.7,C3,baldwinian,23,1600,eval,50,6.12,21,18,166.72366997477366,0.6458333333333334,0.5,390.0,70.0,73.0,451.0,9.0,1.0,0.0,7.0,31.0,7.0,11.0,32.0,6.0,0.0,0.0,1.0,0.0,0.0,11.0,32.0,0.0,0.0,0.0,1.0
C3_f0.7__baldwinian__s23,C3_f0.7__baldwinian,C3_f0.7,C3,baldwinian,23,1650,eval,50,6.02,16,16,115.33928686939538,0.7916666666666666,0.5,379.0,72.0,92.0,492.0,57.0,13.0,13.0,52.0,36.0,5.0,4.0,32.0,7.0,0.0,0.0,7.0,0.0,0.0,4.0,32.0,0.0,0.0,0.0,7.0
C3_f0.7__baldwinian__s23,C3_f0.7__baldwinian,C3_f0.7,C3,baldwinian,23,1700,eval,50,5.94,21,21,171.38484536857487,0.625,0.5,450.0,80.0,52.0,249.0,61.0,9.0,9.0,71.0,19.0,5.0,3.0,30.0,11.0,1.0,1.0,5.0,0.0,0.0,3.0,30.0,0.0,0.0,1.0,5.0
C3_f0.7__baldwinian__s23,C3_f0.7__baldwinian,C3_f0.7,C3,baldwinian,23,1750,eval,50,5.84,14,14,162.36504603053731,0.625,0.5,412.0,72.0,88.0,488.0,91.0,16.0,3.0,31.0,25.0,1.0,6.0,38.0,12.0,4.0,2.0,3.0,0.0,0.0,6.0,38.0,0.0,0.0,2.0,3.0
C3_f0.7__baldwinian__s23,C3_f0.7__baldwinian,C3_f0.7,C3,baldwinian,23,1800,eval,50,5.8,12,12,183.78114999462687,0.5,0.5,334.0,56.0,103.0,548.0,50.0,7.0,6.0,67.0,26.0,1.0,10.0,19.0,9.0,2.0,1.0,5.0,0.0,0.0,10.0,19.0,0.0,0.0,1.0,5.0
C3_f0.7__baldwinian__s24,C3_f0.7__baldwinian,C3_f0.7,C3,baldwinian,24,50,train,50,0.74,35,5,83.39618445072281,0.8125,0.5,113.0,30.0,34.0,186.0,148.0,23.0,0.0,0.0,28.0,7.0,13.0,36.0,29.0,6.0,0.0,0.0,0.0,0.0,13.0,36.0,0.0,0.0,0.0,0.0
C3_f0.7__baldwinian__s24,C3_f0.7__baldwinian,C3_f0.7,C3,baldwinian,24,100,train,50,0.82,15,15,85.57265880320183,0.8125,0.5,287.0,71.0,68.0,348.0,99.0,19.0,0.0,0.0,38.0,6.0,8.0,29.0,17.0,4.0,0.0,0.0,0.0,0.0,8.0,29.0,0.0,0.0,0.0,0.0
C3_f0.7__baldwinian__s24,C3_f0.7__baldwinian,C3_f0.7,C3,baldwinian,24,150,train,50,0.96,17,17,83.78719206374737,0.8333333333333334,0.5,428.0,83.0,107.0,519.0,96.0,18.0,0.0,0.0,39.0,3.0,13.0,30.0,22.0,3.0,0.0,0.0,0.0,0.0,13.0,30.0,0.0,0.0,0.0,0.0
C3_f0.7__baldwinian__s24,C3_f0.7__baldwinian,C3_f0.7,C3,baldwinian,24,200,train,50,0.86,11,11,104.8410820602096,0.6875,0.5,463.0,70.0,66.0,418.0,70.0,13.0,0.0,0.0,38.0,8.0,9.0,26.0,9.0,4.0,0.0,0.0,0.0,0.0,9.0,26.0,0.0,0.0,0.0,0.0
C3_f0.7__baldwinian__s24,C3_f0.7__baldwinian,C3_f0.7,C3,baldwinian,24,250,train,50,0.92,19,19,77.05979046930281,0.8958333333333334,0.5,390.0,54.0,76.0,477.0,150.0,23.0,0.0,0.0,47.0,4.0,8.0,25.0,24.0,7.0,0.0,0.0,0.0,0.0,8.0,25.0,0.0,0.0,0.0,0.0
C3_f0.7__baldwinian__s24,C3_f0.7__baldwinian,C3_f0.7,C3,baldwinian,24,300,train,50,0.92,13,13,62.66863959386446,0.9166666666666666,0.5,260.0,50.0,71.0,495.0,70.0,10.0,0.0,0.0,35.0,5.0,12.0,32.0,24.0,5.0,0.0,0.0,0.0,0.0,12.0,32.0,0.0,0.0,0.0,0.0
C3_f0.7__baldwinian__s24,C3_f0.7__baldwinian,C3_f0.7,C3,baldwinian,24,350,train,50,0.86,13,13,95.89826836929124,0.7083333333333334,0.5,388.0,60.0,69.0,521.0,124.0,22.0,0.0,0.0,35.0,6.0,5.0,26.0,25.0,3.0,0.0,0.0,0.0,0.0,5.0,26.0,0.0,0.0,0.0,0.0
C3_f0.7__baldwinian__s24,C3_f0.7__baldwinian,C3_f0.7,C3,baldwinian,24,400,train,50,0.86,16,16,58.128752934474704,0.8958333333333334,0.5,456.0,72.0,62.0,387.0,85.0,15.0,0.0,0.0,42.0,3.0,19.0,28.0,22.0,2.0,0.0,0.0,0.0,0.0,19.0,28.0,0.0,0.0,0.0,0.0
C3_f0.7__baldwinian__s24,C3_f0.7__baldwinian,C3_f0.7,C3,baldwinian,24,450,train,50,0.84,8,8,91.29968625225519,0.8125,0.5,392.0,63.0,63.0,329.0,133.0,19.0,0.0,0.0,45.0,2.0,10.0,18.0,27.0,2.0,0.0,0.0,0.0,0.0,10.0,18.0,0.0,0.0,0.0,0.0
C3_f0.7__baldwinian__s24,C3_f0.7__baldwinian,C3_f0.7,C3,baldwinian,24,500,train,47,1.2553191489361701,26,29,84.82033613758232,0.8541666666666666,0.5,313.0,49.0,107.0,491.0,98.0,16.0,0.0,0.0,36.0,2.0,18.0,34.0,28.0,1.0,0.0,0.0,0.0,0.0,18.0,34.0,0.0,0.0,0.0,0.0
C3_f0.7__baldwinian__s24,C3_f0.7__baldwinian,C3_f0.7,C3,baldwinian,24,550,train,50,1.6,18,15,98.1185466492784,0.8125,0.5,469.0,83.0,54.0,286.0,132.0,25.0,0.0,0.0,39.0,11.0,8.0,24.0,26.0,2.0,0.0,0.0,0.0,0.0,8.0,24.0,0.0,0.0,0.0,0.0
C3_f0.7__baldwinian__s24,C3_f0.7__baldwinian,C3_f0.7,C3,baldwinian,24,600,train,50,1.78,14,14,78.16483244802652,0.8333333333333334,0.5,238.0,43.0,52.0,321.0,148.0,21.0,0.0,0.0,40.0,2.0,8.0,25.0,22.0,0.0,0.0,0.0,0.0,0.0,8.0,25.0,0.0,0.0,0.0,0.0
C3_f0.7__baldwinian__s24,C3_f0.7__baldwinian,C3_f0.7,C3,baldwinian,24,650,train,50,1.92,24,24,59.70750863420527,0.8958333333333334,0.5,279.0,54.0,84.0,394.0,97.0,13.0,0.0,0.0,27.0,7.0,8.0,39.0,20.0,3.0,0.0,0.0,0.0,0.0,8.0,39.0,0.0,0.0,0.0,0.0
C3_f0.7__baldwinian__s24,C3_f0.7__baldwinian,C3_f0.7,C3,baldwinian,24,700,train,50,2.0,13,13,80.57781203078555,0.8541666666666666,0.5,350.0,56.0,52.0,274.0,132.0,20.0,0.0,0.0,34.0,4.0,7.0,21.0,17.0,0.0,0.0,0.0,0.0,0.0,7.0,21.0,0.0,0.0,0.0,0.0
C3_f0.7__baldwinian__s24,C3_f0.7__baldwinian,C3_f0.7,C3,baldwinian,24,750,train,50,2.06,17,17,79.89066121329208,0.8125,0.5,390.0,51.0,69.0,432.0,89.0,19.0,0.0,0.0,34.0,3.0,11.0,27.0,25.0,1.0,0.0,0.0,0.0,0.0,11.0,27.0,0.0,0.0,0.0,0.0
C3_f0.7__baldwinian__s24,C3_f0.7__baldwinian,C3_f0.7,C3,baldwinian,24,800,train,50,2.2,15,15,99.75046926511573,0.75,0.5,381.0,59.0,71.0,432.0,75.0,13.0,0.0,0.0,29.0,4.0,11.0,31.0,20.0,4.0,0.0,0.0,0.0,0.0,11.0,31.0,0.0,0.0,0.0,0.0
C3_f0.7__baldwinian__s24,C3_f0.7__baldwinian,C3_f0.7,C3,baldwinian,24,850,train,50,2.26,19,19,117.30696503699053,0.7291666666666666,0.5,550.0,104.0,81.0,429.0,73.0,15.0,0.0,0.0,29.0,6.0,7.0,40.0,17.0,3.0,0.0,0.0,0.0,0.0,7.0,40.0,0.0,0.0,0.0,0.0
C3_f0.7__baldwinian__s24,C3_f0.7__baldwinian,C3_f0.7,C3,baldwinian,24,900,train,50,2.32,12,12,71.09358305813545,0.875,0.5,516.0,89.0,92.0,563.0,130.0,29.0,0.0,0.0,42.0,3.0,16.0,25.0,22.0,5.0,0.0,0.0,0.0,0.0,16.0,25.0,0.0,0.0,0.0,0.0
C3_f0.7__baldwinian__s24,C3_f0.7__baldwinian,C3_f0.7,C3,baldwinian,24,950,train,50,2.42,16,16,86.40978269873725,0.8541666666666666,0.5,439.0,90.0,84.0,541.0,60.0,12.0,0.0,0.0,47.0,4.0,5.0,34.0,19.0,4.0,0.0,0.0,0.0,0.0,5.0,34.0,0.0,0.0,0.0,0.0
C3_f0.7__baldwinian__s24,C3_f0.7__baldwinian,C3_f0.7,C3,baldwinian,24,1000,train,50,2.76,18,18,73.60494908841304,0.8958333333333334,0.5,359.0,59.0,49.0,266.0,48.0,12.0,0.0,0.0,47.0,4.0,8.0,16.0,21.0,4.0,0.0,0.0,0.0,0.0,8.0,16.0,0.0,0.0,0.0,0.0
C3_f0.7__baldwinian__s24,C3_f0.7__baldwinian,C3_f0.7,C3,baldwinian,24,1050,train,50,2.86,17,17,122.08839042365094,0.7291666666666666,0.5,279.0,34.0,74.0,440.0,94.0,15.0,0.0,0.0,32.0,2.0,9.0,26.0,19.0,2.0,0.0,0.0,0.0,0.0,9.0,26.0,0.0,0.0,0.0,0.0
C3_f0.7__baldwinian__s24,C3_f0.7__baldwinian,C3_f0.7,C3,baldwinian,24,1100,train,50,2.96,21,21,88.42112042304797,0.8125,0.5,385.0,69.0,64.0,427.0,124.0,26.0,0.0,0.0,37.0,6.0,11.0,33.0,19.0,6.0,0.0,0.0,0.0,0.0,11.0,33.0,0.0,0.0,0.0,0.0
C3_f0.7__baldwinian__s24,C3_f0.7__baldwinian,C3_f0.7,C3,baldwinian,24,1150,train,50,2.98,16,16,94.62029033152825,0.75,0.5,297.0,69.0,87.0,387.0,69.0,17.0,0.0,0.0,34.0,4.0,11.0,29.0,22.0,3.0,0.0,0.0,0.0,0.0,11.0,29.0,0.0,0.0,0.0,0.0
C3_f0.7__baldwinian__s24,C3_f0.7__baldwinian,C3_f0.7,C3,baldwinian,24,1200,train,50,3.08,17,17,62.864681078111886,0.8333333333333334,0.5,430.0,78.0,70.0,387.0,53.0,10.0,0.0,0.0,41.0,1.0,12.0,31.0,23.0,1.0,0.0,0.0,0.0,0.0,12.0,31.0,0.0,0.0,0.0,0.0
C3_f0.7__baldwinian__s24,C3_f0.7__baldwinian,C3_f0.7,C3,baldwinian,24,1250,train,50,3.12,14,14,82.7627892842435,0.8541666666666666,0.5,414.0,75.0,62.0,274.0,84.0,18.0,0.0,0.0,40.0,4.0,11.0,20.0,22.0,7.0,0.0,0.0,0.0,0.0,11.0,20.0,0.0,0.0,0.0,0.0
C3_f0.7__baldwinian__s24,C3_f0.7__baldwinian,C3_f0.7,C3,baldwinian,24,1300,train,50,3.1,15,15,67.07640681032018,0.875,0.5,324.0,56.0,55.0,395.0,89.0,22.0,0.0,0.0,49.0,4.0,7.0,35.0,22.0,7.0,0.0,0.0,0.0,0.0,7.0,35.0,0.0,0.0,0.0,0.0
C3_f0.7__baldwinian__s24,C3_f0.7__baldwinian,C3_f0.7,C3,baldwinian,24,1350,train,50,3.26,16,16,76.24702168269714,0.875,0.5,362.0,69.0,46.0,346.0,80.0,15.0,0.0,0.0,43.0,4.0,7.0,22.0,14.0,6.0,0.0,0.0,0.0,0.0,7.0,22.0,0.0,0.0,0.0,0.0
C3_f0.7__baldwinian__s24,C3_f0.7__baldwinian,C3_f0.7,C3,baldwinian,24,1400,train,50,3.48,14,14,71.68708989142979,0.875,0.5,437.0,83.0,68.0,345.0,87.0,15.0,0.0,0.0,46.0,4.0,9.0,19.0,23.0,4.0,0.0,0.0,0.0,0.0,9.0,19.0,0.0,0.0,0.0,0.0
C3_f0.7__baldwinian__s24,C3_f0.7__baldwinian,C3_f0.7,C3,baldwinian,24,1450,train,50,3.7,20,20,67.58503949028012,0.8541666666666666,0.5,321.0,70.0,73.0,368.0,154.0,19.0,0.0,0.0,40.0,4.0,9.0,28.0,29.0,2.0,0.0,0.0,0.0,0.0,9.0,28.0,0.0,0.0,0.0,0.0
C3_f0.7__baldwinian__s24,C3_f0.7__baldwinian,C3_f0.7,C3,baldwinian,24,1500,train,50,3.94,14,14,90.79004546770236,0.8125,0.5,327.0,64.0,33.0,347.0,87.0,16.0,0.0,0.0,38.0,3.0,8.0,19.0,26.0,1.0,0.0,0.0,0.0,0.0,8.0,19.0,0.0,0.0,0.0,0.0
C3_f0.7__baldwinian__s24,C3_f0.7__baldwinian,C3_f0.7,C3,baldwinian,24,1550,eval,50,3.98,20,20,139.79011582773603,0.6875,0.5,416.0,76.0,62.0,357.0,10.0,0.0,2.0,14.0,29.0,5.0,5.0,29.0,8.0,0.0,1.0,4.0,0.0,0.0,5.0,29.0,0.0,0.0,1.0,4.0
C3_f0.7__baldwinian__s24,C3_f0.7__baldwinian,C3_f0.7,C3,baldwinian,24,1600,eval,50,3.96,15,15,145.326454533441,0.6041666666666666,0.5,469.0,101.0,83.0,476.0,46.0,4.0,19.0,81.0,25.0,7.0,13.0,23.0,9.0,0.0,6.0,11.0,0.0,0.0,13.0,23.0,0.0,0.0,6.0,11.0
C3_f0.7__baldwinian__s24,C3_f0.7__baldwinian,C3_f0.7,C3,baldwinian,24,1650,eval,50,3.96,14,14,212.1951655625105,0.4791666666666667,0.5,490.0,86.0,102.0,540.0,72.0,10.0,0.0,55.0,19.0,3.0,8.0,24.0,8.0,1.0,0.0,6.0,0.0,0.0,8.0,24.0,0.0,0.0,0.0,6.0
C3_f0.7__baldwinian__s24,C3_f0.7__baldwinian,C3_f0.7,C3,baldwinian,24,1700,eval,50,4.04,11,11,254.83859879039755,0.3333333333333333,0.5,487.0,97.0,119.0,641.0,17.0,3.0,0.0,7.0,16.0,5.0,6.0,22.0,3.0,0.0,0.0,0.0,0.0,0.0,6.0,22.0,0.0,0.0,0.0,0.0
C3_f0.7__baldwinian__s24,C3_f0.7__baldwinian,C3_f0.7,C3,baldwinian,24,1750,eval,50,4.16,5,5,222.32668849437732,0.3333333333333333,0.5,474.0,85.0,76.0,542.0,117.0,21.0,2.0,49.0,29.0,3.0,2.0,11.0,8.0,1.0,0.0,1.0,0.0,0.0,2.0,11.0,0.0,0.0,0.0,1.0
C3_f0.7__baldwinian__s24,C3_f0.7__baldwinian,C3_f0.7,C3,baldwinian,24,1800,eval,50,4.28,15,15,197.16338325657594,0.4791666666666667,0.5,441.0,79.0,84.0,456.0,154.0,27.0,13.0,150.0,24.0,4.0,2.0,31.0,3.0,2.0,3.0,5.0,0.0,0.0,2.0,31.0,0.0,0.0,3.0,5.0
C3_f0.7__baldwinian__s25,C3_f0.7__baldwinian,C3_f0.7,C3,baldwinian,25,50,train,50,0.8,32,2,86.79734828439457,0.8541666666666666,0.5,206.0,24.0,48.0,196.0,80.0,11.0,0.0,0.0,32.0,4.0,9.0,35.0,33.0,3.0,0.0,0.0,0.0,0.0,9.0,35.0,0.0,0.0,0.0,0.0
C3_f0.7__baldwinian__s25,C3_f0.7__baldwinian,C3_f0.7,C3,baldwinian,25,100,train,50,0.92,11,11,73.27033143026327,0.8333333333333334,0.5,289.0,57.0,54.0,304.0,85.0,14.0,0.0,0.0,43.0,2.0,6.0,26.0,24.0,5.0,0.0,0.0,0.0,0.0,6.0,26.0,0.0,0.0,0.0,0.0
C3_f0.7__baldwinian__s25,C3_f0.7__baldwinian,C3_f0.7,C3,baldwinian,25,150,train,50,1.2,24,24,69.73575779077737,0.8958333333333334,0.5,307.0,42.0,40.0,272.0,131.0,17.0,0.0,0.0,39.0,5.0,7.0,32.0,34.0,6.0,0.0,0.0,0.0,0.0,7.0,32.0,0.0,0.0,0.0,0.0
C3_f0.7__baldwinian__s25,C3_f0.7__baldwinian,C3_f0.7,C3,baldwinian,25,200,train,45,1.3777777777777778,13,18,88.2241429741639,0.8541666666666666,0.5,228.0,34.0,54.0,358.0,71.0,11.0,0.0,0.0,33.0,6.0,9.0,35.0,20.0,1.0,0.0,0.0,0.0,0.0,9.0,35.0,0.0,0.0,0.0,0.0
C3_f0.7__baldwinian__s25,C3_f0.7__baldwinian,C3_f0.7,C3,baldwinian,25,250,train,47,1.4042553191489362,18,16,77.75696255836982,0.9166666666666666,0.5,249.0,38.0,83.0,400.0,97.0,22.0,0.0,0.0,37.0,0.0,7.0,31.0,35.0,5.0,0.0,0.0,0.0,0.0,7.0,31.0,0.0,0.0,0.0,0.0
C3_f0.7__baldwinian__s25,C3_f0.7__baldwinian,C3_f0.7,C3,baldwinian,25,300,train,50,1.34,17,14,99.17895438263261,0.7291666666666666,0.5,395.0,69.0,69.0,374.0,48.0,10.0,0.0,0.0,35.0,6.0,7.0,28.0,20.0,2.0,0.0,0.0,0.0,0.0,7.0,28.0,0.0,0.0,0.0,0.0
C3_f0.7__baldwinian__s25,C3_f0.7__baldwinian,C3_f0.7,C3,baldwinian,25,350,train,50,1.52,23,23,101.2303047870428,0.7916666666666666,0.5,264.0,56.0,79.0,488.0,88.0,16.0,0.0,0.0,31.0,6.0,13.0,28.0,19.0,3.0,0.0,0.0,0.0,0.0,13.0,28.0,0.0,0.0,0.0,0.0
C3_f0.7__baldwinian__s25,C3_f0.7__baldwinian,C3_f0.7,C3,baldwinian,25,400,train,50,1.38,9,9,125.04750648347351,0.6875,0.5,296.0,57.0,51.0,326.0,116.0,19.0,0.0,0.0,36.0,4.0,6.0,14.0,24.0,3.0,0.0,0.0,0.0,0.0,6.0,14.0,0.0,0.0,0.0,0.0
C3_f0.7__baldwinian__s25,C3_f0.7__baldwinian,C3_f0.7,C3,baldwinian,25,450,train,50,1.28,14,14,67.87140781342697,0.9166666666666666,0.5,356.0,66.0,74.0,378.0,145.0,24.0,0.0,0.0,38.0,9.0,8.0,30.0,24.0,2.0,0.0,0.0,0.0,0.0,8.0,30.0,0.0,0.0,0.0,0.0
C3_f0.7__baldwinian__s25,C3_f0.7__baldwinian,C3_f0.7,C3,baldwinian,25,500,train,50,1.66,18,18,64.93918574424882,0.875,0.5,408.0,69.0,68.0,306.0,120.0,19.0,0.0,0.0,32.0,1.0,11.0,21.0,31.0,3.0,0.0,0.0,0.0,0.0,11.0,21.0,0.0,0.0,0.0,0.0
C3_f0.7__baldwinian__s25,C3_f0.7__baldwinian,C3_f0.7,C3,baldwinian,25,550,train,50,1.92,16,16,104.52790857488594,0.7708333333333334,0.5,314.0,61.0,45.0,328.0,96.0,15.0,0.0,0.0,31.0,4.0,6.0,28.0,16.0,3.0,0.0,0.0,0.0,0.0,6.0,28.0,0.0,0.0,0.0,0.0
C3_f0.7__baldwinian__s25,C3_f0.7__baldwinian,C3_f0.7,C3,baldwinian,25,600,train,50,2.1,9,9,76.53182631097295,0.8541666666666666,0.5,451.0,84.0,55.0,246.0,185.0,31.0,0.0,0.0,47.0,4.0,6.0,14.0,30.0,4.0,0.0,0.0,0.0,0.0,6.0,14.0,0.0,0.0,0.0,0.0
C3_f0.7__baldwinian__s25,C3_f0.7__baldwinian,C3_f0.7,C3,baldwinian,25,650,train,50,2.28,14,14,158.01424478273523,0.6666666666666666,0.5,297.0,58.0,58.0,331.0,72.0,19.0,0.0,0.0,36.0,6.0,12.0,18.0,17.0,4.0,0.0,0.0,0.0,0.0,12.0,18.0,0.0,0.0,0.0,0.0
C3_f0.7__baldwinian__s25,C3_f0.7__baldwinian,C3_f0.7,C3,baldwinian,25,700,train,50,2.38,10,10,83.24354694679292,0.8958333333333334,0.5,319.0,72.0,62.0,346.0,68.0,14.0,0.0,0.0,41.0,7.0,9.0,29.0,25.0,4.0,0.0,0.0,0.0,0.0,9.0,29.0,0.0,0.0,0.0,0.0
C3_f0.7__baldwinian__s25,C3_f0.7__baldwinian,C3_f0.7,C3,baldwinian,25,750,train,50,2.52,17,17,65.82217596455428,0.875,0.5,331.0,61.0,89.0,476.0,147.0,39.0,0.0,0.0,23.0,3.0,9.0,35.0,29.0,5.0,0.0,0.0,0.0,0.0,9.0,35.0,0.0,0.0,0.0,0.0
C3_f0.7__baldwinian__s25,C3_f0.7__baldwinian,C3_f0.7,C3,baldwinian,25,800,train,50,2.72,13,13,112.00884890756885,0.8333333333333334,0.5,399.0,70.0,49.0,326.0,88.0,10.0,0.0,0.0,38.0,6.0,3.0,25.0,15.0,2.0,0.0,0.0,0.0,0.0,3.0,25.0,0.0,0.0,0.0,0.0
C3_f0.7__baldwinian__s25,C3_f0.7__baldwinian,C3_f0.7,C3,baldwinian,25,850,train,50,2.44,17,17,115.8514270196857,0.7916666666666666,0.5,305.0,55.0,63.0,332.0,162.0,19.0,0.0,0.0,30.0,6.0,5.0,32.0,33.0,2.0,0.0,0.0,0.0,0.0,5.0,32.0,0.0,0.0,0.0,0.0
C3_f0.7__baldwinian__s25,C3_f0.7__baldwinian,C3_f0.7,C3,baldwinian,25,900,train,50,2.44,12,12,91.60794976027998,0.8333333333333334,0.5,317.0,56.0,56.0,315.0,270.0,38.0,0.0,0.0,42.0,6.0,11.0,24.0,27.0,3.0,0.0,0.0,0.0,0.0,11.0,24.0,0.0,0.0,0.0,0.0
C3_f0.7__baldwinian__s25,C3_f0.7__baldwinian,C3_f0.7,C3,baldwinian,25,950,train,50,2.46,16,16,106.90847105112772,0.7708333333333334,0.5,271.0,41.0,56.0,340.0,98.0,9.0,0.0,0.0,37.0,1.0,5.0,33.0,17.0,1.0,0.0,0.0,0.0,0.0,5.0,33.0,0.0,0.0,0.0,0.0
C3_f0.7__baldwinian__s25,C3_f0.7__baldwinian,C3_f0.7,C3,baldwinian,25,1000,train,50,2.78,15,15,70.89816029494912,0.875,0.5,326.0,62.0,51.0,290.0,179.0,30.0,0.0,0.0,40.0,8.0,6.0,19.0,38.0,3.0,0.0,0.0,0.0,0.0,6.0,19.0,0.0,0.0,0.0,0.0
C3_f0.7__baldwinian__s25,C3_f0.7__baldwinian,C3_f0.7,C3,baldwinian,25,1050,train,50,3.22,16,16,80.31727484924082,0.8125,0.5,413.0,71.0,56.0,347.0,159.0,26.0,0.0,0.0,44.0,5.0,4.0,22.0,18.0,2.0,0.0,0.0,0.0,0.0,4.0,22.0,0.0,0.0,0.0,0.0
C3_f0.7__baldwinian__s25,C3_f0.7__baldwinian,C3_f0.7,C3,baldwinian,25,1100,train,50,3.48,10,10,95.3158835636095,0.8333333333333334,0.5,277.0,39.0,40.0,229.0,143.0,25.0,0.0,0.0,47.0,3.0,10.0,16.0,22.0,5.0,0.0,0.0,0.0,0.0,10.0,16.0,0.0,0.0,0.0,0.0
C3_f0.7__baldwinian__s25,C3_f0.7__baldwinian,C3_f0.7,C3,baldwinian,25,1150,train,50,3.74,14,14,81.34230329362359,0.8541666666666666,0.5,322.0,50.0,71.0,421.0,156.0,33.0,0.0,0.0,42.0,3.0,11.0,25.0,33.0,5.0,0.0,0.0,0.0,0.0,11.0,25.0,0.0,0.0,0.0,0.0
C3_f0.7__baldwinian__s25,C3_f0.7__baldwinian,C3_f0.7,C3,baldwinian,25,1200,train,50,3.66,13,13,102.94032475693803,0.7291666666666666,0.5,309.0,51.0,57.0,299.0,191.0,34.0,0.0,0.0,36.0,5.0,9.0,22.0,18.0,3.0,0.0,0.0,0.0,0.0,9.0,22.0,0.0,0.0,0.0,0.0
C3_f0.7__baldwinian__s25,C3_f0.7__baldwinian,C3_f0.7,C3,baldwinian,25,1250,train,50,3.66,15,15,89.31072614980017,0.8125,0.5,212.0,43.0,45.0,271.0,117.0,20.0,0.0,0.0,33.0,7.0,8.0,29.0,21.0,3.0,0.0,0.0,0.0,0.0,8.0,29.0,0.0,0.0,0.0,0.0
C3_f0.7__baldwinian__s25,C3_f0.7__baldwinian,C3_f0.7,C3,baldwinian,25,1300,train,50,3.58,20,20,86.15100462150545,0.8541666666666666,0.5,296.0,65.0,35.0,231.0,85.0,18.0,0.0,0.0,29.0,5.0,8.0,26.0,22.0,5.0,0.0,0.0,0.0,0.0,8.0,26.0,0.0,0.0,0.0,0.0
C3_f0.7__baldwinian__s25,C3_f0.7__baldwinian,C3_f0.7,C3,baldwinian,25,1350,train,50,3.54,16,16,96.17433869450743,0.8125,0.5,387.0,59.0,69.0,374.0,131.0,17.0,0.0,0.0,33.0,4.0,11.0,28.0,38.0,2.0,0.0,0.0,0.0,0.0,11.0,28.0,0.0,0.0,0.0,0.0
C3_f0.7__baldwinian__s25,C3_f0.7__baldwinian,C3_f0.7,C3,baldwinian,25,1400,train,50,3.84,16,16,94.65647639907567,0.7916666666666666,0.5,353.0,48.0,67.0,400.0,123.0,23.0,0.0,0.0,37.0,8.0,4.0,24.0,22.0,0.0,0.0,0.0,0.0,0.0,4.0,24.0,0.0,0.0,0.0,0.0
C3_f0.7__baldwinian__s25,C3_f0.7__baldwinian,C3_f0.7,C3,baldwinian,25,1450,train,50,3.88,11,11,109.11722581102637,0.7916666666666666,0.5,229.0,31.0,64.0,318.0,113.0,21.0,0.0,0.0,36.0,4.0,13.0,23.0,27.0,1.0,0.0,0.0,0.0,0.0,13.0,23.0,0.0,0.0,0.0,0.0
C3_f0.7__baldwinian__s25,C3_f0.7__baldwinian,C3_f0.7,C3,baldwinian,25,1500,train,50,4.3,16,16,64.8354081212896,0.875,0.5,361.0,66.0,78.0,321.0,102.0,16.0,0.0,0.0,35.0,9.0,11.0,19.0,26.0,4.0,0.0,0.0,0.0,0.0,11.0,19.0,0.0,0.0,0.0,0.0
C3_f0.7__baldwinian__s25,C3_f0.7__baldwinian,C3_f0.7,C3,baldwinian,25,1550,eval,50,4.94,18,18,129.0184090162981,0.7083333333333334,0.5,353.0,57.0,51.0,303.0,17.0,1.0,15.0,46.0,41.0,5.0,6.0,31.0,9.0,0.0,4.0,6.0,0.0,0.0,6.0,31.0,0.0,0.0,4.0,6.0
C3_f0.7__baldwinian__s25,C3_f0.7__baldwinian,C3_f0.7,C3,baldwinian,25,1600,eval,50,4.84,13,13,103.3028682257248,0.8125,0.5,208.0,28.0,60.0,339.0,65.0,20.0,19.0,93.0,41.0,3.0,5.0,24.0,13.0,2.0,5.0,10.0,0.0,0.0,5.0,24.0,0.0,0.0,5.0,10.0
C3_f0.7__baldwinian__s25,C3_f0.7__baldwinian,C3_f0.7,C3,baldwinian,25,1650,eval,50,4.8,16,16,142.0676114020405,0.7708333333333334,0.5,307.0,39.0,57.0,296.0,113.0,15.0,19.0,71.0,34.0,4.0,5.0,32.0,18.0,4.0,2.0,7.0,0.0,0.0,5.0,32.0,0.0,0.0,2.0,7.0
C3_f0.7__baldwinian__s25,C3_f0.7__baldwinian,C3_f0.7,C3,baldwinian,25,1700,eval,50,4.76,18,18,153.13874939520605,0.6458333333333334,0.5,377.0,79.0,75.0,513.0,128.0,22.0,19.0,80.0,16.0,6.0,8.0,34.0,15.0,3.0,6.0,12.0,0.0,0.0,8.0,34.0,0.0,0.0,6.0,12.0
C3_f0.7__baldwinian__s25,C3_f0.7__baldwinian,C3_f0.7,C3,baldwinian,25,1750,eval,50,4.68,7,7,173.204088304772,0.5416666666666666,0.5,464.0,83.0,61.0,366.0,183.0,27.0,19.0,108.0,35.0,6.0,5.0,20.0,23.0,1.0,0.0,3.0,0.0,0.0,5.0,20.0,0.0,0.0,0.0,3.0
C3_f0.7__baldwinian__s25,C3_f0.7__baldwinian,C3_f0.7,C3,baldwinian,25,1800,eval,50,4.68,15,15,151.0506960017097,0.6041666666666666,0.5,391.0,67.0,68.0,402.0,72.0,14.0,25.0,165.0,26.0,4.0,3.0,30.0,16.0,0.0,1.0,7.0,0.0,0.0,3.0,30.0,0.0,0.0,1.0,7.0
C3_f0.7__baldwinian__s26,C3_f0.7__baldwinian,C3_f0.7,C3,baldwinian,26,50,train,50,0.66,33,3,82.71498719459449,0.8333333333333334,0.5,180.0,35.0,36.0,186.0,107.0,24.0,0.0,0.0,40.0,14.0,4.0,29.0,22.0,3.0,0.0,0.0,0.0,0.0,4.0,29.0,0.0,0.0,0.0,0.0
C3_f0.7__baldwinian__s26,C3_f0.7__baldwinian,C3_f0.7,C3,baldwinian,26,100,train,50,0.78,10,10,112.32976364970372,0.7916666666666666,0.5,366.0,69.0,59.0,252.0,36.0,5.0,0.0,0.0,43.0,3.0,9.0,17.0,15.0,1.0,0.0,0.0,0.0,0.0,9.0,17.0,0.0,0.0,0.0,0.0
C3_f0.7__baldwinian__s26,C3_f0.7__baldwinian,C3_f0.7,C3,baldwinian,26,150,train,50,0.78,13,13,76.52067135012547,0.9166666666666666,0.5,497.0,74.0,55.0,342.0,77.0,15.0,0.0,0.0,53.0,0.0,11.0,30.0,12.0,3.0,0.0,0.0,0.0,0.0,11.0,30.0,0.0,0.0,0.0,0.0
C3_f0.7__baldwinian__s26,C3_f0.7__baldwinian,C3_f0.7,C3,baldwinian,26,200,train,50,0.8,12,12,58.840697144301615,0.9375,0.5,248.0,43.0,81.0,341.0,97.0,25.0,0.0,0.0,37.0,2.0,16.0,32.0,18.0,3.0,0.0,0.0,0.0,0.0,16.0,32.0,0.0,0.0,0.0,0.0
C3_f0.7__baldwinian__s26,C3_f0.7__baldwinian,C3_f0.7,C3,baldwinian,26,250,train,50,0.88,16,16,107.91168913068879,0.75,0.5,365.0,63.0,76.0,407.0,39.0,6.0,0.0,0.0,32.0,7.0,10.0,27.0,20.0,5.0,0.0,0.0,0.0,0.0,10.0,27.0,0.0,0.0,0.0,0.0
C3_f0.7__baldwinian__s26,C3_f0.7__baldwinian,C3_f0.7,C3,baldwinian,26,300,train,50,0.86,10,10,82.35467168355041,0.8333333333333334,0.5,414.0,72.0,111.0,606.0,26.0,2.0,0.0,0.0,48.0,8.0,10.0,19.0,13.0,1.0,0.0,0.0,0.0,0.0,10.0,19.0,0.0,0.0,0.0,0.0
C3_f0.7__baldwinian__s26,C3_f0.7__baldwinian,C3_f0.7,C3,baldwinian,26,350,train,50,0.84,9,9,81.48186040108793,0.8958333333333334,0.5,411.0,77.0,90.0,465.0,38.0,9.0,0.0,0.0,53.0,10.0,7.0,21.0,14.0,3.0,0.0,0.0,0.0,0.0,7.0,21.0,0.0,0.0,0.0,0.0
C3_f0.7__baldwinian__s26,C3_f0.7__baldwinian,C3_f0.7,C3,baldwinian,26,400,train,50,0.86,10,10,103.93142254106428,0.7708333333333334,0.5,499.0,92.0,58.0,434.0,42.0,9.0,0.0,0.0,36.0,9.0,6.0,32.0,19.0,3.0,0.0,0.0,0.0,0.0,6.0,32.0,0.0,0.0,0.0,0.0
C3_f0.7__baldwinian__s26,C3_f0.7__baldwinian,C3_f0.7,C3,baldwinian,26,450,train,50,0.88,10,10,85.93598709828234,0.8125,0.5,444.0,82.0,63.0,343.0,90.0,12.0,0.0,0.0,43.0,4.0,21.0,22.0,15.0,1.0,0.0,0.0,0.0,0.0,21.0,22.0,0.0,0.0,0.0,0.0
C3_f0.7__baldwinian__s26,C3_f0.7__baldwinian,C3_f0.7,C3,baldwinian,26,500,train,47,1.2340425531914894,19,22,99.8934876597715,0.7916666666666666,0.5,324.0,56.0,70.0,426.0,123.0,19.0,0.0,0.0,49.0,5.0,11.0,12.0,20.0,2.0,0.0,0.0,0.0,0.0,11.0,12.0,0.0,0.0,0.0,0.0
C3_f0.7__baldwinian__s26,C3_f0.7__baldwinian,C3_f0.7,C3,baldwinian,26,550,train,50,1.6,29,26,90.75677358662688,0.8541666666666666,0.5,300.0,57.0,52.0,390.0,86.0,11.0,0.0,0.0,38.0,5.0,17.0,30.0,12.0,2.0,0.0,0.0,0.0,0.0,17.0,30.0,0.0,0.0,0.0,0.0
C3_f0.7__baldwinian__s26,C3_f0.7__baldwinian,C3_f0.7,C3,baldwinian,26,600,train,50,1.7,13,13,147.02241715956518,0.7083333333333334,0.5,285.0,51.0,46.0,319.0,125.0,26.0,0.0,0.0,39.0,5.0,10.0,18.0,9.0,1.0,0.0,0.0,0.0,0.0,10.0,18.0,0.0,0.0,0.0,0.0
C3_f0.7__baldwinian__s26,C3_f0.7__baldwinian,C3_f0.7,C3,baldwinian,26,650,train,50,1.8,18,18,153.73883991014827,0.6666666666666666,0.5,295.0,69.0,51.0,289.0,79.0,21.0,0.0,0.0,28.0,12.0,5.0,28.0,19.0,3.0,0.0,0.0,0.0,0.0,5.0,28.0,0.0,0.0,0.0,0.0
C3_f0.7__baldwinian__s26,C3_f0.7__baldwinian,C3_f0.7,C3,baldwinian,26,700,train,50,1.92,20,20,110.03223751838394,0.75,0.5,334.0,65.0,67.0,342.0,87.0,10.0,0.0,0.0,41.0,4.0,10.0,29.0,11.0,1.0,0.0,0.0,0.0,0.0,10.0,29.0,0.0,0.0,0.0,0.0
C3_f0.7__baldwinian__s26,C3_f0.7__baldwinian,C3_f0.7,C3,baldwinian,26,750,train,50,1.92,15,15,111.12372801917829,0.7916666666666666,0.5,290.0,54.0,58.0,341.0,116.0,22.0,0.0,0.0,45.0,5.0,6.0,25.0,18.0,3.0,0.0,0.0,0.0,0.0,6.0,25.0,0.0,0.0,0.0,0.0
C3_f0.7__baldwinian__s26,C3_f0.7__baldwinian,C3_f0.7,C3,baldwinian,26,800,train,50,1.9,10,10,114.0033236558447,0.7708333333333334,0.5,261.0,62.0,74.0,391.0,150.0,28.0,0.0,0.0,31.0,4.0,18.0,38.0,10.0,3.0,0.0,0.0,0.0,0.0,18.0,38.0,0.0,0.0,0.0,0.0
C3_f0.7__baldwinian__s26,C3_f0.7__baldwinian,C3_f0.7,C3,baldwinian,26,850,train,50,1.96,10,10,139.2673588212067,0.6041666666666666,0.5,347.0,69.0,64.0,438.0,165.0,25.0,0.0,0.0,32.0,1.0,5.0,20.0,19.0,3.0,0.0,0.0,0.0,0.0,5.0,20.0,0.0,0.0,0.0,0.0
C3_f0.7__baldwinian__s26,C3_f0.7__baldwinian,C3_f0.7,C3,baldwinian,26,900,train,50,1.98,12,12,89.97793662249956,0.8125,0.5,447.0,81.0,67.0,394.0,133.0,25.0,0.0,0.0,62.0,4.0,5.0,19.0,15.0,2.0,0.0,0.0,0.0,0.0,5.0,19.0,0.0,0.0,0.0,0.0
C3_f0.7__baldwinian__s26,C3_f0.7__baldwinian,C3_f0.7,C3,baldwinian,26,950,train,50,2.0,14,14,85.47806970873006,0.8333333333333334,0.5,399.0,43.0,59.0,362.0,154.0,15.0,0.0,0.0,32.0,2.0,13.0,28.0,16.0,4.0,0.0,0.0,0.0,0.0,13.0,28.0,0.0,0.0,0.0,0.0
C3_f0.7__baldwinian__s26,C3_f0.7__baldwinian,C3_f0.7,C3,baldwinian,26,1000,train,50,2.28,15,15,79.51001491841096,0.8541666666666666,0.5,401.0,71.0,69.0,380.0,122.0,21.0,0.0,0.0,49.0,7.0,12.0,20.0,16.0,2.0,0.0,0.0,0.0,0.0,12.0,20.0,0.0,0.0,0.0,0.0
C3_f0.7__baldwinian__s26,C3_f0.7__baldwinian,C3_f0.7,C3,baldwinian,26,1050,train,50,2.5,15,15,92.28092346976574,0.8333333333333334,0.5,415.0,84.0,55.0,322.0,49.0,5.0,0.0,0.0,39.0,11.0,9.0,27.0,11.0,1.0,0.0,0.0,0.0,0.0,9.0,27.0,0.0,0.0,0.0,0.0
C3_f0.7__baldwinian__s26,C3_f0.7__baldwinian,C3_f0.7,C3,baldwinian,26,1100,train,50,2.66,22,22,71.97643935666386,0.8541666666666666,0.5,316.0,57.0,43.0,266.0,79.0,7.0,0.0,0.0,32.0,2.0,10.0,36.0,19.0,0.0,0.0,0.0,0.0,0.0,10.0,36.0,0.0,0.0,0.0,0.0
C3_f0.7__baldwinian__s26,C3_f0.7__baldwinian,C3_f0.7,C3,baldwinian,26,1150,train,50,2.7,15,15,198.93747620967454,0.4375,0.5,450.0,75.0,57.0,265.0,68.0,12.0,0.0,0.0,16.0,5.0,7.0,25.0,9.0,5.0,0.0,0.0,0.0,0.0,7.0,25.0,0.0,0.0,0.0,0.0
C3_f0.7__baldwinian__s26,C3_f0.7__baldwinian,C3_f0.7,C3,baldwinian,26,1200,train,50,2.8,16,16,96.6192428849929,0.7916666666666666,0.5,386.0,63.0,98.0,467.0,106.0,20.0,0.0,0.0,39.0,5.0,8.0,38.0,17.0,3.0,0.0,0.0,0.0,0.0,8.0,38.0,0.0,0.0,0.0,0.0
C3_f0.7__baldwinian__s26,C3_f0.7__baldwinian,C3_f0.7,C3,baldwinian,26,1250,train,50,2.86,16,16,115.30960139215344,0.6875,0.5,360.0,73.0,96.0,594.0,48.0,12.0,0.0,0.0,33.0,1.0,15.0,34.0,13.0,2.0,0.0,0.0,0.0,0.0,15.0,34.0,0.0,0.0,0.0,0.0
C3_f0.7__baldwinian__s26,C3_f0.7__baldwinian,C3_f0.7,C3,baldwinian,26,1300,train,50,3.04,16,16,86.11252749613027,0.8125,0.5,415.0,77.0,69.0,416.0,90.0,9.0,0.0,0.0,46.0,1.0,11.0,25.0,23.0,3.0,0.0,0.0,0.0,0.0,11.0,25.0,0.0,0.0,0.0,0.0
C3_f0.7__baldwinian__s26,C3_f0.7__baldwinian,C3_f0.7,C3,baldwinian,26,1350,train,50,3.0,11,11,72.73470141275652,0.8125,0.5,316.0,52.0,93.0,511.0,69.0,14.0,0.0,0.0,43.0,4.0,9.0,32.0,18.0,4.0,0.0,0.0,0.0,0.0,9.0,32.0,0.0,0.0,0.0,0.0
C3_f0.7__baldwinian__s26,C3_f0.7__baldwinian,C3_f0.7,C3,baldwinian,26,1400,train,50,3.04,12,12,74.15078137585101,0.8125,0.5,290.0,45.0,63.0,375.0,73.0,10.0,0.0,0.0,43.0,4.0,10.0,26.0,16.0,0.0,0.0,0.0,0.0,0.0,10.0,26.0,0.0,0.0,0.0,0.0
C3_f0.7__baldwinian__s26,C3_f0.7__baldwinian,C3_f0.7,C3,baldwinian,26,1450,train,50,3.18,11,11,81.27922521065955,0.7708333333333334,0.5,414.0,79.0,49.0,307.0,62.0,10.0,0.0,0.0,54.0,6.0,9.0,16.0,17.0,2.0,0.0,0.0,0.0,0.0,9.0,16.0,0.0,0.0,0.0,0.0
C3_f0.7__baldwinian__s26,C3_f0.7__baldwinian,C3_f0.7,C3,baldwinian,26,1500,train,50,3.44,18,18,101.89423581173006,0.7291666666666666,0.5,276.0,39.0,74.0,342.0,93.0,10.0,0.0,0.0,30.0,5.0,7.0,34.0,22.0,1.0,0.0,0.0,0.0,0.0,7.0,34.0,0.0,0.0,0.0,0.0
C3_f0.7__baldwinian__s26,C3_f0.7__baldwinian,C3_f0.7,C3,baldwinian,26,1550,eval,50,3.58,20,20,141.4080246278263,0.6875,0.5,462.0,87.0,61.0,417.0,27.0,15.0,10.0,41.0,34.0,5.0,8.0,21.0,8.0,1.0,4.0,11.0,0.0,0.0,8.0,21.0,0.0,0.0,4.0,11.0
C3_f0.7__baldwinian__s26,C3_f0.7__baldwinian,C3_f0.7,C3,baldwinian,26,1600,eval,50,3.68,18,18,193.27432323873654,0.6041666666666666,0.5,432.0,65.0,87.0,426.0,0.0,0.0,2.0,13.0,30.0,4.0,7.0,30.0,0.0,0.0,2.0,0.0,0.0,0.0,7.0,30.0,0.0,0.0,2.0,0.0
C3_f0.7__baldwinian__s26,C3_f0.7__baldwinian,C3_f0.7,C3,baldwinian,26,1650,eval,50,3.78,21,21,130.8836057967655,0.6666666666666666,0.5,473.0,90.0,62.0,407.0,60.0,17.0,6.0,65.0,45.0,9.0,4.0,25.0,6.0,1.0,2.0,10.0,0.0,0.0,4.0,25.0,0.0,0.0,2.0,10.0
C3_f0.7__baldwinian__s26,C3_f0.7__baldwinian,C3_f0.7,C3,baldwinian,26,1700,eval,50,3.82,15,15,224.76734881211425,0.4583333333333333,0.5,328.0,54.0,83.0,422.0,34.0,3.0,3.0,23.0,32.0,1.0,7.0,17.0,10.0,0.0,0.0,2.0,0.0,0.0,7.0,17.0,0.0,0.0,0.0,2.0
C3_f0.7__baldwinian__s26,C3_f0.7__baldwinian,C3_f0.7,C3,baldwinian,26,1750,eval,50,3.98,24,24,199.90885867138812,0.4791666666666667,0.5,369.0,47.0,50.0,348.0,16.0,2.0,1.0,16.0,30.0,6.0,2.0,30.0,5.0,1.0,0.0,4.0,0.0,0.0,2.0,30.0,0.0,0.0,0.0,4.0
C3_f0.7__baldwinian__s26,C3_f0.7__baldwinian,C3_f0.7,C3,baldwinian,26,1800,eval,50,4.14,16,16,166.69289758620928,0.6041666666666666,0.5,423.0,59.0,56.0,333.0,97.0,15.0,20.0,115.0,23.0,11.0,7.0,29.0,7.0,3.0,2.0,7.0,0.0,0.0,7.0,29.0,0.0,0.0,2.0,7.0
C3_f0.7__baldwinian__s27,C3_f0.7__baldwinian,C3_f0.7,C3,baldwinian,27,50,train,50,0.74,35,5,93.20109658930997,0.8125,0.5,197.0,33.0,32.0,152.0,66.0,21.0,0.0,0.0,41.0,6.0,9.0,32.0,12.0,5.0,0.0,0.0,0.0,0.0,9.0,32.0,0.0,0.0,0.0,0.0
C3_f0.7__baldwinian__s27,C3_f0.7__baldwinian,C3_f0.7,C3,baldwinian,27,100,train,50,0.8,10,10,73.00055906353467,0.9166666666666666,0.5,313.0,48.0,39.0,209.0,72.0,10.0,0.0,0.0,37.0,5.0,7.0,31.0,20.0,2.0,0.0,0.0,0.0,0.0,7.0,31.0,0.0,0.0,0.0,0.0
C3_f0.7__baldwinian__s27,C3_f0.7__baldwinian,C3_f0.7,C3,baldwinian,27,150,train,50,1.02,14,14,74.15556617155806,0.875,0.5,222.0,32.0,72.0,371.0,126.0,23.0,0.0,0.0,41.0,4.0,9.0,25.0,20.0,4.0,0.0,0.0,0.0,0.0,9.0,25.0,0.0,0.0,0.0,0.0
C3_f0.7__baldwinian__s27,C3_f0.7__baldwinian,C3_f0.7,C3,baldwinian,27,200,train,50,1.08,17,17,72.9096695669222,0.875,0.5,348.0,56.0,79.0,460.0,135.0,26.0,0.0,0.0,50.0,6.0,4.0,30.0,16.0,2.0,0.0,0.0,0.0,0.0,4.0,30.0,0.0,0.0,0.0,0.0
C3_f0.7__baldwinian__s27,C3_f0.7__baldwinian,C3_f0.7,C3,baldwinian,27,250,train,50,1.1,18,18,107.45950977086741,0.75,0.5,394.0,58.0,58.0,360.0,173.0,31.0,0.0,0.0,42.0,4.0,7.0,22.0,17.0,4.0,0.0,0.0,0.0,0.0,7.0,22.0,0.0,0.0,0.0,0.0
C3_f0.7__baldwinian__s27,C3_f0.7__baldwinian,C3_f0.7,C3,baldwinian,27,300,train,50,1.02,10,10,66.43315018402181,0.9166666666666666,0.5,364.0,80.0,51.0,310.0,90.0,16.0,0.0,0.0,47.0,2.0,7.0,22.0,22.0,3.0,0.0,0.0,0.0,0.0,7.0,22.0,0.0,0.0,0.0,0.0
C3_f0.7__baldwinian__s27,C3_f0.7__baldwinian,C3_f0.7,C3,baldwinian,27,350,train,50,0.96,12,12,93.27205278038114,0.8333333333333334,0.5,399.0,83.0,63.0,361.0,74.0,19.0,0.0,0.0,37.0,8.0,5.0,29.0,14.0,2.0,0.0,0.0,0.0,0.0,5.0,29.0,0.0,0.0,0.0,0.0
C3_f0.7__baldwinian__s27,C3_f0.7__baldwinian,C3_f0.7,C3,baldwinian,27,400,train,50,0.94,20,20,43.94085740200379,0.9166666666666666,0.5,424.0,56.0,53.0,314.0,73.0,13.0,0.0,0.0,50.0,3.0,12.0,29.0,24.0,5.0,0.0,0.0,0.0,0.0,12.0,29.0,0.0,0.0,0.0,0.0
C3_f0.7__baldwinian__s27,C3_f0.7__baldwinian,C3_f0.7,C3,baldwinian,27,450,train,50,1.04,17,17,115.25735995838434,0.7291666666666666,0.5,331.0,51.0,76.0,432.0,98.0,14.0,0.0,0.0,31.0,6.0,7.0,33.0,17.0,2.0,0.0,0.0,0.0,0.0,7.0,33.0,0.0,0.0,0.0,0.0
C3_f0.7__baldwinian__s27,C3_f0.7__baldwinian,C3_f0.7,C3,baldwinian,27,500,train,46,1.4130434782608696,17,21,123.9788691702433,0.6875,0.5,429.0,74.0,74.0,438.0,21.0,5.0,0.0,0.0,31.0,4.0,9.0,37.0,9.0,3.0,0.0,0.0,0.0,0.0,9.0,37.0,0.0,0.0,0.0,0.0
C3_f0.7__baldwinian__s27,C3_f0.7__baldwinian,C3_f0.7,C3,baldwinian,27,550,train,50,1.86,25,21,94.16495641692882,0.8125,0.5,253.0,35.0,66.0,319.0,98.0,12.0,0.0,0.0,34.0,4.0,13.0,30.0,24.0,2.0,0.0,0.0,0.0,0.0,13.0,30.0,0.0,0.0,0.0,0.0
C3_f0.7__baldwinian__s27,C3_f0.7__baldwinian,C3_f0.7,C3,baldwinian,27,600,train,50,2.02,19,19,89.87379117778522,0.8541666666666666,0.5,249.0,31.0,82.0,439.0,73.0,8.0,0.0,0.0,36.0,2.0,10.0,31.0,22.0,3.0,0.0,0.0,0.0,0.0,10.0,31.0,0.0,0.0,0.0,0.0
C3_f0.7__baldwinian__s27,C3_f0.7__baldwinian,C3_f0.7,C3,baldwinian,27,650,train,50,1.98,15,15,55.72735449348613,0.9166666666666666,0.5,367.0,60.0,64.0,308.0,73.0,10.0,0.0,0.0,53.0,6.0,13.0,19.0,21.0,3.0,0.0,0.0,0.0,0.0,13.0,19.0,0.0,0.0,0.0,0.0
C3_f0.7__baldwinian__s27,C3_f0.7__baldwinian,C3_f0.7,C3,baldwinian,27,700,train,50,2.04,17,17,102.06348910524156,0.75,0.5,377.0,72.0,56.0,303.0,140.0,24.0,0.0,0.0,44.0,4.0,8.0,24.0,15.0,1.0,0.0,0.0,0.0,0.0,8.0,24.0,0.0,0.0,0.0,0.0
C3_f0.7__baldwinian__s27,C3_f0.7__baldwinian,C3_f0.7,C3,baldwinian,27,750,train,50,2.1,12,12,77.54091599858009,0.8125,0.5,444.0,75.0,56.0,326.0,80.0,17.0,0.0,0.0,51.0,5.0,7.0,22.0,14.0,5.0,0.0,0.0,0.0,0.0,7.0,22.0,0.0,0.0,0.0,0.0
C3_f0.7__baldwinian__s27,C3_f0.7__baldwinian,C3_f0.7,C3,baldwinian,27,800,train,50,2.28,18,18,70.23731621106533,0.8541666666666666,0.5,365.0,67.0,63.0,374.0,115.0,23.0,0.0,0.0,52.0,5.0,4.0,24.0,18.0,1.0,0.0,0.0,0.0,0.0,4.0,24.0,0.0,0.0,0.0,0.0
C3_f0.7__baldwinian__s27,C3_f0.7__baldwinian,C3_f0.7,C3,baldwinian,27,850,train,50,2.38,14,14,72.35952371730437,0.875,0.5,287.0,60.0,46.0,314.0,97.0,15.0,0.0,0.0,36.0,8.0,7.0,28.0,17.0,1.0,0.0,0.0,0.0,0.0,7.0,28.0,0.0,0.0,0.0,0.0
C3_f0.7__baldwinian__s27,C3_f0.7__baldwinian,C3_f0.7,C3,baldwinian,27,900,train,50,2.52,17,17,91.84501555315413,0.8125,0.5,307.0,62.0,56.0,282.0,149.0,24.0,0.0,0.0,43.0,8.0,10.0,23.0,23.0,0.0,0.0,0.0,0.0,0.0,10.0,23.0,0.0,0.0,0.0,0.0
C3_f0.7__baldwinian__s27,C3_f0.7__baldwinian,C3_f0.7,C3,baldwinian,27,950,train,50,2.72,14,14,136.70210282269298,0.6875,0.5,415.0,76.0,71.0,378.0,109.0,24.0,0.0,0.0,43.0,5.0,8.0,16.0,15.0,2.0,0.0,0.0,0.0,0.0,8.0,16.0,0.0,0.0,0.0,0.0
C3_f0.7__baldwinian__s27,C3_f0.7__baldwinian,C3_f0.7,C3,baldwinian,27,1000,train,50,2.86,10,10,71.19724624615054,0.875,0.5,326.0,41.0,64.0,347.0,116.0,29.0,0.0,0.0,53.0,3.0,15.0,24.0,23.0,2.0,0.0,0.0,0.0,0.0,15.0,24.0,0.0,0.0,0.0,0.0
C3_f0.7__baldwinian__s27,C3_f0.7__baldwinian,C3_f0.7,C3,baldwinian,27,1050,train,50,3.12,24,24,112.80834530320104,0.7083333333333334,0.5,321.0,60.0,51.0,283.0,111.0,19.0,0.0,0.0,36.0,5.0,9.0,23.0,20.0,0.0,0.0,0.0,0.0,0.0,9.0,23.0,0.0,0.0,0.0,0.0
C3_f0.7__baldwinian__s27,C3_f0.7__baldwinian,C3_f0.7,C3,baldwinian,27,1100,train,50,3.2,13,13,65.82309655064505,0.8958333333333334,0.5,361.0,57.0,74.0,383.0,148.0,25.0,0.0,0.0,57.0,5.0,9.0,24.0,20.0,3.0,0.0,0.0,0.0,0.0,9.0,24.0,0.0,0.0,0.0,0.0
C3_f0.7__baldwinian__s27,C3_f0.7__baldwinian,C3_f0.7,C3,baldwinian,27,1150,train,49,3.4489795918367347,25,26,84.60857361104806,0.8333333333333334,0.5,167.0,35.0,80.0,329.0,32.0,4.0,0.0,0.0,28.0,5.0,14.0,28.0,5.0,3.0,0.0,0.0,0.0,0.0,14.0,28.0,0.0,0.0,0.0,0.0
C3_f0.7__baldwinian__s27,C3_f0.7__baldwinian,C3_f0.7,C3,baldwinian,27,1200,train,50,3.68,24,23,95.08251909293878,0.7291666666666666,0.5,345.0,65.0,58.0,365.0,131.0,31.0,0.0,0.0,22.0,4.0,7.0,43.0,7.0,5.0,0.0,0.0,0.0,0.0,7.0,43.0,0.0,0.0,0.0,0.0
C3_f0.7__baldwinian__s27,C3_f0.7__baldwinian,C3_f0.7,C3,baldwinian,27,1250,train,50,3.7,12,12,72.10011748373057,0.875,0.5,378.0,58.0,96.0,548.0,183.0,38.0,0.0,0.0,42.0,2.0,8.0,31.0,23.0,5.0,0.0,0.0,0.0,0.0,8.0,31.0,0.0,0.0,0.0,0.0
C3_f0.7__baldwinian__s27,C3_f0.7__baldwinian,C3_f0.7,C3,baldwinian,27,1300,train,50,3.84,8,8,98.60066295857047,0.75,0.5,452.0,79.0,66.0,399.0,174.0,33.0,0.0,0.0,39.0,7.0,8.0,17.0,15.0,2.0,0.0,0.0,0.0,0.0,8.0,17.0,0.0,0.0,0.0,0.0
C3_f0.7__baldwinian__s27,C3_f0.7__baldwinian,C3_f0.7,C3,baldwinian,27,1350,train,50,3.9,8,8,116.86916826322101,0.6666666666666666,0.5,460.0,80.0,55.0,375.0,188.0,34.0,0.0,0.0,40.0,9.0,6.0,23.0,19.0,4.0,0.0,0.0,0.0,0.0,6.0,23.0,0.0,0.0,0.0,0.0
C3_f0.7__baldwinian__s27,C3_f0.7__baldwinian,C3_f0.7,C3,baldwinian,27,1400,train,50,4.06,12,12,70.12829500647769,0.875,0.5,429.0,51.0,62.0,394.0,168.0,32.0,0.0,0.0,47.0,3.0,11.0,25.0,18.0,4.0,0.0,0.0,0.0,0.0,11.0,25.0,0.0,0.0,0.0,0.0
C3_f0.7__baldwinian__s27,C3_f0.7__baldwinian,C3_f0.7,C3,baldwinian,27,1450,train,50,4.16,13,13,97.11116464318529,0.7916666666666666,0.5,390.0,71.0,83.0,437.0,100.0,15.0,0.0,0.0,28.0,7.0,15.0,27.0,18.0,1.0,0.0,0.0,0.0,0.0,15.0,27.0,0.0,0.0,0.0,0.0
C3_f0.7__baldwinian__s27,C3_f0.7__baldwinian,C3_f0.7,C3,baldwinian,27,1500,train,50,4.22,14,14,76.67643715111456,0.8541666666666666,0.5,380.0,63.0,55.0,271.0,73.0,14.0,0.0,0.0,56.0,5.0,13.0,18.0,26.0,2.0,0.0,0.0,0.0,0.0,13.0,18.0,0.0,0.0,0.0,0.0
C3_f0.7__baldwinian__s27,C3_f0.7__baldwinian,C3_f0.7,C3,baldwinian,27,1550,eval,50,4.38,25,25,102.05668346364644,0.7708333333333334,0.5,336.0,61.0,61.0,379.0,52.0,5.0,11.0,45.0,38.0,5.0,4.0,31.0,9.0,1.0,2.0,2.0,0.0,0.0,4.0,31.0,0.0,0.0,2.0,2.0
C3_f0.7__baldwinian__s27,C3_f0.7__baldwinian,C3_f0.7,C3,baldwinian,27,1600,eval,50,4.52,21,21,165.27629022442713,0.625,0.5,346.0,52.0,65.0,426.0,36.0,9.0,7.0,58.0,25.0,6.0,12.0,33.0,10.0,1.0,0.0,1.0,0.0,0.0,12.0,33.0,0.0,0.0,0.0,1.0
C3_f0.7__baldwinian__s27,C3_f0.7__baldwinian,C3_f0.7,C3,baldwinian,27,1650,eval,50,4.56,15,15,221.0004965812079,0.5,0.5,467.0,90.0,68.0,409.0,56.0,7.0,7.0,42.0,32.0,1.0,10.0,17.0,7.0,0.0,2.0,8.0,0.0,0.0,10.0,17.0,0.0,0.0,2.0,8.0
C3_f0.7__baldwinian__s27,C3_f0.7__baldwinian,C3_f0.7,C3,baldwinian,27,1700,eval,50,4.82,10,10,237.0720121554844,0.4166666666666667,0.5,289.0,52.0,64.0,411.0,24.0,4.0,6.0,59.0,24.0,3.0,3.0,22.0,1.0,0.0,0.0,5.0,0.0,0.0,3.0,22.0,0.0,0.0,0.0,5.0
C3_f0.7__baldwinian__s27,C3_f0.7__baldwinian,C3_f0.7,C3,baldwinian,27,1750,eval,50,4.92,10,10,208.975702528513,0.5416666666666666,0.5,400.0,81.0,55.0,419.0,21.0,7.0,6.0,38.0,23.0,7.0,4.0,22.0,2.0,0.0,0.0,6.0,0.0,0.0,4.0,22.0,0.0,0.0,0.0,6.0
C3_f0.7__baldwinian__s27,C3_f0.7__baldwinian,C3_f0.7,C3,baldwinian,27,1800,eval,50,4.98,9,9,224.29773262122222,0.4583333333333333,0.5,461.0,91.0,71.0,424.0,27.0,2.0,15.0,65.0,23.0,6.0,9.0,26.0,1.0,0.0,1.0,0.0,0.0,0.0,9.0,26.0,0.0,0.0,1.0,0.0
C3_f0.7__baldwinian__s28,C3_f0.7__baldwinian,C3_f0.7,C3,baldwinian,28,50,train,50,0.72,35,5,49.75823953433044,0.9375,0.5,199.0,37.0,39.0,213.0,59.0,5.0,0.0,0.0,50.0,7.0,11.0,43.0,14.0,1.0,0.0,0.0,0.0,0.0,11.0,43.0,0.0,0.0,0.0,0.0
C3_f0.7__baldwinian__s28,C3_f0.7__baldwinian,C3_f0.7,C3,baldwinian,28,100,train,50,0.84,14,14,74.14916756506517,0.8333333333333334,0.5,266.0,43.0,43.0,292.0,71.0,14.0,0.0,0.0,48.0,7.0,5.0,23.0,8.0,1.0,0.0,0.0,0.0,0.0,5.0,23.0,0.0,0.0,0.0,0.0
C3_f0.7__baldwinian__s28,C3_f0.7__baldwinian,C3_f0.7,C3,baldwinian,28,150,train,45,0.8444444444444444,17,22,97.32411261508418,0.7708333333333334,0.5,291.0,45.0,54.0,351.0,128.0,25.0,0.0,0.0,35.0,4.0,9.0,35.0,12.0,3.0,0.0,0.0,0.0,0.0,9.0,35.0,0.0,0.0,0.0,0.0
C3_f0.7__baldwinian__s28,C3_f0.7__baldwinian,C3_f0.7,C3,baldwinian,28,200,train,50,1.08,16,11,124.22374829416516,0.7916666666666666,0.5,420.0,64.0,68.0,407.0,83.0,20.0,0.0,0.0,54.0,5.0,7.0,25.0,18.0,2.0,0.0,0.0,0.0,0.0,7.0,25.0,0.0,0.0,0.0,0.0
C3_f0.7__baldwinian__s28,C3_f0.7__baldwinian,C3_f0.7,C3,baldwinian,28,250,train,50,1.14,16,16,64.06325085380573,0.8958333333333334,0.5,377.0,69.0,69.0,382.0,20.0,3.0,0.0,0.0,57.0,10.0,8.0,30.0,11.0,2.0,0.0,0.0,0.0,0.0,8.0,30.0,0.0,0.0,0.0,0.0
C3_f0.7__baldwinian__s28,C3_f0.7__baldwinian,C3_f0.7,C3,baldwinian,28,300,train,50,1.12,16,16,112.41920515719445,0.7916666666666666,0.5,354.0,59.0,76.0,400.0,48.0,10.0,0.0,0.0,43.0,4.0,9.0,26.0,10.0,1.0,0.0,0.0,0.0,0.0,9.0,26.0,0.0,0.0,0.0,0.0
C3_f0.7__baldwinian__s28,C3_f0.7__baldwinian,C3_f0.7,C3,baldwinian,28,350,train,50,1.14,18,18,72.36059784329228,0.7916666666666666,0.5,359.0,63.0,80.0,492.0,180.0,34.0,0.0,0.0,49.0,4.0,10.0,26.0,11.0,3.0,0.0,0.0,0.0,0.0,10.0,26.0,0.0,0.0,0.0,0.0
C3_f0.7__baldwinian__s28,C3_f0.7__baldwinian,C3_f0.7,C3,baldwinian,28,400,train,50,1.3,20,20,84.64584308490112,0.875,0.5,392.0,79.0,72.0,337.0,131.0,26.0,0.0,0.0,41.0,4.0,15.0,24.0,18.0,1.0,0.0,0.0,0.0,0.0,15.0,24.0,0.0,0.0,0.0,0.0
C3_f0.7__baldwinian__s28,C3_f0.7__baldwinian,C3_f0.7,C3,baldwinian,28,450,train,50,1.26,11,11,60.237016446333186,0.9166666666666666,0.5,417.0,76.0,72.0,492.0,72.0,12.0,0.0,0.0,58.0,7.0,10.0,31.0,12.0,2.0,0.0,0.0,0.0,0.0,10.0,31.0,0.0,0.0,0.0,0.0
C3_f0.7__baldwinian__s28,C3_f0.7__baldwinian,C3_f0.7,C3,baldwinian,28,500,train,49,1.6326530612244898,19,20,89.63255062291783,0.8333333333333334,0.5,439.0,69.0,86.0,439.0,34.0,4.0,0.0,0.0,37.0,5.0,9.0,18.0,16.0,0.0,0.0,0.0,0.0,0.0,9.0,18.0,0.0,0.0,0.0,0.0
C3_f0.7__baldwinian__s28,C3_f0.7__baldwinian,C3_f0.7,C3,baldwinian,28,550,train,50,1.8,19,18,129.74409551722698,0.7083333333333334,0.5,389.0,59.0,78.0,434.0,16.0,1.0,0.0,0.0,41.0,6.0,10.0,30.0,8.0,0.0,0.0,0.0,0.0,0.0,10.0,30.0,0.0,0.0,0.0,0.0
C3_f0.7__baldwinian__s28,C3_f0.7__baldwinian,C3_f0.7,C3,baldwinian,28,600,train,50,1.94,14,14,90.62512187645311,0.8125,0.5,331.0,56.0,53.0,330.0,122.0,22.0,0.0,0.0,42.0,3.0,5.0,26.0,20.0,1.0,0.0,0.0,0.0,0.0,5.0,26.0,0.0,0.0,0.0,0.0
C3_f0.7__baldwinian__s28,C3_f0.7__baldwinian,C3_f0.7,C3,baldwinian,28,650,train,50,2.14,17,17,59.754705813437724,0.8958333333333334,0.5,413.0,93.0,85.0,388.0,46.0,17.0,0.0,0.0,55.0,8.0,6.0,32.0,11.0,5.0,0.0,0.0,0.0,0.0,6.0,32.0,0.0,0.0,0.0,0.0
C3_f0.7__baldwinian__s28,C3_f0.7__baldwinian,C3_f0.7,C3,baldwinian,28,700,train,50,2.3,13,13,106.44472594179706,0.75,0.5,438.0,71.0,91.0,523.0,45.0,4.0,0.0,0.0,33.0,3.0,6.0,36.0,9.0,2.0,0.0,0.0,0.0,0.0,6.0,36.0,0.0,0.0,0.0,0.0
C3_f0.7__baldwinian__s28,C3_f0.7__baldwinian,C3_f0.7,C3,baldwinian,28,750,train,50,2.38,17,17,124.6738101594362,0.75,0.5,565.0,94.0,90.0,413.0,51.0,12.0,0.0,0.0,42.0,4.0,11.0,30.0,13.0,3.0,0.0,0.0,0.0,0.0,11.0,30.0,0.0,0.0,0.0,0.0
C3_f0.7__baldwinian__s28,C3_f0.7__baldwinian,C3_f0.7,C3,baldwinian,28,800,train,50,2.26,19,19,60.407485683524655,0.9375,0.5,502.0,73.0,91.0,475.0,22.0,7.0,0.0,0.0,46.0,7.0,20.0,28.0,8.0,4.0,0.0,0.0,0.0,0.0,20.0,28.0,0.0,0.0,0.0,0.0
C3_f0.7__baldwinian__s28,C3_f0.7__baldwinian,C3_f0.7,C3,baldwinian,28,850,train,50,2.18,17,17,97.5964245668435,0.75,0.5,450.0,74.0,95.0,497.0,79.0,15.0,0.0,0.0,29.0,4.0,10.0,32.0,15.0,5.0,0.0,0.0,0.0,0.0,10.0,32.0,0.0,0.0,0.0,0.0
C3_f0.7__baldwinian__s28,C3_f0.7__baldwinian,C3_f0.7,C3,baldwinian,28,900,train,50,2.42,18,18,124.79643280223517,0.7083333333333334,0.5,232.0,54.0,70.0,450.0,69.0,10.0,0.0,0.0,31.0,4.0,16.0,24.0,15.0,1.0,0.0,0.0,0.0,0.0,16.0,24.0,0.0,0.0,0.0,0.0
C3_f0.7__baldwinian__s28,C3_f0.7__baldwinian,C3_f0.7,C3,baldwinian,28,950,train,50,2.48,9,9,139.59362690178526,0.6041666666666666,0.5,437.0,68.0,83.0,502.0,122.0,18.0,0.0,0.0,34.0,5.0,3.0,25.0,10.0,1.0,0.0,0.0,0.0,0.0,3.0,25.0,0.0,0.0,0.0,0.0
C3_f0.7__baldwinian__s28,C3_f0.7__baldwinian,C3_f0.7,C3,baldwinian,28,1000,train,50,2.6,15,15,115.46739356588579,0.7291666666666666,0.5,453.0,73.0,104.0,567.0,122.0,20.0,0.0,0.0,35.0,8.0,6.0,33.0,11.0,2.0,0.0,0.0,0.0,0.0,6.0,33.0,0.0,0.0,0.0,0.0
C3_f0.7__baldwinian__s28,C3_f0.7__baldwinian,C3_f0.7,C3,baldwinian,28,1050,train,50,2.78,16,16,84.8018725426658,0.7291666666666666,0.5,483.0,90.0,60.0,408.0,197.0,30.0,0.0,0.0,50.0,6.0,8.0,27.0,12.0,1.0,0.0,0.0,0.0,0.0,8.0,27.0,0.0,0.0,0.0,0.0
C3_f0.7__baldwinian__s28,C3_f0.7__baldwinian,C3_f0.7,C3,baldwinian,28,1100,train,50,2.96,14,14,64.60516022643411,0.8958333333333334,0.5,291.0,46.0,63.0,404.0,101.0,18.0,0.0,0.0,48.0,3.0,12.0,22.0,18.0,0.0,0.0,0.0,0.0,0.0,12.0,22.0,0.0,0.0,0.0,0.0
C3_f0.7__baldwinian__s28,C3_f0.7__baldwinian,C3_f0.7,C3,baldwinian,28,1150,train,50,3.1,17,17,104.39120281464987,0.75,0.5,395.0,78.0,71.0,343.0,47.0,7.0,0.0,0.0,47.0,4.0,9.0,23.0,18.0,1.0,0.0,0.0,0.0,0.0,9.0,23.0,0.0,0.0,0.0,0.0
C3_f0.7__baldwinian__s28,C3_f0.7__baldwinian,C3_f0.7,C3,baldwinian,28,1200,train,50,3.06,18,18,124.12845807969552,0.7291666666666666,0.5,241.0,40.0,52.0,399.0,139.0,21.0,0.0,0.0,41.0,9.0,5.0,28.0,7.0,1.0,0.0,0.0,0.0,0.0,5.0,28.0,0.0,0.0,0.0,0.0
C3_f0.7__baldwinian__s28,C3_f0.7__baldwinian,C3_f0.7,C3,baldwinian,28,1250,train,50,3.14,18,18,77.64604106746053,0.7916666666666666,0.5,331.0,50.0,77.0,407.0,67.0,14.0,0.0,0.0,33.0,6.0,7.0,42.0,16.0,2.0,0.0,0.0,0.0,0.0,7.0,42.0,0.0,0.0,0.0,0.0
C3_f0.7__baldwinian__s28,C3_f0.7__baldwinian,C3_f0.7,C3,baldwinian,28,1300,train,50,3.08,25,25,113.91853190490198,0.75,0.5,373.0,62.0,60.0,315.0,39.0,4.0,0.0,0.0,46.0,7.0,14.0,25.0,13.0,3.0,0.0,0.0,0.0,0.0,14.0,25.0,0.0,0.0,0.0,0.0
C3_f0.7__baldwinian__s28,C3_f0.7__baldwinian,C3_f0.7,C3,baldwinian,28,1350,train,50,3.18,15,15,101.43341132291175,0.7083333333333334,0.5,479.0,93.0,51.0,294.0,48.0,10.0,0.0,0.0,34.0,4.0,11.0,26.0,18.0,3.0,0.0,0.0,0.0,0.0,11.0,26.0,0.0,0.0,0.0,0.0
C3_f0.7__baldwinian__s28,C3_f0.7__baldwinian,C3_f0.7,C3,baldwinian,28,1400,train,50,3.4,13,13,128.74682162799851,0.6875,0.5,495.0,69.0,96.0,469.0,33.0,7.0,0.0,0.0,38.0,7.0,11.0,17.0,14.0,4.0,0.0,0.0,0.0,0.0,11.0,17.0,0.0,0.0,0.0,0.0
C3_f0.7__baldwinian__s28,C3_f0.7__baldwinian,C3_f0.7,C3,baldwinian,28,1450,train,50,3.56,10,10,60.566426499837284,0.8958333333333334,0.5,468.0,101.0,85.0,446.0,68.0,13.0,0.0,0.0,62.0,7.0,10.0,19.0,10.0,1.0,0.0,0.0,0.0,0.0,10.0,19.0,0.0,0.0,0.0,0.0
C3_f0.7__baldwinian__s28,C3_f0.7__baldwinian,C3_f0.7,C3,baldwinian,28,1500,train,50,3.8,13,13,124.26521777672687,0.6875,0.5,372.0,70.0,59.0,370.0,32.0,4.0,0.0,0.0,34.0,10.0,4.0,33.0,12.0,2.0,0.0,0.0,0.0,0.0,4.0,33.0,0.0,0.0,0.0,0.0
C3_f0.7__baldwinian__s28,C3_f0.7__baldwinian,C3_f0.7,C3,baldwinian,28,1550,eval,50,3.86,23,23,116.79674109307733,0.7083333333333334,0.5,447.0,87.0,79.0,408.0,10.0,1.0,1.0,17.0,42.0,5.0,11.0,20.0,3.0,0.0,0.0,7.0,0.0,0.0,11.0,20.0,0.0,0.0,0.0,7.0
C3_f0.7__baldwinian__s28,C3_f0.7__baldwinian,C3_f0.7,C3,baldwinian,28,1600,eval,50,3.86,9,9,99.94521308318069,0.7291666666666666,0.5,498.0,89.0,84.0,501.0,32.0,4.0,14.0,53.0,36.0,15.0,10.0,23.0,5.0,0.0,2.0,9.0,0.0,0.0,10.0,23.0,0.0,0.0,2.0,9.0
C3_f0.7__baldwinian__s28,C3_f0.7__baldwinian,C3_f0.7,C3,baldwinian,28,1650,eval,50,4.08,19,19,114.27011532038418,0.8125,0.5,555.0,92.0,76.0,465.0,59.0,10.0,8.0,32.0,44.0,6.0,6.0,19.0,9.0,0.0,5.0,4.0,0.0,0.0,6.0,19.0,0.0,0.0,5.0,4.0
C3_f0.7__baldwinian__s28,C3_f0.7__baldwinian,C3_f0.7,C3,baldwinian,28,1700,eval,50,4.06,14,14,165.58841502920336,0.5833333333333334,0.5,520.0,107.0,77.0,537.0,43.0,6.0,6.0,21.0,42.0,2.0,4.0,37.0,0.0,0.0,4.0,2.0,0.0,0.0,4.0,37.0,0.0,0.0,4.0,2.0
C3_f0.7__baldwinian__s28,C3_f0.7__baldwinian,C3_f0.7,C3,baldwinian,28,1750,eval,50,4.18,12,12,152.10366776819387,0.6666666666666666,0.5,580.0,79.0,85.0,527.0,46.0,15.0,4.0,33.0,57.0,4.0,8.0,23.0,6.0,5.0,1.0,5.0,0.0,0.0,8.0,23.0,0.0,0.0,1.0,5.0
C3_f0.7__baldwinian__s28,C3_f0.7__baldwinian,C3_f0.7,C3,baldwinian,28,1800,eval,50,4.34,18,18,189.33782023338344,0.5208333333333334,0.5,550.0,90.0,75.0,429.0,21.0,4.0,16.0,75.0,38.0,8.0,4.0,31.0,7.0,0.0,3.0,6.0,0.0,0.0,4.0,31.0,0.0,0.0,3.0,6.0
C3_f0.7__baldwinian__s29,C3_f0.7__baldwinian,C3_f0.7,C3,baldwinian,29,50,train,50,0.68,31,1,55.022504829675476,0.875,0.5,221.0,33.0,39.0,228.0,88.0,18.0,0.0,0.0,43.0,8.0,7.0,40.0,24.0,3.0,0.0,0.0,0.0,0.0,7.0,40.0,0.0,0.0,0.0,0.0
C3_f0.7__baldwinian__s29,C3_f0.7__baldwinian,C3_f0.7,C3,baldwinian,29,100,train,50,0.72,7,7,70.16303344830847,0.9583333333333334,0.5,288.0,45.0,35.0,224.0,95.0,14.0,0.0,0.0,47.0,6.0,5.0,16.0,23.0,0.0,0.0,0.0,0.0,0.0,5.0,16.0,0.0,0.0,0.0,0.0
C3_f0.7__baldwinian__s29,C3_f0.7__baldwinian,C3_f0.7,C3,baldwinian,29,150,train,50,0.88,15,15,77.98127301695276,0.8125,0.5,374.0,67.0,54.0,283.0,79.0,11.0,0.0,0.0,49.0,7.0,9.0,20.0,20.0,0.0,0.0,0.0,0.0,0.0,9.0,20.0,0.0,0.0,0.0,0.0
C3_f0.7__baldwinian__s29,C3_f0.7__baldwinian,C3_f0.7,C3,baldwinian,29,200,train,50,1.18,21,21,67.68000299616043,0.875,0.5,347.0,47.0,57.0,409.0,42.0,8.0,0.0,0.0,43.0,6.0,14.0,38.0,12.0,3.0,0.0,0.0,0.0,0.0,14.0,38.0,0.0,0.0,0.0,0.0
C3_f0.7__baldwinian__s29,C3_f0.7__baldwinian,C3_f0.7,C3,baldwinian,29,250,train,50,1.56,19,19,87.56410976735917,0.8333333333333334,0.5,290.0,49.0,45.0,336.0,104.0,25.0,0.0,0.0,33.0,3.0,7.0,26.0,25.0,2.0,0.0,0.0,0.0,0.0,7.0,26.0,0.0,0.0,0.0,0.0
C3_f0.7__baldwinian__s29,C3_f0.7__baldwinian,C3_f0.7,C3,baldwinian,29,300,train,50,1.62,19,19,72.08534367744548,0.875,0.5,314.0,52.0,64.0,384.0,130.0,23.0,0.0,0.0,35.0,6.0,13.0,30.0,20.0,4.0,0.0,0.0,0.0,0.0,13.0,30.0,0.0,0.0,0.0,0.0
C3_f0.7__baldwinian__s29,C3_f0.7__baldwinian,C3_f0.7,C3,baldwinian,29,350,train,50,1.52,19,19,84.08116117957762,0.8125,0.5,325.0,65.0,99.0,462.0,78.0,14.0,0.0,0.0,45.0,4.0,7.0,33.0,17.0,1.0,0.0,0.0,0.0,0.0,7.0,33.0,0.0,0.0,0.0,0.0
C3_f0.7__baldwinian__s29,C3_f0.7__baldwinian,C3_f0.7,C3,baldwinian,29,400,train,50,1.62,17,17,53.23772059466525,0.9375,0.5,364.0,65.0,74.0,392.0,159.0,33.0,0.0,0.0,49.0,2.0,7.0,26.0,26.0,6.0,0.0,0.0,0.0,0.0,7.0,26.0,0.0,0.0,0.0,0.0
C3_f0.7__baldwinian__s29,C3_f0.7__baldwinian,C3_f0.7,C3,baldwinian,29,450,train,50,1.62,13,13,137.3273089597138,0.75,0.5,321.0,74.0,56.0,362.0,135.0,13.0,0.0,0.0,31.0,11.0,6.0,21.0,24.0,1.0,0.0,0.0,0.0,0.0,6.0,21.0,0.0,0.0,0.0,0.0
C3_f0.7__baldwinian__s29,C3_f0.7__baldwinian,C3_f0.7,C3,baldwinian,29,500,train,48,1.9166666666666667,18,20,103.39439012164283,0.8125,0.5,350.0,62.0,66.0,357.0,64.0,13.0,0.0,0.0,35.0,7.0,7.0,30.0,15.0,1.0,0.0,0.0,0.0,0.0,7.0,30.0,0.0,0.0,0.0,0.0
C3_f0.7__baldwinian__s29,C3_f0.7__baldwinian,C3_f0.7,C3,baldwinian,29,550,train,50,2.36,20,18,56.14149812626634,0.9375,0.5,438.0,73.0,92.0,400.0,147.0,20.0,0.0,0.0,44.0,4.0,8.0,27.0,29.0,2.0,0.0,0.0,0.0,0.0,8.0,27.0,0.0,0.0,0.0,0.0
C3_f0.7__baldwinian__s29,C3_f0.7__baldwinian,C3_f0.7,C3,baldwinian,29,600,train,50,2.34,19,19,71.65960519568691,0.8541666666666666,0.5,334.0,37.0,54.0,413.0,149.0,22.0,0.0,0.0,35.0,2.0,8.0,32.0,17.0,3.0,0.0,0.0,0.0,0.0,8.0,32.0,0.0,0.0,0.0,0.0
C3_f0.7__baldwinian__s29,C3_f0.7__baldwinian,C3_f0.7,C3,baldwinian,29,650,train,50,2.34,15,15,93.96162117972315,0.7916666666666666,0.5,347.0,52.0,70.0,364.0,161.0,36.0,0.0,0.0,38.0,6.0,8.0,23.0,18.0,3.0,0.0,0.0,0.0,0.0,8.0,23.0,0.0,0.0,0.0,0.0
C3_f0.7__baldwinian__s29,C3_f0.7__baldwinian,C3_f0.7,C3,baldwinian,29,700,train,50,2.36,16,16,64.77105611057536,0.9166666666666666,0.5,299.0,56.0,56.0,311.0,151.0,36.0,0.0,0.0,47.0,5.0,5.0,18.0,20.0,4.0,0.0,0.0,0.0,0.0,5.0,18.0,0.0,0.0,0.0,0.0
C3_f0.7__baldwinian__s29,C3_f0.7__baldwinian,C3_f0.7,C3,baldwinian,29,750,train,50,2.34,13,13,74.8528532487953,0.8541666666666666,0.5,323.0,61.0,67.0,358.0,155.0,24.0,0.0,0.0,35.0,4.0,4.0,28.0,14.0,4.0,0.0,0.0,0.0,0.0,4.0,28.0,0.0,0.0,0.0,0.0
C3_f0.7__baldwinian__s29,C3_f0.7__baldwinian,C3_f0.7,C3,baldwinian,29,800,train,50,2.46,15,15,82.67851813609562,0.8333333333333334,0.5,516.0,73.0,81.0,442.0,139.0,27.0,0.0,0.0,40.0,1.0,11.0,19.0,18.0,4.0,0.0,0.0,0.0,0.0,11.0,19.0,0.0,0.0,0.0,0.0
C3_f0.7__baldwinian__s29,C3_f0.7__baldwinian,C3_f0.7,C3,baldwinian,29,850,train,50,2.56,17,17,98.1704285408369,0.7916666666666666,0.5,394.0,70.0,67.0,365.0,120.0,32.0,0.0,0.0,44.0,3.0,8.0,29.0,23.0,6.0,0.0,0.0,0.0,0.0,8.0,29.0,0.0,0.0,0.0,0.0
C3_f0.7__baldwinian__s29,C3_f0.7__baldwinian,C3_f0.7,C3,baldwinian,29,900,train,50,2.94,15,15,86.53270981439044,0.8541666666666666,0.5,325.0,72.0,42.0,244.0,106.0,20.0,0.0,0.0,48.0,3.0,4.0,18.0,21.0,4.0,0.0,0.0,0.0,0.0,4.0,18.0,0.0,0.0,0.0,0.0
C3_f0.7__baldwinian__s29,C3_f0.7__baldwinian,C3_f0.7,C3,baldwinian,29,950,train,50,3.3,15,15,88.60235180156201,0.8333333333333334,0.5,309.0,38.0,56.0,343.0,132.0,25.0,0.0,0.0,39.0,0.0,10.0,30.0,28.0,0.0,0.0,0.0,0.0,0.0,10.0,30.0,0.0,0.0,0.0,0.0
C3_f0.7__baldwinian__s29,C3_f0.7__baldwinian,C3_f0.7,C3,baldwinian,29,1000,train,50,3.46,13,13,53.89008619355978,0.9166666666666666,0.5,347.0,63.0,64.0,384.0,189.0,35.0,0.0,0.0,47.0,8.0,8.0,21.0,25.0,5.0,0.0,0.0,0.0,0.0,8.0,21.0,0.0,0.0,0.0,0.0
C3_f0.7__baldwinian__s29,C3_f0.7__baldwinian,C3_f0.7,C3,baldwinian,29,1050,train,50,3.26,23,23,70.14657913087615,0.8333333333333334,0.5,371.0,63.0,49.0,263.0,75.0,17.0,0.0,0.0,45.0,2.0,6.0,23.0,14.0,5.0,0.0,0.0,0.0,0.0,6.0,23.0,0.0,0.0,0.0,0.0
C3_f0.7__baldwinian__s29,C3_f0.7__baldwinian,C3_f0.7,C3,baldwinian,29,1100,train,50,3.32,16,16,128.35709844905853,0.75,0.5,208.0,33.0,88.0,478.0,92.0,10.0,0.0,0.0,36.0,3.0,12.0,25.0,16.0,1.0,0.0,0.0,0.0,0.0,12.0,25.0,0.0,0.0,0.0,0.0
C3_f0.7__baldwinian__s29,C3_f0.7__baldwinian,C3_f0.7,C3,baldwinian,29,1150,train,50,3.3,11,11,40.851484812002475,0.9791666666666666,0.5,398.0,73.0,62.0,315.0,124.0,11.0,0.0,0.0,54.0,8.0,11.0,20.0,23.0,0.0,0.0,0.0,0.0,0.0,11.0,20.0,0.0,0.0,0.0,0.0
C3_f0.7__baldwinian__s29,C3_f0.7__baldwinian,C3_f0.7,C3,baldwinian,29,1200,train,50,3.36,21,21,82.14221294924046,0.8125,0.5,231.0,38.0,59.0,368.0,97.0,17.0,0.0,0.0,30.0,3.0,6.0,25.0,22.0,3.0,0.0,0.0,0.0,0.0,6.0,25.0,0.0,0.0,0.0,0.0
C3_f0.7__baldwinian__s29,C3_f0.7__baldwinian,C3_f0.7,C3,baldwinian,29,1250,train,50,3.46,22,22,84.43282522247989,0.8125,0.5,286.0,56.0,79.0,421.0,96.0,21.0,0.0,0.0,46.0,5.0,8.0,33.0,17.0,1.0,0.0,0.0,0.0,0.0,8.0,33.0,0.0,0.0,0.0,0.0
C3_f0.7__baldwinian__s29,C3_f0.7__baldwinian,C3_f0.7,C3,baldwinian,29,1300,train,50,3.56,20,20,104.8267149601298,0.7291666666666666,0.5,339.0,51.0,66.0,386.0,44.0,14.0,0.0,0.0,27.0,5.0,6.0,31.0,17.0,1.0,0.0,0.0,0.0,0.0,6.0,31.0,0.0,0.0,0.0,0.0
C3_f0.7__baldwinian__s29,C3_f0.7__baldwinian,C3_f0.7,C3,baldwinian,29,1350,train,50,3.8,19,19,72.5831509231725,0.8541666666666666,0.5,432.0,78.0,65.0,412.0,152.0,14.0,0.0,0.0,43.0,10.0,10.0,25.0,19.0,2.0,0.0,0.0,0.0,0.0,10.0,25.0,0.0,0.0,0.0,0.0
C3_f0.7__baldwinian__s29,C3_f0.7__baldwinian,C3_f0.7,C3,baldwinian,29,1400,train,50,3.84,13,13,117.39756778270535,0.7708333333333334,0.5,380.0,67.0,47.0,317.0,149.0,20.0,0.0,0.0,38.0,8.0,7.0,16.0,19.0,2.0,0.0,0.0,0.0,0.0,7.0,16.0,0.0,0.0,0.0,0.0
C3_f0.7__baldwinian__s29,C3_f0.7__baldwinian,C3_f0.7,C3,baldwinian,29,1450,train,50,4.08,20,20,83.96569418771523,0.8125,0.5,522.0,74.0,85.0,535.0,173.0,28.0,0.0,0.0,36.0,5.0,7.0,27.0,22.0,5.0,0.0,0.0,0.0,0.0,7.0,27.0,0.0,0.0,0.0,0.0
C3_f0.7__baldwinian__s29,C3_f0.7__baldwinian,C3_f0.7,C3,baldwinian,29,1500,train,50,4.1,10,10,53.96640605292643,0.9583333333333334,0.5,476.0,76.0,56.0,357.0,76.0,11.0,0.0,0.0,46.0,7.0,8.0,25.0,22.0,1.0,0.0,0.0,0.0,0.0,8.0,25.0,0.0,0.0,0.0,0.0
C3_f0.7__baldwinian__s29,C3_f0.7__baldwinian,C3_f0.7,C3,baldwinian,29,1550,eval,50,4.22,15,15,71.90817400687496,0.875,0.5,393.0,78.0,79.0,374.0,106.0,12.0,6.0,17.0,48.0,3.0,14.0,16.0,17.0,1.0,1.0,5.0,0.0,0.0,14.0,16.0,0.0,0.0,1.0,5.0
C3_f0.7__baldwinian__s29,C3_f0.7__baldwinian,C3_f0.7,C3,baldwinian,29,1600,eval,50,4.2,15,15,136.67166684304536,0.6666666666666666,0.5,380.0,61.0,54.0,335.0,66.0,16.0,7.0,43.0,27.0,5.0,7.0,26.0,11.0,3.0,1.0,6.0,0.0,0.0,7.0,26.0,0.0,0.0,1.0,6.0
C3_f0.7__baldwinian__s29,C3_f0.7__baldwinian,C3_f0.7,C3,baldwinian,29,1650,eval,50,4.36,23,23,96.92724453184101,0.7291666666666666,0.5,342.0,64.0,74.0,400.0,84.0,13.0,9.0,46.0,31.0,7.0,13.0,26.0,10.0,0.0,0.0,8.0,0.0,0.0,13.0,26.0,0.0,0.0,0.0,8.0
C3_f0.7__baldwinian__s29,C3_f0.7__baldwinian,C3_f0.7,C3,baldwinian,29,1700,eval,50,4.56,17,17,121.66543114066215,0.625,0.5,274.0,49.0,71.0,404.0,50.0,15.0,21.0,107.0,27.0,3.0,5.0,19.0,4.0,1.0,3.0,13.0,0.0,0.0,5.0,19.0,0.0,0.0,3.0,13.0
C3_f0.7__baldwinian__s29,C3_f0.7__baldwinian,C3_f0.7,C3,baldwinian,29,1750,eval,50,4.64,21,21,141.53080636143872,0.6875,0.5,299.0,76.0,69.0,376.0,16.0,6.0,13.0,64.0,28.0,8.0,9.0,22.0,3.0,1.0,0.0,4.0,0.0,0.0,9.0,22.0,0.0,0.0,0.0,4.0
C3_f0.7__baldwinian__s29,C3_f0.7__baldwinian,C3_f0.7,C3,baldwinian,29,1800,eval,50,4.94,16,16,162.14772833663247,0.5416666666666666,0.5,410.0,76.0,45.0,232.0,21.0,8.0,8.0,54.0,27.0,4.0,9.0,12.0,8.0,1.0,4.0,11.0,0.0,0.0,9.0,12.0,0.0,0.0,4.0,11.0
C3_f0.7__baldwinian__s30,C3_f0.7__baldwinian,C3_f0.7,C3,baldwinian,30,50,train,50,0.74,31,1,108.37871047087933,0.75,0.5,152.0,18.0,41.0,268.0,84.0,22.0,0.0,0.0,38.0,4.0,8.0,32.0,18.0,6.0,0.0,0.0,0.0,0.0,8.0,32.0,0.0,0.0,0.0,0.0
C3_f0.7__baldwinian__s30,C3_f0.7__baldwinian,C3_f0.7,C3,baldwinian,30,100,train,50,0.76,13,13,79.77297910894043,0.7916666666666666,0.5,321.0,55.0,39.0,214.0,48.0,12.0,0.0,0.0,44.0,4.0,3.0,29.0,13.0,2.0,0.0,0.0,0.0,0.0,3.0,29.0,0.0,0.0,0.0,0.0
C3_f0.7__baldwinian__s30,C3_f0.7__baldwinian,C3_f0.7,C3,baldwinian,30,150,train,50,0.82,17,17,126.38533390044219,0.7708333333333334,0.5,361.0,55.0,57.0,352.0,83.0,14.0,0.0,0.0,29.0,5.0,8.0,20.0,23.0,5.0,0.0,0.0,0.0,0.0,8.0,20.0,0.0,0.0,0.0,0.0
C3_f0.7__baldwinian__s30,C3_f0.7__baldwinian,C3_f0.7,C3,baldwinian,30,200,train,50,0.94,12,12,80.77378129248473,0.8333333333333334,0.5,411.0,79.0,77.0,374.0,82.0,16.0,0.0,0.0,41.0,8.0,10.0,36.0,19.0,3.0,0.0,0.0,0.0,0.0,10.0,36.0,0.0,0.0,0.0,0.0
C3_f0.7__baldwinian__s30,C3_f0.7__baldwinian,C3_f0.7,C3,baldwinian,30,250,train,50,1.0,17,17,97.16735678012869,0.8125,0.5,431.0,65.0,79.0,417.0,32.0,5.0,0.0,0.0,45.0,6.0,13.0,26.0,17.0,1.0,0.0,0.0,0.0,0.0,13.0,26.0,0.0,0.0,0.0,0.0
C3_f0.7__baldwinian__s30,C3_f0.7__baldwinian,C3_f0.7,C3,baldwinian,30,300,train,50,1.0,12,12,75.59790832499279,0.8541666666666666,0.5,317.0,48.0,100.0,453.0,49.0,13.0,0.0,0.0,42.0,2.0,5.0,31.0,18.0,3.0,0.0,0.0,0.0,0.0,5.0,31.0,0.0,0.0,0.0,0.0
C3_f0.7__baldwinian__s30,C3_f0.7__baldwinian,C3_f0.7,C3,baldwinian,30,350,train,50,0.92,17,17,66.9727008590639,0.8958333333333334,0.5,442.0,77.0,59.0,347.0,59.0,12.0,0.0,0.0,44.0,5.0,8.0,25.0,22.0,3.0,0.0,0.0,0.0,0.0,8.0,25.0,0.0,0.0,0.0,0.0
C3_f0.7__baldwinian__s30,C3_f0.7__baldwinian,C3_f0.7,C3,baldwinian,30,400,train,50,0.94,15,15,101.19109246850056,0.7916666666666666,0.5,396.0,69.0,68.0,382.0,40.0,7.0,0.0,0.0,44.0,2.0,10.0,24.0,18.0,2.0,0.0,0.0,0.0,0.0,10.0,24.0,0.0,0.0,0.0,0.0
C3_f0.7__baldwinian__s30,C3_f0.7__baldwinian,C3_f0.7,C3,baldwinian,30,450,train,50,0.98,19,19,132.27865343682402,0.75,0.5,315.0,70.0,52.0,364.0,117.0,19.0,0.0,0.0,30.0,13.0,7.0,30.0,23.0,1.0,0.0,0.0,0.0,0.0,7.0,30.0,0.0,0.0,0.0,0.0
C3_f0.7__baldwinian__s30,C3_f0.7__baldwinian,C3_f0.7,C3,baldwinian,30,500,train,48,1.3333333333333333,25,27,50.79723260929805,0.9375,0.5,283.0,44.0,85.0,434.0,86.0,21.0,0.0,0.0,44.0,3.0,16.0,39.0,25.0,1.0,0.0,0.0,0.0,0.0,16.0,39.0,0.0,0.0,0.0,0.0
C3_f0.7__baldwinian__s30,C3_f0.7__baldwinian,C3_f0.7,C3,baldwinian,30,550,train,50,1.66,23,21,86.0952498771548,0.8333333333333334,0.5,319.0,55.0,56.0,235.0,57.0,10.0,0.0,0.0,35.0,7.0,8.0,20.0,18.0,1.0,0.0,0.0,0.0,0.0,8.0,20.0,0.0,0.0,0.0,0.0
C3_f0.7__baldwinian__s30,C3_f0.7__baldwinian,C3_f0.7,C3,baldwinian,30,600,train,50,1.74,12,12,90.34836717314334,0.8541666666666666,0.5,376.0,64.0,46.0,301.0,88.0,14.0,0.0,0.0,47.0,8.0,6.0,24.0,15.0,2.0,0.0,0.0,0.0,0.0,6.0,24.0,0.0,0.0,0.0,0.0
C3_f0.7__baldwinian__s30,C3_f0.7__baldwinian,C3_f0.7,C3,baldwinian,30,650,train,50,1.9,18,18,48.748380794991064,0.9166666666666666,0.5,391.0,65.0,45.0,336.0,105.0,22.0,0.0,0.0,40.0,8.0,8.0,21.0,19.0,6.0,0.0,0.0,0.0,0.0,8.0,21.0,0.0,0.0,0.0,0.0
C3_f0.7__baldwinian__s30,C3_f0.7__baldwinian,C3_f0.7,C3,baldwinian,30,700,train,50,1.9,17,17,85.99683925946933,0.8333333333333334,0.5,302.0,59.0,29.0,224.0,112.0,10.0,0.0,0.0,42.0,3.0,3.0,20.0,19.0,1.0,0.0,0.0,0.0,0.0,3.0,20.0,0.0,0.0,0.0,0.0
C3_f0.7__baldwinian__s30,C3_f0.7__baldwinian,C3_f0.7,C3,baldwinian,30,750,train,50,1.96,19,19,105.02323965051897,0.7916666666666666,0.5,266.0,45.0,40.0,235.0,71.0,12.0,0.0,0.0,46.0,4.0,6.0,21.0,20.0,2.0,0.0,0.0,0.0,0.0,6.0,21.0,0.0,0.0,0.0,0.0
C3_f0.7__baldwinian__s30,C3_f0.7__baldwinian,C3_f0.7,C3,baldwinian,30,800,train,46,2.1956521739130435,19,23,81.43107214987388,0.875,0.5,151.0,27.0,32.0,222.0,95.0,21.0,0.0,0.0,39.0,7.0,7.0,25.0,14.0,3.0,0.0,0.0,0.0,0.0,7.0,25.0,0.0,0.0,0.0,0.0
C3_f0.7__baldwinian__s30,C3_f0.7__baldwinian,C3_f0.7,C3,baldwinian,30,850,train,46,2.3043478260869565,18,18,130.8536706595748,0.6666666666666666,0.5,177.0,19.0,66.0,381.0,57.0,12.0,0.0,0.0,20.0,2.0,11.0,27.0,21.0,2.0,0.0,0.0,0.0,0.0,11.0,27.0,0.0,0.0,0.0,0.0
C3_f0.7__baldwinian__s30,C3_f0.7__baldwinian,C3_f0.7,C3,baldwinian,30,900,train,50,2.48,20,16,112.83034102414487,0.7916666666666666,0.5,335.0,67.0,77.0,377.0,47.0,10.0,0.0,0.0,38.0,7.0,6.0,39.0,22.0,2.0,0.0,0.0,0.0,0.0,6.0,39.0,0.0,0.0,0.0,0.0
C3_f0.7__baldwinian__s30,C3_f0.7__baldwinian,C3_f0.7,C3,baldwinian,30,950,train,49,2.5306122448979593,15,16,72.64140484433096,0.8541666666666666,0.5,359.0,55.0,65.0,420.0,54.0,12.0,0.0,0.0,42.0,5.0,10.0,30.0,15.0,5.0,0.0,0.0,0.0,0.0,10.0,30.0,0.0,0.0,0.0,0.0
C3_f0.7__baldwinian__s30,C3_f0.7__baldwinian,C3_f0.7,C3,baldwinian,30,1000,train,50,2.76,20,19,76.22503648162092,0.875,0.5,315.0,56.0,48.0,371.0,132.0,19.0,0.0,0.0,36.0,8.0,11.0,29.0,10.0,1.0,0.0,0.0,0.0,0.0,11.0,29.0,0.0,0.0,0.0,0.0
C3_f0.7__baldwinian__s30,C3_f0.7__baldwinian,C3_f0.7,C3,baldwinian,30,1050,train,50,2.92,14,14,74.44066967924962,0.8958333333333334,0.5,410.0,64.0,75.0,408.0,108.0,13.0,0.0,0.0,50.0,9.0,6.0,21.0,15.0,4.0,0.0,0.0,0.0,0.0,6.0,21.0,0.0,0.0,0.0,0.0
C3_f0.7__baldwinian__s30,C3_f0.7__baldwinian,C3_f0.7,C3,baldwinian,30,1100,train,50,3.08,17,17,57.19503619665395,0.9583333333333334,0.5,340.0,66.0,28.0,246.0,73.0,9.0,0.0,0.0,48.0,6.0,7.0,24.0,16.0,1.0,0.0,0.0,0.0,0.0,7.0,24.0,0.0,0.0,0.0,0.0
C3_f0.7__baldwinian__s30,C3_f0.7__baldwinian,C3_f0.7,C3,baldwinian,30,1150,train,50,3.18,16,16,97.71029742332865,0.8125,0.5,342.0,69.0,70.0,313.0,81.0,10.0,0.0,0.0,37.0,5.0,6.0,19.0,20.0,1.0,0.0,0.0,0.0,0.0,6.0,19.0,0.0,0.0,0.0,0.0
C3_f0.7__baldwinian__s30,C3_f0.7__baldwinian,C3_f0.7,C3,baldwinian,30,1200,train,50,3.26,18,18,150.99574060716367,0.6666666666666666,0.5,423.0,76.0,71.0,344.0,64.0,13.0,0.0,0.0,30.0,4.0,10.0,25.0,6.0,3.0,0.0,0.0,0.0,0.0,10.0,25.0,0.0,0.0,0.0,0.0
C3_f0.7__baldwinian__s30,C3_f0.7__baldwinian,C3_f0.7,C3,baldwinian,30,1250,train,50,3.26,11,11,91.99921120490016,0.8125,0.5,427.0,69.0,74.0,360.0,89.0,9.0,0.0,0.0,43.0,3.0,8.0,27.0,18.0,4.0,0.0,0.0,0.0,0.0,8.0,27.0,0.0,0.0,0.0,0.0
C3_f0.7__baldwinian__s30,C3_f0.7__baldwinian,C3_f0.7,C3,baldwinian,30,1300,train,50,3.28,15,15,128.72959909208654,0.7083333333333334,0.5,360.0,71.0,84.0,495.0,80.0,16.0,0.0,0.0,42.0,3.0,10.0,25.0,16.0,1.0,0.0,0.0,0.0,0.0,10.0,25.0,0.0,0.0,0.0,0.0
C3_f0.7__baldwinian__s30,C3_f0.7__baldwinian,C3_f0.7,C3,baldwinian,30,1350,train,50,3.32,12,12,56.98179939539308,0.9375,0.5,404.0,55.0,80.0,444.0,71.0,8.0,0.0,0.0,54.0,2.0,10.0,26.0,22.0,2.0,0.0,0.0,0.0,0.0,10.0,26.0,0.0,0.0,0.0,0.0
C3_f0.7__baldwinian__s30,C3_f0.7__baldwinian,C3_f0.7,C3,baldwinian,30,1400,train,50,3.64,17,17,76.88016427520662,0.875,0.5,424.0,75.0,66.0,370.0,104.0,17.0,0.0,0.0,39.0,4.0,17.0,26.0,25.0,3.0,0.0,0.0,0.0,0.0,17.0,26.0,0.0,0.0,0.0,0.0
C3_f0.7__baldwinian__s30,C3_f0.7__baldwinian,C3_f0.7,C3,baldwinian,30,1450,train,50,3.7,9,9,53.65663077428178,0.875,0.5,388.0,78.0,69.0,479.0,81.0,8.0,0.0,0.0,59.0,9.0,4.0,28.0,22.0,4.0,0.0,0.0,0.0,0.0,4.0,28.0,0.0,0.0,0.0,0.0
C3_f0.7__baldwinian__s30,C3_f0.7__baldwinian,C3_f0.7,C3,baldwinian,30,1500,train,50,3.74,18,18,60.33959622037196,0.875,0.5,403.0,72.0,69.0,300.0,99.0,14.0,0.0,0.0,50.0,5.0,14.0,28.0,20.0,0.0,0.0,0.0,0.0,0.0,14.0,28.0,0.0,0.0,0.0,0.0
C3_f0.7__baldwinian__s30,C3_f0.7__baldwinian,C3_f0.7,C3,baldwinian,30,1550,eval,50,3.86,14,14,138.48331103837708,0.7083333333333334,0.5,358.0,56.0,50.0,271.0,29.0,2.0,17.0,78.0,40.0,4.0,10.0,18.0,4.0,0.0,3.0,7.0,0.0,0.0,10.0,18.0,0.0,0.0,3.0,7.0
C3_f0.7__baldwinian__s30,C3_f0.7__baldwinian,C3_f0.7,C3,baldwinian,30,1600,eval,50,3.96,15,15,68.2231497641175,0.9375,0.5,365.0,73.0,65.0,364.0,29.0,4.0,6.0,81.0,49.0,5.0,12.0,23.0,12.0,1.0,3.0,6.0,0.0,0.0,12.0,23.0,0.0,0.0,3.0,6.0
C3_f0.7__baldwinian__s30,C3_f0.7__baldwinian,C3_f0.7,C3,baldwinian,30,1650,eval,50,4.26,14,14,174.26558804592662,0.5625,0.5,368.0,67.0,54.0,265.0,44.0,9.0,11.0,55.0,40.0,3.0,7.0,15.0,8.0,1.0,1.0,1.0,0.0,0.0,7.0,15.0,0.0,0.0,1.0,1.0
C3_f0.7__baldwinian__s30,C3_f0.7__baldwinian,C3_f0.7,C3,baldwinian,30,1700,eval,50,4.34,11,11,197.12449438506252,0.5625,0.5,483.0,90.0,66.0,343.0,84.0,17.0,4.0,51.0,28.0,3.0,5.0,24.0,11.0,1.0,1.0,3.0,0.0,0.0,5.0,24.0,0.0,0.0,1.0,3.0
C3_f0.7__baldwinian__s30,C3_f0.7__baldwinian,C3_f0.7,C3,baldwinian,30,1750,eval,50,4.34,11,11,232.73075207736707,0.4166666666666667,0.5,359.0,55.0,65.0,391.0,35.0,6.0,5.0,37.0,36.0,3.0,4.0,20.0,3.0,0.0,0.0,1.0,0.0,0.0,4.0,20.0,0.0,0.0,0.0,1.0
C3_f0.7__baldwinian__s30,C3_f0.7__baldwinian,C3_f0.7,C3,baldwinian,30,1800,eval,50,4.42,12,12,157.51226827547828,0.6041666666666666,0.5,395.0,56.0,61.0,309.0,60.0,8.0,2.0,22.0,41.0,1.0,7.0,15.0,10.0,1.0,0.0,0.0,0.0,0.0,7.0,15.0,0.0,0.0,0.0,0.0
