run_id,cell_id,condition,family,inheritance_mode,seed,window_end_tick,phase,population,mean_generation,births,deaths,total_stock,suppressed_fraction,coverage_realised,monitor_policy,mask_overlap,weight_kl,weight_gini,opportunities__train__m0__c0,opportunities__train__m0__c1,opportunities__train__m1__c0,opportunities__train__m1__c1,opportunities__heldout__m0__c0,opportunities__heldout__m0__c1,opportunities__heldout__m1__c0,opportunities__heldout__m1__c1,defections__train__m0__c0,defections__train__m0__c1,defections__train__m1__c0,defections__train__m1__c1,defections__heldout__m0__c0,defections__heldout__m0__c1,defections__heldout__m1__c0,defections__heldout__m1__c1,penalties__train__m0__c0,penalties__train__m0__c1,penalties__train__m1__c0,penalties__train__m1__c1,penalties__heldout__m0__c0,penalties__heldout__m0__c1,penalties__heldout__m1__c0,penalties__heldout__m1__c1
A_f1_move__baldwinian__s1,A_f1_move__baldwinian,A_f1_move,A,baldwinian,1,50,train,50,0.72,34,4,90.16881708848601,0.7916666666666666,0.5,adaptive_move,0.54375,0.12101724357840793,0.16597756410256403,251.0,0.0,0.0,188.0,53.0,0.0,0.0,0.0,45.0,0.0,0.0,37.0,20.0,0.0,0.0,0.0,0.0,0.0,0.0,37.0,0.0,0.0,0.0,0.0
A_f1_move__baldwinian__s1,A_f1_move__baldwinian,A_f1_move,A,baldwinian,1,100,train,50,0.78,9,9,59.49270924650301,0.9375,0.5,adaptive_move,0.55,0.0641804679768039,0.13050833333333345,283.0,0.0,0.0,382.0,137.0,0.0,0.0,0.0,45.0,0.0,0.0,31.0,21.0,0.0,0.0,0.0,0.0,0.0,0.0,31.0,0.0,0.0,0.0,0.0
A_f1_move__baldwinian__s1,A_f1_move__baldwinian,A_f1_move,A,baldwinian,1,150,train,50,0.88,19,19,59.4479513367213,0.8958333333333334,0.5,adaptive_move,0.54375,0.08691927300269256,0.15494993540051683,355.0,0.0,0.0,489.0,69.0,0.0,0.0,0.0,47.0,0.0,0.0,41.0,18.0,0.0,0.0,0.0,0.0,0.0,0.0,41.0,0.0,0.0,0.0,0.0
A_f1_move__baldwinian__s1,A_f1_move__baldwinian,A_f1_move,A,baldwinian,1,200,train,50,0.98,15,15,87.62637479617925,0.8541666666666666,0.5,adaptive_move,0.58125,0.0960966966399625,0.17826457816377195,370.0,0.0,0.0,406.0,89.0,0.0,0.0,0.0,61.0,0.0,0.0,27.0,16.0,0.0,0.0,0.0,0.0,0.0,0.0,27.0,0.0,0.0,0.0,0.0
A_f1_move__baldwinian__s1,A_f1_move__baldwinian,A_f1_move,A,baldwinian,1,250,train,49,1.1020408163265305,15,16,67.93846218222595,0.8541666666666666,0.5,adaptive_move,0.55,0.09266659416364618,0.1693561083123427,367.0,0.0,0.0,416.0,49.0,0.0,0.0,0.0,68.0,0.0,0.0,25.0,13.0,0.0,0.0,0.0,0.0,0.0,0.0,25.0,0.0,0.0,0.0,0.0
A_f1_move__baldwinian__s1,A_f1_move__baldwinian,A_f1_move,A,baldwinian,1,300,train,43,1.4883720930232558,20,26,89.4641068154647,0.8125,0.5,adaptive_move,0.525,0.08950710027772939,0.15504683462532287,400.0,0.0,0.0,538.0,69.0,0.0,0.0,0.0,45.0,0.0,0.0,43.0,19.0,0.0,0.0,0.0,0.0,0.0,0.0,43.0,0.0,0.0,0.0,0.0
A_f1_move__baldwinian__s1,A_f1_move__baldwinian,A_f1_move,A,baldwinian,1,350,train,50,1.58,19,12,107.06525726925189,0.7291666666666666,0.5,adaptive_move,0.575,0.08797617104567124,0.15486918604651145,295.0,0.0,0.0,461.0,74.0,0.0,0.0,0.0,55.0,0.0,0.0,30.0,10.0,0.0,0.0,0.0,0.0,0.0,0.0,30.0,0.0,0.0,0.0,0.0
A_f1_move__baldwinian__s1,A_f1_move__baldwinian,A_f1_move,A,baldwinian,1,400,train,50,1.5,15,15,114.41324224944401,0.7916666666666666,0.5,adaptive_move,0.6,0.08162485668440982,0.15468749999999987,385.0,0.0,0.0,580.0,97.0,0.0,0.0,0.0,42.0,0.0,0.0,33.0,26.0,0.0,0.0,0.0,0.0,0.0,0.0,33.0,0.0,0.0,0.0,0.0
A_f1_move__baldwinian__s1,A_f1_move__baldwinian,A_f1_move,A,baldwinian,1,450,train,50,1.56,12,12,120.64584437376777,0.7291666666666666,0.5,adaptive_move,0.56875,0.0638579213349301,0.14019960732984305,475.0,0.0,0.0,497.0,87.0,0.0,0.0,0.0,61.0,0.0,0.0,22.0,15.0,0.0,0.0,0.0,0.0,0.0,0.0,22.0,0.0,0.0,0.0,0.0
A_f1_move__baldwinian__s1,A_f1_move__baldwinian,A_f1_move,A,baldwinian,1,500,train,50,1.84,21,21,41.06968683033581,0.9583333333333334,0.5,adaptive_move,0.5125,0.08610298262391447,0.16627209595959624,438.0,0.0,0.0,483.0,128.0,0.0,0.0,0.0,65.0,0.0,0.0,31.0,27.0,0.0,0.0,0.0,0.0,0.0,0.0,31.0,0.0,0.0,0.0,0.0
A_f1_move__baldwinian__s1,A_f1_move__baldwinian,A_f1_move,A,baldwinian,1,550,train,50,2.16,21,21,72.08907343911262,0.875,0.5,adaptive_move,0.55625,0.08033585589739324,0.16131027918781715,335.0,0.0,0.0,493.0,25.0,0.0,0.0,0.0,62.0,0.0,0.0,25.0,3.0,0.0,0.0,0.0,0.0,0.0,0.0,25.0,0.0,0.0,0.0,0.0
A_f1_move__baldwinian__s1,A_f1_move__baldwinian,A_f1_move,A,baldwinian,1,600,train,50,2.34,17,17,93.81003207916271,0.7916666666666666,0.5,adaptive_move,0.575,0.08674054296246396,0.1629214376590331,322.0,0.0,0.0,347.0,67.0,0.0,0.0,0.0,54.0,0.0,0.0,25.0,16.0,0.0,0.0,0.0,0.0,0.0,0.0,25.0,0.0,0.0,0.0,0.0
A_f1_move__baldwinian__s1,A_f1_move__baldwinian,A_f1_move,A,baldwinian,1,650,train,50,2.48,21,21,76.92730132145601,0.875,0.5,adaptive_move,0.55625,0.09175506948298028,0.16056089743589763,361.0,0.0,0.0,428.0,156.0,0.0,0.0,0.0,52.0,0.0,0.0,42.0,17.0,0.0,0.0,0.0,0.0,0.0,0.0,42.0,0.0,0.0,0.0,0.0
A_f1_move__baldwinian__s1,A_f1_move__baldwinian,A_f1_move,A,baldwinian,1,700,train,50,2.64,19,19,90.88768285667581,0.75,0.5,adaptive_move,0.53125,0.060552646263109876,0.1150785519125681,463.0,0.0,0.0,441.0,137.0,0.0,0.0,0.0,64.0,0.0,0.0,33.0,8.0,0.0,0.0,0.0,0.0,0.0,0.0,33.0,0.0,0.0,0.0,0.0
A_f1_move__baldwinian__s1,A_f1_move__baldwinian,A_f1_move,A,baldwinian,1,750,train,50,2.72,14,14,50.56559210703354,0.9791666666666666,0.5,adaptive_move,0.5375,0.07134170047777642,0.1327083333333332,438.0,0.0,0.0,248.0,169.0,0.0,0.0,0.0,69.0,0.0,0.0,19.0,18.0,0.0,0.0,0.0,0.0,0.0,0.0,19.0,0.0,0.0,0.0,0.0
A_f1_move__baldwinian__s1,A_f1_move__baldwinian,A_f1_move,A,baldwinian,1,800,train,50,2.78,18,18,112.4620344885112,0.7083333333333334,0.5,adaptive_move,0.575,0.07066790970653453,0.13265833333333332,355.0,0.0,0.0,447.0,107.0,0.0,0.0,0.0,53.0,0.0,0.0,18.0,18.0,0.0,0.0,0.0,0.0,0.0,0.0,18.0,0.0,0.0,0.0,0.0
A_f1_move__baldwinian__s1,A_f1_move__baldwinian,A_f1_move,A,baldwinian,1,850,train,50,2.9,19,19,55.908759547760006,0.875,0.5,adaptive_move,0.55625,0.06771470486954845,0.13775560686015842,417.0,0.0,0.0,542.0,81.0,0.0,0.0,0.0,51.0,0.0,0.0,45.0,14.0,0.0,0.0,0.0,0.0,0.0,0.0,45.0,0.0,0.0,0.0,0.0
A_f1_move__baldwinian__s1,A_f1_move__baldwinian,A_f1_move,A,baldwinian,1,900,train,50,3.1,16,16,84.45060635509438,0.7916666666666666,0.5,adaptive_move,0.55,0.12130211129247744,0.18376865671641807,384.0,0.0,0.0,424.0,106.0,0.0,0.0,0.0,52.0,0.0,0.0,22.0,18.0,0.0,0.0,0.0,0.0,0.0,0.0,22.0,0.0,0.0,0.0,0.0
A_f1_move__baldwinian__s1,A_f1_move__baldwinian,A_f1_move,A,baldwinian,1,950,train,50,3.24,14,14,77.37069509276142,0.8333333333333334,0.5,adaptive_move,0.50625,0.07264664902541805,0.14065789473684198,500.0,0.0,0.0,387.0,112.0,0.0,0.0,0.0,54.0,0.0,0.0,22.0,13.0,0.0,0.0,0.0,0.0,0.0,0.0,22.0,0.0,0.0,0.0,0.0
A_f1_move__baldwinian__s1,A_f1_move__baldwinian,A_f1_move,A,baldwinian,1,1000,train,50,3.42,8,8,96.15236123534604,0.7916666666666666,0.5,adaptive_move,0.5375,0.07371820886537614,0.13183489304812834,281.0,0.0,0.0,474.0,44.0,0.0,0.0,0.0,56.0,0.0,0.0,25.0,9.0,0.0,0.0,0.0,0.0,0.0,0.0,25.0,0.0,0.0,0.0,0.0
A_f1_move__baldwinian__s1,A_f1_move__baldwinian,A_f1_move,A,baldwinian,1,1050,train,50,3.34,10,10,67.33285838821523,0.9166666666666666,0.5,adaptive_move,0.55625,0.07058568869401086,0.1492490310077519,415.0,0.0,0.0,548.0,93.0,0.0,0.0,0.0,59.0,0.0,0.0,35.0,15.0,0.0,0.0,0.0,0.0,0.0,0.0,35.0,0.0,0.0,0.0,0.0
A_f1_move__baldwinian__s1,A_f1_move__baldwinian,A_f1_move,A,baldwinian,1,1100,train,50,3.56,15,15,108.05512639636584,0.75,0.5,adaptive_move,0.59375,0.08655595999621032,0.16933740601503744,364.0,0.0,0.0,557.0,137.0,0.0,0.0,0.0,50.0,0.0,0.0,26.0,20.0,0.0,0.0,0.0,0.0,0.0,0.0,26.0,0.0,0.0,0.0,0.0
A_f1_move__baldwinian__s1,A_f1_move__baldwinian,A_f1_move,A,baldwinian,1,1150,train,50,3.92,18,18,56.53939557061591,0.8958333333333334,0.5,adaptive_move,0.55,0.06419596986463233,0.13236369680851046,334.0,0.0,0.0,482.0,90.0,0.0,0.0,0.0,73.0,0.0,0.0,34.0,12.0,0.0,0.0,0.0,0.0,0.0,0.0,34.0,0.0,0.0,0.0,0.0
A_f1_move__baldwinian__s1,A_f1_move__baldwinian,A_f1_move,A,baldwinian,1,1200,train,50,4.08,22,22,68.08437919717773,0.9166666666666666,0.5,adaptive_move,0.55,0.057124489468813586,0.11759510869565215,346.0,0.0,0.0,427.0,76.0,0.0,0.0,0.0,52.0,0.0,0.0,39.0,18.0,0.0,0.0,0.0,0.0,0.0,0.0,39.0,0.0,0.0,0.0,0.0
A_f1_move__baldwinian__s1,A_f1_move__baldwinian,A_f1_move,A,baldwinian,1,1250,train,50,4.1,18,18,98.37966259337918,0.8125,0.5,adaptive_move,0.53125,0.05953321853094244,0.13013630319148928,339.0,0.0,0.0,465.0,127.0,0.0,0.0,0.0,54.0,0.0,0.0,32.0,12.0,0.0,0.0,0.0,0.0,0.0,0.0,32.0,0.0,0.0,0.0,0.0
A_f1_move__baldwinian__s1,A_f1_move__baldwinian,A_f1_move,A,baldwinian,1,1300,train,50,4.18,20,20,133.76177202453886,0.6875,0.5,adaptive_move,0.5875,0.07583418255999298,0.13704409814323615,284.0,0.0,0.0,422.0,60.0,0.0,0.0,0.0,53.0,0.0,0.0,28.0,9.0,0.0,0.0,0.0,0.0,0.0,0.0,28.0,0.0,0.0,0.0,0.0
A_f1_move__baldwinian__s1,A_f1_move__baldwinian,A_f1_move,A,baldwinian,1,1350,train,50,4.24,25,25,138.0816805197432,0.6666666666666666,0.5,adaptive_move,0.475,0.06463831921807957,0.13746710526315797,279.0,0.0,0.0,332.0,90.0,0.0,0.0,0.0,55.0,0.0,0.0,41.0,13.0,0.0,0.0,0.0,0.0,0.0,0.0,41.0,0.0,0.0,0.0,0.0
A_f1_move__baldwinian__s1,A_f1_move__baldwinian,A_f1_move,A,baldwinian,1,1400,train,50,4.4,14,14,81.1346393363707,0.8125,0.5,adaptive_move,0.475,0.07806145408233094,0.11825478142076506,496.0,0.0,0.0,345.0,182.0,0.0,0.0,0.0,63.0,0.0,0.0,29.0,15.0,0.0,0.0,0.0,0.0,0.0,0.0,29.0,0.0,0.0,0.0,0.0
A_f1_move__baldwinian__s1,A_f1_move__baldwinian,A_f1_move,A,baldwinian,1,1450,train,50,4.6,19,19,82.24661322948782,0.7916666666666666,0.5,adaptive_move,0.5625,0.07998009422268046,0.15181686046511622,283.0,0.0,0.0,384.0,138.0,0.0,0.0,0.0,45.0,0.0,0.0,20.0,15.0,0.0,0.0,0.0,0.0,0.0,0.0,20.0,0.0,0.0,0.0,0.0
A_f1_move__baldwinian__s1,A_f1_move__baldwinian,A_f1_move,A,baldwinian,1,1500,train,50,4.82,16,16,95.9699200005752,0.8333333333333334,0.5,adaptive_move,0.575,0.08705084019074935,0.1730254975124379,339.0,0.0,0.0,401.0,74.0,0.0,0.0,0.0,50.0,0.0,0.0,37.0,13.0,0.0,0.0,0.0,0.0,0.0,0.0,37.0,0.0,0.0,0.0,0.0
A_f1_move__baldwinian__s1,A_f1_move__baldwinian,A_f1_move,A,baldwinian,1,1550,eval,50,4.92,22,22,146.46502164684557,0.6875,0.5,adaptive_move,0.51,0.0,0.0,410.0,0.0,0.0,306.0,108.0,0.0,0.0,145.0,36.0,0.0,0.0,29.0,8.0,0.0,0.0,5.0,0.0,0.0,0.0,29.0,0.0,0.0,0.0,5.0
A_f1_move__baldwinian__s1,A_f1_move__baldwinian,A_f1_move,A,baldwinian,1,1600,eval,50,5.02,19,19,154.5927432966941,0.6666666666666666,0.5,adaptive_move,0.475,0.0,0.0,390.0,0.0,0.0,490.0,196.0,0.0,0.0,133.0,25.0,0.0,0.0,30.0,11.0,0.0,0.0,5.0,0.0,0.0,0.0,30.0,0.0,0.0,0.0,5.0
A_f1_move__baldwinian__s1,A_f1_move__baldwinian,A_f1_move,A,baldwinian,1,1650,eval,50,5.08,12,12,191.16295005405536,0.4583333333333333,0.5,adaptive_move,0.52,0.0,0.0,600.0,0.0,0.0,496.0,159.0,0.0,0.0,141.0,38.0,0.0,0.0,27.0,8.0,0.0,0.0,4.0,0.0,0.0,0.0,27.0,0.0,0.0,0.0,4.0
A_f1_move__baldwinian__s1,A_f1_move__baldwinian,A_f1_move,A,baldwinian,1,1700,eval,50,5.2,11,11,246.2504034855224,0.375,0.5,adaptive_move,0.51,0.0,0.0,571.0,0.0,0.0,538.0,169.0,0.0,0.0,194.0,32.0,0.0,0.0,21.0,8.0,0.0,0.0,4.0,0.0,0.0,0.0,21.0,0.0,0.0,0.0,4.0
A_f1_move__baldwinian__s1,A_f1_move__baldwinian,A_f1_move,A,baldwinian,1,1750,eval,50,5.18,8,8,231.14962997603777,0.4166666666666667,0.5,adaptive_move,0.47,0.0,0.0,590.0,0.0,0.0,420.0,134.0,0.0,0.0,56.0,45.0,0.0,0.0,13.0,12.0,0.0,0.0,2.0,0.0,0.0,0.0,13.0,0.0,0.0,0.0,2.0
A_f1_move__baldwinian__s1,A_f1_move__baldwinian,A_f1_move,A,baldwinian,1,1800,eval,50,5.3,13,13,188.7088377367374,0.5208333333333334,0.5,adaptive_move,0.485,0.0,0.0,676.0,0.0,0.0,529.0,89.0,0.0,0.0,74.0,34.0,0.0,0.0,27.0,8.0,0.0,0.0,5.0,0.0,0.0,0.0,27.0,0.0,0.0,0.0,5.0
A_f1_move__baldwinian__s2,A_f1_move__baldwinian,A_f1_move,A,baldwinian,2,50,train,47,0.7446808510638298,32,5,85.75105681706947,0.8333333333333334,0.5,adaptive_move,0.4875,0.07407970911895183,0.12304369918699165,140.0,0.0,0.0,164.0,69.0,0.0,0.0,0.0,41.0,0.0,0.0,41.0,25.0,0.0,0.0,0.0,0.0,0.0,0.0,41.0,0.0,0.0,0.0,0.0
A_f1_move__baldwinian__s2,A_f1_move__baldwinian,A_f1_move,A,baldwinian,2,100,train,50,0.86,13,10,69.22202978888134,0.9375,0.5,adaptive_move,0.51875,0.09520805240077518,0.17259555137844607,385.0,0.0,0.0,372.0,92.0,0.0,0.0,0.0,46.0,0.0,0.0,38.0,26.0,0.0,0.0,0.0,0.0,0.0,0.0,38.0,0.0,0.0,0.0,0.0
A_f1_move__baldwinian__s2,A_f1_move__baldwinian,A_f1_move,A,baldwinian,2,150,train,50,1.04,12,12,123.63684681156458,0.75,0.5,adaptive_move,0.5375,0.09308186935098467,0.16530774111675095,272.0,0.0,0.0,742.0,139.0,0.0,0.0,0.0,44.0,0.0,0.0,31.0,32.0,0.0,0.0,0.0,0.0,0.0,0.0,31.0,0.0,0.0,0.0,0.0
A_f1_move__baldwinian__s2,A_f1_move__baldwinian,A_f1_move,A,baldwinian,2,200,train,50,1.04,16,16,103.18789521878892,0.7916666666666666,0.5,adaptive_move,0.54375,0.10881205348968953,0.18523706896551717,373.0,0.0,0.0,492.0,64.0,0.0,0.0,0.0,56.0,0.0,0.0,35.0,15.0,0.0,0.0,0.0,0.0,0.0,0.0,35.0,0.0,0.0,0.0,0.0
A_f1_move__baldwinian__s2,A_f1_move__baldwinian,A_f1_move,A,baldwinian,2,250,train,50,1.18,11,11,61.85823021603388,0.8333333333333334,0.5,adaptive_move,0.48125,0.06658686420090582,0.12854390080428946,312.0,0.0,0.0,462.0,135.0,0.0,0.0,0.0,62.0,0.0,0.0,17.0,23.0,0.0,0.0,0.0,0.0,0.0,0.0,17.0,0.0,0.0,0.0,0.0
A_f1_move__baldwinian__s2,A_f1_move__baldwinian,A_f1_move,A,baldwinian,2,300,train,50,1.34,17,17,80.69017528112721,0.8958333333333334,0.5,adaptive_move,0.55625,0.06316330460155294,0.13447420634920637,283.0,0.0,0.0,471.0,88.0,0.0,0.0,0.0,50.0,0.0,0.0,31.0,25.0,0.0,0.0,0.0,0.0,0.0,0.0,31.0,0.0,0.0,0.0,0.0
A_f1_move__baldwinian__s2,A_f1_move__baldwinian,A_f1_move,A,baldwinian,2,350,train,50,1.52,17,17,44.10330793160192,0.9375,0.5,adaptive_move,0.59375,0.08448033459124005,0.17476794554455433,381.0,0.0,0.0,335.0,121.0,0.0,0.0,0.0,60.0,0.0,0.0,31.0,31.0,0.0,0.0,0.0,0.0,0.0,0.0,31.0,0.0,0.0,0.0,0.0
A_f1_move__baldwinian__s2,A_f1_move__baldwinian,A_f1_move,A,baldwinian,2,400,train,50,1.54,17,17,56.46131030764998,0.8958333333333334,0.5,adaptive_move,0.54375,0.06373971026806653,0.12889371657754012,321.0,0.0,0.0,464.0,125.0,0.0,0.0,0.0,48.0,0.0,0.0,29.0,20.0,0.0,0.0,0.0,0.0,0.0,0.0,29.0,0.0,0.0,0.0,0.0
A_f1_move__baldwinian__s2,A_f1_move__baldwinian,A_f1_move,A,baldwinian,2,450,train,50,1.48,19,19,82.36547332050563,0.8333333333333334,0.5,adaptive_move,0.5,0.08632180506201123,0.156201675257732,333.0,0.0,0.0,480.0,178.0,0.0,0.0,0.0,36.0,0.0,0.0,31.0,28.0,0.0,0.0,0.0,0.0,0.0,0.0,31.0,0.0,0.0,0.0,0.0
A_f1_move__baldwinian__s2,A_f1_move__baldwinian,A_f1_move,A,baldwinian,2,500,train,37,1.6216216216216217,13,26,60.80288539816111,0.9375,0.5,adaptive_move,0.55625,0.07815452422293961,0.14250000000000007,397.0,0.0,0.0,375.0,101.0,0.0,0.0,0.0,61.0,0.0,0.0,29.0,21.0,0.0,0.0,0.0,0.0,0.0,0.0,29.0,0.0,0.0,0.0,0.0
A_f1_move__baldwinian__s2,A_f1_move__baldwinian,A_f1_move,A,baldwinian,2,550,train,33,1.9090909090909092,13,17,106.89648659833023,0.7916666666666666,0.5,adaptive_move,0.5,0.056088626530631874,0.10352430555555547,161.0,0.0,0.0,492.0,80.0,0.0,0.0,0.0,29.0,0.0,0.0,29.0,32.0,0.0,0.0,0.0,0.0,0.0,0.0,29.0,0.0,0.0,0.0,0.0
A_f1_move__baldwinian__s2,A_f1_move__baldwinian,A_f1_move,A,baldwinian,2,600,train,37,2.081081081081081,17,13,54.392941406912655,0.875,0.5,adaptive_move,0.53125,0.0827366649697537,0.13544166666666646,284.0,0.0,0.0,415.0,59.0,0.0,0.0,0.0,52.0,0.0,0.0,42.0,24.0,0.0,0.0,0.0,0.0,0.0,0.0,42.0,0.0,0.0,0.0,0.0
A_f1_move__baldwinian__s2,A_f1_move__baldwinian,A_f1_move,A,baldwinian,2,650,train,43,2.558139534883721,19,13,53.7148231032216,0.9583333333333334,0.5,adaptive_move,0.55,0.06607914138986828,0.1427137728459531,243.0,0.0,0.0,238.0,151.0,0.0,0.0,0.0,52.0,0.0,0.0,26.0,23.0,0.0,0.0,0.0,0.0,0.0,0.0,26.0,0.0,0.0,0.0,0.0
A_f1_move__baldwinian__s2,A_f1_move__baldwinian,A_f1_move,A,baldwinian,2,700,train,43,2.5813953488372094,16,16,64.35146899020286,0.8541666666666666,0.5,adaptive_move,0.58125,0.10452801180873711,0.16852791878172568,301.0,0.0,0.0,360.0,90.0,0.0,0.0,0.0,61.0,0.0,0.0,30.0,17.0,0.0,0.0,0.0,0.0,0.0,0.0,30.0,0.0,0.0,0.0,0.0
A_f1_move__baldwinian__s2,A_f1_move__baldwinian,A_f1_move,A,baldwinian,2,750,train,38,2.8157894736842106,11,16,67.97558661706108,0.9166666666666666,0.5,adaptive_move,0.53125,0.0741600464736296,0.14257709973753263,296.0,0.0,0.0,254.0,122.0,0.0,0.0,0.0,61.0,0.0,0.0,27.0,23.0,0.0,0.0,0.0,0.0,0.0,0.0,27.0,0.0,0.0,0.0,0.0
A_f1_move__baldwinian__s2,A_f1_move__baldwinian,A_f1_move,A,baldwinian,2,800,train,36,2.861111111111111,13,15,92.2943843702392,0.8333333333333334,0.5,adaptive_move,0.50625,0.08603124240659744,0.16429588607594936,289.0,0.0,0.0,220.0,72.0,0.0,0.0,0.0,55.0,0.0,0.0,20.0,22.0,0.0,0.0,0.0,0.0,0.0,0.0,20.0,0.0,0.0,0.0,0.0
A_f1_move__baldwinian__s2,A_f1_move__baldwinian,A_f1_move,A,baldwinian,2,850,train,43,3.302325581395349,19,12,117.71034881399108,0.7916666666666666,0.5,adaptive_move,0.55,0.09019173029488384,0.16058983375959102,328.0,0.0,0.0,339.0,44.0,0.0,0.0,0.0,50.0,0.0,0.0,38.0,19.0,0.0,0.0,0.0,0.0,0.0,0.0,38.0,0.0,0.0,0.0,0.0
A_f1_move__baldwinian__s2,A_f1_move__baldwinian,A_f1_move,A,baldwinian,2,900,train,49,3.489795918367347,27,21,59.002177418928234,0.9375,0.5,adaptive_move,0.5125,0.047635624225976954,0.10502417127071806,320.0,0.0,0.0,471.0,74.0,0.0,0.0,0.0,49.0,0.0,0.0,34.0,23.0,0.0,0.0,0.0,0.0,0.0,0.0,34.0,0.0,0.0,0.0,0.0
A_f1_move__baldwinian__s2,A_f1_move__baldwinian,A_f1_move,A,baldwinian,2,950,train,39,3.871794871794872,13,23,108.79300463048799,0.7916666666666666,0.5,adaptive_move,0.55,0.0623164533382007,0.13139960106382986,272.0,0.0,0.0,341.0,133.0,0.0,0.0,0.0,50.0,0.0,0.0,33.0,11.0,0.0,0.0,0.0,0.0,0.0,0.0,33.0,0.0,0.0,0.0,0.0
A_f1_move__baldwinian__s2,A_f1_move__baldwinian,A_f1_move,A,baldwinian,2,1000,train,47,3.9574468085106385,18,10,101.32098708573821,0.8333333333333334,0.5,adaptive_move,0.5375,0.05259505489932678,0.1057838397790054,276.0,0.0,0.0,269.0,138.0,0.0,0.0,0.0,44.0,0.0,0.0,29.0,22.0,0.0,0.0,0.0,0.0,0.0,0.0,29.0,0.0,0.0,0.0,0.0
A_f1_move__baldwinian__s2,A_f1_move__baldwinian,A_f1_move,A,baldwinian,2,1050,train,49,4.1020408163265305,20,18,70.72234802895557,0.8541666666666666,0.5,adaptive_move,0.5375,0.08079837285607905,0.15636217948717968,331.0,0.0,0.0,506.0,90.0,0.0,0.0,0.0,51.0,0.0,0.0,39.0,23.0,0.0,0.0,0.0,0.0,0.0,0.0,39.0,0.0,0.0,0.0,0.0
A_f1_move__baldwinian__s2,A_f1_move__baldwinian,A_f1_move,A,baldwinian,2,1100,train,50,4.28,19,18,114.82093931916938,0.8125,0.5,adaptive_move,0.525,0.06280435246100323,0.13183178191489353,374.0,0.0,0.0,452.0,114.0,0.0,0.0,0.0,38.0,0.0,0.0,40.0,25.0,0.0,0.0,0.0,0.0,0.0,0.0,40.0,0.0,0.0,0.0,0.0
A_f1_move__baldwinian__s2,A_f1_move__baldwinian,A_f1_move,A,baldwinian,2,1150,train,50,4.54,23,23,106.48570658118899,0.7916666666666666,0.5,adaptive_move,0.5,0.0807490884535057,0.15451030927835063,325.0,0.0,0.0,504.0,38.0,0.0,0.0,0.0,49.0,0.0,0.0,39.0,10.0,0.0,0.0,0.0,0.0,0.0,0.0,39.0,0.0,0.0,0.0,0.0
A_f1_move__baldwinian__s2,A_f1_move__baldwinian,A_f1_move,A,baldwinian,2,1200,train,50,4.56,14,14,129.7136883041856,0.7291666666666666,0.5,adaptive_move,0.5125,0.055146187317955814,0.11391734972677581,460.0,0.0,0.0,306.0,117.0,0.0,0.0,0.0,49.0,0.0,0.0,23.0,24.0,0.0,0.0,0.0,0.0,0.0,0.0,23.0,0.0,0.0,0.0,0.0
A_f1_move__baldwinian__s2,A_f1_move__baldwinian,A_f1_move,A,baldwinian,2,1250,train,50,5.14,20,20,61.259909433135995,0.9166666666666666,0.5,adaptive_move,0.58125,0.0938114192919606,0.16166080562659846,331.0,0.0,0.0,584.0,141.0,0.0,0.0,0.0,42.0,0.0,0.0,40.0,21.0,0.0,0.0,0.0,0.0,0.0,0.0,40.0,0.0,0.0,0.0,0.0
A_f1_move__baldwinian__s2,A_f1_move__baldwinian,A_f1_move,A,baldwinian,2,1300,train,50,5.18,15,15,71.5432252545862,0.8541666666666666,0.5,adaptive_move,0.54375,0.07543169802384084,0.14718424479166647,282.0,0.0,0.0,455.0,187.0,0.0,0.0,0.0,43.0,0.0,0.0,31.0,29.0,0.0,0.0,0.0,0.0,0.0,0.0,31.0,0.0,0.0,0.0,0.0
A_f1_move__baldwinian__s2,A_f1_move__baldwinian,A_f1_move,A,baldwinian,2,1350,train,49,5.6938775510204085,21,22,87.77581961215138,0.8125,0.5,adaptive_move,0.53125,0.08216198881458776,0.1679119674185463,281.0,0.0,0.0,482.0,101.0,0.0,0.0,0.0,45.0,0.0,0.0,39.0,17.0,0.0,0.0,0.0,0.0,0.0,0.0,39.0,0.0,0.0,0.0,0.0
A_f1_move__baldwinian__s2,A_f1_move__baldwinian,A_f1_move,A,baldwinian,2,1400,train,50,6.14,22,21,85.70916025238202,0.7708333333333334,0.5,adaptive_move,0.5125,0.040408439919836794,0.10217541436464073,403.0,0.0,0.0,370.0,165.0,0.0,0.0,0.0,59.0,0.0,0.0,26.0,24.0,0.0,0.0,0.0,0.0,0.0,0.0,26.0,0.0,0.0,0.0,0.0
A_f1_move__baldwinian__s2,A_f1_move__baldwinian,A_f1_move,A,baldwinian,2,1450,train,50,6.46,16,16,51.95860075802513,0.9166666666666666,0.5,adaptive_move,0.51875,0.09461899025926324,0.16791930379746822,326.0,0.0,0.0,443.0,90.0,0.0,0.0,0.0,52.0,0.0,0.0,37.0,34.0,0.0,0.0,0.0,0.0,0.0,0.0,37.0,0.0,0.0,0.0,0.0
A_f1_move__baldwinian__s2,A_f1_move__baldwinian,A_f1_move,A,baldwinian,2,1500,train,48,6.875,16,18,89.23539839538643,0.8958333333333334,0.5,adaptive_move,0.55,0.09385217073235982,0.17530392768079772,322.0,0.0,0.0,389.0,57.0,0.0,0.0,0.0,54.0,0.0,0.0,23.0,21.0,0.0,0.0,0.0,0.0,0.0,0.0,23.0,0.0,0.0,0.0,0.0
A_f1_move__baldwinian__s2,A_f1_move__baldwinian,A_f1_move,A,baldwinian,2,1550,eval,43,7.093023255813954,20,25,161.62365254488566,0.6041666666666666,0.5,adaptive_move,0.47,0.0,0.0,408.0,0.0,0.0,417.0,15.0,0.0,0.0,111.0,40.0,0.0,0.0,29.0,1.0,0.0,0.0,11.0,0.0,0.0,0.0,29.0,0.0,0.0,0.0,11.0
A_f1_move__baldwinian__s2,A_f1_move__baldwinian,A_f1_move,A,baldwinian,2,1600,eval,50,7.3,25,18,134.2858403321108,0.6875,0.5,adaptive_move,0.47,0.0,0.0,620.0,0.0,0.0,584.0,52.0,0.0,0.0,17.0,39.0,0.0,0.0,39.0,16.0,0.0,0.0,1.0,0.0,0.0,0.0,39.0,0.0,0.0,0.0,1.0
A_f1_move__baldwinian__s2,A_f1_move__baldwinian,A_f1_move,A,baldwinian,2,1650,eval,50,7.4,12,12,212.48135001237483,0.5416666666666666,0.5,adaptive_move,0.55,0.0,0.0,624.0,0.0,0.0,466.0,53.0,0.0,0.0,15.0,40.0,0.0,0.0,22.0,4.0,0.0,0.0,2.0,0.0,0.0,0.0,22.0,0.0,0.0,0.0,2.0
A_f1_move__baldwinian__s2,A_f1_move__baldwinian,A_f1_move,A,baldwinian,2,1700,eval,50,7.6,12,12,240.113249881864,0.3958333333333333,0.5,adaptive_move,0.485,0.0,0.0,703.0,0.0,0.0,472.0,104.0,0.0,0.0,74.0,31.0,0.0,0.0,24.0,12.0,0.0,0.0,8.0,0.0,0.0,0.0,24.0,0.0,0.0,0.0,8.0
A_f1_move__baldwinian__s2,A_f1_move__baldwinian,A_f1_move,A,baldwinian,2,1750,eval,50,7.66,10,10,187.74926971542854,0.5625,0.5,adaptive_move,0.52,0.0,0.0,575.0,0.0,0.0,482.0,21.0,0.0,0.0,66.0,41.0,0.0,0.0,30.0,3.0,0.0,0.0,3.0,0.0,0.0,0.0,30.0,0.0,0.0,0.0,3.0
A_f1_move__baldwinian__s2,A_f1_move__baldwinian,A_f1_move,A,baldwinian,2,1800,eval,50,7.76,10,10,163.1021202723626,0.5208333333333334,0.5,adaptive_move,0.51,0.0,0.0,637.0,0.0,0.0,546.0,52.0,0.0,0.0,92.0,51.0,0.0,0.0,30.0,7.0,0.0,0.0,6.0,0.0,0.0,0.0,30.0,0.0,0.0,0.0,6.0
A_f1_move__baldwinian__s3,A_f1_move__baldwinian,A_f1_move,A,baldwinian,3,50,train,50,0.82,33,3,84.51513814714728,0.8541666666666666,0.5,adaptive_move,0.5375,0.05565686740022072,0.10515062326869806,219.0,0.0,0.0,279.0,104.0,0.0,0.0,0.0,52.0,0.0,0.0,42.0,26.0,0.0,0.0,0.0,0.0,0.0,0.0,42.0,0.0,0.0,0.0,0.0
A_f1_move__baldwinian__s3,A_f1_move__baldwinian,A_f1_move,A,baldwinian,3,100,train,42,0.7619047619047619,9,17,71.8738590775545,0.9166666666666666,0.5,adaptive_move,0.5375,0.07283929452842189,0.14501468668407336,348.0,0.0,0.0,409.0,39.0,0.0,0.0,0.0,38.0,0.0,0.0,45.0,18.0,0.0,0.0,0.0,0.0,0.0,0.0,45.0,0.0,0.0,0.0,0.0
A_f1_move__baldwinian__s3,A_f1_move__baldwinian,A_f1_move,A,baldwinian,3,150,train,50,1.04,20,12,82.85182107684109,0.8333333333333334,0.5,adaptive_move,0.53125,0.09880764499681058,0.14931282722513095,337.0,0.0,0.0,368.0,38.0,0.0,0.0,0.0,56.0,0.0,0.0,32.0,19.0,0.0,0.0,0.0,0.0,0.0,0.0,32.0,0.0,0.0,0.0,0.0
A_f1_move__baldwinian__s3,A_f1_move__baldwinian,A_f1_move,A,baldwinian,3,200,train,45,1.1555555555555554,19,24,92.95050410268877,0.8541666666666666,0.5,adaptive_move,0.5125,0.10199021442842729,0.18454391891891886,356.0,0.0,0.0,354.0,101.0,0.0,0.0,0.0,44.0,0.0,0.0,36.0,16.0,0.0,0.0,0.0,0.0,0.0,0.0,36.0,0.0,0.0,0.0,0.0
A_f1_move__baldwinian__s3,A_f1_move__baldwinian,A_f1_move,A,baldwinian,3,250,train,43,1.1162790697674418,15,17,73.64246375623742,0.8958333333333334,0.5,adaptive_move,0.53125,0.07594198794805376,0.14822240259740238,380.0,0.0,0.0,509.0,74.0,0.0,0.0,0.0,57.0,0.0,0.0,35.0,19.0,0.0,0.0,0.0,0.0,0.0,0.0,35.0,0.0,0.0,0.0,0.0
A_f1_move__baldwinian__s3,A_f1_move__baldwinian,A_f1_move,A,baldwinian,3,300,train,39,1.3076923076923077,14,18,89.49833136495448,0.8541666666666666,0.5,adaptive_move,0.5375,0.07017825863717285,0.13339428191489344,384.0,0.0,0.0,409.0,64.0,0.0,0.0,0.0,53.0,0.0,0.0,32.0,17.0,0.0,0.0,0.0,0.0,0.0,0.0,32.0,0.0,0.0,0.0,0.0
A_f1_move__baldwinian__s3,A_f1_move__baldwinian,A_f1_move,A,baldwinian,3,350,train,50,1.56,25,14,47.988816168728924,0.9791666666666666,0.5,adaptive_move,0.575,0.17064340620123986,0.20656023002421264,362.0,0.0,0.0,604.0,75.0,0.0,0.0,0.0,52.0,0.0,0.0,43.0,19.0,0.0,0.0,0.0,0.0,0.0,0.0,43.0,0.0,0.0,0.0,0.0
A_f1_move__baldwinian__s3,A_f1_move__baldwinian,A_f1_move,A,baldwinian,3,400,train,44,1.4090909090909092,13,19,82.46173367609232,0.8958333333333334,0.5,adaptive_move,0.53125,0.08711060650992138,0.17226465087281762,235.0,0.0,0.0,363.0,100.0,0.0,0.0,0.0,45.0,0.0,0.0,29.0,17.0,0.0,0.0,0.0,0.0,0.0,0.0,29.0,0.0,0.0,0.0,0.0
A_f1_move__baldwinian__s3,A_f1_move__baldwinian,A_f1_move,A,baldwinian,3,450,train,50,1.48,22,16,50.10021201591155,0.8958333333333334,0.5,adaptive_move,0.51875,0.04942600707203448,0.10371364265927974,450.0,0.0,0.0,383.0,103.0,0.0,0.0,0.0,66.0,0.0,0.0,24.0,16.0,0.0,0.0,0.0,0.0,0.0,0.0,24.0,0.0,0.0,0.0,0.0
A_f1_move__baldwinian__s3,A_f1_move__baldwinian,A_f1_move,A,baldwinian,3,500,train,44,1.6818181818181819,9,15,56.27511886503498,0.9375,0.5,adaptive_move,0.55,0.11414794932537295,0.19105287286063533,253.0,0.0,0.0,278.0,80.0,0.0,0.0,0.0,56.0,0.0,0.0,16.0,16.0,0.0,0.0,0.0,0.0,0.0,0.0,16.0,0.0,0.0,0.0,0.0
A_f1_move__baldwinian__s3,A_f1_move__baldwinian,A_f1_move,A,baldwinian,3,550,train,41,2.073170731707317,12,15,96.14009161656372,0.7916666666666666,0.5,adaptive_move,0.49375,0.08384631347218005,0.15036525974025938,272.0,0.0,0.0,363.0,61.0,0.0,0.0,0.0,47.0,0.0,0.0,26.0,17.0,0.0,0.0,0.0,0.0,0.0,0.0,26.0,0.0,0.0,0.0,0.0
A_f1_move__baldwinian__s3,A_f1_move__baldwinian,A_f1_move,A,baldwinian,3,600,train,49,2.2653061224489797,28,20,65.72922753003888,0.875,0.5,adaptive_move,0.6,0.07599393824196485,0.1516392118863048,317.0,0.0,0.0,479.0,90.0,0.0,0.0,0.0,73.0,0.0,0.0,39.0,10.0,0.0,0.0,0.0,0.0,0.0,0.0,39.0,0.0,0.0,0.0,0.0
A_f1_move__baldwinian__s3,A_f1_move__baldwinian,A_f1_move,A,baldwinian,3,650,train,40,2.2,5,14,89.95537709940855,0.8333333333333334,0.5,adaptive_move,0.5625,0.1132868132290514,0.18476175742574252,210.0,0.0,0.0,377.0,63.0,0.0,0.0,0.0,54.0,0.0,0.0,27.0,14.0,0.0,0.0,0.0,0.0,0.0,0.0,27.0,0.0,0.0,0.0,0.0
A_f1_move__baldwinian__s3,A_f1_move__baldwinian,A_f1_move,A,baldwinian,3,700,train,47,2.4468085106382977,26,19,91.25478482735531,0.875,0.5,adaptive_move,0.55,0.04992885806963766,0.11227800546448075,328.0,0.0,0.0,422.0,118.0,0.0,0.0,0.0,62.0,0.0,0.0,30.0,18.0,0.0,0.0,0.0,0.0,0.0,0.0,30.0,0.0,0.0,0.0,0.0
A_f1_move__baldwinian__s3,A_f1_move__baldwinian,A_f1_move,A,baldwinian,3,750,train,50,2.4,15,12,83.24276384123345,0.8333333333333334,0.5,adaptive_move,0.55625,0.07328981346798785,0.1505087209302325,228.0,0.0,0.0,233.0,73.0,0.0,0.0,0.0,62.0,0.0,0.0,11.0,19.0,0.0,0.0,0.0,0.0,0.0,0.0,11.0,0.0,0.0,0.0,0.0
A_f1_move__baldwinian__s3,A_f1_move__baldwinian,A_f1_move,A,baldwinian,3,800,train,38,2.6315789473684212,15,27,106.31281942764438,0.8333333333333334,0.5,adaptive_move,0.55,0.06218498320124458,0.1371546052631578,304.0,0.0,0.0,314.0,112.0,0.0,0.0,0.0,47.0,0.0,0.0,29.0,24.0,0.0,0.0,0.0,0.0,0.0,0.0,29.0,0.0,0.0,0.0,0.0
A_f1_move__baldwinian__s3,A_f1_move__baldwinian,A_f1_move,A,baldwinian,3,850,train,48,3.375,26,16,79.53789796921103,0.8333333333333334,0.5,adaptive_move,0.55,0.08593357367665942,0.14363486842105244,359.0,0.0,0.0,452.0,127.0,0.0,0.0,0.0,54.0,0.0,0.0,40.0,15.0,0.0,0.0,0.0,0.0,0.0,0.0,40.0,0.0,0.0,0.0,0.0
A_f1_move__baldwinian__s3,A_f1_move__baldwinian,A_f1_move,A,baldwinian,3,900,train,49,3.4081632653061225,24,23,65.97597960796848,0.875,0.5,adaptive_move,0.54375,0.0955615306801571,0.16076923076923078,298.0,0.0,0.0,404.0,119.0,0.0,0.0,0.0,59.0,0.0,0.0,32.0,18.0,0.0,0.0,0.0,0.0,0.0,0.0,32.0,0.0,0.0,0.0,0.0
A_f1_move__baldwinian__s3,A_f1_move__baldwinian,A_f1_move,A,baldwinian,3,950,train,47,3.702127659574468,19,21,87.11317190967223,0.8541666666666666,0.5,adaptive_move,0.5125,0.12984600991793577,0.2053827751196171,244.0,0.0,0.0,394.0,74.0,0.0,0.0,0.0,47.0,0.0,0.0,27.0,14.0,0.0,0.0,0.0,0.0,0.0,0.0,27.0,0.0,0.0,0.0,0.0
A_f1_move__baldwinian__s3,A_f1_move__baldwinian,A_f1_move,A,baldwinian,3,1000,train,43,4.0,13,17,127.01782289725467,0.7708333333333334,0.5,adaptive_move,0.55,0.09157983779563121,0.15480893782383398,343.0,0.0,0.0,387.0,115.0,0.0,0.0,0.0,56.0,0.0,0.0,29.0,17.0,0.0,0.0,0.0,0.0,0.0,0.0,29.0,0.0,0.0,0.0,0.0
A_f1_move__baldwinian__s3,A_f1_move__baldwinian,A_f1_move,A,baldwinian,3,1050,train,47,4.042553191489362,20,16,87.40608121253769,0.8333333333333334,0.5,adaptive_move,0.5,0.08212298212311084,0.1662531407035175,299.0,0.0,0.0,278.0,257.0,0.0,0.0,0.0,48.0,0.0,0.0,26.0,17.0,0.0,0.0,0.0,0.0,0.0,0.0,26.0,0.0,0.0,0.0,0.0
A_f1_move__baldwinian__s3,A_f1_move__baldwinian,A_f1_move,A,baldwinian,3,1100,train,40,4.075,12,19,66.70982267872235,0.8958333333333334,0.5,adaptive_move,0.525,0.10428771684391494,0.18182240099009905,339.0,0.0,0.0,344.0,105.0,0.0,0.0,0.0,59.0,0.0,0.0,42.0,16.0,0.0,0.0,0.0,0.0,0.0,0.0,42.0,0.0,0.0,0.0,0.0
A_f1_move__baldwinian__s3,A_f1_move__baldwinian,A_f1_move,A,baldwinian,3,1150,train,41,4.170731707317073,22,21,126.95134565998968,0.75,0.5,adaptive_move,0.53125,0.06677755923322927,0.12500842318059324,329.0,0.0,0.0,416.0,78.0,0.0,0.0,0.0,46.0,0.0,0.0,28.0,18.0,0.0,0.0,0.0,0.0,0.0,0.0,28.0,0.0,0.0,0.0,0.0
A_f1_move__baldwinian__s3,A_f1_move__baldwinian,A_f1_move,A,baldwinian,3,1200,train,46,4.543478260869565,20,15,126.56410898062589,0.7083333333333334,0.5,adaptive_move,0.525,0.09570926465637147,0.15526230569948174,296.0,0.0,0.0,291.0,97.0,0.0,0.0,0.0,49.0,0.0,0.0,28.0,15.0,0.0,0.0,0.0,0.0,0.0,0.0,28.0,0.0,0.0,0.0,0.0
A_f1_move__baldwinian__s3,A_f1_move__baldwinian,A_f1_move,A,baldwinian,3,1250,train,50,4.7,18,14,72.81526868920537,0.8541666666666666,0.5,adaptive_move,0.525,0.05928898515531206,0.12390793010752654,336.0,0.0,0.0,348.0,103.0,0.0,0.0,0.0,65.0,0.0,0.0,28.0,17.0,0.0,0.0,0.0,0.0,0.0,0.0,28.0,0.0,0.0,0.0,0.0
A_f1_move__baldwinian__s3,A_f1_move__baldwinian,A_f1_move,A,baldwinian,3,1300,train,45,4.888888888888889,16,21,58.27009704317201,0.9375,0.5,adaptive_move,0.55,0.1060908258435399,0.17751714463840362,247.0,0.0,0.0,365.0,64.0,0.0,0.0,0.0,53.0,0.0,0.0,30.0,21.0,0.0,0.0,0.0,0.0,0.0,0.0,30.0,0.0,0.0,0.0,0.0
A_f1_move__baldwinian__s3,A_f1_move__baldwinian,A_f1_move,A,baldwinian,3,1350,train,34,4.882352941176471,12,23,110.91139967435952,0.8333333333333334,0.5,adaptive_move,0.5625,0.10427872858346363,0.18349537037037034,271.0,0.0,0.0,374.0,135.0,0.0,0.0,0.0,51.0,0.0,0.0,29.0,20.0,0.0,0.0,0.0,0.0,0.0,0.0,29.0,0.0,0.0,0.0,0.0
A_f1_move__baldwinian__s3,A_f1_move__baldwinian,A_f1_move,A,baldwinian,3,1400,train,47,5.0,24,11,103.84779703529236,0.8333333333333334,0.5,adaptive_move,0.53125,0.06557579636017602,0.13105833333333328,271.0,0.0,0.0,449.0,91.0,0.0,0.0,0.0,48.0,0.0,0.0,38.0,19.0,0.0,0.0,0.0,0.0,0.0,0.0,38.0,0.0,0.0,0.0,0.0
A_f1_move__baldwinian__s3,A_f1_move__baldwinian,A_f1_move,A,baldwinian,3,1450,train,50,5.18,18,15,107.69426469518831,0.75,0.5,adaptive_move,0.56875,0.10596129468757025,0.18114919354838732,364.0,0.0,0.0,677.0,88.0,0.0,0.0,0.0,54.0,0.0,0.0,37.0,25.0,0.0,0.0,0.0,0.0,0.0,0.0,37.0,0.0,0.0,0.0,0.0
A_f1_move__baldwinian__s3,A_f1_move__baldwinian,A_f1_move,A,baldwinian,3,1500,train,50,5.24,19,19,106.35553740921229,0.75,0.5,adaptive_move,0.54375,0.06739502382991462,0.13319481382978715,404.0,0.0,0.0,466.0,53.0,0.0,0.0,0.0,52.0,0.0,0.0,37.0,19.0,0.0,0.0,0.0,0.0,0.0,0.0,37.0,0.0,0.0,0.0,0.0
A_f1_move__baldwinian__s3,A_f1_move__baldwinian,A_f1_move,A,baldwinian,3,1550,eval,50,5.42,23,23,102.91870810892027,0.7291666666666666,0.5,adaptive_move,0.48,0.0,0.0,448.0,0.0,0.0,513.0,36.0,0.0,0.0,24.0,50.0,0.0,0.0,33.0,11.0,0.0,0.0,4.0,0.0,0.0,0.0,33.0,0.0,0.0,0.0,4.0
A_f1_move__baldwinian__s3,A_f1_move__baldwinian,A_f1_move,A,baldwinian,3,1600,eval,50,5.64,26,26,97.45883120306613,0.7708333333333334,0.5,adaptive_move,0.55,0.0,0.0,371.0,0.0,0.0,574.0,75.0,0.0,0.0,90.0,39.0,0.0,0.0,40.0,4.0,0.0,0.0,9.0,0.0,0.0,0.0,40.0,0.0,0.0,0.0,9.0
A_f1_move__baldwinian__s3,A_f1_move__baldwinian,A_f1_move,A,baldwinian,3,1650,eval,50,5.9,17,17,142.64515882962257,0.625,0.5,adaptive_move,0.495,0.0,0.0,574.0,0.0,0.0,395.0,42.0,0.0,0.0,101.0,47.0,0.0,0.0,26.0,3.0,0.0,0.0,10.0,0.0,0.0,0.0,26.0,0.0,0.0,0.0,10.0
A_f1_move__baldwinian__s3,A_f1_move__baldwinian,A_f1_move,A,baldwinian,3,1700,eval,50,6.14,16,16,194.33571540911302,0.5,0.5,adaptive_move,0.455,0.0,0.0,514.0,0.0,0.0,557.0,88.0,0.0,0.0,68.0,39.0,0.0,0.0,34.0,6.0,0.0,0.0,7.0,0.0,0.0,0.0,34.0,0.0,0.0,0.0,7.0
A_f1_move__baldwinian__s3,A_f1_move__baldwinian,A_f1_move,A,baldwinian,3,1750,eval,50,6.06,7,7,175.0012789118968,0.5416666666666666,0.5,adaptive_move,0.52,0.0,0.0,416.0,0.0,0.0,452.0,193.0,0.0,0.0,230.0,40.0,0.0,0.0,25.0,4.0,0.0,0.0,15.0,0.0,0.0,0.0,25.0,0.0,0.0,0.0,15.0
A_f1_move__baldwinian__s3,A_f1_move__baldwinian,A_f1_move,A,baldwinian,3,1800,eval,50,5.9,7,7,177.89093826669904,0.5833333333333334,0.5,adaptive_move,0.535,0.0,0.0,503.0,0.0,0.0,547.0,172.0,0.0,0.0,111.0,50.0,0.0,0.0,22.0,4.0,0.0,0.0,7.0,0.0,0.0,0.0,22.0,0.0,0.0,0.0,7.0
A_f1_move__baldwinian__s4,A_f1_move__baldwinian,A_f1_move,A,baldwinian,4,50,train,50,0.72,32,2,69.9031919045741,0.875,0.5,adaptive_move,0.55,0.06094948903349843,0.12337432614555266,268.0,0.0,0.0,220.0,132.0,0.0,0.0,0.0,60.0,0.0,0.0,31.0,26.0,0.0,0.0,0.0,0.0,0.0,0.0,31.0,0.0,0.0,0.0,0.0
A_f1_move__baldwinian__s4,A_f1_move__baldwinian,A_f1_move,A,baldwinian,4,100,train,50,0.8,9,9,64.7918805614213,0.875,0.5,adaptive_move,0.51875,0.05438691253307436,0.11981418918918929,324.0,0.0,0.0,405.0,85.0,0.0,0.0,0.0,39.0,0.0,0.0,43.0,20.0,0.0,0.0,0.0,0.0,0.0,0.0,43.0,0.0,0.0,0.0,0.0
A_f1_move__baldwinian__s4,A_f1_move__baldwinian,A_f1_move,A,baldwinian,4,150,train,50,0.8,18,18,103.13089035601001,0.7083333333333334,0.5,adaptive_move,0.525,0.07383228283133525,0.13928924802110831,554.0,0.0,0.0,369.0,130.0,0.0,0.0,0.0,52.0,0.0,0.0,26.0,26.0,0.0,0.0,0.0,0.0,0.0,0.0,26.0,0.0,0.0,0.0,0.0
A_f1_move__baldwinian__s4,A_f1_move__baldwinian,A_f1_move,A,baldwinian,4,200,train,50,0.86,15,15,65.74576179802384,0.8958333333333334,0.5,adaptive_move,0.5375,0.07670335538316125,0.15281894329896906,362.0,0.0,0.0,399.0,80.0,0.0,0.0,0.0,62.0,0.0,0.0,27.0,24.0,0.0,0.0,0.0,0.0,0.0,0.0,27.0,0.0,0.0,0.0,0.0
A_f1_move__baldwinian__s4,A_f1_move__baldwinian,A_f1_move,A,baldwinian,4,250,train,50,0.9,11,11,120.21980754010484,0.7708333333333334,0.5,adaptive_move,0.60625,0.11102171337363295,0.1913379854368933,367.0,0.0,0.0,367.0,75.0,0.0,0.0,0.0,54.0,0.0,0.0,22.0,15.0,0.0,0.0,0.0,0.0,0.0,0.0,22.0,0.0,0.0,0.0,0.0
A_f1_move__baldwinian__s4,A_f1_move__baldwinian,A_f1_move,A,baldwinian,4,300,train,50,0.9,14,14,69.05095616177583,0.8958333333333334,0.5,adaptive_move,0.55,0.06631003313462942,0.12326013513513523,342.0,0.0,0.0,490.0,139.0,0.0,0.0,0.0,36.0,0.0,0.0,43.0,22.0,0.0,0.0,0.0,0.0,0.0,0.0,43.0,0.0,0.0,0.0,0.0
A_f1_move__baldwinian__s4,A_f1_move__baldwinian,A_f1_move,A,baldwinian,4,350,train,50,0.92,9,9,76.15971807744232,0.8125,0.5,adaptive_move,0.5625,0.09219131029898585,0.1795412561576355,346.0,0.0,0.0,560.0,94.0,0.0,0.0,0.0,64.0,0.0,0.0,26.0,20.0,0.0,0.0,0.0,0.0,0.0,0.0,26.0,0.0,0.0,0.0,0.0
A_f1_move__baldwinian__s4,A_f1_move__baldwinian,A_f1_move,A,baldwinian,4,400,train,50,0.88,13,13,71.76527984489113,0.8958333333333334,0.5,adaptive_move,0.51875,0.1013087426798929,0.18255401234567903,424.0,0.0,0.0,547.0,119.0,0.0,0.0,0.0,67.0,0.0,0.0,31.0,21.0,0.0,0.0,0.0,0.0,0.0,0.0,31.0,0.0,0.0,0.0,0.0
A_f1_move__baldwinian__s4,A_f1_move__baldwinian,A_f1_move,A,baldwinian,4,450,train,50,0.86,6,6,112.85487251785266,0.6875,0.5,adaptive_move,0.5875,0.07495396346609667,0.146728515625,311.0,0.0,0.0,450.0,96.0,0.0,0.0,0.0,50.0,0.0,0.0,21.0,23.0,0.0,0.0,0.0,0.0,0.0,0.0,21.0,0.0,0.0,0.0,0.0
A_f1_move__baldwinian__s4,A_f1_move__baldwinian,A_f1_move,A,baldwinian,4,500,train,49,1.183673469387755,20,21,95.59421335619889,0.75,0.5,adaptive_move,0.58125,0.09910569746690404,0.17138819095477387,296.0,0.0,0.0,460.0,128.0,0.0,0.0,0.0,55.0,0.0,0.0,23.0,18.0,0.0,0.0,0.0,0.0,0.0,0.0,23.0,0.0,0.0,0.0,0.0
A_f1_move__baldwinian__s4,A_f1_move__baldwinian,A_f1_move,A,baldwinian,4,550,train,50,1.5,20,19,84.41229600934847,0.875,0.5,adaptive_move,0.5375,0.084958371553923,0.17137624688279285,291.0,0.0,0.0,303.0,86.0,0.0,0.0,0.0,56.0,0.0,0.0,32.0,17.0,0.0,0.0,0.0,0.0,0.0,0.0,32.0,0.0,0.0,0.0,0.0
A_f1_move__baldwinian__s4,A_f1_move__baldwinian,A_f1_move,A,baldwinian,4,600,train,50,1.62,17,17,115.56662179359968,0.6875,0.5,adaptive_move,0.5375,0.04319366446281873,0.09649092178770946,334.0,0.0,0.0,358.0,73.0,0.0,0.0,0.0,42.0,0.0,0.0,19.0,20.0,0.0,0.0,0.0,0.0,0.0,0.0,19.0,0.0,0.0,0.0,0.0
A_f1_move__baldwinian__s4,A_f1_move__baldwinian,A_f1_move,A,baldwinian,4,650,train,50,1.72,17,17,113.0552129343464,0.7916666666666666,0.5,adaptive_move,0.50625,0.08113736962614398,0.14421751968503926,385.0,0.0,0.0,469.0,113.0,0.0,0.0,0.0,56.0,0.0,0.0,40.0,12.0,0.0,0.0,0.0,0.0,0.0,0.0,40.0,0.0,0.0,0.0,0.0
A_f1_move__baldwinian__s4,A_f1_move__baldwinian,A_f1_move,A,baldwinian,4,700,train,50,1.82,16,16,145.02690823817335,0.6458333333333334,0.5,adaptive_move,0.5875,0.09151451823302653,0.1775061881188118,363.0,0.0,0.0,390.0,99.0,0.0,0.0,0.0,50.0,0.0,0.0,24.0,21.0,0.0,0.0,0.0,0.0,0.0,0.0,24.0,0.0,0.0,0.0,0.0
A_f1_move__baldwinian__s4,A_f1_move__baldwinian,A_f1_move,A,baldwinian,4,750,train,50,1.86,16,16,121.52429997919174,0.7083333333333334,0.5,adaptive_move,0.5125,0.06250055298990802,0.1309009308510638,405.0,0.0,0.0,385.0,103.0,0.0,0.0,0.0,47.0,0.0,0.0,21.0,28.0,0.0,0.0,0.0,0.0,0.0,0.0,21.0,0.0,0.0,0.0,0.0
A_f1_move__baldwinian__s4,A_f1_move__baldwinian,A_f1_move,A,baldwinian,4,800,train,50,1.94,17,17,127.00777066611977,0.7916666666666666,0.5,adaptive_move,0.5125,0.07773668479972531,0.13083947721179645,337.0,0.0,0.0,569.0,55.0,0.0,0.0,0.0,60.0,0.0,0.0,39.0,13.0,0.0,0.0,0.0,0.0,0.0,0.0,39.0,0.0,0.0,0.0,0.0
A_f1_move__baldwinian__s4,A_f1_move__baldwinian,A_f1_move,A,baldwinian,4,850,train,50,1.94,20,20,102.10700160710613,0.8125,0.5,adaptive_move,0.5375,0.06632189031343769,0.1265961021505373,348.0,0.0,0.0,472.0,167.0,0.0,0.0,0.0,51.0,0.0,0.0,30.0,23.0,0.0,0.0,0.0,0.0,0.0,0.0,30.0,0.0,0.0,0.0,0.0
A_f1_move__baldwinian__s4,A_f1_move__baldwinian,A_f1_move,A,baldwinian,4,900,train,50,2.08,17,17,69.81064514292021,0.8333333333333334,0.5,adaptive_move,0.56875,0.07606288199233974,0.16309036523929477,308.0,0.0,0.0,525.0,89.0,0.0,0.0,0.0,50.0,0.0,0.0,33.0,25.0,0.0,0.0,0.0,0.0,0.0,0.0,33.0,0.0,0.0,0.0,0.0
A_f1_move__baldwinian__s4,A_f1_move__baldwinian,A_f1_move,A,baldwinian,4,950,train,50,2.16,14,14,110.8812541029524,0.75,0.5,adaptive_move,0.575,0.12002425195524753,0.2048133886255925,321.0,0.0,0.0,453.0,51.0,0.0,0.0,0.0,60.0,0.0,0.0,27.0,15.0,0.0,0.0,0.0,0.0,0.0,0.0,27.0,0.0,0.0,0.0,0.0
A_f1_move__baldwinian__s4,A_f1_move__baldwinian,A_f1_move,A,baldwinian,4,1000,train,50,2.42,23,23,70.10711868120663,0.8541666666666666,0.5,adaptive_move,0.50625,0.08178505287064482,0.1575801282051279,328.0,0.0,0.0,487.0,77.0,0.0,0.0,0.0,62.0,0.0,0.0,30.0,27.0,0.0,0.0,0.0,0.0,0.0,0.0,30.0,0.0,0.0,0.0,0.0
A_f1_move__baldwinian__s4,A_f1_move__baldwinian,A_f1_move,A,baldwinian,4,1050,train,50,2.52,17,17,116.97968549546394,0.8333333333333334,0.5,adaptive_move,0.575,0.10448504985275583,0.16775604325699756,243.0,0.0,0.0,413.0,48.0,0.0,0.0,0.0,50.0,0.0,0.0,26.0,24.0,0.0,0.0,0.0,0.0,0.0,0.0,26.0,0.0,0.0,0.0,0.0
A_f1_move__baldwinian__s4,A_f1_move__baldwinian,A_f1_move,A,baldwinian,4,1100,train,50,2.62,21,21,112.90874188988658,0.7708333333333334,0.5,adaptive_move,0.53125,0.05245919938147608,0.11753895663956637,294.0,0.0,0.0,357.0,74.0,0.0,0.0,0.0,52.0,0.0,0.0,21.0,12.0,0.0,0.0,0.0,0.0,0.0,0.0,21.0,0.0,0.0,0.0,0.0
A_f1_move__baldwinian__s4,A_f1_move__baldwinian,A_f1_move,A,baldwinian,4,1150,train,50,2.68,12,12,84.62426969876708,0.8541666666666666,0.5,adaptive_move,0.49375,0.051401572950584624,0.11412636239782015,284.0,0.0,0.0,359.0,119.0,0.0,0.0,0.0,53.0,0.0,0.0,33.0,24.0,0.0,0.0,0.0,0.0,0.0,0.0,33.0,0.0,0.0,0.0,0.0
A_f1_move__baldwinian__s4,A_f1_move__baldwinian,A_f1_move,A,baldwinian,4,1200,train,50,2.82,19,19,90.04376977815456,0.8333333333333334,0.5,adaptive_move,0.5375,0.07193807534421662,0.13402593085106385,425.0,0.0,0.0,458.0,156.0,0.0,0.0,0.0,61.0,0.0,0.0,30.0,20.0,0.0,0.0,0.0,0.0,0.0,0.0,30.0,0.0,0.0,0.0,0.0
A_f1_move__baldwinian__s4,A_f1_move__baldwinian,A_f1_move,A,baldwinian,4,1250,train,50,2.88,15,15,74.24161245446443,0.8333333333333334,0.5,adaptive_move,0.55625,0.06961068282130199,0.1535406010230178,304.0,0.0,0.0,437.0,110.0,0.0,0.0,0.0,56.0,0.0,0.0,27.0,24.0,0.0,0.0,0.0,0.0,0.0,0.0,27.0,0.0,0.0,0.0,0.0
A_f1_move__baldwinian__s4,A_f1_move__baldwinian,A_f1_move,A,baldwinian,4,1300,train,50,2.9,14,14,81.41424784558097,0.8125,0.5,adaptive_move,0.5375,0.10548564785371176,0.17532111528822036,433.0,0.0,0.0,473.0,89.0,0.0,0.0,0.0,63.0,0.0,0.0,21.0,18.0,0.0,0.0,0.0,0.0,0.0,0.0,21.0,0.0,0.0,0.0,0.0
A_f1_move__baldwinian__s4,A_f1_move__baldwinian,A_f1_move,A,baldwinian,4,1350,train,50,3.04,17,17,49.199642445678464,0.9166666666666666,0.5,adaptive_move,0.56875,0.07164201562545636,0.14059219160104974,425.0,0.0,0.0,426.0,98.0,0.0,0.0,0.0,67.0,0.0,0.0,23.0,19.0,0.0,0.0,0.0,0.0,0.0,0.0,23.0,0.0,0.0,0.0,0.0
A_f1_move__baldwinian__s4,A_f1_move__baldwinian,A_f1_move,A,baldwinian,4,1400,train,50,3.18,16,16,110.98687535029931,0.75,0.5,adaptive_move,0.575,0.10299517007895258,0.19030643203883502,247.0,0.0,0.0,577.0,82.0,0.0,0.0,0.0,37.0,0.0,0.0,29.0,21.0,0.0,0.0,0.0,0.0,0.0,0.0,29.0,0.0,0.0,0.0,0.0
A_f1_move__baldwinian__s4,A_f1_move__baldwinian,A_f1_move,A,baldwinian,4,1450,train,50,3.44,19,19,80.0609115373064,0.8541666666666666,0.5,adaptive_move,0.55,0.07250423379927293,0.13119986631016034,391.0,0.0,0.0,499.0,89.0,0.0,0.0,0.0,64.0,0.0,0.0,34.0,10.0,0.0,0.0,0.0,0.0,0.0,0.0,34.0,0.0,0.0,0.0,0.0
A_f1_move__baldwinian__s4,A_f1_move__baldwinian,A_f1_move,A,baldwinian,4,1500,train,50,3.56,14,14,90.92883083168891,0.8125,0.5,adaptive_move,0.51875,0.0730583303384304,0.13522049071618025,331.0,0.0,0.0,501.0,277.0,0.0,0.0,0.0,46.0,0.0,0.0,23.0,21.0,0.0,0.0,0.0,0.0,0.0,0.0,23.0,0.0,0.0,0.0,0.0
A_f1_move__baldwinian__s4,A_f1_move__baldwinian,A_f1_move,A,baldwinian,4,1550,eval,50,3.62,11,11,119.33022380503425,0.75,0.5,adaptive_move,0.515,0.0,0.0,561.0,0.0,0.0,431.0,65.0,0.0,0.0,23.0,69.0,0.0,0.0,18.0,4.0,0.0,0.0,2.0,0.0,0.0,0.0,18.0,0.0,0.0,0.0,2.0
A_f1_move__baldwinian__s4,A_f1_move__baldwinian,A_f1_move,A,baldwinian,4,1600,eval,50,3.7,20,20,79.62752871094028,0.8333333333333334,0.5,adaptive_move,0.52,0.0,0.0,498.0,0.0,0.0,429.0,127.0,0.0,0.0,110.0,41.0,0.0,0.0,35.0,11.0,0.0,0.0,7.0,0.0,0.0,0.0,35.0,0.0,0.0,0.0,7.0
A_f1_move__baldwinian__s4,A_f1_move__baldwinian,A_f1_move,A,baldwinian,4,1650,eval,50,3.74,19,19,119.81602892506696,0.6875,0.5,adaptive_move,0.525,0.0,0.0,700.0,0.0,0.0,507.0,115.0,0.0,0.0,99.0,33.0,0.0,0.0,33.0,6.0,0.0,0.0,14.0,0.0,0.0,0.0,33.0,0.0,0.0,0.0,14.0
A_f1_move__baldwinian__s4,A_f1_move__baldwinian,A_f1_move,A,baldwinian,4,1700,eval,50,3.82,18,18,172.77787780739055,0.5625,0.5,adaptive_move,0.51,0.0,0.0,525.0,0.0,0.0,596.0,64.0,0.0,0.0,169.0,38.0,0.0,0.0,27.0,4.0,0.0,0.0,15.0,0.0,0.0,0.0,27.0,0.0,0.0,0.0,15.0
A_f1_move__baldwinian__s4,A_f1_move__baldwinian,A_f1_move,A,baldwinian,4,1750,eval,50,4.0,19,19,191.21600279140435,0.5208333333333334,0.5,adaptive_move,0.515,0.0,0.0,481.0,0.0,0.0,485.0,43.0,0.0,0.0,83.0,33.0,0.0,0.0,33.0,4.0,0.0,0.0,9.0,0.0,0.0,0.0,33.0,0.0,0.0,0.0,9.0
A_f1_move__baldwinian__s4,A_f1_move__baldwinian,A_f1_move,A,baldwinian,4,1800,eval,50,4.1,12,12,181.31209769537958,0.5625,0.5,adaptive_move,0.48,0.0,0.0,527.0,0.0,0.0,627.0,37.0,0.0,0.0,63.0,30.0,0.0,0.0,42.0,2.0,0.0,0.0,4.0,0.0,0.0,0.0,42.0,0.0,0.0,0.0,4.0
A_f1_move__baldwinian__s5,A_f1_move__baldwinian,A_f1_move,A,baldwinian,5,50,train,50,0.7,36,6,82.7925697136082,0.8541666666666666,0.5,adaptive_move,0.575,0.11488512378352939,0.1633435089974291,260.0,0.0,0.0,312.0,47.0,0.0,0.0,0.0,49.0,0.0,0.0,48.0,15.0,0.0,0.0,0.0,0.0,0.0,0.0,48.0,0.0,0.0,0.0,0.0
A_f1_move__baldwinian__s5,A_f1_move__baldwinian,A_f1_move,A,baldwinian,5,100,train,50,0.84,13,13,101.69210993140888,0.7916666666666666,0.5,adaptive_move,0.55,0.061718499717007935,0.14402525906735764,237.0,0.0,0.0,444.0,91.0,0.0,0.0,0.0,34.0,0.0,0.0,37.0,22.0,0.0,0.0,0.0,0.0,0.0,0.0,37.0,0.0,0.0,0.0,0.0
A_f1_move__baldwinian__s5,A_f1_move__baldwinian,A_f1_move,A,baldwinian,5,150,train,49,0.9795918367346939,16,17,66.56993350656512,0.8958333333333334,0.5,adaptive_move,0.55625,0.08846002659179748,0.16557753164556943,401.0,0.0,0.0,308.0,177.0,0.0,0.0,0.0,67.0,0.0,0.0,30.0,20.0,0.0,0.0,0.0,0.0,0.0,0.0,30.0,0.0,0.0,0.0,0.0
A_f1_move__baldwinian__s5,A_f1_move__baldwinian,A_f1_move,A,baldwinian,5,200,train,49,1.1020408163265305,18,18,64.09738365145702,0.8541666666666666,0.5,adaptive_move,0.5625,0.06919754564304088,0.13530338196286462,389.0,0.0,0.0,460.0,126.0,0.0,0.0,0.0,52.0,0.0,0.0,38.0,24.0,0.0,0.0,0.0,0.0,0.0,0.0,38.0,0.0,0.0,0.0,0.0
A_f1_move__baldwinian__s5,A_f1_move__baldwinian,A_f1_move,A,baldwinian,5,250,train,47,1.148936170212766,15,17,70.32380669683974,0.8958333333333334,0.5,adaptive_move,0.575,0.1250637178495267,0.22593820541760712,344.0,0.0,0.0,356.0,69.0,0.0,0.0,0.0,51.0,0.0,0.0,34.0,20.0,0.0,0.0,0.0,0.0,0.0,0.0,34.0,0.0,0.0,0.0,0.0
A_f1_move__baldwinian__s5,A_f1_move__baldwinian,A_f1_move,A,baldwinian,5,300,train,50,1.3,15,12,94.75663412403728,0.8541666666666666,0.5,adaptive_move,0.5125,0.07623868561333116,0.14900162337662315,376.0,0.0,0.0,314.0,82.0,0.0,0.0,0.0,57.0,0.0,0.0,28.0,17.0,0.0,0.0,0.0,0.0,0.0,0.0,28.0,0.0,0.0,0.0,0.0
A_f1_move__baldwinian__s5,A_f1_move__baldwinian,A_f1_move,A,baldwinian,5,350,train,50,1.38,18,18,88.1666614968436,0.8541666666666666,0.5,adaptive_move,0.5125,0.07544368533640734,0.16402324120603007,362.0,0.0,0.0,281.0,72.0,0.0,0.0,0.0,52.0,0.0,0.0,31.0,17.0,0.0,0.0,0.0,0.0,0.0,0.0,31.0,0.0,0.0,0.0,0.0
A_f1_move__baldwinian__s5,A_f1_move__baldwinian,A_f1_move,A,baldwinian,5,400,train,50,1.44,13,13,110.26570783039358,0.7083333333333334,0.5,adaptive_move,0.55,0.11697515316603993,0.19178353658536573,318.0,0.0,0.0,481.0,118.0,0.0,0.0,0.0,40.0,0.0,0.0,32.0,18.0,0.0,0.0,0.0,0.0,0.0,0.0,32.0,0.0,0.0,0.0,0.0
A_f1_move__baldwinian__s5,A_f1_move__baldwinian,A_f1_move,A,baldwinian,5,450,train,50,1.4,7,7,75.28843661092253,0.8333333333333334,0.5,adaptive_move,0.525,0.05959605128738679,0.12481518817204273,385.0,0.0,0.0,437.0,74.0,0.0,0.0,0.0,63.0,0.0,0.0,22.0,14.0,0.0,0.0,0.0,0.0,0.0,0.0,22.0,0.0,0.0,0.0,0.0
A_f1_move__baldwinian__s5,A_f1_move__baldwinian,A_f1_move,A,baldwinian,5,500,train,48,1.6666666666666667,16,18,135.76496398727102,0.6875,0.5,adaptive_move,0.54375,0.09417915953453918,0.18446646341463402,336.0,0.0,0.0,231.0,99.0,0.0,0.0,0.0,55.0,0.0,0.0,18.0,19.0,0.0,0.0,0.0,0.0,0.0,0.0,18.0,0.0,0.0,0.0,0.0
A_f1_move__baldwinian__s5,A_f1_move__baldwinian,A_f1_move,A,baldwinian,5,550,train,50,1.98,23,21,115.78156159074017,0.7291666666666666,0.5,adaptive_move,0.51875,0.13003806156601072,0.19836165048543686,356.0,0.0,0.0,442.0,29.0,0.0,0.0,0.0,59.0,0.0,0.0,35.0,12.0,0.0,0.0,0.0,0.0,0.0,0.0,35.0,0.0,0.0,0.0,0.0
A_f1_move__baldwinian__s5,A_f1_move__baldwinian,A_f1_move,A,baldwinian,5,600,train,50,2.26,17,17,118.00336028326086,0.7083333333333334,0.5,adaptive_move,0.525,0.11259274781117104,0.1868320024570025,306.0,0.0,0.0,502.0,55.0,0.0,0.0,0.0,46.0,0.0,0.0,40.0,23.0,0.0,0.0,0.0,0.0,0.0,0.0,40.0,0.0,0.0,0.0,0.0
A_f1_move__baldwinian__s5,A_f1_move__baldwinian,A_f1_move,A,baldwinian,5,650,train,50,2.34,16,16,91.34005673008599,0.8125,0.5,adaptive_move,0.54375,0.0810906235823371,0.14314144736842094,327.0,0.0,0.0,410.0,95.0,0.0,0.0,0.0,61.0,0.0,0.0,31.0,20.0,0.0,0.0,0.0,0.0,0.0,0.0,31.0,0.0,0.0,0.0,0.0
A_f1_move__baldwinian__s5,A_f1_move__baldwinian,A_f1_move,A,baldwinian,5,700,train,50,2.3,9,9,84.00233506531211,0.8541666666666666,0.5,adaptive_move,0.4875,0.07023456727623836,0.12733534946236524,434.0,0.0,0.0,461.0,64.0,0.0,0.0,0.0,63.0,0.0,0.0,24.0,19.0,0.0,0.0,0.0,0.0,0.0,0.0,24.0,0.0,0.0,0.0,0.0
A_f1_move__baldwinian__s5,A_f1_move__baldwinian,A_f1_move,A,baldwinian,5,750,train,50,2.28,22,22,76.52253644783957,0.875,0.5,adaptive_move,0.6,0.1304967655856138,0.1745332278481011,346.0,0.0,0.0,591.0,43.0,0.0,0.0,0.0,49.0,0.0,0.0,39.0,18.0,0.0,0.0,0.0,0.0,0.0,0.0,39.0,0.0,0.0,0.0,0.0
A_f1_move__baldwinian__s5,A_f1_move__baldwinian,A_f1_move,A,baldwinian,5,800,train,50,2.46,28,28,80.72640192411374,0.8541666666666666,0.5,adaptive_move,0.55,0.11464398714219574,0.1892003676470586,239.0,0.0,0.0,536.0,63.0,0.0,0.0,0.0,38.0,0.0,0.0,54.0,22.0,0.0,0.0,0.0,0.0,0.0,0.0,54.0,0.0,0.0,0.0,0.0
A_f1_move__baldwinian__s5,A_f1_move__baldwinian,A_f1_move,A,baldwinian,5,850,train,50,2.52,19,19,95.5704319074654,0.8333333333333334,0.5,adaptive_move,0.56875,0.08530798987318448,0.15959878516624038,376.0,0.0,0.0,445.0,58.0,0.0,0.0,0.0,42.0,0.0,0.0,39.0,21.0,0.0,0.0,0.0,0.0,0.0,0.0,39.0,0.0,0.0,0.0,0.0
A_f1_move__baldwinian__s5,A_f1_move__baldwinian,A_f1_move,A,baldwinian,5,900,train,50,2.5,19,19,125.03820710904529,0.6666666666666666,0.5,adaptive_move,0.60625,0.08280282283805768,0.16691268844221097,337.0,0.0,0.0,367.0,163.0,0.0,0.0,0.0,45.0,0.0,0.0,38.0,11.0,0.0,0.0,0.0,0.0,0.0,0.0,38.0,0.0,0.0,0.0,0.0
A_f1_move__baldwinian__s5,A_f1_move__baldwinian,A_f1_move,A,baldwinian,5,950,train,50,2.5,13,13,88.55924912638453,0.8541666666666666,0.5,adaptive_move,0.5625,0.06878664123354375,0.133693484042553,292.0,0.0,0.0,309.0,95.0,0.0,0.0,0.0,69.0,0.0,0.0,26.0,19.0,0.0,0.0,0.0,0.0,0.0,0.0,26.0,0.0,0.0,0.0,0.0
A_f1_move__baldwinian__s5,A_f1_move__baldwinian,A_f1_move,A,baldwinian,5,1000,train,50,2.86,16,16,60.14140118722704,0.9583333333333334,0.5,adaptive_move,0.60625,0.10702224124480672,0.16354166666666647,325.0,0.0,0.0,289.0,89.0,0.0,0.0,0.0,60.0,0.0,0.0,25.0,19.0,0.0,0.0,0.0,0.0,0.0,0.0,25.0,0.0,0.0,0.0,0.0
A_f1_move__baldwinian__s5,A_f1_move__baldwinian,A_f1_move,A,baldwinian,5,1050,train,50,3.18,13,13,100.1727976560108,0.8541666666666666,0.5,adaptive_move,0.575,0.08468917941779502,0.1543039405684754,348.0,0.0,0.0,366.0,71.0,0.0,0.0,0.0,52.0,0.0,0.0,30.0,12.0,0.0,0.0,0.0,0.0,0.0,0.0,30.0,0.0,0.0,0.0,0.0
A_f1_move__baldwinian__s5,A_f1_move__baldwinian,A_f1_move,A,baldwinian,5,1100,train,50,3.42,18,18,147.80837524911786,0.6041666666666666,0.5,adaptive_move,0.5625,0.07129721502938491,0.14255562827225132,342.0,0.0,0.0,410.0,146.0,0.0,0.0,0.0,42.0,0.0,0.0,24.0,17.0,0.0,0.0,0.0,0.0,0.0,0.0,24.0,0.0,0.0,0.0,0.0
A_f1_move__baldwinian__s5,A_f1_move__baldwinian,A_f1_move,A,baldwinian,5,1150,train,50,3.5,17,17,71.34755662491403,0.875,0.5,adaptive_move,0.5625,0.10417264611828707,0.17286681360201528,363.0,0.0,0.0,548.0,116.0,0.0,0.0,0.0,66.0,0.0,0.0,34.0,24.0,0.0,0.0,0.0,0.0,0.0,0.0,34.0,0.0,0.0,0.0,0.0
A_f1_move__baldwinian__s5,A_f1_move__baldwinian,A_f1_move,A,baldwinian,5,1200,train,50,3.44,8,8,76.04931604862888,0.875,0.5,adaptive_move,0.56875,0.0796466635362966,0.15916772959183656,239.0,0.0,0.0,477.0,98.0,0.0,0.0,0.0,67.0,0.0,0.0,23.0,25.0,0.0,0.0,0.0,0.0,0.0,0.0,23.0,0.0,0.0,0.0,0.0
A_f1_move__baldwinian__s5,A_f1_move__baldwinian,A_f1_move,A,baldwinian,5,1250,train,50,3.5,20,20,77.09113831762954,0.8541666666666666,0.5,adaptive_move,0.5,0.11772231253129825,0.18186564837905217,385.0,0.0,0.0,477.0,82.0,0.0,0.0,0.0,57.0,0.0,0.0,32.0,24.0,0.0,0.0,0.0,0.0,0.0,0.0,32.0,0.0,0.0,0.0,0.0
A_f1_move__baldwinian__s5,A_f1_move__baldwinian,A_f1_move,A,baldwinian,5,1300,train,50,3.6,10,10,99.0719899563772,0.7916666666666666,0.5,adaptive_move,0.54375,0.12099644625919372,0.19866286057692317,314.0,0.0,0.0,599.0,62.0,0.0,0.0,0.0,59.0,0.0,0.0,26.0,20.0,0.0,0.0,0.0,0.0,0.0,0.0,26.0,0.0,0.0,0.0,0.0
A_f1_move__baldwinian__s5,A_f1_move__baldwinian,A_f1_move,A,baldwinian,5,1350,train,50,3.68,17,17,118.92074881844687,0.7708333333333334,0.5,adaptive_move,0.51875,0.0829608671759517,0.16031568877550995,395.0,0.0,0.0,483.0,51.0,0.0,0.0,0.0,43.0,0.0,0.0,40.0,17.0,0.0,0.0,0.0,0.0,0.0,0.0,40.0,0.0,0.0,0.0,0.0
A_f1_move__baldwinian__s5,A_f1_move__baldwinian,A_f1_move,A,baldwinian,5,1400,train,50,3.86,21,21,89.81567035377,0.8333333333333334,0.5,adaptive_move,0.5625,0.09554465248173344,0.16190057544757042,396.0,0.0,0.0,407.0,20.0,0.0,0.0,0.0,62.0,0.0,0.0,36.0,10.0,0.0,0.0,0.0,0.0,0.0,0.0,36.0,0.0,0.0,0.0,0.0
A_f1_move__baldwinian__s5,A_f1_move__baldwinian,A_f1_move,A,baldwinian,5,1450,train,50,4.34,15,15,86.50703419202392,0.8333333333333334,0.5,adaptive_move,0.5625,0.08181269417966208,0.16034510178117034,372.0,0.0,0.0,371.0,83.0,0.0,0.0,0.0,51.0,0.0,0.0,24.0,21.0,0.0,0.0,0.0,0.0,0.0,0.0,24.0,0.0,0.0,0.0,0.0
A_f1_move__baldwinian__s5,A_f1_move__baldwinian,A_f1_move,A,baldwinian,5,1500,train,50,4.48,22,22,122.18726315482324,0.6875,0.5,adaptive_move,0.53125,0.10802413654529436,0.20238447867298603,303.0,0.0,0.0,371.0,38.0,0.0,0.0,0.0,49.0,0.0,0.0,34.0,17.0,0.0,0.0,0.0,0.0,0.0,0.0,34.0,0.0,0.0,0.0,0.0
A_f1_move__baldwinian__s5,A_f1_move__baldwinian,A_f1_move,A,baldwinian,5,1550,eval,50,4.6,19,19,169.7948101226018,0.6041666666666666,0.5,adaptive_move,0.485,0.0,0.0,410.0,0.0,0.0,522.0,16.0,0.0,0.0,32.0,39.0,0.0,0.0,31.0,5.0,0.0,0.0,9.0,0.0,0.0,0.0,31.0,0.0,0.0,0.0,9.0
A_f1_move__baldwinian__s5,A_f1_move__baldwinian,A_f1_move,A,baldwinian,5,1600,eval,50,4.78,21,21,169.8461825433344,0.6666666666666666,0.5,adaptive_move,0.46,0.0,0.0,443.0,0.0,0.0,499.0,6.0,0.0,0.0,17.0,41.0,0.0,0.0,42.0,5.0,0.0,0.0,0.0,0.0,0.0,0.0,42.0,0.0,0.0,0.0,0.0
A_f1_move__baldwinian__s5,A_f1_move__baldwinian,A_f1_move,A,baldwinian,5,1650,eval,50,5.04,18,18,193.95710213369622,0.5,0.5,adaptive_move,0.485,0.0,0.0,412.0,0.0,0.0,400.0,55.0,0.0,0.0,52.0,34.0,0.0,0.0,27.0,9.0,0.0,0.0,7.0,0.0,0.0,0.0,27.0,0.0,0.0,0.0,7.0
A_f1_move__baldwinian__s5,A_f1_move__baldwinian,A_f1_move,A,baldwinian,5,1700,eval,50,5.22,10,10,215.66888161870327,0.5,0.5,adaptive_move,0.5,0.0,0.0,338.0,0.0,0.0,296.0,149.0,0.0,0.0,94.0,36.0,0.0,0.0,30.0,4.0,0.0,0.0,2.0,0.0,0.0,0.0,30.0,0.0,0.0,0.0,2.0
A_f1_move__baldwinian__s5,A_f1_move__baldwinian,A_f1_move,A,baldwinian,5,1750,eval,50,5.22,10,10,173.21376085332227,0.6041666666666666,0.5,adaptive_move,0.49,0.0,0.0,316.0,0.0,0.0,490.0,140.0,0.0,0.0,131.0,27.0,0.0,0.0,33.0,14.0,0.0,0.0,1.0,0.0,0.0,0.0,33.0,0.0,0.0,0.0,1.0
A_f1_move__baldwinian__s5,A_f1_move__baldwinian,A_f1_move,A,baldwinian,5,1800,eval,50,5.2,5,5,179.6165864796752,0.5208333333333334,0.5,adaptive_move,0.5,0.0,0.0,355.0,0.0,0.0,565.0,116.0,0.0,0.0,102.0,20.0,0.0,0.0,22.0,15.0,0.0,0.0,4.0,0.0,0.0,0.0,22.0,0.0,0.0,0.0,4.0
A_f1_move__baldwinian__s6,A_f1_move__baldwinian,A_f1_move,A,baldwinian,6,50,train,50,0.92,33,3,139.34776608385596,0.7083333333333334,0.5,adaptive_move,0.56875,0.03893753628139848,0.07832199140401142,108.0,0.0,0.0,257.0,146.0,0.0,0.0,0.0,21.0,0.0,0.0,31.0,33.0,0.0,0.0,0.0,0.0,0.0,0.0,31.0,0.0,0.0,0.0,0.0
A_f1_move__baldwinian__s6,A_f1_move__baldwinian,A_f1_move,A,baldwinian,6,100,train,50,0.98,8,8,64.38723777789707,0.8958333333333334,0.5,adaptive_move,0.60625,0.08682325742511927,0.15980658567774952,333.0,0.0,0.0,436.0,92.0,0.0,0.0,0.0,46.0,0.0,0.0,49.0,23.0,0.0,0.0,0.0,0.0,0.0,0.0,49.0,0.0,0.0,0.0,0.0
A_f1_move__baldwinian__s6,A_f1_move__baldwinian,A_f1_move,A,baldwinian,6,150,train,50,1.04,10,10,66.30338435581636,0.8958333333333334,0.5,adaptive_move,0.475,0.09226140834412419,0.17254687499999988,436.0,0.0,0.0,400.0,153.0,0.0,0.0,0.0,55.0,0.0,0.0,26.0,23.0,0.0,0.0,0.0,0.0,0.0,0.0,26.0,0.0,0.0,0.0,0.0
A_f1_move__baldwinian__s6,A_f1_move__baldwinian,A_f1_move,A,baldwinian,6,200,train,50,0.98,18,18,63.77074010495776,0.8541666666666666,0.5,adaptive_move,0.56875,0.08606931639826265,0.16033407928388743,475.0,0.0,0.0,600.0,140.0,0.0,0.0,0.0,51.0,0.0,0.0,32.0,24.0,0.0,0.0,0.0,0.0,0.0,0.0,32.0,0.0,0.0,0.0,0.0
A_f1_move__baldwinian__s6,A_f1_move__baldwinian,A_f1_move,A,baldwinian,6,250,train,50,0.96,13,13,103.00253942022704,0.7916666666666666,0.5,adaptive_move,0.525,0.06135659393902622,0.132319297082228,382.0,0.0,0.0,365.0,158.0,0.0,0.0,0.0,51.0,0.0,0.0,28.0,24.0,0.0,0.0,0.0,0.0,0.0,0.0,28.0,0.0,0.0,0.0,0.0
A_f1_move__baldwinian__s6,A_f1_move__baldwinian,A_f1_move,A,baldwinian,6,300,train,50,0.92,10,10,48.143994638789174,0.9166666666666666,0.5,adaptive_move,0.49375,0.044154861865226304,0.09136443661971816,308.0,0.0,0.0,479.0,204.0,0.0,0.0,0.0,59.0,0.0,0.0,25.0,29.0,0.0,0.0,0.0,0.0,0.0,0.0,25.0,0.0,0.0,0.0,0.0
A_f1_move__baldwinian__s6,A_f1_move__baldwinian,A_f1_move,A,baldwinian,6,350,train,50,0.94,17,17,69.79387535834744,0.875,0.5,adaptive_move,0.54375,0.10711416027080907,0.18707107843137272,258.0,0.0,0.0,433.0,106.0,0.0,0.0,0.0,50.0,0.0,0.0,35.0,23.0,0.0,0.0,0.0,0.0,0.0,0.0,35.0,0.0,0.0,0.0,0.0
A_f1_move__baldwinian__s6,A_f1_move__baldwinian,A_f1_move,A,baldwinian,6,400,train,50,1.04,15,15,62.25121159365767,0.8958333333333334,0.5,adaptive_move,0.525,0.06142292265077817,0.12505040322580618,284.0,0.0,0.0,568.0,169.0,0.0,0.0,0.0,45.0,0.0,0.0,34.0,34.0,0.0,0.0,0.0,0.0,0.0,0.0,34.0,0.0,0.0,0.0,0.0
A_f1_move__baldwinian__s6,A_f1_move__baldwinian,A_f1_move,A,baldwinian,6,450,train,50,1.34,24,24,45.214714610119216,0.9583333333333334,0.5,adaptive_move,0.58125,0.09973145866925125,0.18740853658536594,342.0,0.0,0.0,425.0,116.0,0.0,0.0,0.0,53.0,0.0,0.0,39.0,33.0,0.0,0.0,0.0,0.0,0.0,0.0,39.0,0.0,0.0,0.0,0.0
A_f1_move__baldwinian__s6,A_f1_move__baldwinian,A_f1_move,A,baldwinian,6,500,train,47,1.8085106382978724,15,18,102.04687862940914,0.8333333333333334,0.5,adaptive_move,0.5125,0.06037807656220664,0.1098054407713498,355.0,0.0,0.0,377.0,66.0,0.0,0.0,0.0,48.0,0.0,0.0,29.0,21.0,0.0,0.0,0.0,0.0,0.0,0.0,29.0,0.0,0.0,0.0,0.0
A_f1_move__baldwinian__s6,A_f1_move__baldwinian,A_f1_move,A,baldwinian,6,550,train,50,2.02,27,24,86.454915495394,0.8541666666666666,0.5,adaptive_move,0.5125,0.09812556862980895,0.1749687499999999,356.0,0.0,0.0,476.0,72.0,0.0,0.0,0.0,42.0,0.0,0.0,35.0,24.0,0.0,0.0,0.0,0.0,0.0,0.0,35.0,0.0,0.0,0.0,0.0
A_f1_move__baldwinian__s6,A_f1_move__baldwinian,A_f1_move,A,baldwinian,6,600,train,50,2.08,18,18,104.22141641540003,0.75,0.5,adaptive_move,0.5375,0.05553411847216326,0.11221746575342473,447.0,0.0,0.0,383.0,125.0,0.0,0.0,0.0,52.0,0.0,0.0,26.0,18.0,0.0,0.0,0.0,0.0,0.0,0.0,26.0,0.0,0.0,0.0,0.0
A_f1_move__baldwinian__s6,A_f1_move__baldwinian,A_f1_move,A,baldwinian,6,650,train,50,2.22,24,24,66.60348006063751,0.8958333333333334,0.5,adaptive_move,0.50625,0.0674463796828256,0.13004679144385034,337.0,0.0,0.0,509.0,98.0,0.0,0.0,0.0,39.0,0.0,0.0,45.0,25.0,0.0,0.0,0.0,0.0,0.0,0.0,45.0,0.0,0.0,0.0,0.0
A_f1_move__baldwinian__s6,A_f1_move__baldwinian,A_f1_move,A,baldwinian,6,700,train,50,2.42,17,17,81.7588209792437,0.8333333333333334,0.5,adaptive_move,0.575,0.10113654092432228,0.16372282608695654,360.0,0.0,0.0,449.0,109.0,0.0,0.0,0.0,41.0,0.0,0.0,23.0,23.0,0.0,0.0,0.0,0.0,0.0,0.0,23.0,0.0,0.0,0.0,0.0
A_f1_move__baldwinian__s6,A_f1_move__baldwinian,A_f1_move,A,baldwinian,6,750,train,50,2.48,13,13,66.84554080060258,0.8541666666666666,0.5,adaptive_move,0.575,0.08382036245330572,0.16756735588972416,361.0,0.0,0.0,397.0,115.0,0.0,0.0,0.0,63.0,0.0,0.0,21.0,21.0,0.0,0.0,0.0,0.0,0.0,0.0,21.0,0.0,0.0,0.0,0.0
A_f1_move__baldwinian__s6,A_f1_move__baldwinian,A_f1_move,A,baldwinian,6,800,train,50,2.42,18,18,73.29740471995532,0.875,0.5,adaptive_move,0.60625,0.07478384948614597,0.15357371794871777,360.0,0.0,0.0,430.0,115.0,0.0,0.0,0.0,37.0,0.0,0.0,38.0,24.0,0.0,0.0,0.0,0.0,0.0,0.0,38.0,0.0,0.0,0.0,0.0
A_f1_move__baldwinian__s6,A_f1_move__baldwinian,A_f1_move,A,baldwinian,6,850,train,50,2.54,14,14,94.06278712549855,0.7708333333333334,0.5,adaptive_move,0.6,0.12042530939666145,0.1913296568627454,490.0,0.0,0.0,315.0,119.0,0.0,0.0,0.0,61.0,0.0,0.0,25.0,24.0,0.0,0.0,0.0,0.0,0.0,0.0,25.0,0.0,0.0,0.0,0.0
A_f1_move__baldwinian__s6,A_f1_move__baldwinian,A_f1_move,A,baldwinian,6,900,train,50,2.56,12,12,103.97717790973498,0.8125,0.5,adaptive_move,0.525,0.09962934967191014,0.15708171834625317,322.0,0.0,0.0,523.0,77.0,0.0,0.0,0.0,61.0,0.0,0.0,25.0,14.0,0.0,0.0,0.0,0.0,0.0,0.0,25.0,0.0,0.0,0.0,0.0
A_f1_move__baldwinian__s6,A_f1_move__baldwinian,A_f1_move,A,baldwinian,6,950,train,50,2.68,25,25,39.37323760890542,0.9583333333333334,0.5,adaptive_move,0.525,0.10359509687673504,0.19727774463007153,240.0,0.0,0.0,344.0,148.0,0.0,0.0,0.0,51.0,0.0,0.0,30.0,35.0,0.0,0.0,0.0,0.0,0.0,0.0,30.0,0.0,0.0,0.0,0.0
A_f1_move__baldwinian__s6,A_f1_move__baldwinian,A_f1_move,A,baldwinian,6,1000,train,50,2.9,17,17,74.9610352047173,0.8125,0.5,adaptive_move,0.54375,0.06565147033513635,0.14698804909560725,290.0,0.0,0.0,355.0,106.0,0.0,0.0,0.0,49.0,0.0,0.0,26.0,18.0,0.0,0.0,0.0,0.0,0.0,0.0,26.0,0.0,0.0,0.0,0.0
A_f1_move__baldwinian__s6,A_f1_move__baldwinian,A_f1_move,A,baldwinian,6,1050,train,50,3.14,20,20,102.97955099712183,0.8125,0.5,adaptive_move,0.55625,0.06842611280526188,0.14664831606217632,221.0,0.0,0.0,302.0,150.0,0.0,0.0,0.0,54.0,0.0,0.0,19.0,23.0,0.0,0.0,0.0,0.0,0.0,0.0,19.0,0.0,0.0,0.0,0.0
A_f1_move__baldwinian__s6,A_f1_move__baldwinian,A_f1_move,A,baldwinian,6,1100,train,50,3.6,26,26,128.36187366763158,0.75,0.5,adaptive_move,0.59375,0.1052898887209478,0.18127326302729552,377.0,0.0,0.0,347.0,83.0,0.0,0.0,0.0,48.0,0.0,0.0,28.0,23.0,0.0,0.0,0.0,0.0,0.0,0.0,28.0,0.0,0.0,0.0,0.0
A_f1_move__baldwinian__s6,A_f1_move__baldwinian,A_f1_move,A,baldwinian,6,1150,train,50,3.76,12,12,118.12442230321238,0.6875,0.5,adaptive_move,0.54375,0.04915198162575438,0.09992165738161551,264.0,0.0,0.0,363.0,112.0,0.0,0.0,0.0,41.0,0.0,0.0,25.0,22.0,0.0,0.0,0.0,0.0,0.0,0.0,25.0,0.0,0.0,0.0,0.0
A_f1_move__baldwinian__s6,A_f1_move__baldwinian,A_f1_move,A,baldwinian,6,1200,train,50,3.78,20,20,107.39948329124843,0.7916666666666666,0.5,adaptive_move,0.55,0.07336444607510806,0.14606119791666683,307.0,0.0,0.0,544.0,140.0,0.0,0.0,0.0,46.0,0.0,0.0,32.0,25.0,0.0,0.0,0.0,0.0,0.0,0.0,32.0,0.0,0.0,0.0,0.0
A_f1_move__baldwinian__s6,A_f1_move__baldwinian,A_f1_move,A,baldwinian,6,1250,train,50,3.96,18,18,56.361573475290896,0.9166666666666666,0.5,adaptive_move,0.55625,0.06235986138865892,0.12389656334231813,252.0,0.0,0.0,502.0,90.0,0.0,0.0,0.0,56.0,0.0,0.0,30.0,30.0,0.0,0.0,0.0,0.0,0.0,0.0,30.0,0.0,0.0,0.0,0.0
A_f1_move__baldwinian__s6,A_f1_move__baldwinian,A_f1_move,A,baldwinian,6,1300,train,50,4.16,15,15,93.4600152567547,0.75,0.5,adaptive_move,0.5375,0.07645886205092814,0.14623857702349885,384.0,0.0,0.0,438.0,156.0,0.0,0.0,0.0,49.0,0.0,0.0,21.0,18.0,0.0,0.0,0.0,0.0,0.0,0.0,21.0,0.0,0.0,0.0,0.0
A_f1_move__baldwinian__s6,A_f1_move__baldwinian,A_f1_move,A,baldwinian,6,1350,train,50,4.2,22,22,53.20678468555822,0.9583333333333334,0.5,adaptive_move,0.55,0.06697112474354815,0.131575,326.0,0.0,0.0,500.0,148.0,0.0,0.0,0.0,42.0,0.0,0.0,43.0,36.0,0.0,0.0,0.0,0.0,0.0,0.0,43.0,0.0,0.0,0.0,0.0
A_f1_move__baldwinian__s6,A_f1_move__baldwinian,A_f1_move,A,baldwinian,6,1400,train,50,4.3,16,16,85.60651951068502,0.8125,0.5,adaptive_move,0.525,0.09078023431210792,0.17232812499999994,475.0,0.0,0.0,575.0,57.0,0.0,0.0,0.0,51.0,0.0,0.0,36.0,22.0,0.0,0.0,0.0,0.0,0.0,0.0,36.0,0.0,0.0,0.0,0.0
A_f1_move__baldwinian__s6,A_f1_move__baldwinian,A_f1_move,A,baldwinian,6,1450,train,50,4.54,16,16,83.19780202213678,0.8333333333333334,0.5,adaptive_move,0.53125,0.06793688789184633,0.13039772727272703,326.0,0.0,0.0,338.0,193.0,0.0,0.0,0.0,37.0,0.0,0.0,30.0,29.0,0.0,0.0,0.0,0.0,0.0,0.0,30.0,0.0,0.0,0.0,0.0
A_f1_move__baldwinian__s6,A_f1_move__baldwinian,A_f1_move,A,baldwinian,6,1500,train,50,4.76,22,22,50.92201497742083,0.9166666666666666,0.5,adaptive_move,0.5125,0.0535424103207504,0.12395274798927614,316.0,0.0,0.0,371.0,124.0,0.0,0.0,0.0,69.0,0.0,0.0,23.0,24.0,0.0,0.0,0.0,0.0,0.0,0.0,23.0,0.0,0.0,0.0,0.0
A_f1_move__baldwinian__s6,A_f1_move__baldwinian,A_f1_move,A,baldwinian,6,1550,eval,47,5.085106382978723,30,33,107.5087139967313,0.8125,0.5,adaptive_move,0.53,0.0,0.0,280.0,0.0,0.0,409.0,52.0,0.0,0.0,59.0,42.0,0.0,0.0,36.0,11.0,0.0,0.0,10.0,0.0,0.0,0.0,36.0,0.0,0.0,0.0,10.0
A_f1_move__baldwinian__s6,A_f1_move__baldwinian,A_f1_move,A,baldwinian,6,1600,eval,50,5.42,25,22,129.16625172890218,0.75,0.5,adaptive_move,0.51,0.0,0.0,558.0,0.0,0.0,296.0,98.0,0.0,0.0,56.0,52.0,0.0,0.0,25.0,14.0,0.0,0.0,6.0,0.0,0.0,0.0,25.0,0.0,0.0,0.0,6.0
A_f1_move__baldwinian__s6,A_f1_move__baldwinian,A_f1_move,A,baldwinian,6,1650,eval,50,5.42,19,19,150.08030597210313,0.5625,0.5,adaptive_move,0.505,0.0,0.0,429.0,0.0,0.0,481.0,94.0,0.0,0.0,160.0,23.0,0.0,0.0,28.0,6.0,0.0,0.0,19.0,0.0,0.0,0.0,28.0,0.0,0.0,0.0,19.0
A_f1_move__baldwinian__s6,A_f1_move__baldwinian,A_f1_move,A,baldwinian,6,1700,eval,50,5.5,15,15,164.96849305661618,0.6666666666666666,0.5,adaptive_move,0.53,0.0,0.0,698.0,0.0,0.0,551.0,51.0,0.0,0.0,23.0,48.0,0.0,0.0,31.0,6.0,0.0,0.0,4.0,0.0,0.0,0.0,31.0,0.0,0.0,0.0,4.0
A_f1_move__baldwinian__s6,A_f1_move__baldwinian,A_f1_move,A,baldwinian,6,1750,eval,50,5.54,9,9,233.85881135278652,0.4375,0.5,adaptive_move,0.47,0.0,0.0,487.0,0.0,0.0,375.0,63.0,0.0,0.0,155.0,34.0,0.0,0.0,15.0,5.0,0.0,0.0,3.0,0.0,0.0,0.0,15.0,0.0,0.0,0.0,3.0
A_f1_move__baldwinian__s6,A_f1_move__baldwinian,A_f1_move,A,baldwinian,6,1800,eval,50,5.52,8,8,149.9153387564819,0.6666666666666666,0.5,adaptive_move,0.465,0.0,0.0,414.0,0.0,0.0,539.0,182.0,0.0,0.0,88.0,34.0,0.0,0.0,22.0,28.0,0.0,0.0,5.0,0.0,0.0,0.0,22.0,0.0,0.0,0.0,5.0
A_f1_move__baldwinian__s7,A_f1_move__baldwinian,A_f1_move,A,baldwinian,7,50,train,50,0.94,34,4,37.221394054075965,0.9583333333333334,0.5,adaptive_move,0.53125,0.03593396825319078,0.08168625356125347,191.0,0.0,0.0,201.0,106.0,0.0,0.0,0.0,60.0,0.0,0.0,40.0,21.0,0.0,0.0,0.0,0.0,0.0,0.0,40.0,0.0,0.0,0.0,0.0
A_f1_move__baldwinian__s7,A_f1_move__baldwinian,A_f1_move,A,baldwinian,7,100,train,45,0.9333333333333333,8,13,71.30163333575504,0.9166666666666666,0.5,adaptive_move,0.4875,0.07689497532557976,0.1490340909090906,377.0,0.0,0.0,462.0,156.0,0.0,0.0,0.0,42.0,0.0,0.0,30.0,16.0,0.0,0.0,0.0,0.0,0.0,0.0,30.0,0.0,0.0,0.0,0.0
A_f1_move__baldwinian__s7,A_f1_move__baldwinian,A_f1_move,A,baldwinian,7,150,train,44,1.0909090909090908,16,17,81.42878427209331,0.8541666666666666,0.5,adaptive_move,0.51875,0.06725066526251802,0.12189193766937656,417.0,0.0,0.0,473.0,130.0,0.0,0.0,0.0,61.0,0.0,0.0,34.0,16.0,0.0,0.0,0.0,0.0,0.0,0.0,34.0,0.0,0.0,0.0,0.0
A_f1_move__baldwinian__s7,A_f1_move__baldwinian,A_f1_move,A,baldwinian,7,200,train,47,1.2553191489361701,14,11,55.799548145629295,0.9166666666666666,0.5,adaptive_move,0.58125,0.10873156314033236,0.1829362623762376,367.0,0.0,0.0,538.0,93.0,0.0,0.0,0.0,59.0,0.0,0.0,37.0,20.0,0.0,0.0,0.0,0.0,0.0,0.0,37.0,0.0,0.0,0.0,0.0
A_f1_move__baldwinian__s7,A_f1_move__baldwinian,A_f1_move,A,baldwinian,7,250,train,43,1.2790697674418605,16,20,66.18267740144907,0.9166666666666666,0.5,adaptive_move,0.625,0.09799923431131902,0.17890043424317614,287.0,0.0,0.0,467.0,65.0,0.0,0.0,0.0,60.0,0.0,0.0,30.0,21.0,0.0,0.0,0.0,0.0,0.0,0.0,30.0,0.0,0.0,0.0,0.0
A_f1_move__baldwinian__s7,A_f1_move__baldwinian,A_f1_move,A,baldwinian,7,300,train,40,1.575,12,15,137.12243612319156,0.6875,0.5,adaptive_move,0.56875,0.10757634444176228,0.1862177518427519,289.0,0.0,0.0,414.0,59.0,0.0,0.0,0.0,43.0,0.0,0.0,28.0,15.0,0.0,0.0,0.0,0.0,0.0,0.0,28.0,0.0,0.0,0.0,0.0
A_f1_move__baldwinian__s7,A_f1_move__baldwinian,A_f1_move,A,baldwinian,7,350,train,43,1.6744186046511629,20,17,93.15217802158412,0.875,0.5,adaptive_move,0.575,0.11867272403721776,0.16424679487179472,379.0,0.0,0.0,556.0,59.0,0.0,0.0,0.0,61.0,0.0,0.0,35.0,13.0,0.0,0.0,0.0,0.0,0.0,0.0,35.0,0.0,0.0,0.0,0.0
A_f1_move__baldwinian__s7,A_f1_move__baldwinian,A_f1_move,A,baldwinian,7,400,train,46,1.9130434782608696,23,20,61.09897666627134,0.9166666666666666,0.5,adaptive_move,0.5375,0.07141059865854366,0.13126671122994638,449.0,0.0,0.0,459.0,46.0,0.0,0.0,0.0,55.0,0.0,0.0,30.0,19.0,0.0,0.0,0.0,0.0,0.0,0.0,30.0,0.0,0.0,0.0,0.0
A_f1_move__baldwinian__s7,A_f1_move__baldwinian,A_f1_move,A,baldwinian,7,450,train,44,1.8409090909090908,13,15,75.74948133370367,0.8958333333333334,0.5,adaptive_move,0.58125,0.14371621446617003,0.22669930875576028,355.0,0.0,0.0,429.0,62.0,0.0,0.0,0.0,56.0,0.0,0.0,31.0,21.0,0.0,0.0,0.0,0.0,0.0,0.0,31.0,0.0,0.0,0.0,0.0
A_f1_move__baldwinian__s7,A_f1_move__baldwinian,A_f1_move,A,baldwinian,7,500,train,38,2.026315789473684,16,22,77.22483353613075,0.8541666666666666,0.5,adaptive_move,0.55625,0.09204982035711037,0.17846450617283938,294.0,0.0,0.0,463.0,154.0,0.0,0.0,0.0,66.0,0.0,0.0,24.0,20.0,0.0,0.0,0.0,0.0,0.0,0.0,24.0,0.0,0.0,0.0,0.0
A_f1_move__baldwinian__s7,A_f1_move__baldwinian,A_f1_move,A,baldwinian,7,550,train,48,2.6041666666666665,28,18,107.76352103668644,0.7916666666666666,0.5,adaptive_move,0.5,0.06379039073896106,0.12293918918918934,375.0,0.0,0.0,580.0,99.0,0.0,0.0,0.0,46.0,0.0,0.0,39.0,16.0,0.0,0.0,0.0,0.0,0.0,0.0,39.0,0.0,0.0,0.0,0.0
A_f1_move__baldwinian__s7,A_f1_move__baldwinian,A_f1_move,A,baldwinian,7,600,train,42,2.7142857142857144,19,25,74.91639455216995,0.8541666666666666,0.5,adaptive_move,0.58125,0.06327433978056178,0.13039166666666646,399.0,0.0,0.0,364.0,104.0,0.0,0.0,0.0,55.0,0.0,0.0,45.0,14.0,0.0,0.0,0.0,0.0,0.0,0.0,45.0,0.0,0.0,0.0,0.0
A_f1_move__baldwinian__s7,A_f1_move__baldwinian,A_f1_move,A,baldwinian,7,650,train,46,2.8260869565217392,19,15,58.329813790559555,0.9166666666666666,0.5,adaptive_move,0.525,0.069684150603714,0.13560179045092835,339.0,0.0,0.0,376.0,62.0,0.0,0.0,0.0,55.0,0.0,0.0,31.0,17.0,0.0,0.0,0.0,0.0,0.0,0.0,31.0,0.0,0.0,0.0,0.0
A_f1_move__baldwinian__s7,A_f1_move__baldwinian,A_f1_move,A,baldwinian,7,700,train,48,2.9166666666666665,16,14,70.26944191698749,0.8541666666666666,0.5,adaptive_move,0.575,0.0687109406823678,0.13490550397877965,441.0,0.0,0.0,503.0,111.0,0.0,0.0,0.0,49.0,0.0,0.0,31.0,13.0,0.0,0.0,0.0,0.0,0.0,0.0,31.0,0.0,0.0,0.0,0.0
A_f1_move__baldwinian__s7,A_f1_move__baldwinian,A_f1_move,A,baldwinian,7,750,train,50,2.96,21,19,59.70779500477449,0.8541666666666666,0.5,adaptive_move,0.5,0.07852474253248677,0.15378543814433,469.0,0.0,0.0,506.0,112.0,0.0,0.0,0.0,58.0,0.0,0.0,32.0,19.0,0.0,0.0,0.0,0.0,0.0,0.0,32.0,0.0,0.0,0.0,0.0
A_f1_move__baldwinian__s7,A_f1_move__baldwinian,A_f1_move,A,baldwinian,7,800,train,46,3.0652173913043477,16,20,69.26637024695013,0.8958333333333334,0.5,adaptive_move,0.5375,0.0944715885966455,0.1767101990049753,344.0,0.0,0.0,370.0,72.0,0.0,0.0,0.0,69.0,0.0,0.0,33.0,16.0,0.0,0.0,0.0,0.0,0.0,0.0,33.0,0.0,0.0,0.0,0.0
A_f1_move__baldwinian__s7,A_f1_move__baldwinian,A_f1_move,A,baldwinian,7,850,train,35,3.1142857142857143,15,26,96.51186525124417,0.8541666666666666,0.5,adaptive_move,0.5375,0.09221274941892116,0.17515547263681608,398.0,0.0,0.0,596.0,22.0,0.0,0.0,0.0,52.0,0.0,0.0,38.0,9.0,0.0,0.0,0.0,0.0,0.0,0.0,38.0,0.0,0.0,0.0,0.0
A_f1_move__baldwinian__s7,A_f1_move__baldwinian,A_f1_move,A,baldwinian,7,900,train,29,3.4482758620689653,19,25,100.32930077458323,0.7708333333333334,0.5,adaptive_move,0.50625,0.09588691788536807,0.14918193717277495,301.0,0.0,0.0,531.0,47.0,0.0,0.0,0.0,46.0,0.0,0.0,52.0,11.0,0.0,0.0,0.0,0.0,0.0,0.0,52.0,0.0,0.0,0.0,0.0
A_f1_move__baldwinian__s7,A_f1_move__baldwinian,A_f1_move,A,baldwinian,7,950,train,44,3.5,23,8,74.98226370960236,0.875,0.5,adaptive_move,0.5125,0.05769336678898667,0.11415642076502719,394.0,0.0,0.0,441.0,43.0,0.0,0.0,0.0,68.0,0.0,0.0,38.0,13.0,0.0,0.0,0.0,0.0,0.0,0.0,38.0,0.0,0.0,0.0,0.0
A_f1_move__baldwinian__s7,A_f1_move__baldwinian,A_f1_move,A,baldwinian,7,1000,train,36,3.4166666666666665,12,20,107.54456583138456,0.8541666666666666,0.5,adaptive_move,0.55,0.07809439901094528,0.15066386010362698,399.0,0.0,0.0,400.0,38.0,0.0,0.0,0.0,47.0,0.0,0.0,29.0,14.0,0.0,0.0,0.0,0.0,0.0,0.0,29.0,0.0,0.0,0.0,0.0
A_f1_move__baldwinian__s7,A_f1_move__baldwinian,A_f1_move,A,baldwinian,7,1050,train,36,3.611111111111111,17,17,97.06975162850411,0.7708333333333334,0.5,adaptive_move,0.54375,0.08419487077135719,0.14972330729166683,377.0,0.0,0.0,396.0,30.0,0.0,0.0,0.0,57.0,0.0,0.0,32.0,14.0,0.0,0.0,0.0,0.0,0.0,0.0,32.0,0.0,0.0,0.0,0.0
A_f1_move__baldwinian__s7,A_f1_move__baldwinian,A_f1_move,A,baldwinian,7,1100,train,37,4.081081081081081,16,15,89.67445302774289,0.8125,0.5,adaptive_move,0.525,0.03368958111432736,0.0828835227272724,327.0,0.0,0.0,320.0,64.0,0.0,0.0,0.0,61.0,0.0,0.0,28.0,17.0,0.0,0.0,0.0,0.0,0.0,0.0,28.0,0.0,0.0,0.0,0.0
A_f1_move__baldwinian__s7,A_f1_move__baldwinian,A_f1_move,A,baldwinian,7,1150,train,34,4.205882352941177,12,15,122.23830447091345,0.7291666666666666,0.5,adaptive_move,0.54375,0.0635353913331049,0.12426718328840969,278.0,0.0,0.0,388.0,52.0,0.0,0.0,0.0,41.0,0.0,0.0,39.0,12.0,0.0,0.0,0.0,0.0,0.0,0.0,39.0,0.0,0.0,0.0,0.0
A_f1_move__baldwinian__s7,A_f1_move__baldwinian,A_f1_move,A,baldwinian,7,1200,train,47,4.340425531914893,24,11,65.40201907671818,0.8958333333333334,0.5,adaptive_move,0.5625,0.10392992540133653,0.1865962009803921,278.0,0.0,0.0,644.0,16.0,0.0,0.0,0.0,48.0,0.0,0.0,53.0,13.0,0.0,0.0,0.0,0.0,0.0,0.0,53.0,0.0,0.0,0.0,0.0
A_f1_move__baldwinian__s7,A_f1_move__baldwinian,A_f1_move,A,baldwinian,7,1250,train,50,4.54,19,16,75.54898867829954,0.8541666666666666,0.5,adaptive_move,0.575,0.07883212591565086,0.1610881979695431,321.0,0.0,0.0,473.0,129.0,0.0,0.0,0.0,54.0,0.0,0.0,28.0,21.0,0.0,0.0,0.0,0.0,0.0,0.0,28.0,0.0,0.0,0.0,0.0
A_f1_move__baldwinian__s7,A_f1_move__baldwinian,A_f1_move,A,baldwinian,7,1300,train,50,4.74,19,19,72.33620782055877,0.8333333333333334,0.5,adaptive_move,0.55,0.11730578628360468,0.20395833333333346,305.0,0.0,0.0,529.0,94.0,0.0,0.0,0.0,43.0,0.0,0.0,33.0,21.0,0.0,0.0,0.0,0.0,0.0,0.0,33.0,0.0,0.0,0.0,0.0
A_f1_move__baldwinian__s7,A_f1_move__baldwinian,A_f1_move,A,baldwinian,7,1350,train,44,4.795454545454546,14,20,97.38016401876236,0.8333333333333334,0.5,adaptive_move,0.54375,0.09591364030674875,0.16683058375634485,464.0,0.0,0.0,499.0,28.0,0.0,0.0,0.0,67.0,0.0,0.0,29.0,8.0,0.0,0.0,0.0,0.0,0.0,0.0,29.0,0.0,0.0,0.0,0.0
A_f1_move__baldwinian__s7,A_f1_move__baldwinian,A_f1_move,A,baldwinian,7,1400,train,46,4.934782608695652,15,13,58.05097257290193,0.8958333333333334,0.5,adaptive_move,0.53125,0.05911769348853457,0.12313847708894898,390.0,0.0,0.0,312.0,75.0,0.0,0.0,0.0,64.0,0.0,0.0,30.0,17.0,0.0,0.0,0.0,0.0,0.0,0.0,30.0,0.0,0.0,0.0,0.0
A_f1_move__baldwinian__s7,A_f1_move__baldwinian,A_f1_move,A,baldwinian,7,1450,train,50,5.02,21,17,67.04114709008712,0.8541666666666666,0.5,adaptive_move,0.55,0.06864190702675851,0.12718413978494603,433.0,0.0,0.0,500.0,80.0,0.0,0.0,0.0,63.0,0.0,0.0,28.0,20.0,0.0,0.0,0.0,0.0,0.0,0.0,28.0,0.0,0.0,0.0,0.0
A_f1_move__baldwinian__s7,A_f1_move__baldwinian,A_f1_move,A,baldwinian,7,1500,train,50,5.1,13,13,72.52534008493612,0.8541666666666666,0.5,adaptive_move,0.56875,0.0697617815102924,0.13250833333333323,396.0,0.0,0.0,353.0,141.0,0.0,0.0,0.0,56.0,0.0,0.0,26.0,19.0,0.0,0.0,0.0,0.0,0.0,0.0,26.0,0.0,0.0,0.0,0.0
A_f1_move__baldwinian__s7,A_f1_move__baldwinian,A_f1_move,A,baldwinian,7,1550,eval,50,5.26,19,19,94.55157716790154,0.8125,0.5,adaptive_move,0.485,0.0,0.0,393.0,0.0,0.0,524.0,66.0,0.0,0.0,32.0,42.0,0.0,0.0,37.0,8.0,0.0,0.0,3.0,0.0,0.0,0.0,37.0,0.0,0.0,0.0,3.0
A_f1_move__baldwinian__s7,A_f1_move__baldwinian,A_f1_move,A,baldwinian,7,1600,eval,50,5.38,25,25,122.03142231466211,0.7291666666666666,0.5,adaptive_move,0.495,0.0,0.0,459.0,0.0,0.0,387.0,80.0,0.0,0.0,60.0,45.0,0.0,0.0,31.0,8.0,0.0,0.0,8.0,0.0,0.0,0.0,31.0,0.0,0.0,0.0,8.0
A_f1_move__baldwinian__s7,A_f1_move__baldwinian,A_f1_move,A,baldwinian,7,1650,eval,50,5.78,22,22,121.11085466233251,0.75,0.5,adaptive_move,0.51,0.0,0.0,469.0,0.0,0.0,383.0,67.0,0.0,0.0,45.0,48.0,0.0,0.0,22.0,9.0,0.0,0.0,6.0,0.0,0.0,0.0,22.0,0.0,0.0,0.0,6.0
A_f1_move__baldwinian__s7,A_f1_move__baldwinian,A_f1_move,A,baldwinian,7,1700,eval,50,5.82,16,16,167.23474835092955,0.625,0.5,adaptive_move,0.495,0.0,0.0,512.0,0.0,0.0,524.0,43.0,0.0,0.0,95.0,35.0,0.0,0.0,18.0,4.0,0.0,0.0,4.0,0.0,0.0,0.0,18.0,0.0,0.0,0.0,4.0
A_f1_move__baldwinian__s7,A_f1_move__baldwinian,A_f1_move,A,baldwinian,7,1750,eval,50,6.0,15,15,162.78215581916177,0.5833333333333334,0.5,adaptive_move,0.5,0.0,0.0,473.0,0.0,0.0,403.0,61.0,0.0,0.0,97.0,48.0,0.0,0.0,32.0,3.0,0.0,0.0,5.0,0.0,0.0,0.0,32.0,0.0,0.0,0.0,5.0
A_f1_move__baldwinian__s7,A_f1_move__baldwinian,A_f1_move,A,baldwinian,7,1800,eval,50,5.98,15,15,183.15397403028612,0.4583333333333333,0.5,adaptive_move,0.465,0.0,0.0,571.0,0.0,0.0,402.0,182.0,0.0,0.0,137.0,36.0,0.0,0.0,20.0,5.0,0.0,0.0,4.0,0.0,0.0,0.0,20.0,0.0,0.0,0.0,4.0
A_f1_move__baldwinian__s8,A_f1_move__baldwinian,A_f1_move,A,baldwinian,8,50,train,50,0.78,34,4,128.77166060206093,0.75,0.5,adaptive_move,0.51875,0.06796268245897436,0.12713373655913962,211.0,0.0,0.0,288.0,23.0,0.0,0.0,0.0,53.0,0.0,0.0,42.0,1.0,0.0,0.0,0.0,0.0,0.0,0.0,42.0,0.0,0.0,0.0,0.0
A_f1_move__baldwinian__s8,A_f1_move__baldwinian,A_f1_move,A,baldwinian,8,100,train,50,0.92,10,10,58.40650976435747,0.8958333333333334,0.5,adaptive_move,0.55,0.07800578010003126,0.146450718015666,462.0,0.0,0.0,491.0,91.0,0.0,0.0,0.0,66.0,0.0,0.0,32.0,12.0,0.0,0.0,0.0,0.0,0.0,0.0,32.0,0.0,0.0,0.0,0.0
A_f1_move__baldwinian__s8,A_f1_move__baldwinian,A_f1_move,A,baldwinian,8,150,train,50,0.92,13,13,71.14977206074813,0.8541666666666666,0.5,adaptive_move,0.525,0.11137625538428693,0.18995262836185778,271.0,0.0,0.0,528.0,69.0,0.0,0.0,0.0,47.0,0.0,0.0,37.0,13.0,0.0,0.0,0.0,0.0,0.0,0.0,37.0,0.0,0.0,0.0,0.0
A_f1_move__baldwinian__s8,A_f1_move__baldwinian,A_f1_move,A,baldwinian,8,200,train,50,1.14,20,20,148.86164254433623,0.7083333333333334,0.5,adaptive_move,0.53125,0.08662934057482076,0.1784781941031941,383.0,0.0,0.0,502.0,70.0,0.0,0.0,0.0,54.0,0.0,0.0,38.0,10.0,0.0,0.0,0.0,0.0,0.0,0.0,38.0,0.0,0.0,0.0,0.0
A_f1_move__baldwinian__s8,A_f1_move__baldwinian,A_f1_move,A,baldwinian,8,250,train,49,1.3061224489795917,26,27,59.137415858704955,0.9166666666666666,0.5,adaptive_move,0.51875,0.10155382247739903,0.1831588669950739,362.0,0.0,0.0,419.0,98.0,0.0,0.0,0.0,59.0,0.0,0.0,52.0,11.0,0.0,0.0,0.0,0.0,0.0,0.0,52.0,0.0,0.0,0.0,0.0
A_f1_move__baldwinian__s8,A_f1_move__baldwinian,A_f1_move,A,baldwinian,8,300,train,50,1.24,11,10,72.14157055613816,0.8541666666666666,0.5,adaptive_move,0.525,0.09722971557873267,0.1612179487179488,455.0,0.0,0.0,323.0,219.0,0.0,0.0,0.0,76.0,0.0,0.0,19.0,11.0,0.0,0.0,0.0,0.0,0.0,0.0,19.0,0.0,0.0,0.0,0.0
A_f1_move__baldwinian__s8,A_f1_move__baldwinian,A_f1_move,A,baldwinian,8,350,train,50,1.16,18,18,75.43577628929901,0.8958333333333334,0.5,adaptive_move,0.51875,0.07585852798152729,0.14991904145077717,307.0,0.0,0.0,374.0,106.0,0.0,0.0,0.0,57.0,0.0,0.0,27.0,10.0,0.0,0.0,0.0,0.0,0.0,0.0,27.0,0.0,0.0,0.0,0.0
A_f1_move__baldwinian__s8,A_f1_move__baldwinian,A_f1_move,A,baldwinian,8,400,train,50,1.28,14,14,86.48301039248453,0.8125,0.5,adaptive_move,0.55625,0.12565829897465347,0.19619069343065676,293.0,0.0,0.0,427.0,98.0,0.0,0.0,0.0,60.0,0.0,0.0,26.0,11.0,0.0,0.0,0.0,0.0,0.0,0.0,26.0,0.0,0.0,0.0,0.0
A_f1_move__baldwinian__s8,A_f1_move__baldwinian,A_f1_move,A,baldwinian,8,450,train,49,1.2653061224489797,17,18,54.393536825401966,0.8958333333333334,0.5,adaptive_move,0.575,0.13308004360927883,0.21723130841121474,286.0,0.0,0.0,403.0,36.0,0.0,0.0,0.0,69.0,0.0,0.0,25.0,14.0,0.0,0.0,0.0,0.0,0.0,0.0,25.0,0.0,0.0,0.0,0.0
A_f1_move__baldwinian__s8,A_f1_move__baldwinian,A_f1_move,A,baldwinian,8,500,train,35,1.7428571428571429,13,27,75.80687900382878,0.875,0.5,adaptive_move,0.53125,0.1139955042775789,0.20505035545023698,220.0,0.0,0.0,468.0,97.0,0.0,0.0,0.0,50.0,0.0,0.0,40.0,11.0,0.0,0.0,0.0,0.0,0.0,0.0,40.0,0.0,0.0,0.0,0.0
A_f1_move__baldwinian__s8,A_f1_move__baldwinian,A_f1_move,A,baldwinian,8,550,train,46,2.260869565217391,24,13,100.02319786333135,0.7916666666666666,0.5,adaptive_move,0.5,0.07856965826010007,0.15098769430051817,258.0,0.0,0.0,357.0,61.0,0.0,0.0,0.0,51.0,0.0,0.0,28.0,11.0,0.0,0.0,0.0,0.0,0.0,0.0,28.0,0.0,0.0,0.0,0.0
A_f1_move__baldwinian__s8,A_f1_move__baldwinian,A_f1_move,A,baldwinian,8,600,train,50,2.4,21,17,78.6311546548672,0.8541666666666666,0.5,adaptive_move,0.58125,0.15150658987774884,0.22519576566125288,327.0,0.0,0.0,331.0,95.0,0.0,0.0,0.0,57.0,0.0,0.0,42.0,11.0,0.0,0.0,0.0,0.0,0.0,0.0,42.0,0.0,0.0,0.0,0.0
A_f1_move__baldwinian__s8,A_f1_move__baldwinian,A_f1_move,A,baldwinian,8,650,train,47,2.276595744680851,11,14,63.67439195064879,0.9375,0.5,adaptive_move,0.5625,0.09020088797137325,0.17829475308641962,319.0,0.0,0.0,376.0,61.0,0.0,0.0,0.0,61.0,0.0,0.0,37.0,10.0,0.0,0.0,0.0,0.0,0.0,0.0,37.0,0.0,0.0,0.0,0.0
A_f1_move__baldwinian__s8,A_f1_move__baldwinian,A_f1_move,A,baldwinian,8,700,train,50,2.18,20,17,88.19456738109243,0.7708333333333334,0.5,adaptive_move,0.475,0.0731304317720275,0.15140141752577319,472.0,0.0,0.0,527.0,75.0,0.0,0.0,0.0,67.0,0.0,0.0,28.0,11.0,0.0,0.0,0.0,0.0,0.0,0.0,28.0,0.0,0.0,0.0,0.0
A_f1_move__baldwinian__s8,A_f1_move__baldwinian,A_f1_move,A,baldwinian,8,750,train,50,2.14,9,9,51.79189602572589,0.8958333333333334,0.5,adaptive_move,0.5125,0.08156936165484215,0.16488320707070714,536.0,0.0,0.0,506.0,124.0,0.0,0.0,0.0,75.0,0.0,0.0,25.0,17.0,0.0,0.0,0.0,0.0,0.0,0.0,25.0,0.0,0.0,0.0,0.0
A_f1_move__baldwinian__s8,A_f1_move__baldwinian,A_f1_move,A,baldwinian,8,800,train,50,2.22,19,19,81.03948378681753,0.8333333333333334,0.5,adaptive_move,0.54375,0.0778873955421635,0.1592159669211195,379.0,0.0,0.0,372.0,81.0,0.0,0.0,0.0,48.0,0.0,0.0,36.0,14.0,0.0,0.0,0.0,0.0,0.0,0.0,36.0,0.0,0.0,0.0,0.0
A_f1_move__baldwinian__s8,A_f1_move__baldwinian,A_f1_move,A,baldwinian,8,850,train,50,2.22,16,16,66.2084972758395,0.875,0.5,adaptive_move,0.54375,0.10268775173153384,0.19145732445520558,442.0,0.0,0.0,597.0,71.0,0.0,0.0,0.0,65.0,0.0,0.0,29.0,12.0,0.0,0.0,0.0,0.0,0.0,0.0,29.0,0.0,0.0,0.0,0.0
A_f1_move__baldwinian__s8,A_f1_move__baldwinian,A_f1_move,A,baldwinian,8,900,train,50,2.4,25,25,49.0747207140802,0.9583333333333334,0.5,adaptive_move,0.58125,0.08589314031972312,0.1677135678391959,375.0,0.0,0.0,354.0,42.0,0.0,0.0,0.0,59.0,0.0,0.0,41.0,11.0,0.0,0.0,0.0,0.0,0.0,0.0,41.0,0.0,0.0,0.0,0.0
A_f1_move__baldwinian__s8,A_f1_move__baldwinian,A_f1_move,A,baldwinian,8,950,train,50,2.74,20,20,72.67185105969645,0.8333333333333334,0.5,adaptive_move,0.56875,0.1647053385134153,0.24180743243243263,353.0,0.0,0.0,379.0,41.0,0.0,0.0,0.0,59.0,0.0,0.0,21.0,11.0,0.0,0.0,0.0,0.0,0.0,0.0,21.0,0.0,0.0,0.0,0.0
A_f1_move__baldwinian__s8,A_f1_move__baldwinian,A_f1_move,A,baldwinian,8,1000,train,48,2.7708333333333335,16,18,58.9446938269987,0.9166666666666666,0.5,adaptive_move,0.6,0.08778786372819515,0.1766743827160493,340.0,0.0,0.0,390.0,47.0,0.0,0.0,0.0,67.0,0.0,0.0,37.0,12.0,0.0,0.0,0.0,0.0,0.0,0.0,37.0,0.0,0.0,0.0,0.0
A_f1_move__baldwinian__s8,A_f1_move__baldwinian,A_f1_move,A,baldwinian,8,1050,train,42,3.0238095238095237,18,24,149.08041004456575,0.6458333333333334,0.5,adaptive_move,0.45625,0.04370609482643256,0.0968924581005588,236.0,0.0,0.0,440.0,90.0,0.0,0.0,0.0,44.0,0.0,0.0,35.0,14.0,0.0,0.0,0.0,0.0,0.0,0.0,35.0,0.0,0.0,0.0,0.0
A_f1_move__baldwinian__s8,A_f1_move__baldwinian,A_f1_move,A,baldwinian,8,1100,train,49,3.326530612244898,22,15,66.65958665050192,0.8958333333333334,0.5,adaptive_move,0.55625,0.05867142662133329,0.12895833333333329,474.0,0.0,0.0,401.0,91.0,0.0,0.0,0.0,62.0,0.0,0.0,38.0,15.0,0.0,0.0,0.0,0.0,0.0,0.0,38.0,0.0,0.0,0.0,0.0
A_f1_move__baldwinian__s8,A_f1_move__baldwinian,A_f1_move,A,baldwinian,8,1150,train,45,3.6666666666666665,15,19,107.08986696648832,0.8333333333333334,0.5,adaptive_move,0.575,0.06991974886359353,0.1465178571428567,368.0,0.0,0.0,499.0,86.0,0.0,0.0,0.0,40.0,0.0,0.0,32.0,14.0,0.0,0.0,0.0,0.0,0.0,0.0,32.0,0.0,0.0,0.0,0.0
A_f1_move__baldwinian__s8,A_f1_move__baldwinian,A_f1_move,A,baldwinian,8,1200,train,42,3.8333333333333335,16,19,61.79448784868126,0.9166666666666666,0.5,adaptive_move,0.525,0.08459964818572807,0.15710957583547547,453.0,0.0,0.0,521.0,139.0,0.0,0.0,0.0,65.0,0.0,0.0,47.0,15.0,0.0,0.0,0.0,0.0,0.0,0.0,47.0,0.0,0.0,0.0,0.0
A_f1_move__baldwinian__s8,A_f1_move__baldwinian,A_f1_move,A,baldwinian,8,1250,train,48,4.083333333333333,19,13,32.801062794344524,1.0,0.5,adaptive_move,0.55625,0.09765450813685808,0.1761455735660844,478.0,0.0,0.0,461.0,59.0,0.0,0.0,0.0,91.0,0.0,0.0,27.0,16.0,0.0,0.0,0.0,0.0,0.0,0.0,27.0,0.0,0.0,0.0,0.0
A_f1_move__baldwinian__s8,A_f1_move__baldwinian,A_f1_move,A,baldwinian,8,1300,train,40,4.05,5,13,126.17548255053657,0.6666666666666666,0.5,adaptive_move,0.55625,0.08475773436827042,0.1487581168831167,352.0,0.0,0.0,323.0,36.0,0.0,0.0,0.0,42.0,0.0,0.0,21.0,13.0,0.0,0.0,0.0,0.0,0.0,0.0,21.0,0.0,0.0,0.0,0.0
A_f1_move__baldwinian__s8,A_f1_move__baldwinian,A_f1_move,A,baldwinian,8,1350,train,50,4.28,19,9,81.6243716815538,0.8333333333333334,0.5,adaptive_move,0.5125,0.07879364610527428,0.13765749336870026,414.0,0.0,0.0,390.0,55.0,0.0,0.0,0.0,69.0,0.0,0.0,20.0,10.0,0.0,0.0,0.0,0.0,0.0,0.0,20.0,0.0,0.0,0.0,0.0
A_f1_move__baldwinian__s8,A_f1_move__baldwinian,A_f1_move,A,baldwinian,8,1400,train,50,4.2,10,10,62.88994106821744,0.875,0.5,adaptive_move,0.5625,0.09765728913159301,0.1724246231155777,454.0,0.0,0.0,370.0,83.0,0.0,0.0,0.0,77.0,0.0,0.0,19.0,16.0,0.0,0.0,0.0,0.0,0.0,0.0,19.0,0.0,0.0,0.0,0.0
A_f1_move__baldwinian__s8,A_f1_move__baldwinian,A_f1_move,A,baldwinian,8,1450,train,50,4.28,20,20,93.64946762728616,0.7916666666666666,0.5,adaptive_move,0.5375,0.08662602099785877,0.16187181933842254,397.0,0.0,0.0,445.0,52.0,0.0,0.0,0.0,59.0,0.0,0.0,28.0,13.0,0.0,0.0,0.0,0.0,0.0,0.0,28.0,0.0,0.0,0.0,0.0
A_f1_move__baldwinian__s8,A_f1_move__baldwinian,A_f1_move,A,baldwinian,8,1500,train,50,4.36,12,12,70.81233813761332,0.875,0.5,adaptive_move,0.55625,0.06466966816393392,0.13092499999999996,389.0,0.0,0.0,300.0,59.0,0.0,0.0,0.0,69.0,0.0,0.0,24.0,12.0,0.0,0.0,0.0,0.0,0.0,0.0,24.0,0.0,0.0,0.0,0.0
A_f1_move__baldwinian__s8,A_f1_move__baldwinian,A_f1_move,A,baldwinian,8,1550,eval,50,4.64,27,27,106.59538078929657,0.8125,0.5,adaptive_move,0.475,0.0,0.0,394.0,0.0,0.0,462.0,21.0,0.0,0.0,48.0,42.0,0.0,0.0,28.0,7.0,0.0,0.0,10.0,0.0,0.0,0.0,28.0,0.0,0.0,0.0,10.0
A_f1_move__baldwinian__s8,A_f1_move__baldwinian,A_f1_move,A,baldwinian,8,1600,eval,50,5.0,21,21,88.07420487317222,0.8541666666666666,0.5,adaptive_move,0.545,0.0,0.0,492.0,0.0,0.0,389.0,63.0,0.0,0.0,44.0,71.0,0.0,0.0,27.0,9.0,0.0,0.0,5.0,0.0,0.0,0.0,27.0,0.0,0.0,0.0,5.0
A_f1_move__baldwinian__s8,A_f1_move__baldwinian,A_f1_move,A,baldwinian,8,1650,eval,50,5.14,18,18,155.9214087804332,0.7083333333333334,0.5,adaptive_move,0.505,0.0,0.0,478.0,0.0,0.0,515.0,10.0,0.0,0.0,48.0,40.0,0.0,0.0,38.0,2.0,0.0,0.0,6.0,0.0,0.0,0.0,38.0,0.0,0.0,0.0,6.0
A_f1_move__baldwinian__s8,A_f1_move__baldwinian,A_f1_move,A,baldwinian,8,1700,eval,50,5.24,13,13,94.6430095682139,0.8333333333333334,0.5,adaptive_move,0.51,0.0,0.0,583.0,0.0,0.0,392.0,57.0,0.0,0.0,87.0,50.0,0.0,0.0,37.0,1.0,0.0,0.0,9.0,0.0,0.0,0.0,37.0,0.0,0.0,0.0,9.0
A_f1_move__baldwinian__s8,A_f1_move__baldwinian,A_f1_move,A,baldwinian,8,1750,eval,50,5.42,18,18,109.2609230605913,0.8125,0.5,adaptive_move,0.51,0.0,0.0,511.0,0.0,0.0,640.0,57.0,0.0,0.0,87.0,52.0,0.0,0.0,33.0,8.0,0.0,0.0,4.0,0.0,0.0,0.0,33.0,0.0,0.0,0.0,4.0
A_f1_move__baldwinian__s8,A_f1_move__baldwinian,A_f1_move,A,baldwinian,8,1800,eval,50,5.64,12,12,145.2542007534355,0.6875,0.5,adaptive_move,0.53,0.0,0.0,477.0,0.0,0.0,462.0,27.0,0.0,0.0,68.0,39.0,0.0,0.0,29.0,4.0,0.0,0.0,3.0,0.0,0.0,0.0,29.0,0.0,0.0,0.0,3.0
A_f1_move__baldwinian__s9,A_f1_move__baldwinian,A_f1_move,A,baldwinian,9,50,train,50,0.84,33,3,96.97356542303332,0.8125,0.5,adaptive_move,0.6,0.0655851679666303,0.11758344686648514,227.0,0.0,0.0,255.0,54.0,0.0,0.0,0.0,46.0,0.0,0.0,49.0,15.0,0.0,0.0,0.0,0.0,0.0,0.0,49.0,0.0,0.0,0.0,0.0
A_f1_move__baldwinian__s9,A_f1_move__baldwinian,A_f1_move,A,baldwinian,9,100,train,46,0.9565217391304348,11,15,74.3317113799212,0.8333333333333334,0.5,adaptive_move,0.55625,0.0695992586985079,0.1368882275132275,288.0,0.0,0.0,396.0,70.0,0.0,0.0,0.0,42.0,0.0,0.0,37.0,21.0,0.0,0.0,0.0,0.0,0.0,0.0,37.0,0.0,0.0,0.0,0.0
A_f1_move__baldwinian__s9,A_f1_move__baldwinian,A_f1_move,A,baldwinian,9,150,train,43,1.1162790697674418,13,16,92.49902657385928,0.875,0.5,adaptive_move,0.50625,0.07974960479804638,0.15655448717948706,344.0,0.0,0.0,451.0,125.0,0.0,0.0,0.0,45.0,0.0,0.0,31.0,19.0,0.0,0.0,0.0,0.0,0.0,0.0,31.0,0.0,0.0,0.0,0.0
A_f1_move__baldwinian__s9,A_f1_move__baldwinian,A_f1_move,A,baldwinian,9,200,train,46,1.7608695652173914,21,18,98.82466436651681,0.7916666666666666,0.5,adaptive_move,0.5875,0.0798475004977982,0.13613696808510634,330.0,0.0,0.0,472.0,121.0,0.0,0.0,0.0,52.0,0.0,0.0,33.0,23.0,0.0,0.0,0.0,0.0,0.0,0.0,33.0,0.0,0.0,0.0,0.0
A_f1_move__baldwinian__s9,A_f1_move__baldwinian,A_f1_move,A,baldwinian,9,250,train,50,1.8,16,12,60.551540912954486,0.9375,0.5,adaptive_move,0.5625,0.12926797565473586,0.2187210648148148,389.0,0.0,0.0,452.0,144.0,0.0,0.0,0.0,66.0,0.0,0.0,36.0,31.0,0.0,0.0,0.0,0.0,0.0,0.0,36.0,0.0,0.0,0.0,0.0
A_f1_move__baldwinian__s9,A_f1_move__baldwinian,A_f1_move,A,baldwinian,9,300,train,50,1.92,15,15,87.93256249932314,0.8125,0.5,adaptive_move,0.54375,0.07944996415023166,0.15119818652849748,337.0,0.0,0.0,441.0,92.0,0.0,0.0,0.0,46.0,0.0,0.0,31.0,18.0,0.0,0.0,0.0,0.0,0.0,0.0,31.0,0.0,0.0,0.0,0.0
A_f1_move__baldwinian__s9,A_f1_move__baldwinian,A_f1_move,A,baldwinian,9,350,train,50,1.88,12,12,57.724226923952926,0.9166666666666666,0.5,adaptive_move,0.5375,0.07145764392514706,0.12102581521739131,398.0,0.0,0.0,356.0,120.0,0.0,0.0,0.0,53.0,0.0,0.0,28.0,30.0,0.0,0.0,0.0,0.0,0.0,0.0,28.0,0.0,0.0,0.0,0.0
A_f1_move__baldwinian__s9,A_f1_move__baldwinian,A_f1_move,A,baldwinian,9,400,train,50,2.14,24,24,55.79595831638302,0.9375,0.5,adaptive_move,0.5,0.10842695988521409,0.18545258620689653,395.0,0.0,0.0,495.0,86.0,0.0,0.0,0.0,52.0,0.0,0.0,44.0,14.0,0.0,0.0,0.0,0.0,0.0,0.0,44.0,0.0,0.0,0.0,0.0
A_f1_move__baldwinian__s9,A_f1_move__baldwinian,A_f1_move,A,baldwinian,9,450,train,50,2.18,19,19,89.38877786712489,0.7916666666666666,0.5,adaptive_move,0.55625,0.10494163792654046,0.19529747596153846,267.0,0.0,0.0,423.0,69.0,0.0,0.0,0.0,48.0,0.0,0.0,29.0,20.0,0.0,0.0,0.0,0.0,0.0,0.0,29.0,0.0,0.0,0.0,0.0
A_f1_move__baldwinian__s9,A_f1_move__baldwinian,A_f1_move,A,baldwinian,9,500,train,50,2.52,18,18,63.24219252307555,0.875,0.5,adaptive_move,0.55,0.09991898032998822,0.17694046134663344,301.0,0.0,0.0,420.0,112.0,0.0,0.0,0.0,49.0,0.0,0.0,25.0,30.0,0.0,0.0,0.0,0.0,0.0,0.0,25.0,0.0,0.0,0.0,0.0
A_f1_move__baldwinian__s9,A_f1_move__baldwinian,A_f1_move,A,baldwinian,9,550,train,48,3.1041666666666665,22,24,98.68157246689807,0.7708333333333334,0.5,adaptive_move,0.5625,0.1270068469562331,0.2100251182033095,329.0,0.0,0.0,483.0,64.0,0.0,0.0,0.0,56.0,0.0,0.0,36.0,16.0,0.0,0.0,0.0,0.0,0.0,0.0,36.0,0.0,0.0,0.0,0.0
A_f1_move__baldwinian__s9,A_f1_move__baldwinian,A_f1_move,A,baldwinian,9,600,train,47,3.1914893617021276,17,18,53.62707214530598,0.9583333333333334,0.5,adaptive_move,0.525,0.0702686609174129,0.14103510498687655,374.0,0.0,0.0,428.0,88.0,0.0,0.0,0.0,60.0,0.0,0.0,33.0,19.0,0.0,0.0,0.0,0.0,0.0,0.0,33.0,0.0,0.0,0.0,0.0
A_f1_move__baldwinian__s9,A_f1_move__baldwinian,A_f1_move,A,baldwinian,9,650,train,40,3.15,11,18,69.22000113910788,0.9166666666666666,0.5,adaptive_move,0.5625,0.06785354386292727,0.1430727806788512,285.0,0.0,0.0,297.0,93.0,0.0,0.0,0.0,62.0,0.0,0.0,30.0,23.0,0.0,0.0,0.0,0.0,0.0,0.0,30.0,0.0,0.0,0.0,0.0
A_f1_move__baldwinian__s9,A_f1_move__baldwinian,A_f1_move,A,baldwinian,9,700,train,38,3.3421052631578947,12,14,137.13292856699502,0.7291666666666666,0.5,adaptive_move,0.5375,0.06188816126813757,0.11999491869918666,187.0,0.0,0.0,313.0,72.0,0.0,0.0,0.0,43.0,0.0,0.0,25.0,18.0,0.0,0.0,0.0,0.0,0.0,0.0,25.0,0.0,0.0,0.0,0.0
A_f1_move__baldwinian__s9,A_f1_move__baldwinian,A_f1_move,A,baldwinian,9,750,train,46,4.021739130434782,22,14,70.4126211361566,0.9166666666666666,0.5,adaptive_move,0.53125,0.02907918511941851,0.069906069364162,198.0,0.0,0.0,450.0,73.0,0.0,0.0,0.0,56.0,0.0,0.0,37.0,21.0,0.0,0.0,0.0,0.0,0.0,0.0,37.0,0.0,0.0,0.0,0.0
A_f1_move__baldwinian__s9,A_f1_move__baldwinian,A_f1_move,A,baldwinian,9,800,train,50,4.34,14,10,74.95258454947248,0.8541666666666666,0.5,adaptive_move,0.5375,0.08668131570368182,0.15919871794871798,287.0,0.0,0.0,483.0,85.0,0.0,0.0,0.0,53.0,0.0,0.0,34.0,25.0,0.0,0.0,0.0,0.0,0.0,0.0,34.0,0.0,0.0,0.0,0.0
A_f1_move__baldwinian__s9,A_f1_move__baldwinian,A_f1_move,A,baldwinian,9,850,train,50,4.3,16,16,129.71601437317008,0.7708333333333334,0.5,adaptive_move,0.575,0.08934222240810401,0.16473667512690304,293.0,0.0,0.0,404.0,93.0,0.0,0.0,0.0,53.0,0.0,0.0,26.0,23.0,0.0,0.0,0.0,0.0,0.0,0.0,26.0,0.0,0.0,0.0,0.0
A_f1_move__baldwinian__s9,A_f1_move__baldwinian,A_f1_move,A,baldwinian,9,900,train,50,4.4,12,12,75.07159378337951,0.875,0.5,adaptive_move,0.5125,0.13477668115145947,0.21243351063829796,371.0,0.0,0.0,582.0,52.0,0.0,0.0,0.0,70.0,0.0,0.0,30.0,22.0,0.0,0.0,0.0,0.0,0.0,0.0,30.0,0.0,0.0,0.0,0.0
A_f1_move__baldwinian__s9,A_f1_move__baldwinian,A_f1_move,A,baldwinian,9,950,train,49,4.36734693877551,14,15,101.73026797867436,0.7708333333333334,0.5,adaptive_move,0.55,0.13427829311308176,0.2024607487922705,269.0,0.0,0.0,336.0,32.0,0.0,0.0,0.0,47.0,0.0,0.0,34.0,16.0,0.0,0.0,0.0,0.0,0.0,0.0,34.0,0.0,0.0,0.0,0.0
A_f1_move__baldwinian__s9,A_f1_move__baldwinian,A_f1_move,A,baldwinian,9,1000,train,49,4.836734693877551,18,18,55.20389553149599,0.9583333333333334,0.5,adaptive_move,0.54375,0.09303336693098375,0.17108982412060314,361.0,0.0,0.0,411.0,110.0,0.0,0.0,0.0,56.0,0.0,0.0,27.0,26.0,0.0,0.0,0.0,0.0,0.0,0.0,27.0,0.0,0.0,0.0,0.0
A_f1_move__baldwinian__s9,A_f1_move__baldwinian,A_f1_move,A,baldwinian,9,1050,train,50,4.88,14,13,77.44263023568988,0.875,0.5,adaptive_move,0.51875,0.07215700918832219,0.13598309018567645,359.0,0.0,0.0,378.0,142.0,0.0,0.0,0.0,66.0,0.0,0.0,23.0,21.0,0.0,0.0,0.0,0.0,0.0,0.0,23.0,0.0,0.0,0.0,0.0
A_f1_move__baldwinian__s9,A_f1_move__baldwinian,A_f1_move,A,baldwinian,9,1100,train,50,4.86,16,16,116.51955860445644,0.7083333333333334,0.5,adaptive_move,0.575,0.07312941236798057,0.1410032894736839,352.0,0.0,0.0,420.0,105.0,0.0,0.0,0.0,49.0,0.0,0.0,27.0,15.0,0.0,0.0,0.0,0.0,0.0,0.0,27.0,0.0,0.0,0.0,0.0
A_f1_move__baldwinian__s9,A_f1_move__baldwinian,A_f1_move,A,baldwinian,9,1150,train,50,5.0,24,24,69.61897902593284,0.875,0.5,adaptive_move,0.5,0.058671426621333296,0.12895833333333329,448.0,0.0,0.0,315.0,109.0,0.0,0.0,0.0,50.0,0.0,0.0,35.0,21.0,0.0,0.0,0.0,0.0,0.0,0.0,35.0,0.0,0.0,0.0,0.0
A_f1_move__baldwinian__s9,A_f1_move__baldwinian,A_f1_move,A,baldwinian,9,1200,train,50,5.06,15,15,72.86505113443407,0.8958333333333334,0.5,adaptive_move,0.5125,0.09304502929963394,0.17257988721804507,328.0,0.0,0.0,468.0,97.0,0.0,0.0,0.0,52.0,0.0,0.0,35.0,20.0,0.0,0.0,0.0,0.0,0.0,0.0,35.0,0.0,0.0,0.0,0.0
A_f1_move__baldwinian__s9,A_f1_move__baldwinian,A_f1_move,A,baldwinian,9,1250,train,48,5.1875,21,23,105.57784516577985,0.8125,0.5,adaptive_move,0.63125,0.07567919775084864,0.1502266839378239,273.0,0.0,0.0,489.0,125.0,0.0,0.0,0.0,39.0,0.0,0.0,42.0,24.0,0.0,0.0,0.0,0.0,0.0,0.0,42.0,0.0,0.0,0.0,0.0
A_f1_move__baldwinian__s9,A_f1_move__baldwinian,A_f1_move,A,baldwinian,9,1300,train,48,5.75,21,21,77.42898754271198,0.8125,0.5,adaptive_move,0.55,0.08465223160632657,0.14161444591029038,257.0,0.0,0.0,426.0,110.0,0.0,0.0,0.0,48.0,0.0,0.0,29.0,19.0,0.0,0.0,0.0,0.0,0.0,0.0,29.0,0.0,0.0,0.0,0.0
A_f1_move__baldwinian__s9,A_f1_move__baldwinian,A_f1_move,A,baldwinian,9,1350,train,50,5.76,19,17,62.34093568518067,0.8541666666666666,0.5,adaptive_move,0.575,0.08469453081672107,0.16076211734693868,455.0,0.0,0.0,364.0,114.0,0.0,0.0,0.0,48.0,0.0,0.0,26.0,26.0,0.0,0.0,0.0,0.0,0.0,0.0,26.0,0.0,0.0,0.0,0.0
A_f1_move__baldwinian__s9,A_f1_move__baldwinian,A_f1_move,A,baldwinian,9,1400,train,50,5.72,14,14,63.33534777867871,0.875,0.5,adaptive_move,0.55625,0.12049812886465763,0.18823891625615752,437.0,0.0,0.0,427.0,93.0,0.0,0.0,0.0,62.0,0.0,0.0,32.0,16.0,0.0,0.0,0.0,0.0,0.0,0.0,32.0,0.0,0.0,0.0,0.0
A_f1_move__baldwinian__s9,A_f1_move__baldwinian,A_f1_move,A,baldwinian,9,1450,train,50,5.82,14,14,112.11244403588726,0.7708333333333334,0.5,adaptive_move,0.60625,0.12112208476528866,0.21231703747072594,283.0,0.0,0.0,294.0,55.0,0.0,0.0,0.0,55.0,0.0,0.0,24.0,8.0,0.0,0.0,0.0,0.0,0.0,0.0,24.0,0.0,0.0,0.0,0.0
A_f1_move__baldwinian__s9,A_f1_move__baldwinian,A_f1_move,A,baldwinian,9,1500,train,50,6.08,16,16,86.6601308636743,0.8333333333333334,0.5,adaptive_move,0.5625,0.09863998882330058,0.17266017587939686,344.0,0.0,0.0,449.0,91.0,0.0,0.0,0.0,52.0,0.0,0.0,25.0,23.0,0.0,0.0,0.0,0.0,0.0,0.0,25.0,0.0,0.0,0.0,0.0
A_f1_move__baldwinian__s9,A_f1_move__baldwinian,A_f1_move,A,baldwinian,9,1550,eval,50,6.38,23,23,94.14580133027718,0.7916666666666666,0.5,adaptive_move,0.49,0.0,0.0,277.0,0.0,0.0,402.0,100.0,0.0,0.0,22.0,35.0,0.0,0.0,36.0,10.0,0.0,0.0,3.0,0.0,0.0,0.0,36.0,0.0,0.0,0.0,3.0
A_f1_move__baldwinian__s9,A_f1_move__baldwinian,A_f1_move,A,baldwinian,9,1600,eval,50,6.6,23,23,190.2233274236219,0.5416666666666666,0.5,adaptive_move,0.46,0.0,0.0,369.0,0.0,0.0,434.0,52.0,0.0,0.0,72.0,34.0,0.0,0.0,30.0,7.0,0.0,0.0,9.0,0.0,0.0,0.0,30.0,0.0,0.0,0.0,9.0
A_f1_move__baldwinian__s9,A_f1_move__baldwinian,A_f1_move,A,baldwinian,9,1650,eval,50,6.66,20,20,121.43011163124731,0.6875,0.5,adaptive_move,0.465,0.0,0.0,452.0,0.0,0.0,531.0,57.0,0.0,0.0,64.0,40.0,0.0,0.0,36.0,7.0,0.0,0.0,10.0,0.0,0.0,0.0,36.0,0.0,0.0,0.0,10.0
A_f1_move__baldwinian__s9,A_f1_move__baldwinian,A_f1_move,A,baldwinian,9,1700,eval,50,6.66,16,16,155.7925560335951,0.5208333333333334,0.5,adaptive_move,0.53,0.0,0.0,498.0,0.0,0.0,544.0,64.0,0.0,0.0,81.0,38.0,0.0,0.0,28.0,7.0,0.0,0.0,7.0,0.0,0.0,0.0,28.0,0.0,0.0,0.0,7.0
A_f1_move__baldwinian__s9,A_f1_move__baldwinian,A_f1_move,A,baldwinian,9,1750,eval,50,6.68,18,18,170.16861538987706,0.5625,0.5,adaptive_move,0.5,0.0,0.0,486.0,0.0,0.0,516.0,96.0,0.0,0.0,58.0,32.0,0.0,0.0,38.0,4.0,0.0,0.0,9.0,0.0,0.0,0.0,38.0,0.0,0.0,0.0,9.0
A_f1_move__baldwinian__s9,A_f1_move__baldwinian,A_f1_move,A,baldwinian,9,1800,eval,50,6.74,17,17,154.24198137390727,0.6875,0.5,adaptive_move,0.52,0.0,0.0,536.0,0.0,0.0,690.0,42.0,0.0,0.0,118.0,28.0,0.0,0.0,50.0,3.0,0.0,0.0,5.0,0.0,0.0,0.0,50.0,0.0,0.0,0.0,5.0
A_f1_move__baldwinian__s10,A_f1_move__baldwinian,A_f1_move,A,baldwinian,10,50,train,50,0.84,33,3,100.94915973570912,0.7708333333333334,0.5,adaptive_move,0.525,0.07455873800242492,0.12677729110512126,228.0,0.0,0.0,225.0,94.0,0.0,0.0,0.0,45.0,0.0,0.0,39.0,21.0,0.0,0.0,0.0,0.0,0.0,0.0,39.0,0.0,0.0,0.0,0.0
A_f1_move__baldwinian__s10,A_f1_move__baldwinian,A_f1_move,A,baldwinian,10,100,train,50,1.12,17,17,78.49236474567144,0.8541666666666666,0.5,adaptive_move,0.5625,0.07133813323940807,0.13078208556149717,244.0,0.0,0.0,448.0,79.0,0.0,0.0,0.0,37.0,0.0,0.0,41.0,18.0,0.0,0.0,0.0,0.0,0.0,0.0,41.0,0.0,0.0,0.0,0.0
A_f1_move__baldwinian__s10,A_f1_move__baldwinian,A_f1_move,A,baldwinian,10,150,train,50,1.4,21,21,131.40600716774722,0.7291666666666666,0.5,adaptive_move,0.5375,0.11199164455636684,0.18374071782178203,336.0,0.0,0.0,503.0,113.0,0.0,0.0,0.0,30.0,0.0,0.0,38.0,15.0,0.0,0.0,0.0,0.0,0.0,0.0,38.0,0.0,0.0,0.0,0.0
A_f1_move__baldwinian__s10,A_f1_move__baldwinian,A_f1_move,A,baldwinian,10,200,train,50,1.38,13,13,56.567082052176794,0.8958333333333334,0.5,adaptive_move,0.54375,0.06674663062061044,0.1367991424802113,361.0,0.0,0.0,440.0,93.0,0.0,0.0,0.0,63.0,0.0,0.0,39.0,21.0,0.0,0.0,0.0,0.0,0.0,0.0,39.0,0.0,0.0,0.0,0.0
A_f1_move__baldwinian__s10,A_f1_move__baldwinian,A_f1_move,A,baldwinian,10,250,train,50,1.74,16,16,55.959326301965234,0.9166666666666666,0.5,adaptive_move,0.55625,0.14503169508442368,0.219884367681499,366.0,0.0,0.0,418.0,79.0,0.0,0.0,0.0,48.0,0.0,0.0,33.0,24.0,0.0,0.0,0.0,0.0,0.0,0.0,33.0,0.0,0.0,0.0,0.0
A_f1_move__baldwinian__s10,A_f1_move__baldwinian,A_f1_move,A,baldwinian,10,300,train,50,1.62,17,17,81.3121660448787,0.875,0.5,adaptive_move,0.5625,0.12029188317564027,0.20507440476190486,463.0,0.0,0.0,449.0,69.0,0.0,0.0,0.0,52.0,0.0,0.0,35.0,12.0,0.0,0.0,0.0,0.0,0.0,0.0,35.0,0.0,0.0,0.0,0.0
A_f1_move__baldwinian__s10,A_f1_move__baldwinian,A_f1_move,A,baldwinian,10,350,train,50,1.58,13,13,66.45259815001188,0.875,0.5,adaptive_move,0.55625,0.08775455902296399,0.16972901002506258,373.0,0.0,0.0,519.0,115.0,0.0,0.0,0.0,47.0,0.0,0.0,38.0,28.0,0.0,0.0,0.0,0.0,0.0,0.0,38.0,0.0,0.0,0.0,0.0
A_f1_move__baldwinian__s10,A_f1_move__baldwinian,A_f1_move,A,baldwinian,10,400,train,50,1.62,22,22,70.89974609125431,0.9375,0.5,adaptive_move,0.53125,0.12053156622298501,0.19654207021791748,249.0,0.0,0.0,385.0,69.0,0.0,0.0,0.0,55.0,0.0,0.0,33.0,20.0,0.0,0.0,0.0,0.0,0.0,0.0,33.0,0.0,0.0,0.0,0.0
A_f1_move__baldwinian__s10,A_f1_move__baldwinian,A_f1_move,A,baldwinian,10,450,train,50,1.64,19,19,100.53003136869349,0.7916666666666666,0.5,adaptive_move,0.575,0.12445224136695503,0.20184795673076938,311.0,0.0,0.0,283.0,69.0,0.0,0.0,0.0,51.0,0.0,0.0,23.0,21.0,0.0,0.0,0.0,0.0,0.0,0.0,23.0,0.0,0.0,0.0,0.0
A_f1_move__baldwinian__s10,A_f1_move__baldwinian,A_f1_move,A,baldwinian,10,500,train,50,1.82,18,18,104.47070819602436,0.7083333333333334,0.5,adaptive_move,0.5375,0.06364862224751523,0.13493716931216926,325.0,0.0,0.0,524.0,40.0,0.0,0.0,0.0,40.0,0.0,0.0,27.0,18.0,0.0,0.0,0.0,0.0,0.0,0.0,27.0,0.0,0.0,0.0,0.0
A_f1_move__baldwinian__s10,A_f1_move__baldwinian,A_f1_move,A,baldwinian,10,550,train,50,2.12,19,19,103.59687287085359,0.7291666666666666,0.5,adaptive_move,0.5125,0.06870032199588676,0.13672288359788354,354.0,0.0,0.0,554.0,182.0,0.0,0.0,0.0,46.0,0.0,0.0,39.0,16.0,0.0,0.0,0.0,0.0,0.0,0.0,39.0,0.0,0.0,0.0,0.0
A_f1_move__baldwinian__s10,A_f1_move__baldwinian,A_f1_move,A,baldwinian,10,600,train,50,2.3,13,13,122.74642934886123,0.7083333333333334,0.5,adaptive_move,0.58125,0.09132758099079097,0.14883322454308123,360.0,0.0,0.0,474.0,176.0,0.0,0.0,0.0,55.0,0.0,0.0,26.0,14.0,0.0,0.0,0.0,0.0,0.0,0.0,26.0,0.0,0.0,0.0,0.0
A_f1_move__baldwinian__s10,A_f1_move__baldwinian,A_f1_move,A,baldwinian,10,650,train,50,2.34,11,11,114.89129529787955,0.6458333333333334,0.5,adaptive_move,0.55,0.05210815339486993,0.10940934065934083,263.0,0.0,0.0,477.0,132.0,0.0,0.0,0.0,37.0,0.0,0.0,31.0,10.0,0.0,0.0,0.0,0.0,0.0,0.0,31.0,0.0,0.0,0.0,0.0
A_f1_move__baldwinian__s10,A_f1_move__baldwinian,A_f1_move,A,baldwinian,10,700,train,50,2.4,14,14,93.33007753838716,0.7708333333333334,0.5,adaptive_move,0.50625,0.06146744729773038,0.12698558981233243,434.0,0.0,0.0,525.0,135.0,0.0,0.0,0.0,56.0,0.0,0.0,37.0,20.0,0.0,0.0,0.0,0.0,0.0,0.0,37.0,0.0,0.0,0.0,0.0
A_f1_move__baldwinian__s10,A_f1_move__baldwinian,A_f1_move,A,baldwinian,10,750,train,50,2.3,16,16,102.6036446898888,0.7291666666666666,0.5,adaptive_move,0.5375,0.09639095112827922,0.18848128019323673,393.0,0.0,0.0,423.0,155.0,0.0,0.0,0.0,38.0,0.0,0.0,53.0,20.0,0.0,0.0,0.0,0.0,0.0,0.0,53.0,0.0,0.0,0.0,0.0
A_f1_move__baldwinian__s10,A_f1_move__baldwinian,A_f1_move,A,baldwinian,10,800,train,50,2.5,18,18,161.18324474139763,0.625,0.5,adaptive_move,0.575,0.09367829130268084,0.171875,493.0,0.0,0.0,412.0,155.0,0.0,0.0,0.0,41.0,0.0,0.0,28.0,15.0,0.0,0.0,0.0,0.0,0.0,0.0,28.0,0.0,0.0,0.0,0.0
A_f1_move__baldwinian__s10,A_f1_move__baldwinian,A_f1_move,A,baldwinian,10,850,train,50,2.3,12,12,108.01176338263075,0.6666666666666666,0.5,adaptive_move,0.575,0.0714867929039304,0.13593335543766583,371.0,0.0,0.0,659.0,134.0,0.0,0.0,0.0,38.0,0.0,0.0,32.0,19.0,0.0,0.0,0.0,0.0,0.0,0.0,32.0,0.0,0.0,0.0,0.0
A_f1_move__baldwinian__s10,A_f1_move__baldwinian,A_f1_move,A,baldwinian,10,900,train,50,2.38,18,18,163.89303509504046,0.5,0.5,adaptive_move,0.54375,0.11425086803448367,0.19454449152542352,583.0,0.0,0.0,646.0,244.0,0.0,0.0,0.0,34.0,0.0,0.0,38.0,12.0,0.0,0.0,0.0,0.0,0.0,0.0,38.0,0.0,0.0,0.0,0.0
A_f1_move__baldwinian__s10,A_f1_move__baldwinian,A_f1_move,A,baldwinian,10,950,train,50,2.54,15,15,95.93664924862428,0.75,0.5,adaptive_move,0.5125,0.0524591993814761,0.11753895663956637,532.0,0.0,0.0,478.0,144.0,0.0,0.0,0.0,44.0,0.0,0.0,36.0,17.0,0.0,0.0,0.0,0.0,0.0,0.0,36.0,0.0,0.0,0.0,0.0
A_f1_move__baldwinian__s10,A_f1_move__baldwinian,A_f1_move,A,baldwinian,10,1000,train,50,2.66,21,21,141.64724078335198,0.6458333333333334,0.5,adaptive_move,0.5375,0.11560649928260973,0.19951288968824965,309.0,0.0,0.0,564.0,54.0,0.0,0.0,0.0,34.0,0.0,0.0,30.0,29.0,0.0,0.0,0.0,0.0,0.0,0.0,30.0,0.0,0.0,0.0,0.0
A_f1_move__baldwinian__s10,A_f1_move__baldwinian,A_f1_move,A,baldwinian,10,1050,train,50,2.88,16,16,93.479635812921,0.8333333333333334,0.5,adaptive_move,0.59375,0.09410001893739439,0.16318558673469385,381.0,0.0,0.0,485.0,111.0,0.0,0.0,0.0,58.0,0.0,0.0,40.0,20.0,0.0,0.0,0.0,0.0,0.0,0.0,40.0,0.0,0.0,0.0,0.0
A_f1_move__baldwinian__s10,A_f1_move__baldwinian,A_f1_move,A,baldwinian,10,1100,train,50,2.96,15,15,107.8063993756711,0.6875,0.5,adaptive_move,0.5125,0.046504428428315786,0.10937500000000022,312.0,0.0,0.0,506.0,116.0,0.0,0.0,0.0,37.0,0.0,0.0,38.0,14.0,0.0,0.0,0.0,0.0,0.0,0.0,38.0,0.0,0.0,0.0,0.0
A_f1_move__baldwinian__s10,A_f1_move__baldwinian,A_f1_move,A,baldwinian,10,1150,train,50,3.2,19,19,90.79136623844974,0.8333333333333334,0.5,adaptive_move,0.55,0.08190308866114879,0.16508973551637296,308.0,0.0,0.0,634.0,104.0,0.0,0.0,0.0,49.0,0.0,0.0,39.0,20.0,0.0,0.0,0.0,0.0,0.0,0.0,39.0,0.0,0.0,0.0,0.0
A_f1_move__baldwinian__s10,A_f1_move__baldwinian,A_f1_move,A,baldwinian,10,1200,train,50,3.2,14,14,71.4248705273294,0.875,0.5,adaptive_move,0.59375,0.07803993311798824,0.15726502557544753,288.0,0.0,0.0,436.0,83.0,0.0,0.0,0.0,37.0,0.0,0.0,40.0,27.0,0.0,0.0,0.0,0.0,0.0,0.0,40.0,0.0,0.0,0.0,0.0
A_f1_move__baldwinian__s10,A_f1_move__baldwinian,A_f1_move,A,baldwinian,10,1250,train,50,3.16,16,16,103.65938592304197,0.7708333333333334,0.5,adaptive_move,0.5875,0.11126313304680327,0.18792229729729715,401.0,0.0,0.0,422.0,75.0,0.0,0.0,0.0,44.0,0.0,0.0,25.0,17.0,0.0,0.0,0.0,0.0,0.0,0.0,25.0,0.0,0.0,0.0,0.0
A_f1_move__baldwinian__s10,A_f1_move__baldwinian,A_f1_move,A,baldwinian,10,1300,train,50,3.28,17,17,107.5184465964994,0.7708333333333334,0.5,adaptive_move,0.51875,0.07318418183281131,0.14646809895833313,412.0,0.0,0.0,368.0,137.0,0.0,0.0,0.0,50.0,0.0,0.0,30.0,29.0,0.0,0.0,0.0,0.0,0.0,0.0,30.0,0.0,0.0,0.0,0.0
A_f1_move__baldwinian__s10,A_f1_move__baldwinian,A_f1_move,A,baldwinian,10,1350,train,50,3.58,23,23,55.44062222047793,0.9375,0.5,adaptive_move,0.5625,0.11638958341293645,0.2036904761904761,287.0,0.0,0.0,397.0,95.0,0.0,0.0,0.0,53.0,0.0,0.0,41.0,22.0,0.0,0.0,0.0,0.0,0.0,0.0,41.0,0.0,0.0,0.0,0.0
A_f1_move__baldwinian__s10,A_f1_move__baldwinian,A_f1_move,A,baldwinian,10,1400,train,50,3.7,18,18,132.2282092645243,0.75,0.5,adaptive_move,0.56875,0.08202489743016726,0.15958227040816308,185.0,0.0,0.0,204.0,70.0,0.0,0.0,0.0,48.0,0.0,0.0,22.0,13.0,0.0,0.0,0.0,0.0,0.0,0.0,22.0,0.0,0.0,0.0,0.0
A_f1_move__baldwinian__s10,A_f1_move__baldwinian,A_f1_move,A,baldwinian,10,1450,train,50,3.74,16,16,71.61386271178566,0.8958333333333334,0.5,adaptive_move,0.51875,0.05311612081340701,0.11009615384615401,253.0,0.0,0.0,357.0,112.0,0.0,0.0,0.0,46.0,0.0,0.0,33.0,26.0,0.0,0.0,0.0,0.0,0.0,0.0,33.0,0.0,0.0,0.0,0.0
A_f1_move__baldwinian__s10,A_f1_move__baldwinian,A_f1_move,A,baldwinian,10,1500,train,50,3.76,19,19,100.95313214829102,0.6875,0.5,adaptive_move,0.54375,0.07346868031305752,0.15008882428940562,383.0,0.0,0.0,354.0,95.0,0.0,0.0,0.0,47.0,0.0,0.0,32.0,19.0,0.0,0.0,0.0,0.0,0.0,0.0,32.0,0.0,0.0,0.0,0.0
A_f1_move__baldwinian__s10,A_f1_move__baldwinian,A_f1_move,A,baldwinian,10,1550,eval,50,3.82,13,13,113.21445343920718,0.7708333333333334,0.5,adaptive_move,0.51,0.0,0.0,358.0,0.0,0.0,470.0,97.0,0.0,0.0,85.0,47.0,0.0,0.0,25.0,15.0,0.0,0.0,4.0,0.0,0.0,0.0,25.0,0.0,0.0,0.0,4.0
A_f1_move__baldwinian__s10,A_f1_move__baldwinian,A_f1_move,A,baldwinian,10,1600,eval,50,3.82,13,13,204.7208011349366,0.4791666666666667,0.5,adaptive_move,0.47,0.0,0.0,523.0,0.0,0.0,419.0,47.0,0.0,0.0,121.0,36.0,0.0,0.0,34.0,6.0,0.0,0.0,7.0,0.0,0.0,0.0,34.0,0.0,0.0,0.0,7.0
A_f1_move__baldwinian__s10,A_f1_move__baldwinian,A_f1_move,A,baldwinian,10,1650,eval,50,3.84,11,11,168.38737809410136,0.5208333333333334,0.5,adaptive_move,0.515,0.0,0.0,380.0,0.0,0.0,474.0,90.0,0.0,0.0,125.0,37.0,0.0,0.0,14.0,5.0,0.0,0.0,11.0,0.0,0.0,0.0,14.0,0.0,0.0,0.0,11.0
A_f1_move__baldwinian__s10,A_f1_move__baldwinian,A_f1_move,A,baldwinian,10,1700,eval,50,3.88,14,14,199.61315971250036,0.4375,0.5,adaptive_move,0.525,0.0,0.0,371.0,0.0,0.0,431.0,80.0,0.0,0.0,149.0,31.0,0.0,0.0,21.0,4.0,0.0,0.0,9.0,0.0,0.0,0.0,21.0,0.0,0.0,0.0,9.0
A_f1_move__baldwinian__s10,A_f1_move__baldwinian,A_f1_move,A,baldwinian,10,1750,eval,50,3.98,17,17,151.816204059329,0.6458333333333334,0.5,adaptive_move,0.52,0.0,0.0,439.0,0.0,0.0,385.0,111.0,0.0,0.0,95.0,34.0,0.0,0.0,34.0,7.0,0.0,0.0,7.0,0.0,0.0,0.0,34.0,0.0,0.0,0.0,7.0
A_f1_move__baldwinian__s10,A_f1_move__baldwinian,A_f1_move,A,baldwinian,10,1800,eval,50,4.1,13,13,222.5400355557902,0.3333333333333333,0.5,adaptive_move,0.535,0.0,0.0,367.0,0.0,0.0,456.0,141.0,0.0,0.0,83.0,23.0,0.0,0.0,20.0,8.0,0.0,0.0,5.0,0.0,0.0,0.0,20.0,0.0,0.0,0.0,5.0
A_f1_move__baldwinian__s11,A_f1_move__baldwinian,A_f1_move,A,baldwinian,11,50,train,50,0.72,33,3,58.14554747216812,0.8541666666666666,0.5,adaptive_move,0.55625,0.0537165475808942,0.11343920765027304,150.0,0.0,0.0,281.0,137.0,0.0,0.0,0.0,38.0,0.0,0.0,41.0,35.0,0.0,0.0,0.0,0.0,0.0,0.0,41.0,0.0,0.0,0.0,0.0
A_f1_move__baldwinian__s11,A_f1_move__baldwinian,A_f1_move,A,baldwinian,11,100,train,50,0.82,13,13,48.98702735896491,0.9375,0.5,adaptive_move,0.55625,0.04725895614613993,0.09971274373259043,322.0,0.0,0.0,294.0,97.0,0.0,0.0,0.0,44.0,0.0,0.0,32.0,28.0,0.0,0.0,0.0,0.0,0.0,0.0,32.0,0.0,0.0,0.0,0.0
A_f1_move__baldwinian__s11,A_f1_move__baldwinian,A_f1_move,A,baldwinian,11,150,train,50,0.86,15,15,87.79541786806635,0.8541666666666666,0.5,adaptive_move,0.55625,0.10378606836181892,0.1850813882063882,286.0,0.0,0.0,515.0,72.0,0.0,0.0,0.0,38.0,0.0,0.0,31.0,30.0,0.0,0.0,0.0,0.0,0.0,0.0,31.0,0.0,0.0,0.0,0.0
A_f1_move__baldwinian__s11,A_f1_move__baldwinian,A_f1_move,A,baldwinian,11,200,train,50,0.94,20,20,123.88931325808282,0.7291666666666666,0.5,adaptive_move,0.51875,0.06896644024285167,0.14113353018372687,421.0,0.0,0.0,416.0,71.0,0.0,0.0,0.0,42.0,0.0,0.0,32.0,23.0,0.0,0.0,0.0,0.0,0.0,0.0,32.0,0.0,0.0,0.0,0.0
A_f1_move__baldwinian__s11,A_f1_move__baldwinian,A_f1_move,A,baldwinian,11,250,train,50,1.08,16,16,59.490408503240815,0.9375,0.5,adaptive_move,0.53125,0.0718824497497125,0.1375330687830687,492.0,0.0,0.0,319.0,50.0,0.0,0.0,0.0,44.0,0.0,0.0,20.0,22.0,0.0,0.0,0.0,0.0,0.0,0.0,20.0,0.0,0.0,0.0,0.0
A_f1_move__baldwinian__s11,A_f1_move__baldwinian,A_f1_move,A,baldwinian,11,300,train,50,1.06,8,8,135.11152211355613,0.7083333333333334,0.5,adaptive_move,0.56875,0.08304140031893606,0.15238018134715015,462.0,0.0,0.0,433.0,67.0,0.0,0.0,0.0,50.0,0.0,0.0,21.0,25.0,0.0,0.0,0.0,0.0,0.0,0.0,21.0,0.0,0.0,0.0,0.0
A_f1_move__baldwinian__s11,A_f1_move__baldwinian,A_f1_move,A,baldwinian,11,350,train,50,1.1,17,17,69.8593909819797,0.8333333333333334,0.5,adaptive_move,0.50625,0.06441463196298118,0.12104505420054168,469.0,0.0,0.0,560.0,57.0,0.0,0.0,0.0,45.0,0.0,0.0,32.0,32.0,0.0,0.0,0.0,0.0,0.0,0.0,32.0,0.0,0.0,0.0,0.0
A_f1_move__baldwinian__s11,A_f1_move__baldwinian,A_f1_move,A,baldwinian,11,400,train,50,1.1,12,12,95.00147151220057,0.75,0.5,adaptive_move,0.54375,0.07687873957649823,0.15617806905370846,309.0,0.0,0.0,538.0,98.0,0.0,0.0,0.0,43.0,0.0,0.0,25.0,30.0,0.0,0.0,0.0,0.0,0.0,0.0,25.0,0.0,0.0,0.0,0.0
A_f1_move__baldwinian__s11,A_f1_move__baldwinian,A_f1_move,A,baldwinian,11,450,train,50,1.04,10,10,97.3716404327132,0.75,0.5,adaptive_move,0.50625,0.053056291479190595,0.12236223118279543,452.0,0.0,0.0,467.0,92.0,0.0,0.0,0.0,74.0,0.0,0.0,16.0,28.0,0.0,0.0,0.0,0.0,0.0,0.0,16.0,0.0,0.0,0.0,0.0
A_f1_move__baldwinian__s11,A_f1_move__baldwinian,A_f1_move,A,baldwinian,11,500,train,48,1.3958333333333333,21,23,51.647872663812095,0.9375,0.5,adaptive_move,0.5375,0.05055902519567086,0.10338469529085859,411.0,0.0,0.0,456.0,90.0,0.0,0.0,0.0,66.0,0.0,0.0,29.0,32.0,0.0,0.0,0.0,0.0,0.0,0.0,29.0,0.0,0.0,0.0,0.0
A_f1_move__baldwinian__s11,A_f1_move__baldwinian,A_f1_move,A,baldwinian,11,550,train,50,1.84,27,25,86.34724616692284,0.8958333333333334,0.5,adaptive_move,0.575,0.08365111361612731,0.16079400510204067,269.0,0.0,0.0,242.0,103.0,0.0,0.0,0.0,38.0,0.0,0.0,36.0,27.0,0.0,0.0,0.0,0.0,0.0,0.0,36.0,0.0,0.0,0.0,0.0
A_f1_move__baldwinian__s11,A_f1_move__baldwinian,A_f1_move,A,baldwinian,11,600,train,50,2.1,20,20,84.26758460806067,0.7916666666666666,0.5,adaptive_move,0.55625,0.05843264712928405,0.11460040983606556,256.0,0.0,0.0,376.0,206.0,0.0,0.0,0.0,35.0,0.0,0.0,30.0,27.0,0.0,0.0,0.0,0.0,0.0,0.0,30.0,0.0,0.0,0.0,0.0
A_f1_move__baldwinian__s11,A_f1_move__baldwinian,A_f1_move,A,baldwinian,11,650,train,50,2.36,18,18,49.13113979102037,0.9166666666666666,0.5,adaptive_move,0.53125,0.06484637611872136,0.13941108923884493,351.0,0.0,0.0,378.0,102.0,0.0,0.0,0.0,49.0,0.0,0.0,34.0,27.0,0.0,0.0,0.0,0.0,0.0,0.0,34.0,0.0,0.0,0.0,0.0
A_f1_move__baldwinian__s11,A_f1_move__baldwinian,A_f1_move,A,baldwinian,11,700,train,50,2.46,15,15,103.52236295386561,0.75,0.5,adaptive_move,0.56875,0.0684963254134399,0.1475064766839378,257.0,0.0,0.0,329.0,141.0,0.0,0.0,0.0,40.0,0.0,0.0,21.0,30.0,0.0,0.0,0.0,0.0,0.0,0.0,21.0,0.0,0.0,0.0,0.0
A_f1_move__baldwinian__s11,A_f1_move__baldwinian,A_f1_move,A,baldwinian,11,750,train,49,3.0816326530612246,21,22,40.95920432547376,0.9583333333333334,0.5,adaptive_move,0.575,0.08773008376171451,0.1592628205128206,356.0,0.0,0.0,312.0,103.0,0.0,0.0,0.0,42.0,0.0,0.0,33.0,32.0,0.0,0.0,0.0,0.0,0.0,0.0,33.0,0.0,0.0,0.0,0.0
A_f1_move__baldwinian__s11,A_f1_move__baldwinian,A_f1_move,A,baldwinian,11,800,train,46,3.3043478260869565,24,27,82.44209123517581,0.8125,0.5,adaptive_move,0.5125,0.1027749785128346,0.16802030456852757,200.0,0.0,0.0,335.0,77.0,0.0,0.0,0.0,27.0,0.0,0.0,40.0,32.0,0.0,0.0,0.0,0.0,0.0,0.0,40.0,0.0,0.0,0.0,0.0
A_f1_move__baldwinian__s11,A_f1_move__baldwinian,A_f1_move,A,baldwinian,11,850,train,48,3.4791666666666665,14,12,111.74776932461981,0.7708333333333334,0.5,adaptive_move,0.59375,0.07022648324238819,0.14281740837696333,321.0,0.0,0.0,495.0,116.0,0.0,0.0,0.0,39.0,0.0,0.0,30.0,29.0,0.0,0.0,0.0,0.0,0.0,0.0,30.0,0.0,0.0,0.0,0.0
A_f1_move__baldwinian__s11,A_f1_move__baldwinian,A_f1_move,A,baldwinian,11,900,train,44,3.477272727272727,16,20,69.09700709565143,0.9375,0.5,adaptive_move,0.54375,0.08255314599454194,0.17263492555831284,305.0,0.0,0.0,501.0,116.0,0.0,0.0,0.0,56.0,0.0,0.0,34.0,30.0,0.0,0.0,0.0,0.0,0.0,0.0,34.0,0.0,0.0,0.0,0.0
A_f1_move__baldwinian__s11,A_f1_move__baldwinian,A_f1_move,A,baldwinian,11,950,train,49,3.5714285714285716,19,14,79.34149318801859,0.8333333333333334,0.5,adaptive_move,0.55,0.05446287251081572,0.12298387096774177,302.0,0.0,0.0,359.0,88.0,0.0,0.0,0.0,46.0,0.0,0.0,27.0,28.0,0.0,0.0,0.0,0.0,0.0,0.0,27.0,0.0,0.0,0.0,0.0
A_f1_move__baldwinian__s11,A_f1_move__baldwinian,A_f1_move,A,baldwinian,11,1000,train,41,3.926829268292683,17,25,78.105911478223,0.8541666666666666,0.5,adaptive_move,0.5375,0.0719520932918924,0.1448351827676242,270.0,0.0,0.0,419.0,168.0,0.0,0.0,0.0,54.0,0.0,0.0,38.0,23.0,0.0,0.0,0.0,0.0,0.0,0.0,38.0,0.0,0.0,0.0,0.0
A_f1_move__baldwinian__s11,A_f1_move__baldwinian,A_f1_move,A,baldwinian,11,1050,train,36,4.055555555555555,14,19,106.89025197288703,0.7708333333333334,0.5,adaptive_move,0.54375,0.04852758207422777,0.09793994413407803,221.0,0.0,0.0,189.0,126.0,0.0,0.0,0.0,41.0,0.0,0.0,24.0,31.0,0.0,0.0,0.0,0.0,0.0,0.0,24.0,0.0,0.0,0.0,0.0
A_f1_move__baldwinian__s11,A_f1_move__baldwinian,A_f1_move,A,baldwinian,11,1100,train,38,4.605263157894737,17,15,86.84796088574055,0.8125,0.5,adaptive_move,0.55,0.06071464662278389,0.12329009433962268,205.0,0.0,0.0,223.0,133.0,0.0,0.0,0.0,42.0,0.0,0.0,34.0,32.0,0.0,0.0,0.0,0.0,0.0,0.0,34.0,0.0,0.0,0.0,0.0
A_f1_move__baldwinian__s11,A_f1_move__baldwinian,A_f1_move,A,baldwinian,11,1150,train,43,5.093023255813954,18,13,105.66955360567752,0.7708333333333334,0.5,adaptive_move,0.575,0.09372316767386718,0.16616434010152248,329.0,0.0,0.0,264.0,91.0,0.0,0.0,0.0,46.0,0.0,0.0,34.0,29.0,0.0,0.0,0.0,0.0,0.0,0.0,34.0,0.0,0.0,0.0,0.0
A_f1_move__baldwinian__s11,A_f1_move__baldwinian,A_f1_move,A,baldwinian,11,1200,train,47,5.76595744680851,24,20,57.34007182067203,0.8541666666666666,0.5,adaptive_move,0.5375,0.08498823151841076,0.1414330474934038,312.0,0.0,0.0,356.0,97.0,0.0,0.0,0.0,48.0,0.0,0.0,35.0,33.0,0.0,0.0,0.0,0.0,0.0,0.0,35.0,0.0,0.0,0.0,0.0
A_f1_move__baldwinian__s11,A_f1_move__baldwinian,A_f1_move,A,baldwinian,11,1250,train,43,5.906976744186046,16,20,79.9300690330191,0.8958333333333334,0.5,adaptive_move,0.5,0.09760640761199428,0.1753906249999999,229.0,0.0,0.0,371.0,207.0,0.0,0.0,0.0,38.0,0.0,0.0,40.0,22.0,0.0,0.0,0.0,0.0,0.0,0.0,40.0,0.0,0.0,0.0,0.0
A_f1_move__baldwinian__s11,A_f1_move__baldwinian,A_f1_move,A,baldwinian,11,1300,train,42,5.761904761904762,17,18,66.30114043221704,0.875,0.5,adaptive_move,0.5125,0.11085277722729166,0.18043173316708216,312.0,0.0,0.0,380.0,111.0,0.0,0.0,0.0,54.0,0.0,0.0,36.0,22.0,0.0,0.0,0.0,0.0,0.0,0.0,36.0,0.0,0.0,0.0,0.0
A_f1_move__baldwinian__s11,A_f1_move__baldwinian,A_f1_move,A,baldwinian,11,1350,train,50,5.94,16,8,108.34105057335202,0.7916666666666666,0.5,adaptive_move,0.525,0.05153865416102417,0.10756714876033047,296.0,0.0,0.0,351.0,161.0,0.0,0.0,0.0,43.0,0.0,0.0,18.0,29.0,0.0,0.0,0.0,0.0,0.0,0.0,18.0,0.0,0.0,0.0,0.0
A_f1_move__baldwinian__s11,A_f1_move__baldwinian,A_f1_move,A,baldwinian,11,1400,train,49,6.183673469387755,20,21,59.61711778242278,0.8958333333333334,0.5,adaptive_move,0.51875,0.0828526143883461,0.1559848971722364,372.0,0.0,0.0,374.0,154.0,0.0,0.0,0.0,54.0,0.0,0.0,31.0,31.0,0.0,0.0,0.0,0.0,0.0,0.0,31.0,0.0,0.0,0.0,0.0
A_f1_move__baldwinian__s11,A_f1_move__baldwinian,A_f1_move,A,baldwinian,11,1450,train,44,6.431818181818182,9,14,95.65932264620736,0.875,0.5,adaptive_move,0.50625,0.06641713094468214,0.13602843915343898,258.0,0.0,0.0,383.0,51.0,0.0,0.0,0.0,43.0,0.0,0.0,34.0,16.0,0.0,0.0,0.0,0.0,0.0,0.0,34.0,0.0,0.0,0.0,0.0
A_f1_move__baldwinian__s11,A_f1_move__baldwinian,A_f1_move,A,baldwinian,11,1500,train,50,7.04,24,18,89.87194051109697,0.8125,0.5,adaptive_move,0.5375,0.05911769348853457,0.12313847708894898,231.0,0.0,0.0,449.0,162.0,0.0,0.0,0.0,41.0,0.0,0.0,28.0,33.0,0.0,0.0,0.0,0.0,0.0,0.0,28.0,0.0,0.0,0.0,0.0
A_f1_move__baldwinian__s11,A_f1_move__baldwinian,A_f1_move,A,baldwinian,11,1550,eval,46,6.804347826086956,14,18,62.50588967048795,0.8958333333333334,0.5,adaptive_move,0.475,0.0,0.0,237.0,0.0,0.0,325.0,36.0,0.0,0.0,46.0,37.0,0.0,0.0,23.0,12.0,0.0,0.0,5.0,0.0,0.0,0.0,23.0,0.0,0.0,0.0,5.0
A_f1_move__baldwinian__s11,A_f1_move__baldwinian,A_f1_move,A,baldwinian,11,1600,eval,50,7.36,22,18,69.85475009146035,0.8958333333333334,0.5,adaptive_move,0.52,0.0,0.0,387.0,0.0,0.0,377.0,37.0,0.0,0.0,179.0,60.0,0.0,0.0,27.0,17.0,0.0,0.0,5.0,0.0,0.0,0.0,27.0,0.0,0.0,0.0,5.0
A_f1_move__baldwinian__s11,A_f1_move__baldwinian,A_f1_move,A,baldwinian,11,1650,eval,50,7.64,16,16,150.93023701222137,0.75,0.5,adaptive_move,0.515,0.0,0.0,329.0,0.0,0.0,367.0,83.0,0.0,0.0,127.0,48.0,0.0,0.0,12.0,13.0,0.0,0.0,7.0,0.0,0.0,0.0,12.0,0.0,0.0,0.0,7.0
A_f1_move__baldwinian__s11,A_f1_move__baldwinian,A_f1_move,A,baldwinian,11,1700,eval,50,7.68,20,20,129.3990175344481,0.7291666666666666,0.5,adaptive_move,0.53,0.0,0.0,445.0,0.0,0.0,328.0,105.0,0.0,0.0,118.0,46.0,0.0,0.0,36.0,7.0,0.0,0.0,15.0,0.0,0.0,0.0,36.0,0.0,0.0,0.0,15.0
A_f1_move__baldwinian__s11,A_f1_move__baldwinian,A_f1_move,A,baldwinian,11,1750,eval,50,8.18,14,14,149.6110011953896,0.6041666666666666,0.5,adaptive_move,0.48,0.0,0.0,430.0,0.0,0.0,260.0,131.0,0.0,0.0,224.0,39.0,0.0,0.0,19.0,8.0,0.0,0.0,11.0,0.0,0.0,0.0,19.0,0.0,0.0,0.0,11.0
A_f1_move__baldwinian__s11,A_f1_move__baldwinian,A_f1_move,A,baldwinian,11,1800,eval,50,8.14,15,15,93.25670304654966,0.8125,0.5,adaptive_move,0.46,0.0,0.0,451.0,0.0,0.0,388.0,95.0,0.0,0.0,55.0,39.0,0.0,0.0,41.0,13.0,0.0,0.0,11.0,0.0,0.0,0.0,41.0,0.0,0.0,0.0,11.0
A_f1_move__baldwinian__s12,A_f1_move__baldwinian,A_f1_move,A,baldwinian,12,50,train,50,0.68,34,4,71.56545645138868,0.8333333333333334,0.5,adaptive_move,0.525,0.0698116478227453,0.1292811662198392,192.0,0.0,0.0,227.0,83.0,0.0,0.0,0.0,32.0,0.0,0.0,39.0,24.0,0.0,0.0,0.0,0.0,0.0,0.0,39.0,0.0,0.0,0.0,0.0
A_f1_move__baldwinian__s12,A_f1_move__baldwinian,A_f1_move,A,baldwinian,12,100,train,50,0.78,12,12,73.29542434673814,0.8541666666666666,0.5,adaptive_move,0.58125,0.06397339411488034,0.13745065789473676,292.0,0.0,0.0,436.0,115.0,0.0,0.0,0.0,50.0,0.0,0.0,44.0,19.0,0.0,0.0,0.0,0.0,0.0,0.0,44.0,0.0,0.0,0.0,0.0
A_f1_move__baldwinian__s12,A_f1_move__baldwinian,A_f1_move,A,baldwinian,12,150,train,50,0.76,10,10,70.39986276480613,0.9375,0.5,adaptive_move,0.5625,0.06442194106627197,0.11954823369565237,376.0,0.0,0.0,418.0,138.0,0.0,0.0,0.0,54.0,0.0,0.0,20.0,22.0,0.0,0.0,0.0,0.0,0.0,0.0,20.0,0.0,0.0,0.0,0.0
A_f1_move__baldwinian__s12,A_f1_move__baldwinian,A_f1_move,A,baldwinian,12,200,train,50,0.74,15,15,101.81847602594952,0.7916666666666666,0.5,adaptive_move,0.5625,0.05295635404319357,0.11801321138211351,400.0,0.0,0.0,394.0,179.0,0.0,0.0,0.0,55.0,0.0,0.0,25.0,27.0,0.0,0.0,0.0,0.0,0.0,0.0,25.0,0.0,0.0,0.0,0.0
A_f1_move__baldwinian__s12,A_f1_move__baldwinian,A_f1_move,A,baldwinian,12,250,train,50,0.76,11,11,122.37167159239903,0.7083333333333334,0.5,adaptive_move,0.54375,0.10487039020701727,0.17434045226130657,224.0,0.0,0.0,616.0,115.0,0.0,0.0,0.0,29.0,0.0,0.0,32.0,16.0,0.0,0.0,0.0,0.0,0.0,0.0,32.0,0.0,0.0,0.0,0.0
A_f1_move__baldwinian__s12,A_f1_move__baldwinian,A_f1_move,A,baldwinian,12,300,train,50,0.76,14,14,108.12358324630651,0.75,0.5,adaptive_move,0.61875,0.06943611486297357,0.15414540816326494,315.0,0.0,0.0,509.0,120.0,0.0,0.0,0.0,47.0,0.0,0.0,32.0,20.0,0.0,0.0,0.0,0.0,0.0,0.0,32.0,0.0,0.0,0.0,0.0
A_f1_move__baldwinian__s12,A_f1_move__baldwinian,A_f1_move,A,baldwinian,12,350,train,50,0.78,11,11,97.56159688946755,0.7708333333333334,0.5,adaptive_move,0.53125,0.07367855022645438,0.14223261154855638,384.0,0.0,0.0,361.0,116.0,0.0,0.0,0.0,41.0,0.0,0.0,30.0,22.0,0.0,0.0,0.0,0.0,0.0,0.0,30.0,0.0,0.0,0.0,0.0
A_f1_move__baldwinian__s12,A_f1_move__baldwinian,A_f1_move,A,baldwinian,12,400,train,50,0.78,6,6,74.49042353469208,0.875,0.5,adaptive_move,0.54375,0.0880623757627535,0.16684027777777777,468.0,0.0,0.0,480.0,124.0,0.0,0.0,0.0,54.0,0.0,0.0,24.0,30.0,0.0,0.0,0.0,0.0,0.0,0.0,24.0,0.0,0.0,0.0,0.0
A_f1_move__baldwinian__s12,A_f1_move__baldwinian,A_f1_move,A,baldwinian,12,450,train,50,0.78,3,3,119.71547125816845,0.6875,0.5,adaptive_move,0.50625,0.07582076911637765,0.16193181818181834,294.0,0.0,0.0,544.0,111.0,0.0,0.0,0.0,47.0,0.0,0.0,24.0,18.0,0.0,0.0,0.0,0.0,0.0,0.0,24.0,0.0,0.0,0.0,0.0
A_f1_move__baldwinian__s12,A_f1_move__baldwinian,A_f1_move,A,baldwinian,12,500,train,45,1.2,15,20,114.9667684783592,0.8125,0.5,adaptive_move,0.5625,0.10119247224177552,0.1746945488721805,250.0,0.0,0.0,602.0,105.0,0.0,0.0,0.0,47.0,0.0,0.0,31.0,24.0,0.0,0.0,0.0,0.0,0.0,0.0,31.0,0.0,0.0,0.0,0.0
A_f1_move__baldwinian__s12,A_f1_move__baldwinian,A_f1_move,A,baldwinian,12,550,train,50,1.64,26,21,101.66815809966963,0.7916666666666666,0.5,adaptive_move,0.60625,0.11419223767866743,0.1951649515738496,431.0,0.0,0.0,499.0,139.0,0.0,0.0,0.0,34.0,0.0,0.0,46.0,25.0,0.0,0.0,0.0,0.0,0.0,0.0,46.0,0.0,0.0,0.0,0.0
A_f1_move__baldwinian__s12,A_f1_move__baldwinian,A_f1_move,A,baldwinian,12,600,train,50,1.74,17,17,131.63942228639087,0.6666666666666666,0.5,adaptive_move,0.53125,0.07522307602487469,0.13345833333333346,471.0,0.0,0.0,598.0,116.0,0.0,0.0,0.0,36.0,0.0,0.0,32.0,22.0,0.0,0.0,0.0,0.0,0.0,0.0,32.0,0.0,0.0,0.0,0.0
A_f1_move__baldwinian__s12,A_f1_move__baldwinian,A_f1_move,A,baldwinian,12,650,train,50,1.76,16,16,87.0122491428479,0.75,0.5,adaptive_move,0.525,0.10651087375690499,0.1582445090439275,416.0,0.0,0.0,398.0,87.0,0.0,0.0,0.0,39.0,0.0,0.0,28.0,21.0,0.0,0.0,0.0,0.0,0.0,0.0,28.0,0.0,0.0,0.0,0.0
A_f1_move__baldwinian__s12,A_f1_move__baldwinian,A_f1_move,A,baldwinian,12,700,train,50,1.78,17,17,61.535500279618,0.9583333333333334,0.5,adaptive_move,0.5625,0.0818483120499582,0.1589923469387753,478.0,0.0,0.0,420.0,138.0,0.0,0.0,0.0,58.0,0.0,0.0,26.0,22.0,0.0,0.0,0.0,0.0,0.0,0.0,26.0,0.0,0.0,0.0,0.0
A_f1_move__baldwinian__s12,A_f1_move__baldwinian,A_f1_move,A,baldwinian,12,750,train,50,1.84,16,16,104.68612216585086,0.75,0.5,adaptive_move,0.5375,0.10600276010030707,0.1894359756097561,256.0,0.0,0.0,234.0,127.0,0.0,0.0,0.0,67.0,0.0,0.0,25.0,24.0,0.0,0.0,0.0,0.0,0.0,0.0,25.0,0.0,0.0,0.0,0.0
A_f1_move__baldwinian__s12,A_f1_move__baldwinian,A_f1_move,A,baldwinian,12,800,train,50,1.88,19,19,100.09578446709217,0.7708333333333334,0.5,adaptive_move,0.56875,0.08270192434266149,0.13863561007957537,322.0,0.0,0.0,556.0,148.0,0.0,0.0,0.0,41.0,0.0,0.0,37.0,29.0,0.0,0.0,0.0,0.0,0.0,0.0,37.0,0.0,0.0,0.0,0.0
A_f1_move__baldwinian__s12,A_f1_move__baldwinian,A_f1_move,A,baldwinian,12,850,train,50,1.98,11,11,94.39820727783453,0.7916666666666666,0.5,adaptive_move,0.53125,0.06576997551142802,0.11635928961748632,530.0,0.0,0.0,430.0,142.0,0.0,0.0,0.0,42.0,0.0,0.0,21.0,21.0,0.0,0.0,0.0,0.0,0.0,0.0,21.0,0.0,0.0,0.0,0.0
A_f1_move__baldwinian__s12,A_f1_move__baldwinian,A_f1_move,A,baldwinian,12,900,train,50,2.04,12,12,105.81013726376887,0.7291666666666666,0.5,adaptive_move,0.56875,0.05626372705192506,0.11364412568306004,456.0,0.0,0.0,472.0,84.0,0.0,0.0,0.0,52.0,0.0,0.0,30.0,26.0,0.0,0.0,0.0,0.0,0.0,0.0,30.0,0.0,0.0,0.0,0.0
A_f1_move__baldwinian__s12,A_f1_move__baldwinian,A_f1_move,A,baldwinian,12,950,train,50,2.3,17,17,53.68308877263811,0.9375,0.5,adaptive_move,0.58125,0.11993171620313937,0.19995492788461533,332.0,0.0,0.0,412.0,108.0,0.0,0.0,0.0,62.0,0.0,0.0,35.0,27.0,0.0,0.0,0.0,0.0,0.0,0.0,35.0,0.0,0.0,0.0,0.0
A_f1_move__baldwinian__s12,A_f1_move__baldwinian,A_f1_move,A,baldwinian,12,1000,train,50,2.3,13,13,84.06750105487643,0.7708333333333334,0.5,adaptive_move,0.60625,0.09264121154327314,0.16773989898989905,351.0,0.0,0.0,551.0,94.0,0.0,0.0,0.0,47.0,0.0,0.0,26.0,21.0,0.0,0.0,0.0,0.0,0.0,0.0,26.0,0.0,0.0,0.0,0.0
A_f1_move__baldwinian__s12,A_f1_move__baldwinian,A_f1_move,A,baldwinian,12,1050,train,50,2.52,18,18,98.40252490412081,0.7916666666666666,0.5,adaptive_move,0.575,0.07359133809170984,0.14611002604166656,422.0,0.0,0.0,493.0,99.0,0.0,0.0,0.0,52.0,0.0,0.0,33.0,22.0,0.0,0.0,0.0,0.0,0.0,0.0,33.0,0.0,0.0,0.0,0.0
A_f1_move__baldwinian__s12,A_f1_move__baldwinian,A_f1_move,A,baldwinian,12,1100,train,50,2.64,17,17,99.268251881819,0.7916666666666666,0.5,adaptive_move,0.55,0.10852181177758695,0.18405251842751835,369.0,0.0,0.0,567.0,76.0,0.0,0.0,0.0,40.0,0.0,0.0,32.0,24.0,0.0,0.0,0.0,0.0,0.0,0.0,32.0,0.0,0.0,0.0,0.0
A_f1_move__baldwinian__s12,A_f1_move__baldwinian,A_f1_move,A,baldwinian,12,1150,train,50,2.76,13,13,108.15126645838782,0.7708333333333334,0.5,adaptive_move,0.54375,0.05910290593745734,0.12439516129032224,361.0,0.0,0.0,517.0,85.0,0.0,0.0,0.0,53.0,0.0,0.0,27.0,19.0,0.0,0.0,0.0,0.0,0.0,0.0,27.0,0.0,0.0,0.0,0.0
A_f1_move__baldwinian__s12,A_f1_move__baldwinian,A_f1_move,A,baldwinian,12,1200,train,50,2.82,20,20,98.87172543219909,0.75,0.5,adaptive_move,0.56875,0.11644954442539213,0.19626967312348653,326.0,0.0,0.0,399.0,54.0,0.0,0.0,0.0,47.0,0.0,0.0,32.0,25.0,0.0,0.0,0.0,0.0,0.0,0.0,32.0,0.0,0.0,0.0,0.0
A_f1_move__baldwinian__s12,A_f1_move__baldwinian,A_f1_move,A,baldwinian,12,1250,train,50,2.94,16,16,85.71391258653887,0.8541666666666666,0.5,adaptive_move,0.55,0.10463203280502562,0.18363608374384222,268.0,0.0,0.0,398.0,120.0,0.0,0.0,0.0,56.0,0.0,0.0,29.0,26.0,0.0,0.0,0.0,0.0,0.0,0.0,29.0,0.0,0.0,0.0,0.0
A_f1_move__baldwinian__s12,A_f1_move__baldwinian,A_f1_move,A,baldwinian,12,1300,train,50,3.16,17,17,103.55642575804208,0.7916666666666666,0.5,adaptive_move,0.54375,0.10100767365404283,0.18794207317073153,288.0,0.0,0.0,391.0,141.0,0.0,0.0,0.0,59.0,0.0,0.0,21.0,22.0,0.0,0.0,0.0,0.0,0.0,0.0,21.0,0.0,0.0,0.0,0.0
A_f1_move__baldwinian__s12,A_f1_move__baldwinian,A_f1_move,A,baldwinian,12,1350,train,50,3.34,14,14,86.77452189674501,0.8333333333333334,0.5,adaptive_move,0.5625,0.09927803085633284,0.16913765822784832,344.0,0.0,0.0,272.0,108.0,0.0,0.0,0.0,61.0,0.0,0.0,32.0,19.0,0.0,0.0,0.0,0.0,0.0,0.0,32.0,0.0,0.0,0.0,0.0
A_f1_move__baldwinian__s12,A_f1_move__baldwinian,A_f1_move,A,baldwinian,12,1400,train,50,3.56,15,15,67.7085469341958,0.8541666666666666,0.5,adaptive_move,0.54375,0.08238102037761667,0.1564187017994858,326.0,0.0,0.0,302.0,121.0,0.0,0.0,0.0,51.0,0.0,0.0,33.0,22.0,0.0,0.0,0.0,0.0,0.0,0.0,33.0,0.0,0.0,0.0,0.0
A_f1_move__baldwinian__s12,A_f1_move__baldwinian,A_f1_move,A,baldwinian,12,1450,train,50,3.66,19,19,44.28903408281184,1.0,0.5,adaptive_move,0.525,0.06397339411488034,0.13745065789473676,283.0,0.0,0.0,434.0,106.0,0.0,0.0,0.0,56.0,0.0,0.0,33.0,28.0,0.0,0.0,0.0,0.0,0.0,0.0,33.0,0.0,0.0,0.0,0.0
A_f1_move__baldwinian__s12,A_f1_move__baldwinian,A_f1_move,A,baldwinian,12,1500,train,50,3.74,8,8,120.89183437885036,0.75,0.5,adaptive_move,0.525,0.047937984986574825,0.10995719178082197,327.0,0.0,0.0,441.0,66.0,0.0,0.0,0.0,50.0,0.0,0.0,26.0,20.0,0.0,0.0,0.0,0.0,0.0,0.0,26.0,0.0,0.0,0.0,0.0
A_f1_move__baldwinian__s12,A_f1_move__baldwinian,A_f1_move,A,baldwinian,12,1550,eval,50,3.94,24,24,136.78953785917588,0.7291666666666666,0.5,adaptive_move,0.515,0.0,0.0,433.0,0.0,0.0,460.0,77.0,0.0,0.0,38.0,45.0,0.0,0.0,31.0,12.0,0.0,0.0,5.0,0.0,0.0,0.0,31.0,0.0,0.0,0.0,5.0
A_f1_move__baldwinian__s12,A_f1_move__baldwinian,A_f1_move,A,baldwinian,12,1600,eval,50,3.98,13,13,122.66547478421806,0.7291666666666666,0.5,adaptive_move,0.5,0.0,0.0,434.0,0.0,0.0,415.0,95.0,0.0,0.0,68.0,43.0,0.0,0.0,40.0,11.0,0.0,0.0,10.0,0.0,0.0,0.0,40.0,0.0,0.0,0.0,10.0
A_f1_move__baldwinian__s12,A_f1_move__baldwinian,A_f1_move,A,baldwinian,12,1650,eval,50,4.06,14,14,99.54993879916512,0.7291666666666666,0.5,adaptive_move,0.52,0.0,0.0,406.0,0.0,0.0,448.0,158.0,0.0,0.0,78.0,51.0,0.0,0.0,25.0,23.0,0.0,0.0,7.0,0.0,0.0,0.0,25.0,0.0,0.0,0.0,7.0
A_f1_move__baldwinian__s12,A_f1_move__baldwinian,A_f1_move,A,baldwinian,12,1700,eval,50,4.34,18,18,102.69572430418296,0.7916666666666666,0.5,adaptive_move,0.505,0.0,0.0,502.0,0.0,0.0,440.0,144.0,0.0,0.0,76.0,40.0,0.0,0.0,33.0,17.0,0.0,0.0,5.0,0.0,0.0,0.0,33.0,0.0,0.0,0.0,5.0
A_f1_move__baldwinian__s12,A_f1_move__baldwinian,A_f1_move,A,baldwinian,12,1750,eval,50,4.46,11,11,127.3266859704141,0.6458333333333334,0.5,adaptive_move,0.505,0.0,0.0,457.0,0.0,0.0,619.0,124.0,0.0,0.0,161.0,46.0,0.0,0.0,25.0,10.0,0.0,0.0,15.0,0.0,0.0,0.0,25.0,0.0,0.0,0.0,15.0
A_f1_move__baldwinian__s12,A_f1_move__baldwinian,A_f1_move,A,baldwinian,12,1800,eval,50,4.46,16,16,193.46611523264673,0.5208333333333334,0.5,adaptive_move,0.495,0.0,0.0,489.0,0.0,0.0,500.0,165.0,0.0,0.0,166.0,38.0,0.0,0.0,23.0,11.0,0.0,0.0,17.0,0.0,0.0,0.0,23.0,0.0,0.0,0.0,17.0
A_f1_move__baldwinian__s13,A_f1_move__baldwinian,A_f1_move,A,baldwinian,13,50,train,50,0.74,32,2,114.07943728450346,0.75,0.5,adaptive_move,0.53125,0.05623337780561942,0.10635359116022092,286.0,0.0,0.0,238.0,57.0,0.0,0.0,0.0,38.0,0.0,0.0,32.0,19.0,0.0,0.0,0.0,0.0,0.0,0.0,32.0,0.0,0.0,0.0,0.0
A_f1_move__baldwinian__s13,A_f1_move__baldwinian,A_f1_move,A,baldwinian,13,100,train,50,0.8,7,7,52.73077768109777,0.8958333333333334,0.5,adaptive_move,0.525,0.13202788379258237,0.21020242316784876,342.0,0.0,0.0,459.0,63.0,0.0,0.0,0.0,61.0,0.0,0.0,38.0,15.0,0.0,0.0,0.0,0.0,0.0,0.0,38.0,0.0,0.0,0.0,0.0
A_f1_move__baldwinian__s13,A_f1_move__baldwinian,A_f1_move,A,baldwinian,13,150,train,50,0.8,14,14,118.85830357461566,0.6875,0.5,adaptive_move,0.525,0.12247302191254848,0.20633886255924172,392.0,0.0,0.0,433.0,124.0,0.0,0.0,0.0,60.0,0.0,0.0,24.0,14.0,0.0,0.0,0.0,0.0,0.0,0.0,24.0,0.0,0.0,0.0,0.0
A_f1_move__baldwinian__s13,A_f1_move__baldwinian,A_f1_move,A,baldwinian,13,200,train,50,1.04,18,18,80.38968639442061,0.8541666666666666,0.5,adaptive_move,0.6,0.09953663301991258,0.17950527295285368,309.0,0.0,0.0,354.0,117.0,0.0,0.0,0.0,59.0,0.0,0.0,38.0,15.0,0.0,0.0,0.0,0.0,0.0,0.0,38.0,0.0,0.0,0.0,0.0
A_f1_move__baldwinian__s13,A_f1_move__baldwinian,A_f1_move,A,baldwinian,13,250,train,50,1.42,18,18,83.52666121939025,0.8541666666666666,0.5,adaptive_move,0.55625,0.1260157430530921,0.21819428406466512,463.0,0.0,0.0,336.0,171.0,0.0,0.0,0.0,66.0,0.0,0.0,24.0,21.0,0.0,0.0,0.0,0.0,0.0,0.0,24.0,0.0,0.0,0.0,0.0
A_f1_move__baldwinian__s13,A_f1_move__baldwinian,A_f1_move,A,baldwinian,13,300,train,49,1.4081632653061225,20,21,24.328958569220347,1.0,0.5,adaptive_move,0.51875,0.09529902751294601,0.18357843137254903,368.0,0.0,0.0,409.0,104.0,0.0,0.0,0.0,73.0,0.0,0.0,37.0,19.0,0.0,0.0,0.0,0.0,0.0,0.0,37.0,0.0,0.0,0.0,0.0
A_f1_move__baldwinian__s13,A_f1_move__baldwinian,A_f1_move,A,baldwinian,13,350,train,38,1.368421052631579,6,17,108.60637065551393,0.8333333333333334,0.5,adaptive_move,0.55,0.13182058236237654,0.20075483091787438,263.0,0.0,0.0,452.0,19.0,0.0,0.0,0.0,41.0,0.0,0.0,35.0,10.0,0.0,0.0,0.0,0.0,0.0,0.0,35.0,0.0,0.0,0.0,0.0
A_f1_move__baldwinian__s13,A_f1_move__baldwinian,A_f1_move,A,baldwinian,13,400,train,47,1.6170212765957446,19,10,76.10654234316249,0.8958333333333334,0.5,adaptive_move,0.54375,0.09266478509617103,0.14888218015665822,383.0,0.0,0.0,452.0,73.0,0.0,0.0,0.0,72.0,0.0,0.0,28.0,16.0,0.0,0.0,0.0,0.0,0.0,0.0,28.0,0.0,0.0,0.0,0.0
A_f1_move__baldwinian__s13,A_f1_move__baldwinian,A_f1_move,A,baldwinian,13,450,train,50,1.56,15,12,68.45749098935337,0.8541666666666666,0.5,adaptive_move,0.55625,0.0879844509666093,0.15987052429667536,358.0,0.0,0.0,509.0,80.0,0.0,0.0,0.0,57.0,0.0,0.0,24.0,17.0,0.0,0.0,0.0,0.0,0.0,0.0,24.0,0.0,0.0,0.0,0.0
A_f1_move__baldwinian__s13,A_f1_move__baldwinian,A_f1_move,A,baldwinian,13,500,train,50,1.8,12,12,74.78871456451589,0.8125,0.5,adaptive_move,0.6125,0.10464697024207759,0.19721889952153115,341.0,0.0,0.0,442.0,82.0,0.0,0.0,0.0,65.0,0.0,0.0,17.0,18.0,0.0,0.0,0.0,0.0,0.0,0.0,17.0,0.0,0.0,0.0,0.0
A_f1_move__baldwinian__s13,A_f1_move__baldwinian,A_f1_move,A,baldwinian,13,550,train,50,2.38,18,18,88.06638396706221,0.8125,0.5,adaptive_move,0.5375,0.10316200389129061,0.17548437499999991,410.0,0.0,0.0,348.0,138.0,0.0,0.0,0.0,63.0,0.0,0.0,23.0,11.0,0.0,0.0,0.0,0.0,0.0,0.0,23.0,0.0,0.0,0.0,0.0
A_f1_move__baldwinian__s13,A_f1_move__baldwinian,A_f1_move,A,baldwinian,13,600,train,50,2.84,20,20,54.59827361677104,0.9583333333333334,0.5,adaptive_move,0.55625,0.09544374166973406,0.15858569587628857,232.0,0.0,0.0,448.0,86.0,0.0,0.0,0.0,53.0,0.0,0.0,30.0,18.0,0.0,0.0,0.0,0.0,0.0,0.0,30.0,0.0,0.0,0.0,0.0
A_f1_move__baldwinian__s13,A_f1_move__baldwinian,A_f1_move,A,baldwinian,13,650,train,40,3.05,13,23,126.22379199075468,0.7291666666666666,0.5,adaptive_move,0.55,0.11895091926991258,0.1956007281553398,312.0,0.0,0.0,331.0,57.0,0.0,0.0,0.0,50.0,0.0,0.0,34.0,9.0,0.0,0.0,0.0,0.0,0.0,0.0,34.0,0.0,0.0,0.0,0.0
A_f1_move__baldwinian__s13,A_f1_move__baldwinian,A_f1_move,A,baldwinian,13,700,train,47,3.25531914893617,23,16,100.63894857619192,0.7916666666666666,0.5,adaptive_move,0.51875,0.11800406943893534,0.18842364532019706,332.0,0.0,0.0,379.0,88.0,0.0,0.0,0.0,51.0,0.0,0.0,40.0,16.0,0.0,0.0,0.0,0.0,0.0,0.0,40.0,0.0,0.0,0.0,0.0
A_f1_move__baldwinian__s13,A_f1_move__baldwinian,A_f1_move,A,baldwinian,13,750,train,50,3.34,16,13,47.79386307179037,0.9166666666666666,0.5,adaptive_move,0.54375,0.07080234126253065,0.14666396103896062,386.0,0.0,0.0,480.0,113.0,0.0,0.0,0.0,59.0,0.0,0.0,37.0,19.0,0.0,0.0,0.0,0.0,0.0,0.0,37.0,0.0,0.0,0.0,0.0
A_f1_move__baldwinian__s13,A_f1_move__baldwinian,A_f1_move,A,baldwinian,13,800,train,50,3.2,16,16,51.82184512070894,0.9166666666666666,0.5,adaptive_move,0.5625,0.10093147878474948,0.18226600985221664,407.0,0.0,0.0,379.0,137.0,0.0,0.0,0.0,56.0,0.0,0.0,30.0,21.0,0.0,0.0,0.0,0.0,0.0,0.0,30.0,0.0,0.0,0.0,0.0
A_f1_move__baldwinian__s13,A_f1_move__baldwinian,A_f1_move,A,baldwinian,13,850,train,50,3.48,21,21,90.72064638578681,0.7916666666666666,0.5,adaptive_move,0.55,0.09573795129902805,0.1670368020304569,420.0,0.0,0.0,411.0,69.0,0.0,0.0,0.0,57.0,0.0,0.0,29.0,13.0,0.0,0.0,0.0,0.0,0.0,0.0,29.0,0.0,0.0,0.0,0.0
A_f1_move__baldwinian__s13,A_f1_move__baldwinian,A_f1_move,A,baldwinian,13,900,train,48,3.8958333333333335,19,21,73.92570999446305,0.8958333333333334,0.5,adaptive_move,0.6,0.09706643019587013,0.1596802699228792,332.0,0.0,0.0,486.0,133.0,0.0,0.0,0.0,48.0,0.0,0.0,32.0,14.0,0.0,0.0,0.0,0.0,0.0,0.0,32.0,0.0,0.0,0.0,0.0
A_f1_move__baldwinian__s13,A_f1_move__baldwinian,A_f1_move,A,baldwinian,13,950,train,50,3.98,20,18,74.55770188505329,0.8125,0.5,adaptive_move,0.5375,0.08229376166113613,0.1256587837837837,463.0,0.0,0.0,519.0,81.0,0.0,0.0,0.0,53.0,0.0,0.0,30.0,12.0,0.0,0.0,0.0,0.0,0.0,0.0,30.0,0.0,0.0,0.0,0.0
A_f1_move__baldwinian__s13,A_f1_move__baldwinian,A_f1_move,A,baldwinian,13,1000,train,49,3.9591836734693877,20,21,53.99907061407773,0.9166666666666666,0.5,adaptive_move,0.53125,0.05671324933078137,0.11921578590785886,437.0,0.0,0.0,465.0,131.0,0.0,0.0,0.0,52.0,0.0,0.0,42.0,22.0,0.0,0.0,0.0,0.0,0.0,0.0,42.0,0.0,0.0,0.0,0.0
A_f1_move__baldwinian__s13,A_f1_move__baldwinian,A_f1_move,A,baldwinian,13,1050,train,50,4.42,20,19,67.68410111172933,0.8541666666666666,0.5,adaptive_move,0.5125,0.06535036291426073,0.13809210526315785,508.0,0.0,0.0,422.0,44.0,0.0,0.0,0.0,55.0,0.0,0.0,31.0,18.0,0.0,0.0,0.0,0.0,0.0,0.0,31.0,0.0,0.0,0.0,0.0
A_f1_move__baldwinian__s13,A_f1_move__baldwinian,A_f1_move,A,baldwinian,13,1100,train,48,4.6875,17,19,57.16835019799937,0.8958333333333334,0.5,adaptive_move,0.50625,0.10622447226850112,0.17527412280701737,299.0,0.0,0.0,404.0,94.0,0.0,0.0,0.0,50.0,0.0,0.0,35.0,23.0,0.0,0.0,0.0,0.0,0.0,0.0,35.0,0.0,0.0,0.0,0.0
A_f1_move__baldwinian__s13,A_f1_move__baldwinian,A_f1_move,A,baldwinian,13,1150,train,50,4.8,20,18,86.28395744012585,0.7708333333333334,0.5,adaptive_move,0.56875,0.07928092986984106,0.1522367571059431,404.0,0.0,0.0,471.0,85.0,0.0,0.0,0.0,49.0,0.0,0.0,26.0,21.0,0.0,0.0,0.0,0.0,0.0,0.0,26.0,0.0,0.0,0.0,0.0
A_f1_move__baldwinian__s13,A_f1_move__baldwinian,A_f1_move,A,baldwinian,13,1200,train,50,4.94,16,16,90.05672675606003,0.8333333333333334,0.5,adaptive_move,0.58125,0.12482078454890892,0.1999547101449275,426.0,0.0,0.0,484.0,37.0,0.0,0.0,0.0,63.0,0.0,0.0,23.0,10.0,0.0,0.0,0.0,0.0,0.0,0.0,23.0,0.0,0.0,0.0,0.0
A_f1_move__baldwinian__s13,A_f1_move__baldwinian,A_f1_move,A,baldwinian,13,1250,train,50,5.22,16,16,85.45765117921114,0.8333333333333334,0.5,adaptive_move,0.525,0.09876827101960653,0.16848892405063287,287.0,0.0,0.0,499.0,110.0,0.0,0.0,0.0,44.0,0.0,0.0,28.0,24.0,0.0,0.0,0.0,0.0,0.0,0.0,28.0,0.0,0.0,0.0,0.0
A_f1_move__baldwinian__s13,A_f1_move__baldwinian,A_f1_move,A,baldwinian,13,1300,train,50,5.32,18,18,57.49374325218767,0.9166666666666666,0.5,adaptive_move,0.55625,0.1256599631237017,0.20354466426858542,414.0,0.0,0.0,607.0,73.0,0.0,0.0,0.0,66.0,0.0,0.0,39.0,20.0,0.0,0.0,0.0,0.0,0.0,0.0,39.0,0.0,0.0,0.0,0.0
A_f1_move__baldwinian__s13,A_f1_move__baldwinian,A_f1_move,A,baldwinian,13,1350,train,39,5.3076923076923075,16,27,81.59830302445519,0.9166666666666666,0.5,adaptive_move,0.5625,0.09275874207875226,0.17190632832080177,272.0,0.0,0.0,436.0,36.0,0.0,0.0,0.0,45.0,0.0,0.0,40.0,16.0,0.0,0.0,0.0,0.0,0.0,0.0,40.0,0.0,0.0,0.0,0.0
A_f1_move__baldwinian__s13,A_f1_move__baldwinian,A_f1_move,A,baldwinian,13,1400,train,48,6.145833333333333,23,14,63.49090012304336,0.875,0.5,adaptive_move,0.5,0.05471559849830715,0.10437153739612182,407.0,0.0,0.0,370.0,55.0,0.0,0.0,0.0,55.0,0.0,0.0,29.0,14.0,0.0,0.0,0.0,0.0,0.0,0.0,29.0,0.0,0.0,0.0,0.0
A_f1_move__baldwinian__s13,A_f1_move__baldwinian,A_f1_move,A,baldwinian,13,1450,train,41,6.317073170731708,16,23,51.46175859317682,0.9166666666666666,0.5,adaptive_move,0.525,0.074626759864282,0.13200200534759365,319.0,0.0,0.0,417.0,42.0,0.0,0.0,0.0,47.0,0.0,0.0,31.0,15.0,0.0,0.0,0.0,0.0,0.0,0.0,31.0,0.0,0.0,0.0,0.0
A_f1_move__baldwinian__s13,A_f1_move__baldwinian,A_f1_move,A,baldwinian,13,1500,train,34,6.029411764705882,18,25,123.04434898381804,0.7708333333333334,0.5,adaptive_move,0.49375,0.060064637260828106,0.12646615281501328,245.0,0.0,0.0,396.0,55.0,0.0,0.0,0.0,43.0,0.0,0.0,41.0,15.0,0.0,0.0,0.0,0.0,0.0,0.0,41.0,0.0,0.0,0.0,0.0
A_f1_move__baldwinian__s13,A_f1_move__baldwinian,A_f1_move,A,baldwinian,13,1550,eval,32,6.0625,16,18,148.89654184614898,0.6666666666666666,0.5,adaptive_move,0.49,0.0,0.0,170.0,0.0,0.0,284.0,33.0,0.0,0.0,41.0,35.0,0.0,0.0,29.0,6.0,0.0,0.0,7.0,0.0,0.0,0.0,29.0,0.0,0.0,0.0,7.0
A_f1_move__baldwinian__s13,A_f1_move__baldwinian,A_f1_move,A,baldwinian,13,1600,eval,39,6.743589743589744,25,18,203.81673258674516,0.5416666666666666,0.5,adaptive_move,0.495,0.0,0.0,281.0,0.0,0.0,367.0,32.0,0.0,0.0,86.0,33.0,0.0,0.0,40.0,7.0,0.0,0.0,8.0,0.0,0.0,0.0,40.0,0.0,0.0,0.0,8.0
A_f1_move__baldwinian__s13,A_f1_move__baldwinian,A_f1_move,A,baldwinian,13,1650,eval,50,7.0,26,15,115.21760510183624,0.7916666666666666,0.5,adaptive_move,0.475,0.0,0.0,388.0,0.0,0.0,364.0,82.0,0.0,0.0,96.0,54.0,0.0,0.0,28.0,10.0,0.0,0.0,11.0,0.0,0.0,0.0,28.0,0.0,0.0,0.0,11.0
A_f1_move__baldwinian__s13,A_f1_move__baldwinian,A_f1_move,A,baldwinian,13,1700,eval,50,7.02,9,9,102.02407609398055,0.75,0.5,adaptive_move,0.53,0.0,0.0,631.0,0.0,0.0,529.0,116.0,0.0,0.0,70.0,71.0,0.0,0.0,27.0,9.0,0.0,0.0,7.0,0.0,0.0,0.0,27.0,0.0,0.0,0.0,7.0
A_f1_move__baldwinian__s13,A_f1_move__baldwinian,A_f1_move,A,baldwinian,13,1750,eval,50,7.1,18,18,130.91794712576177,0.75,0.5,adaptive_move,0.515,0.0,0.0,596.0,0.0,0.0,417.0,126.0,0.0,0.0,56.0,34.0,0.0,0.0,36.0,12.0,0.0,0.0,2.0,0.0,0.0,0.0,36.0,0.0,0.0,0.0,2.0
A_f1_move__baldwinian__s13,A_f1_move__baldwinian,A_f1_move,A,baldwinian,13,1800,eval,50,7.1,15,15,183.63193817429737,0.6041666666666666,0.5,adaptive_move,0.475,0.0,0.0,522.0,0.0,0.0,377.0,72.0,0.0,0.0,23.0,49.0,0.0,0.0,28.0,3.0,0.0,0.0,2.0,0.0,0.0,0.0,28.0,0.0,0.0,0.0,2.0
A_f1_move__baldwinian__s14,A_f1_move__baldwinian,A_f1_move,A,baldwinian,14,50,train,50,0.82,34,4,77.6089975267973,0.8541666666666666,0.5,adaptive_move,0.58125,0.05599269677143409,0.1070096685082873,171.0,0.0,0.0,206.0,170.0,0.0,0.0,0.0,46.0,0.0,0.0,37.0,41.0,0.0,0.0,0.0,0.0,0.0,0.0,37.0,0.0,0.0,0.0,0.0
A_f1_move__baldwinian__s14,A_f1_move__baldwinian,A_f1_move,A,baldwinian,14,100,train,50,0.96,11,11,67.49949537010968,0.875,0.5,adaptive_move,0.56875,0.06376353996769181,0.1307583333333333,285.0,0.0,0.0,407.0,135.0,0.0,0.0,0.0,38.0,0.0,0.0,33.0,27.0,0.0,0.0,0.0,0.0,0.0,0.0,33.0,0.0,0.0,0.0,0.0
A_f1_move__baldwinian__s14,A_f1_move__baldwinian,A_f1_move,A,baldwinian,14,150,train,45,0.8888888888888888,12,17,119.34727029140427,0.75,0.5,adaptive_move,0.5625,0.08786735885276308,0.1707785087719298,335.0,0.0,0.0,399.0,117.0,0.0,0.0,0.0,45.0,0.0,0.0,31.0,36.0,0.0,0.0,0.0,0.0,0.0,0.0,31.0,0.0,0.0,0.0,0.0
A_f1_move__baldwinian__s14,A_f1_move__baldwinian,A_f1_move,A,baldwinian,14,200,train,50,1.06,20,15,81.91721011082333,0.8125,0.5,adaptive_move,0.5625,0.12259739997405206,0.20299075178997605,347.0,0.0,0.0,449.0,98.0,0.0,0.0,0.0,55.0,0.0,0.0,27.0,30.0,0.0,0.0,0.0,0.0,0.0,0.0,27.0,0.0,0.0,0.0,0.0
A_f1_move__baldwinian__s14,A_f1_move__baldwinian,A_f1_move,A,baldwinian,14,250,train,50,1.08,12,12,82.31876660164626,0.8541666666666666,0.5,adaptive_move,0.54375,0.06231645333820069,0.13139960106382986,362.0,0.0,0.0,405.0,104.0,0.0,0.0,0.0,40.0,0.0,0.0,24.0,33.0,0.0,0.0,0.0,0.0,0.0,0.0,24.0,0.0,0.0,0.0,0.0
A_f1_move__baldwinian__s14,A_f1_move__baldwinian,A_f1_move,A,baldwinian,14,300,train,50,1.0,18,18,65.28441165330165,0.9166666666666666,0.5,adaptive_move,0.54375,0.07439123862536609,0.13005194369973183,266.0,0.0,0.0,376.0,240.0,0.0,0.0,0.0,60.0,0.0,0.0,23.0,28.0,0.0,0.0,0.0,0.0,0.0,0.0,23.0,0.0,0.0,0.0,0.0
A_f1_move__baldwinian__s14,A_f1_move__baldwinian,A_f1_move,A,baldwinian,14,350,train,50,1.12,19,19,72.8732951872196,0.875,0.5,adaptive_move,0.59375,0.1235773500053578,0.21222921545667472,346.0,0.0,0.0,382.0,290.0,0.0,0.0,0.0,55.0,0.0,0.0,28.0,32.0,0.0,0.0,0.0,0.0,0.0,0.0,28.0,0.0,0.0,0.0,0.0
A_f1_move__baldwinian__s14,A_f1_move__baldwinian,A_f1_move,A,baldwinian,14,400,train,50,1.06,10,10,86.55057585103074,0.875,0.5,adaptive_move,0.5,0.08620557135097127,0.17287002487562209,278.0,0.0,0.0,242.0,105.0,0.0,0.0,0.0,54.0,0.0,0.0,20.0,29.0,0.0,0.0,0.0,0.0,0.0,0.0,20.0,0.0,0.0,0.0,0.0
A_f1_move__baldwinian__s14,A_f1_move__baldwinian,A_f1_move,A,baldwinian,14,450,train,50,1.04,8,8,79.68846864732375,0.875,0.5,adaptive_move,0.55625,0.0802301319186941,0.15365657216494832,358.0,0.0,0.0,331.0,89.0,0.0,0.0,0.0,57.0,0.0,0.0,26.0,28.0,0.0,0.0,0.0,0.0,0.0,0.0,26.0,0.0,0.0,0.0,0.0
A_f1_move__baldwinian__s14,A_f1_move__baldwinian,A_f1_move,A,baldwinian,14,500,train,48,1.2916666666666667,21,23,89.30279150142215,0.8125,0.5,adaptive_move,0.56875,0.11800406943893535,0.18794642857142851,344.0,0.0,0.0,350.0,46.0,0.0,0.0,0.0,51.0,0.0,0.0,22.0,20.0,0.0,0.0,0.0,0.0,0.0,0.0,22.0,0.0,0.0,0.0,0.0
A_f1_move__baldwinian__s14,A_f1_move__baldwinian,A_f1_move,A,baldwinian,14,550,train,50,1.74,26,24,101.67999026695423,0.8125,0.5,adaptive_move,0.51875,0.09790591965369207,0.18542940097799487,196.0,0.0,0.0,358.0,61.0,0.0,0.0,0.0,45.0,0.0,0.0,34.0,20.0,0.0,0.0,0.0,0.0,0.0,0.0,34.0,0.0,0.0,0.0,0.0
A_f1_move__baldwinian__s14,A_f1_move__baldwinian,A_f1_move,A,baldwinian,14,600,train,50,1.86,12,12,82.23830241329776,0.8541666666666666,0.5,adaptive_move,0.54375,0.06739502382991462,0.13319481382978715,361.0,0.0,0.0,349.0,98.0,0.0,0.0,0.0,47.0,0.0,0.0,22.0,35.0,0.0,0.0,0.0,0.0,0.0,0.0,22.0,0.0,0.0,0.0,0.0
A_f1_move__baldwinian__s14,A_f1_move__baldwinian,A_f1_move,A,baldwinian,14,650,train,50,1.86,13,13,59.49410657081721,0.8958333333333334,0.5,adaptive_move,0.55625,0.06267633414425972,0.13584267810026396,397.0,0.0,0.0,344.0,135.0,0.0,0.0,0.0,62.0,0.0,0.0,24.0,29.0,0.0,0.0,0.0,0.0,0.0,0.0,24.0,0.0,0.0,0.0,0.0
A_f1_move__baldwinian__s14,A_f1_move__baldwinian,A_f1_move,A,baldwinian,14,700,train,50,2.0,16,16,52.811379606335265,0.9375,0.5,adaptive_move,0.53125,0.10136498352013777,0.18546262254901968,269.0,0.0,0.0,379.0,138.0,0.0,0.0,0.0,59.0,0.0,0.0,27.0,28.0,0.0,0.0,0.0,0.0,0.0,0.0,27.0,0.0,0.0,0.0,0.0
A_f1_move__baldwinian__s14,A_f1_move__baldwinian,A_f1_move,A,baldwinian,14,750,train,50,2.12,16,16,77.73113091539102,0.8333333333333334,0.5,adaptive_move,0.53125,0.09060147641066195,0.1646097715736039,286.0,0.0,0.0,483.0,116.0,0.0,0.0,0.0,45.0,0.0,0.0,30.0,32.0,0.0,0.0,0.0,0.0,0.0,0.0,30.0,0.0,0.0,0.0,0.0
A_f1_move__baldwinian__s14,A_f1_move__baldwinian,A_f1_move,A,baldwinian,14,800,train,50,2.36,19,19,122.09641877674567,0.75,0.5,adaptive_move,0.5375,0.06812197203366971,0.12916109625668448,418.0,0.0,0.0,455.0,48.0,0.0,0.0,0.0,51.0,0.0,0.0,35.0,12.0,0.0,0.0,0.0,0.0,0.0,0.0,35.0,0.0,0.0,0.0,0.0
A_f1_move__baldwinian__s14,A_f1_move__baldwinian,A_f1_move,A,baldwinian,14,850,train,50,2.5,19,19,62.88955814629506,0.8541666666666666,0.5,adaptive_move,0.55625,0.06609504095647216,0.12825904825737267,278.0,0.0,0.0,388.0,169.0,0.0,0.0,0.0,48.0,0.0,0.0,28.0,39.0,0.0,0.0,0.0,0.0,0.0,0.0,28.0,0.0,0.0,0.0,0.0
A_f1_move__baldwinian__s14,A_f1_move__baldwinian,A_f1_move,A,baldwinian,14,900,train,50,2.48,20,20,106.59784791582625,0.7083333333333334,0.5,adaptive_move,0.5125,0.07551990705288539,0.1512839147286822,335.0,0.0,0.0,330.0,66.0,0.0,0.0,0.0,36.0,0.0,0.0,30.0,25.0,0.0,0.0,0.0,0.0,0.0,0.0,30.0,0.0,0.0,0.0,0.0
A_f1_move__baldwinian__s14,A_f1_move__baldwinian,A_f1_move,A,baldwinian,14,950,train,50,2.56,12,12,61.49311594416484,0.9375,0.5,adaptive_move,0.48125,0.04452254837768428,0.09533438375350145,481.0,0.0,0.0,434.0,188.0,0.0,0.0,0.0,48.0,0.0,0.0,34.0,28.0,0.0,0.0,0.0,0.0,0.0,0.0,34.0,0.0,0.0,0.0,0.0
A_f1_move__baldwinian__s14,A_f1_move__baldwinian,A_f1_move,A,baldwinian,14,1000,train,50,2.66,18,18,87.51688279705017,0.8125,0.5,adaptive_move,0.525,0.11253528733878597,0.17718515037593963,447.0,0.0,0.0,449.0,144.0,0.0,0.0,0.0,46.0,0.0,0.0,28.0,23.0,0.0,0.0,0.0,0.0,0.0,0.0,28.0,0.0,0.0,0.0,0.0
A_f1_move__baldwinian__s14,A_f1_move__baldwinian,A_f1_move,A,baldwinian,14,1050,train,50,2.8,19,19,57.814347354253854,0.875,0.5,adaptive_move,0.60625,0.09749388978176965,0.17409374999999994,424.0,0.0,0.0,514.0,190.0,0.0,0.0,0.0,41.0,0.0,0.0,32.0,38.0,0.0,0.0,0.0,0.0,0.0,0.0,32.0,0.0,0.0,0.0,0.0
A_f1_move__baldwinian__s14,A_f1_move__baldwinian,A_f1_move,A,baldwinian,14,1100,train,50,3.0,19,19,94.73542497581539,0.8125,0.5,adaptive_move,0.55625,0.0787520216836159,0.15939090330788797,342.0,0.0,0.0,625.0,57.0,0.0,0.0,0.0,32.0,0.0,0.0,40.0,19.0,0.0,0.0,0.0,0.0,0.0,0.0,40.0,0.0,0.0,0.0,0.0
A_f1_move__baldwinian__s14,A_f1_move__baldwinian,A_f1_move,A,baldwinian,14,1150,train,50,3.02,17,17,135.4488818449207,0.7083333333333334,0.5,adaptive_move,0.58125,0.06241166093862629,0.1465689432989692,362.0,0.0,0.0,402.0,115.0,0.0,0.0,0.0,27.0,0.0,0.0,33.0,18.0,0.0,0.0,0.0,0.0,0.0,0.0,33.0,0.0,0.0,0.0,0.0
A_f1_move__baldwinian__s14,A_f1_move__baldwinian,A_f1_move,A,baldwinian,14,1200,train,50,3.36,22,22,86.65185621564481,0.875,0.5,adaptive_move,0.55,0.10111160130673316,0.17665991271820403,439.0,0.0,0.0,428.0,82.0,0.0,0.0,0.0,47.0,0.0,0.0,36.0,26.0,0.0,0.0,0.0,0.0,0.0,0.0,36.0,0.0,0.0,0.0,0.0
A_f1_move__baldwinian__s14,A_f1_move__baldwinian,A_f1_move,A,baldwinian,14,1250,train,50,3.48,15,15,75.58452887853004,0.8333333333333334,0.5,adaptive_move,0.48125,0.08444362681136139,0.14602421465968596,288.0,0.0,0.0,280.0,124.0,0.0,0.0,0.0,44.0,0.0,0.0,28.0,27.0,0.0,0.0,0.0,0.0,0.0,0.0,28.0,0.0,0.0,0.0,0.0
A_f1_move__baldwinian__s14,A_f1_move__baldwinian,A_f1_move,A,baldwinian,14,1300,train,50,3.6,16,16,82.29354371214987,0.7708333333333334,0.5,adaptive_move,0.55625,0.09339647503093067,0.173546875,360.0,0.0,0.0,447.0,216.0,0.0,0.0,0.0,50.0,0.0,0.0,20.0,22.0,0.0,0.0,0.0,0.0,0.0,0.0,20.0,0.0,0.0,0.0,0.0
A_f1_move__baldwinian__s14,A_f1_move__baldwinian,A_f1_move,A,baldwinian,14,1350,train,50,3.72,15,15,100.25769258758662,0.8125,0.5,adaptive_move,0.59375,0.11826507133495208,0.21508969907407427,291.0,0.0,0.0,272.0,109.0,0.0,0.0,0.0,44.0,0.0,0.0,27.0,26.0,0.0,0.0,0.0,0.0,0.0,0.0,27.0,0.0,0.0,0.0,0.0
A_f1_move__baldwinian__s14,A_f1_move__baldwinian,A_f1_move,A,baldwinian,14,1400,train,50,3.98,26,26,74.99539428229251,0.8333333333333334,0.5,adaptive_move,0.5125,0.08544603683110712,0.1559600515463917,243.0,0.0,0.0,465.0,108.0,0.0,0.0,0.0,33.0,0.0,0.0,35.0,39.0,0.0,0.0,0.0,0.0,0.0,0.0,35.0,0.0,0.0,0.0,0.0
A_f1_move__baldwinian__s14,A_f1_move__baldwinian,A_f1_move,A,baldwinian,14,1450,train,50,4.04,12,12,99.09067929925712,0.7708333333333334,0.5,adaptive_move,0.54375,0.11619469068413527,0.1890318627450982,335.0,0.0,0.0,372.0,229.0,0.0,0.0,0.0,41.0,0.0,0.0,28.0,28.0,0.0,0.0,0.0,0.0,0.0,0.0,28.0,0.0,0.0,0.0,0.0
A_f1_move__baldwinian__s14,A_f1_move__baldwinian,A_f1_move,A,baldwinian,14,1500,train,50,4.1,15,15,102.29435344229242,0.7916666666666666,0.5,adaptive_move,0.5625,0.07036235828888017,0.13387632978723407,286.0,0.0,0.0,285.0,128.0,0.0,0.0,0.0,50.0,0.0,0.0,20.0,27.0,0.0,0.0,0.0,0.0,0.0,0.0,20.0,0.0,0.0,0.0,0.0
A_f1_move__baldwinian__s14,A_f1_move__baldwinian,A_f1_move,A,baldwinian,14,1550,eval,50,4.16,15,15,98.994869619666,0.8125,0.5,adaptive_move,0.505,0.0,0.0,260.0,0.0,0.0,331.0,68.0,0.0,0.0,38.0,42.0,0.0,0.0,22.0,13.0,0.0,0.0,7.0,0.0,0.0,0.0,22.0,0.0,0.0,0.0,7.0
A_f1_move__baldwinian__s14,A_f1_move__baldwinian,A_f1_move,A,baldwinian,14,1600,eval,50,4.28,13,13,127.68147639173893,0.6666666666666666,0.5,adaptive_move,0.475,0.0,0.0,278.0,0.0,0.0,280.0,32.0,0.0,0.0,59.0,36.0,0.0,0.0,14.0,19.0,0.0,0.0,7.0,0.0,0.0,0.0,14.0,0.0,0.0,0.0,7.0
A_f1_move__baldwinian__s14,A_f1_move__baldwinian,A_f1_move,A,baldwinian,14,1650,eval,50,4.42,13,13,153.05682497496076,0.6666666666666666,0.5,adaptive_move,0.48,0.0,0.0,357.0,0.0,0.0,499.0,42.0,0.0,0.0,50.0,46.0,0.0,0.0,32.0,4.0,0.0,0.0,2.0,0.0,0.0,0.0,32.0,0.0,0.0,0.0,2.0
A_f1_move__baldwinian__s14,A_f1_move__baldwinian,A_f1_move,A,baldwinian,14,1700,eval,50,4.44,20,20,126.80324578855864,0.6875,0.5,adaptive_move,0.465,0.0,0.0,482.0,0.0,0.0,393.0,53.0,0.0,0.0,133.0,35.0,0.0,0.0,22.0,15.0,0.0,0.0,14.0,0.0,0.0,0.0,22.0,0.0,0.0,0.0,14.0
A_f1_move__baldwinian__s14,A_f1_move__baldwinian,A_f1_move,A,baldwinian,14,1750,eval,50,4.46,9,9,140.61397443059104,0.6458333333333334,0.5,adaptive_move,0.465,0.0,0.0,518.0,0.0,0.0,492.0,54.0,0.0,0.0,107.0,37.0,0.0,0.0,21.0,7.0,0.0,0.0,10.0,0.0,0.0,0.0,21.0,0.0,0.0,0.0,10.0
A_f1_move__baldwinian__s14,A_f1_move__baldwinian,A_f1_move,A,baldwinian,14,1800,eval,50,4.82,13,13,187.98454095618087,0.5833333333333334,0.5,adaptive_move,0.535,0.0,0.0,581.0,0.0,0.0,473.0,76.0,0.0,0.0,133.0,41.0,0.0,0.0,31.0,14.0,0.0,0.0,9.0,0.0,0.0,0.0,31.0,0.0,0.0,0.0,9.0
A_f1_move__baldwinian__s15,A_f1_move__baldwinian,A_f1_move,A,baldwinian,15,50,train,50,0.84,35,5,60.38252162257855,0.8958333333333334,0.5,adaptive_move,0.5125,0.09424394786782492,0.13664166666666655,233.0,0.0,0.0,260.0,94.0,0.0,0.0,0.0,54.0,0.0,0.0,51.0,19.0,0.0,0.0,0.0,0.0,0.0,0.0,51.0,0.0,0.0,0.0,0.0
A_f1_move__baldwinian__s15,A_f1_move__baldwinian,A_f1_move,A,baldwinian,15,100,train,47,1.1063829787234043,8,11,73.20143627531442,0.9166666666666666,0.5,adaptive_move,0.50625,0.07120745569201267,0.14867227979274622,410.0,0.0,0.0,365.0,88.0,0.0,0.0,0.0,54.0,0.0,0.0,38.0,14.0,0.0,0.0,0.0,0.0,0.0,0.0,38.0,0.0,0.0,0.0,0.0
A_f1_move__baldwinian__s15,A_f1_move__baldwinian,A_f1_move,A,baldwinian,15,150,train,37,1.162162162162162,10,20,117.24361481058561,0.75,0.5,adaptive_move,0.54375,0.08310071054490997,0.15886349104859332,294.0,0.0,0.0,464.0,80.0,0.0,0.0,0.0,41.0,0.0,0.0,39.0,17.0,0.0,0.0,0.0,0.0,0.0,0.0,39.0,0.0,0.0,0.0,0.0
A_f1_move__baldwinian__s15,A_f1_move__baldwinian,A_f1_move,A,baldwinian,15,200,train,50,1.46,24,11,85.99471380552555,0.8333333333333334,0.5,adaptive_move,0.525,0.052044026255166756,0.10794593663911844,410.0,0.0,0.0,567.0,40.0,0.0,0.0,0.0,58.0,0.0,0.0,35.0,17.0,0.0,0.0,0.0,0.0,0.0,0.0,35.0,0.0,0.0,0.0,0.0
A_f1_move__baldwinian__s15,A_f1_move__baldwinian,A_f1_move,A,baldwinian,15,250,train,50,1.38,15,15,60.090200567669214,0.8958333333333334,0.5,adaptive_move,0.58125,0.09577889540843113,0.14324703166226938,333.0,0.0,0.0,360.0,72.0,0.0,0.0,0.0,68.0,0.0,0.0,29.0,13.0,0.0,0.0,0.0,0.0,0.0,0.0,29.0,0.0,0.0,0.0,0.0
A_f1_move__baldwinian__s15,A_f1_move__baldwinian,A_f1_move,A,baldwinian,15,300,train,50,1.4,16,16,31.584912049805226,0.9791666666666666,0.5,adaptive_move,0.51875,0.05228690784383258,0.11292691256830589,303.0,0.0,0.0,464.0,61.0,0.0,0.0,0.0,59.0,0.0,0.0,39.0,17.0,0.0,0.0,0.0,0.0,0.0,0.0,39.0,0.0,0.0,0.0,0.0
A_f1_move__baldwinian__s15,A_f1_move__baldwinian,A_f1_move,A,baldwinian,15,350,train,40,1.525,11,21,59.72340541557594,0.9166666666666666,0.5,adaptive_move,0.5375,0.10080901157903929,0.19077633171912822,279.0,0.0,0.0,387.0,66.0,0.0,0.0,0.0,67.0,0.0,0.0,25.0,17.0,0.0,0.0,0.0,0.0,0.0,0.0,25.0,0.0,0.0,0.0,0.0
A_f1_move__baldwinian__s15,A_f1_move__baldwinian,A_f1_move,A,baldwinian,15,400,train,46,1.7173913043478262,20,14,60.50864557576314,0.9166666666666666,0.5,adaptive_move,0.55625,0.07163362140768256,0.12948223860589825,400.0,0.0,0.0,422.0,103.0,0.0,0.0,0.0,69.0,0.0,0.0,29.0,21.0,0.0,0.0,0.0,0.0,0.0,0.0,29.0,0.0,0.0,0.0,0.0
A_f1_move__baldwinian__s15,A_f1_move__baldwinian,A_f1_move,A,baldwinian,15,450,train,45,1.7555555555555555,7,8,74.82999410297495,0.9166666666666666,0.5,adaptive_move,0.46875,0.07832722075677938,0.1449770942408377,271.0,0.0,0.0,373.0,54.0,0.0,0.0,0.0,63.0,0.0,0.0,21.0,13.0,0.0,0.0,0.0,0.0,0.0,0.0,21.0,0.0,0.0,0.0,0.0
A_f1_move__baldwinian__s15,A_f1_move__baldwinian,A_f1_move,A,baldwinian,15,500,train,46,1.9565217391304348,15,14,41.5931560515525,0.9583333333333334,0.5,adaptive_move,0.53125,0.055073157202141856,0.1209316037735848,272.0,0.0,0.0,317.0,147.0,0.0,0.0,0.0,69.0,0.0,0.0,32.0,17.0,0.0,0.0,0.0,0.0,0.0,0.0,32.0,0.0,0.0,0.0,0.0
A_f1_move__baldwinian__s15,A_f1_move__baldwinian,A_f1_move,A,baldwinian,15,550,train,33,2.3636363636363638,11,24,100.84043504316462,0.875,0.5,adaptive_move,0.5375,0.06749919322677937,0.1358300264550263,282.0,0.0,0.0,304.0,136.0,0.0,0.0,0.0,53.0,0.0,0.0,25.0,18.0,0.0,0.0,0.0,0.0,0.0,0.0,25.0,0.0,0.0,0.0,0.0
A_f1_move__baldwinian__s15,A_f1_move__baldwinian,A_f1_move,A,baldwinian,15,600,train,36,2.6666666666666665,15,12,125.26973680573158,0.75,0.5,adaptive_move,0.55,0.047937984986574825,0.10995719178082197,288.0,0.0,0.0,236.0,71.0,0.0,0.0,0.0,62.0,0.0,0.0,21.0,16.0,0.0,0.0,0.0,0.0,0.0,0.0,21.0,0.0,0.0,0.0,0.0
A_f1_move__baldwinian__s15,A_f1_move__baldwinian,A_f1_move,A,baldwinian,15,650,train,50,2.88,26,12,41.17781552163302,0.9375,0.5,adaptive_move,0.5375,0.08260535338036858,0.14915364583333313,343.0,0.0,0.0,328.0,94.0,0.0,0.0,0.0,67.0,0.0,0.0,33.0,15.0,0.0,0.0,0.0,0.0,0.0,0.0,33.0,0.0,0.0,0.0,0.0
A_f1_move__baldwinian__s15,A_f1_move__baldwinian,A_f1_move,A,baldwinian,15,700,train,41,2.951219512195122,11,20,103.71329699169058,0.8333333333333334,0.5,adaptive_move,0.525,0.10505172691177414,0.1730872166246853,417.0,0.0,0.0,500.0,130.0,0.0,0.0,0.0,42.0,0.0,0.0,42.0,16.0,0.0,0.0,0.0,0.0,0.0,0.0,42.0,0.0,0.0,0.0,0.0
A_f1_move__baldwinian__s15,A_f1_move__baldwinian,A_f1_move,A,baldwinian,15,750,train,50,3.22,18,9,102.05070684711843,0.75,0.5,adaptive_move,0.50625,0.054926936138166994,0.10877238292011016,452.0,0.0,0.0,508.0,101.0,0.0,0.0,0.0,55.0,0.0,0.0,25.0,15.0,0.0,0.0,0.0,0.0,0.0,0.0,25.0,0.0,0.0,0.0,0.0
A_f1_move__baldwinian__s15,A_f1_move__baldwinian,A_f1_move,A,baldwinian,15,800,train,50,3.2,16,16,88.86325077052912,0.875,0.5,adaptive_move,0.575,0.07404931137696497,0.13417553191489362,334.0,0.0,0.0,567.0,60.0,0.0,0.0,0.0,47.0,0.0,0.0,34.0,17.0,0.0,0.0,0.0,0.0,0.0,0.0,34.0,0.0,0.0,0.0,0.0
A_f1_move__baldwinian__s15,A_f1_move__baldwinian,A_f1_move,A,baldwinian,15,850,train,50,3.3,10,10,60.01799153300965,0.8958333333333334,0.5,adaptive_move,0.5375,0.12247012601303822,0.18954741379310347,464.0,0.0,0.0,418.0,54.0,0.0,0.0,0.0,66.0,0.0,0.0,29.0,15.0,0.0,0.0,0.0,0.0,0.0,0.0,29.0,0.0,0.0,0.0,0.0
A_f1_move__baldwinian__s15,A_f1_move__baldwinian,A_f1_move,A,baldwinian,15,900,train,50,3.64,20,20,71.75030918629844,0.9166666666666666,0.5,adaptive_move,0.54375,0.09325755835870535,0.16578362944162395,377.0,0.0,0.0,466.0,39.0,0.0,0.0,0.0,64.0,0.0,0.0,23.0,15.0,0.0,0.0,0.0,0.0,0.0,0.0,23.0,0.0,0.0,0.0,0.0
A_f1_move__baldwinian__s15,A_f1_move__baldwinian,A_f1_move,A,baldwinian,15,950,train,50,3.94,20,20,80.81663755951399,0.8541666666666666,0.5,adaptive_move,0.59375,0.10023915587902656,0.17856032338308458,280.0,0.0,0.0,521.0,58.0,0.0,0.0,0.0,54.0,0.0,0.0,23.0,17.0,0.0,0.0,0.0,0.0,0.0,0.0,23.0,0.0,0.0,0.0,0.0
A_f1_move__baldwinian__s15,A_f1_move__baldwinian,A_f1_move,A,baldwinian,15,1000,train,50,4.22,19,19,69.78204033745178,0.875,0.5,adaptive_move,0.5375,0.10205199979355661,0.16454081632653073,324.0,0.0,0.0,366.0,66.0,0.0,0.0,0.0,56.0,0.0,0.0,34.0,9.0,0.0,0.0,0.0,0.0,0.0,0.0,34.0,0.0,0.0,0.0,0.0
A_f1_move__baldwinian__s15,A_f1_move__baldwinian,A_f1_move,A,baldwinian,15,1050,train,50,4.48,19,19,63.10639619433909,0.9166666666666666,0.5,adaptive_move,0.58125,0.06144396361617699,0.1237786388140163,274.0,0.0,0.0,493.0,82.0,0.0,0.0,0.0,61.0,0.0,0.0,31.0,23.0,0.0,0.0,0.0,0.0,0.0,0.0,31.0,0.0,0.0,0.0,0.0
A_f1_move__baldwinian__s15,A_f1_move__baldwinian,A_f1_move,A,baldwinian,15,1100,train,50,4.68,21,21,106.7464452292128,0.8125,0.5,adaptive_move,0.575,0.10120187031868105,0.16872626582278483,315.0,0.0,0.0,428.0,67.0,0.0,0.0,0.0,45.0,0.0,0.0,34.0,11.0,0.0,0.0,0.0,0.0,0.0,0.0,34.0,0.0,0.0,0.0,0.0
A_f1_move__baldwinian__s15,A_f1_move__baldwinian,A_f1_move,A,baldwinian,15,1150,train,50,4.78,17,17,84.10057636550633,0.8541666666666666,0.5,adaptive_move,0.5,0.032940422885816265,0.07696095988538687,320.0,0.0,0.0,569.0,62.0,0.0,0.0,0.0,47.0,0.0,0.0,28.0,19.0,0.0,0.0,0.0,0.0,0.0,0.0,28.0,0.0,0.0,0.0,0.0
A_f1_move__baldwinian__s15,A_f1_move__baldwinian,A_f1_move,A,baldwinian,15,1200,train,50,5.0,18,18,75.82965783709041,0.875,0.5,adaptive_move,0.5375,0.09658259961902133,0.15111781984334227,351.0,0.0,0.0,479.0,83.0,0.0,0.0,0.0,46.0,0.0,0.0,36.0,21.0,0.0,0.0,0.0,0.0,0.0,0.0,36.0,0.0,0.0,0.0,0.0
A_f1_move__baldwinian__s15,A_f1_move__baldwinian,A_f1_move,A,baldwinian,15,1250,train,49,5.346938775510204,21,22,60.48897639733649,0.9375,0.5,adaptive_move,0.54375,0.06129573218182028,0.13519953825857534,395.0,0.0,0.0,473.0,137.0,0.0,0.0,0.0,51.0,0.0,0.0,36.0,19.0,0.0,0.0,0.0,0.0,0.0,0.0,36.0,0.0,0.0,0.0,0.0
A_f1_move__baldwinian__s15,A_f1_move__baldwinian,A_f1_move,A,baldwinian,15,1300,train,50,5.42,10,9,82.7850845576812,0.8333333333333334,0.5,adaptive_move,0.55,0.0641804679768039,0.13050833333333345,430.0,0.0,0.0,532.0,95.0,0.0,0.0,0.0,65.0,0.0,0.0,22.0,14.0,0.0,0.0,0.0,0.0,0.0,0.0,22.0,0.0,0.0,0.0,0.0
A_f1_move__baldwinian__s15,A_f1_move__baldwinian,A_f1_move,A,baldwinian,15,1350,train,50,5.46,18,18,62.28283199333064,0.9583333333333334,0.5,adaptive_move,0.56875,0.05223865466135191,0.11149828767123293,432.0,0.0,0.0,550.0,40.0,0.0,0.0,0.0,62.0,0.0,0.0,45.0,12.0,0.0,0.0,0.0,0.0,0.0,0.0,45.0,0.0,0.0,0.0,0.0
A_f1_move__baldwinian__s15,A_f1_move__baldwinian,A_f1_move,A,baldwinian,15,1400,train,50,5.66,15,15,69.7669292599004,0.8333333333333334,0.5,adaptive_move,0.53125,0.06474744508778559,0.14033049738219905,327.0,0.0,0.0,322.0,110.0,0.0,0.0,0.0,37.0,0.0,0.0,27.0,17.0,0.0,0.0,0.0,0.0,0.0,0.0,27.0,0.0,0.0,0.0,0.0
A_f1_move__baldwinian__s15,A_f1_move__baldwinian,A_f1_move,A,baldwinian,15,1450,train,50,6.04,25,25,90.20838589577718,0.8125,0.5,adaptive_move,0.53125,0.0789687098920102,0.14555319843342063,350.0,0.0,0.0,487.0,62.0,0.0,0.0,0.0,33.0,0.0,0.0,43.0,13.0,0.0,0.0,0.0,0.0,0.0,0.0,43.0,0.0,0.0,0.0,0.0
A_f1_move__baldwinian__s15,A_f1_move__baldwinian,A_f1_move,A,baldwinian,15,1500,train,50,6.08,17,17,72.78264727681166,0.8958333333333334,0.5,adaptive_move,0.5125,0.1005602344584971,0.18766768292682912,367.0,0.0,0.0,504.0,47.0,0.0,0.0,0.0,61.0,0.0,0.0,40.0,12.0,0.0,0.0,0.0,0.0,0.0,0.0,40.0,0.0,0.0,0.0,0.0
A_f1_move__baldwinian__s15,A_f1_move__baldwinian,A_f1_move,A,baldwinian,15,1550,eval,50,6.2,25,25,121.93813891016794,0.7291666666666666,0.5,adaptive_move,0.48,0.0,0.0,382.0,0.0,0.0,487.0,64.0,0.0,0.0,22.0,47.0,0.0,0.0,38.0,16.0,0.0,0.0,0.0,0.0,0.0,0.0,38.0,0.0,0.0,0.0,0.0
A_f1_move__baldwinian__s15,A_f1_move__baldwinian,A_f1_move,A,baldwinian,15,1600,eval,50,6.28,11,11,123.61303387260241,0.6666666666666666,0.5,adaptive_move,0.525,0.0,0.0,542.0,0.0,0.0,479.0,93.0,0.0,0.0,51.0,46.0,0.0,0.0,29.0,8.0,0.0,0.0,2.0,0.0,0.0,0.0,29.0,0.0,0.0,0.0,2.0
A_f1_move__baldwinian__s15,A_f1_move__baldwinian,A_f1_move,A,baldwinian,15,1650,eval,50,6.4,12,12,151.46666991634189,0.625,0.5,adaptive_move,0.515,0.0,0.0,585.0,0.0,0.0,476.0,68.0,0.0,0.0,109.0,45.0,0.0,0.0,12.0,8.0,0.0,0.0,12.0,0.0,0.0,0.0,12.0,0.0,0.0,0.0,12.0
A_f1_move__baldwinian__s15,A_f1_move__baldwinian,A_f1_move,A,baldwinian,15,1700,eval,50,6.56,12,12,125.47965956314106,0.6041666666666666,0.5,adaptive_move,0.535,0.0,0.0,567.0,0.0,0.0,631.0,149.0,0.0,0.0,170.0,35.0,0.0,0.0,38.0,3.0,0.0,0.0,10.0,0.0,0.0,0.0,38.0,0.0,0.0,0.0,10.0
A_f1_move__baldwinian__s15,A_f1_move__baldwinian,A_f1_move,A,baldwinian,15,1750,eval,50,6.58,17,17,116.31782322512396,0.625,0.5,adaptive_move,0.47,0.0,0.0,724.0,0.0,0.0,477.0,95.0,0.0,0.0,55.0,39.0,0.0,0.0,31.0,4.0,0.0,0.0,1.0,0.0,0.0,0.0,31.0,0.0,0.0,0.0,1.0
A_f1_move__baldwinian__s15,A_f1_move__baldwinian,A_f1_move,A,baldwinian,15,1800,eval,50,6.54,13,13,165.37302632712226,0.5416666666666666,0.5,adaptive_move,0.56,0.0,0.0,458.0,0.0,0.0,616.0,157.0,0.0,0.0,62.0,23.0,0.0,0.0,31.0,5.0,0.0,0.0,3.0,0.0,0.0,0.0,31.0,0.0,0.0,0.0,3.0
A_f1_move__baldwinian__s16,A_f1_move__baldwinian,A_f1_move,A,baldwinian,16,50,train,50,0.82,33,3,94.14268925523166,0.7916666666666666,0.5,adaptive_move,0.49375,0.05676495675185334,0.1140539617486338,233.0,0.0,0.0,251.0,55.0,0.0,0.0,0.0,55.0,0.0,0.0,42.0,19.0,0.0,0.0,0.0,0.0,0.0,0.0,42.0,0.0,0.0,0.0,0.0
A_f1_move__baldwinian__s16,A_f1_move__baldwinian,A_f1_move,A,baldwinian,16,100,train,50,0.9,11,11,77.24951381963282,0.875,0.5,adaptive_move,0.53125,0.05767942056735543,0.1308769893899202,334.0,0.0,0.0,351.0,129.0,0.0,0.0,0.0,40.0,0.0,0.0,40.0,23.0,0.0,0.0,0.0,0.0,0.0,0.0,40.0,0.0,0.0,0.0,0.0
A_f1_move__baldwinian__s16,A_f1_move__baldwinian,A_f1_move,A,baldwinian,16,150,train,50,0.98,11,11,77.54657440540556,0.7708333333333334,0.5,adaptive_move,0.56875,0.12931383408957345,0.1946243917274939,379.0,0.0,0.0,424.0,114.0,0.0,0.0,0.0,55.0,0.0,0.0,29.0,12.0,0.0,0.0,0.0,0.0,0.0,0.0,29.0,0.0,0.0,0.0,0.0
A_f1_move__baldwinian__s16,A_f1_move__baldwinian,A_f1_move,A,baldwinian,16,200,train,50,1.12,18,18,114.46128894045755,0.7708333333333334,0.5,adaptive_move,0.5625,0.11638193859044717,0.20394150831353897,360.0,0.0,0.0,335.0,129.0,0.0,0.0,0.0,60.0,0.0,0.0,27.0,18.0,0.0,0.0,0.0,0.0,0.0,0.0,27.0,0.0,0.0,0.0,0.0
A_f1_move__baldwinian__s16,A_f1_move__baldwinian,A_f1_move,A,baldwinian,16,250,train,50,1.26,14,14,107.77828846872937,0.7708333333333334,0.5,adaptive_move,0.575,0.13074004397122918,0.2060257177033491,370.0,0.0,0.0,385.0,40.0,0.0,0.0,0.0,52.0,0.0,0.0,38.0,14.0,0.0,0.0,0.0,0.0,0.0,0.0,38.0,0.0,0.0,0.0,0.0
A_f1_move__baldwinian__s16,A_f1_move__baldwinian,A_f1_move,A,baldwinian,16,300,train,50,1.32,14,14,85.19090196189605,0.8333333333333334,0.5,adaptive_move,0.58125,0.08374111703963612,0.15362564599483197,375.0,0.0,0.0,410.0,94.0,0.0,0.0,0.0,64.0,0.0,0.0,27.0,24.0,0.0,0.0,0.0,0.0,0.0,0.0,27.0,0.0,0.0,0.0,0.0
A_f1_move__baldwinian__s16,A_f1_move__baldwinian,A_f1_move,A,baldwinian,16,350,train,50,1.22,11,11,87.69606180807709,0.875,0.5,adaptive_move,0.525,0.09836501670936396,0.17226758793969843,367.0,0.0,0.0,329.0,112.0,0.0,0.0,0.0,63.0,0.0,0.0,26.0,16.0,0.0,0.0,0.0,0.0,0.0,0.0,26.0,0.0,0.0,0.0,0.0
A_f1_move__baldwinian__s16,A_f1_move__baldwinian,A_f1_move,A,baldwinian,16,400,train,50,1.22,12,12,85.3314968362947,0.7916666666666666,0.5,adaptive_move,0.525,0.11132659008235968,0.18181606699751862,289.0,0.0,0.0,459.0,161.0,0.0,0.0,0.0,55.0,0.0,0.0,26.0,23.0,0.0,0.0,0.0,0.0,0.0,0.0,26.0,0.0,0.0,0.0,0.0
A_f1_move__baldwinian__s16,A_f1_move__baldwinian,A_f1_move,A,baldwinian,16,450,train,50,1.4,20,20,70.79017440140797,0.8541666666666666,0.5,adaptive_move,0.59375,0.13171216133388233,0.20677953460620513,407.0,0.0,0.0,400.0,172.0,0.0,0.0,0.0,53.0,0.0,0.0,39.0,21.0,0.0,0.0,0.0,0.0,0.0,0.0,39.0,0.0,0.0,0.0,0.0
A_f1_move__baldwinian__s16,A_f1_move__baldwinian,A_f1_move,A,baldwinian,16,500,train,49,1.7142857142857142,17,18,59.60463843575028,0.9375,0.5,adaptive_move,0.49375,0.0991459062491973,0.17269158291457276,343.0,0.0,0.0,445.0,132.0,0.0,0.0,0.0,64.0,0.0,0.0,33.0,19.0,0.0,0.0,0.0,0.0,0.0,0.0,33.0,0.0,0.0,0.0,0.0
A_f1_move__baldwinian__s16,A_f1_move__baldwinian,A_f1_move,A,baldwinian,16,550,train,50,2.26,23,22,108.15316364139656,0.75,0.5,adaptive_move,0.5,0.06495350094466958,0.1366012532981533,306.0,0.0,0.0,336.0,53.0,0.0,0.0,0.0,42.0,0.0,0.0,30.0,13.0,0.0,0.0,0.0,0.0,0.0,0.0,30.0,0.0,0.0,0.0,0.0
A_f1_move__baldwinian__s16,A_f1_move__baldwinian,A_f1_move,A,baldwinian,16,600,train,50,2.44,12,12,85.30847002759063,0.7916666666666666,0.5,adaptive_move,0.51875,0.0686979043879136,0.1384046052631578,405.0,0.0,0.0,553.0,127.0,0.0,0.0,0.0,58.0,0.0,0.0,26.0,11.0,0.0,0.0,0.0,0.0,0.0,0.0,26.0,0.0,0.0,0.0,0.0
A_f1_move__baldwinian__s16,A_f1_move__baldwinian,A_f1_move,A,baldwinian,16,650,train,50,2.42,14,14,87.3333406884855,0.875,0.5,adaptive_move,0.5125,0.062313463666869136,0.11910665760869588,437.0,0.0,0.0,293.0,112.0,0.0,0.0,0.0,56.0,0.0,0.0,26.0,12.0,0.0,0.0,0.0,0.0,0.0,0.0,26.0,0.0,0.0,0.0,0.0
A_f1_move__baldwinian__s16,A_f1_move__baldwinian,A_f1_move,A,baldwinian,16,700,train,50,2.42,17,17,72.76349297917622,0.8125,0.5,adaptive_move,0.5875,0.08656428579123154,0.16549841772151908,308.0,0.0,0.0,397.0,121.0,0.0,0.0,0.0,48.0,0.0,0.0,43.0,14.0,0.0,0.0,0.0,0.0,0.0,0.0,43.0,0.0,0.0,0.0,0.0
A_f1_move__baldwinian__s16,A_f1_move__baldwinian,A_f1_move,A,baldwinian,16,750,train,50,2.64,20,20,114.13089108175114,0.7291666666666666,0.5,adaptive_move,0.63125,0.08619921510526912,0.17643165024630525,308.0,0.0,0.0,336.0,72.0,0.0,0.0,0.0,52.0,0.0,0.0,20.0,11.0,0.0,0.0,0.0,0.0,0.0,0.0,20.0,0.0,0.0,0.0,0.0
A_f1_move__baldwinian__s16,A_f1_move__baldwinian,A_f1_move,A,baldwinian,16,800,train,50,2.72,14,14,117.339214736611,0.7291666666666666,0.5,adaptive_move,0.5375,0.07630039661146786,0.15302835051546393,338.0,0.0,0.0,345.0,146.0,0.0,0.0,0.0,51.0,0.0,0.0,32.0,11.0,0.0,0.0,0.0,0.0,0.0,0.0,32.0,0.0,0.0,0.0,0.0
A_f1_move__baldwinian__s16,A_f1_move__baldwinian,A_f1_move,A,baldwinian,16,850,train,50,2.78,16,16,76.9200224895437,0.8541666666666666,0.5,adaptive_move,0.58125,0.07185651075686678,0.13923977572559387,294.0,0.0,0.0,402.0,135.0,0.0,0.0,0.0,49.0,0.0,0.0,31.0,17.0,0.0,0.0,0.0,0.0,0.0,0.0,31.0,0.0,0.0,0.0,0.0
A_f1_move__baldwinian__s16,A_f1_move__baldwinian,A_f1_move,A,baldwinian,16,900,train,50,2.98,15,15,112.57605300612704,0.7291666666666666,0.5,adaptive_move,0.5375,0.10900539077216109,0.19150699513381997,337.0,0.0,0.0,508.0,80.0,0.0,0.0,0.0,44.0,0.0,0.0,28.0,17.0,0.0,0.0,0.0,0.0,0.0,0.0,28.0,0.0,0.0,0.0,0.0
A_f1_move__baldwinian__s16,A_f1_move__baldwinian,A_f1_move,A,baldwinian,16,950,train,50,3.0,19,19,73.76419141251267,0.9166666666666666,0.5,adaptive_move,0.5375,0.0909580972021604,0.1807444852941178,355.0,0.0,0.0,497.0,44.0,0.0,0.0,0.0,55.0,0.0,0.0,49.0,20.0,0.0,0.0,0.0,0.0,0.0,0.0,49.0,0.0,0.0,0.0,0.0
A_f1_move__baldwinian__s16,A_f1_move__baldwinian,A_f1_move,A,baldwinian,16,1000,train,50,3.06,9,9,51.8491130537955,0.9166666666666666,0.5,adaptive_move,0.56875,0.0774721707506644,0.15460314910025685,343.0,0.0,0.0,396.0,77.0,0.0,0.0,0.0,80.0,0.0,0.0,21.0,14.0,0.0,0.0,0.0,0.0,0.0,0.0,21.0,0.0,0.0,0.0,0.0
A_f1_move__baldwinian__s16,A_f1_move__baldwinian,A_f1_move,A,baldwinian,16,1050,train,50,3.3,22,22,82.46910778701773,0.8333333333333334,0.5,adaptive_move,0.5375,0.08343248449749519,0.1563062339331618,239.0,0.0,0.0,447.0,76.0,0.0,0.0,0.0,41.0,0.0,0.0,29.0,20.0,0.0,0.0,0.0,0.0,0.0,0.0,29.0,0.0,0.0,0.0,0.0
A_f1_move__baldwinian__s16,A_f1_move__baldwinian,A_f1_move,A,baldwinian,16,1100,train,50,3.46,19,19,91.8071957611534,0.7708333333333334,0.5,adaptive_move,0.55,0.0836246496817816,0.15526739690721647,300.0,0.0,0.0,625.0,51.0,0.0,0.0,0.0,38.0,0.0,0.0,41.0,18.0,0.0,0.0,0.0,0.0,0.0,0.0,41.0,0.0,0.0,0.0,0.0
A_f1_move__baldwinian__s16,A_f1_move__baldwinian,A_f1_move,A,baldwinian,16,1150,train,50,3.52,10,10,70.36192521623343,0.9166666666666666,0.5,adaptive_move,0.55,0.09408613411608119,0.164464058524173,483.0,0.0,0.0,465.0,70.0,0.0,0.0,0.0,56.0,0.0,0.0,29.0,20.0,0.0,0.0,0.0,0.0,0.0,0.0,29.0,0.0,0.0,0.0,0.0
A_f1_move__baldwinian__s16,A_f1_move__baldwinian,A_f1_move,A,baldwinian,16,1200,train,50,3.64,14,14,109.37985669069425,0.7708333333333334,0.5,adaptive_move,0.54375,0.08172872727817157,0.16557777078085656,486.0,0.0,0.0,511.0,79.0,0.0,0.0,0.0,56.0,0.0,0.0,26.0,16.0,0.0,0.0,0.0,0.0,0.0,0.0,26.0,0.0,0.0,0.0,0.0
A_f1_move__baldwinian__s16,A_f1_move__baldwinian,A_f1_move,A,baldwinian,16,1250,train,50,3.84,13,13,107.44273149528786,0.8125,0.5,adaptive_move,0.59375,0.1258891478064629,0.2074153800475056,422.0,0.0,0.0,335.0,50.0,0.0,0.0,0.0,70.0,0.0,0.0,22.0,9.0,0.0,0.0,0.0,0.0,0.0,0.0,22.0,0.0,0.0,0.0,0.0
A_f1_move__baldwinian__s16,A_f1_move__baldwinian,A_f1_move,A,baldwinian,16,1300,train,50,3.76,17,17,55.514597326711105,0.9166666666666666,0.5,adaptive_move,0.54375,0.11169932058346768,0.19013600244498763,363.0,0.0,0.0,510.0,85.0,0.0,0.0,0.0,71.0,0.0,0.0,25.0,20.0,0.0,0.0,0.0,0.0,0.0,0.0,25.0,0.0,0.0,0.0,0.0
A_f1_move__baldwinian__s16,A_f1_move__baldwinian,A_f1_move,A,baldwinian,16,1350,train,50,3.86,16,16,130.30910072526416,0.6458333333333334,0.5,adaptive_move,0.5625,0.07495181892135303,0.15246456185566992,368.0,0.0,0.0,377.0,232.0,0.0,0.0,0.0,38.0,0.0,0.0,28.0,18.0,0.0,0.0,0.0,0.0,0.0,0.0,28.0,0.0,0.0,0.0,0.0
A_f1_move__baldwinian__s16,A_f1_move__baldwinian,A_f1_move,A,baldwinian,16,1400,train,50,4.08,19,19,72.21530581518753,0.8958333333333334,0.5,adaptive_move,0.51875,0.06382250275012351,0.11411815068493159,322.0,0.0,0.0,471.0,86.0,0.0,0.0,0.0,53.0,0.0,0.0,36.0,19.0,0.0,0.0,0.0,0.0,0.0,0.0,36.0,0.0,0.0,0.0,0.0
A_f1_move__baldwinian__s16,A_f1_move__baldwinian,A_f1_move,A,baldwinian,16,1450,train,50,4.02,15,15,67.4623778900763,0.9166666666666666,0.5,adaptive_move,0.50625,0.09807702932635956,0.17323778195488715,489.0,0.0,0.0,505.0,112.0,0.0,0.0,0.0,69.0,0.0,0.0,21.0,23.0,0.0,0.0,0.0,0.0,0.0,0.0,21.0,0.0,0.0,0.0,0.0
A_f1_move__baldwinian__s16,A_f1_move__baldwinian,A_f1_move,A,baldwinian,16,1500,train,50,4.18,13,13,98.5911778233585,0.8333333333333334,0.5,adaptive_move,0.5875,0.14728727636226557,0.22940080275229335,296.0,0.0,0.0,245.0,189.0,0.0,0.0,0.0,59.0,0.0,0.0,18.0,20.0,0.0,0.0,0.0,0.0,0.0,0.0,18.0,0.0,0.0,0.0,0.0
A_f1_move__baldwinian__s16,A_f1_move__baldwinian,A_f1_move,A,baldwinian,16,1550,eval,50,4.42,23,23,147.63372206015055,0.6875,0.5,adaptive_move,0.475,0.0,0.0,323.0,0.0,0.0,346.0,111.0,0.0,0.0,57.0,50.0,0.0,0.0,24.0,6.0,0.0,0.0,2.0,0.0,0.0,0.0,24.0,0.0,0.0,0.0,2.0
A_f1_move__baldwinian__s16,A_f1_move__baldwinian,A_f1_move,A,baldwinian,16,1600,eval,50,4.54,16,16,195.02511190241083,0.5833333333333334,0.5,adaptive_move,0.495,0.0,0.0,399.0,0.0,0.0,345.0,107.0,0.0,0.0,20.0,41.0,0.0,0.0,36.0,5.0,0.0,0.0,1.0,0.0,0.0,0.0,36.0,0.0,0.0,0.0,1.0
A_f1_move__baldwinian__s16,A_f1_move__baldwinian,A_f1_move,A,baldwinian,16,1650,eval,50,4.7,18,18,204.93790144803756,0.5416666666666666,0.5,adaptive_move,0.505,0.0,0.0,335.0,0.0,0.0,329.0,21.0,0.0,0.0,65.0,41.0,0.0,0.0,22.0,3.0,0.0,0.0,7.0,0.0,0.0,0.0,22.0,0.0,0.0,0.0,7.0
A_f1_move__baldwinian__s16,A_f1_move__baldwinian,A_f1_move,A,baldwinian,16,1700,eval,50,4.8,16,16,162.55513437384295,0.625,0.5,adaptive_move,0.53,0.0,0.0,492.0,0.0,0.0,343.0,38.0,0.0,0.0,53.0,60.0,0.0,0.0,31.0,11.0,0.0,0.0,6.0,0.0,0.0,0.0,31.0,0.0,0.0,0.0,6.0
A_f1_move__baldwinian__s16,A_f1_move__baldwinian,A_f1_move,A,baldwinian,16,1750,eval,50,4.8,13,13,132.89206209579112,0.7083333333333334,0.5,adaptive_move,0.475,0.0,0.0,517.0,0.0,0.0,376.0,34.0,0.0,0.0,84.0,45.0,0.0,0.0,26.0,3.0,0.0,0.0,12.0,0.0,0.0,0.0,26.0,0.0,0.0,0.0,12.0
A_f1_move__baldwinian__s16,A_f1_move__baldwinian,A_f1_move,A,baldwinian,16,1800,eval,50,4.82,14,14,128.22574866253206,0.7083333333333334,0.5,adaptive_move,0.55,0.0,0.0,435.0,0.0,0.0,527.0,86.0,0.0,0.0,143.0,41.0,0.0,0.0,38.0,10.0,0.0,0.0,8.0,0.0,0.0,0.0,38.0,0.0,0.0,0.0,8.0
A_f1_move__baldwinian__s17,A_f1_move__baldwinian,A_f1_move,A,baldwinian,17,50,train,50,0.72,31,1,88.38225249566717,0.7916666666666666,0.5,adaptive_move,0.5625,0.06331989981814061,0.1138270547945206,276.0,0.0,0.0,225.0,161.0,0.0,0.0,0.0,42.0,0.0,0.0,26.0,33.0,0.0,0.0,0.0,0.0,0.0,0.0,26.0,0.0,0.0,0.0,0.0
A_f1_move__baldwinian__s17,A_f1_move__baldwinian,A_f1_move,A,baldwinian,17,100,train,50,0.64,9,9,107.29748418791058,0.7291666666666666,0.5,adaptive_move,0.6,0.08302340975097973,0.17067487531172043,387.0,0.0,0.0,437.0,116.0,0.0,0.0,0.0,37.0,0.0,0.0,39.0,24.0,0.0,0.0,0.0,0.0,0.0,0.0,39.0,0.0,0.0,0.0,0.0
A_f1_move__baldwinian__s17,A_f1_move__baldwinian,A_f1_move,A,baldwinian,17,150,train,50,0.78,10,10,70.92795640049178,0.8541666666666666,0.5,adaptive_move,0.5125,0.05520411388745951,0.11655910326086949,509.0,0.0,0.0,343.0,65.0,0.0,0.0,0.0,63.0,0.0,0.0,21.0,21.0,0.0,0.0,0.0,0.0,0.0,0.0,21.0,0.0,0.0,0.0,0.0
A_f1_move__baldwinian__s17,A_f1_move__baldwinian,A_f1_move,A,baldwinian,17,200,train,50,0.8,11,11,115.15668325768739,0.75,0.5,adaptive_move,0.5875,0.11730750116139649,0.19091605392156885,367.0,0.0,0.0,583.0,73.0,0.0,0.0,0.0,49.0,0.0,0.0,26.0,16.0,0.0,0.0,0.0,0.0,0.0,0.0,26.0,0.0,0.0,0.0,0.0
A_f1_move__baldwinian__s17,A_f1_move__baldwinian,A_f1_move,A,baldwinian,17,250,train,50,0.8,12,12,94.6615735729286,0.8125,0.5,adaptive_move,0.55625,0.0698582987037199,0.14133038057742753,454.0,0.0,0.0,525.0,145.0,0.0,0.0,0.0,37.0,0.0,0.0,28.0,32.0,0.0,0.0,0.0,0.0,0.0,0.0,28.0,0.0,0.0,0.0,0.0
A_f1_move__baldwinian__s17,A_f1_move__baldwinian,A_f1_move,A,baldwinian,17,300,train,50,0.78,13,13,76.5664329931691,0.875,0.5,adaptive_move,0.5375,0.11890180921600621,0.19005821078431362,367.0,0.0,0.0,521.0,141.0,0.0,0.0,0.0,41.0,0.0,0.0,43.0,31.0,0.0,0.0,0.0,0.0,0.0,0.0,43.0,0.0,0.0,0.0,0.0
A_f1_move__baldwinian__s17,A_f1_move__baldwinian,A_f1_move,A,baldwinian,17,350,train,50,0.76,8,8,71.37286554797723,0.875,0.5,adaptive_move,0.5375,0.038659824077801386,0.09344362745098023,445.0,0.0,0.0,451.0,148.0,0.0,0.0,0.0,44.0,0.0,0.0,25.0,30.0,0.0,0.0,0.0,0.0,0.0,0.0,25.0,0.0,0.0,0.0,0.0
A_f1_move__baldwinian__s17,A_f1_move__baldwinian,A_f1_move,A,baldwinian,17,400,train,50,0.76,9,9,90.62651940725623,0.8125,0.5,adaptive_move,0.55625,0.14958467134163828,0.21985035211267623,391.0,0.0,0.0,446.0,166.0,0.0,0.0,0.0,50.0,0.0,0.0,23.0,35.0,0.0,0.0,0.0,0.0,0.0,0.0,23.0,0.0,0.0,0.0,0.0
A_f1_move__baldwinian__s17,A_f1_move__baldwinian,A_f1_move,A,baldwinian,17,450,train,50,0.76,4,4,83.05362231144004,0.75,0.5,adaptive_move,0.56875,0.14174306932554057,0.23107954545454512,400.0,0.0,0.0,479.0,105.0,0.0,0.0,0.0,59.0,0.0,0.0,22.0,28.0,0.0,0.0,0.0,0.0,0.0,0.0,22.0,0.0,0.0,0.0,0.0
A_f1_move__baldwinian__s17,A_f1_move__baldwinian,A_f1_move,A,baldwinian,17,500,train,46,1.3043478260869565,13,17,72.7911364991618,0.9166666666666666,0.5,adaptive_move,0.53125,0.0775977717010313,0.1495048701298698,406.0,0.0,0.0,452.0,108.0,0.0,0.0,0.0,66.0,0.0,0.0,22.0,26.0,0.0,0.0,0.0,0.0,0.0,0.0,22.0,0.0,0.0,0.0,0.0
A_f1_move__baldwinian__s17,A_f1_move__baldwinian,A_f1_move,A,baldwinian,17,550,train,50,1.76,29,25,123.47749253550515,0.7291666666666666,0.5,adaptive_move,0.58125,0.15029030706587976,0.22630629330254015,313.0,0.0,0.0,428.0,93.0,0.0,0.0,0.0,35.0,0.0,0.0,33.0,23.0,0.0,0.0,0.0,0.0,0.0,0.0,33.0,0.0,0.0,0.0,0.0
A_f1_move__baldwinian__s17,A_f1_move__baldwinian,A_f1_move,A,baldwinian,17,600,train,50,1.78,14,14,111.63892454563194,0.75,0.5,adaptive_move,0.54375,0.07399700712669391,0.14827110389610354,365.0,0.0,0.0,292.0,159.0,0.0,0.0,0.0,38.0,0.0,0.0,23.0,29.0,0.0,0.0,0.0,0.0,0.0,0.0,23.0,0.0,0.0,0.0,0.0
A_f1_move__baldwinian__s17,A_f1_move__baldwinian,A_f1_move,A,baldwinian,17,650,train,50,1.76,19,19,113.966743681429,0.75,0.5,adaptive_move,0.4875,0.055415519659569486,0.10506405817174502,394.0,0.0,0.0,483.0,192.0,0.0,0.0,0.0,48.0,0.0,0.0,34.0,24.0,0.0,0.0,0.0,0.0,0.0,0.0,34.0,0.0,0.0,0.0,0.0
A_f1_move__baldwinian__s17,A_f1_move__baldwinian,A_f1_move,A,baldwinian,17,700,train,50,1.8,14,14,144.30751113643942,0.6666666666666666,0.5,adaptive_move,0.53125,0.15920390028965326,0.19968673594132036,316.0,0.0,0.0,345.0,157.0,0.0,0.0,0.0,37.0,0.0,0.0,22.0,23.0,0.0,0.0,0.0,0.0,0.0,0.0,22.0,0.0,0.0,0.0,0.0
A_f1_move__baldwinian__s17,A_f1_move__baldwinian,A_f1_move,A,baldwinian,17,750,train,50,1.88,21,21,59.33766164381784,0.9583333333333334,0.5,adaptive_move,0.5125,0.07229929101616861,0.14628906249999996,314.0,0.0,0.0,311.0,116.0,0.0,0.0,0.0,48.0,0.0,0.0,35.0,38.0,0.0,0.0,0.0,0.0,0.0,0.0,35.0,0.0,0.0,0.0,0.0
A_f1_move__baldwinian__s17,A_f1_move__baldwinian,A_f1_move,A,baldwinian,17,800,train,50,1.96,17,17,49.18027376498328,0.9583333333333334,0.5,adaptive_move,0.5625,0.06129573218182027,0.13519953825857534,354.0,0.0,0.0,383.0,111.0,0.0,0.0,0.0,59.0,0.0,0.0,30.0,29.0,0.0,0.0,0.0,0.0,0.0,0.0,30.0,0.0,0.0,0.0,0.0
A_f1_move__baldwinian__s17,A_f1_move__baldwinian,A_f1_move,A,baldwinian,17,850,train,50,1.98,15,15,91.25580044920287,0.8333333333333334,0.5,adaptive_move,0.55625,0.0743615206546114,0.16437186716791974,243.0,0.0,0.0,297.0,73.0,0.0,0.0,0.0,49.0,0.0,0.0,24.0,22.0,0.0,0.0,0.0,0.0,0.0,0.0,24.0,0.0,0.0,0.0,0.0
A_f1_move__baldwinian__s17,A_f1_move__baldwinian,A_f1_move,A,baldwinian,17,900,train,50,2.28,24,24,93.83695161071186,0.8125,0.5,adaptive_move,0.5125,0.07301537033349978,0.1421833989501311,373.0,0.0,0.0,384.0,127.0,0.0,0.0,0.0,54.0,0.0,0.0,31.0,27.0,0.0,0.0,0.0,0.0,0.0,0.0,31.0,0.0,0.0,0.0,0.0
A_f1_move__baldwinian__s17,A_f1_move__baldwinian,A_f1_move,A,baldwinian,17,950,train,50,2.52,13,13,88.28019140916419,0.8541666666666666,0.5,adaptive_move,0.51875,0.07465095844687944,0.13845899470899448,310.0,0.0,0.0,381.0,118.0,0.0,0.0,0.0,46.0,0.0,0.0,28.0,31.0,0.0,0.0,0.0,0.0,0.0,0.0,28.0,0.0,0.0,0.0,0.0
A_f1_move__baldwinian__s17,A_f1_move__baldwinian,A_f1_move,A,baldwinian,17,1000,train,50,2.62,15,15,101.45824692959576,0.7291666666666666,0.5,adaptive_move,0.59375,0.0786861518883609,0.15729699488491033,348.0,0.0,0.0,386.0,112.0,0.0,0.0,0.0,51.0,0.0,0.0,19.0,18.0,0.0,0.0,0.0,0.0,0.0,0.0,19.0,0.0,0.0,0.0,0.0
A_f1_move__baldwinian__s17,A_f1_move__baldwinian,A_f1_move,A,baldwinian,17,1050,train,50,2.72,19,19,79.59924502324583,0.8333333333333334,0.5,adaptive_move,0.575,0.08559806976402196,0.13745013297872322,397.0,0.0,0.0,523.0,112.0,0.0,0.0,0.0,42.0,0.0,0.0,34.0,32.0,0.0,0.0,0.0,0.0,0.0,0.0,34.0,0.0,0.0,0.0,0.0
A_f1_move__baldwinian__s17,A_f1_move__baldwinian,A_f1_move,A,baldwinian,17,1100,train,50,2.76,13,13,99.23220303032979,0.7708333333333334,0.5,adaptive_move,0.5375,0.09432051531694774,0.17885210396039586,260.0,0.0,0.0,430.0,52.0,0.0,0.0,0.0,44.0,0.0,0.0,25.0,33.0,0.0,0.0,0.0,0.0,0.0,0.0,25.0,0.0,0.0,0.0,0.0
A_f1_move__baldwinian__s17,A_f1_move__baldwinian,A_f1_move,A,baldwinian,17,1150,train,50,2.82,16,16,60.27412006067404,0.9375,0.5,adaptive_move,0.51875,0.06749785099337442,0.1279574396782841,342.0,0.0,0.0,539.0,85.0,0.0,0.0,0.0,52.0,0.0,0.0,35.0,29.0,0.0,0.0,0.0,0.0,0.0,0.0,35.0,0.0,0.0,0.0,0.0
A_f1_move__baldwinian__s17,A_f1_move__baldwinian,A_f1_move,A,baldwinian,17,1200,train,50,3.08,22,22,90.44015836917664,0.7708333333333334,0.5,adaptive_move,0.55,0.0618431988996993,0.13281664456233422,273.0,0.0,0.0,325.0,89.0,0.0,0.0,0.0,44.0,0.0,0.0,23.0,30.0,0.0,0.0,0.0,0.0,0.0,0.0,23.0,0.0,0.0,0.0,0.0
A_f1_move__baldwinian__s17,A_f1_move__baldwinian,A_f1_move,A,baldwinian,17,1250,train,50,3.16,14,14,87.53701994731219,0.8541666666666666,0.5,adaptive_move,0.54375,0.052459199381476085,0.11753895663956637,358.0,0.0,0.0,404.0,88.0,0.0,0.0,0.0,55.0,0.0,0.0,25.0,30.0,0.0,0.0,0.0,0.0,0.0,0.0,25.0,0.0,0.0,0.0,0.0
A_f1_move__baldwinian__s17,A_f1_move__baldwinian,A_f1_move,A,baldwinian,17,1300,train,50,3.4,18,18,96.74267337993076,0.7916666666666666,0.5,adaptive_move,0.6,0.11974858107934086,0.18453008684863526,308.0,0.0,0.0,332.0,128.0,0.0,0.0,0.0,50.0,0.0,0.0,29.0,24.0,0.0,0.0,0.0,0.0,0.0,0.0,29.0,0.0,0.0,0.0,0.0
A_f1_move__baldwinian__s17,A_f1_move__baldwinian,A_f1_move,A,baldwinian,17,1350,train,50,3.48,16,16,53.65427961131441,0.8958333333333334,0.5,adaptive_move,0.58125,0.07731711810340948,0.14341371391076096,273.0,0.0,0.0,404.0,225.0,0.0,0.0,0.0,55.0,0.0,0.0,28.0,30.0,0.0,0.0,0.0,0.0,0.0,0.0,28.0,0.0,0.0,0.0,0.0
A_f1_move__baldwinian__s17,A_f1_move__baldwinian,A_f1_move,A,baldwinian,17,1400,train,50,3.58,18,18,112.74189863278579,0.7083333333333334,0.5,adaptive_move,0.55,0.10149817897690591,0.16645197201017825,228.0,0.0,0.0,399.0,224.0,0.0,0.0,0.0,38.0,0.0,0.0,29.0,19.0,0.0,0.0,0.0,0.0,0.0,0.0,29.0,0.0,0.0,0.0,0.0
A_f1_move__baldwinian__s17,A_f1_move__baldwinian,A_f1_move,A,baldwinian,17,1450,train,50,3.6,15,15,107.10424362432009,0.75,0.5,adaptive_move,0.525,0.06465928765711859,0.11804325613079025,317.0,0.0,0.0,538.0,259.0,0.0,0.0,0.0,31.0,0.0,0.0,32.0,30.0,0.0,0.0,0.0,0.0,0.0,0.0,32.0,0.0,0.0,0.0,0.0
A_f1_move__baldwinian__s17,A_f1_move__baldwinian,A_f1_move,A,baldwinian,17,1500,train,50,3.68,13,13,102.47222502229656,0.7708333333333334,0.5,adaptive_move,0.53125,0.0838551334216113,0.1647411616161616,419.0,0.0,0.0,487.0,164.0,0.0,0.0,0.0,53.0,0.0,0.0,32.0,28.0,0.0,0.0,0.0,0.0,0.0,0.0,32.0,0.0,0.0,0.0,0.0
A_f1_move__baldwinian__s17,A_f1_move__baldwinian,A_f1_move,A,baldwinian,17,1550,eval,50,3.78,21,21,96.13957288602012,0.8333333333333334,0.5,adaptive_move,0.445,0.0,0.0,443.0,0.0,0.0,474.0,68.0,0.0,0.0,44.0,61.0,0.0,0.0,19.0,12.0,0.0,0.0,7.0,0.0,0.0,0.0,19.0,0.0,0.0,0.0,7.0
A_f1_move__baldwinian__s17,A_f1_move__baldwinian,A_f1_move,A,baldwinian,17,1600,eval,50,3.82,22,22,112.6996810677865,0.7916666666666666,0.5,adaptive_move,0.495,0.0,0.0,347.0,0.0,0.0,418.0,93.0,0.0,0.0,122.0,28.0,0.0,0.0,34.0,18.0,0.0,0.0,10.0,0.0,0.0,0.0,34.0,0.0,0.0,0.0,10.0
A_f1_move__baldwinian__s17,A_f1_move__baldwinian,A_f1_move,A,baldwinian,17,1650,eval,50,3.9,24,24,197.833242993647,0.5416666666666666,0.5,adaptive_move,0.525,0.0,0.0,327.0,0.0,0.0,491.0,64.0,0.0,0.0,67.0,29.0,0.0,0.0,41.0,4.0,0.0,0.0,2.0,0.0,0.0,0.0,41.0,0.0,0.0,0.0,2.0
A_f1_move__baldwinian__s17,A_f1_move__baldwinian,A_f1_move,A,baldwinian,17,1700,eval,50,4.04,18,18,170.3423259544783,0.5208333333333334,0.5,adaptive_move,0.525,0.0,0.0,266.0,0.0,0.0,437.0,152.0,0.0,0.0,110.0,31.0,0.0,0.0,28.0,9.0,0.0,0.0,12.0,0.0,0.0,0.0,28.0,0.0,0.0,0.0,12.0
A_f1_move__baldwinian__s17,A_f1_move__baldwinian,A_f1_move,A,baldwinian,17,1750,eval,50,4.14,13,13,154.39711328505518,0.5625,0.5,adaptive_move,0.5,0.0,0.0,366.0,0.0,0.0,419.0,88.0,0.0,0.0,196.0,31.0,0.0,0.0,27.0,8.0,0.0,0.0,20.0,0.0,0.0,0.0,27.0,0.0,0.0,0.0,20.0
A_f1_move__baldwinian__s17,A_f1_move__baldwinian,A_f1_move,A,baldwinian,17,1800,eval,50,4.32,12,12,123.60464460281278,0.7291666666666666,0.5,adaptive_move,0.505,0.0,0.0,479.0,0.0,0.0,334.0,131.0,0.0,0.0,64.0,45.0,0.0,0.0,29.0,8.0,0.0,0.0,8.0,0.0,0.0,0.0,29.0,0.0,0.0,0.0,8.0
A_f1_move__baldwinian__s18,A_f1_move__baldwinian,A_f1_move,A,baldwinian,18,50,train,50,0.66,36,6,44.4265856631493,0.8958333333333334,0.5,adaptive_move,0.55625,0.08166586079545338,0.14423392388451428,247.0,0.0,0.0,203.0,120.0,0.0,0.0,0.0,52.0,0.0,0.0,39.0,28.0,0.0,0.0,0.0,0.0,0.0,0.0,39.0,0.0,0.0,0.0,0.0
A_f1_move__baldwinian__s18,A_f1_move__baldwinian,A_f1_move,A,baldwinian,18,100,train,50,0.8,14,14,76.7625399220733,0.8541666666666666,0.5,adaptive_move,0.525,0.09215940238655075,0.16839578085642315,398.0,0.0,0.0,383.0,90.0,0.0,0.0,0.0,41.0,0.0,0.0,37.0,23.0,0.0,0.0,0.0,0.0,0.0,0.0,37.0,0.0,0.0,0.0,0.0
A_f1_move__baldwinian__s18,A_f1_move__baldwinian,A_f1_move,A,baldwinian,18,150,train,50,0.82,15,15,56.2891420602182,0.9166666666666666,0.5,adaptive_move,0.54375,0.09204306051042287,0.1658781645569618,308.0,0.0,0.0,490.0,122.0,0.0,0.0,0.0,59.0,0.0,0.0,35.0,22.0,0.0,0.0,0.0,0.0,0.0,0.0,35.0,0.0,0.0,0.0,0.0
A_f1_move__baldwinian__s18,A_f1_move__baldwinian,A_f1_move,A,baldwinian,18,200,train,49,0.7959183673469388,12,13,97.38412361033014,0.8333333333333334,0.5,adaptive_move,0.55625,0.10764763748454688,0.18152140198511169,379.0,0.0,0.0,341.0,79.0,0.0,0.0,0.0,45.0,0.0,0.0,26.0,20.0,0.0,0.0,0.0,0.0,0.0,0.0,26.0,0.0,0.0,0.0,0.0
A_f1_move__baldwinian__s18,A_f1_move__baldwinian,A_f1_move,A,baldwinian,18,250,train,50,0.84,15,14,104.28914438593517,0.8333333333333334,0.5,adaptive_move,0.5875,0.07149960385074491,0.16166771356783927,441.0,0.0,0.0,434.0,78.0,0.0,0.0,0.0,58.0,0.0,0.0,32.0,22.0,0.0,0.0,0.0,0.0,0.0,0.0,32.0,0.0,0.0,0.0,0.0
A_f1_move__baldwinian__s18,A_f1_move__baldwinian,A_f1_move,A,baldwinian,18,300,train,50,0.82,12,12,70.48531805279521,0.8541666666666666,0.5,adaptive_move,0.54375,0.05446287251081572,0.12298387096774177,425.0,0.0,0.0,399.0,113.0,0.0,0.0,0.0,53.0,0.0,0.0,25.0,23.0,0.0,0.0,0.0,0.0,0.0,0.0,25.0,0.0,0.0,0.0,0.0
A_f1_move__baldwinian__s18,A_f1_move__baldwinian,A_f1_move,A,baldwinian,18,350,train,50,0.9,16,16,65.11735564533251,0.8958333333333334,0.5,adaptive_move,0.55,0.06927454035634627,0.1339760638297871,344.0,0.0,0.0,578.0,124.0,0.0,0.0,0.0,58.0,0.0,0.0,31.0,27.0,0.0,0.0,0.0,0.0,0.0,0.0,31.0,0.0,0.0,0.0,0.0
A_f1_move__baldwinian__s18,A_f1_move__baldwinian,A_f1_move,A,baldwinian,18,400,train,50,1.06,17,17,71.11939710401404,0.8958333333333334,0.5,adaptive_move,0.58125,0.07689571614624705,0.16144778481012656,394.0,0.0,0.0,503.0,68.0,0.0,0.0,0.0,50.0,0.0,0.0,32.0,17.0,0.0,0.0,0.0,0.0,0.0,0.0,32.0,0.0,0.0,0.0,0.0
A_f1_move__baldwinian__s18,A_f1_move__baldwinian,A_f1_move,A,baldwinian,18,450,train,50,1.0,16,16,79.40644308028595,0.8333333333333334,0.5,adaptive_move,0.5625,0.11376278025853276,0.19193597560975584,297.0,0.0,0.0,326.0,97.0,0.0,0.0,0.0,65.0,0.0,0.0,21.0,23.0,0.0,0.0,0.0,0.0,0.0,0.0,21.0,0.0,0.0,0.0,0.0
A_f1_move__baldwinian__s18,A_f1_move__baldwinian,A_f1_move,A,baldwinian,18,500,train,40,1.275,12,22,57.454526897661474,0.8958333333333334,0.5,adaptive_move,0.5375,0.09800433750496326,0.17409931077694218,402.0,0.0,0.0,331.0,99.0,0.0,0.0,0.0,73.0,0.0,0.0,20.0,25.0,0.0,0.0,0.0,0.0,0.0,0.0,20.0,0.0,0.0,0.0,0.0
A_f1_move__baldwinian__s18,A_f1_move__baldwinian,A_f1_move,A,baldwinian,18,550,train,42,1.9285714285714286,24,22,126.04433822551334,0.7083333333333334,0.5,adaptive_move,0.525,0.06720157668819328,0.1451866883116879,268.0,0.0,0.0,379.0,67.0,0.0,0.0,0.0,37.0,0.0,0.0,35.0,23.0,0.0,0.0,0.0,0.0,0.0,0.0,35.0,0.0,0.0,0.0,0.0
A_f1_move__baldwinian__s18,A_f1_move__baldwinian,A_f1_move,A,baldwinian,18,600,train,50,2.2,22,14,116.17008750757469,0.7291666666666666,0.5,adaptive_move,0.525,0.06395681452290825,0.12403133423180601,385.0,0.0,0.0,661.0,90.0,0.0,0.0,0.0,42.0,0.0,0.0,43.0,18.0,0.0,0.0,0.0,0.0,0.0,0.0,43.0,0.0,0.0,0.0,0.0
A_f1_move__baldwinian__s18,A_f1_move__baldwinian,A_f1_move,A,baldwinian,18,650,train,50,2.24,16,16,77.93847818667686,0.8958333333333334,0.5,adaptive_move,0.55625,0.08962363721431006,0.14792212041884834,361.0,0.0,0.0,470.0,101.0,0.0,0.0,0.0,53.0,0.0,0.0,28.0,26.0,0.0,0.0,0.0,0.0,0.0,0.0,28.0,0.0,0.0,0.0,0.0
A_f1_move__baldwinian__s18,A_f1_move__baldwinian,A_f1_move,A,baldwinian,18,700,train,50,2.32,11,11,97.45382413970883,0.7916666666666666,0.5,adaptive_move,0.56875,0.06640141447254419,0.13957513123359577,403.0,0.0,0.0,430.0,88.0,0.0,0.0,0.0,46.0,0.0,0.0,29.0,21.0,0.0,0.0,0.0,0.0,0.0,0.0,29.0,0.0,0.0,0.0,0.0
A_f1_move__baldwinian__s18,A_f1_move__baldwinian,A_f1_move,A,baldwinian,18,750,train,50,2.3,13,13,156.4799309968404,0.5416666666666666,0.5,adaptive_move,0.51875,0.0922183047358455,0.16541930379746828,379.0,0.0,0.0,678.0,114.0,0.0,0.0,0.0,33.0,0.0,0.0,31.0,13.0,0.0,0.0,0.0,0.0,0.0,0.0,31.0,0.0,0.0,0.0,0.0
A_f1_move__baldwinian__s18,A_f1_move__baldwinian,A_f1_move,A,baldwinian,18,800,train,50,2.3,8,8,93.38533868661577,0.8125,0.5,adaptive_move,0.54375,0.07124562696147767,0.1442966710182767,627.0,0.0,0.0,645.0,159.0,0.0,0.0,0.0,47.0,0.0,0.0,40.0,31.0,0.0,0.0,0.0,0.0,0.0,0.0,40.0,0.0,0.0,0.0,0.0
A_f1_move__baldwinian__s18,A_f1_move__baldwinian,A_f1_move,A,baldwinian,18,850,train,50,2.36,4,4,90.23016297220045,0.8333333333333334,0.5,adaptive_move,0.575,0.12217962078867572,0.17967575187969897,601.0,0.0,0.0,613.0,107.0,0.0,0.0,0.0,50.0,0.0,0.0,26.0,31.0,0.0,0.0,0.0,0.0,0.0,0.0,26.0,0.0,0.0,0.0,0.0
A_f1_move__baldwinian__s18,A_f1_move__baldwinian,A_f1_move,A,baldwinian,18,900,train,50,2.34,12,12,88.22889760327142,0.8333333333333334,0.5,adaptive_move,0.5625,0.08024721244626279,0.15704124040920697,465.0,0.0,0.0,463.0,79.0,0.0,0.0,0.0,65.0,0.0,0.0,32.0,22.0,0.0,0.0,0.0,0.0,0.0,0.0,32.0,0.0,0.0,0.0,0.0
A_f1_move__baldwinian__s18,A_f1_move__baldwinian,A_f1_move,A,baldwinian,18,950,train,50,2.36,12,12,120.31086998358191,0.75,0.5,adaptive_move,0.55,0.06373971026806653,0.12889371657754012,429.0,0.0,0.0,489.0,72.0,0.0,0.0,0.0,28.0,0.0,0.0,37.0,28.0,0.0,0.0,0.0,0.0,0.0,0.0,37.0,0.0,0.0,0.0,0.0
A_f1_move__baldwinian__s18,A_f1_move__baldwinian,A_f1_move,A,baldwinian,18,1000,train,50,2.56,18,18,68.54423552279314,0.8333333333333334,0.5,adaptive_move,0.56875,0.09178313559986204,0.1683396464646465,342.0,0.0,0.0,583.0,188.0,0.0,0.0,0.0,58.0,0.0,0.0,33.0,24.0,0.0,0.0,0.0,0.0,0.0,0.0,33.0,0.0,0.0,0.0,0.0
A_f1_move__baldwinian__s18,A_f1_move__baldwinian,A_f1_move,A,baldwinian,18,1050,train,50,2.8,17,17,126.29157572155704,0.625,0.5,adaptive_move,0.55625,0.10780851449342814,0.17898223192019946,344.0,0.0,0.0,475.0,209.0,0.0,0.0,0.0,35.0,0.0,0.0,26.0,18.0,0.0,0.0,0.0,0.0,0.0,0.0,26.0,0.0,0.0,0.0,0.0
A_f1_move__baldwinian__s18,A_f1_move__baldwinian,A_f1_move,A,baldwinian,18,1100,train,50,3.04,21,21,76.18202641935324,0.8541666666666666,0.5,adaptive_move,0.5625,0.07355605971270078,0.15469149616368294,471.0,0.0,0.0,393.0,199.0,0.0,0.0,0.0,61.0,0.0,0.0,37.0,24.0,0.0,0.0,0.0,0.0,0.0,0.0,37.0,0.0,0.0,0.0,0.0
A_f1_move__baldwinian__s18,A_f1_move__baldwinian,A_f1_move,A,baldwinian,18,1150,train,50,3.12,12,12,67.73299594515977,0.875,0.5,adaptive_move,0.54375,0.07624357599676185,0.14279035433070852,352.0,0.0,0.0,349.0,199.0,0.0,0.0,0.0,70.0,0.0,0.0,18.0,22.0,0.0,0.0,0.0,0.0,0.0,0.0,18.0,0.0,0.0,0.0,0.0
A_f1_move__baldwinian__s18,A_f1_move__baldwinian,A_f1_move,A,baldwinian,18,1200,train,50,3.26,22,22,77.11548102512191,0.8541666666666666,0.5,adaptive_move,0.5625,0.07768935236996846,0.15074481865284994,272.0,0.0,0.0,322.0,231.0,0.0,0.0,0.0,60.0,0.0,0.0,27.0,22.0,0.0,0.0,0.0,0.0,0.0,0.0,27.0,0.0,0.0,0.0,0.0
A_f1_move__baldwinian__s18,A_f1_move__baldwinian,A_f1_move,A,baldwinian,18,1250,train,50,3.38,18,18,104.9698732950284,0.8125,0.5,adaptive_move,0.5625,0.09387061105597211,0.15765141752577327,306.0,0.0,0.0,367.0,83.0,0.0,0.0,0.0,52.0,0.0,0.0,27.0,24.0,0.0,0.0,0.0,0.0,0.0,0.0,27.0,0.0,0.0,0.0,0.0
A_f1_move__baldwinian__s18,A_f1_move__baldwinian,A_f1_move,A,baldwinian,18,1300,train,50,3.74,15,15,106.69781268481614,0.7916666666666666,0.5,adaptive_move,0.54375,0.06322017161902728,0.1314993351063829,258.0,0.0,0.0,349.0,114.0,0.0,0.0,0.0,45.0,0.0,0.0,31.0,24.0,0.0,0.0,0.0,0.0,0.0,0.0,31.0,0.0,0.0,0.0,0.0
A_f1_move__baldwinian__s18,A_f1_move__baldwinian,A_f1_move,A,baldwinian,18,1350,train,50,3.84,10,10,83.3532771450333,0.8541666666666666,0.5,adaptive_move,0.58125,0.08466177110281187,0.15951886189258313,383.0,0.0,0.0,452.0,113.0,0.0,0.0,0.0,66.0,0.0,0.0,21.0,22.0,0.0,0.0,0.0,0.0,0.0,0.0,21.0,0.0,0.0,0.0,0.0
A_f1_move__baldwinian__s18,A_f1_move__baldwinian,A_f1_move,A,baldwinian,18,1400,train,50,3.98,19,19,95.36059672100828,0.8541666666666666,0.5,adaptive_move,0.575,0.06286779319743266,0.14090241514360335,337.0,0.0,0.0,330.0,67.0,0.0,0.0,0.0,58.0,0.0,0.0,31.0,17.0,0.0,0.0,0.0,0.0,0.0,0.0,31.0,0.0,0.0,0.0,0.0
A_f1_move__baldwinian__s18,A_f1_move__baldwinian,A_f1_move,A,baldwinian,18,1450,train,50,3.92,12,12,83.5041188475561,0.8541666666666666,0.5,adaptive_move,0.51875,0.05721284655069549,0.12216138814016175,348.0,0.0,0.0,492.0,147.0,0.0,0.0,0.0,48.0,0.0,0.0,27.0,20.0,0.0,0.0,0.0,0.0,0.0,0.0,27.0,0.0,0.0,0.0,0.0
A_f1_move__baldwinian__s18,A_f1_move__baldwinian,A_f1_move,A,baldwinian,18,1500,train,50,4.08,20,20,84.69456894315442,0.8958333333333334,0.5,adaptive_move,0.525,0.08700801920484627,0.1740307071960301,304.0,0.0,0.0,401.0,164.0,0.0,0.0,0.0,58.0,0.0,0.0,23.0,30.0,0.0,0.0,0.0,0.0,0.0,0.0,23.0,0.0,0.0,0.0,0.0
A_f1_move__baldwinian__s18,A_f1_move__baldwinian,A_f1_move,A,baldwinian,18,1550,eval,50,4.16,17,17,155.1493486903115,0.6666666666666666,0.5,adaptive_move,0.515,0.0,0.0,400.0,0.0,0.0,433.0,115.0,0.0,0.0,56.0,35.0,0.0,0.0,26.0,6.0,0.0,0.0,6.0,0.0,0.0,0.0,26.0,0.0,0.0,0.0,6.0
A_f1_move__baldwinian__s18,A_f1_move__baldwinian,A_f1_move,A,baldwinian,18,1600,eval,50,4.3,20,20,168.87188309667442,0.6041666666666666,0.5,adaptive_move,0.565,0.0,0.0,458.0,0.0,0.0,417.0,59.0,0.0,0.0,59.0,33.0,0.0,0.0,40.0,4.0,0.0,0.0,12.0,0.0,0.0,0.0,40.0,0.0,0.0,0.0,12.0
A_f1_move__baldwinian__s18,A_f1_move__baldwinian,A_f1_move,A,baldwinian,18,1650,eval,50,4.36,11,11,137.42771809256516,0.5833333333333334,0.5,adaptive_move,0.535,0.0,0.0,494.0,0.0,0.0,413.0,130.0,0.0,0.0,82.0,46.0,0.0,0.0,24.0,6.0,0.0,0.0,3.0,0.0,0.0,0.0,24.0,0.0,0.0,0.0,3.0
A_f1_move__baldwinian__s18,A_f1_move__baldwinian,A_f1_move,A,baldwinian,18,1700,eval,50,4.52,13,13,159.94819171720223,0.6041666666666666,0.5,adaptive_move,0.55,0.0,0.0,416.0,0.0,0.0,480.0,131.0,0.0,0.0,117.0,30.0,0.0,0.0,23.0,11.0,0.0,0.0,7.0,0.0,0.0,0.0,23.0,0.0,0.0,0.0,7.0
A_f1_move__baldwinian__s18,A_f1_move__baldwinian,A_f1_move,A,baldwinian,18,1750,eval,50,4.68,12,12,137.50641129501315,0.6666666666666666,0.5,adaptive_move,0.495,0.0,0.0,529.0,0.0,0.0,396.0,123.0,0.0,0.0,174.0,46.0,0.0,0.0,27.0,8.0,0.0,0.0,2.0,0.0,0.0,0.0,27.0,0.0,0.0,0.0,2.0
A_f1_move__baldwinian__s18,A_f1_move__baldwinian,A_f1_move,A,baldwinian,18,1800,eval,50,4.7,9,9,210.5616521605166,0.4791666666666667,0.5,adaptive_move,0.5,0.0,0.0,444.0,0.0,0.0,503.0,148.0,0.0,0.0,106.0,22.0,0.0,0.0,35.0,7.0,0.0,0.0,7.0,0.0,0.0,0.0,35.0,0.0,0.0,0.0,7.0
A_f1_move__baldwinian__s19,A_f1_move__baldwinian,A_f1_move,A,baldwinian,19,50,train,49,0.7755102040816326,36,7,108.71681791123532,0.8125,0.5,adaptive_move,0.5125,0.05548592862178284,0.1067161602209945,168.0,0.0,0.0,189.0,144.0,0.0,0.0,0.0,47.0,0.0,0.0,34.0,23.0,0.0,0.0,0.0,0.0,0.0,0.0,34.0,0.0,0.0,0.0,0.0
A_f1_move__baldwinian__s19,A_f1_move__baldwinian,A_f1_move,A,baldwinian,19,100,train,49,0.9795918367346939,17,17,111.91343066448775,0.7291666666666666,0.5,adaptive_move,0.5375,0.05390567727773013,0.11302937158469928,243.0,0.0,0.0,417.0,83.0,0.0,0.0,0.0,33.0,0.0,0.0,37.0,19.0,0.0,0.0,0.0,0.0,0.0,0.0,37.0,0.0,0.0,0.0,0.0
A_f1_move__baldwinian__s19,A_f1_move__baldwinian,A_f1_move,A,baldwinian,19,150,train,50,1.08,13,12,79.65063250054395,0.875,0.5,adaptive_move,0.54375,0.07776006714937907,0.1559455128205125,436.0,0.0,0.0,335.0,134.0,0.0,0.0,0.0,62.0,0.0,0.0,27.0,27.0,0.0,0.0,0.0,0.0,0.0,0.0,27.0,0.0,0.0,0.0,0.0
A_f1_move__baldwinian__s19,A_f1_move__baldwinian,A_f1_move,A,baldwinian,19,200,train,50,1.1,13,13,93.56213501993825,0.7916666666666666,0.5,adaptive_move,0.55,0.07352051343793092,0.1478977272727271,260.0,0.0,0.0,405.0,134.0,0.0,0.0,0.0,51.0,0.0,0.0,28.0,22.0,0.0,0.0,0.0,0.0,0.0,0.0,28.0,0.0,0.0,0.0,0.0
A_f1_move__baldwinian__s19,A_f1_move__baldwinian,A_f1_move,A,baldwinian,19,250,train,50,1.12,10,10,89.27363853315423,0.8125,0.5,adaptive_move,0.5375,0.08604484213717811,0.16354695431472033,286.0,0.0,0.0,377.0,79.0,0.0,0.0,0.0,53.0,0.0,0.0,24.0,30.0,0.0,0.0,0.0,0.0,0.0,0.0,24.0,0.0,0.0,0.0,0.0
A_f1_move__baldwinian__s19,A_f1_move__baldwinian,A_f1_move,A,baldwinian,19,300,train,50,1.2,17,17,50.77685206323867,0.9375,0.5,adaptive_move,0.53125,0.09073790915374644,0.15752731362467842,366.0,0.0,0.0,309.0,137.0,0.0,0.0,0.0,59.0,0.0,0.0,28.0,30.0,0.0,0.0,0.0,0.0,0.0,0.0,28.0,0.0,0.0,0.0,0.0
A_f1_move__baldwinian__s19,A_f1_move__baldwinian,A_f1_move,A,baldwinian,19,350,train,50,1.28,19,19,64.81217607776655,0.875,0.5,adaptive_move,0.55625,0.18199002523074997,0.2646841397849462,208.0,0.0,0.0,365.0,119.0,0.0,0.0,0.0,51.0,0.0,0.0,30.0,18.0,0.0,0.0,0.0,0.0,0.0,0.0,30.0,0.0,0.0,0.0,0.0
A_f1_move__baldwinian__s19,A_f1_move__baldwinian,A_f1_move,A,baldwinian,19,400,train,50,1.3,12,12,67.49303080853221,0.875,0.5,adaptive_move,0.56875,0.06810430051302152,0.13927631578947364,281.0,0.0,0.0,226.0,113.0,0.0,0.0,0.0,67.0,0.0,0.0,15.0,22.0,0.0,0.0,0.0,0.0,0.0,0.0,15.0,0.0,0.0,0.0,0.0
A_f1_move__baldwinian__s19,A_f1_move__baldwinian,A_f1_move,A,baldwinian,19,450,train,50,1.36,18,18,95.81999814273736,0.8541666666666666,0.5,adaptive_move,0.575,0.09215610983841106,0.17335937499999998,350.0,0.0,0.0,262.0,71.0,0.0,0.0,0.0,52.0,0.0,0.0,36.0,11.0,0.0,0.0,0.0,0.0,0.0,0.0,36.0,0.0,0.0,0.0,0.0
A_f1_move__baldwinian__s19,A_f1_move__baldwinian,A_f1_move,A,baldwinian,19,500,train,48,1.7708333333333333,19,21,85.43971676265318,0.8125,0.5,adaptive_move,0.575,0.13463501743139603,0.220703125,318.0,0.0,0.0,400.0,98.0,0.0,0.0,0.0,53.0,0.0,0.0,27.0,28.0,0.0,0.0,0.0,0.0,0.0,0.0,27.0,0.0,0.0,0.0,0.0
A_f1_move__baldwinian__s19,A_f1_move__baldwinian,A_f1_move,A,baldwinian,19,550,train,50,1.98,20,18,73.04432081123969,0.8125,0.5,adaptive_move,0.56875,0.12400001625521137,0.19935084541062786,403.0,0.0,0.0,489.0,114.0,0.0,0.0,0.0,41.0,0.0,0.0,33.0,26.0,0.0,0.0,0.0,0.0,0.0,0.0,33.0,0.0,0.0,0.0,0.0
A_f1_move__baldwinian__s19,A_f1_move__baldwinian,A_f1_move,A,baldwinian,19,600,train,50,2.12,18,18,140.47470191570773,0.6875,0.5,adaptive_move,0.5625,0.10343640791234908,0.18581495098039236,310.0,0.0,0.0,558.0,84.0,0.0,0.0,0.0,45.0,0.0,0.0,31.0,19.0,0.0,0.0,0.0,0.0,0.0,0.0,31.0,0.0,0.0,0.0,0.0
A_f1_move__baldwinian__s19,A_f1_move__baldwinian,A_f1_move,A,baldwinian,19,650,train,50,2.34,21,21,119.27664447186149,0.75,0.5,adaptive_move,0.55,0.0819817641981258,0.15173251295336798,400.0,0.0,0.0,405.0,142.0,0.0,0.0,0.0,45.0,0.0,0.0,33.0,22.0,0.0,0.0,0.0,0.0,0.0,0.0,33.0,0.0,0.0,0.0,0.0
A_f1_move__baldwinian__s19,A_f1_move__baldwinian,A_f1_move,A,baldwinian,19,700,train,50,2.3,13,13,91.16016919021153,0.8125,0.5,adaptive_move,0.53125,0.06766817219922812,0.14114856020942423,384.0,0.0,0.0,430.0,92.0,0.0,0.0,0.0,56.0,0.0,0.0,32.0,30.0,0.0,0.0,0.0,0.0,0.0,0.0,32.0,0.0,0.0,0.0,0.0
A_f1_move__baldwinian__s19,A_f1_move__baldwinian,A_f1_move,A,baldwinian,19,750,train,50,2.42,13,13,96.39664279849393,0.8125,0.5,adaptive_move,0.56875,0.09570926465637145,0.15526230569948174,362.0,0.0,0.0,592.0,118.0,0.0,0.0,0.0,45.0,0.0,0.0,38.0,25.0,0.0,0.0,0.0,0.0,0.0,0.0,38.0,0.0,0.0,0.0,0.0
A_f1_move__baldwinian__s19,A_f1_move__baldwinian,A_f1_move,A,baldwinian,19,800,train,50,2.54,16,16,64.54769078141801,0.8958333333333334,0.5,adaptive_move,0.55625,0.12657842635065575,0.18774630541871917,335.0,0.0,0.0,500.0,150.0,0.0,0.0,0.0,50.0,0.0,0.0,35.0,32.0,0.0,0.0,0.0,0.0,0.0,0.0,35.0,0.0,0.0,0.0,0.0
A_f1_move__baldwinian__s19,A_f1_move__baldwinian,A_f1_move,A,baldwinian,19,850,train,50,2.66,16,16,112.07278764685738,0.7291666666666666,0.5,adaptive_move,0.50625,0.10451649314475402,0.18415948275862082,316.0,0.0,0.0,498.0,88.0,0.0,0.0,0.0,49.0,0.0,0.0,27.0,21.0,0.0,0.0,0.0,0.0,0.0,0.0,27.0,0.0,0.0,0.0,0.0
A_f1_move__baldwinian__s19,A_f1_move__baldwinian,A_f1_move,A,baldwinian,19,900,train,50,2.7,12,12,107.02962957607063,0.75,0.5,adaptive_move,0.51875,0.09553848268227906,0.15982487146529545,364.0,0.0,0.0,489.0,93.0,0.0,0.0,0.0,61.0,0.0,0.0,21.0,18.0,0.0,0.0,0.0,0.0,0.0,0.0,21.0,0.0,0.0,0.0,0.0
A_f1_move__baldwinian__s19,A_f1_move__baldwinian,A_f1_move,A,baldwinian,19,950,train,50,2.7,14,14,79.63746844817182,0.875,0.5,adaptive_move,0.5375,0.11070433308673863,0.18037375930521105,351.0,0.0,0.0,475.0,162.0,0.0,0.0,0.0,53.0,0.0,0.0,29.0,32.0,0.0,0.0,0.0,0.0,0.0,0.0,29.0,0.0,0.0,0.0,0.0
A_f1_move__baldwinian__s19,A_f1_move__baldwinian,A_f1_move,A,baldwinian,19,1000,train,50,2.78,19,19,121.67118377979159,0.75,0.5,adaptive_move,0.53125,0.05012032074365674,0.11682757452574521,267.0,0.0,0.0,285.0,67.0,0.0,0.0,0.0,58.0,0.0,0.0,23.0,11.0,0.0,0.0,0.0,0.0,0.0,0.0,23.0,0.0,0.0,0.0,0.0
A_f1_move__baldwinian__s19,A_f1_move__baldwinian,A_f1_move,A,baldwinian,19,1050,train,50,3.08,20,20,88.36563025052439,0.7916666666666666,0.5,adaptive_move,0.5125,0.07420547767141028,0.14555319843342063,318.0,0.0,0.0,462.0,127.0,0.0,0.0,0.0,38.0,0.0,0.0,27.0,26.0,0.0,0.0,0.0,0.0,0.0,0.0,27.0,0.0,0.0,0.0,0.0
A_f1_move__baldwinian__s19,A_f1_move__baldwinian,A_f1_move,A,baldwinian,19,1100,train,50,3.16,23,23,86.34968883304336,0.8333333333333334,0.5,adaptive_move,0.5125,0.06677755923322926,0.12500842318059324,322.0,0.0,0.0,375.0,195.0,0.0,0.0,0.0,57.0,0.0,0.0,22.0,25.0,0.0,0.0,0.0,0.0,0.0,0.0,22.0,0.0,0.0,0.0,0.0
A_f1_move__baldwinian__s19,A_f1_move__baldwinian,A_f1_move,A,baldwinian,19,1150,train,50,3.26,15,15,142.75139381097628,0.6666666666666666,0.5,adaptive_move,0.54375,0.07417680315017951,0.14793019480519454,310.0,0.0,0.0,431.0,53.0,0.0,0.0,0.0,37.0,0.0,0.0,33.0,18.0,0.0,0.0,0.0,0.0,0.0,0.0,33.0,0.0,0.0,0.0,0.0
A_f1_move__baldwinian__s19,A_f1_move__baldwinian,A_f1_move,A,baldwinian,19,1200,train,50,3.52,20,20,120.05771166471477,0.8125,0.5,adaptive_move,0.51875,0.06139100660642008,0.1195545392953925,318.0,0.0,0.0,362.0,148.0,0.0,0.0,0.0,55.0,0.0,0.0,37.0,19.0,0.0,0.0,0.0,0.0,0.0,0.0,37.0,0.0,0.0,0.0,0.0
A_f1_move__baldwinian__s19,A_f1_move__baldwinian,A_f1_move,A,baldwinian,19,1250,train,50,3.66,19,19,95.22614795184941,0.875,0.5,adaptive_move,0.55625,0.07212351187263155,0.1420357611548555,410.0,0.0,0.0,500.0,124.0,0.0,0.0,0.0,54.0,0.0,0.0,27.0,24.0,0.0,0.0,0.0,0.0,0.0,0.0,27.0,0.0,0.0,0.0,0.0
A_f1_move__baldwinian__s19,A_f1_move__baldwinian,A_f1_move,A,baldwinian,19,1300,train,50,3.64,16,16,75.75385484706177,0.8541666666666666,0.5,adaptive_move,0.54375,0.09041054677153587,0.15770404884318756,304.0,0.0,0.0,390.0,164.0,0.0,0.0,0.0,43.0,0.0,0.0,41.0,20.0,0.0,0.0,0.0,0.0,0.0,0.0,41.0,0.0,0.0,0.0,0.0
A_f1_move__baldwinian__s19,A_f1_move__baldwinian,A_f1_move,A,baldwinian,19,1350,train,50,3.78,14,14,85.59748344503186,0.7916666666666666,0.5,adaptive_move,0.575,0.11306585352354373,0.1754959068010078,348.0,0.0,0.0,476.0,166.0,0.0,0.0,0.0,40.0,0.0,0.0,31.0,24.0,0.0,0.0,0.0,0.0,0.0,0.0,31.0,0.0,0.0,0.0,0.0
A_f1_move__baldwinian__s19,A_f1_move__baldwinian,A_f1_move,A,baldwinian,19,1400,train,50,3.8,14,14,123.03172969313198,0.6458333333333334,0.5,adaptive_move,0.54375,0.11177606783201567,0.19343143203883506,430.0,0.0,0.0,519.0,201.0,0.0,0.0,0.0,46.0,0.0,0.0,34.0,14.0,0.0,0.0,0.0,0.0,0.0,0.0,34.0,0.0,0.0,0.0,0.0
A_f1_move__baldwinian__s19,A_f1_move__baldwinian,A_f1_move,A,baldwinian,19,1450,train,50,3.88,13,13,57.76364801686294,0.9583333333333334,0.5,adaptive_move,0.5375,0.07630039661146783,0.15302835051546393,396.0,0.0,0.0,464.0,76.0,0.0,0.0,0.0,65.0,0.0,0.0,25.0,21.0,0.0,0.0,0.0,0.0,0.0,0.0,25.0,0.0,0.0,0.0,0.0
A_f1_move__baldwinian__s19,A_f1_move__baldwinian,A_f1_move,A,baldwinian,19,1500,train,50,3.94,14,14,96.44173650385,0.8125,0.5,adaptive_move,0.56875,0.07397836282785018,0.14208497375328077,450.0,0.0,0.0,517.0,71.0,0.0,0.0,0.0,46.0,0.0,0.0,26.0,23.0,0.0,0.0,0.0,0.0,0.0,0.0,26.0,0.0,0.0,0.0,0.0
A_f1_move__baldwinian__s19,A_f1_move__baldwinian,A_f1_move,A,baldwinian,19,1550,eval,50,4.12,21,21,106.9977792725478,0.75,0.5,adaptive_move,0.5,0.0,0.0,348.0,0.0,0.0,479.0,77.0,0.0,0.0,19.0,47.0,0.0,0.0,17.0,12.0,0.0,0.0,6.0,0.0,0.0,0.0,17.0,0.0,0.0,0.0,6.0
A_f1_move__baldwinian__s19,A_f1_move__baldwinian,A_f1_move,A,baldwinian,19,1600,eval,50,4.16,11,11,117.5367472336992,0.6666666666666666,0.5,adaptive_move,0.57,0.0,0.0,409.0,0.0,0.0,437.0,103.0,0.0,0.0,54.0,57.0,0.0,0.0,18.0,12.0,0.0,0.0,8.0,0.0,0.0,0.0,18.0,0.0,0.0,0.0,8.0
A_f1_move__baldwinian__s19,A_f1_move__baldwinian,A_f1_move,A,baldwinian,19,1650,eval,50,4.36,16,16,176.4656588930431,0.625,0.5,adaptive_move,0.475,0.0,0.0,522.0,0.0,0.0,519.0,122.0,0.0,0.0,74.0,40.0,0.0,0.0,27.0,9.0,0.0,0.0,3.0,0.0,0.0,0.0,27.0,0.0,0.0,0.0,3.0
A_f1_move__baldwinian__s19,A_f1_move__baldwinian,A_f1_move,A,baldwinian,19,1700,eval,50,4.5,10,10,242.34872229323886,0.3541666666666667,0.5,adaptive_move,0.515,0.0,0.0,419.0,0.0,0.0,550.0,73.0,0.0,0.0,55.0,28.0,0.0,0.0,19.0,9.0,0.0,0.0,1.0,0.0,0.0,0.0,19.0,0.0,0.0,0.0,1.0
A_f1_move__baldwinian__s19,A_f1_move__baldwinian,A_f1_move,A,baldwinian,19,1750,eval,50,4.58,15,15,197.48384248714103,0.5,0.5,adaptive_move,0.525,0.0,0.0,447.0,0.0,0.0,526.0,31.0,0.0,0.0,77.0,35.0,0.0,0.0,24.0,4.0,0.0,0.0,3.0,0.0,0.0,0.0,24.0,0.0,0.0,0.0,3.0
A_f1_move__baldwinian__s19,A_f1_move__baldwinian,A_f1_move,A,baldwinian,19,1800,eval,50,4.62,8,8,205.0640316154254,0.5208333333333334,0.5,adaptive_move,0.54,0.0,0.0,561.0,0.0,0.0,471.0,82.0,0.0,0.0,134.0,32.0,0.0,0.0,18.0,2.0,0.0,0.0,10.0,0.0,0.0,0.0,18.0,0.0,0.0,0.0,10.0
A_f1_move__baldwinian__s20,A_f1_move__baldwinian,A_f1_move,A,baldwinian,20,50,train,50,0.8,30,0,61.696878705706,0.8541666666666666,0.5,adaptive_move,0.5375,0.0659623966807554,0.11763453678474112,181.0,0.0,0.0,207.0,81.0,0.0,0.0,0.0,62.0,0.0,0.0,23.0,25.0,0.0,0.0,0.0,0.0,0.0,0.0,23.0,0.0,0.0,0.0,0.0
A_f1_move__baldwinian__s20,A_f1_move__baldwinian,A_f1_move,A,baldwinian,20,100,train,50,0.92,9,9,61.593786380662124,0.8958333333333334,0.5,adaptive_move,0.54375,0.05488272353354397,0.12025337837837857,343.0,0.0,0.0,454.0,77.0,0.0,0.0,0.0,51.0,0.0,0.0,32.0,24.0,0.0,0.0,0.0,0.0,0.0,0.0,32.0,0.0,0.0,0.0,0.0
A_f1_move__baldwinian__s20,A_f1_move__baldwinian,A_f1_move,A,baldwinian,20,150,train,50,0.96,16,16,81.65653666181944,0.8333333333333334,0.5,adaptive_move,0.5,0.08417548283576606,0.15806089743589724,309.0,0.0,0.0,543.0,103.0,0.0,0.0,0.0,42.0,0.0,0.0,30.0,25.0,0.0,0.0,0.0,0.0,0.0,0.0,30.0,0.0,0.0,0.0,0.0
A_f1_move__baldwinian__s20,A_f1_move__baldwinian,A_f1_move,A,baldwinian,20,200,train,50,1.08,14,14,100.1872380992767,0.8125,0.5,adaptive_move,0.58125,0.09452991554726928,0.17206296992481196,286.0,0.0,0.0,329.0,58.0,0.0,0.0,0.0,61.0,0.0,0.0,24.0,24.0,0.0,0.0,0.0,0.0,0.0,0.0,24.0,0.0,0.0,0.0,0.0
A_f1_move__baldwinian__s20,A_f1_move__baldwinian,A_f1_move,A,baldwinian,20,250,train,50,1.32,17,17,61.17987019836059,0.9166666666666666,0.5,adaptive_move,0.51875,0.04937154154483385,0.11050513698630149,413.0,0.0,0.0,405.0,159.0,0.0,0.0,0.0,44.0,0.0,0.0,27.0,35.0,0.0,0.0,0.0,0.0,0.0,0.0,27.0,0.0,0.0,0.0,0.0
A_f1_move__baldwinian__s20,A_f1_move__baldwinian,A_f1_move,A,baldwinian,20,300,train,50,1.3,10,10,71.5730067393809,0.8958333333333334,0.5,adaptive_move,0.54375,0.07810909155838511,0.15934319338422398,387.0,0.0,0.0,487.0,146.0,0.0,0.0,0.0,64.0,0.0,0.0,17.0,27.0,0.0,0.0,0.0,0.0,0.0,0.0,17.0,0.0,0.0,0.0,0.0
A_f1_move__baldwinian__s20,A_f1_move__baldwinian,A_f1_move,A,baldwinian,20,350,train,50,1.26,16,16,124.53278396944101,0.7708333333333334,0.5,adaptive_move,0.56875,0.07358874899102782,0.15910532994923843,389.0,0.0,0.0,472.0,103.0,0.0,0.0,0.0,46.0,0.0,0.0,28.0,28.0,0.0,0.0,0.0,0.0,0.0,0.0,28.0,0.0,0.0,0.0,0.0
A_f1_move__baldwinian__s20,A_f1_move__baldwinian,A_f1_move,A,baldwinian,20,400,train,50,1.24,19,19,102.03507930051089,0.7916666666666666,0.5,adaptive_move,0.54375,0.14586829745664803,0.20471014492753636,351.0,0.0,0.0,451.0,114.0,0.0,0.0,0.0,54.0,0.0,0.0,33.0,34.0,0.0,0.0,0.0,0.0,0.0,0.0,33.0,0.0,0.0,0.0,0.0
A_f1_move__baldwinian__s20,A_f1_move__baldwinian,A_f1_move,A,baldwinian,20,450,train,50,1.16,10,10,82.89123067562875,0.8333333333333334,0.5,adaptive_move,0.5125,0.08210432952899639,0.14787043080939966,463.0,0.0,0.0,327.0,77.0,0.0,0.0,0.0,52.0,0.0,0.0,16.0,36.0,0.0,0.0,0.0,0.0,0.0,0.0,16.0,0.0,0.0,0.0,0.0
A_f1_move__baldwinian__s20,A_f1_move__baldwinian,A_f1_move,A,baldwinian,20,500,train,48,1.5208333333333333,13,15,52.64360148878952,0.9166666666666666,0.5,adaptive_move,0.58125,0.07402361782479844,0.1411677631578947,473.0,0.0,0.0,427.0,85.0,0.0,0.0,0.0,70.0,0.0,0.0,18.0,22.0,0.0,0.0,0.0,0.0,0.0,0.0,18.0,0.0,0.0,0.0,0.0
A_f1_move__baldwinian__s20,A_f1_move__baldwinian,A_f1_move,A,baldwinian,20,550,train,50,2.24,25,23,92.50463589776906,0.8333333333333334,0.5,adaptive_move,0.5625,0.10095758328502075,0.16678594147582704,322.0,0.0,0.0,426.0,134.0,0.0,0.0,0.0,40.0,0.0,0.0,31.0,22.0,0.0,0.0,0.0,0.0,0.0,0.0,31.0,0.0,0.0,0.0,0.0
A_f1_move__baldwinian__s20,A_f1_move__baldwinian,A_f1_move,A,baldwinian,20,600,train,50,2.46,12,12,90.69088421225713,0.7708333333333334,0.5,adaptive_move,0.5375,0.04173207746906301,0.09596717877094951,380.0,0.0,0.0,394.0,84.0,0.0,0.0,0.0,52.0,0.0,0.0,26.0,20.0,0.0,0.0,0.0,0.0,0.0,0.0,26.0,0.0,0.0,0.0,0.0
A_f1_move__baldwinian__s20,A_f1_move__baldwinian,A_f1_move,A,baldwinian,20,650,train,50,2.42,14,14,69.45594559599265,0.875,0.5,adaptive_move,0.54375,0.06192260827025481,0.12862633689839553,333.0,0.0,0.0,537.0,92.0,0.0,0.0,0.0,45.0,0.0,0.0,25.0,26.0,0.0,0.0,0.0,0.0,0.0,0.0,25.0,0.0,0.0,0.0,0.0
A_f1_move__baldwinian__s20,A_f1_move__baldwinian,A_f1_move,A,baldwinian,20,700,train,50,2.64,18,18,75.67085396058366,0.8333333333333334,0.5,adaptive_move,0.575,0.09991493466306366,0.19226656626506,335.0,0.0,0.0,483.0,94.0,0.0,0.0,0.0,56.0,0.0,0.0,34.0,25.0,0.0,0.0,0.0,0.0,0.0,0.0,34.0,0.0,0.0,0.0,0.0
A_f1_move__baldwinian__s20,A_f1_move__baldwinian,A_f1_move,A,baldwinian,20,750,train,50,2.62,18,18,72.7595696063562,0.875,0.5,adaptive_move,0.5625,0.08563297209473364,0.14422697368421034,339.0,0.0,0.0,323.0,124.0,0.0,0.0,0.0,31.0,0.0,0.0,29.0,27.0,0.0,0.0,0.0,0.0,0.0,0.0,29.0,0.0,0.0,0.0,0.0
A_f1_move__baldwinian__s20,A_f1_move__baldwinian,A_f1_move,A,baldwinian,20,800,train,50,2.5,13,13,63.712075923564846,0.8958333333333334,0.5,adaptive_move,0.5375,0.08103590946819622,0.15590456298200506,319.0,0.0,0.0,419.0,111.0,0.0,0.0,0.0,61.0,0.0,0.0,24.0,21.0,0.0,0.0,0.0,0.0,0.0,0.0,24.0,0.0,0.0,0.0,0.0
A_f1_move__baldwinian__s20,A_f1_move__baldwinian,A_f1_move,A,baldwinian,20,850,train,50,2.46,14,14,88.31784633512765,0.8333333333333334,0.5,adaptive_move,0.54375,0.08185482598761726,0.15068993506493467,336.0,0.0,0.0,498.0,178.0,0.0,0.0,0.0,41.0,0.0,0.0,27.0,33.0,0.0,0.0,0.0,0.0,0.0,0.0,27.0,0.0,0.0,0.0,0.0
A_f1_move__baldwinian__s20,A_f1_move__baldwinian,A_f1_move,A,baldwinian,20,900,train,50,2.52,12,12,87.69717608522139,0.8541666666666666,0.5,adaptive_move,0.55625,0.12449629805394719,0.18209943890274305,407.0,0.0,0.0,202.0,198.0,0.0,0.0,0.0,57.0,0.0,0.0,14.0,28.0,0.0,0.0,0.0,0.0,0.0,0.0,14.0,0.0,0.0,0.0,0.0
A_f1_move__baldwinian__s20,A_f1_move__baldwinian,A_f1_move,A,baldwinian,20,950,train,50,2.96,18,18,55.05545849597181,0.9375,0.5,adaptive_move,0.5375,0.056348030394554924,0.12519269436997327,342.0,0.0,0.0,380.0,110.0,0.0,0.0,0.0,50.0,0.0,0.0,31.0,27.0,0.0,0.0,0.0,0.0,0.0,0.0,31.0,0.0,0.0,0.0,0.0
A_f1_move__baldwinian__s20,A_f1_move__baldwinian,A_f1_move,A,baldwinian,20,1000,train,50,3.12,17,17,70.23826675758322,0.8958333333333334,0.5,adaptive_move,0.525,0.09969051598796827,0.1810725308641974,262.0,0.0,0.0,280.0,106.0,0.0,0.0,0.0,48.0,0.0,0.0,22.0,26.0,0.0,0.0,0.0,0.0,0.0,0.0,22.0,0.0,0.0,0.0,0.0
A_f1_move__baldwinian__s20,A_f1_move__baldwinian,A_f1_move,A,baldwinian,20,1050,train,50,3.36,22,22,85.223615828124,0.8125,0.5,adaptive_move,0.525,0.06484637611872135,0.13941108923884493,246.0,0.0,0.0,228.0,94.0,0.0,0.0,0.0,44.0,0.0,0.0,25.0,28.0,0.0,0.0,0.0,0.0,0.0,0.0,25.0,0.0,0.0,0.0,0.0
A_f1_move__baldwinian__s20,A_f1_move__baldwinian,A_f1_move,A,baldwinian,20,1100,train,50,3.38,20,20,89.56838705662763,0.8333333333333334,0.5,adaptive_move,0.5625,0.04797656623058141,0.10324619113573408,274.0,0.0,0.0,224.0,75.0,0.0,0.0,0.0,54.0,0.0,0.0,28.0,14.0,0.0,0.0,0.0,0.0,0.0,0.0,28.0,0.0,0.0,0.0,0.0
A_f1_move__baldwinian__s20,A_f1_move__baldwinian,A_f1_move,A,baldwinian,20,1150,train,50,3.48,18,18,76.63793276053242,0.875,0.5,adaptive_move,0.50625,0.07852474253248676,0.15378543814433,328.0,0.0,0.0,400.0,104.0,0.0,0.0,0.0,39.0,0.0,0.0,30.0,19.0,0.0,0.0,0.0,0.0,0.0,0.0,30.0,0.0,0.0,0.0,0.0
A_f1_move__baldwinian__s20,A_f1_move__baldwinian,A_f1_move,A,baldwinian,20,1200,train,50,3.46,20,20,71.67925241419013,0.875,0.5,adaptive_move,0.55,0.07832011542124342,0.15076101036269418,251.0,0.0,0.0,436.0,186.0,0.0,0.0,0.0,43.0,0.0,0.0,35.0,22.0,0.0,0.0,0.0,0.0,0.0,0.0,35.0,0.0,0.0,0.0,0.0
A_f1_move__baldwinian__s20,A_f1_move__baldwinian,A_f1_move,A,baldwinian,20,1250,train,49,3.693877551020408,17,18,49.02921525344697,0.9375,0.5,adaptive_move,0.55625,0.07597988014446927,0.14488413838120118,287.0,0.0,0.0,229.0,110.0,0.0,0.0,0.0,59.0,0.0,0.0,23.0,32.0,0.0,0.0,0.0,0.0,0.0,0.0,23.0,0.0,0.0,0.0,0.0
A_f1_move__baldwinian__s20,A_f1_move__baldwinian,A_f1_move,A,baldwinian,20,1300,train,48,3.8541666666666665,16,17,81.06505388518521,0.875,0.5,adaptive_move,0.575,0.08643036338191736,0.14871899477806805,328.0,0.0,0.0,320.0,112.0,0.0,0.0,0.0,52.0,0.0,0.0,20.0,24.0,0.0,0.0,0.0,0.0,0.0,0.0,20.0,0.0,0.0,0.0,0.0
A_f1_move__baldwinian__s20,A_f1_move__baldwinian,A_f1_move,A,baldwinian,20,1350,train,45,3.9555555555555557,15,18,76.01671084373955,0.8541666666666666,0.5,adaptive_move,0.58125,0.06378124412710127,0.1276390750670242,312.0,0.0,0.0,394.0,116.0,0.0,0.0,0.0,56.0,0.0,0.0,31.0,32.0,0.0,0.0,0.0,0.0,0.0,0.0,31.0,0.0,0.0,0.0,0.0
A_f1_move__baldwinian__s20,A_f1_move__baldwinian,A_f1_move,A,baldwinian,20,1400,train,45,3.9555555555555557,12,12,139.5963214365454,0.6875,0.5,adaptive_move,0.54375,0.09222197261793597,0.16212436061381075,334.0,0.0,0.0,410.0,114.0,0.0,0.0,0.0,39.0,0.0,0.0,31.0,11.0,0.0,0.0,0.0,0.0,0.0,0.0,31.0,0.0,0.0,0.0,0.0
A_f1_move__baldwinian__s20,A_f1_move__baldwinian,A_f1_move,A,baldwinian,20,1450,train,49,4.530612244897959,25,21,121.53687180212671,0.8541666666666666,0.5,adaptive_move,0.54375,0.06143210006123407,0.1282252673796791,285.0,0.0,0.0,436.0,156.0,0.0,0.0,0.0,55.0,0.0,0.0,28.0,24.0,0.0,0.0,0.0,0.0,0.0,0.0,28.0,0.0,0.0,0.0,0.0
A_f1_move__baldwinian__s20,A_f1_move__baldwinian,A_f1_move,A,baldwinian,20,1500,train,50,4.7,14,13,101.92341923385067,0.7708333333333334,0.5,adaptive_move,0.50625,0.0816318574815029,0.14169689973614785,317.0,0.0,0.0,389.0,119.0,0.0,0.0,0.0,44.0,0.0,0.0,21.0,31.0,0.0,0.0,0.0,0.0,0.0,0.0,21.0,0.0,0.0,0.0,0.0
A_f1_move__baldwinian__s20,A_f1_move__baldwinian,A_f1_move,A,baldwinian,20,1550,eval,50,4.92,20,20,125.67142496432866,0.6875,0.5,adaptive_move,0.475,0.0,0.0,241.0,0.0,0.0,480.0,100.0,0.0,0.0,109.0,36.0,0.0,0.0,37.0,20.0,0.0,0.0,6.0,0.0,0.0,0.0,37.0,0.0,0.0,0.0,6.0
A_f1_move__baldwinian__s20,A_f1_move__baldwinian,A_f1_move,A,baldwinian,20,1600,eval,50,4.86,16,16,126.62412029367863,0.6666666666666666,0.5,adaptive_move,0.545,0.0,0.0,543.0,0.0,0.0,450.0,123.0,0.0,0.0,102.0,54.0,0.0,0.0,24.0,9.0,0.0,0.0,7.0,0.0,0.0,0.0,24.0,0.0,0.0,0.0,7.0
A_f1_move__baldwinian__s20,A_f1_move__baldwinian,A_f1_move,A,baldwinian,20,1650,eval,50,5.04,18,18,90.57060335703858,0.8125,0.5,adaptive_move,0.51,0.0,0.0,499.0,0.0,0.0,561.0,152.0,0.0,0.0,34.0,51.0,0.0,0.0,38.0,19.0,0.0,0.0,7.0,0.0,0.0,0.0,38.0,0.0,0.0,0.0,7.0
A_f1_move__baldwinian__s20,A_f1_move__baldwinian,A_f1_move,A,baldwinian,20,1700,eval,50,5.28,10,10,209.617254979515,0.4583333333333333,0.5,adaptive_move,0.475,0.0,0.0,337.0,0.0,0.0,460.0,246.0,0.0,0.0,89.0,21.0,0.0,0.0,19.0,15.0,0.0,0.0,7.0,0.0,0.0,0.0,19.0,0.0,0.0,0.0,7.0
A_f1_move__baldwinian__s20,A_f1_move__baldwinian,A_f1_move,A,baldwinian,20,1750,eval,50,5.28,13,13,123.04979213338078,0.8125,0.5,adaptive_move,0.5,0.0,0.0,480.0,0.0,0.0,478.0,164.0,0.0,0.0,116.0,44.0,0.0,0.0,32.0,17.0,0.0,0.0,11.0,0.0,0.0,0.0,32.0,0.0,0.0,0.0,11.0
A_f1_move__baldwinian__s20,A_f1_move__baldwinian,A_f1_move,A,baldwinian,20,1800,eval,50,5.28,12,12,120.16123520651638,0.7708333333333334,0.5,adaptive_move,0.485,0.0,0.0,414.0,0.0,0.0,343.0,189.0,0.0,0.0,122.0,37.0,0.0,0.0,23.0,19.0,0.0,0.0,6.0,0.0,0.0,0.0,23.0,0.0,0.0,0.0,6.0
A_f1_move__baldwinian__s21,A_f1_move__baldwinian,A_f1_move,A,baldwinian,21,50,train,49,0.7551020408163265,35,6,88.16386570753039,0.8541666666666666,0.5,adaptive_move,0.56875,0.07023456727623835,0.12733534946236524,253.0,0.0,0.0,242.0,100.0,0.0,0.0,0.0,58.0,0.0,0.0,47.0,13.0,0.0,0.0,0.0,0.0,0.0,0.0,47.0,0.0,0.0,0.0,0.0
A_f1_move__baldwinian__s21,A_f1_move__baldwinian,A_f1_move,A,baldwinian,21,100,train,50,0.86,9,8,81.71822037759588,0.8541666666666666,0.5,adaptive_move,0.53125,0.05803043030385159,0.11630619891008198,387.0,0.0,0.0,371.0,52.0,0.0,0.0,0.0,41.0,0.0,0.0,28.0,8.0,0.0,0.0,0.0,0.0,0.0,0.0,28.0,0.0,0.0,0.0,0.0
A_f1_move__baldwinian__s21,A_f1_move__baldwinian,A_f1_move,A,baldwinian,21,150,train,50,0.86,16,16,77.63015478547999,0.8958333333333334,0.5,adaptive_move,0.55625,0.08017757294704227,0.14799804687499996,530.0,0.0,0.0,444.0,65.0,0.0,0.0,0.0,65.0,0.0,0.0,28.0,10.0,0.0,0.0,0.0,0.0,0.0,0.0,28.0,0.0,0.0,0.0,0.0
A_f1_move__baldwinian__s21,A_f1_move__baldwinian,A_f1_move,A,baldwinian,21,200,train,50,0.8,15,15,136.01801036968004,0.75,0.5,adaptive_move,0.55,0.11177291242481388,0.1978515624999999,460.0,0.0,0.0,472.0,81.0,0.0,0.0,0.0,56.0,0.0,0.0,30.0,14.0,0.0,0.0,0.0,0.0,0.0,0.0,30.0,0.0,0.0,0.0,0.0
A_f1_move__baldwinian__s21,A_f1_move__baldwinian,A_f1_move,A,baldwinian,21,250,train,50,0.86,11,11,77.49903506588771,0.8541666666666666,0.5,adaptive_move,0.54375,0.08286308584172707,0.1534964470284237,453.0,0.0,0.0,442.0,34.0,0.0,0.0,0.0,66.0,0.0,0.0,31.0,14.0,0.0,0.0,0.0,0.0,0.0,0.0,31.0,0.0,0.0,0.0,0.0
A_f1_move__baldwinian__s21,A_f1_move__baldwinian,A_f1_move,A,baldwinian,21,300,train,50,1.02,19,19,75.31711733622983,0.8958333333333334,0.5,adaptive_move,0.58125,0.10424704573879781,0.1695015822784811,355.0,0.0,0.0,343.0,66.0,0.0,0.0,0.0,67.0,0.0,0.0,26.0,14.0,0.0,0.0,0.0,0.0,0.0,0.0,26.0,0.0,0.0,0.0,0.0
A_f1_move__baldwinian__s21,A_f1_move__baldwinian,A_f1_move,A,baldwinian,21,350,train,50,1.14,11,11,91.4485051206089,0.8125,0.5,adaptive_move,0.50625,0.07454680720719814,0.14702148437499996,412.0,0.0,0.0,319.0,87.0,0.0,0.0,0.0,70.0,0.0,0.0,19.0,16.0,0.0,0.0,0.0,0.0,0.0,0.0,19.0,0.0,0.0,0.0,0.0
A_f1_move__baldwinian__s21,A_f1_move__baldwinian,A_f1_move,A,baldwinian,21,400,train,50,1.02,19,19,48.98370122124906,0.875,0.5,adaptive_move,0.5625,0.06094948903349842,0.12337432614555266,246.0,0.0,0.0,493.0,110.0,0.0,0.0,0.0,56.0,0.0,0.0,29.0,15.0,0.0,0.0,0.0,0.0,0.0,0.0,29.0,0.0,0.0,0.0,0.0
A_f1_move__baldwinian__s21,A_f1_move__baldwinian,A_f1_move,A,baldwinian,21,450,train,50,1.06,16,16,58.263453397668165,0.9375,0.5,adaptive_move,0.54375,0.09157550730145238,0.18281632029339834,480.0,0.0,0.0,328.0,101.0,0.0,0.0,0.0,63.0,0.0,0.0,25.0,11.0,0.0,0.0,0.0,0.0,0.0,0.0,25.0,0.0,0.0,0.0,0.0
A_f1_move__baldwinian__s21,A_f1_move__baldwinian,A_f1_move,A,baldwinian,21,500,train,34,1.2352941176470589,14,30,119.51437228625414,0.7083333333333334,0.5,adaptive_move,0.5375,0.09480899058409506,0.17189070351758784,257.0,0.0,0.0,358.0,118.0,0.0,0.0,0.0,40.0,0.0,0.0,31.0,13.0,0.0,0.0,0.0,0.0,0.0,0.0,31.0,0.0,0.0,0.0,0.0
A_f1_move__baldwinian__s21,A_f1_move__baldwinian,A_f1_move,A,baldwinian,21,550,train,41,1.853658536585366,26,19,165.48551341453953,0.6041666666666666,0.5,adaptive_move,0.54375,0.046940044784842094,0.09584208683473383,308.0,0.0,0.0,448.0,27.0,0.0,0.0,0.0,33.0,0.0,0.0,44.0,11.0,0.0,0.0,0.0,0.0,0.0,0.0,44.0,0.0,0.0,0.0,0.0
A_f1_move__baldwinian__s21,A_f1_move__baldwinian,A_f1_move,A,baldwinian,21,600,train,48,2.1041666666666665,22,15,96.43705180842647,0.75,0.5,adaptive_move,0.5125,0.08005172607064787,0.15402706185567006,339.0,0.0,0.0,463.0,118.0,0.0,0.0,0.0,62.0,0.0,0.0,37.0,11.0,0.0,0.0,0.0,0.0,0.0,0.0,37.0,0.0,0.0,0.0,0.0
A_f1_move__baldwinian__s21,A_f1_move__baldwinian,A_f1_move,A,baldwinian,21,650,train,50,2.3,14,12,105.21458037165635,0.75,0.5,adaptive_move,0.5375,0.07299464912397803,0.1495558785529716,447.0,0.0,0.0,441.0,44.0,0.0,0.0,0.0,54.0,0.0,0.0,31.0,8.0,0.0,0.0,0.0,0.0,0.0,0.0,31.0,0.0,0.0,0.0,0.0
A_f1_move__baldwinian__s21,A_f1_move__baldwinian,A_f1_move,A,baldwinian,21,700,train,50,2.48,19,19,70.40425830994282,0.9166666666666666,0.5,adaptive_move,0.475,0.07504841906233897,0.15832538167938903,348.0,0.0,0.0,541.0,69.0,0.0,0.0,0.0,65.0,0.0,0.0,30.0,15.0,0.0,0.0,0.0,0.0,0.0,0.0,30.0,0.0,0.0,0.0,0.0
A_f1_move__baldwinian__s21,A_f1_move__baldwinian,A_f1_move,A,baldwinian,21,750,train,50,2.7,15,15,88.49115355330306,0.7916666666666666,0.5,adaptive_move,0.51875,0.09766416567938006,0.16871044303797467,390.0,0.0,0.0,466.0,33.0,0.0,0.0,0.0,65.0,0.0,0.0,21.0,12.0,0.0,0.0,0.0,0.0,0.0,0.0,21.0,0.0,0.0,0.0,0.0
A_f1_move__baldwinian__s21,A_f1_move__baldwinian,A_f1_move,A,baldwinian,21,800,train,50,2.66,13,13,67.31971058412913,0.8541666666666666,0.5,adaptive_move,0.6,0.09427648257931848,0.18184121621621618,407.0,0.0,0.0,578.0,59.0,0.0,0.0,0.0,61.0,0.0,0.0,40.0,16.0,0.0,0.0,0.0,0.0,0.0,0.0,40.0,0.0,0.0,0.0,0.0
A_f1_move__baldwinian__s21,A_f1_move__baldwinian,A_f1_move,A,baldwinian,21,850,train,50,2.92,19,19,109.79102054494032,0.7708333333333334,0.5,adaptive_move,0.56875,0.14660147523524752,0.24894935344827585,302.0,0.0,0.0,564.0,70.0,0.0,0.0,0.0,49.0,0.0,0.0,32.0,19.0,0.0,0.0,0.0,0.0,0.0,0.0,32.0,0.0,0.0,0.0,0.0
A_f1_move__baldwinian__s21,A_f1_move__baldwinian,A_f1_move,A,baldwinian,21,900,train,50,3.08,16,16,80.02442748360791,0.8333333333333334,0.5,adaptive_move,0.525,0.06999187166995835,0.13844821899736148,364.0,0.0,0.0,592.0,61.0,0.0,0.0,0.0,55.0,0.0,0.0,30.0,12.0,0.0,0.0,0.0,0.0,0.0,0.0,30.0,0.0,0.0,0.0,0.0
A_f1_move__baldwinian__s21,A_f1_move__baldwinian,A_f1_move,A,baldwinian,21,950,train,50,3.16,13,13,61.4935069510751,0.875,0.5,adaptive_move,0.59375,0.07899522888127233,0.15482808483290467,382.0,0.0,0.0,451.0,69.0,0.0,0.0,0.0,68.0,0.0,0.0,22.0,19.0,0.0,0.0,0.0,0.0,0.0,0.0,22.0,0.0,0.0,0.0,0.0
A_f1_move__baldwinian__s21,A_f1_move__baldwinian,A_f1_move,A,baldwinian,21,1000,train,50,3.2,12,12,117.77937770336578,0.6875,0.5,adaptive_move,0.55,0.09573218187368332,0.18213298525798516,351.0,0.0,0.0,531.0,26.0,0.0,0.0,0.0,51.0,0.0,0.0,29.0,12.0,0.0,0.0,0.0,0.0,0.0,0.0,29.0,0.0,0.0,0.0,0.0
A_f1_move__baldwinian__s21,A_f1_move__baldwinian,A_f1_move,A,baldwinian,21,1050,train,50,3.48,22,22,79.70258131065319,0.8541666666666666,0.5,adaptive_move,0.51875,0.06285741177144968,0.13055833333333333,349.0,0.0,0.0,452.0,33.0,0.0,0.0,0.0,63.0,0.0,0.0,35.0,22.0,0.0,0.0,0.0,0.0,0.0,0.0,35.0,0.0,0.0,0.0,0.0
A_f1_move__baldwinian__s21,A_f1_move__baldwinian,A_f1_move,A,baldwinian,21,1100,train,50,3.82,12,12,149.81644996097194,0.5833333333333334,0.5,adaptive_move,0.54375,0.054779255182521885,0.11696671195652186,403.0,0.0,0.0,520.0,66.0,0.0,0.0,0.0,35.0,0.0,0.0,33.0,14.0,0.0,0.0,0.0,0.0,0.0,0.0,33.0,0.0,0.0,0.0,0.0
A_f1_move__baldwinian__s21,A_f1_move__baldwinian,A_f1_move,A,baldwinian,21,1150,train,50,3.8,18,18,117.16211921460228,0.7083333333333334,0.5,adaptive_move,0.525,0.045928646311146765,0.10760645604395624,535.0,0.0,0.0,676.0,58.0,0.0,0.0,0.0,35.0,0.0,0.0,45.0,10.0,0.0,0.0,0.0,0.0,0.0,0.0,45.0,0.0,0.0,0.0,0.0
A_f1_move__baldwinian__s21,A_f1_move__baldwinian,A_f1_move,A,baldwinian,21,1200,train,50,4.1,13,13,114.13297632782736,0.7083333333333334,0.5,adaptive_move,0.53125,0.07017870951940453,0.13229166666666647,518.0,0.0,0.0,626.0,54.0,0.0,0.0,0.0,64.0,0.0,0.0,27.0,18.0,0.0,0.0,0.0,0.0,0.0,0.0,27.0,0.0,0.0,0.0,0.0
A_f1_move__baldwinian__s21,A_f1_move__baldwinian,A_f1_move,A,baldwinian,21,1250,train,50,4.28,12,12,110.14282600821272,0.75,0.5,adaptive_move,0.58125,0.08685880664994323,0.15905448717948723,548.0,0.0,0.0,526.0,64.0,0.0,0.0,0.0,68.0,0.0,0.0,29.0,8.0,0.0,0.0,0.0,0.0,0.0,0.0,29.0,0.0,0.0,0.0,0.0
A_f1_move__baldwinian__s21,A_f1_move__baldwinian,A_f1_move,A,baldwinian,21,1300,train,50,4.3,16,16,86.16429975629055,0.7916666666666666,0.5,adaptive_move,0.55,0.08740758424079878,0.17048088972431064,440.0,0.0,0.0,447.0,58.0,0.0,0.0,0.0,58.0,0.0,0.0,22.0,16.0,0.0,0.0,0.0,0.0,0.0,0.0,22.0,0.0,0.0,0.0,0.0
A_f1_move__baldwinian__s21,A_f1_move__baldwinian,A_f1_move,A,baldwinian,21,1350,train,50,4.46,8,8,75.4102848769981,0.8333333333333334,0.5,adaptive_move,0.61875,0.08651895651190714,0.1650237341772154,472.0,0.0,0.0,460.0,91.0,0.0,0.0,0.0,77.0,0.0,0.0,20.0,8.0,0.0,0.0,0.0,0.0,0.0,0.0,20.0,0.0,0.0,0.0,0.0
A_f1_move__baldwinian__s21,A_f1_move__baldwinian,A_f1_move,A,baldwinian,21,1400,train,50,4.54,16,16,65.51311719275867,0.875,0.5,adaptive_move,0.55,0.10924147192221055,0.205595588235294,299.0,0.0,0.0,397.0,73.0,0.0,0.0,0.0,65.0,0.0,0.0,31.0,14.0,0.0,0.0,0.0,0.0,0.0,0.0,31.0,0.0,0.0,0.0,0.0
A_f1_move__baldwinian__s21,A_f1_move__baldwinian,A_f1_move,A,baldwinian,21,1450,train,50,4.5,16,16,82.15539941753616,0.875,0.5,adaptive_move,0.55625,0.07767977394934987,0.1599143401015226,333.0,0.0,0.0,248.0,65.0,0.0,0.0,0.0,74.0,0.0,0.0,13.0,12.0,0.0,0.0,0.0,0.0,0.0,0.0,13.0,0.0,0.0,0.0,0.0
A_f1_move__baldwinian__s21,A_f1_move__baldwinian,A_f1_move,A,baldwinian,21,1500,train,50,4.48,19,19,131.07842176786693,0.7083333333333334,0.5,adaptive_move,0.55625,0.07981100984023477,0.14405347769028864,256.0,0.0,0.0,485.0,90.0,0.0,0.0,0.0,50.0,0.0,0.0,35.0,7.0,0.0,0.0,0.0,0.0,0.0,0.0,35.0,0.0,0.0,0.0,0.0
A_f1_move__baldwinian__s21,A_f1_move__baldwinian,A_f1_move,A,baldwinian,21,1550,eval,50,4.58,27,27,86.37344910938447,0.8125,0.5,adaptive_move,0.52,0.0,0.0,365.0,0.0,0.0,427.0,56.0,0.0,0.0,99.0,64.0,0.0,0.0,33.0,7.0,0.0,0.0,9.0,0.0,0.0,0.0,33.0,0.0,0.0,0.0,9.0
A_f1_move__baldwinian__s21,A_f1_move__baldwinian,A_f1_move,A,baldwinian,21,1600,eval,50,5.12,27,27,203.5461605147494,0.4375,0.5,adaptive_move,0.505,0.0,0.0,490.0,0.0,0.0,476.0,58.0,0.0,0.0,58.0,34.0,0.0,0.0,22.0,3.0,0.0,0.0,2.0,0.0,0.0,0.0,22.0,0.0,0.0,0.0,2.0
A_f1_move__baldwinian__s21,A_f1_move__baldwinian,A_f1_move,A,baldwinian,21,1650,eval,50,5.18,18,18,160.82529242082424,0.5625,0.5,adaptive_move,0.475,0.0,0.0,460.0,0.0,0.0,552.0,95.0,0.0,0.0,53.0,34.0,0.0,0.0,28.0,2.0,0.0,0.0,7.0,0.0,0.0,0.0,28.0,0.0,0.0,0.0,7.0
A_f1_move__baldwinian__s21,A_f1_move__baldwinian,A_f1_move,A,baldwinian,21,1700,eval,50,5.38,15,15,156.14466068507656,0.5416666666666666,0.5,adaptive_move,0.51,0.0,0.0,535.0,0.0,0.0,587.0,63.0,0.0,0.0,150.0,31.0,0.0,0.0,42.0,5.0,0.0,0.0,5.0,0.0,0.0,0.0,42.0,0.0,0.0,0.0,5.0
A_f1_move__baldwinian__s21,A_f1_move__baldwinian,A_f1_move,A,baldwinian,21,1750,eval,50,5.3,12,12,157.23097112841768,0.5625,0.5,adaptive_move,0.54,0.0,0.0,453.0,0.0,0.0,523.0,75.0,0.0,0.0,106.0,30.0,0.0,0.0,35.0,4.0,0.0,0.0,6.0,0.0,0.0,0.0,35.0,0.0,0.0,0.0,6.0
A_f1_move__baldwinian__s21,A_f1_move__baldwinian,A_f1_move,A,baldwinian,21,1800,eval,50,5.36,18,18,204.90842932895447,0.5625,0.5,adaptive_move,0.495,0.0,0.0,512.0,0.0,0.0,619.0,37.0,0.0,0.0,69.0,27.0,0.0,0.0,31.0,8.0,0.0,0.0,4.0,0.0,0.0,0.0,31.0,0.0,0.0,0.0,4.0
A_f1_move__baldwinian__s22,A_f1_move__baldwinian,A_f1_move,A,baldwinian,22,50,train,50,0.68,37,7,88.11640346184743,0.7916666666666666,0.5,adaptive_move,0.53125,0.0779398184971638,0.13621518567639268,222.0,0.0,0.0,300.0,138.0,0.0,0.0,0.0,31.0,0.0,0.0,58.0,19.0,0.0,0.0,0.0,0.0,0.0,0.0,58.0,0.0,0.0,0.0,0.0
A_f1_move__baldwinian__s22,A_f1_move__baldwinian,A_f1_move,A,baldwinian,22,100,train,50,0.7,8,8,79.90564971202762,0.8125,0.5,adaptive_move,0.53125,0.053970678650571126,0.1213527628032347,390.0,0.0,0.0,598.0,198.0,0.0,0.0,0.0,50.0,0.0,0.0,28.0,23.0,0.0,0.0,0.0,0.0,0.0,0.0,28.0,0.0,0.0,0.0,0.0
A_f1_move__baldwinian__s22,A_f1_move__baldwinian,A_f1_move,A,baldwinian,22,150,train,50,0.7,13,13,80.23896588113467,0.8125,0.5,adaptive_move,0.55625,0.11057174850115123,0.20547794117647045,365.0,0.0,0.0,584.0,196.0,0.0,0.0,0.0,43.0,0.0,0.0,28.0,14.0,0.0,0.0,0.0,0.0,0.0,0.0,28.0,0.0,0.0,0.0,0.0
A_f1_move__baldwinian__s22,A_f1_move__baldwinian,A_f1_move,A,baldwinian,22,200,train,50,0.68,12,12,70.60510011162597,0.8333333333333334,0.5,adaptive_move,0.5125,0.07821697012321063,0.15684942455242967,381.0,0.0,0.0,463.0,167.0,0.0,0.0,0.0,37.0,0.0,0.0,29.0,29.0,0.0,0.0,0.0,0.0,0.0,0.0,29.0,0.0,0.0,0.0,0.0
A_f1_move__baldwinian__s22,A_f1_move__baldwinian,A_f1_move,A,baldwinian,22,250,train,50,0.72,14,14,81.90196067651577,0.8125,0.5,adaptive_move,0.56875,0.1209199844475497,0.20625000000000004,296.0,0.0,0.0,341.0,101.0,0.0,0.0,0.0,52.0,0.0,0.0,34.0,20.0,0.0,0.0,0.0,0.0,0.0,0.0,34.0,0.0,0.0,0.0,0.0
A_f1_move__baldwinian__s22,A_f1_move__baldwinian,A_f1_move,A,baldwinian,22,300,train,50,0.76,18,18,70.21856240393777,0.8541666666666666,0.5,adaptive_move,0.54375,0.08337289502436465,0.1462696335078535,331.0,0.0,0.0,379.0,113.0,0.0,0.0,0.0,59.0,0.0,0.0,28.0,24.0,0.0,0.0,0.0,0.0,0.0,0.0,28.0,0.0,0.0,0.0,0.0
A_f1_move__baldwinian__s22,A_f1_move__baldwinian,A_f1_move,A,baldwinian,22,350,train,50,0.76,12,12,98.99571661306132,0.7916666666666666,0.5,adaptive_move,0.55,0.10384847409272245,0.18315586419753083,383.0,0.0,0.0,312.0,187.0,0.0,0.0,0.0,58.0,0.0,0.0,26.0,21.0,0.0,0.0,0.0,0.0,0.0,0.0,26.0,0.0,0.0,0.0,0.0
A_f1_move__baldwinian__s22,A_f1_move__baldwinian,A_f1_move,A,baldwinian,22,400,train,50,0.78,15,15,44.2498914023529,0.9791666666666666,0.5,adaptive_move,0.5625,0.0994207648359982,0.18610177261613647,297.0,0.0,0.0,577.0,138.0,0.0,0.0,0.0,63.0,0.0,0.0,31.0,31.0,0.0,0.0,0.0,0.0,0.0,0.0,31.0,0.0,0.0,0.0,0.0
A_f1_move__baldwinian__s22,A_f1_move__baldwinian,A_f1_move,A,baldwinian,22,450,train,50,0.78,8,8,60.19337818098379,0.9166666666666666,0.5,adaptive_move,0.53125,0.13251440310221657,0.22001885150812073,435.0,0.0,0.0,333.0,55.0,0.0,0.0,0.0,62.0,0.0,0.0,20.0,19.0,0.0,0.0,0.0,0.0,0.0,0.0,20.0,0.0,0.0,0.0,0.0
A_f1_move__baldwinian__s22,A_f1_move__baldwinian,A_f1_move,A,baldwinian,22,500,train,50,1.26,23,23,68.70549369161758,0.8958333333333334,0.5,adaptive_move,0.51875,0.07360324123123821,0.15186855670103072,459.0,0.0,0.0,381.0,92.0,0.0,0.0,0.0,75.0,0.0,0.0,18.0,24.0,0.0,0.0,0.0,0.0,0.0,0.0,18.0,0.0,0.0,0.0,0.0
A_f1_move__baldwinian__s22,A_f1_move__baldwinian,A_f1_move,A,baldwinian,22,550,train,50,1.7,28,28,95.09262613113044,0.7916666666666666,0.5,adaptive_move,0.60625,0.10299517644963796,0.18454391891891886,220.0,0.0,0.0,433.0,99.0,0.0,0.0,0.0,39.0,0.0,0.0,36.0,21.0,0.0,0.0,0.0,0.0,0.0,0.0,36.0,0.0,0.0,0.0,0.0
A_f1_move__baldwinian__s22,A_f1_move__baldwinian,A_f1_move,A,baldwinian,22,600,train,50,1.76,16,16,98.13061443567761,0.7916666666666666,0.5,adaptive_move,0.525,0.08994302278057438,0.15991987179487177,279.0,0.0,0.0,509.0,88.0,0.0,0.0,0.0,48.0,0.0,0.0,43.0,16.0,0.0,0.0,0.0,0.0,0.0,0.0,43.0,0.0,0.0,0.0,0.0
A_f1_move__baldwinian__s22,A_f1_move__baldwinian,A_f1_move,A,baldwinian,22,650,train,50,1.84,16,16,100.59598947763209,0.7708333333333334,0.5,adaptive_move,0.51875,0.060455272788918026,0.1322032493368701,372.0,0.0,0.0,548.0,142.0,0.0,0.0,0.0,40.0,0.0,0.0,40.0,24.0,0.0,0.0,0.0,0.0,0.0,0.0,40.0,0.0,0.0,0.0,0.0
A_f1_move__baldwinian__s22,A_f1_move__baldwinian,A_f1_move,A,baldwinian,22,700,train,50,1.98,17,17,111.61976035933628,0.8333333333333334,0.5,adaptive_move,0.5375,0.08594475909514852,0.15757551413881754,361.0,0.0,0.0,400.0,132.0,0.0,0.0,0.0,46.0,0.0,0.0,42.0,18.0,0.0,0.0,0.0,0.0,0.0,0.0,42.0,0.0,0.0,0.0,0.0
A_f1_move__baldwinian__s22,A_f1_move__baldwinian,A_f1_move,A,baldwinian,22,750,train,50,1.98,14,14,113.4833245223225,0.7083333333333334,0.5,adaptive_move,0.54375,0.0734368380224031,0.152723329048843,429.0,0.0,0.0,423.0,125.0,0.0,0.0,0.0,51.0,0.0,0.0,29.0,24.0,0.0,0.0,0.0,0.0,0.0,0.0,29.0,0.0,0.0,0.0,0.0
A_f1_move__baldwinian__s22,A_f1_move__baldwinian,A_f1_move,A,baldwinian,22,800,train,50,1.98,11,11,122.19060358039393,0.8125,0.5,adaptive_move,0.59375,0.10623908550768416,0.19603567146282996,359.0,0.0,0.0,440.0,84.0,0.0,0.0,0.0,53.0,0.0,0.0,24.0,20.0,0.0,0.0,0.0,0.0,0.0,0.0,24.0,0.0,0.0,0.0,0.0
A_f1_move__baldwinian__s22,A_f1_move__baldwinian,A_f1_move,A,baldwinian,22,850,train,50,1.98,12,12,96.75917505818227,0.7291666666666666,0.5,adaptive_move,0.55,0.08974901340719002,0.15422603626942988,338.0,0.0,0.0,522.0,153.0,0.0,0.0,0.0,57.0,0.0,0.0,27.0,26.0,0.0,0.0,0.0,0.0,0.0,0.0,27.0,0.0,0.0,0.0,0.0
A_f1_move__baldwinian__s22,A_f1_move__baldwinian,A_f1_move,A,baldwinian,22,900,train,50,2.1,16,16,95.77480225010834,0.7916666666666666,0.5,adaptive_move,0.56875,0.09422317252909353,0.16736550632911396,458.0,0.0,0.0,356.0,55.0,0.0,0.0,0.0,61.0,0.0,0.0,24.0,19.0,0.0,0.0,0.0,0.0,0.0,0.0,24.0,0.0,0.0,0.0,0.0
A_f1_move__baldwinian__s22,A_f1_move__baldwinian,A_f1_move,A,baldwinian,22,950,train,50,2.22,12,12,67.29878566465428,0.8541666666666666,0.5,adaptive_move,0.5625,0.0626763341442597,0.13584267810026396,398.0,0.0,0.0,277.0,81.0,0.0,0.0,0.0,64.0,0.0,0.0,23.0,18.0,0.0,0.0,0.0,0.0,0.0,0.0,23.0,0.0,0.0,0.0,0.0
A_f1_move__baldwinian__s22,A_f1_move__baldwinian,A_f1_move,A,baldwinian,22,1000,train,50,2.34,14,14,75.38595328294434,0.8333333333333334,0.5,adaptive_move,0.6125,0.06600697723204318,0.13445789124668428,402.0,0.0,0.0,649.0,100.0,0.0,0.0,0.0,63.0,0.0,0.0,24.0,19.0,0.0,0.0,0.0,0.0,0.0,0.0,24.0,0.0,0.0,0.0,0.0
A_f1_move__baldwinian__s22,A_f1_move__baldwinian,A_f1_move,A,baldwinian,22,1050,train,50,2.58,19,19,112.14787162328167,0.7916666666666666,0.5,adaptive_move,0.54375,0.08726867419087049,0.167430904522613,186.0,0.0,0.0,377.0,92.0,0.0,0.0,0.0,57.0,0.0,0.0,29.0,24.0,0.0,0.0,0.0,0.0,0.0,0.0,29.0,0.0,0.0,0.0,0.0
A_f1_move__baldwinian__s22,A_f1_move__baldwinian,A_f1_move,A,baldwinian,22,1100,train,50,2.7,17,17,70.13356673075265,0.8541666666666666,0.5,adaptive_move,0.575,0.07420546622343063,0.1545192307692307,310.0,0.0,0.0,377.0,203.0,0.0,0.0,0.0,49.0,0.0,0.0,23.0,19.0,0.0,0.0,0.0,0.0,0.0,0.0,23.0,0.0,0.0,0.0,0.0
A_f1_move__baldwinian__s22,A_f1_move__baldwinian,A_f1_move,A,baldwinian,22,1150,train,50,2.86,25,25,56.153263847464984,0.8958333333333334,0.5,adaptive_move,0.55625,0.08094806803820966,0.16021787531806608,279.0,0.0,0.0,258.0,137.0,0.0,0.0,0.0,50.0,0.0,0.0,23.0,29.0,0.0,0.0,0.0,0.0,0.0,0.0,23.0,0.0,0.0,0.0,0.0
A_f1_move__baldwinian__s22,A_f1_move__baldwinian,A_f1_move,A,baldwinian,22,1200,train,50,3.0,14,14,96.39231944549127,0.8333333333333334,0.5,adaptive_move,0.53125,0.13263055084624664,0.2074060262529831,234.0,0.0,0.0,314.0,73.0,0.0,0.0,0.0,51.0,0.0,0.0,35.0,14.0,0.0,0.0,0.0,0.0,0.0,0.0,35.0,0.0,0.0,0.0,0.0
A_f1_move__baldwinian__s22,A_f1_move__baldwinian,A_f1_move,A,baldwinian,22,1250,train,50,3.04,16,16,100.6000566155051,0.7083333333333334,0.5,adaptive_move,0.55,0.0811478203570339,0.1407404353562005,406.0,0.0,0.0,484.0,118.0,0.0,0.0,0.0,54.0,0.0,0.0,27.0,19.0,0.0,0.0,0.0,0.0,0.0,0.0,27.0,0.0,0.0,0.0,0.0
A_f1_move__baldwinian__s22,A_f1_move__baldwinian,A_f1_move,A,baldwinian,22,1300,train,50,3.08,13,13,129.23138072525842,0.75,0.5,adaptive_move,0.5625,0.07950461532013696,0.1320855614973262,359.0,0.0,0.0,476.0,82.0,0.0,0.0,0.0,52.0,0.0,0.0,32.0,21.0,0.0,0.0,0.0,0.0,0.0,0.0,32.0,0.0,0.0,0.0,0.0
A_f1_move__baldwinian__s22,A_f1_move__baldwinian,A_f1_move,A,baldwinian,22,1350,train,50,3.16,17,17,80.7872895611115,0.8541666666666666,0.5,adaptive_move,0.59375,0.10974476193125213,0.18184708436724595,443.0,0.0,0.0,475.0,145.0,0.0,0.0,0.0,55.0,0.0,0.0,35.0,23.0,0.0,0.0,0.0,0.0,0.0,0.0,35.0,0.0,0.0,0.0,0.0
A_f1_move__baldwinian__s22,A_f1_move__baldwinian,A_f1_move,A,baldwinian,22,1400,train,50,3.24,14,14,110.41109042660261,0.7708333333333334,0.5,adaptive_move,0.5625,0.119557830877078,0.20900735294117645,436.0,0.0,0.0,568.0,48.0,0.0,0.0,0.0,57.0,0.0,0.0,30.0,16.0,0.0,0.0,0.0,0.0,0.0,0.0,30.0,0.0,0.0,0.0,0.0
A_f1_move__baldwinian__s22,A_f1_move__baldwinian,A_f1_move,A,baldwinian,22,1450,train,50,3.22,13,13,73.05462462934307,0.875,0.5,adaptive_move,0.55625,0.09130713083040673,0.16162883631713565,480.0,0.0,0.0,416.0,68.0,0.0,0.0,0.0,59.0,0.0,0.0,35.0,24.0,0.0,0.0,0.0,0.0,0.0,0.0,35.0,0.0,0.0,0.0,0.0
A_f1_move__baldwinian__s22,A_f1_move__baldwinian,A_f1_move,A,baldwinian,22,1500,train,50,3.48,18,18,80.33347053565188,0.8333333333333334,0.5,adaptive_move,0.51875,0.06350872825018745,0.1256216397849459,447.0,0.0,0.0,412.0,60.0,0.0,0.0,0.0,57.0,0.0,0.0,26.0,20.0,0.0,0.0,0.0,0.0,0.0,0.0,26.0,0.0,0.0,0.0,0.0
A_f1_move__baldwinian__s22,A_f1_move__baldwinian,A_f1_move,A,baldwinian,22,1550,eval,50,3.62,16,16,83.12408563118396,0.875,0.5,adaptive_move,0.445,0.0,0.0,505.0,0.0,0.0,328.0,36.0,0.0,0.0,75.0,59.0,0.0,0.0,28.0,22.0,0.0,0.0,5.0,0.0,0.0,0.0,28.0,0.0,0.0,0.0,5.0
A_f1_move__baldwinian__s22,A_f1_move__baldwinian,A_f1_move,A,baldwinian,22,1600,eval,50,3.78,18,18,148.14734838549174,0.6458333333333334,0.5,adaptive_move,0.51,0.0,0.0,421.0,0.0,0.0,466.0,72.0,0.0,0.0,67.0,50.0,0.0,0.0,22.0,12.0,0.0,0.0,5.0,0.0,0.0,0.0,22.0,0.0,0.0,0.0,5.0
A_f1_move__baldwinian__s22,A_f1_move__baldwinian,A_f1_move,A,baldwinian,22,1650,eval,50,4.1,17,17,128.18443327360598,0.6875,0.5,adaptive_move,0.525,0.0,0.0,514.0,0.0,0.0,464.0,79.0,0.0,0.0,99.0,49.0,0.0,0.0,29.0,11.0,0.0,0.0,11.0,0.0,0.0,0.0,29.0,0.0,0.0,0.0,11.0
A_f1_move__baldwinian__s22,A_f1_move__baldwinian,A_f1_move,A,baldwinian,22,1700,eval,50,4.24,14,14,147.71892751499462,0.625,0.5,adaptive_move,0.45,0.0,0.0,543.0,0.0,0.0,357.0,121.0,0.0,0.0,152.0,35.0,0.0,0.0,28.0,17.0,0.0,0.0,6.0,0.0,0.0,0.0,28.0,0.0,0.0,0.0,6.0
A_f1_move__baldwinian__s22,A_f1_move__baldwinian,A_f1_move,A,baldwinian,22,1750,eval,50,4.28,10,10,189.09052644257412,0.5833333333333334,0.5,adaptive_move,0.505,0.0,0.0,475.0,0.0,0.0,395.0,63.0,0.0,0.0,79.0,35.0,0.0,0.0,33.0,7.0,0.0,0.0,8.0,0.0,0.0,0.0,33.0,0.0,0.0,0.0,8.0
A_f1_move__baldwinian__s22,A_f1_move__baldwinian,A_f1_move,A,baldwinian,22,1800,eval,50,4.32,13,13,220.521007269993,0.4583333333333333,0.5,adaptive_move,0.52,0.0,0.0,356.0,0.0,0.0,453.0,11.0,0.0,0.0,26.0,28.0,0.0,0.0,19.0,0.0,0.0,0.0,1.0,0.0,0.0,0.0,19.0,0.0,0.0,0.0,1.0
A_f1_move__baldwinian__s23,A_f1_move__baldwinian,A_f1_move,A,baldwinian,23,50,train,50,0.82,39,9,74.39987098777493,0.8541666666666666,0.5,adaptive_move,0.54375,0.07210564843311229,0.11135502754820936,177.0,0.0,0.0,239.0,65.0,0.0,0.0,0.0,40.0,0.0,0.0,51.0,24.0,0.0,0.0,0.0,0.0,0.0,0.0,51.0,0.0,0.0,0.0,0.0
A_f1_move__baldwinian__s23,A_f1_move__baldwinian,A_f1_move,A,baldwinian,23,100,train,50,0.84,9,9,70.94615497156357,0.8958333333333334,0.5,adaptive_move,0.4875,0.0636916971984219,0.11037362258953176,362.0,0.0,0.0,493.0,51.0,0.0,0.0,0.0,49.0,0.0,0.0,36.0,22.0,0.0,0.0,0.0,0.0,0.0,0.0,36.0,0.0,0.0,0.0,0.0
A_f1_move__baldwinian__s23,A_f1_move__baldwinian,A_f1_move,A,baldwinian,23,150,train,50,0.78,12,12,73.21694202166762,0.8958333333333334,0.5,adaptive_move,0.5625,0.09994899836456289,0.1746475563909773,357.0,0.0,0.0,575.0,129.0,0.0,0.0,0.0,60.0,0.0,0.0,26.0,25.0,0.0,0.0,0.0,0.0,0.0,0.0,26.0,0.0,0.0,0.0,0.0
A_f1_move__baldwinian__s23,A_f1_move__baldwinian,A_f1_move,A,baldwinian,23,200,train,50,0.88,18,18,69.63019892068246,0.875,0.5,adaptive_move,0.56875,0.08345114181322222,0.17541564039408852,419.0,0.0,0.0,461.0,93.0,0.0,0.0,0.0,61.0,0.0,0.0,27.0,23.0,0.0,0.0,0.0,0.0,0.0,0.0,27.0,0.0,0.0,0.0,0.0
A_f1_move__baldwinian__s23,A_f1_move__baldwinian,A_f1_move,A,baldwinian,23,250,train,50,0.92,13,13,91.70999988506651,0.8125,0.5,adaptive_move,0.5375,0.10080844665585169,0.17335113065326624,324.0,0.0,0.0,396.0,70.0,0.0,0.0,0.0,60.0,0.0,0.0,27.0,18.0,0.0,0.0,0.0,0.0,0.0,0.0,27.0,0.0,0.0,0.0,0.0
A_f1_move__baldwinian__s23,A_f1_move__baldwinian,A_f1_move,A,baldwinian,23,300,train,50,1.04,21,21,55.41074503764723,0.9375,0.5,adaptive_move,0.51875,0.08520539955988017,0.15159902597402564,344.0,0.0,0.0,448.0,66.0,0.0,0.0,0.0,53.0,0.0,0.0,33.0,27.0,0.0,0.0,0.0,0.0,0.0,0.0,33.0,0.0,0.0,0.0,0.0
A_f1_move__baldwinian__s23,A_f1_move__baldwinian,A_f1_move,A,baldwinian,23,350,train,50,1.2,15,15,90.50170226494052,0.8333333333333334,0.5,adaptive_move,0.5875,0.07037208460875802,0.15529336734693855,283.0,0.0,0.0,270.0,85.0,0.0,0.0,0.0,51.0,0.0,0.0,23.0,13.0,0.0,0.0,0.0,0.0,0.0,0.0,23.0,0.0,0.0,0.0,0.0
A_f1_move__baldwinian__s23,A_f1_move__baldwinian,A_f1_move,A,baldwinian,23,400,train,50,1.36,17,17,74.44590744728255,0.875,0.5,adaptive_move,0.525,0.05580247419553498,0.12155491913746652,396.0,0.0,0.0,389.0,104.0,0.0,0.0,0.0,60.0,0.0,0.0,31.0,27.0,0.0,0.0,0.0,0.0,0.0,0.0,31.0,0.0,0.0,0.0,0.0
A_f1_move__baldwinian__s23,A_f1_move__baldwinian,A_f1_move,A,baldwinian,23,450,train,45,1.4444444444444444,17,22,65.3345666123769,0.9166666666666666,0.5,adaptive_move,0.54375,0.0872121766524237,0.16176049618320598,214.0,0.0,0.0,412.0,82.0,0.0,0.0,0.0,38.0,0.0,0.0,40.0,22.0,0.0,0.0,0.0,0.0,0.0,0.0,40.0,0.0,0.0,0.0,0.0
A_f1_move__baldwinian__s23,A_f1_move__baldwinian,A_f1_move,A,baldwinian,23,500,train,45,1.6888888888888889,23,23,82.22744395066898,0.875,0.5,adaptive_move,0.5625,0.08891536215627119,0.16871859296482405,298.0,0.0,0.0,501.0,58.0,0.0,0.0,0.0,50.0,0.0,0.0,32.0,20.0,0.0,0.0,0.0,0.0,0.0,0.0,32.0,0.0,0.0,0.0,0.0
A_f1_move__baldwinian__s23,A_f1_move__baldwinian,A_f1_move,A,baldwinian,23,550,train,39,2.0,12,18,104.21224803153322,0.8541666666666666,0.5,adaptive_move,0.55,0.0694586400080536,0.13372672872340408,287.0,0.0,0.0,315.0,77.0,0.0,0.0,0.0,46.0,0.0,0.0,27.0,19.0,0.0,0.0,0.0,0.0,0.0,0.0,27.0,0.0,0.0,0.0,0.0
A_f1_move__baldwinian__s23,A_f1_move__baldwinian,A_f1_move,A,baldwinian,23,600,train,45,2.4444444444444446,21,15,115.60421639125299,0.7708333333333334,0.5,adaptive_move,0.55625,0.04245921375880838,0.1046057162534435,283.0,0.0,0.0,482.0,96.0,0.0,0.0,0.0,45.0,0.0,0.0,36.0,27.0,0.0,0.0,0.0,0.0,0.0,0.0,36.0,0.0,0.0,0.0,0.0
A_f1_move__baldwinian__s23,A_f1_move__baldwinian,A_f1_move,A,baldwinian,23,650,train,46,2.6956521739130435,19,18,100.71585012560202,0.8541666666666666,0.5,adaptive_move,0.54375,0.08312971571241774,0.1497558593749999,333.0,0.0,0.0,433.0,107.0,0.0,0.0,0.0,60.0,0.0,0.0,31.0,18.0,0.0,0.0,0.0,0.0,0.0,0.0,31.0,0.0,0.0,0.0,0.0
A_f1_move__baldwinian__s23,A_f1_move__baldwinian,A_f1_move,A,baldwinian,23,700,train,42,2.8333333333333335,15,19,106.75251716340362,0.75,0.5,adaptive_move,0.48125,0.08543911739605367,0.14531660104986877,346.0,0.0,0.0,400.0,94.0,0.0,0.0,0.0,48.0,0.0,0.0,24.0,25.0,0.0,0.0,0.0,0.0,0.0,0.0,24.0,0.0,0.0,0.0,0.0
A_f1_move__baldwinian__s23,A_f1_move__baldwinian,A_f1_move,A,baldwinian,23,750,train,46,3.152173913043478,25,21,69.4822550735036,0.875,0.5,adaptive_move,0.59375,0.0831831287432351,0.16050701530612232,270.0,0.0,0.0,432.0,125.0,0.0,0.0,0.0,42.0,0.0,0.0,41.0,29.0,0.0,0.0,0.0,0.0,0.0,0.0,41.0,0.0,0.0,0.0,0.0
A_f1_move__baldwinian__s23,A_f1_move__baldwinian,A_f1_move,A,baldwinian,23,800,train,34,3.264705882352941,14,26,103.15412112609201,0.7916666666666666,0.5,adaptive_move,0.6125,0.07863468333035868,0.1478027343749999,372.0,0.0,0.0,413.0,69.0,0.0,0.0,0.0,39.0,0.0,0.0,42.0,22.0,0.0,0.0,0.0,0.0,0.0,0.0,42.0,0.0,0.0,0.0,0.0
A_f1_move__baldwinian__s23,A_f1_move__baldwinian,A_f1_move,A,baldwinian,23,850,train,47,3.74468085106383,22,9,141.0328763071953,0.6666666666666666,0.5,adaptive_move,0.54375,0.06475345637639965,0.11422089041095895,286.0,0.0,0.0,324.0,92.0,0.0,0.0,0.0,57.0,0.0,0.0,28.0,11.0,0.0,0.0,0.0,0.0,0.0,0.0,28.0,0.0,0.0,0.0,0.0
A_f1_move__baldwinian__s23,A_f1_move__baldwinian,A_f1_move,A,baldwinian,23,900,train,50,3.44,14,11,113.04629427631096,0.7708333333333334,0.5,adaptive_move,0.55,0.06785354386292727,0.1430727806788512,325.0,0.0,0.0,594.0,117.0,0.0,0.0,0.0,48.0,0.0,0.0,36.0,25.0,0.0,0.0,0.0,0.0,0.0,0.0,36.0,0.0,0.0,0.0,0.0
A_f1_move__baldwinian__s23,A_f1_move__baldwinian,A_f1_move,A,baldwinian,23,950,train,50,3.56,10,10,113.38606469451638,0.7291666666666666,0.5,adaptive_move,0.56875,0.09637869566937557,0.18059413580246897,448.0,0.0,0.0,463.0,44.0,0.0,0.0,0.0,53.0,0.0,0.0,19.0,18.0,0.0,0.0,0.0,0.0,0.0,0.0,19.0,0.0,0.0,0.0,0.0
A_f1_move__baldwinian__s23,A_f1_move__baldwinian,A_f1_move,A,baldwinian,23,1000,train,50,3.7,11,11,95.50634604286871,0.7916666666666666,0.5,adaptive_move,0.55,0.09977551097348031,0.17475720551378449,317.0,0.0,0.0,442.0,99.0,0.0,0.0,0.0,52.0,0.0,0.0,32.0,23.0,0.0,0.0,0.0,0.0,0.0,0.0,32.0,0.0,0.0,0.0,0.0
A_f1_move__baldwinian__s23,A_f1_move__baldwinian,A_f1_move,A,baldwinian,23,1050,train,50,4.18,15,15,100.91417194899518,0.7083333333333334,0.5,adaptive_move,0.5875,0.10581413665007304,0.17178030303030312,489.0,0.0,0.0,430.0,129.0,0.0,0.0,0.0,59.0,0.0,0.0,23.0,16.0,0.0,0.0,0.0,0.0,0.0,0.0,23.0,0.0,0.0,0.0,0.0
A_f1_move__baldwinian__s23,A_f1_move__baldwinian,A_f1_move,A,baldwinian,23,1100,train,50,4.18,11,11,69.99106600525403,0.875,0.5,adaptive_move,0.575,0.049426007072034456,0.10371364265927974,450.0,0.0,0.0,417.0,69.0,0.0,0.0,0.0,57.0,0.0,0.0,24.0,17.0,0.0,0.0,0.0,0.0,0.0,0.0,24.0,0.0,0.0,0.0,0.0
A_f1_move__baldwinian__s23,A_f1_move__baldwinian,A_f1_move,A,baldwinian,23,1150,train,50,4.24,15,15,80.67225657968271,0.8333333333333334,0.5,adaptive_move,0.5125,0.06512117757695055,0.14173466057441275,434.0,0.0,0.0,548.0,51.0,0.0,0.0,0.0,63.0,0.0,0.0,19.0,26.0,0.0,0.0,0.0,0.0,0.0,0.0,19.0,0.0,0.0,0.0,0.0
A_f1_move__baldwinian__s23,A_f1_move__baldwinian,A_f1_move,A,baldwinian,23,1200,train,50,4.3,15,15,55.852184060024726,0.875,0.5,adaptive_move,0.55,0.09769289634226153,0.18527658924205337,371.0,0.0,0.0,557.0,39.0,0.0,0.0,0.0,61.0,0.0,0.0,28.0,26.0,0.0,0.0,0.0,0.0,0.0,0.0,28.0,0.0,0.0,0.0,0.0
A_f1_move__baldwinian__s23,A_f1_move__baldwinian,A_f1_move,A,baldwinian,23,1250,train,50,4.42,16,16,53.16108707161494,0.8958333333333334,0.5,adaptive_move,0.55,0.08173000096873928,0.16358386075949372,389.0,0.0,0.0,406.0,79.0,0.0,0.0,0.0,52.0,0.0,0.0,29.0,28.0,0.0,0.0,0.0,0.0,0.0,0.0,29.0,0.0,0.0,0.0,0.0
A_f1_move__baldwinian__s23,A_f1_move__baldwinian,A_f1_move,A,baldwinian,23,1300,train,50,4.34,15,15,95.25529577610027,0.7916666666666666,0.5,adaptive_move,0.59375,0.06618750607799283,0.1322307180851061,405.0,0.0,0.0,573.0,82.0,0.0,0.0,0.0,52.0,0.0,0.0,19.0,28.0,0.0,0.0,0.0,0.0,0.0,0.0,19.0,0.0,0.0,0.0,0.0
A_f1_move__baldwinian__s23,A_f1_move__baldwinian,A_f1_move,A,baldwinian,23,1350,train,50,4.6,23,23,74.39067495432323,0.8958333333333334,0.5,adaptive_move,0.54375,0.0823868108391026,0.15231541450777208,383.0,0.0,0.0,542.0,64.0,0.0,0.0,0.0,46.0,0.0,0.0,41.0,20.0,0.0,0.0,0.0,0.0,0.0,0.0,41.0,0.0,0.0,0.0,0.0
A_f1_move__baldwinian__s23,A_f1_move__baldwinian,A_f1_move,A,baldwinian,23,1400,train,50,4.7,18,18,121.23269570814038,0.75,0.5,adaptive_move,0.5125,0.0695553427084542,0.12730174731182764,278.0,0.0,0.0,308.0,56.0,0.0,0.0,0.0,46.0,0.0,0.0,36.0,18.0,0.0,0.0,0.0,0.0,0.0,0.0,36.0,0.0,0.0,0.0,0.0
A_f1_move__baldwinian__s23,A_f1_move__baldwinian,A_f1_move,A,baldwinian,23,1450,train,50,5.04,15,15,151.4466996757901,0.625,0.5,adaptive_move,0.5875,0.09477459964906101,0.1784034653465345,412.0,0.0,0.0,425.0,198.0,0.0,0.0,0.0,48.0,0.0,0.0,23.0,22.0,0.0,0.0,0.0,0.0,0.0,0.0,23.0,0.0,0.0,0.0,0.0
A_f1_move__baldwinian__s23,A_f1_move__baldwinian,A_f1_move,A,baldwinian,23,1500,train,50,5.24,16,16,92.83440471491556,0.8333333333333334,0.5,adaptive_move,0.54375,0.10794766578594121,0.16498561381074173,314.0,0.0,0.0,514.0,183.0,0.0,0.0,0.0,60.0,0.0,0.0,26.0,19.0,0.0,0.0,0.0,0.0,0.0,0.0,26.0,0.0,0.0,0.0,0.0
A_f1_move__baldwinian__s23,A_f1_move__baldwinian,A_f1_move,A,baldwinian,23,1550,eval,50,5.46,22,22,101.2429553552995,0.7708333333333334,0.5,adaptive_move,0.5,0.0,0.0,349.0,0.0,0.0,565.0,43.0,0.0,0.0,95.0,40.0,0.0,0.0,33.0,11.0,0.0,0.0,6.0,0.0,0.0,0.0,33.0,0.0,0.0,0.0,6.0
A_f1_move__baldwinian__s23,A_f1_move__baldwinian,A_f1_move,A,baldwinian,23,1600,eval,50,5.54,21,21,144.61987955022542,0.625,0.5,adaptive_move,0.49,0.0,0.0,427.0,0.0,0.0,526.0,116.0,0.0,0.0,67.0,35.0,0.0,0.0,36.0,8.0,0.0,0.0,5.0,0.0,0.0,0.0,36.0,0.0,0.0,0.0,5.0
A_f1_move__baldwinian__s23,A_f1_move__baldwinian,A_f1_move,A,baldwinian,23,1650,eval,50,5.54,11,11,218.32078927550089,0.4791666666666667,0.5,adaptive_move,0.49,0.0,0.0,489.0,0.0,0.0,501.0,54.0,0.0,0.0,72.0,40.0,0.0,0.0,32.0,1.0,0.0,0.0,2.0,0.0,0.0,0.0,32.0,0.0,0.0,0.0,2.0
A_f1_move__baldwinian__s23,A_f1_move__baldwinian,A_f1_move,A,baldwinian,23,1700,eval,50,5.5,9,9,145.43578981495992,0.5833333333333334,0.5,adaptive_move,0.53,0.0,0.0,469.0,0.0,0.0,489.0,17.0,0.0,0.0,88.0,52.0,0.0,0.0,22.0,3.0,0.0,0.0,10.0,0.0,0.0,0.0,22.0,0.0,0.0,0.0,10.0
A_f1_move__baldwinian__s23,A_f1_move__baldwinian,A_f1_move,A,baldwinian,23,1750,eval,50,5.48,16,16,130.68143657133888,0.7291666666666666,0.5,adaptive_move,0.505,0.0,0.0,454.0,0.0,0.0,493.0,146.0,0.0,0.0,97.0,36.0,0.0,0.0,45.0,16.0,0.0,0.0,8.0,0.0,0.0,0.0,45.0,0.0,0.0,0.0,8.0
A_f1_move__baldwinian__s23,A_f1_move__baldwinian,A_f1_move,A,baldwinian,23,1800,eval,50,5.56,22,22,106.72427126944581,0.7916666666666666,0.5,adaptive_move,0.49,0.0,0.0,475.0,0.0,0.0,457.0,55.0,0.0,0.0,148.0,38.0,0.0,0.0,39.0,18.0,0.0,0.0,8.0,0.0,0.0,0.0,39.0,0.0,0.0,0.0,8.0
A_f1_move__baldwinian__s24,A_f1_move__baldwinian,A_f1_move,A,baldwinian,24,50,train,50,0.86,36,6,114.20046331192094,0.7291666666666666,0.5,adaptive_move,0.51875,0.08325407375990333,0.13385695187165791,186.0,0.0,0.0,239.0,211.0,0.0,0.0,0.0,38.0,0.0,0.0,36.0,27.0,0.0,0.0,0.0,0.0,0.0,0.0,36.0,0.0,0.0,0.0,0.0
A_f1_move__baldwinian__s24,A_f1_move__baldwinian,A_f1_move,A,baldwinian,24,100,train,50,0.92,12,12,49.74144081332388,0.9166666666666666,0.5,adaptive_move,0.5375,0.05723788284648676,0.12937167553191498,315.0,0.0,0.0,360.0,114.0,0.0,0.0,0.0,44.0,0.0,0.0,43.0,21.0,0.0,0.0,0.0,0.0,0.0,0.0,43.0,0.0,0.0,0.0,0.0
A_f1_move__baldwinian__s24,A_f1_move__baldwinian,A_f1_move,A,baldwinian,24,150,train,50,1.04,16,16,72.1004509978619,0.8541666666666666,0.5,adaptive_move,0.55,0.06423021847708726,0.12929478609625655,294.0,0.0,0.0,405.0,100.0,0.0,0.0,0.0,45.0,0.0,0.0,34.0,23.0,0.0,0.0,0.0,0.0,0.0,0.0,34.0,0.0,0.0,0.0,0.0
A_f1_move__baldwinian__s24,A_f1_move__baldwinian,A_f1_move,A,baldwinian,24,200,train,50,1.16,18,18,97.46808744031578,0.8125,0.5,adaptive_move,0.59375,0.0831518402225709,0.15491301546391756,379.0,0.0,0.0,600.0,20.0,0.0,0.0,0.0,43.0,0.0,0.0,45.0,11.0,0.0,0.0,0.0,0.0,0.0,0.0,45.0,0.0,0.0,0.0,0.0
A_f1_move__baldwinian__s24,A_f1_move__baldwinian,A_f1_move,A,baldwinian,24,250,train,50,1.24,17,17,80.31481654430827,0.8333333333333334,0.5,adaptive_move,0.5375,0.050857268106770985,0.11238046448087435,409.0,0.0,0.0,485.0,134.0,0.0,0.0,0.0,51.0,0.0,0.0,29.0,29.0,0.0,0.0,0.0,0.0,0.0,0.0,29.0,0.0,0.0,0.0,0.0
A_f1_move__baldwinian__s24,A_f1_move__baldwinian,A_f1_move,A,baldwinian,24,300,train,50,1.16,12,12,70.00359045096194,0.8333333333333334,0.5,adaptive_move,0.525,0.07333322970151131,0.1546115728900257,263.0,0.0,0.0,395.0,138.0,0.0,0.0,0.0,60.0,0.0,0.0,26.0,26.0,0.0,0.0,0.0,0.0,0.0,0.0,26.0,0.0,0.0,0.0,0.0
A_f1_move__baldwinian__s24,A_f1_move__baldwinian,A_f1_move,A,baldwinian,24,350,train,50,1.24,20,20,109.62434406480628,0.7708333333333334,0.5,adaptive_move,0.50625,0.06304091675042633,0.12393025606469021,342.0,0.0,0.0,582.0,128.0,0.0,0.0,0.0,35.0,0.0,0.0,37.0,20.0,0.0,0.0,0.0,0.0,0.0,0.0,37.0,0.0,0.0,0.0,0.0
A_f1_move__baldwinian__s24,A_f1_move__baldwinian,A_f1_move,A,baldwinian,24,400,train,50,1.2,15,15,141.98870362188896,0.6666666666666666,0.5,adaptive_move,0.5375,0.053970678650571126,0.1213527628032347,341.0,0.0,0.0,688.0,97.0,0.0,0.0,0.0,37.0,0.0,0.0,37.0,21.0,0.0,0.0,0.0,0.0,0.0,0.0,37.0,0.0,0.0,0.0,0.0
A_f1_move__baldwinian__s24,A_f1_move__baldwinian,A_f1_move,A,baldwinian,24,450,train,50,1.3,13,13,96.56977419912783,0.7708333333333334,0.5,adaptive_move,0.53125,0.12128410306392817,0.19520631067961203,337.0,0.0,0.0,623.0,119.0,0.0,0.0,0.0,51.0,0.0,0.0,28.0,18.0,0.0,0.0,0.0,0.0,0.0,0.0,28.0,0.0,0.0,0.0,0.0
A_f1_move__baldwinian__s24,A_f1_move__baldwinian,A_f1_move,A,baldwinian,24,500,train,50,1.48,15,15,72.75176609954808,0.8958333333333334,0.5,adaptive_move,0.525,0.08509317942662462,0.15415859173126623,357.0,0.0,0.0,423.0,99.0,0.0,0.0,0.0,67.0,0.0,0.0,19.0,22.0,0.0,0.0,0.0,0.0,0.0,0.0,19.0,0.0,0.0,0.0,0.0
A_f1_move__baldwinian__s24,A_f1_move__baldwinian,A_f1_move,A,baldwinian,24,550,train,50,1.82,22,22,81.01161670248642,0.875,0.5,adaptive_move,0.575,0.08173000096873928,0.16358386075949372,249.0,0.0,0.0,293.0,130.0,0.0,0.0,0.0,55.0,0.0,0.0,30.0,33.0,0.0,0.0,0.0,0.0,0.0,0.0,30.0,0.0,0.0,0.0,0.0
A_f1_move__baldwinian__s24,A_f1_move__baldwinian,A_f1_move,A,baldwinian,24,600,train,50,2.06,17,17,56.461863084569565,0.9583333333333334,0.5,adaptive_move,0.50625,0.10479751574285365,0.1745131909547739,292.0,0.0,0.0,286.0,98.0,0.0,0.0,0.0,57.0,0.0,0.0,34.0,18.0,0.0,0.0,0.0,0.0,0.0,0.0,34.0,0.0,0.0,0.0,0.0
A_f1_move__baldwinian__s24,A_f1_move__baldwinian,A_f1_move,A,baldwinian,24,650,train,50,2.38,22,22,84.85804828695076,0.875,0.5,adaptive_move,0.4875,0.08299193784543664,0.1625793147208121,315.0,0.0,0.0,313.0,137.0,0.0,0.0,0.0,50.0,0.0,0.0,27.0,21.0,0.0,0.0,0.0,0.0,0.0,0.0,27.0,0.0,0.0,0.0,0.0
A_f1_move__baldwinian__s24,A_f1_move__baldwinian,A_f1_move,A,baldwinian,24,700,train,50,2.58,21,21,83.38683941387467,0.8541666666666666,0.5,adaptive_move,0.59375,0.15975193771111773,0.20272962287104623,375.0,0.0,0.0,326.0,139.0,0.0,0.0,0.0,49.0,0.0,0.0,28.0,30.0,0.0,0.0,0.0,0.0,0.0,0.0,28.0,0.0,0.0,0.0,0.0
A_f1_move__baldwinian__s24,A_f1_move__baldwinian,A_f1_move,A,baldwinian,24,750,train,50,2.54,15,15,62.81749189717835,0.9791666666666666,0.5,adaptive_move,0.55,0.08722077535982889,0.15213474025973994,366.0,0.0,0.0,525.0,148.0,0.0,0.0,0.0,40.0,0.0,0.0,39.0,30.0,0.0,0.0,0.0,0.0,0.0,0.0,39.0,0.0,0.0,0.0,0.0
A_f1_move__baldwinian__s24,A_f1_move__baldwinian,A_f1_move,A,baldwinian,24,800,train,50,2.54,6,6,108.98058922369968,0.8333333333333334,0.5,adaptive_move,0.51875,0.0890307120909756,0.15762820512820497,384.0,0.0,0.0,484.0,104.0,0.0,0.0,0.0,53.0,0.0,0.0,29.0,29.0,0.0,0.0,0.0,0.0,0.0,0.0,29.0,0.0,0.0,0.0,0.0
A_f1_move__baldwinian__s24,A_f1_move__baldwinian,A_f1_move,A,baldwinian,24,850,train,50,3.02,24,24,92.55285147057184,0.7916666666666666,0.5,adaptive_move,0.5375,0.06423397634042104,0.14160411227154057,474.0,0.0,0.0,458.0,110.0,0.0,0.0,0.0,45.0,0.0,0.0,45.0,31.0,0.0,0.0,0.0,0.0,0.0,0.0,45.0,0.0,0.0,0.0,0.0
A_f1_move__baldwinian__s24,A_f1_move__baldwinian,A_f1_move,A,baldwinian,24,900,train,50,3.26,13,13,90.06616531026695,0.8541666666666666,0.5,adaptive_move,0.56875,0.089811121060613,0.1688680730478591,507.0,0.0,0.0,430.0,114.0,0.0,0.0,0.0,50.0,0.0,0.0,38.0,29.0,0.0,0.0,0.0,0.0,0.0,0.0,38.0,0.0,0.0,0.0,0.0
A_f1_move__baldwinian__s24,A_f1_move__baldwinian,A_f1_move,A,baldwinian,24,950,train,50,3.3,13,13,104.29591323419018,0.8125,0.5,adaptive_move,0.525,0.06704132125503169,0.12363175675675664,314.0,0.0,0.0,484.0,116.0,0.0,0.0,0.0,68.0,0.0,0.0,25.0,20.0,0.0,0.0,0.0,0.0,0.0,0.0,25.0,0.0,0.0,0.0,0.0
A_f1_move__baldwinian__s24,A_f1_move__baldwinian,A_f1_move,A,baldwinian,24,1000,train,50,3.48,15,15,97.98480435016037,0.8125,0.5,adaptive_move,0.5375,0.06969035951437032,0.13382646276595733,319.0,0.0,0.0,457.0,135.0,0.0,0.0,0.0,44.0,0.0,0.0,32.0,27.0,0.0,0.0,0.0,0.0,0.0,0.0,32.0,0.0,0.0,0.0,0.0
A_f1_move__baldwinian__s24,A_f1_move__baldwinian,A_f1_move,A,baldwinian,24,1050,train,50,3.5,11,11,117.71154691301001,0.7291666666666666,0.5,adaptive_move,0.54375,0.07358900658547486,0.12819220430107503,350.0,0.0,0.0,505.0,144.0,0.0,0.0,0.0,39.0,0.0,0.0,26.0,20.0,0.0,0.0,0.0,0.0,0.0,0.0,26.0,0.0,0.0,0.0,0.0
A_f1_move__baldwinian__s24,A_f1_move__baldwinian,A_f1_move,A,baldwinian,24,1100,train,50,3.54,15,15,66.29884167602343,0.9166666666666666,0.5,adaptive_move,0.5625,0.07557166081439864,0.1460590731070499,417.0,0.0,0.0,436.0,119.0,0.0,0.0,0.0,63.0,0.0,0.0,22.0,19.0,0.0,0.0,0.0,0.0,0.0,0.0,22.0,0.0,0.0,0.0,0.0
A_f1_move__baldwinian__s24,A_f1_move__baldwinian,A_f1_move,A,baldwinian,24,1150,train,50,3.76,17,17,93.89997717375056,0.8125,0.5,adaptive_move,0.56875,0.10449486853351914,0.18584920147420148,378.0,0.0,0.0,446.0,100.0,0.0,0.0,0.0,64.0,0.0,0.0,16.0,32.0,0.0,0.0,0.0,0.0,0.0,0.0,16.0,0.0,0.0,0.0,0.0
A_f1_move__baldwinian__s24,A_f1_move__baldwinian,A_f1_move,A,baldwinian,24,1200,train,50,3.84,18,18,60.36587464130551,0.8958333333333334,0.5,adaptive_move,0.55,0.05564741701788409,0.11419057377049158,384.0,0.0,0.0,353.0,92.0,0.0,0.0,0.0,60.0,0.0,0.0,29.0,25.0,0.0,0.0,0.0,0.0,0.0,0.0,29.0,0.0,0.0,0.0,0.0
A_f1_move__baldwinian__s24,A_f1_move__baldwinian,A_f1_move,A,baldwinian,24,1250,train,50,4.24,17,17,94.31372824558045,0.7708333333333334,0.5,adaptive_move,0.55625,0.07219192104554238,0.15743972081218272,216.0,0.0,0.0,457.0,59.0,0.0,0.0,0.0,38.0,0.0,0.0,36.0,20.0,0.0,0.0,0.0,0.0,0.0,0.0,36.0,0.0,0.0,0.0,0.0
A_f1_move__baldwinian__s24,A_f1_move__baldwinian,A_f1_move,A,baldwinian,24,1300,train,50,4.42,12,12,116.98772406022357,0.7291666666666666,0.5,adaptive_move,0.5125,0.057276034574065965,0.12412634408602141,428.0,0.0,0.0,583.0,96.0,0.0,0.0,0.0,40.0,0.0,0.0,34.0,22.0,0.0,0.0,0.0,0.0,0.0,0.0,34.0,0.0,0.0,0.0,0.0
A_f1_move__baldwinian__s24,A_f1_move__baldwinian,A_f1_move,A,baldwinian,24,1350,train,50,4.46,18,18,93.91071822674564,0.8125,0.5,adaptive_move,0.5125,0.06624958713141793,0.1310916666666666,316.0,0.0,0.0,541.0,101.0,0.0,0.0,0.0,54.0,0.0,0.0,26.0,26.0,0.0,0.0,0.0,0.0,0.0,0.0,26.0,0.0,0.0,0.0,0.0
A_f1_move__baldwinian__s24,A_f1_move__baldwinian,A_f1_move,A,baldwinian,24,1400,train,50,4.58,6,6,97.49385296589475,0.7708333333333334,0.5,adaptive_move,0.56875,0.07910172905646765,0.15652243589743575,359.0,0.0,0.0,459.0,53.0,0.0,0.0,0.0,54.0,0.0,0.0,22.0,17.0,0.0,0.0,0.0,0.0,0.0,0.0,22.0,0.0,0.0,0.0,0.0
A_f1_move__baldwinian__s24,A_f1_move__baldwinian,A_f1_move,A,baldwinian,24,1450,train,50,4.66,17,17,86.50416039795155,0.8541666666666666,0.5,adaptive_move,0.5625,0.06305583768058962,0.12715315013404838,481.0,0.0,0.0,395.0,96.0,0.0,0.0,0.0,43.0,0.0,0.0,26.0,24.0,0.0,0.0,0.0,0.0,0.0,0.0,26.0,0.0,0.0,0.0,0.0
A_f1_move__baldwinian__s24,A_f1_move__baldwinian,A_f1_move,A,baldwinian,24,1500,train,50,4.86,18,18,68.73795799960098,0.8125,0.5,adaptive_move,0.5375,0.10011253570624955,0.17204817380352666,490.0,0.0,0.0,409.0,122.0,0.0,0.0,0.0,57.0,0.0,0.0,27.0,31.0,0.0,0.0,0.0,0.0,0.0,0.0,27.0,0.0,0.0,0.0,0.0
A_f1_move__baldwinian__s24,A_f1_move__baldwinian,A_f1_move,A,baldwinian,24,1550,eval,50,4.9,17,17,139.26165907398024,0.6041666666666666,0.5,adaptive_move,0.5,0.0,0.0,390.0,0.0,0.0,516.0,85.0,0.0,0.0,57.0,49.0,0.0,0.0,25.0,7.0,0.0,0.0,1.0,0.0,0.0,0.0,25.0,0.0,0.0,0.0,1.0
A_f1_move__baldwinian__s24,A_f1_move__baldwinian,A_f1_move,A,baldwinian,24,1600,eval,50,4.66,17,17,173.803657308789,0.5416666666666666,0.5,adaptive_move,0.485,0.0,0.0,584.0,0.0,0.0,492.0,95.0,0.0,0.0,105.0,31.0,0.0,0.0,26.0,16.0,0.0,0.0,3.0,0.0,0.0,0.0,26.0,0.0,0.0,0.0,3.0
A_f1_move__baldwinian__s24,A_f1_move__baldwinian,A_f1_move,A,baldwinian,24,1650,eval,50,4.72,15,15,160.34658268036247,0.6041666666666666,0.5,adaptive_move,0.52,0.0,0.0,759.0,0.0,0.0,549.0,90.0,0.0,0.0,35.0,47.0,0.0,0.0,32.0,17.0,0.0,0.0,2.0,0.0,0.0,0.0,32.0,0.0,0.0,0.0,2.0
A_f1_move__baldwinian__s24,A_f1_move__baldwinian,A_f1_move,A,baldwinian,24,1700,eval,50,4.96,8,8,187.6304761085517,0.4791666666666667,0.5,adaptive_move,0.485,0.0,0.0,636.0,0.0,0.0,633.0,156.0,0.0,0.0,64.0,40.0,0.0,0.0,30.0,14.0,0.0,0.0,3.0,0.0,0.0,0.0,30.0,0.0,0.0,0.0,3.0
A_f1_move__baldwinian__s24,A_f1_move__baldwinian,A_f1_move,A,baldwinian,24,1750,eval,50,5.02,8,8,169.76275392734453,0.4791666666666667,0.5,adaptive_move,0.515,0.0,0.0,677.0,0.0,0.0,528.0,173.0,0.0,0.0,69.0,49.0,0.0,0.0,28.0,23.0,0.0,0.0,1.0,0.0,0.0,0.0,28.0,0.0,0.0,0.0,1.0
A_f1_move__baldwinian__s24,A_f1_move__baldwinian,A_f1_move,A,baldwinian,24,1800,eval,50,5.16,15,15,120.30722271516203,0.7291666666666666,0.5,adaptive_move,0.525,0.0,0.0,498.0,0.0,0.0,551.0,152.0,0.0,0.0,126.0,48.0,0.0,0.0,30.0,8.0,0.0,0.0,1.0,0.0,0.0,0.0,30.0,0.0,0.0,0.0,1.0
A_f1_move__baldwinian__s25,A_f1_move__baldwinian,A_f1_move,A,baldwinian,25,50,train,50,0.76,33,3,74.63289683748697,0.8333333333333334,0.5,adaptive_move,0.525,0.054140004140660204,0.0845530626780624,166.0,0.0,0.0,276.0,130.0,0.0,0.0,0.0,40.0,0.0,0.0,42.0,45.0,0.0,0.0,0.0,0.0,0.0,0.0,42.0,0.0,0.0,0.0,0.0
A_f1_move__baldwinian__s25,A_f1_move__baldwinian,A_f1_move,A,baldwinian,25,100,train,50,0.98,15,15,77.32280799233516,0.8541666666666666,0.5,adaptive_move,0.6125,0.07487959952563104,0.14846590909090884,346.0,0.0,0.0,396.0,87.0,0.0,0.0,0.0,43.0,0.0,0.0,29.0,21.0,0.0,0.0,0.0,0.0,0.0,0.0,29.0,0.0,0.0,0.0,0.0
A_f1_move__baldwinian__s25,A_f1_move__baldwinian,A_f1_move,A,baldwinian,25,150,train,50,1.08,17,17,44.601323068989345,0.9166666666666666,0.5,adaptive_move,0.5875,0.08914040219721853,0.18242378048780483,277.0,0.0,0.0,308.0,121.0,0.0,0.0,0.0,43.0,0.0,0.0,30.0,42.0,0.0,0.0,0.0,0.0,0.0,0.0,30.0,0.0,0.0,0.0,0.0
A_f1_move__baldwinian__s25,A_f1_move__baldwinian,A_f1_move,A,baldwinian,25,200,train,47,1.0638297872340425,11,14,127.34578983465892,0.7291666666666666,0.5,adaptive_move,0.5,0.09009106951518775,0.1700579573934835,424.0,0.0,0.0,331.0,107.0,0.0,0.0,0.0,47.0,0.0,0.0,24.0,19.0,0.0,0.0,0.0,0.0,0.0,0.0,24.0,0.0,0.0,0.0,0.0
A_f1_move__baldwinian__s25,A_f1_move__baldwinian,A_f1_move,A,baldwinian,25,250,train,50,1.0,14,11,83.18090959221402,0.8333333333333334,0.5,adaptive_move,0.5,0.057707321133374054,0.12261623989218329,354.0,0.0,0.0,334.0,164.0,0.0,0.0,0.0,63.0,0.0,0.0,21.0,30.0,0.0,0.0,0.0,0.0,0.0,0.0,21.0,0.0,0.0,0.0,0.0
A_f1_move__baldwinian__s25,A_f1_move__baldwinian,A_f1_move,A,baldwinian,25,300,train,50,0.94,17,17,120.03709448316533,0.6875,0.5,adaptive_move,0.53125,0.06530993588571231,0.14567681347150274,304.0,0.0,0.0,384.0,168.0,0.0,0.0,0.0,35.0,0.0,0.0,24.0,40.0,0.0,0.0,0.0,0.0,0.0,0.0,24.0,0.0,0.0,0.0,0.0
A_f1_move__baldwinian__s25,A_f1_move__baldwinian,A_f1_move,A,baldwinian,25,350,train,50,0.9,15,15,104.92713758950889,0.75,0.5,adaptive_move,0.50625,0.06558758726826146,0.13286236702127652,367.0,0.0,0.0,372.0,101.0,0.0,0.0,0.0,56.0,0.0,0.0,23.0,30.0,0.0,0.0,0.0,0.0,0.0,0.0,23.0,0.0,0.0,0.0,0.0
A_f1_move__baldwinian__s25,A_f1_move__baldwinian,A_f1_move,A,baldwinian,25,400,train,50,0.9,12,12,52.783182684255564,0.8958333333333334,0.5,adaptive_move,0.53125,0.06276091339546068,0.14161783854166665,327.0,0.0,0.0,316.0,134.0,0.0,0.0,0.0,61.0,0.0,0.0,27.0,32.0,0.0,0.0,0.0,0.0,0.0,0.0,27.0,0.0,0.0,0.0,0.0
A_f1_move__baldwinian__s25,A_f1_move__baldwinian,A_f1_move,A,baldwinian,25,450,train,50,0.96,13,13,106.07041374395091,0.7291666666666666,0.5,adaptive_move,0.575,0.10809811691515434,0.17828086034912705,186.0,0.0,0.0,335.0,130.0,0.0,0.0,0.0,40.0,0.0,0.0,19.0,35.0,0.0,0.0,0.0,0.0,0.0,0.0,19.0,0.0,0.0,0.0,0.0
A_f1_move__baldwinian__s25,A_f1_move__baldwinian,A_f1_move,A,baldwinian,25,500,train,48,1.4375,28,30,89.9556223941219,0.7916666666666666,0.5,adaptive_move,0.54375,0.07420577958543516,0.14083881578947355,207.0,0.0,0.0,399.0,250.0,0.0,0.0,0.0,42.0,0.0,0.0,33.0,31.0,0.0,0.0,0.0,0.0,0.0,0.0,33.0,0.0,0.0,0.0,0.0
A_f1_move__baldwinian__s25,A_f1_move__baldwinian,A_f1_move,A,baldwinian,25,550,train,50,1.86,19,17,83.46951829311149,0.875,0.5,adaptive_move,0.54375,0.08936048470805898,0.16641414141414157,234.0,0.0,0.0,293.0,195.0,0.0,0.0,0.0,47.0,0.0,0.0,24.0,31.0,0.0,0.0,0.0,0.0,0.0,0.0,24.0,0.0,0.0,0.0,0.0
A_f1_move__baldwinian__s25,A_f1_move__baldwinian,A_f1_move,A,baldwinian,25,600,train,50,1.96,10,10,65.51565069990916,0.875,0.5,adaptive_move,0.55,0.0581336540496146,0.12104729729729713,270.0,0.0,0.0,426.0,200.0,0.0,0.0,0.0,56.0,0.0,0.0,25.0,28.0,0.0,0.0,0.0,0.0,0.0,0.0,25.0,0.0,0.0,0.0,0.0
A_f1_move__baldwinian__s25,A_f1_move__baldwinian,A_f1_move,A,baldwinian,25,650,train,50,2.06,12,12,95.27087565908846,0.7916666666666666,0.5,adaptive_move,0.55625,0.0809814802295735,0.15974170918367325,280.0,0.0,0.0,315.0,209.0,0.0,0.0,0.0,49.0,0.0,0.0,21.0,37.0,0.0,0.0,0.0,0.0,0.0,0.0,21.0,0.0,0.0,0.0,0.0
A_f1_move__baldwinian__s25,A_f1_move__baldwinian,A_f1_move,A,baldwinian,25,700,train,50,2.0,10,10,77.85546710432195,0.8958333333333334,0.5,adaptive_move,0.5375,0.09872263896132931,0.1566618217054263,295.0,0.0,0.0,417.0,127.0,0.0,0.0,0.0,57.0,0.0,0.0,28.0,33.0,0.0,0.0,0.0,0.0,0.0,0.0,28.0,0.0,0.0,0.0,0.0
A_f1_move__baldwinian__s25,A_f1_move__baldwinian,A_f1_move,A,baldwinian,25,750,train,50,2.04,17,17,85.35513254468937,0.8125,0.5,adaptive_move,0.5625,0.07272747300033411,0.15165914948453607,336.0,0.0,0.0,297.0,217.0,0.0,0.0,0.0,49.0,0.0,0.0,28.0,33.0,0.0,0.0,0.0,0.0,0.0,0.0,28.0,0.0,0.0,0.0,0.0
A_f1_move__baldwinian__s25,A_f1_move__baldwinian,A_f1_move,A,baldwinian,25,800,train,50,2.04,11,11,108.22416609987229,0.75,0.5,adaptive_move,0.5375,0.069684150603714,0.13560179045092835,276.0,0.0,0.0,477.0,129.0,0.0,0.0,0.0,46.0,0.0,0.0,26.0,27.0,0.0,0.0,0.0,0.0,0.0,0.0,26.0,0.0,0.0,0.0,0.0
A_f1_move__baldwinian__s25,A_f1_move__baldwinian,A_f1_move,A,baldwinian,25,850,train,50,2.16,15,15,82.95543550299058,0.875,0.5,adaptive_move,0.575,0.0619226082702548,0.12862633689839553,270.0,0.0,0.0,435.0,163.0,0.0,0.0,0.0,53.0,0.0,0.0,28.0,39.0,0.0,0.0,0.0,0.0,0.0,0.0,28.0,0.0,0.0,0.0,0.0
A_f1_move__baldwinian__s25,A_f1_move__baldwinian,A_f1_move,A,baldwinian,25,900,train,50,2.18,12,12,77.85965509573921,0.8958333333333334,0.5,adaptive_move,0.6,0.07134170047777642,0.1327083333333332,382.0,0.0,0.0,534.0,114.0,0.0,0.0,0.0,53.0,0.0,0.0,29.0,25.0,0.0,0.0,0.0,0.0,0.0,0.0,29.0,0.0,0.0,0.0,0.0
A_f1_move__baldwinian__s25,A_f1_move__baldwinian,A_f1_move,A,baldwinian,25,950,train,50,2.22,12,12,119.18380556131655,0.7708333333333334,0.5,adaptive_move,0.51875,0.07206323808990665,0.13240833333333346,400.0,0.0,0.0,352.0,116.0,0.0,0.0,0.0,54.0,0.0,0.0,15.0,28.0,0.0,0.0,0.0,0.0,0.0,0.0,15.0,0.0,0.0,0.0,0.0
A_f1_move__baldwinian__s25,A_f1_move__baldwinian,A_f1_move,A,baldwinian,25,1000,train,50,2.62,19,19,66.1259287799711,0.9375,0.5,adaptive_move,0.55625,0.0846872263804747,0.17203047263681603,311.0,0.0,0.0,395.0,134.0,0.0,0.0,0.0,53.0,0.0,0.0,29.0,29.0,0.0,0.0,0.0,0.0,0.0,0.0,29.0,0.0,0.0,0.0,0.0
A_f1_move__baldwinian__s25,A_f1_move__baldwinian,A_f1_move,A,baldwinian,25,1050,train,50,2.98,22,22,143.52167614393306,0.6875,0.5,adaptive_move,0.5625,0.10102654528694618,0.16670642493638677,173.0,0.0,0.0,196.0,106.0,0.0,0.0,0.0,39.0,0.0,0.0,18.0,24.0,0.0,0.0,0.0,0.0,0.0,0.0,18.0,0.0,0.0,0.0,0.0
A_f1_move__baldwinian__s25,A_f1_move__baldwinian,A_f1_move,A,baldwinian,25,1100,train,50,3.0,21,21,101.18856021614528,0.8333333333333334,0.5,adaptive_move,0.51875,0.07444625644921168,0.13578415119363396,260.0,0.0,0.0,459.0,104.0,0.0,0.0,0.0,47.0,0.0,0.0,31.0,30.0,0.0,0.0,0.0,0.0,0.0,0.0,31.0,0.0,0.0,0.0,0.0
A_f1_move__baldwinian__s25,A_f1_move__baldwinian,A_f1_move,A,baldwinian,25,1150,train,50,3.08,20,20,83.642021532319,0.8333333333333334,0.5,adaptive_move,0.6125,0.07528569823580517,0.14815746753246728,230.0,0.0,0.0,492.0,84.0,0.0,0.0,0.0,35.0,0.0,0.0,40.0,32.0,0.0,0.0,0.0,0.0,0.0,0.0,40.0,0.0,0.0,0.0,0.0
A_f1_move__baldwinian__s25,A_f1_move__baldwinian,A_f1_move,A,baldwinian,25,1200,train,50,3.08,8,8,83.67986738168516,0.8333333333333334,0.5,adaptive_move,0.53125,0.06749919322677939,0.1358300264550263,407.0,0.0,0.0,191.0,102.0,0.0,0.0,0.0,57.0,0.0,0.0,10.0,28.0,0.0,0.0,0.0,0.0,0.0,0.0,10.0,0.0,0.0,0.0,0.0
A_f1_move__baldwinian__s25,A_f1_move__baldwinian,A_f1_move,A,baldwinian,25,1250,train,50,3.18,16,16,99.14316621163594,0.8125,0.5,adaptive_move,0.55625,0.06992745549073426,0.14191753926701578,494.0,0.0,0.0,301.0,142.0,0.0,0.0,0.0,57.0,0.0,0.0,20.0,29.0,0.0,0.0,0.0,0.0,0.0,0.0,20.0,0.0,0.0,0.0,0.0
A_f1_move__baldwinian__s25,A_f1_move__baldwinian,A_f1_move,A,baldwinian,25,1300,train,50,3.16,16,16,123.16964615402279,0.7083333333333334,0.5,adaptive_move,0.56875,0.1075258656177693,0.1997916666666666,227.0,0.0,0.0,300.0,130.0,0.0,0.0,0.0,48.0,0.0,0.0,16.0,34.0,0.0,0.0,0.0,0.0,0.0,0.0,16.0,0.0,0.0,0.0,0.0
A_f1_move__baldwinian__s25,A_f1_move__baldwinian,A_f1_move,A,baldwinian,25,1350,train,50,3.26,14,14,54.46749991277853,0.9583333333333334,0.5,adaptive_move,0.5875,0.08700801920484627,0.1740307071960301,254.0,0.0,0.0,258.0,147.0,0.0,0.0,0.0,53.0,0.0,0.0,32.0,41.0,0.0,0.0,0.0,0.0,0.0,0.0,32.0,0.0,0.0,0.0,0.0
A_f1_move__baldwinian__s25,A_f1_move__baldwinian,A_f1_move,A,baldwinian,25,1400,train,50,3.48,17,17,95.94063572966706,0.8125,0.5,adaptive_move,0.51875,0.07217001815083218,0.15318910256410256,284.0,0.0,0.0,349.0,108.0,0.0,0.0,0.0,48.0,0.0,0.0,25.0,28.0,0.0,0.0,0.0,0.0,0.0,0.0,25.0,0.0,0.0,0.0,0.0
A_f1_move__baldwinian__s25,A_f1_move__baldwinian,A_f1_move,A,baldwinian,25,1450,train,50,3.76,16,16,77.77620240278264,0.875,0.5,adaptive_move,0.55625,0.0798733202226016,0.15430090206185576,210.0,0.0,0.0,432.0,112.0,0.0,0.0,0.0,42.0,0.0,0.0,27.0,24.0,0.0,0.0,0.0,0.0,0.0,0.0,27.0,0.0,0.0,0.0,0.0
A_f1_move__baldwinian__s25,A_f1_move__baldwinian,A_f1_move,A,baldwinian,25,1500,train,50,3.96,14,14,71.59069213599068,0.8541666666666666,0.5,adaptive_move,0.55625,0.06097288320094754,0.12969166666666654,194.0,0.0,0.0,409.0,66.0,0.0,0.0,0.0,47.0,0.0,0.0,22.0,24.0,0.0,0.0,0.0,0.0,0.0,0.0,22.0,0.0,0.0,0.0,0.0
A_f1_move__baldwinian__s25,A_f1_move__baldwinian,A_f1_move,A,baldwinian,25,1550,eval,50,4.02,26,26,101.8311277197099,0.8333333333333334,0.5,adaptive_move,0.525,0.0,0.0,366.0,0.0,0.0,410.0,60.0,0.0,0.0,14.0,41.0,0.0,0.0,35.0,12.0,0.0,0.0,5.0,0.0,0.0,0.0,35.0,0.0,0.0,0.0,5.0
A_f1_move__baldwinian__s25,A_f1_move__baldwinian,A_f1_move,A,baldwinian,25,1600,eval,50,4.1,19,19,180.45034352326002,0.6041666666666666,0.5,adaptive_move,0.475,0.0,0.0,393.0,0.0,0.0,388.0,59.0,0.0,0.0,19.0,42.0,0.0,0.0,30.0,6.0,0.0,0.0,5.0,0.0,0.0,0.0,30.0,0.0,0.0,0.0,5.0
A_f1_move__baldwinian__s25,A_f1_move__baldwinian,A_f1_move,A,baldwinian,25,1650,eval,50,4.28,18,18,129.9225118360963,0.75,0.5,adaptive_move,0.51,0.0,0.0,484.0,0.0,0.0,487.0,91.0,0.0,0.0,73.0,37.0,0.0,0.0,29.0,11.0,0.0,0.0,10.0,0.0,0.0,0.0,29.0,0.0,0.0,0.0,10.0
A_f1_move__baldwinian__s25,A_f1_move__baldwinian,A_f1_move,A,baldwinian,25,1700,eval,50,4.3,13,13,229.53360450332394,0.4375,0.5,adaptive_move,0.495,0.0,0.0,657.0,0.0,0.0,622.0,54.0,0.0,0.0,53.0,37.0,0.0,0.0,27.0,0.0,0.0,0.0,0.0,0.0,0.0,0.0,27.0,0.0,0.0,0.0,0.0
A_f1_move__baldwinian__s25,A_f1_move__baldwinian,A_f1_move,A,baldwinian,25,1750,eval,50,4.22,6,6,197.17099878010833,0.4375,0.5,adaptive_move,0.515,0.0,0.0,461.0,0.0,0.0,747.0,69.0,0.0,0.0,65.0,34.0,0.0,0.0,35.0,5.0,0.0,0.0,2.0,0.0,0.0,0.0,35.0,0.0,0.0,0.0,2.0
A_f1_move__baldwinian__s25,A_f1_move__baldwinian,A_f1_move,A,baldwinian,25,1800,eval,50,4.34,8,8,239.57290511885054,0.4166666666666667,0.5,adaptive_move,0.54,0.0,0.0,491.0,0.0,0.0,605.0,153.0,0.0,0.0,107.0,26.0,0.0,0.0,24.0,7.0,0.0,0.0,2.0,0.0,0.0,0.0,24.0,0.0,0.0,0.0,2.0
A_f1_move__baldwinian__s26,A_f1_move__baldwinian,A_f1_move,A,baldwinian,26,50,train,50,0.74,32,2,108.79627225119137,0.7291666666666666,0.5,adaptive_move,0.525,0.044955697071815445,0.08963629943502816,204.0,0.0,0.0,221.0,159.0,0.0,0.0,0.0,48.0,0.0,0.0,42.0,21.0,0.0,0.0,0.0,0.0,0.0,0.0,42.0,0.0,0.0,0.0,0.0
A_f1_move__baldwinian__s26,A_f1_move__baldwinian,A_f1_move,A,baldwinian,26,100,train,50,0.8,8,8,73.64232707592068,0.875,0.5,adaptive_move,0.53125,0.07488306186979976,0.13030328418230575,379.0,0.0,0.0,297.0,149.0,0.0,0.0,0.0,59.0,0.0,0.0,34.0,15.0,0.0,0.0,0.0,0.0,0.0,0.0,34.0,0.0,0.0,0.0,0.0
A_f1_move__baldwinian__s26,A_f1_move__baldwinian,A_f1_move,A,baldwinian,26,150,train,50,0.84,10,10,104.84720968383016,0.7291666666666666,0.5,adaptive_move,0.5625,0.07608424439182546,0.1500485751295335,251.0,0.0,0.0,547.0,100.0,0.0,0.0,0.0,40.0,0.0,0.0,33.0,20.0,0.0,0.0,0.0,0.0,0.0,0.0,33.0,0.0,0.0,0.0,0.0
A_f1_move__baldwinian__s26,A_f1_move__baldwinian,A_f1_move,A,baldwinian,26,200,train,50,0.82,10,10,110.60003739488616,0.7708333333333334,0.5,adaptive_move,0.5875,0.10286488917135192,0.17924162531017385,388.0,0.0,0.0,469.0,68.0,0.0,0.0,0.0,56.0,0.0,0.0,31.0,17.0,0.0,0.0,0.0,0.0,0.0,0.0,31.0,0.0,0.0,0.0,0.0
A_f1_move__baldwinian__s26,A_f1_move__baldwinian,A_f1_move,A,baldwinian,26,250,train,50,0.84,15,15,81.10819457432103,0.8958333333333334,0.5,adaptive_move,0.58125,0.12893641862263183,0.21963252314814818,397.0,0.0,0.0,545.0,75.0,0.0,0.0,0.0,69.0,0.0,0.0,27.0,15.0,0.0,0.0,0.0,0.0,0.0,0.0,27.0,0.0,0.0,0.0,0.0
A_f1_move__baldwinian__s26,A_f1_move__baldwinian,A_f1_move,A,baldwinian,26,300,train,50,0.9,14,14,135.40571840077862,0.7083333333333334,0.5,adaptive_move,0.51875,0.08352760709418736,0.15799679487179463,266.0,0.0,0.0,419.0,87.0,0.0,0.0,0.0,45.0,0.0,0.0,23.0,24.0,0.0,0.0,0.0,0.0,0.0,0.0,23.0,0.0,0.0,0.0,0.0
A_f1_move__baldwinian__s26,A_f1_move__baldwinian,A_f1_move,A,baldwinian,26,350,train,50,1.02,10,10,89.58206935552343,0.75,0.5,adaptive_move,0.5,0.09548051181774564,0.16337691326530623,493.0,0.0,0.0,521.0,112.0,0.0,0.0,0.0,46.0,0.0,0.0,31.0,27.0,0.0,0.0,0.0,0.0,0.0,0.0,31.0,0.0,0.0,0.0,0.0
A_f1_move__baldwinian__s26,A_f1_move__baldwinian,A_f1_move,A,baldwinian,26,400,train,50,1.02,3,3,95.36964319909478,0.8125,0.5,adaptive_move,0.55625,0.08212950618657677,0.16235723350253806,478.0,0.0,0.0,540.0,200.0,0.0,0.0,0.0,63.0,0.0,0.0,29.0,14.0,0.0,0.0,0.0,0.0,0.0,0.0,29.0,0.0,0.0,0.0,0.0
A_f1_move__baldwinian__s26,A_f1_move__baldwinian,A_f1_move,A,baldwinian,26,450,train,50,0.98,6,6,112.56636447219785,0.75,0.5,adaptive_move,0.54375,0.07793755809564044,0.15554487179487198,526.0,0.0,0.0,592.0,123.0,0.0,0.0,0.0,64.0,0.0,0.0,19.0,15.0,0.0,0.0,0.0,0.0,0.0,0.0,19.0,0.0,0.0,0.0,0.0
A_f1_move__baldwinian__s26,A_f1_move__baldwinian,A_f1_move,A,baldwinian,26,500,train,49,1.346938775510204,22,23,86.97124876248441,0.8125,0.5,adaptive_move,0.54375,0.06357289898223013,0.1359746042216361,332.0,0.0,0.0,585.0,183.0,0.0,0.0,0.0,48.0,0.0,0.0,27.0,23.0,0.0,0.0,0.0,0.0,0.0,0.0,27.0,0.0,0.0,0.0,0.0
A_f1_move__baldwinian__s26,A_f1_move__baldwinian,A_f1_move,A,baldwinian,26,550,train,50,1.7,24,23,130.82378836363534,0.7291666666666666,0.5,adaptive_move,0.56875,0.14843425943773286,0.21259649643705436,175.0,0.0,0.0,351.0,138.0,0.0,0.0,0.0,37.0,0.0,0.0,30.0,28.0,0.0,0.0,0.0,0.0,0.0,0.0,30.0,0.0,0.0,0.0,0.0
A_f1_move__baldwinian__s26,A_f1_move__baldwinian,A_f1_move,A,baldwinian,26,600,train,50,1.8,9,9,140.958420928193,0.6666666666666666,0.5,adaptive_move,0.51875,0.07025098169742243,0.13272499999999998,186.0,0.0,0.0,379.0,76.0,0.0,0.0,0.0,32.0,0.0,0.0,28.0,19.0,0.0,0.0,0.0,0.0,0.0,0.0,28.0,0.0,0.0,0.0,0.0
A_f1_move__baldwinian__s26,A_f1_move__baldwinian,A_f1_move,A,baldwinian,26,650,train,50,1.92,19,19,83.98849809845726,0.8541666666666666,0.5,adaptive_move,0.51875,0.08437567251895407,0.15694890745501255,343.0,0.0,0.0,375.0,110.0,0.0,0.0,0.0,46.0,0.0,0.0,38.0,24.0,0.0,0.0,0.0,0.0,0.0,0.0,38.0,0.0,0.0,0.0,0.0
A_f1_move__baldwinian__s26,A_f1_move__baldwinian,A_f1_move,A,baldwinian,26,700,train,50,1.9,18,18,83.96996858769919,0.8333333333333334,0.5,adaptive_move,0.525,0.07216142735023079,0.1472970779220777,354.0,0.0,0.0,454.0,61.0,0.0,0.0,0.0,47.0,0.0,0.0,36.0,14.0,0.0,0.0,0.0,0.0,0.0,0.0,36.0,0.0,0.0,0.0,0.0
A_f1_move__baldwinian__s26,A_f1_move__baldwinian,A_f1_move,A,baldwinian,26,750,train,50,1.92,15,15,111.65193972691033,0.8125,0.5,adaptive_move,0.6,0.09933007921237075,0.16671954314720772,299.0,0.0,0.0,474.0,119.0,0.0,0.0,0.0,38.0,0.0,0.0,40.0,24.0,0.0,0.0,0.0,0.0,0.0,0.0,40.0,0.0,0.0,0.0,0.0
A_f1_move__baldwinian__s26,A_f1_move__baldwinian,A_f1_move,A,baldwinian,26,800,train,50,2.08,16,16,130.7393861028692,0.7083333333333334,0.5,adaptive_move,0.55625,0.07402007793345215,0.12993465147453098,340.0,0.0,0.0,413.0,135.0,0.0,0.0,0.0,39.0,0.0,0.0,34.0,18.0,0.0,0.0,0.0,0.0,0.0,0.0,34.0,0.0,0.0,0.0,0.0
A_f1_move__baldwinian__s26,A_f1_move__baldwinian,A_f1_move,A,baldwinian,26,850,train,50,2.1,9,9,112.25737644601067,0.7708333333333334,0.5,adaptive_move,0.525,0.030666614866671545,0.07435344827586188,481.0,0.0,0.0,463.0,188.0,0.0,0.0,0.0,59.0,0.0,0.0,22.0,17.0,0.0,0.0,0.0,0.0,0.0,0.0,22.0,0.0,0.0,0.0,0.0
A_f1_move__baldwinian__s26,A_f1_move__baldwinian,A_f1_move,A,baldwinian,26,900,train,50,2.12,14,14,81.04134176840043,0.8333333333333334,0.5,adaptive_move,0.5875,0.1467659764092687,0.2298412471395881,405.0,0.0,0.0,446.0,158.0,0.0,0.0,0.0,60.0,0.0,0.0,36.0,20.0,0.0,0.0,0.0,0.0,0.0,0.0,36.0,0.0,0.0,0.0,0.0
A_f1_move__baldwinian__s26,A_f1_move__baldwinian,A_f1_move,A,baldwinian,26,950,train,50,2.18,15,15,122.9437588857601,0.7083333333333334,0.5,adaptive_move,0.5125,0.09817782489604585,0.173864348370927,361.0,0.0,0.0,408.0,51.0,0.0,0.0,0.0,55.0,0.0,0.0,27.0,18.0,0.0,0.0,0.0,0.0,0.0,0.0,27.0,0.0,0.0,0.0,0.0
A_f1_move__baldwinian__s26,A_f1_move__baldwinian,A_f1_move,A,baldwinian,26,1000,train,50,2.34,16,16,85.97920890358412,0.8125,0.5,adaptive_move,0.58125,0.05460316484588712,0.11209760273972624,384.0,0.0,0.0,444.0,68.0,0.0,0.0,0.0,59.0,0.0,0.0,26.0,20.0,0.0,0.0,0.0,0.0,0.0,0.0,26.0,0.0,0.0,0.0,0.0
A_f1_move__baldwinian__s26,A_f1_move__baldwinian,A_f1_move,A,baldwinian,26,1050,train,50,2.56,21,21,92.89488037027289,0.7708333333333334,0.5,adaptive_move,0.5,0.06721342103476387,0.1299632352941178,350.0,0.0,0.0,424.0,42.0,0.0,0.0,0.0,45.0,0.0,0.0,35.0,18.0,0.0,0.0,0.0,0.0,0.0,0.0,35.0,0.0,0.0,0.0,0.0
A_f1_move__baldwinian__s26,A_f1_move__baldwinian,A_f1_move,A,baldwinian,26,1100,train,50,2.8,19,19,94.94686545345294,0.7708333333333334,0.5,adaptive_move,0.64375,0.09986417293011465,0.1890321601941749,310.0,0.0,0.0,416.0,79.0,0.0,0.0,0.0,47.0,0.0,0.0,42.0,15.0,0.0,0.0,0.0,0.0,0.0,0.0,42.0,0.0,0.0,0.0,0.0
A_f1_move__baldwinian__s26,A_f1_move__baldwinian,A_f1_move,A,baldwinian,26,1150,train,50,2.88,19,19,92.52761295831132,0.8125,0.5,adaptive_move,0.5375,0.09926516365133109,0.16246794871794856,323.0,0.0,0.0,296.0,112.0,0.0,0.0,0.0,51.0,0.0,0.0,30.0,22.0,0.0,0.0,0.0,0.0,0.0,0.0,30.0,0.0,0.0,0.0,0.0
A_f1_move__baldwinian__s26,A_f1_move__baldwinian,A_f1_move,A,baldwinian,26,1200,train,50,2.92,18,18,136.51069992921595,0.6041666666666666,0.5,adaptive_move,0.525,0.07393514732373438,0.1380621693121693,371.0,0.0,0.0,484.0,54.0,0.0,0.0,0.0,27.0,0.0,0.0,40.0,13.0,0.0,0.0,0.0,0.0,0.0,0.0,40.0,0.0,0.0,0.0,0.0
A_f1_move__baldwinian__s26,A_f1_move__baldwinian,A_f1_move,A,baldwinian,26,1250,train,50,2.92,12,12,92.00994924259491,0.75,0.5,adaptive_move,0.5875,0.059469723755105286,0.11818953804347809,377.0,0.0,0.0,562.0,115.0,0.0,0.0,0.0,56.0,0.0,0.0,28.0,21.0,0.0,0.0,0.0,0.0,0.0,0.0,28.0,0.0,0.0,0.0,0.0
A_f1_move__baldwinian__s26,A_f1_move__baldwinian,A_f1_move,A,baldwinian,26,1300,train,50,3.04,13,13,83.08945782475774,0.8125,0.5,adaptive_move,0.49375,0.0614127350573741,0.13126662234042552,270.0,0.0,0.0,477.0,146.0,0.0,0.0,0.0,59.0,0.0,0.0,21.0,24.0,0.0,0.0,0.0,0.0,0.0,0.0,21.0,0.0,0.0,0.0,0.0
A_f1_move__baldwinian__s26,A_f1_move__baldwinian,A_f1_move,A,baldwinian,26,1350,train,50,3.08,10,10,122.66980726610299,0.7291666666666666,0.5,adaptive_move,0.51875,0.05762299509428574,0.1179517663043479,300.0,0.0,0.0,506.0,76.0,0.0,0.0,0.0,47.0,0.0,0.0,27.0,24.0,0.0,0.0,0.0,0.0,0.0,0.0,27.0,0.0,0.0,0.0,0.0
A_f1_move__baldwinian__s26,A_f1_move__baldwinian,A_f1_move,A,baldwinian,26,1400,train,50,3.24,16,16,74.27789604023417,0.8541666666666666,0.5,adaptive_move,0.54375,0.0808855317999394,0.14550065445026172,408.0,0.0,0.0,445.0,79.0,0.0,0.0,0.0,63.0,0.0,0.0,33.0,25.0,0.0,0.0,0.0,0.0,0.0,0.0,33.0,0.0,0.0,0.0,0.0
A_f1_move__baldwinian__s26,A_f1_move__baldwinian,A_f1_move,A,baldwinian,26,1450,train,50,3.38,9,9,94.86711747529071,0.7708333333333334,0.5,adaptive_move,0.55625,0.0821003621204944,0.14477526246719163,437.0,0.0,0.0,455.0,77.0,0.0,0.0,0.0,67.0,0.0,0.0,25.0,18.0,0.0,0.0,0.0,0.0,0.0,0.0,25.0,0.0,0.0,0.0,0.0
A_f1_move__baldwinian__s26,A_f1_move__baldwinian,A_f1_move,A,baldwinian,26,1500,train,50,3.56,13,13,113.51865047362726,0.7291666666666666,0.5,adaptive_move,0.50625,0.09042438021959559,0.16622626582278488,389.0,0.0,0.0,565.0,130.0,0.0,0.0,0.0,49.0,0.0,0.0,24.0,22.0,0.0,0.0,0.0,0.0,0.0,0.0,24.0,0.0,0.0,0.0,0.0
A_f1_move__baldwinian__s26,A_f1_move__baldwinian,A_f1_move,A,baldwinian,26,1550,eval,50,3.7,16,16,112.75333744655563,0.7083333333333334,0.5,adaptive_move,0.52,0.0,0.0,425.0,0.0,0.0,461.0,27.0,0.0,0.0,83.0,59.0,0.0,0.0,25.0,3.0,0.0,0.0,4.0,0.0,0.0,0.0,25.0,0.0,0.0,0.0,4.0
A_f1_move__baldwinian__s26,A_f1_move__baldwinian,A_f1_move,A,baldwinian,26,1600,eval,50,3.86,12,12,172.15534316509223,0.5,0.5,adaptive_move,0.465,0.0,0.0,431.0,0.0,0.0,561.0,81.0,0.0,0.0,29.0,34.0,0.0,0.0,18.0,4.0,0.0,0.0,1.0,0.0,0.0,0.0,18.0,0.0,0.0,0.0,1.0
A_f1_move__baldwinian__s26,A_f1_move__baldwinian,A_f1_move,A,baldwinian,26,1650,eval,50,4.0,23,23,158.68377282140472,0.5416666666666666,0.5,adaptive_move,0.505,0.0,0.0,567.0,0.0,0.0,605.0,108.0,0.0,0.0,55.0,28.0,0.0,0.0,46.0,1.0,0.0,0.0,0.0,0.0,0.0,0.0,46.0,0.0,0.0,0.0,0.0
A_f1_move__baldwinian__s26,A_f1_move__baldwinian,A_f1_move,A,baldwinian,26,1700,eval,50,4.04,10,10,149.09473049173647,0.625,0.5,adaptive_move,0.475,0.0,0.0,549.0,0.0,0.0,503.0,152.0,0.0,0.0,58.0,41.0,0.0,0.0,27.0,15.0,0.0,0.0,3.0,0.0,0.0,0.0,27.0,0.0,0.0,0.0,3.0
A_f1_move__baldwinian__s26,A_f1_move__baldwinian,A_f1_move,A,baldwinian,26,1750,eval,50,4.12,12,12,195.11975290803178,0.4791666666666667,0.5,adaptive_move,0.51,0.0,0.0,692.0,0.0,0.0,475.0,43.0,0.0,0.0,101.0,41.0,0.0,0.0,22.0,0.0,0.0,0.0,9.0,0.0,0.0,0.0,22.0,0.0,0.0,0.0,9.0
A_f1_move__baldwinian__s26,A_f1_move__baldwinian,A_f1_move,A,baldwinian,26,1800,eval,50,4.24,17,17,215.9892802635846,0.3541666666666667,0.5,adaptive_move,0.51,0.0,0.0,514.0,0.0,0.0,469.0,109.0,0.0,0.0,148.0,17.0,0.0,0.0,24.0,8.0,0.0,0.0,4.0,0.0,0.0,0.0,24.0,0.0,0.0,0.0,4.0
A_f1_move__baldwinian__s27,A_f1_move__baldwinian,A_f1_move,A,baldwinian,27,50,train,50,0.66,34,4,79.76086992197366,0.7916666666666666,0.5,adaptive_move,0.58125,0.0825576223630688,0.15106331168831133,279.0,0.0,0.0,283.0,143.0,0.0,0.0,0.0,37.0,0.0,0.0,46.0,19.0,0.0,0.0,0.0,0.0,0.0,0.0,46.0,0.0,0.0,0.0,0.0
A_f1_move__baldwinian__s27,A_f1_move__baldwinian,A_f1_move,A,baldwinian,27,100,train,50,0.64,10,10,91.30973094873531,0.75,0.5,adaptive_move,0.55,0.06003304085330747,0.12764037433155084,453.0,0.0,0.0,504.0,171.0,0.0,0.0,0.0,39.0,0.0,0.0,37.0,25.0,0.0,0.0,0.0,0.0,0.0,0.0,37.0,0.0,0.0,0.0,0.0
A_f1_move__baldwinian__s27,A_f1_move__baldwinian,A_f1_move,A,baldwinian,27,150,train,50,0.68,12,12,97.12045987647195,0.7916666666666666,0.5,adaptive_move,0.5375,0.09452306836972851,0.1930563842482098,440.0,0.0,0.0,408.0,86.0,0.0,0.0,0.0,58.0,0.0,0.0,27.0,17.0,0.0,0.0,0.0,0.0,0.0,0.0,27.0,0.0,0.0,0.0,0.0
A_f1_move__baldwinian__s27,A_f1_move__baldwinian,A_f1_move,A,baldwinian,27,200,train,50,0.66,12,12,73.27994099211973,0.8958333333333334,0.5,adaptive_move,0.53125,0.08574607746077371,0.15422319121447026,411.0,0.0,0.0,444.0,146.0,0.0,0.0,0.0,48.0,0.0,0.0,38.0,23.0,0.0,0.0,0.0,0.0,0.0,0.0,38.0,0.0,0.0,0.0,0.0
A_f1_move__baldwinian__s27,A_f1_move__baldwinian,A_f1_move,A,baldwinian,27,250,train,50,0.66,12,12,117.05491607400721,0.7708333333333334,0.5,adaptive_move,0.54375,0.06848494399567645,0.1407726377952756,450.0,0.0,0.0,516.0,170.0,0.0,0.0,0.0,47.0,0.0,0.0,26.0,25.0,0.0,0.0,0.0,0.0,0.0,0.0,26.0,0.0,0.0,0.0,0.0
A_f1_move__baldwinian__s27,A_f1_move__baldwinian,A_f1_move,A,baldwinian,27,300,train,50,0.66,8,8,54.96793158217207,0.9166666666666666,0.5,adaptive_move,0.5375,0.05678288922413654,0.12370631720430092,455.0,0.0,0.0,561.0,122.0,0.0,0.0,0.0,74.0,0.0,0.0,25.0,26.0,0.0,0.0,0.0,0.0,0.0,0.0,25.0,0.0,0.0,0.0,0.0
A_f1_move__baldwinian__s27,A_f1_move__baldwinian,A_f1_move,A,baldwinian,27,350,train,50,0.66,13,13,104.32857436065402,0.7291666666666666,0.5,adaptive_move,0.5625,0.13545831954996507,0.20003783292978183,324.0,0.0,0.0,573.0,70.0,0.0,0.0,0.0,54.0,0.0,0.0,31.0,20.0,0.0,0.0,0.0,0.0,0.0,0.0,31.0,0.0,0.0,0.0,0.0
A_f1_move__baldwinian__s27,A_f1_move__baldwinian,A_f1_move,A,baldwinian,27,400,train,50,0.68,12,12,61.00870382961769,0.9166666666666666,0.5,adaptive_move,0.5375,0.09119780326886301,0.17376091022443862,356.0,0.0,0.0,705.0,130.0,0.0,0.0,0.0,59.0,0.0,0.0,27.0,25.0,0.0,0.0,0.0,0.0,0.0,0.0,27.0,0.0,0.0,0.0,0.0
A_f1_move__baldwinian__s27,A_f1_move__baldwinian,A_f1_move,A,baldwinian,27,450,train,50,0.68,11,11,124.94422075675055,0.75,0.5,adaptive_move,0.59375,0.09345717034271639,0.1852722019464721,240.0,0.0,0.0,462.0,102.0,0.0,0.0,0.0,53.0,0.0,0.0,23.0,12.0,0.0,0.0,0.0,0.0,0.0,0.0,23.0,0.0,0.0,0.0,0.0
A_f1_move__baldwinian__s27,A_f1_move__baldwinian,A_f1_move,A,baldwinian,27,500,train,39,1.1794871794871795,15,26,82.14943860550399,0.8333333333333334,0.5,adaptive_move,0.5625,0.06723066774507945,0.1373268469656994,346.0,0.0,0.0,594.0,184.0,0.0,0.0,0.0,65.0,0.0,0.0,24.0,21.0,0.0,0.0,0.0,0.0,0.0,0.0,24.0,0.0,0.0,0.0,0.0
A_f1_move__baldwinian__s27,A_f1_move__baldwinian,A_f1_move,A,baldwinian,27,550,train,50,1.66,32,21,133.1872545182748,0.7291666666666666,0.5,adaptive_move,0.56875,0.1165088254426049,0.19774849397590355,311.0,0.0,0.0,398.0,203.0,0.0,0.0,0.0,45.0,0.0,0.0,36.0,22.0,0.0,0.0,0.0,0.0,0.0,0.0,36.0,0.0,0.0,0.0,0.0
A_f1_move__baldwinian__s27,A_f1_move__baldwinian,A_f1_move,A,baldwinian,27,600,train,50,1.78,16,16,104.37795436584852,0.7916666666666666,0.5,adaptive_move,0.54375,0.06772847134506282,0.1270329301075266,443.0,0.0,0.0,610.0,116.0,0.0,0.0,0.0,42.0,0.0,0.0,42.0,9.0,0.0,0.0,0.0,0.0,0.0,0.0,42.0,0.0,0.0,0.0,0.0
A_f1_move__baldwinian__s27,A_f1_move__baldwinian,A_f1_move,A,baldwinian,27,650,train,50,1.82,13,13,125.56616889868215,0.6666666666666666,0.5,adaptive_move,0.4875,0.06845550542736831,0.12341216216216222,410.0,0.0,0.0,599.0,174.0,0.0,0.0,0.0,43.0,0.0,0.0,33.0,19.0,0.0,0.0,0.0,0.0,0.0,0.0,33.0,0.0,0.0,0.0,0.0
A_f1_move__baldwinian__s27,A_f1_move__baldwinian,A_f1_move,A,baldwinian,27,700,train,50,1.92,14,14,88.83006504132425,0.7708333333333334,0.5,adaptive_move,0.5625,0.08089928204244509,0.13785643236074274,520.0,0.0,0.0,572.0,108.0,0.0,0.0,0.0,40.0,0.0,0.0,33.0,15.0,0.0,0.0,0.0,0.0,0.0,0.0,33.0,0.0,0.0,0.0,0.0
A_f1_move__baldwinian__s27,A_f1_move__baldwinian,A_f1_move,A,baldwinian,27,750,train,50,1.94,7,7,129.92907206585113,0.6041666666666666,0.5,adaptive_move,0.54375,0.07705083628494354,0.15149386304909562,549.0,0.0,0.0,493.0,89.0,0.0,0.0,0.0,42.0,0.0,0.0,21.0,22.0,0.0,0.0,0.0,0.0,0.0,0.0,21.0,0.0,0.0,0.0,0.0
A_f1_move__baldwinian__s27,A_f1_move__baldwinian,A_f1_move,A,baldwinian,27,800,train,50,1.94,10,10,103.71486041782121,0.7916666666666666,0.5,adaptive_move,0.54375,0.07259953043243611,0.1401809210526317,417.0,0.0,0.0,474.0,132.0,0.0,0.0,0.0,63.0,0.0,0.0,26.0,25.0,0.0,0.0,0.0,0.0,0.0,0.0,26.0,0.0,0.0,0.0,0.0
A_f1_move__baldwinian__s27,A_f1_move__baldwinian,A_f1_move,A,baldwinian,27,850,train,50,1.96,12,12,119.44098580165385,0.7291666666666666,0.5,adaptive_move,0.525,0.058933876829212334,0.11492486338797825,362.0,0.0,0.0,613.0,90.0,0.0,0.0,0.0,48.0,0.0,0.0,37.0,6.0,0.0,0.0,0.0,0.0,0.0,0.0,37.0,0.0,0.0,0.0,0.0
A_f1_move__baldwinian__s27,A_f1_move__baldwinian,A_f1_move,A,baldwinian,27,900,train,50,2.0,11,11,105.48396991932745,0.75,0.5,adaptive_move,0.5125,0.08312971571241776,0.149169921875,379.0,0.0,0.0,438.0,129.0,0.0,0.0,0.0,55.0,0.0,0.0,28.0,26.0,0.0,0.0,0.0,0.0,0.0,0.0,28.0,0.0,0.0,0.0,0.0
A_f1_move__baldwinian__s27,A_f1_move__baldwinian,A_f1_move,A,baldwinian,27,950,train,50,2.08,10,10,106.96547452593069,0.7291666666666666,0.5,adaptive_move,0.575,0.08137833229885426,0.15043019480519448,361.0,0.0,0.0,480.0,120.0,0.0,0.0,0.0,44.0,0.0,0.0,27.0,27.0,0.0,0.0,0.0,0.0,0.0,0.0,27.0,0.0,0.0,0.0,0.0
A_f1_move__baldwinian__s27,A_f1_move__baldwinian,A_f1_move,A,baldwinian,27,1000,train,50,2.3,17,17,74.68480788728881,0.8541666666666666,0.5,adaptive_move,0.58125,0.04534212364180864,0.10581095041322319,324.0,0.0,0.0,549.0,152.0,0.0,0.0,0.0,70.0,0.0,0.0,25.0,25.0,0.0,0.0,0.0,0.0,0.0,0.0,25.0,0.0,0.0,0.0,0.0
A_f1_move__baldwinian__s27,A_f1_move__baldwinian,A_f1_move,A,baldwinian,27,1050,train,50,2.64,19,19,86.16753836030404,0.875,0.5,adaptive_move,0.5375,0.08148820786369423,0.16232550761421316,311.0,0.0,0.0,264.0,71.0,0.0,0.0,0.0,57.0,0.0,0.0,22.0,21.0,0.0,0.0,0.0,0.0,0.0,0.0,22.0,0.0,0.0,0.0,0.0
A_f1_move__baldwinian__s27,A_f1_move__baldwinian,A_f1_move,A,baldwinian,27,1100,train,50,3.0,24,24,68.70196715176942,0.8958333333333334,0.5,adaptive_move,0.55,0.0784803640999684,0.1496996753246751,278.0,0.0,0.0,281.0,93.0,0.0,0.0,0.0,59.0,0.0,0.0,28.0,23.0,0.0,0.0,0.0,0.0,0.0,0.0,28.0,0.0,0.0,0.0,0.0
A_f1_move__baldwinian__s27,A_f1_move__baldwinian,A_f1_move,A,baldwinian,27,1150,train,50,3.06,23,23,124.92778890637065,0.7708333333333334,0.5,adaptive_move,0.55,0.06483467663655754,0.14504533678756482,245.0,0.0,0.0,351.0,120.0,0.0,0.0,0.0,40.0,0.0,0.0,39.0,23.0,0.0,0.0,0.0,0.0,0.0,0.0,39.0,0.0,0.0,0.0,0.0
A_f1_move__baldwinian__s27,A_f1_move__baldwinian,A_f1_move,A,baldwinian,27,1200,train,50,3.1,20,20,124.2500457881298,0.6666666666666666,0.5,adaptive_move,0.54375,0.07543169802384084,0.14718424479166647,279.0,0.0,0.0,509.0,89.0,0.0,0.0,0.0,39.0,0.0,0.0,35.0,19.0,0.0,0.0,0.0,0.0,0.0,0.0,35.0,0.0,0.0,0.0,0.0
A_f1_move__baldwinian__s27,A_f1_move__baldwinian,A_f1_move,A,baldwinian,27,1250,train,50,3.12,12,12,95.04293664290002,0.8125,0.5,adaptive_move,0.54375,0.07393514732373437,0.1380621693121693,416.0,0.0,0.0,605.0,107.0,0.0,0.0,0.0,52.0,0.0,0.0,36.0,20.0,0.0,0.0,0.0,0.0,0.0,0.0,36.0,0.0,0.0,0.0,0.0
A_f1_move__baldwinian__s27,A_f1_move__baldwinian,A_f1_move,A,baldwinian,27,1300,train,50,3.14,11,11,95.05079857087284,0.8125,0.5,adaptive_move,0.5125,0.12187044424793719,0.19689016990291286,342.0,0.0,0.0,687.0,117.0,0.0,0.0,0.0,40.0,0.0,0.0,37.0,20.0,0.0,0.0,0.0,0.0,0.0,0.0,37.0,0.0,0.0,0.0,0.0
A_f1_move__baldwinian__s27,A_f1_move__baldwinian,A_f1_move,A,baldwinian,27,1350,train,50,3.34,9,9,86.88224955593897,0.75,0.5,adaptive_move,0.48125,0.11560592168796181,0.20316943127962084,415.0,0.0,0.0,582.0,115.0,0.0,0.0,0.0,56.0,0.0,0.0,21.0,21.0,0.0,0.0,0.0,0.0,0.0,0.0,21.0,0.0,0.0,0.0,0.0
A_f1_move__baldwinian__s27,A_f1_move__baldwinian,A_f1_move,A,baldwinian,27,1400,train,50,3.58,16,16,119.58209684523662,0.6666666666666666,0.5,adaptive_move,0.55625,0.05804785379922335,0.11768002717391313,407.0,0.0,0.0,470.0,178.0,0.0,0.0,0.0,40.0,0.0,0.0,30.0,17.0,0.0,0.0,0.0,0.0,0.0,0.0,30.0,0.0,0.0,0.0,0.0
A_f1_move__baldwinian__s27,A_f1_move__baldwinian,A_f1_move,A,baldwinian,27,1450,train,50,3.82,14,14,74.82748208956384,0.8541666666666666,0.5,adaptive_move,0.575,0.08119853627536866,0.15064123376623328,411.0,0.0,0.0,393.0,227.0,0.0,0.0,0.0,68.0,0.0,0.0,27.0,20.0,0.0,0.0,0.0,0.0,0.0,0.0,27.0,0.0,0.0,0.0,0.0
A_f1_move__baldwinian__s27,A_f1_move__baldwinian,A_f1_move,A,baldwinian,27,1500,train,50,3.92,12,12,65.715616649684,0.875,0.5,adaptive_move,0.54375,0.09097546016365807,0.1556928294573645,404.0,0.0,0.0,353.0,170.0,0.0,0.0,0.0,57.0,0.0,0.0,30.0,21.0,0.0,0.0,0.0,0.0,0.0,0.0,30.0,0.0,0.0,0.0,0.0
A_f1_move__baldwinian__s27,A_f1_move__baldwinian,A_f1_move,A,baldwinian,27,1550,eval,50,3.88,14,14,94.9336390787457,0.7916666666666666,0.5,adaptive_move,0.49,0.0,0.0,356.0,0.0,0.0,610.0,50.0,0.0,0.0,73.0,47.0,0.0,0.0,30.0,13.0,0.0,0.0,4.0,0.0,0.0,0.0,30.0,0.0,0.0,0.0,4.0
A_f1_move__baldwinian__s27,A_f1_move__baldwinian,A_f1_move,A,baldwinian,27,1600,eval,50,4.0,15,15,122.62998674849405,0.7083333333333334,0.5,adaptive_move,0.455,0.0,0.0,431.0,0.0,0.0,547.0,81.0,0.0,0.0,70.0,48.0,0.0,0.0,22.0,18.0,0.0,0.0,7.0,0.0,0.0,0.0,22.0,0.0,0.0,0.0,7.0
A_f1_move__baldwinian__s27,A_f1_move__baldwinian,A_f1_move,A,baldwinian,27,1650,eval,50,4.0,23,23,153.59699071005062,0.5833333333333334,0.5,adaptive_move,0.475,0.0,0.0,519.0,0.0,0.0,419.0,104.0,0.0,0.0,94.0,48.0,0.0,0.0,22.0,8.0,0.0,0.0,7.0,0.0,0.0,0.0,22.0,0.0,0.0,0.0,7.0
A_f1_move__baldwinian__s27,A_f1_move__baldwinian,A_f1_move,A,baldwinian,27,1700,eval,50,4.3,21,21,239.6506653890468,0.4375,0.5,adaptive_move,0.48,0.0,0.0,411.0,0.0,0.0,511.0,121.0,0.0,0.0,88.0,33.0,0.0,0.0,33.0,5.0,0.0,0.0,8.0,0.0,0.0,0.0,33.0,0.0,0.0,0.0,8.0
A_f1_move__baldwinian__s27,A_f1_move__baldwinian,A_f1_move,A,baldwinian,27,1750,eval,50,4.36,9,9,228.045299066427,0.3958333333333333,0.5,adaptive_move,0.525,0.0,0.0,535.0,0.0,0.0,268.0,129.0,0.0,0.0,73.0,39.0,0.0,0.0,15.0,11.0,0.0,0.0,3.0,0.0,0.0,0.0,15.0,0.0,0.0,0.0,3.0
A_f1_move__baldwinian__s27,A_f1_move__baldwinian,A_f1_move,A,baldwinian,27,1800,eval,50,4.48,10,10,207.64812915876615,0.4375,0.5,adaptive_move,0.495,0.0,0.0,531.0,0.0,0.0,576.0,125.0,0.0,0.0,76.0,35.0,0.0,0.0,34.0,3.0,0.0,0.0,4.0,0.0,0.0,0.0,34.0,0.0,0.0,0.0,4.0
A_f1_move__baldwinian__s28,A_f1_move__baldwinian,A_f1_move,A,baldwinian,28,50,train,50,0.74,36,6,61.01196240629953,0.8958333333333334,0.5,adaptive_move,0.51875,0.06989910650503059,0.12267107046070436,183.0,0.0,0.0,275.0,57.0,0.0,0.0,0.0,55.0,0.0,0.0,52.0,13.0,0.0,0.0,0.0,0.0,0.0,0.0,52.0,0.0,0.0,0.0,0.0
A_f1_move__baldwinian__s28,A_f1_move__baldwinian,A_f1_move,A,baldwinian,28,100,train,46,0.9130434782608695,16,20,49.71880770679767,0.9166666666666666,0.5,adaptive_move,0.50625,0.05204402625516673,0.10794593663911844,237.0,0.0,0.0,320.0,116.0,0.0,0.0,0.0,42.0,0.0,0.0,44.0,18.0,0.0,0.0,0.0,0.0,0.0,0.0,44.0,0.0,0.0,0.0,0.0
A_f1_move__baldwinian__s28,A_f1_move__baldwinian,A_f1_move,A,baldwinian,28,150,train,42,1.0,12,16,103.16977155122306,0.75,0.5,adaptive_move,0.56875,0.060972883200947535,0.12969166666666654,259.0,0.0,0.0,374.0,76.0,0.0,0.0,0.0,35.0,0.0,0.0,38.0,15.0,0.0,0.0,0.0,0.0,0.0,0.0,38.0,0.0,0.0,0.0,0.0
A_f1_move__baldwinian__s28,A_f1_move__baldwinian,A_f1_move,A,baldwinian,28,200,train,50,1.1,22,14,79.97750234110401,0.8541666666666666,0.5,adaptive_move,0.575,0.09262634659475151,0.1602403846153846,360.0,0.0,0.0,558.0,105.0,0.0,0.0,0.0,63.0,0.0,0.0,33.0,17.0,0.0,0.0,0.0,0.0,0.0,0.0,33.0,0.0,0.0,0.0,0.0
A_f1_move__baldwinian__s28,A_f1_move__baldwinian,A_f1_move,A,baldwinian,28,250,train,50,1.14,20,20,105.02599166852092,0.7708333333333334,0.5,adaptive_move,0.55,0.11667117976135483,0.18771551724137936,333.0,0.0,0.0,439.0,119.0,0.0,0.0,0.0,43.0,0.0,0.0,42.0,11.0,0.0,0.0,0.0,0.0,0.0,0.0,42.0,0.0,0.0,0.0,0.0
A_f1_move__baldwinian__s28,A_f1_move__baldwinian,A_f1_move,A,baldwinian,28,300,train,50,1.32,13,13,110.1958684729982,0.8125,0.5,adaptive_move,0.5625,0.10419255434008057,0.18743123471882628,450.0,0.0,0.0,389.0,66.0,0.0,0.0,0.0,55.0,0.0,0.0,29.0,18.0,0.0,0.0,0.0,0.0,0.0,0.0,29.0,0.0,0.0,0.0,0.0
A_f1_move__baldwinian__s28,A_f1_move__baldwinian,A_f1_move,A,baldwinian,28,350,train,50,1.42,14,14,74.57828778288965,0.8125,0.5,adaptive_move,0.6,0.08649780081436154,0.1660669191919193,387.0,0.0,0.0,575.0,57.0,0.0,0.0,0.0,53.0,0.0,0.0,30.0,25.0,0.0,0.0,0.0,0.0,0.0,0.0,30.0,0.0,0.0,0.0,0.0
A_f1_move__baldwinian__s28,A_f1_move__baldwinian,A_f1_move,A,baldwinian,28,400,train,50,1.32,17,17,45.41266709490509,0.9375,0.5,adaptive_move,0.54375,0.08276901232063122,0.1463854438642298,490.0,0.0,0.0,499.0,86.0,0.0,0.0,0.0,70.0,0.0,0.0,37.0,19.0,0.0,0.0,0.0,0.0,0.0,0.0,37.0,0.0,0.0,0.0,0.0
A_f1_move__baldwinian__s28,A_f1_move__baldwinian,A_f1_move,A,baldwinian,28,450,train,50,1.46,13,13,76.39065215310004,0.7708333333333334,0.5,adaptive_move,0.5625,0.13127643788206025,0.1921759828009828,418.0,0.0,0.0,449.0,121.0,0.0,0.0,0.0,53.0,0.0,0.0,26.0,15.0,0.0,0.0,0.0,0.0,0.0,0.0,26.0,0.0,0.0,0.0,0.0
A_f1_move__baldwinian__s28,A_f1_move__baldwinian,A_f1_move,A,baldwinian,28,500,train,50,1.72,17,17,88.39500846691473,0.8333333333333334,0.5,adaptive_move,0.5125,0.05410056191390423,0.11173801369863035,523.0,0.0,0.0,494.0,72.0,0.0,0.0,0.0,58.0,0.0,0.0,24.0,14.0,0.0,0.0,0.0,0.0,0.0,0.0,24.0,0.0,0.0,0.0,0.0
A_f1_move__baldwinian__s28,A_f1_move__baldwinian,A_f1_move,A,baldwinian,28,550,train,50,1.94,20,20,58.94674275569772,0.9166666666666666,0.5,adaptive_move,0.51875,0.0597821305052415,0.12441196236559104,452.0,0.0,0.0,328.0,102.0,0.0,0.0,0.0,57.0,0.0,0.0,38.0,14.0,0.0,0.0,0.0,0.0,0.0,0.0,38.0,0.0,0.0,0.0,0.0
A_f1_move__baldwinian__s28,A_f1_move__baldwinian,A_f1_move,A,baldwinian,28,600,train,50,2.02,19,19,106.75993469021523,0.7083333333333334,0.5,adaptive_move,0.55625,0.11549420384346422,0.1972373188405796,391.0,0.0,0.0,464.0,84.0,0.0,0.0,0.0,43.0,0.0,0.0,33.0,13.0,0.0,0.0,0.0,0.0,0.0,0.0,33.0,0.0,0.0,0.0,0.0
A_f1_move__baldwinian__s28,A_f1_move__baldwinian,A_f1_move,A,baldwinian,28,650,train,50,2.04,14,14,86.93346292280123,0.8125,0.5,adaptive_move,0.51875,0.07977803068111251,0.15758471867007673,412.0,0.0,0.0,520.0,83.0,0.0,0.0,0.0,50.0,0.0,0.0,43.0,16.0,0.0,0.0,0.0,0.0,0.0,0.0,43.0,0.0,0.0,0.0,0.0
A_f1_move__baldwinian__s28,A_f1_move__baldwinian,A_f1_move,A,baldwinian,28,700,train,50,2.18,17,17,122.56018222896648,0.7291666666666666,0.5,adaptive_move,0.5875,0.08236967575156386,0.16361550632911404,414.0,0.0,0.0,582.0,78.0,0.0,0.0,0.0,53.0,0.0,0.0,32.0,14.0,0.0,0.0,0.0,0.0,0.0,0.0,32.0,0.0,0.0,0.0,0.0
A_f1_move__baldwinian__s28,A_f1_move__baldwinian,A_f1_move,A,baldwinian,28,750,train,50,2.38,18,18,106.0585793463614,0.7291666666666666,0.5,adaptive_move,0.49375,0.060509486969082475,0.12494959677419337,314.0,0.0,0.0,412.0,48.0,0.0,0.0,0.0,59.0,0.0,0.0,26.0,9.0,0.0,0.0,0.0,0.0,0.0,0.0,26.0,0.0,0.0,0.0,0.0
A_f1_move__baldwinian__s28,A_f1_move__baldwinian,A_f1_move,A,baldwinian,28,800,train,50,2.44,22,22,121.037844746177,0.7083333333333334,0.5,adaptive_move,0.54375,0.10028075765805969,0.17091224747474754,277.0,0.0,0.0,390.0,107.0,0.0,0.0,0.0,51.0,0.0,0.0,32.0,15.0,0.0,0.0,0.0,0.0,0.0,0.0,32.0,0.0,0.0,0.0,0.0
A_f1_move__baldwinian__s28,A_f1_move__baldwinian,A_f1_move,A,baldwinian,28,850,train,50,2.42,10,10,101.01869611859118,0.75,0.5,adaptive_move,0.55625,0.06796268245897436,0.12637768817204265,423.0,0.0,0.0,328.0,87.0,0.0,0.0,0.0,55.0,0.0,0.0,28.0,14.0,0.0,0.0,0.0,0.0,0.0,0.0,28.0,0.0,0.0,0.0,0.0
A_f1_move__baldwinian__s28,A_f1_move__baldwinian,A_f1_move,A,baldwinian,28,900,train,50,2.64,16,16,111.00281658177747,0.7083333333333334,0.5,adaptive_move,0.525,0.10135655269271589,0.17614557356608462,383.0,0.0,0.0,639.0,32.0,0.0,0.0,0.0,44.0,0.0,0.0,41.0,14.0,0.0,0.0,0.0,0.0,0.0,0.0,41.0,0.0,0.0,0.0,0.0
A_f1_move__baldwinian__s28,A_f1_move__baldwinian,A_f1_move,A,baldwinian,28,950,train,50,2.94,19,19,93.74361978743457,0.75,0.5,adaptive_move,0.525,0.08677883690060867,0.1465641361256549,513.0,0.0,0.0,613.0,35.0,0.0,0.0,0.0,60.0,0.0,0.0,29.0,13.0,0.0,0.0,0.0,0.0,0.0,0.0,29.0,0.0,0.0,0.0,0.0
A_f1_move__baldwinian__s28,A_f1_move__baldwinian,A_f1_move,A,baldwinian,28,1000,train,50,3.04,14,14,83.28806228192335,0.8125,0.5,adaptive_move,0.525,0.06316330460155291,0.13447420634920637,388.0,0.0,0.0,430.0,68.0,0.0,0.0,0.0,48.0,0.0,0.0,42.0,13.0,0.0,0.0,0.0,0.0,0.0,0.0,42.0,0.0,0.0,0.0,0.0
A_f1_move__baldwinian__s28,A_f1_move__baldwinian,A_f1_move,A,baldwinian,28,1050,train,50,3.22,15,15,150.86436819005075,0.6875,0.5,adaptive_move,0.56875,0.08414358948507544,0.16564078282828287,405.0,0.0,0.0,242.0,73.0,0.0,0.0,0.0,64.0,0.0,0.0,12.0,9.0,0.0,0.0,0.0,0.0,0.0,0.0,12.0,0.0,0.0,0.0,0.0
A_f1_move__baldwinian__s28,A_f1_move__baldwinian,A_f1_move,A,baldwinian,28,1100,train,50,3.32,12,12,93.9069793995733,0.8333333333333334,0.5,adaptive_move,0.59375,0.0853079898731845,0.15959878516624038,300.0,0.0,0.0,380.0,63.0,0.0,0.0,0.0,63.0,0.0,0.0,31.0,11.0,0.0,0.0,0.0,0.0,0.0,0.0,31.0,0.0,0.0,0.0,0.0
A_f1_move__baldwinian__s28,A_f1_move__baldwinian,A_f1_move,A,baldwinian,28,1150,train,50,3.5,16,16,87.43451997405009,0.7916666666666666,0.5,adaptive_move,0.5875,0.07554050902978585,0.15547474424552443,385.0,0.0,0.0,455.0,93.0,0.0,0.0,0.0,45.0,0.0,0.0,28.0,16.0,0.0,0.0,0.0,0.0,0.0,0.0,28.0,0.0,0.0,0.0,0.0
A_f1_move__baldwinian__s28,A_f1_move__baldwinian,A_f1_move,A,baldwinian,28,1200,train,50,3.68,16,16,44.1021387735757,0.9166666666666666,0.5,adaptive_move,0.525,0.09721770325848866,0.180871913580247,449.0,0.0,0.0,558.0,65.0,0.0,0.0,0.0,56.0,0.0,0.0,45.0,16.0,0.0,0.0,0.0,0.0,0.0,0.0,45.0,0.0,0.0,0.0,0.0
A_f1_move__baldwinian__s28,A_f1_move__baldwinian,A_f1_move,A,baldwinian,28,1250,train,50,3.74,24,24,85.4093582331723,0.8125,0.5,adaptive_move,0.55625,0.08675057472816071,0.17142187500000006,204.0,0.0,0.0,382.0,92.0,0.0,0.0,0.0,42.0,0.0,0.0,29.0,18.0,0.0,0.0,0.0,0.0,0.0,0.0,29.0,0.0,0.0,0.0,0.0
A_f1_move__baldwinian__s28,A_f1_move__baldwinian,A_f1_move,A,baldwinian,28,1300,train,50,3.9,13,13,91.60877456145897,0.7916666666666666,0.5,adaptive_move,0.54375,0.08759977830422583,0.16541930379746828,293.0,0.0,0.0,409.0,141.0,0.0,0.0,0.0,48.0,0.0,0.0,27.0,20.0,0.0,0.0,0.0,0.0,0.0,0.0,27.0,0.0,0.0,0.0,0.0
A_f1_move__baldwinian__s28,A_f1_move__baldwinian,A_f1_move,A,baldwinian,28,1350,train,50,4.12,14,14,67.88559913953713,0.9375,0.5,adaptive_move,0.54375,0.1318638313124566,0.20108695652173902,408.0,0.0,0.0,463.0,124.0,0.0,0.0,0.0,59.0,0.0,0.0,33.0,15.0,0.0,0.0,0.0,0.0,0.0,0.0,33.0,0.0,0.0,0.0,0.0
A_f1_move__baldwinian__s28,A_f1_move__baldwinian,A_f1_move,A,baldwinian,28,1400,train,50,4.48,19,19,89.2638877902287,0.8125,0.5,adaptive_move,0.55625,0.07776006714937905,0.1559455128205125,423.0,0.0,0.0,686.0,97.0,0.0,0.0,0.0,62.0,0.0,0.0,32.0,14.0,0.0,0.0,0.0,0.0,0.0,0.0,32.0,0.0,0.0,0.0,0.0
A_f1_move__baldwinian__s28,A_f1_move__baldwinian,A_f1_move,A,baldwinian,28,1450,train,50,4.52,14,14,73.94235388768783,0.8541666666666666,0.5,adaptive_move,0.5875,0.08951055744036306,0.16319179389312977,378.0,0.0,0.0,620.0,63.0,0.0,0.0,0.0,68.0,0.0,0.0,33.0,10.0,0.0,0.0,0.0,0.0,0.0,0.0,33.0,0.0,0.0,0.0,0.0
A_f1_move__baldwinian__s28,A_f1_move__baldwinian,A_f1_move,A,baldwinian,28,1500,train,50,4.56,20,20,100.42846492317281,0.8125,0.5,adaptive_move,0.55625,0.15178521348196455,0.23279109589041092,428.0,0.0,0.0,484.0,18.0,0.0,0.0,0.0,62.0,0.0,0.0,20.0,12.0,0.0,0.0,0.0,0.0,0.0,0.0,20.0,0.0,0.0,0.0,0.0
A_f1_move__baldwinian__s28,A_f1_move__baldwinian,A_f1_move,A,baldwinian,28,1550,eval,50,4.8,26,26,119.86735089483727,0.7916666666666666,0.5,adaptive_move,0.47,0.0,0.0,284.0,0.0,0.0,497.0,32.0,0.0,0.0,43.0,47.0,0.0,0.0,21.0,5.0,0.0,0.0,9.0,0.0,0.0,0.0,21.0,0.0,0.0,0.0,9.0
A_f1_move__baldwinian__s28,A_f1_move__baldwinian,A_f1_move,A,baldwinian,28,1600,eval,50,4.9,14,14,152.99705158212544,0.6666666666666666,0.5,adaptive_move,0.525,0.0,0.0,528.0,0.0,0.0,586.0,68.0,0.0,0.0,4.0,52.0,0.0,0.0,25.0,14.0,0.0,0.0,0.0,0.0,0.0,0.0,25.0,0.0,0.0,0.0,0.0
A_f1_move__baldwinian__s28,A_f1_move__baldwinian,A_f1_move,A,baldwinian,28,1650,eval,50,5.02,14,14,116.19930721825287,0.7291666666666666,0.5,adaptive_move,0.525,0.0,0.0,801.0,0.0,0.0,393.0,27.0,0.0,0.0,29.0,52.0,0.0,0.0,20.0,1.0,0.0,0.0,3.0,0.0,0.0,0.0,20.0,0.0,0.0,0.0,3.0
A_f1_move__baldwinian__s28,A_f1_move__baldwinian,A_f1_move,A,baldwinian,28,1700,eval,50,5.16,14,14,156.9853437641592,0.6458333333333334,0.5,adaptive_move,0.45,0.0,0.0,440.0,0.0,0.0,595.0,62.0,0.0,0.0,27.0,30.0,0.0,0.0,26.0,12.0,0.0,0.0,1.0,0.0,0.0,0.0,26.0,0.0,0.0,0.0,1.0
A_f1_move__baldwinian__s28,A_f1_move__baldwinian,A_f1_move,A,baldwinian,28,1750,eval,50,5.18,10,10,159.30289048757942,0.5625,0.5,adaptive_move,0.49,0.0,0.0,532.0,0.0,0.0,515.0,60.0,0.0,0.0,20.0,33.0,0.0,0.0,29.0,12.0,0.0,0.0,4.0,0.0,0.0,0.0,29.0,0.0,0.0,0.0,4.0
A_f1_move__baldwinian__s28,A_f1_move__baldwinian,A_f1_move,A,baldwinian,28,1800,eval,50,5.36,13,13,173.72485572637945,0.625,0.5,adaptive_move,0.52,0.0,0.0,588.0,0.0,0.0,496.0,54.0,0.0,0.0,66.0,47.0,0.0,0.0,25.0,6.0,0.0,0.0,6.0,0.0,0.0,0.0,25.0,0.0,0.0,0.0,6.0
A_f1_move__baldwinian__s29,A_f1_move__baldwinian,A_f1_move,A,baldwinian,29,50,train,50,0.78,33,3,57.46331796402972,0.9166666666666666,0.5,adaptive_move,0.5875,0.07891915137936653,0.14395505249343832,213.0,0.0,0.0,338.0,71.0,0.0,0.0,0.0,42.0,0.0,0.0,51.0,27.0,0.0,0.0,0.0,0.0,0.0,0.0,51.0,0.0,0.0,0.0,0.0
A_f1_move__baldwinian__s29,A_f1_move__baldwinian,A_f1_move,A,baldwinian,29,100,train,50,0.92,11,11,62.035523600964204,0.9583333333333334,0.5,adaptive_move,0.5375,0.07263792103899377,0.14771915584415551,332.0,0.0,0.0,347.0,44.0,0.0,0.0,0.0,49.0,0.0,0.0,33.0,24.0,0.0,0.0,0.0,0.0,0.0,0.0,33.0,0.0,0.0,0.0,0.0
A_f1_move__baldwinian__s29,A_f1_move__baldwinian,A_f1_move,A,baldwinian,29,150,train,50,1.02,17,17,89.94901197325808,0.7916666666666666,0.5,adaptive_move,0.5625,0.0893344213868212,0.16354166666666647,436.0,0.0,0.0,459.0,59.0,0.0,0.0,0.0,47.0,0.0,0.0,39.0,18.0,0.0,0.0,0.0,0.0,0.0,0.0,39.0,0.0,0.0,0.0,0.0
A_f1_move__baldwinian__s29,A_f1_move__baldwinian,A_f1_move,A,baldwinian,29,200,train,50,1.16,14,14,55.353736092553916,0.8958333333333334,0.5,adaptive_move,0.54375,0.11515526010799326,0.20551861702127683,343.0,0.0,0.0,397.0,76.0,0.0,0.0,0.0,45.0,0.0,0.0,34.0,30.0,0.0,0.0,0.0,0.0,0.0,0.0,34.0,0.0,0.0,0.0,0.0
A_f1_move__baldwinian__s29,A_f1_move__baldwinian,A_f1_move,A,baldwinian,29,250,train,50,1.26,20,20,84.28279057028291,0.8541666666666666,0.5,adaptive_move,0.55625,0.11719651285839014,0.1891507985257983,465.0,0.0,0.0,371.0,127.0,0.0,0.0,0.0,52.0,0.0,0.0,21.0,21.0,0.0,0.0,0.0,0.0,0.0,0.0,21.0,0.0,0.0,0.0,0.0
A_f1_move__baldwinian__s29,A_f1_move__baldwinian,A_f1_move,A,baldwinian,29,300,train,50,1.32,13,13,80.93603724260562,0.8333333333333334,0.5,adaptive_move,0.5375,0.06911394105254559,0.13647486772486772,373.0,0.0,0.0,441.0,206.0,0.0,0.0,0.0,53.0,0.0,0.0,28.0,35.0,0.0,0.0,0.0,0.0,0.0,0.0,28.0,0.0,0.0,0.0,0.0
A_f1_move__baldwinian__s29,A_f1_move__baldwinian,A_f1_move,A,baldwinian,29,350,train,50,1.48,17,17,90.50380497750609,0.8125,0.5,adaptive_move,0.60625,0.09374684817697626,0.16369579081632635,426.0,0.0,0.0,360.0,220.0,0.0,0.0,0.0,58.0,0.0,0.0,28.0,34.0,0.0,0.0,0.0,0.0,0.0,0.0,28.0,0.0,0.0,0.0,0.0
A_f1_move__baldwinian__s29,A_f1_move__baldwinian,A_f1_move,A,baldwinian,29,400,train,50,1.5,9,9,56.841154893028204,0.9375,0.5,adaptive_move,0.525,0.060466735006049585,0.11880095108695676,367.0,0.0,0.0,321.0,123.0,0.0,0.0,0.0,60.0,0.0,0.0,25.0,26.0,0.0,0.0,0.0,0.0,0.0,0.0,25.0,0.0,0.0,0.0,0.0
A_f1_move__baldwinian__s29,A_f1_move__baldwinian,A_f1_move,A,baldwinian,29,450,train,50,1.58,16,16,103.0248955155495,0.7708333333333334,0.5,adaptive_move,0.55625,0.08593893134245797,0.1764737654320987,403.0,0.0,0.0,301.0,100.0,0.0,0.0,0.0,61.0,0.0,0.0,25.0,12.0,0.0,0.0,0.0,0.0,0.0,0.0,25.0,0.0,0.0,0.0,0.0
A_f1_move__baldwinian__s29,A_f1_move__baldwinian,A_f1_move,A,baldwinian,29,500,train,49,1.7959183673469388,19,20,50.98800339967986,0.9166666666666666,0.5,adaptive_move,0.54375,0.09354747866614647,0.16638642131979675,382.0,0.0,0.0,396.0,92.0,0.0,0.0,0.0,60.0,0.0,0.0,28.0,29.0,0.0,0.0,0.0,0.0,0.0,0.0,28.0,0.0,0.0,0.0,0.0
A_f1_move__baldwinian__s29,A_f1_move__baldwinian,A_f1_move,A,baldwinian,29,550,train,50,2.16,16,15,65.7778434105483,0.8958333333333334,0.5,adaptive_move,0.51875,0.046527125389128385,0.10274411357340729,238.0,0.0,0.0,333.0,72.0,0.0,0.0,0.0,47.0,0.0,0.0,23.0,25.0,0.0,0.0,0.0,0.0,0.0,0.0,23.0,0.0,0.0,0.0,0.0
A_f1_move__baldwinian__s29,A_f1_move__baldwinian,A_f1_move,A,baldwinian,29,600,train,50,2.48,26,26,76.2450262763557,0.875,0.5,adaptive_move,0.59375,0.08991884204265276,0.17758487654320976,261.0,0.0,0.0,393.0,53.0,0.0,0.0,0.0,42.0,0.0,0.0,41.0,22.0,0.0,0.0,0.0,0.0,0.0,0.0,41.0,0.0,0.0,0.0,0.0
A_f1_move__baldwinian__s29,A_f1_move__baldwinian,A_f1_move,A,baldwinian,29,650,train,50,2.68,18,18,81.22070481010685,0.8333333333333334,0.5,adaptive_move,0.54375,0.09303357486454317,0.1504882812499999,350.0,0.0,0.0,376.0,171.0,0.0,0.0,0.0,37.0,0.0,0.0,32.0,24.0,0.0,0.0,0.0,0.0,0.0,0.0,32.0,0.0,0.0,0.0,0.0
A_f1_move__baldwinian__s29,A_f1_move__baldwinian,A_f1_move,A,baldwinian,29,700,train,50,2.76,18,18,83.8192447889838,0.875,0.5,adaptive_move,0.55,0.07759777170103128,0.1495048701298698,414.0,0.0,0.0,344.0,122.0,0.0,0.0,0.0,55.0,0.0,0.0,25.0,21.0,0.0,0.0,0.0,0.0,0.0,0.0,25.0,0.0,0.0,0.0,0.0
A_f1_move__baldwinian__s29,A_f1_move__baldwinian,A_f1_move,A,baldwinian,29,750,train,50,2.94,17,17,69.50680090733145,0.7916666666666666,0.5,adaptive_move,0.6,0.06434803806275403,0.11753235694822894,318.0,0.0,0.0,338.0,88.0,0.0,0.0,0.0,49.0,0.0,0.0,23.0,18.0,0.0,0.0,0.0,0.0,0.0,0.0,23.0,0.0,0.0,0.0,0.0
A_f1_move__baldwinian__s29,A_f1_move__baldwinian,A_f1_move,A,baldwinian,29,800,train,50,3.02,17,17,96.46685178197039,0.7916666666666666,0.5,adaptive_move,0.575,0.0786100347815556,0.13783985411140587,399.0,0.0,0.0,456.0,67.0,0.0,0.0,0.0,48.0,0.0,0.0,27.0,20.0,0.0,0.0,0.0,0.0,0.0,0.0,27.0,0.0,0.0,0.0,0.0
A_f1_move__baldwinian__s29,A_f1_move__baldwinian,A_f1_move,A,baldwinian,29,850,train,50,3.1,13,13,68.9244231135147,0.8333333333333334,0.5,adaptive_move,0.58125,0.05123344879738617,0.11067636986301377,439.0,0.0,0.0,423.0,100.0,0.0,0.0,0.0,67.0,0.0,0.0,22.0,22.0,0.0,0.0,0.0,0.0,0.0,0.0,22.0,0.0,0.0,0.0,0.0
A_f1_move__baldwinian__s29,A_f1_move__baldwinian,A_f1_move,A,baldwinian,29,900,train,50,3.22,16,16,40.52657058936086,0.9791666666666666,0.5,adaptive_move,0.5625,0.07177745081518007,0.14301374345549744,343.0,0.0,0.0,292.0,128.0,0.0,0.0,0.0,60.0,0.0,0.0,34.0,33.0,0.0,0.0,0.0,0.0,0.0,0.0,34.0,0.0,0.0,0.0,0.0
A_f1_move__baldwinian__s29,A_f1_move__baldwinian,A_f1_move,A,baldwinian,29,950,train,50,3.4,18,18,52.18642700508393,0.875,0.5,adaptive_move,0.575,0.05767942056735543,0.1308769893899202,289.0,0.0,0.0,469.0,117.0,0.0,0.0,0.0,54.0,0.0,0.0,28.0,21.0,0.0,0.0,0.0,0.0,0.0,0.0,28.0,0.0,0.0,0.0,0.0
A_f1_move__baldwinian__s29,A_f1_move__baldwinian,A_f1_move,A,baldwinian,29,1000,train,50,3.5,17,17,62.77907626814028,0.875,0.5,adaptive_move,0.4625,0.07852474253248679,0.15378543814433,266.0,0.0,0.0,400.0,140.0,0.0,0.0,0.0,49.0,0.0,0.0,24.0,21.0,0.0,0.0,0.0,0.0,0.0,0.0,24.0,0.0,0.0,0.0,0.0
A_f1_move__baldwinian__s29,A_f1_move__baldwinian,A_f1_move,A,baldwinian,29,1050,train,50,3.56,15,15,91.29215602090049,0.8125,0.5,adaptive_move,0.56875,0.05347620406789255,0.12084737196765505,493.0,0.0,0.0,452.0,139.0,0.0,0.0,0.0,48.0,0.0,0.0,30.0,26.0,0.0,0.0,0.0,0.0,0.0,0.0,30.0,0.0,0.0,0.0,0.0
A_f1_move__baldwinian__s29,A_f1_move__baldwinian,A_f1_move,A,baldwinian,29,1100,train,50,3.92,21,21,76.54990223014923,0.8541666666666666,0.5,adaptive_move,0.54375,0.055148695460681234,0.10480436288088613,307.0,0.0,0.0,428.0,74.0,0.0,0.0,0.0,55.0,0.0,0.0,22.0,23.0,0.0,0.0,0.0,0.0,0.0,0.0,22.0,0.0,0.0,0.0,0.0
A_f1_move__baldwinian__s29,A_f1_move__baldwinian,A_f1_move,A,baldwinian,29,1150,train,50,4.16,21,21,73.08000025099149,0.875,0.5,adaptive_move,0.5875,0.08344644695991285,0.15218588082901552,321.0,0.0,0.0,526.0,130.0,0.0,0.0,0.0,40.0,0.0,0.0,39.0,20.0,0.0,0.0,0.0,0.0,0.0,0.0,39.0,0.0,0.0,0.0,0.0
A_f1_move__baldwinian__s29,A_f1_move__baldwinian,A_f1_move,A,baldwinian,29,1200,train,42,4.309523809523809,14,22,65.97784052601897,0.8958333333333334,0.5,adaptive_move,0.49375,0.06950540492426865,0.12859416890080433,250.0,0.0,0.0,332.0,81.0,0.0,0.0,0.0,56.0,0.0,0.0,27.0,22.0,0.0,0.0,0.0,0.0,0.0,0.0,27.0,0.0,0.0,0.0,0.0
A_f1_move__baldwinian__s29,A_f1_move__baldwinian,A_f1_move,A,baldwinian,29,1250,train,35,4.514285714285714,11,18,97.81397711261363,0.8541666666666666,0.5,adaptive_move,0.5125,0.053970678650571126,0.1213527628032347,278.0,0.0,0.0,326.0,56.0,0.0,0.0,0.0,50.0,0.0,0.0,26.0,21.0,0.0,0.0,0.0,0.0,0.0,0.0,26.0,0.0,0.0,0.0,0.0
A_f1_move__baldwinian__s29,A_f1_move__baldwinian,A_f1_move,A,baldwinian,29,1300,train,41,4.658536585365853,14,8,90.2767398011573,0.8541666666666666,0.5,adaptive_move,0.5625,0.05080509810309289,0.11101883561643833,251.0,0.0,0.0,334.0,70.0,0.0,0.0,0.0,45.0,0.0,0.0,26.0,29.0,0.0,0.0,0.0,0.0,0.0,0.0,26.0,0.0,0.0,0.0,0.0
A_f1_move__baldwinian__s29,A_f1_move__baldwinian,A_f1_move,A,baldwinian,29,1350,train,48,5.0625,19,12,82.36025733955319,0.8958333333333334,0.5,adaptive_move,0.55,0.06337397917981968,0.11150412087912098,327.0,0.0,0.0,374.0,100.0,0.0,0.0,0.0,68.0,0.0,0.0,23.0,26.0,0.0,0.0,0.0,0.0,0.0,0.0,23.0,0.0,0.0,0.0,0.0
A_f1_move__baldwinian__s29,A_f1_move__baldwinian,A_f1_move,A,baldwinian,29,1400,train,50,5.34,16,14,82.03341506669567,0.8541666666666666,0.5,adaptive_move,0.59375,0.08435771390851425,0.1484742167101829,343.0,0.0,0.0,358.0,105.0,0.0,0.0,0.0,48.0,0.0,0.0,34.0,18.0,0.0,0.0,0.0,0.0,0.0,0.0,34.0,0.0,0.0,0.0,0.0
A_f1_move__baldwinian__s29,A_f1_move__baldwinian,A_f1_move,A,baldwinian,29,1450,train,50,5.5,16,16,98.36687751769455,0.8125,0.5,adaptive_move,0.5125,0.08538834377063441,0.15467538759689914,318.0,0.0,0.0,486.0,140.0,0.0,0.0,0.0,45.0,0.0,0.0,32.0,20.0,0.0,0.0,0.0,0.0,0.0,0.0,32.0,0.0,0.0,0.0,0.0
A_f1_move__baldwinian__s29,A_f1_move__baldwinian,A_f1_move,A,baldwinian,29,1500,train,50,5.6,19,19,77.8038538025089,0.8541666666666666,0.5,adaptive_move,0.5375,0.09503270668733953,0.17650808457711453,345.0,0.0,0.0,355.0,116.0,0.0,0.0,0.0,64.0,0.0,0.0,22.0,30.0,0.0,0.0,0.0,0.0,0.0,0.0,22.0,0.0,0.0,0.0,0.0
A_f1_move__baldwinian__s29,A_f1_move__baldwinian,A_f1_move,A,baldwinian,29,1550,eval,42,5.809523809523809,13,21,175.3216102017625,0.6458333333333334,0.5,adaptive_move,0.475,0.0,0.0,366.0,0.0,0.0,291.0,12.0,0.0,0.0,37.0,54.0,0.0,0.0,27.0,1.0,0.0,0.0,4.0,0.0,0.0,0.0,27.0,0.0,0.0,0.0,4.0
A_f1_move__baldwinian__s29,A_f1_move__baldwinian,A_f1_move,A,baldwinian,29,1600,eval,50,5.9,23,15,123.99790019779799,0.7083333333333334,0.5,adaptive_move,0.465,0.0,0.0,325.0,0.0,0.0,433.0,97.0,0.0,0.0,54.0,31.0,0.0,0.0,34.0,21.0,0.0,0.0,5.0,0.0,0.0,0.0,34.0,0.0,0.0,0.0,5.0
A_f1_move__baldwinian__s29,A_f1_move__baldwinian,A_f1_move,A,baldwinian,29,1650,eval,50,6.34,21,21,136.07833615032553,0.7708333333333334,0.5,adaptive_move,0.5,0.0,0.0,543.0,0.0,0.0,396.0,70.0,0.0,0.0,32.0,66.0,0.0,0.0,21.0,6.0,0.0,0.0,10.0,0.0,0.0,0.0,21.0,0.0,0.0,0.0,10.0
A_f1_move__baldwinian__s29,A_f1_move__baldwinian,A_f1_move,A,baldwinian,29,1700,eval,50,6.42,23,23,150.3601808133863,0.6458333333333334,0.5,adaptive_move,0.52,0.0,0.0,401.0,0.0,0.0,478.0,44.0,0.0,0.0,41.0,19.0,0.0,0.0,38.0,9.0,0.0,0.0,6.0,0.0,0.0,0.0,38.0,0.0,0.0,0.0,6.0
A_f1_move__baldwinian__s29,A_f1_move__baldwinian,A_f1_move,A,baldwinian,29,1750,eval,50,6.84,18,18,169.07390256978366,0.625,0.5,adaptive_move,0.47,0.0,0.0,624.0,0.0,0.0,342.0,35.0,0.0,0.0,39.0,47.0,0.0,0.0,26.0,5.0,0.0,0.0,1.0,0.0,0.0,0.0,26.0,0.0,0.0,0.0,1.0
A_f1_move__baldwinian__s29,A_f1_move__baldwinian,A_f1_move,A,baldwinian,29,1800,eval,50,6.76,11,11,242.28304905125052,0.2708333333333333,0.5,adaptive_move,0.505,0.0,0.0,724.0,0.0,0.0,421.0,105.0,0.0,0.0,153.0,21.0,0.0,0.0,19.0,5.0,0.0,0.0,9.0,0.0,0.0,0.0,19.0,0.0,0.0,0.0,9.0
A_f1_move__baldwinian__s30,A_f1_move__baldwinian,A_f1_move,A,baldwinian,30,50,train,50,0.7,30,0,144.00461809057353,0.7083333333333334,0.5,adaptive_move,0.5,0.045753067144974395,0.08780984419263427,144.0,0.0,0.0,277.0,102.0,0.0,0.0,0.0,27.0,0.0,0.0,35.0,24.0,0.0,0.0,0.0,0.0,0.0,0.0,35.0,0.0,0.0,0.0,0.0
A_f1_move__baldwinian__s30,A_f1_move__baldwinian,A_f1_move,A,baldwinian,30,100,train,50,0.74,9,9,70.53613085525183,0.8541666666666666,0.5,adaptive_move,0.54375,0.06461178902265638,0.132097739361702,303.0,0.0,0.0,356.0,114.0,0.0,0.0,0.0,51.0,0.0,0.0,34.0,18.0,0.0,0.0,0.0,0.0,0.0,0.0,34.0,0.0,0.0,0.0,0.0
A_f1_move__baldwinian__s30,A_f1_move__baldwinian,A_f1_move,A,baldwinian,30,150,train,50,0.82,12,12,101.74619209640991,0.7291666666666666,0.5,adaptive_move,0.54375,0.0823589980357363,0.16453598484848486,376.0,0.0,0.0,552.0,51.0,0.0,0.0,0.0,52.0,0.0,0.0,34.0,14.0,0.0,0.0,0.0,0.0,0.0,0.0,34.0,0.0,0.0,0.0,0.0
A_f1_move__baldwinian__s30,A_f1_move__baldwinian,A_f1_move,A,baldwinian,30,200,train,50,0.88,10,10,108.94129835449294,0.6875,0.5,adaptive_move,0.55,0.08982374246102301,0.1669191919191919,506.0,0.0,0.0,529.0,146.0,0.0,0.0,0.0,42.0,0.0,0.0,27.0,24.0,0.0,0.0,0.0,0.0,0.0,0.0,27.0,0.0,0.0,0.0,0.0
A_f1_move__baldwinian__s30,A_f1_move__baldwinian,A_f1_move,A,baldwinian,30,250,train,50,0.98,14,14,119.91462290450362,0.7291666666666666,0.5,adaptive_move,0.525,0.11405426549168679,0.19316453771289543,458.0,0.0,0.0,670.0,93.0,0.0,0.0,0.0,47.0,0.0,0.0,45.0,16.0,0.0,0.0,0.0,0.0,0.0,0.0,45.0,0.0,0.0,0.0,0.0
A_f1_move__baldwinian__s30,A_f1_move__baldwinian,A_f1_move,A,baldwinian,30,300,train,50,0.9,18,18,95.46788784700448,0.8333333333333334,0.5,adaptive_move,0.6,0.10613344614524776,0.18845507334963307,362.0,0.0,0.0,557.0,100.0,0.0,0.0,0.0,54.0,0.0,0.0,33.0,17.0,0.0,0.0,0.0,0.0,0.0,0.0,33.0,0.0,0.0,0.0,0.0
A_f1_move__baldwinian__s30,A_f1_move__baldwinian,A_f1_move,A,baldwinian,30,350,train,50,0.88,7,7,78.80526120378653,0.8125,0.5,adaptive_move,0.525,0.04787740766281649,0.10166666666666657,381.0,0.0,0.0,448.0,127.0,0.0,0.0,0.0,41.0,0.0,0.0,26.0,22.0,0.0,0.0,0.0,0.0,0.0,0.0,26.0,0.0,0.0,0.0,0.0
A_f1_move__baldwinian__s30,A_f1_move__baldwinian,A_f1_move,A,baldwinian,30,400,train,50,0.92,18,18,98.1585407087579,0.8125,0.5,adaptive_move,0.50625,0.09925998124479281,0.1919921874999999,511.0,0.0,0.0,528.0,66.0,0.0,0.0,0.0,43.0,0.0,0.0,41.0,16.0,0.0,0.0,0.0,0.0,0.0,0.0,41.0,0.0,0.0,0.0,0.0
A_f1_move__baldwinian__s30,A_f1_move__baldwinian,A_f1_move,A,baldwinian,30,450,train,50,0.92,17,17,83.56705610306557,0.8541666666666666,0.5,adaptive_move,0.55625,0.08863273787685312,0.1730595386533662,394.0,0.0,0.0,450.0,98.0,0.0,0.0,0.0,53.0,0.0,0.0,35.0,28.0,0.0,0.0,0.0,0.0,0.0,0.0,35.0,0.0,0.0,0.0,0.0
A_f1_move__baldwinian__s30,A_f1_move__baldwinian,A_f1_move,A,baldwinian,30,500,train,48,1.2291666666666667,17,19,81.86397958439551,0.7708333333333334,0.5,adaptive_move,0.525,0.06681814003157803,0.13757420844327184,424.0,0.0,0.0,510.0,69.0,0.0,0.0,0.0,55.0,0.0,0.0,28.0,27.0,0.0,0.0,0.0,0.0,0.0,0.0,28.0,0.0,0.0,0.0,0.0
A_f1_move__baldwinian__s30,A_f1_move__baldwinian,A_f1_move,A,baldwinian,30,550,train,50,1.64,22,20,123.05129273158786,0.7083333333333334,0.5,adaptive_move,0.58125,0.0867395300166542,0.1652294303797468,427.0,0.0,0.0,320.0,51.0,0.0,0.0,0.0,51.0,0.0,0.0,23.0,13.0,0.0,0.0,0.0,0.0,0.0,0.0,23.0,0.0,0.0,0.0,0.0
A_f1_move__baldwinian__s30,A_f1_move__baldwinian,A_f1_move,A,baldwinian,30,600,train,50,1.76,19,19,128.8522317436028,0.75,0.5,adaptive_move,0.50625,0.07036235828888018,0.13387632978723407,352.0,0.0,0.0,401.0,177.0,0.0,0.0,0.0,48.0,0.0,0.0,33.0,27.0,0.0,0.0,0.0,0.0,0.0,0.0,33.0,0.0,0.0,0.0,0.0
A_f1_move__baldwinian__s30,A_f1_move__baldwinian,A_f1_move,A,baldwinian,30,650,train,50,1.78,6,6,99.41233369542513,0.7291666666666666,0.5,adaptive_move,0.55625,0.0644147112465358,0.1410329634464753,399.0,0.0,0.0,397.0,172.0,0.0,0.0,0.0,59.0,0.0,0.0,21.0,23.0,0.0,0.0,0.0,0.0,0.0,0.0,21.0,0.0,0.0,0.0,0.0
A_f1_move__baldwinian__s30,A_f1_move__baldwinian,A_f1_move,A,baldwinian,30,700,train,50,1.76,14,14,80.95061765680632,0.8541666666666666,0.5,adaptive_move,0.58125,0.06696634262639778,0.14290959530026126,442.0,0.0,0.0,364.0,215.0,0.0,0.0,0.0,61.0,0.0,0.0,30.0,16.0,0.0,0.0,0.0,0.0,0.0,0.0,30.0,0.0,0.0,0.0,0.0
A_f1_move__baldwinian__s30,A_f1_move__baldwinian,A_f1_move,A,baldwinian,30,750,train,50,1.84,14,14,56.71001151256058,0.875,0.5,adaptive_move,0.55,0.0882936591918269,0.16358937659033068,286.0,0.0,0.0,396.0,127.0,0.0,0.0,0.0,58.0,0.0,0.0,28.0,21.0,0.0,0.0,0.0,0.0,0.0,0.0,28.0,0.0,0.0,0.0,0.0
A_f1_move__baldwinian__s30,A_f1_move__baldwinian,A_f1_move,A,baldwinian,30,800,train,50,1.96,14,14,138.1775413140416,0.6875,0.5,adaptive_move,0.56875,0.10792313682620733,0.19275877723970947,350.0,0.0,0.0,458.0,92.0,0.0,0.0,0.0,36.0,0.0,0.0,26.0,16.0,0.0,0.0,0.0,0.0,0.0,0.0,26.0,0.0,0.0,0.0,0.0
A_f1_move__baldwinian__s30,A_f1_move__baldwinian,A_f1_move,A,baldwinian,30,850,train,50,1.96,9,9,71.24978044667705,0.875,0.5,adaptive_move,0.575,0.07420547767141028,0.14555319843342063,396.0,0.0,0.0,455.0,93.0,0.0,0.0,0.0,70.0,0.0,0.0,25.0,26.0,0.0,0.0,0.0,0.0,0.0,0.0,25.0,0.0,0.0,0.0,0.0
A_f1_move__baldwinian__s30,A_f1_move__baldwinian,A_f1_move,A,baldwinian,30,900,train,50,1.96,20,20,99.98356103063678,0.7916666666666666,0.5,adaptive_move,0.5625,0.08626967277532863,0.16950971177944862,352.0,0.0,0.0,428.0,115.0,0.0,0.0,0.0,53.0,0.0,0.0,26.0,23.0,0.0,0.0,0.0,0.0,0.0,0.0,26.0,0.0,0.0,0.0,0.0
A_f1_move__baldwinian__s30,A_f1_move__baldwinian,A_f1_move,A,baldwinian,30,950,train,50,2.02,10,10,136.17394953025396,0.6875,0.5,adaptive_move,0.56875,0.10714605621797489,0.2008239311163893,330.0,0.0,0.0,271.0,95.0,0.0,0.0,0.0,45.0,0.0,0.0,19.0,27.0,0.0,0.0,0.0,0.0,0.0,0.0,19.0,0.0,0.0,0.0,0.0
A_f1_move__baldwinian__s30,A_f1_move__baldwinian,A_f1_move,A,baldwinian,30,1000,train,50,2.34,17,17,128.56873760629105,0.75,0.5,adaptive_move,0.5125,0.07058591014890403,0.14428035248041793,333.0,0.0,0.0,469.0,145.0,0.0,0.0,0.0,50.0,0.0,0.0,32.0,11.0,0.0,0.0,0.0,0.0,0.0,0.0,32.0,0.0,0.0,0.0,0.0
A_f1_move__baldwinian__s30,A_f1_move__baldwinian,A_f1_move,A,baldwinian,30,1050,train,50,2.6,20,20,91.93275488185186,0.8541666666666666,0.5,adaptive_move,0.55625,0.07794376476139381,0.15494055269922868,271.0,0.0,0.0,315.0,144.0,0.0,0.0,0.0,53.0,0.0,0.0,28.0,28.0,0.0,0.0,0.0,0.0,0.0,0.0,28.0,0.0,0.0,0.0,0.0
A_f1_move__baldwinian__s30,A_f1_move__baldwinian,A_f1_move,A,baldwinian,30,1100,train,50,2.7,18,18,123.44736952648319,0.6666666666666666,0.5,adaptive_move,0.5125,0.05671324933078137,0.11921578590785886,325.0,0.0,0.0,527.0,56.0,0.0,0.0,0.0,38.0,0.0,0.0,25.0,23.0,0.0,0.0,0.0,0.0,0.0,0.0,25.0,0.0,0.0,0.0,0.0
A_f1_move__baldwinian__s30,A_f1_move__baldwinian,A_f1_move,A,baldwinian,30,1150,train,50,2.7,13,13,59.53798741084458,0.8958333333333334,0.5,adaptive_move,0.55,0.07612705984124395,0.15400867609254498,382.0,0.0,0.0,448.0,65.0,0.0,0.0,0.0,57.0,0.0,0.0,33.0,19.0,0.0,0.0,0.0,0.0,0.0,0.0,33.0,0.0,0.0,0.0,0.0
A_f1_move__baldwinian__s30,A_f1_move__baldwinian,A_f1_move,A,baldwinian,30,1200,train,50,2.76,16,16,147.71453875995994,0.6458333333333334,0.5,adaptive_move,0.5625,0.0804541254117599,0.15309270025839794,396.0,0.0,0.0,395.0,72.0,0.0,0.0,0.0,47.0,0.0,0.0,31.0,15.0,0.0,0.0,0.0,0.0,0.0,0.0,31.0,0.0,0.0,0.0,0.0
A_f1_move__baldwinian__s30,A_f1_move__baldwinian,A_f1_move,A,baldwinian,30,1250,train,50,2.96,18,18,115.66224106022263,0.75,0.5,adaptive_move,0.575,0.06088191882572924,0.11715769754768401,476.0,0.0,0.0,354.0,72.0,0.0,0.0,0.0,57.0,0.0,0.0,20.0,30.0,0.0,0.0,0.0,0.0,0.0,0.0,20.0,0.0,0.0,0.0,0.0
A_f1_move__baldwinian__s30,A_f1_move__baldwinian,A_f1_move,A,baldwinian,30,1300,train,50,3.0,13,13,122.10578899929033,0.75,0.5,adaptive_move,0.525,0.0662197308267648,0.14001804461942258,401.0,0.0,0.0,528.0,79.0,0.0,0.0,0.0,58.0,0.0,0.0,39.0,19.0,0.0,0.0,0.0,0.0,0.0,0.0,39.0,0.0,0.0,0.0,0.0
A_f1_move__baldwinian__s30,A_f1_move__baldwinian,A_f1_move,A,baldwinian,30,1350,train,50,3.08,12,12,101.8541201671411,0.7916666666666666,0.5,adaptive_move,0.55,0.07777756772451688,0.1492288961038959,302.0,0.0,0.0,601.0,60.0,0.0,0.0,0.0,46.0,0.0,0.0,36.0,22.0,0.0,0.0,0.0,0.0,0.0,0.0,36.0,0.0,0.0,0.0,0.0
A_f1_move__baldwinian__s30,A_f1_move__baldwinian,A_f1_move,A,baldwinian,30,1400,train,50,3.28,17,17,96.23822288935744,0.8125,0.5,adaptive_move,0.56875,0.08352760709418734,0.15799679487179463,306.0,0.0,0.0,453.0,86.0,0.0,0.0,0.0,62.0,0.0,0.0,25.0,19.0,0.0,0.0,0.0,0.0,0.0,0.0,25.0,0.0,0.0,0.0,0.0
A_f1_move__baldwinian__s30,A_f1_move__baldwinian,A_f1_move,A,baldwinian,30,1450,train,50,3.48,12,12,84.80223199562147,0.8333333333333334,0.5,adaptive_move,0.53125,0.09248602137333489,0.1623724489795917,344.0,0.0,0.0,480.0,166.0,0.0,0.0,0.0,54.0,0.0,0.0,35.0,25.0,0.0,0.0,0.0,0.0,0.0,0.0,35.0,0.0,0.0,0.0,0.0
A_f1_move__baldwinian__s30,A_f1_move__baldwinian,A_f1_move,A,baldwinian,30,1500,train,50,3.74,15,15,81.79714860340898,0.8125,0.5,adaptive_move,0.51875,0.06466966816393391,0.13092499999999996,291.0,0.0,0.0,382.0,152.0,0.0,0.0,0.0,56.0,0.0,0.0,20.0,29.0,0.0,0.0,0.0,0.0,0.0,0.0,20.0,0.0,0.0,0.0,0.0
A_f1_move__baldwinian__s30,A_f1_move__baldwinian,A_f1_move,A,baldwinian,30,1550,eval,50,3.76,18,18,137.9574167146123,0.6458333333333334,0.5,adaptive_move,0.45,0.0,0.0,438.0,0.0,0.0,404.0,78.0,0.0,0.0,29.0,34.0,0.0,0.0,15.0,10.0,0.0,0.0,3.0,0.0,0.0,0.0,15.0,0.0,0.0,0.0,3.0
A_f1_move__baldwinian__s30,A_f1_move__baldwinian,A_f1_move,A,baldwinian,30,1600,eval,50,3.82,18,18,145.73450562717952,0.6875,0.5,adaptive_move,0.515,0.0,0.0,445.0,0.0,0.0,435.0,13.0,0.0,0.0,81.0,44.0,0.0,0.0,25.0,5.0,0.0,0.0,7.0,0.0,0.0,0.0,25.0,0.0,0.0,0.0,7.0
A_f1_move__baldwinian__s30,A_f1_move__baldwinian,A_f1_move,A,baldwinian,30,1650,eval,50,3.9,14,14,92.67757987269607,0.8125,0.5,adaptive_move,0.525,0.0,0.0,423.0,0.0,0.0,376.0,52.0,0.0,0.0,63.0,58.0,0.0,0.0,39.0,7.0,0.0,0.0,7.0,0.0,0.0,0.0,39.0,0.0,0.0,0.0,7.0
A_f1_move__baldwinian__s30,A_f1_move__baldwinian,A_f1_move,A,baldwinian,30,1700,eval,50,3.94,9,9,123.12160329068956,0.6666666666666666,0.5,adaptive_move,0.495,0.0,0.0,407.0,0.0,0.0,311.0,67.0,0.0,0.0,70.0,43.0,0.0,0.0,13.0,6.0,0.0,0.0,5.0,0.0,0.0,0.0,13.0,0.0,0.0,0.0,5.0
A_f1_move__baldwinian__s30,A_f1_move__baldwinian,A_f1_move,A,baldwinian,30,1750,eval,50,4.22,19,19,202.46169992642257,0.5,0.5,adaptive_move,0.475,0.0,0.0,388.0,0.0,0.0,499.0,75.0,0.0,0.0,65.0,34.0,0.0,0.0,30.0,9.0,0.0,0.0,5.0,0.0,0.0,0.0,30.0,0.0,0.0,0.0,5.0
A_f1_move__baldwinian__s30,A_f1_move__baldwinian,A_f1_move,A,baldwinian,30,1800,eval,50,4.18,4,4,198.6981611097969,0.4583333333333333,0.5,adaptive_move,0.48,0.0,0.0,615.0,0.0,0.0,439.0,97.0,0.0,0.0,149.0,44.0,0.0,0.0,25.0,6.0,0.0,0.0,4.0,0.0,0.0,0.0,25.0,0.0,0.0,0.0,4.0
