run_id,cell_id,condition,family,inheritance_mode,seed,window_end_tick,phase,population,mean_generation,births,deaths,total_stock,suppressed_fraction,coverage_realised,opportunities__train__m0__c0,opportunities__train__m0__c1,opportunities__train__m1__c0,opportunities__train__m1__c1,opportunities__heldout__m0__c0,opportunities__heldout__m0__c1,opportunities__heldout__m1__c0,opportunities__heldout__m1__c1,defections__train__m0__c0,defections__train__m0__c1,defections__train__m1__c0,defections__train__m1__c1,defections__heldout__m0__c0,defections__heldout__m0__c1,defections__heldout__m1__c0,defections__heldout__m1__c1,penalties__train__m0__c0,penalties__train__m0__c1,penalties__train__m1__c0,penalties__train__m1__c1,penalties__heldout__m0__c0,penalties__heldout__m0__c1,penalties__heldout__m1__c0,penalties__heldout__m1__c1
C0__lamarckian__s1,C0__lamarckian,C0,C0,lamarckian,1,50,train,50,0.74,30,0,66.30331202238818,0.875,0.0,454.0,0.0,0.0,0.0,71.0,0.0,0.0,0.0,90.0,0.0,0.0,0.0,21.0,0.0,0.0,0.0,0.0,0.0,0.0,0.0,0.0,0.0,0.0,0.0
C0__lamarckian__s1,C0__lamarckian,C0,C0,lamarckian,1,100,train,50,0.74,1,1,39.53727278924098,0.9791666666666666,0.0,292.0,0.0,0.0,0.0,114.0,0.0,0.0,0.0,84.0,0.0,0.0,0.0,16.0,0.0,0.0,0.0,0.0,0.0,0.0,0.0,0.0,0.0,0.0,0.0
C0__lamarckian__s1,C0__lamarckian,C0,C0,lamarckian,1,150,train,50,0.7,7,7,60.349017745260724,0.8958333333333334,0.0,353.0,0.0,0.0,0.0,106.0,0.0,0.0,0.0,94.0,0.0,0.0,0.0,18.0,0.0,0.0,0.0,0.0,0.0,0.0,0.0,0.0,0.0,0.0,0.0
C0__lamarckian__s1,C0__lamarckian,C0,C0,lamarckian,1,200,train,50,0.84,11,11,26.588342032460545,1.0,0.0,334.0,0.0,0.0,0.0,79.0,0.0,0.0,0.0,105.0,0.0,0.0,0.0,18.0,0.0,0.0,0.0,0.0,0.0,0.0,0.0,0.0,0.0,0.0,0.0
C0__lamarckian__s1,C0__lamarckian,C0,C0,lamarckian,1,250,train,50,0.92,7,7,45.28337575153881,0.9166666666666666,0.0,265.0,0.0,0.0,0.0,48.0,0.0,0.0,0.0,92.0,0.0,0.0,0.0,20.0,0.0,0.0,0.0,0.0,0.0,0.0,0.0,0.0,0.0,0.0,0.0
C0__lamarckian__s1,C0__lamarckian,C0,C0,lamarckian,1,300,train,50,1.16,11,11,35.35470175380297,0.9791666666666666,0.0,248.0,0.0,0.0,0.0,33.0,0.0,0.0,0.0,102.0,0.0,0.0,0.0,19.0,0.0,0.0,0.0,0.0,0.0,0.0,0.0,0.0,0.0,0.0,0.0
C0__lamarckian__s1,C0__lamarckian,C0,C0,lamarckian,1,350,train,49,1.2040816326530612,7,8,40.416242675544844,0.9375,0.0,228.0,0.0,0.0,0.0,24.0,0.0,0.0,0.0,87.0,0.0,0.0,0.0,21.0,0.0,0.0,0.0,0.0,0.0,0.0,0.0,0.0,0.0,0.0,0.0
C0__lamarckian__s1,C0__lamarckian,C0,C0,lamarckian,1,400,train,45,1.2222222222222223,4,8,46.72421297332962,0.9375,0.0,165.0,0.0,0.0,0.0,38.0,0.0,0.0,0.0,85.0,0.0,0.0,0.0,22.0,0.0,0.0,0.0,0.0,0.0,0.0,0.0,0.0,0.0,0.0,0.0
C0__lamarckian__s1,C0__lamarckian,C0,C0,lamarckian,1,450,train,38,1.0789473684210527,4,11,33.90488075629496,1.0,0.0,160.0,0.0,0.0,0.0,56.0,0.0,0.0,0.0,83.0,0.0,0.0,0.0,21.0,0.0,0.0,0.0,0.0,0.0,0.0,0.0,0.0,0.0,0.0,0.0
C0__lamarckian__s1,C0__lamarckian,C0,C0,lamarckian,1,500,train,31,1.4516129032258065,5,12,38.86548471720648,0.9375,0.0,213.0,0.0,0.0,0.0,51.0,0.0,0.0,0.0,118.0,0.0,0.0,0.0,24.0,0.0,0.0,0.0,0.0,0.0,0.0,0.0,0.0,0.0,0.0,0.0
C0__lamarckian__s1,C0__lamarckian,C0,C0,lamarckian,1,550,train,31,1.6451612903225807,4,4,68.6521133723098,0.8958333333333334,0.0,205.0,0.0,0.0,0.0,23.0,0.0,0.0,0.0,99.0,0.0,0.0,0.0,21.0,0.0,0.0,0.0,0.0,0.0,0.0,0.0,0.0,0.0,0.0,0.0
C0__lamarckian__s1,C0__lamarckian,C0,C0,lamarckian,1,600,train,38,1.8157894736842106,10,3,37.92348380007675,0.9791666666666666,0.0,197.0,0.0,0.0,0.0,47.0,0.0,0.0,0.0,112.0,0.0,0.0,0.0,24.0,0.0,0.0,0.0,0.0,0.0,0.0,0.0,0.0,0.0,0.0,0.0
C0__lamarckian__s1,C0__lamarckian,C0,C0,lamarckian,1,650,train,43,1.930232558139535,7,2,20.55918176526165,1.0,0.0,276.0,0.0,0.0,0.0,43.0,0.0,0.0,0.0,116.0,0.0,0.0,0.0,22.0,0.0,0.0,0.0,0.0,0.0,0.0,0.0,0.0,0.0,0.0,0.0
C0__lamarckian__s1,C0__lamarckian,C0,C0,lamarckian,1,700,train,41,2.073170731707317,4,6,31.940236957491013,1.0,0.0,241.0,0.0,0.0,0.0,35.0,0.0,0.0,0.0,114.0,0.0,0.0,0.0,19.0,0.0,0.0,0.0,0.0,0.0,0.0,0.0,0.0,0.0,0.0,0.0
C0__lamarckian__s1,C0__lamarckian,C0,C0,lamarckian,1,750,train,33,2.212121212121212,1,9,37.19910487279054,1.0,0.0,272.0,0.0,0.0,0.0,20.0,0.0,0.0,0.0,115.0,0.0,0.0,0.0,18.0,0.0,0.0,0.0,0.0,0.0,0.0,0.0,0.0,0.0,0.0,0.0
C0__lamarckian__s1,C0__lamarckian,C0,C0,lamarckian,1,800,train,29,2.3448275862068964,5,9,36.69551748077537,0.9791666666666666,0.0,256.0,0.0,0.0,0.0,26.0,0.0,0.0,0.0,127.0,0.0,0.0,0.0,22.0,0.0,0.0,0.0,0.0,0.0,0.0,0.0,0.0,0.0,0.0,0.0
C0__lamarckian__s1,C0__lamarckian,C0,C0,lamarckian,1,850,train,33,2.484848484848485,5,1,37.39889667612242,0.9583333333333334,0.0,248.0,0.0,0.0,0.0,25.0,0.0,0.0,0.0,119.0,0.0,0.0,0.0,15.0,0.0,0.0,0.0,0.0,0.0,0.0,0.0,0.0,0.0,0.0,0.0
C0__lamarckian__s1,C0__lamarckian,C0,C0,lamarckian,1,900,train,36,2.6944444444444446,5,2,39.544636549305054,0.9583333333333334,0.0,241.0,0.0,0.0,0.0,25.0,0.0,0.0,0.0,115.0,0.0,0.0,0.0,17.0,0.0,0.0,0.0,0.0,0.0,0.0,0.0,0.0,0.0,0.0,0.0
C0__lamarckian__s1,C0__lamarckian,C0,C0,lamarckian,1,950,train,38,2.8421052631578947,4,2,40.2619191970485,1.0,0.0,248.0,0.0,0.0,0.0,23.0,0.0,0.0,0.0,126.0,0.0,0.0,0.0,18.0,0.0,0.0,0.0,0.0,0.0,0.0,0.0,0.0,0.0,0.0,0.0
C0__lamarckian__s1,C0__lamarckian,C0,C0,lamarckian,1,1000,train,36,3.0,2,4,30.19851417889685,0.9791666666666666,0.0,219.0,0.0,0.0,0.0,46.0,0.0,0.0,0.0,122.0,0.0,0.0,0.0,25.0,0.0,0.0,0.0,0.0,0.0,0.0,0.0,0.0,0.0,0.0,0.0
C0__lamarckian__s1,C0__lamarckian,C0,C0,lamarckian,1,1050,train,38,3.1052631578947367,5,3,53.56840604869134,0.9375,0.0,228.0,0.0,0.0,0.0,40.0,0.0,0.0,0.0,127.0,0.0,0.0,0.0,16.0,0.0,0.0,0.0,0.0,0.0,0.0,0.0,0.0,0.0,0.0,0.0
C0__lamarckian__s1,C0__lamarckian,C0,C0,lamarckian,1,1100,train,33,3.393939393939394,2,7,32.12254115140861,0.9791666666666666,0.0,266.0,0.0,0.0,0.0,32.0,0.0,0.0,0.0,143.0,0.0,0.0,0.0,20.0,0.0,0.0,0.0,0.0,0.0,0.0,0.0,0.0,0.0,0.0,0.0
C0__lamarckian__s1,C0__lamarckian,C0,C0,lamarckian,1,1150,train,30,3.6,2,5,50.9049245533038,0.9791666666666666,0.0,235.0,0.0,0.0,0.0,71.0,0.0,0.0,0.0,127.0,0.0,0.0,0.0,24.0,0.0,0.0,0.0,0.0,0.0,0.0,0.0,0.0,0.0,0.0,0.0
C0__lamarckian__s1,C0__lamarckian,C0,C0,lamarckian,1,1200,train,29,3.9310344827586206,4,5,49.432578556429064,0.9375,0.0,287.0,0.0,0.0,0.0,66.0,0.0,0.0,0.0,137.0,0.0,0.0,0.0,21.0,0.0,0.0,0.0,0.0,0.0,0.0,0.0,0.0,0.0,0.0,0.0
C0__lamarckian__s1,C0__lamarckian,C0,C0,lamarckian,1,1250,train,34,4.264705882352941,7,2,61.44812697992637,0.9166666666666666,0.0,260.0,0.0,0.0,0.0,24.0,0.0,0.0,0.0,137.0,0.0,0.0,0.0,12.0,0.0,0.0,0.0,0.0,0.0,0.0,0.0,0.0,0.0,0.0,0.0
C0__lamarckian__s1,C0__lamarckian,C0,C0,lamarckian,1,1300,train,35,4.4,7,6,52.77053202085207,0.9166666666666666,0.0,239.0,0.0,0.0,0.0,54.0,0.0,0.0,0.0,122.0,0.0,0.0,0.0,33.0,0.0,0.0,0.0,0.0,0.0,0.0,0.0,0.0,0.0,0.0,0.0
C0__lamarckian__s1,C0__lamarckian,C0,C0,lamarckian,1,1350,train,35,4.714285714285714,4,4,23.138883479248793,1.0,0.0,285.0,0.0,0.0,0.0,49.0,0.0,0.0,0.0,136.0,0.0,0.0,0.0,24.0,0.0,0.0,0.0,0.0,0.0,0.0,0.0,0.0,0.0,0.0,0.0
C0__lamarckian__s1,C0__lamarckian,C0,C0,lamarckian,1,1400,train,30,4.933333333333334,2,7,33.30357565763347,0.9583333333333334,0.0,293.0,0.0,0.0,0.0,36.0,0.0,0.0,0.0,133.0,0.0,0.0,0.0,19.0,0.0,0.0,0.0,0.0,0.0,0.0,0.0,0.0,0.0,0.0,0.0
C0__lamarckian__s1,C0__lamarckian,C0,C0,lamarckian,1,1450,train,37,4.972972972972973,8,1,45.47798365468419,0.9375,0.0,254.0,0.0,0.0,0.0,36.0,0.0,0.0,0.0,131.0,0.0,0.0,0.0,21.0,0.0,0.0,0.0,0.0,0.0,0.0,0.0,0.0,0.0,0.0,0.0
C0__lamarckian__s1,C0__lamarckian,C0,C0,lamarckian,1,1500,train,36,4.972222222222222,5,6,45.41729858839765,0.9583333333333334,0.0,304.0,0.0,0.0,0.0,41.0,0.0,0.0,0.0,131.0,0.0,0.0,0.0,22.0,0.0,0.0,0.0,0.0,0.0,0.0,0.0,0.0,0.0,0.0,0.0
C0__lamarckian__s1,C0__lamarckian,C0,C0,lamarckian,1,1550,eval,34,5.176470588235294,3,5,39.25475930689465,0.9791666666666666,0.0,288.0,0.0,0.0,0.0,31.0,0.0,0.0,0.0,137.0,0.0,0.0,0.0,19.0,0.0,0.0,0.0,0.0,0.0,0.0,0.0,0.0,0.0,0.0,0.0
C0__lamarckian__s1,C0__lamarckian,C0,C0,lamarckian,1,1600,eval,32,5.1875,3,5,40.06156351512866,0.9583333333333334,0.0,292.0,0.0,0.0,0.0,35.0,0.0,0.0,0.0,127.0,0.0,0.0,0.0,19.0,0.0,0.0,0.0,0.0,0.0,0.0,0.0,0.0,0.0,0.0,0.0
C0__lamarckian__s1,C0__lamarckian,C0,C0,lamarckian,1,1650,eval,30,5.333333333333333,3,5,46.24808369672823,0.9375,0.0,270.0,0.0,0.0,0.0,41.0,0.0,0.0,0.0,136.0,0.0,0.0,0.0,18.0,0.0,0.0,0.0,0.0,0.0,0.0,0.0,0.0,0.0,0.0,0.0
C0__lamarckian__s1,C0__lamarckian,C0,C0,lamarckian,1,1700,eval,32,5.59375,7,5,30.294613059533532,1.0,0.0,253.0,0.0,0.0,0.0,69.0,0.0,0.0,0.0,125.0,0.0,0.0,0.0,27.0,0.0,0.0,0.0,0.0,0.0,0.0,0.0,0.0,0.0,0.0,0.0
C0__lamarckian__s1,C0__lamarckian,C0,C0,lamarckian,1,1750,eval,28,5.535714285714286,1,5,38.40099001303106,0.9791666666666666,0.0,237.0,0.0,0.0,0.0,63.0,0.0,0.0,0.0,127.0,0.0,0.0,0.0,19.0,0.0,0.0,0.0,0.0,0.0,0.0,0.0,0.0,0.0,0.0,0.0
C0__lamarckian__s1,C0__lamarckian,C0,C0,lamarckian,1,1800,eval,32,6.0,8,4,40.87110605023191,0.9375,0.0,274.0,0.0,0.0,0.0,38.0,0.0,0.0,0.0,136.0,0.0,0.0,0.0,19.0,0.0,0.0,0.0,0.0,0.0,0.0,0.0,0.0,0.0,0.0,0.0
C0__lamarckian__s2,C0__lamarckian,C0,C0,lamarckian,2,50,train,50,0.7,30,0,99.12720733341298,0.7708333333333334,0.0,246.0,0.0,0.0,0.0,63.0,0.0,0.0,0.0,73.0,0.0,0.0,0.0,26.0,0.0,0.0,0.0,0.0,0.0,0.0,0.0,0.0,0.0,0.0,0.0
C0__lamarckian__s2,C0__lamarckian,C0,C0,lamarckian,2,100,train,50,0.74,4,4,42.62460125028434,0.9791666666666666,0.0,338.0,0.0,0.0,0.0,119.0,0.0,0.0,0.0,83.0,0.0,0.0,0.0,28.0,0.0,0.0,0.0,0.0,0.0,0.0,0.0,0.0,0.0,0.0,0.0
C0__lamarckian__s2,C0__lamarckian,C0,C0,lamarckian,2,150,train,50,0.76,8,8,53.36345050172426,0.9375,0.0,426.0,0.0,0.0,0.0,39.0,0.0,0.0,0.0,89.0,0.0,0.0,0.0,20.0,0.0,0.0,0.0,0.0,0.0,0.0,0.0,0.0,0.0,0.0,0.0
C0__lamarckian__s2,C0__lamarckian,C0,C0,lamarckian,2,200,train,50,0.78,7,7,33.97735072512524,0.9583333333333334,0.0,314.0,0.0,0.0,0.0,36.0,0.0,0.0,0.0,79.0,0.0,0.0,0.0,26.0,0.0,0.0,0.0,0.0,0.0,0.0,0.0,0.0,0.0,0.0,0.0
C0__lamarckian__s2,C0__lamarckian,C0,C0,lamarckian,2,250,train,50,0.92,7,7,47.72955853107612,0.9583333333333334,0.0,364.0,0.0,0.0,0.0,61.0,0.0,0.0,0.0,90.0,0.0,0.0,0.0,22.0,0.0,0.0,0.0,0.0,0.0,0.0,0.0,0.0,0.0,0.0,0.0
C0__lamarckian__s2,C0__lamarckian,C0,C0,lamarckian,2,300,train,50,1.0,4,4,31.11401690508429,1.0,0.0,316.0,0.0,0.0,0.0,91.0,0.0,0.0,0.0,86.0,0.0,0.0,0.0,26.0,0.0,0.0,0.0,0.0,0.0,0.0,0.0,0.0,0.0,0.0,0.0
C0__lamarckian__s2,C0__lamarckian,C0,C0,lamarckian,2,350,train,47,1.127659574468085,6,9,36.19781247852945,0.9375,0.0,208.0,0.0,0.0,0.0,76.0,0.0,0.0,0.0,83.0,0.0,0.0,0.0,23.0,0.0,0.0,0.0,0.0,0.0,0.0,0.0,0.0,0.0,0.0,0.0
C0__lamarckian__s2,C0__lamarckian,C0,C0,lamarckian,2,400,train,48,1.3125,7,6,23.560970540857,1.0,0.0,249.0,0.0,0.0,0.0,118.0,0.0,0.0,0.0,99.0,0.0,0.0,0.0,26.0,0.0,0.0,0.0,0.0,0.0,0.0,0.0,0.0,0.0,0.0,0.0
C0__lamarckian__s2,C0__lamarckian,C0,C0,lamarckian,2,450,train,45,1.4222222222222223,3,6,28.488853916673342,1.0,0.0,232.0,0.0,0.0,0.0,110.0,0.0,0.0,0.0,95.0,0.0,0.0,0.0,33.0,0.0,0.0,0.0,0.0,0.0,0.0,0.0,0.0,0.0,0.0,0.0
C0__lamarckian__s2,C0__lamarckian,C0,C0,lamarckian,2,500,train,34,1.8235294117647058,3,14,24.783828042642675,1.0,0.0,223.0,0.0,0.0,0.0,97.0,0.0,0.0,0.0,91.0,0.0,0.0,0.0,31.0,0.0,0.0,0.0,0.0,0.0,0.0,0.0,0.0,0.0,0.0,0.0
C0__lamarckian__s2,C0__lamarckian,C0,C0,lamarckian,2,550,train,24,2.0833333333333335,1,11,60.40448391751207,0.9166666666666666,0.0,219.0,0.0,0.0,0.0,48.0,0.0,0.0,0.0,86.0,0.0,0.0,0.0,22.0,0.0,0.0,0.0,0.0,0.0,0.0,0.0,0.0,0.0,0.0,0.0
C0__lamarckian__s2,C0__lamarckian,C0,C0,lamarckian,2,600,train,32,2.5,9,1,48.49136954845578,0.9375,0.0,270.0,0.0,0.0,0.0,38.0,0.0,0.0,0.0,117.0,0.0,0.0,0.0,24.0,0.0,0.0,0.0,0.0,0.0,0.0,0.0,0.0,0.0,0.0,0.0
C0__lamarckian__s2,C0__lamarckian,C0,C0,lamarckian,2,650,train,36,2.888888888888889,8,4,48.76187719799811,0.9791666666666666,0.0,218.0,0.0,0.0,0.0,49.0,0.0,0.0,0.0,113.0,0.0,0.0,0.0,22.0,0.0,0.0,0.0,0.0,0.0,0.0,0.0,0.0,0.0,0.0,0.0
C0__lamarckian__s2,C0__lamarckian,C0,C0,lamarckian,2,700,train,36,3.111111111111111,4,4,38.49109384056163,0.9791666666666666,0.0,196.0,0.0,0.0,0.0,77.0,0.0,0.0,0.0,96.0,0.0,0.0,0.0,33.0,0.0,0.0,0.0,0.0,0.0,0.0,0.0,0.0,0.0,0.0,0.0
C0__lamarckian__s2,C0__lamarckian,C0,C0,lamarckian,2,750,train,37,3.27027027027027,4,3,36.15734552291282,0.9583333333333334,0.0,249.0,0.0,0.0,0.0,54.0,0.0,0.0,0.0,113.0,0.0,0.0,0.0,32.0,0.0,0.0,0.0,0.0,0.0,0.0,0.0,0.0,0.0,0.0,0.0
C0__lamarckian__s2,C0__lamarckian,C0,C0,lamarckian,2,800,train,34,3.4705882352941178,3,6,49.46854626150929,0.9791666666666666,0.0,199.0,0.0,0.0,0.0,43.0,0.0,0.0,0.0,101.0,0.0,0.0,0.0,23.0,0.0,0.0,0.0,0.0,0.0,0.0,0.0,0.0,0.0,0.0,0.0
C0__lamarckian__s2,C0__lamarckian,C0,C0,lamarckian,2,850,train,36,3.611111111111111,5,3,26.773068755581924,1.0,0.0,213.0,0.0,0.0,0.0,44.0,0.0,0.0,0.0,121.0,0.0,0.0,0.0,30.0,0.0,0.0,0.0,0.0,0.0,0.0,0.0,0.0,0.0,0.0,0.0
C0__lamarckian__s2,C0__lamarckian,C0,C0,lamarckian,2,900,train,32,3.8125,4,8,58.447592901018794,0.9375,0.0,194.0,0.0,0.0,0.0,28.0,0.0,0.0,0.0,104.0,0.0,0.0,0.0,21.0,0.0,0.0,0.0,0.0,0.0,0.0,0.0,0.0,0.0,0.0,0.0
C0__lamarckian__s2,C0__lamarckian,C0,C0,lamarckian,2,950,train,37,3.891891891891892,6,1,33.379549680368925,0.9791666666666666,0.0,182.0,0.0,0.0,0.0,32.0,0.0,0.0,0.0,114.0,0.0,0.0,0.0,24.0,0.0,0.0,0.0,0.0,0.0,0.0,0.0,0.0,0.0,0.0,0.0
C0__lamarckian__s2,C0__lamarckian,C0,C0,lamarckian,2,1000,train,39,4.0,4,2,29.252650219166256,1.0,0.0,196.0,0.0,0.0,0.0,35.0,0.0,0.0,0.0,107.0,0.0,0.0,0.0,26.0,0.0,0.0,0.0,0.0,0.0,0.0,0.0,0.0,0.0,0.0,0.0
C0__lamarckian__s2,C0__lamarckian,C0,C0,lamarckian,2,1050,train,38,4.105263157894737,2,3,33.01171100472983,1.0,0.0,237.0,0.0,0.0,0.0,32.0,0.0,0.0,0.0,119.0,0.0,0.0,0.0,20.0,0.0,0.0,0.0,0.0,0.0,0.0,0.0,0.0,0.0,0.0,0.0
C0__lamarckian__s2,C0__lamarckian,C0,C0,lamarckian,2,1100,train,32,4.375,4,10,50.6935561697218,1.0,0.0,211.0,0.0,0.0,0.0,28.0,0.0,0.0,0.0,97.0,0.0,0.0,0.0,24.0,0.0,0.0,0.0,0.0,0.0,0.0,0.0,0.0,0.0,0.0,0.0
C0__lamarckian__s2,C0__lamarckian,C0,C0,lamarckian,2,1150,train,30,5.0,5,7,41.33147729609051,0.9791666666666666,0.0,264.0,0.0,0.0,0.0,25.0,0.0,0.0,0.0,139.0,0.0,0.0,0.0,15.0,0.0,0.0,0.0,0.0,0.0,0.0,0.0,0.0,0.0,0.0,0.0
C0__lamarckian__s2,C0__lamarckian,C0,C0,lamarckian,2,1200,train,32,5.15625,5,3,28.666270595761954,1.0,0.0,166.0,0.0,0.0,0.0,95.0,0.0,0.0,0.0,108.0,0.0,0.0,0.0,40.0,0.0,0.0,0.0,0.0,0.0,0.0,0.0,0.0,0.0,0.0,0.0
C0__lamarckian__s2,C0__lamarckian,C0,C0,lamarckian,2,1250,train,37,5.405405405405405,7,2,23.006521671673084,1.0,0.0,173.0,0.0,0.0,0.0,44.0,0.0,0.0,0.0,120.0,0.0,0.0,0.0,29.0,0.0,0.0,0.0,0.0,0.0,0.0,0.0,0.0,0.0,0.0,0.0
C0__lamarckian__s2,C0__lamarckian,C0,C0,lamarckian,2,1300,train,36,5.555555555555555,2,3,46.38750563166187,0.9583333333333334,0.0,193.0,0.0,0.0,0.0,46.0,0.0,0.0,0.0,103.0,0.0,0.0,0.0,31.0,0.0,0.0,0.0,0.0,0.0,0.0,0.0,0.0,0.0,0.0,0.0
C0__lamarckian__s2,C0__lamarckian,C0,C0,lamarckian,2,1350,train,33,5.696969696969697,2,5,38.902795753683144,1.0,0.0,194.0,0.0,0.0,0.0,38.0,0.0,0.0,0.0,109.0,0.0,0.0,0.0,23.0,0.0,0.0,0.0,0.0,0.0,0.0,0.0,0.0,0.0,0.0,0.0
C0__lamarckian__s2,C0__lamarckian,C0,C0,lamarckian,2,1400,train,35,6.085714285714285,5,3,46.25607430420489,0.9375,0.0,240.0,0.0,0.0,0.0,37.0,0.0,0.0,0.0,124.0,0.0,0.0,0.0,21.0,0.0,0.0,0.0,0.0,0.0,0.0,0.0,0.0,0.0,0.0,0.0
C0__lamarckian__s2,C0__lamarckian,C0,C0,lamarckian,2,1450,train,35,6.485714285714286,4,4,55.16349691820966,0.9583333333333334,0.0,176.0,0.0,0.0,0.0,29.0,0.0,0.0,0.0,97.0,0.0,0.0,0.0,22.0,0.0,0.0,0.0,0.0,0.0,0.0,0.0,0.0,0.0,0.0,0.0
C0__lamarckian__s2,C0__lamarckian,C0,C0,lamarckian,2,1500,train,36,6.638888888888889,4,3,57.77460421134992,0.9583333333333334,0.0,170.0,0.0,0.0,0.0,40.0,0.0,0.0,0.0,105.0,0.0,0.0,0.0,24.0,0.0,0.0,0.0,0.0,0.0,0.0,0.0,0.0,0.0,0.0,0.0
C0__lamarckian__s2,C0__lamarckian,C0,C0,lamarckian,2,1550,eval,37,6.756756756756757,2,1,35.33117340236387,1.0,0.0,237.0,0.0,0.0,0.0,71.0,0.0,0.0,0.0,122.0,0.0,0.0,0.0,33.0,0.0,0.0,0.0,0.0,0.0,0.0,0.0,0.0,0.0,0.0,0.0
C0__lamarckian__s2,C0__lamarckian,C0,C0,lamarckian,2,1600,eval,36,7.25,6,7,39.08614514195054,0.9791666666666666,0.0,264.0,0.0,0.0,0.0,49.0,0.0,0.0,0.0,108.0,0.0,0.0,0.0,33.0,0.0,0.0,0.0,0.0,0.0,0.0,0.0,0.0,0.0,0.0,0.0
C0__lamarckian__s2,C0__lamarckian,C0,C0,lamarckian,2,1650,eval,32,7.34375,1,5,41.33079268296093,0.9791666666666666,0.0,273.0,0.0,0.0,0.0,40.0,0.0,0.0,0.0,122.0,0.0,0.0,0.0,25.0,0.0,0.0,0.0,0.0,0.0,0.0,0.0,0.0,0.0,0.0,0.0
C0__lamarckian__s2,C0__lamarckian,C0,C0,lamarckian,2,1700,eval,32,7.625,8,8,35.131252139722335,0.9791666666666666,0.0,279.0,0.0,0.0,0.0,70.0,0.0,0.0,0.0,124.0,0.0,0.0,0.0,30.0,0.0,0.0,0.0,0.0,0.0,0.0,0.0,0.0,0.0,0.0,0.0
C0__lamarckian__s2,C0__lamarckian,C0,C0,lamarckian,2,1750,eval,32,7.75,3,3,36.12032846790267,0.9791666666666666,0.0,264.0,0.0,0.0,0.0,88.0,0.0,0.0,0.0,123.0,0.0,0.0,0.0,35.0,0.0,0.0,0.0,0.0,0.0,0.0,0.0,0.0,0.0,0.0,0.0
C0__lamarckian__s2,C0__lamarckian,C0,C0,lamarckian,2,1800,eval,32,8.0,3,3,37.703265075592725,0.9791666666666666,0.0,260.0,0.0,0.0,0.0,25.0,0.0,0.0,0.0,117.0,0.0,0.0,0.0,17.0,0.0,0.0,0.0,0.0,0.0,0.0,0.0,0.0,0.0,0.0,0.0
C0__lamarckian__s3,C0__lamarckian,C0,C0,lamarckian,3,50,train,50,0.8,30,0,35.17328372664036,0.9583333333333334,0.0,389.0,0.0,0.0,0.0,128.0,0.0,0.0,0.0,102.0,0.0,0.0,0.0,23.0,0.0,0.0,0.0,0.0,0.0,0.0,0.0,0.0,0.0,0.0,0.0
C0__lamarckian__s3,C0__lamarckian,C0,C0,lamarckian,3,100,train,50,0.8,1,1,41.8206845534079,1.0,0.0,365.0,0.0,0.0,0.0,66.0,0.0,0.0,0.0,76.0,0.0,0.0,0.0,14.0,0.0,0.0,0.0,0.0,0.0,0.0,0.0,0.0,0.0,0.0,0.0
C0__lamarckian__s3,C0__lamarckian,C0,C0,lamarckian,3,150,train,50,0.78,2,2,44.41600903595061,0.9583333333333334,0.0,330.0,0.0,0.0,0.0,147.0,0.0,0.0,0.0,93.0,0.0,0.0,0.0,20.0,0.0,0.0,0.0,0.0,0.0,0.0,0.0,0.0,0.0,0.0,0.0
C0__lamarckian__s3,C0__lamarckian,C0,C0,lamarckian,3,200,train,50,0.82,5,5,40.555652698432624,0.9375,0.0,385.0,0.0,0.0,0.0,112.0,0.0,0.0,0.0,98.0,0.0,0.0,0.0,24.0,0.0,0.0,0.0,0.0,0.0,0.0,0.0,0.0,0.0,0.0,0.0
C0__lamarckian__s3,C0__lamarckian,C0,C0,lamarckian,3,250,train,50,0.9,9,9,38.591610024460444,0.9375,0.0,347.0,0.0,0.0,0.0,82.0,0.0,0.0,0.0,96.0,0.0,0.0,0.0,23.0,0.0,0.0,0.0,0.0,0.0,0.0,0.0,0.0,0.0,0.0,0.0
C0__lamarckian__s3,C0__lamarckian,C0,C0,lamarckian,3,300,train,50,0.94,3,3,51.59056077618511,0.9583333333333334,0.0,345.0,0.0,0.0,0.0,53.0,0.0,0.0,0.0,100.0,0.0,0.0,0.0,19.0,0.0,0.0,0.0,0.0,0.0,0.0,0.0,0.0,0.0,0.0,0.0
C0__lamarckian__s3,C0__lamarckian,C0,C0,lamarckian,3,350,train,48,1.0416666666666667,4,6,27.504026880532003,1.0,0.0,354.0,0.0,0.0,0.0,73.0,0.0,0.0,0.0,117.0,0.0,0.0,0.0,28.0,0.0,0.0,0.0,0.0,0.0,0.0,0.0,0.0,0.0,0.0,0.0
C0__lamarckian__s3,C0__lamarckian,C0,C0,lamarckian,3,400,train,44,1.0227272727272727,2,6,27.092141293553503,0.9791666666666666,0.0,284.0,0.0,0.0,0.0,80.0,0.0,0.0,0.0,100.0,0.0,0.0,0.0,27.0,0.0,0.0,0.0,0.0,0.0,0.0,0.0,0.0,0.0,0.0,0.0
C0__lamarckian__s3,C0__lamarckian,C0,C0,lamarckian,3,450,train,43,1.0,4,5,44.44669404774882,0.9375,0.0,349.0,0.0,0.0,0.0,33.0,0.0,0.0,0.0,109.0,0.0,0.0,0.0,21.0,0.0,0.0,0.0,0.0,0.0,0.0,0.0,0.0,0.0,0.0,0.0
C0__lamarckian__s3,C0__lamarckian,C0,C0,lamarckian,3,500,train,32,1.53125,4,15,41.53459239834781,0.9583333333333334,0.0,356.0,0.0,0.0,0.0,28.0,0.0,0.0,0.0,115.0,0.0,0.0,0.0,19.0,0.0,0.0,0.0,0.0,0.0,0.0,0.0,0.0,0.0,0.0,0.0
C0__lamarckian__s3,C0__lamarckian,C0,C0,lamarckian,3,550,train,30,2.0,9,11,105.60570067207647,0.8333333333333334,0.0,251.0,0.0,0.0,0.0,39.0,0.0,0.0,0.0,91.0,0.0,0.0,0.0,21.0,0.0,0.0,0.0,0.0,0.0,0.0,0.0,0.0,0.0,0.0,0.0
C0__lamarckian__s3,C0__lamarckian,C0,C0,lamarckian,3,600,train,43,2.372093023255814,15,2,54.49000006152998,0.9166666666666666,0.0,262.0,0.0,0.0,0.0,35.0,0.0,0.0,0.0,117.0,0.0,0.0,0.0,20.0,0.0,0.0,0.0,0.0,0.0,0.0,0.0,0.0,0.0,0.0,0.0
C0__lamarckian__s3,C0__lamarckian,C0,C0,lamarckian,3,650,train,45,2.422222222222222,3,1,23.88004469569303,1.0,0.0,295.0,0.0,0.0,0.0,56.0,0.0,0.0,0.0,105.0,0.0,0.0,0.0,31.0,0.0,0.0,0.0,0.0,0.0,0.0,0.0,0.0,0.0,0.0,0.0
C0__lamarckian__s3,C0__lamarckian,C0,C0,lamarckian,3,700,train,43,2.5348837209302326,2,4,35.75023384291379,0.9791666666666666,0.0,330.0,0.0,0.0,0.0,58.0,0.0,0.0,0.0,101.0,0.0,0.0,0.0,31.0,0.0,0.0,0.0,0.0,0.0,0.0,0.0,0.0,0.0,0.0,0.0
C0__lamarckian__s3,C0__lamarckian,C0,C0,lamarckian,3,750,train,33,2.696969696969697,3,13,42.089755086718654,1.0,0.0,290.0,0.0,0.0,0.0,40.0,0.0,0.0,0.0,122.0,0.0,0.0,0.0,24.0,0.0,0.0,0.0,0.0,0.0,0.0,0.0,0.0,0.0,0.0,0.0
C0__lamarckian__s3,C0__lamarckian,C0,C0,lamarckian,3,800,train,34,2.7941176470588234,2,1,48.782318464834134,0.9791666666666666,0.0,270.0,0.0,0.0,0.0,62.0,0.0,0.0,0.0,125.0,0.0,0.0,0.0,27.0,0.0,0.0,0.0,0.0,0.0,0.0,0.0,0.0,0.0,0.0,0.0
C0__lamarckian__s3,C0__lamarckian,C0,C0,lamarckian,3,850,train,35,3.0,5,4,50.693191927239646,0.9583333333333334,0.0,303.0,0.0,0.0,0.0,42.0,0.0,0.0,0.0,110.0,0.0,0.0,0.0,25.0,0.0,0.0,0.0,0.0,0.0,0.0,0.0,0.0,0.0,0.0,0.0
C0__lamarckian__s3,C0__lamarckian,C0,C0,lamarckian,3,900,train,39,3.230769230769231,7,3,40.87105710969001,0.9791666666666666,0.0,252.0,0.0,0.0,0.0,75.0,0.0,0.0,0.0,117.0,0.0,0.0,0.0,26.0,0.0,0.0,0.0,0.0,0.0,0.0,0.0,0.0,0.0,0.0,0.0
C0__lamarckian__s3,C0__lamarckian,C0,C0,lamarckian,3,950,train,38,3.4473684210526314,2,3,35.682198520033054,1.0,0.0,261.0,0.0,0.0,0.0,95.0,0.0,0.0,0.0,124.0,0.0,0.0,0.0,28.0,0.0,0.0,0.0,0.0,0.0,0.0,0.0,0.0,0.0,0.0,0.0
C0__lamarckian__s3,C0__lamarckian,C0,C0,lamarckian,3,1000,train,38,3.5526315789473686,5,5,37.35476212994292,0.9791666666666666,0.0,318.0,0.0,0.0,0.0,73.0,0.0,0.0,0.0,117.0,0.0,0.0,0.0,35.0,0.0,0.0,0.0,0.0,0.0,0.0,0.0,0.0,0.0,0.0,0.0
C0__lamarckian__s3,C0__lamarckian,C0,C0,lamarckian,3,1050,train,33,3.8181818181818183,2,7,32.717327645467044,1.0,0.0,285.0,0.0,0.0,0.0,66.0,0.0,0.0,0.0,119.0,0.0,0.0,0.0,34.0,0.0,0.0,0.0,0.0,0.0,0.0,0.0,0.0,0.0,0.0,0.0
C0__lamarckian__s3,C0__lamarckian,C0,C0,lamarckian,3,1100,train,28,4.142857142857143,4,9,53.31028292694222,0.9583333333333334,0.0,217.0,0.0,0.0,0.0,44.0,0.0,0.0,0.0,119.0,0.0,0.0,0.0,28.0,0.0,0.0,0.0,0.0,0.0,0.0,0.0,0.0,0.0,0.0,0.0
C0__lamarckian__s3,C0__lamarckian,C0,C0,lamarckian,3,1150,train,29,4.344827586206897,4,3,41.978730626641415,0.9791666666666666,0.0,301.0,0.0,0.0,0.0,73.0,0.0,0.0,0.0,127.0,0.0,0.0,0.0,28.0,0.0,0.0,0.0,0.0,0.0,0.0,0.0,0.0,0.0,0.0,0.0
C0__lamarckian__s3,C0__lamarckian,C0,C0,lamarckian,3,1200,train,31,4.580645161290323,6,4,42.55046099854549,0.9583333333333334,0.0,277.0,0.0,0.0,0.0,60.0,0.0,0.0,0.0,121.0,0.0,0.0,0.0,24.0,0.0,0.0,0.0,0.0,0.0,0.0,0.0,0.0,0.0,0.0,0.0
C0__lamarckian__s3,C0__lamarckian,C0,C0,lamarckian,3,1250,train,34,4.823529411764706,6,3,39.83906597927216,0.9791666666666666,0.0,332.0,0.0,0.0,0.0,58.0,0.0,0.0,0.0,136.0,0.0,0.0,0.0,28.0,0.0,0.0,0.0,0.0,0.0,0.0,0.0,0.0,0.0,0.0,0.0
C0__lamarckian__s3,C0__lamarckian,C0,C0,lamarckian,3,1300,train,35,4.885714285714286,2,1,48.44211967465115,0.9791666666666666,0.0,321.0,0.0,0.0,0.0,45.0,0.0,0.0,0.0,138.0,0.0,0.0,0.0,25.0,0.0,0.0,0.0,0.0,0.0,0.0,0.0,0.0,0.0,0.0,0.0
C0__lamarckian__s3,C0__lamarckian,C0,C0,lamarckian,3,1350,train,36,4.972222222222222,6,5,39.70698559932753,0.9791666666666666,0.0,292.0,0.0,0.0,0.0,60.0,0.0,0.0,0.0,115.0,0.0,0.0,0.0,27.0,0.0,0.0,0.0,0.0,0.0,0.0,0.0,0.0,0.0,0.0,0.0
C0__lamarckian__s3,C0__lamarckian,C0,C0,lamarckian,3,1400,train,34,5.176470588235294,4,6,28.525116606772137,1.0,0.0,277.0,0.0,0.0,0.0,56.0,0.0,0.0,0.0,123.0,0.0,0.0,0.0,27.0,0.0,0.0,0.0,0.0,0.0,0.0,0.0,0.0,0.0,0.0,0.0
C0__lamarckian__s3,C0__lamarckian,C0,C0,lamarckian,3,1450,train,35,5.314285714285714,3,2,40.98075577006699,0.9791666666666666,0.0,273.0,0.0,0.0,0.0,64.0,0.0,0.0,0.0,122.0,0.0,0.0,0.0,31.0,0.0,0.0,0.0,0.0,0.0,0.0,0.0,0.0,0.0,0.0,0.0
C0__lamarckian__s3,C0__lamarckian,C0,C0,lamarckian,3,1500,train,33,5.636363636363637,3,5,37.52907554324662,0.9791666666666666,0.0,283.0,0.0,0.0,0.0,56.0,0.0,0.0,0.0,130.0,0.0,0.0,0.0,28.0,0.0,0.0,0.0,0.0,0.0,0.0,0.0,0.0,0.0,0.0,0.0
C0__lamarckian__s3,C0__lamarckian,C0,C0,lamarckian,3,1550,eval,36,5.805555555555555,4,1,43.51498103536626,0.9375,0.0,271.0,0.0,0.0,0.0,71.0,0.0,0.0,0.0,123.0,0.0,0.0,0.0,32.0,0.0,0.0,0.0,0.0,0.0,0.0,0.0,0.0,0.0,0.0,0.0
C0__lamarckian__s3,C0__lamarckian,C0,C0,lamarckian,3,1600,eval,35,6.0,4,5,18.799969745183432,1.0,0.0,340.0,0.0,0.0,0.0,46.0,0.0,0.0,0.0,140.0,0.0,0.0,0.0,25.0,0.0,0.0,0.0,0.0,0.0,0.0,0.0,0.0,0.0,0.0,0.0
C0__lamarckian__s3,C0__lamarckian,C0,C0,lamarckian,3,1650,eval,31,6.096774193548387,1,5,52.05887165121127,0.9375,0.0,320.0,0.0,0.0,0.0,40.0,0.0,0.0,0.0,119.0,0.0,0.0,0.0,27.0,0.0,0.0,0.0,0.0,0.0,0.0,0.0,0.0,0.0,0.0,0.0
C0__lamarckian__s3,C0__lamarckian,C0,C0,lamarckian,3,1700,eval,30,6.266666666666667,2,3,27.2940039030186,1.0,0.0,280.0,0.0,0.0,0.0,30.0,0.0,0.0,0.0,135.0,0.0,0.0,0.0,23.0,0.0,0.0,0.0,0.0,0.0,0.0,0.0,0.0,0.0,0.0,0.0
C0__lamarckian__s3,C0__lamarckian,C0,C0,lamarckian,3,1750,eval,27,6.407407407407407,2,5,50.85347980260369,0.9375,0.0,230.0,0.0,0.0,0.0,28.0,0.0,0.0,0.0,109.0,0.0,0.0,0.0,20.0,0.0,0.0,0.0,0.0,0.0,0.0,0.0,0.0,0.0,0.0,0.0
C0__lamarckian__s3,C0__lamarckian,C0,C0,lamarckian,3,1800,eval,32,6.78125,7,2,36.9771482188812,1.0,0.0,274.0,0.0,0.0,0.0,64.0,0.0,0.0,0.0,123.0,0.0,0.0,0.0,26.0,0.0,0.0,0.0,0.0,0.0,0.0,0.0,0.0,0.0,0.0,0.0
C0__lamarckian__s4,C0__lamarckian,C0,C0,lamarckian,4,50,train,50,0.78,30,0,37.17969138469273,0.9583333333333334,0.0,475.0,0.0,0.0,0.0,105.0,0.0,0.0,0.0,110.0,0.0,0.0,0.0,26.0,0.0,0.0,0.0,0.0,0.0,0.0,0.0,0.0,0.0,0.0,0.0
C0__lamarckian__s4,C0__lamarckian,C0,C0,lamarckian,4,100,train,50,0.78,0,0,47.47852275630527,0.9375,0.0,422.0,0.0,0.0,0.0,68.0,0.0,0.0,0.0,93.0,0.0,0.0,0.0,17.0,0.0,0.0,0.0,0.0,0.0,0.0,0.0,0.0,0.0,0.0,0.0
C0__lamarckian__s4,C0__lamarckian,C0,C0,lamarckian,4,150,train,50,0.74,5,5,45.13952802870304,0.9791666666666666,0.0,390.0,0.0,0.0,0.0,57.0,0.0,0.0,0.0,90.0,0.0,0.0,0.0,26.0,0.0,0.0,0.0,0.0,0.0,0.0,0.0,0.0,0.0,0.0,0.0
C0__lamarckian__s4,C0__lamarckian,C0,C0,lamarckian,4,200,train,50,0.76,7,7,45.93065702920302,0.9375,0.0,420.0,0.0,0.0,0.0,52.0,0.0,0.0,0.0,93.0,0.0,0.0,0.0,23.0,0.0,0.0,0.0,0.0,0.0,0.0,0.0,0.0,0.0,0.0,0.0
C0__lamarckian__s4,C0__lamarckian,C0,C0,lamarckian,4,250,train,50,0.68,5,5,53.34918806511431,0.9375,0.0,391.0,0.0,0.0,0.0,69.0,0.0,0.0,0.0,105.0,0.0,0.0,0.0,21.0,0.0,0.0,0.0,0.0,0.0,0.0,0.0,0.0,0.0,0.0,0.0
C0__lamarckian__s4,C0__lamarckian,C0,C0,lamarckian,4,300,train,50,0.7,5,5,28.642301971438073,0.9791666666666666,0.0,357.0,0.0,0.0,0.0,88.0,0.0,0.0,0.0,105.0,0.0,0.0,0.0,35.0,0.0,0.0,0.0,0.0,0.0,0.0,0.0,0.0,0.0,0.0,0.0
C0__lamarckian__s4,C0__lamarckian,C0,C0,lamarckian,4,350,train,50,0.76,4,4,43.24507808046786,0.9583333333333334,0.0,317.0,0.0,0.0,0.0,39.0,0.0,0.0,0.0,118.0,0.0,0.0,0.0,17.0,0.0,0.0,0.0,0.0,0.0,0.0,0.0,0.0,0.0,0.0,0.0
C0__lamarckian__s4,C0__lamarckian,C0,C0,lamarckian,4,400,train,50,0.82,4,4,29.070364139807644,1.0,0.0,324.0,0.0,0.0,0.0,49.0,0.0,0.0,0.0,120.0,0.0,0.0,0.0,25.0,0.0,0.0,0.0,0.0,0.0,0.0,0.0,0.0,0.0,0.0,0.0
C0__lamarckian__s4,C0__lamarckian,C0,C0,lamarckian,4,450,train,50,0.88,4,4,28.05456488410377,1.0,0.0,307.0,0.0,0.0,0.0,53.0,0.0,0.0,0.0,120.0,0.0,0.0,0.0,24.0,0.0,0.0,0.0,0.0,0.0,0.0,0.0,0.0,0.0,0.0,0.0
C0__lamarckian__s4,C0__lamarckian,C0,C0,lamarckian,4,500,train,32,1.28125,2,20,39.96387282478372,0.9583333333333334,0.0,323.0,0.0,0.0,0.0,37.0,0.0,0.0,0.0,115.0,0.0,0.0,0.0,16.0,0.0,0.0,0.0,0.0,0.0,0.0,0.0,0.0,0.0,0.0,0.0
C0__lamarckian__s4,C0__lamarckian,C0,C0,lamarckian,4,550,train,29,1.6206896551724137,9,12,50.12827603387864,0.9583333333333334,0.0,208.0,0.0,0.0,0.0,80.0,0.0,0.0,0.0,99.0,0.0,0.0,0.0,39.0,0.0,0.0,0.0,0.0,0.0,0.0,0.0,0.0,0.0,0.0,0.0
C0__lamarckian__s4,C0__lamarckian,C0,C0,lamarckian,4,600,train,36,1.8888888888888888,9,2,40.882619277648736,0.9791666666666666,0.0,278.0,0.0,0.0,0.0,38.0,0.0,0.0,0.0,118.0,0.0,0.0,0.0,23.0,0.0,0.0,0.0,0.0,0.0,0.0,0.0,0.0,0.0,0.0,0.0
C0__lamarckian__s4,C0__lamarckian,C0,C0,lamarckian,4,650,train,42,2.0238095238095237,7,1,47.02037938122579,0.9583333333333334,0.0,308.0,0.0,0.0,0.0,40.0,0.0,0.0,0.0,130.0,0.0,0.0,0.0,18.0,0.0,0.0,0.0,0.0,0.0,0.0,0.0,0.0,0.0,0.0,0.0
C0__lamarckian__s4,C0__lamarckian,C0,C0,lamarckian,4,700,train,43,2.2093023255813953,5,4,29.18115294047188,1.0,0.0,357.0,0.0,0.0,0.0,69.0,0.0,0.0,0.0,118.0,0.0,0.0,0.0,33.0,0.0,0.0,0.0,0.0,0.0,0.0,0.0,0.0,0.0,0.0,0.0
C0__lamarckian__s4,C0__lamarckian,C0,C0,lamarckian,4,750,train,41,2.4146341463414633,3,5,52.34958173135281,0.8958333333333334,0.0,355.0,0.0,0.0,0.0,50.0,0.0,0.0,0.0,111.0,0.0,0.0,0.0,29.0,0.0,0.0,0.0,0.0,0.0,0.0,0.0,0.0,0.0,0.0,0.0
C0__lamarckian__s4,C0__lamarckian,C0,C0,lamarckian,4,800,train,42,2.5476190476190474,4,3,33.36695739219813,0.9791666666666666,0.0,339.0,0.0,0.0,0.0,61.0,0.0,0.0,0.0,121.0,0.0,0.0,0.0,26.0,0.0,0.0,0.0,0.0,0.0,0.0,0.0,0.0,0.0,0.0,0.0
C0__lamarckian__s4,C0__lamarckian,C0,C0,lamarckian,4,850,train,40,2.55,0,2,43.906789366125146,1.0,0.0,265.0,0.0,0.0,0.0,52.0,0.0,0.0,0.0,106.0,0.0,0.0,0.0,26.0,0.0,0.0,0.0,0.0,0.0,0.0,0.0,0.0,0.0,0.0,0.0
C0__lamarckian__s4,C0__lamarckian,C0,C0,lamarckian,4,900,train,41,2.8048780487804876,5,4,45.400667243330304,1.0,0.0,330.0,0.0,0.0,0.0,31.0,0.0,0.0,0.0,126.0,0.0,0.0,0.0,20.0,0.0,0.0,0.0,0.0,0.0,0.0,0.0,0.0,0.0,0.0,0.0
C0__lamarckian__s4,C0__lamarckian,C0,C0,lamarckian,4,950,train,42,2.880952380952381,5,4,47.753754737704455,0.9791666666666666,0.0,322.0,0.0,0.0,0.0,60.0,0.0,0.0,0.0,121.0,0.0,0.0,0.0,28.0,0.0,0.0,0.0,0.0,0.0,0.0,0.0,0.0,0.0,0.0,0.0
C0__lamarckian__s4,C0__lamarckian,C0,C0,lamarckian,4,1000,train,43,2.9767441860465116,4,3,53.58867451487406,0.9375,0.0,286.0,0.0,0.0,0.0,71.0,0.0,0.0,0.0,123.0,0.0,0.0,0.0,30.0,0.0,0.0,0.0,0.0,0.0,0.0,0.0,0.0,0.0,0.0,0.0
C0__lamarckian__s4,C0__lamarckian,C0,C0,lamarckian,4,1050,train,37,3.1621621621621623,2,8,38.110418670783616,0.9583333333333334,0.0,250.0,0.0,0.0,0.0,55.0,0.0,0.0,0.0,117.0,0.0,0.0,0.0,31.0,0.0,0.0,0.0,0.0,0.0,0.0,0.0,0.0,0.0,0.0,0.0
C0__lamarckian__s4,C0__lamarckian,C0,C0,lamarckian,4,1100,train,37,3.3513513513513513,5,5,72.0440281485806,0.8958333333333334,0.0,226.0,0.0,0.0,0.0,49.0,0.0,0.0,0.0,112.0,0.0,0.0,0.0,31.0,0.0,0.0,0.0,0.0,0.0,0.0,0.0,0.0,0.0,0.0,0.0
C0__lamarckian__s4,C0__lamarckian,C0,C0,lamarckian,4,1150,train,36,3.5833333333333335,4,5,47.39451740784315,1.0,0.0,254.0,0.0,0.0,0.0,64.0,0.0,0.0,0.0,124.0,0.0,0.0,0.0,26.0,0.0,0.0,0.0,0.0,0.0,0.0,0.0,0.0,0.0,0.0,0.0
C0__lamarckian__s4,C0__lamarckian,C0,C0,lamarckian,4,1200,train,36,3.8055555555555554,7,7,31.001856389646846,0.9791666666666666,0.0,257.0,0.0,0.0,0.0,56.0,0.0,0.0,0.0,136.0,0.0,0.0,0.0,24.0,0.0,0.0,0.0,0.0,0.0,0.0,0.0,0.0,0.0,0.0,0.0
C0__lamarckian__s4,C0__lamarckian,C0,C0,lamarckian,4,1250,train,35,3.914285714285714,3,4,32.030518933926146,0.9791666666666666,0.0,233.0,0.0,0.0,0.0,80.0,0.0,0.0,0.0,114.0,0.0,0.0,0.0,35.0,0.0,0.0,0.0,0.0,0.0,0.0,0.0,0.0,0.0,0.0,0.0
C0__lamarckian__s4,C0__lamarckian,C0,C0,lamarckian,4,1300,train,32,4.09375,2,5,41.85645365207481,0.9791666666666666,0.0,217.0,0.0,0.0,0.0,57.0,0.0,0.0,0.0,107.0,0.0,0.0,0.0,33.0,0.0,0.0,0.0,0.0,0.0,0.0,0.0,0.0,0.0,0.0,0.0
C0__lamarckian__s4,C0__lamarckian,C0,C0,lamarckian,4,1350,train,35,4.085714285714285,3,0,45.335176295600476,0.9583333333333334,0.0,251.0,0.0,0.0,0.0,65.0,0.0,0.0,0.0,127.0,0.0,0.0,0.0,30.0,0.0,0.0,0.0,0.0,0.0,0.0,0.0,0.0,0.0,0.0,0.0
C0__lamarckian__s4,C0__lamarckian,C0,C0,lamarckian,4,1400,train,35,4.257142857142857,6,6,37.58335858400227,0.9791666666666666,0.0,272.0,0.0,0.0,0.0,43.0,0.0,0.0,0.0,125.0,0.0,0.0,0.0,30.0,0.0,0.0,0.0,0.0,0.0,0.0,0.0,0.0,0.0,0.0,0.0
C0__lamarckian__s4,C0__lamarckian,C0,C0,lamarckian,4,1450,train,35,4.485714285714286,5,5,33.87135273342013,0.9791666666666666,0.0,217.0,0.0,0.0,0.0,64.0,0.0,0.0,0.0,119.0,0.0,0.0,0.0,34.0,0.0,0.0,0.0,0.0,0.0,0.0,0.0,0.0,0.0,0.0,0.0
C0__lamarckian__s4,C0__lamarckian,C0,C0,lamarckian,4,1500,train,34,4.588235294117647,3,4,40.58696180526083,1.0,0.0,208.0,0.0,0.0,0.0,42.0,0.0,0.0,0.0,134.0,0.0,0.0,0.0,24.0,0.0,0.0,0.0,0.0,0.0,0.0,0.0,0.0,0.0,0.0,0.0
C0__lamarckian__s4,C0__lamarckian,C0,C0,lamarckian,4,1550,eval,36,4.694444444444445,4,2,32.73902572245964,1.0,0.0,246.0,0.0,0.0,0.0,75.0,0.0,0.0,0.0,124.0,0.0,0.0,0.0,30.0,0.0,0.0,0.0,0.0,0.0,0.0,0.0,0.0,0.0,0.0,0.0
C0__lamarckian__s4,C0__lamarckian,C0,C0,lamarckian,4,1600,eval,33,4.878787878787879,3,6,43.25789294352492,1.0,0.0,279.0,0.0,0.0,0.0,84.0,0.0,0.0,0.0,115.0,0.0,0.0,0.0,34.0,0.0,0.0,0.0,0.0,0.0,0.0,0.0,0.0,0.0,0.0,0.0
C0__lamarckian__s4,C0__lamarckian,C0,C0,lamarckian,4,1650,eval,37,5.054054054054054,7,3,34.104389556850904,0.9791666666666666,0.0,255.0,0.0,0.0,0.0,77.0,0.0,0.0,0.0,123.0,0.0,0.0,0.0,36.0,0.0,0.0,0.0,0.0,0.0,0.0,0.0,0.0,0.0,0.0,0.0
C0__lamarckian__s4,C0__lamarckian,C0,C0,lamarckian,4,1700,eval,35,5.428571428571429,6,8,51.7494128949194,0.8958333333333334,0.0,252.0,0.0,0.0,0.0,73.0,0.0,0.0,0.0,126.0,0.0,0.0,0.0,20.0,0.0,0.0,0.0,0.0,0.0,0.0,0.0,0.0,0.0,0.0,0.0
C0__lamarckian__s4,C0__lamarckian,C0,C0,lamarckian,4,1750,eval,39,5.538461538461538,7,3,35.471163828281625,1.0,0.0,352.0,0.0,0.0,0.0,81.0,0.0,0.0,0.0,133.0,0.0,0.0,0.0,30.0,0.0,0.0,0.0,0.0,0.0,0.0,0.0,0.0,0.0,0.0,0.0
C0__lamarckian__s4,C0__lamarckian,C0,C0,lamarckian,4,1800,eval,41,5.585365853658536,3,1,43.57838156345282,0.9583333333333334,0.0,353.0,0.0,0.0,0.0,98.0,0.0,0.0,0.0,119.0,0.0,0.0,0.0,27.0,0.0,0.0,0.0,0.0,0.0,0.0,0.0,0.0,0.0,0.0,0.0
C0__lamarckian__s5,C0__lamarckian,C0,C0,lamarckian,5,50,train,50,0.7,30,0,93.73168386978327,0.7916666666666666,0.0,328.0,0.0,0.0,0.0,48.0,0.0,0.0,0.0,84.0,0.0,0.0,0.0,30.0,0.0,0.0,0.0,0.0,0.0,0.0,0.0,0.0,0.0,0.0,0.0
C0__lamarckian__s5,C0__lamarckian,C0,C0,lamarckian,5,100,train,50,0.72,2,2,42.62750391644991,0.9583333333333334,0.0,485.0,0.0,0.0,0.0,58.0,0.0,0.0,0.0,86.0,0.0,0.0,0.0,18.0,0.0,0.0,0.0,0.0,0.0,0.0,0.0,0.0,0.0,0.0,0.0
C0__lamarckian__s5,C0__lamarckian,C0,C0,lamarckian,5,150,train,50,0.72,9,9,61.22431149897881,0.8958333333333334,0.0,381.0,0.0,0.0,0.0,76.0,0.0,0.0,0.0,89.0,0.0,0.0,0.0,19.0,0.0,0.0,0.0,0.0,0.0,0.0,0.0,0.0,0.0,0.0,0.0
C0__lamarckian__s5,C0__lamarckian,C0,C0,lamarckian,5,200,train,50,0.82,8,8,46.01435541276475,0.9375,0.0,373.0,0.0,0.0,0.0,74.0,0.0,0.0,0.0,107.0,0.0,0.0,0.0,20.0,0.0,0.0,0.0,0.0,0.0,0.0,0.0,0.0,0.0,0.0,0.0
C0__lamarckian__s5,C0__lamarckian,C0,C0,lamarckian,5,250,train,50,0.9,3,3,28.886796984099114,0.9791666666666666,0.0,267.0,0.0,0.0,0.0,31.0,0.0,0.0,0.0,98.0,0.0,0.0,0.0,22.0,0.0,0.0,0.0,0.0,0.0,0.0,0.0,0.0,0.0,0.0,0.0
C0__lamarckian__s5,C0__lamarckian,C0,C0,lamarckian,5,300,train,50,1.14,9,9,16.728555610948995,1.0,0.0,283.0,0.0,0.0,0.0,33.0,0.0,0.0,0.0,93.0,0.0,0.0,0.0,25.0,0.0,0.0,0.0,0.0,0.0,0.0,0.0,0.0,0.0,0.0,0.0
C0__lamarckian__s5,C0__lamarckian,C0,C0,lamarckian,5,350,train,47,1.1702127659574468,4,7,39.0504734629809,0.9791666666666666,0.0,284.0,0.0,0.0,0.0,47.0,0.0,0.0,0.0,104.0,0.0,0.0,0.0,21.0,0.0,0.0,0.0,0.0,0.0,0.0,0.0,0.0,0.0,0.0,0.0
C0__lamarckian__s5,C0__lamarckian,C0,C0,lamarckian,5,400,train,43,1.2093023255813953,3,7,27.643877037685712,0.9791666666666666,0.0,339.0,0.0,0.0,0.0,39.0,0.0,0.0,0.0,132.0,0.0,0.0,0.0,28.0,0.0,0.0,0.0,0.0,0.0,0.0,0.0,0.0,0.0,0.0,0.0
C0__lamarckian__s5,C0__lamarckian,C0,C0,lamarckian,5,450,train,40,1.275,2,5,40.9675026473498,0.9791666666666666,0.0,296.0,0.0,0.0,0.0,57.0,0.0,0.0,0.0,117.0,0.0,0.0,0.0,29.0,0.0,0.0,0.0,0.0,0.0,0.0,0.0,0.0,0.0,0.0,0.0
C0__lamarckian__s5,C0__lamarckian,C0,C0,lamarckian,5,500,train,34,1.588235294117647,5,11,37.365243156787116,0.9791666666666666,0.0,209.0,0.0,0.0,0.0,32.0,0.0,0.0,0.0,117.0,0.0,0.0,0.0,23.0,0.0,0.0,0.0,0.0,0.0,0.0,0.0,0.0,0.0,0.0,0.0
C0__lamarckian__s5,C0__lamarckian,C0,C0,lamarckian,5,550,train,27,2.111111111111111,7,14,44.043973015990716,0.9583333333333334,0.0,211.0,0.0,0.0,0.0,34.0,0.0,0.0,0.0,110.0,0.0,0.0,0.0,22.0,0.0,0.0,0.0,0.0,0.0,0.0,0.0,0.0,0.0,0.0,0.0
C0__lamarckian__s5,C0__lamarckian,C0,C0,lamarckian,5,600,train,34,2.2058823529411766,8,1,45.56542133582052,0.9791666666666666,0.0,239.0,0.0,0.0,0.0,36.0,0.0,0.0,0.0,112.0,0.0,0.0,0.0,21.0,0.0,0.0,0.0,0.0,0.0,0.0,0.0,0.0,0.0,0.0,0.0
C0__lamarckian__s5,C0__lamarckian,C0,C0,lamarckian,5,650,train,38,2.473684210526316,8,4,66.58218281253554,0.8958333333333334,0.0,261.0,0.0,0.0,0.0,44.0,0.0,0.0,0.0,117.0,0.0,0.0,0.0,24.0,0.0,0.0,0.0,0.0,0.0,0.0,0.0,0.0,0.0,0.0,0.0
C0__lamarckian__s5,C0__lamarckian,C0,C0,lamarckian,5,700,train,45,2.6444444444444444,9,2,35.35140961684126,0.9791666666666666,0.0,252.0,0.0,0.0,0.0,47.0,0.0,0.0,0.0,120.0,0.0,0.0,0.0,29.0,0.0,0.0,0.0,0.0,0.0,0.0,0.0,0.0,0.0,0.0,0.0
C0__lamarckian__s5,C0__lamarckian,C0,C0,lamarckian,5,750,train,45,2.688888888888889,3,3,33.18194140382643,1.0,0.0,237.0,0.0,0.0,0.0,36.0,0.0,0.0,0.0,124.0,0.0,0.0,0.0,23.0,0.0,0.0,0.0,0.0,0.0,0.0,0.0,0.0,0.0,0.0,0.0
C0__lamarckian__s5,C0__lamarckian,C0,C0,lamarckian,5,800,train,43,2.7209302325581395,3,5,33.51896651801465,0.9583333333333334,0.0,278.0,0.0,0.0,0.0,27.0,0.0,0.0,0.0,121.0,0.0,0.0,0.0,20.0,0.0,0.0,0.0,0.0,0.0,0.0,0.0,0.0,0.0,0.0,0.0
C0__lamarckian__s5,C0__lamarckian,C0,C0,lamarckian,5,850,train,36,2.888888888888889,1,8,44.567055823297785,1.0,0.0,237.0,0.0,0.0,0.0,48.0,0.0,0.0,0.0,112.0,0.0,0.0,0.0,26.0,0.0,0.0,0.0,0.0,0.0,0.0,0.0,0.0,0.0,0.0,0.0
C0__lamarckian__s5,C0__lamarckian,C0,C0,lamarckian,5,900,train,32,3.0,1,5,58.077497017925054,0.9791666666666666,0.0,188.0,0.0,0.0,0.0,60.0,0.0,0.0,0.0,111.0,0.0,0.0,0.0,25.0,0.0,0.0,0.0,0.0,0.0,0.0,0.0,0.0,0.0,0.0,0.0
C0__lamarckian__s5,C0__lamarckian,C0,C0,lamarckian,5,950,train,37,3.1621621621621623,8,3,33.597378398342656,0.9791666666666666,0.0,196.0,0.0,0.0,0.0,61.0,0.0,0.0,0.0,109.0,0.0,0.0,0.0,34.0,0.0,0.0,0.0,0.0,0.0,0.0,0.0,0.0,0.0,0.0,0.0
C0__lamarckian__s5,C0__lamarckian,C0,C0,lamarckian,5,1000,train,38,3.236842105263158,2,1,25.62935138491958,1.0,0.0,218.0,0.0,0.0,0.0,53.0,0.0,0.0,0.0,117.0,0.0,0.0,0.0,25.0,0.0,0.0,0.0,0.0,0.0,0.0,0.0,0.0,0.0,0.0,0.0
C0__lamarckian__s5,C0__lamarckian,C0,C0,lamarckian,5,1050,train,37,3.1621621621621623,5,6,35.38576305653764,0.9791666666666666,0.0,210.0,0.0,0.0,0.0,44.0,0.0,0.0,0.0,112.0,0.0,0.0,0.0,23.0,0.0,0.0,0.0,0.0,0.0,0.0,0.0,0.0,0.0,0.0,0.0
C0__lamarckian__s5,C0__lamarckian,C0,C0,lamarckian,5,1100,train,34,3.4705882352941178,5,8,42.36028341486677,0.9583333333333334,0.0,150.0,0.0,0.0,0.0,37.0,0.0,0.0,0.0,96.0,0.0,0.0,0.0,27.0,0.0,0.0,0.0,0.0,0.0,0.0,0.0,0.0,0.0,0.0,0.0
C0__lamarckian__s5,C0__lamarckian,C0,C0,lamarckian,5,1150,train,34,3.6176470588235294,5,5,49.51283254812129,0.9791666666666666,0.0,200.0,0.0,0.0,0.0,51.0,0.0,0.0,0.0,110.0,0.0,0.0,0.0,23.0,0.0,0.0,0.0,0.0,0.0,0.0,0.0,0.0,0.0,0.0,0.0
C0__lamarckian__s5,C0__lamarckian,C0,C0,lamarckian,5,1200,train,36,3.9444444444444446,7,5,31.852155529589208,1.0,0.0,218.0,0.0,0.0,0.0,51.0,0.0,0.0,0.0,123.0,0.0,0.0,0.0,26.0,0.0,0.0,0.0,0.0,0.0,0.0,0.0,0.0,0.0,0.0,0.0
C0__lamarckian__s5,C0__lamarckian,C0,C0,lamarckian,5,1250,train,38,4.105263157894737,5,3,27.152095088196734,1.0,0.0,228.0,0.0,0.0,0.0,43.0,0.0,0.0,0.0,116.0,0.0,0.0,0.0,22.0,0.0,0.0,0.0,0.0,0.0,0.0,0.0,0.0,0.0,0.0,0.0
C0__lamarckian__s5,C0__lamarckian,C0,C0,lamarckian,5,1300,train,37,4.1891891891891895,3,4,40.63317279519148,0.9583333333333334,0.0,220.0,0.0,0.0,0.0,59.0,0.0,0.0,0.0,121.0,0.0,0.0,0.0,27.0,0.0,0.0,0.0,0.0,0.0,0.0,0.0,0.0,0.0,0.0,0.0
C0__lamarckian__s5,C0__lamarckian,C0,C0,lamarckian,5,1350,train,40,4.325,5,2,59.61775093160327,0.8958333333333334,0.0,219.0,0.0,0.0,0.0,34.0,0.0,0.0,0.0,111.0,0.0,0.0,0.0,23.0,0.0,0.0,0.0,0.0,0.0,0.0,0.0,0.0,0.0,0.0,0.0
C0__lamarckian__s5,C0__lamarckian,C0,C0,lamarckian,5,1400,train,41,4.439024390243903,4,3,56.3847948942814,0.9375,0.0,243.0,0.0,0.0,0.0,47.0,0.0,0.0,0.0,122.0,0.0,0.0,0.0,26.0,0.0,0.0,0.0,0.0,0.0,0.0,0.0,0.0,0.0,0.0,0.0
C0__lamarckian__s5,C0__lamarckian,C0,C0,lamarckian,5,1450,train,33,4.606060606060606,1,9,52.12825376884795,0.9583333333333334,0.0,251.0,0.0,0.0,0.0,55.0,0.0,0.0,0.0,122.0,0.0,0.0,0.0,28.0,0.0,0.0,0.0,0.0,0.0,0.0,0.0,0.0,0.0,0.0,0.0
C0__lamarckian__s5,C0__lamarckian,C0,C0,lamarckian,5,1500,train,34,4.647058823529412,4,3,37.77638006902174,0.9583333333333334,0.0,246.0,0.0,0.0,0.0,37.0,0.0,0.0,0.0,132.0,0.0,0.0,0.0,24.0,0.0,0.0,0.0,0.0,0.0,0.0,0.0,0.0,0.0,0.0,0.0
C0__lamarckian__s5,C0__lamarckian,C0,C0,lamarckian,5,1550,eval,31,4.838709677419355,4,7,35.396304017209445,0.9791666666666666,0.0,210.0,0.0,0.0,0.0,58.0,0.0,0.0,0.0,121.0,0.0,0.0,0.0,36.0,0.0,0.0,0.0,0.0,0.0,0.0,0.0,0.0,0.0,0.0,0.0
C0__lamarckian__s5,C0__lamarckian,C0,C0,lamarckian,5,1600,eval,33,5.151515151515151,5,3,44.79428233701315,0.9583333333333334,0.0,200.0,0.0,0.0,0.0,40.0,0.0,0.0,0.0,115.0,0.0,0.0,0.0,23.0,0.0,0.0,0.0,0.0,0.0,0.0,0.0,0.0,0.0,0.0,0.0
C0__lamarckian__s5,C0__lamarckian,C0,C0,lamarckian,5,1650,eval,36,5.388888888888889,6,3,53.57378288638611,0.9791666666666666,0.0,284.0,0.0,0.0,0.0,47.0,0.0,0.0,0.0,121.0,0.0,0.0,0.0,24.0,0.0,0.0,0.0,0.0,0.0,0.0,0.0,0.0,0.0,0.0,0.0
C0__lamarckian__s5,C0__lamarckian,C0,C0,lamarckian,5,1700,eval,37,5.5675675675675675,7,6,35.292213963429234,0.9583333333333334,0.0,310.0,0.0,0.0,0.0,78.0,0.0,0.0,0.0,134.0,0.0,0.0,0.0,32.0,0.0,0.0,0.0,0.0,0.0,0.0,0.0,0.0,0.0,0.0,0.0
C0__lamarckian__s5,C0__lamarckian,C0,C0,lamarckian,5,1750,eval,36,5.666666666666667,2,3,35.15927319584875,1.0,0.0,321.0,0.0,0.0,0.0,64.0,0.0,0.0,0.0,123.0,0.0,0.0,0.0,25.0,0.0,0.0,0.0,0.0,0.0,0.0,0.0,0.0,0.0,0.0,0.0
C0__lamarckian__s5,C0__lamarckian,C0,C0,lamarckian,5,1800,eval,36,5.805555555555555,4,4,35.29327629460702,0.9791666666666666,0.0,329.0,0.0,0.0,0.0,70.0,0.0,0.0,0.0,129.0,0.0,0.0,0.0,26.0,0.0,0.0,0.0,0.0,0.0,0.0,0.0,0.0,0.0,0.0,0.0
C0__lamarckian__s6,C0__lamarckian,C0,C0,lamarckian,6,50,train,50,0.86,30,0,70.87002433075554,0.875,0.0,365.0,0.0,0.0,0.0,84.0,0.0,0.0,0.0,80.0,0.0,0.0,0.0,30.0,0.0,0.0,0.0,0.0,0.0,0.0,0.0,0.0,0.0,0.0,0.0
C0__lamarckian__s6,C0__lamarckian,C0,C0,lamarckian,6,100,train,50,0.86,1,1,40.35066202301124,0.9583333333333334,0.0,336.0,0.0,0.0,0.0,80.0,0.0,0.0,0.0,72.0,0.0,0.0,0.0,27.0,0.0,0.0,0.0,0.0,0.0,0.0,0.0,0.0,0.0,0.0,0.0
C0__lamarckian__s6,C0__lamarckian,C0,C0,lamarckian,6,150,train,50,0.92,7,7,48.27202537525158,0.9166666666666666,0.0,375.0,0.0,0.0,0.0,192.0,0.0,0.0,0.0,94.0,0.0,0.0,0.0,25.0,0.0,0.0,0.0,0.0,0.0,0.0,0.0,0.0,0.0,0.0,0.0
C0__lamarckian__s6,C0__lamarckian,C0,C0,lamarckian,6,200,train,50,1.14,9,9,64.48027159942326,0.8958333333333334,0.0,306.0,0.0,0.0,0.0,125.0,0.0,0.0,0.0,84.0,0.0,0.0,0.0,26.0,0.0,0.0,0.0,0.0,0.0,0.0,0.0,0.0,0.0,0.0,0.0
C0__lamarckian__s6,C0__lamarckian,C0,C0,lamarckian,6,250,train,50,1.34,8,8,49.51377292972694,0.9375,0.0,437.0,0.0,0.0,0.0,71.0,0.0,0.0,0.0,88.0,0.0,0.0,0.0,30.0,0.0,0.0,0.0,0.0,0.0,0.0,0.0,0.0,0.0,0.0,0.0
C0__lamarckian__s6,C0__lamarckian,C0,C0,lamarckian,6,300,train,49,1.4489795918367347,6,7,34.063512072825375,0.9583333333333334,0.0,347.0,0.0,0.0,0.0,96.0,0.0,0.0,0.0,114.0,0.0,0.0,0.0,25.0,0.0,0.0,0.0,0.0,0.0,0.0,0.0,0.0,0.0,0.0,0.0
C0__lamarckian__s6,C0__lamarckian,C0,C0,lamarckian,6,350,train,47,1.5106382978723405,2,4,37.713040702534556,0.9583333333333334,0.0,317.0,0.0,0.0,0.0,80.0,0.0,0.0,0.0,104.0,0.0,0.0,0.0,28.0,0.0,0.0,0.0,0.0,0.0,0.0,0.0,0.0,0.0,0.0,0.0
C0__lamarckian__s6,C0__lamarckian,C0,C0,lamarckian,6,400,train,45,1.6,4,6,40.974965299010954,0.9166666666666666,0.0,288.0,0.0,0.0,0.0,97.0,0.0,0.0,0.0,99.0,0.0,0.0,0.0,34.0,0.0,0.0,0.0,0.0,0.0,0.0,0.0,0.0,0.0,0.0,0.0
C0__lamarckian__s6,C0__lamarckian,C0,C0,lamarckian,6,450,train,39,1.435897435897436,1,7,47.49907012311293,0.9583333333333334,0.0,263.0,0.0,0.0,0.0,102.0,0.0,0.0,0.0,96.0,0.0,0.0,0.0,42.0,0.0,0.0,0.0,0.0,0.0,0.0,0.0,0.0,0.0,0.0,0.0
C0__lamarckian__s6,C0__lamarckian,C0,C0,lamarckian,6,500,train,32,1.8125,5,12,29.139516753861642,0.9791666666666666,0.0,234.0,0.0,0.0,0.0,56.0,0.0,0.0,0.0,105.0,0.0,0.0,0.0,33.0,0.0,0.0,0.0,0.0,0.0,0.0,0.0,0.0,0.0,0.0,0.0
C0__lamarckian__s6,C0__lamarckian,C0,C0,lamarckian,6,550,train,23,2.217391304347826,3,12,66.07142945037137,0.9375,0.0,187.0,0.0,0.0,0.0,74.0,0.0,0.0,0.0,97.0,0.0,0.0,0.0,38.0,0.0,0.0,0.0,0.0,0.0,0.0,0.0,0.0,0.0,0.0,0.0
C0__lamarckian__s6,C0__lamarckian,C0,C0,lamarckian,6,600,train,33,2.3333333333333335,11,1,86.43122940248536,0.8541666666666666,0.0,272.0,0.0,0.0,0.0,67.0,0.0,0.0,0.0,96.0,0.0,0.0,0.0,38.0,0.0,0.0,0.0,0.0,0.0,0.0,0.0,0.0,0.0,0.0,0.0
C0__lamarckian__s6,C0__lamarckian,C0,C0,lamarckian,6,650,train,42,2.5476190476190474,12,3,33.54574490159192,1.0,0.0,258.0,0.0,0.0,0.0,91.0,0.0,0.0,0.0,125.0,0.0,0.0,0.0,34.0,0.0,0.0,0.0,0.0,0.0,0.0,0.0,0.0,0.0,0.0,0.0
C0__lamarckian__s6,C0__lamarckian,C0,C0,lamarckian,6,700,train,40,2.675,3,5,32.784223113402305,1.0,0.0,272.0,0.0,0.0,0.0,109.0,0.0,0.0,0.0,125.0,0.0,0.0,0.0,37.0,0.0,0.0,0.0,0.0,0.0,0.0,0.0,0.0,0.0,0.0,0.0
C0__lamarckian__s6,C0__lamarckian,C0,C0,lamarckian,6,750,train,38,2.710526315789474,5,7,45.671035142838946,0.9791666666666666,0.0,199.0,0.0,0.0,0.0,63.0,0.0,0.0,0.0,103.0,0.0,0.0,0.0,30.0,0.0,0.0,0.0,0.0,0.0,0.0,0.0,0.0,0.0,0.0,0.0
C0__lamarckian__s6,C0__lamarckian,C0,C0,lamarckian,6,800,train,38,2.8421052631578947,2,2,51.529056146801466,1.0,0.0,173.0,0.0,0.0,0.0,76.0,0.0,0.0,0.0,100.0,0.0,0.0,0.0,37.0,0.0,0.0,0.0,0.0,0.0,0.0,0.0,0.0,0.0,0.0,0.0
C0__lamarckian__s6,C0__lamarckian,C0,C0,lamarckian,6,850,train,34,3.0294117647058822,2,6,38.84155551421393,0.9791666666666666,0.0,266.0,0.0,0.0,0.0,72.0,0.0,0.0,0.0,124.0,0.0,0.0,0.0,32.0,0.0,0.0,0.0,0.0,0.0,0.0,0.0,0.0,0.0,0.0,0.0
C0__lamarckian__s6,C0__lamarckian,C0,C0,lamarckian,6,900,train,35,3.3142857142857145,4,3,29.34500933292601,0.9791666666666666,0.0,265.0,0.0,0.0,0.0,83.0,0.0,0.0,0.0,117.0,0.0,0.0,0.0,41.0,0.0,0.0,0.0,0.0,0.0,0.0,0.0,0.0,0.0,0.0,0.0
C0__lamarckian__s6,C0__lamarckian,C0,C0,lamarckian,6,950,train,38,3.473684210526316,4,1,36.63797919373668,0.9583333333333334,0.0,208.0,0.0,0.0,0.0,111.0,0.0,0.0,0.0,110.0,0.0,0.0,0.0,40.0,0.0,0.0,0.0,0.0,0.0,0.0,0.0,0.0,0.0,0.0,0.0
C0__lamarckian__s6,C0__lamarckian,C0,C0,lamarckian,6,1000,train,37,3.5405405405405403,2,3,39.506501259095245,0.9583333333333334,0.0,213.0,0.0,0.0,0.0,97.0,0.0,0.0,0.0,111.0,0.0,0.0,0.0,34.0,0.0,0.0,0.0,0.0,0.0,0.0,0.0,0.0,0.0,0.0,0.0
C0__lamarckian__s6,C0__lamarckian,C0,C0,lamarckian,6,1050,train,37,3.810810810810811,6,6,39.74808920410775,0.9791666666666666,0.0,254.0,0.0,0.0,0.0,81.0,0.0,0.0,0.0,115.0,0.0,0.0,0.0,29.0,0.0,0.0,0.0,0.0,0.0,0.0,0.0,0.0,0.0,0.0,0.0
C0__lamarckian__s6,C0__lamarckian,C0,C0,lamarckian,6,1100,train,33,4.212121212121212,4,8,38.28489263027646,1.0,0.0,231.0,0.0,0.0,0.0,81.0,0.0,0.0,0.0,107.0,0.0,0.0,0.0,34.0,0.0,0.0,0.0,0.0,0.0,0.0,0.0,0.0,0.0,0.0,0.0
C0__lamarckian__s6,C0__lamarckian,C0,C0,lamarckian,6,1150,train,27,4.555555555555555,2,8,47.072312674357455,0.9791666666666666,0.0,219.0,0.0,0.0,0.0,60.0,0.0,0.0,0.0,110.0,0.0,0.0,0.0,33.0,0.0,0.0,0.0,0.0,0.0,0.0,0.0,0.0,0.0,0.0,0.0
C0__lamarckian__s6,C0__lamarckian,C0,C0,lamarckian,6,1200,train,37,4.486486486486487,13,3,30.141670165239713,0.9791666666666666,0.0,228.0,0.0,0.0,0.0,62.0,0.0,0.0,0.0,104.0,0.0,0.0,0.0,43.0,0.0,0.0,0.0,0.0,0.0,0.0,0.0,0.0,0.0,0.0,0.0
C0__lamarckian__s6,C0__lamarckian,C0,C0,lamarckian,6,1250,train,36,4.611111111111111,2,3,52.38013524470297,0.9375,0.0,296.0,0.0,0.0,0.0,73.0,0.0,0.0,0.0,120.0,0.0,0.0,0.0,34.0,0.0,0.0,0.0,0.0,0.0,0.0,0.0,0.0,0.0,0.0,0.0
C0__lamarckian__s6,C0__lamarckian,C0,C0,lamarckian,6,1300,train,40,4.8,5,1,25.213091136480575,1.0,0.0,270.0,0.0,0.0,0.0,81.0,0.0,0.0,0.0,123.0,0.0,0.0,0.0,40.0,0.0,0.0,0.0,0.0,0.0,0.0,0.0,0.0,0.0,0.0,0.0
C0__lamarckian__s6,C0__lamarckian,C0,C0,lamarckian,6,1350,train,39,4.846153846153846,2,3,42.19471764364922,0.9583333333333334,0.0,285.0,0.0,0.0,0.0,101.0,0.0,0.0,0.0,122.0,0.0,0.0,0.0,35.0,0.0,0.0,0.0,0.0,0.0,0.0,0.0,0.0,0.0,0.0,0.0
C0__lamarckian__s6,C0__lamarckian,C0,C0,lamarckian,6,1400,train,40,4.95,3,2,35.00726051878812,0.9791666666666666,0.0,192.0,0.0,0.0,0.0,110.0,0.0,0.0,0.0,112.0,0.0,0.0,0.0,37.0,0.0,0.0,0.0,0.0,0.0,0.0,0.0,0.0,0.0,0.0,0.0
C0__lamarckian__s6,C0__lamarckian,C0,C0,lamarckian,6,1450,train,37,5.0,4,7,51.10754143687377,0.9166666666666666,0.0,282.0,0.0,0.0,0.0,56.0,0.0,0.0,0.0,110.0,0.0,0.0,0.0,31.0,0.0,0.0,0.0,0.0,0.0,0.0,0.0,0.0,0.0,0.0,0.0
C0__lamarckian__s6,C0__lamarckian,C0,C0,lamarckian,6,1500,train,37,5.054054054054054,4,4,56.185970068316536,0.9791666666666666,0.0,257.0,0.0,0.0,0.0,77.0,0.0,0.0,0.0,114.0,0.0,0.0,0.0,37.0,0.0,0.0,0.0,0.0,0.0,0.0,0.0,0.0,0.0,0.0,0.0
C0__lamarckian__s6,C0__lamarckian,C0,C0,lamarckian,6,1550,eval,34,5.117647058823529,4,7,58.32915677732289,0.9583333333333334,0.0,290.0,0.0,0.0,0.0,57.0,0.0,0.0,0.0,107.0,0.0,0.0,0.0,34.0,0.0,0.0,0.0,0.0,0.0,0.0,0.0,0.0,0.0,0.0,0.0
C0__lamarckian__s6,C0__lamarckian,C0,C0,lamarckian,6,1600,eval,34,5.235294117647059,5,5,47.888807729034696,0.9583333333333334,0.0,298.0,0.0,0.0,0.0,66.0,0.0,0.0,0.0,120.0,0.0,0.0,0.0,40.0,0.0,0.0,0.0,0.0,0.0,0.0,0.0,0.0,0.0,0.0,0.0
C0__lamarckian__s6,C0__lamarckian,C0,C0,lamarckian,6,1650,eval,38,5.394736842105263,6,2,42.43144537221546,0.9375,0.0,284.0,0.0,0.0,0.0,61.0,0.0,0.0,0.0,116.0,0.0,0.0,0.0,31.0,0.0,0.0,0.0,0.0,0.0,0.0,0.0,0.0,0.0,0.0,0.0
C0__lamarckian__s6,C0__lamarckian,C0,C0,lamarckian,6,1700,eval,30,5.766666666666667,5,13,41.36491614145721,0.9791666666666666,0.0,248.0,0.0,0.0,0.0,69.0,0.0,0.0,0.0,110.0,0.0,0.0,0.0,35.0,0.0,0.0,0.0,0.0,0.0,0.0,0.0,0.0,0.0,0.0,0.0
C0__lamarckian__s6,C0__lamarckian,C0,C0,lamarckian,6,1750,eval,34,6.0,8,4,57.97437183148919,0.9375,0.0,255.0,0.0,0.0,0.0,52.0,0.0,0.0,0.0,115.0,0.0,0.0,0.0,29.0,0.0,0.0,0.0,0.0,0.0,0.0,0.0,0.0,0.0,0.0,0.0
C0__lamarckian__s6,C0__lamarckian,C0,C0,lamarckian,6,1800,eval,42,6.142857142857143,10,2,37.68084328121477,0.9791666666666666,0.0,277.0,0.0,0.0,0.0,62.0,0.0,0.0,0.0,126.0,0.0,0.0,0.0,33.0,0.0,0.0,0.0,0.0,0.0,0.0,0.0,0.0,0.0,0.0,0.0
C0__lamarckian__s7,C0__lamarckian,C0,C0,lamarckian,7,50,train,50,0.8,30,0,40.359569028374054,0.9166666666666666,0.0,276.0,0.0,0.0,0.0,73.0,0.0,0.0,0.0,98.0,0.0,0.0,0.0,16.0,0.0,0.0,0.0,0.0,0.0,0.0,0.0,0.0,0.0,0.0,0.0
C0__lamarckian__s7,C0__lamarckian,C0,C0,lamarckian,7,100,train,50,0.8,3,3,41.227865845940485,0.9791666666666666,0.0,360.0,0.0,0.0,0.0,77.0,0.0,0.0,0.0,78.0,0.0,0.0,0.0,19.0,0.0,0.0,0.0,0.0,0.0,0.0,0.0,0.0,0.0,0.0,0.0
C0__lamarckian__s7,C0__lamarckian,C0,C0,lamarckian,7,150,train,50,0.9,7,7,23.05850208995099,1.0,0.0,482.0,0.0,0.0,0.0,32.0,0.0,0.0,0.0,121.0,0.0,0.0,0.0,15.0,0.0,0.0,0.0,0.0,0.0,0.0,0.0,0.0,0.0,0.0,0.0
C0__lamarckian__s7,C0__lamarckian,C0,C0,lamarckian,7,200,train,47,1.0,8,11,32.33134524616483,1.0,0.0,501.0,0.0,0.0,0.0,64.0,0.0,0.0,0.0,108.0,0.0,0.0,0.0,19.0,0.0,0.0,0.0,0.0,0.0,0.0,0.0,0.0,0.0,0.0,0.0
C0__lamarckian__s7,C0__lamarckian,C0,C0,lamarckian,7,250,train,48,1.125,4,3,47.28222846378718,0.9375,0.0,407.0,0.0,0.0,0.0,86.0,0.0,0.0,0.0,98.0,0.0,0.0,0.0,26.0,0.0,0.0,0.0,0.0,0.0,0.0,0.0,0.0,0.0,0.0,0.0
C0__lamarckian__s7,C0__lamarckian,C0,C0,lamarckian,7,300,train,47,1.2340425531914894,5,6,36.739272939525115,0.9791666666666666,0.0,423.0,0.0,0.0,0.0,52.0,0.0,0.0,0.0,130.0,0.0,0.0,0.0,21.0,0.0,0.0,0.0,0.0,0.0,0.0,0.0,0.0,0.0,0.0,0.0
C0__lamarckian__s7,C0__lamarckian,C0,C0,lamarckian,7,350,train,41,1.3414634146341464,4,10,60.19452132567827,0.9166666666666666,0.0,393.0,0.0,0.0,0.0,38.0,0.0,0.0,0.0,109.0,0.0,0.0,0.0,18.0,0.0,0.0,0.0,0.0,0.0,0.0,0.0,0.0,0.0,0.0,0.0
C0__lamarckian__s7,C0__lamarckian,C0,C0,lamarckian,7,400,train,45,1.4,10,6,42.102490306976165,0.9583333333333334,0.0,297.0,0.0,0.0,0.0,126.0,0.0,0.0,0.0,113.0,0.0,0.0,0.0,20.0,0.0,0.0,0.0,0.0,0.0,0.0,0.0,0.0,0.0,0.0,0.0
C0__lamarckian__s7,C0__lamarckian,C0,C0,lamarckian,7,450,train,41,1.4878048780487805,4,8,41.91220710055285,1.0,0.0,241.0,0.0,0.0,0.0,97.0,0.0,0.0,0.0,101.0,0.0,0.0,0.0,16.0,0.0,0.0,0.0,0.0,0.0,0.0,0.0,0.0,0.0,0.0,0.0
C0__lamarckian__s7,C0__lamarckian,C0,C0,lamarckian,7,500,train,34,1.911764705882353,4,11,37.43485426186746,1.0,0.0,264.0,0.0,0.0,0.0,46.0,0.0,0.0,0.0,107.0,0.0,0.0,0.0,15.0,0.0,0.0,0.0,0.0,0.0,0.0,0.0,0.0,0.0,0.0,0.0
C0__lamarckian__s7,C0__lamarckian,C0,C0,lamarckian,7,550,train,30,2.2,3,7,37.897323915136,1.0,0.0,259.0,0.0,0.0,0.0,98.0,0.0,0.0,0.0,112.0,0.0,0.0,0.0,27.0,0.0,0.0,0.0,0.0,0.0,0.0,0.0,0.0,0.0,0.0,0.0
C0__lamarckian__s7,C0__lamarckian,C0,C0,lamarckian,7,600,train,34,2.676470588235294,9,5,29.93194814737671,0.9791666666666666,0.0,271.0,0.0,0.0,0.0,29.0,0.0,0.0,0.0,129.0,0.0,0.0,0.0,17.0,0.0,0.0,0.0,0.0,0.0,0.0,0.0,0.0,0.0,0.0,0.0
C0__lamarckian__s7,C0__lamarckian,C0,C0,lamarckian,7,650,train,35,3.0285714285714285,4,3,52.04572593988587,0.8958333333333334,0.0,235.0,0.0,0.0,0.0,36.0,0.0,0.0,0.0,120.0,0.0,0.0,0.0,15.0,0.0,0.0,0.0,0.0,0.0,0.0,0.0,0.0,0.0,0.0,0.0
C0__lamarckian__s7,C0__lamarckian,C0,C0,lamarckian,7,700,train,39,3.1025641025641026,5,1,29.35352880426987,0.9791666666666666,0.0,349.0,0.0,0.0,0.0,94.0,0.0,0.0,0.0,147.0,0.0,0.0,0.0,26.0,0.0,0.0,0.0,0.0,0.0,0.0,0.0,0.0,0.0,0.0,0.0
C0__lamarckian__s7,C0__lamarckian,C0,C0,lamarckian,7,750,train,33,3.0606060606060606,1,7,33.43157786190843,1.0,0.0,326.0,0.0,0.0,0.0,53.0,0.0,0.0,0.0,141.0,0.0,0.0,0.0,27.0,0.0,0.0,0.0,0.0,0.0,0.0,0.0,0.0,0.0,0.0,0.0
C0__lamarckian__s7,C0__lamarckian,C0,C0,lamarckian,7,800,train,31,3.096774193548387,3,5,48.78820037051619,0.9791666666666666,0.0,314.0,0.0,0.0,0.0,41.0,0.0,0.0,0.0,136.0,0.0,0.0,0.0,17.0,0.0,0.0,0.0,0.0,0.0,0.0,0.0,0.0,0.0,0.0,0.0
C0__lamarckian__s7,C0__lamarckian,C0,C0,lamarckian,7,850,train,31,3.161290322580645,3,3,57.37734214873588,0.9375,0.0,246.0,0.0,0.0,0.0,46.0,0.0,0.0,0.0,128.0,0.0,0.0,0.0,19.0,0.0,0.0,0.0,0.0,0.0,0.0,0.0,0.0,0.0,0.0,0.0
C0__lamarckian__s7,C0__lamarckian,C0,C0,lamarckian,7,900,train,34,3.4705882352941178,7,4,33.50548850791708,0.9583333333333334,0.0,318.0,0.0,0.0,0.0,51.0,0.0,0.0,0.0,138.0,0.0,0.0,0.0,26.0,0.0,0.0,0.0,0.0,0.0,0.0,0.0,0.0,0.0,0.0,0.0
C0__lamarckian__s7,C0__lamarckian,C0,C0,lamarckian,7,950,train,34,3.588235294117647,4,4,30.40532943163353,0.9791666666666666,0.0,244.0,0.0,0.0,0.0,48.0,0.0,0.0,0.0,124.0,0.0,0.0,0.0,24.0,0.0,0.0,0.0,0.0,0.0,0.0,0.0,0.0,0.0,0.0,0.0
C0__lamarckian__s7,C0__lamarckian,C0,C0,lamarckian,7,1000,train,30,3.7,2,6,76.26654571924252,0.8333333333333334,0.0,276.0,0.0,0.0,0.0,40.0,0.0,0.0,0.0,126.0,0.0,0.0,0.0,16.0,0.0,0.0,0.0,0.0,0.0,0.0,0.0,0.0,0.0,0.0,0.0
C0__lamarckian__s7,C0__lamarckian,C0,C0,lamarckian,7,1050,train,38,3.8684210526315788,8,0,43.56601131257946,0.9375,0.0,283.0,0.0,0.0,0.0,38.0,0.0,0.0,0.0,128.0,0.0,0.0,0.0,22.0,0.0,0.0,0.0,0.0,0.0,0.0,0.0,0.0,0.0,0.0,0.0
C0__lamarckian__s7,C0__lamarckian,C0,C0,lamarckian,7,1100,train,32,3.96875,2,8,27.73262852033954,0.9791666666666666,0.0,375.0,0.0,0.0,0.0,50.0,0.0,0.0,0.0,145.0,0.0,0.0,0.0,23.0,0.0,0.0,0.0,0.0,0.0,0.0,0.0,0.0,0.0,0.0,0.0
C0__lamarckian__s7,C0__lamarckian,C0,C0,lamarckian,7,1150,train,33,4.0,5,4,45.08061197904244,0.9583333333333334,0.0,328.0,0.0,0.0,0.0,67.0,0.0,0.0,0.0,124.0,0.0,0.0,0.0,21.0,0.0,0.0,0.0,0.0,0.0,0.0,0.0,0.0,0.0,0.0,0.0
C0__lamarckian__s7,C0__lamarckian,C0,C0,lamarckian,7,1200,train,34,4.294117647058823,6,5,43.82025549108216,0.9583333333333334,0.0,385.0,0.0,0.0,0.0,42.0,0.0,0.0,0.0,137.0,0.0,0.0,0.0,23.0,0.0,0.0,0.0,0.0,0.0,0.0,0.0,0.0,0.0,0.0,0.0
C0__lamarckian__s7,C0__lamarckian,C0,C0,lamarckian,7,1250,train,33,4.333333333333333,2,3,35.73785773091001,0.9791666666666666,0.0,304.0,0.0,0.0,0.0,55.0,0.0,0.0,0.0,131.0,0.0,0.0,0.0,28.0,0.0,0.0,0.0,0.0,0.0,0.0,0.0,0.0,0.0,0.0,0.0
C0__lamarckian__s7,C0__lamarckian,C0,C0,lamarckian,7,1300,train,36,4.5,5,2,31.96457508999262,0.9791666666666666,0.0,233.0,0.0,0.0,0.0,46.0,0.0,0.0,0.0,135.0,0.0,0.0,0.0,22.0,0.0,0.0,0.0,0.0,0.0,0.0,0.0,0.0,0.0,0.0,0.0
C0__lamarckian__s7,C0__lamarckian,C0,C0,lamarckian,7,1350,train,35,4.571428571428571,2,3,30.099039031270824,0.9791666666666666,0.0,299.0,0.0,0.0,0.0,51.0,0.0,0.0,0.0,131.0,0.0,0.0,0.0,23.0,0.0,0.0,0.0,0.0,0.0,0.0,0.0,0.0,0.0,0.0,0.0
C0__lamarckian__s7,C0__lamarckian,C0,C0,lamarckian,7,1400,train,30,4.7,2,7,40.707479280580536,0.9583333333333334,0.0,330.0,0.0,0.0,0.0,56.0,0.0,0.0,0.0,133.0,0.0,0.0,0.0,24.0,0.0,0.0,0.0,0.0,0.0,0.0,0.0,0.0,0.0,0.0,0.0
C0__lamarckian__s7,C0__lamarckian,C0,C0,lamarckian,7,1450,train,30,4.833333333333333,4,4,58.54736327206237,0.8958333333333334,0.0,315.0,0.0,0.0,0.0,37.0,0.0,0.0,0.0,134.0,0.0,0.0,0.0,17.0,0.0,0.0,0.0,0.0,0.0,0.0,0.0,0.0,0.0,0.0,0.0
C0__lamarckian__s7,C0__lamarckian,C0,C0,lamarckian,7,1500,train,38,5.078947368421052,9,1,42.63343785833299,0.9583333333333334,0.0,342.0,0.0,0.0,0.0,38.0,0.0,0.0,0.0,132.0,0.0,0.0,0.0,22.0,0.0,0.0,0.0,0.0,0.0,0.0,0.0,0.0,0.0,0.0,0.0
C0__lamarckian__s7,C0__lamarckian,C0,C0,lamarckian,7,1550,eval,35,5.228571428571429,3,6,39.236079082532726,0.9791666666666666,0.0,418.0,0.0,0.0,0.0,48.0,0.0,0.0,0.0,126.0,0.0,0.0,0.0,18.0,0.0,0.0,0.0,0.0,0.0,0.0,0.0,0.0,0.0,0.0,0.0
C0__lamarckian__s7,C0__lamarckian,C0,C0,lamarckian,7,1600,eval,33,5.242424242424242,2,4,30.281492483714153,0.9791666666666666,0.0,433.0,0.0,0.0,0.0,64.0,0.0,0.0,0.0,130.0,0.0,0.0,0.0,20.0,0.0,0.0,0.0,0.0,0.0,0.0,0.0,0.0,0.0,0.0,0.0
C0__lamarckian__s7,C0__lamarckian,C0,C0,lamarckian,7,1650,eval,29,5.344827586206897,3,7,35.45172894009627,0.9791666666666666,0.0,464.0,0.0,0.0,0.0,81.0,0.0,0.0,0.0,137.0,0.0,0.0,0.0,18.0,0.0,0.0,0.0,0.0,0.0,0.0,0.0,0.0,0.0,0.0,0.0
C0__lamarckian__s7,C0__lamarckian,C0,C0,lamarckian,7,1700,eval,30,5.5,5,4,43.316847554503255,1.0,0.0,398.0,0.0,0.0,0.0,65.0,0.0,0.0,0.0,117.0,0.0,0.0,0.0,21.0,0.0,0.0,0.0,0.0,0.0,0.0,0.0,0.0,0.0,0.0,0.0
C0__lamarckian__s7,C0__lamarckian,C0,C0,lamarckian,7,1750,eval,35,5.742857142857143,6,1,44.85278631135492,0.9375,0.0,433.0,0.0,0.0,0.0,65.0,0.0,0.0,0.0,126.0,0.0,0.0,0.0,19.0,0.0,0.0,0.0,0.0,0.0,0.0,0.0,0.0,0.0,0.0,0.0
C0__lamarckian__s7,C0__lamarckian,C0,C0,lamarckian,7,1800,eval,39,6.0,9,5,47.34214708466773,0.8958333333333334,0.0,408.0,0.0,0.0,0.0,110.0,0.0,0.0,0.0,122.0,0.0,0.0,0.0,30.0,0.0,0.0,0.0,0.0,0.0,0.0,0.0,0.0,0.0,0.0,0.0
C0__lamarckian__s8,C0__lamarckian,C0,C0,lamarckian,8,50,train,50,0.8,30,0,48.821307954755746,0.9166666666666666,0.0,511.0,0.0,0.0,0.0,22.0,0.0,0.0,0.0,104.0,0.0,0.0,0.0,13.0,0.0,0.0,0.0,0.0,0.0,0.0,0.0,0.0,0.0,0.0,0.0
C0__lamarckian__s8,C0__lamarckian,C0,C0,lamarckian,8,100,train,50,0.8,3,3,46.25676343685768,0.9583333333333334,0.0,449.0,0.0,0.0,0.0,14.0,0.0,0.0,0.0,86.0,0.0,0.0,0.0,9.0,0.0,0.0,0.0,0.0,0.0,0.0,0.0,0.0,0.0,0.0,0.0
C0__lamarckian__s8,C0__lamarckian,C0,C0,lamarckian,8,150,train,50,0.84,8,8,30.567000099442303,1.0,0.0,382.0,0.0,0.0,0.0,65.0,0.0,0.0,0.0,98.0,0.0,0.0,0.0,19.0,0.0,0.0,0.0,0.0,0.0,0.0,0.0,0.0,0.0,0.0,0.0
C0__lamarckian__s8,C0__lamarckian,C0,C0,lamarckian,8,200,train,50,0.96,5,5,42.99090227788675,0.9583333333333334,0.0,408.0,0.0,0.0,0.0,13.0,0.0,0.0,0.0,105.0,0.0,0.0,0.0,11.0,0.0,0.0,0.0,0.0,0.0,0.0,0.0,0.0,0.0,0.0,0.0
C0__lamarckian__s8,C0__lamarckian,C0,C0,lamarckian,8,250,train,50,1.18,11,11,26.59503996372612,1.0,0.0,391.0,0.0,0.0,0.0,70.0,0.0,0.0,0.0,124.0,0.0,0.0,0.0,21.0,0.0,0.0,0.0,0.0,0.0,0.0,0.0,0.0,0.0,0.0,0.0
C0__lamarckian__s8,C0__lamarckian,C0,C0,lamarckian,8,300,train,48,1.3541666666666667,6,8,45.40992381871787,0.9583333333333334,0.0,312.0,0.0,0.0,0.0,79.0,0.0,0.0,0.0,110.0,0.0,0.0,0.0,18.0,0.0,0.0,0.0,0.0,0.0,0.0,0.0,0.0,0.0,0.0,0.0
C0__lamarckian__s8,C0__lamarckian,C0,C0,lamarckian,8,350,train,43,1.5348837209302326,6,11,31.79636945484729,0.9791666666666666,0.0,368.0,0.0,0.0,0.0,75.0,0.0,0.0,0.0,118.0,0.0,0.0,0.0,18.0,0.0,0.0,0.0,0.0,0.0,0.0,0.0,0.0,0.0,0.0,0.0
C0__lamarckian__s8,C0__lamarckian,C0,C0,lamarckian,8,400,train,39,1.5384615384615385,3,7,30.343512898984727,1.0,0.0,301.0,0.0,0.0,0.0,50.0,0.0,0.0,0.0,123.0,0.0,0.0,0.0,15.0,0.0,0.0,0.0,0.0,0.0,0.0,0.0,0.0,0.0,0.0,0.0
C0__lamarckian__s8,C0__lamarckian,C0,C0,lamarckian,8,450,train,40,1.625,3,2,30.76923498574407,0.9791666666666666,0.0,325.0,0.0,0.0,0.0,70.0,0.0,0.0,0.0,114.0,0.0,0.0,0.0,19.0,0.0,0.0,0.0,0.0,0.0,0.0,0.0,0.0,0.0,0.0,0.0
C0__lamarckian__s8,C0__lamarckian,C0,C0,lamarckian,8,500,train,34,1.8235294117647058,2,8,38.527572024265936,0.9791666666666666,0.0,350.0,0.0,0.0,0.0,85.0,0.0,0.0,0.0,122.0,0.0,0.0,0.0,23.0,0.0,0.0,0.0,0.0,0.0,0.0,0.0,0.0,0.0,0.0,0.0
C0__lamarckian__s8,C0__lamarckian,C0,C0,lamarckian,8,550,train,32,2.4375,8,10,46.498473563946476,0.9375,0.0,272.0,0.0,0.0,0.0,58.0,0.0,0.0,0.0,123.0,0.0,0.0,0.0,13.0,0.0,0.0,0.0,0.0,0.0,0.0,0.0,0.0,0.0,0.0,0.0
C0__lamarckian__s8,C0__lamarckian,C0,C0,lamarckian,8,600,train,36,2.7777777777777777,6,2,26.37489998827947,0.9791666666666666,0.0,324.0,0.0,0.0,0.0,33.0,0.0,0.0,0.0,128.0,0.0,0.0,0.0,20.0,0.0,0.0,0.0,0.0,0.0,0.0,0.0,0.0,0.0,0.0,0.0
C0__lamarckian__s8,C0__lamarckian,C0,C0,lamarckian,8,650,train,39,2.871794871794872,4,1,32.384261868498314,1.0,0.0,321.0,0.0,0.0,0.0,27.0,0.0,0.0,0.0,119.0,0.0,0.0,0.0,10.0,0.0,0.0,0.0,0.0,0.0,0.0,0.0,0.0,0.0,0.0,0.0
C0__lamarckian__s8,C0__lamarckian,C0,C0,lamarckian,8,700,train,39,2.8461538461538463,4,4,26.48160611183042,1.0,0.0,268.0,0.0,0.0,0.0,38.0,0.0,0.0,0.0,135.0,0.0,0.0,0.0,14.0,0.0,0.0,0.0,0.0,0.0,0.0,0.0,0.0,0.0,0.0,0.0
C0__lamarckian__s8,C0__lamarckian,C0,C0,lamarckian,8,750,train,37,3.108108108108108,5,7,39.1843975515563,1.0,0.0,243.0,0.0,0.0,0.0,65.0,0.0,0.0,0.0,114.0,0.0,0.0,0.0,18.0,0.0,0.0,0.0,0.0,0.0,0.0,0.0,0.0,0.0,0.0,0.0
C0__lamarckian__s8,C0__lamarckian,C0,C0,lamarckian,8,800,train,34,3.2058823529411766,2,5,55.2977502542977,0.9583333333333334,0.0,308.0,0.0,0.0,0.0,94.0,0.0,0.0,0.0,121.0,0.0,0.0,0.0,20.0,0.0,0.0,0.0,0.0,0.0,0.0,0.0,0.0,0.0,0.0,0.0
C0__lamarckian__s8,C0__lamarckian,C0,C0,lamarckian,8,850,train,34,3.6176470588235294,6,6,52.309436723330194,0.9583333333333334,0.0,389.0,0.0,0.0,0.0,51.0,0.0,0.0,0.0,126.0,0.0,0.0,0.0,17.0,0.0,0.0,0.0,0.0,0.0,0.0,0.0,0.0,0.0,0.0,0.0
C0__lamarckian__s8,C0__lamarckian,C0,C0,lamarckian,8,900,train,37,3.810810810810811,6,3,43.33103018214857,0.9375,0.0,311.0,0.0,0.0,0.0,74.0,0.0,0.0,0.0,121.0,0.0,0.0,0.0,23.0,0.0,0.0,0.0,0.0,0.0,0.0,0.0,0.0,0.0,0.0,0.0
C0__lamarckian__s8,C0__lamarckian,C0,C0,lamarckian,8,950,train,39,3.923076923076923,4,2,33.500401108279775,0.9583333333333334,0.0,378.0,0.0,0.0,0.0,40.0,0.0,0.0,0.0,140.0,0.0,0.0,0.0,19.0,0.0,0.0,0.0,0.0,0.0,0.0,0.0,0.0,0.0,0.0,0.0
C0__lamarckian__s8,C0__lamarckian,C0,C0,lamarckian,8,1000,train,35,4.085714285714285,3,7,32.463998096681784,1.0,0.0,325.0,0.0,0.0,0.0,64.0,0.0,0.0,0.0,127.0,0.0,0.0,0.0,19.0,0.0,0.0,0.0,0.0,0.0,0.0,0.0,0.0,0.0,0.0,0.0
C0__lamarckian__s8,C0__lamarckian,C0,C0,lamarckian,8,1050,train,32,4.21875,4,7,44.44424626429555,0.9583333333333334,0.0,378.0,0.0,0.0,0.0,51.0,0.0,0.0,0.0,140.0,0.0,0.0,0.0,18.0,0.0,0.0,0.0,0.0,0.0,0.0,0.0,0.0,0.0,0.0,0.0
C0__lamarckian__s8,C0__lamarckian,C0,C0,lamarckian,8,1100,train,39,4.589743589743589,12,5,44.360827353684556,0.9583333333333334,0.0,303.0,0.0,0.0,0.0,69.0,0.0,0.0,0.0,128.0,0.0,0.0,0.0,22.0,0.0,0.0,0.0,0.0,0.0,0.0,0.0,0.0,0.0,0.0,0.0
C0__lamarckian__s8,C0__lamarckian,C0,C0,lamarckian,8,1150,train,36,4.888888888888889,3,6,43.414434173419885,0.9791666666666666,0.0,389.0,0.0,0.0,0.0,57.0,0.0,0.0,0.0,128.0,0.0,0.0,0.0,22.0,0.0,0.0,0.0,0.0,0.0,0.0,0.0,0.0,0.0,0.0,0.0
C0__lamarckian__s8,C0__lamarckian,C0,C0,lamarckian,8,1200,train,34,5.0588235294117645,2,4,41.90541607352363,1.0,0.0,423.0,0.0,0.0,0.0,27.0,0.0,0.0,0.0,130.0,0.0,0.0,0.0,18.0,0.0,0.0,0.0,0.0,0.0,0.0,0.0,0.0,0.0,0.0,0.0
C0__lamarckian__s8,C0__lamarckian,C0,C0,lamarckian,8,1250,train,37,5.324324324324325,7,4,41.08932001361575,0.9583333333333334,0.0,420.0,0.0,0.0,0.0,46.0,0.0,0.0,0.0,140.0,0.0,0.0,0.0,17.0,0.0,0.0,0.0,0.0,0.0,0.0,0.0,0.0,0.0,0.0,0.0
C0__lamarckian__s8,C0__lamarckian,C0,C0,lamarckian,8,1300,train,37,5.513513513513513,4,4,36.04570822968629,0.9791666666666666,0.0,301.0,0.0,0.0,0.0,63.0,0.0,0.0,0.0,123.0,0.0,0.0,0.0,20.0,0.0,0.0,0.0,0.0,0.0,0.0,0.0,0.0,0.0,0.0,0.0
C0__lamarckian__s8,C0__lamarckian,C0,C0,lamarckian,8,1350,train,34,5.735294117647059,2,5,38.72417471794638,0.9583333333333334,0.0,423.0,0.0,0.0,0.0,33.0,0.0,0.0,0.0,129.0,0.0,0.0,0.0,12.0,0.0,0.0,0.0,0.0,0.0,0.0,0.0,0.0,0.0,0.0,0.0
C0__lamarckian__s8,C0__lamarckian,C0,C0,lamarckian,8,1400,train,35,5.942857142857143,7,6,33.08369248171516,1.0,0.0,351.0,0.0,0.0,0.0,30.0,0.0,0.0,0.0,131.0,0.0,0.0,0.0,17.0,0.0,0.0,0.0,0.0,0.0,0.0,0.0,0.0,0.0,0.0,0.0
C0__lamarckian__s8,C0__lamarckian,C0,C0,lamarckian,8,1450,train,33,6.121212121212121,1,3,32.371087347312454,0.9791666666666666,0.0,362.0,0.0,0.0,0.0,50.0,0.0,0.0,0.0,132.0,0.0,0.0,0.0,20.0,0.0,0.0,0.0,0.0,0.0,0.0,0.0,0.0,0.0,0.0,0.0
C0__lamarckian__s8,C0__lamarckian,C0,C0,lamarckian,8,1500,train,35,6.171428571428572,4,2,34.259686060895646,0.9791666666666666,0.0,350.0,0.0,0.0,0.0,62.0,0.0,0.0,0.0,138.0,0.0,0.0,0.0,15.0,0.0,0.0,0.0,0.0,0.0,0.0,0.0,0.0,0.0,0.0,0.0
C0__lamarckian__s8,C0__lamarckian,C0,C0,lamarckian,8,1550,eval,37,6.243243243243243,5,3,42.21347009291902,0.9583333333333334,0.0,376.0,0.0,0.0,0.0,105.0,0.0,0.0,0.0,106.0,0.0,0.0,0.0,22.0,0.0,0.0,0.0,0.0,0.0,0.0,0.0,0.0,0.0,0.0,0.0
C0__lamarckian__s8,C0__lamarckian,C0,C0,lamarckian,8,1600,eval,26,6.461538461538462,2,13,42.11331804839093,0.9583333333333334,0.0,359.0,0.0,0.0,0.0,93.0,0.0,0.0,0.0,119.0,0.0,0.0,0.0,20.0,0.0,0.0,0.0,0.0,0.0,0.0,0.0,0.0,0.0,0.0,0.0
C0__lamarckian__s8,C0__lamarckian,C0,C0,lamarckian,8,1650,eval,27,6.703703703703703,3,2,43.684949420485566,0.9583333333333334,0.0,312.0,0.0,0.0,0.0,67.0,0.0,0.0,0.0,118.0,0.0,0.0,0.0,20.0,0.0,0.0,0.0,0.0,0.0,0.0,0.0,0.0,0.0,0.0,0.0
C0__lamarckian__s8,C0__lamarckian,C0,C0,lamarckian,8,1700,eval,33,6.878787878787879,8,2,34.697548405784865,1.0,0.0,330.0,0.0,0.0,0.0,106.0,0.0,0.0,0.0,115.0,0.0,0.0,0.0,25.0,0.0,0.0,0.0,0.0,0.0,0.0,0.0,0.0,0.0,0.0,0.0
C0__lamarckian__s8,C0__lamarckian,C0,C0,lamarckian,8,1750,eval,37,7.054054054054054,8,4,35.298000089954954,0.9375,0.0,328.0,0.0,0.0,0.0,71.0,0.0,0.0,0.0,124.0,0.0,0.0,0.0,18.0,0.0,0.0,0.0,0.0,0.0,0.0,0.0,0.0,0.0,0.0,0.0
C0__lamarckian__s8,C0__lamarckian,C0,C0,lamarckian,8,1800,eval,37,7.27027027027027,4,4,30.964518255138664,1.0,0.0,404.0,0.0,0.0,0.0,89.0,0.0,0.0,0.0,125.0,0.0,0.0,0.0,22.0,0.0,0.0,0.0,0.0,0.0,0.0,0.0,0.0,0.0,0.0,0.0
C0__lamarckian__s9,C0__lamarckian,C0,C0,lamarckian,9,50,train,50,0.76,30,0,55.29717689092776,0.8958333333333334,0.0,382.0,0.0,0.0,0.0,53.0,0.0,0.0,0.0,111.0,0.0,0.0,0.0,15.0,0.0,0.0,0.0,0.0,0.0,0.0,0.0,0.0,0.0,0.0,0.0
C0__lamarckian__s9,C0__lamarckian,C0,C0,lamarckian,9,100,train,50,0.76,1,1,41.5327730985046,0.9375,0.0,342.0,0.0,0.0,0.0,80.0,0.0,0.0,0.0,83.0,0.0,0.0,0.0,18.0,0.0,0.0,0.0,0.0,0.0,0.0,0.0,0.0,0.0,0.0,0.0
C0__lamarckian__s9,C0__lamarckian,C0,C0,lamarckian,9,150,train,50,0.74,12,12,33.829508912966844,0.9583333333333334,0.0,335.0,0.0,0.0,0.0,67.0,0.0,0.0,0.0,90.0,0.0,0.0,0.0,24.0,0.0,0.0,0.0,0.0,0.0,0.0,0.0,0.0,0.0,0.0,0.0
C0__lamarckian__s9,C0__lamarckian,C0,C0,lamarckian,9,200,train,50,0.84,6,6,55.242735796174074,0.9166666666666666,0.0,242.0,0.0,0.0,0.0,78.0,0.0,0.0,0.0,68.0,0.0,0.0,0.0,30.0,0.0,0.0,0.0,0.0,0.0,0.0,0.0,0.0,0.0,0.0,0.0
C0__lamarckian__s9,C0__lamarckian,C0,C0,lamarckian,9,250,train,50,0.94,8,8,33.978687530419585,0.9583333333333334,0.0,289.0,0.0,0.0,0.0,41.0,0.0,0.0,0.0,94.0,0.0,0.0,0.0,23.0,0.0,0.0,0.0,0.0,0.0,0.0,0.0,0.0,0.0,0.0,0.0
C0__lamarckian__s9,C0__lamarckian,C0,C0,lamarckian,9,300,train,50,1.08,9,9,32.87203972935623,0.9583333333333334,0.0,322.0,0.0,0.0,0.0,71.0,0.0,0.0,0.0,103.0,0.0,0.0,0.0,27.0,0.0,0.0,0.0,0.0,0.0,0.0,0.0,0.0,0.0,0.0,0.0
C0__lamarckian__s9,C0__lamarckian,C0,C0,lamarckian,9,350,train,50,1.12,7,7,46.55005674173361,1.0,0.0,279.0,0.0,0.0,0.0,47.0,0.0,0.0,0.0,84.0,0.0,0.0,0.0,22.0,0.0,0.0,0.0,0.0,0.0,0.0,0.0,0.0,0.0,0.0,0.0
C0__lamarckian__s9,C0__lamarckian,C0,C0,lamarckian,9,400,train,50,1.3,8,8,36.477289400507736,0.9791666666666666,0.0,222.0,0.0,0.0,0.0,71.0,0.0,0.0,0.0,92.0,0.0,0.0,0.0,25.0,0.0,0.0,0.0,0.0,0.0,0.0,0.0,0.0,0.0,0.0,0.0
C0__lamarckian__s9,C0__lamarckian,C0,C0,lamarckian,9,450,train,50,1.34,4,4,22.283476494592563,1.0,0.0,259.0,0.0,0.0,0.0,60.0,0.0,0.0,0.0,103.0,0.0,0.0,0.0,22.0,0.0,0.0,0.0,0.0,0.0,0.0,0.0,0.0,0.0,0.0,0.0
C0__lamarckian__s9,C0__lamarckian,C0,C0,lamarckian,9,500,train,46,1.7608695652173914,11,15,46.64588875015687,0.9583333333333334,0.0,284.0,0.0,0.0,0.0,55.0,0.0,0.0,0.0,97.0,0.0,0.0,0.0,22.0,0.0,0.0,0.0,0.0,0.0,0.0,0.0,0.0,0.0,0.0,0.0
C0__lamarckian__s9,C0__lamarckian,C0,C0,lamarckian,9,550,train,42,1.9761904761904763,5,9,33.9660955639848,0.9791666666666666,0.0,302.0,0.0,0.0,0.0,45.0,0.0,0.0,0.0,113.0,0.0,0.0,0.0,27.0,0.0,0.0,0.0,0.0,0.0,0.0,0.0,0.0,0.0,0.0,0.0
C0__lamarckian__s9,C0__lamarckian,C0,C0,lamarckian,9,600,train,40,2.15,3,5,18.388606453860216,1.0,0.0,254.0,0.0,0.0,0.0,45.0,0.0,0.0,0.0,118.0,0.0,0.0,0.0,28.0,0.0,0.0,0.0,0.0,0.0,0.0,0.0,0.0,0.0,0.0,0.0
C0__lamarckian__s9,C0__lamarckian,C0,C0,lamarckian,9,650,train,29,2.2413793103448274,1,12,35.915357331703746,0.9791666666666666,0.0,244.0,0.0,0.0,0.0,52.0,0.0,0.0,0.0,109.0,0.0,0.0,0.0,22.0,0.0,0.0,0.0,0.0,0.0,0.0,0.0,0.0,0.0,0.0,0.0
C0__lamarckian__s9,C0__lamarckian,C0,C0,lamarckian,9,700,train,33,2.696969696969697,7,3,32.88182557078434,0.9791666666666666,0.0,209.0,0.0,0.0,0.0,60.0,0.0,0.0,0.0,107.0,0.0,0.0,0.0,29.0,0.0,0.0,0.0,0.0,0.0,0.0,0.0,0.0,0.0,0.0,0.0
C0__lamarckian__s9,C0__lamarckian,C0,C0,lamarckian,9,750,train,34,2.911764705882353,4,3,48.844347867607,0.9166666666666666,0.0,170.0,0.0,0.0,0.0,59.0,0.0,0.0,0.0,116.0,0.0,0.0,0.0,27.0,0.0,0.0,0.0,0.0,0.0,0.0,0.0,0.0,0.0,0.0,0.0
C0__lamarckian__s9,C0__lamarckian,C0,C0,lamarckian,9,800,train,38,3.289473684210526,8,4,31.45466827123348,1.0,0.0,173.0,0.0,0.0,0.0,98.0,0.0,0.0,0.0,99.0,0.0,0.0,0.0,31.0,0.0,0.0,0.0,0.0,0.0,0.0,0.0,0.0,0.0,0.0,0.0
C0__lamarckian__s9,C0__lamarckian,C0,C0,lamarckian,9,850,train,40,3.425,4,2,57.30905665606642,0.8958333333333334,0.0,217.0,0.0,0.0,0.0,64.0,0.0,0.0,0.0,111.0,0.0,0.0,0.0,26.0,0.0,0.0,0.0,0.0,0.0,0.0,0.0,0.0,0.0,0.0,0.0
C0__lamarckian__s9,C0__lamarckian,C0,C0,lamarckian,9,900,train,45,3.8222222222222224,8,3,23.971326404501763,1.0,0.0,270.0,0.0,0.0,0.0,96.0,0.0,0.0,0.0,125.0,0.0,0.0,0.0,33.0,0.0,0.0,0.0,0.0,0.0,0.0,0.0,0.0,0.0,0.0,0.0
C0__lamarckian__s9,C0__lamarckian,C0,C0,lamarckian,9,950,train,43,3.9069767441860463,1,3,23.368136240226285,1.0,0.0,244.0,0.0,0.0,0.0,67.0,0.0,0.0,0.0,114.0,0.0,0.0,0.0,22.0,0.0,0.0,0.0,0.0,0.0,0.0,0.0,0.0,0.0,0.0,0.0
C0__lamarckian__s9,C0__lamarckian,C0,C0,lamarckian,9,1000,train,40,4.25,3,6,46.87065031207412,1.0,0.0,191.0,0.0,0.0,0.0,62.0,0.0,0.0,0.0,104.0,0.0,0.0,0.0,27.0,0.0,0.0,0.0,0.0,0.0,0.0,0.0,0.0,0.0,0.0,0.0
C0__lamarckian__s9,C0__lamarckian,C0,C0,lamarckian,9,1050,train,38,4.447368421052632,3,5,62.57607005824113,0.8958333333333334,0.0,221.0,0.0,0.0,0.0,90.0,0.0,0.0,0.0,113.0,0.0,0.0,0.0,32.0,0.0,0.0,0.0,0.0,0.0,0.0,0.0,0.0,0.0,0.0,0.0
C0__lamarckian__s9,C0__lamarckian,C0,C0,lamarckian,9,1100,train,38,4.605263157894737,6,6,36.11345840096248,1.0,0.0,251.0,0.0,0.0,0.0,53.0,0.0,0.0,0.0,129.0,0.0,0.0,0.0,20.0,0.0,0.0,0.0,0.0,0.0,0.0,0.0,0.0,0.0,0.0,0.0
C0__lamarckian__s9,C0__lamarckian,C0,C0,lamarckian,9,1150,train,38,4.842105263157895,4,4,56.93700220936674,0.9375,0.0,233.0,0.0,0.0,0.0,50.0,0.0,0.0,0.0,117.0,0.0,0.0,0.0,28.0,0.0,0.0,0.0,0.0,0.0,0.0,0.0,0.0,0.0,0.0,0.0
C0__lamarckian__s9,C0__lamarckian,C0,C0,lamarckian,9,1200,train,37,4.972972972972973,5,6,35.02036443948459,1.0,0.0,207.0,0.0,0.0,0.0,109.0,0.0,0.0,0.0,129.0,0.0,0.0,0.0,32.0,0.0,0.0,0.0,0.0,0.0,0.0,0.0,0.0,0.0,0.0,0.0
C0__lamarckian__s9,C0__lamarckian,C0,C0,lamarckian,9,1250,train,32,5.15625,1,6,53.14526071351813,0.9375,0.0,261.0,0.0,0.0,0.0,58.0,0.0,0.0,0.0,122.0,0.0,0.0,0.0,22.0,0.0,0.0,0.0,0.0,0.0,0.0,0.0,0.0,0.0,0.0,0.0
C0__lamarckian__s9,C0__lamarckian,C0,C0,lamarckian,9,1300,train,30,5.633333333333334,7,9,43.7318844081299,0.9791666666666666,0.0,269.0,0.0,0.0,0.0,74.0,0.0,0.0,0.0,125.0,0.0,0.0,0.0,27.0,0.0,0.0,0.0,0.0,0.0,0.0,0.0,0.0,0.0,0.0,0.0
C0__lamarckian__s9,C0__lamarckian,C0,C0,lamarckian,9,1350,train,32,5.96875,6,4,54.404248003391004,0.9791666666666666,0.0,236.0,0.0,0.0,0.0,60.0,0.0,0.0,0.0,124.0,0.0,0.0,0.0,23.0,0.0,0.0,0.0,0.0,0.0,0.0,0.0,0.0,0.0,0.0,0.0
C0__lamarckian__s9,C0__lamarckian,C0,C0,lamarckian,9,1400,train,37,6.351351351351352,8,3,69.30507047870444,0.9166666666666666,0.0,240.0,0.0,0.0,0.0,45.0,0.0,0.0,0.0,115.0,0.0,0.0,0.0,23.0,0.0,0.0,0.0,0.0,0.0,0.0,0.0,0.0,0.0,0.0,0.0
C0__lamarckian__s9,C0__lamarckian,C0,C0,lamarckian,9,1450,train,42,6.428571428571429,5,0,19.671278778776134,1.0,0.0,264.0,0.0,0.0,0.0,109.0,0.0,0.0,0.0,139.0,0.0,0.0,0.0,35.0,0.0,0.0,0.0,0.0,0.0,0.0,0.0,0.0,0.0,0.0,0.0
C0__lamarckian__s9,C0__lamarckian,C0,C0,lamarckian,9,1500,train,44,6.5,3,1,29.0159154359991,0.9583333333333334,0.0,262.0,0.0,0.0,0.0,103.0,0.0,0.0,0.0,114.0,0.0,0.0,0.0,29.0,0.0,0.0,0.0,0.0,0.0,0.0,0.0,0.0,0.0,0.0,0.0
C0__lamarckian__s9,C0__lamarckian,C0,C0,lamarckian,9,1550,eval,40,6.625,1,5,30.902992125969245,0.9791666666666666,0.0,305.0,0.0,0.0,0.0,68.0,0.0,0.0,0.0,126.0,0.0,0.0,0.0,36.0,0.0,0.0,0.0,0.0,0.0,0.0,0.0,0.0,0.0,0.0,0.0
C0__lamarckian__s9,C0__lamarckian,C0,C0,lamarckian,9,1600,eval,27,6.814814814814815,0,13,36.338132040736724,1.0,0.0,315.0,0.0,0.0,0.0,68.0,0.0,0.0,0.0,132.0,0.0,0.0,0.0,30.0,0.0,0.0,0.0,0.0,0.0,0.0,0.0,0.0,0.0,0.0,0.0
C0__lamarckian__s9,C0__lamarckian,C0,C0,lamarckian,9,1650,eval,31,7.064516129032258,6,2,28.526622318290222,0.9791666666666666,0.0,281.0,0.0,0.0,0.0,51.0,0.0,0.0,0.0,144.0,0.0,0.0,0.0,19.0,0.0,0.0,0.0,0.0,0.0,0.0,0.0,0.0,0.0,0.0,0.0
C0__lamarckian__s9,C0__lamarckian,C0,C0,lamarckian,9,1700,eval,31,7.387096774193548,5,5,54.83925472073342,0.9375,0.0,289.0,0.0,0.0,0.0,71.0,0.0,0.0,0.0,108.0,0.0,0.0,0.0,30.0,0.0,0.0,0.0,0.0,0.0,0.0,0.0,0.0,0.0,0.0,0.0
C0__lamarckian__s9,C0__lamarckian,C0,C0,lamarckian,9,1750,eval,35,7.485714285714286,5,1,24.189684760375883,0.9791666666666666,0.0,311.0,0.0,0.0,0.0,66.0,0.0,0.0,0.0,138.0,0.0,0.0,0.0,30.0,0.0,0.0,0.0,0.0,0.0,0.0,0.0,0.0,0.0,0.0,0.0
C0__lamarckian__s9,C0__lamarckian,C0,C0,lamarckian,9,1800,eval,32,7.875,4,7,58.85986648169419,0.9583333333333334,0.0,327.0,0.0,0.0,0.0,71.0,0.0,0.0,0.0,109.0,0.0,0.0,0.0,24.0,0.0,0.0,0.0,0.0,0.0,0.0,0.0,0.0,0.0,0.0,0.0
C0__lamarckian__s10,C0__lamarckian,C0,C0,lamarckian,10,50,train,50,0.7,30,0,62.34842741350798,0.8958333333333334,0.0,319.0,0.0,0.0,0.0,81.0,0.0,0.0,0.0,90.0,0.0,0.0,0.0,21.0,0.0,0.0,0.0,0.0,0.0,0.0,0.0,0.0,0.0,0.0,0.0
C0__lamarckian__s10,C0__lamarckian,C0,C0,lamarckian,10,100,train,50,0.7,3,3,49.56307476602029,0.9583333333333334,0.0,367.0,0.0,0.0,0.0,40.0,0.0,0.0,0.0,88.0,0.0,0.0,0.0,13.0,0.0,0.0,0.0,0.0,0.0,0.0,0.0,0.0,0.0,0.0,0.0
C0__lamarckian__s10,C0__lamarckian,C0,C0,lamarckian,10,150,train,50,0.76,6,6,27.307658182998704,1.0,0.0,361.0,0.0,0.0,0.0,99.0,0.0,0.0,0.0,88.0,0.0,0.0,0.0,21.0,0.0,0.0,0.0,0.0,0.0,0.0,0.0,0.0,0.0,0.0,0.0
C0__lamarckian__s10,C0__lamarckian,C0,C0,lamarckian,10,200,train,50,0.84,5,5,53.42717111000154,1.0,0.0,351.0,0.0,0.0,0.0,53.0,0.0,0.0,0.0,88.0,0.0,0.0,0.0,25.0,0.0,0.0,0.0,0.0,0.0,0.0,0.0,0.0,0.0,0.0,0.0
C0__lamarckian__s10,C0__lamarckian,C0,C0,lamarckian,10,250,train,50,0.98,7,7,50.689010174251024,0.9375,0.0,278.0,0.0,0.0,0.0,58.0,0.0,0.0,0.0,109.0,0.0,0.0,0.0,18.0,0.0,0.0,0.0,0.0,0.0,0.0,0.0,0.0,0.0,0.0,0.0
C0__lamarckian__s10,C0__lamarckian,C0,C0,lamarckian,10,300,train,50,1.04,9,9,54.01903716674903,0.9583333333333334,0.0,267.0,0.0,0.0,0.0,44.0,0.0,0.0,0.0,97.0,0.0,0.0,0.0,20.0,0.0,0.0,0.0,0.0,0.0,0.0,0.0,0.0,0.0,0.0,0.0
C0__lamarckian__s10,C0__lamarckian,C0,C0,lamarckian,10,350,train,50,1.1,5,5,26.902481475717494,1.0,0.0,275.0,0.0,0.0,0.0,60.0,0.0,0.0,0.0,100.0,0.0,0.0,0.0,32.0,0.0,0.0,0.0,0.0,0.0,0.0,0.0,0.0,0.0,0.0,0.0
C0__lamarckian__s10,C0__lamarckian,C0,C0,lamarckian,10,400,train,50,1.2,8,8,32.777243912204526,1.0,0.0,329.0,0.0,0.0,0.0,53.0,0.0,0.0,0.0,121.0,0.0,0.0,0.0,26.0,0.0,0.0,0.0,0.0,0.0,0.0,0.0,0.0,0.0,0.0,0.0
C0__lamarckian__s10,C0__lamarckian,C0,C0,lamarckian,10,450,train,50,1.28,7,7,33.528861761969786,0.9791666666666666,0.0,245.0,0.0,0.0,0.0,63.0,0.0,0.0,0.0,107.0,0.0,0.0,0.0,27.0,0.0,0.0,0.0,0.0,0.0,0.0,0.0,0.0,0.0,0.0,0.0
C0__lamarckian__s10,C0__lamarckian,C0,C0,lamarckian,10,500,train,36,1.6666666666666667,2,16,41.81385019789221,0.9583333333333334,0.0,229.0,0.0,0.0,0.0,54.0,0.0,0.0,0.0,102.0,0.0,0.0,0.0,30.0,0.0,0.0,0.0,0.0,0.0,0.0,0.0,0.0,0.0,0.0,0.0
C0__lamarckian__s10,C0__lamarckian,C0,C0,lamarckian,10,550,train,29,1.9655172413793103,6,13,53.78767833340187,0.9583333333333334,0.0,206.0,0.0,0.0,0.0,39.0,0.0,0.0,0.0,112.0,0.0,0.0,0.0,30.0,0.0,0.0,0.0,0.0,0.0,0.0,0.0,0.0,0.0,0.0,0.0
C0__lamarckian__s10,C0__lamarckian,C0,C0,lamarckian,10,600,train,35,2.1714285714285713,10,4,33.6856511783187,0.9791666666666666,0.0,215.0,0.0,0.0,0.0,36.0,0.0,0.0,0.0,125.0,0.0,0.0,0.0,24.0,0.0,0.0,0.0,0.0,0.0,0.0,0.0,0.0,0.0,0.0,0.0
C0__lamarckian__s10,C0__lamarckian,C0,C0,lamarckian,10,650,train,40,2.175,5,0,39.77868529423815,1.0,0.0,218.0,0.0,0.0,0.0,56.0,0.0,0.0,0.0,114.0,0.0,0.0,0.0,32.0,0.0,0.0,0.0,0.0,0.0,0.0,0.0,0.0,0.0,0.0,0.0
C0__lamarckian__s10,C0__lamarckian,C0,C0,lamarckian,10,700,train,42,2.238095238095238,3,1,36.02569228947367,1.0,0.0,235.0,0.0,0.0,0.0,24.0,0.0,0.0,0.0,123.0,0.0,0.0,0.0,18.0,0.0,0.0,0.0,0.0,0.0,0.0,0.0,0.0,0.0,0.0,0.0
C0__lamarckian__s10,C0__lamarckian,C0,C0,lamarckian,10,750,train,39,2.2051282051282053,3,6,39.88773290418918,1.0,0.0,180.0,0.0,0.0,0.0,46.0,0.0,0.0,0.0,91.0,0.0,0.0,0.0,26.0,0.0,0.0,0.0,0.0,0.0,0.0,0.0,0.0,0.0,0.0,0.0
C0__lamarckian__s10,C0__lamarckian,C0,C0,lamarckian,10,800,train,39,2.41025641025641,7,7,37.60667606649863,0.9791666666666666,0.0,180.0,0.0,0.0,0.0,39.0,0.0,0.0,0.0,114.0,0.0,0.0,0.0,21.0,0.0,0.0,0.0,0.0,0.0,0.0,0.0,0.0,0.0,0.0,0.0
C0__lamarckian__s10,C0__lamarckian,C0,C0,lamarckian,10,850,train,38,2.5526315789473686,3,4,47.95772458933879,0.9583333333333334,0.0,192.0,0.0,0.0,0.0,38.0,0.0,0.0,0.0,102.0,0.0,0.0,0.0,24.0,0.0,0.0,0.0,0.0,0.0,0.0,0.0,0.0,0.0,0.0,0.0
C0__lamarckian__s10,C0__lamarckian,C0,C0,lamarckian,10,900,train,38,2.8684210526315788,7,7,35.42473575083187,0.9791666666666666,0.0,197.0,0.0,0.0,0.0,40.0,0.0,0.0,0.0,114.0,0.0,0.0,0.0,31.0,0.0,0.0,0.0,0.0,0.0,0.0,0.0,0.0,0.0,0.0,0.0
C0__lamarckian__s10,C0__lamarckian,C0,C0,lamarckian,10,950,train,37,2.945945945945946,3,4,44.772884278667085,0.9583333333333334,0.0,184.0,0.0,0.0,0.0,25.0,0.0,0.0,0.0,107.0,0.0,0.0,0.0,20.0,0.0,0.0,0.0,0.0,0.0,0.0,0.0,0.0,0.0,0.0,0.0
C0__lamarckian__s10,C0__lamarckian,C0,C0,lamarckian,10,1000,train,40,3.2,6,3,55.706837871850645,0.8541666666666666,0.0,199.0,0.0,0.0,0.0,47.0,0.0,0.0,0.0,108.0,0.0,0.0,0.0,30.0,0.0,0.0,0.0,0.0,0.0,0.0,0.0,0.0,0.0,0.0,0.0
C0__lamarckian__s10,C0__lamarckian,C0,C0,lamarckian,10,1050,train,39,3.358974358974359,3,4,36.48522507484112,0.9583333333333334,0.0,254.0,0.0,0.0,0.0,59.0,0.0,0.0,0.0,124.0,0.0,0.0,0.0,28.0,0.0,0.0,0.0,0.0,0.0,0.0,0.0,0.0,0.0,0.0,0.0
C0__lamarckian__s10,C0__lamarckian,C0,C0,lamarckian,10,1100,train,35,3.3714285714285714,0,4,27.81166908233274,1.0,0.0,225.0,0.0,0.0,0.0,69.0,0.0,0.0,0.0,118.0,0.0,0.0,0.0,36.0,0.0,0.0,0.0,0.0,0.0,0.0,0.0,0.0,0.0,0.0,0.0
C0__lamarckian__s10,C0__lamarckian,C0,C0,lamarckian,10,1150,train,31,3.6129032258064515,2,6,48.153033310382135,0.9166666666666666,0.0,191.0,0.0,0.0,0.0,57.0,0.0,0.0,0.0,119.0,0.0,0.0,0.0,24.0,0.0,0.0,0.0,0.0,0.0,0.0,0.0,0.0,0.0,0.0,0.0
C0__lamarckian__s10,C0__lamarckian,C0,C0,lamarckian,10,1200,train,33,3.727272727272727,6,4,49.28209143747817,0.9583333333333334,0.0,208.0,0.0,0.0,0.0,54.0,0.0,0.0,0.0,108.0,0.0,0.0,0.0,26.0,0.0,0.0,0.0,0.0,0.0,0.0,0.0,0.0,0.0,0.0,0.0
C0__lamarckian__s10,C0__lamarckian,C0,C0,lamarckian,10,1250,train,36,3.9166666666666665,5,2,34.75223893740361,1.0,0.0,209.0,0.0,0.0,0.0,37.0,0.0,0.0,0.0,113.0,0.0,0.0,0.0,24.0,0.0,0.0,0.0,0.0,0.0,0.0,0.0,0.0,0.0,0.0,0.0
C0__lamarckian__s10,C0__lamarckian,C0,C0,lamarckian,10,1300,train,33,4.333333333333333,5,8,47.37497555566064,0.9375,0.0,219.0,0.0,0.0,0.0,69.0,0.0,0.0,0.0,109.0,0.0,0.0,0.0,31.0,0.0,0.0,0.0,0.0,0.0,0.0,0.0,0.0,0.0,0.0,0.0
C0__lamarckian__s10,C0__lamarckian,C0,C0,lamarckian,10,1350,train,39,4.512820512820513,8,2,35.50908355138011,0.9791666666666666,0.0,273.0,0.0,0.0,0.0,45.0,0.0,0.0,0.0,127.0,0.0,0.0,0.0,27.0,0.0,0.0,0.0,0.0,0.0,0.0,0.0,0.0,0.0,0.0,0.0
C0__lamarckian__s10,C0__lamarckian,C0,C0,lamarckian,10,1400,train,38,4.842105263157895,5,6,35.21546379441845,0.9791666666666666,0.0,208.0,0.0,0.0,0.0,40.0,0.0,0.0,0.0,114.0,0.0,0.0,0.0,29.0,0.0,0.0,0.0,0.0,0.0,0.0,0.0,0.0,0.0,0.0,0.0
C0__lamarckian__s10,C0__lamarckian,C0,C0,lamarckian,10,1450,train,35,4.885714285714286,2,5,37.99567456652279,0.9791666666666666,0.0,217.0,0.0,0.0,0.0,42.0,0.0,0.0,0.0,122.0,0.0,0.0,0.0,28.0,0.0,0.0,0.0,0.0,0.0,0.0,0.0,0.0,0.0,0.0,0.0
C0__lamarckian__s10,C0__lamarckian,C0,C0,lamarckian,10,1500,train,33,4.909090909090909,2,4,54.3000768166325,0.9791666666666666,0.0,210.0,0.0,0.0,0.0,39.0,0.0,0.0,0.0,114.0,0.0,0.0,0.0,21.0,0.0,0.0,0.0,0.0,0.0,0.0,0.0,0.0,0.0,0.0,0.0
C0__lamarckian__s10,C0__lamarckian,C0,C0,lamarckian,10,1550,eval,36,5.166666666666667,7,4,39.11497253288651,0.9583333333333334,0.0,293.0,0.0,0.0,0.0,59.0,0.0,0.0,0.0,122.0,0.0,0.0,0.0,30.0,0.0,0.0,0.0,0.0,0.0,0.0,0.0,0.0,0.0,0.0,0.0
C0__lamarckian__s10,C0__lamarckian,C0,C0,lamarckian,10,1600,eval,42,5.404761904761905,7,1,21.090901018264198,0.9791666666666666,0.0,280.0,0.0,0.0,0.0,49.0,0.0,0.0,0.0,114.0,0.0,0.0,0.0,32.0,0.0,0.0,0.0,0.0,0.0,0.0,0.0,0.0,0.0,0.0,0.0
C0__lamarckian__s10,C0__lamarckian,C0,C0,lamarckian,10,1650,eval,40,5.425,3,5,30.197250709309152,0.9791666666666666,0.0,297.0,0.0,0.0,0.0,45.0,0.0,0.0,0.0,114.0,0.0,0.0,0.0,30.0,0.0,0.0,0.0,0.0,0.0,0.0,0.0,0.0,0.0,0.0,0.0
C0__lamarckian__s10,C0__lamarckian,C0,C0,lamarckian,10,1700,eval,33,5.7272727272727275,2,9,48.933835962139014,0.9583333333333334,0.0,320.0,0.0,0.0,0.0,57.0,0.0,0.0,0.0,106.0,0.0,0.0,0.0,31.0,0.0,0.0,0.0,0.0,0.0,0.0,0.0,0.0,0.0,0.0,0.0
C0__lamarckian__s10,C0__lamarckian,C0,C0,lamarckian,10,1750,eval,31,5.967741935483871,2,4,45.49506129302986,0.9375,0.0,373.0,0.0,0.0,0.0,50.0,0.0,0.0,0.0,131.0,0.0,0.0,0.0,28.0,0.0,0.0,0.0,0.0,0.0,0.0,0.0,0.0,0.0,0.0,0.0
C0__lamarckian__s10,C0__lamarckian,C0,C0,lamarckian,10,1800,eval,38,6.2105263157894735,9,2,42.85548502198526,0.9375,0.0,336.0,0.0,0.0,0.0,41.0,0.0,0.0,0.0,126.0,0.0,0.0,0.0,26.0,0.0,0.0,0.0,0.0,0.0,0.0,0.0,0.0,0.0,0.0,0.0
C0__lamarckian__s11,C0__lamarckian,C0,C0,lamarckian,11,50,train,50,0.7,30,0,29.880147721460716,0.9375,0.0,347.0,0.0,0.0,0.0,156.0,0.0,0.0,0.0,83.0,0.0,0.0,0.0,24.0,0.0,0.0,0.0,0.0,0.0,0.0,0.0,0.0,0.0,0.0,0.0
C0__lamarckian__s11,C0__lamarckian,C0,C0,lamarckian,11,100,train,50,0.72,6,6,48.42427765250676,0.9375,0.0,307.0,0.0,0.0,0.0,138.0,0.0,0.0,0.0,73.0,0.0,0.0,0.0,21.0,0.0,0.0,0.0,0.0,0.0,0.0,0.0,0.0,0.0,0.0,0.0
C0__lamarckian__s11,C0__lamarckian,C0,C0,lamarckian,11,150,train,50,0.76,4,4,33.302595968970685,0.9583333333333334,0.0,326.0,0.0,0.0,0.0,162.0,0.0,0.0,0.0,92.0,0.0,0.0,0.0,29.0,0.0,0.0,0.0,0.0,0.0,0.0,0.0,0.0,0.0,0.0,0.0
C0__lamarckian__s11,C0__lamarckian,C0,C0,lamarckian,11,200,train,50,0.8,5,5,29.91278614249808,0.9583333333333334,0.0,370.0,0.0,0.0,0.0,93.0,0.0,0.0,0.0,95.0,0.0,0.0,0.0,29.0,0.0,0.0,0.0,0.0,0.0,0.0,0.0,0.0,0.0,0.0,0.0
C0__lamarckian__s11,C0__lamarckian,C0,C0,lamarckian,11,250,train,50,0.94,7,7,26.4709881777262,0.9791666666666666,0.0,307.0,0.0,0.0,0.0,109.0,0.0,0.0,0.0,91.0,0.0,0.0,0.0,32.0,0.0,0.0,0.0,0.0,0.0,0.0,0.0,0.0,0.0,0.0,0.0
C0__lamarckian__s11,C0__lamarckian,C0,C0,lamarckian,11,300,train,50,0.98,4,4,22.15309803172879,1.0,0.0,363.0,0.0,0.0,0.0,72.0,0.0,0.0,0.0,101.0,0.0,0.0,0.0,29.0,0.0,0.0,0.0,0.0,0.0,0.0,0.0,0.0,0.0,0.0,0.0
C0__lamarckian__s11,C0__lamarckian,C0,C0,lamarckian,11,350,train,50,1.16,6,6,34.78802471942927,0.9583333333333334,0.0,318.0,0.0,0.0,0.0,59.0,0.0,0.0,0.0,96.0,0.0,0.0,0.0,25.0,0.0,0.0,0.0,0.0,0.0,0.0,0.0,0.0,0.0,0.0,0.0
C0__lamarckian__s11,C0__lamarckian,C0,C0,lamarckian,11,400,train,45,1.2222222222222223,4,9,49.32514883442104,0.9583333333333334,0.0,244.0,0.0,0.0,0.0,56.0,0.0,0.0,0.0,89.0,0.0,0.0,0.0,24.0,0.0,0.0,0.0,0.0,0.0,0.0,0.0,0.0,0.0,0.0,0.0
C0__lamarckian__s11,C0__lamarckian,C0,C0,lamarckian,11,450,train,46,1.434782608695652,8,7,35.63270649022323,0.9791666666666666,0.0,237.0,0.0,0.0,0.0,81.0,0.0,0.0,0.0,92.0,0.0,0.0,0.0,38.0,0.0,0.0,0.0,0.0,0.0,0.0,0.0,0.0,0.0,0.0,0.0
C0__lamarckian__s11,C0__lamarckian,C0,C0,lamarckian,11,500,train,41,1.7317073170731707,4,9,41.51497202655341,0.9791666666666666,0.0,231.0,0.0,0.0,0.0,69.0,0.0,0.0,0.0,94.0,0.0,0.0,0.0,34.0,0.0,0.0,0.0,0.0,0.0,0.0,0.0,0.0,0.0,0.0,0.0
C0__lamarckian__s11,C0__lamarckian,C0,C0,lamarckian,11,550,train,31,2.032258064516129,5,15,58.8355569139499,0.9166666666666666,0.0,275.0,0.0,0.0,0.0,44.0,0.0,0.0,0.0,105.0,0.0,0.0,0.0,28.0,0.0,0.0,0.0,0.0,0.0,0.0,0.0,0.0,0.0,0.0,0.0
C0__lamarckian__s11,C0__lamarckian,C0,C0,lamarckian,11,600,train,35,2.257142857142857,9,5,27.228735836444404,1.0,0.0,172.0,0.0,0.0,0.0,73.0,0.0,0.0,0.0,87.0,0.0,0.0,0.0,45.0,0.0,0.0,0.0,0.0,0.0,0.0,0.0,0.0,0.0,0.0,0.0
C0__lamarckian__s11,C0__lamarckian,C0,C0,lamarckian,11,650,train,37,2.4324324324324325,6,4,23.169281200316867,1.0,0.0,267.0,0.0,0.0,0.0,68.0,0.0,0.0,0.0,98.0,0.0,0.0,0.0,37.0,0.0,0.0,0.0,0.0,0.0,0.0,0.0,0.0,0.0,0.0,0.0
C0__lamarckian__s11,C0__lamarckian,C0,C0,lamarckian,11,700,train,38,2.5,2,1,22.97445108610448,1.0,0.0,317.0,0.0,0.0,0.0,68.0,0.0,0.0,0.0,122.0,0.0,0.0,0.0,33.0,0.0,0.0,0.0,0.0,0.0,0.0,0.0,0.0,0.0,0.0,0.0
C0__lamarckian__s11,C0__lamarckian,C0,C0,lamarckian,11,750,train,34,2.5588235294117645,3,7,37.66614782288953,0.9791666666666666,0.0,229.0,0.0,0.0,0.0,83.0,0.0,0.0,0.0,102.0,0.0,0.0,0.0,40.0,0.0,0.0,0.0,0.0,0.0,0.0,0.0,0.0,0.0,0.0,0.0
C0__lamarckian__s11,C0__lamarckian,C0,C0,lamarckian,11,800,train,33,2.6666666666666665,5,6,39.65814295082333,0.9791666666666666,0.0,200.0,0.0,0.0,0.0,95.0,0.0,0.0,0.0,103.0,0.0,0.0,0.0,34.0,0.0,0.0,0.0,0.0,0.0,0.0,0.0,0.0,0.0,0.0,0.0
C0__lamarckian__s11,C0__lamarckian,C0,C0,lamarckian,11,850,train,34,2.7941176470588234,4,3,29.408625862625392,1.0,0.0,202.0,0.0,0.0,0.0,98.0,0.0,0.0,0.0,97.0,0.0,0.0,0.0,41.0,0.0,0.0,0.0,0.0,0.0,0.0,0.0,0.0,0.0,0.0,0.0
C0__lamarckian__s11,C0__lamarckian,C0,C0,lamarckian,11,900,train,39,2.9743589743589745,6,1,34.91361335237896,1.0,0.0,214.0,0.0,0.0,0.0,60.0,0.0,0.0,0.0,101.0,0.0,0.0,0.0,36.0,0.0,0.0,0.0,0.0,0.0,0.0,0.0,0.0,0.0,0.0,0.0
C0__lamarckian__s11,C0__lamarckian,C0,C0,lamarckian,11,950,train,35,3.142857142857143,3,7,40.391698226876755,0.9791666666666666,0.0,264.0,0.0,0.0,0.0,71.0,0.0,0.0,0.0,105.0,0.0,0.0,0.0,42.0,0.0,0.0,0.0,0.0,0.0,0.0,0.0,0.0,0.0,0.0,0.0
C0__lamarckian__s11,C0__lamarckian,C0,C0,lamarckian,11,1000,train,30,3.4,2,7,68.74869828216886,0.875,0.0,223.0,0.0,0.0,0.0,53.0,0.0,0.0,0.0,98.0,0.0,0.0,0.0,35.0,0.0,0.0,0.0,0.0,0.0,0.0,0.0,0.0,0.0,0.0,0.0
C0__lamarckian__s11,C0__lamarckian,C0,C0,lamarckian,11,1050,train,32,3.71875,7,5,33.37676870768958,1.0,0.0,280.0,0.0,0.0,0.0,61.0,0.0,0.0,0.0,105.0,0.0,0.0,0.0,38.0,0.0,0.0,0.0,0.0,0.0,0.0,0.0,0.0,0.0,0.0,0.0
C0__lamarckian__s11,C0__lamarckian,C0,C0,lamarckian,11,1100,train,36,3.9722222222222223,6,2,47.17111900724317,0.9583333333333334,0.0,188.0,0.0,0.0,0.0,76.0,0.0,0.0,0.0,104.0,0.0,0.0,0.0,35.0,0.0,0.0,0.0,0.0,0.0,0.0,0.0,0.0,0.0,0.0,0.0
C0__lamarckian__s11,C0__lamarckian,C0,C0,lamarckian,11,1150,train,34,4.088235294117647,3,5,38.5891601129977,0.9791666666666666,0.0,191.0,0.0,0.0,0.0,118.0,0.0,0.0,0.0,102.0,0.0,0.0,0.0,41.0,0.0,0.0,0.0,0.0,0.0,0.0,0.0,0.0,0.0,0.0,0.0
C0__lamarckian__s11,C0__lamarckian,C0,C0,lamarckian,11,1200,train,37,4.216216216216216,4,1,53.999565681816385,0.9791666666666666,0.0,126.0,0.0,0.0,0.0,88.0,0.0,0.0,0.0,81.0,0.0,0.0,0.0,42.0,0.0,0.0,0.0,0.0,0.0,0.0,0.0,0.0,0.0,0.0,0.0
C0__lamarckian__s11,C0__lamarckian,C0,C0,lamarckian,11,1250,train,36,4.333333333333333,2,3,40.162839697070716,1.0,0.0,258.0,0.0,0.0,0.0,64.0,0.0,0.0,0.0,122.0,0.0,0.0,0.0,34.0,0.0,0.0,0.0,0.0,0.0,0.0,0.0,0.0,0.0,0.0,0.0
C0__lamarckian__s11,C0__lamarckian,C0,C0,lamarckian,11,1300,train,41,4.634146341463414,8,3,33.74286492790614,1.0,0.0,237.0,0.0,0.0,0.0,115.0,0.0,0.0,0.0,112.0,0.0,0.0,0.0,40.0,0.0,0.0,0.0,0.0,0.0,0.0,0.0,0.0,0.0,0.0,0.0
C0__lamarckian__s11,C0__lamarckian,C0,C0,lamarckian,11,1350,train,38,4.7631578947368425,3,6,14.305190158876448,1.0,0.0,245.0,0.0,0.0,0.0,103.0,0.0,0.0,0.0,127.0,0.0,0.0,0.0,43.0,0.0,0.0,0.0,0.0,0.0,0.0,0.0,0.0,0.0,0.0,0.0
C0__lamarckian__s11,C0__lamarckian,C0,C0,lamarckian,11,1400,train,35,4.771428571428571,2,5,35.10912871389898,0.9791666666666666,0.0,163.0,0.0,0.0,0.0,66.0,0.0,0.0,0.0,88.0,0.0,0.0,0.0,41.0,0.0,0.0,0.0,0.0,0.0,0.0,0.0,0.0,0.0,0.0,0.0
C0__lamarckian__s11,C0__lamarckian,C0,C0,lamarckian,11,1450,train,31,4.935483870967742,2,6,31.500666832929234,1.0,0.0,144.0,0.0,0.0,0.0,63.0,0.0,0.0,0.0,88.0,0.0,0.0,0.0,38.0,0.0,0.0,0.0,0.0,0.0,0.0,0.0,0.0,0.0,0.0,0.0
C0__lamarckian__s11,C0__lamarckian,C0,C0,lamarckian,11,1500,train,33,5.121212121212121,6,4,34.123791399081604,1.0,0.0,162.0,0.0,0.0,0.0,84.0,0.0,0.0,0.0,93.0,0.0,0.0,0.0,43.0,0.0,0.0,0.0,0.0,0.0,0.0,0.0,0.0,0.0,0.0,0.0
C0__lamarckian__s11,C0__lamarckian,C0,C0,lamarckian,11,1550,eval,27,5.333333333333333,2,8,40.145001277786946,0.9583333333333334,0.0,159.0,0.0,0.0,0.0,78.0,0.0,0.0,0.0,93.0,0.0,0.0,0.0,40.0,0.0,0.0,0.0,0.0,0.0,0.0,0.0,0.0,0.0,0.0,0.0
C0__lamarckian__s11,C0__lamarckian,C0,C0,lamarckian,11,1600,eval,27,5.62962962962963,5,5,45.49302828678984,0.9583333333333334,0.0,179.0,0.0,0.0,0.0,63.0,0.0,0.0,0.0,94.0,0.0,0.0,0.0,38.0,0.0,0.0,0.0,0.0,0.0,0.0,0.0,0.0,0.0,0.0,0.0
C0__lamarckian__s11,C0__lamarckian,C0,C0,lamarckian,11,1650,eval,32,5.8125,8,3,46.313320549956444,0.9375,0.0,235.0,0.0,0.0,0.0,72.0,0.0,0.0,0.0,103.0,0.0,0.0,0.0,39.0,0.0,0.0,0.0,0.0,0.0,0.0,0.0,0.0,0.0,0.0,0.0
C0__lamarckian__s11,C0__lamarckian,C0,C0,lamarckian,11,1700,eval,33,5.848484848484849,3,2,36.81720614395332,0.9791666666666666,0.0,290.0,0.0,0.0,0.0,58.0,0.0,0.0,0.0,116.0,0.0,0.0,0.0,34.0,0.0,0.0,0.0,0.0,0.0,0.0,0.0,0.0,0.0,0.0,0.0
C0__lamarckian__s11,C0__lamarckian,C0,C0,lamarckian,11,1750,eval,38,6.2368421052631575,7,2,39.608005156344355,0.9583333333333334,0.0,258.0,0.0,0.0,0.0,72.0,0.0,0.0,0.0,92.0,0.0,0.0,0.0,38.0,0.0,0.0,0.0,0.0,0.0,0.0,0.0,0.0,0.0,0.0,0.0
C0__lamarckian__s11,C0__lamarckian,C0,C0,lamarckian,11,1800,eval,35,6.485714285714286,3,6,39.885447287364876,0.9791666666666666,0.0,192.0,0.0,0.0,0.0,80.0,0.0,0.0,0.0,82.0,0.0,0.0,0.0,38.0,0.0,0.0,0.0,0.0,0.0,0.0,0.0,0.0,0.0,0.0,0.0
C0__lamarckian__s12,C0__lamarckian,C0,C0,lamarckian,12,50,train,50,0.92,30,0,68.0760369875648,0.8541666666666666,0.0,399.0,0.0,0.0,0.0,66.0,0.0,0.0,0.0,89.0,0.0,0.0,0.0,26.0,0.0,0.0,0.0,0.0,0.0,0.0,0.0,0.0,0.0,0.0,0.0
C0__lamarckian__s12,C0__lamarckian,C0,C0,lamarckian,12,100,train,50,0.92,0,0,41.861748257764276,0.9791666666666666,0.0,390.0,0.0,0.0,0.0,47.0,0.0,0.0,0.0,91.0,0.0,0.0,0.0,14.0,0.0,0.0,0.0,0.0,0.0,0.0,0.0,0.0,0.0,0.0,0.0
C0__lamarckian__s12,C0__lamarckian,C0,C0,lamarckian,12,150,train,50,0.8,8,8,47.86336423520634,0.9375,0.0,378.0,0.0,0.0,0.0,102.0,0.0,0.0,0.0,83.0,0.0,0.0,0.0,34.0,0.0,0.0,0.0,0.0,0.0,0.0,0.0,0.0,0.0,0.0,0.0
C0__lamarckian__s12,C0__lamarckian,C0,C0,lamarckian,12,200,train,50,0.86,7,7,50.86746772739842,0.9583333333333334,0.0,238.0,0.0,0.0,0.0,98.0,0.0,0.0,0.0,85.0,0.0,0.0,0.0,26.0,0.0,0.0,0.0,0.0,0.0,0.0,0.0,0.0,0.0,0.0,0.0
C0__lamarckian__s12,C0__lamarckian,C0,C0,lamarckian,12,250,train,50,0.86,4,4,58.19042427479355,0.875,0.0,227.0,0.0,0.0,0.0,82.0,0.0,0.0,0.0,86.0,0.0,0.0,0.0,29.0,0.0,0.0,0.0,0.0,0.0,0.0,0.0,0.0,0.0,0.0,0.0
C0__lamarckian__s12,C0__lamarckian,C0,C0,lamarckian,12,300,train,50,0.94,6,6,36.60278341337447,0.9375,0.0,297.0,0.0,0.0,0.0,90.0,0.0,0.0,0.0,101.0,0.0,0.0,0.0,28.0,0.0,0.0,0.0,0.0,0.0,0.0,0.0,0.0,0.0,0.0,0.0
C0__lamarckian__s12,C0__lamarckian,C0,C0,lamarckian,12,350,train,50,0.98,5,5,27.275148100249773,0.9791666666666666,0.0,275.0,0.0,0.0,0.0,129.0,0.0,0.0,0.0,93.0,0.0,0.0,0.0,37.0,0.0,0.0,0.0,0.0,0.0,0.0,0.0,0.0,0.0,0.0,0.0
C0__lamarckian__s12,C0__lamarckian,C0,C0,lamarckian,12,400,train,50,1.0,6,6,41.35624245424237,0.9375,0.0,269.0,0.0,0.0,0.0,118.0,0.0,0.0,0.0,101.0,0.0,0.0,0.0,23.0,0.0,0.0,0.0,0.0,0.0,0.0,0.0,0.0,0.0,0.0,0.0
C0__lamarckian__s12,C0__lamarckian,C0,C0,lamarckian,12,450,train,50,1.04,1,1,31.234333193804655,0.9791666666666666,0.0,308.0,0.0,0.0,0.0,95.0,0.0,0.0,0.0,109.0,0.0,0.0,0.0,35.0,0.0,0.0,0.0,0.0,0.0,0.0,0.0,0.0,0.0,0.0,0.0
C0__lamarckian__s12,C0__lamarckian,C0,C0,lamarckian,12,500,train,41,1.5609756097560976,7,16,32.23820476340061,0.9583333333333334,0.0,297.0,0.0,0.0,0.0,69.0,0.0,0.0,0.0,124.0,0.0,0.0,0.0,29.0,0.0,0.0,0.0,0.0,0.0,0.0,0.0,0.0,0.0,0.0,0.0
C0__lamarckian__s12,C0__lamarckian,C0,C0,lamarckian,12,550,train,37,2.081081081081081,9,13,38.31631557380563,0.9583333333333334,0.0,254.0,0.0,0.0,0.0,86.0,0.0,0.0,0.0,107.0,0.0,0.0,0.0,45.0,0.0,0.0,0.0,0.0,0.0,0.0,0.0,0.0,0.0,0.0,0.0
C0__lamarckian__s12,C0__lamarckian,C0,C0,lamarckian,12,600,train,38,2.1315789473684212,4,3,38.71234864640549,0.9583333333333334,0.0,189.0,0.0,0.0,0.0,61.0,0.0,0.0,0.0,101.0,0.0,0.0,0.0,27.0,0.0,0.0,0.0,0.0,0.0,0.0,0.0,0.0,0.0,0.0,0.0
C0__lamarckian__s12,C0__lamarckian,C0,C0,lamarckian,12,650,train,35,2.142857142857143,4,7,63.26009486708057,0.9583333333333334,0.0,228.0,0.0,0.0,0.0,72.0,0.0,0.0,0.0,100.0,0.0,0.0,0.0,35.0,0.0,0.0,0.0,0.0,0.0,0.0,0.0,0.0,0.0,0.0,0.0
C0__lamarckian__s12,C0__lamarckian,C0,C0,lamarckian,12,700,train,35,2.2857142857142856,6,6,33.87390832283817,1.0,0.0,212.0,0.0,0.0,0.0,82.0,0.0,0.0,0.0,118.0,0.0,0.0,0.0,26.0,0.0,0.0,0.0,0.0,0.0,0.0,0.0,0.0,0.0,0.0,0.0
C0__lamarckian__s12,C0__lamarckian,C0,C0,lamarckian,12,750,train,35,2.4,4,4,54.39730572633364,0.9375,0.0,202.0,0.0,0.0,0.0,50.0,0.0,0.0,0.0,102.0,0.0,0.0,0.0,29.0,0.0,0.0,0.0,0.0,0.0,0.0,0.0,0.0,0.0,0.0,0.0
C0__lamarckian__s12,C0__lamarckian,C0,C0,lamarckian,12,800,train,32,2.59375,4,7,48.485469188730136,0.9791666666666666,0.0,180.0,0.0,0.0,0.0,45.0,0.0,0.0,0.0,108.0,0.0,0.0,0.0,31.0,0.0,0.0,0.0,0.0,0.0,0.0,0.0,0.0,0.0,0.0,0.0
C0__lamarckian__s12,C0__lamarckian,C0,C0,lamarckian,12,850,train,37,2.864864864864865,9,4,46.07233212776741,1.0,0.0,200.0,0.0,0.0,0.0,85.0,0.0,0.0,0.0,106.0,0.0,0.0,0.0,29.0,0.0,0.0,0.0,0.0,0.0,0.0,0.0,0.0,0.0,0.0,0.0
C0__lamarckian__s12,C0__lamarckian,C0,C0,lamarckian,12,900,train,34,3.0,2,5,41.97414783079961,0.9791666666666666,0.0,168.0,0.0,0.0,0.0,81.0,0.0,0.0,0.0,106.0,0.0,0.0,0.0,37.0,0.0,0.0,0.0,0.0,0.0,0.0,0.0,0.0,0.0,0.0,0.0
C0__lamarckian__s12,C0__lamarckian,C0,C0,lamarckian,12,950,train,39,3.1794871794871793,7,2,33.27711346724918,0.9791666666666666,0.0,205.0,0.0,0.0,0.0,88.0,0.0,0.0,0.0,121.0,0.0,0.0,0.0,33.0,0.0,0.0,0.0,0.0,0.0,0.0,0.0,0.0,0.0,0.0,0.0
C0__lamarckian__s12,C0__lamarckian,C0,C0,lamarckian,12,1000,train,36,3.361111111111111,1,4,39.40033031957489,0.9791666666666666,0.0,270.0,0.0,0.0,0.0,100.0,0.0,0.0,0.0,117.0,0.0,0.0,0.0,32.0,0.0,0.0,0.0,0.0,0.0,0.0,0.0,0.0,0.0,0.0,0.0
C0__lamarckian__s12,C0__lamarckian,C0,C0,lamarckian,12,1050,train,37,3.5945945945945947,5,4,38.585900866695,1.0,0.0,189.0,0.0,0.0,0.0,74.0,0.0,0.0,0.0,108.0,0.0,0.0,0.0,34.0,0.0,0.0,0.0,0.0,0.0,0.0,0.0,0.0,0.0,0.0,0.0
C0__lamarckian__s12,C0__lamarckian,C0,C0,lamarckian,12,1100,train,39,3.641025641025641,6,4,42.82303795078555,0.9583333333333334,0.0,203.0,0.0,0.0,0.0,53.0,0.0,0.0,0.0,109.0,0.0,0.0,0.0,34.0,0.0,0.0,0.0,0.0,0.0,0.0,0.0,0.0,0.0,0.0,0.0
C0__lamarckian__s12,C0__lamarckian,C0,C0,lamarckian,12,1150,train,40,3.625,4,3,32.297756475895895,1.0,0.0,249.0,0.0,0.0,0.0,45.0,0.0,0.0,0.0,119.0,0.0,0.0,0.0,33.0,0.0,0.0,0.0,0.0,0.0,0.0,0.0,0.0,0.0,0.0,0.0
C0__lamarckian__s12,C0__lamarckian,C0,C0,lamarckian,12,1200,train,33,3.696969696969697,1,8,56.37946204704525,0.9166666666666666,0.0,223.0,0.0,0.0,0.0,60.0,0.0,0.0,0.0,107.0,0.0,0.0,0.0,35.0,0.0,0.0,0.0,0.0,0.0,0.0,0.0,0.0,0.0,0.0,0.0
C0__lamarckian__s12,C0__lamarckian,C0,C0,lamarckian,12,1250,train,34,3.8529411764705883,5,4,66.47326987781237,0.9166666666666666,0.0,223.0,0.0,0.0,0.0,50.0,0.0,0.0,0.0,118.0,0.0,0.0,0.0,30.0,0.0,0.0,0.0,0.0,0.0,0.0,0.0,0.0,0.0,0.0,0.0
C0__lamarckian__s12,C0__lamarckian,C0,C0,lamarckian,12,1300,train,34,3.8529411764705883,2,2,51.934928586993685,1.0,0.0,170.0,0.0,0.0,0.0,42.0,0.0,0.0,0.0,105.0,0.0,0.0,0.0,24.0,0.0,0.0,0.0,0.0,0.0,0.0,0.0,0.0,0.0,0.0,0.0
C0__lamarckian__s12,C0__lamarckian,C0,C0,lamarckian,12,1350,train,31,4.0,4,7,48.05531104509339,0.9791666666666666,0.0,175.0,0.0,0.0,0.0,39.0,0.0,0.0,0.0,104.0,0.0,0.0,0.0,30.0,0.0,0.0,0.0,0.0,0.0,0.0,0.0,0.0,0.0,0.0,0.0
C0__lamarckian__s12,C0__lamarckian,C0,C0,lamarckian,12,1400,train,35,4.057142857142857,6,2,62.76705203247627,0.9375,0.0,204.0,0.0,0.0,0.0,50.0,0.0,0.0,0.0,102.0,0.0,0.0,0.0,27.0,0.0,0.0,0.0,0.0,0.0,0.0,0.0,0.0,0.0,0.0,0.0
C0__lamarckian__s12,C0__lamarckian,C0,C0,lamarckian,12,1450,train,38,4.2105263157894735,9,6,52.43039509352125,0.9375,0.0,192.0,0.0,0.0,0.0,64.0,0.0,0.0,0.0,108.0,0.0,0.0,0.0,35.0,0.0,0.0,0.0,0.0,0.0,0.0,0.0,0.0,0.0,0.0,0.0
C0__lamarckian__s12,C0__lamarckian,C0,C0,lamarckian,12,1500,train,42,4.404761904761905,5,1,47.57327017162483,0.9791666666666666,0.0,177.0,0.0,0.0,0.0,42.0,0.0,0.0,0.0,100.0,0.0,0.0,0.0,27.0,0.0,0.0,0.0,0.0,0.0,0.0,0.0,0.0,0.0,0.0,0.0
C0__lamarckian__s12,C0__lamarckian,C0,C0,lamarckian,12,1550,eval,38,4.342105263157895,3,7,49.76796787894863,0.9791666666666666,0.0,183.0,0.0,0.0,0.0,71.0,0.0,0.0,0.0,104.0,0.0,0.0,0.0,32.0,0.0,0.0,0.0,0.0,0.0,0.0,0.0,0.0,0.0,0.0,0.0
C0__lamarckian__s12,C0__lamarckian,C0,C0,lamarckian,12,1600,eval,35,4.6,2,5,66.3061697436597,0.9791666666666666,0.0,175.0,0.0,0.0,0.0,97.0,0.0,0.0,0.0,87.0,0.0,0.0,0.0,32.0,0.0,0.0,0.0,0.0,0.0,0.0,0.0,0.0,0.0,0.0,0.0
C0__lamarckian__s12,C0__lamarckian,C0,C0,lamarckian,12,1650,eval,37,4.945945945945946,6,4,32.29885401119558,0.9791666666666666,0.0,204.0,0.0,0.0,0.0,61.0,0.0,0.0,0.0,116.0,0.0,0.0,0.0,32.0,0.0,0.0,0.0,0.0,0.0,0.0,0.0,0.0,0.0,0.0,0.0
C0__lamarckian__s12,C0__lamarckian,C0,C0,lamarckian,12,1700,eval,36,4.916666666666667,1,2,52.53152205308581,0.9375,0.0,168.0,0.0,0.0,0.0,32.0,0.0,0.0,0.0,90.0,0.0,0.0,0.0,22.0,0.0,0.0,0.0,0.0,0.0,0.0,0.0,0.0,0.0,0.0,0.0
C0__lamarckian__s12,C0__lamarckian,C0,C0,lamarckian,12,1750,eval,35,5.0,5,6,37.16243286130265,0.9791666666666666,0.0,150.0,0.0,0.0,0.0,51.0,0.0,0.0,0.0,90.0,0.0,0.0,0.0,26.0,0.0,0.0,0.0,0.0,0.0,0.0,0.0,0.0,0.0,0.0,0.0
C0__lamarckian__s12,C0__lamarckian,C0,C0,lamarckian,12,1800,eval,30,5.033333333333333,1,6,55.58929077362882,0.9791666666666666,0.0,180.0,0.0,0.0,0.0,41.0,0.0,0.0,0.0,91.0,0.0,0.0,0.0,30.0,0.0,0.0,0.0,0.0,0.0,0.0,0.0,0.0,0.0,0.0,0.0
C0__lamarckian__s13,C0__lamarckian,C0,C0,lamarckian,13,50,train,50,0.92,30,0,97.05172742104972,0.7916666666666666,0.0,372.0,0.0,0.0,0.0,46.0,0.0,0.0,0.0,85.0,0.0,0.0,0.0,9.0,0.0,0.0,0.0,0.0,0.0,0.0,0.0,0.0,0.0,0.0,0.0
C0__lamarckian__s13,C0__lamarckian,C0,C0,lamarckian,13,100,train,50,0.9,3,3,45.315251481379505,0.9166666666666666,0.0,310.0,0.0,0.0,0.0,101.0,0.0,0.0,0.0,78.0,0.0,0.0,0.0,21.0,0.0,0.0,0.0,0.0,0.0,0.0,0.0,0.0,0.0,0.0,0.0
C0__lamarckian__s13,C0__lamarckian,C0,C0,lamarckian,13,150,train,50,0.86,8,8,39.58897605989278,0.9583333333333334,0.0,326.0,0.0,0.0,0.0,33.0,0.0,0.0,0.0,88.0,0.0,0.0,0.0,19.0,0.0,0.0,0.0,0.0,0.0,0.0,0.0,0.0,0.0,0.0,0.0
C0__lamarckian__s13,C0__lamarckian,C0,C0,lamarckian,13,200,train,50,0.9,11,11,20.49137916032398,0.9791666666666666,0.0,333.0,0.0,0.0,0.0,69.0,0.0,0.0,0.0,93.0,0.0,0.0,0.0,17.0,0.0,0.0,0.0,0.0,0.0,0.0,0.0,0.0,0.0,0.0,0.0
C0__lamarckian__s13,C0__lamarckian,C0,C0,lamarckian,13,250,train,49,0.9795918367346939,9,10,31.832356190620423,0.9791666666666666,0.0,327.0,0.0,0.0,0.0,116.0,0.0,0.0,0.0,90.0,0.0,0.0,0.0,21.0,0.0,0.0,0.0,0.0,0.0,0.0,0.0,0.0,0.0,0.0,0.0
C0__lamarckian__s13,C0__lamarckian,C0,C0,lamarckian,13,300,train,45,1.0,2,6,29.700902148695036,0.9791666666666666,0.0,302.0,0.0,0.0,0.0,78.0,0.0,0.0,0.0,99.0,0.0,0.0,0.0,24.0,0.0,0.0,0.0,0.0,0.0,0.0,0.0,0.0,0.0,0.0,0.0
C0__lamarckian__s13,C0__lamarckian,C0,C0,lamarckian,13,350,train,38,1.0789473684210527,3,10,38.58576390030527,0.9583333333333334,0.0,310.0,0.0,0.0,0.0,64.0,0.0,0.0,0.0,106.0,0.0,0.0,0.0,23.0,0.0,0.0,0.0,0.0,0.0,0.0,0.0,0.0,0.0,0.0,0.0
C0__lamarckian__s13,C0__lamarckian,C0,C0,lamarckian,13,400,train,32,1.09375,2,8,52.31578763584671,0.9375,0.0,272.0,0.0,0.0,0.0,38.0,0.0,0.0,0.0,112.0,0.0,0.0,0.0,24.0,0.0,0.0,0.0,0.0,0.0,0.0,0.0,0.0,0.0,0.0,0.0
C0__lamarckian__s13,C0__lamarckian,C0,C0,lamarckian,13,450,train,36,1.25,8,4,46.97881507681029,0.9375,0.0,191.0,0.0,0.0,0.0,55.0,0.0,0.0,0.0,115.0,0.0,0.0,0.0,26.0,0.0,0.0,0.0,0.0,0.0,0.0,0.0,0.0,0.0,0.0,0.0
C0__lamarckian__s13,C0__lamarckian,C0,C0,lamarckian,13,500,train,30,1.8,4,10,31.86398771021586,1.0,0.0,217.0,0.0,0.0,0.0,56.0,0.0,0.0,0.0,99.0,0.0,0.0,0.0,27.0,0.0,0.0,0.0,0.0,0.0,0.0,0.0,0.0,0.0,0.0,0.0
C0__lamarckian__s13,C0__lamarckian,C0,C0,lamarckian,13,550,train,33,1.9696969696969697,6,3,21.68133191176378,1.0,0.0,253.0,0.0,0.0,0.0,24.0,0.0,0.0,0.0,124.0,0.0,0.0,0.0,16.0,0.0,0.0,0.0,0.0,0.0,0.0,0.0,0.0,0.0,0.0,0.0
C0__lamarckian__s13,C0__lamarckian,C0,C0,lamarckian,13,600,train,32,2.09375,4,5,34.26508185976388,0.9583333333333334,0.0,246.0,0.0,0.0,0.0,49.0,0.0,0.0,0.0,112.0,0.0,0.0,0.0,16.0,0.0,0.0,0.0,0.0,0.0,0.0,0.0,0.0,0.0,0.0,0.0
C0__lamarckian__s13,C0__lamarckian,C0,C0,lamarckian,13,650,train,30,2.2,1,3,31.51539148627149,0.9791666666666666,0.0,239.0,0.0,0.0,0.0,55.0,0.0,0.0,0.0,119.0,0.0,0.0,0.0,22.0,0.0,0.0,0.0,0.0,0.0,0.0,0.0,0.0,0.0,0.0,0.0
C0__lamarckian__s13,C0__lamarckian,C0,C0,lamarckian,13,700,train,29,2.3448275862068964,3,4,49.48868261293091,0.9583333333333334,0.0,168.0,0.0,0.0,0.0,54.0,0.0,0.0,0.0,104.0,0.0,0.0,0.0,24.0,0.0,0.0,0.0,0.0,0.0,0.0,0.0,0.0,0.0,0.0,0.0
C0__lamarckian__s13,C0__lamarckian,C0,C0,lamarckian,13,750,train,30,2.5,4,3,48.14553796915058,0.9375,0.0,229.0,0.0,0.0,0.0,23.0,0.0,0.0,0.0,128.0,0.0,0.0,0.0,16.0,0.0,0.0,0.0,0.0,0.0,0.0,0.0,0.0,0.0,0.0,0.0
C0__lamarckian__s13,C0__lamarckian,C0,C0,lamarckian,13,800,train,36,2.7777777777777777,7,1,28.465899981648313,0.9791666666666666,0.0,262.0,0.0,0.0,0.0,26.0,0.0,0.0,0.0,124.0,0.0,0.0,0.0,17.0,0.0,0.0,0.0,0.0,0.0,0.0,0.0,0.0,0.0,0.0,0.0
C0__lamarckian__s13,C0__lamarckian,C0,C0,lamarckian,13,850,train,37,2.918918918918919,3,2,62.40798532289871,0.9375,0.0,162.0,0.0,0.0,0.0,33.0,0.0,0.0,0.0,95.0,0.0,0.0,0.0,14.0,0.0,0.0,0.0,0.0,0.0,0.0,0.0,0.0,0.0,0.0,0.0
C0__lamarckian__s13,C0__lamarckian,C0,C0,lamarckian,13,900,train,37,3.054054054054054,4,4,48.08280719257753,0.9791666666666666,0.0,235.0,0.0,0.0,0.0,48.0,0.0,0.0,0.0,110.0,0.0,0.0,0.0,21.0,0.0,0.0,0.0,0.0,0.0,0.0,0.0,0.0,0.0,0.0,0.0
C0__lamarckian__s13,C0__lamarckian,C0,C0,lamarckian,13,950,train,30,3.3333333333333335,3,10,35.22664908419462,1.0,0.0,208.0,0.0,0.0,0.0,22.0,0.0,0.0,0.0,125.0,0.0,0.0,0.0,14.0,0.0,0.0,0.0,0.0,0.0,0.0,0.0,0.0,0.0,0.0,0.0
C0__lamarckian__s13,C0__lamarckian,C0,C0,lamarckian,13,1000,train,28,3.4642857142857144,3,5,40.547897935640826,0.9791666666666666,0.0,198.0,0.0,0.0,0.0,25.0,0.0,0.0,0.0,119.0,0.0,0.0,0.0,17.0,0.0,0.0,0.0,0.0,0.0,0.0,0.0,0.0,0.0,0.0,0.0
C0__lamarckian__s13,C0__lamarckian,C0,C0,lamarckian,13,1050,train,27,3.7777777777777777,4,5,34.87774624498263,0.9791666666666666,0.0,207.0,0.0,0.0,0.0,41.0,0.0,0.0,0.0,114.0,0.0,0.0,0.0,27.0,0.0,0.0,0.0,0.0,0.0,0.0,0.0,0.0,0.0,0.0,0.0
C0__lamarckian__s13,C0__lamarckian,C0,C0,lamarckian,13,1100,train,31,3.903225806451613,5,1,54.796424932768645,0.9375,0.0,247.0,0.0,0.0,0.0,27.0,0.0,0.0,0.0,125.0,0.0,0.0,0.0,17.0,0.0,0.0,0.0,0.0,0.0,0.0,0.0,0.0,0.0,0.0,0.0
C0__lamarckian__s13,C0__lamarckian,C0,C0,lamarckian,13,1150,train,32,4.03125,3,2,35.298500717900154,1.0,0.0,213.0,0.0,0.0,0.0,39.0,0.0,0.0,0.0,120.0,0.0,0.0,0.0,22.0,0.0,0.0,0.0,0.0,0.0,0.0,0.0,0.0,0.0,0.0,0.0
C0__lamarckian__s13,C0__lamarckian,C0,C0,lamarckian,13,1200,train,32,4.125,3,3,37.71374818198743,1.0,0.0,239.0,0.0,0.0,0.0,50.0,0.0,0.0,0.0,134.0,0.0,0.0,0.0,17.0,0.0,0.0,0.0,0.0,0.0,0.0,0.0,0.0,0.0,0.0,0.0
C0__lamarckian__s13,C0__lamarckian,C0,C0,lamarckian,13,1250,train,30,4.233333333333333,3,5,68.79671076449863,0.875,0.0,256.0,0.0,0.0,0.0,40.0,0.0,0.0,0.0,127.0,0.0,0.0,0.0,18.0,0.0,0.0,0.0,0.0,0.0,0.0,0.0,0.0,0.0,0.0,0.0
C0__lamarckian__s13,C0__lamarckian,C0,C0,lamarckian,13,1300,train,31,4.419354838709677,7,6,48.50397077244256,0.9791666666666666,0.0,247.0,0.0,0.0,0.0,60.0,0.0,0.0,0.0,126.0,0.0,0.0,0.0,27.0,0.0,0.0,0.0,0.0,0.0,0.0,0.0,0.0,0.0,0.0,0.0
C0__lamarckian__s13,C0__lamarckian,C0,C0,lamarckian,13,1350,train,32,4.53125,3,2,63.12620695812757,0.9375,0.0,219.0,0.0,0.0,0.0,57.0,0.0,0.0,0.0,121.0,0.0,0.0,0.0,21.0,0.0,0.0,0.0,0.0,0.0,0.0,0.0,0.0,0.0,0.0,0.0
C0__lamarckian__s13,C0__lamarckian,C0,C0,lamarckian,13,1400,train,36,4.805555555555555,6,2,29.256058083947966,1.0,0.0,263.0,0.0,0.0,0.0,26.0,0.0,0.0,0.0,133.0,0.0,0.0,0.0,19.0,0.0,0.0,0.0,0.0,0.0,0.0,0.0,0.0,0.0,0.0,0.0
C0__lamarckian__s13,C0__lamarckian,C0,C0,lamarckian,13,1450,train,34,4.9411764705882355,1,3,35.15172899663441,1.0,0.0,206.0,0.0,0.0,0.0,27.0,0.0,0.0,0.0,124.0,0.0,0.0,0.0,17.0,0.0,0.0,0.0,0.0,0.0,0.0,0.0,0.0,0.0,0.0,0.0
C0__lamarckian__s13,C0__lamarckian,C0,C0,lamarckian,13,1500,train,33,4.96969696969697,4,5,47.81679512419819,0.9583333333333334,0.0,223.0,0.0,0.0,0.0,22.0,0.0,0.0,0.0,117.0,0.0,0.0,0.0,16.0,0.0,0.0,0.0,0.0,0.0,0.0,0.0,0.0,0.0,0.0,0.0
C0__lamarckian__s13,C0__lamarckian,C0,C0,lamarckian,13,1550,eval,29,5.137931034482759,2,6,36.689715865115716,0.9791666666666666,0.0,215.0,0.0,0.0,0.0,18.0,0.0,0.0,0.0,126.0,0.0,0.0,0.0,14.0,0.0,0.0,0.0,0.0,0.0,0.0,0.0,0.0,0.0,0.0,0.0
C0__lamarckian__s13,C0__lamarckian,C0,C0,lamarckian,13,1600,eval,26,5.3076923076923075,2,5,32.8617821297798,1.0,0.0,224.0,0.0,0.0,0.0,23.0,0.0,0.0,0.0,117.0,0.0,0.0,0.0,21.0,0.0,0.0,0.0,0.0,0.0,0.0,0.0,0.0,0.0,0.0,0.0
C0__lamarckian__s13,C0__lamarckian,C0,C0,lamarckian,13,1650,eval,30,5.633333333333334,8,4,50.671165383310175,0.9791666666666666,0.0,284.0,0.0,0.0,0.0,21.0,0.0,0.0,0.0,124.0,0.0,0.0,0.0,14.0,0.0,0.0,0.0,0.0,0.0,0.0,0.0,0.0,0.0,0.0,0.0
C0__lamarckian__s13,C0__lamarckian,C0,C0,lamarckian,13,1700,eval,32,5.75,5,3,33.230311397940454,1.0,0.0,330.0,0.0,0.0,0.0,33.0,0.0,0.0,0.0,134.0,0.0,0.0,0.0,20.0,0.0,0.0,0.0,0.0,0.0,0.0,0.0,0.0,0.0,0.0,0.0
C0__lamarckian__s13,C0__lamarckian,C0,C0,lamarckian,13,1750,eval,33,5.818181818181818,2,1,36.6811770775534,0.9791666666666666,0.0,294.0,0.0,0.0,0.0,26.0,0.0,0.0,0.0,136.0,0.0,0.0,0.0,15.0,0.0,0.0,0.0,0.0,0.0,0.0,0.0,0.0,0.0,0.0,0.0
C0__lamarckian__s13,C0__lamarckian,C0,C0,lamarckian,13,1800,eval,30,5.9,3,6,40.02652436673415,0.9791666666666666,0.0,267.0,0.0,0.0,0.0,32.0,0.0,0.0,0.0,114.0,0.0,0.0,0.0,19.0,0.0,0.0,0.0,0.0,0.0,0.0,0.0,0.0,0.0,0.0,0.0
C0__lamarckian__s14,C0__lamarckian,C0,C0,lamarckian,14,50,train,50,0.72,30,0,45.96331895942444,0.9375,0.0,407.0,0.0,0.0,0.0,151.0,0.0,0.0,0.0,91.0,0.0,0.0,0.0,29.0,0.0,0.0,0.0,0.0,0.0,0.0,0.0,0.0,0.0,0.0,0.0
C0__lamarckian__s14,C0__lamarckian,C0,C0,lamarckian,14,100,train,50,0.74,2,2,42.390142370349,0.9791666666666666,0.0,339.0,0.0,0.0,0.0,117.0,0.0,0.0,0.0,68.0,0.0,0.0,0.0,31.0,0.0,0.0,0.0,0.0,0.0,0.0,0.0,0.0,0.0,0.0,0.0
C0__lamarckian__s14,C0__lamarckian,C0,C0,lamarckian,14,150,train,50,0.72,6,6,27.067131900490896,0.9791666666666666,0.0,351.0,0.0,0.0,0.0,64.0,0.0,0.0,0.0,85.0,0.0,0.0,0.0,33.0,0.0,0.0,0.0,0.0,0.0,0.0,0.0,0.0,0.0,0.0,0.0
C0__lamarckian__s14,C0__lamarckian,C0,C0,lamarckian,14,200,train,50,0.7,7,7,22.515372901133766,1.0,0.0,330.0,0.0,0.0,0.0,63.0,0.0,0.0,0.0,81.0,0.0,0.0,0.0,30.0,0.0,0.0,0.0,0.0,0.0,0.0,0.0,0.0,0.0,0.0,0.0
C0__lamarckian__s14,C0__lamarckian,C0,C0,lamarckian,14,250,train,50,0.8,7,7,40.8539796323254,0.9791666666666666,0.0,360.0,0.0,0.0,0.0,114.0,0.0,0.0,0.0,86.0,0.0,0.0,0.0,41.0,0.0,0.0,0.0,0.0,0.0,0.0,0.0,0.0,0.0,0.0,0.0
C0__lamarckian__s14,C0__lamarckian,C0,C0,lamarckian,14,300,train,49,1.0,8,9,35.507834004904225,0.9791666666666666,0.0,339.0,0.0,0.0,0.0,76.0,0.0,0.0,0.0,92.0,0.0,0.0,0.0,35.0,0.0,0.0,0.0,0.0,0.0,0.0,0.0,0.0,0.0,0.0,0.0
C0__lamarckian__s14,C0__lamarckian,C0,C0,lamarckian,14,350,train,50,1.2,12,11,37.1461760561553,0.9375,0.0,279.0,0.0,0.0,0.0,53.0,0.0,0.0,0.0,87.0,0.0,0.0,0.0,29.0,0.0,0.0,0.0,0.0,0.0,0.0,0.0,0.0,0.0,0.0,0.0
C0__lamarckian__s14,C0__lamarckian,C0,C0,lamarckian,14,400,train,50,1.38,8,8,27.27042277525248,1.0,0.0,314.0,0.0,0.0,0.0,108.0,0.0,0.0,0.0,92.0,0.0,0.0,0.0,40.0,0.0,0.0,0.0,0.0,0.0,0.0,0.0,0.0,0.0,0.0,0.0
C0__lamarckian__s14,C0__lamarckian,C0,C0,lamarckian,14,450,train,46,1.3043478260869565,6,10,28.804938058327586,1.0,0.0,320.0,0.0,0.0,0.0,102.0,0.0,0.0,0.0,98.0,0.0,0.0,0.0,38.0,0.0,0.0,0.0,0.0,0.0,0.0,0.0,0.0,0.0,0.0,0.0
C0__lamarckian__s14,C0__lamarckian,C0,C0,lamarckian,14,500,train,32,1.5,0,14,43.8879760491335,0.9166666666666666,0.0,266.0,0.0,0.0,0.0,92.0,0.0,0.0,0.0,107.0,0.0,0.0,0.0,41.0,0.0,0.0,0.0,0.0,0.0,0.0,0.0,0.0,0.0,0.0,0.0
C0__lamarckian__s14,C0__lamarckian,C0,C0,lamarckian,14,550,train,29,1.9310344827586208,9,12,36.82642135653086,0.9583333333333334,0.0,217.0,0.0,0.0,0.0,85.0,0.0,0.0,0.0,97.0,0.0,0.0,0.0,46.0,0.0,0.0,0.0,0.0,0.0,0.0,0.0,0.0,0.0,0.0,0.0
C0__lamarckian__s14,C0__lamarckian,C0,C0,lamarckian,14,600,train,34,2.176470588235294,7,2,48.784251817089135,0.9791666666666666,0.0,254.0,0.0,0.0,0.0,76.0,0.0,0.0,0.0,103.0,0.0,0.0,0.0,37.0,0.0,0.0,0.0,0.0,0.0,0.0,0.0,0.0,0.0,0.0,0.0
C0__lamarckian__s14,C0__lamarckian,C0,C0,lamarckian,14,650,train,42,2.4523809523809526,9,1,33.11808145488325,0.9791666666666666,0.0,263.0,0.0,0.0,0.0,75.0,0.0,0.0,0.0,102.0,0.0,0.0,0.0,39.0,0.0,0.0,0.0,0.0,0.0,0.0,0.0,0.0,0.0,0.0,0.0
C0__lamarckian__s14,C0__lamarckian,C0,C0,lamarckian,14,700,train,42,2.619047619047619,4,4,36.92497111890778,0.9791666666666666,0.0,277.0,0.0,0.0,0.0,61.0,0.0,0.0,0.0,107.0,0.0,0.0,0.0,34.0,0.0,0.0,0.0,0.0,0.0,0.0,0.0,0.0,0.0,0.0,0.0
C0__lamarckian__s14,C0__lamarckian,C0,C0,lamarckian,14,750,train,41,2.7560975609756095,2,3,47.64371847540562,0.9791666666666666,0.0,327.0,0.0,0.0,0.0,78.0,0.0,0.0,0.0,108.0,0.0,0.0,0.0,42.0,0.0,0.0,0.0,0.0,0.0,0.0,0.0,0.0,0.0,0.0,0.0
C0__lamarckian__s14,C0__lamarckian,C0,C0,lamarckian,14,800,train,42,2.880952380952381,5,4,28.14202008254824,1.0,0.0,242.0,0.0,0.0,0.0,77.0,0.0,0.0,0.0,113.0,0.0,0.0,0.0,40.0,0.0,0.0,0.0,0.0,0.0,0.0,0.0,0.0,0.0,0.0,0.0
C0__lamarckian__s14,C0__lamarckian,C0,C0,lamarckian,14,850,train,37,3.0,2,7,28.357140562291697,1.0,0.0,218.0,0.0,0.0,0.0,118.0,0.0,0.0,0.0,93.0,0.0,0.0,0.0,51.0,0.0,0.0,0.0,0.0,0.0,0.0,0.0,0.0,0.0,0.0,0.0
C0__lamarckian__s14,C0__lamarckian,C0,C0,lamarckian,14,900,train,38,3.0789473684210527,5,4,38.822573781492224,0.9583333333333334,0.0,236.0,0.0,0.0,0.0,84.0,0.0,0.0,0.0,106.0,0.0,0.0,0.0,45.0,0.0,0.0,0.0,0.0,0.0,0.0,0.0,0.0,0.0,0.0,0.0
C0__lamarckian__s14,C0__lamarckian,C0,C0,lamarckian,14,950,train,35,3.4571428571428573,5,8,51.0805205656905,0.9791666666666666,0.0,229.0,0.0,0.0,0.0,65.0,0.0,0.0,0.0,104.0,0.0,0.0,0.0,32.0,0.0,0.0,0.0,0.0,0.0,0.0,0.0,0.0,0.0,0.0,0.0
C0__lamarckian__s14,C0__lamarckian,C0,C0,lamarckian,14,1000,train,37,3.5405405405405403,3,1,39.019072669583366,0.9791666666666666,0.0,248.0,0.0,0.0,0.0,69.0,0.0,0.0,0.0,108.0,0.0,0.0,0.0,43.0,0.0,0.0,0.0,0.0,0.0,0.0,0.0,0.0,0.0,0.0,0.0
C0__lamarckian__s14,C0__lamarckian,C0,C0,lamarckian,14,1050,train,32,3.84375,3,8,47.58172567305304,0.9375,0.0,190.0,0.0,0.0,0.0,135.0,0.0,0.0,0.0,94.0,0.0,0.0,0.0,51.0,0.0,0.0,0.0,0.0,0.0,0.0,0.0,0.0,0.0,0.0,0.0
C0__lamarckian__s14,C0__lamarckian,C0,C0,lamarckian,14,1100,train,34,4.0588235294117645,7,5,44.35934109990109,0.9583333333333334,0.0,271.0,0.0,0.0,0.0,90.0,0.0,0.0,0.0,108.0,0.0,0.0,0.0,41.0,0.0,0.0,0.0,0.0,0.0,0.0,0.0,0.0,0.0,0.0,0.0
C0__lamarckian__s14,C0__lamarckian,C0,C0,lamarckian,14,1150,train,35,4.2,5,4,60.166925364422184,0.9375,0.0,227.0,0.0,0.0,0.0,90.0,0.0,0.0,0.0,103.0,0.0,0.0,0.0,46.0,0.0,0.0,0.0,0.0,0.0,0.0,0.0,0.0,0.0,0.0,0.0
C0__lamarckian__s14,C0__lamarckian,C0,C0,lamarckian,14,1200,train,40,4.375,8,3,40.336865795554864,1.0,0.0,207.0,0.0,0.0,0.0,72.0,0.0,0.0,0.0,104.0,0.0,0.0,0.0,35.0,0.0,0.0,0.0,0.0,0.0,0.0,0.0,0.0,0.0,0.0,0.0
C0__lamarckian__s14,C0__lamarckian,C0,C0,lamarckian,14,1250,train,39,4.487179487179487,3,4,34.19458343746706,0.9791666666666666,0.0,194.0,0.0,0.0,0.0,95.0,0.0,0.0,0.0,108.0,0.0,0.0,0.0,43.0,0.0,0.0,0.0,0.0,0.0,0.0,0.0,0.0,0.0,0.0,0.0
C0__lamarckian__s14,C0__lamarckian,C0,C0,lamarckian,14,1300,train,36,4.555555555555555,3,6,46.37710707270587,0.9375,0.0,200.0,0.0,0.0,0.0,102.0,0.0,0.0,0.0,93.0,0.0,0.0,0.0,54.0,0.0,0.0,0.0,0.0,0.0,0.0,0.0,0.0,0.0,0.0,0.0
C0__lamarckian__s14,C0__lamarckian,C0,C0,lamarckian,14,1350,train,35,4.685714285714286,2,3,30.513102834529278,1.0,0.0,264.0,0.0,0.0,0.0,104.0,0.0,0.0,0.0,125.0,0.0,0.0,0.0,44.0,0.0,0.0,0.0,0.0,0.0,0.0,0.0,0.0,0.0,0.0,0.0
C0__lamarckian__s14,C0__lamarckian,C0,C0,lamarckian,14,1400,train,33,4.909090909090909,3,5,35.13134409938674,0.9583333333333334,0.0,276.0,0.0,0.0,0.0,93.0,0.0,0.0,0.0,111.0,0.0,0.0,0.0,44.0,0.0,0.0,0.0,0.0,0.0,0.0,0.0,0.0,0.0,0.0,0.0
C0__lamarckian__s14,C0__lamarckian,C0,C0,lamarckian,14,1450,train,31,5.225806451612903,5,7,63.749442966519204,0.9166666666666666,0.0,222.0,0.0,0.0,0.0,67.0,0.0,0.0,0.0,110.0,0.0,0.0,0.0,30.0,0.0,0.0,0.0,0.0,0.0,0.0,0.0,0.0,0.0,0.0,0.0
C0__lamarckian__s14,C0__lamarckian,C0,C0,lamarckian,14,1500,train,33,5.393939393939394,5,3,54.19181088331655,0.9791666666666666,0.0,230.0,0.0,0.0,0.0,59.0,0.0,0.0,0.0,119.0,0.0,0.0,0.0,32.0,0.0,0.0,0.0,0.0,0.0,0.0,0.0,0.0,0.0,0.0,0.0
C0__lamarckian__s14,C0__lamarckian,C0,C0,lamarckian,14,1550,eval,35,5.371428571428571,5,3,34.17884707385833,0.9791666666666666,0.0,215.0,0.0,0.0,0.0,89.0,0.0,0.0,0.0,112.0,0.0,0.0,0.0,51.0,0.0,0.0,0.0,0.0,0.0,0.0,0.0,0.0,0.0,0.0,0.0
C0__lamarckian__s14,C0__lamarckian,C0,C0,lamarckian,14,1600,eval,33,5.636363636363637,4,6,33.82973787850197,0.9791666666666666,0.0,163.0,0.0,0.0,0.0,70.0,0.0,0.0,0.0,100.0,0.0,0.0,0.0,44.0,0.0,0.0,0.0,0.0,0.0,0.0,0.0,0.0,0.0,0.0,0.0
C0__lamarckian__s14,C0__lamarckian,C0,C0,lamarckian,14,1650,eval,35,5.8,6,4,22.99017010266192,0.9791666666666666,0.0,188.0,0.0,0.0,0.0,36.0,0.0,0.0,0.0,99.0,0.0,0.0,0.0,29.0,0.0,0.0,0.0,0.0,0.0,0.0,0.0,0.0,0.0,0.0,0.0
C0__lamarckian__s14,C0__lamarckian,C0,C0,lamarckian,14,1700,eval,32,5.96875,3,6,27.079715437221036,0.9791666666666666,0.0,216.0,0.0,0.0,0.0,82.0,0.0,0.0,0.0,91.0,0.0,0.0,0.0,43.0,0.0,0.0,0.0,0.0,0.0,0.0,0.0,0.0,0.0,0.0,0.0
C0__lamarckian__s14,C0__lamarckian,C0,C0,lamarckian,14,1750,eval,31,6.0,2,3,48.08584736010566,0.9166666666666666,0.0,214.0,0.0,0.0,0.0,99.0,0.0,0.0,0.0,93.0,0.0,0.0,0.0,48.0,0.0,0.0,0.0,0.0,0.0,0.0,0.0,0.0,0.0,0.0,0.0
C0__lamarckian__s14,C0__lamarckian,C0,C0,lamarckian,14,1800,eval,35,6.0285714285714285,5,1,40.46052598962666,0.9583333333333334,0.0,218.0,0.0,0.0,0.0,84.0,0.0,0.0,0.0,90.0,0.0,0.0,0.0,39.0,0.0,0.0,0.0,0.0,0.0,0.0,0.0,0.0,0.0,0.0,0.0
C0__lamarckian__s15,C0__lamarckian,C0,C0,lamarckian,15,50,train,50,0.78,30,0,58.128543554980176,0.8958333333333334,0.0,335.0,0.0,0.0,0.0,73.0,0.0,0.0,0.0,108.0,0.0,0.0,0.0,12.0,0.0,0.0,0.0,0.0,0.0,0.0,0.0,0.0,0.0,0.0,0.0
C0__lamarckian__s15,C0__lamarckian,C0,C0,lamarckian,15,100,train,50,0.8,5,5,63.352181359132516,0.8958333333333334,0.0,372.0,0.0,0.0,0.0,60.0,0.0,0.0,0.0,85.0,0.0,0.0,0.0,13.0,0.0,0.0,0.0,0.0,0.0,0.0,0.0,0.0,0.0,0.0,0.0
C0__lamarckian__s15,C0__lamarckian,C0,C0,lamarckian,15,150,train,50,0.8,3,3,76.87327183568163,0.8958333333333334,0.0,257.0,0.0,0.0,0.0,56.0,0.0,0.0,0.0,90.0,0.0,0.0,0.0,15.0,0.0,0.0,0.0,0.0,0.0,0.0,0.0,0.0,0.0,0.0,0.0
C0__lamarckian__s15,C0__lamarckian,C0,C0,lamarckian,15,200,train,50,0.86,7,7,29.62208425485774,0.9791666666666666,0.0,353.0,0.0,0.0,0.0,71.0,0.0,0.0,0.0,116.0,0.0,0.0,0.0,15.0,0.0,0.0,0.0,0.0,0.0,0.0,0.0,0.0,0.0,0.0,0.0
C0__lamarckian__s15,C0__lamarckian,C0,C0,lamarckian,15,250,train,50,0.94,7,7,72.85113671820136,0.9166666666666666,0.0,243.0,0.0,0.0,0.0,60.0,0.0,0.0,0.0,79.0,0.0,0.0,0.0,19.0,0.0,0.0,0.0,0.0,0.0,0.0,0.0,0.0,0.0,0.0,0.0
C0__lamarckian__s15,C0__lamarckian,C0,C0,lamarckian,15,300,train,49,1.0408163265306123,6,7,31.730723603632804,0.9791666666666666,0.0,390.0,0.0,0.0,0.0,32.0,0.0,0.0,0.0,126.0,0.0,0.0,0.0,21.0,0.0,0.0,0.0,0.0,0.0,0.0,0.0,0.0,0.0,0.0,0.0
C0__lamarckian__s15,C0__lamarckian,C0,C0,lamarckian,15,350,train,46,1.0869565217391304,3,6,53.02568063525292,0.9166666666666666,0.0,269.0,0.0,0.0,0.0,36.0,0.0,0.0,0.0,99.0,0.0,0.0,0.0,19.0,0.0,0.0,0.0,0.0,0.0,0.0,0.0,0.0,0.0,0.0,0.0
C0__lamarckian__s15,C0__lamarckian,C0,C0,lamarckian,15,400,train,45,1.1111111111111112,6,7,29.653709258797946,1.0,0.0,257.0,0.0,0.0,0.0,56.0,0.0,0.0,0.0,118.0,0.0,0.0,0.0,24.0,0.0,0.0,0.0,0.0,0.0,0.0,0.0,0.0,0.0,0.0,0.0
C0__lamarckian__s15,C0__lamarckian,C0,C0,lamarckian,15,450,train,44,1.1590909090909092,4,5,35.46630694376279,0.9791666666666666,0.0,279.0,0.0,0.0,0.0,32.0,0.0,0.0,0.0,109.0,0.0,0.0,0.0,13.0,0.0,0.0,0.0,0.0,0.0,0.0,0.0,0.0,0.0,0.0,0.0
C0__lamarckian__s15,C0__lamarckian,C0,C0,lamarckian,15,500,train,38,1.736842105263158,7,13,29.164303568599557,0.9791666666666666,0.0,327.0,0.0,0.0,0.0,38.0,0.0,0.0,0.0,123.0,0.0,0.0,0.0,16.0,0.0,0.0,0.0,0.0,0.0,0.0,0.0,0.0,0.0,0.0,0.0
C0__lamarckian__s15,C0__lamarckian,C0,C0,lamarckian,15,550,train,33,1.9090909090909092,6,11,37.175756281492184,1.0,0.0,265.0,0.0,0.0,0.0,51.0,0.0,0.0,0.0,120.0,0.0,0.0,0.0,19.0,0.0,0.0,0.0,0.0,0.0,0.0,0.0,0.0,0.0,0.0,0.0
C0__lamarckian__s15,C0__lamarckian,C0,C0,lamarckian,15,600,train,34,2.0294117647058822,2,1,31.37069489649475,1.0,0.0,171.0,0.0,0.0,0.0,20.0,0.0,0.0,0.0,108.0,0.0,0.0,0.0,17.0,0.0,0.0,0.0,0.0,0.0,0.0,0.0,0.0,0.0,0.0,0.0
C0__lamarckian__s15,C0__lamarckian,C0,C0,lamarckian,15,650,train,36,2.1944444444444446,5,3,34.272778209714346,0.9583333333333334,0.0,221.0,0.0,0.0,0.0,40.0,0.0,0.0,0.0,108.0,0.0,0.0,0.0,25.0,0.0,0.0,0.0,0.0,0.0,0.0,0.0,0.0,0.0,0.0,0.0
C0__lamarckian__s15,C0__lamarckian,C0,C0,lamarckian,15,700,train,36,2.25,2,2,24.52578386234886,0.9791666666666666,0.0,218.0,0.0,0.0,0.0,42.0,0.0,0.0,0.0,117.0,0.0,0.0,0.0,20.0,0.0,0.0,0.0,0.0,0.0,0.0,0.0,0.0,0.0,0.0,0.0
C0__lamarckian__s15,C0__lamarckian,C0,C0,lamarckian,15,750,train,35,2.4,5,6,35.17767560560192,0.9791666666666666,0.0,243.0,0.0,0.0,0.0,46.0,0.0,0.0,0.0,110.0,0.0,0.0,0.0,23.0,0.0,0.0,0.0,0.0,0.0,0.0,0.0,0.0,0.0,0.0,0.0
C0__lamarckian__s15,C0__lamarckian,C0,C0,lamarckian,15,800,train,37,2.5135135135135136,5,3,30.03724141477908,0.9791666666666666,0.0,351.0,0.0,0.0,0.0,24.0,0.0,0.0,0.0,143.0,0.0,0.0,0.0,16.0,0.0,0.0,0.0,0.0,0.0,0.0,0.0,0.0,0.0,0.0,0.0
C0__lamarckian__s15,C0__lamarckian,C0,C0,lamarckian,15,850,train,33,2.787878787878788,2,6,24.531670520196442,1.0,0.0,313.0,0.0,0.0,0.0,22.0,0.0,0.0,0.0,134.0,0.0,0.0,0.0,16.0,0.0,0.0,0.0,0.0,0.0,0.0,0.0,0.0,0.0,0.0,0.0
C0__lamarckian__s15,C0__lamarckian,C0,C0,lamarckian,15,900,train,32,3.15625,4,5,37.35242998422228,0.9791666666666666,0.0,280.0,0.0,0.0,0.0,28.0,0.0,0.0,0.0,126.0,0.0,0.0,0.0,16.0,0.0,0.0,0.0,0.0,0.0,0.0,0.0,0.0,0.0,0.0,0.0
C0__lamarckian__s15,C0__lamarckian,C0,C0,lamarckian,15,950,train,32,3.3125,3,3,61.887412810235965,0.8958333333333334,0.0,277.0,0.0,0.0,0.0,29.0,0.0,0.0,0.0,132.0,0.0,0.0,0.0,12.0,0.0,0.0,0.0,0.0,0.0,0.0,0.0,0.0,0.0,0.0,0.0
C0__lamarckian__s15,C0__lamarckian,C0,C0,lamarckian,15,1000,train,29,3.586206896551724,4,7,28.3028212199194,0.9583333333333334,0.0,346.0,0.0,0.0,0.0,37.0,0.0,0.0,0.0,151.0,0.0,0.0,0.0,20.0,0.0,0.0,0.0,0.0,0.0,0.0,0.0,0.0,0.0,0.0,0.0
C0__lamarckian__s15,C0__lamarckian,C0,C0,lamarckian,15,1050,train,28,3.892857142857143,4,5,38.04720217712695,0.9791666666666666,0.0,254.0,0.0,0.0,0.0,26.0,0.0,0.0,0.0,125.0,0.0,0.0,0.0,15.0,0.0,0.0,0.0,0.0,0.0,0.0,0.0,0.0,0.0,0.0,0.0
C0__lamarckian__s15,C0__lamarckian,C0,C0,lamarckian,15,1100,train,30,3.9,5,3,36.210852861805975,0.9791666666666666,0.0,234.0,0.0,0.0,0.0,26.0,0.0,0.0,0.0,136.0,0.0,0.0,0.0,19.0,0.0,0.0,0.0,0.0,0.0,0.0,0.0,0.0,0.0,0.0,0.0
C0__lamarckian__s15,C0__lamarckian,C0,C0,lamarckian,15,1150,train,34,4.352941176470588,8,4,29.753179364724538,0.9791666666666666,0.0,306.0,0.0,0.0,0.0,32.0,0.0,0.0,0.0,139.0,0.0,0.0,0.0,22.0,0.0,0.0,0.0,0.0,0.0,0.0,0.0,0.0,0.0,0.0,0.0
C0__lamarckian__s15,C0__lamarckian,C0,C0,lamarckian,15,1200,train,37,4.351351351351352,5,2,35.20788088985928,1.0,0.0,309.0,0.0,0.0,0.0,46.0,0.0,0.0,0.0,132.0,0.0,0.0,0.0,20.0,0.0,0.0,0.0,0.0,0.0,0.0,0.0,0.0,0.0,0.0,0.0
C0__lamarckian__s15,C0__lamarckian,C0,C0,lamarckian,15,1250,train,33,4.424242424242424,2,6,25.74761665536126,1.0,0.0,269.0,0.0,0.0,0.0,24.0,0.0,0.0,0.0,134.0,0.0,0.0,0.0,14.0,0.0,0.0,0.0,0.0,0.0,0.0,0.0,0.0,0.0,0.0,0.0
C0__lamarckian__s15,C0__lamarckian,C0,C0,lamarckian,15,1300,train,29,4.551724137931035,2,6,45.166620983448,0.9583333333333334,0.0,216.0,0.0,0.0,0.0,46.0,0.0,0.0,0.0,128.0,0.0,0.0,0.0,14.0,0.0,0.0,0.0,0.0,0.0,0.0,0.0,0.0,0.0,0.0,0.0
C0__lamarckian__s15,C0__lamarckian,C0,C0,lamarckian,15,1350,train,29,4.862068965517241,6,6,40.254296994707126,0.9583333333333334,0.0,193.0,0.0,0.0,0.0,36.0,0.0,0.0,0.0,123.0,0.0,0.0,0.0,19.0,0.0,0.0,0.0,0.0,0.0,0.0,0.0,0.0,0.0,0.0,0.0
C0__lamarckian__s15,C0__lamarckian,C0,C0,lamarckian,15,1400,train,32,5.0,4,1,34.89446266008153,1.0,0.0,232.0,0.0,0.0,0.0,22.0,0.0,0.0,0.0,120.0,0.0,0.0,0.0,16.0,0.0,0.0,0.0,0.0,0.0,0.0,0.0,0.0,0.0,0.0,0.0
C0__lamarckian__s15,C0__lamarckian,C0,C0,lamarckian,15,1450,train,32,5.0625,2,2,37.48116597997462,0.9375,0.0,257.0,0.0,0.0,0.0,32.0,0.0,0.0,0.0,124.0,0.0,0.0,0.0,20.0,0.0,0.0,0.0,0.0,0.0,0.0,0.0,0.0,0.0,0.0,0.0
C0__lamarckian__s15,C0__lamarckian,C0,C0,lamarckian,15,1500,train,30,5.133333333333334,2,4,60.65413806770554,0.9375,0.0,250.0,0.0,0.0,0.0,15.0,0.0,0.0,0.0,124.0,0.0,0.0,0.0,15.0,0.0,0.0,0.0,0.0,0.0,0.0,0.0,0.0,0.0,0.0,0.0
C0__lamarckian__s15,C0__lamarckian,C0,C0,lamarckian,15,1550,eval,33,5.303030303030303,5,2,39.34023086636944,0.9583333333333334,0.0,334.0,0.0,0.0,0.0,38.0,0.0,0.0,0.0,143.0,0.0,0.0,0.0,22.0,0.0,0.0,0.0,0.0,0.0,0.0,0.0,0.0,0.0,0.0,0.0
C0__lamarckian__s15,C0__lamarckian,C0,C0,lamarckian,15,1600,eval,30,5.666666666666667,4,7,34.9470222969238,1.0,0.0,285.0,0.0,0.0,0.0,21.0,0.0,0.0,0.0,136.0,0.0,0.0,0.0,11.0,0.0,0.0,0.0,0.0,0.0,0.0,0.0,0.0,0.0,0.0,0.0
C0__lamarckian__s15,C0__lamarckian,C0,C0,lamarckian,15,1650,eval,29,5.931034482758621,3,4,60.224810213191674,0.9375,0.0,288.0,0.0,0.0,0.0,36.0,0.0,0.0,0.0,131.0,0.0,0.0,0.0,16.0,0.0,0.0,0.0,0.0,0.0,0.0,0.0,0.0,0.0,0.0,0.0
C0__lamarckian__s15,C0__lamarckian,C0,C0,lamarckian,15,1700,eval,32,6.125,6,3,36.792129365577914,0.9583333333333334,0.0,334.0,0.0,0.0,0.0,56.0,0.0,0.0,0.0,136.0,0.0,0.0,0.0,21.0,0.0,0.0,0.0,0.0,0.0,0.0,0.0,0.0,0.0,0.0,0.0
C0__lamarckian__s15,C0__lamarckian,C0,C0,lamarckian,15,1750,eval,31,6.354838709677419,3,4,22.248666036733688,1.0,0.0,248.0,0.0,0.0,0.0,54.0,0.0,0.0,0.0,129.0,0.0,0.0,0.0,23.0,0.0,0.0,0.0,0.0,0.0,0.0,0.0,0.0,0.0,0.0,0.0
C0__lamarckian__s15,C0__lamarckian,C0,C0,lamarckian,15,1800,eval,32,6.3125,5,4,42.94366403969712,0.9166666666666666,0.0,282.0,0.0,0.0,0.0,67.0,0.0,0.0,0.0,139.0,0.0,0.0,0.0,20.0,0.0,0.0,0.0,0.0,0.0,0.0,0.0,0.0,0.0,0.0,0.0
C0__lamarckian__s16,C0__lamarckian,C0,C0,lamarckian,16,50,train,50,0.8,30,0,50.242811971631625,0.9166666666666666,0.0,407.0,0.0,0.0,0.0,100.0,0.0,0.0,0.0,98.0,0.0,0.0,0.0,20.0,0.0,0.0,0.0,0.0,0.0,0.0,0.0,0.0,0.0,0.0,0.0
C0__lamarckian__s16,C0__lamarckian,C0,C0,lamarckian,16,100,train,50,0.8,1,1,55.71026249375342,0.9583333333333334,0.0,424.0,0.0,0.0,0.0,47.0,0.0,0.0,0.0,85.0,0.0,0.0,0.0,21.0,0.0,0.0,0.0,0.0,0.0,0.0,0.0,0.0,0.0,0.0,0.0
C0__lamarckian__s16,C0__lamarckian,C0,C0,lamarckian,16,150,train,50,0.9,7,7,78.32951127525459,0.875,0.0,290.0,0.0,0.0,0.0,43.0,0.0,0.0,0.0,72.0,0.0,0.0,0.0,21.0,0.0,0.0,0.0,0.0,0.0,0.0,0.0,0.0,0.0,0.0,0.0
C0__lamarckian__s16,C0__lamarckian,C0,C0,lamarckian,16,200,train,50,1.02,8,8,56.66385949362836,0.9166666666666666,0.0,308.0,0.0,0.0,0.0,94.0,0.0,0.0,0.0,89.0,0.0,0.0,0.0,16.0,0.0,0.0,0.0,0.0,0.0,0.0,0.0,0.0,0.0,0.0,0.0
C0__lamarckian__s16,C0__lamarckian,C0,C0,lamarckian,16,250,train,50,1.16,7,7,45.22781835177253,0.9583333333333334,0.0,351.0,0.0,0.0,0.0,70.0,0.0,0.0,0.0,106.0,0.0,0.0,0.0,24.0,0.0,0.0,0.0,0.0,0.0,0.0,0.0,0.0,0.0,0.0,0.0
C0__lamarckian__s16,C0__lamarckian,C0,C0,lamarckian,16,300,train,50,1.14,2,2,42.9626935998856,0.875,0.0,332.0,0.0,0.0,0.0,57.0,0.0,0.0,0.0,103.0,0.0,0.0,0.0,16.0,0.0,0.0,0.0,0.0,0.0,0.0,0.0,0.0,0.0,0.0,0.0
C0__lamarckian__s16,C0__lamarckian,C0,C0,lamarckian,16,350,train,50,1.2,5,5,33.78549457900692,0.9791666666666666,0.0,383.0,0.0,0.0,0.0,36.0,0.0,0.0,0.0,115.0,0.0,0.0,0.0,22.0,0.0,0.0,0.0,0.0,0.0,0.0,0.0,0.0,0.0,0.0,0.0
C0__lamarckian__s16,C0__lamarckian,C0,C0,lamarckian,16,400,train,50,1.32,9,9,31.624086095836354,1.0,0.0,279.0,0.0,0.0,0.0,68.0,0.0,0.0,0.0,91.0,0.0,0.0,0.0,23.0,0.0,0.0,0.0,0.0,0.0,0.0,0.0,0.0,0.0,0.0,0.0
C0__lamarckian__s16,C0__lamarckian,C0,C0,lamarckian,16,450,train,50,1.48,6,6,20.383246731663554,1.0,0.0,263.0,0.0,0.0,0.0,80.0,0.0,0.0,0.0,92.0,0.0,0.0,0.0,28.0,0.0,0.0,0.0,0.0,0.0,0.0,0.0,0.0,0.0,0.0,0.0
C0__lamarckian__s16,C0__lamarckian,C0,C0,lamarckian,16,500,train,45,1.8,10,15,42.36385815910286,0.9583333333333334,0.0,253.0,0.0,0.0,0.0,28.0,0.0,0.0,0.0,96.0,0.0,0.0,0.0,16.0,0.0,0.0,0.0,0.0,0.0,0.0,0.0,0.0,0.0,0.0,0.0
C0__lamarckian__s16,C0__lamarckian,C0,C0,lamarckian,16,550,train,39,2.051282051282051,9,15,28.33015916699981,1.0,0.0,218.0,0.0,0.0,0.0,60.0,0.0,0.0,0.0,87.0,0.0,0.0,0.0,28.0,0.0,0.0,0.0,0.0,0.0,0.0,0.0,0.0,0.0,0.0,0.0
C0__lamarckian__s16,C0__lamarckian,C0,C0,lamarckian,16,600,train,40,2.25,5,4,31.54560695664916,0.9791666666666666,0.0,253.0,0.0,0.0,0.0,31.0,0.0,0.0,0.0,107.0,0.0,0.0,0.0,19.0,0.0,0.0,0.0,0.0,0.0,0.0,0.0,0.0,0.0,0.0,0.0
C0__lamarckian__s16,C0__lamarckian,C0,C0,lamarckian,16,650,train,34,2.4411764705882355,2,8,34.15787207711742,0.9791666666666666,0.0,181.0,0.0,0.0,0.0,50.0,0.0,0.0,0.0,99.0,0.0,0.0,0.0,24.0,0.0,0.0,0.0,0.0,0.0,0.0,0.0,0.0,0.0,0.0,0.0
C0__lamarckian__s16,C0__lamarckian,C0,C0,lamarckian,16,700,train,31,2.5161290322580645,4,7,35.92108637489629,1.0,0.0,213.0,0.0,0.0,0.0,36.0,0.0,0.0,0.0,118.0,0.0,0.0,0.0,20.0,0.0,0.0,0.0,0.0,0.0,0.0,0.0,0.0,0.0,0.0,0.0
C0__lamarckian__s16,C0__lamarckian,C0,C0,lamarckian,16,750,train,33,2.515151515151515,3,1,26.860729500933264,1.0,0.0,224.0,0.0,0.0,0.0,51.0,0.0,0.0,0.0,111.0,0.0,0.0,0.0,25.0,0.0,0.0,0.0,0.0,0.0,0.0,0.0,0.0,0.0,0.0,0.0
C0__lamarckian__s16,C0__lamarckian,C0,C0,lamarckian,16,800,train,36,2.5555555555555554,4,1,37.174638298882854,1.0,0.0,181.0,0.0,0.0,0.0,41.0,0.0,0.0,0.0,110.0,0.0,0.0,0.0,26.0,0.0,0.0,0.0,0.0,0.0,0.0,0.0,0.0,0.0,0.0,0.0
C0__lamarckian__s16,C0__lamarckian,C0,C0,lamarckian,16,850,train,36,2.6666666666666665,3,3,30.407466105608354,1.0,0.0,220.0,0.0,0.0,0.0,43.0,0.0,0.0,0.0,125.0,0.0,0.0,0.0,22.0,0.0,0.0,0.0,0.0,0.0,0.0,0.0,0.0,0.0,0.0,0.0
C0__lamarckian__s16,C0__lamarckian,C0,C0,lamarckian,16,900,train,33,3.0,4,7,36.83307914721004,1.0,0.0,228.0,0.0,0.0,0.0,42.0,0.0,0.0,0.0,121.0,0.0,0.0,0.0,25.0,0.0,0.0,0.0,0.0,0.0,0.0,0.0,0.0,0.0,0.0,0.0
C0__lamarckian__s16,C0__lamarckian,C0,C0,lamarckian,16,950,train,33,3.1515151515151514,3,3,46.222574374972154,0.9791666666666666,0.0,204.0,0.0,0.0,0.0,65.0,0.0,0.0,0.0,121.0,0.0,0.0,0.0,27.0,0.0,0.0,0.0,0.0,0.0,0.0,0.0,0.0,0.0,0.0,0.0
C0__lamarckian__s16,C0__lamarckian,C0,C0,lamarckian,16,1000,train,32,3.1875,2,3,34.34924036618996,0.9791666666666666,0.0,253.0,0.0,0.0,0.0,44.0,0.0,0.0,0.0,136.0,0.0,0.0,0.0,26.0,0.0,0.0,0.0,0.0,0.0,0.0,0.0,0.0,0.0,0.0,0.0
C0__lamarckian__s16,C0__lamarckian,C0,C0,lamarckian,16,1050,train,29,3.4827586206896552,5,8,41.89442384755385,0.9791666666666666,0.0,189.0,0.0,0.0,0.0,47.0,0.0,0.0,0.0,119.0,0.0,0.0,0.0,28.0,0.0,0.0,0.0,0.0,0.0,0.0,0.0,0.0,0.0,0.0,0.0
C0__lamarckian__s16,C0__lamarckian,C0,C0,lamarckian,16,1100,train,30,3.7,7,6,62.18124769096324,0.9583333333333334,0.0,218.0,0.0,0.0,0.0,41.0,0.0,0.0,0.0,116.0,0.0,0.0,0.0,27.0,0.0,0.0,0.0,0.0,0.0,0.0,0.0,0.0,0.0,0.0,0.0
C0__lamarckian__s16,C0__lamarckian,C0,C0,lamarckian,16,1150,train,40,3.975,11,1,43.246551489236374,0.9791666666666666,0.0,242.0,0.0,0.0,0.0,48.0,0.0,0.0,0.0,128.0,0.0,0.0,0.0,22.0,0.0,0.0,0.0,0.0,0.0,0.0,0.0,0.0,0.0,0.0,0.0
C0__lamarckian__s16,C0__lamarckian,C0,C0,lamarckian,16,1200,train,42,4.0476190476190474,3,1,45.32212075244874,0.9791666666666666,0.0,267.0,0.0,0.0,0.0,49.0,0.0,0.0,0.0,127.0,0.0,0.0,0.0,24.0,0.0,0.0,0.0,0.0,0.0,0.0,0.0,0.0,0.0,0.0,0.0
C0__lamarckian__s16,C0__lamarckian,C0,C0,lamarckian,16,1250,train,37,4.297297297297297,2,7,47.320398560480584,0.9583333333333334,0.0,289.0,0.0,0.0,0.0,50.0,0.0,0.0,0.0,129.0,0.0,0.0,0.0,25.0,0.0,0.0,0.0,0.0,0.0,0.0,0.0,0.0,0.0,0.0,0.0
C0__lamarckian__s16,C0__lamarckian,C0,C0,lamarckian,16,1300,train,34,4.470588235294118,1,4,43.32322874725436,0.9583333333333334,0.0,210.0,0.0,0.0,0.0,55.0,0.0,0.0,0.0,123.0,0.0,0.0,0.0,31.0,0.0,0.0,0.0,0.0,0.0,0.0,0.0,0.0,0.0,0.0,0.0
C0__lamarckian__s16,C0__lamarckian,C0,C0,lamarckian,16,1350,train,33,4.575757575757576,2,3,33.78893234370337,1.0,0.0,233.0,0.0,0.0,0.0,49.0,0.0,0.0,0.0,139.0,0.0,0.0,0.0,23.0,0.0,0.0,0.0,0.0,0.0,0.0,0.0,0.0,0.0,0.0,0.0
C0__lamarckian__s16,C0__lamarckian,C0,C0,lamarckian,16,1400,train,31,4.741935483870968,2,4,46.79830733333965,0.9583333333333334,0.0,247.0,0.0,0.0,0.0,55.0,0.0,0.0,0.0,131.0,0.0,0.0,0.0,24.0,0.0,0.0,0.0,0.0,0.0,0.0,0.0,0.0,0.0,0.0,0.0
C0__lamarckian__s16,C0__lamarckian,C0,C0,lamarckian,16,1450,train,31,4.935483870967742,5,5,32.1795942797376,1.0,0.0,259.0,0.0,0.0,0.0,68.0,0.0,0.0,0.0,140.0,0.0,0.0,0.0,34.0,0.0,0.0,0.0,0.0,0.0,0.0,0.0,0.0,0.0,0.0,0.0
C0__lamarckian__s16,C0__lamarckian,C0,C0,lamarckian,16,1500,train,33,5.303030303030303,5,3,37.582444629245515,0.9166666666666666,0.0,265.0,0.0,0.0,0.0,49.0,0.0,0.0,0.0,148.0,0.0,0.0,0.0,28.0,0.0,0.0,0.0,0.0,0.0,0.0,0.0,0.0,0.0,0.0,0.0
C0__lamarckian__s16,C0__lamarckian,C0,C0,lamarckian,16,1550,eval,35,5.628571428571429,7,5,70.08470959477695,0.9166666666666666,0.0,227.0,0.0,0.0,0.0,45.0,0.0,0.0,0.0,118.0,0.0,0.0,0.0,21.0,0.0,0.0,0.0,0.0,0.0,0.0,0.0,0.0,0.0,0.0,0.0
C0__lamarckian__s16,C0__lamarckian,C0,C0,lamarckian,16,1600,eval,34,5.764705882352941,3,4,43.05392162967992,0.9375,0.0,290.0,0.0,0.0,0.0,48.0,0.0,0.0,0.0,143.0,0.0,0.0,0.0,30.0,0.0,0.0,0.0,0.0,0.0,0.0,0.0,0.0,0.0,0.0,0.0
C0__lamarckian__s16,C0__lamarckian,C0,C0,lamarckian,16,1650,eval,32,6.15625,6,8,45.79215640779039,0.9583333333333334,0.0,294.0,0.0,0.0,0.0,68.0,0.0,0.0,0.0,123.0,0.0,0.0,0.0,32.0,0.0,0.0,0.0,0.0,0.0,0.0,0.0,0.0,0.0,0.0,0.0
C0__lamarckian__s16,C0__lamarckian,C0,C0,lamarckian,16,1700,eval,28,6.392857142857143,1,5,42.792212305747995,0.9583333333333334,0.0,294.0,0.0,0.0,0.0,47.0,0.0,0.0,0.0,130.0,0.0,0.0,0.0,26.0,0.0,0.0,0.0,0.0,0.0,0.0,0.0,0.0,0.0,0.0,0.0
C0__lamarckian__s16,C0__lamarckian,C0,C0,lamarckian,16,1750,eval,35,6.6,8,1,42.05742880679455,1.0,0.0,292.0,0.0,0.0,0.0,53.0,0.0,0.0,0.0,123.0,0.0,0.0,0.0,25.0,0.0,0.0,0.0,0.0,0.0,0.0,0.0,0.0,0.0,0.0,0.0
C0__lamarckian__s16,C0__lamarckian,C0,C0,lamarckian,16,1800,eval,39,6.82051282051282,5,1,36.940989866860434,0.9791666666666666,0.0,328.0,0.0,0.0,0.0,52.0,0.0,0.0,0.0,132.0,0.0,0.0,0.0,26.0,0.0,0.0,0.0,0.0,0.0,0.0,0.0,0.0,0.0,0.0,0.0
C0__lamarckian__s17,C0__lamarckian,C0,C0,lamarckian,17,50,train,50,0.74,31,1,69.13450280342259,0.8958333333333334,0.0,377.0,0.0,0.0,0.0,203.0,0.0,0.0,0.0,82.0,0.0,0.0,0.0,38.0,0.0,0.0,0.0,0.0,0.0,0.0,0.0,0.0,0.0,0.0,0.0
C0__lamarckian__s17,C0__lamarckian,C0,C0,lamarckian,17,100,train,50,0.74,0,0,35.86883006291718,0.9791666666666666,0.0,316.0,0.0,0.0,0.0,124.0,0.0,0.0,0.0,74.0,0.0,0.0,0.0,28.0,0.0,0.0,0.0,0.0,0.0,0.0,0.0,0.0,0.0,0.0,0.0
C0__lamarckian__s17,C0__lamarckian,C0,C0,lamarckian,17,150,train,50,0.8,7,7,36.58281620345423,0.9791666666666666,0.0,282.0,0.0,0.0,0.0,105.0,0.0,0.0,0.0,83.0,0.0,0.0,0.0,29.0,0.0,0.0,0.0,0.0,0.0,0.0,0.0,0.0,0.0,0.0,0.0
C0__lamarckian__s17,C0__lamarckian,C0,C0,lamarckian,17,200,train,50,0.96,6,6,35.60878259973726,0.9583333333333334,0.0,263.0,0.0,0.0,0.0,123.0,0.0,0.0,0.0,77.0,0.0,0.0,0.0,22.0,0.0,0.0,0.0,0.0,0.0,0.0,0.0,0.0,0.0,0.0,0.0
C0__lamarckian__s17,C0__lamarckian,C0,C0,lamarckian,17,250,train,50,0.98,11,11,74.3990573629315,0.8333333333333334,0.0,387.0,0.0,0.0,0.0,113.0,0.0,0.0,0.0,79.0,0.0,0.0,0.0,31.0,0.0,0.0,0.0,0.0,0.0,0.0,0.0,0.0,0.0,0.0,0.0
C0__lamarckian__s17,C0__lamarckian,C0,C0,lamarckian,17,300,train,50,1.04,5,5,45.57901013195577,0.9166666666666666,0.0,322.0,0.0,0.0,0.0,93.0,0.0,0.0,0.0,95.0,0.0,0.0,0.0,19.0,0.0,0.0,0.0,0.0,0.0,0.0,0.0,0.0,0.0,0.0,0.0
C0__lamarckian__s17,C0__lamarckian,C0,C0,lamarckian,17,350,train,50,1.1,3,3,44.90037923222243,0.9375,0.0,312.0,0.0,0.0,0.0,69.0,0.0,0.0,0.0,87.0,0.0,0.0,0.0,33.0,0.0,0.0,0.0,0.0,0.0,0.0,0.0,0.0,0.0,0.0,0.0
C0__lamarckian__s17,C0__lamarckian,C0,C0,lamarckian,17,400,train,50,1.12,2,2,36.85210275583689,0.9583333333333334,0.0,255.0,0.0,0.0,0.0,109.0,0.0,0.0,0.0,83.0,0.0,0.0,0.0,36.0,0.0,0.0,0.0,0.0,0.0,0.0,0.0,0.0,0.0,0.0,0.0
C0__lamarckian__s17,C0__lamarckian,C0,C0,lamarckian,17,450,train,50,1.26,6,6,43.14900725435203,0.9791666666666666,0.0,283.0,0.0,0.0,0.0,65.0,0.0,0.0,0.0,82.0,0.0,0.0,0.0,32.0,0.0,0.0,0.0,0.0,0.0,0.0,0.0,0.0,0.0,0.0,0.0
C0__lamarckian__s17,C0__lamarckian,C0,C0,lamarckian,17,500,train,44,1.7045454545454546,8,14,37.40402045711923,1.0,0.0,285.0,0.0,0.0,0.0,66.0,0.0,0.0,0.0,95.0,0.0,0.0,0.0,37.0,0.0,0.0,0.0,0.0,0.0,0.0,0.0,0.0,0.0,0.0,0.0
C0__lamarckian__s17,C0__lamarckian,C0,C0,lamarckian,17,550,train,44,2.0,13,13,36.54416001488583,0.9791666666666666,0.0,253.0,0.0,0.0,0.0,64.0,0.0,0.0,0.0,95.0,0.0,0.0,0.0,35.0,0.0,0.0,0.0,0.0,0.0,0.0,0.0,0.0,0.0,0.0,0.0
C0__lamarckian__s17,C0__lamarckian,C0,C0,lamarckian,17,600,train,45,2.111111111111111,3,2,37.32126885065293,1.0,0.0,220.0,0.0,0.0,0.0,34.0,0.0,0.0,0.0,104.0,0.0,0.0,0.0,25.0,0.0,0.0,0.0,0.0,0.0,0.0,0.0,0.0,0.0,0.0,0.0
C0__lamarckian__s17,C0__lamarckian,C0,C0,lamarckian,17,650,train,39,2.1794871794871793,1,7,24.439674814891355,1.0,0.0,267.0,0.0,0.0,0.0,121.0,0.0,0.0,0.0,111.0,0.0,0.0,0.0,42.0,0.0,0.0,0.0,0.0,0.0,0.0,0.0,0.0,0.0,0.0,0.0
C0__lamarckian__s17,C0__lamarckian,C0,C0,lamarckian,17,700,train,35,2.2857142857142856,3,7,32.15971741869903,0.9791666666666666,0.0,178.0,0.0,0.0,0.0,92.0,0.0,0.0,0.0,93.0,0.0,0.0,0.0,43.0,0.0,0.0,0.0,0.0,0.0,0.0,0.0,0.0,0.0,0.0,0.0
C0__lamarckian__s17,C0__lamarckian,C0,C0,lamarckian,17,750,train,26,2.5,1,10,59.49172040718969,0.9166666666666666,0.0,222.0,0.0,0.0,0.0,92.0,0.0,0.0,0.0,105.0,0.0,0.0,0.0,38.0,0.0,0.0,0.0,0.0,0.0,0.0,0.0,0.0,0.0,0.0,0.0
C0__lamarckian__s17,C0__lamarckian,C0,C0,lamarckian,17,800,train,29,2.7586206896551726,6,3,37.74465913789409,0.9583333333333334,0.0,153.0,0.0,0.0,0.0,114.0,0.0,0.0,0.0,99.0,0.0,0.0,0.0,48.0,0.0,0.0,0.0,0.0,0.0,0.0,0.0,0.0,0.0,0.0,0.0
C0__lamarckian__s17,C0__lamarckian,C0,C0,lamarckian,17,850,train,32,2.96875,5,2,79.37451391718592,0.875,0.0,193.0,0.0,0.0,0.0,47.0,0.0,0.0,0.0,93.0,0.0,0.0,0.0,30.0,0.0,0.0,0.0,0.0,0.0,0.0,0.0,0.0,0.0,0.0,0.0
C0__lamarckian__s17,C0__lamarckian,C0,C0,lamarckian,17,900,train,40,3.25,10,2,37.50726233516103,0.9791666666666666,0.0,223.0,0.0,0.0,0.0,93.0,0.0,0.0,0.0,118.0,0.0,0.0,0.0,41.0,0.0,0.0,0.0,0.0,0.0,0.0,0.0,0.0,0.0,0.0,0.0
C0__lamarckian__s17,C0__lamarckian,C0,C0,lamarckian,17,950,train,40,3.45,4,4,50.87135406300479,1.0,0.0,239.0,0.0,0.0,0.0,66.0,0.0,0.0,0.0,106.0,0.0,0.0,0.0,31.0,0.0,0.0,0.0,0.0,0.0,0.0,0.0,0.0,0.0,0.0,0.0
C0__lamarckian__s17,C0__lamarckian,C0,C0,lamarckian,17,1000,train,35,3.5714285714285716,3,8,39.19691592344993,0.9791666666666666,0.0,205.0,0.0,0.0,0.0,52.0,0.0,0.0,0.0,112.0,0.0,0.0,0.0,34.0,0.0,0.0,0.0,0.0,0.0,0.0,0.0,0.0,0.0,0.0,0.0
C0__lamarckian__s17,C0__lamarckian,C0,C0,lamarckian,17,1050,train,35,3.8285714285714287,5,5,58.58372110658846,0.9375,0.0,238.0,0.0,0.0,0.0,52.0,0.0,0.0,0.0,117.0,0.0,0.0,0.0,32.0,0.0,0.0,0.0,0.0,0.0,0.0,0.0,0.0,0.0,0.0,0.0
C0__lamarckian__s17,C0__lamarckian,C0,C0,lamarckian,17,1100,train,41,4.048780487804878,7,1,42.80209340211513,0.9166666666666666,0.0,261.0,0.0,0.0,0.0,65.0,0.0,0.0,0.0,118.0,0.0,0.0,0.0,37.0,0.0,0.0,0.0,0.0,0.0,0.0,0.0,0.0,0.0,0.0,0.0
C0__lamarckian__s17,C0__lamarckian,C0,C0,lamarckian,17,1150,train,41,4.170731707317073,3,3,33.38557437705087,0.9791666666666666,0.0,260.0,0.0,0.0,0.0,86.0,0.0,0.0,0.0,120.0,0.0,0.0,0.0,39.0,0.0,0.0,0.0,0.0,0.0,0.0,0.0,0.0,0.0,0.0,0.0
C0__lamarckian__s17,C0__lamarckian,C0,C0,lamarckian,17,1200,train,40,4.275,3,4,36.536715143961345,0.9791666666666666,0.0,219.0,0.0,0.0,0.0,98.0,0.0,0.0,0.0,108.0,0.0,0.0,0.0,38.0,0.0,0.0,0.0,0.0,0.0,0.0,0.0,0.0,0.0,0.0,0.0
C0__lamarckian__s17,C0__lamarckian,C0,C0,lamarckian,17,1250,train,38,4.2894736842105265,0,2,33.85332474414172,0.9791666666666666,0.0,233.0,0.0,0.0,0.0,85.0,0.0,0.0,0.0,105.0,0.0,0.0,0.0,38.0,0.0,0.0,0.0,0.0,0.0,0.0,0.0,0.0,0.0,0.0,0.0
C0__lamarckian__s17,C0__lamarckian,C0,C0,lamarckian,17,1300,train,33,4.454545454545454,2,7,50.0579366984945,0.9791666666666666,0.0,250.0,0.0,0.0,0.0,85.0,0.0,0.0,0.0,117.0,0.0,0.0,0.0,40.0,0.0,0.0,0.0,0.0,0.0,0.0,0.0,0.0,0.0,0.0,0.0
C0__lamarckian__s17,C0__lamarckian,C0,C0,lamarckian,17,1350,train,35,4.628571428571429,7,5,44.39924024756529,0.9583333333333334,0.0,264.0,0.0,0.0,0.0,66.0,0.0,0.0,0.0,114.0,0.0,0.0,0.0,35.0,0.0,0.0,0.0,0.0,0.0,0.0,0.0,0.0,0.0,0.0,0.0
C0__lamarckian__s17,C0__lamarckian,C0,C0,lamarckian,17,1400,train,33,4.7272727272727275,4,6,48.26597821469096,0.9583333333333334,0.0,206.0,0.0,0.0,0.0,93.0,0.0,0.0,0.0,100.0,0.0,0.0,0.0,40.0,0.0,0.0,0.0,0.0,0.0,0.0,0.0,0.0,0.0,0.0,0.0
C0__lamarckian__s17,C0__lamarckian,C0,C0,lamarckian,17,1450,train,34,4.852941176470588,5,4,38.23095898646129,0.9583333333333334,0.0,256.0,0.0,0.0,0.0,59.0,0.0,0.0,0.0,113.0,0.0,0.0,0.0,38.0,0.0,0.0,0.0,0.0,0.0,0.0,0.0,0.0,0.0,0.0,0.0
C0__lamarckian__s17,C0__lamarckian,C0,C0,lamarckian,17,1500,train,34,5.029411764705882,3,3,46.71518604200348,0.9375,0.0,204.0,0.0,0.0,0.0,62.0,0.0,0.0,0.0,106.0,0.0,0.0,0.0,36.0,0.0,0.0,0.0,0.0,0.0,0.0,0.0,0.0,0.0,0.0,0.0
C0__lamarckian__s17,C0__lamarckian,C0,C0,lamarckian,17,1550,eval,35,5.114285714285714,5,4,28.924066173935458,1.0,0.0,189.0,0.0,0.0,0.0,81.0,0.0,0.0,0.0,97.0,0.0,0.0,0.0,43.0,0.0,0.0,0.0,0.0,0.0,0.0,0.0,0.0,0.0,0.0,0.0
C0__lamarckian__s17,C0__lamarckian,C0,C0,lamarckian,17,1600,eval,32,5.21875,2,5,25.593511499280368,1.0,0.0,167.0,0.0,0.0,0.0,70.0,0.0,0.0,0.0,89.0,0.0,0.0,0.0,40.0,0.0,0.0,0.0,0.0,0.0,0.0,0.0,0.0,0.0,0.0,0.0
C0__lamarckian__s17,C0__lamarckian,C0,C0,lamarckian,17,1650,eval,34,5.264705882352941,4,2,46.545257180847614,0.9375,0.0,187.0,0.0,0.0,0.0,44.0,0.0,0.0,0.0,98.0,0.0,0.0,0.0,30.0,0.0,0.0,0.0,0.0,0.0,0.0,0.0,0.0,0.0,0.0,0.0
C0__lamarckian__s17,C0__lamarckian,C0,C0,lamarckian,17,1700,eval,33,5.484848484848484,7,8,37.86647905376432,0.9583333333333334,0.0,237.0,0.0,0.0,0.0,60.0,0.0,0.0,0.0,100.0,0.0,0.0,0.0,30.0,0.0,0.0,0.0,0.0,0.0,0.0,0.0,0.0,0.0,0.0,0.0
C0__lamarckian__s17,C0__lamarckian,C0,C0,lamarckian,17,1750,eval,34,5.676470588235294,3,2,48.66263143236759,0.9791666666666666,0.0,224.0,0.0,0.0,0.0,61.0,0.0,0.0,0.0,101.0,0.0,0.0,0.0,29.0,0.0,0.0,0.0,0.0,0.0,0.0,0.0,0.0,0.0,0.0,0.0
C0__lamarckian__s17,C0__lamarckian,C0,C0,lamarckian,17,1800,eval,35,5.914285714285715,4,3,65.40449492960221,0.8958333333333334,0.0,258.0,0.0,0.0,0.0,105.0,0.0,0.0,0.0,102.0,0.0,0.0,0.0,46.0,0.0,0.0,0.0,0.0,0.0,0.0,0.0,0.0,0.0,0.0,0.0
C0__lamarckian__s18,C0__lamarckian,C0,C0,lamarckian,18,50,train,50,0.76,30,0,32.459441087048745,0.9791666666666666,0.0,341.0,0.0,0.0,0.0,114.0,0.0,0.0,0.0,93.0,0.0,0.0,0.0,32.0,0.0,0.0,0.0,0.0,0.0,0.0,0.0,0.0,0.0,0.0,0.0
C0__lamarckian__s18,C0__lamarckian,C0,C0,lamarckian,18,100,train,50,0.74,3,3,61.156984209440246,0.9166666666666666,0.0,503.0,0.0,0.0,0.0,110.0,0.0,0.0,0.0,80.0,0.0,0.0,0.0,24.0,0.0,0.0,0.0,0.0,0.0,0.0,0.0,0.0,0.0,0.0,0.0
C0__lamarckian__s18,C0__lamarckian,C0,C0,lamarckian,18,150,train,50,0.72,7,7,57.916082197484926,0.9375,0.0,461.0,0.0,0.0,0.0,69.0,0.0,0.0,0.0,80.0,0.0,0.0,0.0,28.0,0.0,0.0,0.0,0.0,0.0,0.0,0.0,0.0,0.0,0.0,0.0
C0__lamarckian__s18,C0__lamarckian,C0,C0,lamarckian,18,200,train,50,0.76,6,6,51.307091716047594,0.9375,0.0,330.0,0.0,0.0,0.0,57.0,0.0,0.0,0.0,88.0,0.0,0.0,0.0,31.0,0.0,0.0,0.0,0.0,0.0,0.0,0.0,0.0,0.0,0.0,0.0
C0__lamarckian__s18,C0__lamarckian,C0,C0,lamarckian,18,250,train,50,0.92,14,14,28.061516910407857,1.0,0.0,404.0,0.0,0.0,0.0,43.0,0.0,0.0,0.0,101.0,0.0,0.0,0.0,30.0,0.0,0.0,0.0,0.0,0.0,0.0,0.0,0.0,0.0,0.0,0.0
C0__lamarckian__s18,C0__lamarckian,C0,C0,lamarckian,18,300,train,50,0.98,5,5,33.219839882686124,0.9791666666666666,0.0,319.0,0.0,0.0,0.0,57.0,0.0,0.0,0.0,94.0,0.0,0.0,0.0,26.0,0.0,0.0,0.0,0.0,0.0,0.0,0.0,0.0,0.0,0.0,0.0
C0__lamarckian__s18,C0__lamarckian,C0,C0,lamarckian,18,350,train,50,1.1,9,9,34.79075562053255,0.9375,0.0,371.0,0.0,0.0,0.0,59.0,0.0,0.0,0.0,95.0,0.0,0.0,0.0,26.0,0.0,0.0,0.0,0.0,0.0,0.0,0.0,0.0,0.0,0.0,0.0
C0__lamarckian__s18,C0__lamarckian,C0,C0,lamarckian,18,400,train,45,1.2666666666666666,4,9,42.119180784178084,0.9791666666666666,0.0,283.0,0.0,0.0,0.0,46.0,0.0,0.0,0.0,93.0,0.0,0.0,0.0,25.0,0.0,0.0,0.0,0.0,0.0,0.0,0.0,0.0,0.0,0.0,0.0
C0__lamarckian__s18,C0__lamarckian,C0,C0,lamarckian,18,450,train,44,1.3863636363636365,5,6,32.32099371602363,0.9791666666666666,0.0,315.0,0.0,0.0,0.0,79.0,0.0,0.0,0.0,108.0,0.0,0.0,0.0,33.0,0.0,0.0,0.0,0.0,0.0,0.0,0.0,0.0,0.0,0.0,0.0
C0__lamarckian__s18,C0__lamarckian,C0,C0,lamarckian,18,500,train,38,1.631578947368421,2,8,39.19906669695719,0.9791666666666666,0.0,304.0,0.0,0.0,0.0,64.0,0.0,0.0,0.0,102.0,0.0,0.0,0.0,37.0,0.0,0.0,0.0,0.0,0.0,0.0,0.0,0.0,0.0,0.0,0.0
C0__lamarckian__s18,C0__lamarckian,C0,C0,lamarckian,18,550,train,31,1.8709677419354838,6,13,78.11551978003214,0.9166666666666666,0.0,256.0,0.0,0.0,0.0,48.0,0.0,0.0,0.0,103.0,0.0,0.0,0.0,28.0,0.0,0.0,0.0,0.0,0.0,0.0,0.0,0.0,0.0,0.0,0.0
C0__lamarckian__s18,C0__lamarckian,C0,C0,lamarckian,18,600,train,36,2.1666666666666665,6,1,37.285569792869,0.9791666666666666,0.0,216.0,0.0,0.0,0.0,68.0,0.0,0.0,0.0,107.0,0.0,0.0,0.0,29.0,0.0,0.0,0.0,0.0,0.0,0.0,0.0,0.0,0.0,0.0,0.0
C0__lamarckian__s18,C0__lamarckian,C0,C0,lamarckian,18,650,train,39,2.2564102564102564,6,3,62.540613347513144,0.9166666666666666,0.0,217.0,0.0,0.0,0.0,44.0,0.0,0.0,0.0,105.0,0.0,0.0,0.0,28.0,0.0,0.0,0.0,0.0,0.0,0.0,0.0,0.0,0.0,0.0,0.0
C0__lamarckian__s18,C0__lamarckian,C0,C0,lamarckian,18,700,train,41,2.4878048780487805,6,4,42.45220909561585,0.9791666666666666,0.0,219.0,0.0,0.0,0.0,70.0,0.0,0.0,0.0,108.0,0.0,0.0,0.0,34.0,0.0,0.0,0.0,0.0,0.0,0.0,0.0,0.0,0.0,0.0,0.0
C0__lamarckian__s18,C0__lamarckian,C0,C0,lamarckian,18,750,train,34,2.7058823529411766,1,8,41.64947108087546,0.9791666666666666,0.0,239.0,0.0,0.0,0.0,78.0,0.0,0.0,0.0,113.0,0.0,0.0,0.0,33.0,0.0,0.0,0.0,0.0,0.0,0.0,0.0,0.0,0.0,0.0,0.0
C0__lamarckian__s18,C0__lamarckian,C0,C0,lamarckian,18,800,train,33,2.9393939393939394,2,3,43.377738987371266,0.9791666666666666,0.0,225.0,0.0,0.0,0.0,53.0,0.0,0.0,0.0,110.0,0.0,0.0,0.0,31.0,0.0,0.0,0.0,0.0,0.0,0.0,0.0,0.0,0.0,0.0,0.0
C0__lamarckian__s18,C0__lamarckian,C0,C0,lamarckian,18,850,train,32,3.375,5,6,46.53427456053548,1.0,0.0,185.0,0.0,0.0,0.0,53.0,0.0,0.0,0.0,117.0,0.0,0.0,0.0,31.0,0.0,0.0,0.0,0.0,0.0,0.0,0.0,0.0,0.0,0.0,0.0
C0__lamarckian__s18,C0__lamarckian,C0,C0,lamarckian,18,900,train,40,3.675,11,3,37.247315422365375,0.9791666666666666,0.0,209.0,0.0,0.0,0.0,44.0,0.0,0.0,0.0,116.0,0.0,0.0,0.0,28.0,0.0,0.0,0.0,0.0,0.0,0.0,0.0,0.0,0.0,0.0,0.0
C0__lamarckian__s18,C0__lamarckian,C0,C0,lamarckian,18,950,train,40,3.8,3,3,28.069252973448904,1.0,0.0,183.0,0.0,0.0,0.0,78.0,0.0,0.0,0.0,112.0,0.0,0.0,0.0,33.0,0.0,0.0,0.0,0.0,0.0,0.0,0.0,0.0,0.0,0.0,0.0
C0__lamarckian__s18,C0__lamarckian,C0,C0,lamarckian,18,1000,train,42,4.095238095238095,4,2,26.837622297136406,0.9791666666666666,0.0,263.0,0.0,0.0,0.0,101.0,0.0,0.0,0.0,108.0,0.0,0.0,0.0,33.0,0.0,0.0,0.0,0.0,0.0,0.0,0.0,0.0,0.0,0.0,0.0
C0__lamarckian__s18,C0__lamarckian,C0,C0,lamarckian,18,1050,train,36,4.083333333333333,1,7,32.10957372815308,1.0,0.0,235.0,0.0,0.0,0.0,105.0,0.0,0.0,0.0,111.0,0.0,0.0,0.0,38.0,0.0,0.0,0.0,0.0,0.0,0.0,0.0,0.0,0.0,0.0,0.0
C0__lamarckian__s18,C0__lamarckian,C0,C0,lamarckian,18,1100,train,34,4.088235294117647,5,7,34.19394760269951,1.0,0.0,210.0,0.0,0.0,0.0,58.0,0.0,0.0,0.0,107.0,0.0,0.0,0.0,27.0,0.0,0.0,0.0,0.0,0.0,0.0,0.0,0.0,0.0,0.0,0.0
C0__lamarckian__s18,C0__lamarckian,C0,C0,lamarckian,18,1150,train,31,4.32258064516129,4,7,30.885199522932506,1.0,0.0,251.0,0.0,0.0,0.0,44.0,0.0,0.0,0.0,124.0,0.0,0.0,0.0,30.0,0.0,0.0,0.0,0.0,0.0,0.0,0.0,0.0,0.0,0.0,0.0
C0__lamarckian__s18,C0__lamarckian,C0,C0,lamarckian,18,1200,train,34,4.4411764705882355,6,3,48.45657568052903,0.9583333333333334,0.0,184.0,0.0,0.0,0.0,52.0,0.0,0.0,0.0,103.0,0.0,0.0,0.0,31.0,0.0,0.0,0.0,0.0,0.0,0.0,0.0,0.0,0.0,0.0,0.0
C0__lamarckian__s18,C0__lamarckian,C0,C0,lamarckian,18,1250,train,40,4.775,9,3,37.47199466612396,1.0,0.0,184.0,0.0,0.0,0.0,52.0,0.0,0.0,0.0,110.0,0.0,0.0,0.0,31.0,0.0,0.0,0.0,0.0,0.0,0.0,0.0,0.0,0.0,0.0,0.0
C0__lamarckian__s18,C0__lamarckian,C0,C0,lamarckian,18,1300,train,42,4.809523809523809,5,3,33.96659552057007,1.0,0.0,227.0,0.0,0.0,0.0,83.0,0.0,0.0,0.0,114.0,0.0,0.0,0.0,28.0,0.0,0.0,0.0,0.0,0.0,0.0,0.0,0.0,0.0,0.0,0.0
C0__lamarckian__s18,C0__lamarckian,C0,C0,lamarckian,18,1350,train,39,5.0,2,5,47.291566116161356,0.9791666666666666,0.0,232.0,0.0,0.0,0.0,101.0,0.0,0.0,0.0,110.0,0.0,0.0,0.0,37.0,0.0,0.0,0.0,0.0,0.0,0.0,0.0,0.0,0.0,0.0,0.0
C0__lamarckian__s18,C0__lamarckian,C0,C0,lamarckian,18,1400,train,35,5.314285714285714,3,7,38.646993280437734,0.9791666666666666,0.0,227.0,0.0,0.0,0.0,78.0,0.0,0.0,0.0,125.0,0.0,0.0,0.0,31.0,0.0,0.0,0.0,0.0,0.0,0.0,0.0,0.0,0.0,0.0,0.0
C0__lamarckian__s18,C0__lamarckian,C0,C0,lamarckian,18,1450,train,37,5.45945945945946,5,3,43.79019889500941,0.9791666666666666,0.0,239.0,0.0,0.0,0.0,115.0,0.0,0.0,0.0,116.0,0.0,0.0,0.0,31.0,0.0,0.0,0.0,0.0,0.0,0.0,0.0,0.0,0.0,0.0,0.0
C0__lamarckian__s18,C0__lamarckian,C0,C0,lamarckian,18,1500,train,35,5.571428571428571,2,4,42.03793867440841,1.0,0.0,226.0,0.0,0.0,0.0,129.0,0.0,0.0,0.0,110.0,0.0,0.0,0.0,39.0,0.0,0.0,0.0,0.0,0.0,0.0,0.0,0.0,0.0,0.0,0.0
C0__lamarckian__s18,C0__lamarckian,C0,C0,lamarckian,18,1550,eval,36,5.611111111111111,3,2,51.94863456099948,0.9166666666666666,0.0,210.0,0.0,0.0,0.0,90.0,0.0,0.0,0.0,108.0,0.0,0.0,0.0,37.0,0.0,0.0,0.0,0.0,0.0,0.0,0.0,0.0,0.0,0.0,0.0
C0__lamarckian__s18,C0__lamarckian,C0,C0,lamarckian,18,1600,eval,35,5.828571428571428,3,4,51.316281118753565,0.9791666666666666,0.0,223.0,0.0,0.0,0.0,94.0,0.0,0.0,0.0,104.0,0.0,0.0,0.0,28.0,0.0,0.0,0.0,0.0,0.0,0.0,0.0,0.0,0.0,0.0,0.0
C0__lamarckian__s18,C0__lamarckian,C0,C0,lamarckian,18,1650,eval,35,6.057142857142857,5,5,48.40250664816416,0.9791666666666666,0.0,191.0,0.0,0.0,0.0,111.0,0.0,0.0,0.0,100.0,0.0,0.0,0.0,35.0,0.0,0.0,0.0,0.0,0.0,0.0,0.0,0.0,0.0,0.0,0.0
C0__lamarckian__s18,C0__lamarckian,C0,C0,lamarckian,18,1700,eval,35,6.057142857142857,5,5,35.4425417059939,0.9583333333333334,0.0,204.0,0.0,0.0,0.0,155.0,0.0,0.0,0.0,103.0,0.0,0.0,0.0,36.0,0.0,0.0,0.0,0.0,0.0,0.0,0.0,0.0,0.0,0.0,0.0
C0__lamarckian__s18,C0__lamarckian,C0,C0,lamarckian,18,1750,eval,32,6.3125,5,8,52.72649359951396,0.9166666666666666,0.0,195.0,0.0,0.0,0.0,168.0,0.0,0.0,0.0,92.0,0.0,0.0,0.0,35.0,0.0,0.0,0.0,0.0,0.0,0.0,0.0,0.0,0.0,0.0,0.0
C0__lamarckian__s18,C0__lamarckian,C0,C0,lamarckian,18,1800,eval,33,6.666666666666667,5,4,51.6049614038641,0.9583333333333334,0.0,222.0,0.0,0.0,0.0,103.0,0.0,0.0,0.0,113.0,0.0,0.0,0.0,28.0,0.0,0.0,0.0,0.0,0.0,0.0,0.0,0.0,0.0,0.0,0.0
C0__lamarckian__s19,C0__lamarckian,C0,C0,lamarckian,19,50,train,50,0.74,30,0,32.95085848879283,0.9791666666666666,0.0,308.0,0.0,0.0,0.0,106.0,0.0,0.0,0.0,104.0,0.0,0.0,0.0,27.0,0.0,0.0,0.0,0.0,0.0,0.0,0.0,0.0,0.0,0.0,0.0
C0__lamarckian__s19,C0__lamarckian,C0,C0,lamarckian,19,100,train,50,0.76,2,2,53.19791867053969,0.9583333333333334,0.0,323.0,0.0,0.0,0.0,105.0,0.0,0.0,0.0,89.0,0.0,0.0,0.0,23.0,0.0,0.0,0.0,0.0,0.0,0.0,0.0,0.0,0.0,0.0,0.0
C0__lamarckian__s19,C0__lamarckian,C0,C0,lamarckian,19,150,train,50,0.92,10,10,53.511012150066,0.9166666666666666,0.0,377.0,0.0,0.0,0.0,45.0,0.0,0.0,0.0,85.0,0.0,0.0,0.0,20.0,0.0,0.0,0.0,0.0,0.0,0.0,0.0,0.0,0.0,0.0,0.0
C0__lamarckian__s19,C0__lamarckian,C0,C0,lamarckian,19,200,train,50,1.14,8,8,60.20026133264975,0.8958333333333334,0.0,286.0,0.0,0.0,0.0,49.0,0.0,0.0,0.0,81.0,0.0,0.0,0.0,15.0,0.0,0.0,0.0,0.0,0.0,0.0,0.0,0.0,0.0,0.0,0.0
C0__lamarckian__s19,C0__lamarckian,C0,C0,lamarckian,19,250,train,49,1.3265306122448979,10,11,20.637665457380557,0.9791666666666666,0.0,325.0,0.0,0.0,0.0,64.0,0.0,0.0,0.0,94.0,0.0,0.0,0.0,33.0,0.0,0.0,0.0,0.0,0.0,0.0,0.0,0.0,0.0,0.0,0.0
C0__lamarckian__s19,C0__lamarckian,C0,C0,lamarckian,19,300,train,45,1.3333333333333333,3,7,36.22606799317273,0.9583333333333334,0.0,274.0,0.0,0.0,0.0,65.0,0.0,0.0,0.0,90.0,0.0,0.0,0.0,27.0,0.0,0.0,0.0,0.0,0.0,0.0,0.0,0.0,0.0,0.0,0.0
C0__lamarckian__s19,C0__lamarckian,C0,C0,lamarckian,19,350,train,47,1.3617021276595744,7,5,22.289147382781742,1.0,0.0,296.0,0.0,0.0,0.0,66.0,0.0,0.0,0.0,93.0,0.0,0.0,0.0,34.0,0.0,0.0,0.0,0.0,0.0,0.0,0.0,0.0,0.0,0.0,0.0
C0__lamarckian__s19,C0__lamarckian,C0,C0,lamarckian,19,400,train,40,1.4,1,8,32.11792756241396,1.0,0.0,264.0,0.0,0.0,0.0,38.0,0.0,0.0,0.0,96.0,0.0,0.0,0.0,25.0,0.0,0.0,0.0,0.0,0.0,0.0,0.0,0.0,0.0,0.0,0.0
C0__lamarckian__s19,C0__lamarckian,C0,C0,lamarckian,19,450,train,39,1.641025641025641,5,6,40.02010462005287,1.0,0.0,197.0,0.0,0.0,0.0,37.0,0.0,0.0,0.0,86.0,0.0,0.0,0.0,23.0,0.0,0.0,0.0,0.0,0.0,0.0,0.0,0.0,0.0,0.0,0.0
C0__lamarckian__s19,C0__lamarckian,C0,C0,lamarckian,19,500,train,33,1.8484848484848484,1,7,27.727541462979143,1.0,0.0,191.0,0.0,0.0,0.0,62.0,0.0,0.0,0.0,101.0,0.0,0.0,0.0,32.0,0.0,0.0,0.0,0.0,0.0,0.0,0.0,0.0,0.0,0.0,0.0
C0__lamarckian__s19,C0__lamarckian,C0,C0,lamarckian,19,550,train,25,2.08,4,12,115.306022533831,0.75,0.0,185.0,0.0,0.0,0.0,26.0,0.0,0.0,0.0,87.0,0.0,0.0,0.0,16.0,0.0,0.0,0.0,0.0,0.0,0.0,0.0,0.0,0.0,0.0,0.0
C0__lamarckian__s19,C0__lamarckian,C0,C0,lamarckian,19,600,train,37,2.324324324324324,12,0,57.55740950105048,0.9375,0.0,227.0,0.0,0.0,0.0,48.0,0.0,0.0,0.0,104.0,0.0,0.0,0.0,35.0,0.0,0.0,0.0,0.0,0.0,0.0,0.0,0.0,0.0,0.0,0.0
C0__lamarckian__s19,C0__lamarckian,C0,C0,lamarckian,19,650,train,43,2.511627906976744,7,1,30.645554066704396,1.0,0.0,274.0,0.0,0.0,0.0,48.0,0.0,0.0,0.0,119.0,0.0,0.0,0.0,24.0,0.0,0.0,0.0,0.0,0.0,0.0,0.0,0.0,0.0,0.0,0.0
C0__lamarckian__s19,C0__lamarckian,C0,C0,lamarckian,19,700,train,42,2.6666666666666665,6,7,36.419711410074434,0.9791666666666666,0.0,204.0,0.0,0.0,0.0,53.0,0.0,0.0,0.0,93.0,0.0,0.0,0.0,24.0,0.0,0.0,0.0,0.0,0.0,0.0,0.0,0.0,0.0,0.0,0.0
C0__lamarckian__s19,C0__lamarckian,C0,C0,lamarckian,19,750,train,39,2.7435897435897436,4,7,36.81074328015154,0.9791666666666666,0.0,237.0,0.0,0.0,0.0,85.0,0.0,0.0,0.0,110.0,0.0,0.0,0.0,29.0,0.0,0.0,0.0,0.0,0.0,0.0,0.0,0.0,0.0,0.0,0.0
C0__lamarckian__s19,C0__lamarckian,C0,C0,lamarckian,19,800,train,38,2.6842105263157894,0,1,45.27299836351633,0.9791666666666666,0.0,191.0,0.0,0.0,0.0,65.0,0.0,0.0,0.0,92.0,0.0,0.0,0.0,31.0,0.0,0.0,0.0,0.0,0.0,0.0,0.0,0.0,0.0,0.0,0.0
C0__lamarckian__s19,C0__lamarckian,C0,C0,lamarckian,19,850,train,33,2.9696969696969697,3,8,48.849496425643814,0.9375,0.0,208.0,0.0,0.0,0.0,44.0,0.0,0.0,0.0,112.0,0.0,0.0,0.0,29.0,0.0,0.0,0.0,0.0,0.0,0.0,0.0,0.0,0.0,0.0,0.0
C0__lamarckian__s19,C0__lamarckian,C0,C0,lamarckian,19,900,train,36,3.1666666666666665,7,4,59.012123223866865,0.9583333333333334,0.0,214.0,0.0,0.0,0.0,29.0,0.0,0.0,0.0,106.0,0.0,0.0,0.0,24.0,0.0,0.0,0.0,0.0,0.0,0.0,0.0,0.0,0.0,0.0,0.0
C0__lamarckian__s19,C0__lamarckian,C0,C0,lamarckian,19,950,train,36,3.361111111111111,7,7,29.570968167351747,1.0,0.0,246.0,0.0,0.0,0.0,43.0,0.0,0.0,0.0,113.0,0.0,0.0,0.0,34.0,0.0,0.0,0.0,0.0,0.0,0.0,0.0,0.0,0.0,0.0,0.0
C0__lamarckian__s19,C0__lamarckian,C0,C0,lamarckian,19,1000,train,36,3.388888888888889,2,2,38.82040253686415,0.9583333333333334,0.0,229.0,0.0,0.0,0.0,72.0,0.0,0.0,0.0,103.0,0.0,0.0,0.0,32.0,0.0,0.0,0.0,0.0,0.0,0.0,0.0,0.0,0.0,0.0,0.0
C0__lamarckian__s19,C0__lamarckian,C0,C0,lamarckian,19,1050,train,39,3.4358974358974357,3,0,33.911031859000104,0.9583333333333334,0.0,222.0,0.0,0.0,0.0,89.0,0.0,0.0,0.0,108.0,0.0,0.0,0.0,34.0,0.0,0.0,0.0,0.0,0.0,0.0,0.0,0.0,0.0,0.0,0.0
C0__lamarckian__s19,C0__lamarckian,C0,C0,lamarckian,19,1100,train,32,3.71875,2,9,35.591073564494764,0.9583333333333334,0.0,241.0,0.0,0.0,0.0,108.0,0.0,0.0,0.0,107.0,0.0,0.0,0.0,39.0,0.0,0.0,0.0,0.0,0.0,0.0,0.0,0.0,0.0,0.0,0.0
C0__lamarckian__s19,C0__lamarckian,C0,C0,lamarckian,19,1150,train,29,3.8620689655172415,2,5,60.091208253302845,0.9166666666666666,0.0,216.0,0.0,0.0,0.0,57.0,0.0,0.0,0.0,103.0,0.0,0.0,0.0,27.0,0.0,0.0,0.0,0.0,0.0,0.0,0.0,0.0,0.0,0.0,0.0
C0__lamarckian__s19,C0__lamarckian,C0,C0,lamarckian,19,1200,train,32,4.25,7,4,50.975020910550874,0.9791666666666666,0.0,191.0,0.0,0.0,0.0,56.0,0.0,0.0,0.0,101.0,0.0,0.0,0.0,32.0,0.0,0.0,0.0,0.0,0.0,0.0,0.0,0.0,0.0,0.0,0.0
C0__lamarckian__s19,C0__lamarckian,C0,C0,lamarckian,19,1250,train,30,4.433333333333334,2,4,42.825881349322586,0.9791666666666666,0.0,304.0,0.0,0.0,0.0,57.0,0.0,0.0,0.0,133.0,0.0,0.0,0.0,24.0,0.0,0.0,0.0,0.0,0.0,0.0,0.0,0.0,0.0,0.0,0.0
C0__lamarckian__s19,C0__lamarckian,C0,C0,lamarckian,19,1300,train,34,4.529411764705882,4,0,57.63052796049439,0.9375,0.0,281.0,0.0,0.0,0.0,72.0,0.0,0.0,0.0,116.0,0.0,0.0,0.0,29.0,0.0,0.0,0.0,0.0,0.0,0.0,0.0,0.0,0.0,0.0,0.0
C0__lamarckian__s19,C0__lamarckian,C0,C0,lamarckian,19,1350,train,36,4.694444444444445,5,3,37.34579465550338,1.0,0.0,224.0,0.0,0.0,0.0,62.0,0.0,0.0,0.0,105.0,0.0,0.0,0.0,34.0,0.0,0.0,0.0,0.0,0.0,0.0,0.0,0.0,0.0,0.0,0.0
C0__lamarckian__s19,C0__lamarckian,C0,C0,lamarckian,19,1400,train,33,4.848484848484849,4,7,38.785362605959605,1.0,0.0,213.0,0.0,0.0,0.0,57.0,0.0,0.0,0.0,107.0,0.0,0.0,0.0,31.0,0.0,0.0,0.0,0.0,0.0,0.0,0.0,0.0,0.0,0.0,0.0
C0__lamarckian__s19,C0__lamarckian,C0,C0,lamarckian,19,1450,train,35,5.285714285714286,7,5,56.91908639100866,0.9375,0.0,234.0,0.0,0.0,0.0,44.0,0.0,0.0,0.0,108.0,0.0,0.0,0.0,28.0,0.0,0.0,0.0,0.0,0.0,0.0,0.0,0.0,0.0,0.0,0.0
C0__lamarckian__s19,C0__lamarckian,C0,C0,lamarckian,19,1500,train,39,5.461538461538462,5,1,61.213680857346056,0.9583333333333334,0.0,260.0,0.0,0.0,0.0,53.0,0.0,0.0,0.0,107.0,0.0,0.0,0.0,30.0,0.0,0.0,0.0,0.0,0.0,0.0,0.0,0.0,0.0,0.0,0.0
C0__lamarckian__s19,C0__lamarckian,C0,C0,lamarckian,19,1550,eval,39,5.6923076923076925,4,4,53.42992899649461,0.9791666666666666,0.0,183.0,0.0,0.0,0.0,116.0,0.0,0.0,0.0,91.0,0.0,0.0,0.0,37.0,0.0,0.0,0.0,0.0,0.0,0.0,0.0,0.0,0.0,0.0,0.0
C0__lamarckian__s19,C0__lamarckian,C0,C0,lamarckian,19,1600,eval,39,5.923076923076923,6,6,37.248725554369344,1.0,0.0,250.0,0.0,0.0,0.0,94.0,0.0,0.0,0.0,121.0,0.0,0.0,0.0,26.0,0.0,0.0,0.0,0.0,0.0,0.0,0.0,0.0,0.0,0.0,0.0
C0__lamarckian__s19,C0__lamarckian,C0,C0,lamarckian,19,1650,eval,35,5.885714285714286,6,10,32.75064344314185,0.9583333333333334,0.0,268.0,0.0,0.0,0.0,107.0,0.0,0.0,0.0,103.0,0.0,0.0,0.0,32.0,0.0,0.0,0.0,0.0,0.0,0.0,0.0,0.0,0.0,0.0,0.0
C0__lamarckian__s19,C0__lamarckian,C0,C0,lamarckian,19,1700,eval,31,5.935483870967742,3,7,50.00912824039173,0.9375,0.0,276.0,0.0,0.0,0.0,81.0,0.0,0.0,0.0,97.0,0.0,0.0,0.0,25.0,0.0,0.0,0.0,0.0,0.0,0.0,0.0,0.0,0.0,0.0,0.0
C0__lamarckian__s19,C0__lamarckian,C0,C0,lamarckian,19,1750,eval,35,5.9714285714285715,6,2,36.61773567020889,0.9791666666666666,0.0,259.0,0.0,0.0,0.0,102.0,0.0,0.0,0.0,91.0,0.0,0.0,0.0,40.0,0.0,0.0,0.0,0.0,0.0,0.0,0.0,0.0,0.0,0.0,0.0
C0__lamarckian__s19,C0__lamarckian,C0,C0,lamarckian,19,1800,eval,34,6.0588235294117645,3,4,36.80123048660122,0.9583333333333334,0.0,268.0,0.0,0.0,0.0,72.0,0.0,0.0,0.0,96.0,0.0,0.0,0.0,37.0,0.0,0.0,0.0,0.0,0.0,0.0,0.0,0.0,0.0,0.0,0.0
C0__lamarckian__s20,C0__lamarckian,C0,C0,lamarckian,20,50,train,50,0.78,30,0,68.255146807973,0.9166666666666666,0.0,369.0,0.0,0.0,0.0,39.0,0.0,0.0,0.0,88.0,0.0,0.0,0.0,27.0,0.0,0.0,0.0,0.0,0.0,0.0,0.0,0.0,0.0,0.0,0.0
C0__lamarckian__s20,C0__lamarckian,C0,C0,lamarckian,20,100,train,50,0.76,2,2,37.368674450592025,1.0,0.0,419.0,0.0,0.0,0.0,72.0,0.0,0.0,0.0,85.0,0.0,0.0,0.0,23.0,0.0,0.0,0.0,0.0,0.0,0.0,0.0,0.0,0.0,0.0,0.0
C0__lamarckian__s20,C0__lamarckian,C0,C0,lamarckian,20,150,train,50,0.76,8,8,25.856083853642065,0.9791666666666666,0.0,323.0,0.0,0.0,0.0,53.0,0.0,0.0,0.0,80.0,0.0,0.0,0.0,29.0,0.0,0.0,0.0,0.0,0.0,0.0,0.0,0.0,0.0,0.0,0.0
C0__lamarckian__s20,C0__lamarckian,C0,C0,lamarckian,20,200,train,50,0.8,8,8,25.554820352303448,1.0,0.0,340.0,0.0,0.0,0.0,72.0,0.0,0.0,0.0,79.0,0.0,0.0,0.0,32.0,0.0,0.0,0.0,0.0,0.0,0.0,0.0,0.0,0.0,0.0,0.0
C0__lamarckian__s20,C0__lamarckian,C0,C0,lamarckian,20,250,train,50,0.96,9,9,42.623069688275585,0.9375,0.0,400.0,0.0,0.0,0.0,65.0,0.0,0.0,0.0,94.0,0.0,0.0,0.0,32.0,0.0,0.0,0.0,0.0,0.0,0.0,0.0,0.0,0.0,0.0,0.0
C0__lamarckian__s20,C0__lamarckian,C0,C0,lamarckian,20,300,train,46,1.108695652173913,5,9,49.21268518269928,0.9375,0.0,351.0,0.0,0.0,0.0,36.0,0.0,0.0,0.0,89.0,0.0,0.0,0.0,27.0,0.0,0.0,0.0,0.0,0.0,0.0,0.0,0.0,0.0,0.0,0.0
C0__lamarckian__s20,C0__lamarckian,C0,C0,lamarckian,20,350,train,46,1.1956521739130435,6,6,43.740728522093704,0.9791666666666666,0.0,305.0,0.0,0.0,0.0,57.0,0.0,0.0,0.0,96.0,0.0,0.0,0.0,32.0,0.0,0.0,0.0,0.0,0.0,0.0,0.0,0.0,0.0,0.0,0.0
C0__lamarckian__s20,C0__lamarckian,C0,C0,lamarckian,20,400,train,43,1.2790697674418605,3,6,35.02452105005868,0.9791666666666666,0.0,293.0,0.0,0.0,0.0,81.0,0.0,0.0,0.0,101.0,0.0,0.0,0.0,38.0,0.0,0.0,0.0,0.0,0.0,0.0,0.0,0.0,0.0,0.0,0.0
C0__lamarckian__s20,C0__lamarckian,C0,C0,lamarckian,20,450,train,38,1.236842105263158,2,7,37.13181606194691,0.9791666666666666,0.0,239.0,0.0,0.0,0.0,52.0,0.0,0.0,0.0,92.0,0.0,0.0,0.0,34.0,0.0,0.0,0.0,0.0,0.0,0.0,0.0,0.0,0.0,0.0,0.0
C0__lamarckian__s20,C0__lamarckian,C0,C0,lamarckian,20,500,train,30,1.4333333333333333,3,11,52.45183485029771,0.9791666666666666,0.0,253.0,0.0,0.0,0.0,53.0,0.0,0.0,0.0,102.0,0.0,0.0,0.0,34.0,0.0,0.0,0.0,0.0,0.0,0.0,0.0,0.0,0.0,0.0,0.0
C0__lamarckian__s20,C0__lamarckian,C0,C0,lamarckian,20,550,train,33,1.9696969696969697,13,10,40.072211329090194,0.9791666666666666,0.0,251.0,0.0,0.0,0.0,60.0,0.0,0.0,0.0,104.0,0.0,0.0,0.0,35.0,0.0,0.0,0.0,0.0,0.0,0.0,0.0,0.0,0.0,0.0,0.0
C0__lamarckian__s20,C0__lamarckian,C0,C0,lamarckian,20,600,train,41,2.097560975609756,9,1,40.657812124670485,0.9583333333333334,0.0,215.0,0.0,0.0,0.0,52.0,0.0,0.0,0.0,103.0,0.0,0.0,0.0,38.0,0.0,0.0,0.0,0.0,0.0,0.0,0.0,0.0,0.0,0.0,0.0
C0__lamarckian__s20,C0__lamarckian,C0,C0,lamarckian,20,650,train,39,2.230769230769231,3,5,46.1908199786493,0.9166666666666666,0.0,236.0,0.0,0.0,0.0,69.0,0.0,0.0,0.0,104.0,0.0,0.0,0.0,40.0,0.0,0.0,0.0,0.0,0.0,0.0,0.0,0.0,0.0,0.0,0.0
C0__lamarckian__s20,C0__lamarckian,C0,C0,lamarckian,20,700,train,36,2.4444444444444446,4,7,33.845521318853784,1.0,0.0,251.0,0.0,0.0,0.0,75.0,0.0,0.0,0.0,111.0,0.0,0.0,0.0,40.0,0.0,0.0,0.0,0.0,0.0,0.0,0.0,0.0,0.0,0.0,0.0
C0__lamarckian__s20,C0__lamarckian,C0,C0,lamarckian,20,750,train,34,2.6470588235294117,2,4,45.91497974851774,0.9583333333333334,0.0,238.0,0.0,0.0,0.0,73.0,0.0,0.0,0.0,111.0,0.0,0.0,0.0,40.0,0.0,0.0,0.0,0.0,0.0,0.0,0.0,0.0,0.0,0.0,0.0
C0__lamarckian__s20,C0__lamarckian,C0,C0,lamarckian,20,800,train,31,2.7419354838709675,4,7,46.399694777295366,0.9166666666666666,0.0,244.0,0.0,0.0,0.0,51.0,0.0,0.0,0.0,101.0,0.0,0.0,0.0,35.0,0.0,0.0,0.0,0.0,0.0,0.0,0.0,0.0,0.0,0.0,0.0
C0__lamarckian__s20,C0__lamarckian,C0,C0,lamarckian,20,850,train,33,2.909090909090909,6,4,33.78286804751994,0.9791666666666666,0.0,197.0,0.0,0.0,0.0,70.0,0.0,0.0,0.0,110.0,0.0,0.0,0.0,36.0,0.0,0.0,0.0,0.0,0.0,0.0,0.0,0.0,0.0,0.0,0.0
C0__lamarckian__s20,C0__lamarckian,C0,C0,lamarckian,20,900,train,39,3.076923076923077,7,1,46.10530132773241,0.9166666666666666,0.0,208.0,0.0,0.0,0.0,70.0,0.0,0.0,0.0,111.0,0.0,0.0,0.0,33.0,0.0,0.0,0.0,0.0,0.0,0.0,0.0,0.0,0.0,0.0,0.0
C0__lamarckian__s20,C0__lamarckian,C0,C0,lamarckian,20,950,train,43,3.2325581395348837,5,1,30.730664845767876,0.9791666666666666,0.0,228.0,0.0,0.0,0.0,61.0,0.0,0.0,0.0,109.0,0.0,0.0,0.0,39.0,0.0,0.0,0.0,0.0,0.0,0.0,0.0,0.0,0.0,0.0,0.0
C0__lamarckian__s20,C0__lamarckian,C0,C0,lamarckian,20,1000,train,41,3.4146341463414633,2,4,38.78005077856636,0.9791666666666666,0.0,203.0,0.0,0.0,0.0,63.0,0.0,0.0,0.0,112.0,0.0,0.0,0.0,36.0,0.0,0.0,0.0,0.0,0.0,0.0,0.0,0.0,0.0,0.0,0.0
C0__lamarckian__s20,C0__lamarckian,C0,C0,lamarckian,20,1050,train,36,3.8055555555555554,7,12,24.55516706381372,1.0,0.0,247.0,0.0,0.0,0.0,88.0,0.0,0.0,0.0,113.0,0.0,0.0,0.0,41.0,0.0,0.0,0.0,0.0,0.0,0.0,0.0,0.0,0.0,0.0,0.0
C0__lamarckian__s20,C0__lamarckian,C0,C0,lamarckian,20,1100,train,33,4.03030303030303,5,8,42.67901602867802,0.9375,0.0,292.0,0.0,0.0,0.0,79.0,0.0,0.0,0.0,115.0,0.0,0.0,0.0,40.0,0.0,0.0,0.0,0.0,0.0,0.0,0.0,0.0,0.0,0.0,0.0
C0__lamarckian__s20,C0__lamarckian,C0,C0,lamarckian,20,1150,train,34,4.0588235294117645,1,0,50.33216284714742,0.9791666666666666,0.0,222.0,0.0,0.0,0.0,79.0,0.0,0.0,0.0,110.0,0.0,0.0,0.0,30.0,0.0,0.0,0.0,0.0,0.0,0.0,0.0,0.0,0.0,0.0,0.0
C0__lamarckian__s20,C0__lamarckian,C0,C0,lamarckian,20,1200,train,37,4.1891891891891895,7,4,39.376503621151166,0.9791666666666666,0.0,242.0,0.0,0.0,0.0,74.0,0.0,0.0,0.0,117.0,0.0,0.0,0.0,39.0,0.0,0.0,0.0,0.0,0.0,0.0,0.0,0.0,0.0,0.0,0.0
C0__lamarckian__s20,C0__lamarckian,C0,C0,lamarckian,20,1250,train,38,4.342105263157895,3,2,45.89486546447041,1.0,0.0,241.0,0.0,0.0,0.0,81.0,0.0,0.0,0.0,108.0,0.0,0.0,0.0,45.0,0.0,0.0,0.0,0.0,0.0,0.0,0.0,0.0,0.0,0.0,0.0
C0__lamarckian__s20,C0__lamarckian,C0,C0,lamarckian,20,1300,train,36,4.388888888888889,3,5,49.876008443513555,0.9375,0.0,249.0,0.0,0.0,0.0,60.0,0.0,0.0,0.0,118.0,0.0,0.0,0.0,30.0,0.0,0.0,0.0,0.0,0.0,0.0,0.0,0.0,0.0,0.0,0.0
C0__lamarckian__s20,C0__lamarckian,C0,C0,lamarckian,20,1350,train,31,4.612903225806452,2,7,44.46276324783305,0.9791666666666666,0.0,259.0,0.0,0.0,0.0,85.0,0.0,0.0,0.0,124.0,0.0,0.0,0.0,47.0,0.0,0.0,0.0,0.0,0.0,0.0,0.0,0.0,0.0,0.0,0.0
C0__lamarckian__s20,C0__lamarckian,C0,C0,lamarckian,20,1400,train,31,4.806451612903226,6,6,50.4835954893681,0.9583333333333334,0.0,260.0,0.0,0.0,0.0,66.0,0.0,0.0,0.0,116.0,0.0,0.0,0.0,40.0,0.0,0.0,0.0,0.0,0.0,0.0,0.0,0.0,0.0,0.0,0.0
C0__lamarckian__s20,C0__lamarckian,C0,C0,lamarckian,20,1450,train,30,4.966666666666667,4,5,43.15318118598445,0.9791666666666666,0.0,284.0,0.0,0.0,0.0,61.0,0.0,0.0,0.0,124.0,0.0,0.0,0.0,41.0,0.0,0.0,0.0,0.0,0.0,0.0,0.0,0.0,0.0,0.0,0.0
C0__lamarckian__s20,C0__lamarckian,C0,C0,lamarckian,20,1500,train,36,5.138888888888889,7,1,37.345153240307,1.0,0.0,244.0,0.0,0.0,0.0,85.0,0.0,0.0,0.0,113.0,0.0,0.0,0.0,35.0,0.0,0.0,0.0,0.0,0.0,0.0,0.0,0.0,0.0,0.0,0.0
C0__lamarckian__s20,C0__lamarckian,C0,C0,lamarckian,20,1550,eval,37,5.378378378378378,5,4,49.23753573268766,0.8958333333333334,0.0,325.0,0.0,0.0,0.0,44.0,0.0,0.0,0.0,128.0,0.0,0.0,0.0,25.0,0.0,0.0,0.0,0.0,0.0,0.0,0.0,0.0,0.0,0.0,0.0
C0__lamarckian__s20,C0__lamarckian,C0,C0,lamarckian,20,1600,eval,37,5.4324324324324325,3,3,51.66238938693269,0.9375,0.0,348.0,0.0,0.0,0.0,49.0,0.0,0.0,0.0,128.0,0.0,0.0,0.0,29.0,0.0,0.0,0.0,0.0,0.0,0.0,0.0,0.0,0.0,0.0,0.0
C0__lamarckian__s20,C0__lamarckian,C0,C0,lamarckian,20,1650,eval,39,5.615384615384615,7,5,25.302841008716552,1.0,0.0,372.0,0.0,0.0,0.0,90.0,0.0,0.0,0.0,116.0,0.0,0.0,0.0,37.0,0.0,0.0,0.0,0.0,0.0,0.0,0.0,0.0,0.0,0.0,0.0
C0__lamarckian__s20,C0__lamarckian,C0,C0,lamarckian,20,1700,eval,35,5.8,1,5,32.44199279505153,1.0,0.0,339.0,0.0,0.0,0.0,106.0,0.0,0.0,0.0,118.0,0.0,0.0,0.0,30.0,0.0,0.0,0.0,0.0,0.0,0.0,0.0,0.0,0.0,0.0,0.0
C0__lamarckian__s20,C0__lamarckian,C0,C0,lamarckian,20,1750,eval,36,5.916666666666667,5,4,37.53664693620453,0.9583333333333334,0.0,351.0,0.0,0.0,0.0,95.0,0.0,0.0,0.0,115.0,0.0,0.0,0.0,36.0,0.0,0.0,0.0,0.0,0.0,0.0,0.0,0.0,0.0,0.0,0.0
C0__lamarckian__s20,C0__lamarckian,C0,C0,lamarckian,20,1800,eval,34,6.117647058823529,5,7,45.278229452651374,0.9583333333333334,0.0,309.0,0.0,0.0,0.0,85.0,0.0,0.0,0.0,107.0,0.0,0.0,0.0,41.0,0.0,0.0,0.0,0.0,0.0,0.0,0.0,0.0,0.0,0.0,0.0
C0__lamarckian__s21,C0__lamarckian,C0,C0,lamarckian,21,50,train,50,0.7,30,0,82.39097413579522,0.8541666666666666,0.0,352.0,0.0,0.0,0.0,112.0,0.0,0.0,0.0,93.0,0.0,0.0,0.0,14.0,0.0,0.0,0.0,0.0,0.0,0.0,0.0,0.0,0.0,0.0,0.0
C0__lamarckian__s21,C0__lamarckian,C0,C0,lamarckian,21,100,train,50,0.7,1,1,38.10737134959818,0.9583333333333334,0.0,422.0,0.0,0.0,0.0,67.0,0.0,0.0,0.0,93.0,0.0,0.0,0.0,18.0,0.0,0.0,0.0,0.0,0.0,0.0,0.0,0.0,0.0,0.0,0.0
C0__lamarckian__s21,C0__lamarckian,C0,C0,lamarckian,21,150,train,50,0.7,4,4,49.88839625438184,0.9583333333333334,0.0,390.0,0.0,0.0,0.0,48.0,0.0,0.0,0.0,90.0,0.0,0.0,0.0,19.0,0.0,0.0,0.0,0.0,0.0,0.0,0.0,0.0,0.0,0.0,0.0
C0__lamarckian__s21,C0__lamarckian,C0,C0,lamarckian,21,200,train,50,0.74,6,6,41.787133322667174,0.9791666666666666,0.0,367.0,0.0,0.0,0.0,54.0,0.0,0.0,0.0,102.0,0.0,0.0,0.0,14.0,0.0,0.0,0.0,0.0,0.0,0.0,0.0,0.0,0.0,0.0,0.0
C0__lamarckian__s21,C0__lamarckian,C0,C0,lamarckian,21,250,train,50,0.92,8,8,43.51818884256298,0.9166666666666666,0.0,336.0,0.0,0.0,0.0,51.0,0.0,0.0,0.0,103.0,0.0,0.0,0.0,14.0,0.0,0.0,0.0,0.0,0.0,0.0,0.0,0.0,0.0,0.0,0.0
C0__lamarckian__s21,C0__lamarckian,C0,C0,lamarckian,21,300,train,50,0.98,6,6,25.890429630902556,0.9791666666666666,0.0,325.0,0.0,0.0,0.0,76.0,0.0,0.0,0.0,117.0,0.0,0.0,0.0,19.0,0.0,0.0,0.0,0.0,0.0,0.0,0.0,0.0,0.0,0.0,0.0
C0__lamarckian__s21,C0__lamarckian,C0,C0,lamarckian,21,350,train,50,1.16,8,8,38.98549196693067,0.9583333333333334,0.0,314.0,0.0,0.0,0.0,45.0,0.0,0.0,0.0,114.0,0.0,0.0,0.0,8.0,0.0,0.0,0.0,0.0,0.0,0.0,0.0,0.0,0.0,0.0,0.0
C0__lamarckian__s21,C0__lamarckian,C0,C0,lamarckian,21,400,train,49,1.3061224489795917,5,6,31.400516864712134,1.0,0.0,232.0,0.0,0.0,0.0,78.0,0.0,0.0,0.0,101.0,0.0,0.0,0.0,17.0,0.0,0.0,0.0,0.0,0.0,0.0,0.0,0.0,0.0,0.0,0.0
C0__lamarckian__s21,C0__lamarckian,C0,C0,lamarckian,21,450,train,46,1.3695652173913044,3,6,41.214110389254934,0.9375,0.0,268.0,0.0,0.0,0.0,41.0,0.0,0.0,0.0,107.0,0.0,0.0,0.0,15.0,0.0,0.0,0.0,0.0,0.0,0.0,0.0,0.0,0.0,0.0,0.0
C0__lamarckian__s21,C0__lamarckian,C0,C0,lamarckian,21,500,train,33,1.6666666666666667,1,14,44.03215389028597,0.9791666666666666,0.0,252.0,0.0,0.0,0.0,45.0,0.0,0.0,0.0,114.0,0.0,0.0,0.0,21.0,0.0,0.0,0.0,0.0,0.0,0.0,0.0,0.0,0.0,0.0,0.0
C0__lamarckian__s21,C0__lamarckian,C0,C0,lamarckian,21,550,train,26,2.230769230769231,9,16,108.65426311499579,0.7916666666666666,0.0,162.0,0.0,0.0,0.0,32.0,0.0,0.0,0.0,100.0,0.0,0.0,0.0,15.0,0.0,0.0,0.0,0.0,0.0,0.0,0.0,0.0,0.0,0.0,0.0
C0__lamarckian__s21,C0__lamarckian,C0,C0,lamarckian,21,600,train,38,2.6578947368421053,13,1,55.8562506479717,0.8958333333333334,0.0,205.0,0.0,0.0,0.0,19.0,0.0,0.0,0.0,121.0,0.0,0.0,0.0,12.0,0.0,0.0,0.0,0.0,0.0,0.0,0.0,0.0,0.0,0.0,0.0
C0__lamarckian__s21,C0__lamarckian,C0,C0,lamarckian,21,650,train,44,2.840909090909091,7,1,39.975420031215904,0.9375,0.0,263.0,0.0,0.0,0.0,22.0,0.0,0.0,0.0,128.0,0.0,0.0,0.0,17.0,0.0,0.0,0.0,0.0,0.0,0.0,0.0,0.0,0.0,0.0,0.0
C0__lamarckian__s21,C0__lamarckian,C0,C0,lamarckian,21,700,train,40,2.95,2,6,45.604409203118976,1.0,0.0,294.0,0.0,0.0,0.0,33.0,0.0,0.0,0.0,111.0,0.0,0.0,0.0,13.0,0.0,0.0,0.0,0.0,0.0,0.0,0.0,0.0,0.0,0.0,0.0
C0__lamarckian__s21,C0__lamarckian,C0,C0,lamarckian,21,750,train,38,3.1578947368421053,3,5,34.51046725173474,1.0,0.0,320.0,0.0,0.0,0.0,31.0,0.0,0.0,0.0,136.0,0.0,0.0,0.0,18.0,0.0,0.0,0.0,0.0,0.0,0.0,0.0,0.0,0.0,0.0,0.0
C0__lamarckian__s21,C0__lamarckian,C0,C0,lamarckian,21,800,train,37,3.2972972972972974,3,4,30.897340251801445,1.0,0.0,297.0,0.0,0.0,0.0,31.0,0.0,0.0,0.0,127.0,0.0,0.0,0.0,19.0,0.0,0.0,0.0,0.0,0.0,0.0,0.0,0.0,0.0,0.0,0.0
C0__lamarckian__s21,C0__lamarckian,C0,C0,lamarckian,21,850,train,37,3.5135135135135136,7,7,29.265969079956154,0.9791666666666666,0.0,262.0,0.0,0.0,0.0,73.0,0.0,0.0,0.0,119.0,0.0,0.0,0.0,20.0,0.0,0.0,0.0,0.0,0.0,0.0,0.0,0.0,0.0,0.0,0.0
C0__lamarckian__s21,C0__lamarckian,C0,C0,lamarckian,21,900,train,32,3.625,0,5,55.026625022234285,0.9583333333333334,0.0,263.0,0.0,0.0,0.0,55.0,0.0,0.0,0.0,111.0,0.0,0.0,0.0,18.0,0.0,0.0,0.0,0.0,0.0,0.0,0.0,0.0,0.0,0.0,0.0
C0__lamarckian__s21,C0__lamarckian,C0,C0,lamarckian,21,950,train,32,3.84375,3,3,42.421003152639564,0.9791666666666666,0.0,237.0,0.0,0.0,0.0,55.0,0.0,0.0,0.0,118.0,0.0,0.0,0.0,22.0,0.0,0.0,0.0,0.0,0.0,0.0,0.0,0.0,0.0,0.0,0.0
C0__lamarckian__s21,C0__lamarckian,C0,C0,lamarckian,21,1000,train,35,3.942857142857143,4,1,101.86068349209694,0.8541666666666666,0.0,223.0,0.0,0.0,0.0,21.0,0.0,0.0,0.0,103.0,0.0,0.0,0.0,15.0,0.0,0.0,0.0,0.0,0.0,0.0,0.0,0.0,0.0,0.0,0.0
C0__lamarckian__s21,C0__lamarckian,C0,C0,lamarckian,21,1050,train,34,4.323529411764706,6,7,59.617711492267986,0.9791666666666666,0.0,236.0,0.0,0.0,0.0,50.0,0.0,0.0,0.0,120.0,0.0,0.0,0.0,15.0,0.0,0.0,0.0,0.0,0.0,0.0,0.0,0.0,0.0,0.0,0.0
C0__lamarckian__s21,C0__lamarckian,C0,C0,lamarckian,21,1100,train,38,4.552631578947368,9,5,51.74723301491009,0.9166666666666666,0.0,208.0,0.0,0.0,0.0,43.0,0.0,0.0,0.0,120.0,0.0,0.0,0.0,19.0,0.0,0.0,0.0,0.0,0.0,0.0,0.0,0.0,0.0,0.0,0.0
C0__lamarckian__s21,C0__lamarckian,C0,C0,lamarckian,21,1150,train,35,4.8,4,7,20.7809044733636,1.0,0.0,295.0,0.0,0.0,0.0,45.0,0.0,0.0,0.0,142.0,0.0,0.0,0.0,19.0,0.0,0.0,0.0,0.0,0.0,0.0,0.0,0.0,0.0,0.0,0.0
C0__lamarckian__s21,C0__lamarckian,C0,C0,lamarckian,21,1200,train,36,4.861111111111111,3,2,33.0283002136205,0.9583333333333334,0.0,275.0,0.0,0.0,0.0,48.0,0.0,0.0,0.0,134.0,0.0,0.0,0.0,24.0,0.0,0.0,0.0,0.0,0.0,0.0,0.0,0.0,0.0,0.0,0.0
C0__lamarckian__s21,C0__lamarckian,C0,C0,lamarckian,21,1250,train,31,5.0,2,7,34.21335566062571,0.9583333333333334,0.0,223.0,0.0,0.0,0.0,34.0,0.0,0.0,0.0,128.0,0.0,0.0,0.0,20.0,0.0,0.0,0.0,0.0,0.0,0.0,0.0,0.0,0.0,0.0,0.0
C0__lamarckian__s21,C0__lamarckian,C0,C0,lamarckian,21,1300,train,29,5.206896551724138,3,5,67.62835983473244,0.9166666666666666,0.0,222.0,0.0,0.0,0.0,28.0,0.0,0.0,0.0,123.0,0.0,0.0,0.0,14.0,0.0,0.0,0.0,0.0,0.0,0.0,0.0,0.0,0.0,0.0,0.0
C0__lamarckian__s21,C0__lamarckian,C0,C0,lamarckian,21,1350,train,30,5.666666666666667,7,6,57.424382661790105,0.9375,0.0,229.0,0.0,0.0,0.0,30.0,0.0,0.0,0.0,129.0,0.0,0.0,0.0,14.0,0.0,0.0,0.0,0.0,0.0,0.0,0.0,0.0,0.0,0.0,0.0
C0__lamarckian__s21,C0__lamarckian,C0,C0,lamarckian,21,1400,train,35,5.714285714285714,6,1,48.88446104382898,0.9583333333333334,0.0,239.0,0.0,0.0,0.0,64.0,0.0,0.0,0.0,124.0,0.0,0.0,0.0,24.0,0.0,0.0,0.0,0.0,0.0,0.0,0.0,0.0,0.0,0.0,0.0
C0__lamarckian__s21,C0__lamarckian,C0,C0,lamarckian,21,1450,train,35,5.742857142857143,2,2,36.19957794929391,0.9583333333333334,0.0,235.0,0.0,0.0,0.0,47.0,0.0,0.0,0.0,130.0,0.0,0.0,0.0,26.0,0.0,0.0,0.0,0.0,0.0,0.0,0.0,0.0,0.0,0.0,0.0
C0__lamarckian__s21,C0__lamarckian,C0,C0,lamarckian,21,1500,train,35,5.942857142857143,4,4,56.07268205045353,0.8958333333333334,0.0,238.0,0.0,0.0,0.0,24.0,0.0,0.0,0.0,123.0,0.0,0.0,0.0,17.0,0.0,0.0,0.0,0.0,0.0,0.0,0.0,0.0,0.0,0.0,0.0
C0__lamarckian__s21,C0__lamarckian,C0,C0,lamarckian,21,1550,eval,32,6.09375,1,4,58.074806713260465,0.9375,0.0,213.0,0.0,0.0,0.0,35.0,0.0,0.0,0.0,109.0,0.0,0.0,0.0,16.0,0.0,0.0,0.0,0.0,0.0,0.0,0.0,0.0,0.0,0.0,0.0
C0__lamarckian__s21,C0__lamarckian,C0,C0,lamarckian,21,1600,eval,32,6.5,6,6,63.82816131603299,0.9583333333333334,0.0,240.0,0.0,0.0,0.0,38.0,0.0,0.0,0.0,120.0,0.0,0.0,0.0,17.0,0.0,0.0,0.0,0.0,0.0,0.0,0.0,0.0,0.0,0.0,0.0
C0__lamarckian__s21,C0__lamarckian,C0,C0,lamarckian,21,1650,eval,33,6.575757575757576,3,2,41.767064459686154,1.0,0.0,278.0,0.0,0.0,0.0,28.0,0.0,0.0,0.0,129.0,0.0,0.0,0.0,17.0,0.0,0.0,0.0,0.0,0.0,0.0,0.0,0.0,0.0,0.0,0.0
C0__lamarckian__s21,C0__lamarckian,C0,C0,lamarckian,21,1700,eval,32,7.03125,5,6,93.45516266560895,0.8333333333333334,0.0,235.0,0.0,0.0,0.0,29.0,0.0,0.0,0.0,104.0,0.0,0.0,0.0,13.0,0.0,0.0,0.0,0.0,0.0,0.0,0.0,0.0,0.0,0.0,0.0
C0__lamarckian__s21,C0__lamarckian,C0,C0,lamarckian,21,1750,eval,37,7.324324324324325,8,3,36.07776013692374,1.0,0.0,300.0,0.0,0.0,0.0,82.0,0.0,0.0,0.0,134.0,0.0,0.0,0.0,17.0,0.0,0.0,0.0,0.0,0.0,0.0,0.0,0.0,0.0,0.0,0.0
C0__lamarckian__s21,C0__lamarckian,C0,C0,lamarckian,21,1800,eval,35,7.314285714285714,3,5,36.45314173009106,0.9791666666666666,0.0,314.0,0.0,0.0,0.0,75.0,0.0,0.0,0.0,130.0,0.0,0.0,0.0,25.0,0.0,0.0,0.0,0.0,0.0,0.0,0.0,0.0,0.0,0.0,0.0
C0__lamarckian__s22,C0__lamarckian,C0,C0,lamarckian,22,50,train,50,0.74,30,0,76.33494630011684,0.8541666666666666,0.0,503.0,0.0,0.0,0.0,108.0,0.0,0.0,0.0,86.0,0.0,0.0,0.0,23.0,0.0,0.0,0.0,0.0,0.0,0.0,0.0,0.0,0.0,0.0,0.0
C0__lamarckian__s22,C0__lamarckian,C0,C0,lamarckian,22,100,train,50,0.74,2,2,38.58860089602947,0.9583333333333334,0.0,395.0,0.0,0.0,0.0,59.0,0.0,0.0,0.0,79.0,0.0,0.0,0.0,28.0,0.0,0.0,0.0,0.0,0.0,0.0,0.0,0.0,0.0,0.0,0.0
C0__lamarckian__s22,C0__lamarckian,C0,C0,lamarckian,22,150,train,50,0.72,2,2,35.1340526485497,0.9791666666666666,0.0,393.0,0.0,0.0,0.0,120.0,0.0,0.0,0.0,94.0,0.0,0.0,0.0,32.0,0.0,0.0,0.0,0.0,0.0,0.0,0.0,0.0,0.0,0.0,0.0
C0__lamarckian__s22,C0__lamarckian,C0,C0,lamarckian,22,200,train,50,0.74,5,5,38.102686540220276,0.9791666666666666,0.0,342.0,0.0,0.0,0.0,73.0,0.0,0.0,0.0,86.0,0.0,0.0,0.0,20.0,0.0,0.0,0.0,0.0,0.0,0.0,0.0,0.0,0.0,0.0,0.0
C0__lamarckian__s22,C0__lamarckian,C0,C0,lamarckian,22,250,train,50,0.74,5,5,60.99055128937072,0.8958333333333334,0.0,289.0,0.0,0.0,0.0,103.0,0.0,0.0,0.0,96.0,0.0,0.0,0.0,16.0,0.0,0.0,0.0,0.0,0.0,0.0,0.0,0.0,0.0,0.0,0.0
C0__lamarckian__s22,C0__lamarckian,C0,C0,lamarckian,22,300,train,50,0.78,7,7,42.361301252909584,0.9791666666666666,0.0,313.0,0.0,0.0,0.0,65.0,0.0,0.0,0.0,91.0,0.0,0.0,0.0,23.0,0.0,0.0,0.0,0.0,0.0,0.0,0.0,0.0,0.0,0.0,0.0
C0__lamarckian__s22,C0__lamarckian,C0,C0,lamarckian,22,350,train,50,0.8,4,4,46.8084119688018,0.9583333333333334,0.0,260.0,0.0,0.0,0.0,121.0,0.0,0.0,0.0,101.0,0.0,0.0,0.0,30.0,0.0,0.0,0.0,0.0,0.0,0.0,0.0,0.0,0.0,0.0,0.0
C0__lamarckian__s22,C0__lamarckian,C0,C0,lamarckian,22,400,train,50,0.78,5,5,31.28408415507765,0.9583333333333334,0.0,247.0,0.0,0.0,0.0,95.0,0.0,0.0,0.0,94.0,0.0,0.0,0.0,34.0,0.0,0.0,0.0,0.0,0.0,0.0,0.0,0.0,0.0,0.0,0.0
C0__lamarckian__s22,C0__lamarckian,C0,C0,lamarckian,22,450,train,50,0.82,4,4,43.94106523215291,0.9583333333333334,0.0,220.0,0.0,0.0,0.0,61.0,0.0,0.0,0.0,91.0,0.0,0.0,0.0,26.0,0.0,0.0,0.0,0.0,0.0,0.0,0.0,0.0,0.0,0.0,0.0
C0__lamarckian__s22,C0__lamarckian,C0,C0,lamarckian,22,500,train,41,1.2195121951219512,10,19,31.82580904442785,0.9791666666666666,0.0,248.0,0.0,0.0,0.0,58.0,0.0,0.0,0.0,94.0,0.0,0.0,0.0,33.0,0.0,0.0,0.0,0.0,0.0,0.0,0.0,0.0,0.0,0.0,0.0
C0__lamarckian__s22,C0__lamarckian,C0,C0,lamarckian,22,550,train,42,1.6904761904761905,19,18,69.45091527334496,0.8958333333333334,0.0,200.0,0.0,0.0,0.0,43.0,0.0,0.0,0.0,100.0,0.0,0.0,0.0,24.0,0.0,0.0,0.0,0.0,0.0,0.0,0.0,0.0,0.0,0.0,0.0
C0__lamarckian__s22,C0__lamarckian,C0,C0,lamarckian,22,600,train,46,1.8043478260869565,5,1,29.701434063286104,0.9791666666666666,0.0,314.0,0.0,0.0,0.0,45.0,0.0,0.0,0.0,134.0,0.0,0.0,0.0,27.0,0.0,0.0,0.0,0.0,0.0,0.0,0.0,0.0,0.0,0.0,0.0
C0__lamarckian__s22,C0__lamarckian,C0,C0,lamarckian,22,650,train,45,1.8888888888888888,3,4,45.89435406645014,0.9791666666666666,0.0,319.0,0.0,0.0,0.0,43.0,0.0,0.0,0.0,107.0,0.0,0.0,0.0,26.0,0.0,0.0,0.0,0.0,0.0,0.0,0.0,0.0,0.0,0.0,0.0
C0__lamarckian__s22,C0__lamarckian,C0,C0,lamarckian,22,700,train,41,1.975609756097561,6,10,38.99207988535598,0.9791666666666666,0.0,232.0,0.0,0.0,0.0,45.0,0.0,0.0,0.0,108.0,0.0,0.0,0.0,32.0,0.0,0.0,0.0,0.0,0.0,0.0,0.0,0.0,0.0,0.0,0.0
C0__lamarckian__s22,C0__lamarckian,C0,C0,lamarckian,22,750,train,42,2.0,3,2,32.17066199925796,0.9583333333333334,0.0,282.0,0.0,0.0,0.0,53.0,0.0,0.0,0.0,127.0,0.0,0.0,0.0,27.0,0.0,0.0,0.0,0.0,0.0,0.0,0.0,0.0,0.0,0.0,0.0
C0__lamarckian__s22,C0__lamarckian,C0,C0,lamarckian,22,800,train,41,2.097560975609756,5,6,37.59747075521879,1.0,0.0,271.0,0.0,0.0,0.0,75.0,0.0,0.0,0.0,118.0,0.0,0.0,0.0,31.0,0.0,0.0,0.0,0.0,0.0,0.0,0.0,0.0,0.0,0.0,0.0
C0__lamarckian__s22,C0__lamarckian,C0,C0,lamarckian,22,850,train,38,2.3421052631578947,4,7,40.76875998924781,0.9583333333333334,0.0,246.0,0.0,0.0,0.0,59.0,0.0,0.0,0.0,122.0,0.0,0.0,0.0,26.0,0.0,0.0,0.0,0.0,0.0,0.0,0.0,0.0,0.0,0.0,0.0
C0__lamarckian__s22,C0__lamarckian,C0,C0,lamarckian,22,900,train,36,2.388888888888889,2,4,37.320035071020726,0.9791666666666666,0.0,241.0,0.0,0.0,0.0,89.0,0.0,0.0,0.0,105.0,0.0,0.0,0.0,29.0,0.0,0.0,0.0,0.0,0.0,0.0,0.0,0.0,0.0,0.0,0.0
C0__lamarckian__s22,C0__lamarckian,C0,C0,lamarckian,22,950,train,39,2.6153846153846154,5,2,32.48936074640736,0.9791666666666666,0.0,288.0,0.0,0.0,0.0,63.0,0.0,0.0,0.0,114.0,0.0,0.0,0.0,33.0,0.0,0.0,0.0,0.0,0.0,0.0,0.0,0.0,0.0,0.0,0.0
C0__lamarckian__s22,C0__lamarckian,C0,C0,lamarckian,22,1000,train,37,2.8378378378378377,4,6,30.41532835422919,0.9791666666666666,0.0,270.0,0.0,0.0,0.0,42.0,0.0,0.0,0.0,126.0,0.0,0.0,0.0,31.0,0.0,0.0,0.0,0.0,0.0,0.0,0.0,0.0,0.0,0.0,0.0
C0__lamarckian__s22,C0__lamarckian,C0,C0,lamarckian,22,1050,train,33,3.1818181818181817,5,9,31.291366875327952,1.0,0.0,247.0,0.0,0.0,0.0,63.0,0.0,0.0,0.0,126.0,0.0,0.0,0.0,31.0,0.0,0.0,0.0,0.0,0.0,0.0,0.0,0.0,0.0,0.0,0.0
C0__lamarckian__s22,C0__lamarckian,C0,C0,lamarckian,22,1100,train,37,3.2972972972972974,6,2,42.04590856745623,0.9583333333333334,0.0,167.0,0.0,0.0,0.0,56.0,0.0,0.0,0.0,108.0,0.0,0.0,0.0,32.0,0.0,0.0,0.0,0.0,0.0,0.0,0.0,0.0,0.0,0.0,0.0
C0__lamarckian__s22,C0__lamarckian,C0,C0,lamarckian,22,1150,train,39,3.4871794871794872,6,4,46.87563933266395,0.9583333333333334,0.0,227.0,0.0,0.0,0.0,62.0,0.0,0.0,0.0,107.0,0.0,0.0,0.0,33.0,0.0,0.0,0.0,0.0,0.0,0.0,0.0,0.0,0.0,0.0,0.0
C0__lamarckian__s22,C0__lamarckian,C0,C0,lamarckian,22,1200,train,40,3.775,5,4,69.85256709040875,0.875,0.0,268.0,0.0,0.0,0.0,49.0,0.0,0.0,0.0,114.0,0.0,0.0,0.0,30.0,0.0,0.0,0.0,0.0,0.0,0.0,0.0,0.0,0.0,0.0,0.0
C0__lamarckian__s22,C0__lamarckian,C0,C0,lamarckian,22,1250,train,45,3.911111111111111,6,1,42.31158609088472,0.9583333333333334,0.0,252.0,0.0,0.0,0.0,90.0,0.0,0.0,0.0,121.0,0.0,0.0,0.0,34.0,0.0,0.0,0.0,0.0,0.0,0.0,0.0,0.0,0.0,0.0,0.0
C0__lamarckian__s22,C0__lamarckian,C0,C0,lamarckian,22,1300,train,39,4.0256410256410255,1,7,43.45517903030523,1.0,0.0,247.0,0.0,0.0,0.0,88.0,0.0,0.0,0.0,122.0,0.0,0.0,0.0,41.0,0.0,0.0,0.0,0.0,0.0,0.0,0.0,0.0,0.0,0.0,0.0
C0__lamarckian__s22,C0__lamarckian,C0,C0,lamarckian,22,1350,train,29,4.0,1,11,42.37678900995914,0.9375,0.0,270.0,0.0,0.0,0.0,79.0,0.0,0.0,0.0,118.0,0.0,0.0,0.0,39.0,0.0,0.0,0.0,0.0,0.0,0.0,0.0,0.0,0.0,0.0,0.0
C0__lamarckian__s22,C0__lamarckian,C0,C0,lamarckian,22,1400,train,34,4.323529411764706,7,2,65.62738698150324,0.9166666666666666,0.0,200.0,0.0,0.0,0.0,48.0,0.0,0.0,0.0,105.0,0.0,0.0,0.0,30.0,0.0,0.0,0.0,0.0,0.0,0.0,0.0,0.0,0.0,0.0,0.0
C0__lamarckian__s22,C0__lamarckian,C0,C0,lamarckian,22,1450,train,34,4.529411764705882,6,6,53.3225102176942,0.9583333333333334,0.0,308.0,0.0,0.0,0.0,41.0,0.0,0.0,0.0,113.0,0.0,0.0,0.0,29.0,0.0,0.0,0.0,0.0,0.0,0.0,0.0,0.0,0.0,0.0,0.0
C0__lamarckian__s22,C0__lamarckian,C0,C0,lamarckian,22,1500,train,32,4.6875,2,4,60.89471141036708,0.8958333333333334,0.0,297.0,0.0,0.0,0.0,50.0,0.0,0.0,0.0,130.0,0.0,0.0,0.0,22.0,0.0,0.0,0.0,0.0,0.0,0.0,0.0,0.0,0.0,0.0,0.0
C0__lamarckian__s22,C0__lamarckian,C0,C0,lamarckian,22,1550,eval,38,5.0,10,4,47.906968964510476,0.9375,0.0,234.0,0.0,0.0,0.0,65.0,0.0,0.0,0.0,118.0,0.0,0.0,0.0,30.0,0.0,0.0,0.0,0.0,0.0,0.0,0.0,0.0,0.0,0.0,0.0
C0__lamarckian__s22,C0__lamarckian,C0,C0,lamarckian,22,1600,eval,40,5.075,3,1,25.013987818196597,1.0,0.0,293.0,0.0,0.0,0.0,93.0,0.0,0.0,0.0,123.0,0.0,0.0,0.0,40.0,0.0,0.0,0.0,0.0,0.0,0.0,0.0,0.0,0.0,0.0,0.0
C0__lamarckian__s22,C0__lamarckian,C0,C0,lamarckian,22,1650,eval,40,5.2,4,4,32.399788387617264,0.9583333333333334,0.0,250.0,0.0,0.0,0.0,68.0,0.0,0.0,0.0,114.0,0.0,0.0,0.0,24.0,0.0,0.0,0.0,0.0,0.0,0.0,0.0,0.0,0.0,0.0,0.0
C0__lamarckian__s22,C0__lamarckian,C0,C0,lamarckian,22,1700,eval,35,5.542857142857143,3,8,31.465616607934155,1.0,0.0,262.0,0.0,0.0,0.0,87.0,0.0,0.0,0.0,114.0,0.0,0.0,0.0,32.0,0.0,0.0,0.0,0.0,0.0,0.0,0.0,0.0,0.0,0.0,0.0
C0__lamarckian__s22,C0__lamarckian,C0,C0,lamarckian,22,1750,eval,33,5.878787878787879,4,6,34.59151742597137,0.9791666666666666,0.0,277.0,0.0,0.0,0.0,75.0,0.0,0.0,0.0,117.0,0.0,0.0,0.0,33.0,0.0,0.0,0.0,0.0,0.0,0.0,0.0,0.0,0.0,0.0,0.0
C0__lamarckian__s22,C0__lamarckian,C0,C0,lamarckian,22,1800,eval,37,6.108108108108108,6,2,33.00436045033903,0.9791666666666666,0.0,283.0,0.0,0.0,0.0,81.0,0.0,0.0,0.0,135.0,0.0,0.0,0.0,26.0,0.0,0.0,0.0,0.0,0.0,0.0,0.0,0.0,0.0,0.0,0.0
C0__lamarckian__s23,C0__lamarckian,C0,C0,lamarckian,23,50,train,50,0.76,30,0,81.18652902478746,0.8125,0.0,274.0,0.0,0.0,0.0,119.0,0.0,0.0,0.0,80.0,0.0,0.0,0.0,19.0,0.0,0.0,0.0,0.0,0.0,0.0,0.0,0.0,0.0,0.0,0.0
C0__lamarckian__s23,C0__lamarckian,C0,C0,lamarckian,23,100,train,50,0.72,3,3,52.68124969717936,0.9375,0.0,418.0,0.0,0.0,0.0,57.0,0.0,0.0,0.0,87.0,0.0,0.0,0.0,16.0,0.0,0.0,0.0,0.0,0.0,0.0,0.0,0.0,0.0,0.0,0.0
C0__lamarckian__s23,C0__lamarckian,C0,C0,lamarckian,23,150,train,50,0.74,6,6,68.47983777792541,0.9166666666666666,0.0,482.0,0.0,0.0,0.0,89.0,0.0,0.0,0.0,95.0,0.0,0.0,0.0,15.0,0.0,0.0,0.0,0.0,0.0,0.0,0.0,0.0,0.0,0.0,0.0
C0__lamarckian__s23,C0__lamarckian,C0,C0,lamarckian,23,200,train,50,0.72,5,5,32.50837482157419,0.9791666666666666,0.0,358.0,0.0,0.0,0.0,42.0,0.0,0.0,0.0,107.0,0.0,0.0,0.0,23.0,0.0,0.0,0.0,0.0,0.0,0.0,0.0,0.0,0.0,0.0,0.0
C0__lamarckian__s23,C0__lamarckian,C0,C0,lamarckian,23,250,train,50,0.7,8,8,66.85608936717796,0.8958333333333334,0.0,380.0,0.0,0.0,0.0,53.0,0.0,0.0,0.0,91.0,0.0,0.0,0.0,19.0,0.0,0.0,0.0,0.0,0.0,0.0,0.0,0.0,0.0,0.0,0.0
C0__lamarckian__s23,C0__lamarckian,C0,C0,lamarckian,23,300,train,50,0.76,9,9,33.57468176149021,0.9583333333333334,0.0,396.0,0.0,0.0,0.0,44.0,0.0,0.0,0.0,103.0,0.0,0.0,0.0,23.0,0.0,0.0,0.0,0.0,0.0,0.0,0.0,0.0,0.0,0.0,0.0
C0__lamarckian__s23,C0__lamarckian,C0,C0,lamarckian,23,350,train,50,0.82,3,3,36.04407014332571,0.9791666666666666,0.0,272.0,0.0,0.0,0.0,32.0,0.0,0.0,0.0,83.0,0.0,0.0,0.0,20.0,0.0,0.0,0.0,0.0,0.0,0.0,0.0,0.0,0.0,0.0,0.0
C0__lamarckian__s23,C0__lamarckian,C0,C0,lamarckian,23,400,train,50,0.82,6,6,34.63913099280225,0.9791666666666666,0.0,250.0,0.0,0.0,0.0,48.0,0.0,0.0,0.0,95.0,0.0,0.0,0.0,20.0,0.0,0.0,0.0,0.0,0.0,0.0,0.0,0.0,0.0,0.0,0.0
C0__lamarckian__s23,C0__lamarckian,C0,C0,lamarckian,23,450,train,50,0.9,6,6,30.26812221693239,1.0,0.0,265.0,0.0,0.0,0.0,118.0,0.0,0.0,0.0,101.0,0.0,0.0,0.0,28.0,0.0,0.0,0.0,0.0,0.0,0.0,0.0,0.0,0.0,0.0,0.0
C0__lamarckian__s23,C0__lamarckian,C0,C0,lamarckian,23,500,train,32,1.34375,4,22,44.09027798607516,0.9583333333333334,0.0,252.0,0.0,0.0,0.0,72.0,0.0,0.0,0.0,99.0,0.0,0.0,0.0,21.0,0.0,0.0,0.0,0.0,0.0,0.0,0.0,0.0,0.0,0.0,0.0
C0__lamarckian__s23,C0__lamarckian,C0,C0,lamarckian,23,550,train,29,1.8275862068965518,9,12,46.53606320526488,0.9583333333333334,0.0,238.0,0.0,0.0,0.0,66.0,0.0,0.0,0.0,116.0,0.0,0.0,0.0,25.0,0.0,0.0,0.0,0.0,0.0,0.0,0.0,0.0,0.0,0.0,0.0
C0__lamarckian__s23,C0__lamarckian,C0,C0,lamarckian,23,600,train,34,2.0294117647058822,7,2,51.01991484873672,0.9583333333333334,0.0,221.0,0.0,0.0,0.0,43.0,0.0,0.0,0.0,96.0,0.0,0.0,0.0,28.0,0.0,0.0,0.0,0.0,0.0,0.0,0.0,0.0,0.0,0.0,0.0
C0__lamarckian__s23,C0__lamarckian,C0,C0,lamarckian,23,650,train,38,2.263157894736842,8,4,54.64731205842654,0.9375,0.0,253.0,0.0,0.0,0.0,28.0,0.0,0.0,0.0,114.0,0.0,0.0,0.0,18.0,0.0,0.0,0.0,0.0,0.0,0.0,0.0,0.0,0.0,0.0,0.0
C0__lamarckian__s23,C0__lamarckian,C0,C0,lamarckian,23,700,train,42,2.4285714285714284,6,2,48.9054046321957,0.8958333333333334,0.0,261.0,0.0,0.0,0.0,34.0,0.0,0.0,0.0,124.0,0.0,0.0,0.0,21.0,0.0,0.0,0.0,0.0,0.0,0.0,0.0,0.0,0.0,0.0,0.0
C0__lamarckian__s23,C0__lamarckian,C0,C0,lamarckian,23,750,train,42,2.4761904761904763,3,3,33.860253040042686,0.9791666666666666,0.0,313.0,0.0,0.0,0.0,30.0,0.0,0.0,0.0,120.0,0.0,0.0,0.0,21.0,0.0,0.0,0.0,0.0,0.0,0.0,0.0,0.0,0.0,0.0,0.0
C0__lamarckian__s23,C0__lamarckian,C0,C0,lamarckian,23,800,train,39,2.6153846153846154,4,7,55.44792834211391,0.8958333333333334,0.0,206.0,0.0,0.0,0.0,62.0,0.0,0.0,0.0,111.0,0.0,0.0,0.0,24.0,0.0,0.0,0.0,0.0,0.0,0.0,0.0,0.0,0.0,0.0,0.0
C0__lamarckian__s23,C0__lamarckian,C0,C0,lamarckian,23,850,train,43,2.6744186046511627,6,2,27.56428480912343,1.0,0.0,288.0,0.0,0.0,0.0,76.0,0.0,0.0,0.0,112.0,0.0,0.0,0.0,34.0,0.0,0.0,0.0,0.0,0.0,0.0,0.0,0.0,0.0,0.0,0.0
C0__lamarckian__s23,C0__lamarckian,C0,C0,lamarckian,23,900,train,41,2.5365853658536586,2,4,26.493776701169338,1.0,0.0,312.0,0.0,0.0,0.0,37.0,0.0,0.0,0.0,118.0,0.0,0.0,0.0,29.0,0.0,0.0,0.0,0.0,0.0,0.0,0.0,0.0,0.0,0.0,0.0
C0__lamarckian__s23,C0__lamarckian,C0,C0,lamarckian,23,950,train,34,2.6176470588235294,2,9,33.37496651203,0.9791666666666666,0.0,290.0,0.0,0.0,0.0,24.0,0.0,0.0,0.0,115.0,0.0,0.0,0.0,15.0,0.0,0.0,0.0,0.0,0.0,0.0,0.0,0.0,0.0,0.0,0.0
C0__lamarckian__s23,C0__lamarckian,C0,C0,lamarckian,23,1000,train,32,2.875,5,7,38.1665371633413,0.9583333333333334,0.0,344.0,0.0,0.0,0.0,34.0,0.0,0.0,0.0,129.0,0.0,0.0,0.0,17.0,0.0,0.0,0.0,0.0,0.0,0.0,0.0,0.0,0.0,0.0,0.0
C0__lamarckian__s23,C0__lamarckian,C0,C0,lamarckian,23,1050,train,26,3.1153846153846154,3,9,62.13230993166133,0.9166666666666666,0.0,273.0,0.0,0.0,0.0,50.0,0.0,0.0,0.0,115.0,0.0,0.0,0.0,28.0,0.0,0.0,0.0,0.0,0.0,0.0,0.0,0.0,0.0,0.0,0.0
C0__lamarckian__s23,C0__lamarckian,C0,C0,lamarckian,23,1100,train,33,3.393939393939394,9,2,44.72321742961782,0.9791666666666666,0.0,247.0,0.0,0.0,0.0,45.0,0.0,0.0,0.0,129.0,0.0,0.0,0.0,23.0,0.0,0.0,0.0,0.0,0.0,0.0,0.0,0.0,0.0,0.0,0.0
C0__lamarckian__s23,C0__lamarckian,C0,C0,lamarckian,23,1150,train,31,3.838709677419355,4,6,37.59331710729178,0.9791666666666666,0.0,206.0,0.0,0.0,0.0,41.0,0.0,0.0,0.0,125.0,0.0,0.0,0.0,24.0,0.0,0.0,0.0,0.0,0.0,0.0,0.0,0.0,0.0,0.0,0.0
C0__lamarckian__s23,C0__lamarckian,C0,C0,lamarckian,23,1200,train,34,4.088235294117647,5,2,40.893072552592216,0.9375,0.0,253.0,0.0,0.0,0.0,32.0,0.0,0.0,0.0,128.0,0.0,0.0,0.0,18.0,0.0,0.0,0.0,0.0,0.0,0.0,0.0,0.0,0.0,0.0,0.0
C0__lamarckian__s23,C0__lamarckian,C0,C0,lamarckian,23,1250,train,36,4.194444444444445,3,1,64.31026550465913,0.9375,0.0,284.0,0.0,0.0,0.0,48.0,0.0,0.0,0.0,111.0,0.0,0.0,0.0,27.0,0.0,0.0,0.0,0.0,0.0,0.0,0.0,0.0,0.0,0.0,0.0
C0__lamarckian__s23,C0__lamarckian,C0,C0,lamarckian,23,1300,train,39,4.410256410256411,5,2,28.850565379408323,1.0,0.0,260.0,0.0,0.0,0.0,58.0,0.0,0.0,0.0,125.0,0.0,0.0,0.0,24.0,0.0,0.0,0.0,0.0,0.0,0.0,0.0,0.0,0.0,0.0,0.0
C0__lamarckian__s23,C0__lamarckian,C0,C0,lamarckian,23,1350,train,36,4.5,1,4,34.33187261575932,0.9791666666666666,0.0,263.0,0.0,0.0,0.0,48.0,0.0,0.0,0.0,120.0,0.0,0.0,0.0,24.0,0.0,0.0,0.0,0.0,0.0,0.0,0.0,0.0,0.0,0.0,0.0
C0__lamarckian__s23,C0__lamarckian,C0,C0,lamarckian,23,1400,train,35,4.542857142857143,0,1,27.356369099611427,1.0,0.0,326.0,0.0,0.0,0.0,57.0,0.0,0.0,0.0,133.0,0.0,0.0,0.0,27.0,0.0,0.0,0.0,0.0,0.0,0.0,0.0,0.0,0.0,0.0,0.0
C0__lamarckian__s23,C0__lamarckian,C0,C0,lamarckian,23,1450,train,36,4.777777777777778,7,6,43.10985026631504,0.9583333333333334,0.0,213.0,0.0,0.0,0.0,52.0,0.0,0.0,0.0,115.0,0.0,0.0,0.0,29.0,0.0,0.0,0.0,0.0,0.0,0.0,0.0,0.0,0.0,0.0,0.0
C0__lamarckian__s23,C0__lamarckian,C0,C0,lamarckian,23,1500,train,38,5.078947368421052,8,6,37.95642636425948,0.9791666666666666,0.0,239.0,0.0,0.0,0.0,61.0,0.0,0.0,0.0,116.0,0.0,0.0,0.0,31.0,0.0,0.0,0.0,0.0,0.0,0.0,0.0,0.0,0.0,0.0,0.0
C0__lamarckian__s23,C0__lamarckian,C0,C0,lamarckian,23,1550,eval,33,5.2727272727272725,1,6,38.47199674186253,1.0,0.0,231.0,0.0,0.0,0.0,70.0,0.0,0.0,0.0,114.0,0.0,0.0,0.0,28.0,0.0,0.0,0.0,0.0,0.0,0.0,0.0,0.0,0.0,0.0,0.0
C0__lamarckian__s23,C0__lamarckian,C0,C0,lamarckian,23,1600,eval,28,5.571428571428571,1,6,61.40064468541451,0.8958333333333334,0.0,320.0,0.0,0.0,0.0,48.0,0.0,0.0,0.0,132.0,0.0,0.0,0.0,23.0,0.0,0.0,0.0,0.0,0.0,0.0,0.0,0.0,0.0,0.0,0.0
C0__lamarckian__s23,C0__lamarckian,C0,C0,lamarckian,23,1650,eval,29,5.482758620689655,3,2,37.711854409633744,0.9791666666666666,0.0,281.0,0.0,0.0,0.0,43.0,0.0,0.0,0.0,128.0,0.0,0.0,0.0,29.0,0.0,0.0,0.0,0.0,0.0,0.0,0.0,0.0,0.0,0.0,0.0
C0__lamarckian__s23,C0__lamarckian,C0,C0,lamarckian,23,1700,eval,26,5.615384615384615,3,6,41.83111796418146,1.0,0.0,288.0,0.0,0.0,0.0,30.0,0.0,0.0,0.0,128.0,0.0,0.0,0.0,21.0,0.0,0.0,0.0,0.0,0.0,0.0,0.0,0.0,0.0,0.0,0.0
C0__lamarckian__s23,C0__lamarckian,C0,C0,lamarckian,23,1750,eval,29,5.862068965517241,6,3,29.130958978849794,1.0,0.0,276.0,0.0,0.0,0.0,58.0,0.0,0.0,0.0,138.0,0.0,0.0,0.0,29.0,0.0,0.0,0.0,0.0,0.0,0.0,0.0,0.0,0.0,0.0,0.0
C0__lamarckian__s23,C0__lamarckian,C0,C0,lamarckian,23,1800,eval,30,6.2,4,3,70.45123451712773,0.8958333333333334,0.0,304.0,0.0,0.0,0.0,71.0,0.0,0.0,0.0,132.0,0.0,0.0,0.0,25.0,0.0,0.0,0.0,0.0,0.0,0.0,0.0,0.0,0.0,0.0,0.0
C0__lamarckian__s24,C0__lamarckian,C0,C0,lamarckian,24,50,train,50,0.78,30,0,62.93142360244387,0.875,0.0,401.0,0.0,0.0,0.0,192.0,0.0,0.0,0.0,86.0,0.0,0.0,0.0,24.0,0.0,0.0,0.0,0.0,0.0,0.0,0.0,0.0,0.0,0.0,0.0
C0__lamarckian__s24,C0__lamarckian,C0,C0,lamarckian,24,100,train,50,0.8,3,3,53.0270515899433,0.9583333333333334,0.0,351.0,0.0,0.0,0.0,106.0,0.0,0.0,0.0,79.0,0.0,0.0,0.0,26.0,0.0,0.0,0.0,0.0,0.0,0.0,0.0,0.0,0.0,0.0,0.0
C0__lamarckian__s24,C0__lamarckian,C0,C0,lamarckian,24,150,train,50,0.84,4,4,67.21709794391495,0.8958333333333334,0.0,402.0,0.0,0.0,0.0,71.0,0.0,0.0,0.0,80.0,0.0,0.0,0.0,24.0,0.0,0.0,0.0,0.0,0.0,0.0,0.0,0.0,0.0,0.0,0.0
C0__lamarckian__s24,C0__lamarckian,C0,C0,lamarckian,24,200,train,50,0.8,5,5,55.10391072395931,0.9166666666666666,0.0,485.0,0.0,0.0,0.0,51.0,0.0,0.0,0.0,97.0,0.0,0.0,0.0,23.0,0.0,0.0,0.0,0.0,0.0,0.0,0.0,0.0,0.0,0.0,0.0
C0__lamarckian__s24,C0__lamarckian,C0,C0,lamarckian,24,250,train,50,0.84,6,6,53.35821881842811,0.9166666666666666,0.0,432.0,0.0,0.0,0.0,59.0,0.0,0.0,0.0,90.0,0.0,0.0,0.0,22.0,0.0,0.0,0.0,0.0,0.0,0.0,0.0,0.0,0.0,0.0,0.0
C0__lamarckian__s24,C0__lamarckian,C0,C0,lamarckian,24,300,train,50,0.9,6,6,63.12140363547441,0.9166666666666666,0.0,283.0,0.0,0.0,0.0,157.0,0.0,0.0,0.0,84.0,0.0,0.0,0.0,30.0,0.0,0.0,0.0,0.0,0.0,0.0,0.0,0.0,0.0,0.0,0.0
C0__lamarckian__s24,C0__lamarckian,C0,C0,lamarckian,24,350,train,50,0.94,6,6,53.9804312478073,0.8958333333333334,0.0,345.0,0.0,0.0,0.0,115.0,0.0,0.0,0.0,93.0,0.0,0.0,0.0,32.0,0.0,0.0,0.0,0.0,0.0,0.0,0.0,0.0,0.0,0.0,0.0
C0__lamarckian__s24,C0__lamarckian,C0,C0,lamarckian,24,400,train,50,1.02,6,6,41.625179339355654,0.9583333333333334,0.0,203.0,0.0,0.0,0.0,69.0,0.0,0.0,0.0,79.0,0.0,0.0,0.0,35.0,0.0,0.0,0.0,0.0,0.0,0.0,0.0,0.0,0.0,0.0,0.0
C0__lamarckian__s24,C0__lamarckian,C0,C0,lamarckian,24,450,train,50,1.08,6,6,39.3690794208466,0.9583333333333334,0.0,285.0,0.0,0.0,0.0,52.0,0.0,0.0,0.0,103.0,0.0,0.0,0.0,24.0,0.0,0.0,0.0,0.0,0.0,0.0,0.0,0.0,0.0,0.0,0.0
C0__lamarckian__s24,C0__lamarckian,C0,C0,lamarckian,24,500,train,46,1.5434782608695652,9,13,24.043687542664756,1.0,0.0,272.0,0.0,0.0,0.0,73.0,0.0,0.0,0.0,103.0,0.0,0.0,0.0,31.0,0.0,0.0,0.0,0.0,0.0,0.0,0.0,0.0,0.0,0.0,0.0
C0__lamarckian__s24,C0__lamarckian,C0,C0,lamarckian,24,550,train,42,1.9285714285714286,15,19,35.62245396738912,0.9583333333333334,0.0,282.0,0.0,0.0,0.0,66.0,0.0,0.0,0.0,103.0,0.0,0.0,0.0,34.0,0.0,0.0,0.0,0.0,0.0,0.0,0.0,0.0,0.0,0.0,0.0
C0__lamarckian__s24,C0__lamarckian,C0,C0,lamarckian,24,600,train,39,2.0256410256410255,2,5,45.276868778233656,0.9791666666666666,0.0,213.0,0.0,0.0,0.0,46.0,0.0,0.0,0.0,92.0,0.0,0.0,0.0,24.0,0.0,0.0,0.0,0.0,0.0,0.0,0.0,0.0,0.0,0.0,0.0
C0__lamarckian__s24,C0__lamarckian,C0,C0,lamarckian,24,650,train,39,2.051282051282051,2,2,82.16600375734046,0.875,0.0,222.0,0.0,0.0,0.0,26.0,0.0,0.0,0.0,106.0,0.0,0.0,0.0,18.0,0.0,0.0,0.0,0.0,0.0,0.0,0.0,0.0,0.0,0.0,0.0
C0__lamarckian__s24,C0__lamarckian,C0,C0,lamarckian,24,700,train,43,2.186046511627907,7,3,60.04355645562676,0.9375,0.0,179.0,0.0,0.0,0.0,58.0,0.0,0.0,0.0,97.0,0.0,0.0,0.0,30.0,0.0,0.0,0.0,0.0,0.0,0.0,0.0,0.0,0.0,0.0,0.0
C0__lamarckian__s24,C0__lamarckian,C0,C0,lamarckian,24,750,train,43,2.2790697674418605,5,5,39.31972363996141,1.0,0.0,227.0,0.0,0.0,0.0,66.0,0.0,0.0,0.0,102.0,0.0,0.0,0.0,39.0,0.0,0.0,0.0,0.0,0.0,0.0,0.0,0.0,0.0,0.0,0.0
C0__lamarckian__s24,C0__lamarckian,C0,C0,lamarckian,24,800,train,42,2.380952380952381,2,3,44.088752573614286,1.0,0.0,190.0,0.0,0.0,0.0,42.0,0.0,0.0,0.0,101.0,0.0,0.0,0.0,23.0,0.0,0.0,0.0,0.0,0.0,0.0,0.0,0.0,0.0,0.0,0.0
C0__lamarckian__s24,C0__lamarckian,C0,C0,lamarckian,24,850,train,40,2.45,3,5,44.719448878119536,0.9791666666666666,0.0,187.0,0.0,0.0,0.0,37.0,0.0,0.0,0.0,103.0,0.0,0.0,0.0,31.0,0.0,0.0,0.0,0.0,0.0,0.0,0.0,0.0,0.0,0.0,0.0
C0__lamarckian__s24,C0__lamarckian,C0,C0,lamarckian,24,900,train,32,2.5625,1,9,44.23352179319616,0.9791666666666666,0.0,156.0,0.0,0.0,0.0,48.0,0.0,0.0,0.0,94.0,0.0,0.0,0.0,29.0,0.0,0.0,0.0,0.0,0.0,0.0,0.0,0.0,0.0,0.0,0.0
C0__lamarckian__s24,C0__lamarckian,C0,C0,lamarckian,24,950,train,37,2.8378378378378377,8,3,38.64175550821389,0.9791666666666666,0.0,174.0,0.0,0.0,0.0,47.0,0.0,0.0,0.0,105.0,0.0,0.0,0.0,31.0,0.0,0.0,0.0,0.0,0.0,0.0,0.0,0.0,0.0,0.0,0.0
C0__lamarckian__s24,C0__lamarckian,C0,C0,lamarckian,24,1000,train,39,3.1794871794871793,8,6,44.73872325171277,0.9375,0.0,251.0,0.0,0.0,0.0,77.0,0.0,0.0,0.0,102.0,0.0,0.0,0.0,33.0,0.0,0.0,0.0,0.0,0.0,0.0,0.0,0.0,0.0,0.0,0.0
C0__lamarckian__s24,C0__lamarckian,C0,C0,lamarckian,24,1050,train,38,3.3684210526315788,4,5,75.58731114520644,0.9375,0.0,136.0,0.0,0.0,0.0,38.0,0.0,0.0,0.0,79.0,0.0,0.0,0.0,25.0,0.0,0.0,0.0,0.0,0.0,0.0,0.0,0.0,0.0,0.0,0.0
C0__lamarckian__s24,C0__lamarckian,C0,C0,lamarckian,24,1100,train,40,3.45,4,2,30.225002425213333,0.9791666666666666,0.0,147.0,0.0,0.0,0.0,41.0,0.0,0.0,0.0,110.0,0.0,0.0,0.0,30.0,0.0,0.0,0.0,0.0,0.0,0.0,0.0,0.0,0.0,0.0,0.0
C0__lamarckian__s24,C0__lamarckian,C0,C0,lamarckian,24,1150,train,39,3.6153846153846154,4,5,21.727645190527554,1.0,0.0,184.0,0.0,0.0,0.0,52.0,0.0,0.0,0.0,104.0,0.0,0.0,0.0,35.0,0.0,0.0,0.0,0.0,0.0,0.0,0.0,0.0,0.0,0.0,0.0
C0__lamarckian__s24,C0__lamarckian,C0,C0,lamarckian,24,1200,train,34,3.8823529411764706,2,7,43.20196043293623,0.9791666666666666,0.0,151.0,0.0,0.0,0.0,54.0,0.0,0.0,0.0,101.0,0.0,0.0,0.0,31.0,0.0,0.0,0.0,0.0,0.0,0.0,0.0,0.0,0.0,0.0,0.0
C0__lamarckian__s24,C0__lamarckian,C0,C0,lamarckian,24,1250,train,32,3.96875,2,4,60.262728914138776,0.9166666666666666,0.0,187.0,0.0,0.0,0.0,42.0,0.0,0.0,0.0,105.0,0.0,0.0,0.0,31.0,0.0,0.0,0.0,0.0,0.0,0.0,0.0,0.0,0.0,0.0,0.0
C0__lamarckian__s24,C0__lamarckian,C0,C0,lamarckian,24,1300,train,33,4.121212121212121,5,4,36.532655062632074,0.9791666666666666,0.0,209.0,0.0,0.0,0.0,56.0,0.0,0.0,0.0,114.0,0.0,0.0,0.0,32.0,0.0,0.0,0.0,0.0,0.0,0.0,0.0,0.0,0.0,0.0,0.0
C0__lamarckian__s24,C0__lamarckian,C0,C0,lamarckian,24,1350,train,36,4.361111111111111,6,3,42.22459369262167,0.9791666666666666,0.0,206.0,0.0,0.0,0.0,52.0,0.0,0.0,0.0,111.0,0.0,0.0,0.0,30.0,0.0,0.0,0.0,0.0,0.0,0.0,0.0,0.0,0.0,0.0,0.0
C0__lamarckian__s24,C0__lamarckian,C0,C0,lamarckian,24,1400,train,40,4.45,4,0,41.405200354053704,0.9791666666666666,0.0,220.0,0.0,0.0,0.0,45.0,0.0,0.0,0.0,113.0,0.0,0.0,0.0,30.0,0.0,0.0,0.0,0.0,0.0,0.0,0.0,0.0,0.0,0.0,0.0
C0__lamarckian__s24,C0__lamarckian,C0,C0,lamarckian,24,1450,train,35,4.742857142857143,5,10,42.66868851770283,0.9583333333333334,0.0,135.0,0.0,0.0,0.0,50.0,0.0,0.0,0.0,94.0,0.0,0.0,0.0,33.0,0.0,0.0,0.0,0.0,0.0,0.0,0.0,0.0,0.0,0.0,0.0
C0__lamarckian__s24,C0__lamarckian,C0,C0,lamarckian,24,1500,train,34,4.9411764705882355,5,6,65.95658677205655,0.875,0.0,203.0,0.0,0.0,0.0,34.0,0.0,0.0,0.0,116.0,0.0,0.0,0.0,22.0,0.0,0.0,0.0,0.0,0.0,0.0,0.0,0.0,0.0,0.0,0.0
C0__lamarckian__s24,C0__lamarckian,C0,C0,lamarckian,24,1550,eval,39,5.051282051282051,7,2,31.5160126164033,1.0,0.0,183.0,0.0,0.0,0.0,54.0,0.0,0.0,0.0,102.0,0.0,0.0,0.0,35.0,0.0,0.0,0.0,0.0,0.0,0.0,0.0,0.0,0.0,0.0,0.0
C0__lamarckian__s24,C0__lamarckian,C0,C0,lamarckian,24,1600,eval,43,5.255813953488372,8,4,47.62294900825634,0.9375,0.0,169.0,0.0,0.0,0.0,43.0,0.0,0.0,0.0,104.0,0.0,0.0,0.0,28.0,0.0,0.0,0.0,0.0,0.0,0.0,0.0,0.0,0.0,0.0,0.0
C0__lamarckian__s24,C0__lamarckian,C0,C0,lamarckian,24,1650,eval,47,5.531914893617022,7,3,40.116984144921176,0.9583333333333334,0.0,173.0,0.0,0.0,0.0,49.0,0.0,0.0,0.0,100.0,0.0,0.0,0.0,27.0,0.0,0.0,0.0,0.0,0.0,0.0,0.0,0.0,0.0,0.0,0.0
C0__lamarckian__s24,C0__lamarckian,C0,C0,lamarckian,24,1700,eval,43,5.5813953488372094,3,7,25.06626393874927,1.0,0.0,216.0,0.0,0.0,0.0,57.0,0.0,0.0,0.0,101.0,0.0,0.0,0.0,35.0,0.0,0.0,0.0,0.0,0.0,0.0,0.0,0.0,0.0,0.0,0.0
C0__lamarckian__s24,C0__lamarckian,C0,C0,lamarckian,24,1750,eval,37,5.54054054054054,2,8,33.4261973857993,1.0,0.0,168.0,0.0,0.0,0.0,60.0,0.0,0.0,0.0,93.0,0.0,0.0,0.0,33.0,0.0,0.0,0.0,0.0,0.0,0.0,0.0,0.0,0.0,0.0,0.0
C0__lamarckian__s24,C0__lamarckian,C0,C0,lamarckian,24,1800,eval,36,5.75,5,6,45.80154324203161,0.9375,0.0,162.0,0.0,0.0,0.0,44.0,0.0,0.0,0.0,95.0,0.0,0.0,0.0,26.0,0.0,0.0,0.0,0.0,0.0,0.0,0.0,0.0,0.0,0.0,0.0
C0__lamarckian__s25,C0__lamarckian,C0,C0,lamarckian,25,50,train,50,0.76,30,0,37.611072822172105,0.9375,0.0,266.0,0.0,0.0,0.0,82.0,0.0,0.0,0.0,87.0,0.0,0.0,0.0,43.0,0.0,0.0,0.0,0.0,0.0,0.0,0.0,0.0,0.0,0.0,0.0
C0__lamarckian__s25,C0__lamarckian,C0,C0,lamarckian,25,100,train,50,0.8,2,2,75.29040321008628,0.8958333333333334,0.0,323.0,0.0,0.0,0.0,77.0,0.0,0.0,0.0,69.0,0.0,0.0,0.0,27.0,0.0,0.0,0.0,0.0,0.0,0.0,0.0,0.0,0.0,0.0,0.0
C0__lamarckian__s25,C0__lamarckian,C0,C0,lamarckian,25,150,train,50,0.94,8,8,58.69416283864635,0.9166666666666666,0.0,388.0,0.0,0.0,0.0,83.0,0.0,0.0,0.0,84.0,0.0,0.0,0.0,31.0,0.0,0.0,0.0,0.0,0.0,0.0,0.0,0.0,0.0,0.0,0.0
C0__lamarckian__s25,C0__lamarckian,C0,C0,lamarckian,25,200,train,50,1.02,6,6,37.00721669507058,0.9791666666666666,0.0,328.0,0.0,0.0,0.0,83.0,0.0,0.0,0.0,106.0,0.0,0.0,0.0,27.0,0.0,0.0,0.0,0.0,0.0,0.0,0.0,0.0,0.0,0.0,0.0
C0__lamarckian__s25,C0__lamarckian,C0,C0,lamarckian,25,250,train,50,1.08,3,3,42.039370197153474,1.0,0.0,241.0,0.0,0.0,0.0,111.0,0.0,0.0,0.0,84.0,0.0,0.0,0.0,35.0,0.0,0.0,0.0,0.0,0.0,0.0,0.0,0.0,0.0,0.0,0.0
C0__lamarckian__s25,C0__lamarckian,C0,C0,lamarckian,25,300,train,50,1.08,4,4,32.04137494530163,0.9791666666666666,0.0,241.0,0.0,0.0,0.0,117.0,0.0,0.0,0.0,90.0,0.0,0.0,0.0,46.0,0.0,0.0,0.0,0.0,0.0,0.0,0.0,0.0,0.0,0.0,0.0
C0__lamarckian__s25,C0__lamarckian,C0,C0,lamarckian,25,350,train,50,1.22,8,8,23.20257970419935,1.0,0.0,215.0,0.0,0.0,0.0,88.0,0.0,0.0,0.0,107.0,0.0,0.0,0.0,34.0,0.0,0.0,0.0,0.0,0.0,0.0,0.0,0.0,0.0,0.0,0.0
C0__lamarckian__s25,C0__lamarckian,C0,C0,lamarckian,25,400,train,50,1.22,2,2,33.335684370131005,0.9583333333333334,0.0,217.0,0.0,0.0,0.0,85.0,0.0,0.0,0.0,101.0,0.0,0.0,0.0,33.0,0.0,0.0,0.0,0.0,0.0,0.0,0.0,0.0,0.0,0.0,0.0
C0__lamarckian__s25,C0__lamarckian,C0,C0,lamarckian,25,450,train,43,1.441860465116279,5,12,44.77185430190947,0.9791666666666666,0.0,291.0,0.0,0.0,0.0,94.0,0.0,0.0,0.0,104.0,0.0,0.0,0.0,29.0,0.0,0.0,0.0,0.0,0.0,0.0,0.0,0.0,0.0,0.0,0.0
C0__lamarckian__s25,C0__lamarckian,C0,C0,lamarckian,25,500,train,34,1.7941176470588236,3,12,53.26531230545203,0.9375,0.0,280.0,0.0,0.0,0.0,115.0,0.0,0.0,0.0,104.0,0.0,0.0,0.0,36.0,0.0,0.0,0.0,0.0,0.0,0.0,0.0,0.0,0.0,0.0,0.0
C0__lamarckian__s25,C0__lamarckian,C0,C0,lamarckian,25,550,train,26,2.1153846153846154,4,12,67.57531948107584,0.9166666666666666,0.0,204.0,0.0,0.0,0.0,78.0,0.0,0.0,0.0,103.0,0.0,0.0,0.0,36.0,0.0,0.0,0.0,0.0,0.0,0.0,0.0,0.0,0.0,0.0,0.0
C0__lamarckian__s25,C0__lamarckian,C0,C0,lamarckian,25,600,train,30,2.2666666666666666,8,4,44.244037707061025,0.9791666666666666,0.0,230.0,0.0,0.0,0.0,65.0,0.0,0.0,0.0,113.0,0.0,0.0,0.0,41.0,0.0,0.0,0.0,0.0,0.0,0.0,0.0,0.0,0.0,0.0,0.0
C0__lamarckian__s25,C0__lamarckian,C0,C0,lamarckian,25,650,train,36,2.5555555555555554,7,1,45.627593337077855,0.9583333333333334,0.0,243.0,0.0,0.0,0.0,48.0,0.0,0.0,0.0,115.0,0.0,0.0,0.0,29.0,0.0,0.0,0.0,0.0,0.0,0.0,0.0,0.0,0.0,0.0,0.0
C0__lamarckian__s25,C0__lamarckian,C0,C0,lamarckian,25,700,train,40,2.8,7,3,51.25723412390346,0.9375,0.0,197.0,0.0,0.0,0.0,57.0,0.0,0.0,0.0,101.0,0.0,0.0,0.0,37.0,0.0,0.0,0.0,0.0,0.0,0.0,0.0,0.0,0.0,0.0,0.0
C0__lamarckian__s25,C0__lamarckian,C0,C0,lamarckian,25,750,train,43,2.8372093023255816,5,2,48.24040771091809,0.9791666666666666,0.0,214.0,0.0,0.0,0.0,60.0,0.0,0.0,0.0,115.0,0.0,0.0,0.0,34.0,0.0,0.0,0.0,0.0,0.0,0.0,0.0,0.0,0.0,0.0,0.0
C0__lamarckian__s25,C0__lamarckian,C0,C0,lamarckian,25,800,train,46,2.9347826086956523,5,2,33.482460222486836,1.0,0.0,243.0,0.0,0.0,0.0,102.0,0.0,0.0,0.0,104.0,0.0,0.0,0.0,43.0,0.0,0.0,0.0,0.0,0.0,0.0,0.0,0.0,0.0,0.0,0.0
C0__lamarckian__s25,C0__lamarckian,C0,C0,lamarckian,25,850,train,41,2.926829268292683,2,7,46.94553193735841,0.9583333333333334,0.0,236.0,0.0,0.0,0.0,94.0,0.0,0.0,0.0,104.0,0.0,0.0,0.0,45.0,0.0,0.0,0.0,0.0,0.0,0.0,0.0,0.0,0.0,0.0,0.0
C0__lamarckian__s25,C0__lamarckian,C0,C0,lamarckian,25,900,train,38,3.0,2,5,46.36815800843904,0.9375,0.0,246.0,0.0,0.0,0.0,82.0,0.0,0.0,0.0,111.0,0.0,0.0,0.0,44.0,0.0,0.0,0.0,0.0,0.0,0.0,0.0,0.0,0.0,0.0,0.0
C0__lamarckian__s25,C0__lamarckian,C0,C0,lamarckian,25,950,train,33,3.090909090909091,2,7,29.61323321720084,1.0,0.0,217.0,0.0,0.0,0.0,97.0,0.0,0.0,0.0,118.0,0.0,0.0,0.0,47.0,0.0,0.0,0.0,0.0,0.0,0.0,0.0,0.0,0.0,0.0,0.0
C0__lamarckian__s25,C0__lamarckian,C0,C0,lamarckian,25,1000,train,32,3.3125,5,6,60.480341749368236,0.9583333333333334,0.0,181.0,0.0,0.0,0.0,117.0,0.0,0.0,0.0,94.0,0.0,0.0,0.0,46.0,0.0,0.0,0.0,0.0,0.0,0.0,0.0,0.0,0.0,0.0,0.0
C0__lamarckian__s25,C0__lamarckian,C0,C0,lamarckian,25,1050,train,34,3.4705882352941178,4,2,58.09931547244104,0.9791666666666666,0.0,203.0,0.0,0.0,0.0,77.0,0.0,0.0,0.0,105.0,0.0,0.0,0.0,36.0,0.0,0.0,0.0,0.0,0.0,0.0,0.0,0.0,0.0,0.0,0.0
C0__lamarckian__s25,C0__lamarckian,C0,C0,lamarckian,25,1100,train,35,3.657142857142857,6,5,40.77706581647395,0.9791666666666666,0.0,231.0,0.0,0.0,0.0,58.0,0.0,0.0,0.0,120.0,0.0,0.0,0.0,36.0,0.0,0.0,0.0,0.0,0.0,0.0,0.0,0.0,0.0,0.0,0.0
C0__lamarckian__s25,C0__lamarckian,C0,C0,lamarckian,25,1150,train,39,3.8461538461538463,7,3,45.6897263948711,0.9375,0.0,257.0,0.0,0.0,0.0,98.0,0.0,0.0,0.0,113.0,0.0,0.0,0.0,43.0,0.0,0.0,0.0,0.0,0.0,0.0,0.0,0.0,0.0,0.0,0.0
C0__lamarckian__s25,C0__lamarckian,C0,C0,lamarckian,25,1200,train,38,3.9473684210526314,5,6,37.430465471128954,1.0,0.0,233.0,0.0,0.0,0.0,121.0,0.0,0.0,0.0,107.0,0.0,0.0,0.0,44.0,0.0,0.0,0.0,0.0,0.0,0.0,0.0,0.0,0.0,0.0,0.0
C0__lamarckian__s25,C0__lamarckian,C0,C0,lamarckian,25,1250,train,40,4.075,4,2,36.24767080126921,1.0,0.0,282.0,0.0,0.0,0.0,82.0,0.0,0.0,0.0,119.0,0.0,0.0,0.0,39.0,0.0,0.0,0.0,0.0,0.0,0.0,0.0,0.0,0.0,0.0,0.0
C0__lamarckian__s25,C0__lamarckian,C0,C0,lamarckian,25,1300,train,37,4.162162162162162,4,7,40.87376867206467,1.0,0.0,391.0,0.0,0.0,0.0,76.0,0.0,0.0,0.0,125.0,0.0,0.0,0.0,36.0,0.0,0.0,0.0,0.0,0.0,0.0,0.0,0.0,0.0,0.0,0.0
C0__lamarckian__s25,C0__lamarckian,C0,C0,lamarckian,25,1350,train,37,4.351351351351352,5,5,35.882673681256136,1.0,0.0,256.0,0.0,0.0,0.0,75.0,0.0,0.0,0.0,112.0,0.0,0.0,0.0,40.0,0.0,0.0,0.0,0.0,0.0,0.0,0.0,0.0,0.0,0.0,0.0
C0__lamarckian__s25,C0__lamarckian,C0,C0,lamarckian,25,1400,train,39,4.358974358974359,5,3,27.00512135625579,0.9791666666666666,0.0,264.0,0.0,0.0,0.0,103.0,0.0,0.0,0.0,110.0,0.0,0.0,0.0,48.0,0.0,0.0,0.0,0.0,0.0,0.0,0.0,0.0,0.0,0.0,0.0
C0__lamarckian__s25,C0__lamarckian,C0,C0,lamarckian,25,1450,train,41,4.463414634146342,3,1,41.84427741020524,0.9583333333333334,0.0,303.0,0.0,0.0,0.0,104.0,0.0,0.0,0.0,111.0,0.0,0.0,0.0,38.0,0.0,0.0,0.0,0.0,0.0,0.0,0.0,0.0,0.0,0.0,0.0
C0__lamarckian__s25,C0__lamarckian,C0,C0,lamarckian,25,1500,train,37,4.621621621621622,4,8,35.76511515219526,0.9583333333333334,0.0,244.0,0.0,0.0,0.0,56.0,0.0,0.0,0.0,113.0,0.0,0.0,0.0,31.0,0.0,0.0,0.0,0.0,0.0,0.0,0.0,0.0,0.0,0.0,0.0
C0__lamarckian__s25,C0__lamarckian,C0,C0,lamarckian,25,1550,eval,37,4.675675675675675,4,4,66.76640003646503,0.9375,0.0,315.0,0.0,0.0,0.0,56.0,0.0,0.0,0.0,117.0,0.0,0.0,0.0,29.0,0.0,0.0,0.0,0.0,0.0,0.0,0.0,0.0,0.0,0.0,0.0
C0__lamarckian__s25,C0__lamarckian,C0,C0,lamarckian,25,1600,eval,37,4.891891891891892,5,5,47.70493471641044,0.9375,0.0,322.0,0.0,0.0,0.0,136.0,0.0,0.0,0.0,119.0,0.0,0.0,0.0,49.0,0.0,0.0,0.0,0.0,0.0,0.0,0.0,0.0,0.0,0.0,0.0
C0__lamarckian__s25,C0__lamarckian,C0,C0,lamarckian,25,1650,eval,34,4.970588235294118,3,6,42.15482156474445,0.9791666666666666,0.0,321.0,0.0,0.0,0.0,81.0,0.0,0.0,0.0,115.0,0.0,0.0,0.0,36.0,0.0,0.0,0.0,0.0,0.0,0.0,0.0,0.0,0.0,0.0,0.0
C0__lamarckian__s25,C0__lamarckian,C0,C0,lamarckian,25,1700,eval,33,5.181818181818182,4,5,53.25030624208368,0.9583333333333334,0.0,283.0,0.0,0.0,0.0,72.0,0.0,0.0,0.0,106.0,0.0,0.0,0.0,37.0,0.0,0.0,0.0,0.0,0.0,0.0,0.0,0.0,0.0,0.0,0.0
C0__lamarckian__s25,C0__lamarckian,C0,C0,lamarckian,25,1750,eval,35,5.285714285714286,6,4,27.614327138104407,0.9791666666666666,0.0,380.0,0.0,0.0,0.0,107.0,0.0,0.0,0.0,117.0,0.0,0.0,0.0,44.0,0.0,0.0,0.0,0.0,0.0,0.0,0.0,0.0,0.0,0.0,0.0
C0__lamarckian__s25,C0__lamarckian,C0,C0,lamarckian,25,1800,eval,35,5.4,3,3,47.93606472274682,0.9791666666666666,0.0,289.0,0.0,0.0,0.0,66.0,0.0,0.0,0.0,93.0,0.0,0.0,0.0,35.0,0.0,0.0,0.0,0.0,0.0,0.0,0.0,0.0,0.0,0.0,0.0
C0__lamarckian__s26,C0__lamarckian,C0,C0,lamarckian,26,50,train,50,0.7,30,0,84.50671750415933,0.8333333333333334,0.0,306.0,0.0,0.0,0.0,189.0,0.0,0.0,0.0,96.0,0.0,0.0,0.0,15.0,0.0,0.0,0.0,0.0,0.0,0.0,0.0,0.0,0.0,0.0,0.0
C0__lamarckian__s26,C0__lamarckian,C0,C0,lamarckian,26,100,train,50,0.68,4,4,71.09561971969384,0.8958333333333334,0.0,375.0,0.0,0.0,0.0,108.0,0.0,0.0,0.0,81.0,0.0,0.0,0.0,16.0,0.0,0.0,0.0,0.0,0.0,0.0,0.0,0.0,0.0,0.0,0.0
C0__lamarckian__s26,C0__lamarckian,C0,C0,lamarckian,26,150,train,50,0.7,5,5,62.53963040260126,0.8958333333333334,0.0,418.0,0.0,0.0,0.0,52.0,0.0,0.0,0.0,101.0,0.0,0.0,0.0,21.0,0.0,0.0,0.0,0.0,0.0,0.0,0.0,0.0,0.0,0.0,0.0
C0__lamarckian__s26,C0__lamarckian,C0,C0,lamarckian,26,200,train,50,0.82,9,9,38.84896834554871,1.0,0.0,396.0,0.0,0.0,0.0,41.0,0.0,0.0,0.0,100.0,0.0,0.0,0.0,18.0,0.0,0.0,0.0,0.0,0.0,0.0,0.0,0.0,0.0,0.0,0.0
C0__lamarckian__s26,C0__lamarckian,C0,C0,lamarckian,26,250,train,50,0.96,9,9,86.56099340083989,0.8333333333333334,0.0,283.0,0.0,0.0,0.0,51.0,0.0,0.0,0.0,104.0,0.0,0.0,0.0,24.0,0.0,0.0,0.0,0.0,0.0,0.0,0.0,0.0,0.0,0.0,0.0
C0__lamarckian__s26,C0__lamarckian,C0,C0,lamarckian,26,300,train,50,0.98,4,4,69.30605994607888,0.875,0.0,263.0,0.0,0.0,0.0,64.0,0.0,0.0,0.0,103.0,0.0,0.0,0.0,28.0,0.0,0.0,0.0,0.0,0.0,0.0,0.0,0.0,0.0,0.0,0.0
C0__lamarckian__s26,C0__lamarckian,C0,C0,lamarckian,26,350,train,50,1.08,6,6,49.62559817969809,0.9583333333333334,0.0,272.0,0.0,0.0,0.0,53.0,0.0,0.0,0.0,100.0,0.0,0.0,0.0,21.0,0.0,0.0,0.0,0.0,0.0,0.0,0.0,0.0,0.0,0.0,0.0
C0__lamarckian__s26,C0__lamarckian,C0,C0,lamarckian,26,400,train,50,1.2,10,10,30.687662214437697,1.0,0.0,284.0,0.0,0.0,0.0,39.0,0.0,0.0,0.0,121.0,0.0,0.0,0.0,22.0,0.0,0.0,0.0,0.0,0.0,0.0,0.0,0.0,0.0,0.0,0.0
C0__lamarckian__s26,C0__lamarckian,C0,C0,lamarckian,26,450,train,50,1.26,4,4,39.46104681403466,0.9583333333333334,0.0,308.0,0.0,0.0,0.0,42.0,0.0,0.0,0.0,116.0,0.0,0.0,0.0,25.0,0.0,0.0,0.0,0.0,0.0,0.0,0.0,0.0,0.0,0.0,0.0
C0__lamarckian__s26,C0__lamarckian,C0,C0,lamarckian,26,500,train,40,1.55,3,13,33.507850090038616,0.9791666666666666,0.0,294.0,0.0,0.0,0.0,79.0,0.0,0.0,0.0,115.0,0.0,0.0,0.0,24.0,0.0,0.0,0.0,0.0,0.0,0.0,0.0,0.0,0.0,0.0,0.0
C0__lamarckian__s26,C0__lamarckian,C0,C0,lamarckian,26,550,train,34,1.8235294117647058,9,15,45.7303554413392,0.9375,0.0,263.0,0.0,0.0,0.0,34.0,0.0,0.0,0.0,120.0,0.0,0.0,0.0,23.0,0.0,0.0,0.0,0.0,0.0,0.0,0.0,0.0,0.0,0.0,0.0
C0__lamarckian__s26,C0__lamarckian,C0,C0,lamarckian,26,600,train,38,1.868421052631579,6,2,39.23971329918835,1.0,0.0,205.0,0.0,0.0,0.0,35.0,0.0,0.0,0.0,111.0,0.0,0.0,0.0,25.0,0.0,0.0,0.0,0.0,0.0,0.0,0.0,0.0,0.0,0.0,0.0
C0__lamarckian__s26,C0__lamarckian,C0,C0,lamarckian,26,650,train,43,2.0,8,3,61.53534024506909,0.9375,0.0,280.0,0.0,0.0,0.0,29.0,0.0,0.0,0.0,126.0,0.0,0.0,0.0,17.0,0.0,0.0,0.0,0.0,0.0,0.0,0.0,0.0,0.0,0.0,0.0
C0__lamarckian__s26,C0__lamarckian,C0,C0,lamarckian,26,700,train,38,2.236842105263158,4,9,71.13642508844106,0.9166666666666666,0.0,267.0,0.0,0.0,0.0,46.0,0.0,0.0,0.0,126.0,0.0,0.0,0.0,24.0,0.0,0.0,0.0,0.0,0.0,0.0,0.0,0.0,0.0,0.0,0.0
C0__lamarckian__s26,C0__lamarckian,C0,C0,lamarckian,26,750,train,42,2.380952380952381,5,1,30.054360615641635,1.0,0.0,278.0,0.0,0.0,0.0,58.0,0.0,0.0,0.0,137.0,0.0,0.0,0.0,25.0,0.0,0.0,0.0,0.0,0.0,0.0,0.0,0.0,0.0,0.0,0.0
C0__lamarckian__s26,C0__lamarckian,C0,C0,lamarckian,26,800,train,40,2.475,2,4,44.1019138629973,0.9791666666666666,0.0,214.0,0.0,0.0,0.0,52.0,0.0,0.0,0.0,116.0,0.0,0.0,0.0,26.0,0.0,0.0,0.0,0.0,0.0,0.0,0.0,0.0,0.0,0.0,0.0
C0__lamarckian__s26,C0__lamarckian,C0,C0,lamarckian,26,850,train,39,2.5641025641025643,2,3,41.369877547208034,0.9791666666666666,0.0,253.0,0.0,0.0,0.0,47.0,0.0,0.0,0.0,135.0,0.0,0.0,0.0,24.0,0.0,0.0,0.0,0.0,0.0,0.0,0.0,0.0,0.0,0.0,0.0
C0__lamarckian__s26,C0__lamarckian,C0,C0,lamarckian,26,900,train,34,2.735294117647059,3,8,45.71639535202273,1.0,0.0,281.0,0.0,0.0,0.0,68.0,0.0,0.0,0.0,121.0,0.0,0.0,0.0,32.0,0.0,0.0,0.0,0.0,0.0,0.0,0.0,0.0,0.0,0.0,0.0
C0__lamarckian__s26,C0__lamarckian,C0,C0,lamarckian,26,950,train,38,2.973684210526316,9,5,39.53380961177314,1.0,0.0,253.0,0.0,0.0,0.0,81.0,0.0,0.0,0.0,127.0,0.0,0.0,0.0,31.0,0.0,0.0,0.0,0.0,0.0,0.0,0.0,0.0,0.0,0.0,0.0
C0__lamarckian__s26,C0__lamarckian,C0,C0,lamarckian,26,1000,train,39,3.051282051282051,2,1,38.11953002121287,0.9791666666666666,0.0,285.0,0.0,0.0,0.0,60.0,0.0,0.0,0.0,124.0,0.0,0.0,0.0,26.0,0.0,0.0,0.0,0.0,0.0,0.0,0.0,0.0,0.0,0.0,0.0
C0__lamarckian__s26,C0__lamarckian,C0,C0,lamarckian,26,1050,train,35,3.2857142857142856,6,10,42.24685157001021,1.0,0.0,259.0,0.0,0.0,0.0,59.0,0.0,0.0,0.0,113.0,0.0,0.0,0.0,33.0,0.0,0.0,0.0,0.0,0.0,0.0,0.0,0.0,0.0,0.0,0.0
C0__lamarckian__s26,C0__lamarckian,C0,C0,lamarckian,26,1100,train,37,3.5675675675675675,8,6,37.27377413517779,0.9791666666666666,0.0,219.0,0.0,0.0,0.0,45.0,0.0,0.0,0.0,126.0,0.0,0.0,0.0,25.0,0.0,0.0,0.0,0.0,0.0,0.0,0.0,0.0,0.0,0.0,0.0
C0__lamarckian__s26,C0__lamarckian,C0,C0,lamarckian,26,1150,train,33,3.6363636363636362,1,5,34.380741175028724,0.9791666666666666,0.0,273.0,0.0,0.0,0.0,36.0,0.0,0.0,0.0,130.0,0.0,0.0,0.0,20.0,0.0,0.0,0.0,0.0,0.0,0.0,0.0,0.0,0.0,0.0,0.0
C0__lamarckian__s26,C0__lamarckian,C0,C0,lamarckian,26,1200,train,32,3.75,4,5,40.37551225655719,0.9583333333333334,0.0,241.0,0.0,0.0,0.0,38.0,0.0,0.0,0.0,119.0,0.0,0.0,0.0,24.0,0.0,0.0,0.0,0.0,0.0,0.0,0.0,0.0,0.0,0.0,0.0
C0__lamarckian__s26,C0__lamarckian,C0,C0,lamarckian,26,1250,train,35,4.0285714285714285,7,4,50.582720187790926,0.9583333333333334,0.0,258.0,0.0,0.0,0.0,48.0,0.0,0.0,0.0,128.0,0.0,0.0,0.0,22.0,0.0,0.0,0.0,0.0,0.0,0.0,0.0,0.0,0.0,0.0,0.0
C0__lamarckian__s26,C0__lamarckian,C0,C0,lamarckian,26,1300,train,38,4.2631578947368425,6,3,35.59444431488486,0.9583333333333334,0.0,282.0,0.0,0.0,0.0,47.0,0.0,0.0,0.0,131.0,0.0,0.0,0.0,29.0,0.0,0.0,0.0,0.0,0.0,0.0,0.0,0.0,0.0,0.0,0.0
C0__lamarckian__s26,C0__lamarckian,C0,C0,lamarckian,26,1350,train,41,4.439024390243903,6,3,37.13038729586201,0.9583333333333334,0.0,276.0,0.0,0.0,0.0,57.0,0.0,0.0,0.0,133.0,0.0,0.0,0.0,24.0,0.0,0.0,0.0,0.0,0.0,0.0,0.0,0.0,0.0,0.0,0.0
C0__lamarckian__s26,C0__lamarckian,C0,C0,lamarckian,26,1400,train,41,4.585365853658536,4,4,30.029658470236306,0.9791666666666666,0.0,235.0,0.0,0.0,0.0,71.0,0.0,0.0,0.0,121.0,0.0,0.0,0.0,33.0,0.0,0.0,0.0,0.0,0.0,0.0,0.0,0.0,0.0,0.0,0.0
C0__lamarckian__s26,C0__lamarckian,C0,C0,lamarckian,26,1450,train,41,4.7317073170731705,3,3,33.18143415742732,0.9583333333333334,0.0,235.0,0.0,0.0,0.0,51.0,0.0,0.0,0.0,122.0,0.0,0.0,0.0,34.0,0.0,0.0,0.0,0.0,0.0,0.0,0.0,0.0,0.0,0.0,0.0
C0__lamarckian__s26,C0__lamarckian,C0,C0,lamarckian,26,1500,train,33,4.878787878787879,1,9,57.03641287499042,0.9583333333333334,0.0,232.0,0.0,0.0,0.0,42.0,0.0,0.0,0.0,114.0,0.0,0.0,0.0,22.0,0.0,0.0,0.0,0.0,0.0,0.0,0.0,0.0,0.0,0.0,0.0
C0__lamarckian__s26,C0__lamarckian,C0,C0,lamarckian,26,1550,eval,31,5.096774193548387,4,6,68.8833618539129,0.875,0.0,241.0,0.0,0.0,0.0,44.0,0.0,0.0,0.0,127.0,0.0,0.0,0.0,21.0,0.0,0.0,0.0,0.0,0.0,0.0,0.0,0.0,0.0,0.0,0.0
C0__lamarckian__s26,C0__lamarckian,C0,C0,lamarckian,26,1600,eval,34,5.294117647058823,6,3,45.64485793876277,0.9791666666666666,0.0,198.0,0.0,0.0,0.0,63.0,0.0,0.0,0.0,110.0,0.0,0.0,0.0,32.0,0.0,0.0,0.0,0.0,0.0,0.0,0.0,0.0,0.0,0.0,0.0
C0__lamarckian__s26,C0__lamarckian,C0,C0,lamarckian,26,1650,eval,38,5.473684210526316,7,3,45.882829573833206,0.9791666666666666,0.0,284.0,0.0,0.0,0.0,60.0,0.0,0.0,0.0,115.0,0.0,0.0,0.0,26.0,0.0,0.0,0.0,0.0,0.0,0.0,0.0,0.0,0.0,0.0,0.0
C0__lamarckian__s26,C0__lamarckian,C0,C0,lamarckian,26,1700,eval,39,5.538461538461538,3,2,24.448633930463018,0.9791666666666666,0.0,260.0,0.0,0.0,0.0,69.0,0.0,0.0,0.0,117.0,0.0,0.0,0.0,36.0,0.0,0.0,0.0,0.0,0.0,0.0,0.0,0.0,0.0,0.0,0.0
C0__lamarckian__s26,C0__lamarckian,C0,C0,lamarckian,26,1750,eval,34,5.764705882352941,3,8,53.41421281525853,0.9375,0.0,254.0,0.0,0.0,0.0,114.0,0.0,0.0,0.0,97.0,0.0,0.0,0.0,31.0,0.0,0.0,0.0,0.0,0.0,0.0,0.0,0.0,0.0,0.0,0.0
C0__lamarckian__s26,C0__lamarckian,C0,C0,lamarckian,26,1800,eval,35,5.942857142857143,7,6,64.27369192190466,0.9166666666666666,0.0,339.0,0.0,0.0,0.0,63.0,0.0,0.0,0.0,134.0,0.0,0.0,0.0,23.0,0.0,0.0,0.0,0.0,0.0,0.0,0.0,0.0,0.0,0.0,0.0
C0__lamarckian__s27,C0__lamarckian,C0,C0,lamarckian,27,50,train,50,0.8,30,0,43.53019415901534,0.8958333333333334,0.0,529.0,0.0,0.0,0.0,128.0,0.0,0.0,0.0,99.0,0.0,0.0,0.0,19.0,0.0,0.0,0.0,0.0,0.0,0.0,0.0,0.0,0.0,0.0,0.0
C0__lamarckian__s27,C0__lamarckian,C0,C0,lamarckian,27,100,train,50,0.82,1,1,20.16990080087419,1.0,0.0,395.0,0.0,0.0,0.0,135.0,0.0,0.0,0.0,84.0,0.0,0.0,0.0,21.0,0.0,0.0,0.0,0.0,0.0,0.0,0.0,0.0,0.0,0.0,0.0
C0__lamarckian__s27,C0__lamarckian,C0,C0,lamarckian,27,150,train,50,0.84,5,5,34.8361219193051,0.9583333333333334,0.0,357.0,0.0,0.0,0.0,148.0,0.0,0.0,0.0,87.0,0.0,0.0,0.0,21.0,0.0,0.0,0.0,0.0,0.0,0.0,0.0,0.0,0.0,0.0,0.0
C0__lamarckian__s27,C0__lamarckian,C0,C0,lamarckian,27,200,train,50,0.82,6,6,81.84282548029569,0.8333333333333334,0.0,311.0,0.0,0.0,0.0,135.0,0.0,0.0,0.0,76.0,0.0,0.0,0.0,22.0,0.0,0.0,0.0,0.0,0.0,0.0,0.0,0.0,0.0,0.0,0.0
C0__lamarckian__s27,C0__lamarckian,C0,C0,lamarckian,27,250,train,50,0.86,9,9,44.199552099277184,0.9375,0.0,305.0,0.0,0.0,0.0,158.0,0.0,0.0,0.0,98.0,0.0,0.0,0.0,31.0,0.0,0.0,0.0,0.0,0.0,0.0,0.0,0.0,0.0,0.0,0.0
C0__lamarckian__s27,C0__lamarckian,C0,C0,lamarckian,27,300,train,50,0.92,7,7,77.64525147885416,0.8541666666666666,0.0,288.0,0.0,0.0,0.0,145.0,0.0,0.0,0.0,94.0,0.0,0.0,0.0,24.0,0.0,0.0,0.0,0.0,0.0,0.0,0.0,0.0,0.0,0.0,0.0
C0__lamarckian__s27,C0__lamarckian,C0,C0,lamarckian,27,350,train,50,0.98,4,4,36.463890211888106,0.9583333333333334,0.0,366.0,0.0,0.0,0.0,103.0,0.0,0.0,0.0,117.0,0.0,0.0,0.0,23.0,0.0,0.0,0.0,0.0,0.0,0.0,0.0,0.0,0.0,0.0,0.0
C0__lamarckian__s27,C0__lamarckian,C0,C0,lamarckian,27,400,train,50,1.08,5,5,37.96011056408376,0.9791666666666666,0.0,288.0,0.0,0.0,0.0,101.0,0.0,0.0,0.0,108.0,0.0,0.0,0.0,28.0,0.0,0.0,0.0,0.0,0.0,0.0,0.0,0.0,0.0,0.0,0.0
C0__lamarckian__s27,C0__lamarckian,C0,C0,lamarckian,27,450,train,50,1.3,9,9,33.39351977082831,0.9375,0.0,267.0,0.0,0.0,0.0,75.0,0.0,0.0,0.0,102.0,0.0,0.0,0.0,27.0,0.0,0.0,0.0,0.0,0.0,0.0,0.0,0.0,0.0,0.0,0.0
C0__lamarckian__s27,C0__lamarckian,C0,C0,lamarckian,27,500,train,45,1.8222222222222222,12,17,32.317318209759016,1.0,0.0,304.0,0.0,0.0,0.0,54.0,0.0,0.0,0.0,103.0,0.0,0.0,0.0,25.0,0.0,0.0,0.0,0.0,0.0,0.0,0.0,0.0,0.0,0.0,0.0
C0__lamarckian__s27,C0__lamarckian,C0,C0,lamarckian,27,550,train,40,1.975,7,12,65.30625719459537,0.9166666666666666,0.0,264.0,0.0,0.0,0.0,43.0,0.0,0.0,0.0,98.0,0.0,0.0,0.0,22.0,0.0,0.0,0.0,0.0,0.0,0.0,0.0,0.0,0.0,0.0,0.0
C0__lamarckian__s27,C0__lamarckian,C0,C0,lamarckian,27,600,train,43,2.0697674418604652,6,3,52.021227284747006,0.9583333333333334,0.0,285.0,0.0,0.0,0.0,30.0,0.0,0.0,0.0,118.0,0.0,0.0,0.0,23.0,0.0,0.0,0.0,0.0,0.0,0.0,0.0,0.0,0.0,0.0,0.0
C0__lamarckian__s27,C0__lamarckian,C0,C0,lamarckian,27,650,train,39,2.230769230769231,5,9,47.368133169106194,0.9791666666666666,0.0,314.0,0.0,0.0,0.0,53.0,0.0,0.0,0.0,120.0,0.0,0.0,0.0,25.0,0.0,0.0,0.0,0.0,0.0,0.0,0.0,0.0,0.0,0.0,0.0
C0__lamarckian__s27,C0__lamarckian,C0,C0,lamarckian,27,700,train,44,2.3636363636363638,7,2,27.03725327157635,1.0,0.0,308.0,0.0,0.0,0.0,51.0,0.0,0.0,0.0,125.0,0.0,0.0,0.0,23.0,0.0,0.0,0.0,0.0,0.0,0.0,0.0,0.0,0.0,0.0,0.0
C0__lamarckian__s27,C0__lamarckian,C0,C0,lamarckian,27,750,train,40,2.375,2,6,38.14059756669348,0.9791666666666666,0.0,357.0,0.0,0.0,0.0,69.0,0.0,0.0,0.0,125.0,0.0,0.0,0.0,28.0,0.0,0.0,0.0,0.0,0.0,0.0,0.0,0.0,0.0,0.0,0.0
C0__lamarckian__s27,C0__lamarckian,C0,C0,lamarckian,27,800,train,37,2.5675675675675675,2,5,38.30221061431123,0.9791666666666666,0.0,274.0,0.0,0.0,0.0,69.0,0.0,0.0,0.0,109.0,0.0,0.0,0.0,30.0,0.0,0.0,0.0,0.0,0.0,0.0,0.0,0.0,0.0,0.0,0.0
C0__lamarckian__s27,C0__lamarckian,C0,C0,lamarckian,27,850,train,39,2.6666666666666665,6,4,26.917274246712346,0.9791666666666666,0.0,289.0,0.0,0.0,0.0,76.0,0.0,0.0,0.0,120.0,0.0,0.0,0.0,32.0,0.0,0.0,0.0,0.0,0.0,0.0,0.0,0.0,0.0,0.0,0.0
C0__lamarckian__s27,C0__lamarckian,C0,C0,lamarckian,27,900,train,38,2.763157894736842,3,4,37.92417521809592,0.9791666666666666,0.0,291.0,0.0,0.0,0.0,49.0,0.0,0.0,0.0,123.0,0.0,0.0,0.0,25.0,0.0,0.0,0.0,0.0,0.0,0.0,0.0,0.0,0.0,0.0,0.0
C0__lamarckian__s27,C0__lamarckian,C0,C0,lamarckian,27,950,train,32,2.84375,1,7,42.48474137640759,0.9791666666666666,0.0,292.0,0.0,0.0,0.0,67.0,0.0,0.0,0.0,123.0,0.0,0.0,0.0,34.0,0.0,0.0,0.0,0.0,0.0,0.0,0.0,0.0,0.0,0.0,0.0
C0__lamarckian__s27,C0__lamarckian,C0,C0,lamarckian,27,1000,train,33,2.9696969696969697,7,6,37.61067793441235,0.9791666666666666,0.0,314.0,0.0,0.0,0.0,47.0,0.0,0.0,0.0,129.0,0.0,0.0,0.0,29.0,0.0,0.0,0.0,0.0,0.0,0.0,0.0,0.0,0.0,0.0,0.0
C0__lamarckian__s27,C0__lamarckian,C0,C0,lamarckian,27,1050,train,34,3.3823529411764706,9,8,45.65371891934602,0.9583333333333334,0.0,281.0,0.0,0.0,0.0,51.0,0.0,0.0,0.0,129.0,0.0,0.0,0.0,21.0,0.0,0.0,0.0,0.0,0.0,0.0,0.0,0.0,0.0,0.0,0.0
C0__lamarckian__s27,C0__lamarckian,C0,C0,lamarckian,27,1100,train,36,3.5,5,3,28.72678491656125,1.0,0.0,265.0,0.0,0.0,0.0,36.0,0.0,0.0,0.0,123.0,0.0,0.0,0.0,27.0,0.0,0.0,0.0,0.0,0.0,0.0,0.0,0.0,0.0,0.0,0.0
C0__lamarckian__s27,C0__lamarckian,C0,C0,lamarckian,27,1150,train,37,3.6486486486486487,3,2,52.87161868042179,0.9583333333333334,0.0,320.0,0.0,0.0,0.0,38.0,0.0,0.0,0.0,129.0,0.0,0.0,0.0,25.0,0.0,0.0,0.0,0.0,0.0,0.0,0.0,0.0,0.0,0.0,0.0
C0__lamarckian__s27,C0__lamarckian,C0,C0,lamarckian,27,1200,train,39,3.9743589743589745,8,6,34.80643599740667,0.9791666666666666,0.0,299.0,0.0,0.0,0.0,43.0,0.0,0.0,0.0,136.0,0.0,0.0,0.0,25.0,0.0,0.0,0.0,0.0,0.0,0.0,0.0,0.0,0.0,0.0,0.0
C0__lamarckian__s27,C0__lamarckian,C0,C0,lamarckian,27,1250,train,40,4.1,5,4,37.6759525555871,0.9791666666666666,0.0,253.0,0.0,0.0,0.0,56.0,0.0,0.0,0.0,118.0,0.0,0.0,0.0,28.0,0.0,0.0,0.0,0.0,0.0,0.0,0.0,0.0,0.0,0.0,0.0
C0__lamarckian__s27,C0__lamarckian,C0,C0,lamarckian,27,1300,train,39,4.102564102564102,2,3,36.36253863574477,1.0,0.0,385.0,0.0,0.0,0.0,59.0,0.0,0.0,0.0,129.0,0.0,0.0,0.0,29.0,0.0,0.0,0.0,0.0,0.0,0.0,0.0,0.0,0.0,0.0,0.0
C0__lamarckian__s27,C0__lamarckian,C0,C0,lamarckian,27,1350,train,37,4.297297297297297,3,5,44.97468359116883,0.9583333333333334,0.0,329.0,0.0,0.0,0.0,57.0,0.0,0.0,0.0,123.0,0.0,0.0,0.0,30.0,0.0,0.0,0.0,0.0,0.0,0.0,0.0,0.0,0.0,0.0,0.0
C0__lamarckian__s27,C0__lamarckian,C0,C0,lamarckian,27,1400,train,41,4.414634146341464,6,2,38.16467552908236,0.9583333333333334,0.0,274.0,0.0,0.0,0.0,49.0,0.0,0.0,0.0,116.0,0.0,0.0,0.0,30.0,0.0,0.0,0.0,0.0,0.0,0.0,0.0,0.0,0.0,0.0,0.0
C0__lamarckian__s27,C0__lamarckian,C0,C0,lamarckian,27,1450,train,41,4.463414634146342,2,2,37.90694404864463,0.9583333333333334,0.0,298.0,0.0,0.0,0.0,42.0,0.0,0.0,0.0,137.0,0.0,0.0,0.0,25.0,0.0,0.0,0.0,0.0,0.0,0.0,0.0,0.0,0.0,0.0,0.0
C0__lamarckian__s27,C0__lamarckian,C0,C0,lamarckian,27,1500,train,38,4.657894736842105,2,5,34.2573485586216,0.9791666666666666,0.0,239.0,0.0,0.0,0.0,43.0,0.0,0.0,0.0,120.0,0.0,0.0,0.0,24.0,0.0,0.0,0.0,0.0,0.0,0.0,0.0,0.0,0.0,0.0,0.0
C0__lamarckian__s27,C0__lamarckian,C0,C0,lamarckian,27,1550,eval,31,4.838709677419355,2,9,42.792389569789535,1.0,0.0,281.0,0.0,0.0,0.0,85.0,0.0,0.0,0.0,119.0,0.0,0.0,0.0,32.0,0.0,0.0,0.0,0.0,0.0,0.0,0.0,0.0,0.0,0.0,0.0
C0__lamarckian__s27,C0__lamarckian,C0,C0,lamarckian,27,1600,eval,33,5.212121212121212,6,4,42.33658307508482,0.9791666666666666,0.0,296.0,0.0,0.0,0.0,71.0,0.0,0.0,0.0,118.0,0.0,0.0,0.0,32.0,0.0,0.0,0.0,0.0,0.0,0.0,0.0,0.0,0.0,0.0,0.0
C0__lamarckian__s27,C0__lamarckian,C0,C0,lamarckian,27,1650,eval,38,5.342105263157895,7,2,35.851742761717496,0.9791666666666666,0.0,342.0,0.0,0.0,0.0,90.0,0.0,0.0,0.0,127.0,0.0,0.0,0.0,34.0,0.0,0.0,0.0,0.0,0.0,0.0,0.0,0.0,0.0,0.0,0.0
C0__lamarckian__s27,C0__lamarckian,C0,C0,lamarckian,27,1700,eval,32,5.375,0,6,37.23116373357095,0.9791666666666666,0.0,338.0,0.0,0.0,0.0,56.0,0.0,0.0,0.0,118.0,0.0,0.0,0.0,26.0,0.0,0.0,0.0,0.0,0.0,0.0,0.0,0.0,0.0,0.0,0.0
C0__lamarckian__s27,C0__lamarckian,C0,C0,lamarckian,27,1750,eval,32,5.625,7,7,34.445807104248786,0.9791666666666666,0.0,320.0,0.0,0.0,0.0,51.0,0.0,0.0,0.0,114.0,0.0,0.0,0.0,35.0,0.0,0.0,0.0,0.0,0.0,0.0,0.0,0.0,0.0,0.0,0.0
C0__lamarckian__s27,C0__lamarckian,C0,C0,lamarckian,27,1800,eval,39,5.948717948717949,8,1,41.624183103737366,0.9375,0.0,395.0,0.0,0.0,0.0,79.0,0.0,0.0,0.0,127.0,0.0,0.0,0.0,28.0,0.0,0.0,0.0,0.0,0.0,0.0,0.0,0.0,0.0,0.0,0.0
C0__lamarckian__s28,C0__lamarckian,C0,C0,lamarckian,28,50,train,50,0.76,30,0,62.66046282669929,0.875,0.0,402.0,0.0,0.0,0.0,82.0,0.0,0.0,0.0,106.0,0.0,0.0,0.0,11.0,0.0,0.0,0.0,0.0,0.0,0.0,0.0,0.0,0.0,0.0,0.0
C0__lamarckian__s28,C0__lamarckian,C0,C0,lamarckian,28,100,train,50,0.76,1,1,83.56349942217872,0.8333333333333334,0.0,301.0,0.0,0.0,0.0,124.0,0.0,0.0,0.0,86.0,0.0,0.0,0.0,9.0,0.0,0.0,0.0,0.0,0.0,0.0,0.0,0.0,0.0,0.0,0.0
C0__lamarckian__s28,C0__lamarckian,C0,C0,lamarckian,28,150,train,50,0.76,6,6,64.48100166370006,0.8958333333333334,0.0,446.0,0.0,0.0,0.0,125.0,0.0,0.0,0.0,114.0,0.0,0.0,0.0,18.0,0.0,0.0,0.0,0.0,0.0,0.0,0.0,0.0,0.0,0.0,0.0
C0__lamarckian__s28,C0__lamarckian,C0,C0,lamarckian,28,200,train,50,0.74,3,3,27.60672243669758,1.0,0.0,366.0,0.0,0.0,0.0,59.0,0.0,0.0,0.0,101.0,0.0,0.0,0.0,25.0,0.0,0.0,0.0,0.0,0.0,0.0,0.0,0.0,0.0,0.0,0.0
C0__lamarckian__s28,C0__lamarckian,C0,C0,lamarckian,28,250,train,50,0.74,4,4,67.47999941185338,0.8541666666666666,0.0,268.0,0.0,0.0,0.0,39.0,0.0,0.0,0.0,85.0,0.0,0.0,0.0,20.0,0.0,0.0,0.0,0.0,0.0,0.0,0.0,0.0,0.0,0.0,0.0
C0__lamarckian__s28,C0__lamarckian,C0,C0,lamarckian,28,300,train,50,0.76,4,4,35.205610428048445,0.9791666666666666,0.0,254.0,0.0,0.0,0.0,67.0,0.0,0.0,0.0,101.0,0.0,0.0,0.0,24.0,0.0,0.0,0.0,0.0,0.0,0.0,0.0,0.0,0.0,0.0,0.0
C0__lamarckian__s28,C0__lamarckian,C0,C0,lamarckian,28,350,train,50,0.72,6,6,46.16013634121457,0.9375,0.0,289.0,0.0,0.0,0.0,91.0,0.0,0.0,0.0,117.0,0.0,0.0,0.0,10.0,0.0,0.0,0.0,0.0,0.0,0.0,0.0,0.0,0.0,0.0,0.0
C0__lamarckian__s28,C0__lamarckian,C0,C0,lamarckian,28,400,train,50,0.74,6,6,34.70465799988544,0.9791666666666666,0.0,316.0,0.0,0.0,0.0,48.0,0.0,0.0,0.0,98.0,0.0,0.0,0.0,18.0,0.0,0.0,0.0,0.0,0.0,0.0,0.0,0.0,0.0,0.0,0.0
C0__lamarckian__s28,C0__lamarckian,C0,C0,lamarckian,28,450,train,50,0.74,3,3,32.882214781522684,0.9791666666666666,0.0,396.0,0.0,0.0,0.0,65.0,0.0,0.0,0.0,121.0,0.0,0.0,0.0,16.0,0.0,0.0,0.0,0.0,0.0,0.0,0.0,0.0,0.0,0.0,0.0
C0__lamarckian__s28,C0__lamarckian,C0,C0,lamarckian,28,500,train,39,1.2564102564102564,9,20,38.390825851127474,0.9583333333333334,0.0,300.0,0.0,0.0,0.0,79.0,0.0,0.0,0.0,108.0,0.0,0.0,0.0,20.0,0.0,0.0,0.0,0.0,0.0,0.0,0.0,0.0,0.0,0.0,0.0
C0__lamarckian__s28,C0__lamarckian,C0,C0,lamarckian,28,550,train,43,1.7906976744186047,19,15,46.25842794043112,0.9583333333333334,0.0,356.0,0.0,0.0,0.0,35.0,0.0,0.0,0.0,108.0,0.0,0.0,0.0,19.0,0.0,0.0,0.0,0.0,0.0,0.0,0.0,0.0,0.0,0.0,0.0
C0__lamarckian__s28,C0__lamarckian,C0,C0,lamarckian,28,600,train,43,1.9534883720930232,3,3,58.73143848696552,0.875,0.0,274.0,0.0,0.0,0.0,22.0,0.0,0.0,0.0,113.0,0.0,0.0,0.0,15.0,0.0,0.0,0.0,0.0,0.0,0.0,0.0,0.0,0.0,0.0,0.0
C0__lamarckian__s28,C0__lamarckian,C0,C0,lamarckian,28,650,train,40,2.125,3,6,35.55927096333886,0.9791666666666666,0.0,294.0,0.0,0.0,0.0,23.0,0.0,0.0,0.0,134.0,0.0,0.0,0.0,14.0,0.0,0.0,0.0,0.0,0.0,0.0,0.0,0.0,0.0,0.0,0.0
C0__lamarckian__s28,C0__lamarckian,C0,C0,lamarckian,28,700,train,32,2.21875,3,11,28.935774631141463,1.0,0.0,236.0,0.0,0.0,0.0,44.0,0.0,0.0,0.0,118.0,0.0,0.0,0.0,21.0,0.0,0.0,0.0,0.0,0.0,0.0,0.0,0.0,0.0,0.0,0.0
C0__lamarckian__s28,C0__lamarckian,C0,C0,lamarckian,28,750,train,34,2.411764705882353,4,2,71.38310239685903,0.875,0.0,244.0,0.0,0.0,0.0,40.0,0.0,0.0,0.0,127.0,0.0,0.0,0.0,17.0,0.0,0.0,0.0,0.0,0.0,0.0,0.0,0.0,0.0,0.0,0.0
C0__lamarckian__s28,C0__lamarckian,C0,C0,lamarckian,28,800,train,39,2.58974358974359,8,3,39.366188716030535,0.9583333333333334,0.0,244.0,0.0,0.0,0.0,50.0,0.0,0.0,0.0,123.0,0.0,0.0,0.0,21.0,0.0,0.0,0.0,0.0,0.0,0.0,0.0,0.0,0.0,0.0,0.0
C0__lamarckian__s28,C0__lamarckian,C0,C0,lamarckian,28,850,train,34,2.735294117647059,2,7,34.823429479278744,1.0,0.0,209.0,0.0,0.0,0.0,36.0,0.0,0.0,0.0,119.0,0.0,0.0,0.0,24.0,0.0,0.0,0.0,0.0,0.0,0.0,0.0,0.0,0.0,0.0,0.0
C0__lamarckian__s28,C0__lamarckian,C0,C0,lamarckian,28,900,train,34,2.8823529411764706,4,4,50.63353602924481,0.9791666666666666,0.0,190.0,0.0,0.0,0.0,34.0,0.0,0.0,0.0,112.0,0.0,0.0,0.0,18.0,0.0,0.0,0.0,0.0,0.0,0.0,0.0,0.0,0.0,0.0,0.0
C0__lamarckian__s28,C0__lamarckian,C0,C0,lamarckian,28,950,train,37,3.1621621621621623,6,3,68.15388636749466,0.8958333333333334,0.0,229.0,0.0,0.0,0.0,31.0,0.0,0.0,0.0,116.0,0.0,0.0,0.0,19.0,0.0,0.0,0.0,0.0,0.0,0.0,0.0,0.0,0.0,0.0,0.0
C0__lamarckian__s28,C0__lamarckian,C0,C0,lamarckian,28,1000,train,43,3.4651162790697674,8,2,27.003684606499515,1.0,0.0,261.0,0.0,0.0,0.0,48.0,0.0,0.0,0.0,132.0,0.0,0.0,0.0,25.0,0.0,0.0,0.0,0.0,0.0,0.0,0.0,0.0,0.0,0.0,0.0
C0__lamarckian__s28,C0__lamarckian,C0,C0,lamarckian,28,1050,train,35,3.8,3,11,29.417190716495384,0.9791666666666666,0.0,249.0,0.0,0.0,0.0,22.0,0.0,0.0,0.0,122.0,0.0,0.0,0.0,14.0,0.0,0.0,0.0,0.0,0.0,0.0,0.0,0.0,0.0,0.0,0.0
C0__lamarckian__s28,C0__lamarckian,C0,C0,lamarckian,28,1100,train,35,3.8857142857142857,2,2,39.50137921484159,0.9583333333333334,0.0,285.0,0.0,0.0,0.0,48.0,0.0,0.0,0.0,142.0,0.0,0.0,0.0,19.0,0.0,0.0,0.0,0.0,0.0,0.0,0.0,0.0,0.0,0.0,0.0
C0__lamarckian__s28,C0__lamarckian,C0,C0,lamarckian,28,1150,train,31,3.903225806451613,0,4,58.17049603209472,0.9375,0.0,246.0,0.0,0.0,0.0,36.0,0.0,0.0,0.0,109.0,0.0,0.0,0.0,21.0,0.0,0.0,0.0,0.0,0.0,0.0,0.0,0.0,0.0,0.0,0.0
C0__lamarckian__s28,C0__lamarckian,C0,C0,lamarckian,28,1200,train,31,4.387096774193548,5,5,36.653695909982375,0.9791666666666666,0.0,294.0,0.0,0.0,0.0,34.0,0.0,0.0,0.0,146.0,0.0,0.0,0.0,17.0,0.0,0.0,0.0,0.0,0.0,0.0,0.0,0.0,0.0,0.0,0.0
C0__lamarckian__s28,C0__lamarckian,C0,C0,lamarckian,28,1250,train,32,4.5625,5,4,29.48669697549098,1.0,0.0,254.0,0.0,0.0,0.0,47.0,0.0,0.0,0.0,135.0,0.0,0.0,0.0,23.0,0.0,0.0,0.0,0.0,0.0,0.0,0.0,0.0,0.0,0.0,0.0
C0__lamarckian__s28,C0__lamarckian,C0,C0,lamarckian,28,1300,train,30,4.866666666666666,2,4,50.722565616038246,0.9375,0.0,254.0,0.0,0.0,0.0,40.0,0.0,0.0,0.0,132.0,0.0,0.0,0.0,17.0,0.0,0.0,0.0,0.0,0.0,0.0,0.0,0.0,0.0,0.0,0.0
C0__lamarckian__s28,C0__lamarckian,C0,C0,lamarckian,28,1350,train,36,5.0,7,1,52.212910333868635,0.9583333333333334,0.0,246.0,0.0,0.0,0.0,46.0,0.0,0.0,0.0,126.0,0.0,0.0,0.0,21.0,0.0,0.0,0.0,0.0,0.0,0.0,0.0,0.0,0.0,0.0,0.0
C0__lamarckian__s28,C0__lamarckian,C0,C0,lamarckian,28,1400,train,39,5.205128205128205,6,3,37.38543196506089,1.0,0.0,265.0,0.0,0.0,0.0,39.0,0.0,0.0,0.0,142.0,0.0,0.0,0.0,16.0,0.0,0.0,0.0,0.0,0.0,0.0,0.0,0.0,0.0,0.0,0.0
C0__lamarckian__s28,C0__lamarckian,C0,C0,lamarckian,28,1450,train,34,5.323529411764706,1,6,45.36335104866116,0.9791666666666666,0.0,312.0,0.0,0.0,0.0,58.0,0.0,0.0,0.0,135.0,0.0,0.0,0.0,27.0,0.0,0.0,0.0,0.0,0.0,0.0,0.0,0.0,0.0,0.0,0.0
C0__lamarckian__s28,C0__lamarckian,C0,C0,lamarckian,28,1500,train,36,5.666666666666667,6,4,39.873926575937595,1.0,0.0,303.0,0.0,0.0,0.0,30.0,0.0,0.0,0.0,136.0,0.0,0.0,0.0,18.0,0.0,0.0,0.0,0.0,0.0,0.0,0.0,0.0,0.0,0.0,0.0
C0__lamarckian__s28,C0__lamarckian,C0,C0,lamarckian,28,1550,eval,38,5.7894736842105265,7,5,42.37445033710813,0.9583333333333334,0.0,321.0,0.0,0.0,0.0,46.0,0.0,0.0,0.0,137.0,0.0,0.0,0.0,22.0,0.0,0.0,0.0,0.0,0.0,0.0,0.0,0.0,0.0,0.0,0.0
C0__lamarckian__s28,C0__lamarckian,C0,C0,lamarckian,28,1600,eval,36,5.833333333333333,3,5,46.903440405865254,0.9375,0.0,322.0,0.0,0.0,0.0,22.0,0.0,0.0,0.0,117.0,0.0,0.0,0.0,15.0,0.0,0.0,0.0,0.0,0.0,0.0,0.0,0.0,0.0,0.0,0.0
C0__lamarckian__s28,C0__lamarckian,C0,C0,lamarckian,28,1650,eval,38,6.026315789473684,6,4,43.823760282749774,0.9791666666666666,0.0,357.0,0.0,0.0,0.0,29.0,0.0,0.0,0.0,134.0,0.0,0.0,0.0,20.0,0.0,0.0,0.0,0.0,0.0,0.0,0.0,0.0,0.0,0.0,0.0
C0__lamarckian__s28,C0__lamarckian,C0,C0,lamarckian,28,1700,eval,32,6.34375,3,9,55.8643640882849,0.9791666666666666,0.0,336.0,0.0,0.0,0.0,39.0,0.0,0.0,0.0,112.0,0.0,0.0,0.0,22.0,0.0,0.0,0.0,0.0,0.0,0.0,0.0,0.0,0.0,0.0,0.0
C0__lamarckian__s28,C0__lamarckian,C0,C0,lamarckian,28,1750,eval,36,6.638888888888889,7,3,34.790989952372826,0.9583333333333334,0.0,423.0,0.0,0.0,0.0,48.0,0.0,0.0,0.0,131.0,0.0,0.0,0.0,30.0,0.0,0.0,0.0,0.0,0.0,0.0,0.0,0.0,0.0,0.0,0.0
C0__lamarckian__s28,C0__lamarckian,C0,C0,lamarckian,28,1800,eval,36,6.583333333333333,3,3,35.10885384586017,0.9583333333333334,0.0,422.0,0.0,0.0,0.0,26.0,0.0,0.0,0.0,118.0,0.0,0.0,0.0,15.0,0.0,0.0,0.0,0.0,0.0,0.0,0.0,0.0,0.0,0.0,0.0
C0__lamarckian__s29,C0__lamarckian,C0,C0,lamarckian,29,50,train,50,0.74,30,0,27.257538015646844,0.9375,0.0,375.0,0.0,0.0,0.0,73.0,0.0,0.0,0.0,97.0,0.0,0.0,0.0,30.0,0.0,0.0,0.0,0.0,0.0,0.0,0.0,0.0,0.0,0.0,0.0
C0__lamarckian__s29,C0__lamarckian,C0,C0,lamarckian,29,100,train,50,0.74,1,1,42.82989905349663,0.9375,0.0,374.0,0.0,0.0,0.0,53.0,0.0,0.0,0.0,75.0,0.0,0.0,0.0,17.0,0.0,0.0,0.0,0.0,0.0,0.0,0.0,0.0,0.0,0.0,0.0
C0__lamarckian__s29,C0__lamarckian,C0,C0,lamarckian,29,150,train,50,0.74,3,3,69.5772281993282,0.9166666666666666,0.0,400.0,0.0,0.0,0.0,53.0,0.0,0.0,0.0,77.0,0.0,0.0,0.0,17.0,0.0,0.0,0.0,0.0,0.0,0.0,0.0,0.0,0.0,0.0,0.0
C0__lamarckian__s29,C0__lamarckian,C0,C0,lamarckian,29,200,train,50,0.76,5,5,66.12218185278081,0.9166666666666666,0.0,298.0,0.0,0.0,0.0,59.0,0.0,0.0,0.0,88.0,0.0,0.0,0.0,21.0,0.0,0.0,0.0,0.0,0.0,0.0,0.0,0.0,0.0,0.0,0.0
C0__lamarckian__s29,C0__lamarckian,C0,C0,lamarckian,29,250,train,50,0.78,8,8,38.86189170767911,0.9375,0.0,313.0,0.0,0.0,0.0,94.0,0.0,0.0,0.0,84.0,0.0,0.0,0.0,31.0,0.0,0.0,0.0,0.0,0.0,0.0,0.0,0.0,0.0,0.0,0.0
C0__lamarckian__s29,C0__lamarckian,C0,C0,lamarckian,29,300,train,50,0.92,9,9,22.308524430990268,1.0,0.0,334.0,0.0,0.0,0.0,67.0,0.0,0.0,0.0,94.0,0.0,0.0,0.0,25.0,0.0,0.0,0.0,0.0,0.0,0.0,0.0,0.0,0.0,0.0,0.0
C0__lamarckian__s29,C0__lamarckian,C0,C0,lamarckian,29,350,train,50,1.12,9,9,45.52548495699092,0.8958333333333334,0.0,268.0,0.0,0.0,0.0,70.0,0.0,0.0,0.0,98.0,0.0,0.0,0.0,30.0,0.0,0.0,0.0,0.0,0.0,0.0,0.0,0.0,0.0,0.0,0.0
C0__lamarckian__s29,C0__lamarckian,C0,C0,lamarckian,29,400,train,50,1.28,7,7,42.698060017296584,0.9166666666666666,0.0,266.0,0.0,0.0,0.0,78.0,0.0,0.0,0.0,98.0,0.0,0.0,0.0,32.0,0.0,0.0,0.0,0.0,0.0,0.0,0.0,0.0,0.0,0.0,0.0
C0__lamarckian__s29,C0__lamarckian,C0,C0,lamarckian,29,450,train,49,1.3265306122448979,4,5,22.444352926953382,0.9791666666666666,0.0,253.0,0.0,0.0,0.0,100.0,0.0,0.0,0.0,108.0,0.0,0.0,0.0,36.0,0.0,0.0,0.0,0.0,0.0,0.0,0.0,0.0,0.0,0.0,0.0
C0__lamarckian__s29,C0__lamarckian,C0,C0,lamarckian,29,500,train,34,1.6470588235294117,2,17,33.6796819342123,0.9583333333333334,0.0,149.0,0.0,0.0,0.0,57.0,0.0,0.0,0.0,73.0,0.0,0.0,0.0,25.0,0.0,0.0,0.0,0.0,0.0,0.0,0.0,0.0,0.0,0.0,0.0
C0__lamarckian__s29,C0__lamarckian,C0,C0,lamarckian,29,550,train,30,2.033333333333333,9,13,57.665770495847994,0.9583333333333334,0.0,184.0,0.0,0.0,0.0,44.0,0.0,0.0,0.0,93.0,0.0,0.0,0.0,27.0,0.0,0.0,0.0,0.0,0.0,0.0,0.0,0.0,0.0,0.0,0.0
C0__lamarckian__s29,C0__lamarckian,C0,C0,lamarckian,29,600,train,33,2.272727272727273,7,4,46.57045991555423,0.9583333333333334,0.0,245.0,0.0,0.0,0.0,64.0,0.0,0.0,0.0,105.0,0.0,0.0,0.0,31.0,0.0,0.0,0.0,0.0,0.0,0.0,0.0,0.0,0.0,0.0,0.0
C0__lamarckian__s29,C0__lamarckian,C0,C0,lamarckian,29,650,train,37,2.4324324324324325,5,1,48.763113886938385,0.9166666666666666,0.0,239.0,0.0,0.0,0.0,76.0,0.0,0.0,0.0,99.0,0.0,0.0,0.0,36.0,0.0,0.0,0.0,0.0,0.0,0.0,0.0,0.0,0.0,0.0,0.0
C0__lamarckian__s29,C0__lamarckian,C0,C0,lamarckian,29,700,train,37,2.5405405405405403,3,3,36.01335034172505,0.9791666666666666,0.0,271.0,0.0,0.0,0.0,60.0,0.0,0.0,0.0,119.0,0.0,0.0,0.0,31.0,0.0,0.0,0.0,0.0,0.0,0.0,0.0,0.0,0.0,0.0,0.0
C0__lamarckian__s29,C0__lamarckian,C0,C0,lamarckian,29,750,train,37,2.7027027027027026,4,4,28.65637355691864,1.0,0.0,229.0,0.0,0.0,0.0,67.0,0.0,0.0,0.0,117.0,0.0,0.0,0.0,30.0,0.0,0.0,0.0,0.0,0.0,0.0,0.0,0.0,0.0,0.0,0.0
C0__lamarckian__s29,C0__lamarckian,C0,C0,lamarckian,29,800,train,38,2.8684210526315788,2,1,21.619190988454314,1.0,0.0,284.0,0.0,0.0,0.0,69.0,0.0,0.0,0.0,119.0,0.0,0.0,0.0,35.0,0.0,0.0,0.0,0.0,0.0,0.0,0.0,0.0,0.0,0.0,0.0
C0__lamarckian__s29,C0__lamarckian,C0,C0,lamarckian,29,850,train,33,2.9696969696969697,1,6,54.736328891087155,0.9375,0.0,247.0,0.0,0.0,0.0,65.0,0.0,0.0,0.0,105.0,0.0,0.0,0.0,30.0,0.0,0.0,0.0,0.0,0.0,0.0,0.0,0.0,0.0,0.0,0.0
C0__lamarckian__s29,C0__lamarckian,C0,C0,lamarckian,29,900,train,26,3.1153846153846154,4,11,60.93144588166634,0.9375,0.0,185.0,0.0,0.0,0.0,62.0,0.0,0.0,0.0,107.0,0.0,0.0,0.0,30.0,0.0,0.0,0.0,0.0,0.0,0.0,0.0,0.0,0.0,0.0,0.0
C0__lamarckian__s29,C0__lamarckian,C0,C0,lamarckian,29,950,train,30,3.566666666666667,7,3,50.29486232840113,0.9583333333333334,0.0,198.0,0.0,0.0,0.0,47.0,0.0,0.0,0.0,103.0,0.0,0.0,0.0,34.0,0.0,0.0,0.0,0.0,0.0,0.0,0.0,0.0,0.0,0.0,0.0
C0__lamarckian__s29,C0__lamarckian,C0,C0,lamarckian,29,1000,train,37,3.8378378378378377,9,2,42.350818916551795,0.9791666666666666,0.0,213.0,0.0,0.0,0.0,50.0,0.0,0.0,0.0,111.0,0.0,0.0,0.0,28.0,0.0,0.0,0.0,0.0,0.0,0.0,0.0,0.0,0.0,0.0,0.0
C0__lamarckian__s29,C0__lamarckian,C0,C0,lamarckian,29,1050,train,34,4.029411764705882,2,5,46.0866597019903,0.9791666666666666,0.0,193.0,0.0,0.0,0.0,52.0,0.0,0.0,0.0,115.0,0.0,0.0,0.0,25.0,0.0,0.0,0.0,0.0,0.0,0.0,0.0,0.0,0.0,0.0,0.0
C0__lamarckian__s29,C0__lamarckian,C0,C0,lamarckian,29,1100,train,33,4.212121212121212,4,5,33.707487332558784,0.9791666666666666,0.0,188.0,0.0,0.0,0.0,75.0,0.0,0.0,0.0,117.0,0.0,0.0,0.0,35.0,0.0,0.0,0.0,0.0,0.0,0.0,0.0,0.0,0.0,0.0,0.0
C0__lamarckian__s29,C0__lamarckian,C0,C0,lamarckian,29,1150,train,34,4.470588235294118,4,3,24.913564385731082,0.9791666666666666,0.0,228.0,0.0,0.0,0.0,84.0,0.0,0.0,0.0,117.0,0.0,0.0,0.0,41.0,0.0,0.0,0.0,0.0,0.0,0.0,0.0,0.0,0.0,0.0,0.0
C0__lamarckian__s29,C0__lamarckian,C0,C0,lamarckian,29,1200,train,37,4.5675675675675675,6,3,49.415932021662485,0.9375,0.0,238.0,0.0,0.0,0.0,65.0,0.0,0.0,0.0,113.0,0.0,0.0,0.0,32.0,0.0,0.0,0.0,0.0,0.0,0.0,0.0,0.0,0.0,0.0,0.0
C0__lamarckian__s29,C0__lamarckian,C0,C0,lamarckian,29,1250,train,40,4.55,4,1,38.75987616834163,0.9791666666666666,0.0,273.0,0.0,0.0,0.0,71.0,0.0,0.0,0.0,127.0,0.0,0.0,0.0,31.0,0.0,0.0,0.0,0.0,0.0,0.0,0.0,0.0,0.0,0.0,0.0
C0__lamarckian__s29,C0__lamarckian,C0,C0,lamarckian,29,1300,train,40,4.525,3,3,39.788726611080534,0.9791666666666666,0.0,237.0,0.0,0.0,0.0,62.0,0.0,0.0,0.0,119.0,0.0,0.0,0.0,26.0,0.0,0.0,0.0,0.0,0.0,0.0,0.0,0.0,0.0,0.0,0.0
C0__lamarckian__s29,C0__lamarckian,C0,C0,lamarckian,29,1350,train,40,4.575,1,1,43.209124086300086,0.9375,0.0,251.0,0.0,0.0,0.0,53.0,0.0,0.0,0.0,117.0,0.0,0.0,0.0,31.0,0.0,0.0,0.0,0.0,0.0,0.0,0.0,0.0,0.0,0.0,0.0
C0__lamarckian__s29,C0__lamarckian,C0,C0,lamarckian,29,1400,train,35,4.714285714285714,2,7,38.87475997242574,0.9791666666666666,0.0,189.0,0.0,0.0,0.0,50.0,0.0,0.0,0.0,106.0,0.0,0.0,0.0,28.0,0.0,0.0,0.0,0.0,0.0,0.0,0.0,0.0,0.0,0.0,0.0
C0__lamarckian__s29,C0__lamarckian,C0,C0,lamarckian,29,1450,train,31,4.903225806451613,4,8,49.75334304441299,0.9583333333333334,0.0,155.0,0.0,0.0,0.0,52.0,0.0,0.0,0.0,104.0,0.0,0.0,0.0,38.0,0.0,0.0,0.0,0.0,0.0,0.0,0.0,0.0,0.0,0.0,0.0
C0__lamarckian__s29,C0__lamarckian,C0,C0,lamarckian,29,1500,train,27,5.185185185185185,5,9,48.46408770656218,0.9583333333333334,0.0,213.0,0.0,0.0,0.0,62.0,0.0,0.0,0.0,125.0,0.0,0.0,0.0,27.0,0.0,0.0,0.0,0.0,0.0,0.0,0.0,0.0,0.0,0.0,0.0
C0__lamarckian__s29,C0__lamarckian,C0,C0,lamarckian,29,1550,eval,30,5.5,5,2,44.941546360182635,0.9375,0.0,222.0,0.0,0.0,0.0,77.0,0.0,0.0,0.0,122.0,0.0,0.0,0.0,33.0,0.0,0.0,0.0,0.0,0.0,0.0,0.0,0.0,0.0,0.0,0.0
C0__lamarckian__s29,C0__lamarckian,C0,C0,lamarckian,29,1600,eval,34,5.705882352941177,8,4,53.10728403827807,0.9166666666666666,0.0,198.0,0.0,0.0,0.0,66.0,0.0,0.0,0.0,98.0,0.0,0.0,0.0,36.0,0.0,0.0,0.0,0.0,0.0,0.0,0.0,0.0,0.0,0.0,0.0
C0__lamarckian__s29,C0__lamarckian,C0,C0,lamarckian,29,1650,eval,37,5.783783783783784,6,3,36.62819911366407,0.9583333333333334,0.0,246.0,0.0,0.0,0.0,45.0,0.0,0.0,0.0,112.0,0.0,0.0,0.0,29.0,0.0,0.0,0.0,0.0,0.0,0.0,0.0,0.0,0.0,0.0,0.0
C0__lamarckian__s29,C0__lamarckian,C0,C0,lamarckian,29,1700,eval,33,6.03030303030303,3,7,31.17553066301961,1.0,0.0,278.0,0.0,0.0,0.0,56.0,0.0,0.0,0.0,104.0,0.0,0.0,0.0,31.0,0.0,0.0,0.0,0.0,0.0,0.0,0.0,0.0,0.0,0.0,0.0
C0__lamarckian__s29,C0__lamarckian,C0,C0,lamarckian,29,1750,eval,35,6.142857142857143,5,3,39.086777666256864,0.9791666666666666,0.0,228.0,0.0,0.0,0.0,56.0,0.0,0.0,0.0,106.0,0.0,0.0,0.0,34.0,0.0,0.0,0.0,0.0,0.0,0.0,0.0,0.0,0.0,0.0,0.0
C0__lamarckian__s29,C0__lamarckian,C0,C0,lamarckian,29,1800,eval,35,6.171428571428572,3,3,26.063380368084896,0.9583333333333334,0.0,217.0,0.0,0.0,0.0,57.0,0.0,0.0,0.0,98.0,0.0,0.0,0.0,37.0,0.0,0.0,0.0,0.0,0.0,0.0,0.0,0.0,0.0,0.0,0.0
C0__lamarckian__s30,C0__lamarckian,C0,C0,lamarckian,30,50,train,50,0.82,30,0,96.45751301071077,0.7291666666666666,0.0,357.0,0.0,0.0,0.0,236.0,0.0,0.0,0.0,82.0,0.0,0.0,0.0,18.0,0.0,0.0,0.0,0.0,0.0,0.0,0.0,0.0,0.0,0.0,0.0
C0__lamarckian__s30,C0__lamarckian,C0,C0,lamarckian,30,100,train,50,0.82,1,1,65.43330866113357,0.875,0.0,352.0,0.0,0.0,0.0,98.0,0.0,0.0,0.0,84.0,0.0,0.0,0.0,16.0,0.0,0.0,0.0,0.0,0.0,0.0,0.0,0.0,0.0,0.0,0.0
C0__lamarckian__s30,C0__lamarckian,C0,C0,lamarckian,30,150,train,50,0.82,7,7,60.156843514029035,0.9166666666666666,0.0,321.0,0.0,0.0,0.0,71.0,0.0,0.0,0.0,86.0,0.0,0.0,0.0,23.0,0.0,0.0,0.0,0.0,0.0,0.0,0.0,0.0,0.0,0.0,0.0
C0__lamarckian__s30,C0__lamarckian,C0,C0,lamarckian,30,200,train,50,0.82,0,0,41.20954090387466,0.9583333333333334,0.0,345.0,0.0,0.0,0.0,63.0,0.0,0.0,0.0,99.0,0.0,0.0,0.0,26.0,0.0,0.0,0.0,0.0,0.0,0.0,0.0,0.0,0.0,0.0,0.0
C0__lamarckian__s30,C0__lamarckian,C0,C0,lamarckian,30,250,train,50,0.86,9,9,46.00142936104971,0.9791666666666666,0.0,311.0,0.0,0.0,0.0,62.0,0.0,0.0,0.0,83.0,0.0,0.0,0.0,24.0,0.0,0.0,0.0,0.0,0.0,0.0,0.0,0.0,0.0,0.0,0.0
C0__lamarckian__s30,C0__lamarckian,C0,C0,lamarckian,30,300,train,50,0.86,6,6,52.834871845575236,0.9375,0.0,275.0,0.0,0.0,0.0,90.0,0.0,0.0,0.0,82.0,0.0,0.0,0.0,30.0,0.0,0.0,0.0,0.0,0.0,0.0,0.0,0.0,0.0,0.0,0.0
C0__lamarckian__s30,C0__lamarckian,C0,C0,lamarckian,30,350,train,50,0.86,6,6,29.352380638503288,1.0,0.0,369.0,0.0,0.0,0.0,72.0,0.0,0.0,0.0,109.0,0.0,0.0,0.0,29.0,0.0,0.0,0.0,0.0,0.0,0.0,0.0,0.0,0.0,0.0,0.0
C0__lamarckian__s30,C0__lamarckian,C0,C0,lamarckian,30,400,train,50,0.84,4,4,61.597686411803544,0.9166666666666666,0.0,335.0,0.0,0.0,0.0,69.0,0.0,0.0,0.0,104.0,0.0,0.0,0.0,19.0,0.0,0.0,0.0,0.0,0.0,0.0,0.0,0.0,0.0,0.0,0.0
C0__lamarckian__s30,C0__lamarckian,C0,C0,lamarckian,30,450,train,50,0.84,4,4,32.42311448001368,1.0,0.0,282.0,0.0,0.0,0.0,63.0,0.0,0.0,0.0,96.0,0.0,0.0,0.0,31.0,0.0,0.0,0.0,0.0,0.0,0.0,0.0,0.0,0.0,0.0,0.0
C0__lamarckian__s30,C0__lamarckian,C0,C0,lamarckian,30,500,train,48,1.3333333333333333,14,16,30.3489219294898,1.0,0.0,266.0,0.0,0.0,0.0,61.0,0.0,0.0,0.0,98.0,0.0,0.0,0.0,30.0,0.0,0.0,0.0,0.0,0.0,0.0,0.0,0.0,0.0,0.0,0.0
C0__lamarckian__s30,C0__lamarckian,C0,C0,lamarckian,30,550,train,48,1.6041666666666667,15,15,42.51999808575324,0.9583333333333334,0.0,253.0,0.0,0.0,0.0,28.0,0.0,0.0,0.0,102.0,0.0,0.0,0.0,23.0,0.0,0.0,0.0,0.0,0.0,0.0,0.0,0.0,0.0,0.0,0.0
C0__lamarckian__s30,C0__lamarckian,C0,C0,lamarckian,30,600,train,48,1.625,2,2,26.909743015955765,1.0,0.0,233.0,0.0,0.0,0.0,61.0,0.0,0.0,0.0,108.0,0.0,0.0,0.0,27.0,0.0,0.0,0.0,0.0,0.0,0.0,0.0,0.0,0.0,0.0,0.0
C0__lamarckian__s30,C0__lamarckian,C0,C0,lamarckian,30,650,train,40,1.75,3,11,42.03690910485991,0.9583333333333334,0.0,284.0,0.0,0.0,0.0,51.0,0.0,0.0,0.0,114.0,0.0,0.0,0.0,28.0,0.0,0.0,0.0,0.0,0.0,0.0,0.0,0.0,0.0,0.0,0.0
C0__lamarckian__s30,C0__lamarckian,C0,C0,lamarckian,30,700,train,38,1.868421052631579,4,6,42.89754676440835,1.0,0.0,192.0,0.0,0.0,0.0,52.0,0.0,0.0,0.0,92.0,0.0,0.0,0.0,31.0,0.0,0.0,0.0,0.0,0.0,0.0,0.0,0.0,0.0,0.0,0.0
C0__lamarckian__s30,C0__lamarckian,C0,C0,lamarckian,30,750,train,36,2.0,3,5,43.9016871157855,0.9166666666666666,0.0,235.0,0.0,0.0,0.0,39.0,0.0,0.0,0.0,114.0,0.0,0.0,0.0,30.0,0.0,0.0,0.0,0.0,0.0,0.0,0.0,0.0,0.0,0.0,0.0
C0__lamarckian__s30,C0__lamarckian,C0,C0,lamarckian,30,800,train,37,2.189189189189189,4,3,53.63356701466063,0.9375,0.0,164.0,0.0,0.0,0.0,40.0,0.0,0.0,0.0,92.0,0.0,0.0,0.0,29.0,0.0,0.0,0.0,0.0,0.0,0.0,0.0,0.0,0.0,0.0,0.0
C0__lamarckian__s30,C0__lamarckian,C0,C0,lamarckian,30,850,train,32,2.28125,3,8,47.54860515152491,0.9375,0.0,237.0,0.0,0.0,0.0,62.0,0.0,0.0,0.0,116.0,0.0,0.0,0.0,32.0,0.0,0.0,0.0,0.0,0.0,0.0,0.0,0.0,0.0,0.0,0.0
C0__lamarckian__s30,C0__lamarckian,C0,C0,lamarckian,30,900,train,33,2.3636363636363638,2,1,54.24329371237296,0.9583333333333334,0.0,287.0,0.0,0.0,0.0,40.0,0.0,0.0,0.0,128.0,0.0,0.0,0.0,23.0,0.0,0.0,0.0,0.0,0.0,0.0,0.0,0.0,0.0,0.0,0.0
C0__lamarckian__s30,C0__lamarckian,C0,C0,lamarckian,30,950,train,31,2.5161290322580645,2,4,50.146435711963974,0.9791666666666666,0.0,235.0,0.0,0.0,0.0,68.0,0.0,0.0,0.0,121.0,0.0,0.0,0.0,33.0,0.0,0.0,0.0,0.0,0.0,0.0,0.0,0.0,0.0,0.0,0.0
C0__lamarckian__s30,C0__lamarckian,C0,C0,lamarckian,30,1000,train,33,2.8181818181818183,6,4,48.3593666340356,0.9375,0.0,253.0,0.0,0.0,0.0,58.0,0.0,0.0,0.0,130.0,0.0,0.0,0.0,29.0,0.0,0.0,0.0,0.0,0.0,0.0,0.0,0.0,0.0,0.0,0.0
C0__lamarckian__s30,C0__lamarckian,C0,C0,lamarckian,30,1050,train,30,3.1333333333333333,5,8,39.40957370628344,0.9791666666666666,0.0,196.0,0.0,0.0,0.0,47.0,0.0,0.0,0.0,105.0,0.0,0.0,0.0,24.0,0.0,0.0,0.0,0.0,0.0,0.0,0.0,0.0,0.0,0.0,0.0
C0__lamarckian__s30,C0__lamarckian,C0,C0,lamarckian,30,1100,train,35,3.2857142857142856,6,1,50.90889544017073,0.9583333333333334,0.0,246.0,0.0,0.0,0.0,57.0,0.0,0.0,0.0,115.0,0.0,0.0,0.0,37.0,0.0,0.0,0.0,0.0,0.0,0.0,0.0,0.0,0.0,0.0,0.0
C0__lamarckian__s30,C0__lamarckian,C0,C0,lamarckian,30,1150,train,36,3.361111111111111,3,2,47.669653682962945,0.9583333333333334,0.0,288.0,0.0,0.0,0.0,34.0,0.0,0.0,0.0,126.0,0.0,0.0,0.0,20.0,0.0,0.0,0.0,0.0,0.0,0.0,0.0,0.0,0.0,0.0,0.0
C0__lamarckian__s30,C0__lamarckian,C0,C0,lamarckian,30,1200,train,38,3.473684210526316,6,4,31.976119354733843,0.9791666666666666,0.0,263.0,0.0,0.0,0.0,80.0,0.0,0.0,0.0,113.0,0.0,0.0,0.0,39.0,0.0,0.0,0.0,0.0,0.0,0.0,0.0,0.0,0.0,0.0,0.0
C0__lamarckian__s30,C0__lamarckian,C0,C0,lamarckian,30,1250,train,40,3.7,5,3,36.21431953455646,0.9583333333333334,0.0,259.0,0.0,0.0,0.0,73.0,0.0,0.0,0.0,116.0,0.0,0.0,0.0,36.0,0.0,0.0,0.0,0.0,0.0,0.0,0.0,0.0,0.0,0.0,0.0
C0__lamarckian__s30,C0__lamarckian,C0,C0,lamarckian,30,1300,train,37,3.7837837837837838,1,4,39.20457898987156,0.9583333333333334,0.0,218.0,0.0,0.0,0.0,61.0,0.0,0.0,0.0,119.0,0.0,0.0,0.0,31.0,0.0,0.0,0.0,0.0,0.0,0.0,0.0,0.0,0.0,0.0,0.0
C0__lamarckian__s30,C0__lamarckian,C0,C0,lamarckian,30,1350,train,33,3.9393939393939394,2,6,51.14675973531225,0.9583333333333334,0.0,143.0,0.0,0.0,0.0,51.0,0.0,0.0,0.0,97.0,0.0,0.0,0.0,23.0,0.0,0.0,0.0,0.0,0.0,0.0,0.0,0.0,0.0,0.0,0.0
C0__lamarckian__s30,C0__lamarckian,C0,C0,lamarckian,30,1400,train,34,4.0588235294117645,5,4,43.02052369933658,0.9791666666666666,0.0,227.0,0.0,0.0,0.0,62.0,0.0,0.0,0.0,118.0,0.0,0.0,0.0,33.0,0.0,0.0,0.0,0.0,0.0,0.0,0.0,0.0,0.0,0.0,0.0
C0__lamarckian__s30,C0__lamarckian,C0,C0,lamarckian,30,1450,train,35,4.085714285714285,4,3,39.11428092779646,1.0,0.0,242.0,0.0,0.0,0.0,46.0,0.0,0.0,0.0,125.0,0.0,0.0,0.0,26.0,0.0,0.0,0.0,0.0,0.0,0.0,0.0,0.0,0.0,0.0,0.0
C0__lamarckian__s30,C0__lamarckian,C0,C0,lamarckian,30,1500,train,34,4.205882352941177,3,4,43.26836429349302,0.9583333333333334,0.0,208.0,0.0,0.0,0.0,73.0,0.0,0.0,0.0,108.0,0.0,0.0,0.0,30.0,0.0,0.0,0.0,0.0,0.0,0.0,0.0,0.0,0.0,0.0,0.0
C0__lamarckian__s30,C0__lamarckian,C0,C0,lamarckian,30,1550,eval,32,4.375,4,6,36.358366934453244,1.0,0.0,195.0,0.0,0.0,0.0,30.0,0.0,0.0,0.0,106.0,0.0,0.0,0.0,19.0,0.0,0.0,0.0,0.0,0.0,0.0,0.0,0.0,0.0,0.0,0.0
C0__lamarckian__s30,C0__lamarckian,C0,C0,lamarckian,30,1600,eval,33,4.575757575757576,5,4,37.87455236336813,0.9791666666666666,0.0,198.0,0.0,0.0,0.0,59.0,0.0,0.0,0.0,108.0,0.0,0.0,0.0,30.0,0.0,0.0,0.0,0.0,0.0,0.0,0.0,0.0,0.0,0.0,0.0
C0__lamarckian__s30,C0__lamarckian,C0,C0,lamarckian,30,1650,eval,33,4.757575757575758,4,4,35.315762153794054,0.9583333333333334,0.0,203.0,0.0,0.0,0.0,48.0,0.0,0.0,0.0,109.0,0.0,0.0,0.0,26.0,0.0,0.0,0.0,0.0,0.0,0.0,0.0,0.0,0.0,0.0,0.0
C0__lamarckian__s30,C0__lamarckian,C0,C0,lamarckian,30,1700,eval,31,4.935483870967742,4,6,42.2854567186887,0.9791666666666666,0.0,212.0,0.0,0.0,0.0,57.0,0.0,0.0,0.0,104.0,0.0,0.0,0.0,27.0,0.0,0.0,0.0,0.0,0.0,0.0,0.0,0.0,0.0,0.0,0.0
C0__lamarckian__s30,C0__lamarckian,C0,C0,lamarckian,30,1750,eval,36,5.166666666666667,8,3,41.403338693148626,0.9583333333333334,0.0,230.0,0.0,0.0,0.0,62.0,0.0,0.0,0.0,105.0,0.0,0.0,0.0,28.0,0.0,0.0,0.0,0.0,0.0,0.0,0.0,0.0,0.0,0.0,0.0
C0__lamarckian__s30,C0__lamarckian,C0,C0,lamarckian,30,1800,eval,38,5.2631578947368425,4,2,41.16076706897806,0.9791666666666666,0.0,213.0,0.0,0.0,0.0,73.0,0.0,0.0,0.0,103.0,0.0,0.0,0.0,29.0,0.0,0.0,0.0,0.0,0.0,0.0,0.0,0.0,0.0,0.0,0.0
